ISO-10303-21;
HEADER;
FILE_DESCRIPTION (( 'STEP AP214' ),
    '1' );
FILE_NAME ('256-406.STEP',
    '2025-02-12T11:29:31',
    ( 'LENOVO' ),
    ( '' ),
    'SwSTEP 2.0',
    'SolidWorks 2021',
    '' );
FILE_SCHEMA (( 'AUTOMOTIVE_DESIGN' ));
ENDSEC;

DATA;
#1 = CARTESIAN_POINT ( 'NONE',  ( -2.149999999999999911, 0.000000000000000000, -12.55000000000000071 ) ) ;
#2 = ORIENTED_EDGE ( 'NONE', *, *, #3317, .T. ) ;
#3 = FACE_OUTER_BOUND ( 'NONE', #7918, .T. ) ;
#4 = DIRECTION ( 'NONE',  ( 0.7071067811865415775, 0.7071067811865535679, 0.000000000000000000 ) ) ;
#5 = VECTOR ( 'NONE', #6407, 1000.000000000000000 ) ;
#6 = CARTESIAN_POINT ( 'NONE',  ( -1.530854753362479892, 11.74577986658169948, 8.550000000000000711 ) ) ;
#7 = VECTOR ( 'NONE', #9295, 1000.000000000000000 ) ;
#8 = COLOUR_RGB ( '',0.7921568627450980005, 0.8196078431372548767, 0.9333333333333333481 ) ;
#9 = AXIS2_PLACEMENT_3D ( 'NONE', #9165, #4888, #10218 ) ;
#10 = DIRECTION ( 'NONE',  ( -1.000000000000000000, 0.000000000000000000, -2.478176394252580155E-15 ) ) ;
#11 = EDGE_LOOP ( 'NONE', ( #733, #11627, #8543, #8480, #1821 ) ) ;
#12 = ADVANCED_FACE ( 'NONE', ( #6947 ), #757, .F. ) ;
#13 = VERTEX_POINT ( 'NONE', #8817 ) ;
#14 = ORIENTED_EDGE ( 'NONE', *, *, #5626, .T. ) ;
#15 = DIRECTION ( 'NONE',  ( 0.2588190451025219607, 0.9659258262890678681, 0.000000000000000000 ) ) ;
#16 = DIRECTION ( 'NONE',  ( -0.6389710663783129130, 0.7692307692307697176, 0.000000000000000000 ) ) ;
#17 = ORIENTED_EDGE ( 'NONE', *, *, #5326, .T. ) ;
#18 = ADVANCED_FACE ( 'NONE', ( #2407 ), #1843, .F. ) ;
#19 = CARTESIAN_POINT ( 'NONE',  ( -4.478428631448714725, 16.48862918074649997, 5.899999999999999467 ) ) ;
#20 = EDGE_LOOP ( 'NONE', ( #12070, #6208, #7753, #264, #4997, #915, #12028, #4897, #7235, #3439, #5108, #11991, #3371, #12227 ) ) ;
#21 = LINE ( 'NONE', #3617, #656 ) ;
#22 = DIRECTION ( 'NONE',  ( 0.000000000000000000, 1.000000000000000000, 0.000000000000000000 ) ) ;
#23 = CARTESIAN_POINT ( 'NONE',  ( 2.850000000000000089, -4.000000000000000000, -1.850000000000000089 ) ) ;
#24 = ORIENTED_EDGE ( 'NONE', *, *, #10353, .T. ) ;
#25 = DIRECTION ( 'NONE',  ( 0.000000000000000000, -0.9888927622975230980, -0.1486307662483602188 ) ) ;
#26 = FACE_OUTER_BOUND ( 'NONE', #2095, .T. ) ;
#27 = LINE ( 'NONE', #5016, #9303 ) ;
#28 = CARTESIAN_POINT ( 'NONE',  ( -2.850000000000000089, -3.500000000000000000, 2.449999999999999734 ) ) ;
#29 = VECTOR ( 'NONE', #10061, 1000.000000000000114 ) ;
#30 = EDGE_CURVE ( 'NONE', #9689, #3313, #6985, .T. ) ;
#31 = CARTESIAN_POINT ( 'NONE',  ( -4.478428631448714725, 16.48862918074649997, 10.90000000000000036 ) ) ;
#32 = LINE ( 'NONE', #4940, #9309 ) ;
#33 = ORIENTED_EDGE ( 'NONE', *, *, #3827, .T. ) ;
#34 = CARTESIAN_POINT ( 'NONE',  ( 6.782295549467770357, 4.930639144171879984, -15.15000000000000036 ) ) ;
#35 = AXIS2_PLACEMENT_3D ( 'NONE', #8700, #4687, #458 ) ;
#36 = ORIENTED_EDGE ( 'NONE', *, *, #1989, .F. ) ;
#37 = EDGE_CURVE ( 'NONE', #4852, #12747, #2443, .T. ) ;
#38 = ORIENTED_EDGE ( 'NONE', *, *, #5895, .F. ) ;
#39 = EDGE_LOOP ( 'NONE', ( #12150, #12170, #11291, #7774 ) ) ;
#40 = ORIENTED_EDGE ( 'NONE', *, *, #1663, .F. ) ;
#41 = VECTOR ( 'NONE', #5754, 1000.000000000000000 ) ;
#42 = EDGE_CURVE ( 'NONE', #6749, #8111, #12062, .T. ) ;
#43 = PLANE ( 'NONE',  #7660 ) ;
#44 = EDGE_CURVE ( 'NONE', #4051, #9313, #3013, .T. ) ;
#45 = VERTEX_POINT ( 'NONE', #240 ) ;
#46 = LINE ( 'NONE', #3979, #131 ) ;
#47 = ADVANCED_FACE ( 'NONE', ( #11815 ), #2796, .T. ) ;
#48 = DIRECTION ( 'NONE',  ( 0.7071067811865475727, -0.7071067811865475727, 0.000000000000000000 ) ) ;
#49 = PLANE ( 'NONE',  #10536 ) ;
#50 = DIRECTION ( 'NONE',  ( 0.7071067811865477948, -0.7071067811865471286, 0.000000000000000000 ) ) ;
#51 = PLANE ( 'NONE',  #10321 ) ;
#52 = VECTOR ( 'NONE', #1262, 1000.000000000000000 ) ;
#53 = CIRCLE ( 'NONE', #7266, 0.8748868766599399160 ) ;
#54 = EDGE_CURVE ( 'NONE', #9984, #11545, #7631, .T. ) ;
#55 = ORIENTED_EDGE ( 'NONE', *, *, #5961, .F. ) ;
#56 = CARTESIAN_POINT ( 'NONE',  ( 2.648455771502491451, 10.07946628985536819, -3.121598494746166796 ) ) ;
#57 = VERTEX_POINT ( 'NONE', #58 ) ;
#58 = CARTESIAN_POINT ( 'NONE',  ( -4.478428631448714725, 16.48862918074649997, -9.099999999999999645 ) ) ;
#59 = DIRECTION ( 'NONE',  ( 0.000000000000000000, 0.000000000000000000, 1.000000000000000000 ) ) ;
#60 = ORIENTED_EDGE ( 'NONE', *, *, #10704, .T. ) ;
#61 = DIRECTION ( 'NONE',  ( -1.000000000000000000, 0.000000000000000000, 0.000000000000000000 ) ) ;
#62 = AXIS2_PLACEMENT_3D ( 'NONE', #12852, #8763, #2728 ) ;
#63 = CARTESIAN_POINT ( 'NONE',  ( -4.478428631448714725, 16.48862918074649997, 9.599999999999999645 ) ) ;
#64 = EDGE_CURVE ( 'NONE', #5110, #7353, #7545, .T. ) ;
#65 = EDGE_LOOP ( 'NONE', ( #2563, #2933, #9594, #1811 ) ) ;
#66 = CARTESIAN_POINT ( 'NONE',  ( 1.926942286883454925, 7.972552649728219976, -8.124886876659950019 ) ) ;
#67 = ORIENTED_EDGE ( 'NONE', *, *, #11456, .F. ) ;
#68 = LINE ( 'NONE', #9949, #13491 ) ;
#69 = DIRECTION ( 'NONE',  ( 0.7071067811865477948, -0.7071067811865471286, 0.000000000000000000 ) ) ;
#70 = PLANE ( 'NONE',  #5051 ) ;
#71 = ORIENTED_EDGE ( 'NONE', *, *, #8031, .F. ) ;
#72 = LINE ( 'NONE', #8636, #9086 ) ;
#73 = VECTOR ( 'NONE', #7180, 1000.000000000000114 ) ;
#74 = EDGE_CURVE ( 'NONE', #2479, #1225, #3035, .T. ) ;
#75 = LINE ( 'NONE', #6140, #4374 ) ;
#76 = CONICAL_SURFACE ( 'NONE', #6809, 0.8748868766599399160, 0.2094395102393268593 ) ;
#77 = MECHANICAL_DESIGN_GEOMETRIC_PRESENTATION_REPRESENTATION (  '', ( #8768 ), #8092 ) ;
#78 = ORIENTED_EDGE ( 'NONE', *, *, #11996, .T. ) ;
#79 = CARTESIAN_POINT ( 'NONE',  ( -5.246999171586890220, 7.618176573118209838, 6.949999999999999289 ) ) ;
#80 = ORIENTED_EDGE ( 'NONE', *, *, #10117, .T. ) ;
#81 = CARTESIAN_POINT ( 'NONE',  ( -2.399604646138564945, 13.25676273017529994, -1.449999999999999956 ) ) ;
#82 = CARTESIAN_POINT ( 'NONE',  ( 1.856231608764794982, 9.811030280813241689, 16.44999999999999929 ) ) ;
#83 = ORIENTED_EDGE ( 'NONE', *, *, #2323, .F. ) ;
#84 = ORIENTED_EDGE ( 'NONE', *, *, #7511, .F. ) ;
#85 = EDGE_LOOP ( 'NONE', ( #2247, #2044, #6178, #13375 ) ) ;
#86 = CIRCLE ( 'NONE', #11813, 1.500000000000000000 ) ;
#87 = CARTESIAN_POINT ( 'NONE',  ( -1.500787922441104927, 11.75383624964603868, 15.84999999999999964 ) ) ;
#88 = ORIENTED_EDGE ( 'NONE', *, *, #11946, .T. ) ;
#89 = CARTESIAN_POINT ( 'NONE',  ( 1.856231608764799867, 9.811030280813241689, -15.15000000000000036 ) ) ;
#90 = DIRECTION ( 'NONE',  ( 0.000000000000000000, 0.000000000000000000, -1.000000000000000000 ) ) ;
#91 = LINE ( 'NONE', #229, #13456 ) ;
#92 = CARTESIAN_POINT ( 'NONE',  ( -5.575000000000000178, 9.830057098047229047, 6.949999999999999289 ) ) ;
#93 = FACE_OUTER_BOUND ( 'NONE', #585, .T. ) ;
#94 = LINE ( 'NONE', #11927, #8944 ) ;
#95 = CARTESIAN_POINT ( 'NONE',  ( -7.500000000000000000, -3.500000000000000000, -1.850000000000000089 ) ) ;
#96 = ORIENTED_EDGE ( 'NONE', *, *, #4913, .F. ) ;
#97 = ADVANCED_FACE ( 'NONE', ( #11997 ), #11836, .F. ) ;
#98 = AXIS2_PLACEMENT_3D ( 'NONE', #5131, #13481, #2066 ) ;
#99 = ORIENTED_EDGE ( 'NONE', *, *, #10376, .F. ) ;
#100 = ORIENTED_EDGE ( 'NONE', *, *, #9907, .F. ) ;
#101 = DIRECTION ( 'NONE',  ( 0.000000000000000000, 0.000000000000000000, 1.000000000000000000 ) ) ;
#102 = DIRECTION ( 'NONE',  ( 1.000000000000000000, 0.000000000000000000, 0.000000000000000000 ) ) ;
#103 = VERTEX_POINT ( 'NONE', #8489 ) ;
#104 = PLANE ( 'NONE',  #1030 ) ;
#105 = VERTEX_POINT ( 'NONE', #9544 ) ;
#106 = FACE_OUTER_BOUND ( 'NONE', #5426, .T. ) ;
#107 = DIRECTION ( 'NONE',  ( 0.2908824500647800293, -0.9567587994078291525, 0.000000000000000000 ) ) ;
#108 = CARTESIAN_POINT ( 'NONE',  ( 1.308303843626089868, 8.591191092985580369, -7.250000000000000000 ) ) ;
#109 = ORIENTED_EDGE ( 'NONE', *, *, #7814, .F. ) ;
#110 = DIRECTION ( 'NONE',  ( 0.000000000000000000, 0.000000000000000000, 1.000000000000000000 ) ) ;
#111 = ADVANCED_FACE ( 'NONE', ( #7443 ), #2025, .T. ) ;
#112 = EDGE_CURVE ( 'NONE', #3700, #4188, #7303, .T. ) ;
#113 = LINE ( 'NONE', #7121, #4328 ) ;
#114 = VECTOR ( 'NONE', #1954, 1000.000000000000000 ) ;
#115 = DIRECTION ( 'NONE',  ( -0.5332357997187978649, -0.8211111254386358471, -0.2035585949527829175 ) ) ;
#116 = DIRECTION ( 'NONE',  ( -0.7071067811865420216, 0.7071067811865531239, 0.000000000000000000 ) ) ;
#117 = VECTOR ( 'NONE', #9030, 1000.000000000000000 ) ;
#118 = DIRECTION ( 'NONE',  ( 0.000000000000000000, 0.000000000000000000, 1.000000000000000000 ) ) ;
#119 =( NAMED_UNIT ( * ) PLANE_ANGLE_UNIT ( ) SI_UNIT ( $, .RADIAN. ) );
#120 = EDGE_LOOP ( 'NONE', ( #12719, #8134, #9850, #8602 ) ) ;
#121 = CARTESIAN_POINT ( 'NONE',  ( -5.250000000000000000, 16.69999999999999929, 10.90000000000000036 ) ) ;
#122 = PLANE ( 'NONE',  #2218 ) ;
#123 = ORIENTED_EDGE ( 'NONE', *, *, #10280, .F. ) ;
#124 = ORIENTED_EDGE ( 'NONE', *, *, #12323, .F. ) ;
#125 = AXIS2_PLACEMENT_3D ( 'NONE', #5833, #10926, #5479 ) ;
#126 = VERTEX_POINT ( 'NONE', #3390 ) ;
#127 = ORIENTED_EDGE ( 'NONE', *, *, #11527, .T. ) ;
#128 = LINE ( 'NONE', #11129, #41 ) ;
#129 = DIRECTION ( 'NONE',  ( 0.000000000000000000, -1.000000000000000000, 0.000000000000000000 ) ) ;
#130 = ORIENTED_EDGE ( 'NONE', *, *, #4406, .F. ) ;
#131 = VECTOR ( 'NONE', #6097, 1000.000000000000000 ) ;
#132 = DIRECTION ( 'NONE',  ( 0.000000000000000000, 0.000000000000000000, 1.000000000000000000 ) ) ;
#133 = EDGE_CURVE ( 'NONE', #2281, #13294, #12106, .T. ) ;
#134 = LINE ( 'NONE', #12641, #5 ) ;
#135 = PLANE ( 'NONE',  #5742 ) ;
#136 = CARTESIAN_POINT ( 'NONE',  ( -2.047200543544549944, 12.30024887074950080, 13.54999999999999893 ) ) ;
#137 = AXIS2_PLACEMENT_3D ( 'NONE', #11592, #3230, #12497 ) ;
#138 = CARTESIAN_POINT ( 'NONE',  ( -5.809933491950640239, 18.09157266594019831, 10.90000000000000036 ) ) ;
#139 = DIRECTION ( 'NONE',  ( -1.000000000000000000, 0.000000000000000000, 0.000000000000000000 ) ) ;
#140 = EDGE_CURVE ( 'NONE', #12918, #1284, #11833, .T. ) ;
#141 = VECTOR ( 'NONE', #1136, 1000.000000000000000 ) ;
#142 = ORIENTED_EDGE ( 'NONE', *, *, #1357, .T. ) ;
#143 = CARTESIAN_POINT ( 'NONE',  ( -3.775451385280815142, 16.42485207100589761, 10.90000000000000036 ) ) ;
#144 = ORIENTED_EDGE ( 'NONE', *, *, #13142, .F. ) ;
#145 = CARTESIAN_POINT ( 'NONE',  ( -5.250000000000000000, 18.19999999999999929, 9.599999999999999645 ) ) ;
#146 = VERTEX_POINT ( 'NONE', #1476 ) ;
#147 = CARTESIAN_POINT ( 'NONE',  ( -6.208456599567469425, 17.85384615384614904, 3.550000000000000266 ) ) ;
#148 = EDGE_CURVE ( 'NONE', #3575, #7717, #12084, .T. ) ;
#149 = PLANE ( 'NONE',  #10751 ) ;
#150 = VERTEX_POINT ( 'NONE', #9726 ) ;
#151 = DIRECTION ( 'NONE',  ( 0.000000000000000000, 0.9438583563660177811, -0.3303504247281049411 ) ) ;
#152 = AXIS2_PLACEMENT_3D ( 'NONE', #10674, #10575, #48 ) ;
#153 = ORIENTED_EDGE ( 'NONE', *, *, #553, .T. ) ;
#154 = VECTOR ( 'NONE', #9500, 1000.000000000000000 ) ;
#155 = ADVANCED_FACE ( 'NONE', ( #11744 ), #10686, .F. ) ;
#156 = ORIENTED_EDGE ( 'NONE', *, *, #11854, .F. ) ;
#157 = LINE ( 'NONE', #6678, #4719 ) ;
#158 = VECTOR ( 'NONE', #12236, 1000.000000000000000 ) ;
#159 = EDGE_CURVE ( 'NONE', #10562, #8517, #7499, .T. ) ;
#160 = FACE_OUTER_BOUND ( 'NONE', #1763, .T. ) ;
#161 = AXIS2_PLACEMENT_3D ( 'NONE', #1794, #2739, #13223 ) ;
#162 = CYLINDRICAL_SURFACE ( 'NONE', #1170, 1.000000000000028200 ) ;
#163 = PLANE ( 'NONE',  #329 ) ;
#164 = ORIENTED_EDGE ( 'NONE', *, *, #12902, .F. ) ;
#165 = DIRECTION ( 'NONE',  ( 0.000000000000000000, 1.000000000000000000, 0.000000000000000000 ) ) ;
#166 = DIRECTION ( 'NONE',  ( -5.421010862427489630E-16, -1.000000000000000000, 0.000000000000000000 ) ) ;
#167 = ORIENTED_EDGE ( 'NONE', *, *, #5255, .F. ) ;
#168 = ORIENTED_EDGE ( 'NONE', *, *, #1426, .F. ) ;
#169 = FILL_AREA_STYLE ('',( #13552 ) ) ;
#170 = CARTESIAN_POINT ( 'NONE',  ( 2.317708822196411500, 10.13004184202785041, -2.422123382514122625 ) ) ;
#171 = VERTEX_POINT ( 'NONE', #145 ) ;
#172 = ORIENTED_EDGE ( 'NONE', *, *, #1344, .F. ) ;
#173 = LINE ( 'NONE', #5405, #197 ) ;
#174 = CARTESIAN_POINT ( 'NONE',  ( -2.850000000000000089, -3.500000000000000000, 7.450000000000000178 ) ) ;
#175 = EDGE_CURVE ( 'NONE', #8689, #10562, #11979, .T. ) ;
#176 = DIRECTION ( 'NONE',  ( -1.000000000000000000, 0.000000000000000000, 0.000000000000000000 ) ) ;
#177 =( GEOMETRIC_REPRESENTATION_CONTEXT ( 3 ) GLOBAL_UNCERTAINTY_ASSIGNED_CONTEXT ( ( #10975 ) ) GLOBAL_UNIT_ASSIGNED_CONTEXT ( ( #6993, #1803, #8176 ) ) REPRESENTATION_CONTEXT ( 'NONE', 'WORKASPACE' ) );
#178 = EDGE_LOOP ( 'NONE', ( #997, #218, #7102, #4525 ) ) ;
#179 = CARTESIAN_POINT ( 'NONE',  ( -5.316253523062870023, 17.49725182388110056, -4.100000000000000533 ) ) ;
#180 = CARTESIAN_POINT ( 'NONE',  ( 2.149999999999999911, 0.000000000000000000, 8.149999999999998579 ) ) ;
#181 = LINE ( 'NONE', #9973, #9284 ) ;
#182 =( LENGTH_UNIT ( ) NAMED_UNIT ( * ) SI_UNIT ( .MILLI., .METRE. ) );
#183 = LINE ( 'NONE', #12728, #9091 ) ;
#184 = ADVANCED_FACE ( 'NONE', ( #2686 ), #3096, .T. ) ;
#185 = LINE ( 'NONE', #12422, #13521 ) ;
#186 = DIRECTION ( 'NONE',  ( 0.7071067811865470176, -0.7071067811865480168, 0.000000000000000000 ) ) ;
#187 = VERTEX_POINT ( 'NONE', #9813 ) ;
#188 = ORIENTED_EDGE ( 'NONE', *, *, #8859, .F. ) ;
#189 = ORIENTED_EDGE ( 'NONE', *, *, #8411, .T. ) ;
#190 = CARTESIAN_POINT ( 'NONE',  ( 2.850000000000000089, 0.6999999999999999556, 15.75000000000000000 ) ) ;
#191 = DIRECTION ( 'NONE',  ( -0.1736481776669269450, 0.9848077530122086864, 0.000000000000000000 ) ) ;
#192 = ORIENTED_EDGE ( 'NONE', *, *, #10276, .F. ) ;
#193 = EDGE_CURVE ( 'NONE', #8710, #4737, #7615, .T. ) ;
#194 = CARTESIAN_POINT ( 'NONE',  ( 5.957374631496649364, 5.957374631496669792, -15.15000000000000036 ) ) ;
#195 = DIRECTION ( 'NONE',  ( -0.7071067811865474617, 0.7071067811865474617, 0.000000000000000000 ) ) ;
#196 = EDGE_LOOP ( 'NONE', ( #2486, #7115, #4351, #11250, #1960, #576 ) ) ;
#197 = VECTOR ( 'NONE', #6475, 1000.000000000000000 ) ;
#198 = DIRECTION ( 'NONE',  ( 1.000000000000000000, 0.000000000000000000, 0.000000000000000000 ) ) ;
#199 = CARTESIAN_POINT ( 'NONE',  ( -0.9718728952031370216, 13.13773506781796030, 6.949999999999999289 ) ) ;
#200 = ORIENTED_EDGE ( 'NONE', *, *, #904, .T. ) ;
#201 = CARTESIAN_POINT ( 'NONE',  ( -5.250000000000000000, 16.69999999999999929, 14.59999999999999964 ) ) ;
#202 = LINE ( 'NONE', #5589, #4099 ) ;
#203 = AXIS2_PLACEMENT_3D ( 'NONE', #11694, #1228, #5473 ) ;
#204 = EDGE_CURVE ( 'NONE', #1554, #9205, #12039, .T. ) ;
#205 = DIRECTION ( 'NONE',  ( -1.000000000000000000, 0.000000000000000000, 0.000000000000000000 ) ) ;
#206 = CARTESIAN_POINT ( 'NONE',  ( -1.638719566157164964, 11.71687757710162003, 13.54999999999999893 ) ) ;
#207 = LINE ( 'NONE', #12003, #117 ) ;
#208 = DIRECTION ( 'NONE',  ( 0.000000000000000000, 0.000000000000000000, -1.000000000000000000 ) ) ;
#209 = DIRECTION ( 'NONE',  ( 1.000000000000000000, 0.000000000000000000, 0.000000000000000000 ) ) ;
#210 = EDGE_CURVE ( 'NONE', #7469, #11971, #3050, .T. ) ;
#211 = ORIENTED_EDGE ( 'NONE', *, *, #1188, .F. ) ;
#212 = DIRECTION ( 'NONE',  ( 0.000000000000000000, 0.000000000000000000, -1.000000000000000000 ) ) ;
#213 = CARTESIAN_POINT ( 'NONE',  ( 3.341155849256549626, 9.386766212101310458, 6.450000000000000178 ) ) ;
#214 = ADVANCED_FACE ( 'NONE', ( #2923 ), #3209, .F. ) ;
#215 = EDGE_CURVE ( 'NONE', #5205, #11171, #7480, .T. ) ;
#216 = VERTEX_POINT ( 'NONE', #7052 ) ;
#217 = CARTESIAN_POINT ( 'NONE',  ( -5.575000000000000178, 9.830057098047229047, -16.44999999999999929 ) ) ;
#218 = ORIENTED_EDGE ( 'NONE', *, *, #42, .F. ) ;
#219 = ORIENTED_EDGE ( 'NONE', *, *, #12444, .F. ) ;
#220 = ORIENTED_EDGE ( 'NONE', *, *, #9628, .T. ) ;
#221 = AXIS2_PLACEMENT_3D ( 'NONE', #10398, #1022, #8492 ) ;
#222 = LINE ( 'NONE', #9312, #13509 ) ;
#223 = PLANE ( 'NONE',  #2468 ) ;
#224 = ORIENTED_EDGE ( 'NONE', *, *, #10759, .F. ) ;
#225 = ADVANCED_FACE ( 'NONE', ( #2775 ), #4941, .F. ) ;
#226 = LINE ( 'NONE', #5884, #4789 ) ;
#227 = DIRECTION ( 'NONE',  ( 0.1470157664652034235, 0.1470157664652034235, 0.9781476007338042455 ) ) ;
#228 = LINE ( 'NONE', #10328, #158 ) ;
#229 = CARTESIAN_POINT ( 'NONE',  ( -5.246999171586890220, 7.618176573118209838, 1.949999999999999956 ) ) ;
#230 = DIRECTION ( 'NONE',  ( -0.9659258262890700886, -0.2588190451025140226, 0.000000000000000000 ) ) ;
#231 = DIRECTION ( 'NONE',  ( 0.000000000000000000, 0.000000000000000000, -1.000000000000000000 ) ) ;
#232 = DIRECTION ( 'NONE',  ( 0.000000000000000000, 0.000000000000000000, -1.000000000000000000 ) ) ;
#233 = VECTOR ( 'NONE', #9794, 1000.000000000000000 ) ;
#234 = LINE ( 'NONE', #10981, #9093 ) ;
#235 = DIRECTION ( 'NONE',  ( 0.000000000000000000, 0.000000000000000000, -1.000000000000000000 ) ) ;
#236 = EDGE_CURVE ( 'NONE', #8019, #12425, #11897, .T. ) ;
#237 = ORIENTED_EDGE ( 'NONE', *, *, #11715, .F. ) ;
#238 = ADVANCED_FACE ( 'NONE', ( #3120 ), #5355, .F. ) ;
#239 = VERTEX_POINT ( 'NONE', #7360 ) ;
#240 = CARTESIAN_POINT ( 'NONE',  ( -2.442193645700425186, 12.96803417904112088, -11.44999999999999929 ) ) ;
#241 = CARTESIAN_POINT ( 'NONE',  ( -2.399604646138564945, 13.25676273017529994, 13.54999999999999893 ) ) ;
#242 = ORIENTED_EDGE ( 'NONE', *, *, #4029, .T. ) ;
#243 = DIRECTION ( 'NONE',  ( 0.000000000000000000, 0.000000000000000000, -1.000000000000000000 ) ) ;
#244 = EDGE_CURVE ( 'NONE', #9546, #7663, #7652, .T. ) ;
#245 = DIRECTION ( 'NONE',  ( 0.000000000000000000, 0.000000000000000000, -1.000000000000000000 ) ) ;
#246 = EDGE_LOOP ( 'NONE', ( #1723, #2215, #3787, #12666 ) ) ;
#247 = DIRECTION ( 'NONE',  ( 1.000000000000000000, 0.000000000000000000, 0.000000000000000000 ) ) ;
#248 = ADVANCED_FACE ( 'NONE', ( #12016 ), #12563, .F. ) ;
#249 = VERTEX_POINT ( 'NONE', #7437 ) ;
#250 = FACE_OUTER_BOUND ( 'NONE', #12470, .T. ) ;
#251 = AXIS2_PLACEMENT_3D ( 'NONE', #10506, #11587, #165 ) ;
#252 = VERTEX_POINT ( 'NONE', #1195 ) ;
#253 = FACE_OUTER_BOUND ( 'NONE', #4250, .T. ) ;
#254 = CIRCLE ( 'NONE', #2797, 1.500000000000000000 ) ;
#255 = FACE_OUTER_BOUND ( 'NONE', #6118, .T. ) ;
#256 = LINE ( 'NONE', #5982, #4425 ) ;
#257 = PLANE ( 'NONE',  #8669 ) ;
#258 = ORIENTED_EDGE ( 'NONE', *, *, #737, .F. ) ;
#259 = PLANE ( 'NONE',  #8978 ) ;
#260 = EDGE_CURVE ( 'NONE', #12286, #13535, #7244, .T. ) ;
#261 = VERTEX_POINT ( 'NONE', #878 ) ;
#262 = CARTESIAN_POINT ( 'NONE',  ( 2.475030032583884765, 7.424464904027790801, -12.25000000000000000 ) ) ;
#263 = SURFACE_SIDE_STYLE ('',( #2500 ) ) ;
#264 = ORIENTED_EDGE ( 'NONE', *, *, #11389, .F. ) ;
#265 = CARTESIAN_POINT ( 'NONE',  ( -1.983183258569795271, 2.033183258569795093, -15.15000000000000036 ) ) ;
#266 = DIRECTION ( 'NONE',  ( 0.000000000000000000, 0.000000000000000000, 1.000000000000000000 ) ) ;
#267 = ORIENTED_EDGE ( 'NONE', *, *, #2074, .F. ) ;
#268 = ORIENTED_EDGE ( 'NONE', *, *, #7505, .F. ) ;
#269 = VECTOR ( 'NONE', #107, 1000.000000000000114 ) ;
#270 = CARTESIAN_POINT ( 'NONE',  ( -2.850000000000000089, -3.945434298440979592, -7.005902004454338972 ) ) ;
#271 = DIRECTION ( 'NONE',  ( -0.5332357997187978649, -0.8211111254386349589, -0.2035585949527854988 ) ) ;
#272 = DIRECTION ( 'NONE',  ( 0.000000000000000000, -0.9438583563660177811, -0.3303504247281049411 ) ) ;
#273 = EDGE_LOOP ( 'NONE', ( #9324, #348, #2721 ) ) ;
#274 = LINE ( 'NONE', #2627, #367 ) ;
#275 = DIRECTION ( 'NONE',  ( 0.000000000000000000, 0.000000000000000000, 1.000000000000000000 ) ) ;
#276 = LINE ( 'NONE', #13130, #4963 ) ;
#277 = CARTESIAN_POINT ( 'NONE',  ( -5.001253558300190249, 7.790249504023520011, 3.550000000000000266 ) ) ;
#278 = AXIS2_PLACEMENT_3D ( 'NONE', #2061, #1053, #3370 ) ;
#279 = VECTOR ( 'NONE', #11166, 1000.000000000000000 ) ;
#280 = VECTOR ( 'NONE', #7081, 1000.000000000000000 ) ;
#281 = DIRECTION ( 'NONE',  ( 0.5735764363510440500, -0.8191520442889932418, 0.000000000000000000 ) ) ;
#282 = ORIENTED_EDGE ( 'NONE', *, *, #4707, .F. ) ;
#283 = EDGE_CURVE ( 'NONE', #2669, #7523, #7385, .T. ) ;
#284 = ORIENTED_EDGE ( 'NONE', *, *, #4446, .T. ) ;
#285 = EDGE_CURVE ( 'NONE', #6995, #12767, #2968, .T. ) ;
#286 = ORIENTED_EDGE ( 'NONE', *, *, #6484, .T. ) ;
#287 = DIRECTION ( 'NONE',  ( 0.000000000000000000, 0.000000000000000000, -1.000000000000000000 ) ) ;
#288 = DIRECTION ( 'NONE',  ( -0.8191520442889891340, -0.5735764363510499342, 0.000000000000000000 ) ) ;
#289 = ORIENTED_EDGE ( 'NONE', *, *, #11981, .F. ) ;
#290 = DIRECTION ( 'NONE',  ( 0.7071067811865480168, 0.7071067811865470176, 0.000000000000000000 ) ) ;
#291 = ORIENTED_EDGE ( 'NONE', *, *, #6569, .F. ) ;
#292 = FACE_OUTER_BOUND ( 'NONE', #4874, .T. ) ;
#293 = CARTESIAN_POINT ( 'NONE',  ( -5.575000000000000178, 16.69999999999999929, 11.95000000000000107 ) ) ;
#294 = DIRECTION ( 'NONE',  ( 0.7071067811865480168, 0.7071067811865470176, 0.000000000000000000 ) ) ;
#295 = PLANE ( 'NONE',  #6231 ) ;
#296 = ORIENTED_EDGE ( 'NONE', *, *, #1290, .T. ) ;
#297 = VECTOR ( 'NONE', #10727, 1000.000000000000000 ) ;
#298 = LINE ( 'NONE', #2038, #640 ) ;
#299 = VECTOR ( 'NONE', #4040, 1000.000000000000000 ) ;
#300 = SURFACE_SIDE_STYLE ('',( #7440 ) ) ;
#301 = CARTESIAN_POINT ( 'NONE',  ( -6.208456599567469425, 17.85384615384614904, -3.050000000000000266 ) ) ;
#302 = AXIS2_PLACEMENT_3D ( 'NONE', #11092, #2735, #3769 ) ;
#303 = FACE_OUTER_BOUND ( 'NONE', #4966, .T. ) ;
#304 = DIRECTION ( 'NONE',  ( -0.5332357997187981979, -0.8211111254386354030, -0.2035585949527830840 ) ) ;
#305 = ORIENTED_EDGE ( 'NONE', *, *, #3182, .F. ) ;
#306 = PLANE ( 'NONE',  #1847 ) ;
#307 = CARTESIAN_POINT ( 'NONE',  ( -6.208456599567469425, 17.85384615384614904, -1.449999999999999956 ) ) ;
#308 = ORIENTED_EDGE ( 'NONE', *, *, #3222, .F. ) ;
#309 = EDGE_CURVE ( 'NONE', #2828, #12530, #2706, .T. ) ;
#310 = EDGE_LOOP ( 'NONE', ( #8579, #448, #4006, #10537 ) ) ;
#311 =( GEOMETRIC_REPRESENTATION_CONTEXT ( 3 ) GLOBAL_UNCERTAINTY_ASSIGNED_CONTEXT ( ( #4417 ) ) GLOBAL_UNIT_ASSIGNED_CONTEXT ( ( #12049, #13164, #10307 ) ) REPRESENTATION_CONTEXT ( 'NONE', 'WORKASPACE' ) );
#312 = EDGE_CURVE ( 'NONE', #13213, #1356, #7325, .T. ) ;
#313 = ORIENTED_EDGE ( 'NONE', *, *, #13504, .F. ) ;
#314 = ORIENTED_EDGE ( 'NONE', *, *, #808, .T. ) ;
#315 = LINE ( 'NONE', #745, #4835 ) ;
#316 = CARTESIAN_POINT ( 'NONE',  ( -5.246999171586890220, 7.618176573118209838, -13.05000000000000071 ) ) ;
#317 = ORIENTED_EDGE ( 'NONE', *, *, #8327, .T. ) ;
#318 = FACE_OUTER_BOUND ( 'NONE', #8555, .T. ) ;
#319 = DIRECTION ( 'NONE',  ( 0.000000000000000000, 0.000000000000000000, 1.000000000000000000 ) ) ;
#320 = VECTOR ( 'NONE', #9134, 1000.000000000000000 ) ;
#321 = DIRECTION ( 'NONE',  ( -0.9659258262890700886, -0.2588190451025140226, 0.000000000000000000 ) ) ;
#322 = DIRECTION ( 'NONE',  ( 0.000000000000000000, 0.000000000000000000, 1.000000000000000000 ) ) ;
#323 = CARTESIAN_POINT ( 'NONE',  ( -6.750000000000000000, 16.69999999999999929, 0.2000000000000000111 ) ) ;
#324 = ADVANCED_FACE ( 'NONE', ( #11876 ), #6073, .F. ) ;
#325 = PLANE ( 'NONE',  #8350 ) ;
#326 = EDGE_CURVE ( 'NONE', #12006, #5812, #11918, .T. ) ;
#327 = ORIENTED_EDGE ( 'NONE', *, *, #3858, .F. ) ;
#328 = LINE ( 'NONE', #4166, #280 ) ;
#329 = AXIS2_PLACEMENT_3D ( 'NONE', #2130, #3141, #3052 ) ;
#330 = VERTEX_POINT ( 'NONE', #6 ) ;
#331 = ADVANCED_FACE ( 'NONE', ( #7400 ), #8240, .F. ) ;
#332 = DIRECTION ( 'NONE',  ( 0.000000000000000000, 0.000000000000000000, -1.000000000000000000 ) ) ;
#333 = VERTEX_POINT ( 'NONE', #13480 ) ;
#334 = CARTESIAN_POINT ( 'NONE',  ( -7.014921993108779397, 16.26222191265249961, 3.550000000000000266 ) ) ;
#335 = ORIENTED_EDGE ( 'NONE', *, *, #5614, .F. ) ;
#336 = EDGE_CURVE ( 'NONE', #6194, #13469, #11938, .T. ) ;
#337 = DIRECTION ( 'NONE',  ( 5.421010862427489630E-16, -1.000000000000000000, 0.000000000000000000 ) ) ;
#338 = ORIENTED_EDGE ( 'NONE', *, *, #8179, .T. ) ;
#339 = CARTESIAN_POINT ( 'NONE',  ( 0.000000000000000000, -4.000000000000000000, -7.375000000000000000 ) ) ;
#340 = ORIENTED_EDGE ( 'NONE', *, *, #4664, .T. ) ;
#341 = LINE ( 'NONE', #6853, #9127 ) ;
#342 = AXIS2_PLACEMENT_3D ( 'NONE', #10546, #11616, #3257 ) ;
#343 = ORIENTED_EDGE ( 'NONE', *, *, #2377, .T. ) ;
#344 = ADVANCED_FACE ( 'NONE', ( #3383 ), #3606, .T. ) ;
#345 = CIRCLE ( 'NONE', #3491, 1.505000000000000338 ) ;
#346 = DIRECTION ( 'NONE',  ( 0.000000000000000000, 0.000000000000000000, 1.000000000000000000 ) ) ;
#347 = FACE_OUTER_BOUND ( 'NONE', #4873, .T. ) ;
#348 = ORIENTED_EDGE ( 'NONE', *, *, #1772, .F. ) ;
#349 = LINE ( 'NONE', #7905, #5127 ) ;
#350 = FILL_AREA_STYLE ('',( #7793 ) ) ;
#351 = ORIENTED_EDGE ( 'NONE', *, *, #7484, .F. ) ;
#352 = FILL_AREA_STYLE_COLOUR ( '', #2383 ) ;
#353 = CARTESIAN_POINT ( 'NONE',  ( 2.149999999999999911, 0.000000000000000000, 8.149999999999998579 ) ) ;
#354 = AXIS2_PLACEMENT_3D ( 'NONE', #8363, #5499, #6488 ) ;
#355 = CARTESIAN_POINT ( 'NONE',  ( -5.250000000000000000, 18.19999999999999929, 10.20000000000000107 ) ) ;
#356 = PLANE ( 'NONE',  #13212 ) ;
#357 = ORIENTED_EDGE ( 'NONE', *, *, #12985, .F. ) ;
#358 = PLANE ( 'NONE',  #1415 ) ;
#359 = DIRECTION ( 'NONE',  ( 1.000000000000000000, 0.000000000000000000, 0.000000000000000000 ) ) ;
#360 = ORIENTED_EDGE ( 'NONE', *, *, #11981, .T. ) ;
#361 = ORIENTED_EDGE ( 'NONE', *, *, #8663, .T. ) ;
#362 = VECTOR ( 'NONE', #10042, 1000.000000000000000 ) ;
#363 = EDGE_CURVE ( 'NONE', #9117, #11399, #7788, .T. ) ;
#364 = CARTESIAN_POINT ( 'NONE',  ( -3.775451385280815142, 16.42485207100589761, 5.299999999999999822 ) ) ;
#365 = DIRECTION ( 'NONE',  ( 0.7071067811865475727, -0.7071067811865475727, 0.000000000000000000 ) ) ;
#366 = ORIENTED_EDGE ( 'NONE', *, *, #4406, .T. ) ;
#367 = VECTOR ( 'NONE', #3659, 1000.000000000000114 ) ;
#368 = PLANE ( 'NONE',  #11401 ) ;
#369 = CARTESIAN_POINT ( 'NONE',  ( -5.246999171586890220, 7.618176573118209838, -10.14999999999999858 ) ) ;
#370 = CARTESIAN_POINT ( 'NONE',  ( -0.003459225755823794844, 12.44853857463906088, 16.44999999999999929 ) ) ;
#371 = FACE_OUTER_BOUND ( 'NONE', #8760, .T. ) ;
#372 = EDGE_CURVE ( 'NONE', #8157, #9588, #7720, .T. ) ;
#373 = EDGE_LOOP ( 'NONE', ( #8866, #4523, #8534, #6920 ) ) ;
#374 = LINE ( 'NONE', #5245, #9496 ) ;
#375 = EDGE_CURVE ( 'NONE', #4119, #6068, #12316, .T. ) ;
#376 = CARTESIAN_POINT ( 'NONE',  ( -7.500000000000000000, -3.500000000000000000, -1.850000000000000089 ) ) ;
#377 = ORIENTED_EDGE ( 'NONE', *, *, #460, .T. ) ;
#378 = ORIENTED_EDGE ( 'NONE', *, *, #5317, .T. ) ;
#379 = AXIS2_PLACEMENT_3D ( 'NONE', #2167, #5319, #7571 ) ;
#380 = CARTESIAN_POINT ( 'NONE',  ( 2.475030032583884765, 7.424464904027790801, 11.44999999999999929 ) ) ;
#381 = EDGE_CURVE ( 'NONE', #3508, #9260, #12244, .T. ) ;
#382 = ORIENTED_EDGE ( 'NONE', *, *, #11388, .F. ) ;
#383 = DIRECTION ( 'NONE',  ( -0.7071067811865474617, 0.7071067811865474617, 0.000000000000000000 ) ) ;
#384 = PLANE ( 'NONE',  #10365 ) ;
#385 = ORIENTED_EDGE ( 'NONE', *, *, #13454, .T. ) ;
#386 = VECTOR ( 'NONE', #2773, 1000.000000000000000 ) ;
#387 = CARTESIAN_POINT ( 'NONE',  ( -1.442193645700395876, 12.96803417904112088, -11.44999999999999929 ) ) ;
#388 = ADVANCED_FACE ( 'NONE', ( #3469 ), #8120, .T. ) ;
#389 = ORIENTED_EDGE ( 'NONE', *, *, #11488, .T. ) ;
#390 = VECTOR ( 'NONE', #1410, 1000.000000000000000 ) ;
#391 = EDGE_CURVE ( 'NONE', #10092, #9260, #3267, .T. ) ;
#392 = FACE_OUTER_BOUND ( 'NONE', #403, .T. ) ;
#393 = ORIENTED_EDGE ( 'NONE', *, *, #10009, .F. ) ;
#394 = FILL_AREA_STYLE ('',( #9785 ) ) ;
#395 = CARTESIAN_POINT ( 'NONE',  ( -7.500000000000000000, -3.500000000000000000, -2.550000000000000266 ) ) ;
#396 = FACE_BOUND ( 'NONE', #1485, .T. ) ;
#397 = CARTESIAN_POINT ( 'NONE',  ( -5.334999999999999964, 3.364999999999999769, 15.84999999999999964 ) ) ;
#398 = DIRECTION ( 'NONE',  ( 0.8191520442889891340, 0.5735764363510499342, 0.000000000000000000 ) ) ;
#399 =( GEOMETRIC_REPRESENTATION_CONTEXT ( 3 ) GLOBAL_UNCERTAINTY_ASSIGNED_CONTEXT ( ( #9448 ) ) GLOBAL_UNIT_ASSIGNED_CONTEXT ( ( #5122, #6172, #10921 ) ) REPRESENTATION_CONTEXT ( 'NONE', 'WORKASPACE' ) );
#400 = VERTEX_POINT ( 'NONE', #8396 ) ;
#401 = DIRECTION ( 'NONE',  ( 0.000000000000000000, 0.000000000000000000, -1.000000000000000000 ) ) ;
#402 = DIRECTION ( 'NONE',  ( 0.000000000000000000, 0.000000000000000000, 1.000000000000000000 ) ) ;
#403 = EDGE_LOOP ( 'NONE', ( #7869, #6879, #7911, #12094, #10796, #10986 ) ) ;
#404 = ORIENTED_EDGE ( 'NONE', *, *, #6708, .F. ) ;
#405 = EDGE_LOOP ( 'NONE', ( #2400, #1297, #4667, #2631 ) ) ;
#406 = LINE ( 'NONE', #7922, #539 ) ;
#407 = DIRECTION ( 'NONE',  ( 0.000000000000000000, 0.000000000000000000, 1.000000000000000000 ) ) ;
#408 = VERTEX_POINT ( 'NONE', #3038 ) ;
#409 = VECTOR ( 'NONE', #275, 1000.000000000000000 ) ;
#410 = PLANE ( 'NONE',  #10467 ) ;
#411 = CARTESIAN_POINT ( 'NONE',  ( 2.306154181162860084, 10.12774586688902190, -12.25000000000000000 ) ) ;
#412 = PLANE ( 'NONE',  #6662 ) ;
#413 = CIRCLE ( 'NONE', #6196, 1.000000000000027978 ) ;
#414 = ADVANCED_FACE ( 'NONE', ( #7809 ), #8294, .F. ) ;
#415 = CLOSED_SHELL ( 'NONE', ( #8440, #11766, #5452, #2310, #331, #10939, #6338, #2976, #2538, #6545, #4276, #7468, #13547, #7276, #10448, #7288, #1660, #3408, #3515, #11350, #1904, #8230, #184, #1569, #11469, #8020 ) ) ;
#416 = EDGE_CURVE ( 'NONE', #10462, #3421, #8006, .T. ) ;
#417 = LINE ( 'NONE', #5682, #4992 ) ;
#418 = CARTESIAN_POINT ( 'NONE',  ( -5.250000000000000000, 16.69999999999999929, 10.20000000000000107 ) ) ;
#419 = VERTEX_POINT ( 'NONE', #7228 ) ;
#420 = DIRECTION ( 'NONE',  ( 0.2908824500647800293, -0.9567587994078291525, 0.000000000000000000 ) ) ;
#421 = AXIS2_PLACEMENT_3D ( 'NONE', #10771, #9430, #11825 ) ;
#422 = DIRECTION ( 'NONE',  ( 1.000000000000000000, 0.000000000000000000, 0.000000000000000000 ) ) ;
#423 = ORIENTED_EDGE ( 'NONE', *, *, #5270, .F. ) ;
#424 = CARTESIAN_POINT ( 'NONE',  ( -2.850000000000000089, -4.000000000000000000, 13.15000000000000036 ) ) ;
#425 = CARTESIAN_POINT ( 'NONE',  ( -5.575000000000000178, 16.69999999999999929, 6.949999999999999289 ) ) ;
#426 = VERTEX_POINT ( 'NONE', #3160 ) ;
#427 = DIRECTION ( 'NONE',  ( 0.7071067811865475727, -0.7071067811865475727, 0.000000000000000000 ) ) ;
#428 = ORIENTED_EDGE ( 'NONE', *, *, #6766, .F. ) ;
#429 = VECTOR ( 'NONE', #6849, 1000.000000000000000 ) ;
#430 = ORIENTED_EDGE ( 'NONE', *, *, #5150, .T. ) ;
#431 = FACE_OUTER_BOUND ( 'NONE', #4503, .T. ) ;
#432 = EDGE_CURVE ( 'NONE', #8378, #9360, #12397, .T. ) ;
#433 = CYLINDRICAL_SURFACE ( 'NONE', #5577, 1.499999999999980238 ) ;
#434 = DIRECTION ( 'NONE',  ( 0.000000000000000000, 0.000000000000000000, 1.000000000000000000 ) ) ;
#435 = VECTOR ( 'NONE', #11428, 1000.000000000000000 ) ;
#436 = ORIENTED_EDGE ( 'NONE', *, *, #8840, .F. ) ;
#437 = LINE ( 'NONE', #7636, #710 ) ;
#438 = DIRECTION ( 'NONE',  ( 0.000000000000000000, 0.000000000000000000, 1.000000000000000000 ) ) ;
#439 = ORIENTED_EDGE ( 'NONE', *, *, #1351, .F. ) ;
#440 = CARTESIAN_POINT ( 'NONE',  ( -5.001253558300190249, 7.790249504023520011, -6.450000000000000178 ) ) ;
#441 = ADVANCED_FACE ( 'NONE', ( #12415 ), #8331, .F. ) ;
#442 = CARTESIAN_POINT ( 'NONE',  ( 2.648455771502488787, 10.07946628985536819, -8.121598494746168129 ) ) ;
#443 = ORIENTED_EDGE ( 'NONE', *, *, #1896, .T. ) ;
#444 = MANIFOLD_SOLID_BREP ( 'NONE', #741 ) ;
#445 = AXIS2_PLACEMENT_3D ( 'NONE', #11203, #10287, #6014 ) ;
#446 = CARTESIAN_POINT ( 'NONE',  ( -1.442193645700395876, 12.96803417904112088, 6.949999999999999289 ) ) ;
#447 = ORIENTED_EDGE ( 'NONE', *, *, #4757, .T. ) ;
#448 = ORIENTED_EDGE ( 'NONE', *, *, #7417, .T. ) ;
#449 = VECTOR ( 'NONE', #9540, 1000.000000000000000 ) ;
#450 = CARTESIAN_POINT ( 'NONE',  ( -0.9000476708424469674, 10.66194478217150099, -13.05000000000000071 ) ) ;
#451 = DIRECTION ( 'NONE',  ( 1.000000000000000000, 0.000000000000000000, 0.000000000000000000 ) ) ;
#452 = CARTESIAN_POINT ( 'NONE',  ( 2.643096200182971867, 10.06700254793270766, 13.61242207560923134 ) ) ;
#453 = ORIENTED_EDGE ( 'NONE', *, *, #1103, .T. ) ;
#454 = ADVANCED_FACE ( 'NONE', ( #3533 ), #3243, .F. ) ;
#455 = FACE_OUTER_BOUND ( 'NONE', #13313, .T. ) ;
#456 = EDGE_CURVE ( 'NONE', #2571, #13064, #7942, .T. ) ;
#457 = PLANE ( 'NONE',  #8424 ) ;
#458 = DIRECTION ( 'NONE',  ( 0.000000000000000000, -1.000000000000000000, 0.000000000000000000 ) ) ;
#459 = FACE_OUTER_BOUND ( 'NONE', #5398, .T. ) ;
#460 = EDGE_CURVE ( 'NONE', #4758, #962, #3360, .T. ) ;
#461 = ORIENTED_EDGE ( 'NONE', *, *, #7684, .T. ) ;
#462 = FACE_OUTER_BOUND ( 'NONE', #10424, .T. ) ;
#463 = VERTEX_POINT ( 'NONE', #5738 ) ;
#464 = EDGE_LOOP ( 'NONE', ( #3340, #2006, #3593, #6660 ) ) ;
#465 = EDGE_CURVE ( 'NONE', #9260, #10092, #12564, .T. ) ;
#466 = PLANE ( 'NONE',  #9329 ) ;
#467 = VERTEX_POINT ( 'NONE', #9575 ) ;
#468 = ADVANCED_FACE ( 'NONE', ( #12458 ), #9762, .F. ) ;
#469 = DIRECTION ( 'NONE',  ( 0.000000000000000000, 0.000000000000000000, 1.000000000000000000 ) ) ;
#470 = AXIS2_PLACEMENT_3D ( 'NONE', #5402, #6187, #102 ) ;
#471 = ORIENTED_EDGE ( 'NONE', *, *, #9736, .T. ) ;
#472 = AXIS2_PLACEMENT_3D ( 'NONE', #2574, #12196, #12278 ) ;
#473 = VECTOR ( 'NONE', #11881, 1000.000000000000000 ) ;
#474 = PLANE ( 'NONE',  #657 ) ;
#475 = CARTESIAN_POINT ( 'NONE',  ( 3.588643222671839883, 9.139278838686021089, 9.050000000000000711 ) ) ;
#476 = VERTEX_POINT ( 'NONE', #10823 ) ;
#477 = VECTOR ( 'NONE', #6648, 1000.000000000000114 ) ;
#478 = VECTOR ( 'NONE', #11184, 1000.000000000000114 ) ;
#479 = EDGE_CURVE ( 'NONE', #10769, #9620, #12269, .T. ) ;
#480 = ORIENTED_EDGE ( 'NONE', *, *, #7146, .T. ) ;
#481 = CARTESIAN_POINT ( 'NONE',  ( -5.575000000000000178, 16.69999999999999929, -11.44999999999999929 ) ) ;
#482 = PLANE ( 'NONE',  #4033 ) ;
#483 = AXIS2_PLACEMENT_3D ( 'NONE', #10548, #11617, #716 ) ;
#484 = VECTOR ( 'NONE', #8269, 1000.000000000000114 ) ;
#485 = EDGE_CURVE ( 'NONE', #9611, #2878, #8029, .T. ) ;
#486 = CARTESIAN_POINT ( 'NONE',  ( 2.475030032583884765, 7.424464904027790801, -10.50000000000000000 ) ) ;
#487 = ORIENTED_EDGE ( 'NONE', *, *, #2717, .T. ) ;
#488 = CARTESIAN_POINT ( 'NONE',  ( -2.382835146695035267, 12.62863240148741895, 3.550000000000000266 ) ) ;
#489 = CARTESIAN_POINT ( 'NONE',  ( -4.732680068040119536, 4.732680068040119536, -16.44999999999999929 ) ) ;
#490 = DIRECTION ( 'NONE',  ( 0.000000000000000000, 0.000000000000000000, 1.000000000000000000 ) ) ;
#491 = VERTEX_POINT ( 'NONE', #4402 ) ;
#492 = ORIENTED_EDGE ( 'NONE', *, *, #8198, .F. ) ;
#493 = ORIENTED_EDGE ( 'NONE', *, *, #3967, .T. ) ;
#494 = LINE ( 'NONE', #5749, #809 ) ;
#495 = EDGE_CURVE ( 'NONE', #3329, #4977, #12608, .T. ) ;
#496 = CARTESIAN_POINT ( 'NONE',  ( 3.863453660807525392, 5.486275240474819626, -3.077383940340595370 ) ) ;
#497 = ADVANCED_FACE ( 'NONE', ( #3511 ), #6553, .F. ) ;
#498 = AXIS2_PLACEMENT_3D ( 'NONE', #4432, #2430, #6677 ) ;
#499 = ORIENTED_EDGE ( 'NONE', *, *, #1206, .T. ) ;
#500 = CARTESIAN_POINT ( 'NONE',  ( -5.250000000000000000, 16.69999999999999929, -9.099999999999999645 ) ) ;
#501 = CIRCLE ( 'NONE', #10827, 0.5999999999999998668 ) ;
#502 = CARTESIAN_POINT ( 'NONE',  ( -5.246999171586890220, 7.618176573118209838, 14.84999999999999964 ) ) ;
#503 = DIRECTION ( 'NONE',  ( -0.5735764363510499342, 0.8191520442889891340, 0.000000000000000000 ) ) ;
#504 = DIRECTION ( 'NONE',  ( -0.5735764363510499342, 0.8191520442889891340, 0.000000000000000000 ) ) ;
#505 = CARTESIAN_POINT ( 'NONE',  ( -5.575000000000000178, 9.830057098047239705, 11.95000000000000107 ) ) ;
#506 = ORIENTED_EDGE ( 'NONE', *, *, #677, .F. ) ;
#507 = VECTOR ( 'NONE', #7578, 1000.000000000000114 ) ;
#508 = DIRECTION ( 'NONE',  ( -1.000000000000000000, 0.000000000000000000, 0.000000000000000000 ) ) ;
#509 = EDGE_LOOP ( 'NONE', ( #7236, #12751, #2630, #8324 ) ) ;
#510 = DIRECTION ( 'NONE',  ( 0.000000000000000000, 0.000000000000000000, -1.000000000000000000 ) ) ;
#511 = ORIENTED_EDGE ( 'NONE', *, *, #3668, .T. ) ;
#512 = CARTESIAN_POINT ( 'NONE',  ( -6.293015043061680025, 9.112042054985540318, 16.44999999999999929 ) ) ;
#513 = PLANE ( 'NONE',  #2719 ) ;
#514 = VERTEX_POINT ( 'NONE', #11953 ) ;
#515 = CARTESIAN_POINT ( 'NONE',  ( -2.149999999999999911, -4.163697104677059890, -7.317706013363030948 ) ) ;
#516 = ORIENTED_EDGE ( 'NONE', *, *, #938, .T. ) ;
#517 = LINE ( 'NONE', #9684, #9743 ) ;
#518 = ORIENTED_EDGE ( 'NONE', *, *, #5603, .F. ) ;
#519 = VECTOR ( 'NONE', #6881, 1000.000000000000000 ) ;
#520 = CIRCLE ( 'NONE', #12403, 1.499999999999980016 ) ;
#521 = PRESENTATION_LAYER_ASSIGNMENT (  '', '', ( #10340 ) ) ;
#522 = CARTESIAN_POINT ( 'NONE',  ( -0.9000476708424469674, 10.66194478217150099, 13.54999999999999893 ) ) ;
#523 = FACE_OUTER_BOUND ( 'NONE', #4545, .T. ) ;
#524 = EDGE_CURVE ( 'NONE', #1612, #6593, #7965, .T. ) ;
#525 = ORIENTED_EDGE ( 'NONE', *, *, #2253, .F. ) ;
#526 = LINE ( 'NONE', #6552, #9425 ) ;
#527 = DIRECTION ( 'NONE',  ( 0.8191520442889891340, 0.5735764363510499342, 0.000000000000000000 ) ) ;
#528 = ORIENTED_EDGE ( 'NONE', *, *, #8759, .F. ) ;
#529 = CARTESIAN_POINT ( 'NONE',  ( 0.000000000000000000, -4.000000000000000000, -7.025000000000000355 ) ) ;
#530 = EDGE_CURVE ( 'NONE', #3482, #5134, #3247, .T. ) ;
#531 = CARTESIAN_POINT ( 'NONE',  ( 4.139999999999999680, 3.079999999999999627, 15.84999999999999964 ) ) ;
#532 = DIRECTION ( 'NONE',  ( -0.5735764363510499342, 0.8191520442889891340, 0.000000000000000000 ) ) ;
#533 = ORIENTED_EDGE ( 'NONE', *, *, #11196, .F. ) ;
#534 = CARTESIAN_POINT ( 'NONE',  ( 4.330811839566824695, 5.568683097044850427, 7.750000000000000000 ) ) ;
#535 = DIRECTION ( 'NONE',  ( 1.000000000000000000, 0.000000000000000000, 0.000000000000000000 ) ) ;
#536 = VERTEX_POINT ( 'NONE', #1381 ) ;
#537 = ORIENTED_EDGE ( 'NONE', *, *, #1142, .T. ) ;
#538 = ORIENTED_EDGE ( 'NONE', *, *, #2227, .T. ) ;
#539 = VECTOR ( 'NONE', #8976, 1000.000000000000000 ) ;
#540 = CARTESIAN_POINT ( 'NONE',  ( -4.002709121030539663, 8.489437846237121832, -6.450000000000000178 ) ) ;
#541 = EDGE_CURVE ( 'NONE', #3062, #12101, #8098, .T. ) ;
#542 = CARTESIAN_POINT ( 'NONE',  ( 2.541927341108850325, 10.11273360902931628, 13.46349882037276835 ) ) ;
#543 = ORIENTED_EDGE ( 'NONE', *, *, #3461, .T. ) ;
#544 = VECTOR ( 'NONE', #13107, 1000.000000000000000 ) ;
#545 = EDGE_CURVE ( 'NONE', #463, #3482, #3450, .T. ) ;
#546 = DIRECTION ( 'NONE',  ( 0.7071067811865470176, 0.7071067811865480168, 0.000000000000000000 ) ) ;
#547 = CARTESIAN_POINT ( 'NONE',  ( -6.394152044288990311, 9.256480661696180334, -13.05000000000000071 ) ) ;
#548 = CYLINDRICAL_SURFACE ( 'NONE', #11959, 1.000000000000028200 ) ;
#549 = VECTOR ( 'NONE', #867, 999.9999999999998863 ) ;
#550 = AXIS2_PLACEMENT_3D ( 'NONE', #13015, #2371, #6603 ) ;
#551 = VERTEX_POINT ( 'NONE', #3426 ) ;
#552 = LINE ( 'NONE', #4075, #599 ) ;
#553 = EDGE_CURVE ( 'NONE', #13198, #7132, #12377, .T. ) ;
#554 = CARTESIAN_POINT ( 'NONE',  ( -3.155831945994115095, 10.15618907974091911, -15.15000000000000036 ) ) ;
#555 = VERTEX_POINT ( 'NONE', #7637 ) ;
#556 = ADVANCED_FACE ( 'NONE', ( #12636 ), #12881, .F. ) ;
#557 = ORIENTED_EDGE ( 'NONE', *, *, #12153, .F. ) ;
#558 = EDGE_CURVE ( 'NONE', #11425, #1356, #3339, .T. ) ;
#559 = CARTESIAN_POINT ( 'NONE',  ( -1.638719566157164964, 11.71687757710162003, 8.550000000000000711 ) ) ;
#560 = VERTEX_POINT ( 'NONE', #12597 ) ;
#561 = CARTESIAN_POINT ( 'NONE',  ( -4.478428631448714725, 16.48862918074649997, 14.59999999999999964 ) ) ;
#562 = ORIENTED_EDGE ( 'NONE', *, *, #6782, .T. ) ;
#563 = CARTESIAN_POINT ( 'NONE',  ( -3.919104336280229806, 16.00810641548579838, 3.550000000000000266 ) ) ;
#564 = ORIENTED_EDGE ( 'NONE', *, *, #11818, .T. ) ;
#565 = DIRECTION ( 'NONE',  ( 0.000000000000000000, 0.000000000000000000, -1.000000000000000000 ) ) ;
#566 = LINE ( 'NONE', #2590, #9787 ) ;
#567 = CARTESIAN_POINT ( 'NONE',  ( -2.149999999999999911, -4.000000000000000000, 7.450000000000000178 ) ) ;
#568 = DIRECTION ( 'NONE',  ( 1.000000000000000000, 0.000000000000000000, 0.000000000000000000 ) ) ;
#569 = CARTESIAN_POINT ( 'NONE',  ( -5.250000000000000000, 16.69999999999999929, -5.400000000000000355 ) ) ;
#570 = EDGE_CURVE ( 'NONE', #2349, #4473, #7701, .T. ) ;
#571 = AXIS2_PLACEMENT_3D ( 'NONE', #7382, #9472, #12501 ) ;
#572 = VERTEX_POINT ( 'NONE', #10024 ) ;
#573 = CIRCLE ( 'NONE', #2693, 1.500000000000000000 ) ;
#574 = LINE ( 'NONE', #6438, #9700 ) ;
#575 = LINE ( 'NONE', #10085, #279 ) ;
#576 = ORIENTED_EDGE ( 'NONE', *, *, #8580, .T. ) ;
#577 = CARTESIAN_POINT ( 'NONE',  ( -5.250000000000000000, 16.69999999999999929, -0.4000000000000000222 ) ) ;
#578 = LINE ( 'NONE', #8611, #4967 ) ;
#579 = DIRECTION ( 'NONE',  ( 0.7071067811865480168, 0.7071067811865470176, 0.000000000000000000 ) ) ;
#580 = CARTESIAN_POINT ( 'NONE',  ( 2.149999999999999911, -4.000000000000000000, -12.55000000000000071 ) ) ;
#581 = CARTESIAN_POINT ( 'NONE',  ( 7.386539084136389377, 4.528210178856940438, 15.84999999999999964 ) ) ;
#582 = DIRECTION ( 'NONE',  ( -0.7071067811865474617, 0.7071067811865474617, 0.000000000000000000 ) ) ;
#583 = ORIENTED_EDGE ( 'NONE', *, *, #4975, .T. ) ;
#584 = ORIENTED_EDGE ( 'NONE', *, *, #10367, .F. ) ;
#585 = EDGE_LOOP ( 'NONE', ( #7783, #4318, #12183, #9028 ) ) ;
#586 = ORIENTED_EDGE ( 'NONE', *, *, #9717, .T. ) ;
#587 = VECTOR ( 'NONE', #10934, 1000.000000000000000 ) ;
#588 = DIRECTION ( 'NONE',  ( 1.000000000000000000, 0.000000000000000000, 0.000000000000000000 ) ) ;
#589 = VERTEX_POINT ( 'NONE', #3695 ) ;
#590 = LINE ( 'NONE', #7551, #662 ) ;
#591 = DIRECTION ( 'NONE',  ( 0.000000000000000000, 0.000000000000000000, -1.000000000000000000 ) ) ;
#592 = LINE ( 'NONE', #6347, #5145 ) ;
#593 = DIRECTION ( 'NONE',  ( 0.000000000000000000, -1.000000000000000000, 0.000000000000000000 ) ) ;
#594 = CARTESIAN_POINT ( 'NONE',  ( 1.926942286883454925, 7.972552649728219976, 12.75000000000000000 ) ) ;
#595 = AXIS2_PLACEMENT_3D ( 'NONE', #6761, #294, #13287 ) ;
#596 = PLANE ( 'NONE',  #4598 ) ;
#597 = CIRCLE ( 'NONE', #11911, 1.500000000000000000 ) ;
#598 = ORIENTED_EDGE ( 'NONE', *, *, #2447, .T. ) ;
#599 = VECTOR ( 'NONE', #12284, 1000.000000000000000 ) ;
#600 = PLANE ( 'NONE',  #11944 ) ;
#601 = CARTESIAN_POINT ( 'NONE',  ( 3.341155849256549626, 9.386766212101310458, -5.950000000000000178 ) ) ;
#602 = CARTESIAN_POINT ( 'NONE',  ( -1.500787922441104927, 11.75383624964603868, -8.050000000000000711 ) ) ;
#603 = EDGE_CURVE ( 'NONE', #4436, #4784, #12703, .T. ) ;
#604 = ORIENTED_EDGE ( 'NONE', *, *, #3146, .T. ) ;
#605 = CARTESIAN_POINT ( 'NONE',  ( -5.250000000000000000, 16.69999999999999929, 13.54999999999999893 ) ) ;
#606 = DIRECTION ( 'NONE',  ( 0.7071067811865474617, -0.7071067811865474617, 0.000000000000000000 ) ) ;
#607 = CARTESIAN_POINT ( 'NONE',  ( 3.341155849256549626, 9.386766212101310458, 11.44999999999999929 ) ) ;
#608 = ORIENTED_EDGE ( 'NONE', *, *, #9302, .F. ) ;
#609 = PLANE ( 'NONE',  #8073 ) ;
#610 = ORIENTED_EDGE ( 'NONE', *, *, #7405, .T. ) ;
#611 = ORIENTED_EDGE ( 'NONE', *, *, #6145, .F. ) ;
#612 = FACE_OUTER_BOUND ( 'NONE', #5266, .T. ) ;
#613 = ORIENTED_EDGE ( 'NONE', *, *, #995, .F. ) ;
#614 = VECTOR ( 'NONE', #7045, 1000.000000000000000 ) ;
#615 = FACE_OUTER_BOUND ( 'NONE', #1862, .T. ) ;
#616 = PLANE ( 'NONE',  #6064 ) ;
#617 = CYLINDRICAL_SURFACE ( 'NONE', #6373, 1.505000000000000338 ) ;
#618 = VERTEX_POINT ( 'NONE', #6915 ) ;
#619 = AXIS2_PLACEMENT_3D ( 'NONE', #8435, #5476, #5392 ) ;
#620 = VECTOR ( 'NONE', #9322, 1000.000000000000000 ) ;
#621 = DIRECTION ( 'NONE',  ( 0.000000000000000000, 0.000000000000000000, -1.000000000000000000 ) ) ;
#622 = CARTESIAN_POINT ( 'NONE',  ( -4.002709121030539663, 8.489437846237121832, 3.550000000000000266 ) ) ;
#623 = CARTESIAN_POINT ( 'NONE',  ( -5.250000000000000000, 16.69999999999999929, -11.44999999999999929 ) ) ;
#624 = PLANE ( 'NONE',  #13244 ) ;
#625 = CARTESIAN_POINT ( 'NONE',  ( 6.735268398951980373, 5.992653662405889037, -10.50000000000000000 ) ) ;
#626 = STYLED_ITEM ( 'NONE', ( #2632 ), #13516 ) ;
#627 = DIRECTION ( 'NONE',  ( 1.000000000000000000, 0.000000000000000000, 0.000000000000000000 ) ) ;
#628 = EDGE_CURVE ( 'NONE', #11714, #9228, #8705, .T. ) ;
#629 = ORIENTED_EDGE ( 'NONE', *, *, #541, .T. ) ;
#630 = ORIENTED_EDGE ( 'NONE', *, *, #2393, .F. ) ;
#631 = VERTEX_POINT ( 'NONE', #641 ) ;
#632 = CARTESIAN_POINT ( 'NONE',  ( -5.001253558300190249, 7.790249504023520011, -0.1499999999999999944 ) ) ;
#633 = LINE ( 'NONE', #8485, #4980 ) ;
#634 = CARTESIAN_POINT ( 'NONE',  ( -0.9000476708424469674, 10.66194478217150099, -8.050000000000000711 ) ) ;
#635 = CARTESIAN_POINT ( 'NONE',  ( -5.250000000000000000, 16.69999999999999929, 5.899999999999999467 ) ) ;
#636 = CARTESIAN_POINT ( 'NONE',  ( 2.292336484007150066, 2.043716946227315034, -15.15000000000000036 ) ) ;
#637 = ORIENTED_EDGE ( 'NONE', *, *, #13339, .F. ) ;
#638 = LINE ( 'NONE', #3957, #9698 ) ;
#639 = CARTESIAN_POINT ( 'NONE',  ( -2.399604646138564945, 13.25676273017529994, -13.05000000000000071 ) ) ;
#640 = VECTOR ( 'NONE', #1036, 1000.000000000000000 ) ;
#641 = CARTESIAN_POINT ( 'NONE',  ( -5.149861993732639753, 10.12774193481510032, 11.95000000000000107 ) ) ;
#642 = LINE ( 'NONE', #10423, #5216 ) ;
#643 = EDGE_CURVE ( 'NONE', #2155, #9412, #4216, .T. ) ;
#644 = ORIENTED_EDGE ( 'NONE', *, *, #312, .T. ) ;
#645 = CIRCLE ( 'NONE', #7881, 1.505000000000000338 ) ;
#646 = AXIS2_PLACEMENT_3D ( 'NONE', #12670, #11417, #10705 ) ;
#647 = CARTESIAN_POINT ( 'NONE',  ( 2.149999999999999911, 0.000000000000000000, 7.450000000000000178 ) ) ;
#648 = EDGE_CURVE ( 'NONE', #6998, #1202, #8307, .T. ) ;
#649 = EDGE_CURVE ( 'NONE', #12425, #8788, #12730, .T. ) ;
#650 = ORIENTED_EDGE ( 'NONE', *, *, #6521, .F. ) ;
#651 = CARTESIAN_POINT ( 'NONE',  ( -3.085121267875464923, 9.590503654791699972, 15.75000000000000000 ) ) ;
#652 = VERTEX_POINT ( 'NONE', #5154 ) ;
#653 = CARTESIAN_POINT ( 'NONE',  ( -5.250000000000000000, 16.69999999999999929, 10.20000000000000107 ) ) ;
#654 = ORIENTED_EDGE ( 'NONE', *, *, #2052, .F. ) ;
#655 = DIRECTION ( 'NONE',  ( 0.7071067811865470176, -0.7071067811865481278, 0.000000000000000000 ) ) ;
#656 = VECTOR ( 'NONE', #4704, 1000.000000000000000 ) ;
#657 = AXIS2_PLACEMENT_3D ( 'NONE', #12708, #10747, #7744 ) ;
#658 = PLANE ( 'NONE',  #8364 ) ;
#659 = CARTESIAN_POINT ( 'NONE',  ( -0.3068375333655289916, 3.709528983774060151, -15.15000000000000036 ) ) ;
#660 = DIRECTION ( 'NONE',  ( 0.000000000000000000, 0.000000000000000000, -1.000000000000000000 ) ) ;
#661 = ORIENTED_EDGE ( 'NONE', *, *, #11386, .F. ) ;
#662 = VECTOR ( 'NONE', #4590, 1000.000000000000000 ) ;
#663 = ORIENTED_EDGE ( 'NONE', *, *, #9910, .F. ) ;
#664 = CARTESIAN_POINT ( 'NONE',  ( 2.850000000000000089, 2.200000000000000178, 15.75000000000000000 ) ) ;
#665 = DIRECTION ( 'NONE',  ( -0.6389710663783122468, 0.7692307692307702727, 0.000000000000000000 ) ) ;
#666 = LINE ( 'NONE', #8366, #9798 ) ;
#667 = DIRECTION ( 'NONE',  ( 0.000000000000000000, 0.000000000000000000, -1.000000000000000000 ) ) ;
#668 = EDGE_CURVE ( 'NONE', #1108, #2182, #13207, .T. ) ;
#669 = CARTESIAN_POINT ( 'NONE',  ( 2.149999999999999911, -4.000000000000000000, -2.550000000000000266 ) ) ;
#670 = DIRECTION ( 'NONE',  ( 0.000000000000000000, 0.000000000000000000, -1.000000000000000000 ) ) ;
#671 = ADVANCED_FACE ( 'NONE', ( #13163 ), #13420, .F. ) ;
#672 = AXIS2_PLACEMENT_3D ( 'NONE', #7493, #8549, #10853 ) ;
#673 = ORIENTED_EDGE ( 'NONE', *, *, #7299, .T. ) ;
#674 = ORIENTED_EDGE ( 'NONE', *, *, #4087, .F. ) ;
#675 = ORIENTED_EDGE ( 'NONE', *, *, #8224, .T. ) ;
#676 = FACE_OUTER_BOUND ( 'NONE', #1176, .T. ) ;
#677 = EDGE_CURVE ( 'NONE', #5618, #7695, #3908, .T. ) ;
#678 = ORIENTED_EDGE ( 'NONE', *, *, #175, .T. ) ;
#679 = VECTOR ( 'NONE', #11324, 1000.000000000000000 ) ;
#680 = CARTESIAN_POINT ( 'NONE',  ( 2.475030032583884765, 7.424464904027790801, -6.375113123340060639 ) ) ;
#681 = VECTOR ( 'NONE', #12105, 1000.000000000000000 ) ;
#682 = CARTESIAN_POINT ( 'NONE',  ( 7.289789233326869677, 5.438132828030980193, 16.44999999999999929 ) ) ;
#683 = CARTESIAN_POINT ( 'NONE',  ( -1.530854753362479892, 11.74577986658169948, -13.05000000000000071 ) ) ;
#684 = CARTESIAN_POINT ( 'NONE',  ( 2.850000000000000089, 0.000000000000000000, 13.15000000000000036 ) ) ;
#685 = EDGE_CURVE ( 'NONE', #987, #11646, #12755, .T. ) ;
#686 = VECTOR ( 'NONE', #960, 999.9999999999998863 ) ;
#687 = ORIENTED_EDGE ( 'NONE', *, *, #7029, .T. ) ;
#688 = VECTOR ( 'NONE', #9847, 1000.000000000000000 ) ;
#689 = PLANE ( 'NONE',  #3732 ) ;
#690 = EDGE_CURVE ( 'NONE', #11691, #7672, #13230, .T. ) ;
#691 = DIRECTION ( 'NONE',  ( 1.000000000000000000, 0.000000000000000000, 0.000000000000000000 ) ) ;
#692 = ADVANCED_FACE ( 'NONE', ( #3698 ), #9991, .T. ) ;
#693 = DIRECTION ( 'NONE',  ( -0.7071067811865475727, 0.7071067811865475727, 0.000000000000000000 ) ) ;
#694 = AXIS2_PLACEMENT_3D ( 'NONE', #8522, #5035, #6360 ) ;
#695 = DIRECTION ( 'NONE',  ( -0.5735764363510488240, 0.8191520442889899112, 0.000000000000000000 ) ) ;
#696 = PLANE ( 'NONE',  #5299 ) ;
#697 = EDGE_CURVE ( 'NONE', #6555, #9576, #4197, .T. ) ;
#698 = ORIENTED_EDGE ( 'NONE', *, *, #9307, .T. ) ;
#699 = CARTESIAN_POINT ( 'NONE',  ( -6.750000000000000000, 16.69999999999999929, -6.450000000000000178 ) ) ;
#700 = ORIENTED_EDGE ( 'NONE', *, *, #44, .F. ) ;
#701 = DIRECTION ( 'NONE',  ( -0.6389710663783129130, 0.7692307692307698286, 0.000000000000000000 ) ) ;
#702 = VERTEX_POINT ( 'NONE', #2460 ) ;
#703 = VERTEX_POINT ( 'NONE', #1675 ) ;
#704 = EDGE_CURVE ( 'NONE', #6124, #2092, #3629, .T. ) ;
#705 = VECTOR ( 'NONE', #5285, 1000.000000000000000 ) ;
#706 = DIRECTION ( 'NONE',  ( 1.000000000000000000, 0.000000000000000000, 0.000000000000000000 ) ) ;
#707 = EDGE_CURVE ( 'NONE', #11391, #12667, #12893, .T. ) ;
#708 = VECTOR ( 'NONE', #3777, 1000.000000000000000 ) ;
#709 = ORIENTED_EDGE ( 'NONE', *, *, #12210, .T. ) ;
#710 = VECTOR ( 'NONE', #5655, 1000.000000000000000 ) ;
#711 = DIRECTION ( 'NONE',  ( 0.000000000000000000, 0.000000000000000000, 1.000000000000000000 ) ) ;
#712 = DIRECTION ( 'NONE',  ( 1.633327607497999936E-16, -1.000000000000000000, 0.000000000000000000 ) ) ;
#713 = EDGE_CURVE ( 'NONE', #7733, #10898, #8432, .T. ) ;
#714 = DIRECTION ( 'NONE',  ( 0.000000000000000000, -1.000000000000000000, 0.000000000000000000 ) ) ;
#715 = CARTESIAN_POINT ( 'NONE',  ( 2.850000000000000089, 0.000000000000000000, -7.550000000000000711 ) ) ;
#716 = DIRECTION ( 'NONE',  ( 1.000000000000000000, 0.000000000000000000, 0.000000000000000000 ) ) ;
#717 = PLANE ( 'NONE',  #3020 ) ;
#718 = DIRECTION ( 'NONE',  ( 0.000000000000000000, 0.000000000000000000, -1.000000000000000000 ) ) ;
#719 = ORIENTED_EDGE ( 'NONE', *, *, #7843, .T. ) ;
#720 = ORIENTED_EDGE ( 'NONE', *, *, #9668, .T. ) ;
#721 = UNCERTAINTY_MEASURE_WITH_UNIT (LENGTH_MEASURE( 1.000000000000000082E-05 ), #6441, 'distance_accuracy_value', 'NONE');
#722 = ORIENTED_EDGE ( 'NONE', *, *, #5436, .T. ) ;
#723 =( GEOMETRIC_REPRESENTATION_CONTEXT ( 3 ) GLOBAL_UNCERTAINTY_ASSIGNED_CONTEXT ( ( #9619 ) ) GLOBAL_UNIT_ASSIGNED_CONTEXT ( ( #10156, #3743, #12160 ) ) REPRESENTATION_CONTEXT ( 'NONE', 'WORKASPACE' ) );
#724 = FACE_OUTER_BOUND ( 'NONE', #2741, .T. ) ;
#725 = EDGE_CURVE ( 'NONE', #1839, #7523, #8239, .T. ) ;
#726 = ADVANCED_FACE ( 'NONE', ( #13182 ), #4973, .F. ) ;
#727 = FILL_AREA_STYLE_COLOUR ( '', #1696 ) ;
#728 = ORIENTED_EDGE ( 'NONE', *, *, #7611, .T. ) ;
#729 = CARTESIAN_POINT ( 'NONE',  ( -2.399604646138564945, 13.25676273017529994, 3.550000000000000266 ) ) ;
#730 = CARTESIAN_POINT ( 'NONE',  ( 2.850000000000000089, 0.000000000000000000, -6.850000000000000533 ) ) ;
#731 = SURFACE_STYLE_FILL_AREA ( #350 ) ;
#732 = LINE ( 'NONE', #9440, #1081 ) ;
#733 = ORIENTED_EDGE ( 'NONE', *, *, #7839, .F. ) ;
#734 = EDGE_CURVE ( 'NONE', #6168, #4280, #8283, .T. ) ;
#735 = LINE ( 'NONE', #6914, #5221 ) ;
#736 = CARTESIAN_POINT ( 'NONE',  ( -2.850000000000000089, 0.000000000000000000, 2.449999999999999734 ) ) ;
#737 = EDGE_CURVE ( 'NONE', #5812, #618, #12870, .T. ) ;
#738 = AXIS2_PLACEMENT_3D ( 'NONE', #11426, #8130, #5294 ) ;
#739 = ORIENTED_EDGE ( 'NONE', *, *, #4097, .T. ) ;
#740 = CARTESIAN_POINT ( 'NONE',  ( -5.250000000000000000, 18.19999999999999929, -4.799999999999999822 ) ) ;
#741 = CLOSED_SHELL ( 'NONE', ( #18, #1602, #12264, #9219, #2818, #4114, #3191, #778 ) ) ;
#742 = DIRECTION ( 'NONE',  ( 0.7071067811865480168, 0.7071067811865470176, 0.000000000000000000 ) ) ;
#743 = PLANE ( 'NONE',  #6075 ) ;
#744 = FACE_OUTER_BOUND ( 'NONE', #8664, .T. ) ;
#745 = CARTESIAN_POINT ( 'NONE',  ( -5.575000000000000178, 9.830057098047229047, 14.84999999999999964 ) ) ;
#746 = CARTESIAN_POINT ( 'NONE',  ( -5.575000000000000178, 9.830057098047229047, 16.44999999999999929 ) ) ;
#747 = CARTESIAN_POINT ( 'NONE',  ( -4.732680068040119536, 4.732680068040119536, -15.15000000000000036 ) ) ;
#748 = ORIENTED_EDGE ( 'NONE', *, *, #9768, .F. ) ;
#749 = CARTESIAN_POINT ( 'NONE',  ( -5.250000000000000000, 16.69999999999999929, 8.550000000000000711 ) ) ;
#750 = FACE_OUTER_BOUND ( 'NONE', #5224, .T. ) ;
#751 = ADVANCED_FACE ( 'NONE', ( #13303 ), #1903, .F. ) ;
#752 = ORIENTED_EDGE ( 'NONE', *, *, #7427, .T. ) ;
#753 = CARTESIAN_POINT ( 'NONE',  ( -5.250000000000000000, 18.19999999999999929, -4.799999999999999822 ) ) ;
#754 = DIRECTION ( 'NONE',  ( 0.000000000000000000, 0.000000000000000000, 1.000000000000000000 ) ) ;
#755 = FACE_OUTER_BOUND ( 'NONE', #1496, .T. ) ;
#756 = DIRECTION ( 'NONE',  ( -0.8642748019537023207, -0.5030199466302391897, 0.000000000000000000 ) ) ;
#757 = PLANE ( 'NONE',  #13518 ) ;
#758 = CARTESIAN_POINT ( 'NONE',  ( 1.926942286883454925, 7.972552649728219976, 6.875113123340059751 ) ) ;
#759 = DIRECTION ( 'NONE',  ( 1.000000000000000000, 0.000000000000000000, 0.000000000000000000 ) ) ;
#760 = CARTESIAN_POINT ( 'NONE',  ( -2.399604646138564945, 13.25676273017529994, 3.550000000000000266 ) ) ;
#761 = AXIS2_PLACEMENT_3D ( 'NONE', #9223, #12108, #11279 ) ;
#762 = EDGE_LOOP ( 'NONE', ( #7736, #6504, #9501, #7216 ) ) ;
#763 = ORIENTED_EDGE ( 'NONE', *, *, #12903, .F. ) ;
#764 = ORIENTED_EDGE ( 'NONE', *, *, #11549, .F. ) ;
#765 = LINE ( 'NONE', #10745, #5092 ) ;
#766 = ORIENTED_EDGE ( 'NONE', *, *, #2453, .T. ) ;
#767 = FACE_OUTER_BOUND ( 'NONE', #1456, .T. ) ;
#768 = CARTESIAN_POINT ( 'NONE',  ( 2.492470896134315606, 10.12514001325505930, 3.380812814816512191 ) ) ;
#769 = LINE ( 'NONE', #190, #5340 ) ;
#770 = CARTESIAN_POINT ( 'NONE',  ( -4.134999999999999787, 3.364999999999999769, 16.44999999999999929 ) ) ;
#771 = CARTESIAN_POINT ( 'NONE',  ( -3.775451385280815142, 16.42485207100589761, -9.799999999999998934 ) ) ;
#772 = CARTESIAN_POINT ( 'NONE',  ( 6.735268398951980373, 5.992653662405889037, -0.5000000000000000000 ) ) ;
#773 = EDGE_CURVE ( 'NONE', #9569, #2282, #12680, .T. ) ;
#774 = EDGE_LOOP ( 'NONE', ( #423, #11554, #10836, #5633 ) ) ;
#775 = VECTOR ( 'NONE', #10851, 1000.000000000000000 ) ;
#776 = DIRECTION ( 'NONE',  ( -0.5030199466302390787, 0.8642748019537022097, 0.000000000000000000 ) ) ;
#777 = DIRECTION ( 'NONE',  ( 0.000000000000000000, 0.000000000000000000, 1.000000000000000000 ) ) ;
#778 = ADVANCED_FACE ( 'NONE', ( #4291 ), #2433, .F. ) ;
#779 = CARTESIAN_POINT ( 'NONE',  ( 2.537784285267034257, 10.11972773790580682, 2.027386386504719695 ) ) ;
#780 = CARTESIAN_POINT ( 'NONE',  ( -5.246999171586890220, 7.618176573118209838, -13.05000000000000071 ) ) ;
#781 = ORIENTED_EDGE ( 'NONE', *, *, #6803, .F. ) ;
#782 = CARTESIAN_POINT ( 'NONE',  ( -1.850000000000000089, 3.200000000000000178, 15.75000000000000000 ) ) ;
#783 = VERTEX_POINT ( 'NONE', #8367 ) ;
#784 =( NAMED_UNIT ( * ) SI_UNIT ( $, .STERADIAN. ) SOLID_ANGLE_UNIT ( ) );
#785 = ORIENTED_EDGE ( 'NONE', *, *, #13297, .T. ) ;
#786 = CARTESIAN_POINT ( 'NONE',  ( -5.001253558300190249, 7.790249504023520011, 14.84999999999999964 ) ) ;
#787 = AXIS2_PLACEMENT_3D ( 'NONE', #5428, #6402, #1085 ) ;
#788 = LINE ( 'NONE', #7432, #9621 ) ;
#789 = DIRECTION ( 'NONE',  ( 0.000000000000000000, 0.000000000000000000, 1.000000000000000000 ) ) ;
#790 = ORIENTED_EDGE ( 'NONE', *, *, #5358, .T. ) ;
#791 = CIRCLE ( 'NONE', #11551, 1.505000000000000338 ) ;
#792 = LINE ( 'NONE', #12048, #5557 ) ;
#793 = VECTOR ( 'NONE', #6188, 1000.000000000000000 ) ;
#794 = EDGE_CURVE ( 'NONE', #7516, #7295, #8752, .T. ) ;
#795 = ORIENTED_EDGE ( 'NONE', *, *, #13030, .F. ) ;
#796 = AXIS2_PLACEMENT_3D ( 'NONE', #3145, #12584, #11505 ) ;
#797 = EDGE_CURVE ( 'NONE', #1779, #9140, #2512, .T. ) ;
#798 = CARTESIAN_POINT ( 'NONE',  ( 2.033008304061434846, 9.987806976109879997, -15.15000000000000036 ) ) ;
#799 = CARTESIAN_POINT ( 'NONE',  ( -3.649999999999999911, 11.17795660910094036, -16.44999999999999929 ) ) ;
#800 = DIRECTION ( 'NONE',  ( 0.000000000000000000, 0.000000000000000000, -1.000000000000000000 ) ) ;
#801 = DIRECTION ( 'NONE',  ( 0.000000000000000000, 0.000000000000000000, -1.000000000000000000 ) ) ;
#802 = PLANE ( 'NONE',  #12394 ) ;
#803 = ORIENTED_EDGE ( 'NONE', *, *, #8632, .T. ) ;
#804 = DIRECTION ( 'NONE',  ( -0.7071067811865474617, 0.7071067811865474617, 0.000000000000000000 ) ) ;
#805 = CARTESIAN_POINT ( 'NONE',  ( -4.134999999999999787, 3.364999999999999769, 15.75000000000000000 ) ) ;
#806 = VERTEX_POINT ( 'NONE', #3273 ) ;
#807 = EDGE_LOOP ( 'NONE', ( #11841, #1261, #6054, #2827 ) ) ;
#808 = EDGE_CURVE ( 'NONE', #618, #4552, #12829, .T. ) ;
#809 = VECTOR ( 'NONE', #6929, 1000.000000000000000 ) ;
#810 = AXIS2_PLACEMENT_3D ( 'NONE', #2340, #7927, #10043 ) ;
#811 = CARTESIAN_POINT ( 'NONE',  ( -1.638719566157164964, 11.71687757710162003, -8.050000000000000711 ) ) ;
#812 = CARTESIAN_POINT ( 'NONE',  ( -5.809933491950640239, 18.09157266594019831, -14.09999999999999964 ) ) ;
#813 = DIRECTION ( 'NONE',  ( 0.1470157664652034513, 0.1470157664652033958, -0.9781476007338042455 ) ) ;
#814 = ORIENTED_EDGE ( 'NONE', *, *, #2082, .T. ) ;
#815 = LINE ( 'NONE', #782, #5580 ) ;
#816 = DIRECTION ( 'NONE',  ( 0.000000000000000000, 0.000000000000000000, 1.000000000000000000 ) ) ;
#817 = DIRECTION ( 'NONE',  ( 1.000000000000000000, 0.000000000000000000, 0.000000000000000000 ) ) ;
#818 = LINE ( 'NONE', #6895, #9987 ) ;
#819 = CARTESIAN_POINT ( 'NONE',  ( -1.638719566157164964, 11.71687757710162003, 16.44999999999999929 ) ) ;
#820 = VECTOR ( 'NONE', #4313, 999.9999999999998863 ) ;
#821 = ORIENTED_EDGE ( 'NONE', *, *, #8515, .T. ) ;
#822 = VECTOR ( 'NONE', #10946, 1000.000000000000114 ) ;
#823 = PLANE ( 'NONE',  #5414 ) ;
#824 = AXIS2_PLACEMENT_3D ( 'NONE', #3472, #8659, #6965 ) ;
#825 = ORIENTED_EDGE ( 'NONE', *, *, #4531, .F. ) ;
#826 = CARTESIAN_POINT ( 'NONE',  ( -3.775451385280815142, 16.42485207100589761, 15.19999999999999929 ) ) ;
#827 = ORIENTED_EDGE ( 'NONE', *, *, #3487, .T. ) ;
#828 = SURFACE_STYLE_USAGE ( .BOTH. , #13159 ) ;
#829 = VERTEX_POINT ( 'NONE', #3474 ) ;
#830 = CARTESIAN_POINT ( 'NONE',  ( -3.984748662560944954, 15.89430833868740045, 10.90000000000000036 ) ) ;
#831 = DIRECTION ( 'NONE',  ( 0.000000000000000000, 0.000000000000000000, -1.000000000000000000 ) ) ;
#832 = VECTOR ( 'NONE', #9444, 999.9999999999998863 ) ;
#833 = DIRECTION ( 'NONE',  ( 1.000000000000000000, 0.000000000000000000, 0.000000000000000000 ) ) ;
#834 = CARTESIAN_POINT ( 'NONE',  ( 2.486029765733794861, 3.200000000000000178, 15.75000000000000000 ) ) ;
#835 = CARTESIAN_POINT ( 'NONE',  ( -2.399604646138564945, 13.25676273017529994, -1.449999999999999956 ) ) ;
#836 = ADVANCED_FACE ( 'NONE', ( #8263 ), #3927, .T. ) ;
#837 = EDGE_LOOP ( 'NONE', ( #943, #10311, #8829, #12962 ) ) ;
#838 = LINE ( 'NONE', #5736, #5406 ) ;
#839 = CARTESIAN_POINT ( 'NONE',  ( -6.750000000000000000, 16.69999999999999929, -4.799999999999999822 ) ) ;
#840 = LINE ( 'NONE', #8982, #10146 ) ;
#841 = AXIS2_PLACEMENT_3D ( 'NONE', #664, #11232, #10944 ) ;
#842 = LINE ( 'NONE', #1065, #5366 ) ;
#843 = ORIENTED_EDGE ( 'NONE', *, *, #12802, .F. ) ;
#844 = CARTESIAN_POINT ( 'NONE',  ( 2.740115085247985416, 9.987806976109879997, -3.233615778645300143 ) ) ;
#845 = VECTOR ( 'NONE', #11327, 1000.000000000000000 ) ;
#846 = DIRECTION ( 'NONE',  ( 1.000179639958741938E-16, -1.000000000000000000, 0.000000000000000000 ) ) ;
#847 = CARTESIAN_POINT ( 'NONE',  ( 2.740115085247985416, 9.987806976109879997, -11.26638422135469852 ) ) ;
#848 = CARTESIAN_POINT ( 'NONE',  ( -6.656010512867519324, 6.656010512867519324, -16.44999999999999929 ) ) ;
#849 = ORIENTED_EDGE ( 'NONE', *, *, #11245, .T. ) ;
#850 = ORIENTED_EDGE ( 'NONE', *, *, #1103, .F. ) ;
#851 = ORIENTED_EDGE ( 'NONE', *, *, #7446, .T. ) ;
#852 = FACE_OUTER_BOUND ( 'NONE', #10947, .T. ) ;
#853 = EDGE_CURVE ( 'NONE', #11534, #11673, #4175, .T. ) ;
#854 = ORIENTED_EDGE ( 'NONE', *, *, #7505, .T. ) ;
#855 = CIRCLE ( 'NONE', #7145, 0.8000000000000000444 ) ;
#856 = CARTESIAN_POINT ( 'NONE',  ( -3.775451385280815142, 16.42485207100589761, -4.799999999999999822 ) ) ;
#857 = CIRCLE ( 'NONE', #13404, 1.000000000000027978 ) ;
#858 = DIRECTION ( 'NONE',  ( -0.1736481776669269450, 0.9848077530122086864, 0.000000000000000000 ) ) ;
#859 = PLANE ( 'NONE',  #4200 ) ;
#860 = DIRECTION ( 'NONE',  ( 0.000000000000000000, 0.000000000000000000, 1.000000000000000000 ) ) ;
#861 = VECTOR ( 'NONE', #12645, 1000.000000000000114 ) ;
#862 = AXIS2_PLACEMENT_3D ( 'NONE', #5230, #10445, #7326 ) ;
#863 = VERTEX_POINT ( 'NONE', #11837 ) ;
#864 = VECTOR ( 'NONE', #13356, 1000.000000000000114 ) ;
#865 = DIRECTION ( 'NONE',  ( 1.000000000000000000, 0.000000000000000000, 0.000000000000000000 ) ) ;
#866 = EDGE_CURVE ( 'NONE', #7036, #12601, #3803, .T. ) ;
#867 = DIRECTION ( 'NONE',  ( -0.6916548014802249567, -0.6916548014802239575, -0.2079116908177665313 ) ) ;
#868 = CARTESIAN_POINT ( 'NONE',  ( -2.382835146695035267, 12.62863240148741895, 8.550000000000000711 ) ) ;
#869 = EDGE_CURVE ( 'NONE', #5134, #2542, #12798, .T. ) ;
#870 = DIRECTION ( 'NONE',  ( 0.7071067811865480168, 0.7071067811865470176, 0.000000000000000000 ) ) ;
#871 = DIRECTION ( 'NONE',  ( -0.000000000000000000, 0.3303504247281054407, 0.9438583563660176701 ) ) ;
#872 = ORIENTED_EDGE ( 'NONE', *, *, #2913, .F. ) ;
#873 = EDGE_CURVE ( 'NONE', #10487, #2142, #3882, .T. ) ;
#874 = DIRECTION ( 'NONE',  ( 0.000000000000000000, 0.000000000000000000, 1.000000000000000000 ) ) ;
#875 = VERTEX_POINT ( 'NONE', #5707 ) ;
#876 = SURFACE_SIDE_STYLE ('',( #13369 ) ) ;
#877 = VERTEX_POINT ( 'NONE', #1575 ) ;
#878 = CARTESIAN_POINT ( 'NONE',  ( -5.250000000000000000, 18.19999999999999929, -9.700000000000001066 ) ) ;
#879 = CONICAL_SURFACE ( 'NONE', #6771, 0.8748868766599399160, 0.2094395102393273866 ) ;
#880 = DIRECTION ( 'NONE',  ( 0.000000000000000000, 1.000000000000000000, 0.000000000000000000 ) ) ;
#881 = EDGE_CURVE ( 'NONE', #9663, #9427, #3653, .T. ) ;
#882 = AXIS2_PLACEMENT_3D ( 'NONE', #11163, #12171, #8040 ) ;
#883 = ORIENTED_EDGE ( 'NONE', *, *, #1351, .T. ) ;
#884 = LINE ( 'NONE', #1878, #908 ) ;
#885 = VECTOR ( 'NONE', #10439, 1000.000000000000114 ) ;
#886 = CARTESIAN_POINT ( 'NONE',  ( -2.149999999999999911, -3.500000000000000000, -12.55000000000000071 ) ) ;
#887 = CARTESIAN_POINT ( 'NONE',  ( 4.740000000000000213, 3.079999999999999627, 15.84999999999999964 ) ) ;
#888 = LINE ( 'NONE', #364, #5453 ) ;
#889 = VERTEX_POINT ( 'NONE', #5791 ) ;
#890 = CARTESIAN_POINT ( 'NONE',  ( 2.149999999999999911, -3.500000000000000000, -6.850000000000000533 ) ) ;
#891 = CARTESIAN_POINT ( 'NONE',  ( -0.3923679554084240073, 12.05962984498646051, 15.84999999999999964 ) ) ;
#892 = CARTESIAN_POINT ( 'NONE',  ( 4.841398726455739876, 0.6999999999999999556, 15.75000000000000000 ) ) ;
#893 = EDGE_CURVE ( 'NONE', #7775, #6191, #3829, .T. ) ;
#894 = ADVANCED_FACE ( 'NONE', ( #8142 ), #9789, .T. ) ;
#895 = DIRECTION ( 'NONE',  ( 2.478176394252580155E-15, 0.000000000000000000, -1.000000000000000000 ) ) ;
#896 = DIRECTION ( 'NONE',  ( 0.8191520442889898002, 0.5735764363510488240, 0.000000000000000000 ) ) ;
#897 = DIRECTION ( 'NONE',  ( 1.000000000000000000, 0.000000000000000000, 0.000000000000000000 ) ) ;
#898 = VERTEX_POINT ( 'NONE', #10055 ) ;
#899 = CARTESIAN_POINT ( 'NONE',  ( -5.575000000000000178, 9.830057098047229047, -3.050000000000000266 ) ) ;
#900 = DIRECTION ( 'NONE',  ( 1.000000000000000000, 0.000000000000000000, 0.000000000000000000 ) ) ;
#901 = ORIENTED_EDGE ( 'NONE', *, *, #2238, .T. ) ;
#902 = VERTEX_POINT ( 'NONE', #2783 ) ;
#903 = VECTOR ( 'NONE', #565, 1000.000000000000000 ) ;
#904 = EDGE_CURVE ( 'NONE', #5160, #1610, #8457, .T. ) ;
#905 = DIRECTION ( 'NONE',  ( -1.000000000000000000, 0.000000000000000000, 0.000000000000000000 ) ) ;
#906 = DIRECTION ( 'NONE',  ( 0.000000000000000000, 0.000000000000000000, 1.000000000000000000 ) ) ;
#907 = EDGE_LOOP ( 'NONE', ( #2413, #11046, #8539, #13133, #9314, #1653 ) ) ;
#908 = VECTOR ( 'NONE', #4324, 1000.000000000000000 ) ;
#910 = EDGE_CURVE ( 'NONE', #2182, #3970, #8408, .T. ) ;
#909 = DIRECTION ( 'NONE',  ( -0.4834473103160809582, 0.8753734620995469173, 0.000000000000000000 ) ) ;
#911 = DIRECTION ( 'NONE',  ( 0.000000000000000000, 0.000000000000000000, -1.000000000000000000 ) ) ;
#912 = VECTOR ( 'NONE', #5483, 1000.000000000000114 ) ;
#913 = AXIS2_PLACEMENT_3D ( 'NONE', #2397, #1491, #4575 ) ;
#914 = VECTOR ( 'NONE', #10270, 999.9999999999998863 ) ;
#915 = ORIENTED_EDGE ( 'NONE', *, *, #3170, .F. ) ;
#916 = EDGE_CURVE ( 'NONE', #13384, #3042, #3951, .T. ) ;
#917 = ORIENTED_EDGE ( 'NONE', *, *, #4757, .F. ) ;
#918 = ORIENTED_EDGE ( 'NONE', *, *, #9377, .T. ) ;
#919 = ADVANCED_FACE ( 'NONE', ( #9041 ), #6235, .T. ) ;
#920 = CARTESIAN_POINT ( 'NONE',  ( -2.850000000000000089, 0.000000000000000000, 3.149999999999999911 ) ) ;
#921 = VERTEX_POINT ( 'NONE', #5090 ) ;
#922 = DIRECTION ( 'NONE',  ( -0.7071067811865474617, -0.7071067811865474617, 0.000000000000000000 ) ) ;
#923 = DIRECTION ( 'NONE',  ( 0.8191520442889891340, 0.5735764363510499342, 0.000000000000000000 ) ) ;
#924 = LINE ( 'NONE', #1923, #1009 ) ;
#925 = DIRECTION ( 'NONE',  ( -0.7071067811865474617, 0.7071067811865474617, 0.000000000000000000 ) ) ;
#926 = CARTESIAN_POINT ( 'NONE',  ( -5.250000000000000000, 16.69999999999999929, 6.949999999999999289 ) ) ;
#927 =( NAMED_UNIT ( * ) PLANE_ANGLE_UNIT ( ) SI_UNIT ( $, .RADIAN. ) );
#928 = ORIENTED_EDGE ( 'NONE', *, *, #2051, .F. ) ;
#929 = VECTOR ( 'NONE', #9382, 1000.000000000000000 ) ;
#930 = CIRCLE ( 'NONE', #2959, 1.000000000000027978 ) ;
#931 = VECTOR ( 'NONE', #1130, 1000.000000000000000 ) ;
#932 = ORIENTED_EDGE ( 'NONE', *, *, #2148, .T. ) ;
#933 = CARTESIAN_POINT ( 'NONE',  ( -4.478428631448714725, 16.48862918074649997, 5.899999999999999467 ) ) ;
#934 = AXIS2_PLACEMENT_3D ( 'NONE', #5443, #846, #7195 ) ;
#935 = FACE_OUTER_BOUND ( 'NONE', #3841, .T. ) ;
#936 = DIRECTION ( 'NONE',  ( 1.000000000000000000, 0.000000000000000000, 0.000000000000000000 ) ) ;
#937 = DIRECTION ( 'NONE',  ( 0.9659258262890700886, 0.2588190451025140226, 0.000000000000000000 ) ) ;
#938 = EDGE_CURVE ( 'NONE', #10073, #8556, #75, .T. ) ;
#939 = ORIENTED_EDGE ( 'NONE', *, *, #649, .T. ) ;
#940 = STYLED_ITEM ( 'NONE', ( #7955 ), #2964 ) ;
#941 = EDGE_CURVE ( 'NONE', #12057, #3768, #13368, .T. ) ;
#942 = EDGE_LOOP ( 'NONE', ( #12312, #12434, #4665, #3990, #1579, #13548, #12976, #12537, #2860, #5836, #2767, #8620, #5880, #10390 ) ) ;
#943 = ORIENTED_EDGE ( 'NONE', *, *, #1003, .T. ) ;
#944 = LINE ( 'NONE', #10220, #10421 ) ;
#945 = ADVANCED_FACE ( 'NONE', ( #4586 ), #10596, .F. ) ;
#946 = EDGE_LOOP ( 'NONE', ( #1135, #3821, #8274, #10533 ) ) ;
#947 = LINE ( 'NONE', #5734, #5276 ) ;
#948 = VECTOR ( 'NONE', #6281, 1000.000000000000000 ) ;
#949 = DIRECTION ( 'NONE',  ( 1.000000000000000000, 0.000000000000000000, 0.000000000000000000 ) ) ;
#950 = CARTESIAN_POINT ( 'NONE',  ( -5.575000000000000178, 9.830057098047239705, 1.949999999999999956 ) ) ;
#951 = CARTESIAN_POINT ( 'NONE',  ( 2.694312743927226084, 10.03360931743062956, -6.322359480838082746 ) ) ;
#952 = VECTOR ( 'NONE', #7324, 1000.000000000000000 ) ;
#953 = ORIENTED_EDGE ( 'NONE', *, *, #11879, .T. ) ;
#954 = LINE ( 'NONE', #4902, #978 ) ;
#955 = CARTESIAN_POINT ( 'NONE',  ( -3.775451385280815142, 16.42485207100589761, -0.4000000000000000222 ) ) ;
#956 = MECHANICAL_DESIGN_GEOMETRIC_PRESENTATION_REPRESENTATION (  '', ( #12245 ), #7830 ) ;
#957 = DIRECTION ( 'NONE',  ( -1.000000000000000000, 0.000000000000000000, 0.000000000000000000 ) ) ;
#958 = AXIS2_PLACEMENT_3D ( 'NONE', #8770, #10899, #8871 ) ;
#959 = DIRECTION ( 'NONE',  ( -0.7692307692307711608, -0.6389710663783111366, 0.000000000000000000 ) ) ;
#960 = DIRECTION ( 'NONE',  ( -0.5735764363510499342, 0.8191520442889891340, 0.000000000000000000 ) ) ;
#961 = CARTESIAN_POINT ( 'NONE',  ( -0.9000476708424469674, 10.66194478217150099, -11.44999999999999929 ) ) ;
#962 = VERTEX_POINT ( 'NONE', #12854 ) ;
#963 = EDGE_CURVE ( 'NONE', #987, #6870, #4680, .T. ) ;
#964 = DIRECTION ( 'NONE',  ( -0.5332357997187978649, -0.8211111254386349589, 0.2035585949527854988 ) ) ;
#965 = ORIENTED_EDGE ( 'NONE', *, *, #8014, .T. ) ;
#966 = SURFACE_STYLE_USAGE ( .BOTH. , #876 ) ;
#967 = ORIENTED_EDGE ( 'NONE', *, *, #13451, .T. ) ;
#968 = CARTESIAN_POINT ( 'NONE',  ( -7.500000000000000000, -3.500000000000000000, 3.149999999999999911 ) ) ;
#969 = CIRCLE ( 'NONE', #11967, 1.000000000000027978 ) ;
#970 = EDGE_CURVE ( 'NONE', #11780, #7733, #13323, .T. ) ;
#971 = EDGE_LOOP ( 'NONE', ( #480, #9513, #9034, #3500 ) ) ;
#972 = SURFACE_STYLE_FILL_AREA ( #8431 ) ;
#973 = PLANE ( 'NONE',  #13305 ) ;
#974 = DIRECTION ( 'NONE',  ( -0.7071067811865470176, -0.7071067811865480168, 0.000000000000000000 ) ) ;
#975 = VECTOR ( 'NONE', #11520, 1000.000000000000227 ) ;
#976 = ADVANCED_FACE ( 'NONE', ( #4493 ), #11575, .F. ) ;
#977 = ORIENTED_EDGE ( 'NONE', *, *, #10465, .T. ) ;
#978 = VECTOR ( 'NONE', #11045, 1000.000000000000000 ) ;
#979 = CARTESIAN_POINT ( 'NONE',  ( -0.9000476708424469674, 10.66194478217150099, -3.050000000000000266 ) ) ;
#980 = EDGE_CURVE ( 'NONE', #10437, #10736, #9067, .T. ) ;
#981 = CARTESIAN_POINT ( 'NONE',  ( -1.530854753362479892, 11.74577986658169948, 1.949999999999999956 ) ) ;
#982 = DIRECTION ( 'NONE',  ( 0.000000000000000000, 0.000000000000000000, -1.000000000000000000 ) ) ;
#983 = AXIS2_PLACEMENT_3D ( 'NONE', #5780, #10155, #8917 ) ;
#984 = DIRECTION ( 'NONE',  ( 0.000000000000000000, 0.000000000000000000, -1.000000000000000000 ) ) ;
#985 = ORIENTED_EDGE ( 'NONE', *, *, #12757, .T. ) ;
#986 = DIRECTION ( 'NONE',  ( 0.000000000000000000, 0.3303504247281054407, -0.9438583563660176701 ) ) ;
#987 = VERTEX_POINT ( 'NONE', #8146 ) ;
#988 = ORIENTED_EDGE ( 'NONE', *, *, #3341, .F. ) ;
#989 = DIRECTION ( 'NONE',  ( 1.000000000000000000, 0.000000000000000000, 0.000000000000000000 ) ) ;
#990 = EDGE_CURVE ( 'NONE', #12266, #12055, #8994, .T. ) ;
#991 = ORIENTED_EDGE ( 'NONE', *, *, #3386, .F. ) ;
#992 = LINE ( 'NONE', #5217, #1056 ) ;
#993 = CARTESIAN_POINT ( 'NONE',  ( -7.500000000000000000, -3.500000000000000000, 3.149999999999999911 ) ) ;
#994 = ADVANCED_FACE ( 'NONE', ( #4723 ), #3074, .T. ) ;
#995 = EDGE_CURVE ( 'NONE', #12123, #2941, #8858, .T. ) ;
#996 = CYLINDRICAL_SURFACE ( 'NONE', #5699, 0.5999999999999998668 ) ;
#997 = ORIENTED_EDGE ( 'NONE', *, *, #11879, .F. ) ;
#998 = CIRCLE ( 'NONE', #5457, 1.500000000000000000 ) ;
#999 = ADVANCED_FACE ( 'NONE', ( #4771 ), #7230, .F. ) ;
#1000 = AXIS2_PLACEMENT_3D ( 'NONE', #12533, #9695, #4257 ) ;
#1001 = ORIENTED_EDGE ( 'NONE', *, *, #8085, .F. ) ;
#1002 = CARTESIAN_POINT ( 'NONE',  ( -2.850000000000000089, 0.000000000000000000, -11.84999999999999964 ) ) ;
#1003 = EDGE_CURVE ( 'NONE', #6094, #10631, #4392, .T. ) ;
#1004 = ORIENTED_EDGE ( 'NONE', *, *, #10067, .T. ) ;
#1005 = DIRECTION ( 'NONE',  ( -0.8542610676133733927, -0.1506292747890528583, 0.4975428121645246171 ) ) ;
#1006 = VERTEX_POINT ( 'NONE', #6557 ) ;
#1007 = DIRECTION ( 'NONE',  ( 0.000000000000000000, 0.000000000000000000, 1.000000000000000000 ) ) ;
#1008 = DIRECTION ( 'NONE',  ( 0.000000000000000000, 0.000000000000000000, 1.000000000000000000 ) ) ;
#1009 = VECTOR ( 'NONE', #12841, 1000.000000000000000 ) ;
#1010 = DIRECTION ( 'NONE',  ( 0.000000000000000000, 0.000000000000000000, 1.000000000000000000 ) ) ;
#1011 = DIRECTION ( 'NONE',  ( 0.2908824500647800293, -0.9567587994078291525, 0.000000000000000000 ) ) ;
#1012 = ORIENTED_EDGE ( 'NONE', *, *, #8654, .T. ) ;
#1013 = VECTOR ( 'NONE', #12567, 1000.000000000000000 ) ;
#1014 = DIRECTION ( 'NONE',  ( -0.5332357997187978649, -0.8211111254386349589, -0.2035585949527854988 ) ) ;
#1015 = LINE ( 'NONE', #4232, #975 ) ;
#1016 = ORIENTED_EDGE ( 'NONE', *, *, #7011, .F. ) ;
#1017 = DIRECTION ( 'NONE',  ( 0.000000000000000000, 0.000000000000000000, -1.000000000000000000 ) ) ;
#1018 = PRESENTATION_STYLE_ASSIGNMENT (( #12818 ) ) ;
#1019 = CARTESIAN_POINT ( 'NONE',  ( 2.740115085247985416, 9.987806976109879997, 8.733615778645299699 ) ) ;
#1020 = DIRECTION ( 'NONE',  ( 0.000000000000000000, 0.000000000000000000, -1.000000000000000000 ) ) ;
#1021 = EDGE_CURVE ( 'NONE', #12979, #8501, #9114, .T. ) ;
#1022 = DIRECTION ( 'NONE',  ( 0.000000000000000000, 0.000000000000000000, -1.000000000000000000 ) ) ;
#1023 = CARTESIAN_POINT ( 'NONE',  ( -2.149999999999999911, 0.000000000000000000, 12.44999999999999929 ) ) ;
#1024 = EDGE_CURVE ( 'NONE', #1592, #11831, #4444, .T. ) ;
#1025 = DIRECTION ( 'NONE',  ( 0.000000000000000000, 0.000000000000000000, 1.000000000000000000 ) ) ;
#1026 = ADVANCED_FACE ( 'NONE', ( #9247 ), #11785, .T. ) ;
#1027 = ORIENTED_EDGE ( 'NONE', *, *, #10276, .T. ) ;
#1028 = ORIENTED_EDGE ( 'NONE', *, *, #4133, .T. ) ;
#1029 = ORIENTED_EDGE ( 'NONE', *, *, #10134, .F. ) ;
#1030 = AXIS2_PLACEMENT_3D ( 'NONE', #11450, #5403, #10641 ) ;
#1031 = VECTOR ( 'NONE', #2454, 1000.000000000000000 ) ;
#1032 = EDGE_CURVE ( 'NONE', #4051, #4405, #8901, .T. ) ;
#1033 = VERTEX_POINT ( 'NONE', #217 ) ;
#1034 = LINE ( 'NONE', #7724, #5493 ) ;
#1035 = FACE_OUTER_BOUND ( 'NONE', #971, .T. ) ;
#1036 = DIRECTION ( 'NONE',  ( 0.000000000000000000, -0.9438583563660177811, -0.3303504247281049411 ) ) ;
#1037 = CARTESIAN_POINT ( 'NONE',  ( -2.442193645700425186, 12.96803417904112088, 13.54999999999999893 ) ) ;
#1038 = VECTOR ( 'NONE', #974, 1000.000000000000000 ) ;
#1039 = VERTEX_POINT ( 'NONE', #5507 ) ;
#1040 = EDGE_CURVE ( 'NONE', #8556, #10063, #9285, .T. ) ;
#1041 = VECTOR ( 'NONE', #1739, 1000.000000000000000 ) ;
#1042 = CARTESIAN_POINT ( 'NONE',  ( 0.000000000000000000, 0.000000000000000000, -20.00000000000000000 ) ) ;
#1043 =( NAMED_UNIT ( * ) SI_UNIT ( $, .STERADIAN. ) SOLID_ANGLE_UNIT ( ) );
#1044 = FILL_AREA_STYLE ('',( #8225 ) ) ;
#1045 = MECHANICAL_DESIGN_GEOMETRIC_PRESENTATION_REPRESENTATION (  '', ( #4176 ), #399 ) ;
#1046 = CARTESIAN_POINT ( 'NONE',  ( -2.850000000000000089, 0.000000000000000000, 8.149999999999998579 ) ) ;
#1047 = EDGE_LOOP ( 'NONE', ( #11053, #7103, #10911, #361 ) ) ;
#1048 = CARTESIAN_POINT ( 'NONE',  ( 5.339999999999999858, 3.079999999999999627, 15.84999999999999964 ) ) ;
#1049 = ORIENTED_EDGE ( 'NONE', *, *, #7205, .F. ) ;
#1050 = DIRECTION ( 'NONE',  ( -0.7071067811865470176, 0.7071067811865481278, 0.000000000000000000 ) ) ;
#1051 = ORIENTED_EDGE ( 'NONE', *, *, #4124, .T. ) ;
#1052 = FACE_OUTER_BOUND ( 'NONE', #3749, .T. ) ;
#1053 = DIRECTION ( 'NONE',  ( 0.000000000000000000, -1.000000000000000000, 0.000000000000000000 ) ) ;
#1054 = ADVANCED_FACE ( 'NONE', ( #160 ), #8821, .F. ) ;
#1055 = ORIENTED_EDGE ( 'NONE', *, *, #11638, .T. ) ;
#1056 = VECTOR ( 'NONE', #9385, 1000.000000000000000 ) ;
#1057 = CYLINDRICAL_SURFACE ( 'NONE', #1990, 1.500000000000000000 ) ;
#1058 = CARTESIAN_POINT ( 'NONE',  ( -7.500000000000000000, -3.500000000000000000, 13.15000000000000036 ) ) ;
#1059 = CIRCLE ( 'NONE', #761, 1.500000000000000000 ) ;
#1060 = ORIENTED_EDGE ( 'NONE', *, *, #3252, .F. ) ;
#1061 = LINE ( 'NONE', #8463, #5761 ) ;
#1062 = CARTESIAN_POINT ( 'NONE',  ( -3.775451385280815142, 16.42485207100589761, -9.700000000000001066 ) ) ;
#1063 = EDGE_CURVE ( 'NONE', #6852, #12055, #183, .T. ) ;
#1064 = DIRECTION ( 'NONE',  ( 0.000000000000000000, 0.000000000000000000, -1.000000000000000000 ) ) ;
#1065 = CARTESIAN_POINT ( 'NONE',  ( 2.534775145998704904, 7.516464310934400039, 6.575283102127799317 ) ) ;
#1066 = CARTESIAN_POINT ( 'NONE',  ( -2.850000000000000089, -4.000000000000000000, 2.449999999999999734 ) ) ;
#1067 = DIRECTION ( 'NONE',  ( -0.5030199466302391897, 0.8642748019537023207, 0.000000000000000000 ) ) ;
#1068 = DIRECTION ( 'NONE',  ( 0.000000000000000000, 1.000000000000000000, 0.000000000000000000 ) ) ;
#1069 = AXIS2_PLACEMENT_3D ( 'NONE', #1946, #4209, #10158 ) ;
#1070 = ORIENTED_EDGE ( 'NONE', *, *, #11707, .F. ) ;
#1071 = ORIENTED_EDGE ( 'NONE', *, *, #2516, .F. ) ;
#1072 = VERTEX_POINT ( 'NONE', #11817 ) ;
#1073 = LINE ( 'NONE', #4608, #1489 ) ;
#1074 = DIRECTION ( 'NONE',  ( -0.7692307692307693845, -0.6389710663783134681, 0.000000000000000000 ) ) ;
#1075 = ORIENTED_EDGE ( 'NONE', *, *, #4832, .F. ) ;
#1076 = VECTOR ( 'NONE', #13299, 1000.000000000000114 ) ;
#1077 = CARTESIAN_POINT ( 'NONE',  ( 2.149999999999999911, -4.000000000000000000, -11.84999999999999964 ) ) ;
#1078 = FILL_AREA_STYLE ('',( #11814 ) ) ;
#1079 = LINE ( 'NONE', #1148, #948 ) ;
#1080 = CARTESIAN_POINT ( 'NONE',  ( 2.492470896134315606, 10.12514001325505930, -1.619187185183665889 ) ) ;
#1081 = VECTOR ( 'NONE', #1014, 1000.000000000000114 ) ;
#1082 = EDGE_CURVE ( 'NONE', #921, #3941, #13458, .T. ) ;
#1083 = CARTESIAN_POINT ( 'NONE',  ( 6.180774708501559189, 5.698619215432440654, 15.75000000000000000 ) ) ;
#1084 = VERTEX_POINT ( 'NONE', #1551 ) ;
#1085 = DIRECTION ( 'NONE',  ( 1.000000000000000000, 0.000000000000000000, 0.000000000000000000 ) ) ;
#1086 = ORIENTED_EDGE ( 'NONE', *, *, #6664, .T. ) ;
#1087 = VERTEX_POINT ( 'NONE', #12828 ) ;
#1088 = CARTESIAN_POINT ( 'NONE',  ( -5.809933491950640239, 18.09157266594019831, 14.59999999999999964 ) ) ;
#1089 = EDGE_LOOP ( 'NONE', ( #9722, #9215, #598, #11363 ) ) ;
#1090 = CARTESIAN_POINT ( 'NONE',  ( 5.339999999999999858, 3.079999999999999627, 15.75000000000000000 ) ) ;
#1091 = PRESENTATION_LAYER_ASSIGNMENT (  '', '', ( #9614 ) ) ;
#1092 = LINE ( 'NONE', #9989, #5709 ) ;
#1093 = CARTESIAN_POINT ( 'NONE',  ( 3.588643222671839883, 9.139278838686021089, -0.5000000000000000000 ) ) ;
#1094 = DIRECTION ( 'NONE',  ( 0.7071067811865477948, -0.7071067811865473507, 0.000000000000000000 ) ) ;
#1095 = ORIENTED_EDGE ( 'NONE', *, *, #9682, .F. ) ;
#1096 = VECTOR ( 'NONE', #527, 999.9999999999998863 ) ;
#1097 = ADVANCED_FACE ( 'NONE', ( #13392 ), #1649, .F. ) ;
#1098 = LINE ( 'NONE', #6737, #1146 ) ;
#1099 = ORIENTED_EDGE ( 'NONE', *, *, #8732, .T. ) ;
#1100 = PLANE ( 'NONE',  #4609 ) ;
#1101 = FACE_OUTER_BOUND ( 'NONE', #2234, .T. ) ;
#1102 = CARTESIAN_POINT ( 'NONE',  ( 5.321054836578879232, 4.578440100032789672, -0.9251131233400490261 ) ) ;
#1103 = EDGE_CURVE ( 'NONE', #1908, #12939, #4746, .T. ) ;
#1104 = CARTESIAN_POINT ( 'NONE',  ( 2.740115085247985416, 9.987806976109879997, -6.266384221354700301 ) ) ;
#1105 = DIRECTION ( 'NONE',  ( 1.000000000000000000, 0.000000000000000000, 0.000000000000000000 ) ) ;
#1106 = CARTESIAN_POINT ( 'NONE',  ( -6.750000000000000000, 16.69999999999999929, 15.19999999999999929 ) ) ;
#1107 = CARTESIAN_POINT ( 'NONE',  ( -5.149861993732639753, 10.12774193481510032, 8.550000000000000711 ) ) ;
#1108 = VERTEX_POINT ( 'NONE', #5597 ) ;
#1109 = ORIENTED_EDGE ( 'NONE', *, *, #5705, .F. ) ;
#1110 = ORIENTED_EDGE ( 'NONE', *, *, #2051, .T. ) ;
#1111 = EDGE_CURVE ( 'NONE', #2877, #4142, #9267, .T. ) ;
#1112 = VECTOR ( 'NONE', #11128, 1000.000000000000000 ) ;
#1113 = AXIS2_PLACEMENT_3D ( 'NONE', #6442, #4672, #11589 ) ;
#1114 = AXIS2_PLACEMENT_3D ( 'NONE', #10628, #6842, #11702 ) ;
#1115 = ORIENTED_EDGE ( 'NONE', *, *, #11700, .F. ) ;
#1116 = CIRCLE ( 'NONE', #8842, 0.6757002964063579808 ) ;
#1117 = DIRECTION ( 'NONE',  ( 0.000000000000000000, 0.3303504247281054407, -0.9438583563660176701 ) ) ;
#1118 = DIRECTION ( 'NONE',  ( 0.000000000000000000, 0.000000000000000000, 1.000000000000000000 ) ) ;
#1119 = DIRECTION ( 'NONE',  ( 1.000000000000000000, 0.000000000000000000, 0.000000000000000000 ) ) ;
#1120 = FACE_OUTER_BOUND ( 'NONE', #10225, .T. ) ;
#1121 = ORIENTED_EDGE ( 'NONE', *, *, #215, .T. ) ;
#1122 = CIRCLE ( 'NONE', #2673, 1.500000000000000000 ) ;
#1123 = CARTESIAN_POINT ( 'NONE',  ( 2.643096200187379452, 10.06700254793009286, 3.612422075613636263 ) ) ;
#1124 = DIRECTION ( 'NONE',  ( 0.000000000000000000, -0.9438583563660177811, 0.3303504247281049411 ) ) ;
#1125 = EDGE_CURVE ( 'NONE', #5116, #8228, #9155, .T. ) ;
#1126 = AXIS2_PLACEMENT_3D ( 'NONE', #9046, #2078, #10103 ) ;
#1127 = CARTESIAN_POINT ( 'NONE',  ( 5.678458962475629868, 1.505729346728055029, -15.15000000000000036 ) ) ;
#1128 = EDGE_CURVE ( 'NONE', #9952, #8913, #13540, .T. ) ;
#1129 = EDGE_CURVE ( 'NONE', #12722, #3242, #8841, .T. ) ;
#1130 = DIRECTION ( 'NONE',  ( 1.000000000000000000, 1.000179639958741938E-16, 0.000000000000000000 ) ) ;
#1131 = ADVANCED_FACE ( 'NONE', ( #93 ), #5193, .F. ) ;
#1132 = DIRECTION ( 'NONE',  ( 0.1470157664652034235, 0.1470157664652034235, 0.9781476007338042455 ) ) ;
#1133 = ORIENTED_EDGE ( 'NONE', *, *, #7885, .T. ) ;
#1134 = CARTESIAN_POINT ( 'NONE',  ( -7.014921993108779397, 16.26222191265249961, 13.54999999999999893 ) ) ;
#1135 = ORIENTED_EDGE ( 'NONE', *, *, #1976, .F. ) ;
#1136 = DIRECTION ( 'NONE',  ( 0.000000000000000000, 1.000000000000000000, 0.000000000000000000 ) ) ;
#1137 = ORIENTED_EDGE ( 'NONE', *, *, #8253, .T. ) ;
#1138 = DIRECTION ( 'NONE',  ( 0.7071067811865415775, 0.7071067811865535679, 0.000000000000000000 ) ) ;
#1139 = VECTOR ( 'NONE', #1285, 1000.000000000000000 ) ;
#1140 = ORIENTED_EDGE ( 'NONE', *, *, #13142, .T. ) ;
#1141 = LINE ( 'NONE', #11573, #1013 ) ;
#1142 = EDGE_CURVE ( 'NONE', #1308, #9611, #4605, .T. ) ;
#1143 = VECTOR ( 'NONE', #3918, 1000.000000000000000 ) ;
#1144 = AXIS2_PLACEMENT_3D ( 'NONE', #3539, #4532, #12724 ) ;
#1145 = DIRECTION ( 'NONE',  ( 0.5735764363510511554, -0.8191520442889882458, 0.000000000000000000 ) ) ;
#1146 = VECTOR ( 'NONE', #12970, 1000.000000000000000 ) ;
#1147 = ORIENTED_EDGE ( 'NONE', *, *, #7563, .F. ) ;
#1148 = CARTESIAN_POINT ( 'NONE',  ( -0.9000476708424469674, 10.66194478217150099, -3.050000000000000266 ) ) ;
#1149 = DIRECTION ( 'NONE',  ( 0.000000000000000000, 1.000000000000000000, 0.000000000000000000 ) ) ;
#1150 = CARTESIAN_POINT ( 'NONE',  ( 2.386561694654710131, 9.634253585516599827, -15.15000000000000036 ) ) ;
#1151 = DIRECTION ( 'NONE',  ( 0.000000000000000000, 0.000000000000000000, -1.000000000000000000 ) ) ;
#1152 = CARTESIAN_POINT ( 'NONE',  ( 2.486029765733794861, 3.200000000000000178, 15.75000000000000000 ) ) ;
#1153 = VERTEX_POINT ( 'NONE', #13179 ) ;
#1154 = DIRECTION ( 'NONE',  ( 1.000000000000000000, 0.000000000000000000, 0.000000000000000000 ) ) ;
#1155 = ORIENTED_EDGE ( 'NONE', *, *, #4883, .F. ) ;
#1156 = ORIENTED_EDGE ( 'NONE', *, *, #4841, .T. ) ;
#1157 = CARTESIAN_POINT ( 'NONE',  ( -3.775451385280815142, 16.42485207100589761, 5.200000000000000178 ) ) ;
#1158 = LINE ( 'NONE', #13076, #9958 ) ;
#1159 = ADVANCED_FACE ( 'NONE', ( #13437 ), #8207, .T. ) ;
#1160 = DIRECTION ( 'NONE',  ( -0.5735764363510499342, 0.8191520442889891340, 0.000000000000000000 ) ) ;
#1161 = CARTESIAN_POINT ( 'NONE',  ( -2.850000000000000089, -4.000000000000000000, -12.37500000000000000 ) ) ;
#1162 = ORIENTED_EDGE ( 'NONE', *, *, #10197, .F. ) ;
#1163 = VECTOR ( 'NONE', #13530, 1000.000000000000000 ) ;
#1164 = CARTESIAN_POINT ( 'NONE',  ( -2.850000000000000089, -4.000000000000000000, -1.850000000000000089 ) ) ;
#1165 = CARTESIAN_POINT ( 'NONE',  ( -5.316253523062870023, 17.49725182388110056, -0.4000000000000000222 ) ) ;
#1166 = LINE ( 'NONE', #13079, #9920 ) ;
#1167 = LINE ( 'NONE', #87, #9940 ) ;
#1168 = DIRECTION ( 'NONE',  ( 0.3420201433256691015, -0.9396926207859082059, 0.000000000000000000 ) ) ;
#1169 = CARTESIAN_POINT ( 'NONE',  ( -5.250000000000000000, 16.69999999999999929, 5.299999999999999822 ) ) ;
#1170 = AXIS2_PLACEMENT_3D ( 'NONE', #9123, #1386, #2464 ) ;
#1171 = ORIENTED_EDGE ( 'NONE', *, *, #11994, .F. ) ;
#1172 = VECTOR ( 'NONE', #4017, 1000.000000000000000 ) ;
#1173 = EDGE_CURVE ( 'NONE', #9637, #8446, #13348, .T. ) ;
#1174 = EDGE_CURVE ( 'NONE', #2346, #1409, #4420, .T. ) ;
#1175 = CARTESIAN_POINT ( 'NONE',  ( -2.047200543544549944, 12.30024887074950080, 3.550000000000000266 ) ) ;
#1176 = EDGE_LOOP ( 'NONE', ( #8676, #13010, #6467, #1797, #13298, #6897 ) ) ;
#1177 = DIRECTION ( 'NONE',  ( 0.000000000000000000, 0.000000000000000000, 1.000000000000000000 ) ) ;
#1178 = ORIENTED_EDGE ( 'NONE', *, *, #11665, .F. ) ;
#1179 = CARTESIAN_POINT ( 'NONE',  ( -1.530854753362479892, 11.74577986658169948, -6.450000000000000178 ) ) ;
#1180 = EDGE_LOOP ( 'NONE', ( #4408, #851, #3694, #2375 ) ) ;
#1181 = DIRECTION ( 'NONE',  ( 0.000000000000000000, 0.000000000000000000, 1.000000000000000000 ) ) ;
#1182 = CARTESIAN_POINT ( 'NONE',  ( 2.850000000000000089, -4.000000000000000000, 8.149999999999998579 ) ) ;
#1183 = DIRECTION ( 'NONE',  ( 0.000000000000000000, 0.000000000000000000, 1.000000000000000000 ) ) ;
#1184 = PRODUCT_CONTEXT ( 'NONE', #5350, 'mechanical' ) ;
#1185 = ORIENTED_EDGE ( 'NONE', *, *, #6907, .T. ) ;
#1186 = VECTOR ( 'NONE', #186, 1000.000000000000000 ) ;
#1187 = VECTOR ( 'NONE', #15, 1000.000000000000114 ) ;
#1188 = EDGE_CURVE ( 'NONE', #6194, #2180, #4631, .T. ) ;
#1189 = VECTOR ( 'NONE', #1315, 1000.000000000000000 ) ;
#1190 = ORIENTED_EDGE ( 'NONE', *, *, #4996, .T. ) ;
#1191 = CARTESIAN_POINT ( 'NONE',  ( -6.750000000000000000, 16.69999999999999929, 5.200000000000000178 ) ) ;
#1192 = VECTOR ( 'NONE', #9959, 1000.000000000000000 ) ;
#1193 = CARTESIAN_POINT ( 'NONE',  ( -5.250000000000000000, 16.69999999999999929, 0.2000000000000000111 ) ) ;
#1194 = DIRECTION ( 'NONE',  ( -0.9702108924344295948, -0.1710743573134244355, -0.1715353854788749244 ) ) ;
#1195 = CARTESIAN_POINT ( 'NONE',  ( -2.149999999999999911, -3.500000000000000000, -2.550000000000000266 ) ) ;
#1196 = AXIS2_PLACEMENT_3D ( 'NONE', #13515, #12642, #2010 ) ;
#1197 = CARTESIAN_POINT ( 'NONE',  ( -5.250000000000000000, 16.69999999999999929, 0.2000000000000000111 ) ) ;
#1198 = EDGE_CURVE ( 'NONE', #7314, #12117, #4657, .T. ) ;
#1199 = DIRECTION ( 'NONE',  ( 0.000000000000000000, 0.000000000000000000, -1.000000000000000000 ) ) ;
#1200 = MANIFOLD_SOLID_BREP ( 'NONE', #9755 ) ;
#1201 = EDGE_CURVE ( 'NONE', #4188, #9953, #9542, .T. ) ;
#1202 = VERTEX_POINT ( 'NONE', #7379 ) ;
#1203 = ORIENTED_EDGE ( 'NONE', *, *, #12811, .F. ) ;
#1204 = ORIENTED_EDGE ( 'NONE', *, *, #7529, .F. ) ;
#1205 = UNCERTAINTY_MEASURE_WITH_UNIT (LENGTH_MEASURE( 1.000000000000000082E-05 ), #6265, 'distance_accuracy_value', 'NONE');
#1206 = EDGE_CURVE ( 'NONE', #10036, #8021, #9580, .T. ) ;
#1207 = VERTEX_POINT ( 'NONE', #4127 ) ;
#1208 = VECTOR ( 'NONE', #281, 1000.000000000000000 ) ;
#1209 = EDGE_CURVE ( 'NONE', #8696, #6725, #9371, .T. ) ;
#1210 = LINE ( 'NONE', #3118, #5776 ) ;
#1211 = CARTESIAN_POINT ( 'NONE',  ( -3.984748662560944954, 15.89430833868740045, -10.40000000000000036 ) ) ;
#1212 = AXIS2_PLACEMENT_3D ( 'NONE', #4964, #7072, #2832 ) ;
#1213 = CARTESIAN_POINT ( 'NONE',  ( -6.750000000000000000, 16.69999999999999929, 0.2000000000000000111 ) ) ;
#1214 = ADVANCED_FACE ( 'NONE', ( #392 ), #9306, .T. ) ;
#1215 = DIRECTION ( 'NONE',  ( 0.000000000000000000, 0.000000000000000000, 1.000000000000000000 ) ) ;
#1216 = CIRCLE ( 'NONE', #13016, 1.505000000000000338 ) ;
#1217 = ORIENTED_EDGE ( 'NONE', *, *, #8572, .F. ) ;
#1218 = CIRCLE ( 'NONE', #2515, 1.500000000000000000 ) ;
#1219 = CARTESIAN_POINT ( 'NONE',  ( -4.478428631448714725, 16.48862918074649997, -0.4000000000000000222 ) ) ;
#1220 = DIRECTION ( 'NONE',  ( -0.7692307692307711608, -0.6389710663783111366, 0.000000000000000000 ) ) ;
#1221 = LINE ( 'NONE', #5823, #5785 ) ;
#1222 = CARTESIAN_POINT ( 'NONE',  ( -5.001253558300190249, 7.790249504023520011, -10.14999999999999858 ) ) ;
#1223 = CARTESIAN_POINT ( 'NONE',  ( 2.486029765733794861, 3.200000000000000178, 15.84999999999999964 ) ) ;
#1224 = PLANE ( 'NONE',  #9470 ) ;
#1225 = VERTEX_POINT ( 'NONE', #4389 ) ;
#1226 = DIRECTION ( 'NONE',  ( 0.2908824500647800293, -0.9567587994078291525, 0.000000000000000000 ) ) ;
#1227 = ORIENTED_EDGE ( 'NONE', *, *, #10900, .T. ) ;
#1228 = DIRECTION ( 'NONE',  ( -0.8642748019537023207, -0.5030199466302391897, 0.000000000000000000 ) ) ;
#1229 = ORIENTED_EDGE ( 'NONE', *, *, #8264, .F. ) ;
#1230 = CARTESIAN_POINT ( 'NONE',  ( 1.219421292110005828, 3.575998638938560070, -15.84999999999999964 ) ) ;
#1231 = VERTEX_POINT ( 'NONE', #5207 ) ;
#1232 = FACE_OUTER_BOUND ( 'NONE', #5578, .T. ) ;
#1233 = VECTOR ( 'NONE', #1011, 1000.000000000000114 ) ;
#1234 = PLANE ( 'NONE',  #8144 ) ;
#1235 = VECTOR ( 'NONE', #271, 1000.000000000000114 ) ;
#1236 = EDGE_LOOP ( 'NONE', ( #7960, #2177, #1027, #8949, #4753, #6238, #8908, #8231, #3485, #284, #3672, #10583, #12165, #1681, #5686, #3093, #1133, #10373, #13422, #12289, #10560, #4524, #610, #8186, #1853, #13332, #3648, #6447, #9828, #8068, #6146, #8154, #471, #9438, #5251, #13337, #13020, #6457, #12788, #12137, #10976, #4277 ) ) ;
#1237 = AXIS2_PLACEMENT_3D ( 'NONE', #2450, #7682, #4546 ) ;
#1238 = LINE ( 'NONE', #8488, #10752 ) ;
#1239 = DIRECTION ( 'NONE',  ( 0.000000000000000000, -1.000000000000000000, 0.000000000000000000 ) ) ;
#1240 = LINE ( 'NONE', #12010, #5830 ) ;
#1241 = CARTESIAN_POINT ( 'NONE',  ( -6.208456599567469425, 17.85384615384614904, 8.550000000000000711 ) ) ;
#1242 = CARTESIAN_POINT ( 'NONE',  ( -2.850000000000000089, -3.500000000000000000, 8.149999999999998579 ) ) ;
#1243 = CARTESIAN_POINT ( 'NONE',  ( -3.649999999999999911, 11.17795660910094036, 15.84999999999999964 ) ) ;
#1244 = ADVANCED_FACE ( 'NONE', ( #255 ), #9374, .F. ) ;
#1245 = ORIENTED_EDGE ( 'NONE', *, *, #9477, .F. ) ;
#1246 = CARTESIAN_POINT ( 'NONE',  ( -6.077610530143179979, 9.327446567904038588, -11.44999999999999929 ) ) ;
#1247 = EDGE_CURVE ( 'NONE', #2729, #11171, #5195, .T. ) ;
#1248 = ORIENTED_EDGE ( 'NONE', *, *, #5005, .T. ) ;
#1249 = EDGE_LOOP ( 'NONE', ( #7721, #7971, #8795, #2258 ) ) ;
#1250 = SURFACE_STYLE_USAGE ( .BOTH. , #300 ) ;
#1251 = PLANE ( 'NONE',  #10559 ) ;
#1252 = ORIENTED_EDGE ( 'NONE', *, *, #4531, .T. ) ;
#1253 = LINE ( 'NONE', #6464, #6125 ) ;
#1254 = DIRECTION ( 'NONE',  ( 1.000000000000000000, 0.000000000000000000, 0.000000000000000000 ) ) ;
#1255 = DIRECTION ( 'NONE',  ( 1.000000000000000000, 0.000000000000000000, 0.000000000000000000 ) ) ;
#1256 = FACE_OUTER_BOUND ( 'NONE', #10309, .T. ) ;
#1257 = CARTESIAN_POINT ( 'NONE',  ( -1.500787922441104927, 11.75383624964603868, -6.450000000000000178 ) ) ;
#1258 = LINE ( 'NONE', #5170, #1283 ) ;
#1259 = CARTESIAN_POINT ( 'NONE',  ( -2.850000000000000089, 0.000000000000000000, 13.15000000000000036 ) ) ;
#1260 = DIRECTION ( 'NONE',  ( 1.000000000000000000, 0.000000000000000000, 0.000000000000000000 ) ) ;
#1261 = ORIENTED_EDGE ( 'NONE', *, *, #4290, .F. ) ;
#1262 = DIRECTION ( 'NONE',  ( 1.000000000000000000, 0.000000000000000000, 0.000000000000000000 ) ) ;
#1263 = CYLINDRICAL_SURFACE ( 'NONE', #1627, 1.500000000000000000 ) ;
#1264 = AXIS2_PLACEMENT_3D ( 'NONE', #11696, #2245, #4592 ) ;
#1265 = DIRECTION ( 'NONE',  ( 1.000000000000000000, 0.000000000000000000, 0.000000000000000000 ) ) ;
#1266 = EDGE_LOOP ( 'NONE', ( #1786, #4735, #11235, #1999 ) ) ;
#1267 = CARTESIAN_POINT ( 'NONE',  ( -0.3570126163490940363, 12.80209196523233928, 15.84999999999999964 ) ) ;
#1268 = EDGE_CURVE ( 'NONE', #6213, #7775, #9727, .T. ) ;
#1269 = ORIENTED_EDGE ( 'NONE', *, *, #6346, .T. ) ;
#1270 = CARTESIAN_POINT ( 'NONE',  ( -6.293015043061680025, 9.112042054985540318, -0.1499999999999999944 ) ) ;
#1271 = DIRECTION ( 'NONE',  ( -0.7071067811865475727, 0.7071067811865475727, 0.000000000000000000 ) ) ;
#1272 = VERTEX_POINT ( 'NONE', #5551 ) ;
#1273 = CARTESIAN_POINT ( 'NONE',  ( 1.926942286883454925, 7.972552649728219976, -2.250000000000000000 ) ) ;
#1274 = AXIS2_PLACEMENT_3D ( 'NONE', #7836, #7656, #6576 ) ;
#1275 = DIRECTION ( 'NONE',  ( -0.1736481776669269450, 0.9848077530122086864, 0.000000000000000000 ) ) ;
#1276 = CARTESIAN_POINT ( 'NONE',  ( 0.3938440955623530026, 9.859204231642589633, -15.15000000000000036 ) ) ;
#1277 = EDGE_CURVE ( 'NONE', #7492, #8094, #5147, .T. ) ;
#1278 = ADVANCED_FACE ( 'NONE', ( #9397 ), #358, .F. ) ;
#1279 = ORIENTED_EDGE ( 'NONE', *, *, #2613, .F. ) ;
#1280 = VECTOR ( 'NONE', #13395, 1000.000000000000000 ) ;
#1281 = CARTESIAN_POINT ( 'NONE',  ( 2.306154181162860084, 10.12774586688902190, 7.750000000000000000 ) ) ;
#1282 = LINE ( 'NONE', #8749, #6030 ) ;
#1283 = VECTOR ( 'NONE', #3112, 999.9999999999998863 ) ;
#1284 = VERTEX_POINT ( 'NONE', #11771 ) ;
#1285 = DIRECTION ( 'NONE',  ( 0.000000000000000000, -0.9438583563660177811, 0.3303504247281049411 ) ) ;
#1286 = LINE ( 'NONE', #6329, #1475 ) ;
#1287 = CARTESIAN_POINT ( 'NONE',  ( -5.250000000000000000, 16.69999999999999929, 15.19999999999999929 ) ) ;
#1288 = DIRECTION ( 'NONE',  ( 0.000000000000000000, 0.000000000000000000, 1.000000000000000000 ) ) ;
#1289 = CARTESIAN_POINT ( 'NONE',  ( -3.775451385280815142, 16.42485207100589761, 0.2000000000000000111 ) ) ;
#1290 = EDGE_CURVE ( 'NONE', #4953, #6260, #4815, .T. ) ;
#1291 = LINE ( 'NONE', #10356, #5855 ) ;
#1292 = CARTESIAN_POINT ( 'NONE',  ( 2.149999999999999911, 0.000000000000000000, 12.44999999999999929 ) ) ;
#1293 = DIRECTION ( 'NONE',  ( 0.000000000000000000, 0.000000000000000000, -1.000000000000000000 ) ) ;
#1294 = MECHANICAL_DESIGN_GEOMETRIC_PRESENTATION_REPRESENTATION (  '', ( #13067 ), #3752 ) ;
#1295 = VERTEX_POINT ( 'NONE', #5215 ) ;
#1296 = ORIENTED_EDGE ( 'NONE', *, *, #10783, .T. ) ;
#1297 = ORIENTED_EDGE ( 'NONE', *, *, #916, .T. ) ;
#1298 = EDGE_CURVE ( 'NONE', #7275, #3531, #9704, .T. ) ;
#1299 = ORIENTED_EDGE ( 'NONE', *, *, #9456, .F. ) ;
#1300 = AXIS2_PLACEMENT_3D ( 'NONE', #8351, #10446, #11191 ) ;
#1301 = LINE ( 'NONE', #2666, #1487 ) ;
#1302 = LINE ( 'NONE', #2865, #10743 ) ;
#1303 = DIRECTION ( 'NONE',  ( 0.1470157664652017304, 0.1470157664652017027, -0.9781476007338046896 ) ) ;
#1304 = CARTESIAN_POINT ( 'NONE',  ( -6.208456599567469425, 17.85384615384614904, 6.949999999999999289 ) ) ;
#1305 = DIRECTION ( 'NONE',  ( 0.000000000000000000, 0.000000000000000000, 1.000000000000000000 ) ) ;
#1306 = VECTOR ( 'NONE', #6337, 1000.000000000000114 ) ;
#1307 = ADVANCED_FACE ( 'NONE', ( #459 ), #12504, .F. ) ;
#1308 = VERTEX_POINT ( 'NONE', #13382 ) ;
#1309 = LINE ( 'NONE', #2114, #1425 ) ;
#1310 = CARTESIAN_POINT ( 'NONE',  ( 2.149999999999999911, -4.163697104677059890, -2.317706013363035389 ) ) ;
#1311 = CARTESIAN_POINT ( 'NONE',  ( -0.9000476708424469674, 10.66194478217150099, 8.550000000000000711 ) ) ;
#1312 = VECTOR ( 'NONE', #4568, 1000.000000000000000 ) ;
#1313 = CARTESIAN_POINT ( 'NONE',  ( -5.250000000000000000, 16.69999999999999929, -14.09999999999999964 ) ) ;
#1314 = LINE ( 'NONE', #9585, #10407 ) ;
#1315 = DIRECTION ( 'NONE',  ( 0.000000000000000000, 0.9438583563660177811, 0.3303504247281049411 ) ) ;
#1316 = AXIS2_PLACEMENT_3D ( 'NONE', #11926, #3664, #12947 ) ;
#1317 = DIRECTION ( 'NONE',  ( 1.000000000000000000, 0.000000000000000000, 0.000000000000000000 ) ) ;
#1318 = EDGE_LOOP ( 'NONE', ( #8295, #2606, #3045, #9968 ) ) ;
#1319 = ADVANCED_FACE ( 'NONE', ( #523 ), #9328, .F. ) ;
#1320 = DIRECTION ( 'NONE',  ( -1.000000000000000000, 0.000000000000000000, 0.000000000000000000 ) ) ;
#1321 = ORIENTED_EDGE ( 'NONE', *, *, #11077, .T. ) ;
#1322 = CARTESIAN_POINT ( 'NONE',  ( -5.250000000000000000, 16.69999999999999929, 3.550000000000000266 ) ) ;
#1323 = ORIENTED_EDGE ( 'NONE', *, *, #9191, .T. ) ;
#1324 = DIRECTION ( 'NONE',  ( 0.000000000000000000, 0.000000000000000000, -1.000000000000000000 ) ) ;
#1325 = VERTEX_POINT ( 'NONE', #13558 ) ;
#1326 = VECTOR ( 'NONE', #1145, 1000.000000000000000 ) ;
#1327 = LINE ( 'NONE', #12835, #6006 ) ;
#1328 = DIRECTION ( 'NONE',  ( 0.000000000000000000, 0.000000000000000000, 1.000000000000000000 ) ) ;
#1329 = VECTOR ( 'NONE', #7633, 1000.000000000000000 ) ;
#1330 = VERTEX_POINT ( 'NONE', #5298 ) ;
#1331 = EDGE_CURVE ( 'NONE', #10761, #11138, #5073, .T. ) ;
#1332 = CARTESIAN_POINT ( 'NONE',  ( -5.250000000000000000, 16.69999999999999929, -9.799999999999998934 ) ) ;
#1333 = FACE_OUTER_BOUND ( 'NONE', #2636, .T. ) ;
#1334 = DIRECTION ( 'NONE',  ( -1.000000000000000000, 0.000000000000000000, 0.000000000000000000 ) ) ;
#1335 = FACE_OUTER_BOUND ( 'NONE', #4004, .T. ) ;
#1336 = DIRECTION ( 'NONE',  ( -0.7071067811865470176, 0.7071067811865481278, 0.000000000000000000 ) ) ;
#1337 = CARTESIAN_POINT ( 'NONE',  ( -7.080000000000000071, 16.69999999999999929, -6.450000000000000178 ) ) ;
#1338 = CARTESIAN_POINT ( 'NONE',  ( 0.000000000000000000, 0.000000000000000000, -15.15000000000000036 ) ) ;
#1339 = DIRECTION ( 'NONE',  ( -0.5735764363510499342, 0.8191520442889891340, 0.000000000000000000 ) ) ;
#1340 = EDGE_LOOP ( 'NONE', ( #3402, #3840, #1245, #4428 ) ) ;
#1341 = ORIENTED_EDGE ( 'NONE', *, *, #12462, .F. ) ;
#1342 = ORIENTED_EDGE ( 'NONE', *, *, #5332, .F. ) ;
#1343 = STYLED_ITEM ( 'NONE', ( #10405 ), #7591 ) ;
#1344 = EDGE_CURVE ( 'NONE', #7370, #9193, #5121, .T. ) ;
#1345 = PLANE ( 'NONE',  #1731 ) ;
#1346 = VERTEX_POINT ( 'NONE', #2811 ) ;
#1347 = LINE ( 'NONE', #2337, #10491 ) ;
#1348 = CARTESIAN_POINT ( 'NONE',  ( -5.250000000000000000, 18.19999999999999929, -9.099999999999999645 ) ) ;
#1349 = FACE_OUTER_BOUND ( 'NONE', #10341, .T. ) ;
#1350 = EDGE_CURVE ( 'NONE', #2387, #877, #4842, .T. ) ;
#1351 = EDGE_CURVE ( 'NONE', #9145, #13105, #9627, .T. ) ;
#1352 = LINE ( 'NONE', #3551, #6181 ) ;
#1353 = EDGE_CURVE ( 'NONE', #9297, #1006, #575, .T. ) ;
#1354 = CARTESIAN_POINT ( 'NONE',  ( -0.3923679554084240073, 12.05962984498646051, 16.44999999999999929 ) ) ;
#1355 = CARTESIAN_POINT ( 'NONE',  ( 1.308303843626089868, 8.591191092985580369, 7.750000000000000000 ) ) ;
#1356 = VERTEX_POINT ( 'NONE', #12172 ) ;
#1357 = EDGE_CURVE ( 'NONE', #3963, #6870, #8391, .T. ) ;
#1358 = VECTOR ( 'NONE', #9446, 1000.000000000000000 ) ;
#1359 = FACE_OUTER_BOUND ( 'NONE', #837, .T. ) ;
#1360 = VECTOR ( 'NONE', #10708, 1000.000000000000000 ) ;
#1361 = CARTESIAN_POINT ( 'NONE',  ( -2.149999999999999911, -3.500000000000000000, -7.550000000000000711 ) ) ;
#1362 = EDGE_CURVE ( 'NONE', #12034, #5976, #9773, .T. ) ;
#1363 = ORIENTED_EDGE ( 'NONE', *, *, #5420, .T. ) ;
#1364 = DIRECTION ( 'NONE',  ( 0.000000000000000000, 0.000000000000000000, -1.000000000000000000 ) ) ;
#1365 = ORIENTED_EDGE ( 'NONE', *, *, #10783, .F. ) ;
#1366 = CARTESIAN_POINT ( 'NONE',  ( 2.306154181162860084, 10.12774586688902190, -2.250000000000035083 ) ) ;
#1367 = ORIENTED_EDGE ( 'NONE', *, *, #13339, .T. ) ;
#1368 = DIRECTION ( 'NONE',  ( -0.6389710663783122468, 0.7692307692307702727, 0.000000000000000000 ) ) ;
#1369 = PLANE ( 'NONE',  #1237 ) ;
#1370 = CARTESIAN_POINT ( 'NONE',  ( -6.750000000000000000, 16.69999999999999929, 11.95000000000000107 ) ) ;
#1371 = ORIENTED_EDGE ( 'NONE', *, *, #2997, .T. ) ;
#1372 = VECTOR ( 'NONE', #9937, 1000.000000000000000 ) ;
#1373 = PLANE ( 'NONE',  #8993 ) ;
#1374 = EDGE_CURVE ( 'NONE', #146, #10136, #597, .T. ) ;
#1375 = FACE_OUTER_BOUND ( 'NONE', #11892, .T. ) ;
#1376 = CIRCLE ( 'NONE', #8511, 1.500000000000000000 ) ;
#1377 = LINE ( 'NONE', #11984, #10297 ) ;
#1378 = ORIENTED_EDGE ( 'NONE', *, *, #7856, .T. ) ;
#1379 = DIRECTION ( 'NONE',  ( 0.000000000000000000, 0.000000000000000000, -1.000000000000000000 ) ) ;
#1380 = FACE_OUTER_BOUND ( 'NONE', #13126, .T. ) ;
#1381 = CARTESIAN_POINT ( 'NONE',  ( 2.850000000000000089, 2.200000000000000178, 15.84999999999999964 ) ) ;
#1382 = VECTOR ( 'NONE', #6975, 1000.000000000000000 ) ;
#1383 = EDGE_CURVE ( 'NONE', #2346, #3688, #413, .T. ) ;
#1384 = FACE_OUTER_BOUND ( 'NONE', #11162, .T. ) ;
#1385 = CARTESIAN_POINT ( 'NONE',  ( -2.850000000000000089, -4.000000000000000000, 8.149999999999998579 ) ) ;
#1386 = DIRECTION ( 'NONE',  ( 0.000000000000000000, 0.000000000000000000, -1.000000000000000000 ) ) ;
#1387 = EDGE_CURVE ( 'NONE', #9263, #3536, #5169, .T. ) ;
#1388 = AXIS2_PLACEMENT_3D ( 'NONE', #12968, #9757, #627 ) ;
#1389 = EDGE_LOOP ( 'NONE', ( #11403, #7372, #24, #5739 ) ) ;
#1390 = VERTEX_POINT ( 'NONE', #13473 ) ;
#1391 = EDGE_LOOP ( 'NONE', ( #11634, #7557, #4371, #9918 ) ) ;
#1392 = CARTESIAN_POINT ( 'NONE',  ( -5.149861993732639753, 10.12774193481510032, 13.54999999999999893 ) ) ;
#1393 = ADVANCED_FACE ( 'NONE', ( #347 ), #9206, .T. ) ;
#1394 = ORIENTED_EDGE ( 'NONE', *, *, #2986, .T. ) ;
#1395 = VECTOR ( 'NONE', #10432, 1000.000000000000000 ) ;
#1396 = VECTOR ( 'NONE', #6127, 1000.000000000000000 ) ;
#1398 =( NAMED_UNIT ( * ) SI_UNIT ( $, .STERADIAN. ) SOLID_ANGLE_UNIT ( ) );
#1397 = VECTOR ( 'NONE', #4650, 1000.000000000000000 ) ;
#1399 = DIRECTION ( 'NONE',  ( -0.7692307692307698286, -0.6389710663783129130, 0.000000000000000000 ) ) ;
#1400 = DIRECTION ( 'NONE',  ( 1.000000000000000000, 0.000000000000000000, 0.000000000000000000 ) ) ;
#1401 = CONICAL_SURFACE ( 'NONE', #595, 0.8748868766599399160, 0.2094395102393268593 ) ;
#1402 = ORIENTED_EDGE ( 'NONE', *, *, #10080, .F. ) ;
#1403 = CARTESIAN_POINT ( 'NONE',  ( 1.250000000000000000, 0.000000000000000000, 16.44999999999999929 ) ) ;
#1404 = PRESENTATION_STYLE_ASSIGNMENT (( #3186 ) ) ;
#1405 = CARTESIAN_POINT ( 'NONE',  ( -5.250000000000000000, 16.69999999999999929, 11.95000000000000107 ) ) ;
#1406 = LINE ( 'NONE', #2254, #5969 ) ;
#1407 = CARTESIAN_POINT ( 'NONE',  ( 2.149999999999999911, 0.000000000000000000, -11.84999999999999964 ) ) ;
#1408 = CARTESIAN_POINT ( 'NONE',  ( 2.033008304061434846, 9.987806976109879997, 16.44999999999999929 ) ) ;
#1409 = VERTEX_POINT ( 'NONE', #3064 ) ;
#1410 = DIRECTION ( 'NONE',  ( 0.000000000000000000, 0.000000000000000000, 1.000000000000000000 ) ) ;
#1411 = ORIENTED_EDGE ( 'NONE', *, *, #7037, .F. ) ;
#1412 = DIRECTION ( 'NONE',  ( 0.5735764363510511554, -0.8191520442889882458, 0.000000000000000000 ) ) ;
#1413 = ORIENTED_EDGE ( 'NONE', *, *, #10254, .F. ) ;
#1414 = DIRECTION ( 'NONE',  ( 0.000000000000000000, 0.000000000000000000, -1.000000000000000000 ) ) ;
#1415 = AXIS2_PLACEMENT_3D ( 'NONE', #7542, #8598, #9653 ) ;
#1416 = ORIENTED_EDGE ( 'NONE', *, *, #2214, .T. ) ;
#1417 = VECTOR ( 'NONE', #3078, 1000.000000000000000 ) ;
#1418 = VECTOR ( 'NONE', #6413, 1000.000000000000000 ) ;
#1419 = VECTOR ( 'NONE', #1379, 1000.000000000000000 ) ;
#1420 = DIRECTION ( 'NONE',  ( 0.000000000000000000, 1.000000000000000000, 0.000000000000000000 ) ) ;
#1421 = FACE_OUTER_BOUND ( 'NONE', #11489, .T. ) ;
#1422 = EDGE_CURVE ( 'NONE', #7273, #9564, #9677, .T. ) ;
#1423 = ADVANCED_FACE ( 'NONE', ( #9349 ), #617, .T. ) ;
#1424 = ORIENTED_EDGE ( 'NONE', *, *, #8168, .F. ) ;
#1425 = VECTOR ( 'NONE', #4193, 1000.000000000000000 ) ;
#1426 = EDGE_CURVE ( 'NONE', #5760, #12637, #642, .T. ) ;
#1427 = VECTOR ( 'NONE', #5632, 1000.000000000000000 ) ;
#1428 = VECTOR ( 'NONE', #3346, 1000.000000000000000 ) ;
#1429 = DIRECTION ( 'NONE',  ( -0.5735764363510499342, 0.8191520442889891340, 0.000000000000000000 ) ) ;
#1430 = DIRECTION ( 'NONE',  ( 0.000000000000000000, 0.000000000000000000, -1.000000000000000000 ) ) ;
#1431 = DIRECTION ( 'NONE',  ( 0.000000000000000000, 0.000000000000000000, -1.000000000000000000 ) ) ;
#1432 = CLOSED_SHELL ( 'NONE', ( #4364, #8658, #12971, #3864, #1817, #3056, #10101, #12214 ) ) ;
#1433 = ADVANCED_FACE ( 'NONE', ( #4937 ), #7610, .T. ) ;
#1434 = ORIENTED_EDGE ( 'NONE', *, *, #2956, .F. ) ;
#1435 = VERTEX_POINT ( 'NONE', #5532 ) ;
#1436 = CARTESIAN_POINT ( 'NONE',  ( -5.246999171586890220, 7.618176573118209838, 9.849999999999999645 ) ) ;
#1437 = DIRECTION ( 'NONE',  ( 1.000000000000000000, 0.000000000000000000, 0.000000000000000000 ) ) ;
#1438 = MECHANICAL_DESIGN_GEOMETRIC_PRESENTATION_REPRESENTATION (  '', ( #4571 ), #2535 ) ;
#1439 = VERTEX_POINT ( 'NONE', #9728 ) ;
#1440 = VECTOR ( 'NONE', #4787, 1000.000000000000114 ) ;
#1441 =( NAMED_UNIT ( * ) SI_UNIT ( $, .STERADIAN. ) SOLID_ANGLE_UNIT ( ) );
#1442 = VECTOR ( 'NONE', #6790, 1000.000000000000000 ) ;
#1443 = LINE ( 'NONE', #9812, #5600 ) ;
#1444 = ADVANCED_FACE ( 'NONE', ( #9467 ), #3662, .F. ) ;
#1445 = LINE ( 'NONE', #5733, #6032 ) ;
#1446 = CARTESIAN_POINT ( 'NONE',  ( -5.250000000000000000, 16.69999999999999929, 0.2999999999999999889 ) ) ;
#1447 = DIRECTION ( 'NONE',  ( -1.000000000000000000, 0.000000000000000000, 0.000000000000000000 ) ) ;
#1448 = ORIENTED_EDGE ( 'NONE', *, *, #3123, .T. ) ;
#1449 = FACE_OUTER_BOUND ( 'NONE', #4363, .T. ) ;
#1450 = EDGE_CURVE ( 'NONE', #5163, #7712, #4886, .T. ) ;
#1451 = VECTOR ( 'NONE', #2795, 1000.000000000000000 ) ;
#1452 = AXIS2_PLACEMENT_3D ( 'NONE', #4180, #235, #12466 ) ;
#1453 = LINE ( 'NONE', #12705, #1479 ) ;
#1454 = EDGE_CURVE ( 'NONE', #6744, #7273, #5238, .T. ) ;
#1455 = CARTESIAN_POINT ( 'NONE',  ( 6.180774708501559189, 5.698619215432440654, 15.75000000000000000 ) ) ;
#1456 = EDGE_LOOP ( 'NONE', ( #7451, #9218, #4621, #4207 ) ) ;
#1457 = CARTESIAN_POINT ( 'NONE',  ( -5.246999171586890220, 7.618176573118209838, 6.949999999999999289 ) ) ;
#1458 = ORIENTED_EDGE ( 'NONE', *, *, #3663, .F. ) ;
#1459 = CARTESIAN_POINT ( 'NONE',  ( -2.850000000000000089, -4.163697104677059890, 2.682293986636965055 ) ) ;
#1460 = ORIENTED_EDGE ( 'NONE', *, *, #1063, .T. ) ;
#1461 = CARTESIAN_POINT ( 'NONE',  ( 6.735268398951980373, 5.992653662405889037, -14.75000000000000000 ) ) ;
#1462 = DIRECTION ( 'NONE',  ( 1.000000000000000000, 0.000000000000000000, 0.000000000000000000 ) ) ;
#1463 = CARTESIAN_POINT ( 'NONE',  ( -5.334999999999999964, 3.364999999999999769, 16.44999999999999929 ) ) ;
#1464 = EDGE_CURVE ( 'NONE', #2617, #7176, #4912, .T. ) ;
#1465 = ORIENTED_EDGE ( 'NONE', *, *, #881, .F. ) ;
#1466 = LINE ( 'NONE', #12431, #10441 ) ;
#1467 = DIRECTION ( 'NONE',  ( 0.000000000000000000, 0.3303504247281054407, -0.9438583563660176701 ) ) ;
#1468 = VECTOR ( 'NONE', #11313, 1000.000000000000000 ) ;
#1469 = CIRCLE ( 'NONE', #9481, 0.8748868766599399160 ) ;
#1470 = AXIS2_PLACEMENT_3D ( 'NONE', #5105, #858, #2620 ) ;
#1471 = CARTESIAN_POINT ( 'NONE',  ( -2.850000000000000089, -4.163697104677059890, 7.682293986636969940 ) ) ;
#1472 = VECTOR ( 'NONE', #10476, 1000.000000000000000 ) ;
#1473 = EDGE_LOOP ( 'NONE', ( #1975, #1682, #5782, #1994, #10106, #4804 ) ) ;
#1474 = CARTESIAN_POINT ( 'NONE',  ( 4.330811839566824695, 5.568683097044850427, 2.750000000000000000 ) ) ;
#1475 = VECTOR ( 'NONE', #9268, 1000.000000000000114 ) ;
#1476 = CARTESIAN_POINT ( 'NONE',  ( -5.250000000000000000, 18.19999999999999929, 4.599999999999999645 ) ) ;
#1477 = DIRECTION ( 'NONE',  ( -0.6389710663783129130, 0.7692307692307697176, 0.000000000000000000 ) ) ;
#1478 = VECTOR ( 'NONE', #2642, 1000.000000000000000 ) ;
#1479 = VECTOR ( 'NONE', #288, 999.9999999999998863 ) ;
#1480 = EDGE_CURVE ( 'NONE', #9117, #6067, #9423, .T. ) ;
#1481 = AXIS2_PLACEMENT_3D ( 'NONE', #5788, #6884, #10973 ) ;
#1482 = ADVANCED_FACE ( 'NONE', ( #371 ), #5900, .F. ) ;
#1483 = ORIENTED_EDGE ( 'NONE', *, *, #7389, .T. ) ;
#1484 = EDGE_LOOP ( 'NONE', ( #11510, #9235, #3483, #12490 ) ) ;
#1485 = EDGE_LOOP ( 'NONE', ( #9413, #13333, #282, #8470, #8133 ) ) ;
#1486 = ORIENTED_EDGE ( 'NONE', *, *, #8741, .F. ) ;
#1487 = VECTOR ( 'NONE', #8878, 1000.000000000000000 ) ;
#1488 = LINE ( 'NONE', #10873, #2023 ) ;
#1490 = CARTESIAN_POINT ( 'NONE',  ( -2.149999999999999911, -3.500000000000000000, -11.84999999999999964 ) ) ;
#1489 = VECTOR ( 'NONE', #2681, 1000.000000000000000 ) ;
#1491 = DIRECTION ( 'NONE',  ( 0.000000000000000000, 0.000000000000000000, -1.000000000000000000 ) ) ;
#1492 = CARTESIAN_POINT ( 'NONE',  ( -5.149861993732639753, 10.12774193481510032, 13.54999999999999893 ) ) ;
#1493 = FACE_OUTER_BOUND ( 'NONE', #4071, .T. ) ;
#1494 = EDGE_CURVE ( 'NONE', #10192, #9531, #4986, .T. ) ;
#1495 = AXIS2_PLACEMENT_3D ( 'NONE', #1157, #11624, #12445 ) ;
#1496 = EDGE_LOOP ( 'NONE', ( #3259, #10591, #11668, #5227 ) ) ;
#1497 = VECTOR ( 'NONE', #5441, 1000.000000000000000 ) ;
#1498 = DIRECTION ( 'NONE',  ( 1.000000000000000000, 0.000000000000000000, 0.000000000000000000 ) ) ;
#1499 = DIRECTION ( 'NONE',  ( 0.000000000000000000, 0.000000000000000000, -1.000000000000000000 ) ) ;
#1500 = VECTOR ( 'NONE', #9824, 1000.000000000000114 ) ;
#1501 = DIRECTION ( 'NONE',  ( 0.000000000000000000, 0.000000000000000000, 1.000000000000000000 ) ) ;
#1502 = DIRECTION ( 'NONE',  ( -1.000000000000000000, 0.000000000000000000, 0.000000000000000000 ) ) ;
#1503 = LINE ( 'NONE', #12521, #3734 ) ;
#1504 = EDGE_CURVE ( 'NONE', #3686, #589, #10014, .T. ) ;
#1505 = DIRECTION ( 'NONE',  ( -1.000000000000000000, 0.000000000000000000, 0.000000000000000000 ) ) ;
#1506 = DIRECTION ( 'NONE',  ( 0.000000000000000000, 1.000000000000000000, 0.000000000000000000 ) ) ;
#1507 = ORIENTED_EDGE ( 'NONE', *, *, #3660, .T. ) ;
#1508 = CARTESIAN_POINT ( 'NONE',  ( 2.492470896134412861, 10.12514001325504687, 13.38081281482064000 ) ) ;
#1509 = CARTESIAN_POINT ( 'NONE',  ( 2.850000000000000089, -4.000000000000000000, 8.149999999999998579 ) ) ;
#1510 = EDGE_LOOP ( 'NONE', ( #7605, #5872, #10787, #9992 ) ) ;
#1511 = ORIENTED_EDGE ( 'NONE', *, *, #11388, .T. ) ;
#1512 = SURFACE_STYLE_USAGE ( .BOTH. , #2411 ) ;
#1513 = EDGE_CURVE ( 'NONE', #3405, #4852, #1059, .T. ) ;
#1514 = ORIENTED_EDGE ( 'NONE', *, *, #3645, .F. ) ;
#1515 = LINE ( 'NONE', #4694, #1440 ) ;
#1516 = VECTOR ( 'NONE', #5936, 1000.000000000000000 ) ;
#1517 = CIRCLE ( 'NONE', #10140, 1.500000000000000000 ) ;
#1518 = DIRECTION ( 'NONE',  ( 0.000000000000000000, 0.000000000000000000, 1.000000000000000000 ) ) ;
#1519 = VECTOR ( 'NONE', #925, 1000.000000000000114 ) ;
#1520 = VERTEX_POINT ( 'NONE', #13312 ) ;
#1521 = FACE_OUTER_BOUND ( 'NONE', #7351, .T. ) ;
#1522 = LINE ( 'NONE', #12154, #1451 ) ;
#1523 = AXIS2_PLACEMENT_3D ( 'NONE', #11331, #10319, #10060 ) ;
#1524 = DIRECTION ( 'NONE',  ( 0.000000000000000000, 0.000000000000000000, 1.000000000000000000 ) ) ;
#1525 = VECTOR ( 'NONE', #8250, 1000.000000000000114 ) ;
#1526 = EDGE_CURVE ( 'NONE', #8030, #1033, #5608, .T. ) ;
#1527 = DIRECTION ( 'NONE',  ( 0.000000000000000000, 0.000000000000000000, -1.000000000000000000 ) ) ;
#1528 = CARTESIAN_POINT ( 'NONE',  ( 2.475030032583884765, 7.424464904027790801, -3.550000000000000266 ) ) ;
#1529 = CARTESIAN_POINT ( 'NONE',  ( -1.250000000000000000, 0.000000000000000000, 16.44999999999999929 ) ) ;
#1530 = DIRECTION ( 'NONE',  ( 0.000000000000000000, 0.9438583563660177811, 0.3303504247281049411 ) ) ;
#1531 = EDGE_CURVE ( 'NONE', #13522, #9952, #842, .T. ) ;
#1532 = CLOSED_SHELL ( 'NONE', ( #2784, #5409, #10007, #2436, #8778, #9591, #5805, #5095, #4140, #5211, #5616, #8497, #7502, #10649, #9088, #10181, #10848, #10451, #8132, #3504, #11086, #2391, #7837, #47, #8376, #7865 ) ) ;
#1533 = EDGE_CURVE ( 'NONE', #12472, #9117, #5714, .T. ) ;
#1534 = EDGE_LOOP ( 'NONE', ( #3216, #12349, #12200, #7755 ) ) ;
#1535 = ORIENTED_EDGE ( 'NONE', *, *, #4504, .T. ) ;
#1536 = EDGE_CURVE ( 'NONE', #9205, #12765, #5695, .T. ) ;
#1537 = ADVANCED_FACE ( 'NONE', ( #10168 ), #9883, .T. ) ;
#1538 = DIRECTION ( 'NONE',  ( 0.000000000000000000, 0.000000000000000000, 1.000000000000000000 ) ) ;
#1539 = CARTESIAN_POINT ( 'NONE',  ( -0.9000476708424469674, 10.66194478217150099, -11.44999999999999929 ) ) ;
#1540 = ORIENTED_EDGE ( 'NONE', *, *, #2385, .T. ) ;
#1541 = LINE ( 'NONE', #12888, #10516 ) ;
#1542 = CARTESIAN_POINT ( 'NONE',  ( -1.250000000000000000, 0.000000000000000000, 16.44999999999999929 ) ) ;
#1543 = LINE ( 'NONE', #13347, #1418 ) ;
#1544 = AXIS2_PLACEMENT_3D ( 'NONE', #1385, #2463, #2985 ) ;
#1545 = FACE_OUTER_BOUND ( 'NONE', #405, .T. ) ;
#1546 = CARTESIAN_POINT ( 'NONE',  ( -3.984748662560944954, 15.89430833868740045, -4.100000000000000533 ) ) ;
#1547 = DIRECTION ( 'NONE',  ( 0.7071067811865474617, 0.7071067811865474617, 0.000000000000000000 ) ) ;
#1548 = EDGE_CURVE ( 'NONE', #10073, #10879, #10125, .T. ) ;
#1549 = VERTEX_POINT ( 'NONE', #9401 ) ;
#1550 = LINE ( 'NONE', #10589, #1497 ) ;
#1551 = CARTESIAN_POINT ( 'NONE',  ( -4.002709121030539663, 8.489437846237121832, 1.949999999999999956 ) ) ;
#1552 = LINE ( 'NONE', #8940, #10601 ) ;
#1553 = DIRECTION ( 'NONE',  ( 0.000000000000000000, 0.000000000000000000, 1.000000000000000000 ) ) ;
#1554 = VERTEX_POINT ( 'NONE', #7399 ) ;
#1555 = CARTESIAN_POINT ( 'NONE',  ( 4.330811839566820254, 5.568683097044850427, 5.250000000000000000 ) ) ;
#1556 = ORIENTED_EDGE ( 'NONE', *, *, #11471, .F. ) ;
#1557 = CARTESIAN_POINT ( 'NONE',  ( 2.317708822196413720, 10.13004184202785218, 12.57787661747995323 ) ) ;
#1558 = ORIENTED_EDGE ( 'NONE', *, *, #5665, .T. ) ;
#1559 = CARTESIAN_POINT ( 'NONE',  ( -5.809933491950640239, 18.09157266594019831, 9.599999999999999645 ) ) ;
#1560 = CARTESIAN_POINT ( 'NONE',  ( -6.293015043061680025, 9.112042054985540318, 16.44999999999999929 ) ) ;
#1561 = CARTESIAN_POINT ( 'NONE',  ( -2.850000000000000089, -4.000000000000000000, -2.550000000000000266 ) ) ;
#1562 = ORIENTED_EDGE ( 'NONE', *, *, #6427, .T. ) ;
#1563 = EDGE_CURVE ( 'NONE', #3715, #1715, #5495, .T. ) ;
#1564 = LINE ( 'NONE', #4600, #6199 ) ;
#1565 = DIRECTION ( 'NONE',  ( 0.000000000000000000, 1.000000000000000000, 0.000000000000000000 ) ) ;
#1566 = VECTOR ( 'NONE', #3204, 1000.000000000000000 ) ;
#1567 = LINE ( 'NONE', #9021, #11031 ) ;
#1568 = DIRECTION ( 'NONE',  ( 1.000000000000000000, 0.000000000000000000, 0.000000000000000000 ) ) ;
#1569 = ADVANCED_FACE ( 'NONE', ( #10084 ), #5677, .T. ) ;
#1570 = VECTOR ( 'NONE', #4394, 1000.000000000000000 ) ;
#1571 = EDGE_CURVE ( 'NONE', #6082, #7469, #10190, .T. ) ;
#1572 = ORIENTED_EDGE ( 'NONE', *, *, #6819, .T. ) ;
#1573 = AXIS2_PLACEMENT_3D ( 'NONE', #12146, #11811, #5854 ) ;
#1574 = VECTOR ( 'NONE', #10688, 1000.000000000000000 ) ;
#1575 = CARTESIAN_POINT ( 'NONE',  ( -7.080000000000000071, 16.69999999999999929, -6.450000000000000178 ) ) ;
#1576 = CIRCLE ( 'NONE', #6760, 0.5999999999999998668 ) ;
#1577 = CARTESIAN_POINT ( 'NONE',  ( -3.775451385280815142, 16.42485207100589761, -14.69999999999999929 ) ) ;
#1578 = DIRECTION ( 'NONE',  ( 2.478176394252580155E-15, 0.000000000000000000, -1.000000000000000000 ) ) ;
#1579 = ORIENTED_EDGE ( 'NONE', *, *, #7108, .T. ) ;
#1580 = EDGE_CURVE ( 'NONE', #8556, #8002, #732, .T. ) ;
#1581 = ORIENTED_EDGE ( 'NONE', *, *, #9980, .F. ) ;
#1582 = ORIENTED_EDGE ( 'NONE', *, *, #10151, .F. ) ;
#1583 = DIRECTION ( 'NONE',  ( 0.000000000000000000, 0.000000000000000000, -1.000000000000000000 ) ) ;
#1584 = ORIENTED_EDGE ( 'NONE', *, *, #11517, .T. ) ;
#1585 = LINE ( 'NONE', #6182, #1280 ) ;
#1586 = ORIENTED_EDGE ( 'NONE', *, *, #12427, .T. ) ;
#1587 = VECTOR ( 'NONE', #8921, 1000.000000000000000 ) ;
#1588 = VECTOR ( 'NONE', #6959, 1000.000000000000000 ) ;
#1589 = CARTESIAN_POINT ( 'NONE',  ( 2.475030032583884765, 7.424464904027790801, -0.9251131233400490261 ) ) ;
#1590 = LINE ( 'NONE', #1459, #10360 ) ;
#1591 = CARTESIAN_POINT ( 'NONE',  ( -2.399604646138564945, 13.25676273017529994, 6.949999999999999289 ) ) ;
#1592 = VERTEX_POINT ( 'NONE', #3122 ) ;
#1593 = FACE_OUTER_BOUND ( 'NONE', #13110, .T. ) ;
#1594 = CARTESIAN_POINT ( 'NONE',  ( -2.149999999999999911, -4.000000000000000000, 13.15000000000000036 ) ) ;
#1595 = CARTESIAN_POINT ( 'NONE',  ( -5.250000000000000000, 16.69999999999999929, 0.9000000000000000222 ) ) ;
#1596 = CYLINDRICAL_SURFACE ( 'NONE', #302, 0.5999999999999998668 ) ;
#1597 = AXIS2_PLACEMENT_3D ( 'NONE', #786, #11513, #5304 ) ;
#1598 = CARTESIAN_POINT ( 'NONE',  ( 3.341155849256549626, 9.386766212101310458, -13.54999999999999893 ) ) ;
#1599 = CARTESIAN_POINT ( 'NONE',  ( -5.250000000000000000, 16.69999999999999929, 10.20000000000000107 ) ) ;
#1600 = CIRCLE ( 'NONE', #9638, 1.500000000000000000 ) ;
#1601 = DIRECTION ( 'NONE',  ( -0.5735764363510499342, 0.8191520442889891340, 0.000000000000000000 ) ) ;
#1602 = ADVANCED_FACE ( 'NONE', ( #1120 ), #6417, .F. ) ;
#1603 = CARTESIAN_POINT ( 'NONE',  ( 2.498413735081429721, 1.749408130870685030, -15.15000000000000036 ) ) ;
#1604 = ORIENTED_EDGE ( 'NONE', *, *, #1685, .F. ) ;
#1605 = DIRECTION ( 'NONE',  ( 0.7071067811865470176, 0.7071067811865480168, 0.000000000000000000 ) ) ;
#1606 = EDGE_CURVE ( 'NONE', #6735, #3199, #5471, .T. ) ;
#1607 = DIRECTION ( 'NONE',  ( 0.5446390350150209780, 0.8386705679454279361, 0.000000000000000000 ) ) ;
#1608 = ORIENTED_EDGE ( 'NONE', *, *, #2920, .F. ) ;
#1609 = CARTESIAN_POINT ( 'NONE',  ( -0.9000476708424469674, 10.66194478217150099, -13.05000000000000071 ) ) ;
#1610 = VERTEX_POINT ( 'NONE', #2869 ) ;
#1611 = EDGE_CURVE ( 'NONE', #7256, #6764, #5583, .T. ) ;
#1612 = VERTEX_POINT ( 'NONE', #839 ) ;
#1613 = VECTOR ( 'NONE', #9487, 1000.000000000000000 ) ;
#1614 = VERTEX_POINT ( 'NONE', #5083 ) ;
#1615 = LINE ( 'NONE', #13018, #10420 ) ;
#1616 = CIRCLE ( 'NONE', #8332, 1.500000000000000000 ) ;
#1617 = LINE ( 'NONE', #10816, #5801 ) ;
#1618 = ORIENTED_EDGE ( 'NONE', *, *, #6795, .T. ) ;
#1619 = FACE_OUTER_BOUND ( 'NONE', #1944, .T. ) ;
#1620 = VECTOR ( 'NONE', #12953, 1000.000000000000000 ) ;
#1621 = CARTESIAN_POINT ( 'NONE',  ( 2.475030032583884765, 7.424464904027790801, 6.875113123340059751 ) ) ;
#1622 = LINE ( 'NONE', #12188, #1726 ) ;
#1623 = CARTESIAN_POINT ( 'NONE',  ( 3.588643222671839883, 9.139278838686021089, 10.25000000000000000 ) ) ;
#1624 = CARTESIAN_POINT ( 'NONE',  ( -3.775451385280815142, 16.42485207100589761, 10.20000000000000107 ) ) ;
#1625 = AXIS2_PLACEMENT_3D ( 'NONE', #3433, #13487, #1334 ) ;
#1626 = CARTESIAN_POINT ( 'NONE',  ( -5.149861993732639753, 10.12774193481510032, 13.54999999999999893 ) ) ;
#1627 = AXIS2_PLACEMENT_3D ( 'NONE', #9006, #5866, #9100 ) ;
#1628 = CARTESIAN_POINT ( 'NONE',  ( 2.850000000000000089, -4.000000000000000000, -1.850000000000000089 ) ) ;
#1629 = CARTESIAN_POINT ( 'NONE',  ( 2.559164477407499749, 7.554020587861660196, 6.842995457226010103 ) ) ;
#1630 =( NAMED_UNIT ( * ) PLANE_ANGLE_UNIT ( ) SI_UNIT ( $, .RADIAN. ) );
#1631 = ORIENTED_EDGE ( 'NONE', *, *, #2677, .F. ) ;
#1632 = ORIENTED_EDGE ( 'NONE', *, *, #5214, .F. ) ;
#1633 = VERTEX_POINT ( 'NONE', #13440 ) ;
#1634 = EDGE_CURVE ( 'NONE', #11754, #3575, #10034, .T. ) ;
#1635 = CARTESIAN_POINT ( 'NONE',  ( -5.250000000000000000, 16.69999999999999929, -9.099999999999999645 ) ) ;
#1636 = CARTESIAN_POINT ( 'NONE',  ( -7.014921993108779397, 16.26222191265249961, -1.449999999999999956 ) ) ;
#1637 = ORIENTED_EDGE ( 'NONE', *, *, #8500, .F. ) ;
#1638 = AXIS2_PLACEMENT_3D ( 'NONE', #199, #1431, #12900 ) ;
#1639 = VERTEX_POINT ( 'NONE', #5309 ) ;
#1640 = EDGE_CURVE ( 'NONE', #13105, #829, #1015, .T. ) ;
#1641 = DIRECTION ( 'NONE',  ( 0.000000000000000000, 0.000000000000000000, -1.000000000000000000 ) ) ;
#1642 = CIRCLE ( 'NONE', #7246, 1.000000000000027978 ) ;
#1643 = VECTOR ( 'NONE', #11917, 1000.000000000000114 ) ;
#1644 = FACE_OUTER_BOUND ( 'NONE', #13424, .T. ) ;
#1645 = CARTESIAN_POINT ( 'NONE',  ( 2.541927341104818439, 10.11273360903062724, -11.53650117963088206 ) ) ;
#1646 = CARTESIAN_POINT ( 'NONE',  ( -5.250000000000000000, 16.69999999999999929, 0.9000000000000000222 ) ) ;
#1647 = ORIENTED_EDGE ( 'NONE', *, *, #6565, .F. ) ;
#1648 = VECTOR ( 'NONE', #12027, 1000.000000000000000 ) ;
#1649 = PLANE ( 'NONE',  #5223 ) ;
#1650 = LINE ( 'NONE', #2471, #6136 ) ;
#1651 = VECTOR ( 'NONE', #12438, 1000.000000000000000 ) ;
#1652 = AXIS2_PLACEMENT_3D ( 'NONE', #3378, #11827, #2887 ) ;
#1653 = ORIENTED_EDGE ( 'NONE', *, *, #8277, .F. ) ;
#1654 = CARTESIAN_POINT ( 'NONE',  ( -5.001253558300190249, 7.790249504023520011, 3.550000000000000266 ) ) ;
#1655 = VERTEX_POINT ( 'NONE', #8438 ) ;
#1656 = CARTESIAN_POINT ( 'NONE',  ( 2.400039389503899390, 10.13620647960029864, 12.30631510443012289 ) ) ;
#1657 = ORIENTED_EDGE ( 'NONE', *, *, #13322, .F. ) ;
#1658 = CARTESIAN_POINT ( 'NONE',  ( -0.9718728952031370216, 13.13773506781796030, -8.050000000000000711 ) ) ;
#1659 = CARTESIAN_POINT ( 'NONE',  ( 4.330811839566824695, 5.568683097044850427, -7.250000000000000000 ) ) ;
#1660 = ADVANCED_FACE ( 'NONE', ( #5540 ), #8246, .F. ) ;
#1661 = ORIENTED_EDGE ( 'NONE', *, *, #11047, .F. ) ;
#1662 = FACE_OUTER_BOUND ( 'NONE', #10392, .T. ) ;
#1663 = EDGE_CURVE ( 'NONE', #5160, #3173, #9990, .T. ) ;
#1664 = DIRECTION ( 'NONE',  ( -1.000000000000000000, 0.000000000000000000, 0.000000000000000000 ) ) ;
#1665 = ORIENTED_EDGE ( 'NONE', *, *, #5425, .T. ) ;
#1666 = LINE ( 'NONE', #4640, #1442 ) ;
#1667 = CYLINDRICAL_SURFACE ( 'NONE', #13053, 1.000000000000028200 ) ;
#1668 = DIRECTION ( 'NONE',  ( -1.000000000000000000, 0.000000000000000000, 0.000000000000000000 ) ) ;
#1669 = LINE ( 'NONE', #8787, #10616 ) ;
#1670 = ADVANCED_FACE ( 'NONE', ( #10213 ), #996, .T. ) ;
#1671 = EDGE_LOOP ( 'NONE', ( #1075, #13127, #6362, #291 ) ) ;
#1672 = DIRECTION ( 'NONE',  ( 0.9659258262890700886, 0.2588190451025140226, 0.000000000000000000 ) ) ;
#1673 = LINE ( 'NONE', #5353, #10524 ) ;
#1674 = EDGE_CURVE ( 'NONE', #1655, #10005, #10062, .T. ) ;
#1675 = CARTESIAN_POINT ( 'NONE',  ( 7.289789233326869677, 5.438132828030980193, -15.15000000000000036 ) ) ;
#1676 = VECTOR ( 'NONE', #5989, 1000.000000000000114 ) ;
#1677 = CARTESIAN_POINT ( 'NONE',  ( 5.678458962475629868, 1.505729346728055029, 16.44999999999999929 ) ) ;
#1678 = LINE ( 'NONE', #9310, #1525 ) ;
#1679 = CARTESIAN_POINT ( 'NONE',  ( -3.775451385280815142, 16.42485207100589761, 10.20000000000000107 ) ) ;
#1680 = CARTESIAN_POINT ( 'NONE',  ( -2.850000000000000089, 0.000000000000000000, -11.84999999999999964 ) ) ;
#1681 = ORIENTED_EDGE ( 'NONE', *, *, #2689, .T. ) ;
#1682 = ORIENTED_EDGE ( 'NONE', *, *, #530, .F. ) ;
#1683 = EDGE_LOOP ( 'NONE', ( #10246, #3764, #6525, #12514 ) ) ;
#1684 = AXIS2_PLACEMENT_3D ( 'NONE', #11382, #4870, #11463 ) ;
#1685 = EDGE_CURVE ( 'NONE', #8203, #8317, #5653, .T. ) ;
#1686 = ORIENTED_EDGE ( 'NONE', *, *, #1724, .F. ) ;
#1687 = VECTOR ( 'NONE', #1265, 1000.000000000000000 ) ;
#1688 = ORIENTED_EDGE ( 'NONE', *, *, #13393, .F. ) ;
#1689 = FACE_OUTER_BOUND ( 'NONE', #4858, .T. ) ;
#1691 = CARTESIAN_POINT ( 'NONE',  ( -6.330983280564429272, 18.00135094402205027, 13.54999999999999893 ) ) ;
#1690 = VECTOR ( 'NONE', #508, 1000.000000000000000 ) ;
#1692 = DIRECTION ( 'NONE',  ( 0.000000000000000000, 0.000000000000000000, 1.000000000000000000 ) ) ;
#1693 = VECTOR ( 'NONE', #12589, 1000.000000000000000 ) ;
#1694 = DIRECTION ( 'NONE',  ( 1.000000000000000000, 0.000000000000000000, 0.000000000000000000 ) ) ;
#1695 = EDGE_LOOP ( 'NONE', ( #7135, #12338, #8987 ) ) ;
#1696 = COLOUR_RGB ( '',0.7921568627450980005, 0.8196078431372548767, 0.9333333333333333481 ) ;
#1697 = PLANE ( 'NONE',  #8851 ) ;
#1698 = CARTESIAN_POINT ( 'NONE',  ( 2.850000000000000089, -3.500000000000000000, 3.149999999999999911 ) ) ;
#1699 = LINE ( 'NONE', #3486, #1312 ) ;
#1700 = CARTESIAN_POINT ( 'NONE',  ( 2.475030032583884765, 7.424464904027790801, -13.54999999999999893 ) ) ;
#1701 = FACE_OUTER_BOUND ( 'NONE', #3667, .T. ) ;
#1702 = EDGE_CURVE ( 'NONE', #11955, #330, #1098, .T. ) ;
#1703 = CARTESIAN_POINT ( 'NONE',  ( -6.077610530143179979, 9.327446567904038588, 16.44999999999999929 ) ) ;
#1704 = DIRECTION ( 'NONE',  ( 0.6389710663783129130, -0.7692307692307697176, 0.000000000000000000 ) ) ;
#1705 = ORIENTED_EDGE ( 'NONE', *, *, #6228, .F. ) ;
#1706 = PLANE ( 'NONE',  #11845 ) ;
#1707 = CARTESIAN_POINT ( 'NONE',  ( -5.250000000000000000, 16.69999999999999929, -1.449999999999999956 ) ) ;
#1708 = ORIENTED_EDGE ( 'NONE', *, *, #4000, .T. ) ;
#1709 = PLANE ( 'NONE',  #4131 ) ;
#1710 = ORIENTED_EDGE ( 'NONE', *, *, #3434, .F. ) ;
#1711 = DIRECTION ( 'NONE',  ( -0.6916548014802249567, -0.6916548014802239575, 0.2079116908177665313 ) ) ;
#1712 = AXIS2_PLACEMENT_3D ( 'NONE', #10790, #8493, #4198 ) ;
#1713 = EDGE_LOOP ( 'NONE', ( #3003, #17, #12053, #3375, #12576 ) ) ;
#1714 = FACE_BOUND ( 'NONE', #2855, .T. ) ;
#1715 = VERTEX_POINT ( 'NONE', #450 ) ;
#1716 = EDGE_CURVE ( 'NONE', #3874, #5851, #5343, .T. ) ;
#1717 = LINE ( 'NONE', #5756, #1516 ) ;
#1718 = VECTOR ( 'NONE', #3116, 1000.000000000000114 ) ;
#1719 = DIRECTION ( 'NONE',  ( -1.000000000000000000, 0.000000000000000000, 0.000000000000000000 ) ) ;
#1720 = VECTOR ( 'NONE', #6956, 1000.000000000000000 ) ;
#1721 = ORIENTED_EDGE ( 'NONE', *, *, #8553, .T. ) ;
#1722 = LINE ( 'NONE', #3987, #6227 ) ;
#1723 = ORIENTED_EDGE ( 'NONE', *, *, #10876, .T. ) ;
#1724 = EDGE_CURVE ( 'NONE', #3175, #13425, #1167, .T. ) ;
#1725 = PLANE ( 'NONE',  #7217 ) ;
#1726 = VECTOR ( 'NONE', #2909, 1000.000000000000000 ) ;
#1727 = CARTESIAN_POINT ( 'NONE',  ( 2.149999999999999911, -4.163697104677059890, -12.31770601336304161 ) ) ;
#1728 = CARTESIAN_POINT ( 'NONE',  ( -5.149861993732639753, 10.12774193481510032, -1.449999999999999956 ) ) ;
#1729 = DIRECTION ( 'NONE',  ( 0.000000000000000000, 0.000000000000000000, -1.000000000000000000 ) ) ;
#1730 = DIRECTION ( 'NONE',  ( -0.8542610676133731706, -0.1506292747890529971, 0.4975428121645250612 ) ) ;
#1731 = AXIS2_PLACEMENT_3D ( 'NONE', #11135, #3452, #12998 ) ;
#1732 = VERTEX_POINT ( 'NONE', #7723 ) ;
#1733 = ORIENTED_EDGE ( 'NONE', *, *, #873, .F. ) ;
#1734 = CLOSED_SHELL ( 'NONE', ( #7056, #1393, #3248, #9780, #4058, #6160, #7912, #13362, #441, #5637, #9331, #1131, #7795, #3922, #5973, #4772, #10544, #10124, #97, #3817, #8526, #1537, #1214, #836, #7884, #7384 ) ) ;
#1735 = DIRECTION ( 'NONE',  ( 0.7071067811865470176, 0.7071067811865480168, 0.000000000000000000 ) ) ;
#1736 = ORIENTED_EDGE ( 'NONE', *, *, #7118, .T. ) ;
#1737 = LINE ( 'NONE', #2931, #11005 ) ;
#1738 = EDGE_LOOP ( 'NONE', ( #12909, #13445, #1804, #11577 ) ) ;
#1739 = DIRECTION ( 'NONE',  ( 0.000000000000000000, 0.000000000000000000, 1.000000000000000000 ) ) ;
#1740 = LINE ( 'NONE', #6445, #1788 ) ;
#1741 = CARTESIAN_POINT ( 'NONE',  ( -5.001253558300190249, 7.790249504023520011, -6.450000000000000178 ) ) ;
#1742 = VECTOR ( 'NONE', #4359, 1000.000000000000000 ) ;
#1743 = DIRECTION ( 'NONE',  ( 1.000000000000000000, 0.000000000000000000, 0.000000000000000000 ) ) ;
#1744 = CARTESIAN_POINT ( 'NONE',  ( -0.9000476708424469674, 10.66194478217150099, 6.949999999999999289 ) ) ;
#1745 = ORIENTED_EDGE ( 'NONE', *, *, #3980, .T. ) ;
#1746 = FACE_OUTER_BOUND ( 'NONE', #13308, .T. ) ;
#1747 = VERTEX_POINT ( 'NONE', #12876 ) ;
#1748 = VECTOR ( 'NONE', #6899, 1000.000000000000000 ) ;
#1749 = UNCERTAINTY_MEASURE_WITH_UNIT (LENGTH_MEASURE( 1.000000000000000082E-05 ), #11718, 'distance_accuracy_value', 'NONE');
#1750 = EDGE_CURVE ( 'NONE', #8623, #7275, #5735, .T. ) ;
#1751 = ADVANCED_FACE ( 'NONE', ( #9814 ), #9795, .T. ) ;
#1752 = PRODUCT ( '256-406', '256-406', '', ( #1184 ) ) ;
#1753 =( LENGTH_UNIT ( ) NAMED_UNIT ( * ) SI_UNIT ( .MILLI., .METRE. ) );
#1754 = ORIENTED_EDGE ( 'NONE', *, *, #10483, .T. ) ;
#1755 = DIRECTION ( 'NONE',  ( 1.000000000000000000, 0.000000000000000000, 0.000000000000000000 ) ) ;
#1756 = ORIENTED_EDGE ( 'NONE', *, *, #6004, .F. ) ;
#1757 = DIRECTION ( 'NONE',  ( 0.000000000000000000, 0.000000000000000000, -1.000000000000000000 ) ) ;
#1758 = ORIENTED_EDGE ( 'NONE', *, *, #13210, .T. ) ;
#1759 = PLANE ( 'NONE',  #4656 ) ;
#1760 = AXIS2_PLACEMENT_3D ( 'NONE', #10723, #11863, #9474 ) ;
#1761 = CARTESIAN_POINT ( 'NONE',  ( -5.250000000000000000, 16.69999999999999929, 5.200000000000000178 ) ) ;
#1762 = DIRECTION ( 'NONE',  ( 0.000000000000000000, 1.000000000000000000, 0.000000000000000000 ) ) ;
#1763 = EDGE_LOOP ( 'NONE', ( #4340, #4397, #12554, #12816 ) ) ;
#1764 = LINE ( 'NONE', #3998, #6291 ) ;
#1765 = CARTESIAN_POINT ( 'NONE',  ( -2.149999999999999911, -4.000000000000000000, -12.55000000000000071 ) ) ;
#1766 = ORIENTED_EDGE ( 'NONE', *, *, #2045, .T. ) ;
#1767 = CIRCLE ( 'NONE', #12898, 1.000000000000027978 ) ;
#1768 = LINE ( 'NONE', #2103, #10982 ) ;
#1769 = LINE ( 'NONE', #13017, #1956 ) ;
#1770 = ORIENTED_EDGE ( 'NONE', *, *, #1494, .T. ) ;
#1771 = LINE ( 'NONE', #3424, #11226 ) ;
#1772 = EDGE_CURVE ( 'NONE', #4786, #13064, #888, .T. ) ;
#1773 = CARTESIAN_POINT ( 'NONE',  ( 1.926942286883454925, 7.972552649728219976, 2.750000000000000000 ) ) ;
#1774 = VERTEX_POINT ( 'NONE', #12684 ) ;
#1775 = CARTESIAN_POINT ( 'NONE',  ( 2.149999999999999911, -4.000000000000000000, -7.550000000000000711 ) ) ;
#1776 = CARTESIAN_POINT ( 'NONE',  ( 1.926942286883454925, 7.972552649728219976, -8.349584923580570361 ) ) ;
#1777 = DIRECTION ( 'NONE',  ( 1.000000000000000000, 0.000000000000000000, 0.000000000000000000 ) ) ;
#1778 = ORIENTED_EDGE ( 'NONE', *, *, #10117, .F. ) ;
#1779 = VERTEX_POINT ( 'NONE', #7462 ) ;
#1780 = EDGE_LOOP ( 'NONE', ( #1869, #11518, #12658, #461 ) ) ;
#1781 = CARTESIAN_POINT ( 'NONE',  ( -1.500787922441104927, 11.75383624964603868, 1.949999999999999956 ) ) ;
#1782 = ADVANCED_FACE ( 'NONE', ( #5301 ), #9904, .T. ) ;
#1783 = AXIS2_PLACEMENT_3D ( 'NONE', #605, #11783, #12784 ) ;
#1784 = ORIENTED_EDGE ( 'NONE', *, *, #5652, .T. ) ;
#1785 = CIRCLE ( 'NONE', #3572, 1.505000000000000338 ) ;
#1786 = ORIENTED_EDGE ( 'NONE', *, *, #13191, .F. ) ;
#1787 = VECTOR ( 'NONE', #10802, 1000.000000000000114 ) ;
#1789 = SURFACE_SIDE_STYLE ('',( #731 ) ) ;
#1788 = VECTOR ( 'NONE', #3322, 1000.000000000000114 ) ;
#1790 = FACE_OUTER_BOUND ( 'NONE', #7852, .T. ) ;
#1791 = DIRECTION ( 'NONE',  ( 0.000000000000000000, 0.000000000000000000, -1.000000000000000000 ) ) ;
#1792 = VERTEX_POINT ( 'NONE', #9659 ) ;
#1793 = VECTOR ( 'NONE', #874, 1000.000000000000000 ) ;
#1794 = CARTESIAN_POINT ( 'NONE',  ( -1.442193645700395876, 12.96803417904112088, 8.550000000000000711 ) ) ;
#1795 = CARTESIAN_POINT ( 'NONE',  ( -5.001253558300190249, 7.790249504023520011, 9.849999999999999645 ) ) ;
#1796 = EDGE_CURVE ( 'NONE', #8881, #11333, #9966, .T. ) ;
#1797 = ORIENTED_EDGE ( 'NONE', *, *, #643, .F. ) ;
#1798 = CARTESIAN_POINT ( 'NONE',  ( 2.475030032583884765, 7.424464904027790801, -7.250000000000000000 ) ) ;
#1799 = VECTOR ( 'NONE', #13314, 1000.000000000000000 ) ;
#1800 = EDGE_CURVE ( 'NONE', #7469, #8213, #1617, .T. ) ;
#1801 = DIRECTION ( 'NONE',  ( 1.000000000000000000, 0.000000000000000000, 0.000000000000000000 ) ) ;
#1802 = ORIENTED_EDGE ( 'NONE', *, *, #11254, .F. ) ;
#1803 =( NAMED_UNIT ( * ) PLANE_ANGLE_UNIT ( ) SI_UNIT ( $, .RADIAN. ) );
#1804 = ORIENTED_EDGE ( 'NONE', *, *, #12978, .T. ) ;
#1805 = DIRECTION ( 'NONE',  ( 0.000000000000000000, 0.000000000000000000, 1.000000000000000000 ) ) ;
#1806 = ORIENTED_EDGE ( 'NONE', *, *, #5741, .F. ) ;
#1807 = CARTESIAN_POINT ( 'NONE',  ( 2.149999999999999911, 0.000000000000000000, -6.850000000000000533 ) ) ;
#1808 = EDGE_CURVE ( 'NONE', #4025, #6067, #10668, .T. ) ;
#1809 = EDGE_LOOP ( 'NONE', ( #10290, #10205, #9007, #11455 ) ) ;
#1810 = LINE ( 'NONE', #2442, #6651 ) ;
#1811 = ORIENTED_EDGE ( 'NONE', *, *, #10835, .F. ) ;
#1812 = LINE ( 'NONE', #2477, #10980 ) ;
#1813 = LINE ( 'NONE', #4003, #6387 ) ;
#1814 = AXIS2_PLACEMENT_3D ( 'NONE', #7951, #9112, #6159 ) ;
#1815 = CARTESIAN_POINT ( 'NONE',  ( -5.250000000000000000, 16.69999999999999929, -4.100000000000000533 ) ) ;
#1816 = AXIS2_PLACEMENT_3D ( 'NONE', #4916, #7027, #11244 ) ;
#1817 = ADVANCED_FACE ( 'NONE', ( #1545 ), #12591, .F. ) ;
#1818 = LINE ( 'NONE', #10964, #11150 ) ;
#1819 = ORIENTED_EDGE ( 'NONE', *, *, #6539, .T. ) ;
#1820 = LINE ( 'NONE', #8521, #10920 ) ;
#1821 = ORIENTED_EDGE ( 'NONE', *, *, #1357, .F. ) ;
#1822 = CARTESIAN_POINT ( 'NONE',  ( -5.246999171586890220, 7.618176573118209838, 11.95000000000000107 ) ) ;
#1823 = VECTOR ( 'NONE', #9660, 1000.000000000000000 ) ;
#1824 = EDGE_CURVE ( 'NONE', #11935, #5185, #10323, .T. ) ;
#1825 = EDGE_CURVE ( 'NONE', #8535, #5975, #1590, .T. ) ;
#1826 = FILL_AREA_STYLE_COLOUR ( '', #4106 ) ;
#1827 = DIRECTION ( 'NONE',  ( -0.7071067811865470176, 0.7071067811865481278, 0.000000000000000000 ) ) ;
#1828 = DIRECTION ( 'NONE',  ( 0.000000000000000000, 0.000000000000000000, -1.000000000000000000 ) ) ;
#1829 = AXIS2_PLACEMENT_3D ( 'NONE', #11821, #8833, #8563 ) ;
#1830 = DIRECTION ( 'NONE',  ( 0.5735764363510499342, -0.8191520442889891340, 0.000000000000000000 ) ) ;
#1831 = DIRECTION ( 'NONE',  ( 0.000000000000000000, 0.000000000000000000, -1.000000000000000000 ) ) ;
#1832 = EDGE_CURVE ( 'NONE', #2966, #9297, #1352, .T. ) ;
#1833 = ORIENTED_EDGE ( 'NONE', *, *, #11859, .T. ) ;
#1834 = DIRECTION ( 'NONE',  ( 1.000000000000000000, 0.000000000000000000, 0.000000000000000000 ) ) ;
#1835 = ORIENTED_EDGE ( 'NONE', *, *, #13063, .F. ) ;
#1836 = DIRECTION ( 'NONE',  ( 0.000000000000000000, 0.9438583563660177811, 0.3303504247281049411 ) ) ;
#1837 = ORIENTED_EDGE ( 'NONE', *, *, #8632, .F. ) ;
#1838 = VECTOR ( 'NONE', #8911, 1000.000000000000000 ) ;
#1839 = VERTEX_POINT ( 'NONE', #1270 ) ;
#1840 = DIRECTION ( 'NONE',  ( 0.000000000000000000, 0.000000000000000000, 1.000000000000000000 ) ) ;
#1841 = CIRCLE ( 'NONE', #1814, 1.500000000000000000 ) ;
#1842 = FACE_OUTER_BOUND ( 'NONE', #9913, .T. ) ;
#1843 = PLANE ( 'NONE',  #13353 ) ;
#1844 = CYLINDRICAL_SURFACE ( 'NONE', #11748, 0.6757002964063579808 ) ;
#1845 = CARTESIAN_POINT ( 'NONE',  ( -0.9000476708424469674, 10.66194478217150099, -8.050000000000000711 ) ) ;
#1846 = DIRECTION ( 'NONE',  ( 1.000000000000000000, 0.000000000000000000, 0.000000000000000000 ) ) ;
#1847 = AXIS2_PLACEMENT_3D ( 'NONE', #12915, #1168, #212 ) ;
#1848 = ORIENTED_EDGE ( 'NONE', *, *, #9551, .F. ) ;
#1849 = ORIENTED_EDGE ( 'NONE', *, *, #13210, .F. ) ;
#1850 = CIRCLE ( 'NONE', #11468, 1.500000000000000000 ) ;
#1851 = EDGE_CURVE ( 'NONE', #2036, #8422, #10338, .T. ) ;
#1852 = ADVANCED_FACE ( 'NONE', ( #1644 ), #6406, .F. ) ;
#1853 = ORIENTED_EDGE ( 'NONE', *, *, #2253, .T. ) ;
#1854 = CARTESIAN_POINT ( 'NONE',  ( -5.250000000000000000, 16.69999999999999929, 6.949999999999999289 ) ) ;
#1855 = ORIENTED_EDGE ( 'NONE', *, *, #10874, .T. ) ;
#1856 = DIRECTION ( 'NONE',  ( 0.000000000000000000, 0.000000000000000000, -1.000000000000000000 ) ) ;
#1857 = DIRECTION ( 'NONE',  ( 0.000000000000000000, 0.000000000000000000, 1.000000000000000000 ) ) ;
#1858 = CARTESIAN_POINT ( 'NONE',  ( 2.306190871640252382, 10.12775184507777482, -7.165018130904217131 ) ) ;
#1859 = EDGE_CURVE ( 'NONE', #4833, #11146, #1258, .T. ) ;
#1860 = VERTEX_POINT ( 'NONE', #9334 ) ;
#1861 = LINE ( 'NONE', #5513, #6697 ) ;
#1862 = EDGE_LOOP ( 'NONE', ( #5141, #9085, #13027, #13177, #12367, #10377, #453, #8810, #12531 ) ) ;
#1863 = VECTOR ( 'NONE', #8127, 1000.000000000000114 ) ;
#1864 = CARTESIAN_POINT ( 'NONE',  ( 2.149999999999999911, -3.500000000000000000, 7.450000000000000178 ) ) ;
#1865 = LINE ( 'NONE', #5700, #6679 ) ;
#1866 = ORIENTED_EDGE ( 'NONE', *, *, #10894, .T. ) ;
#1867 = FACE_OUTER_BOUND ( 'NONE', #11563, .T. ) ;
#1868 = DIRECTION ( 'NONE',  ( 0.7071067811865480168, 0.7071067811865470176, 0.000000000000000000 ) ) ;
#1869 = ORIENTED_EDGE ( 'NONE', *, *, #3392, .F. ) ;
#1870 = AXIS2_PLACEMENT_3D ( 'NONE', #241, #3126, #9350 ) ;
#1871 = CARTESIAN_POINT ( 'NONE',  ( -5.250000000000000000, 18.19999999999999929, 10.20000000000000107 ) ) ;
#1872 = FACE_OUTER_BOUND ( 'NONE', #9691, .T. ) ;
#1873 = DIRECTION ( 'NONE',  ( 0.000000000000000000, 0.000000000000000000, -1.000000000000000000 ) ) ;
#1874 = EDGE_CURVE ( 'NONE', #5439, #6925, #5918, .T. ) ;
#1875 = EDGE_LOOP ( 'NONE', ( #918, #6023, #12368, #9437 ) ) ;
#1876 = EDGE_CURVE ( 'NONE', #7187, #12209, #6204, .T. ) ;
#1877 = ORIENTED_EDGE ( 'NONE', *, *, #6152, .F. ) ;
#1878 = CARTESIAN_POINT ( 'NONE',  ( -7.500000000000000000, -3.500000000000000000, -6.850000000000000533 ) ) ;
#1879 = ORIENTED_EDGE ( 'NONE', *, *, #9234, .T. ) ;
#1880 = PRESENTATION_STYLE_ASSIGNMENT (( #7677 ) ) ;
#1881 = ORIENTED_EDGE ( 'NONE', *, *, #2127, .T. ) ;
#1882 = LINE ( 'NONE', #6251, #6293 ) ;
#1884 = CARTESIAN_POINT ( 'NONE',  ( -6.330983280564429272, 18.00135094402205027, 3.550000000000000266 ) ) ;
#1883 = VECTOR ( 'NONE', #5970, 1000.000000000000000 ) ;
#1885 = PLANE ( 'NONE',  #12092 ) ;
#1886 = EDGE_CURVE ( 'NONE', #2722, #13213, #5988, .T. ) ;
#1887 = DIRECTION ( 'NONE',  ( 1.000000000000000000, 0.000000000000000000, 0.000000000000000000 ) ) ;
#1888 = ORIENTED_EDGE ( 'NONE', *, *, #8341, .F. ) ;
#1889 = FACE_OUTER_BOUND ( 'NONE', #2584, .T. ) ;
#1890 = CARTESIAN_POINT ( 'NONE',  ( 1.926942286883454925, 7.972552649728219976, 1.875113123340059973 ) ) ;
#1891 = CARTESIAN_POINT ( 'NONE',  ( -1.442193645700395876, 12.96803417904112088, 1.949999999999999956 ) ) ;
#1892 = ORIENTED_EDGE ( 'NONE', *, *, #5585, .T. ) ;
#1893 = DIRECTION ( 'NONE',  ( -0.7071067811865410224, -0.7071067811865540120, 0.000000000000000000 ) ) ;
#1894 = DIRECTION ( 'NONE',  ( 0.000000000000000000, 0.000000000000000000, 1.000000000000000000 ) ) ;
#1895 = AXIS2_PLACEMENT_3D ( 'NONE', #8468, #8733, #10855 ) ;
#1896 = EDGE_CURVE ( 'NONE', #6784, #103, #1669, .T. ) ;
#1897 = CARTESIAN_POINT ( 'NONE',  ( -5.575000000000000178, 16.69999999999999929, -3.050000000000000266 ) ) ;
#1898 = EDGE_LOOP ( 'NONE', ( #8062, #1458, #10374, #6670, #4457, #1608, #1632, #3875, #12532, #8346, #13551, #3546, #4549, #11104 ) ) ;
#1899 = DIRECTION ( 'NONE',  ( 0.000000000000000000, 0.000000000000000000, -1.000000000000000000 ) ) ;
#1900 = CARTESIAN_POINT ( 'NONE',  ( -2.850000000000000089, -4.000000000000000000, -7.025000000000000355 ) ) ;
#1901 = DIRECTION ( 'NONE',  ( 0.000000000000000000, 0.000000000000000000, -1.000000000000000000 ) ) ;
#1902 = ORIENTED_EDGE ( 'NONE', *, *, #8966, .T. ) ;
#1903 = PLANE ( 'NONE',  #445 ) ;
#1904 = ADVANCED_FACE ( 'NONE', ( #6155 ), #12781, .F. ) ;
#1905 = ORIENTED_EDGE ( 'NONE', *, *, #4430, .F. ) ;
#1906 = EDGE_CURVE ( 'NONE', #13089, #6260, #5849, .T. ) ;
#1907 = LINE ( 'NONE', #3374, #1687 ) ;
#1908 = VERTEX_POINT ( 'NONE', #7548 ) ;
#1909 = VECTOR ( 'NONE', #9749, 1000.000000000000000 ) ;
#1910 = FACE_OUTER_BOUND ( 'NONE', #12308, .T. ) ;
#1911 = DIRECTION ( 'NONE',  ( 0.7071067811865470176, -0.7071067811865481278, 0.000000000000000000 ) ) ;
#1912 = VECTOR ( 'NONE', #4639, 1000.000000000000000 ) ;
#1913 = EDGE_CURVE ( 'NONE', #12907, #2877, #6132, .T. ) ;
#1914 = ADVANCED_FACE ( 'NONE', ( #10422 ), #70, .F. ) ;
#1915 = ORIENTED_EDGE ( 'NONE', *, *, #10557, .T. ) ;
#1916 = AXIS2_PLACEMENT_3D ( 'NONE', #7659, #8727, #10850 ) ;
#1917 = LINE ( 'NONE', #10173, #10896 ) ;
#1918 = ORIENTED_EDGE ( 'NONE', *, *, #2153, .T. ) ;
#1919 = CARTESIAN_POINT ( 'NONE',  ( -3.775451385280815142, 16.42485207100589761, -5.400000000000000355 ) ) ;
#1920 = FACE_OUTER_BOUND ( 'NONE', #7998, .T. ) ;
#1921 = CARTESIAN_POINT ( 'NONE',  ( 3.863453660807525392, 5.486275240474809856, 1.922616059659405074 ) ) ;
#1922 = CARTESIAN_POINT ( 'NONE',  ( -5.246999171586890220, 7.618176573118209838, 4.850000000000000533 ) ) ;
#1923 = CARTESIAN_POINT ( 'NONE',  ( -2.850000000000000089, 2.200000000000000178, 15.75000000000000000 ) ) ;
#1924 = CARTESIAN_POINT ( 'NONE',  ( -3.775451385280815142, 16.42485207100589761, -9.799999999999998934 ) ) ;
#1925 = CARTESIAN_POINT ( 'NONE',  ( 2.534775145998704904, 7.516464310934400039, -8.424716897872199795 ) ) ;
#1926 = PLANE ( 'NONE',  #6595 ) ;
#1927 = ORIENTED_EDGE ( 'NONE', *, *, #690, .T. ) ;
#1928 = ORIENTED_EDGE ( 'NONE', *, *, #2956, .T. ) ;
#1929 = DIRECTION ( 'NONE',  ( 0.000000000000000000, 1.000000000000000000, 0.000000000000000000 ) ) ;
#1930 = ORIENTED_EDGE ( 'NONE', *, *, #2951, .T. ) ;
#1931 = LINE ( 'NONE', #736, #1950 ) ;
#1932 = ORIENTED_EDGE ( 'NONE', *, *, #6484, .F. ) ;
#1933 = CARTESIAN_POINT ( 'NONE',  ( -6.656010512867519324, 6.656010512867519324, -15.15000000000000036 ) ) ;
#1934 = LINE ( 'NONE', #12167, #6435 ) ;
#1935 = ADVANCED_FACE ( 'NONE', ( #5759 ), #10402, .T. ) ;
#1936 = FACE_OUTER_BOUND ( 'NONE', #5640, .T. ) ;
#1937 = PLANE ( 'NONE',  #4281 ) ;
#1938 = ORIENTED_EDGE ( 'NONE', *, *, #5397, .T. ) ;
#1939 = ORIENTED_EDGE ( 'NONE', *, *, #3512, .F. ) ;
#1940 = AXIS2_PLACEMENT_3D ( 'NONE', #8568, #4005, #50 ) ;
#1941 = SURFACE_STYLE_FILL_AREA ( #9921 ) ;
#1942 = ORIENTED_EDGE ( 'NONE', *, *, #10396, .T. ) ;
#1943 = PLANE ( 'NONE',  #12256 ) ;
#1944 = EDGE_LOOP ( 'NONE', ( #12179, #9978, #3262, #3132 ) ) ;
#1945 = VERTEX_POINT ( 'NONE', #2124 ) ;
#1946 = CARTESIAN_POINT ( 'NONE',  ( -5.250000000000000000, 16.69999999999999929, 11.95000000000000107 ) ) ;
#1947 =( NAMED_UNIT ( * ) PLANE_ANGLE_UNIT ( ) SI_UNIT ( $, .RADIAN. ) );
#1948 = EDGE_CURVE ( 'NONE', #9636, #13533, #6225, .T. ) ;
#1949 = ORIENTED_EDGE ( 'NONE', *, *, #6611, .T. ) ;
#1950 = VECTOR ( 'NONE', #10570, 1000.000000000000000 ) ;
#1951 = CARTESIAN_POINT ( 'NONE',  ( -5.575000000000000178, 16.69999999999999929, -8.050000000000000711 ) ) ;
#1952 = EDGE_LOOP ( 'NONE', ( #1881, #3501, #9164, #10486 ) ) ;
#1953 = VECTOR ( 'NONE', #1215, 1000.000000000000000 ) ;
#1954 = DIRECTION ( 'NONE',  ( 0.000000000000000000, 0.000000000000000000, -1.000000000000000000 ) ) ;
#1955 =( NAMED_UNIT ( * ) PLANE_ANGLE_UNIT ( ) SI_UNIT ( $, .RADIAN. ) );
#1956 = VECTOR ( 'NONE', #6874, 1000.000000000000000 ) ;
#1957 = ORIENTED_EDGE ( 'NONE', *, *, #3758, .F. ) ;
#1958 = FACE_OUTER_BOUND ( 'NONE', #11850, .T. ) ;
#1959 = DIRECTION ( 'NONE',  ( 0.7071067811865470176, -0.7071067811865481278, 0.000000000000000000 ) ) ;
#1960 = ORIENTED_EDGE ( 'NONE', *, *, #8587, .F. ) ;
#1961 = DIRECTION ( 'NONE',  ( 1.000000000000000000, 0.000000000000000000, 0.000000000000000000 ) ) ;
#1962 = LINE ( 'NONE', #3679, #11158 ) ;
#1963 = CARTESIAN_POINT ( 'NONE',  ( -5.250000000000000000, 16.69999999999999929, -6.450000000000000178 ) ) ;
#1964 = CARTESIAN_POINT ( 'NONE',  ( 0.000000000000000000, -4.000000000000000000, -2.024999999999999911 ) ) ;
#1965 = DIRECTION ( 'NONE',  ( 1.000000000000000000, 0.000000000000000000, 0.000000000000000000 ) ) ;
#1966 = AXIS2_PLACEMENT_3D ( 'NONE', #4136, #5219, #12255 ) ;
#1967 = VERTEX_POINT ( 'NONE', #13352 ) ;
#1968 = ORIENTED_EDGE ( 'NONE', *, *, #12609, .T. ) ;
#1969 = ORIENTED_EDGE ( 'NONE', *, *, #7601, .T. ) ;
#1970 = DIRECTION ( 'NONE',  ( 0.000000000000000000, 0.000000000000000000, 1.000000000000000000 ) ) ;
#1971 = EDGE_CURVE ( 'NONE', #5481, #2346, #10644, .T. ) ;
#1972 = VERTEX_POINT ( 'NONE', #8016 ) ;
#1973 = AXIS2_PLACEMENT_3D ( 'NONE', #10248, #5877, #9115 ) ;
#1974 = CIRCLE ( 'NONE', #4083, 0.8748868766599399160 ) ;
#1975 = ORIENTED_EDGE ( 'NONE', *, *, #3279, .F. ) ;
#1976 = EDGE_CURVE ( 'NONE', #2281, #10709, #10569, .T. ) ;
#1978 = DIRECTION ( 'NONE',  ( 1.000000000000000000, 0.000000000000000000, 0.000000000000000000 ) ) ;
#1977 = CIRCLE ( 'NONE', #11325, 1.500000000000000000 ) ;
#1979 = CARTESIAN_POINT ( 'NONE',  ( 1.926942286883454925, 7.972552649728219976, 12.75000000000000000 ) ) ;
#1980 = LINE ( 'NONE', #1182, #10956 ) ;
#1981 = CARTESIAN_POINT ( 'NONE',  ( -5.250000000000000000, 16.69999999999999929, -1.449999999999999956 ) ) ;
#1982 = ORIENTED_EDGE ( 'NONE', *, *, #5955, .T. ) ;
#1983 = FACE_OUTER_BOUND ( 'NONE', #12887, .T. ) ;
#1984 = DIRECTION ( 'NONE',  ( 1.000000000000000000, 0.000000000000000000, 0.000000000000000000 ) ) ;
#1985 = DIRECTION ( 'NONE',  ( -0.000000000000000000, 1.000000000000000000, 0.000000000000000000 ) ) ;
#1986 = ORIENTED_EDGE ( 'NONE', *, *, #2414, .F. ) ;
#1987 = CARTESIAN_POINT ( 'NONE',  ( 2.149999999999999911, -3.500000000000000000, 2.449999999999999734 ) ) ;
#1988 = LINE ( 'NONE', #4241, #6541 ) ;
#1989 = EDGE_CURVE ( 'NONE', #9588, #261, #5825, .T. ) ;
#1990 = AXIS2_PLACEMENT_3D ( 'NONE', #5225, #101, #12435 ) ;
#1991 = VERTEX_POINT ( 'NONE', #174 ) ;
#1992 = CARTESIAN_POINT ( 'NONE',  ( -7.500000000000000000, -3.500000000000000000, -2.550000000000000266 ) ) ;
#1993 = CARTESIAN_POINT ( 'NONE',  ( -2.399604646138564945, 13.25676273017529994, -11.44999999999999929 ) ) ;
#1994 = ORIENTED_EDGE ( 'NONE', *, *, #4211, .F. ) ;
#1995 = CARTESIAN_POINT ( 'NONE',  ( -5.250000000000000000, 16.69999999999999929, -13.05000000000000071 ) ) ;
#1996 = ORIENTED_EDGE ( 'NONE', *, *, #12552, .T. ) ;
#1997 = ORIENTED_EDGE ( 'NONE', *, *, #8466, .T. ) ;
#1998 = LINE ( 'NONE', #7343, #6626 ) ;
#1999 = ORIENTED_EDGE ( 'NONE', *, *, #725, .F. ) ;
#2000 = LINE ( 'NONE', #5203, #6675 ) ;
#2001 = CIRCLE ( 'NONE', #796, 0.8748868766599399160 ) ;
#2002 = AXIS2_PLACEMENT_3D ( 'NONE', #3229, #8508, #5962 ) ;
#2003 = LINE ( 'NONE', #2104, #10985 ) ;
#2004 = ORIENTED_EDGE ( 'NONE', *, *, #7131, .F. ) ;
#2005 = CYLINDRICAL_SURFACE ( 'NONE', #2019, 1.500000000000000444 ) ;
#2006 = ORIENTED_EDGE ( 'NONE', *, *, #12469, .F. ) ;
#2007 = CARTESIAN_POINT ( 'NONE',  ( -0.9000476708424469674, 10.66194478217150099, 8.550000000000000711 ) ) ;
#2008 = LINE ( 'NONE', #1408, #6374 ) ;
#2009 = DIRECTION ( 'NONE',  ( 0.000000000000000000, -0.9438583563660177811, 0.3303504247281049411 ) ) ;
#2010 = DIRECTION ( 'NONE',  ( 0.000000000000000000, 0.000000000000000000, -1.000000000000000000 ) ) ;
#2011 = CARTESIAN_POINT ( 'NONE',  ( -5.250000000000000000, 16.69999999999999929, -1.449999999999999956 ) ) ;
#2012 = DIRECTION ( 'NONE',  ( 1.000000000000000000, 0.000000000000000000, 0.000000000000000000 ) ) ;
#2013 = CARTESIAN_POINT ( 'NONE',  ( 6.735268398951980373, 5.992653662405889037, 9.500000000000000000 ) ) ;
#2014 =( NAMED_UNIT ( * ) SI_UNIT ( $, .STERADIAN. ) SOLID_ANGLE_UNIT ( ) );
#2015 = EDGE_LOOP ( 'NONE', ( #583, #932 ) ) ;
#2016 = EDGE_CURVE ( 'NONE', #7622, #11204, #5869, .T. ) ;
#2017 = VERTEX_POINT ( 'NONE', #7986 ) ;
#2018 = ORIENTED_EDGE ( 'NONE', *, *, #938, .F. ) ;
#2019 = AXIS2_PLACEMENT_3D ( 'NONE', #3989, #6012, #11295 ) ;
#2020 = DIRECTION ( 'NONE',  ( 0.000000000000000000, 0.000000000000000000, -1.000000000000000000 ) ) ;
#2021 = VERTEX_POINT ( 'NONE', #12195 ) ;
#2022 = DIRECTION ( 'NONE',  ( 0.9659258262890700886, 0.2588190451025140226, 0.000000000000000000 ) ) ;
#2023 = VECTOR ( 'NONE', #11913, 1000.000000000000000 ) ;
#2024 = VECTOR ( 'NONE', #1565, 1000.000000000000000 ) ;
#2025 = PLANE ( 'NONE',  #10951 ) ;
#2026 = FACE_OUTER_BOUND ( 'NONE', #39, .T. ) ;
#2027 = DIRECTION ( 'NONE',  ( 0.000000000000000000, 0.000000000000000000, 1.000000000000000000 ) ) ;
#2028 = CARTESIAN_POINT ( 'NONE',  ( -5.250000000000000000, 16.69999999999999929, -0.4000000000000000222 ) ) ;
#2029 = ADVANCED_FACE ( 'NONE', ( #10274 ), #13059, .F. ) ;
#2030 = ORIENTED_EDGE ( 'NONE', *, *, #1606, .T. ) ;
#2031 = LINE ( 'NONE', #5061, #6615 ) ;
#2032 = ORIENTED_EDGE ( 'NONE', *, *, #1674, .F. ) ;
#2033 = FACE_OUTER_BOUND ( 'NONE', #5910, .T. ) ;
#2034 = EDGE_CURVE ( 'NONE', #3313, #7033, #1216, .T. ) ;
#2035 = EDGE_CURVE ( 'NONE', #3470, #2154, #1445, .T. ) ;
#2036 = VERTEX_POINT ( 'NONE', #8869 ) ;
#2037 = ORIENTED_EDGE ( 'NONE', *, *, #5084, .T. ) ;
#2038 = CARTESIAN_POINT ( 'NONE',  ( -2.149999999999999911, -3.945434298440979592, -12.00590200445433986 ) ) ;
#2039 = ORIENTED_EDGE ( 'NONE', *, *, #2691, .F. ) ;
#2040 = CARTESIAN_POINT ( 'NONE',  ( 2.386561694654710131, 9.634253585516599827, 16.44999999999999929 ) ) ;
#2041 = AXIS2_PLACEMENT_3D ( 'NONE', #1322, #10822, #8961 ) ;
#2042 = FACE_OUTER_BOUND ( 'NONE', #2667, .T. ) ;
#2043 = CARTESIAN_POINT ( 'NONE',  ( -5.246999171586890220, 7.618176573118209838, -0.1499999999999999944 ) ) ;
#2044 = ORIENTED_EDGE ( 'NONE', *, *, #9831, .F. ) ;
#2045 = EDGE_CURVE ( 'NONE', #3429, #6883, #10381, .T. ) ;
#2046 = LINE ( 'NONE', #9199, #11173 ) ;
#2047 = VECTOR ( 'NONE', #1124, 1000.000000000000000 ) ;
#2048 = DIRECTION ( 'NONE',  ( 0.7071067811865474617, -0.7071067811865474617, 0.000000000000000000 ) ) ;
#2049 = ORIENTED_EDGE ( 'NONE', *, *, #2082, .F. ) ;
#2050 = CIRCLE ( 'NONE', #7101, 1.000000000000027978 ) ;
#2051 = EDGE_CURVE ( 'NONE', #7173, #7609, #10520, .T. ) ;
#2052 = EDGE_CURVE ( 'NONE', #1153, #902, #5891, .T. ) ;
#2053 = ORIENTED_EDGE ( 'NONE', *, *, #2882, .T. ) ;
#2054 = ADVANCED_FACE ( 'NONE', ( #1421 ), #4588, .F. ) ;
#2055 = DIRECTION ( 'NONE',  ( 0.000000000000000000, 0.000000000000000000, -1.000000000000000000 ) ) ;
#2056 = EDGE_CURVE ( 'NONE', #7173, #4473, #1377, .T. ) ;
#2057 = FACE_OUTER_BOUND ( 'NONE', #12346, .T. ) ;
#2058 = CARTESIAN_POINT ( 'NONE',  ( -6.208456599567469425, 17.85384615384614904, 3.550000000000000266 ) ) ;
#2059 = DIRECTION ( 'NONE',  ( 1.000000000000000000, 0.000000000000000000, 0.000000000000000000 ) ) ;
#2060 = ADVANCED_FACE ( 'NONE', ( #1493 ), #1401, .F. ) ;
#2061 = CARTESIAN_POINT ( 'NONE',  ( 0.000000000000000000, -4.000000000000000000, -5.000000000000000000 ) ) ;
#2062 = VERTEX_POINT ( 'NONE', #5079 ) ;
#2063 = EDGE_LOOP ( 'NONE', ( #8812, #2511, #5100, #9679 ) ) ;
#2064 = ORIENTED_EDGE ( 'NONE', *, *, #12733, .T. ) ;
#2065 = CARTESIAN_POINT ( 'NONE',  ( -3.649999999999999911, 11.17795660910094036, 16.44999999999999929 ) ) ;
#2066 = DIRECTION ( 'NONE',  ( 0.7071067811865477948, -0.7071067811865471286, 0.000000000000000000 ) ) ;
#2067 = FACE_OUTER_BOUND ( 'NONE', #8022, .T. ) ;
#2068 = ORIENTED_EDGE ( 'NONE', *, *, #4172, .T. ) ;
#2069 = VECTOR ( 'NONE', #4385, 1000.000000000000000 ) ;
#2071 = CARTESIAN_POINT ( 'NONE',  ( 1.308303843626091867, 8.591191092985580369, -12.25000000000000000 ) ) ;
#2070 = LINE ( 'NONE', #9838, #2418 ) ;
#2072 = CARTESIAN_POINT ( 'NONE',  ( -2.149999999999999911, -4.000000000000000000, -12.37500000000000000 ) ) ;
#2073 = LINE ( 'NONE', #12643, #6561 ) ;
#2074 = EDGE_CURVE ( 'NONE', #1325, #3772, #10472, .T. ) ;
#2075 = DIRECTION ( 'NONE',  ( 0.000000000000000000, 0.000000000000000000, -1.000000000000000000 ) ) ;
#2076 = ORIENTED_EDGE ( 'NONE', *, *, #11300, .F. ) ;
#2077 = LINE ( 'NONE', #3902, #2096 ) ;
#2078 = DIRECTION ( 'NONE',  ( 0.000000000000000000, 0.000000000000000000, 1.000000000000000000 ) ) ;
#2079 = ORIENTED_EDGE ( 'NONE', *, *, #7790, .F. ) ;
#2080 = DIRECTION ( 'NONE',  ( 0.7071067811865415775, 0.7071067811865535679, 0.000000000000000000 ) ) ;
#2081 = CARTESIAN_POINT ( 'NONE',  ( 1.926942286883454925, 7.972552649728219976, 8.624886876659939361 ) ) ;
#2082 = EDGE_CURVE ( 'NONE', #6700, #2961, #6053, .T. ) ;
#2083 = VERTEX_POINT ( 'NONE', #8287 ) ;
#2084 = DIRECTION ( 'NONE',  ( 1.000000000000000000, 0.000000000000000000, 0.000000000000000000 ) ) ;
#2086 = EDGE_CURVE ( 'NONE', #5148, #4852, #10597, .T. ) ;
#2085 = SURFACE_SIDE_STYLE ('',( #10500 ) ) ;
#2087 = ORIENTED_EDGE ( 'NONE', *, *, #2689, .F. ) ;
#2088 = CARTESIAN_POINT ( 'NONE',  ( -5.809933491950640239, 18.09157266594019831, -0.4000000000000000222 ) ) ;
#2089 = ORIENTED_EDGE ( 'NONE', *, *, #9084, .F. ) ;
#2090 = AXIS2_PLACEMENT_3D ( 'NONE', #5817, #7808, #7630 ) ;
#2091 = VECTOR ( 'NONE', #4632, 1000.000000000000114 ) ;
#2092 = VERTEX_POINT ( 'NONE', #10479 ) ;
#2093 = LINE ( 'NONE', #772, #6701 ) ;
#2094 = LINE ( 'NONE', #11003, #11412 ) ;
#2095 = EDGE_LOOP ( 'NONE', ( #8607, #3992, #12233, #2894 ) ) ;
#2096 = VECTOR ( 'NONE', #5826, 1000.000000000000000 ) ;
#2097 = EDGE_CURVE ( 'NONE', #9047, #8421, #2003, .T. ) ;
#2098 = ORIENTED_EDGE ( 'NONE', *, *, #10600, .T. ) ;
#2099 = DIRECTION ( 'NONE',  ( 1.000000000000000000, 0.000000000000000000, 0.000000000000000000 ) ) ;
#2100 = CIRCLE ( 'NONE', #7219, 1.000000000000027978 ) ;
#2101 = CARTESIAN_POINT ( 'NONE',  ( 3.341155849256549626, 9.386766212101310458, -12.25000000000000000 ) ) ;
#2102 = CARTESIAN_POINT ( 'NONE',  ( -5.250000000000000000, 18.19999999999999929, 10.30000000000000071 ) ) ;
#2103 = CARTESIAN_POINT ( 'NONE',  ( -0.9000476708424469674, 10.66194478217150099, 8.550000000000000711 ) ) ;
#2104 = CARTESIAN_POINT ( 'NONE',  ( -3.775451385280815142, 16.42485207100589761, 5.200000000000000178 ) ) ;
#2105 = ADVANCED_FACE ( 'NONE', ( #11222 ), #1844, .T. ) ;
#2106 = CARTESIAN_POINT ( 'NONE',  ( -7.014921993108779397, 16.26222191265249961, 6.949999999999999289 ) ) ;
#2107 = EDGE_LOOP ( 'NONE', ( #11712, #6590, #3086, #6134 ) ) ;
#2108 = ORIENTED_EDGE ( 'NONE', *, *, #3315, .T. ) ;
#2109 = VERTEX_POINT ( 'NONE', #3033 ) ;
#2110 = ADVANCED_FACE ( 'NONE', ( #6490 ), #2118, .F. ) ;
#2111 = AXIS2_PLACEMENT_3D ( 'NONE', #771, #7032, #12237 ) ;
#2112 = COLOUR_RGB ( '',0.7921568627450980005, 0.8196078431372548767, 0.9333333333333333481 ) ;
#2113 = EDGE_LOOP ( 'NONE', ( #6516, #11717, #8286, #7491 ) ) ;
#2114 = CARTESIAN_POINT ( 'NONE',  ( 6.735268398951980373, 5.992653662405889037, -5.500000000000000000 ) ) ;
#2115 = SURFACE_STYLE_FILL_AREA ( #11422 ) ;
#2116 = LINE ( 'NONE', #13408, #11195 ) ;
#2117 = CARTESIAN_POINT ( 'NONE',  ( -4.734999999999999432, 3.364999999999999769, 16.44999999999999929 ) ) ;
#2118 = CYLINDRICAL_SURFACE ( 'NONE', #4697, 1.000000000000028200 ) ;
#2119 = CARTESIAN_POINT ( 'NONE',  ( -5.149861993732639753, 10.12774193481510032, -11.44999999999999929 ) ) ;
#2120 = DIRECTION ( 'NONE',  ( 0.000000000000000000, -1.000000000000000000, 0.000000000000000000 ) ) ;
#2121 = ORIENTED_EDGE ( 'NONE', *, *, #12777, .F. ) ;
#2122 = SURFACE_STYLE_FILL_AREA ( #3796 ) ;
#2123 = EDGE_CURVE ( 'NONE', #7590, #8954, #1980, .T. ) ;
#2124 = CARTESIAN_POINT ( 'NONE',  ( -7.080000000000000071, 16.69999999999999929, 11.95000000000000107 ) ) ;
#2125 = ORIENTED_EDGE ( 'NONE', *, *, #7231, .F. ) ;
#2126 = FACE_OUTER_BOUND ( 'NONE', #7938, .T. ) ;
#2127 = EDGE_CURVE ( 'NONE', #7036, #426, #11130, .T. ) ;
#2128 = ORIENTED_EDGE ( 'NONE', *, *, #9234, .F. ) ;
#2129 = ORIENTED_EDGE ( 'NONE', *, *, #3345, .T. ) ;
#2130 = CARTESIAN_POINT ( 'NONE',  ( -1.850000000000000089, 3.200000000000000178, 15.75000000000000000 ) ) ;
#2131 = EDGE_LOOP ( 'NONE', ( #5462, #4100, #11597, #8629 ) ) ;
#2132 = DIRECTION ( 'NONE',  ( 0.000000000000000000, 0.000000000000000000, 1.000000000000000000 ) ) ;
#2133 =( LENGTH_UNIT ( ) NAMED_UNIT ( * ) SI_UNIT ( .MILLI., .METRE. ) );
#2134 = DIRECTION ( 'NONE',  ( 0.000000000000000000, 0.000000000000000000, -1.000000000000000000 ) ) ;
#2135 = VERTEX_POINT ( 'NONE', #12385 ) ;
#2136 = LINE ( 'NONE', #3054, #6721 ) ;
#2137 = VECTOR ( 'NONE', #8509, 1000.000000000000000 ) ;
#2138 = CARTESIAN_POINT ( 'NONE',  ( -5.250000000000000000, 16.69999999999999929, 5.200000000000000178 ) ) ;
#2139 = AXIS2_PLACEMENT_3D ( 'NONE', #623, #8065, #4763 ) ;
#2140 =( LENGTH_UNIT ( ) NAMED_UNIT ( * ) SI_UNIT ( .MILLI., .METRE. ) );
#2141 = VECTOR ( 'NONE', #2012, 1000.000000000000000 ) ;
#2142 = VERTEX_POINT ( 'NONE', #12301 ) ;
#2143 = LINE ( 'NONE', #5919, #6440 ) ;
#2144 = DIRECTION ( 'NONE',  ( -0.7071067811865475727, -0.7071067811865475727, 0.000000000000000000 ) ) ;
#2145 = VERTEX_POINT ( 'NONE', #3203 ) ;
#2146 = CARTESIAN_POINT ( 'NONE',  ( -2.399604646138564945, 13.25676273017529994, -3.050000000000000266 ) ) ;
#2147 = LINE ( 'NONE', #5995, #1799 ) ;
#2148 = EDGE_CURVE ( 'NONE', #6483, #9764, #11243, .T. ) ;
#2149 = PLANE ( 'NONE',  #9036 ) ;
#2150 = CARTESIAN_POINT ( 'NONE',  ( 1.926942286883454925, 7.972552649728219976, -13.12488687665993936 ) ) ;
#2151 = DIRECTION ( 'NONE',  ( 0.000000000000000000, 0.000000000000000000, 1.000000000000000000 ) ) ;
#2152 = AXIS2_PLACEMENT_3D ( 'NONE', #5668, #10936, #8008 ) ;
#2153 = EDGE_CURVE ( 'NONE', #5422, #2352, #2165, .T. ) ;
#2154 = VERTEX_POINT ( 'NONE', #8387 ) ;
#2155 = VERTEX_POINT ( 'NONE', #11649 ) ;
#2156 = ORIENTED_EDGE ( 'NONE', *, *, #3907, .T. ) ;
#2157 = DIRECTION ( 'NONE',  ( 0.000000000000000000, 0.000000000000000000, -1.000000000000000000 ) ) ;
#2158 = FACE_BOUND ( 'NONE', #7373, .T. ) ;
#2159 = ORIENTED_EDGE ( 'NONE', *, *, #4248, .F. ) ;
#2160 = LINE ( 'NONE', #7124, #10789 ) ;
#2162 = DIRECTION ( 'NONE',  ( 0.000000000000000000, 0.000000000000000000, 1.000000000000000000 ) ) ;
#2161 = LINE ( 'NONE', #8451, #2231 ) ;
#2163 = EDGE_CURVE ( 'NONE', #2246, #7565, #2073, .T. ) ;
#2164 = CARTESIAN_POINT ( 'NONE',  ( 0.000000000000000000, -4.000000000000000000, -2.375000000000000000 ) ) ;
#2165 = LINE ( 'NONE', #8481, #10893 ) ;
#2166 = CARTESIAN_POINT ( 'NONE',  ( -2.850000000000000089, 0.000000000000000000, -7.550000000000000711 ) ) ;
#2167 = CARTESIAN_POINT ( 'NONE',  ( -5.250000000000000000, 16.69999999999999929, 8.550000000000000711 ) ) ;
#2168 = AXIS2_PLACEMENT_3D ( 'NONE', #4061, #8248, #7151 ) ;
#2169 = VERTEX_POINT ( 'NONE', #2947 ) ;
#2170 = FACE_OUTER_BOUND ( 'NONE', #11317, .T. ) ;
#2171 = DIRECTION ( 'NONE',  ( 0.000000000000000000, 0.000000000000000000, -1.000000000000000000 ) ) ;
#2172 = ORIENTED_EDGE ( 'NONE', *, *, #8341, .T. ) ;
#2173 = ADVANCED_FACE ( 'NONE', ( #1936 ), #11560, .F. ) ;
#2174 = B_SPLINE_CURVE_WITH_KNOTS ( 'NONE', 3,
 ( #5107, #951, #10411, #13546, #3950, #7211, #3143, #13372, #1858, #10245 ),
 .UNSPECIFIED., .F., .F.,
 ( 4, 2, 2, 2, 4 ),
 ( 0.000000000000000000, 0.2500000000000000000, 0.5000000000000000000, 0.7500000000000000000, 1.000000000000000000 ),
 .UNSPECIFIED. ) ;
#2175 = VECTOR ( 'NONE', #5901, 1000.000000000000227 ) ;
#2176 = ADVANCED_FACE ( 'NONE', ( #6389 ), #10387, .F. ) ;
#2177 = ORIENTED_EDGE ( 'NONE', *, *, #570, .T. ) ;
#2178 = AXIS2_PLACEMENT_3D ( 'NONE', #5351, #12560, #9626 ) ;
#2179 = PLANE ( 'NONE',  #2491 ) ;
#2180 = VERTEX_POINT ( 'NONE', #7348 ) ;
#2181 =( LENGTH_UNIT ( ) NAMED_UNIT ( * ) SI_UNIT ( .MILLI., .METRE. ) );
#2182 = VERTEX_POINT ( 'NONE', #7509 ) ;
#2183 = DIRECTION ( 'NONE',  ( -0.9702108924344295948, -0.1710743573134244355, -0.1715353854788749244 ) ) ;
#2184 = CARTESIAN_POINT ( 'NONE',  ( -6.293015043061680025, 9.112042054985540318, -5.150000000000000355 ) ) ;
#2185 = EDGE_LOOP ( 'NONE', ( #9673, #3087, #268, #7664, #9766, #8318 ) ) ;
#2186 = LINE ( 'NONE', #10906, #11056 ) ;
#2187 = CIRCLE ( 'NONE', #12846, 1.505000000000000338 ) ;
#2188 = ORIENTED_EDGE ( 'NONE', *, *, #8995, .F. ) ;
#2189 = FACE_OUTER_BOUND ( 'NONE', #11187, .T. ) ;
#2190 = EDGE_CURVE ( 'NONE', #5888, #6700, #6322, .T. ) ;
#2191 = DIRECTION ( 'NONE',  ( 0.000000000000000000, 0.000000000000000000, 1.000000000000000000 ) ) ;
#2192 = VERTEX_POINT ( 'NONE', #11479 ) ;
#2193 =( GEOMETRIC_REPRESENTATION_CONTEXT ( 3 ) GLOBAL_UNCERTAINTY_ASSIGNED_CONTEXT ( ( #1749 ) ) GLOBAL_UNIT_ASSIGNED_CONTEXT ( ( #11718, #12812, #10554 ) ) REPRESENTATION_CONTEXT ( 'NONE', 'WORKASPACE' ) );
#2194 = CARTESIAN_POINT ( 'NONE',  ( -3.984748662560944954, 15.89430833868740045, 0.9000000000000000222 ) ) ;
#2195 = LINE ( 'NONE', #531, #6687 ) ;
#2196 = DIRECTION ( 'NONE',  ( 1.000000000000000000, 0.000000000000000000, 0.000000000000000000 ) ) ;
#2197 = DIRECTION ( 'NONE',  ( 0.8191520442889891340, 0.5735764363510499342, 0.000000000000000000 ) ) ;
#2198 = DIRECTION ( 'NONE',  ( -1.000000000000000000, 0.000000000000000000, 0.000000000000000000 ) ) ;
#2199 = DIRECTION ( 'NONE',  ( -0.7692307692307711608, -0.6389710663783111366, 0.000000000000000000 ) ) ;
#2200 = ORIENTED_EDGE ( 'NONE', *, *, #2123, .T. ) ;
#2201 = EDGE_CURVE ( 'NONE', #8847, #11349, #11087, .T. ) ;
#2202 = ORIENTED_EDGE ( 'NONE', *, *, #9454, .T. ) ;
#2203 = ORIENTED_EDGE ( 'NONE', *, *, #8361, .F. ) ;
#2204 = DIRECTION ( 'NONE',  ( -0.5735764363510499342, 0.8191520442889891340, 0.000000000000000000 ) ) ;
#2205 = EDGE_LOOP ( 'NONE', ( #511, #7778, #7996, #10671 ) ) ;
#2206 = CARTESIAN_POINT ( 'NONE',  ( -1.500787922441104927, 11.75383624964603868, 11.95000000000000107 ) ) ;
#2207 = VECTOR ( 'NONE', #13493, 999.9999999999998863 ) ;
#2208 = DIRECTION ( 'NONE',  ( -1.000000000000000000, 0.000000000000000000, 0.000000000000000000 ) ) ;
#2209 = EDGE_CURVE ( 'NONE', #10437, #1945, #10793, .T. ) ;
#2210 = VECTOR ( 'NONE', #10801, 1000.000000000000000 ) ;
#2211 = CARTESIAN_POINT ( 'NONE',  ( -2.442193645700425186, 12.96803417904112088, 6.949999999999999289 ) ) ;
#2212 = DIRECTION ( 'NONE',  ( 0.1470157664652034235, 0.1470157664652034235, 0.9781476007338042455 ) ) ;
#2213 = ORIENTED_EDGE ( 'NONE', *, *, #10372, .F. ) ;
#2214 = EDGE_CURVE ( 'NONE', #3070, #5952, #6368, .T. ) ;
#2215 = ORIENTED_EDGE ( 'NONE', *, *, #8580, .F. ) ;
#2216 = LINE ( 'NONE', #8960, #6420 ) ;
#2217 = ORIENTED_EDGE ( 'NONE', *, *, #12657, .F. ) ;
#2218 = AXIS2_PLACEMENT_3D ( 'NONE', #6685, #2435, #401 ) ;
#2219 = EDGE_CURVE ( 'NONE', #8710, #3236, #10815, .T. ) ;
#2220 = ORIENTED_EDGE ( 'NONE', *, *, #10141, .T. ) ;
#2221 = VERTEX_POINT ( 'NONE', #1093 ) ;
#2222 = DIRECTION ( 'NONE',  ( -1.000000000000000000, 0.000000000000000000, 0.000000000000000000 ) ) ;
#2223 = ORIENTED_EDGE ( 'NONE', *, *, #8487, .T. ) ;
#2224 = EDGE_CURVE ( 'NONE', #12632, #7002, #10915, .T. ) ;
#2225 = CARTESIAN_POINT ( 'NONE',  ( -3.775451385280815142, 16.42485207100589761, 0.2000000000000000111 ) ) ;
#2226 = CARTESIAN_POINT ( 'NONE',  ( -5.250000000000000000, 16.69999999999999929, 14.59999999999999964 ) ) ;
#2227 = EDGE_CURVE ( 'NONE', #11164, #11686, #1865, .T. ) ;
#2228 = CARTESIAN_POINT ( 'NONE',  ( -5.809933491950640239, 18.09157266594019831, 14.59999999999999964 ) ) ;
#2229 = CARTESIAN_POINT ( 'NONE',  ( -5.250000000000000000, 16.69999999999999929, 4.599999999999999645 ) ) ;
#2230 = ORIENTED_EDGE ( 'NONE', *, *, #2052, .T. ) ;
#2231 = VECTOR ( 'NONE', #3088, 1000.000000000000000 ) ;
#2232 = DIRECTION ( 'NONE',  ( -0.7692307692307702727, -0.6389710663783122468, 0.000000000000000000 ) ) ;
#2233 = ORIENTED_EDGE ( 'NONE', *, *, #11072, .T. ) ;
#2234 = EDGE_LOOP ( 'NONE', ( #9063, #518, #9129, #7148 ) ) ;
#2235 = AXIS2_PLACEMENT_3D ( 'NONE', #4055, #10531, #11608 ) ;
#2236 = LINE ( 'NONE', #2661, #10941 ) ;
#2237 = DIRECTION ( 'NONE',  ( -1.000000000000000000, 0.000000000000000000, -2.478176394252580155E-15 ) ) ;
#2238 = EDGE_CURVE ( 'NONE', #6637, #9189, #6748, .T. ) ;
#2239 = ORIENTED_EDGE ( 'NONE', *, *, #1886, .F. ) ;
#2240 = CARTESIAN_POINT ( 'NONE',  ( -5.575000000000000178, 16.69999999999999929, 13.54999999999999893 ) ) ;
#2241 = ADVANCED_FACE ( 'NONE', ( #6247 ), #4455, .F. ) ;
#2242 = LINE ( 'NONE', #6298, #6802 ) ;
#2243 = DIRECTION ( 'NONE',  ( -0.7071067811865474617, 0.7071067811865474617, 0.000000000000000000 ) ) ;
#2244 = DIRECTION ( 'NONE',  ( -0.7071067811865474617, 0.7071067811865474617, 0.000000000000000000 ) ) ;
#2245 = DIRECTION ( 'NONE',  ( -0.7692307692307702727, -0.6389710663783122468, 0.000000000000000000 ) ) ;
#2246 = VERTEX_POINT ( 'NONE', #12077 ) ;
#2247 = ORIENTED_EDGE ( 'NONE', *, *, #2920, .T. ) ;
#2248 = ORIENTED_EDGE ( 'NONE', *, *, #11206, .F. ) ;
#2249 = CARTESIAN_POINT ( 'NONE',  ( -4.002709121030539663, 8.489437846237121832, 6.949999999999999289 ) ) ;
#2250 = ORIENTED_EDGE ( 'NONE', *, *, #4754, .F. ) ;
#2252 = CARTESIAN_POINT ( 'NONE',  ( -0.8348048779877901282, 12.32429970359363836, -15.15000000000000036 ) ) ;
#2251 = CIRCLE ( 'NONE', #3245, 1.505000000000000338 ) ;
#2253 = EDGE_CURVE ( 'NONE', #10157, #11146, #10938, .T. ) ;
#2254 = CARTESIAN_POINT ( 'NONE',  ( -0.003459225755823794844, 12.44853857463906088, 16.44999999999999929 ) ) ;
#2255 = VECTOR ( 'NONE', #3492, 1000.000000000000114 ) ;
#2256 = ORIENTED_EDGE ( 'NONE', *, *, #9941, .T. ) ;
#2257 = CARTESIAN_POINT ( 'NONE',  ( 6.735268398951980373, 5.992653662405889037, -0.5000000000000000000 ) ) ;
#2258 = ORIENTED_EDGE ( 'NONE', *, *, #8884, .T. ) ;
#2259 = VECTOR ( 'NONE', #4343, 1000.000000000000000 ) ;
#2260 = CARTESIAN_POINT ( 'NONE',  ( 3.588643222671839883, 9.139278838686021089, 0.2500000000000000000 ) ) ;
#2261 = DIRECTION ( 'NONE',  ( 0.000000000000000000, 0.000000000000000000, 1.000000000000000000 ) ) ;
#2262 = EDGE_CURVE ( 'NONE', #1554, #4854, #1818, .T. ) ;
#2263 = ORIENTED_EDGE ( 'NONE', *, *, #1640, .F. ) ;
#2264 = AXIS2_PLACEMENT_3D ( 'NONE', #1773, #1868, #13201 ) ;
#2265 = CARTESIAN_POINT ( 'NONE',  ( 2.149999999999999911, -4.000000000000000000, 8.149999999999998579 ) ) ;
#2266 = LINE ( 'NONE', #1528, #2531 ) ;
#2267 = UNCERTAINTY_MEASURE_WITH_UNIT (LENGTH_MEASURE( 1.000000000000000082E-05 ), #1753, 'distance_accuracy_value', 'NONE');
#2268 = ORIENTED_EDGE ( 'NONE', *, *, #9227, .F. ) ;
#2269 = CARTESIAN_POINT ( 'NONE',  ( -6.077610530143179979, 9.327446567904038588, 14.84999999999999964 ) ) ;
#2270 =( NAMED_UNIT ( * ) PLANE_ANGLE_UNIT ( ) SI_UNIT ( $, .RADIAN. ) );
#2271 = EDGE_LOOP ( 'NONE', ( #13475, #11804, #12861, #7392, #153, #5601, #2934, #9556, #678 ) ) ;
#2272 = CARTESIAN_POINT ( 'NONE',  ( -5.575000000000000178, 16.69999999999999929, -11.44999999999999929 ) ) ;
#2273 = EDGE_LOOP ( 'NONE', ( #12542, #3001, #12573, #1448, #3177, #3277 ) ) ;
#2274 = CARTESIAN_POINT ( 'NONE',  ( 2.364318297194651919, 10.13430624441764039, -1.898841357629408311 ) ) ;
#2275 = EDGE_CURVE ( 'NONE', #6674, #5828, #11011, .T. ) ;
#2276 = DIRECTION ( 'NONE',  ( 0.000000000000000000, -0.9888927622975230980, -0.1486307662483603853 ) ) ;
#2277 = DIRECTION ( 'NONE',  ( 1.000000000000000000, 0.000000000000000000, 0.000000000000000000 ) ) ;
#2278 = VERTEX_POINT ( 'NONE', #5783 ) ;
#2279 = LINE ( 'NONE', #3890, #11356 ) ;
#2280 = VECTOR ( 'NONE', #8037, 1000.000000000000000 ) ;
#2281 = VERTEX_POINT ( 'NONE', #4732 ) ;
#2282 = VERTEX_POINT ( 'NONE', #9016 ) ;
#2283 = VECTOR ( 'NONE', #6104, 1000.000000000000114 ) ;
#2284 = DIRECTION ( 'NONE',  ( 0.000000000000000000, 0.000000000000000000, -1.000000000000000000 ) ) ;
#2285 = ORIENTED_EDGE ( 'NONE', *, *, #5795, .F. ) ;
#2286 = ADVANCED_FACE ( 'NONE', ( #1790 ), #3380, .T. ) ;
#2287 = CARTESIAN_POINT ( 'NONE',  ( -5.809933491950640239, 18.09157266594019831, -14.09999999999999964 ) ) ;
#2288 = FACE_OUTER_BOUND ( 'NONE', #11353, .T. ) ;
#2289 = CARTESIAN_POINT ( 'NONE',  ( -7.500000000000000000, -3.500000000000000000, -2.550000000000000266 ) ) ;
#2290 = DIRECTION ( 'NONE',  ( -0.6389710663783129130, 0.7692307692307697176, 0.000000000000000000 ) ) ;
#2291 = AXIS2_PLACEMENT_3D ( 'NONE', #3071, #9388, #701 ) ;
#2292 = CARTESIAN_POINT ( 'NONE',  ( -3.775451385280815142, 16.42485207100589761, -4.799999999999999822 ) ) ;
#2293 = DIRECTION ( 'NONE',  ( -0.6389710663783111366, 0.7692307692307711608, 0.000000000000000000 ) ) ;
#2294 = APPLICATION_CONTEXT ( 'automotive_design' ) ;
#2295 = VERTEX_POINT ( 'NONE', #323 ) ;
#2296 = ORIENTED_EDGE ( 'NONE', *, *, #4554, .F. ) ;
#2297 = DIRECTION ( 'NONE',  ( -0.5735764363510499342, 0.8191520442889891340, 0.000000000000000000 ) ) ;
#2298 = CARTESIAN_POINT ( 'NONE',  ( 3.341155849256549626, 9.386766212101310458, -13.54999999999999893 ) ) ;
#2299 = ORIENTED_EDGE ( 'NONE', *, *, #1063, .F. ) ;
#2300 = EDGE_CURVE ( 'NONE', #10028, #7641, #1769, .T. ) ;
#2301 = LINE ( 'NONE', #7071, #6722 ) ;
#2302 = DIRECTION ( 'NONE',  ( 0.000000000000000000, 0.000000000000000000, 1.000000000000000000 ) ) ;
#2303 = CARTESIAN_POINT ( 'NONE',  ( -2.149999999999999911, -4.000000000000000000, -1.850000000000000089 ) ) ;
#2304 = CARTESIAN_POINT ( 'NONE',  ( 1.926942286883454925, 7.972552649728219976, -2.250000000000000000 ) ) ;
#2305 = VERTEX_POINT ( 'NONE', #5521 ) ;
#2306 = EDGE_LOOP ( 'NONE', ( #13042, #12556, #12515, #9805, #13195, #1296 ) ) ;
#2307 = VECTOR ( 'NONE', #8546, 1000.000000000000000 ) ;
#2308 = ORIENTED_EDGE ( 'NONE', *, *, #10038, .F. ) ;
#2309 = CIRCLE ( 'NONE', #11705, 0.8000000000000003775 ) ;
#2310 = ADVANCED_FACE ( 'NONE', ( #6345 ), #6512, .F. ) ;
#2311 = AXIS2_PLACEMENT_3D ( 'NONE', #7827, #12896, #5666 ) ;
#2312 = ORIENTED_EDGE ( 'NONE', *, *, #10687, .F. ) ;
#2313 = AXIS2_PLACEMENT_3D ( 'NONE', #8675, #11846, #5802 ) ;
#2314 = DIRECTION ( 'NONE',  ( -1.000000000000000000, 0.000000000000000000, 0.000000000000000000 ) ) ;
#2315 = CARTESIAN_POINT ( 'NONE',  ( 2.850000000000000089, 0.000000000000000000, -11.84999999999999964 ) ) ;
#2316 = CARTESIAN_POINT ( 'NONE',  ( -7.500000000000000000, 7.905057098047200803, 16.44999999999999929 ) ) ;
#2317 = CARTESIAN_POINT ( 'NONE',  ( 5.321054836578879232, 4.578440100032789672, -10.92511312334004003 ) ) ;
#2318 = EDGE_CURVE ( 'NONE', #11185, #5400, #6656, .T. ) ;
#2319 = ORIENTED_EDGE ( 'NONE', *, *, #7643, .F. ) ;
#2320 = AXIS2_PLACEMENT_3D ( 'NONE', #4994, #8196, #660 ) ;
#2321 = CARTESIAN_POINT ( 'NONE',  ( -6.208456599567469425, 17.85384615384614904, -6.450000000000000178 ) ) ;
#2322 = LINE ( 'NONE', #12671, #2342 ) ;
#2323 = EDGE_CURVE ( 'NONE', #9576, #2669, #6437, .T. ) ;
#2324 = ORIENTED_EDGE ( 'NONE', *, *, #5541, .T. ) ;
#2325 = ORIENTED_EDGE ( 'NONE', *, *, #1531, .T. ) ;
#2326 = LINE ( 'NONE', #3189, #6924 ) ;
#2327 = EDGE_CURVE ( 'NONE', #12405, #863, #6724, .T. ) ;
#2328 = CARTESIAN_POINT ( 'NONE',  ( -2.850000000000000089, -4.000000000000000000, -1.850000000000000089 ) ) ;
#2329 = ORIENTED_EDGE ( 'NONE', *, *, #3733, .T. ) ;
#2330 = DIRECTION ( 'NONE',  ( 0.000000000000000000, 0.000000000000000000, 1.000000000000000000 ) ) ;
#2331 = VECTOR ( 'NONE', #2197, 999.9999999999998863 ) ;
#2332 = DIRECTION ( 'NONE',  ( 1.000000000000000000, 1.246209393661499865E-16, 0.000000000000000000 ) ) ;
#2333 = DIRECTION ( 'NONE',  ( 0.000000000000000000, 1.000000000000000000, 0.000000000000000000 ) ) ;
#2334 = ORIENTED_EDGE ( 'NONE', *, *, #2056, .F. ) ;
#2335 = EDGE_CURVE ( 'NONE', #10333, #6175, #6534, .T. ) ;
#2336 = AXIS2_PLACEMENT_3D ( 'NONE', #12074, #3946, #1856 ) ;
#2337 = CARTESIAN_POINT ( 'NONE',  ( -5.149861993732639753, 10.12774193481510032, -1.449999999999999956 ) ) ;
#2338 = EDGE_LOOP ( 'NONE', ( #296, #2978, #8540, #12496 ) ) ;
#2340 = CARTESIAN_POINT ( 'NONE',  ( -5.246999171586890220, 7.618176573118209838, -13.05000000000000071 ) ) ;
#2339 = FACE_OUTER_BOUND ( 'NONE', #8319, .T. ) ;
#2341 = CARTESIAN_POINT ( 'NONE',  ( -3.984748662560944954, 15.89430833868740045, -1.449999999999999956 ) ) ;
#2342 = VECTOR ( 'NONE', #4862, 1000.000000000000000 ) ;
#2343 = ORIENTED_EDGE ( 'NONE', *, *, #2377, .F. ) ;
#2344 = CARTESIAN_POINT ( 'NONE',  ( -2.399604646138564945, 13.25676273017529994, 1.949999999999999956 ) ) ;
#2345 = DIRECTION ( 'NONE',  ( 0.000000000000000000, 0.000000000000000000, 1.000000000000000000 ) ) ;
#2346 = VERTEX_POINT ( 'NONE', #8837 ) ;
#2347 = LINE ( 'NONE', #1354, #2389 ) ;
#2348 = CARTESIAN_POINT ( 'NONE',  ( 2.850000000000000089, 0.000000000000000000, -6.850000000000000533 ) ) ;
#2349 = VERTEX_POINT ( 'NONE', #11829 ) ;
#2350 = ADVANCED_FACE ( 'NONE', ( #2026 ), #9976, .F. ) ;
#2351 = FACE_OUTER_BOUND ( 'NONE', #11400, .T. ) ;
#2352 = VERTEX_POINT ( 'NONE', #11736 ) ;
#2353 = CARTESIAN_POINT ( 'NONE',  ( 2.850000000000000089, -4.000000000000000000, -12.02499999999999858 ) ) ;
#2354 = DIRECTION ( 'NONE',  ( 0.000000000000000000, 0.000000000000000000, -1.000000000000000000 ) ) ;
#2355 = FILL_AREA_STYLE ('',( #10556 ) ) ;
#2356 = PLANE ( 'NONE',  #1000 ) ;
#2357 = DIRECTION ( 'NONE',  ( -0.9659258262890700886, -0.2588190451025140226, 0.000000000000000000 ) ) ;
#2358 = ADVANCED_FACE ( 'NONE', ( #6463 ), #1369, .F. ) ;
#2359 = PLANE ( 'NONE',  #10206 ) ;
#2360 = AXIS2_PLACEMENT_3D ( 'NONE', #13264, #756, #5856 ) ;
#2361 = CLOSED_SHELL ( 'NONE', ( #1935, #9618, #1670, #7921, #344, #5181, #4741, #225, #13125, #9390, #238, #8465, #4649, #1482, #4850, #6451, #3699, #7479, #8499, #13184, #11774, #9771, #10065, #13274, #12821, #11000, #12696, #13304, #12424, #8634, #2241, #10897, #2444, #9357, #1097, #11443, #11660, #4284, #12676, #3792, #7639, #12162, #4509, #3139, #4857, #12, #5647, #999, #2350, #3109, #2995, #10203, #11546, #3753, #9763, #13044, #6777, #10732, #3400, #2286, #6528, #9304, #10291, #12373, #5236, #8674, #9111, #11449, #4084, #6610, #3519, #9675, #6936, #3445, #6487, #7749, #7618, #11114, #4974, #3670, #919, #6750, #7657, #9887, #7945, #12855, #5066, #7581, #5799, #2556, #2757, #9276, #3162, #9683, #4880, #9823, #2517, #12144, #1307, #5834, #9475, #12578, #1852, #324, #3083, #155, #9567, #8791, #11801, #7779, #994, #6515, #11139, #12065, #894, #5675, #9422, #5777, #4661, #6838, #5912, #9201, #6086, #5858, #13211, #4412, #6189, #9225, #11230, #9709, #10093, #6983, #671, #2412, #2105, #556, #10501, #2429, #10792, #2490, #2173, #6303, #214, #8830, #9881, #10905, #3886, #6659, #13134, #945, #11962, #6278, #10880, #7593, #7119, #5951, #7990, #5124, #1782, #5115, #4396, #11866, #454, #11094, #11746, #8683, #5629, #11522, #1319, #6367, #2060, #6057, #12294, #4950, #11689 ) ) ;
#2362 = EDGE_CURVE ( 'NONE', #8459, #10332, #2187, .T. ) ;
#2363 = LINE ( 'NONE', #6351, #6919 ) ;
#2364 = ORIENTED_EDGE ( 'NONE', *, *, #4664, .F. ) ;
#2365 = ADVANCED_FACE ( 'NONE', ( #6587 ), #11912, .F. ) ;
#2366 = ORIENTED_EDGE ( 'NONE', *, *, #5374, .T. ) ;
#2367 = DIRECTION ( 'NONE',  ( -1.000000000000000000, 0.000000000000000000, 0.000000000000000000 ) ) ;
#2368 = VERTEX_POINT ( 'NONE', #5967 ) ;
#2369 = DIRECTION ( 'NONE',  ( 1.000000000000000000, 0.000000000000000000, 0.000000000000000000 ) ) ;
#2370 = CARTESIAN_POINT ( 'NONE',  ( -2.149999999999999911, 0.000000000000000000, 3.149999999999999911 ) ) ;
#2371 = DIRECTION ( 'NONE',  ( -0.000000000000000000, 0.3303504247281054407, 0.9438583563660176701 ) ) ;
#2372 = CARTESIAN_POINT ( 'NONE',  ( -5.001253558300190249, 7.790249504023520011, 4.850000000000000533 ) ) ;
#2373 = CARTESIAN_POINT ( 'NONE',  ( -3.919104336280229806, 16.00810641548579838, 8.550000000000000711 ) ) ;
#2374 = EDGE_CURVE ( 'NONE', #12207, #9047, #11105, .T. ) ;
#2375 = ORIENTED_EDGE ( 'NONE', *, *, #2327, .F. ) ;
#2376 = CARTESIAN_POINT ( 'NONE',  ( 2.306190871640252382, 10.12775184507777659, 7.834981869097417118 ) ) ;
#2377 = EDGE_CURVE ( 'NONE', #12123, #13360, #11178, .T. ) ;
#2378 = CARTESIAN_POINT ( 'NONE',  ( -7.080000000000000071, 16.69999999999999929, -11.44999999999999929 ) ) ;
#2379 = VERTEX_POINT ( 'NONE', #3053 ) ;
#2380 = CARTESIAN_POINT ( 'NONE',  ( 2.850000000000000089, -4.000000000000000000, -11.84999999999999964 ) ) ;
#2381 = PRESENTATION_STYLE_ASSIGNMENT (( #7716 ) ) ;
#2382 = AXIS2_PLACEMENT_3D ( 'NONE', #11882, #13160, #8805 ) ;
#2383 = COLOUR_RGB ( '',0.7921568627450980005, 0.8196078431372548767, 0.9333333333333333481 ) ;
#2384 = DIRECTION ( 'NONE',  ( -1.000000000000000000, 0.000000000000000000, 0.000000000000000000 ) ) ;
#2385 = EDGE_CURVE ( 'NONE', #12209, #7370, #7129, .T. ) ;
#2386 = PLANE ( 'NONE',  #7291 ) ;
#2387 = VERTEX_POINT ( 'NONE', #3854 ) ;
#2388 = CLOSED_SHELL ( 'NONE', ( #3855, #7092, #12917, #13539, #10571, #4566, #2029, #8968 ) ) ;
#2389 = VECTOR ( 'NONE', #7584, 1000.000000000000000 ) ;
#2390 = ORIENTED_EDGE ( 'NONE', *, *, #456, .T. ) ;
#2391 = ADVANCED_FACE ( 'NONE', ( #2462 ), #11651, .T. ) ;
#2392 = LINE ( 'NONE', #11797, #7158 ) ;
#2393 = EDGE_CURVE ( 'NONE', #7565, #6476, #11514, .T. ) ;
#2394 = ORIENTED_EDGE ( 'NONE', *, *, #11377, .T. ) ;
#2395 = CARTESIAN_POINT ( 'NONE',  ( 2.850000000000000089, -3.500000000000000000, -12.55000000000000071 ) ) ;
#2396 = AXIS2_PLACEMENT_3D ( 'NONE', #9786, #6585, #10756 ) ;
#2397 = CARTESIAN_POINT ( 'NONE',  ( -1.442193645700395876, 12.96803417904112088, 3.550000000000000266 ) ) ;
#2398 = DIRECTION ( 'NONE',  ( -0.7071067811865470176, 0.7071067811865481278, 0.000000000000000000 ) ) ;
#2399 = CARTESIAN_POINT ( 'NONE',  ( -5.149861993732639753, 10.12774193481510032, 6.949999999999999289 ) ) ;
#2400 = ORIENTED_EDGE ( 'NONE', *, *, #4152, .F. ) ;
#2401 = VECTOR ( 'NONE', #9372, 1000.000000000000000 ) ;
#2402 = CARTESIAN_POINT ( 'NONE',  ( -2.850000000000000089, -3.500000000000000000, -2.550000000000000266 ) ) ;
#2403 = EDGE_LOOP ( 'NONE', ( #11644, #1402, #11777, #124, #953, #5496 ) ) ;
#2404 = VERTEX_POINT ( 'NONE', #13545 ) ;
#2405 = FACE_OUTER_BOUND ( 'NONE', #9271, .T. ) ;
#2406 = DIRECTION ( 'NONE',  ( -0.9659258262890700886, -0.2588190451025140226, 0.000000000000000000 ) ) ;
#2407 = FACE_OUTER_BOUND ( 'NONE', #3359, .T. ) ;
#2408 = CARTESIAN_POINT ( 'NONE',  ( -1.500787922441104927, 11.75383624964603868, -3.050000000000000266 ) ) ;
#2409 = LINE ( 'NONE', #3289, #11366 ) ;
#2410 = CARTESIAN_POINT ( 'NONE',  ( 6.363961030678930264, 6.363961030678930264, -15.15000000000000036 ) ) ;
#2411 = SURFACE_SIDE_STYLE ('',( #3403 ) ) ;
#2412 = ADVANCED_FACE ( 'NONE', ( #2569 ), #859, .F. ) ;
#2413 = ORIENTED_EDGE ( 'NONE', *, *, #12038, .F. ) ;
#2414 = EDGE_CURVE ( 'NONE', #1747, #13109, #2612, .T. ) ;
#2415 = CARTESIAN_POINT ( 'NONE',  ( -4.002709121030539663, 8.489437846237121832, -3.050000000000000266 ) ) ;
#2416 = AXIS2_PLACEMENT_3D ( 'NONE', #2328, #3330, #5469 ) ;
#2417 = ORIENTED_EDGE ( 'NONE', *, *, #7383, .F. ) ;
#2418 = VECTOR ( 'NONE', #7803, 1000.000000000000114 ) ;
#2419 = CARTESIAN_POINT ( 'NONE',  ( -6.293015043061680025, 9.112042054985540318, 9.849999999999999645 ) ) ;
#2420 = EDGE_LOOP ( 'NONE', ( #6239, #12555, #5206, #12824, #6401, #12699, #5708, #9870, #10161, #1833, #6916, #6430 ) ) ;
#2421 = DIRECTION ( 'NONE',  ( -0.5030199466302391897, 0.8642748019537023207, 0.000000000000000000 ) ) ;
#2422 = ORIENTED_EDGE ( 'NONE', *, *, #8587, .T. ) ;
#2423 = LINE ( 'NONE', #3367, #2283 ) ;
#2424 = DIRECTION ( 'NONE',  ( 1.000000000000000000, 0.000000000000000000, 0.000000000000000000 ) ) ;
#2425 = CARTESIAN_POINT ( 'NONE',  ( -5.250000000000000000, 16.69999999999999929, 13.54999999999999893 ) ) ;
#2426 = ORIENTED_EDGE ( 'NONE', *, *, #5636, .T. ) ;
#2427 = FACE_OUTER_BOUND ( 'NONE', #12839, .T. ) ;
#2428 = EDGE_CURVE ( 'NONE', #10133, #1039, #6979, .T. ) ;
#2429 = ADVANCED_FACE ( 'NONE', ( #11581 ), #12161, .F. ) ;
#2430 = DIRECTION ( 'NONE',  ( 0.000000000000000000, 0.000000000000000000, -1.000000000000000000 ) ) ;
#2431 = CARTESIAN_POINT ( 'NONE',  ( 6.735268398951980373, 5.992653662405889037, -4.750000000000000000 ) ) ;
#2432 = CARTESIAN_POINT ( 'NONE',  ( 2.850000000000000089, 0.000000000000000000, -11.84999999999999964 ) ) ;
#2433 = PLANE ( 'NONE',  #4225 ) ;
#2434 = DIRECTION ( 'NONE',  ( 0.000000000000000000, 0.000000000000000000, -1.000000000000000000 ) ) ;
#2435 = DIRECTION ( 'NONE',  ( 0.7071067811865480168, 0.7071067811865470176, 0.000000000000000000 ) ) ;
#2436 = ADVANCED_FACE ( 'NONE', ( #7172 ), #7109, .F. ) ;
#2437 = ORIENTED_EDGE ( 'NONE', *, *, #2665, .F. ) ;
#2438 = MECHANICAL_DESIGN_GEOMETRIC_PRESENTATION_REPRESENTATION (  '', ( #9614 ), #11602 ) ;
#2439 = ORIENTED_EDGE ( 'NONE', *, *, #7748, .F. ) ;
#2440 = ORIENTED_EDGE ( 'NONE', *, *, #11179, .T. ) ;
#2441 = VECTOR ( 'NONE', #5417, 1000.000000000000000 ) ;
#2442 = CARTESIAN_POINT ( 'NONE',  ( 2.850000000000000089, -4.000000000000000000, -6.850000000000000533 ) ) ;
#2443 = LINE ( 'NONE', #9874, #12186 ) ;
#2444 = ADVANCED_FACE ( 'NONE', ( #11414 ), #10244, .F. ) ;
#2445 = DIRECTION ( 'NONE',  ( 0.000000000000000000, 0.000000000000000000, 1.000000000000000000 ) ) ;
#2446 = LINE ( 'NONE', #12299, #7004 ) ;
#2447 = EDGE_CURVE ( 'NONE', #11540, #5975, #11537, .T. ) ;
#2448 = CARTESIAN_POINT ( 'NONE',  ( -6.656010512867519324, 6.656010512867519324, -15.15000000000000036 ) ) ;
#2449 = CARTESIAN_POINT ( 'NONE',  ( -2.850000000000000089, 0.000000000000000000, 12.44999999999999929 ) ) ;
#2450 = CARTESIAN_POINT ( 'NONE',  ( 2.149999999999999911, -4.000000000000000000, -1.850000000000000089 ) ) ;
#2451 = DIRECTION ( 'NONE',  ( 0.7071067811865489050, -0.7071067811865460184, 0.000000000000000000 ) ) ;
#2452 =( NAMED_UNIT ( * ) PLANE_ANGLE_UNIT ( ) SI_UNIT ( $, .RADIAN. ) );
#2453 = EDGE_CURVE ( 'NONE', #13467, #4953, #11562, .T. ) ;
#2454 = DIRECTION ( 'NONE',  ( 0.000000000000000000, 1.000000000000000000, 0.000000000000000000 ) ) ;
#2455 = DIRECTION ( 'NONE',  ( -0.1736481776669269450, 0.9848077530122086864, 0.000000000000000000 ) ) ;
#2456 = DIRECTION ( 'NONE',  ( 0.000000000000000000, 0.000000000000000000, -1.000000000000000000 ) ) ;
#2457 = ORIENTED_EDGE ( 'NONE', *, *, #7991, .T. ) ;
#2458 = ORIENTED_EDGE ( 'NONE', *, *, #1450, .F. ) ;
#2459 = VECTOR ( 'NONE', #5643, 1000.000000000000000 ) ;
#2460 = CARTESIAN_POINT ( 'NONE',  ( -5.575000000000000178, 9.830057098047229047, 15.84999999999999964 ) ) ;
#2461 = EDGE_CURVE ( 'NONE', #13150, #12601, #2363, .T. ) ;
#2462 = FACE_OUTER_BOUND ( 'NONE', #8135, .T. ) ;
#2463 = DIRECTION ( 'NONE',  ( 2.478176394252580155E-15, 0.000000000000000000, -1.000000000000000000 ) ) ;
#2464 = DIRECTION ( 'NONE',  ( -1.000000000000000000, 0.000000000000000000, 0.000000000000000000 ) ) ;
#2465 = ORIENTED_EDGE ( 'NONE', *, *, #4124, .F. ) ;
#2466 = AXIS2_PLACEMENT_3D ( 'NONE', #7567, #1064, #10741 ) ;
#2467 = ORIENTED_EDGE ( 'NONE', *, *, #4332, .T. ) ;
#2468 = AXIS2_PLACEMENT_3D ( 'NONE', #11060, #2367, #407 ) ;
#2469 = VECTOR ( 'NONE', #3727, 1000.000000000000000 ) ;
#2470 = VECTOR ( 'NONE', #13344, 1000.000000000000114 ) ;
#2471 = CARTESIAN_POINT ( 'NONE',  ( 2.850000000000000089, -4.000000000000000000, 13.15000000000000036 ) ) ;
#2472 = EDGE_CURVE ( 'NONE', #4101, #9569, #2502, .T. ) ;
#2473 = AXIS2_PLACEMENT_3D ( 'NONE', #1628, #2684, #2505 ) ;
#2474 = EDGE_CURVE ( 'NONE', #1610, #3449, #2484, .T. ) ;
#2475 = DIRECTION ( 'NONE',  ( 1.000000000000000000, 0.000000000000000000, 0.000000000000000000 ) ) ;
#2476 = CARTESIAN_POINT ( 'NONE',  ( -2.382835146695035267, 12.62863240148741895, -6.450000000000000178 ) ) ;
#2477 = CARTESIAN_POINT ( 'NONE',  ( 1.250000000000000000, 0.4000000000000000222, 15.84999999999999964 ) ) ;
#2478 = DIRECTION ( 'NONE',  ( 0.000000000000000000, 0.000000000000000000, -1.000000000000000000 ) ) ;
#2479 = VERTEX_POINT ( 'NONE', #950 ) ;
#2480 = ORIENTED_EDGE ( 'NONE', *, *, #6928, .F. ) ;
#2481 = ORIENTED_EDGE ( 'NONE', *, *, #7980, .T. ) ;
#2482 = FACE_OUTER_BOUND ( 'NONE', #10324, .T. ) ;
#2483 = CARTESIAN_POINT ( 'NONE',  ( -0.9000476708424469674, 10.66194478217150099, -1.449999999999999956 ) ) ;
#2484 = LINE ( 'NONE', #10330, #2524 ) ;
#2485 = ORIENTED_EDGE ( 'NONE', *, *, #5723, .T. ) ;
#2486 = ORIENTED_EDGE ( 'NONE', *, *, #643, .T. ) ;
#2487 = LINE ( 'NONE', #1164, #6844 ) ;
#2488 = EDGE_CURVE ( 'NONE', #4800, #5160, #11697, .T. ) ;
#2489 = ORIENTED_EDGE ( 'NONE', *, *, #6971, .T. ) ;
#2490 = ADVANCED_FACE ( 'NONE', ( #2588 ), #11671, .T. ) ;
#2491 = AXIS2_PLACEMENT_3D ( 'NONE', #12720, #4866, #8789 ) ;
#2492 = VECTOR ( 'NONE', #10545, 1000.000000000000000 ) ;
#2493 = CARTESIAN_POINT ( 'NONE',  ( -3.775451385280815142, 16.42485207100589761, 15.19999999999999929 ) ) ;
#2494 = CARTESIAN_POINT ( 'NONE',  ( 2.174429660298744960, 7.725065276312930607, 8.624886876659939361 ) ) ;
#2495 = CARTESIAN_POINT ( 'NONE',  ( -3.775451385280815142, 16.42485207100589761, -10.40000000000000036 ) ) ;
#2496 = CARTESIAN_POINT ( 'NONE',  ( -0.9000476708424469674, 10.66194478217150099, -3.050000000000000266 ) ) ;
#2497 = ORIENTED_EDGE ( 'NONE', *, *, #4458, .T. ) ;
#2498 = ORIENTED_EDGE ( 'NONE', *, *, #11638, .F. ) ;
#2499 = ORIENTED_EDGE ( 'NONE', *, *, #7899, .T. ) ;
#2500 = SURFACE_STYLE_FILL_AREA ( #11861 ) ;
#2501 = DIRECTION ( 'NONE',  ( 0.000000000000000000, 0.000000000000000000, 1.000000000000000000 ) ) ;
#2502 = LINE ( 'NONE', #5106, #7087 ) ;
#2503 = ORIENTED_EDGE ( 'NONE', *, *, #326, .F. ) ;
#2504 = EDGE_CURVE ( 'NONE', #9915, #12601, #11335, .T. ) ;
#2505 = DIRECTION ( 'NONE',  ( 0.000000000000000000, 0.000000000000000000, 1.000000000000000000 ) ) ;
#2506 = DIRECTION ( 'NONE',  ( -0.6389710663783129130, 0.7692307692307698286, 0.000000000000000000 ) ) ;
#2507 = CARTESIAN_POINT ( 'NONE',  ( -3.919104336280229806, 16.00810641548579838, 13.54999999999999893 ) ) ;
#2508 = ORIENTED_EDGE ( 'NONE', *, *, #54, .T. ) ;
#2509 = CARTESIAN_POINT ( 'NONE',  ( -7.500000000000000000, 7.905057098047200803, 15.84999999999999964 ) ) ;
#2510 = CARTESIAN_POINT ( 'NONE',  ( -4.478428631448714725, 16.48862918074649997, -4.100000000000000533 ) ) ;
#2511 = ORIENTED_EDGE ( 'NONE', *, *, #12395, .T. ) ;
#2512 = B_SPLINE_CURVE_WITH_KNOTS ( 'NONE', 3,
 ( #10461, #5593, #12535, #6681, #1080, #7662, #2274, #9323, #10371, #11464 ),
 .UNSPECIFIED., .F., .F.,
 ( 4, 2, 2, 2, 4 ),
 ( 0.000000000000000000, 0.2500000000000001665, 0.5000000000000003331, 0.7500000000000004441, 1.000000000000000000 ),
 .UNSPECIFIED. ) ;
#2513 = LINE ( 'NONE', #4002, #2844 ) ;
#2514 = MANIFOLD_SOLID_BREP ( 'NONE', #7897 ) ;
#2515 = AXIS2_PLACEMENT_3D ( 'NONE', #11633, #12627, #209 ) ;
#2516 = EDGE_CURVE ( 'NONE', #5861, #11673, #11269, .T. ) ;
#2517 = ADVANCED_FACE ( 'NONE', ( #6772 ), #12577, .T. ) ;
#2518 = DIRECTION ( 'NONE',  ( 0.000000000000000000, 0.9438583563660177811, 0.3303504247281049411 ) ) ;
#2519 = EDGE_CURVE ( 'NONE', #4404, #408, #11397, .T. ) ;
#2520 = CARTESIAN_POINT ( 'NONE',  ( 4.330811839566820254, 5.568683097044850427, 11.65041507641942076 ) ) ;
#2521 = ORIENTED_EDGE ( 'NONE', *, *, #7257, .F. ) ;
#2522 = VERTEX_POINT ( 'NONE', #79 ) ;
#2523 = ORIENTED_EDGE ( 'NONE', *, *, #495, .F. ) ;
#2524 = VECTOR ( 'NONE', #7209, 1000.000000000000000 ) ;
#2525 = ORIENTED_EDGE ( 'NONE', *, *, #8417, .F. ) ;
#2526 = ORIENTED_EDGE ( 'NONE', *, *, #6794, .T. ) ;
#2527 = FACE_OUTER_BOUND ( 'NONE', #6632, .T. ) ;
#2528 = DIRECTION ( 'NONE',  ( 0.000000000000000000, 0.000000000000000000, -1.000000000000000000 ) ) ;
#2529 = ORIENTED_EDGE ( 'NONE', *, *, #4133, .F. ) ;
#2530 = DIRECTION ( 'NONE',  ( -0.000000000000000000, 0.3303504247281054407, 0.9438583563660176701 ) ) ;
#2531 = VECTOR ( 'NONE', #3521, 1000.000000000000000 ) ;
#2532 = DIRECTION ( 'NONE',  ( 1.000000000000000000, 0.000000000000000000, 0.000000000000000000 ) ) ;
#2533 = DIRECTION ( 'NONE',  ( 0.000000000000000000, 0.000000000000000000, 1.000000000000000000 ) ) ;
#2534 = CARTESIAN_POINT ( 'NONE',  ( 7.432756681775990693, 4.627324136844380043, 15.84999999999999964 ) ) ;
#2535 =( GEOMETRIC_REPRESENTATION_CONTEXT ( 3 ) GLOBAL_UNCERTAINTY_ASSIGNED_CONTEXT ( ( #4773 ) ) GLOBAL_UNIT_ASSIGNED_CONTEXT ( ( #10011, #11100, #12109 ) ) REPRESENTATION_CONTEXT ( 'NONE', 'WORKASPACE' ) );
#2536 = EDGE_CURVE ( 'NONE', #11073, #806, #6877, .T. ) ;
#2537 = CARTESIAN_POINT ( 'NONE',  ( -2.850000000000000089, 0.000000000000000000, -1.850000000000000089 ) ) ;
#2538 = ADVANCED_FACE ( 'NONE', ( #6793 ), #7531, .F. ) ;
#2539 = CARTESIAN_POINT ( 'NONE',  ( -7.080000000000000071, 16.69999999999999929, -11.44999999999999929 ) ) ;
#2540 = CARTESIAN_POINT ( 'NONE',  ( 2.475030032583884765, 7.424464904027790801, -0.5000000000000000000 ) ) ;
#2541 = ORIENTED_EDGE ( 'NONE', *, *, #4946, .T. ) ;
#2542 = VERTEX_POINT ( 'NONE', #7706 ) ;
#2543 = ORIENTED_EDGE ( 'NONE', *, *, #1024, .T. ) ;
#2544 = VECTOR ( 'NONE', #7272, 1000.000000000000000 ) ;
#2545 = DIRECTION ( 'NONE',  ( 0.000000000000000000, 0.000000000000000000, -1.000000000000000000 ) ) ;
#2546 = EDGE_CURVE ( 'NONE', #11658, #11138, #11314, .T. ) ;
#2547 = VECTOR ( 'NONE', #9110, 1000.000000000000000 ) ;
#2548 = DIRECTION ( 'NONE',  ( 0.5735764363510499342, -0.8191520442889891340, 0.000000000000000000 ) ) ;
#2549 = CARTESIAN_POINT ( 'NONE',  ( -2.382835146695035267, 12.62863240148741895, 11.95000000000000107 ) ) ;
#2550 = VERTEX_POINT ( 'NONE', #2476 ) ;
#2551 = ORIENTED_EDGE ( 'NONE', *, *, #8397, .T. ) ;
#2552 = FACE_OUTER_BOUND ( 'NONE', #5721, .T. ) ;
#2553 = EDGE_CURVE ( 'NONE', #5550, #7314, #6814, .T. ) ;
#2554 = EDGE_LOOP ( 'NONE', ( #10243, #12476, #3448, #12375 ) ) ;
#2555 = AXIS2_PLACEMENT_3D ( 'NONE', #8600, #4679, #8950 ) ;
#2556 = ADVANCED_FACE ( 'NONE', ( #6861 ), #8776, .T. ) ;
#2557 = VECTOR ( 'NONE', #9778, 1000.000000000000114 ) ;
#2558 = CARTESIAN_POINT ( 'NONE',  ( -2.850000000000000089, 0.000000000000000000, -2.550000000000000266 ) ) ;
#2559 = CARTESIAN_POINT ( 'NONE',  ( -4.002709121030539663, 8.489437846237121832, 3.550000000000000266 ) ) ;
#2560 = CARTESIAN_POINT ( 'NONE',  ( 1.926942286883454925, 7.972552649728219976, 9.074886876659951085 ) ) ;
#2561 = DIRECTION ( 'NONE',  ( 0.8191520442889882458, 0.5735764363510511554, 0.000000000000000000 ) ) ;
#2562 = CARTESIAN_POINT ( 'NONE',  ( 2.306154181162860084, 10.12774586688902190, -7.250000000000000000 ) ) ;
#2563 = ORIENTED_EDGE ( 'NONE', *, *, #8214, .F. ) ;
#2564 = ORIENTED_EDGE ( 'NONE', *, *, #2940, .T. ) ;
#2565 = DIRECTION ( 'NONE',  ( 0.5735764363510511554, -0.8191520442889882458, 0.000000000000000000 ) ) ;
#2566 = ORIENTED_EDGE ( 'NONE', *, *, #9242, .F. ) ;
#2567 = LINE ( 'NONE', #10749, #7260 ) ;
#2568 = CARTESIAN_POINT ( 'NONE',  ( 3.588643222671839883, 9.139278838686021089, 4.049999999999999822 ) ) ;
#2569 = FACE_OUTER_BOUND ( 'NONE', #3283, .T. ) ;
#2570 = ORIENTED_EDGE ( 'NONE', *, *, #9283, .F. ) ;
#2571 = VERTEX_POINT ( 'NONE', #11939 ) ;
#2572 = DIRECTION ( 'NONE',  ( 0.000000000000000000, 0.000000000000000000, 1.000000000000000000 ) ) ;
#2573 = ORIENTED_EDGE ( 'NONE', *, *, #2318, .T. ) ;
#2574 = CARTESIAN_POINT ( 'NONE',  ( -5.250000000000000000, 16.69999999999999929, 8.550000000000000711 ) ) ;
#2575 = CARTESIAN_POINT ( 'NONE',  ( 1.926942286883454925, 7.972552649728219976, 2.750000000000000000 ) ) ;
#2576 = LINE ( 'NONE', #3615, #2599 ) ;
#2577 = DIRECTION ( 'NONE',  ( 0.000000000000000000, 0.000000000000000000, 1.000000000000000000 ) ) ;
#2578 = CARTESIAN_POINT ( 'NONE',  ( -5.250000000000000000, 18.19999999999999929, 0.2000000000000000111 ) ) ;
#2579 = DIRECTION ( 'NONE',  ( 0.5735764363510447161, -0.8191520442889926867, 0.000000000000000000 ) ) ;
#2580 = AXIS2_PLACEMENT_3D ( 'NONE', #13082, #3721, #5853 ) ;
#2581 = CARTESIAN_POINT ( 'NONE',  ( 2.386561694654710131, 9.634253585516599827, 15.84999999999999964 ) ) ;
#2582 = ORIENTED_EDGE ( 'NONE', *, *, #12005, .T. ) ;
#2583 = ORIENTED_EDGE ( 'NONE', *, *, #5162, .T. ) ;
#2584 = EDGE_LOOP ( 'NONE', ( #1754, #3180, #3894, #12240 ) ) ;
#2585 = EDGE_CURVE ( 'NONE', #6304, #4076, #2322, .T. ) ;
#2586 = LINE ( 'NONE', #8628, #2744 ) ;
#2587 = CARTESIAN_POINT ( 'NONE',  ( -0.9000476708424469674, 10.66194478217150099, 13.54999999999999893 ) ) ;
#2588 = FACE_OUTER_BOUND ( 'NONE', #10403, .T. ) ;
#2589 = ORIENTED_EDGE ( 'NONE', *, *, #6703, .T. ) ;
#2590 = CARTESIAN_POINT ( 'NONE',  ( -2.149999999999999911, -4.000000000000000000, -2.550000000000000266 ) ) ;
#2591 = CARTESIAN_POINT ( 'NONE',  ( 2.740115085247985416, 9.987806976109879997, 8.733615778645299699 ) ) ;
#2592 = ORIENTED_EDGE ( 'NONE', *, *, #7959, .T. ) ;
#2593 = VECTOR ( 'NONE', #11636, 1000.000000000000000 ) ;
#2594 = DIRECTION ( 'NONE',  ( -5.421010862427489630E-16, 1.000000000000000000, 0.000000000000000000 ) ) ;
#2595 = DIRECTION ( 'NONE',  ( 1.000000000000000000, 0.000000000000000000, 0.000000000000000000 ) ) ;
#2596 = CARTESIAN_POINT ( 'NONE',  ( -6.330983280564429272, 18.00135094402205027, -11.44999999999999929 ) ) ;
#2597 = ORIENTED_EDGE ( 'NONE', *, *, #4068, .F. ) ;
#2598 = ADVANCED_FACE ( 'NONE', ( #7416 ), #9463, .F. ) ;
#2599 = VECTOR ( 'NONE', #5667, 1000.000000000000000 ) ;
#2600 = DIRECTION ( 'NONE',  ( 1.000000000000000000, 0.000000000000000000, 0.000000000000000000 ) ) ;
#2601 = DIRECTION ( 'NONE',  ( 0.000000000000000000, 0.000000000000000000, 1.000000000000000000 ) ) ;
#2602 = AXIS2_PLACEMENT_3D ( 'NONE', #9069, #6922, #11641 ) ;
#2603 = CARTESIAN_POINT ( 'NONE',  ( -6.077610530143179979, 9.327446567904038588, 16.44999999999999929 ) ) ;
#2604 = CARTESIAN_POINT ( 'NONE',  ( 3.341155849256549626, 9.386766212101310458, 1.449999999999999956 ) ) ;
#2605 = PLANE ( 'NONE',  #13457 ) ;
#2606 = ORIENTED_EDGE ( 'NONE', *, *, #6143, .F. ) ;
#2607 = VERTEX_POINT ( 'NONE', #3227 ) ;
#2608 = EDGE_CURVE ( 'NONE', #12918, #4025, #11830, .T. ) ;
#2609 = ORIENTED_EDGE ( 'NONE', *, *, #11229, .F. ) ;
#2610 = LINE ( 'NONE', #7746, #2856 ) ;
#2611 = STYLED_ITEM ( 'NONE', ( #2381 ), #13038 ) ;
#2612 = LINE ( 'NONE', #4123, #2280 ) ;
#2613 = EDGE_CURVE ( 'NONE', #9193, #7187, #11934, .T. ) ;
#2614 = ORIENTED_EDGE ( 'NONE', *, *, #8090, .T. ) ;
#2615 = ORIENTED_EDGE ( 'NONE', *, *, #3824, .F. ) ;
#2616 = CYLINDRICAL_SURFACE ( 'NONE', #4626, 1.000000000000028200 ) ;
#2617 = VERTEX_POINT ( 'NONE', #5372 ) ;
#2618 = CARTESIAN_POINT ( 'NONE',  ( -5.149861993732639753, 10.12774193481510032, -11.44999999999999929 ) ) ;
#2619 = CIRCLE ( 'NONE', #3475, 0.5000000000000000000 ) ;
#2620 = DIRECTION ( 'NONE',  ( 0.000000000000000000, 0.000000000000000000, 1.000000000000000000 ) ) ;
#2621 = CARTESIAN_POINT ( 'NONE',  ( -5.250000000000000000, 16.69999999999999929, -4.100000000000000533 ) ) ;
#2622 = DIRECTION ( 'NONE',  ( -1.000000000000000000, 0.000000000000000000, 0.000000000000000000 ) ) ;
#2623 = EDGE_CURVE ( 'NONE', #9197, #2550, #11954, .T. ) ;
#2624 = DIRECTION ( 'NONE',  ( -1.000000000000000000, 0.000000000000000000, 0.000000000000000000 ) ) ;
#2625 = AXIS2_PLACEMENT_3D ( 'NONE', #5080, #6318, #1183 ) ;
#2626 = ORIENTED_EDGE ( 'NONE', *, *, #8553, .F. ) ;
#2627 = CARTESIAN_POINT ( 'NONE',  ( 2.174429660298744960, 7.725065276312930607, 13.62488687665993936 ) ) ;
#2628 = PLANE ( 'NONE',  #1481 ) ;
#2629 = ORIENTED_EDGE ( 'NONE', *, *, #5729, .T. ) ;
#2630 = ORIENTED_EDGE ( 'NONE', *, *, #5626, .F. ) ;
#2631 = ORIENTED_EDGE ( 'NONE', *, *, #13322, .T. ) ;
#2632 = PRESENTATION_STYLE_ASSIGNMENT (( #4007 ) ) ;
#2633 = DIRECTION ( 'NONE',  ( 1.000000000000000000, 0.000000000000000000, 0.000000000000000000 ) ) ;
#2634 = DIRECTION ( 'NONE',  ( 0.000000000000000000, 0.000000000000000000, -1.000000000000000000 ) ) ;
#2635 = CARTESIAN_POINT ( 'NONE',  ( -2.850000000000000089, 0.000000000000000000, 12.44999999999999929 ) ) ;
#2636 = EDGE_LOOP ( 'NONE', ( #8708, #8398, #12455, #8863 ) ) ;
#2637 = ORIENTED_EDGE ( 'NONE', *, *, #6719, .F. ) ;
#2638 = LINE ( 'NONE', #3271, #2259 ) ;
#2639 = AXIS2_PLACEMENT_3D ( 'NONE', #262, #3320, #12965 ) ;
#2640 = ORIENTED_EDGE ( 'NONE', *, *, #6773, .T. ) ;
#2641 = VECTOR ( 'NONE', #4794, 1000.000000000000000 ) ;
#2642 = DIRECTION ( 'NONE',  ( 0.000000000000000000, 0.9438583563660177811, 0.3303504247281049411 ) ) ;
#2643 = CARTESIAN_POINT ( 'NONE',  ( -5.250000000000000000, 16.69999999999999929, -4.100000000000000533 ) ) ;
#2644 = EDGE_LOOP ( 'NONE', ( #12096, #10391, #1178, #10118 ) ) ;
#2645 = DIRECTION ( 'NONE',  ( 0.000000000000000000, -1.000000000000000000, 0.000000000000000000 ) ) ;
#2646 = EDGE_CURVE ( 'NONE', #3574, #12235, #2701, .T. ) ;
#2647 = DIRECTION ( 'NONE',  ( 0.000000000000000000, -1.000000000000000000, 0.000000000000000000 ) ) ;
#2648 = AXIS2_PLACEMENT_3D ( 'NONE', #3637, #4624, #8998 ) ;
#2649 = CARTESIAN_POINT ( 'NONE',  ( 2.740115085247985416, 9.987806976109879997, 15.84999999999999964 ) ) ;
#2650 = EDGE_LOOP ( 'NONE', ( #2551, #8145, #6353, #5305 ) ) ;
#2651 = EDGE_LOOP ( 'NONE', ( #6243, #3896, #4641, #1855 ) ) ;
#2652 = CARTESIAN_POINT ( 'NONE',  ( -0.9000476708424469674, 10.66194478217150099, -6.450000000000000178 ) ) ;
#2653 = ORIENTED_EDGE ( 'NONE', *, *, #1685, .T. ) ;
#2654 = CARTESIAN_POINT ( 'NONE',  ( 3.341155849256549626, 9.386766212101310458, -10.94999999999999929 ) ) ;
#2655 = DIRECTION ( 'NONE',  ( 0.8191520442889898002, 0.5735764363510488240, 0.000000000000000000 ) ) ;
#2656 = LINE ( 'NONE', #11192, #2899 ) ;
#2657 = ORIENTED_EDGE ( 'NONE', *, *, #8392, .F. ) ;
#2658 = ORIENTED_EDGE ( 'NONE', *, *, #1362, .T. ) ;
#2659 = CARTESIAN_POINT ( 'NONE',  ( -5.001253558300190249, 7.790249504023520011, 8.550000000000000711 ) ) ;
#2660 = VERTEX_POINT ( 'NONE', #10707 ) ;
#2661 = CARTESIAN_POINT ( 'NONE',  ( 3.341155849256549626, 9.386766212101310458, -8.550000000000000711 ) ) ;
#2662 = VECTOR ( 'NONE', #1429, 999.9999999999998863 ) ;
#2663 = CARTESIAN_POINT ( 'NONE',  ( -3.919104336280229806, 16.00810641548579838, -11.44999999999999929 ) ) ;
#2664 = CARTESIAN_POINT ( 'NONE',  ( -4.478428631448714725, 16.48862918074649997, 10.90000000000000036 ) ) ;
#2665 = EDGE_CURVE ( 'NONE', #4925, #6623, #7628, .T. ) ;
#2666 = CARTESIAN_POINT ( 'NONE',  ( -3.649999999999999911, 11.17795660910094036, 16.44999999999999929 ) ) ;
#2667 = EDGE_LOOP ( 'NONE', ( #11336, #7064, #4613, #2233, #6481 ) ) ;
#2668 = ADVANCED_FACE ( 'NONE', ( #7261 ), #7160, .F. ) ;
#2669 = VERTEX_POINT ( 'NONE', #6001 ) ;
#2670 = VERTEX_POINT ( 'NONE', #3005 ) ;
#2671 = ORIENTED_EDGE ( 'NONE', *, *, #7671, .T. ) ;
#2672 = FACE_OUTER_BOUND ( 'NONE', #10298, .T. ) ;
#2673 = AXIS2_PLACEMENT_3D ( 'NONE', #7408, #9601, #8729 ) ;
#2674 = PRODUCT_DEFINITION_CONTEXT ( 'detailed design', #4548, 'design' ) ;
#2675 = DIRECTION ( 'NONE',  ( 1.000000000000000000, 0.000000000000000000, 0.000000000000000000 ) ) ;
#2676 = VECTOR ( 'NONE', #4067, 1000.000000000000000 ) ;
#2677 = EDGE_CURVE ( 'NONE', #1033, #6175, #11891, .T. ) ;
#2678 = ORIENTED_EDGE ( 'NONE', *, *, #4485, .T. ) ;
#2679 = CARTESIAN_POINT ( 'NONE',  ( -7.500000000000000000, -3.500000000000000000, -12.55000000000000071 ) ) ;
#2680 = DIRECTION ( 'NONE',  ( 1.000000000000000000, 0.000000000000000000, 0.000000000000000000 ) ) ;
#2681 = DIRECTION ( 'NONE',  ( 1.000000000000000000, 0.000000000000000000, 0.000000000000000000 ) ) ;
#2682 = ORIENTED_EDGE ( 'NONE', *, *, #3863, .T. ) ;
#2683 = LINE ( 'NONE', #8462, #11318 ) ;
#2684 = DIRECTION ( 'NONE',  ( -1.000000000000000000, 0.000000000000000000, 0.000000000000000000 ) ) ;
#2685 = CARTESIAN_POINT ( 'NONE',  ( -2.149999999999999911, -4.000000000000000000, -1.850000000000000089 ) ) ;
#2686 = FACE_OUTER_BOUND ( 'NONE', #11556, .T. ) ;
#2687 = EDGE_CURVE ( 'NONE', #12203, #11188, #2656, .T. ) ;
#2688 = VECTOR ( 'NONE', #9076, 1000.000000000000000 ) ;
#2689 = EDGE_CURVE ( 'NONE', #7523, #10737, #2813, .T. ) ;
#2690 = CARTESIAN_POINT ( 'NONE',  ( -2.850000000000000089, 0.000000000000000000, -11.84999999999999964 ) ) ;
#2691 = EDGE_CURVE ( 'NONE', #10354, #8623, #12035, .T. ) ;
#2692 = DIRECTION ( 'NONE',  ( 1.000000000000000000, 0.000000000000000000, 0.000000000000000000 ) ) ;
#2693 = AXIS2_PLACEMENT_3D ( 'NONE', #6964, #2892, #1568 ) ;
#2694 = ORIENTED_EDGE ( 'NONE', *, *, #4923, .T. ) ;
#2695 = CARTESIAN_POINT ( 'NONE',  ( 2.492470896134414193, 10.12514001325504687, -11.61918718517613947 ) ) ;
#2696 = DIRECTION ( 'NONE',  ( 0.000000000000000000, 0.000000000000000000, 1.000000000000000000 ) ) ;
#2697 = ORIENTED_EDGE ( 'NONE', *, *, #9379, .T. ) ;
#2698 = ORIENTED_EDGE ( 'NONE', *, *, #5874, .F. ) ;
#2699 = ORIENTED_EDGE ( 'NONE', *, *, #4659, .F. ) ;
#2700 = LINE ( 'NONE', #2596, #7374 ) ;
#2701 = LINE ( 'NONE', #8594, #3111 ) ;
#2702 = EDGE_LOOP ( 'NONE', ( #6728, #10870, #11605, #4326 ) ) ;
#2703 = VECTOR ( 'NONE', #7963, 1000.000000000000000 ) ;
#2704 = DIRECTION ( 'NONE',  ( 1.000000000000000000, 0.000000000000000000, 0.000000000000000000 ) ) ;
#2705 = EDGE_CURVE ( 'NONE', #6820, #13522, #7539, .T. ) ;
#2706 = LINE ( 'NONE', #6174, #7264 ) ;
#2707 = CARTESIAN_POINT ( 'NONE',  ( 2.534775145998704904, 7.516464310934400039, -3.424716897872194910 ) ) ;
#2708 = LINE ( 'NONE', #8007, #6903 ) ;
#2709 = CARTESIAN_POINT ( 'NONE',  ( -5.316253523062870023, 17.49725182388110056, -9.099999999999999645 ) ) ;
#2710 = PLANE ( 'NONE',  #550 ) ;
#2711 = CARTESIAN_POINT ( 'NONE',  ( -5.250000000000000000, 16.69999999999999929, -14.09999999999999964 ) ) ;
#2712 = CARTESIAN_POINT ( 'NONE',  ( -5.575000000000000178, 9.830057098047229047, 16.44999999999999929 ) ) ;
#2713 = EDGE_CURVE ( 'NONE', #3762, #6546, #7356, .T. ) ;
#2714 = DIRECTION ( 'NONE',  ( -0.6389710663783129130, 0.7692307692307697176, 0.000000000000000000 ) ) ;
#2715 = ORIENTED_EDGE ( 'NONE', *, *, #8734, .F. ) ;
#2716 = PLANE ( 'NONE',  #4009 ) ;
#2717 = EDGE_CURVE ( 'NONE', #2963, #9790, #7239, .T. ) ;
#2718 = CARTESIAN_POINT ( 'NONE',  ( -5.246999171586890220, 7.618176573118209838, 1.949999999999999956 ) ) ;
#2719 = AXIS2_PLACEMENT_3D ( 'NONE', #5794, #8934, #11172 ) ;
#2720 = ORIENTED_EDGE ( 'NONE', *, *, #12374, .F. ) ;
#2721 = ORIENTED_EDGE ( 'NONE', *, *, #7162, .F. ) ;
#2722 = VERTEX_POINT ( 'NONE', #1987 ) ;
#2723 = VECTOR ( 'NONE', #5321, 1000.000000000000000 ) ;
#2724 = DIRECTION ( 'NONE',  ( 0.000000000000000000, 0.000000000000000000, 1.000000000000000000 ) ) ;
#2725 = DIRECTION ( 'NONE',  ( 1.000000000000000000, 0.000000000000000000, 0.000000000000000000 ) ) ;
#2726 = FACE_OUTER_BOUND ( 'NONE', #6828, .T. ) ;
#2727 = DIRECTION ( 'NONE',  ( 0.000000000000000000, 0.000000000000000000, -1.000000000000000000 ) ) ;
#2728 = DIRECTION ( 'NONE',  ( 1.000000000000000000, 0.000000000000000000, 0.000000000000000000 ) ) ;
#2729 = VERTEX_POINT ( 'NONE', #12275 ) ;
#2730 = FACE_OUTER_BOUND ( 'NONE', #12139, .T. ) ;
#2731 = ADVANCED_FACE ( 'NONE', ( #3092 ), #5146, .F. ) ;
#2732 = VECTOR ( 'NONE', #1020, 1000.000000000000000 ) ;
#2733 = SURFACE_STYLE_FILL_AREA ( #5964 ) ;
#2734 = EDGE_CURVE ( 'NONE', #12119, #11498, #11786, .T. ) ;
#2735 = DIRECTION ( 'NONE',  ( 0.000000000000000000, 0.000000000000000000, 1.000000000000000000 ) ) ;
#2736 = ADVANCED_FACE ( 'NONE', ( #7214 ), #8165, .F. ) ;
#2737 = DIRECTION ( 'NONE',  ( -0.7071067811865475727, -0.7071067811865475727, 0.000000000000000000 ) ) ;
#2738 = PLANE ( 'NONE',  #4926 ) ;
#2739 = DIRECTION ( 'NONE',  ( 0.000000000000000000, 0.000000000000000000, -1.000000000000000000 ) ) ;
#2740 = ORIENTED_EDGE ( 'NONE', *, *, #9377, .F. ) ;
#2741 = EDGE_LOOP ( 'NONE', ( #8204, #3545, #3712, #10930, #10490, #5292 ) ) ;
#2742 = DIRECTION ( 'NONE',  ( 0.000000000000000000, 0.000000000000000000, 1.000000000000000000 ) ) ;
#2743 = VERTEX_POINT ( 'NONE', #12192 ) ;
#2744 = VECTOR ( 'NONE', #1530, 1000.000000000000000 ) ;
#2745 = AXIS2_PLACEMENT_3D ( 'NONE', #8701, #8612, #6456 ) ;
#2746 = DIRECTION ( 'NONE',  ( 0.000000000000000000, 0.000000000000000000, 1.000000000000000000 ) ) ;
#2747 = VECTOR ( 'NONE', #7483, 1000.000000000000000 ) ;
#2748 = VERTEX_POINT ( 'NONE', #6096 ) ;
#2749 = VECTOR ( 'NONE', #5885, 1000.000000000000000 ) ;
#2750 = DIRECTION ( 'NONE',  ( 0.000000000000000000, 0.000000000000000000, 1.000000000000000000 ) ) ;
#2751 = VECTOR ( 'NONE', #10882, 1000.000000000000000 ) ;
#2752 = CARTESIAN_POINT ( 'NONE',  ( -2.047200543544544615, 12.30024887074950080, 16.44999999999999929 ) ) ;
#2753 = EDGE_CURVE ( 'NONE', #2295, #8055, #7521, .T. ) ;
#2754 = FILL_AREA_STYLE_COLOUR ( '', #11181 ) ;
#2755 = DIRECTION ( 'NONE',  ( -0.7692307692307702727, -0.6389710663783122468, 0.000000000000000000 ) ) ;
#2756 = DIRECTION ( 'NONE',  ( -0.7692307692307698286, -0.6389710663783129130, 0.000000000000000000 ) ) ;
#2757 = ADVANCED_FACE ( 'NONE', ( #11738 ), #4156, .T. ) ;
#2758 = EDGE_CURVE ( 'NONE', #7132, #10831, #7281, .T. ) ;
#2759 = CARTESIAN_POINT ( 'NONE',  ( 2.850000000000000089, -4.000000000000000000, -7.025000000000000355 ) ) ;
#2760 = ADVANCED_FACE ( 'NONE', ( #11848 ), #13226, .F. ) ;
#2761 = ORIENTED_EDGE ( 'NONE', *, *, #10465, .F. ) ;
#2762 = ORIENTED_EDGE ( 'NONE', *, *, #5099, .F. ) ;
#2763 = ORIENTED_EDGE ( 'NONE', *, *, #4923, .F. ) ;
#2764 = LINE ( 'NONE', #8891, #11844 ) ;
#2765 = DIRECTION ( 'NONE',  ( 0.8191520442889891340, 0.5735764363510499342, 0.000000000000000000 ) ) ;
#2766 = VECTOR ( 'NONE', #337, 1000.000000000000000 ) ;
#2767 = ORIENTED_EDGE ( 'NONE', *, *, #11715, .T. ) ;
#2768 = CARTESIAN_POINT ( 'NONE',  ( 3.588643222671839883, 9.139278838686021089, 6.450000000000000178 ) ) ;
#2769 = PLANE ( 'NONE',  #11873 ) ;
#2770 = DIRECTION ( 'NONE',  ( 0.000000000000000000, 0.000000000000000000, -1.000000000000000000 ) ) ;
#2771 = AXIS2_PLACEMENT_3D ( 'NONE', #3643, #2528, #11819 ) ;
#2772 = VECTOR ( 'NONE', #8461, 1000.000000000000114 ) ;
#2773 = DIRECTION ( 'NONE',  ( -1.000000000000000000, 0.000000000000000000, -2.478176394252580155E-15 ) ) ;
#2774 = CARTESIAN_POINT ( 'NONE',  ( 2.475030032583884765, 7.424464904027790801, 7.750000000000000000 ) ) ;
#2775 = FACE_OUTER_BOUND ( 'NONE', #3192, .T. ) ;
#2776 = VECTOR ( 'NONE', #546, 1000.000000000000000 ) ;
#2777 = EDGE_CURVE ( 'NONE', #7834, #9953, #11760, .T. ) ;
#2778 = CARTESIAN_POINT ( 'NONE',  ( -7.014921993108779397, 16.26222191265249961, -13.05000000000000071 ) ) ;
#2779 = CARTESIAN_POINT ( 'NONE',  ( 0.000000000000000000, -4.000000000000000000, 2.975000000000000089 ) ) ;
#2780 = AXIS2_PLACEMENT_3D ( 'NONE', #10105, #8947, #12191 ) ;
#2781 = EDGE_CURVE ( 'NONE', #187, #6807, #7496, .T. ) ;
#2782 = CARTESIAN_POINT ( 'NONE',  ( 2.149999999999999911, 0.000000000000000000, -12.55000000000000071 ) ) ;
#2783 = CARTESIAN_POINT ( 'NONE',  ( 2.306154181162860084, 10.12774586688902190, 12.75000000000000000 ) ) ;
#2784 = ADVANCED_FACE ( 'NONE', ( #7434 ), #717, .F. ) ;
#2785 = DIRECTION ( 'NONE',  ( 0.000000000000000000, 0.000000000000000000, 1.000000000000000000 ) ) ;
#2786 = DIRECTION ( 'NONE',  ( 0.8191520442889898002, 0.5735764363510488240, 0.000000000000000000 ) ) ;
#2787 = VERTEX_POINT ( 'NONE', #1246 ) ;
#2788 = EDGE_LOOP ( 'NONE', ( #3354, #4117, #3898, #7126 ) ) ;
#2789 = EDGE_LOOP ( 'NONE', ( #10508, #10289, #3261, #7558 ) ) ;
#2790 = VECTOR ( 'NONE', #1068, 1000.000000000000000 ) ;
#2791 = LINE ( 'NONE', #6478, #2747 ) ;
#2792 = ORIENTED_EDGE ( 'NONE', *, *, #12277, .F. ) ;
#2793 = EDGE_CURVE ( 'NONE', #6183, #3306, #3027, .T. ) ;
#2794 = LINE ( 'NONE', #7613, #12060 ) ;
#2795 = DIRECTION ( 'NONE',  ( 0.000000000000000000, 0.000000000000000000, -1.000000000000000000 ) ) ;
#2796 = CYLINDRICAL_SURFACE ( 'NONE', #10430, 1.500000000000000444 ) ;
#2797 = AXIS2_PLACEMENT_3D ( 'NONE', #8189, #5518, #2196 ) ;
#2798 = CARTESIAN_POINT ( 'NONE',  ( -2.850000000000000089, -4.000000000000000000, 7.450000000000000178 ) ) ;
#2799 = CIRCLE ( 'NONE', #3994, 1.300000000000000044 ) ;
#2800 = CARTESIAN_POINT ( 'NONE',  ( 2.306189540900203117, 10.12775162825270847, 12.66506558581323105 ) ) ;
#2801 = DIRECTION ( 'NONE',  ( 0.000000000000000000, 0.000000000000000000, -1.000000000000000000 ) ) ;
#2802 = DIRECTION ( 'NONE',  ( 1.000000000000000000, 0.000000000000000000, 0.000000000000000000 ) ) ;
#2803 = DIRECTION ( 'NONE',  ( -0.8642748019537023207, -0.5030199466302391897, 0.000000000000000000 ) ) ;
#2804 = CARTESIAN_POINT ( 'NONE',  ( 2.475030032583884765, 7.424464904027790801, -8.124886876659950019 ) ) ;
#2805 = AXIS2_PLACEMENT_3D ( 'NONE', #1529, #5844, #2594 ) ;
#2806 = DIRECTION ( 'NONE',  ( 0.000000000000000000, 1.000000000000000000, 0.000000000000000000 ) ) ;
#2807 = ORIENTED_EDGE ( 'NONE', *, *, #6088, .F. ) ;
#2808 = EDGE_LOOP ( 'NONE', ( #10663, #11482, #55, #4050 ) ) ;
#2809 = ORIENTED_EDGE ( 'NONE', *, *, #2224, .F. ) ;
#2810 = LINE ( 'NONE', #1152, #11972 ) ;
#2811 = CARTESIAN_POINT ( 'NONE',  ( -7.014921993108779397, 16.26222191265249961, -3.050000000000000266 ) ) ;
#2812 = CARTESIAN_POINT ( 'NONE',  ( -0.9000476708424469674, 10.66194478217150099, -1.449999999999999956 ) ) ;
#2813 = LINE ( 'NONE', #899, #11871 ) ;
#2814 = CARTESIAN_POINT ( 'NONE',  ( -1.722399449723355014, 8.722756583470170355, -16.44999999999999929 ) ) ;
#2815 = DIRECTION ( 'NONE',  ( 0.000000000000000000, -0.9438583563660177811, 0.3303504247281049411 ) ) ;
#2816 = ORIENTED_EDGE ( 'NONE', *, *, #6332, .F. ) ;
#2817 = CARTESIAN_POINT ( 'NONE',  ( -5.250000000000000000, 16.69999999999999929, -9.799999999999998934 ) ) ;
#2818 = ADVANCED_FACE ( 'NONE', ( #2726 ), #10647, .F. ) ;
#2819 = FACE_OUTER_BOUND ( 'NONE', #5656, .T. ) ;
#2820 = PRESENTATION_LAYER_ASSIGNMENT (  '', '', ( #11659 ) ) ;
#2821 = DIRECTION ( 'NONE',  ( 0.000000000000000000, 0.000000000000000000, 1.000000000000000000 ) ) ;
#2822 = CARTESIAN_POINT ( 'NONE',  ( -1.722399449723355014, 8.722756583470170355, -15.15000000000000036 ) ) ;
#2823 = CARTESIAN_POINT ( 'NONE',  ( -2.399604646138564945, 13.25676273017529994, 1.949999999999999956 ) ) ;
#2824 = DIRECTION ( 'NONE',  ( 0.000000000000000000, 0.000000000000000000, -1.000000000000000000 ) ) ;
#2825 = CYLINDRICAL_SURFACE ( 'NONE', #11347, 1.500000000000000000 ) ;
#2826 = DIRECTION ( 'NONE',  ( 0.000000000000000000, 0.000000000000000000, 1.000000000000000000 ) ) ;
#2827 = ORIENTED_EDGE ( 'NONE', *, *, #558, .F. ) ;
#2828 = VERTEX_POINT ( 'NONE', #4337 ) ;
#2829 = CARTESIAN_POINT ( 'NONE',  ( -6.445528960623351011, 8.111000000000000654, 15.75000000000000000 ) ) ;
#2830 = VERTEX_POINT ( 'NONE', #5408 ) ;
#2831 = VECTOR ( 'NONE', #2261, 1000.000000000000000 ) ;
#2832 = DIRECTION ( 'NONE',  ( 1.000000000000000000, 0.000000000000000000, 0.000000000000000000 ) ) ;
#2833 = CARTESIAN_POINT ( 'NONE',  ( 6.735268398951980373, 5.992653662405889037, 14.50000000000000000 ) ) ;
#2834 = VECTOR ( 'NONE', #272, 1000.000000000000000 ) ;
#2835 = ORIENTED_EDGE ( 'NONE', *, *, #12894, .T. ) ;
#2836 = EDGE_CURVE ( 'NONE', #8252, #426, #2791, .T. ) ;
#2837 = VECTOR ( 'NONE', #2634, 1000.000000000000000 ) ;
#2838 = ADVANCED_FACE ( 'NONE', ( #3047 ), #12710, .F. ) ;
#2839 = DIRECTION ( 'NONE',  ( 0.000000000000000000, 0.000000000000000000, 1.000000000000000000 ) ) ;
#2840 = EDGE_CURVE ( 'NONE', #7411, #9884, #12056, .T. ) ;
#2841 = VECTOR ( 'NONE', #3962, 1000.000000000000000 ) ;
#2842 = DIRECTION ( 'NONE',  ( -0.9659258262890700886, -0.2588190451025140226, 0.000000000000000000 ) ) ;
#2843 = DIRECTION ( 'NONE',  ( -0.8191520442889898002, -0.5735764363510488240, 0.000000000000000000 ) ) ;
#2844 = VECTOR ( 'NONE', #2290, 1000.000000000000000 ) ;
#2845 = DIRECTION ( 'NONE',  ( 0.000000000000000000, 0.000000000000000000, -1.000000000000000000 ) ) ;
#2846 = DIRECTION ( 'NONE',  ( 0.000000000000000000, 0.000000000000000000, 1.000000000000000000 ) ) ;
#2847 = CARTESIAN_POINT ( 'NONE',  ( -1.500787922441104927, 11.75383624964603868, 16.44999999999999929 ) ) ;
#2848 = ADVANCED_FACE ( 'NONE', ( #11973 ), #513, .T. ) ;
#2849 = AXIS2_PLACEMENT_3D ( 'NONE', #4089, #11648, #8284 ) ;
#2850 = EDGE_CURVE ( 'NONE', #13000, #2135, #7562, .T. ) ;
#2851 = DIRECTION ( 'NONE',  ( 0.000000000000000000, 0.000000000000000000, 1.000000000000000000 ) ) ;
#2852 = EDGE_CURVE ( 'NONE', #10047, #7067, #2919, .T. ) ;
#2853 = EDGE_LOOP ( 'NONE', ( #6066, #6043, #188, #9229 ) ) ;
#2854 = ORIENTED_EDGE ( 'NONE', *, *, #11322, .F. ) ;
#2855 = EDGE_LOOP ( 'NONE', ( #3295, #5990 ) ) ;
#2856 = VECTOR ( 'NONE', #11711, 999.9999999999998863 ) ;
#2857 = EDGE_CURVE ( 'NONE', #10682, #12259, #7300, .T. ) ;
#2858 = PLANE ( 'NONE',  #5411 ) ;
#2859 = LINE ( 'NONE', #3237, #12012 ) ;
#2860 = ORIENTED_EDGE ( 'NONE', *, *, #2553, .T. ) ;
#2861 = CARTESIAN_POINT ( 'NONE',  ( 3.341155849256549626, 9.386766212101310458, 7.750000000000000000 ) ) ;
#2862 = DIRECTION ( 'NONE',  ( -0.7071067811865474617, -0.7071067811865474617, 0.000000000000000000 ) ) ;
#2863 = CYLINDRICAL_SURFACE ( 'NONE', #12272, 1.500000000000000444 ) ;
#2864 = DIRECTION ( 'NONE',  ( 0.000000000000000000, 0.000000000000000000, -1.000000000000000000 ) ) ;
#2865 = CARTESIAN_POINT ( 'NONE',  ( -4.478428631448714725, 16.48862918074649997, -4.100000000000000533 ) ) ;
#2866 =( LENGTH_UNIT ( ) NAMED_UNIT ( * ) SI_UNIT ( .MILLI., .METRE. ) );
#2867 = VECTOR ( 'NONE', #11268, 1000.000000000000000 ) ;
#2868 = AXIS2_PLACEMENT_3D ( 'NONE', #3250, #1970, #8336 ) ;
#2869 = CARTESIAN_POINT ( 'NONE',  ( -1.638719566157164964, 11.71687757710162003, 11.95000000000000107 ) ) ;
#2870 = DIRECTION ( 'NONE',  ( 0.000000000000000000, 0.000000000000000000, -1.000000000000000000 ) ) ;
#2871 = DIRECTION ( 'NONE',  ( 1.000000000000000000, 0.000000000000000000, 0.000000000000000000 ) ) ;
#2872 = DIRECTION ( 'NONE',  ( -1.000000000000000000, 0.000000000000000000, 0.000000000000000000 ) ) ;
#2873 = DIRECTION ( 'NONE',  ( -0.5735764363510499342, 0.8191520442889891340, 0.000000000000000000 ) ) ;
#2874 = CARTESIAN_POINT ( 'NONE',  ( 4.841398726455739876, 0.6999999999999999556, 15.75000000000000000 ) ) ;
#2875 = ADVANCED_FACE ( 'NONE', ( #7339 ), #10257, .F. ) ;
#2876 = ORIENTED_EDGE ( 'NONE', *, *, #8014, .F. ) ;
#2877 = VERTEX_POINT ( 'NONE', #11352 ) ;
#2878 = VERTEX_POINT ( 'NONE', #7049 ) ;
#2879 = FACE_OUTER_BOUND ( 'NONE', #6775, .T. ) ;
#2880 = VECTOR ( 'NONE', #10605, 1000.000000000000000 ) ;
#2881 = ORIENTED_EDGE ( 'NONE', *, *, #12002, .F. ) ;
#2882 = EDGE_CURVE ( 'NONE', #13169, #5422, #7589, .T. ) ;
#2883 = FACE_OUTER_BOUND ( 'NONE', #8369, .T. ) ;
#2884 = VECTOR ( 'NONE', #8143, 1000.000000000000000 ) ;
#2885 = CARTESIAN_POINT ( 'NONE',  ( -5.250000000000000000, 18.19999999999999929, -4.100000000000000533 ) ) ;
#2886 = EDGE_CURVE ( 'NONE', #3995, #2379, #7395, .T. ) ;
#2887 = DIRECTION ( 'NONE',  ( 1.000000000000000000, 0.000000000000000000, 0.000000000000000000 ) ) ;
#2888 = AXIS2_PLACEMENT_3D ( 'NONE', #10582, #7512, #9533 ) ;
#2889 = DIRECTION ( 'NONE',  ( 0.5735764363510506003, -0.8191520442889886899, 0.000000000000000000 ) ) ;
#2890 = CARTESIAN_POINT ( 'NONE',  ( -6.293015043061680025, 9.112042054985540318, -10.14999999999999858 ) ) ;
#2891 = DIRECTION ( 'NONE',  ( 0.000000000000000000, 0.000000000000000000, 1.000000000000000000 ) ) ;
#2892 = DIRECTION ( 'NONE',  ( 0.000000000000000000, 0.000000000000000000, 1.000000000000000000 ) ) ;
#2893 = ORIENTED_EDGE ( 'NONE', *, *, #8527, .F. ) ;
#2894 = ORIENTED_EDGE ( 'NONE', *, *, #9738, .T. ) ;
#2895 = ORIENTED_EDGE ( 'NONE', *, *, #363, .T. ) ;
#2896 = EDGE_CURVE ( 'NONE', #3042, #13285, #2939, .T. ) ;
#2897 = LINE ( 'NONE', #108, #7317 ) ;
#2898 = DIRECTION ( 'NONE',  ( 1.000000000000000000, 0.000000000000000000, 0.000000000000000000 ) ) ;
#2899 = VECTOR ( 'NONE', #6289, 1000.000000000000000 ) ;
#2900 = DIRECTION ( 'NONE',  ( 0.000000000000000000, 0.000000000000000000, 1.000000000000000000 ) ) ;
#2901 = VERTEX_POINT ( 'NONE', #1 ) ;
#2902 = CARTESIAN_POINT ( 'NONE',  ( -4.478428631448714725, 16.48862918074649997, -4.100000000000000533 ) ) ;
#2903 = CIRCLE ( 'NONE', #1316, 1.499999999999980016 ) ;
#2904 = VECTOR ( 'NONE', #422, 1000.000000000000000 ) ;
#2905 = VECTOR ( 'NONE', #4824, 1000.000000000000000 ) ;
#2906 = DIRECTION ( 'NONE',  ( -1.000000000000000000, 0.000000000000000000, 0.000000000000000000 ) ) ;
#2907 = AXIS2_PLACEMENT_3D ( 'NONE', #3480, #10892, #69 ) ;
#2908 = CARTESIAN_POINT ( 'NONE',  ( 2.475030032583884765, 7.424464904027790801, -10.92511312334004003 ) ) ;
#2909 = DIRECTION ( 'NONE',  ( -0.6389710663783129130, 0.7692307692307697176, 0.000000000000000000 ) ) ;
#2910 = ORIENTED_EDGE ( 'NONE', *, *, #3149, .T. ) ;
#2911 = ORIENTED_EDGE ( 'NONE', *, *, #7146, .F. ) ;
#2912 = CARTESIAN_POINT ( 'NONE',  ( -5.246999171586890220, 7.618176573118209838, 9.849999999999999645 ) ) ;
#2913 = EDGE_CURVE ( 'NONE', #13360, #8459, #7455, .T. ) ;
#2914 = VERTEX_POINT ( 'NONE', #1046 ) ;
#2915 = LINE ( 'NONE', #3174, #2723 ) ;
#2916 = EDGE_LOOP ( 'NONE', ( #10638, #4251, #6433, #4666 ) ) ;
#2917 = DIRECTION ( 'NONE',  ( -0.6389710663783133571, 0.7692307692307692735, 0.000000000000000000 ) ) ;
#2918 = DIRECTION ( 'NONE',  ( -0.8191520442889891340, -0.5735764363510499342, 0.000000000000000000 ) ) ;
#2919 = LINE ( 'NONE', #3476, #3007 ) ;
#2920 = EDGE_CURVE ( 'NONE', #1272, #7174, #7375, .T. ) ;
#2921 = ORIENTED_EDGE ( 'NONE', *, *, #12620, .F. ) ;
#2922 = VECTOR ( 'NONE', #2873, 999.9999999999998863 ) ;
#2923 = FACE_OUTER_BOUND ( 'NONE', #3159, .T. ) ;
#2924 = CARTESIAN_POINT ( 'NONE',  ( -5.316253523062870023, 17.49725182388110056, 9.599999999999999645 ) ) ;
#2925 = DIRECTION ( 'NONE',  ( 1.000000000000000000, 0.000000000000000000, 0.000000000000000000 ) ) ;
#2926 = DIRECTION ( 'NONE',  ( 0.000000000000000000, 0.000000000000000000, -1.000000000000000000 ) ) ;
#2927 = FACE_OUTER_BOUND ( 'NONE', #8342, .T. ) ;
#2928 = PLANE ( 'NONE',  #2982 ) ;
#2929 = DIRECTION ( 'NONE',  ( -1.000000000000000000, 0.000000000000000000, -2.478176394252580155E-15 ) ) ;
#2930 = AXIS2_PLACEMENT_3D ( 'NONE', #11795, #4330, #5487 ) ;
#2931 = CARTESIAN_POINT ( 'NONE',  ( -5.575000000000000178, 9.830057098047229047, 16.44999999999999929 ) ) ;
#2932 = AXIS2_PLACEMENT_3D ( 'NONE', #7910, #1719, #2191 ) ;
#2933 = ORIENTED_EDGE ( 'NONE', *, *, #869, .F. ) ;
#2934 = ORIENTED_EDGE ( 'NONE', *, *, #6655, .T. ) ;
#2935 = ORIENTED_EDGE ( 'NONE', *, *, #9534, .F. ) ;
#2936 = FACE_OUTER_BOUND ( 'NONE', #8786, .T. ) ;
#2937 = ORIENTED_EDGE ( 'NONE', *, *, #215, .F. ) ;
#2938 = CARTESIAN_POINT ( 'NONE',  ( -6.330983280564429272, 18.00135094402205027, 6.949999999999999289 ) ) ;
#2939 = LINE ( 'NONE', #5300, #2834 ) ;
#2940 = EDGE_CURVE ( 'NONE', #7457, #2145, #2859, .T. ) ;
#2941 = VERTEX_POINT ( 'NONE', #7463 ) ;
#2942 =( NAMED_UNIT ( * ) PLANE_ANGLE_UNIT ( ) SI_UNIT ( $, .RADIAN. ) );
#2943 = DIRECTION ( 'NONE',  ( 0.000000000000000000, 0.000000000000000000, 1.000000000000000000 ) ) ;
#2944 = DIRECTION ( 'NONE',  ( 0.000000000000000000, 0.000000000000000000, -1.000000000000000000 ) ) ;
#2945 = PRESENTATION_STYLE_ASSIGNMENT (( #1250 ) ) ;
#2946 = AXIS2_PLACEMENT_3D ( 'NONE', #7456, #9651, #11770 ) ;
#2947 = CARTESIAN_POINT ( 'NONE',  ( -2.850000000000000089, 0.000000000000000000, 2.449999999999999734 ) ) ;
#2948 = CARTESIAN_POINT ( 'NONE',  ( -2.850000000000000089, -3.500000000000000000, 12.44999999999999929 ) ) ;
#2949 = EDGE_CURVE ( 'NONE', #3172, #9851, #2965, .T. ) ;
#2950 = VECTOR ( 'NONE', #12654, 1000.000000000000114 ) ;
#2951 = EDGE_CURVE ( 'NONE', #2979, #8847, #7608, .T. ) ;
#2952 = VECTOR ( 'NONE', #3650, 999.9999999999998863 ) ;
#2953 = CARTESIAN_POINT ( 'NONE',  ( -3.984748662560944954, 15.89430833868740045, 13.54999999999999893 ) ) ;
#2954 = CARTESIAN_POINT ( 'NONE',  ( 1.308303843626089868, 8.591191092985580369, 7.750000000000000000 ) ) ;
#2955 = DIRECTION ( 'NONE',  ( 0.000000000000000000, 0.000000000000000000, -1.000000000000000000 ) ) ;
#2956 = EDGE_CURVE ( 'NONE', #10133, #1639, #7978, .T. ) ;
#2957 = PLANE ( 'NONE',  #2648 ) ;
#2958 = CARTESIAN_POINT ( 'NONE',  ( 3.588643222671839883, 9.139278838686021089, 4.500000000000000000 ) ) ;
#2959 = AXIS2_PLACEMENT_3D ( 'NONE', #7475, #7240, #3082 ) ;
#2960 = ORIENTED_EDGE ( 'NONE', *, *, #1716, .F. ) ;
#2961 = VERTEX_POINT ( 'NONE', #11490 ) ;
#2962 = ORIENTED_EDGE ( 'NONE', *, *, #4234, .T. ) ;
#2963 = VERTEX_POINT ( 'NONE', #6236 ) ;
#2964 = ADVANCED_BREP_SHAPE_REPRESENTATION ( '', ( #4875, #10228, #8355, #5943, #3181, #13516, #4273, #7591, #5166, #2514, #1200, #444, #6751, #5367, #9049, #7142, #7862, #9539, #13038, #7204 ), #311 ) ;
#2965 = CIRCLE ( 'NONE', #7003, 1.000000000000027978 ) ;
#2966 = VERTEX_POINT ( 'NONE', #5359 ) ;
#2967 = EDGE_CURVE ( 'NONE', #1087, #2830, #3264, .T. ) ;
#2968 = CIRCLE ( 'NONE', #7192, 1.499999999999980016 ) ;
#2969 = CARTESIAN_POINT ( 'NONE',  ( -5.575000000000000178, 16.69999999999999929, -1.449999999999999956 ) ) ;
#2970 = VECTOR ( 'NONE', #4315, 1000.000000000000114 ) ;
#2971 = CARTESIAN_POINT ( 'NONE',  ( -2.149999999999999911, -4.000000000000000000, -2.375000000000000000 ) ) ;
#2972 = DIRECTION ( 'NONE',  ( 0.000000000000000000, 0.000000000000000000, -1.000000000000000000 ) ) ;
#2973 = EDGE_CURVE ( 'NONE', #652, #13, #12557, .T. ) ;
#2974 = DIRECTION ( 'NONE',  ( 0.000000000000000000, 0.000000000000000000, 1.000000000000000000 ) ) ;
#2975 = SURFACE_STYLE_USAGE ( .BOTH. , #6446 ) ;
#2976 = ADVANCED_FACE ( 'NONE', ( #12219 ), #10317, .T. ) ;
#2977 = VERTEX_POINT ( 'NONE', #12399 ) ;
#2978 = ORIENTED_EDGE ( 'NONE', *, *, #1906, .F. ) ;
#2979 = VERTEX_POINT ( 'NONE', #4292 ) ;
#2981 = ORIENTED_EDGE ( 'NONE', *, *, #140, .T. ) ;
#2980 = DIRECTION ( 'NONE',  ( 0.000000000000000000, 0.000000000000000000, -1.000000000000000000 ) ) ;
#2982 = AXIS2_PLACEMENT_3D ( 'NONE', #5153, #7255, #10286 ) ;
#2983 = CARTESIAN_POINT ( 'NONE',  ( -4.478428631448714725, 16.48862918074649997, 0.9000000000000000222 ) ) ;
#2984 = VECTOR ( 'NONE', #13319, 1000.000000000000000 ) ;
#2985 = DIRECTION ( 'NONE',  ( 0.000000000000000000, -1.000000000000000000, 0.000000000000000000 ) ) ;
#2986 = EDGE_CURVE ( 'NONE', #12198, #4407, #12603, .T. ) ;
#2987 = CARTESIAN_POINT ( 'NONE',  ( -5.575000000000000178, 16.69999999999999929, -3.050000000000000266 ) ) ;
#2988 = VERTEX_POINT ( 'NONE', #9732 ) ;
#2989 = CARTESIAN_POINT ( 'NONE',  ( -4.734999999999999432, 3.364999999999999769, 15.84999999999999964 ) ) ;
#2990 = LINE ( 'NONE', #1546, #7649 ) ;
#2991 = VECTOR ( 'NONE', #7607, 1000.000000000000000 ) ;
#2992 = VECTOR ( 'NONE', #922, 1000.000000000000114 ) ;
#2993 = PLANE ( 'NONE',  #2235 ) ;
#2994 = DIRECTION ( 'NONE',  ( 0.000000000000000000, 0.000000000000000000, -1.000000000000000000 ) ) ;
#2995 = ADVANCED_FACE ( 'NONE', ( #12288 ), #8762, .F. ) ;
#2996 = CARTESIAN_POINT ( 'NONE',  ( -7.500000000000000000, -3.500000000000000000, -11.84999999999999964 ) ) ;
#2997 = EDGE_CURVE ( 'NONE', #5952, #6343, #12494, .T. ) ;
#2998 = DIRECTION ( 'NONE',  ( 1.000000000000000000, 0.000000000000000000, 0.000000000000000000 ) ) ;
#2999 = VECTOR ( 'NONE', #11880, 999.9999999999998863 ) ;
#3000 = DIRECTION ( 'NONE',  ( 0.000000000000000000, 0.000000000000000000, 1.000000000000000000 ) ) ;
#3001 = ORIENTED_EDGE ( 'NONE', *, *, #6047, .T. ) ;
#3002 = EDGE_LOOP ( 'NONE', ( #7848, #7954, #8423, #10630 ) ) ;
#3003 = ORIENTED_EDGE ( 'NONE', *, *, #6655, .F. ) ;
#3004 = VERTEX_POINT ( 'NONE', #13118 ) ;
#3005 = CARTESIAN_POINT ( 'NONE',  ( -6.750000000000000000, 16.69999999999999929, 8.550000000000000711 ) ) ;
#3006 = CARTESIAN_POINT ( 'NONE',  ( 2.317708822196413276, 10.13004184202785218, 7.577876617480577615 ) ) ;
#3007 = VECTOR ( 'NONE', #4564, 1000.000000000000000 ) ;
#3008 = ORIENTED_EDGE ( 'NONE', *, *, #1374, .F. ) ;
#3009 = AXIS2_PLACEMENT_3D ( 'NONE', #10358, #12439, #12805 ) ;
#3010 = CARTESIAN_POINT ( 'NONE',  ( -7.500000000000000000, -3.500000000000000000, -11.84999999999999964 ) ) ;
#3011 = VECTOR ( 'NONE', #7113, 1000.000000000000114 ) ;
#3012 = EDGE_CURVE ( 'NONE', #618, #8524, #7940, .T. ) ;
#3013 = LINE ( 'NONE', #7433, #7289 ) ;
#3014 = CARTESIAN_POINT ( 'NONE',  ( -5.250000000000000000, 16.69999999999999929, 10.90000000000000036 ) ) ;
#3015 = LINE ( 'NONE', #10219, #2992 ) ;
#3016 = DIRECTION ( 'NONE',  ( 0.000000000000000000, 0.000000000000000000, -1.000000000000000000 ) ) ;
#3017 = EDGE_CURVE ( 'NONE', #11691, #3196, #7782, .T. ) ;
#3018 = EDGE_CURVE ( 'NONE', #4367, #3421, #3529, .T. ) ;
#3019 = EDGE_CURVE ( 'NONE', #1715, #4833, #3464, .T. ) ;
#3020 = AXIS2_PLACEMENT_3D ( 'NONE', #201, #9593, #11618 ) ;
#3021 = B_SPLINE_CURVE_WITH_KNOTS ( 'NONE', 3,
 ( #2591, #3708, #6851, #3616, #8888, #9948, #11034, #5842, #2376, #1281 ),
 .UNSPECIFIED., .F., .F.,
 ( 4, 2, 2, 2, 4 ),
 ( 0.000000000000000000, 0.2500000000000000000, 0.5000000000000000000, 0.7500000000000000000, 1.000000000000000000 ),
 .UNSPECIFIED. ) ;
#3022 = ORIENTED_EDGE ( 'NONE', *, *, #6332, .T. ) ;
#3023 = EDGE_LOOP ( 'NONE', ( #4890, #8771, #5258, #8588 ) ) ;
#3024 = ORIENTED_EDGE ( 'NONE', *, *, #9154, .F. ) ;
#3025 = ORIENTED_EDGE ( 'NONE', *, *, #2585, .T. ) ;
#3026 = DIRECTION ( 'NONE',  ( -0.6389710663783129130, 0.7692307692307697176, 0.000000000000000000 ) ) ;
#3027 = CIRCLE ( 'NONE', #4347, 1.500000000000000000 ) ;
#3028 = VERTEX_POINT ( 'NONE', #8298 ) ;
#3029 = CARTESIAN_POINT ( 'NONE',  ( 6.222539674441620150, 6.222539674441519786, -15.15000000000000036 ) ) ;
#3030 = CARTESIAN_POINT ( 'NONE',  ( -6.750000000000000000, 16.69999999999999929, 10.20000000000000107 ) ) ;
#3031 = DIRECTION ( 'NONE',  ( 1.000000000000000000, 0.000000000000000000, 0.000000000000000000 ) ) ;
#3032 = VECTOR ( 'NONE', #6866, 999.9999999999998863 ) ;
#3033 = CARTESIAN_POINT ( 'NONE',  ( 2.850000000000000089, -3.500000000000000000, -6.850000000000000533 ) ) ;
#3034 = DIRECTION ( 'NONE',  ( 0.7071067811865474617, 0.7071067811865474617, 0.000000000000000000 ) ) ;
#3035 = LINE ( 'NONE', #10090, #3075 ) ;
#3036 = VECTOR ( 'NONE', #12929, 1000.000000000000000 ) ;
#3037 = PLANE ( 'NONE',  #7091 ) ;
#3038 = CARTESIAN_POINT ( 'NONE',  ( -5.001253558300190249, 7.790249504023520011, -6.450000000000000178 ) ) ;
#3039 = DIRECTION ( 'NONE',  ( -0.8642748019537023207, -0.5030199466302391897, 0.000000000000000000 ) ) ;
#3040 = CARTESIAN_POINT ( 'NONE',  ( -5.250000000000000000, 16.69999999999999929, -4.700000000000000178 ) ) ;
#3041 = LINE ( 'NONE', #380, #7186 ) ;
#3042 = VERTEX_POINT ( 'NONE', #12659 ) ;
#3043 = ORIENTED_EDGE ( 'NONE', *, *, #1948, .T. ) ;
#3044 = VERTEX_POINT ( 'NONE', #2211 ) ;
#3045 = ORIENTED_EDGE ( 'NONE', *, *, #9583, .F. ) ;
#3046 = MECHANICAL_DESIGN_GEOMETRIC_PRESENTATION_REPRESENTATION (  '', ( #7026 ), #11113 ) ;
#3047 = FACE_OUTER_BOUND ( 'NONE', #10050, .T. ) ;
#3048 = VERTEX_POINT ( 'NONE', #12482 ) ;
#3049 = VECTOR ( 'NONE', #2727, 1000.000000000000000 ) ;
#3050 = LINE ( 'NONE', #4652, #12169 ) ;
#3051 = LINE ( 'NONE', #830, #11878 ) ;
#3052 = DIRECTION ( 'NONE',  ( 0.000000000000000000, 0.000000000000000000, -1.000000000000000000 ) ) ;
#3053 = CARTESIAN_POINT ( 'NONE',  ( 3.588643222671839883, 9.139278838686021089, -5.500000000000000000 ) ) ;
#3054 = CARTESIAN_POINT ( 'NONE',  ( -2.850000000000000089, -4.000000000000000000, 12.44999999999999929 ) ) ;
#3055 = EDGE_CURVE ( 'NONE', #13019, #13525, #3358, .T. ) ;
#3056 = ADVANCED_FACE ( 'NONE', ( #7670 ), #149, .F. ) ;
#3057 = CARTESIAN_POINT ( 'NONE',  ( -2.850000000000000089, -4.163697104677059890, -12.31770601336304161 ) ) ;
#3058 = DIRECTION ( 'NONE',  ( 0.000000000000000000, 0.000000000000000000, -1.000000000000000000 ) ) ;
#3059 = CARTESIAN_POINT ( 'NONE',  ( -1.250000000000000000, 0.000000000000000000, 15.84999999999999964 ) ) ;
#3060 = ORIENTED_EDGE ( 'NONE', *, *, #4398, .T. ) ;
#3061 = ORIENTED_EDGE ( 'NONE', *, *, #5895, .T. ) ;
#3062 = VERTEX_POINT ( 'NONE', #5448 ) ;
#3063 = CONTEXT_DEPENDENT_SHAPE_REPRESENTATION ( #3205, #13113 ) ;
#3065 = ORIENTED_EDGE ( 'NONE', *, *, #5705, .T. ) ;
#3064 = CARTESIAN_POINT ( 'NONE',  ( -2.442193645700425186, 12.96803417904112088, -3.050000000000000266 ) ) ;
#3066 = PLANE ( 'NONE',  #10223 ) ;
#3067 = VECTOR ( 'NONE', #11508, 1000.000000000000000 ) ;
#3068 = CARTESIAN_POINT ( 'NONE',  ( -3.775451385280815142, 16.42485207100589761, 14.59999999999999964 ) ) ;
#3069 =( NAMED_UNIT ( * ) PLANE_ANGLE_UNIT ( ) SI_UNIT ( $, .RADIAN. ) );
#3070 = VERTEX_POINT ( 'NONE', #6428 ) ;
#3071 = CARTESIAN_POINT ( 'NONE',  ( -3.775451385280815142, 16.42485207100589761, 5.200000000000000178 ) ) ;
#3072 = AXIS2_PLACEMENT_3D ( 'NONE', #6520, #10590, #2208 ) ;
#3073 = LINE ( 'NONE', #6970, #2703 ) ;
#3074 = PLANE ( 'NONE',  #3379 ) ;
#3075 = VECTOR ( 'NONE', #5440, 1000.000000000000000 ) ;
#3076 = ORIENTED_EDGE ( 'NONE', *, *, #12802, .T. ) ;
#3077 = LINE ( 'NONE', #4730, #7546 ) ;
#3078 = DIRECTION ( 'NONE',  ( 0.000000000000000000, 0.000000000000000000, -1.000000000000000000 ) ) ;
#3079 = EDGE_CURVE ( 'NONE', #6226, #6147, #8001, .T. ) ;
#3080 = AXIS2_PLACEMENT_3D ( 'NONE', #11652, #3293, #6319 ) ;
#3081 = EDGE_CURVE ( 'NONE', #13169, #3234, #3423, .T. ) ;
#3082 = DIRECTION ( 'NONE',  ( 1.000000000000000000, 0.000000000000000000, 0.000000000000000000 ) ) ;
#3083 = ADVANCED_FACE ( 'NONE', ( #3484 ), #9632, .F. ) ;
#3084 = DIRECTION ( 'NONE',  ( 0.000000000000000000, 0.000000000000000000, -1.000000000000000000 ) ) ;
#3085 = CARTESIAN_POINT ( 'NONE',  ( 5.678458962475629868, 1.505729346728055029, 15.84999999999999964 ) ) ;
#3086 = ORIENTED_EDGE ( 'NONE', *, *, #3731, .T. ) ;
#3087 = ORIENTED_EDGE ( 'NONE', *, *, #5641, .F. ) ;
#3088 = DIRECTION ( 'NONE',  ( 0.000000000000000000, 0.000000000000000000, -1.000000000000000000 ) ) ;
#3089 = ORIENTED_EDGE ( 'NONE', *, *, #8151, .T. ) ;
#3090 = ORIENTED_EDGE ( 'NONE', *, *, #648, .F. ) ;
#3091 = DIRECTION ( 'NONE',  ( 0.000000000000000000, 0.000000000000000000, 1.000000000000000000 ) ) ;
#3092 = FACE_OUTER_BOUND ( 'NONE', #5128, .T. ) ;
#3093 = ORIENTED_EDGE ( 'NONE', *, *, #7420, .T. ) ;
#3094 = EDGE_CURVE ( 'NONE', #408, #13172, #7760, .T. ) ;
#3095 = CARTESIAN_POINT ( 'NONE',  ( -5.246999171586890220, 7.618176573118209838, -10.14999999999999858 ) ) ;
#3096 = CYLINDRICAL_SURFACE ( 'NONE', #7805, 1.500000000000000444 ) ;
#3097 = PRESENTATION_LAYER_ASSIGNMENT (  '', '', ( #7686 ) ) ;
#3098 = EDGE_CURVE ( 'NONE', #476, #8582, #8067, .T. ) ;
#3099 = PLANE ( 'NONE',  #11364 ) ;
#3100 = ORIENTED_EDGE ( 'NONE', *, *, #3999, .T. ) ;
#3101 = DIRECTION ( 'NONE',  ( 1.000000000000000000, 0.000000000000000000, 0.000000000000000000 ) ) ;
#3102 = EDGE_CURVE ( 'NONE', #11234, #9359, #3238, .T. ) ;
#3103 = AXIS2_PLACEMENT_3D ( 'NONE', #387, #3438, #4517 ) ;
#3104 = EDGE_CURVE ( 'NONE', #11290, #11234, #12475, .T. ) ;
#3105 = ORIENTED_EDGE ( 'NONE', *, *, #8734, .T. ) ;
#3106 = ORIENTED_EDGE ( 'NONE', *, *, #8902, .T. ) ;
#3107 = ORIENTED_EDGE ( 'NONE', *, *, #5109, .T. ) ;
#3108 = EDGE_LOOP ( 'NONE', ( #13340, #6279, #7133, #224 ) ) ;
#3109 = ADVANCED_FACE ( 'NONE', ( #3505 ), #7075, .F. ) ;
#3110 = PLANE ( 'NONE',  #5114 ) ;
#3111 = VECTOR ( 'NONE', #9645, 1000.000000000000000 ) ;
#3112 = DIRECTION ( 'NONE',  ( -0.5735764363510499342, 0.8191520442889891340, 0.000000000000000000 ) ) ;
#3113 = ORIENTED_EDGE ( 'NONE', *, *, #8826, .F. ) ;
#3114 = DIRECTION ( 'NONE',  ( 0.7071067811865470176, 0.7071067811865480168, 0.000000000000000000 ) ) ;
#3115 = CARTESIAN_POINT ( 'NONE',  ( -5.149861993732639753, 10.12774193481510032, -6.450000000000000178 ) ) ;
#3116 = DIRECTION ( 'NONE',  ( -0.5332357997187978649, -0.8211111254386349589, 0.2035585949527854988 ) ) ;
#3117 = DIRECTION ( 'NONE',  ( -0.7071067811865475727, -0.7071067811865475727, 0.000000000000000000 ) ) ;
#3118 = CARTESIAN_POINT ( 'NONE',  ( -1.530854753362479892, 11.74577986658169948, -11.44999999999999929 ) ) ;
#3119 = PRODUCT_CONTEXT ( 'NONE', #11739, 'mechanical' ) ;
#3120 = FACE_OUTER_BOUND ( 'NONE', #10178, .T. ) ;
#3121 = ORIENTED_EDGE ( 'NONE', *, *, #11943, .F. ) ;
#3122 = CARTESIAN_POINT ( 'NONE',  ( -2.149999999999999911, -3.500000000000000000, -6.850000000000000533 ) ) ;
#3123 = EDGE_CURVE ( 'NONE', #10464, #4060, #12580, .T. ) ;
#3124 = AXIS2_PLACEMENT_3D ( 'NONE', #3014, #4072, #5151 ) ;
#3125 = CARTESIAN_POINT ( 'NONE',  ( -5.250000000000000000, 18.19999999999999929, 5.200000000000000178 ) ) ;
#3126 = DIRECTION ( 'NONE',  ( -0.8753734620995469173, -0.4834473103160809582, 0.000000000000000000 ) ) ;
#3127 = EDGE_CURVE ( 'NONE', #3666, #5816, #12239, .T. ) ;
#3128 = DIRECTION ( 'NONE',  ( 0.000000000000000000, 0.000000000000000000, -1.000000000000000000 ) ) ;
#3129 = ORIENTED_EDGE ( 'NONE', *, *, #1548, .F. ) ;
#3130 = ORIENTED_EDGE ( 'NONE', *, *, #1198, .F. ) ;
#3131 = EDGE_LOOP ( 'NONE', ( #10049, #4278, #12693, #5508 ) ) ;
#3132 = ORIENTED_EDGE ( 'NONE', *, *, #12246, .T. ) ;
#3133 = ORIENTED_EDGE ( 'NONE', *, *, #3019, .F. ) ;
#3134 = VECTOR ( 'NONE', #13468, 1000.000000000000114 ) ;
#3135 = EDGE_CURVE ( 'NONE', #10063, #476, #8045, .T. ) ;
#3136 = ORIENTED_EDGE ( 'NONE', *, *, #6341, .F. ) ;
#3137 = EDGE_CURVE ( 'NONE', #2617, #9145, #12411, .T. ) ;
#3138 = VECTOR ( 'NONE', #11601, 1000.000000000000000 ) ;
#3139 = ADVANCED_FACE ( 'NONE', ( #3333 ), #4220, .F. ) ;
#3140 = ORIENTED_EDGE ( 'NONE', *, *, #2553, .F. ) ;
#3141 = DIRECTION ( 'NONE',  ( 0.7071067811865480168, -0.7071067811865470176, 0.000000000000000000 ) ) ;
#3142 = CARTESIAN_POINT ( 'NONE',  ( -5.250000000000000000, 16.69999999999999929, 10.90000000000000036 ) ) ;
#3143 = CARTESIAN_POINT ( 'NONE',  ( 2.364318297194648366, 10.13430624441763861, -6.898841357633032523 ) ) ;
#3144 = AXIS2_PLACEMENT_3D ( 'NONE', #1995, #3016, #817 ) ;
#3145 = CARTESIAN_POINT ( 'NONE',  ( 1.926942286883454925, 7.972552649728219976, 2.750000000000000000 ) ) ;
#3146 = EDGE_CURVE ( 'NONE', #3444, #8784, #7802, .T. ) ;
#3147 = DIRECTION ( 'NONE',  ( -1.000000000000000000, 0.000000000000000000, 0.000000000000000000 ) ) ;
#3148 = PLANE ( 'NONE',  #3188 ) ;
#3149 = EDGE_CURVE ( 'NONE', #6304, #1231, #7694, .T. ) ;
#3150 = ORIENTED_EDGE ( 'NONE', *, *, #7563, .T. ) ;
#3151 = ORIENTED_EDGE ( 'NONE', *, *, #3055, .F. ) ;
#3152 = ORIENTED_EDGE ( 'NONE', *, *, #7511, .T. ) ;
#3154 = ORIENTED_EDGE ( 'NONE', *, *, #13293, .F. ) ;
#3153 = CARTESIAN_POINT ( 'NONE',  ( -6.330983280564429272, 18.00135094402205027, 8.550000000000000711 ) ) ;
#3155 = DIRECTION ( 'NONE',  ( -0.6389710663783122468, 0.7692307692307702727, 0.000000000000000000 ) ) ;
#3156 = EDGE_CURVE ( 'NONE', #10806, #5760, #3577, .T. ) ;
#3157 = SURFACE_STYLE_FILL_AREA ( #1044 ) ;
#3158 = DIRECTION ( 'NONE',  ( 0.000000000000000000, 0.000000000000000000, -1.000000000000000000 ) ) ;
#3159 = EDGE_LOOP ( 'NONE', ( #10329, #10995, #1705, #6144 ) ) ;
#3160 = CARTESIAN_POINT ( 'NONE',  ( -2.149999999999999911, -4.000000000000000000, 12.97499999999999964 ) ) ;
#3161 = FACE_OUTER_BOUND ( 'NONE', #373, .T. ) ;
#3162 = ADVANCED_FACE ( 'NONE', ( #7715 ), #5032, .T. ) ;
#3163 = VECTOR ( 'NONE', #1324, 1000.000000000000000 ) ;
#3164 = ORIENTED_EDGE ( 'NONE', *, *, #3079, .F. ) ;
#3165 = ADVANCED_FACE ( 'NONE', ( #7646 ), #11593, .T. ) ;
#3166 = CARTESIAN_POINT ( 'NONE',  ( 1.219421292110005828, 3.575998638938560070, -15.84999999999999964 ) ) ;
#3167 = AXIS2_PLACEMENT_3D ( 'NONE', #10950, #11900, #7667 ) ;
#3168 = CARTESIAN_POINT ( 'NONE',  ( -0.9000476708424469674, 10.66194478217150099, 13.54999999999999893 ) ) ;
#3169 = DIRECTION ( 'NONE',  ( -1.000000000000000000, 0.000000000000000000, 0.000000000000000000 ) ) ;
#3170 = EDGE_CURVE ( 'NONE', #5334, #4031, #3286, .T. ) ;
#3171 = DIRECTION ( 'NONE',  ( -0.7071067811865475727, 0.7071067811865475727, 0.000000000000000000 ) ) ;
#3172 = VERTEX_POINT ( 'NONE', #868 ) ;
#3173 = VERTEX_POINT ( 'NONE', #8513 ) ;
#3174 = CARTESIAN_POINT ( 'NONE',  ( 0.000000000000000000, -4.000000000000000000, 7.974999999999999645 ) ) ;
#3175 = VERTEX_POINT ( 'NONE', #13554 ) ;
#3176 = SHAPE_REPRESENTATION_RELATIONSHIP ( 'NONE' , 'NONE' ,  #9688, #2964 ) ;
#3177 = ORIENTED_EDGE ( 'NONE', *, *, #11943, .T. ) ;
#3178 = CARTESIAN_POINT ( 'NONE',  ( 1.926942286883454925, 7.972552649728219976, -2.250000000000000000 ) ) ;
#3179 = VECTOR ( 'NONE', #5914, 1000.000000000000114 ) ;
#3180 = ORIENTED_EDGE ( 'NONE', *, *, #5541, .F. ) ;
#3181 = MANIFOLD_SOLID_BREP ( 'NONE', #6169 ) ;
#3182 = EDGE_CURVE ( 'NONE', #5888, #4463, #13108, .T. ) ;
#3183 = CYLINDRICAL_SURFACE ( 'NONE', #3779, 0.8000000000000000444 ) ;
#3184 = DIRECTION ( 'NONE',  ( 0.000000000000000000, 0.000000000000000000, 1.000000000000000000 ) ) ;
#3185 = ORIENTED_EDGE ( 'NONE', *, *, #1454, .F. ) ;
#3187 = EDGE_CURVE ( 'NONE', #3772, #2787, #8208, .T. ) ;
#3186 = SURFACE_STYLE_USAGE ( .BOTH. , #2085 ) ;
#3188 = AXIS2_PLACEMENT_3D ( 'NONE', #2321, #2232, #9204 ) ;
#3189 = CARTESIAN_POINT ( 'NONE',  ( 4.110316879431045400, 5.529803886462669738, -5.964097109479530090 ) ) ;
#3190 = DIRECTION ( 'NONE',  ( 0.7071067811865480168, 0.7071067811865470176, 0.000000000000000000 ) ) ;
#3191 = ADVANCED_FACE ( 'NONE', ( #4028 ), #4215, .F. ) ;
#3192 = EDGE_LOOP ( 'NONE', ( #12317, #7242, #7495, #2582 ) ) ;
#3193 = ORIENTED_EDGE ( 'NONE', *, *, #5026, .T. ) ;
#3194 = ORIENTED_EDGE ( 'NONE', *, *, #12483, .T. ) ;
#3195 = DIRECTION ( 'NONE',  ( -0.7692307692307698286, -0.6389710663783129130, 0.000000000000000000 ) ) ;
#3196 = VERTEX_POINT ( 'NONE', #1127 ) ;
#3197 = DIRECTION ( 'NONE',  ( 0.000000000000000000, 0.000000000000000000, 1.000000000000000000 ) ) ;
#3198 = VECTOR ( 'NONE', #6141, 1000.000000000000114 ) ;
#3199 = VERTEX_POINT ( 'NONE', #12682 ) ;
#3200 = CARTESIAN_POINT ( 'NONE',  ( 2.850000000000000089, -4.000000000000000000, 12.62500000000000000 ) ) ;
#3201 = PLANE ( 'NONE',  #1196 ) ;
#3202 = FACE_OUTER_BOUND ( 'NONE', #10164, .T. ) ;
#3203 = CARTESIAN_POINT ( 'NONE',  ( -0.9000476708424469674, 10.66194478217150099, -11.44999999999999929 ) ) ;
#3204 = DIRECTION ( 'NONE',  ( 0.7071067811865415775, 0.7071067811865535679, 0.000000000000000000 ) ) ;
#3205 =( REPRESENTATION_RELATIONSHIP ('NONE','NONE', #3431, #9688 ) REPRESENTATION_RELATIONSHIP_WITH_TRANSFORMATION ( #12097 )SHAPE_REPRESENTATION_RELATIONSHIP( ) );
#3206 = VERTEX_POINT ( 'NONE', #1222 ) ;
#3207 = DIRECTION ( 'NONE',  ( -0.5735764363510499342, 0.8191520442889891340, 0.000000000000000000 ) ) ;
#3208 = AXIS2_PLACEMENT_3D ( 'NONE', #13258, #10224, #11319 ) ;
#3209 = PLANE ( 'NONE',  #1966 ) ;
#3210 = DIRECTION ( 'NONE',  ( -0.7692307692307702727, -0.6389710663783122468, 0.000000000000000000 ) ) ;
#3211 = DIRECTION ( 'NONE',  ( 2.478176394252580155E-15, 0.000000000000000000, -1.000000000000000000 ) ) ;
#3212 = CARTESIAN_POINT ( 'NONE',  ( -1.530854753362479892, 11.74577986658169948, -11.44999999999999929 ) ) ;
#3213 = DIRECTION ( 'NONE',  ( 0.7071067811865475727, -0.7071067811865475727, 0.000000000000000000 ) ) ;
#3214 = ORIENTED_EDGE ( 'NONE', *, *, #5639, .F. ) ;
#3215 = ORIENTED_EDGE ( 'NONE', *, *, #6907, .F. ) ;
#3216 = ORIENTED_EDGE ( 'NONE', *, *, #12503, .T. ) ;
#3217 = ORIENTED_EDGE ( 'NONE', *, *, #9072, .F. ) ;
#3218 = DIRECTION ( 'NONE',  ( 0.8191520442889882458, 0.5735764363510511554, 0.000000000000000000 ) ) ;
#3219 = ADVANCED_FACE ( 'NONE', ( #8495 ), #3148, .F. ) ;
#3220 = MECHANICAL_DESIGN_GEOMETRIC_PRESENTATION_REPRESENTATION (  '', ( #940 ), #11298 ) ;
#3221 = VECTOR ( 'NONE', #4375, 1000.000000000000000 ) ;
#3222 = EDGE_CURVE ( 'NONE', #3470, #5491, #12723, .T. ) ;
#3223 = ORIENTED_EDGE ( 'NONE', *, *, #6745, .T. ) ;
#3224 = CIRCLE ( 'NONE', #9344, 1.505000000000000338 ) ;
#3225 = ORIENTED_EDGE ( 'NONE', *, *, #2546, .T. ) ;
#3226 = CARTESIAN_POINT ( 'NONE',  ( -6.077610530143179979, 9.327446567904038588, 9.849999999999999645 ) ) ;
#3227 = CARTESIAN_POINT ( 'NONE',  ( 2.306154181162860084, 10.12774586688902190, -7.250000000000000000 ) ) ;
#3228 = PLANE ( 'NONE',  #13541 ) ;
#3229 = CARTESIAN_POINT ( 'NONE',  ( -5.250000000000000000, 16.69999999999999929, -6.450000000000000178 ) ) ;
#3230 = DIRECTION ( 'NONE',  ( 0.000000000000000000, 0.000000000000000000, 1.000000000000000000 ) ) ;
#3231 =( GEOMETRIC_REPRESENTATION_CONTEXT ( 3 ) GLOBAL_UNCERTAINTY_ASSIGNED_CONTEXT ( ( #3935 ) ) GLOBAL_UNIT_ASSIGNED_CONTEXT ( ( #5244, #2270, #11543 ) ) REPRESENTATION_CONTEXT ( 'NONE', 'WORKASPACE' ) );
#3232 = CARTESIAN_POINT ( 'NONE',  ( -6.330983280564429272, 18.00135094402205027, -6.450000000000000178 ) ) ;
#3233 = ORIENTED_EDGE ( 'NONE', *, *, #10733, .T. ) ;
#3234 = VERTEX_POINT ( 'NONE', #7134 ) ;
#3235 = ORIENTED_EDGE ( 'NONE', *, *, #11453, .F. ) ;
#3236 = VERTEX_POINT ( 'NONE', #9287 ) ;
#3237 = CARTESIAN_POINT ( 'NONE',  ( -0.9000476708424469674, 10.66194478217150099, -11.44999999999999929 ) ) ;
#3238 = LINE ( 'NONE', #1703, #7895 ) ;
#3239 = EDGE_CURVE ( 'NONE', #2387, #2743, #8160, .T. ) ;
#3240 = CARTESIAN_POINT ( 'NONE',  ( 3.863453660807525392, 5.486275240474819626, 11.92261605965939886 ) ) ;
#3241 = CARTESIAN_POINT ( 'NONE',  ( -7.014921993108779397, 16.26222191265249961, 3.550000000000000266 ) ) ;
#3242 = VERTEX_POINT ( 'NONE', #4309 ) ;
#3243 = PLANE ( 'NONE',  #2745 ) ;
#3244 = LINE ( 'NONE', #4678, #3658 ) ;
#3245 = AXIS2_PLACEMENT_3D ( 'NONE', #10334, #11424, #12414 ) ;
#3246 = EDGE_CURVE ( 'NONE', #7556, #5378, #12793, .T. ) ;
#3247 = LINE ( 'NONE', #12849, #12480 ) ;
#3248 = ADVANCED_FACE ( 'NONE', ( #3741 ), #12418, .F. ) ;
#3249 = ORIENTED_EDGE ( 'NONE', *, *, #8510, .F. ) ;
#3250 = CARTESIAN_POINT ( 'NONE',  ( -5.001253558300190249, 7.790249504023520011, -0.1499999999999999944 ) ) ;
#3251 = CARTESIAN_POINT ( 'NONE',  ( -1.442193645700395876, 12.96803417904112088, -6.450000000000000178 ) ) ;
#3252 = EDGE_CURVE ( 'NONE', #8501, #13315, #8276, .T. ) ;
#3253 = PLANE ( 'NONE',  #2930 ) ;
#3254 = CARTESIAN_POINT ( 'NONE',  ( 3.588643222671839883, 9.139278838686021089, -0.9499999999999999556 ) ) ;
#3255 = AXIS2_PLACEMENT_3D ( 'NONE', #3818, #13162, #568 ) ;
#3256 = FACE_OUTER_BOUND ( 'NONE', #7893, .T. ) ;
#3257 = DIRECTION ( 'NONE',  ( 1.000000000000000000, 0.000000000000000000, 0.000000000000000000 ) ) ;
#3258 = EDGE_LOOP ( 'NONE', ( #3931, #11775, #10943, #8249, #5584, #12756, #7518, #3150, #6348, #1572, #7764, #7253, #2629, #11727, #6798 ) ) ;
#3259 = ORIENTED_EDGE ( 'NONE', *, *, #12460, .T. ) ;
#3260 = DIRECTION ( 'NONE',  ( 0.000000000000000000, 0.000000000000000000, -1.000000000000000000 ) ) ;
#3261 = ORIENTED_EDGE ( 'NONE', *, *, #9379, .F. ) ;
#3262 = ORIENTED_EDGE ( 'NONE', *, *, #8151, .F. ) ;
#3263 = DIRECTION ( 'NONE',  ( 2.478176394252580155E-15, 0.000000000000000000, -1.000000000000000000 ) ) ;
#3264 = LINE ( 'NONE', #12758, #3198 ) ;
#3265 = ORIENTED_EDGE ( 'NONE', *, *, #3017, .F. ) ;
#3266 = VECTOR ( 'NONE', #6480, 1000.000000000000000 ) ;
#3267 = CIRCLE ( 'NONE', #4900, 0.5999999999999998668 ) ;
#3268 = DIRECTION ( 'NONE',  ( 0.000000000000000000, 0.000000000000000000, -1.000000000000000000 ) ) ;
#3269 = AXIS2_PLACEMENT_3D ( 'NONE', #4387, #2478, #3589 ) ;
#3270 = ORIENTED_EDGE ( 'NONE', *, *, #10514, .F. ) ;
#3271 = CARTESIAN_POINT ( 'NONE',  ( -6.750000000000000000, 16.69999999999999929, 15.19999999999999929 ) ) ;
#3272 = DIRECTION ( 'NONE',  ( 0.000000000000000000, 0.000000000000000000, -1.000000000000000000 ) ) ;
#3273 = CARTESIAN_POINT ( 'NONE',  ( 2.850000000000000089, -4.000000000000000000, 7.974999999999999645 ) ) ;
#3274 = DIRECTION ( 'NONE',  ( 1.000000000000000000, 0.000000000000000000, 0.000000000000000000 ) ) ;
#3275 = DIRECTION ( 'NONE',  ( 1.000000000000000000, 0.000000000000000000, 0.000000000000000000 ) ) ;
#3276 = VECTOR ( 'NONE', #7507, 1000.000000000000000 ) ;
#3277 = ORIENTED_EDGE ( 'NONE', *, *, #1353, .T. ) ;
#3278 = EDGE_LOOP ( 'NONE', ( #3008, #528, #96, #8642, #164, #13239 ) ) ;
#3279 = EDGE_CURVE ( 'NONE', #5134, #6942, #12630, .T. ) ;
#3280 = ORIENTED_EDGE ( 'NONE', *, *, #9831, .T. ) ;
#3281 = CARTESIAN_POINT ( 'NONE',  ( -1.530854753362479892, 11.74577986658169948, 6.949999999999999289 ) ) ;
#3282 = SURFACE_STYLE_FILL_AREA ( #13438 ) ;
#3283 = EDGE_LOOP ( 'NONE', ( #1162, #12282, #10250, #5797 ) ) ;
#3284 = AXIS2_PLACEMENT_3D ( 'NONE', #1635, #4617, #7750 ) ;
#3285 = CARTESIAN_POINT ( 'NONE',  ( -5.575000000000000178, 16.69999999999999929, -13.05000000000000071 ) ) ;
#3286 = LINE ( 'NONE', #9566, #3134 ) ;
#3287 = ORIENTED_EDGE ( 'NONE', *, *, #5420, .F. ) ;
#3288 = DIRECTION ( 'NONE',  ( -0.000000000000000000, 0.3303504247281054407, 0.9438583563660176701 ) ) ;
#3289 = CARTESIAN_POINT ( 'NONE',  ( 2.850000000000000089, -3.500000000000000000, -11.84999999999999964 ) ) ;
#3290 = VECTOR ( 'NONE', #7900, 1000.000000000000000 ) ;
#3291 = DIRECTION ( 'NONE',  ( -0.8542610676133731706, -0.1506292747890529971, 0.4975428121645250612 ) ) ;
#3292 = DIRECTION ( 'NONE',  ( 0.8386705679454268259, -0.5446390350150228654, 0.000000000000000000 ) ) ;
#3293 = DIRECTION ( 'NONE',  ( 0.000000000000000000, 0.000000000000000000, 1.000000000000000000 ) ) ;
#3294 = COLOUR_RGB ( '',0.7921568627450980005, 0.8196078431372548767, 0.9333333333333333481 ) ;
#3295 = ORIENTED_EDGE ( 'NONE', *, *, #3487, .F. ) ;
#3296 = EDGE_CURVE ( 'NONE', #6195, #7851, #8301, .T. ) ;
#3297 = CARTESIAN_POINT ( 'NONE',  ( 2.149999999999999911, 0.000000000000000000, -11.84999999999999964 ) ) ;
#3298 = DIRECTION ( 'NONE',  ( -0.9702108924344295948, -0.1710743573134244355, -0.1715353854788749244 ) ) ;
#3299 = FACE_OUTER_BOUND ( 'NONE', #6269, .T. ) ;
#3300 = EDGE_CURVE ( 'NONE', #8182, #3574, #12650, .T. ) ;
#3301 = PLANE ( 'NONE',  #13115 ) ;
#3302 = DIRECTION ( 'NONE',  ( -0.7071067811865415775, -0.7071067811865535679, 0.000000000000000000 ) ) ;
#3303 = CARTESIAN_POINT ( 'NONE',  ( 0.000000000000000000, -4.000000000000000000, -25.00000000000000000 ) ) ;
#3304 = EDGE_CURVE ( 'NONE', #9663, #7370, #3795, .T. ) ;
#3305 = EDGE_LOOP ( 'NONE', ( #8933, #12744, #5269, #4685, #10785, #385 ) ) ;
#3306 = VERTEX_POINT ( 'NONE', #10419 ) ;
#3307 = ORIENTED_EDGE ( 'NONE', *, *, #8765, .F. ) ;
#3308 = ORIENTED_EDGE ( 'NONE', *, *, #545, .T. ) ;
#3309 = ORIENTED_EDGE ( 'NONE', *, *, #6228, .T. ) ;
#3310 = AXIS2_PLACEMENT_3D ( 'NONE', #13386, #1873, #7309 ) ;
#3311 = LINE ( 'NONE', #6105, #12290 ) ;
#3312 = EDGE_CURVE ( 'NONE', #187, #9783, #12697, .T. ) ;
#3313 = VERTEX_POINT ( 'NONE', #7544 ) ;
#3314 = CARTESIAN_POINT ( 'NONE',  ( 2.475030032583884765, 7.424464904027790801, -8.349584923580570361 ) ) ;
#3315 = EDGE_CURVE ( 'NONE', #2062, #9000, #8472, .T. ) ;
#3316 = CARTESIAN_POINT ( 'NONE',  ( -0.9718728952031370216, 13.13773506781796030, -6.450000000000000178 ) ) ;
#3317 = EDGE_CURVE ( 'NONE', #10903, #13467, #12822, .T. ) ;
#3318 = CARTESIAN_POINT ( 'NONE',  ( -5.001253558300190249, 7.790249504023520011, -1.449999999999999956 ) ) ;
#3319 = EDGE_CURVE ( 'NONE', #7273, #9531, #8321, .T. ) ;
#3320 = DIRECTION ( 'NONE',  ( 0.8386705679454268259, -0.5446390350150228654, 0.000000000000000000 ) ) ;
#3321 = FACE_OUTER_BOUND ( 'NONE', #2420, .T. ) ;
#3322 = DIRECTION ( 'NONE',  ( -0.7071067811865474617, 0.7071067811865474617, 0.000000000000000000 ) ) ;
#3323 =( LENGTH_UNIT ( ) NAMED_UNIT ( * ) SI_UNIT ( .MILLI., .METRE. ) );
#3324 = CARTESIAN_POINT ( 'NONE',  ( -5.809933491950640239, 18.09157266594019831, 0.9000000000000000222 ) ) ;
#3325 = EDGE_CURVE ( 'NONE', #6240, #4345, #8257, .T. ) ;
#3326 = AXIS2_PLACEMENT_3D ( 'NONE', #12782, #1132, #8697 ) ;
#3327 = EDGE_LOOP ( 'NONE', ( #8825, #7019, #4895, #10999, #9277, #1584 ) ) ;
#3328 = ORIENTED_EDGE ( 'NONE', *, *, #9995, .T. ) ;
#3329 = VERTEX_POINT ( 'NONE', #2402 ) ;
#3331 = EDGE_LOOP ( 'NONE', ( #5275, #11619, #10086, #3100 ) ) ;
#3330 = DIRECTION ( 'NONE',  ( 2.478176394252580155E-15, 0.000000000000000000, -1.000000000000000000 ) ) ;
#3332 = DIRECTION ( 'NONE',  ( 1.000000000000000000, 0.000000000000000000, 0.000000000000000000 ) ) ;
#3333 = FACE_OUTER_BOUND ( 'NONE', #3825, .T. ) ;
#3334 = DIRECTION ( 'NONE',  ( 0.000000000000000000, 0.000000000000000000, 1.000000000000000000 ) ) ;
#3335 = DIRECTION ( 'NONE',  ( 0.000000000000000000, 0.000000000000000000, -1.000000000000000000 ) ) ;
#3336 = EDGE_LOOP ( 'NONE', ( #9335, #6624, #2937, #11867 ) ) ;
#3337 = DIRECTION ( 'NONE',  ( 0.000000000000000000, 0.000000000000000000, 1.000000000000000000 ) ) ;
#3338 = VECTOR ( 'NONE', #2518, 1000.000000000000000 ) ;
#3339 = LINE ( 'NONE', #10527, #3138 ) ;
#3340 = ORIENTED_EDGE ( 'NONE', *, *, #13366, .T. ) ;
#3341 = EDGE_CURVE ( 'NONE', #2979, #10737, #3966, .T. ) ;
#3342 = DIRECTION ( 'NONE',  ( 1.000000000000000000, 0.000000000000000000, 0.000000000000000000 ) ) ;
#3343 = VECTOR ( 'NONE', #230, 1000.000000000000114 ) ;
#3344 = DIRECTION ( 'NONE',  ( -0.5332357997187978649, -0.8211111254386349589, 0.2035585949527854988 ) ) ;
#3345 = EDGE_CURVE ( 'NONE', #9906, #1439, #8537, .T. ) ;
#3346 = DIRECTION ( 'NONE',  ( 0.000000000000000000, 0.000000000000000000, -1.000000000000000000 ) ) ;
#3347 = CARTESIAN_POINT ( 'NONE',  ( -0.8499999999999999778, 0.9000000000000000222, -15.15000000000000036 ) ) ;
#3348 = DIRECTION ( 'NONE',  ( 0.000000000000000000, -0.9438583563660177811, 0.3303504247281049411 ) ) ;
#3349 = LINE ( 'NONE', #2194, #7887 ) ;
#3350 = PLANE ( 'NONE',  #8009 ) ;
#3351 = ORIENTED_EDGE ( 'NONE', *, *, #7625, .F. ) ;
#3352 = VERTEX_POINT ( 'NONE', #3683 ) ;
#3353 = CARTESIAN_POINT ( 'NONE',  ( -3.984748662560944954, 15.89430833868740045, -14.09999999999999964 ) ) ;
#3354 = ORIENTED_EDGE ( 'NONE', *, *, #5138, .F. ) ;
#3355 = EDGE_CURVE ( 'NONE', #11465, #8984, #8557, .T. ) ;
#3356 = EDGE_LOOP ( 'NONE', ( #5690, #586, #8371, #1905 ) ) ;
#3357 = AXIS2_PLACEMENT_3D ( 'NONE', #9908, #10979, #13033 ) ;
#3358 = LINE ( 'NONE', #2119, #12182 ) ;
#3359 = EDGE_LOOP ( 'NONE', ( #6259, #4258, #8852, #11302 ) ) ;
#3360 = LINE ( 'NONE', #2495, #7763 ) ;
#3361 = ADVANCED_FACE ( 'NONE', ( #13069 ), #8425, .T. ) ;
#3362 = CARTESIAN_POINT ( 'NONE',  ( 4.139999999999999680, 3.079999999999999627, 15.75000000000000000 ) ) ;
#3363 = CARTESIAN_POINT ( 'NONE',  ( -6.293015043061680025, 9.112042054985540318, 14.84999999999999964 ) ) ;
#3364 = ORIENTED_EDGE ( 'NONE', *, *, #9246, .F. ) ;
#3365 = CARTESIAN_POINT ( 'NONE',  ( -5.316253523062870023, 17.49725182388110056, 10.90000000000000036 ) ) ;
#3366 = EDGE_CURVE ( 'NONE', #2988, #3044, #8352, .T. ) ;
#3367 = CARTESIAN_POINT ( 'NONE',  ( -2.399604646138564945, 13.25676273017529994, -8.050000000000000711 ) ) ;
#3368 = CARTESIAN_POINT ( 'NONE',  ( -4.478428631448714725, 16.48862918074649997, -9.099999999999999645 ) ) ;
#3369 = FACE_OUTER_BOUND ( 'NONE', #273, .T. ) ;
#3370 = DIRECTION ( 'NONE',  ( 0.000000000000000000, 0.000000000000000000, -1.000000000000000000 ) ) ;
#3371 = ORIENTED_EDGE ( 'NONE', *, *, #9868, .F. ) ;
#3372 = ORIENTED_EDGE ( 'NONE', *, *, #6672, .T. ) ;
#3373 = ORIENTED_EDGE ( 'NONE', *, *, #12808, .F. ) ;
#3374 = CARTESIAN_POINT ( 'NONE',  ( -7.500000000000000000, -3.500000000000000000, 8.149999999999998579 ) ) ;
#3375 = ORIENTED_EDGE ( 'NONE', *, *, #11345, .T. ) ;
#3376 = CARTESIAN_POINT ( 'NONE',  ( 1.926942286883454925, 7.972552649728219976, 11.87511312334006064 ) ) ;
#3377 = EDGE_LOOP ( 'NONE', ( #9038, #5076, #8651, #88 ) ) ;
#3378 = CARTESIAN_POINT ( 'NONE',  ( -5.250000000000000000, 16.69999999999999929, 1.949999999999999956 ) ) ;
#3379 = AXIS2_PLACEMENT_3D ( 'NONE', #7312, #6458, #12785 ) ;
#3380 = PLANE ( 'NONE',  #12360 ) ;
#3381 = DIRECTION ( 'NONE',  ( -0.5030199466302391897, 0.8642748019537023207, 0.000000000000000000 ) ) ;
#3382 = DIRECTION ( 'NONE',  ( 0.000000000000000000, 0.000000000000000000, 1.000000000000000000 ) ) ;
#3383 = FACE_OUTER_BOUND ( 'NONE', #4037, .T. ) ;
#3384 = ORIENTED_EDGE ( 'NONE', *, *, #3981, .T. ) ;
#3385 = CARTESIAN_POINT ( 'NONE',  ( 2.850000000000000089, -4.000000000000000000, -11.84999999999999964 ) ) ;
#3386 = EDGE_CURVE ( 'NONE', #7336, #249, #13024, .T. ) ;
#3387 = ADVANCED_FACE ( 'NONE', ( #3848 ), #11103, .F. ) ;
#3388 = CARTESIAN_POINT ( 'NONE',  ( -2.382835146695035267, 12.62863240148741895, 1.949999999999999956 ) ) ;
#3389 = PRODUCT_DEFINITION ( 'UNKNOWN', '', #6380, #7117 ) ;
#3390 = CARTESIAN_POINT ( 'NONE',  ( 2.149999999999999911, -4.000000000000000000, 7.974999999999999645 ) ) ;
#3391 = VECTOR ( 'NONE', #13361, 1000.000000000000000 ) ;
#3392 = EDGE_CURVE ( 'NONE', #2961, #2017, #13003, .T. ) ;
#3393 = CARTESIAN_POINT ( 'NONE',  ( -2.850000000000000089, 0.000000000000000000, -6.850000000000000533 ) ) ;
#3394 = CARTESIAN_POINT ( 'NONE',  ( -7.500000000000000000, -3.500000000000000000, -11.84999999999999964 ) ) ;
#3395 = DIRECTION ( 'NONE',  ( 0.000000000000000000, 0.000000000000000000, 1.000000000000000000 ) ) ;
#3396 = ORIENTED_EDGE ( 'NONE', *, *, #9868, .T. ) ;
#3397 = ORIENTED_EDGE ( 'NONE', *, *, #8926, .F. ) ;
#3398 = ORIENTED_EDGE ( 'NONE', *, *, #9826, .T. ) ;
#3399 = ORIENTED_EDGE ( 'NONE', *, *, #734, .F. ) ;
#3400 = ADVANCED_FACE ( 'NONE', ( #3900 ), #8688, .T. ) ;
#3401 = VECTOR ( 'NONE', #9996, 1000.000000000000000 ) ;
#3402 = ORIENTED_EDGE ( 'NONE', *, *, #2857, .T. ) ;
#3403 = SURFACE_STYLE_FILL_AREA ( #4317 ) ;
#3404 = MECHANICAL_DESIGN_GEOMETRIC_PRESENTATION_REPRESENTATION (  '', ( #4749 ), #3231 ) ;
#3405 = VERTEX_POINT ( 'NONE', #9925 ) ;
#3406 = CARTESIAN_POINT ( 'NONE',  ( -5.809933491950640239, 18.09157266594019831, 5.899999999999999467 ) ) ;
#3407 = FILL_AREA_STYLE ('',( #352 ) ) ;
#3408 = ADVANCED_FACE ( 'NONE', ( #4073 ), #11862, .F. ) ;
#3409 = CARTESIAN_POINT ( 'NONE',  ( -4.564624922667160689, 8.111000000000000654, 15.84999999999999964 ) ) ;
#3410 = CARTESIAN_POINT ( 'NONE',  ( -5.250000000000000000, 16.69999999999999929, -4.700000000000000178 ) ) ;
#3411 = DIRECTION ( 'NONE',  ( -0.7071067811865415775, -0.7071067811865535679, 0.000000000000000000 ) ) ;
#3412 = EDGE_CURVE ( 'NONE', #6593, #12260, #8403, .T. ) ;
#3413 = CARTESIAN_POINT ( 'NONE',  ( -6.750000000000000000, 16.69999999999999929, -9.799999999999998934 ) ) ;
#3414 = AXIS2_PLACEMENT_3D ( 'NONE', #6705, #9257, #7685 ) ;
#3415 = DIRECTION ( 'NONE',  ( 0.000000000000000000, 0.000000000000000000, -1.000000000000000000 ) ) ;
#3416 = EDGE_CURVE ( 'NONE', #4838, #4119, #3988, .T. ) ;
#3417 = ORIENTED_EDGE ( 'NONE', *, *, #11179, .F. ) ;
#3418 = ORIENTED_EDGE ( 'NONE', *, *, #7166, .F. ) ;
#3419 = ORIENTED_EDGE ( 'NONE', *, *, #11572, .F. ) ;
#3421 = VERTEX_POINT ( 'NONE', #10716 ) ;
#3420 = CARTESIAN_POINT ( 'NONE',  ( -1.530854753362479892, 11.74577986658169948, -1.449999999999999956 ) ) ;
#3422 = CARTESIAN_POINT ( 'NONE',  ( 2.850000000000000089, -4.000000000000000000, -7.375000000000000000 ) ) ;
#3423 = LINE ( 'NONE', #8401, #3221 ) ;
#3424 = CARTESIAN_POINT ( 'NONE',  ( 6.735268398951980373, 5.992653662405889037, 5.250000000000000000 ) ) ;
#3425 = ORIENTED_EDGE ( 'NONE', *, *, #5971, .T. ) ;
#3426 = CARTESIAN_POINT ( 'NONE',  ( 2.475030032583884765, 7.424464904027790801, 11.87511312334006064 ) ) ;
#3427 = VECTOR ( 'NONE', #2151, 1000.000000000000000 ) ;
#3428 = EDGE_CURVE ( 'NONE', #8184, #103, #4052, .T. ) ;
#3429 = VERTEX_POINT ( 'NONE', #2483 ) ;
#3430 = AXIS2_PLACEMENT_3D ( 'NONE', #11069, #13102, #5784 ) ;
#3431 = SHAPE_REPRESENTATION ( '256-406', ( #3080, #6567 ), #3555 ) ;
#3432 = LINE ( 'NONE', #8550, #3839 ) ;
#3433 = CARTESIAN_POINT ( 'NONE',  ( -1.442193645700395876, 12.96803417904112088, 13.54999999999999893 ) ) ;
#3434 = EDGE_CURVE ( 'NONE', #3968, #6027, #8603, .T. ) ;
#3435 = PLANE ( 'NONE',  #10654 ) ;
#3436 = LINE ( 'NONE', #1919, #7845 ) ;
#3437 = AXIS2_PLACEMENT_3D ( 'NONE', #4859, #3000, #8256 ) ;
#3438 = DIRECTION ( 'NONE',  ( 0.000000000000000000, 0.000000000000000000, -1.000000000000000000 ) ) ;
#3439 = ORIENTED_EDGE ( 'NONE', *, *, #5374, .F. ) ;
#3440 = ORIENTED_EDGE ( 'NONE', *, *, #11408, .T. ) ;
#3441 = PLANE ( 'NONE',  #10992 ) ;
#3442 = ORIENTED_EDGE ( 'NONE', *, *, #11080, .F. ) ;
#3443 = SHAPE_DEFINITION_REPRESENTATION ( #10919, #9688 ) ;
#3444 = VERTEX_POINT ( 'NONE', #7719 ) ;
#3445 = ADVANCED_FACE ( 'NONE', ( #3601 ), #10555, .T. ) ;
#3446 = VECTOR ( 'NONE', #5120, 1000.000000000000114 ) ;
#3447 = EDGE_CURVE ( 'NONE', #13425, #702, #8136, .T. ) ;
#3448 = ORIENTED_EDGE ( 'NONE', *, *, #2665, .T. ) ;
#3449 = VERTEX_POINT ( 'NONE', #206 ) ;
#3450 = LINE ( 'NONE', #277, #3163 ) ;
#3451 = CARTESIAN_POINT ( 'NONE',  ( 2.559164477407499749, 7.554020587861660196, 9.107004542773999844 ) ) ;
#3452 = DIRECTION ( 'NONE',  ( 0.8386705679454268259, -0.5446390350150228654, 0.000000000000000000 ) ) ;
#3453 = ORIENTED_EDGE ( 'NONE', *, *, #5804, .F. ) ;
#3454 = DIRECTION ( 'NONE',  ( -1.000000000000000000, 0.000000000000000000, 0.000000000000000000 ) ) ;
#3455 = CARTESIAN_POINT ( 'NONE',  ( -6.293015043061680025, 9.112042054985540318, 11.95000000000000107 ) ) ;
#3456 = CARTESIAN_POINT ( 'NONE',  ( -3.649999999999999911, 11.17795660910094036, 11.95000000000000107 ) ) ;
#3457 = AXIS2_PLACEMENT_3D ( 'NONE', #12370, #3797, #6206 ) ;
#3458 = LINE ( 'NONE', #1083, #8036 ) ;
#3459 = ORIENTED_EDGE ( 'NONE', *, *, #2608, .T. ) ;
#3460 = ORIENTED_EDGE ( 'NONE', *, *, #9781, .T. ) ;
#3461 = EDGE_CURVE ( 'NONE', #9851, #3044, #12673, .T. ) ;
#3462 = VERTEX_POINT ( 'NONE', #11373 ) ;
#3463 = EDGE_LOOP ( 'NONE', ( #2614, #3982, #3136, #9405 ) ) ;
#3464 = LINE ( 'NONE', #780, #12454 ) ;
#3465 = ORIENTED_EDGE ( 'NONE', *, *, #690, .F. ) ;
#3466 = CARTESIAN_POINT ( 'NONE',  ( 2.648455771505313194, 10.07946628985254023, -13.12159849474963025 ) ) ;
#3467 = DIRECTION ( 'NONE',  ( 1.000000000000000000, 0.000000000000000000, 0.000000000000000000 ) ) ;
#3468 = PLANE ( 'NONE',  #5915 ) ;
#3469 = FACE_OUTER_BOUND ( 'NONE', #12794, .T. ) ;
#3470 = VERTEX_POINT ( 'NONE', #8545 ) ;
#3471 = CARTESIAN_POINT ( 'NONE',  ( -0.9000476708424469674, 10.66194478217150099, -1.449999999999999956 ) ) ;
#3472 = CARTESIAN_POINT ( 'NONE',  ( 4.740000000000000213, 3.079999999999999627, 15.75000000000000000 ) ) ;
#3473 = VECTOR ( 'NONE', #5418, 1000.000000000000000 ) ;
#3474 = CARTESIAN_POINT ( 'NONE',  ( 4.330811839566824695, 5.568683097044850427, -10.92511312334004003 ) ) ;
#3475 = AXIS2_PLACEMENT_3D ( 'NONE', #1150, #3084, #4153 ) ;
#3476 = CARTESIAN_POINT ( 'NONE',  ( -5.809933491950640239, 18.09157266594019831, 10.90000000000000036 ) ) ;
#3477 = EDGE_CURVE ( 'NONE', #8162, #11164, #4186, .T. ) ;
#3478 = CARTESIAN_POINT ( 'NONE',  ( -4.002709121030539663, 8.489437846237121832, 13.54999999999999893 ) ) ;
#3479 = ORIENTED_EDGE ( 'NONE', *, *, #3863, .F. ) ;
#3480 = CARTESIAN_POINT ( 'NONE',  ( 3.341155849256549626, 9.386766212101310458, 2.750000000000000000 ) ) ;
#3481 = VERTEX_POINT ( 'NONE', #1161 ) ;
#3482 = VERTEX_POINT ( 'NONE', #4433 ) ;
#3483 = ORIENTED_EDGE ( 'NONE', *, *, #4307, .F. ) ;
#3484 = FACE_OUTER_BOUND ( 'NONE', #6529, .T. ) ;
#3485 = ORIENTED_EDGE ( 'NONE', *, *, #74, .T. ) ;
#3486 = CARTESIAN_POINT ( 'NONE',  ( -2.850000000000000089, -3.945434298440979592, -12.00590200445433986 ) ) ;
#3487 = EDGE_CURVE ( 'NONE', #1439, #9906, #8627, .T. ) ;
#3488 = FACE_OUTER_BOUND ( 'NONE', #11211, .T. ) ;
#3489 = ORIENTED_EDGE ( 'NONE', *, *, #2224, .T. ) ;
#3490 = DIRECTION ( 'NONE',  ( 0.000000000000000000, 0.000000000000000000, -1.000000000000000000 ) ) ;
#3491 = AXIS2_PLACEMENT_3D ( 'NONE', #10166, #777, #691 ) ;
#3492 = DIRECTION ( 'NONE',  ( -0.6389710663783122468, 0.7692307692307702727, 0.000000000000000000 ) ) ;
#3493 = CARTESIAN_POINT ( 'NONE',  ( 2.149999999999999911, -3.500000000000000000, -2.550000000000000266 ) ) ;
#3494 = DIRECTION ( 'NONE',  ( 0.000000000000000000, 0.000000000000000000, -1.000000000000000000 ) ) ;
#3495 = VECTOR ( 'NONE', #3936, 1000.000000000000114 ) ;
#3496 = PLANE ( 'NONE',  #2780 ) ;
#3497 = CARTESIAN_POINT ( 'NONE',  ( -6.424999999999999822, 7.185000000000000497, 16.44999999999999929 ) ) ;
#3498 = LINE ( 'NONE', #9860, #3543 ) ;
#3499 = ORIENTED_EDGE ( 'NONE', *, *, #4418, .T. ) ;
#3500 = ORIENTED_EDGE ( 'NONE', *, *, #3137, .T. ) ;
#3501 = ORIENTED_EDGE ( 'NONE', *, *, #2836, .F. ) ;
#3502 = ORIENTED_EDGE ( 'NONE', *, *, #1533, .T. ) ;
#3503 = DIRECTION ( 'NONE',  ( 0.000000000000000000, 0.000000000000000000, -1.000000000000000000 ) ) ;
#3504 = ADVANCED_FACE ( 'NONE', ( #13476 ), #9198, .T. ) ;
#3505 = FACE_OUTER_BOUND ( 'NONE', #10635, .T. ) ;
#3506 = DIRECTION ( 'NONE',  ( -0.7071067811865475727, -0.7071067811865475727, 0.000000000000000000 ) ) ;
#3507 = DIRECTION ( 'NONE',  ( -0.7071067811865480168, 0.7071067811865470176, 0.000000000000000000 ) ) ;
#3508 = VERTEX_POINT ( 'NONE', #805 ) ;
#3509 = CARTESIAN_POINT ( 'NONE',  ( -4.734999999999999432, 3.364999999999999769, 16.44999999999999929 ) ) ;
#3510 = VECTOR ( 'NONE', #11305, 1000.000000000000000 ) ;
#3511 = FACE_OUTER_BOUND ( 'NONE', #6287, .T. ) ;
#3512 = EDGE_CURVE ( 'NONE', #7776, #4572, #8615, .T. ) ;
#3513 = ORIENTED_EDGE ( 'NONE', *, *, #12242, .T. ) ;
#3514 = CARTESIAN_POINT ( 'NONE',  ( -5.316253523062870023, 17.49725182388110056, -5.400000000000000355 ) ) ;
#3515 = ADVANCED_FACE ( 'NONE', ( #8738 ), #1251, .F. ) ;
#3516 = AXIS2_PLACEMENT_3D ( 'NONE', #892, #712, #6089 ) ;
#3517 = LINE ( 'NONE', #11236, #12594 ) ;
#3518 = DIRECTION ( 'NONE',  ( 1.000000000000000000, 0.000000000000000000, 0.000000000000000000 ) ) ;
#3519 = ADVANCED_FACE ( 'NONE', ( #4603 ), #9598, .T. ) ;
#3520 = CARTESIAN_POINT ( 'NONE',  ( -4.734999999999999432, 3.364999999999999769, 15.75000000000000000 ) ) ;
#3521 = DIRECTION ( 'NONE',  ( 0.000000000000000000, 0.000000000000000000, 1.000000000000000000 ) ) ;
#3522 = CARTESIAN_POINT ( 'NONE',  ( -5.575000000000000178, 9.830057098047229047, 11.95000000000000107 ) ) ;
#3523 = DIRECTION ( 'NONE',  ( 0.000000000000000000, -1.000000000000000000, 0.000000000000000000 ) ) ;
#3524 = ORIENTED_EDGE ( 'NONE', *, *, #236, .T. ) ;
#3525 = ORIENTED_EDGE ( 'NONE', *, *, #3222, .T. ) ;
#3526 = DIRECTION ( 'NONE',  ( 0.000000000000000000, 0.000000000000000000, 1.000000000000000000 ) ) ;
#3527 = ORIENTED_EDGE ( 'NONE', *, *, #5026, .F. ) ;
#3528 = ORIENTED_EDGE ( 'NONE', *, *, #8442, .T. ) ;
#3529 = CIRCLE ( 'NONE', #6167, 1.500000000000000000 ) ;
#3530 = EDGE_CURVE ( 'NONE', #10028, #7712, #4579, .T. ) ;
#3531 = VERTEX_POINT ( 'NONE', #12276 ) ;
#3532 = LINE ( 'NONE', #1555, #12635 ) ;
#3533 = FACE_OUTER_BOUND ( 'NONE', #12955, .T. ) ;
#3534 = CARTESIAN_POINT ( 'NONE',  ( -4.564624922667160689, 8.111000000000000654, 15.75000000000000000 ) ) ;
#3535 = CARTESIAN_POINT ( 'NONE',  ( 7.289789233326869677, 5.438132828030980193, 15.84999999999999964 ) ) ;
#3536 = VERTEX_POINT ( 'NONE', #3363 ) ;
#3537 = CARTESIAN_POINT ( 'NONE',  ( -3.919104336280229806, 16.00810641548579838, -3.050000000000000266 ) ) ;
#3538 = VECTOR ( 'NONE', #5588, 1000.000000000000000 ) ;
#3539 = CARTESIAN_POINT ( 'NONE',  ( -1.442193645700395876, 12.96803417904112088, -8.050000000000000711 ) ) ;
#3540 = CARTESIAN_POINT ( 'NONE',  ( 2.475030032583884765, 7.424464904027790801, 4.074886876659950197 ) ) ;
#3541 = VECTOR ( 'NONE', #10563, 1000.000000000000000 ) ;
#3542 = AXIS2_PLACEMENT_3D ( 'NONE', #5125, #13389, #1965 ) ;
#3543 = VECTOR ( 'NONE', #1524, 1000.000000000000000 ) ;
#3544 = ORIENTED_EDGE ( 'NONE', *, *, #11707, .T. ) ;
#3545 = ORIENTED_EDGE ( 'NONE', *, *, #8590, .F. ) ;
#3546 = ORIENTED_EDGE ( 'NONE', *, *, #10195, .F. ) ;
#3547 = CARTESIAN_POINT ( 'NONE',  ( -1.530854753362479892, 11.74577986658169948, 3.550000000000000266 ) ) ;
#3548 = ORIENTED_EDGE ( 'NONE', *, *, #13486, .F. ) ;
#3549 = DIRECTION ( 'NONE',  ( 1.000000000000000000, 0.000000000000000000, 0.000000000000000000 ) ) ;
#3550 = VECTOR ( 'NONE', #5822, 1000.000000000000000 ) ;
#3551 = CARTESIAN_POINT ( 'NONE',  ( -2.850000000000000089, 0.000000000000000000, 7.450000000000000178 ) ) ;
#3552 = EDGE_LOOP ( 'NONE', ( #3819, #8114, #12863, #436 ) ) ;
#3553 = CARTESIAN_POINT ( 'NONE',  ( 2.537784285265678896, 10.11972773790596847, -12.97261361349411679 ) ) ;
#3554 = DIRECTION ( 'NONE',  ( -0.7071067811865475727, 0.7071067811865475727, 0.000000000000000000 ) ) ;
#3555 =( GEOMETRIC_REPRESENTATION_CONTEXT ( 3 ) GLOBAL_UNCERTAINTY_ASSIGNED_CONTEXT ( ( #6113 ) ) GLOBAL_UNIT_ASSIGNED_CONTEXT ( ( #10581, #2452, #7426 ) ) REPRESENTATION_CONTEXT ( 'NONE', 'WORKASPACE' ) );
#3556 = LINE ( 'NONE', #5253, #8430 ) ;
#3557 = DIRECTION ( 'NONE',  ( 0.000000000000000000, 0.000000000000000000, 1.000000000000000000 ) ) ;
#3558 = EDGE_CURVE ( 'NONE', #6925, #1207, #9244, .T. ) ;
#3559 = VECTOR ( 'NONE', #11999, 1000.000000000000000 ) ;
#3560 = ORIENTED_EDGE ( 'NONE', *, *, #13432, .F. ) ;
#3561 = PLANE ( 'NONE',  #2946 ) ;
#3562 = CYLINDRICAL_SURFACE ( 'NONE', #3284, 0.8000000000000003775 ) ;
#3563 = DIRECTION ( 'NONE',  ( -0.6916548014802249567, -0.6916548014802239575, -0.2079116908177665313 ) ) ;
#3564 = CARTESIAN_POINT ( 'NONE',  ( 2.850000000000000089, -3.500000000000000000, 12.44999999999999929 ) ) ;
#3565 = DIRECTION ( 'NONE',  ( 0.000000000000000000, 1.000000000000000000, 0.000000000000000000 ) ) ;
#3566 = CIRCLE ( 'NONE', #13284, 1.500000000000000000 ) ;
#3567 = CARTESIAN_POINT ( 'NONE',  ( -1.638719566157164964, 11.71687757710162003, 16.44999999999999929 ) ) ;
#3568 = EDGE_CURVE ( 'NONE', #9890, #3970, #9109, .T. ) ;
#3569 = CARTESIAN_POINT ( 'NONE',  ( -5.250000000000000000, 18.19999999999999929, -9.799999999999998934 ) ) ;
#3570 = CARTESIAN_POINT ( 'NONE',  ( 1.926942286883454925, 7.972552649728219976, -12.25000000000000000 ) ) ;
#3571 = PRESENTATION_LAYER_ASSIGNMENT (  '', '', ( #12245 ) ) ;
#3572 = AXIS2_PLACEMENT_3D ( 'NONE', #12068, #1553, #6783 ) ;
#3573 = EDGE_LOOP ( 'NONE', ( #1556, #1109, #13528 ) ) ;
#3574 = VERTEX_POINT ( 'NONE', #11193 ) ;
#3575 = VERTEX_POINT ( 'NONE', #9142 ) ;
#3576 = ORIENTED_EDGE ( 'NONE', *, *, #309, .T. ) ;
#3577 = LINE ( 'NONE', #10089, #3446 ) ;
#3578 = ORIENTED_EDGE ( 'NONE', *, *, #3704, .F. ) ;
#3579 = CARTESIAN_POINT ( 'NONE',  ( -3.775451385280815142, 16.42485207100589761, -5.400000000000000355 ) ) ;
#3580 = VECTOR ( 'NONE', #12464, 1000.000000000000000 ) ;
#3581 = EDGE_CURVE ( 'NONE', #13380, #11171, #4743, .T. ) ;
#3582 = VECTOR ( 'NONE', #5564, 1000.000000000000114 ) ;
#3583 = AXIS2_PLACEMENT_3D ( 'NONE', #6192, #11283, #4064 ) ;
#3584 = ORIENTED_EDGE ( 'NONE', *, *, #12994, .T. ) ;
#3585 = EDGE_CURVE ( 'NONE', #476, #1614, #13536, .T. ) ;
#3586 = CARTESIAN_POINT ( 'NONE',  ( -5.250000000000000000, 16.69999999999999929, -4.799999999999999822 ) ) ;
#3587 = LINE ( 'NONE', #10051, #12376 ) ;
#3588 = CARTESIAN_POINT ( 'NONE',  ( -0.9000476708424469674, 10.66194478217150099, 6.949999999999999289 ) ) ;
#3589 = DIRECTION ( 'NONE',  ( -1.000000000000000000, 0.000000000000000000, 0.000000000000000000 ) ) ;
#3590 = VECTOR ( 'NONE', #6042, 1000.000000000000114 ) ;
#3591 =( LENGTH_UNIT ( ) NAMED_UNIT ( * ) SI_UNIT ( .MILLI., .METRE. ) );
#3592 = DIRECTION ( 'NONE',  ( 0.000000000000000000, 0.000000000000000000, -1.000000000000000000 ) ) ;
#3593 = ORIENTED_EDGE ( 'NONE', *, *, #12836, .F. ) ;
#3594 = CLOSED_SHELL ( 'NONE', ( #12736, #11207, #8075, #1026, #4219, #6723, #11423, #12925 ) ) ;
#3595 = EDGE_CURVE ( 'NONE', #11306, #13103, #4535, .T. ) ;
#3596 = EDGE_LOOP ( 'NONE', ( #6736, #8042, #4227, #5983 ) ) ;
#3598 = ORIENTED_EDGE ( 'NONE', *, *, #6524, .T. ) ;
#3597 = DIRECTION ( 'NONE',  ( -0.6389710663783129130, 0.7692307692307697176, 0.000000000000000000 ) ) ;
#3599 = PRESENTATION_LAYER_ASSIGNMENT (  '', '', ( #4958 ) ) ;
#3600 = CARTESIAN_POINT ( 'NONE',  ( -4.478428631448714725, 16.48862918074649997, -0.4000000000000000222 ) ) ;
#3601 = FACE_OUTER_BOUND ( 'NONE', #9504, .T. ) ;
#3602 = DIRECTION ( 'NONE',  ( 0.000000000000000000, -0.9438583563660177811, 0.3303504247281049411 ) ) ;
#3603 = DIRECTION ( 'NONE',  ( 1.000000000000000000, 0.000000000000000000, 0.000000000000000000 ) ) ;
#3604 = ORIENTED_EDGE ( 'NONE', *, *, #9705, .F. ) ;
#3605 = VECTOR ( 'NONE', #7766, 1000.000000000000000 ) ;
#3606 = CYLINDRICAL_SURFACE ( 'NONE', #10265, 0.5999999999999998668 ) ;
#3607 = ORIENTED_EDGE ( 'NONE', *, *, #3018, .T. ) ;
#3608 = EDGE_CURVE ( 'NONE', #8265, #11645, #46, .T. ) ;
#3609 = LINE ( 'NONE', #2690, #8243 ) ;
#3610 = DIRECTION ( 'NONE',  ( 0.000000000000000000, 0.000000000000000000, 1.000000000000000000 ) ) ;
#3611 = ADVANCED_FACE ( 'NONE', ( #9064 ), #9130, .F. ) ;
#3612 = LINE ( 'NONE', #8113, #12665 ) ;
#3613 = CARTESIAN_POINT ( 'NONE',  ( -7.500000000000000000, 7.905057098047200803, 16.44999999999999929 ) ) ;
#3614 = PLANE ( 'NONE',  #9510 ) ;
#3615 = CARTESIAN_POINT ( 'NONE',  ( 2.850000000000000089, -3.500000000000000000, -6.850000000000000533 ) ) ;
#3616 = CARTESIAN_POINT ( 'NONE',  ( 2.541927341112941274, 10.11273360902798757, 8.463498820376463172 ) ) ;
#3617 = CARTESIAN_POINT ( 'NONE',  ( -3.775451385280815142, 16.42485207100589761, -9.099999999999999645 ) ) ;
#3618 = ORIENTED_EDGE ( 'NONE', *, *, #3094, .T. ) ;
#3619 = DIRECTION ( 'NONE',  ( 0.6389710663783129130, -0.7692307692307697176, 0.000000000000000000 ) ) ;
#3620 = ORIENTED_EDGE ( 'NONE', *, *, #8466, .F. ) ;
#3621 = CARTESIAN_POINT ( 'NONE',  ( -5.250000000000000000, 16.69999999999999929, 10.20000000000000107 ) ) ;
#3622 = ORIENTED_EDGE ( 'NONE', *, *, #7011, .T. ) ;
#3623 = ORIENTED_EDGE ( 'NONE', *, *, #12552, .F. ) ;
#3624 = VECTOR ( 'NONE', #2918, 999.9999999999998863 ) ;
#3625 = ORIENTED_EDGE ( 'NONE', *, *, #372, .T. ) ;
#3626 = STYLED_ITEM ( 'NONE', ( #1018 ), #7142 ) ;
#3627 = LINE ( 'NONE', #4727, #12753 ) ;
#3628 = EDGE_CURVE ( 'NONE', #2669, #12979, #72, .T. ) ;
#3629 = LINE ( 'NONE', #4745, #8728 ) ;
#3630 = CARTESIAN_POINT ( 'NONE',  ( -3.085121267875464923, 9.590503654791699972, 15.84999999999999964 ) ) ;
#3631 = DIRECTION ( 'NONE',  ( 1.000000000000000000, 0.000000000000000000, 0.000000000000000000 ) ) ;
#3632 = ORIENTED_EDGE ( 'NONE', *, *, #11077, .F. ) ;
#3633 = CARTESIAN_POINT ( 'NONE',  ( 6.678144119326260508, 5.236605143667070195, 15.84999999999999964 ) ) ;
#3634 = LINE ( 'NONE', #5243, #3538 ) ;
#3635 = ADVANCED_FACE ( 'NONE', ( #4628 ), #8900, .F. ) ;
#3636 = EDGE_CURVE ( 'NONE', #5312, #7560, #4653, .T. ) ;
#3637 = CARTESIAN_POINT ( 'NONE',  ( -7.014921993108779397, 16.26222191265249961, 13.54999999999999893 ) ) ;
#3638 = CARTESIAN_POINT ( 'NONE',  ( 6.782295549467770357, 4.930639144171879984, 16.44999999999999929 ) ) ;
#3639 = LINE ( 'NONE', #4811, #3661 ) ;
#3640 = ORIENTED_EDGE ( 'NONE', *, *, #2374, .F. ) ;
#3641 = VERTEX_POINT ( 'NONE', #2431 ) ;
#3642 = ORIENTED_EDGE ( 'NONE', *, *, #713, .F. ) ;
#3643 = CARTESIAN_POINT ( 'NONE',  ( -5.250000000000000000, 16.69999999999999929, -9.799999999999998934 ) ) ;
#3644 = ORIENTED_EDGE ( 'NONE', *, *, #12374, .T. ) ;
#3645 = EDGE_CURVE ( 'NONE', #10413, #8117, #8942, .T. ) ;
#3646 = DIRECTION ( 'NONE',  ( 0.5735764363510511554, -0.8191520442889882458, 0.000000000000000000 ) ) ;
#3647 = VECTOR ( 'NONE', #2655, 1000.000000000000000 ) ;
#3648 = ORIENTED_EDGE ( 'NONE', *, *, #4754, .T. ) ;
#3649 = DIRECTION ( 'NONE',  ( 0.000000000000000000, 0.000000000000000000, 1.000000000000000000 ) ) ;
#3650 = DIRECTION ( 'NONE',  ( -0.8191520442889891340, -0.5735764363510499342, 0.000000000000000000 ) ) ;
#3651 = FACE_OUTER_BOUND ( 'NONE', #1389, .T. ) ;
#3652 = DIRECTION ( 'NONE',  ( 0.000000000000000000, 0.000000000000000000, 1.000000000000000000 ) ) ;
#3653 = LINE ( 'NONE', #5621, #8816 ) ;
#3654 = AXIS2_PLACEMENT_3D ( 'NONE', #7346, #8385, #7269 ) ;
#3655 = EDGE_LOOP ( 'NONE', ( #4441, #12500, #12623, #11564 ) ) ;
#3656 = CARTESIAN_POINT ( 'NONE',  ( 0.000000000000000000, 0.4000000000000000222, -15.15000000000000036 ) ) ;
#3657 = EDGE_CURVE ( 'NONE', #216, #5618, #4511, .T. ) ;
#3658 = VECTOR ( 'NONE', #7078, 1000.000000000000000 ) ;
#3659 = DIRECTION ( 'NONE',  ( 0.7071067811865474617, -0.7071067811865474617, 0.000000000000000000 ) ) ;
#3660 = EDGE_CURVE ( 'NONE', #467, #11465, #4414, .T. ) ;
#3661 = VECTOR ( 'NONE', #5094, 1000.000000000000000 ) ;
#3662 = PLANE ( 'NONE',  #9445 ) ;
#3663 = EDGE_CURVE ( 'NONE', #1284, #3028, #13197, .T. ) ;
#3664 = DIRECTION ( 'NONE',  ( 0.000000000000000000, 0.000000000000000000, -1.000000000000000000 ) ) ;
#3665 = ORIENTED_EDGE ( 'NONE', *, *, #1859, .F. ) ;
#3666 = VERTEX_POINT ( 'NONE', #5681 ) ;
#3667 = EDGE_LOOP ( 'NONE', ( #10781, #9031, #12862, #8804 ) ) ;
#3668 = EDGE_CURVE ( 'NONE', #12009, #1747, #4699, .T. ) ;
#3669 = ORIENTED_EDGE ( 'NONE', *, *, #9826, .F. ) ;
#3670 = ADVANCED_FACE ( 'NONE', ( #26 ), #1345, .T. ) ;
#3671 = AXIS2_PLACEMENT_3D ( 'NONE', #961, #695, #3868 ) ;
#3672 = ORIENTED_EDGE ( 'NONE', *, *, #7257, .T. ) ;
#3673 = CARTESIAN_POINT ( 'NONE',  ( -5.825000000000000178, 7.185000000000000497, 15.84999999999999964 ) ) ;
#3674 = CIRCLE ( 'NONE', #9022, 0.8000000000000000444 ) ;
#3675 = VECTOR ( 'NONE', #12287, 1000.000000000000000 ) ;
#3676 = ORIENTED_EDGE ( 'NONE', *, *, #10908, .T. ) ;
#3677 = DIRECTION ( 'NONE',  ( 0.000000000000000000, -0.9438583563660177811, 0.3303504247281049411 ) ) ;
#3678 = LINE ( 'NONE', #5909, #3266 ) ;
#3679 = CARTESIAN_POINT ( 'NONE',  ( 2.850000000000000089, 0.000000000000000000, 8.149999999999998579 ) ) ;
#3680 = DIRECTION ( 'NONE',  ( 0.000000000000000000, 0.000000000000000000, 1.000000000000000000 ) ) ;
#3681 = VECTOR ( 'NONE', #13006, 1000.000000000000000 ) ;
#3682 = CARTESIAN_POINT ( 'NONE',  ( -3.775451385280815142, 16.42485207100589761, 10.30000000000000071 ) ) ;
#3683 = CARTESIAN_POINT ( 'NONE',  ( 2.149999999999999911, 0.000000000000000000, -2.550000000000000266 ) ) ;
#3684 = EDGE_LOOP ( 'NONE', ( #10690, #3620, #11620, #11051 ) ) ;
#3685 = ORIENTED_EDGE ( 'NONE', *, *, #3758, .T. ) ;
#3686 = VERTEX_POINT ( 'NONE', #7751 ) ;
#3688 = VERTEX_POINT ( 'NONE', #7931 ) ;
#3687 = CARTESIAN_POINT ( 'NONE',  ( -2.850000000000000089, -4.000000000000000000, -7.550000000000000711 ) ) ;
#3689 = DIRECTION ( 'NONE',  ( 0.000000000000000000, 0.000000000000000000, 1.000000000000000000 ) ) ;
#3690 = CARTESIAN_POINT ( 'NONE',  ( -5.250000000000000000, 16.69999999999999929, 3.550000000000000266 ) ) ;
#3691 = VECTOR ( 'NONE', #11685, 1000.000000000000114 ) ;
#3692 = DIRECTION ( 'NONE',  ( -0.4834473103160809582, 0.8753734620995469173, 0.000000000000000000 ) ) ;
#3693 = CARTESIAN_POINT ( 'NONE',  ( 2.740115085247985416, 9.987806976109879997, 1.766384221354699857 ) ) ;
#3694 = ORIENTED_EDGE ( 'NONE', *, *, #7984, .T. ) ;
#3695 = CARTESIAN_POINT ( 'NONE',  ( 2.850000000000000089, -3.500000000000000000, -11.84999999999999964 ) ) ;
#3696 = AXIS2_PLACEMENT_3D ( 'NONE', #9381, #9289, #7961 ) ;
#3697 = FACE_OUTER_BOUND ( 'NONE', #4785, .T. ) ;
#3698 = FACE_OUTER_BOUND ( 'NONE', #7470, .T. ) ;
#3699 = ADVANCED_FACE ( 'NONE', ( #3 ), #4526, .F. ) ;
#3700 = VERTEX_POINT ( 'NONE', #6770 ) ;
#3701 = CIRCLE ( 'NONE', #13259, 1.500000000000000000 ) ;
#3702 = DIRECTION ( 'NONE',  ( 0.000000000000000000, 0.000000000000000000, -1.000000000000000000 ) ) ;
#3703 = LINE ( 'NONE', #7494, #3541 ) ;
#3704 = EDGE_CURVE ( 'NONE', #9098, #2743, #157, .T. ) ;
#3705 = CARTESIAN_POINT ( 'NONE',  ( 1.661700935788380074, 1.661700935788374967, -15.15000000000000036 ) ) ;
#3706 = DIRECTION ( 'NONE',  ( -0.000000000000000000, 0.3303504247281054407, 0.9438583563660176701 ) ) ;
#3707 = CARTESIAN_POINT ( 'NONE',  ( -1.850000000000000089, 3.200000000000000178, 15.75000000000000000 ) ) ;
#3708 = CARTESIAN_POINT ( 'NONE',  ( 2.694312743928215959, 10.03360931742963835, 8.677640519163125177 ) ) ;
#3709 = PLANE ( 'NONE',  #2805 ) ;
#3710 = ORIENTED_EDGE ( 'NONE', *, *, #7299, .F. ) ;
#3711 = PLANE ( 'NONE',  #11337 ) ;
#3712 = ORIENTED_EDGE ( 'NONE', *, *, #8663, .F. ) ;
#3713 = CARTESIAN_POINT ( 'NONE',  ( -3.775451385280815142, 16.42485207100589761, -4.799999999999999822 ) ) ;
#3714 = EDGE_LOOP ( 'NONE', ( #1227, #3598, #5289 ) ) ;
#3715 = VERTEX_POINT ( 'NONE', #8814 ) ;
#3716 = VECTOR ( 'NONE', #5554, 999.9999999999998863 ) ;
#3717 = ORIENTED_EDGE ( 'NONE', *, *, #13106, .F. ) ;
#3718 = FACE_OUTER_BOUND ( 'NONE', #6048, .T. ) ;
#3719 = ADVANCED_FACE ( 'NONE', ( #13511 ), #8965, .T. ) ;
#3720 = VECTOR ( 'NONE', #5921, 1000.000000000000000 ) ;
#3721 = DIRECTION ( 'NONE',  ( 0.000000000000000000, 0.000000000000000000, -1.000000000000000000 ) ) ;
#3722 = DIRECTION ( 'NONE',  ( 0.2908824500647800293, -0.9567587994078291525, 0.000000000000000000 ) ) ;
#3723 = AXIS2_PLACEMENT_3D ( 'NONE', #12479, #4195, #6712 ) ;
#3724 = ORIENTED_EDGE ( 'NONE', *, *, #12634, .T. ) ;
#3725 = CARTESIAN_POINT ( 'NONE',  ( -1.442193645700395876, 12.96803417904112088, -1.449999999999999956 ) ) ;
#3726 = FACE_OUTER_BOUND ( 'NONE', #13087, .T. ) ;
#3727 = DIRECTION ( 'NONE',  ( 0.000000000000000000, 0.000000000000000000, -1.000000000000000000 ) ) ;
#3728 = CARTESIAN_POINT ( 'NONE',  ( 2.364318297194502705, 10.13430624441763150, -11.89884135764071083 ) ) ;
#3729 = DIRECTION ( 'NONE',  ( 0.000000000000000000, 0.000000000000000000, 1.000000000000000000 ) ) ;
#3730 = LINE ( 'NONE', #213, #3807 ) ;
#3731 = EDGE_CURVE ( 'NONE', #3206, #7089, #202, .T. ) ;
#3732 = AXIS2_PLACEMENT_3D ( 'NONE', #8129, #3860, #776 ) ;
#3733 = EDGE_CURVE ( 'NONE', #2571, #555, #13218, .T. ) ;
#3734 = VECTOR ( 'NONE', #16, 1000.000000000000000 ) ;
#3735 = VERTEX_POINT ( 'NONE', #11893 ) ;
#3736 = ORIENTED_EDGE ( 'NONE', *, *, #7984, .F. ) ;
#3737 = ORIENTED_EDGE ( 'NONE', *, *, #970, .T. ) ;
#3738 = DIRECTION ( 'NONE',  ( 0.000000000000000000, 0.000000000000000000, -1.000000000000000000 ) ) ;
#3739 = ORIENTED_EDGE ( 'NONE', *, *, #4377, .T. ) ;
#3740 = DIRECTION ( 'NONE',  ( 0.000000000000000000, 0.000000000000000000, -1.000000000000000000 ) ) ;
#3741 = FACE_OUTER_BOUND ( 'NONE', #7014, .T. ) ;
#3742 = ORIENTED_EDGE ( 'NONE', *, *, #10435, .T. ) ;
#3743 =( NAMED_UNIT ( * ) PLANE_ANGLE_UNIT ( ) SI_UNIT ( $, .RADIAN. ) );
#3744 = LINE ( 'NONE', #8916, #12941 ) ;
#3745 = CARTESIAN_POINT ( 'NONE',  ( -2.399604646138564945, 13.25676273017529994, -6.450000000000000178 ) ) ;
#3746 = DIRECTION ( 'NONE',  ( 1.000000000000000000, 0.000000000000000000, 0.000000000000000000 ) ) ;
#3747 = VECTOR ( 'NONE', #11751, 1000.000000000000000 ) ;
#3748 = EDGE_CURVE ( 'NONE', #7241, #11788, #8988, .T. ) ;
#3749 = EDGE_LOOP ( 'NONE', ( #2037, #168, #8910, #2068 ) ) ;
#3750 = CARTESIAN_POINT ( 'NONE',  ( 3.588643222671839883, 9.139278838686021089, -3.550000000000000266 ) ) ;
#3751 = VECTOR ( 'NONE', #12221, 1000.000000000000114 ) ;
#3752 =( GEOMETRIC_REPRESENTATION_CONTEXT ( 3 ) GLOBAL_UNCERTAINTY_ASSIGNED_CONTEXT ( ( #5445 ) ) GLOBAL_UNIT_ASSIGNED_CONTEXT ( ( #9042, #8943, #1398 ) ) REPRESENTATION_CONTEXT ( 'NONE', 'WORKASPACE' ) );
#3753 = ADVANCED_FACE ( 'NONE', ( #4118 ), #482, .F. ) ;
#3754 = CARTESIAN_POINT ( 'NONE',  ( 5.126524163602469208, 5.126524163602469208, -15.15000000000000036 ) ) ;
#3755 = FACE_OUTER_BOUND ( 'NONE', #7616, .T. ) ;
#3756 = DIRECTION ( 'NONE',  ( 0.000000000000000000, 0.000000000000000000, -1.000000000000000000 ) ) ;
#3757 = CARTESIAN_POINT ( 'NONE',  ( -6.750000000000000000, 16.69999999999999929, -4.700000000000000178 ) ) ;
#3758 = EDGE_CURVE ( 'NONE', #5760, #3666, #8644, .T. ) ;
#3759 = DIRECTION ( 'NONE',  ( 0.000000000000000000, 0.000000000000000000, -1.000000000000000000 ) ) ;
#3760 = CARTESIAN_POINT ( 'NONE',  ( 2.149999999999999911, -4.000000000000000000, -11.84999999999999964 ) ) ;
#3761 = AXIS2_PLACEMENT_3D ( 'NONE', #10300, #11390, #5342 ) ;
#3762 = VERTEX_POINT ( 'NONE', #7841 ) ;
#3763 = ORIENTED_EDGE ( 'NONE', *, *, #5395, .T. ) ;
#3764 = ORIENTED_EDGE ( 'NONE', *, *, #4956, .F. ) ;
#3765 = ORIENTED_EDGE ( 'NONE', *, *, #13229, .T. ) ;
#3766 = VECTOR ( 'NONE', #6258, 999.9999999999998863 ) ;
#3767 = ORIENTED_EDGE ( 'NONE', *, *, #10435, .F. ) ;
#3768 = VERTEX_POINT ( 'NONE', #9956 ) ;
#3769 = DIRECTION ( 'NONE',  ( 1.000000000000000000, 0.000000000000000000, 0.000000000000000000 ) ) ;
#3770 = LINE ( 'NONE', #9104, #3925 ) ;
#3771 = VECTOR ( 'NONE', #2929, 1000.000000000000000 ) ;
#3772 = VERTEX_POINT ( 'NONE', #11044 ) ;
#3773 = CARTESIAN_POINT ( 'NONE',  ( -5.250000000000000000, 16.69999999999999929, -9.700000000000001066 ) ) ;
#3774 = VECTOR ( 'NONE', #906, 1000.000000000000000 ) ;
#3775 = CARTESIAN_POINT ( 'NONE',  ( 2.149999999999999911, -4.000000000000000000, -2.550000000000000266 ) ) ;
#3776 = EDGE_CURVE ( 'NONE', #13533, #875, #8670, .T. ) ;
#3777 = DIRECTION ( 'NONE',  ( 0.000000000000000000, 0.000000000000000000, -1.000000000000000000 ) ) ;
#3778 = DIRECTION ( 'NONE',  ( 0.000000000000000000, 0.000000000000000000, -1.000000000000000000 ) ) ;
#3779 = AXIS2_PLACEMENT_3D ( 'NONE', #5059, #7807, #8864 ) ;
#3780 = LINE ( 'NONE', #307, #12484 ) ;
#3781 = DIRECTION ( 'NONE',  ( 0.8386705679454268259, -0.5446390350150228654, 0.000000000000000000 ) ) ;
#3782 = DIRECTION ( 'NONE',  ( 0.8191520442889882458, 0.5735764363510511554, 0.000000000000000000 ) ) ;
#3783 = B_SPLINE_CURVE_WITH_KNOTS ( 'NONE', 3,
 ( #3847, #8123, #1123, #4918, #768, #7454, #13186, #6953, #12324, #13279 ),
 .UNSPECIFIED., .F., .F.,
 ( 4, 2, 2, 2, 4 ),
 ( 0.000000000000000000, 0.2500000000000000000, 0.5000000000000000000, 0.7500000000000000000, 1.000000000000000000 ),
 .UNSPECIFIED. ) ;
#3784 = FACE_OUTER_BOUND ( 'NONE', #2338, .T. ) ;
#3785 = DIRECTION ( 'NONE',  ( 0.000000000000000000, 0.000000000000000000, -1.000000000000000000 ) ) ;
#3786 = ORIENTED_EDGE ( 'NONE', *, *, #7062, .F. ) ;
#3787 = ORIENTED_EDGE ( 'NONE', *, *, #3312, .F. ) ;
#3788 = ORIENTED_EDGE ( 'NONE', *, *, #881, .T. ) ;
#3789 = EDGE_LOOP ( 'NONE', ( #7758, #3548, #10972, #7644 ) ) ;
#3791 = EDGE_LOOP ( 'NONE', ( #1849, #663, #13225, #11607, #12477 ) ) ;
#3790 = DIRECTION ( 'NONE',  ( 0.000000000000000000, 0.000000000000000000, -1.000000000000000000 ) ) ;
#3792 = ADVANCED_FACE ( 'NONE', ( #13173 ), #4899, .F. ) ;
#3793 = DIRECTION ( 'NONE',  ( 0.000000000000000000, 0.000000000000000000, 1.000000000000000000 ) ) ;
#3794 = CARTESIAN_POINT ( 'NONE',  ( 2.364318297194505814, 10.13430624441763328, 13.10115864236417949 ) ) ;
#3795 = LINE ( 'NONE', #8316, #3944 ) ;
#3796 = FILL_AREA_STYLE ('',( #2754 ) ) ;
#3797 = DIRECTION ( 'NONE',  ( -0.8753734620995469173, -0.4834473103160809582, 0.000000000000000000 ) ) ;
#3798 = EDGE_LOOP ( 'NONE', ( #3974, #1892, #6682, #12155 ) ) ;
#3799 = DIRECTION ( 'NONE',  ( -0.6389710663783129130, 0.7692307692307698286, 0.000000000000000000 ) ) ;
#3800 = ORIENTED_EDGE ( 'NONE', *, *, #1832, .F. ) ;
#3801 = LINE ( 'NONE', #4635, #12605 ) ;
#3802 = EDGE_CURVE ( 'NONE', #4405, #6476, #4164, .T. ) ;
#3803 = LINE ( 'NONE', #424, #12944 ) ;
#3804 = ORIENTED_EDGE ( 'NONE', *, *, #13432, .T. ) ;
#3805 = EDGE_CURVE ( 'NONE', #13380, #9667, #4204, .T. ) ;
#3806 = DIRECTION ( 'NONE',  ( -0.6389710663783129130, 0.7692307692307698286, 0.000000000000000000 ) ) ;
#3807 = VECTOR ( 'NONE', #7414, 999.9999999999998863 ) ;
#3808 = AXIS2_PLACEMENT_3D ( 'NONE', #1609, #7816, #7725 ) ;
#3809 = DIRECTION ( 'NONE',  ( 0.000000000000000000, 0.000000000000000000, -1.000000000000000000 ) ) ;
#3810 = EDGE_CURVE ( 'NONE', #3768, #239, #9015, .T. ) ;
#3811 = CARTESIAN_POINT ( 'NONE',  ( 2.559164477407499749, 7.554020587861660196, -6.342995457226009215 ) ) ;
#3812 = CARTESIAN_POINT ( 'NONE',  ( -0.9000476708424469674, 10.66194478217150099, -1.449999999999999956 ) ) ;
#3813 = DIRECTION ( 'NONE',  ( 0.000000000000000000, 0.000000000000000000, 1.000000000000000000 ) ) ;
#3814 = CARTESIAN_POINT ( 'NONE',  ( -3.649999999999999911, 11.17795660910094036, 16.44999999999999929 ) ) ;
#3815 = ORIENTED_EDGE ( 'NONE', *, *, #2393, .T. ) ;
#3816 = ORIENTED_EDGE ( 'NONE', *, *, #10308, .F. ) ;
#3817 = ADVANCED_FACE ( 'NONE', ( #4909 ), #9366, .T. ) ;
#3818 = CARTESIAN_POINT ( 'NONE',  ( -5.250000000000000000, 16.69999999999999929, 0.9000000000000000222 ) ) ;
#3819 = ORIENTED_EDGE ( 'NONE', *, *, #11963, .F. ) ;
#3820 = DIRECTION ( 'NONE',  ( 0.000000000000000000, 0.000000000000000000, 1.000000000000000000 ) ) ;
#3821 = ORIENTED_EDGE ( 'NONE', *, *, #7727, .F. ) ;
#3822 = ORIENTED_EDGE ( 'NONE', *, *, #4645, .F. ) ;
#3823 = VECTOR ( 'NONE', #5728, 1000.000000000000000 ) ;
#3824 = EDGE_CURVE ( 'NONE', #9689, #11225, #5097, .T. ) ;
#3825 = EDGE_LOOP ( 'NONE', ( #12732, #12218, #10498, #12404, #12378, #11803 ) ) ;
#3826 = ORIENTED_EDGE ( 'NONE', *, *, #6766, .T. ) ;
#3827 = EDGE_CURVE ( 'NONE', #8117, #2305, #9644, .T. ) ;
#3828 = LINE ( 'NONE', #10217, #3510 ) ;
#3829 = LINE ( 'NONE', #7875, #8359 ) ;
#3830 = DIRECTION ( 'NONE',  ( 0.000000000000000000, 0.000000000000000000, -1.000000000000000000 ) ) ;
#3831 = DIRECTION ( 'NONE',  ( -0.6389710663783133571, 0.7692307692307692735, 0.000000000000000000 ) ) ;
#3832 = ORIENTED_EDGE ( 'NONE', *, *, #4819, .T. ) ;
#3833 = CARTESIAN_POINT ( 'NONE',  ( -2.850000000000000089, -4.000000000000000000, 8.149999999999998579 ) ) ;
#3834 = LINE ( 'NONE', #12058, #3338 ) ;
#3835 = CARTESIAN_POINT ( 'NONE',  ( -0.9000476708424469674, 10.66194478217150099, 11.95000000000000107 ) ) ;
#3836 = DIRECTION ( 'NONE',  ( 0.000000000000000000, 0.000000000000000000, 1.000000000000000000 ) ) ;
#3837 = CARTESIAN_POINT ( 'NONE',  ( -5.575000000000000178, 9.830057098047229047, 16.44999999999999929 ) ) ;
#3838 = EDGE_CURVE ( 'NONE', #7295, #12939, #4882, .T. ) ;
#3839 = VECTOR ( 'NONE', #5595, 1000.000000000000114 ) ;
#3840 = ORIENTED_EDGE ( 'NONE', *, *, #6209, .F. ) ;
#3841 = EDGE_LOOP ( 'NONE', ( #6599, #9479, #10978, #7535 ) ) ;
#3842 = ORIENTED_EDGE ( 'NONE', *, *, #12104, .F. ) ;
#3843 = EDGE_LOOP ( 'NONE', ( #4187, #8766, #13531, #13175 ) ) ;
#3844 =( NAMED_UNIT ( * ) PLANE_ANGLE_UNIT ( ) SI_UNIT ( $, .RADIAN. ) );
#3845 = EDGE_CURVE ( 'NONE', #12293, #4742, #5072, .T. ) ;
#3846 = ORIENTED_EDGE ( 'NONE', *, *, #12230, .F. ) ;
#3847 = CARTESIAN_POINT ( 'NONE',  ( 2.740115085247985416, 9.987806976109879997, 3.733615778645300143 ) ) ;
#3848 = FACE_OUTER_BOUND ( 'NONE', #4825, .T. ) ;
#3849 = ORIENTED_EDGE ( 'NONE', *, *, #1513, .F. ) ;
#3850 = CARTESIAN_POINT ( 'NONE',  ( -2.850000000000000089, -4.000000000000000000, -6.850000000000000533 ) ) ;
#3851 = DIRECTION ( 'NONE',  ( -1.000000000000000000, 0.000000000000000000, 0.000000000000000000 ) ) ;
#3852 = ORIENTED_EDGE ( 'NONE', *, *, #7162, .T. ) ;
#3853 = VECTOR ( 'NONE', #12927, 1000.000000000000000 ) ;
#3854 = CARTESIAN_POINT ( 'NONE',  ( -6.330983280564429272, 18.00135094402205027, -6.450000000000000178 ) ) ;
#3855 = ADVANCED_FACE ( 'NONE', ( #5192 ), #9116, .F. ) ;
#3856 = CARTESIAN_POINT ( 'NONE',  ( -5.001253558300190249, 7.790249504023520011, -10.14999999999999858 ) ) ;
#3857 = VECTOR ( 'NONE', #2357, 1000.000000000000114 ) ;
#3858 = EDGE_CURVE ( 'NONE', #7457, #10903, #638, .T. ) ;
#3859 = ORIENTED_EDGE ( 'NONE', *, *, #2967, .F. ) ;
#3860 = DIRECTION ( 'NONE',  ( -0.8642748019537023207, -0.5030199466302391897, 0.000000000000000000 ) ) ;
#3861 = LINE ( 'NONE', #1727, #8589 ) ;
#3862 = CARTESIAN_POINT ( 'NONE',  ( -3.984748662560944954, 15.89430833868740045, 6.949999999999999289 ) ) ;
#3863 = EDGE_CURVE ( 'NONE', #2722, #7891, #5213, .T. ) ;
#3864 = ADVANCED_FACE ( 'NONE', ( #9325 ), #2716, .T. ) ;
#3865 = AXIS2_PLACEMENT_3D ( 'NONE', #3497, #4585, #6734 ) ;
#3866 = LINE ( 'NONE', #12400, #8530 ) ;
#3867 = DIRECTION ( 'NONE',  ( 1.000000000000000000, 0.000000000000000000, 0.000000000000000000 ) ) ;
#3868 = DIRECTION ( 'NONE',  ( 0.000000000000000000, 0.000000000000000000, 1.000000000000000000 ) ) ;
#3869 = CARTESIAN_POINT ( 'NONE',  ( -5.250000000000000000, 18.19999999999999929, -5.400000000000000355 ) ) ;
#3870 = DIRECTION ( 'NONE',  ( -0.7071067811865470176, 0.7071067811865481278, 0.000000000000000000 ) ) ;
#3871 = DIRECTION ( 'NONE',  ( -0.5735764363510499342, 0.8191520442889891340, 0.000000000000000000 ) ) ;
#3872 = VERTEX_POINT ( 'NONE', #2537 ) ;
#3873 = DIRECTION ( 'NONE',  ( 1.000000000000000000, 0.000000000000000000, 0.000000000000000000 ) ) ;
#3874 = VERTEX_POINT ( 'NONE', #5972 ) ;
#3875 = ORIENTED_EDGE ( 'NONE', *, *, #12320, .F. ) ;
#3876 = ORIENTED_EDGE ( 'NONE', *, *, #2056, .T. ) ;
#3877 = VECTOR ( 'NONE', #2746, 1000.000000000000000 ) ;
#3878 = ORIENTED_EDGE ( 'NONE', *, *, #12910, .T. ) ;
#3879 = ORIENTED_EDGE ( 'NONE', *, *, #9343, .T. ) ;
#3880 = DIRECTION ( 'NONE',  ( 1.000000000000000000, 0.000000000000000000, 0.000000000000000000 ) ) ;
#3881 = VECTOR ( 'NONE', #9253, 1000.000000000000114 ) ;
#3882 = LINE ( 'NONE', #1289, #8773 ) ;
#3883 = ORIENTED_EDGE ( 'NONE', *, *, #7790, .T. ) ;
#3884 = DIRECTION ( 'NONE',  ( 0.000000000000000000, 0.000000000000000000, 1.000000000000000000 ) ) ;
#3885 = VECTOR ( 'NONE', #5171, 1000.000000000000114 ) ;
#3886 = ADVANCED_FACE ( 'NONE', ( #318 ), #4836, .F. ) ;
#3887 = PLANE ( 'NONE',  #7992 ) ;
#3888 = FILL_AREA_STYLE_COLOUR ( '', #11183 ) ;
#3889 = VECTOR ( 'NONE', #11491, 1000.000000000000000 ) ;
#3890 = CARTESIAN_POINT ( 'NONE',  ( -5.246999171586890220, 7.618176573118209838, -0.1499999999999999944 ) ) ;
#3891 = AXIS2_PLACEMENT_3D ( 'NONE', #10169, #2144, #693 ) ;
#3892 = CARTESIAN_POINT ( 'NONE',  ( -4.478428631448714725, 16.48862918074649997, 5.899999999999999467 ) ) ;
#3893 = DIRECTION ( 'NONE',  ( 0.000000000000000000, 0.000000000000000000, -1.000000000000000000 ) ) ;
#3894 = ORIENTED_EDGE ( 'NONE', *, *, #5673, .F. ) ;
#3895 = VERTEX_POINT ( 'NONE', #12249 ) ;
#3896 = ORIENTED_EDGE ( 'NONE', *, *, #7617, .T. ) ;
#3898 = ORIENTED_EDGE ( 'NONE', *, *, #2713, .T. ) ;
#3897 = DIRECTION ( 'NONE',  ( 1.000000000000000000, 0.000000000000000000, 0.000000000000000000 ) ) ;
#3899 = CARTESIAN_POINT ( 'NONE',  ( 2.149999999999999911, -4.000000000000000000, -1.850000000000000089 ) ) ;
#3900 = FACE_OUTER_BOUND ( 'NONE', #9582, .T. ) ;
#3901 = EDGE_CURVE ( 'NONE', #13129, #1612, #573, .T. ) ;
#3902 = CARTESIAN_POINT ( 'NONE',  ( -2.850000000000000089, -3.945434298440979592, 7.994097995545660140 ) ) ;
#3903 = PLANE ( 'NONE',  #1684 ) ;
#3904 = ORIENTED_EDGE ( 'NONE', *, *, #1526, .F. ) ;
#3905 = ORIENTED_EDGE ( 'NONE', *, *, #3838, .F. ) ;
#3906 = LINE ( 'NONE', #8744, #12796 ) ;
#3907 = EDGE_CURVE ( 'NONE', #8422, #6249, #9462, .T. ) ;
#3908 = LINE ( 'NONE', #6207, #12850 ) ;
#3909 = ORIENTED_EDGE ( 'NONE', *, *, #2781, .F. ) ;
#3910 = VECTOR ( 'NONE', #6122, 999.9999999999998863 ) ;
#3911 = DIRECTION ( 'NONE',  ( 1.000000000000000000, 0.000000000000000000, 0.000000000000000000 ) ) ;
#3912 = VECTOR ( 'NONE', #9452, 1000.000000000000114 ) ;
#3913 = DIRECTION ( 'NONE',  ( 0.000000000000000000, 0.000000000000000000, 1.000000000000000000 ) ) ;
#3914 =( LENGTH_UNIT ( ) NAMED_UNIT ( * ) SI_UNIT ( .MILLI., .METRE. ) );
#3915 = DIRECTION ( 'NONE',  ( 0.000000000000000000, 0.000000000000000000, -1.000000000000000000 ) ) ;
#3916 = AXIS2_PLACEMENT_3D ( 'NONE', #12505, #11370, #2998 ) ;
#3917 = ORIENTED_EDGE ( 'NONE', *, *, #7108, .F. ) ;
#3918 = DIRECTION ( 'NONE',  ( 0.000000000000000000, 0.000000000000000000, -1.000000000000000000 ) ) ;
#3919 = ORIENTED_EDGE ( 'NONE', *, *, #12257, .T. ) ;
#3920 = VERTEX_POINT ( 'NONE', #3862 ) ;
#3921 = ORIENTED_EDGE ( 'NONE', *, *, #11229, .T. ) ;
#3922 = ADVANCED_FACE ( 'NONE', ( #455 ), #9557, .F. ) ;
#3923 = ORIENTED_EDGE ( 'NONE', *, *, #8677, .F. ) ;
#3924 = ORIENTED_EDGE ( 'NONE', *, *, #1906, .T. ) ;
#3925 = VECTOR ( 'NONE', #7120, 1000.000000000000000 ) ;
#3926 = EDGE_CURVE ( 'NONE', #13054, #1972, #345, .T. ) ;
#3927 = CYLINDRICAL_SURFACE ( 'NONE', #5552, 1.500000000000000444 ) ;
#3928 = DIRECTION ( 'NONE',  ( 1.000000000000000000, 0.000000000000000000, 0.000000000000000000 ) ) ;
#3929 = DIRECTION ( 'NONE',  ( 0.7071067811865477948, -0.7071067811865471286, 0.000000000000000000 ) ) ;
#3930 = AXIS2_PLACEMENT_3D ( 'NONE', #10778, #12746, #11832 ) ;
#3931 = ORIENTED_EDGE ( 'NONE', *, *, #210, .T. ) ;
#3932 = EDGE_CURVE ( 'NONE', #11693, #7655, #9396, .T. ) ;
#3933 = CARTESIAN_POINT ( 'NONE',  ( 1.926942286883454925, 7.972552649728219976, -7.250000000000000000 ) ) ;
#3934 = VECTOR ( 'NONE', #1005, 1000.000000000000114 ) ;
#3935 = UNCERTAINTY_MEASURE_WITH_UNIT (LENGTH_MEASURE( 1.000000000000000082E-05 ), #5244, 'distance_accuracy_value', 'NONE');
#3936 = DIRECTION ( 'NONE',  ( 0.4226182617406986086, 0.9063077870366503808, 0.000000000000000000 ) ) ;
#3937 = LINE ( 'NONE', #339, #4041 ) ;
#3938 = EDGE_CURVE ( 'NONE', #2914, #2966, #5233, .T. ) ;
#3939 = ORIENTED_EDGE ( 'NONE', *, *, #10718, .T. ) ;
#3940 = VERTEX_POINT ( 'NONE', #13291 ) ;
#3941 = VERTEX_POINT ( 'NONE', #9986 ) ;
#3942 = AXIS2_PLACEMENT_3D ( 'NONE', #11276, #12268, #13311 ) ;
#3943 = CARTESIAN_POINT ( 'NONE',  ( -5.001253558300190249, 7.790249504023520011, 8.550000000000000711 ) ) ;
#3944 = VECTOR ( 'NONE', #9376, 1000.000000000000000 ) ;
#3945 = VERTEX_POINT ( 'NONE', #1864 ) ;
#3946 = DIRECTION ( 'NONE',  ( 0.8386705679454268259, -0.5446390350150228654, 0.000000000000000000 ) ) ;
#3947 = ORIENTED_EDGE ( 'NONE', *, *, #4398, .F. ) ;
#3948 = VECTOR ( 'NONE', #6052, 1000.000000000000000 ) ;
#3949 = CARTESIAN_POINT ( 'NONE',  ( -5.250000000000000000, 16.69999999999999929, 15.19999999999999929 ) ) ;
#3950 = CARTESIAN_POINT ( 'NONE',  ( 2.492470896134313385, 10.12514001325505930, -6.619187185181250932 ) ) ;
#3951 = LINE ( 'NONE', #4107, #8477 ) ;
#3952 = ORIENTED_EDGE ( 'NONE', *, *, #8912, .T. ) ;
#3953 = EDGE_CURVE ( 'NONE', #10879, #8002, #274, .T. ) ;
#3954 = PLANE ( 'NONE',  #5727 ) ;
#3955 = VECTOR ( 'NONE', #1160, 999.9999999999998863 ) ;
#3956 = AXIS2_PLACEMENT_3D ( 'NONE', #9725, #8927, #5879 ) ;
#3957 = CARTESIAN_POINT ( 'NONE',  ( -4.002709121030539663, 8.489437846237121832, -11.44999999999999929 ) ) ;
#3958 = LINE ( 'NONE', #10494, #3912 ) ;
#3959 = DIRECTION ( 'NONE',  ( 0.000000000000000000, 0.000000000000000000, 1.000000000000000000 ) ) ;
#3960 = PLANE ( 'NONE',  #4670 ) ;
#3961 = CARTESIAN_POINT ( 'NONE',  ( -2.850000000000000089, 2.200000000000000178, 15.84999999999999964 ) ) ;
#3962 = DIRECTION ( 'NONE',  ( 0.000000000000000000, 0.000000000000000000, -1.000000000000000000 ) ) ;
#3963 = VERTEX_POINT ( 'NONE', #4740 ) ;
#3964 = ORIENTED_EDGE ( 'NONE', *, *, #10711, .F. ) ;
#3965 = ORIENTED_EDGE ( 'NONE', *, *, #970, .F. ) ;
#3966 = LINE ( 'NONE', #4492, #3716 ) ;
#3967 = EDGE_CURVE ( 'NONE', #8019, #4634, #5164, .T. ) ;
#3968 = VERTEX_POINT ( 'NONE', #7868 ) ;
#3969 = AXIS2_PLACEMENT_3D ( 'NONE', #812, #10283, #12365 ) ;
#3970 = VERTEX_POINT ( 'NONE', #7687 ) ;
#3971 = PLANE ( 'NONE',  #5336 ) ;
#3972 = VECTOR ( 'NONE', #1364, 1000.000000000000000 ) ;
#3973 = ADVANCED_FACE ( 'NONE', ( #4932 ), #5143, .T. ) ;
#3974 = ORIENTED_EDGE ( 'NONE', *, *, #12392, .F. ) ;
#3975 = DIRECTION ( 'NONE',  ( 1.000000000000000000, 0.000000000000000000, 0.000000000000000000 ) ) ;
#3976 = EDGE_CURVE ( 'NONE', #10736, #5085, #9536, .T. ) ;
#3977 = DIRECTION ( 'NONE',  ( -0.8191520442889891340, -0.5735764363510499342, 0.000000000000000000 ) ) ;
#3978 = CARTESIAN_POINT ( 'NONE',  ( -0.8499999999999999778, 0.9000000000000000222, -15.15000000000000036 ) ) ;
#3979 = CARTESIAN_POINT ( 'NONE',  ( 2.850000000000000089, -4.000000000000000000, -7.550000000000000711 ) ) ;
#3980 = EDGE_CURVE ( 'NONE', #1991, #5444, #9346, .T. ) ;
#3981 = EDGE_CURVE ( 'NONE', #1356, #6288, #5117, .T. ) ;
#3982 = ORIENTED_EDGE ( 'NONE', *, *, #4623, .F. ) ;
#3983 = ORIENTED_EDGE ( 'NONE', *, *, #8056, .T. ) ;
#3984 = ORIENTED_EDGE ( 'NONE', *, *, #3428, .F. ) ;
#3985 = CARTESIAN_POINT ( 'NONE',  ( -0.9000476708424469674, 10.66194478217150099, -3.050000000000000266 ) ) ;
#3986 = DIRECTION ( 'NONE',  ( 0.000000000000000000, 0.000000000000000000, 1.000000000000000000 ) ) ;
#3987 = CARTESIAN_POINT ( 'NONE',  ( -0.9000476708424469674, 10.66194478217150099, -8.050000000000000711 ) ) ;
#3988 = LINE ( 'NONE', #12779, #4011 ) ;
#3989 = CARTESIAN_POINT ( 'NONE',  ( -5.250000000000000000, 16.69999999999999929, 15.19999999999999929 ) ) ;
#3990 = ORIENTED_EDGE ( 'NONE', *, *, #1422, .T. ) ;
#3991 = DIRECTION ( 'NONE',  ( 0.000000000000000000, 0.000000000000000000, 1.000000000000000000 ) ) ;
#3992 = ORIENTED_EDGE ( 'NONE', *, *, #11169, .T. ) ;
#3993 = CIRCLE ( 'NONE', #161, 1.000000000000027978 ) ;
#3994 = AXIS2_PLACEMENT_3D ( 'NONE', #11309, #11559, #5172 ) ;
#3995 = VERTEX_POINT ( 'NONE', #6551 ) ;
#3996 = EDGE_CURVE ( 'NONE', #1633, #9197, #590, .T. ) ;
#3997 = CYLINDRICAL_SURFACE ( 'NONE', #5606, 1.499999999999980238 ) ;
#3998 = CARTESIAN_POINT ( 'NONE',  ( -2.850000000000000089, -4.000000000000000000, -11.84999999999999964 ) ) ;
#3999 = EDGE_CURVE ( 'NONE', #10464, #8333, #5252, .T. ) ;
#4000 = EDGE_CURVE ( 'NONE', #12220, #5163, #4961, .T. ) ;
#4001 = CARTESIAN_POINT ( 'NONE',  ( 3.341155849256549626, 9.386766212101310458, -10.94999999999999929 ) ) ;
#4002 = CARTESIAN_POINT ( 'NONE',  ( -3.775451385280815142, 16.42485207100589761, -4.700000000000000178 ) ) ;
#4003 = CARTESIAN_POINT ( 'NONE',  ( 2.559164477407499749, 7.554020587861660196, 14.10700454277399984 ) ) ;
#4004 = EDGE_LOOP ( 'NONE', ( #2566, #7872, #5184, #1028 ) ) ;
#4005 = DIRECTION ( 'NONE',  ( 0.7071067811865470176, 0.7071067811865480168, 0.000000000000000000 ) ) ;
#4006 = ORIENTED_EDGE ( 'NONE', *, *, #326, .T. ) ;
#4007 = SURFACE_STYLE_USAGE ( .BOTH. , #10222 ) ;
#4008 = ORIENTED_EDGE ( 'NONE', *, *, #12629, .T. ) ;
#4009 = AXIS2_PLACEMENT_3D ( 'NONE', #5025, #5702, #11074 ) ;
#4010 = CARTESIAN_POINT ( 'NONE',  ( 2.149999999999999911, -4.000000000000000000, 8.149999999999998579 ) ) ;
#4011 = VECTOR ( 'NONE', #9657, 1000.000000000000114 ) ;
#4012 = ORIENTED_EDGE ( 'NONE', *, *, #6886, .F. ) ;
#4013 = ORIENTED_EDGE ( 'NONE', *, *, #8730, .T. ) ;
#4014 = FACE_OUTER_BOUND ( 'NONE', #10362, .T. ) ;
#4015 = CARTESIAN_POINT ( 'NONE',  ( -2.047200543544549944, 12.30024887074950080, -1.449999999999999956 ) ) ;
#4016 = ORIENTED_EDGE ( 'NONE', *, *, #54, .F. ) ;
#4017 = DIRECTION ( 'NONE',  ( 0.000000000000000000, 0.000000000000000000, 1.000000000000000000 ) ) ;
#4018 = VECTOR ( 'NONE', #8097, 1000.000000000000000 ) ;
#4019 = CARTESIAN_POINT ( 'NONE',  ( -2.399604646138564945, 13.25676273017529994, -11.44999999999999929 ) ) ;
#4020 = CARTESIAN_POINT ( 'NONE',  ( 0.000000000000000000, -4.000000000000000000, 2.975000000000000089 ) ) ;
#4021 = CARTESIAN_POINT ( 'NONE',  ( -2.382835146695035267, 12.62863240148741895, 3.550000000000000266 ) ) ;
#4022 = FACE_OUTER_BOUND ( 'NONE', #10184, .T. ) ;
#4023 = EDGE_CURVE ( 'NONE', #12692, #703, #4982, .T. ) ;
#4024 = VERTEX_POINT ( 'NONE', #7635 ) ;
#4025 = VERTEX_POINT ( 'NONE', #3757 ) ;
#4026 = ORIENTED_EDGE ( 'NONE', *, *, #1976, .T. ) ;
#4027 = DIRECTION ( 'NONE',  ( 0.000000000000000000, 0.000000000000000000, -1.000000000000000000 ) ) ;
#4028 = FACE_OUTER_BOUND ( 'NONE', #5320, .T. ) ;
#4029 = EDGE_CURVE ( 'NONE', #6555, #11349, #9770, .T. ) ;
#4030 = VERTEX_POINT ( 'NONE', #13383 ) ;
#4031 = VERTEX_POINT ( 'NONE', #10171 ) ;
#4032 = B_SPLINE_CURVE_WITH_KNOTS ( 'NONE', 3,
 ( #5489, #6572, #170, #11662, #10488, #6230, #56, #844 ),
 .UNSPECIFIED., .F., .F.,
 ( 4, 2, 2, 4 ),
 ( 0.000000000000000000, 0.2500000000000002220, 0.5000000000000004441, 1.000000000000000000 ),
 .UNSPECIFIED. ) ;
#4033 = AXIS2_PLACEMENT_3D ( 'NONE', #1539, #2601, #3631 ) ;
#4034 = FACE_OUTER_BOUND ( 'NONE', #1780, .T. ) ;
#4035 = DIRECTION ( 'NONE',  ( -1.000000000000000000, 0.000000000000000000, 0.000000000000000000 ) ) ;
#4036 = DIRECTION ( 'NONE',  ( -0.5030199466302390787, 0.8642748019537022097, 0.000000000000000000 ) ) ;
#4037 = EDGE_LOOP ( 'NONE', ( #11049, #10953, #6033, #11106 ) ) ;
#4038 = DIRECTION ( 'NONE',  ( 1.000000000000000000, 0.000000000000000000, 0.000000000000000000 ) ) ;
#4039 = LINE ( 'NONE', #9432, #12897 ) ;
#4040 = DIRECTION ( 'NONE',  ( 0.000000000000000000, 0.000000000000000000, 1.000000000000000000 ) ) ;
#4041 = VECTOR ( 'NONE', #7879, 1000.000000000000000 ) ;
#4042 = EDGE_CURVE ( 'NONE', #9667, #1202, #226, .T. ) ;
#4043 = DIRECTION ( 'NONE',  ( 1.000000000000000000, 0.000000000000000000, 0.000000000000000000 ) ) ;
#4044 = DIRECTION ( 'NONE',  ( -0.7692307692307693845, -0.6389710663783134681, 0.000000000000000000 ) ) ;
#4045 = SURFACE_STYLE_USAGE ( .BOTH. , #12343 ) ;
#4046 = CARTESIAN_POINT ( 'NONE',  ( -6.293015043061680025, 9.112042054985540318, 16.44999999999999929 ) ) ;
#4047 = DIRECTION ( 'NONE',  ( 0.000000000000000000, 0.000000000000000000, -1.000000000000000000 ) ) ;
#4048 = EDGE_LOOP ( 'NONE', ( #13405, #12513, #5818, #3525 ) ) ;
#4049 = ADVANCED_FACE ( 'NONE', ( #9514 ), #3066, .F. ) ;
#4050 = ORIENTED_EDGE ( 'NONE', *, *, #5447, .T. ) ;
#4051 = VERTEX_POINT ( 'NONE', #11167 ) ;
#4052 = CIRCLE ( 'NONE', #12995, 1.500000000000000000 ) ;
#4053 = ORIENTED_EDGE ( 'NONE', *, *, #5307, .T. ) ;
#4054 = ORIENTED_EDGE ( 'NONE', *, *, #6997, .T. ) ;
#4055 = CARTESIAN_POINT ( 'NONE',  ( 5.126524163602469208, 5.126524163602469208, -15.15000000000000036 ) ) ;
#4056 = DIRECTION ( 'NONE',  ( 1.000000000000000000, 0.000000000000000000, 0.000000000000000000 ) ) ;
#4057 = CIRCLE ( 'NONE', #9998, 1.500000000000000000 ) ;
#4058 = ADVANCED_FACE ( 'NONE', ( #431 ), #11262, .F. ) ;
#4059 = AXIS2_PLACEMENT_3D ( 'NONE', #4289, #6426, #12315 ) ;
#4060 = VERTEX_POINT ( 'NONE', #12251 ) ;
#4061 = CARTESIAN_POINT ( 'NONE',  ( -5.250000000000000000, 16.69999999999999929, -5.400000000000000355 ) ) ;
#4062 = VECTOR ( 'NONE', #8726, 1000.000000000000000 ) ;
#4063 = CARTESIAN_POINT ( 'NONE',  ( -6.394152044288990311, 9.256480661696180334, -8.050000000000000711 ) ) ;
#4064 = DIRECTION ( 'NONE',  ( 1.000000000000000000, 0.000000000000000000, 0.000000000000000000 ) ) ;
#4065 = LINE ( 'NONE', #7964, #9159 ) ;
#4066 = CARTESIAN_POINT ( 'NONE',  ( -6.077610530143179979, 9.327446567904038588, -6.450000000000000178 ) ) ;
#4067 = DIRECTION ( 'NONE',  ( 0.000000000000000000, 0.000000000000000000, 1.000000000000000000 ) ) ;
#4068 = EDGE_CURVE ( 'NONE', #829, #6700, #5048, .T. ) ;
#4069 = ORIENTED_EDGE ( 'NONE', *, *, #2335, .T. ) ;
#4070 = ORIENTED_EDGE ( 'NONE', *, *, #7568, .F. ) ;
#4071 = EDGE_LOOP ( 'NONE', ( #850, #1367, #1582, #7297, #8064 ) ) ;
#4072 = DIRECTION ( 'NONE',  ( 0.000000000000000000, 0.000000000000000000, 1.000000000000000000 ) ) ;
#4073 = FACE_OUTER_BOUND ( 'NONE', #9765, .T. ) ;
#4074 = CARTESIAN_POINT ( 'NONE',  ( 4.330811839566824695, 5.568683097044850427, 12.75000000000000000 ) ) ;
#4075 = CARTESIAN_POINT ( 'NONE',  ( -5.149861993732639753, 10.12774193481510032, 8.550000000000000711 ) ) ;
#4076 = VERTEX_POINT ( 'NONE', #1871 ) ;
#4077 = ORIENTED_EDGE ( 'NONE', *, *, #3055, .T. ) ;
#4078 = LINE ( 'NONE', #3943, #4301 ) ;
#4079 = ADVANCED_FACE ( 'NONE', ( #9490 ), #3960, .F. ) ;
#4080 = EDGE_LOOP ( 'NONE', ( #8304, #13007, #8279, #12326 ) ) ;
#4081 = VECTOR ( 'NONE', #7280, 999.9999999999998863 ) ;
#4082 = AXIS2_PLACEMENT_3D ( 'NONE', #7708, #1305, #8777 ) ;
#4083 = AXIS2_PLACEMENT_3D ( 'NONE', #4270, #5339, #1911 ) ;
#4084 = ADVANCED_FACE ( 'NONE', ( #253 ), #8325, .T. ) ;
#4085 = CIRCLE ( 'NONE', #6839, 0.8000000000000003775 ) ;
#4086 = DIRECTION ( 'NONE',  ( -1.000000000000000000, 0.000000000000000000, -2.478176394252580155E-15 ) ) ;
#4087 = EDGE_CURVE ( 'NONE', #5461, #7663, #4813, .T. ) ;
#4088 = DIRECTION ( 'NONE',  ( 0.8191520442889891340, 0.5735764363510499342, 0.000000000000000000 ) ) ;
#4089 = CARTESIAN_POINT ( 'NONE',  ( -5.250000000000000000, 16.69999999999999929, -9.700000000000001066 ) ) ;
#4090 = PLANE ( 'NONE',  #12103 ) ;
#4091 = AXIS2_PLACEMENT_3D ( 'NONE', #8285, #11394, #7513 ) ;
#4092 = ORIENTED_EDGE ( 'NONE', *, *, #9118, .T. ) ;
#4093 = DIRECTION ( 'NONE',  ( 0.2908824500647800293, -0.9567587994078291525, 0.000000000000000000 ) ) ;
#4094 = CARTESIAN_POINT ( 'NONE',  ( 1.926942286883454925, 7.972552649728219976, -12.25000000000000000 ) ) ;
#4095 = ORIENTED_EDGE ( 'NONE', *, *, #3355, .T. ) ;
#4096 = PLANE ( 'NONE',  #2320 ) ;
#4097 = EDGE_CURVE ( 'NONE', #9365, #10437, #791, .T. ) ;
#4098 = ORIENTED_EDGE ( 'NONE', *, *, #9302, .T. ) ;
#4099 = VECTOR ( 'NONE', #4805, 999.9999999999998863 ) ;
#4100 = ORIENTED_EDGE ( 'NONE', *, *, #11072, .F. ) ;
#4101 = VERTEX_POINT ( 'NONE', #811 ) ;
#4102 = VECTOR ( 'NONE', #11681, 1000.000000000000114 ) ;
#4103 = DIRECTION ( 'NONE',  ( -0.4834473103160809582, 0.8753734620995469173, 0.000000000000000000 ) ) ;
#4104 = ORIENTED_EDGE ( 'NONE', *, *, #11611, .F. ) ;
#4105 = DIRECTION ( 'NONE',  ( 0.000000000000000000, 0.000000000000000000, -1.000000000000000000 ) ) ;
#4106 = COLOUR_RGB ( '',0.5019607843137254832, 0.5019607843137254832, 0.5019607843137254832 ) ;
#4107 = CARTESIAN_POINT ( 'NONE',  ( -7.500000000000000000, -3.500000000000000000, -1.850000000000000089 ) ) ;
#4108 = EDGE_CURVE ( 'NONE', #5828, #1346, #10006, .T. ) ;
#4109 = ADVANCED_FACE ( 'NONE', ( #9985 ), #13060, .F. ) ;
#4110 = CARTESIAN_POINT ( 'NONE',  ( -7.014921993108779397, 16.26222191265249961, -6.450000000000000178 ) ) ;
#4111 = DIRECTION ( 'NONE',  ( 1.000000000000000000, 0.000000000000000000, 0.000000000000000000 ) ) ;
#4112 = AXIS2_PLACEMENT_3D ( 'NONE', #9398, #2162, #11523 ) ;
#4113 = LINE ( 'NONE', #489, #8414 ) ;
#4114 = ADVANCED_FACE ( 'NONE', ( #5671 ), #13062, .F. ) ;
#4115 = ORIENTED_EDGE ( 'NONE', *, *, #12698, .T. ) ;
#4116 = ORIENTED_EDGE ( 'NONE', *, *, #7445, .F. ) ;
#4117 = ORIENTED_EDGE ( 'NONE', *, *, #7675, .F. ) ;
#4118 = FACE_OUTER_BOUND ( 'NONE', #5837, .T. ) ;
#4119 = VERTEX_POINT ( 'NONE', #4498 ) ;
#4120 = PLANE ( 'NONE',  #9671 ) ;
#4121 = ORIENTED_EDGE ( 'NONE', *, *, #3081, .T. ) ;
#4122 = CYLINDRICAL_SURFACE ( 'NONE', #5753, 1.505000000000000338 ) ;
#4123 = CARTESIAN_POINT ( 'NONE',  ( 2.850000000000000089, -3.500000000000000000, 3.149999999999999911 ) ) ;
#4124 = EDGE_CURVE ( 'NONE', #4925, #11714, #855, .T. ) ;
#4125 = EDGE_LOOP ( 'NONE', ( #8121, #11198, #4145, #5011 ) ) ;
#4126 = LINE ( 'NONE', #4178, #4194 ) ;
#4127 = CARTESIAN_POINT ( 'NONE',  ( -6.293015043061680025, 9.112042054985540318, 4.850000000000000533 ) ) ;
#4128 = DIRECTION ( 'NONE',  ( 0.000000000000000000, 0.000000000000000000, 1.000000000000000000 ) ) ;
#4129 = CIRCLE ( 'NONE', #62, 1.500000000000000000 ) ;
#4130 = CARTESIAN_POINT ( 'NONE',  ( -5.575000000000000178, 16.69999999999999929, -11.44999999999999929 ) ) ;
#4131 = AXIS2_PLACEMENT_3D ( 'NONE', #5920, #2755, #6994 ) ;
#4132 = DIRECTION ( 'NONE',  ( 0.000000000000000000, 0.000000000000000000, -1.000000000000000000 ) ) ;
#4133 = EDGE_CURVE ( 'NONE', #9209, #6691, #1034, .T. ) ;
#4134 = DIRECTION ( 'NONE',  ( -1.000000000000000000, 0.000000000000000000, 0.000000000000000000 ) ) ;
#4136 = CARTESIAN_POINT ( 'NONE',  ( 7.386539084136389377, 4.528210178856940438, 16.44999999999999929 ) ) ;
#4135 = LINE ( 'NONE', #2164, #8662 ) ;
#4137 = EDGE_LOOP ( 'NONE', ( #3528, #12912, #9004, #8935 ) ) ;
#4138 = ORIENTED_EDGE ( 'NONE', *, *, #3098, .T. ) ;
#4139 = VERTEX_POINT ( 'NONE', #9846 ) ;
#4140 = ADVANCED_FACE ( 'NONE', ( #5602 ), #368, .F. ) ;
#4141 = VECTOR ( 'NONE', #1437, 1000.000000000000000 ) ;
#4142 = VERTEX_POINT ( 'NONE', #11948 ) ;
#4143 = ORIENTED_EDGE ( 'NONE', *, *, #10301, .T. ) ;
#4144 = LINE ( 'NONE', #11340, #13222 ) ;
#4145 = ORIENTED_EDGE ( 'NONE', *, *, #12469, .T. ) ;
#4146 = CARTESIAN_POINT ( 'NONE',  ( -2.149999999999999911, -4.000000000000000000, -12.02499999999999858 ) ) ;
#4147 = VECTOR ( 'NONE', #4103, 1000.000000000000114 ) ;
#4148 = EDGE_CURVE ( 'NONE', #7560, #10136, #5382, .T. ) ;
#4149 = CARTESIAN_POINT ( 'NONE',  ( 4.330811839566824695, 5.568683097044850427, 1.650415076419424976 ) ) ;
#4150 = VECTOR ( 'NONE', #2724, 1000.000000000000000 ) ;
#4151 = DIRECTION ( 'NONE',  ( 0.2908824500647800293, -0.9567587994078291525, 0.000000000000000000 ) ) ;
#4152 = EDGE_CURVE ( 'NONE', #13384, #3872, #947, .T. ) ;
#4153 = DIRECTION ( 'NONE',  ( -1.000000000000000000, 0.000000000000000000, 0.000000000000000000 ) ) ;
#4154 = CARTESIAN_POINT ( 'NONE',  ( -2.850000000000000089, 0.6999999999999999556, 15.84999999999999964 ) ) ;
#4155 = CARTESIAN_POINT ( 'NONE',  ( 2.475030032583884765, 7.424464904027790801, -3.124886876659939805 ) ) ;
#4156 = PLANE ( 'NONE',  #6349 ) ;
#4157 = VECTOR ( 'NONE', #9497, 1000.000000000000000 ) ;
#4158 = AXIS2_PLACEMENT_3D ( 'NONE', #4333, #2345, #5933 ) ;
#4159 = DIRECTION ( 'NONE',  ( 0.000000000000000000, 0.000000000000000000, 1.000000000000000000 ) ) ;
#4160 = VERTEX_POINT ( 'NONE', #11292 ) ;
#4161 = ORIENTED_EDGE ( 'NONE', *, *, #9410, .F. ) ;
#4162 = EDGE_CURVE ( 'NONE', #3352, #2021, #5556, .T. ) ;
#4163 = ORIENTED_EDGE ( 'NONE', *, *, #8442, .F. ) ;
#4164 = LINE ( 'NONE', #7016, #13497 ) ;
#4165 = PLANE ( 'NONE',  #6091 ) ;
#4166 = CARTESIAN_POINT ( 'NONE',  ( 0.000000000000000000, -4.000000000000000000, 2.625000000000000000 ) ) ;
#4167 = ORIENTED_EDGE ( 'NONE', *, *, #13297, .F. ) ;
#4168 = DIRECTION ( 'NONE',  ( 0.000000000000000000, 1.000000000000000000, 0.000000000000000000 ) ) ;
#4169 = ORIENTED_EDGE ( 'NONE', *, *, #148, .F. ) ;
#4170 = LINE ( 'NONE', #9404, #13093 ) ;
#4171 = ADVANCED_FACE ( 'NONE', ( #10234 ), #11107, .F. ) ;
#4172 = EDGE_CURVE ( 'NONE', #10806, #1972, #5538, .T. ) ;
#4173 = ORIENTED_EDGE ( 'NONE', *, *, #4520, .F. ) ;
#4174 = LINE ( 'NONE', #3811, #3885 ) ;
#4175 = LINE ( 'NONE', #13031, #8190 ) ;
#4176 = STYLED_ITEM ( 'NONE', ( #10098 ), #4273 ) ;
#4177 = FACE_OUTER_BOUND ( 'NONE', #10829, .T. ) ;
#4178 = CARTESIAN_POINT ( 'NONE',  ( -5.809933491950640239, 18.09157266594019831, 10.90000000000000036 ) ) ;
#4179 = PLANE ( 'NONE',  #3654 ) ;
#4180 = CARTESIAN_POINT ( 'NONE',  ( -5.250000000000000000, 16.69999999999999929, 13.54999999999999893 ) ) ;
#4181 = ORIENTED_EDGE ( 'NONE', *, *, #2717, .F. ) ;
#4182 = DIRECTION ( 'NONE',  ( 0.000000000000000000, 0.000000000000000000, 1.000000000000000000 ) ) ;
#4183 = DIRECTION ( 'NONE',  ( 0.000000000000000000, 0.000000000000000000, -1.000000000000000000 ) ) ;
#4184 = ORIENTED_EDGE ( 'NONE', *, *, #7118, .F. ) ;
#4185 = ORIENTED_EDGE ( 'NONE', *, *, #853, .F. ) ;
#4186 = LINE ( 'NONE', #6002, #13430 ) ;
#4187 = ORIENTED_EDGE ( 'NONE', *, *, #11657, .T. ) ;
#4188 = VERTEX_POINT ( 'NONE', #9353 ) ;
#4189 = LINE ( 'NONE', #6902, #8631 ) ;
#4190 = ADVANCED_FACE ( 'NONE', ( #5338 ), #5466, .T. ) ;
#4191 = DIRECTION ( 'NONE',  ( 0.000000000000000000, 0.000000000000000000, -1.000000000000000000 ) ) ;
#4192 = EDGE_LOOP ( 'NONE', ( #8972, #4296, #9024 ) ) ;
#4193 = DIRECTION ( 'NONE',  ( 0.000000000000000000, 0.000000000000000000, -1.000000000000000000 ) ) ;
#4194 = VECTOR ( 'NONE', #11393, 1000.000000000000000 ) ;
#4195 = DIRECTION ( 'NONE',  ( 0.000000000000000000, 0.000000000000000000, -1.000000000000000000 ) ) ;
#4196 = EDGE_CURVE ( 'NONE', #7851, #4614, #10185, .T. ) ;
#4197 = LINE ( 'NONE', #13114, #4267 ) ;
#4198 = DIRECTION ( 'NONE',  ( 0.000000000000000000, 0.000000000000000000, -1.000000000000000000 ) ) ;
#4199 = VECTOR ( 'NONE', #12152, 1000.000000000000114 ) ;
#4200 = AXIS2_PLACEMENT_3D ( 'NONE', #12330, #2889, #5017 ) ;
#4201 = EDGE_LOOP ( 'NONE', ( #9296, #2299, #5906, #9275 ) ) ;
#4202 = ORIENTED_EDGE ( 'NONE', *, *, #6611, .F. ) ;
#4203 = ORIENTED_EDGE ( 'NONE', *, *, #5897, .T. ) ;
#4204 = LINE ( 'NONE', #7107, #4489 ) ;
#4205 = ORIENTED_EDGE ( 'NONE', *, *, #9099, .T. ) ;
#4206 = CARTESIAN_POINT ( 'NONE',  ( -4.002709121030539663, 8.489437846237121832, 13.54999999999999893 ) ) ;
#4207 = ORIENTED_EDGE ( 'NONE', *, *, #260, .T. ) ;
#4208 = CIRCLE ( 'NONE', #3583, 1.505000000000000338 ) ;
#4209 = DIRECTION ( 'NONE',  ( 0.000000000000000000, 0.000000000000000000, -1.000000000000000000 ) ) ;
#4210 = CARTESIAN_POINT ( 'NONE',  ( -5.575000000000000178, 9.830057098047229047, 16.44999999999999929 ) ) ;
#4211 = EDGE_CURVE ( 'NONE', #4139, #5439, #1141, .T. ) ;
#4212 = EDGE_LOOP ( 'NONE', ( #827, #10509, #1710, #11732 ) ) ;
#4213 = PLANE ( 'NONE',  #8150 ) ;
#4214 = VECTOR ( 'NONE', #5932, 1000.000000000000000 ) ;
#4215 = PLANE ( 'NONE',  #7167 ) ;
#4216 = LINE ( 'NONE', #12204, #12656 ) ;
#4217 = VECTOR ( 'NONE', #6715, 1000.000000000000000 ) ;
#4218 = CARTESIAN_POINT ( 'NONE',  ( 2.149999999999999911, 0.000000000000000000, -12.55000000000000071 ) ) ;
#4219 = ADVANCED_FACE ( 'NONE', ( #10057 ), #10593, .F. ) ;
#4220 = PLANE ( 'NONE',  #7619 ) ;
#4221 = CARTESIAN_POINT ( 'NONE',  ( 1.926942286883454925, 7.972552649728219976, -1.375113123340059973 ) ) ;
#4222 = CARTESIAN_POINT ( 'NONE',  ( 2.033008304061434846, 9.987806976109879997, 15.84999999999999964 ) ) ;
#4223 = ADVANCED_FACE ( 'NONE', ( #5296 ), #10123, .T. ) ;
#4224 = DIRECTION ( 'NONE',  ( -1.000000000000000000, 0.000000000000000000, 0.000000000000000000 ) ) ;
#4225 = AXIS2_PLACEMENT_3D ( 'NONE', #6589, #6392, #4168 ) ;
#4226 = EDGE_LOOP ( 'NONE', ( #8229, #2671, #7915, #8348 ) ) ;
#4227 = ORIENTED_EDGE ( 'NONE', *, *, #3239, .T. ) ;
#4228 = EDGE_LOOP ( 'NONE', ( #4502, #5703, #5103, #4971 ) ) ;
#4229 = EDGE_LOOP ( 'NONE', ( #2962, #5133, #3399, #3739 ) ) ;
#4230 = ORIENTED_EDGE ( 'NONE', *, *, #8572, .T. ) ;
#4231 = DIRECTION ( 'NONE',  ( -1.000000000000000000, 0.000000000000000000, 0.000000000000000000 ) ) ;
#4232 = CARTESIAN_POINT ( 'NONE',  ( 4.110316879431045400, 5.529803886462669738, -10.96409710947954075 ) ) ;
#4233 = VECTOR ( 'NONE', #7714, 1000.000000000000000 ) ;
#4234 = EDGE_CURVE ( 'NONE', #7002, #7196, #992, .T. ) ;
#4235 = ORIENTED_EDGE ( 'NONE', *, *, #6905, .T. ) ;
#4236 = EDGE_CURVE ( 'NONE', #10709, #2349, #5649, .T. ) ;
#4237 = DIRECTION ( 'NONE',  ( 0.000000000000000000, 0.000000000000000000, 1.000000000000000000 ) ) ;
#4238 = VECTOR ( 'NONE', #10128, 1000.000000000000000 ) ;
#4239 = CARTESIAN_POINT ( 'NONE',  ( -1.530854753362479892, 11.74577986658169948, -11.44999999999999929 ) ) ;
#4240 = DIRECTION ( 'NONE',  ( 0.4493487905883666311, 0.6919364591594880931, -0.5650748630779840465 ) ) ;
#4241 = CARTESIAN_POINT ( 'NONE',  ( 6.678144119326260508, 5.236605143667070195, 16.44999999999999929 ) ) ;
#4242 = PLANE ( 'NONE',  #13553 ) ;
#4243 = VECTOR ( 'NONE', #937, 1000.000000000000114 ) ;
#4244 = DIRECTION ( 'NONE',  ( 0.5446390350150209780, 0.8386705679454279361, 0.000000000000000000 ) ) ;
#4245 = CARTESIAN_POINT ( 'NONE',  ( -5.316253523062870023, 17.49725182388110056, -14.09999999999999964 ) ) ;
#4246 = FACE_OUTER_BOUND ( 'NONE', #1683, .T. ) ;
#4247 = UNCERTAINTY_MEASURE_WITH_UNIT (LENGTH_MEASURE( 1.000000000000000082E-05 ), #2866, 'distance_accuracy_value', 'NONE');
#4248 = EDGE_CURVE ( 'NONE', #5661, #9764, #9856, .T. ) ;
#4249 = EDGE_LOOP ( 'NONE', ( #2740, #1171 ) ) ;
#4250 = EDGE_LOOP ( 'NONE', ( #4764, #2637, #6923, #8856 ) ) ;
#4251 = ORIENTED_EDGE ( 'NONE', *, *, #10353, .F. ) ;
#4252 = ADVANCED_FACE ( 'NONE', ( #767 ), #10285, .F. ) ;
#4253 = AXIS2_PLACEMENT_3D ( 'NONE', #12356, #7154, #2645 ) ;
#4254 = CARTESIAN_POINT ( 'NONE',  ( -5.250000000000000000, 18.19999999999999929, -9.799999999999998934 ) ) ;
#4255 = AXIS2_PLACEMENT_3D ( 'NONE', #11110, #12120, #13328 ) ;
#4256 = PLANE ( 'NONE',  #10458 ) ;
#4257 = DIRECTION ( 'NONE',  ( 0.000000000000000000, 0.000000000000000000, 1.000000000000000000 ) ) ;
#4258 = ORIENTED_EDGE ( 'NONE', *, *, #5870, .T. ) ;
#4259 = ORIENTED_EDGE ( 'NONE', *, *, #4312, .T. ) ;
#4260 = LINE ( 'NONE', #12775, #13316 ) ;
#4261 = CARTESIAN_POINT ( 'NONE',  ( 6.735268398951980373, 5.992653662405889037, -5.500000000000000000 ) ) ;
#4262 = CARTESIAN_POINT ( 'NONE',  ( -6.394152044288990311, 9.256480661696180334, 11.95000000000000107 ) ) ;
#4263 = ORIENTED_EDGE ( 'NONE', *, *, #10091, .T. ) ;
#4264 = EDGE_CURVE ( 'NONE', #1039, #889, #9876, .T. ) ;
#4265 = VECTOR ( 'NONE', #10137, 1000.000000000000114 ) ;
#4266 = AXIS2_PLACEMENT_3D ( 'NONE', #3285, #3197, #11470 ) ;
#4267 = VECTOR ( 'NONE', #11925, 1000.000000000000000 ) ;
#4268 = EDGE_CURVE ( 'NONE', #5533, #8881, #815, .T. ) ;
#4269 = FACE_OUTER_BOUND ( 'NONE', #12428, .T. ) ;
#4270 = CARTESIAN_POINT ( 'NONE',  ( 1.926942286883454925, 7.972552649728219976, 7.750000000000000000 ) ) ;
#4271 = CARTESIAN_POINT ( 'NONE',  ( -2.149999999999999911, -4.000000000000000000, 12.44999999999999929 ) ) ;
#4272 = DIRECTION ( 'NONE',  ( -1.000000000000000000, 0.000000000000000000, 0.000000000000000000 ) ) ;
#4273 = MANIFOLD_SOLID_BREP ( 'NONE', #415 ) ;
#4274 = ORIENTED_EDGE ( 'NONE', *, *, #12954, .F. ) ;
#4275 = DIRECTION ( 'NONE',  ( -0.6389710663783129130, 0.7692307692307698286, 0.000000000000000000 ) ) ;
#4276 = ADVANCED_FACE ( 'NONE', ( #9900 ), #457, .T. ) ;
#4277 = ORIENTED_EDGE ( 'NONE', *, *, #4883, .T. ) ;
#4278 = ORIENTED_EDGE ( 'NONE', *, *, #12786, .T. ) ;
#4279 = EDGE_CURVE ( 'NONE', #1435, #4760, #838, .T. ) ;
#4280 = VERTEX_POINT ( 'NONE', #179 ) ;
#4281 = AXIS2_PLACEMENT_3D ( 'NONE', #9094, #13088, #1743 ) ;
#4282 = EDGE_LOOP ( 'NONE', ( #6000, #1758, #492, #9172, #7059 ) ) ;
#4283 = VECTOR ( 'NONE', #9011, 1000.000000000000000 ) ;
#4284 = ADVANCED_FACE ( 'NONE', ( #5427 ), #6275, .F. ) ;
#4285 = CARTESIAN_POINT ( 'NONE',  ( -2.399604646138564945, 13.25676273017529994, -11.44999999999999929 ) ) ;
#4286 = ORIENTED_EDGE ( 'NONE', *, *, #12546, .T. ) ;
#4287 = CARTESIAN_POINT ( 'NONE',  ( -2.850000000000000089, -4.000000000000000000, 7.974999999999999645 ) ) ;
#4288 = VECTOR ( 'NONE', #3184, 1000.000000000000000 ) ;
#4289 = CARTESIAN_POINT ( 'NONE',  ( 1.926942286883454925, 7.972552649728219976, -3.124886876659939805 ) ) ;
#4290 = EDGE_CURVE ( 'NONE', #6288, #5068, #9939, .T. ) ;
#4291 = FACE_OUTER_BOUND ( 'NONE', #13071, .T. ) ;
#4292 = CARTESIAN_POINT ( 'NONE',  ( -3.649999999999999911, 11.17795660910094036, -3.050000000000000266 ) ) ;
#4293 = FACE_OUTER_BOUND ( 'NONE', #1713, .T. ) ;
#4294 = DIRECTION ( 'NONE',  ( 0.000000000000000000, 0.000000000000000000, -1.000000000000000000 ) ) ;
#4295 = ORIENTED_EDGE ( 'NONE', *, *, #11996, .F. ) ;
#4296 = ORIENTED_EDGE ( 'NONE', *, *, #11413, .F. ) ;
#4297 = ORIENTED_EDGE ( 'NONE', *, *, #9019, .F. ) ;
#4298 = VERTEX_POINT ( 'NONE', #7313 ) ;
#4299 = PLANE ( 'NONE',  #12570 ) ;
#4300 = ORIENTED_EDGE ( 'NONE', *, *, #11549, .T. ) ;
#4301 = VECTOR ( 'NONE', #11248, 1000.000000000000000 ) ;
#4302 = DIRECTION ( 'NONE',  ( 0.000000000000000000, 0.000000000000000000, -1.000000000000000000 ) ) ;
#4303 = AXIS2_PLACEMENT_3D ( 'NONE', #2575, #7813, #11200 ) ;
#4304 = ORIENTED_EDGE ( 'NONE', *, *, #13463, .F. ) ;
#4305 = DIRECTION ( 'NONE',  ( 0.000000000000000000, 0.000000000000000000, 1.000000000000000000 ) ) ;
#4306 = DIRECTION ( 'NONE',  ( 0.000000000000000000, 0.000000000000000000, 1.000000000000000000 ) ) ;
#4307 = EDGE_CURVE ( 'NONE', #11204, #1592, #884, .T. ) ;
#4308 = LINE ( 'NONE', #740, #4238 ) ;
#4309 = CARTESIAN_POINT ( 'NONE',  ( 1.926942286883454925, 7.972552649728219976, -8.124886876659941137 ) ) ;
#4310 = VECTOR ( 'NONE', #11052, 1000.000000000000000 ) ;
#4311 = CONICAL_SURFACE ( 'NONE', #4329, 0.8748868766599399160, 0.2094395102393268593 ) ;
#4312 = EDGE_CURVE ( 'NONE', #8604, #13525, #1466, .T. ) ;
#4313 = DIRECTION ( 'NONE',  ( -0.8191520442889891340, -0.5735764363510499342, 0.000000000000000000 ) ) ;
#4314 = DIRECTION ( 'NONE',  ( 0.5735764363510499342, -0.8191520442889891340, 0.000000000000000000 ) ) ;
#4315 = DIRECTION ( 'NONE',  ( -0.8542610676133731706, -0.1506292747890529971, 0.4975428121645250612 ) ) ;
#4316 = CARTESIAN_POINT ( 'NONE',  ( -1.530854753362479892, 11.74577986658169948, 1.949999999999999956 ) ) ;
#4317 = FILL_AREA_STYLE ('',( #7553 ) ) ;
#4318 = ORIENTED_EDGE ( 'NONE', *, *, #30, .F. ) ;
#4319 = EDGE_LOOP ( 'NONE', ( #2223, #9473, #7541, #849, #2564, #3106, #317, #3826, #11868, #4013, #13049, #12388, #790, #12885 ) ) ;
#4320 = ORIENTED_EDGE ( 'NONE', *, *, #10175, .T. ) ;
#4321 = VERTEX_POINT ( 'NONE', #2249 ) ;
#4322 = EDGE_CURVE ( 'NONE', #3536, #7974, #1253, .T. ) ;
#4323 = ORIENTED_EDGE ( 'NONE', *, *, #12307, .T. ) ;
#4324 = DIRECTION ( 'NONE',  ( 1.000000000000000000, 0.000000000000000000, 0.000000000000000000 ) ) ;
#4325 = VECTOR ( 'NONE', #12110, 1000.000000000000000 ) ;
#4326 = ORIENTED_EDGE ( 'NONE', *, *, #7740, .T. ) ;
#4327 = CARTESIAN_POINT ( 'NONE',  ( 3.588643222671839883, 9.139278838686021089, -8.550000000000000711 ) ) ;
#4328 = VECTOR ( 'NONE', #11341, 1000.000000000000114 ) ;
#4329 = AXIS2_PLACEMENT_3D ( 'NONE', #2304, #6522, #8581 ) ;
#4330 = DIRECTION ( 'NONE',  ( 0.7071067811865490160, -0.7071067811865461294, 0.000000000000000000 ) ) ;
#4331 = PRESENTATION_STYLE_ASSIGNMENT (( #12499 ) ) ;
#4332 = EDGE_CURVE ( 'NONE', #5352, #4321, #10636, .T. ) ;
#4333 = CARTESIAN_POINT ( 'NONE',  ( -5.250000000000000000, 16.69999999999999929, -9.099999999999999645 ) ) ;
#4334 = CARTESIAN_POINT ( 'NONE',  ( -7.200000000000000178, 7.356528960623350599, 15.75000000000000000 ) ) ;
#4335 = DIRECTION ( 'NONE',  ( 0.000000000000000000, 1.000000000000000000, 0.000000000000000000 ) ) ;
#4336 = ADVANCED_FACE ( 'NONE', ( #10612 ), #12602, .F. ) ;
#4337 = CARTESIAN_POINT ( 'NONE',  ( -0.6056176130837679361, 7.110999999999999766, 15.75000000000000000 ) ) ;
#4338 = EDGE_CURVE ( 'NONE', #631, #4024, #10715, .T. ) ;
#4339 = EDGE_LOOP ( 'NONE', ( #11741, #13365, #8964, #12610, #2079, #2682 ) ) ;
#4340 = ORIENTED_EDGE ( 'NONE', *, *, #12231, .F. ) ;
#4341 = EDGE_LOOP ( 'NONE', ( #11338, #9839, #6326, #4263 ) ) ;
#4342 = DIRECTION ( 'NONE',  ( 0.000000000000000000, 0.000000000000000000, 1.000000000000000000 ) ) ;
#4343 = DIRECTION ( 'NONE',  ( 0.000000000000000000, 0.000000000000000000, -1.000000000000000000 ) ) ;
#4344 = CARTESIAN_POINT ( 'NONE',  ( -2.850000000000000089, 0.000000000000000000, 13.15000000000000036 ) ) ;
#4345 = VERTEX_POINT ( 'NONE', #8057 ) ;
#4346 = ORIENTED_EDGE ( 'NONE', *, *, #9898, .F. ) ;
#4347 = AXIS2_PLACEMENT_3D ( 'NONE', #8456, #110, #1154 ) ;
#4348 = CONICAL_SURFACE ( 'NONE', #6932, 0.8748868766599399160, 0.2094395102393268593 ) ;
#4349 = CARTESIAN_POINT ( 'NONE',  ( -3.775451385280815142, 16.42485207100589761, 10.30000000000000071 ) ) ;
#4350 = CARTESIAN_POINT ( 'NONE',  ( -3.775451385280815142, 16.42485207100589761, -0.4000000000000000222 ) ) ;
#4351 = ORIENTED_EDGE ( 'NONE', *, *, #1201, .F. ) ;
#4352 = LINE ( 'NONE', #3850, #13498 ) ;
#4353 = VECTOR ( 'NONE', #12396, 1000.000000000000000 ) ;
#4354 = CARTESIAN_POINT ( 'NONE',  ( -5.250000000000000000, 18.19999999999999929, -14.09999999999999964 ) ) ;
#4355 = DIRECTION ( 'NONE',  ( 1.000000000000000000, 0.000000000000000000, 0.000000000000000000 ) ) ;
#4356 = CARTESIAN_POINT ( 'NONE',  ( -0.9000476708424469674, 10.66194478217150099, 6.949999999999999289 ) ) ;
#4357 = DIRECTION ( 'NONE',  ( -0.7071067811865475727, 0.7071067811865475727, 0.000000000000000000 ) ) ;
#4358 = ORIENTED_EDGE ( 'NONE', *, *, #3802, .F. ) ;
#4359 = DIRECTION ( 'NONE',  ( 0.000000000000000000, 0.000000000000000000, 1.000000000000000000 ) ) ;
#4360 = DIRECTION ( 'NONE',  ( -0.7071067811865460184, -0.7071067811865489050, 0.000000000000000000 ) ) ;
#4361 = ORIENTED_EDGE ( 'NONE', *, *, #5235, .F. ) ;
#4362 = CARTESIAN_POINT ( 'NONE',  ( 0.3000000000000051514, 0.000000000000000000, 0.000000000000000000 ) ) ;
#4363 = EDGE_LOOP ( 'NONE', ( #3140, #12262, #10865, #3130 ) ) ;
#4364 = ADVANCED_FACE ( 'NONE', ( #10468 ), #3971, .F. ) ;
#4365 = DIRECTION ( 'NONE',  ( 0.000000000000000000, 0.000000000000000000, -1.000000000000000000 ) ) ;
#4366 = ORIENTED_EDGE ( 'NONE', *, *, #5870, .F. ) ;
#4367 = VERTEX_POINT ( 'NONE', #5308 ) ;
#4368 = LINE ( 'NONE', #355, #8743 ) ;
#4369 = CARTESIAN_POINT ( 'NONE',  ( 2.850000000000000089, -4.000000000000000000, 12.97499999999999964 ) ) ;
#4370 = AXIS2_PLACEMENT_3D ( 'NONE', #10306, #1010, #833 ) ;
#4371 = ORIENTED_EDGE ( 'NONE', *, *, #1331, .T. ) ;
#4372 = CARTESIAN_POINT ( 'NONE',  ( -5.575000000000000178, 9.830057098047229047, -6.450000000000000178 ) ) ;
#4373 = VECTOR ( 'NONE', #10069, 1000.000000000000000 ) ;
#4374 = VECTOR ( 'NONE', #8202, 1000.000000000000114 ) ;
#4375 = DIRECTION ( 'NONE',  ( 0.000000000000000000, 0.000000000000000000, -1.000000000000000000 ) ) ;
#4376 = CARTESIAN_POINT ( 'NONE',  ( 2.065310260468285364, 7.707842825460769376, -15.15000000000000036 ) ) ;
#4377 = EDGE_CURVE ( 'NONE', #6168, #7002, #1585, .T. ) ;
#4378 = ORIENTED_EDGE ( 'NONE', *, *, #10301, .F. ) ;
#4379 = ORIENTED_EDGE ( 'NONE', *, *, #4162, .T. ) ;
#4380 = ORIENTED_EDGE ( 'NONE', *, *, #541, .F. ) ;
#4381 = VERTEX_POINT ( 'NONE', #5039 ) ;
#4382 = ORIENTED_EDGE ( 'NONE', *, *, #7943, .T. ) ;
#4383 = LINE ( 'NONE', #9466, #13155 ) ;
#4384 = DIRECTION ( 'NONE',  ( 0.000000000000000000, 0.000000000000000000, -1.000000000000000000 ) ) ;
#4385 = DIRECTION ( 'NONE',  ( 0.000000000000000000, 0.000000000000000000, -1.000000000000000000 ) ) ;
#4386 = EDGE_LOOP ( 'NONE', ( #991, #1252, #13085, #4978 ) ) ;
#4387 = CARTESIAN_POINT ( 'NONE',  ( -5.575000000000000178, 16.69999999999999929, -1.449999999999999956 ) ) ;
#4388 = DIRECTION ( 'NONE',  ( 0.000000000000000000, 0.000000000000000000, -1.000000000000000000 ) ) ;
#4389 = CARTESIAN_POINT ( 'NONE',  ( -5.575000000000000178, 9.830057098047239705, -1.449999999999999956 ) ) ;
#4390 = AXIS2_PLACEMENT_3D ( 'NONE', #2138, #9468, #957 ) ;
#4391 = CARTESIAN_POINT ( 'NONE',  ( -5.001253558300190249, 7.790249504023520011, -0.1499999999999999944 ) ) ;
#4392 = LINE ( 'NONE', #8525, #7 ) ;
#4393 = PRESENTATION_STYLE_ASSIGNMENT (( #966 ) ) ;
#4394 = DIRECTION ( 'NONE',  ( 0.000000000000000000, 0.000000000000000000, -1.000000000000000000 ) ) ;
#4395 = CARTESIAN_POINT ( 'NONE',  ( -1.442193645700395876, 12.96803417904112088, -3.050000000000000266 ) ) ;
#4396 = ADVANCED_FACE ( 'NONE', ( #5731 ), #973, .F. ) ;
#4397 = ORIENTED_EDGE ( 'NONE', *, *, #5478, .F. ) ;
#4398 = EDGE_CURVE ( 'NONE', #12637, #5816, #10268, .T. ) ;
#4399 = DIRECTION ( 'NONE',  ( 0.7071067811865480168, 0.7071067811865470176, 0.000000000000000000 ) ) ;
#4400 = CARTESIAN_POINT ( 'NONE',  ( -3.984748662560944954, 15.89430833868740045, 10.90000000000000036 ) ) ;
#4402 = CARTESIAN_POINT ( 'NONE',  ( -0.9000476708424469674, 10.66194478217150099, -6.450000000000000178 ) ) ;
#4401 = FACE_OUTER_BOUND ( 'NONE', #6284, .T. ) ;
#4403 = AXIS2_PLACEMENT_3D ( 'NONE', #11452, #12524, #897 ) ;
#4404 = VERTEX_POINT ( 'NONE', #9217 ) ;
#4405 = VERTEX_POINT ( 'NONE', #12263 ) ;
#4406 = EDGE_CURVE ( 'NONE', #4076, #9014, #5984, .T. ) ;
#4407 = VERTEX_POINT ( 'NONE', #886 ) ;
#4408 = ORIENTED_EDGE ( 'NONE', *, *, #9604, .F. ) ;
#4409 = ORIENTED_EDGE ( 'NONE', *, *, #10942, .T. ) ;
#4410 = DIRECTION ( 'NONE',  ( 0.000000000000000000, 0.000000000000000000, 1.000000000000000000 ) ) ;
#4411 = CIRCLE ( 'NONE', #4434, 1.500000000000000000 ) ;
#4412 = ADVANCED_FACE ( 'NONE', ( #10397 ), #2993, .F. ) ;
#4413 = EDGE_LOOP ( 'NONE', ( #965, #8447, #8785, #1733 ) ) ;
#4414 = LINE ( 'NONE', #3535, #9177 ) ;
#4415 = DIRECTION ( 'NONE',  ( -1.000000000000000000, 0.000000000000000000, 0.000000000000000000 ) ) ;
#4416 = LINE ( 'NONE', #11909, #4768 ) ;
#4417 = UNCERTAINTY_MEASURE_WITH_UNIT (LENGTH_MEASURE( 1.000000000000000082E-05 ), #12049, 'distance_accuracy_value', 'NONE');
#4418 = EDGE_CURVE ( 'NONE', #5312, #4030, #6028, .T. ) ;
#4419 = CARTESIAN_POINT ( 'NONE',  ( 2.559164477407499749, 7.554020587861660196, -1.342995457226009881 ) ) ;
#4420 = LINE ( 'NONE', #11143, #9133 ) ;
#4421 = CARTESIAN_POINT ( 'NONE',  ( -6.208456599567469425, 17.85384615384614904, -11.44999999999999929 ) ) ;
#4422 = CARTESIAN_POINT ( 'NONE',  ( -1.850000000000000089, 3.200000000000000178, 15.75000000000000000 ) ) ;
#4423 = AXIS2_PLACEMENT_3D ( 'NONE', #3586, #5719, #2475 ) ;
#4424 = PLANE ( 'NONE',  #11500 ) ;
#4425 = VECTOR ( 'NONE', #9909, 1000.000000000000000 ) ;
#4426 = DIRECTION ( 'NONE',  ( 1.000000000000000000, 0.000000000000000000, 0.000000000000000000 ) ) ;
#4427 = ORIENTED_EDGE ( 'NONE', *, *, #260, .F. ) ;
#4428 = ORIENTED_EDGE ( 'NONE', *, *, #11496, .T. ) ;
#4429 = ORIENTED_EDGE ( 'NONE', *, *, #6121, .T. ) ;
#4430 = EDGE_CURVE ( 'NONE', #2221, #10562, #6150, .T. ) ;
#4431 = ORIENTED_EDGE ( 'NONE', *, *, #9171, .F. ) ;
#4432 = CARTESIAN_POINT ( 'NONE',  ( -5.575000000000000178, 16.69999999999999929, 13.54999999999999893 ) ) ;
#4433 = CARTESIAN_POINT ( 'NONE',  ( -5.001253558300190249, 7.790249504023520011, 3.550000000000000266 ) ) ;
#4434 = AXIS2_PLACEMENT_3D ( 'NONE', #3410, #9649, #1498 ) ;
#4435 = CARTESIAN_POINT ( 'NONE',  ( 1.926942286883454925, 7.972552649728219976, -3.124886876659939805 ) ) ;
#4436 = VERTEX_POINT ( 'NONE', #10348 ) ;
#4437 = ORIENTED_EDGE ( 'NONE', *, *, #9604, .T. ) ;
#4438 = VECTOR ( 'NONE', #8159, 1000.000000000000000 ) ;
#4439 = CARTESIAN_POINT ( 'NONE',  ( -5.001253558300190249, 7.790249504023520011, 13.54999999999999893 ) ) ;
#4440 = CARTESIAN_POINT ( 'NONE',  ( 1.926942286883454925, 7.972552649728219976, -12.25000000000000000 ) ) ;
#4441 = ORIENTED_EDGE ( 'NONE', *, *, #3170, .T. ) ;
#4442 = CARTESIAN_POINT ( 'NONE',  ( 0.000000000000000000, 0.000000000000000000, -15.00000000000000000 ) ) ;
#4443 = LINE ( 'NONE', #12740, #9178 ) ;
#4444 = LINE ( 'NONE', #10730, #9220 ) ;
#4445 = CIRCLE ( 'NONE', #7415, 1.505000000000000338 ) ;
#4446 = EDGE_CURVE ( 'NONE', #1225, #5883, #10592, .T. ) ;
#4447 = DIRECTION ( 'NONE',  ( 0.000000000000000000, 1.000000000000000000, 0.000000000000000000 ) ) ;
#4448 = ADVANCED_FACE ( 'NONE', ( #10538 ), #1234, .F. ) ;
#4449 = AXIS2_PLACEMENT_3D ( 'NONE', #11632, #6491, #9416 ) ;
#4450 = ORIENTED_EDGE ( 'NONE', *, *, #5447, .F. ) ;
#4451 = CARTESIAN_POINT ( 'NONE',  ( -7.080000000000000071, 16.69999999999999929, 3.550000000000000266 ) ) ;
#4452 = CARTESIAN_POINT ( 'NONE',  ( 2.740115085247985416, 9.987806976109879997, -13.23361577864529970 ) ) ;
#4453 = DIRECTION ( 'NONE',  ( 0.1470157664652034513, 0.1470157664652033958, -0.9781476007338042455 ) ) ;
#4454 = ORIENTED_EDGE ( 'NONE', *, *, #10412, .T. ) ;
#4455 = PLANE ( 'NONE',  #10107 ) ;
#4456 = DIRECTION ( 'NONE',  ( 0.000000000000000000, 0.000000000000000000, -1.000000000000000000 ) ) ;
#4457 = ORIENTED_EDGE ( 'NONE', *, *, #12882, .F. ) ;
#4458 = EDGE_CURVE ( 'NONE', #5618, #11595, #1347, .T. ) ;
#4459 = DIRECTION ( 'NONE',  ( -1.000000000000000000, 0.000000000000000000, 0.000000000000000000 ) ) ;
#4460 = EDGE_LOOP ( 'NONE', ( #8643, #12648, #8690, #1269, #12934, #10463 ) ) ;
#4461 = ORIENTED_EDGE ( 'NONE', *, *, #12253, .T. ) ;
#4462 = VECTOR ( 'NONE', #3494, 1000.000000000000000 ) ;
#4463 = VERTEX_POINT ( 'NONE', #6562 ) ;
#4464 = CARTESIAN_POINT ( 'NONE',  ( 5.833630944789019779, 5.833630944789019779, -15.15000000000000036 ) ) ;
#4465 = VECTOR ( 'NONE', #3893, 1000.000000000000000 ) ;
#4466 = EDGE_CURVE ( 'NONE', #2979, #2282, #1301, .T. ) ;
#4467 = PLANE ( 'NONE',  #10702 ) ;
#4468 = LINE ( 'NONE', #2709, #4561 ) ;
#4469 = CARTESIAN_POINT ( 'NONE',  ( -3.649999999999999911, 11.17795660910094036, 16.44999999999999929 ) ) ;
#4470 = CARTESIAN_POINT ( 'NONE',  ( -5.575000000000000178, 16.69999999999999929, 6.949999999999999289 ) ) ;
#4471 = EDGE_CURVE ( 'NONE', #555, #8089, #1541, .T. ) ;
#4472 = CONICAL_SURFACE ( 'NONE', #11040, 0.8748868766599399160, 0.2094395102393273866 ) ;
#4473 = VERTEX_POINT ( 'NONE', #5660 ) ;
#4474 = MECHANICAL_DESIGN_GEOMETRIC_PRESENTATION_REPRESENTATION (  '', ( #1343 ), #9370 ) ;
#4475 = EDGE_LOOP ( 'NONE', ( #1661, #8110, #10515, #4361, #5248, #8946 ) ) ;
#4476 = EDGE_CURVE ( 'NONE', #11673, #6546, #5819, .T. ) ;
#4477 = ORIENTED_EDGE ( 'NONE', *, *, #1536, .T. ) ;
#4478 = ORIENTED_EDGE ( 'NONE', *, *, #10396, .F. ) ;
#4479 = CARTESIAN_POINT ( 'NONE',  ( -7.500000000000000000, -3.500000000000000000, -1.850000000000000089 ) ) ;
#4480 = EDGE_CURVE ( 'NONE', #3920, #3199, #5911, .T. ) ;
#4481 = ORIENTED_EDGE ( 'NONE', *, *, #12334, .F. ) ;
#4482 = LINE ( 'NONE', #6285, #9060 ) ;
#4483 =( NAMED_UNIT ( * ) PLANE_ANGLE_UNIT ( ) SI_UNIT ( $, .RADIAN. ) );
#4484 = CARTESIAN_POINT ( 'NONE',  ( -6.040827613235229876, 9.364229484812000237, -15.15000000000000036 ) ) ;
#4485 = EDGE_CURVE ( 'NONE', #105, #5461, #6076, .T. ) ;
#4486 = EDGE_CURVE ( 'NONE', #11185, #6343, #10664, .T. ) ;
#4487 = ORIENTED_EDGE ( 'NONE', *, *, #5634, .T. ) ;
#4488 = DIRECTION ( 'NONE',  ( 0.000000000000000000, 0.9438583563660177811, 0.3303504247281049411 ) ) ;
#4489 = VECTOR ( 'NONE', #1836, 1000.000000000000000 ) ;
#4490 = PLANE ( 'NONE',  #5087 ) ;
#4491 = LINE ( 'NONE', #10241, #9087 ) ;
#4492 = CARTESIAN_POINT ( 'NONE',  ( -6.394152044288990311, 9.256480661696180334, -3.050000000000000266 ) ) ;
#4493 = FACE_OUTER_BOUND ( 'NONE', #11297, .T. ) ;
#4494 = VECTOR ( 'NONE', #90, 1000.000000000000000 ) ;
#4495 = DIRECTION ( 'NONE',  ( 0.000000000000000000, 0.000000000000000000, 1.000000000000000000 ) ) ;
#4496 = DIRECTION ( 'NONE',  ( -1.000000000000000000, 0.000000000000000000, 0.000000000000000000 ) ) ;
#4497 = EDGE_LOOP ( 'NONE', ( #8554, #5082, #5596, #12884 ) ) ;
#4498 = CARTESIAN_POINT ( 'NONE',  ( 2.475030032583884765, 7.424464904027790801, 3.624886876659939805 ) ) ;
#4499 = CARTESIAN_POINT ( 'NONE',  ( -7.014921993108779397, 16.26222191265249961, 8.550000000000000711 ) ) ;
#4501 = CARTESIAN_POINT ( 'NONE',  ( 1.926942286883454925, 7.972552649728219976, -3.124886876659939805 ) ) ;
#4500 = VECTOR ( 'NONE', #3913, 1000.000000000000000 ) ;
#4502 = ORIENTED_EDGE ( 'NONE', *, *, #6162, .T. ) ;
#4503 = EDGE_LOOP ( 'NONE', ( #2156, #7088, #4202, #2296, #12036, #13148 ) ) ;
#4504 = EDGE_CURVE ( 'NONE', #4742, #9209, #5935, .T. ) ;
#4505 = EDGE_LOOP ( 'NONE', ( #1770, #7602, #3185, #8370 ) ) ;
#4506 = ORIENTED_EDGE ( 'NONE', *, *, #4486, .F. ) ;
#4507 = DIRECTION ( 'NONE',  ( 0.000000000000000000, 0.000000000000000000, -1.000000000000000000 ) ) ;
#4508 = FACE_OUTER_BOUND ( 'NONE', #1534, .T. ) ;
#4509 = ADVANCED_FACE ( 'NONE', ( #1662 ), #5743, .F. ) ;
#4510 = ORIENTED_EDGE ( 'NONE', *, *, #11147, .T. ) ;
#4511 = LINE ( 'NONE', #1636, #8691 ) ;
#4512 = EDGE_CURVE ( 'NONE', #13373, #12918, #10566, .T. ) ;
#4513 = CARTESIAN_POINT ( 'NONE',  ( 4.330811839566824695, 5.568683097044850427, -12.25000000000000000 ) ) ;
#4514 = VECTOR ( 'NONE', #10401, 1000.000000000000000 ) ;
#4515 = CARTESIAN_POINT ( 'NONE',  ( -7.500000000000000000, 0.000000000000000000, 15.84999999999999964 ) ) ;
#4516 = DIRECTION ( 'NONE',  ( 1.000000000000000000, 0.000000000000000000, 0.000000000000000000 ) ) ;
#4517 = DIRECTION ( 'NONE',  ( 1.000000000000000000, 0.000000000000000000, 0.000000000000000000 ) ) ;
#4518 = CYLINDRICAL_SURFACE ( 'NONE', #12456, 1.000000000000028200 ) ;
#4519 = DIRECTION ( 'NONE',  ( 1.000000000000000000, 0.000000000000000000, 0.000000000000000000 ) ) ;
#4520 = EDGE_CURVE ( 'NONE', #10710, #1655, #1515, .T. ) ;
#4521 = AXIS2_PLACEMENT_3D ( 'NONE', #11666, #2027, #11407 ) ;
#4522 = ADVANCED_FACE ( 'NONE', ( #6101 ), #6005, .T. ) ;
#4523 = ORIENTED_EDGE ( 'NONE', *, *, #6664, .F. ) ;
#4524 = ORIENTED_EDGE ( 'NONE', *, *, #3187, .T. ) ;
#4525 = ORIENTED_EDGE ( 'NONE', *, *, #2973, .T. ) ;
#4526 = PLANE ( 'NONE',  #2396 ) ;
#4527 = DIRECTION ( 'NONE',  ( 0.8191520442889898002, 0.5735764363510488240, 0.000000000000000000 ) ) ;
#4528 = ORIENTED_EDGE ( 'NONE', *, *, #2852, .T. ) ;
#4529 = EDGE_LOOP ( 'NONE', ( #8315, #7013, #10532, #99, #11625, #917, #7359, #8490, #2039, #2792, #2816, #5375, #4947, #5014, #11165 ) ) ;
#4530 = VECTOR ( 'NONE', #9864, 1000.000000000000000 ) ;
#4531 = EDGE_CURVE ( 'NONE', #7336, #7934, #10355, .T. ) ;
#4532 = DIRECTION ( 'NONE',  ( 0.000000000000000000, 0.000000000000000000, -1.000000000000000000 ) ) ;
#4533 = DIRECTION ( 'NONE',  ( 0.000000000000000000, 0.000000000000000000, 1.000000000000000000 ) ) ;
#4534 = ORIENTED_EDGE ( 'NONE', *, *, #3657, .F. ) ;
#4535 = LINE ( 'NONE', #10194, #9152 ) ;
#4536 = LINE ( 'NONE', #8649, #9200 ) ;
#4537 = VECTOR ( 'NONE', #6364, 1000.000000000000114 ) ;
#4538 = LINE ( 'NONE', #2494, #9070 ) ;
#4539 = CARTESIAN_POINT ( 'NONE',  ( -0.9000476708424469674, 10.66194478217150099, 13.54999999999999893 ) ) ;
#4540 = ORIENTED_EDGE ( 'NONE', *, *, #1580, .T. ) ;
#4541 = DIRECTION ( 'NONE',  ( 0.000000000000000000, 0.000000000000000000, 1.000000000000000000 ) ) ;
#4542 = CARTESIAN_POINT ( 'NONE',  ( 2.306189540900203117, 10.12775162825270847, -12.33493441418513648 ) ) ;
#4543 = PLANE ( 'NONE',  #12000 ) ;
#4544 = AXIS2_PLACEMENT_3D ( 'NONE', #11251, #6056, #13281 ) ;
#4545 = EDGE_LOOP ( 'NONE', ( #8024, #10856, #10564, #2653, #11990 ) ) ;
#4546 = DIRECTION ( 'NONE',  ( 0.000000000000000000, 1.000000000000000000, 0.000000000000000000 ) ) ;
#4547 = CARTESIAN_POINT ( 'NONE',  ( -5.575000000000000178, 9.830057098047229047, 16.44999999999999929 ) ) ;
#4548 = APPLICATION_CONTEXT ( 'automotive_design' ) ;
#4549 = ORIENTED_EDGE ( 'NONE', *, *, #11849, .F. ) ;
#4550 = DIRECTION ( 'NONE',  ( 0.8191520442889891340, 0.5735764363510499342, 0.000000000000000000 ) ) ;
#4551 = VERTEX_POINT ( 'NONE', #2415 ) ;
#4552 = VERTEX_POINT ( 'NONE', #8616 ) ;
#4553 = LINE ( 'NONE', #9587, #269 ) ;
#4554 = EDGE_CURVE ( 'NONE', #11387, #4942, #5957, .T. ) ;
#4555 = CARTESIAN_POINT ( 'NONE',  ( -7.702528549023669235, 7.702528549023529791, -15.15000000000000036 ) ) ;
#4556 = PRODUCT_DEFINITION_FORMATION_WITH_SPECIFIED_SOURCE ( 'ANY', '', #1752, .NOT_KNOWN. ) ;
#4557 = ORIENTED_EDGE ( 'NONE', *, *, #2488, .T. ) ;
#4558 = DIRECTION ( 'NONE',  ( 0.9567587994078292635, 0.2908824500647800848, 0.000000000000000000 ) ) ;
#4559 = VECTOR ( 'NONE', #11719, 1000.000000000000000 ) ;
#4560 = EDGE_CURVE ( 'NONE', #10464, #5444, #1564, .T. ) ;
#4561 = VECTOR ( 'NONE', #8217, 1000.000000000000000 ) ;
#4562 = DIRECTION ( 'NONE',  ( 0.000000000000000000, 0.000000000000000000, -1.000000000000000000 ) ) ;
#4563 = VECTOR ( 'NONE', #7554, 999.9999999999998863 ) ;
#4564 = DIRECTION ( 'NONE',  ( 0.6389710663783111366, -0.7692307692307711608, 0.000000000000000000 ) ) ;
#4565 = CARTESIAN_POINT ( 'NONE',  ( -5.575000000000000178, 16.69999999999999929, -3.050000000000000266 ) ) ;
#4566 = ADVANCED_FACE ( 'NONE', ( #1232 ), #8798, .F. ) ;
#4567 = ORIENTED_EDGE ( 'NONE', *, *, #10826, .T. ) ;
#4568 = DIRECTION ( 'NONE',  ( 0.000000000000000000, 0.9438583563660177811, 0.3303504247281049411 ) ) ;
#4569 = ORIENTED_EDGE ( 'NONE', *, *, #7058, .F. ) ;
#4570 = ORIENTED_EDGE ( 'NONE', *, *, #3628, .T. ) ;
#4571 = STYLED_ITEM ( 'NONE', ( #11321 ), #5367 ) ;
#4572 = VERTEX_POINT ( 'NONE', #12792 ) ;
#4573 = EDGE_LOOP ( 'NONE', ( #8693, #9505, #10414, #2935 ) ) ;
#4574 = FACE_OUTER_BOUND ( 'NONE', #10998, .T. ) ;
#4575 = DIRECTION ( 'NONE',  ( 1.000000000000000000, 0.000000000000000000, 0.000000000000000000 ) ) ;
#4576 = CARTESIAN_POINT ( 'NONE',  ( -7.080000000000000071, 16.69999999999999929, -13.05000000000000071 ) ) ;
#4577 = EDGE_LOOP ( 'NONE', ( #10665, #12817, #4690, #1708, #10854, #6365 ) ) ;
#4578 = DIRECTION ( 'NONE',  ( 0.000000000000000000, 0.000000000000000000, -1.000000000000000000 ) ) ;
#4579 = LINE ( 'NONE', #9052, #4559 ) ;
#4580 = CARTESIAN_POINT ( 'NONE',  ( -5.250000000000000000, 18.19999999999999929, 5.299999999999999822 ) ) ;
#4581 = EDGE_CURVE ( 'NONE', #11465, #6716, #10251, .T. ) ;
#4582 = FACE_OUTER_BOUND ( 'NONE', #7847, .T. ) ;
#4583 = AXIS2_PLACEMENT_3D ( 'NONE', #9202, #11071, #4831 ) ;
#4584 = DIRECTION ( 'NONE',  ( 0.000000000000000000, 0.000000000000000000, -1.000000000000000000 ) ) ;
#4585 = DIRECTION ( 'NONE',  ( 0.000000000000000000, 0.000000000000000000, 1.000000000000000000 ) ) ;
#4586 = FACE_OUTER_BOUND ( 'NONE', #6129, .T. ) ;
#4587 = EDGE_CURVE ( 'NONE', #105, #9546, #10378, .T. ) ;
#4588 = PLANE ( 'NONE',  #7473 ) ;
#4589 = ORIENTED_EDGE ( 'NONE', *, *, #5235, .T. ) ;
#4590 = DIRECTION ( 'NONE',  ( -0.5030199466302391897, 0.8642748019537023207, 0.000000000000000000 ) ) ;
#4591 = PLANE ( 'NONE',  #8722 ) ;
#4592 = DIRECTION ( 'NONE',  ( -0.6389710663783122468, 0.7692307692307702727, 0.000000000000000000 ) ) ;
#4593 = ORIENTED_EDGE ( 'NONE', *, *, #7919, .F. ) ;
#4594 = EDGE_LOOP ( 'NONE', ( #6262, #6311, #6958, #10002 ) ) ;
#4595 = UNCERTAINTY_MEASURE_WITH_UNIT (LENGTH_MEASURE( 1.000000000000000082E-05 ), #2181, 'distance_accuracy_value', 'NONE');
#4596 = EDGE_CURVE ( 'NONE', #1308, #7623, #5755, .T. ) ;
#4597 = ORIENTED_EDGE ( 'NONE', *, *, #1896, .F. ) ;
#4598 = AXIS2_PLACEMENT_3D ( 'NONE', #2712, #9714, #4456 ) ;
#4599 = ORIENTED_EDGE ( 'NONE', *, *, #707, .F. ) ;
#4600 = CARTESIAN_POINT ( 'NONE',  ( 0.000000000000000000, -4.000000000000000000, 7.625000000000000000 ) ) ;
#4601 = LINE ( 'NONE', #12047, #386 ) ;
#4602 = VERTEX_POINT ( 'NONE', #3514 ) ;
#4603 = FACE_OUTER_BOUND ( 'NONE', #3023, .T. ) ;
#4604 = DIRECTION ( 'NONE',  ( 0.000000000000000000, 0.000000000000000000, 1.000000000000000000 ) ) ;
#4605 = LINE ( 'NONE', #9188, #4514 ) ;
#4606 = CARTESIAN_POINT ( 'NONE',  ( -7.200000000000000178, 0.6999999999999999556, 15.75000000000000000 ) ) ;
#4607 = DIRECTION ( 'NONE',  ( -1.000000000000000000, 0.000000000000000000, 0.000000000000000000 ) ) ;
#4608 = CARTESIAN_POINT ( 'NONE',  ( -7.500000000000000000, -3.500000000000000000, 8.149999999999998579 ) ) ;
#4609 = AXIS2_PLACEMENT_3D ( 'NONE', #6137, #12652, #3207 ) ;
#4610 = CARTESIAN_POINT ( 'NONE',  ( -2.149999999999999911, 0.000000000000000000, -6.850000000000000533 ) ) ;
#4611 = FACE_OUTER_BOUND ( 'NONE', #2403, .T. ) ;
#4612 = CARTESIAN_POINT ( 'NONE',  ( -6.077610530143179979, 9.327446567904038588, -0.1499999999999999944 ) ) ;
#4613 = ORIENTED_EDGE ( 'NONE', *, *, #9227, .T. ) ;
#4614 = VERTEX_POINT ( 'NONE', #11877 ) ;
#4615 = ADVANCED_FACE ( 'NONE', ( #5773 ), #43, .F. ) ;
#4616 = ORIENTED_EDGE ( 'NONE', *, *, #6494, .F. ) ;
#4617 = DIRECTION ( 'NONE',  ( 0.000000000000000000, 0.000000000000000000, 1.000000000000000000 ) ) ;
#4618 = DIRECTION ( 'NONE',  ( 1.000000000000000000, 0.000000000000000000, 0.000000000000000000 ) ) ;
#4619 = PLANE ( 'NONE',  #13428 ) ;
#4620 = VERTEX_POINT ( 'NONE', #3281 ) ;
#4621 = ORIENTED_EDGE ( 'NONE', *, *, #8730, .F. ) ;
#4622 = FACE_OUTER_BOUND ( 'NONE', #9630, .T. ) ;
#4623 = EDGE_CURVE ( 'NONE', #150, #8278, #5798, .T. ) ;
#4624 = DIRECTION ( 'NONE',  ( 0.9567587994078292635, 0.2908824500647800848, 0.000000000000000000 ) ) ;
#4625 = CARTESIAN_POINT ( 'NONE',  ( -5.575000000000000178, 16.69999999999999929, -6.450000000000000178 ) ) ;
#4626 = AXIS2_PLACEMENT_3D ( 'NONE', #9061, #2845, #11202 ) ;
#4627 = EDGE_LOOP ( 'NONE', ( #6600, #11119, #825, #9355 ) ) ;
#4628 = FACE_OUTER_BOUND ( 'NONE', #10375, .T. ) ;
#4629 = LINE ( 'NONE', #12159, #9265 ) ;
#4630 = EDGE_CURVE ( 'NONE', #12009, #7891, #5865, .T. ) ;
#4631 = LINE ( 'NONE', #12229, #13499 ) ;
#4632 = DIRECTION ( 'NONE',  ( -0.8542610676133731706, -0.1506292747890529971, 0.4975428121645250612 ) ) ;
#4633 = ADVANCED_FACE ( 'NONE', ( #11145 ), #8374, .T. ) ;
#4634 = VERTEX_POINT ( 'NONE', #7421 ) ;
#4635 = CARTESIAN_POINT ( 'NONE',  ( -6.445528960623351011, 8.111000000000000654, 15.75000000000000000 ) ) ;
#4636 = DIRECTION ( 'NONE',  ( 0.5735764363510511554, -0.8191520442889882458, 0.000000000000000000 ) ) ;
#4637 = DIRECTION ( 'NONE',  ( -0.5735764363510499342, 0.8191520442889891340, 0.000000000000000000 ) ) ;
#4638 = ORIENTED_EDGE ( 'NONE', *, *, #12042, .F. ) ;
#4639 = DIRECTION ( 'NONE',  ( 0.000000000000000000, 0.000000000000000000, -1.000000000000000000 ) ) ;
#4640 = CARTESIAN_POINT ( 'NONE',  ( 2.850000000000000089, -3.500000000000000000, 13.15000000000000036 ) ) ;
#4641 = ORIENTED_EDGE ( 'NONE', *, *, #10067, .F. ) ;
#4642 = EDGE_CURVE ( 'NONE', #9574, #6725, #11028, .T. ) ;
#4643 = CARTESIAN_POINT ( 'NONE',  ( -3.984748662560944954, 15.89430833868740045, -6.450000000000000178 ) ) ;
#4644 = VERTEX_POINT ( 'NONE', #13335 ) ;
#4645 = EDGE_CURVE ( 'NONE', #2169, #4742, #1931, .T. ) ;
#4646 = ORIENTED_EDGE ( 'NONE', *, *, #6070, .F. ) ;
#4647 = CIRCLE ( 'NONE', #3437, 1.505000000000000338 ) ;
#4648 = DIRECTION ( 'NONE',  ( 1.000000000000000000, 0.000000000000000000, 0.000000000000000000 ) ) ;
#4649 = ADVANCED_FACE ( 'NONE', ( #6508 ), #13243, .F. ) ;
#4650 = DIRECTION ( 'NONE',  ( -1.000000000000000000, 0.000000000000000000, 0.000000000000000000 ) ) ;
#4651 = ORIENTED_EDGE ( 'NONE', *, *, #2153, .F. ) ;
#4652 = CARTESIAN_POINT ( 'NONE',  ( -7.200000000000000178, 0.6999999999999999556, 15.75000000000000000 ) ) ;
#4653 = CIRCLE ( 'NONE', #7928, 1.500000000000000000 ) ;
#4654 = VECTOR ( 'NONE', #5344, 1000.000000000000000 ) ;
#4655 = DIRECTION ( 'NONE',  ( 0.000000000000000000, -1.000000000000000000, 0.000000000000000000 ) ) ;
#4656 = AXIS2_PLACEMENT_3D ( 'NONE', #9013, #6955, #2801 ) ;
#4657 = LINE ( 'NONE', #760, #114 ) ;
#4658 = DIRECTION ( 'NONE',  ( 0.000000000000000000, 0.000000000000000000, -1.000000000000000000 ) ) ;
#4659 = EDGE_CURVE ( 'NONE', #5976, #8532, #1974, .T. ) ;
#4660 = DIRECTION ( 'NONE',  ( 0.7071067811865480168, 0.7071067811865470176, 0.000000000000000000 ) ) ;
#4661 = ADVANCED_FACE ( 'NONE', ( #2042 ), #823, .T. ) ;
#4662 = FACE_OUTER_BOUND ( 'NONE', #10684, .T. ) ;
#4663 = ORIENTED_EDGE ( 'NONE', *, *, #3012, .F. ) ;
#4664 = EDGE_CURVE ( 'NONE', #3048, #3481, #1764, .T. ) ;
#4665 = ORIENTED_EDGE ( 'NONE', *, *, #1454, .T. ) ;
#4666 = ORIENTED_EDGE ( 'NONE', *, *, #6088, .T. ) ;
#4667 = ORIENTED_EDGE ( 'NONE', *, *, #13504, .T. ) ;
#4668 = DIRECTION ( 'NONE',  ( -0.7071067811865475727, 0.7071067811865475727, 0.000000000000000000 ) ) ;
#4669 = EDGE_LOOP ( 'NONE', ( #11209, #6574, #6931, #12651 ) ) ;
#4670 = AXIS2_PLACEMENT_3D ( 'NONE', #9993, #12090, #4496 ) ;
#4671 = CIRCLE ( 'NONE', #342, 1.499999999999980016 ) ;
#4672 = DIRECTION ( 'NONE',  ( 0.000000000000000000, 0.000000000000000000, 1.000000000000000000 ) ) ;
#4673 = EDGE_LOOP ( 'NONE', ( #4698, #9579, #3215, #2583, #5648 ) ) ;
#4674 = CARTESIAN_POINT ( 'NONE',  ( 3.588643222671839883, 9.139278838686021089, -13.54999999999999893 ) ) ;
#4675 = VECTOR ( 'NONE', #665, 1000.000000000000114 ) ;
#4676 = CARTESIAN_POINT ( 'NONE',  ( -7.080000000000000071, 16.69999999999999929, -8.050000000000000711 ) ) ;
#4677 = FACE_OUTER_BOUND ( 'NONE', #4228, .T. ) ;
#4678 = CARTESIAN_POINT ( 'NONE',  ( -5.246999171586890220, 7.618176573118209838, 14.84999999999999964 ) ) ;
#4679 = DIRECTION ( 'NONE',  ( 0.4055797876726409679, 0.4055797876726409679, 0.8191520442889898002 ) ) ;
#4680 = CIRCLE ( 'NONE', #2907, 1.300000000000000044 ) ;
#4681 = LINE ( 'NONE', #5303, #141 ) ;
#4682 = CARTESIAN_POINT ( 'NONE',  ( 0.4002692478210165272, 3.002422202587514910, -15.15000000000000036 ) ) ;
#4683 = DIRECTION ( 'NONE',  ( 0.000000000000000000, 0.000000000000000000, -1.000000000000000000 ) ) ;
#4684 = DIRECTION ( 'NONE',  ( 1.000000000000000000, 0.000000000000000000, 0.000000000000000000 ) ) ;
#4685 = ORIENTED_EDGE ( 'NONE', *, *, #2214, .F. ) ;
#4686 = DIRECTION ( 'NONE',  ( 1.000000000000000000, 0.000000000000000000, 0.000000000000000000 ) ) ;
#4687 = DIRECTION ( 'NONE',  ( 0.000000000000000000, 0.000000000000000000, -1.000000000000000000 ) ) ;
#4688 =( NAMED_UNIT ( * ) SI_UNIT ( $, .STERADIAN. ) SOLID_ANGLE_UNIT ( ) );
#4689 = ORIENTED_EDGE ( 'NONE', *, *, #7267, .F. ) ;
#4690 = ORIENTED_EDGE ( 'NONE', *, *, #12571, .F. ) ;
#4691 = EDGE_CURVE ( 'NONE', #4139, #7609, #6482, .T. ) ;
#4692 = ORIENTED_EDGE ( 'NONE', *, *, #12629, .F. ) ;
#4693 = VERTEX_POINT ( 'NONE', #2759 ) ;
#4694 = CARTESIAN_POINT ( 'NONE',  ( 2.475030032583884765, 7.424464904027790801, 1.650415076419424976 ) ) ;
#4695 = VECTOR ( 'NONE', #8889, 1000.000000000000000 ) ;
#4696 = EDGE_CURVE ( 'NONE', #13213, #1520, #6411, .T. ) ;
#4697 = AXIS2_PLACEMENT_3D ( 'NONE', #9615, #10578, #5434 ) ;
#4698 = ORIENTED_EDGE ( 'NONE', *, *, #5326, .F. ) ;
#4699 = LINE ( 'NONE', #2779, #8716 ) ;
#4700 = CIRCLE ( 'NONE', #1652, 1.500000000000000000 ) ;
#4701 = CARTESIAN_POINT ( 'NONE',  ( 2.149999999999999911, -4.000000000000000000, 2.975000000000000089 ) ) ;
#4702 = CARTESIAN_POINT ( 'NONE',  ( -5.001253558300190249, 7.790249504023520011, -11.44999999999999929 ) ) ;
#4703 = CARTESIAN_POINT ( 'NONE',  ( 0.6999999999999999556, 8.800000000000000711, 16.44999999999999929 ) ) ;
#4704 = DIRECTION ( 'NONE',  ( -0.6389710663783129130, 0.7692307692307697176, 0.000000000000000000 ) ) ;
#4705 = DIRECTION ( 'NONE',  ( 0.000000000000000000, 0.000000000000000000, -1.000000000000000000 ) ) ;
#4706 = ORIENTED_EDGE ( 'NONE', *, *, #5948, .T. ) ;
#4707 = EDGE_CURVE ( 'NONE', #12119, #6213, #6363, .T. ) ;
#4708 = VERTEX_POINT ( 'NONE', #4878 ) ;
#4709 = ORIENTED_EDGE ( 'NONE', *, *, #8584, .F. ) ;
#4710 = CARTESIAN_POINT ( 'NONE',  ( -5.149861993732639753, 10.12774193481510032, -6.450000000000000178 ) ) ;
#4711 = CARTESIAN_POINT ( 'NONE',  ( 2.174429660298744960, 7.725065276312930607, 3.624886876659939805 ) ) ;
#4712 = ORIENTED_EDGE ( 'NONE', *, *, #8052, .T. ) ;
#4713 = DIRECTION ( 'NONE',  ( 0.000000000000000000, 0.3303504247281054407, -0.9438583563660176701 ) ) ;
#4714 = ORIENTED_EDGE ( 'NONE', *, *, #8989, .F. ) ;
#4715 = VECTOR ( 'NONE', #13407, 1000.000000000000114 ) ;
#4716 = CARTESIAN_POINT ( 'NONE',  ( -7.200000000000000178, 7.356528960623350599, 15.84999999999999964 ) ) ;
#4717 = DIRECTION ( 'NONE',  ( 0.000000000000000000, 0.000000000000000000, -1.000000000000000000 ) ) ;
#4718 = ORIENTED_EDGE ( 'NONE', *, *, #12113, .T. ) ;
#4719 = VECTOR ( 'NONE', #7577, 1000.000000000000114 ) ;
#4720 = DIRECTION ( 'NONE',  ( 0.000000000000000000, 0.000000000000000000, 1.000000000000000000 ) ) ;
#4721 = LINE ( 'NONE', #12329, #4744 ) ;
#4722 = AXIS2_PLACEMENT_3D ( 'NONE', #5267, #3211, #9351 ) ;
#4723 = FACE_OUTER_BOUND ( 'NONE', #2808, .T. ) ;
#4724 = LINE ( 'NONE', #4046, #4494 ) ;
#4725 = DIRECTION ( 'NONE',  ( -0.8642748019537023207, -0.5030199466302391897, 0.000000000000000000 ) ) ;
#4726 = ORIENTED_EDGE ( 'NONE', *, *, #2097, .T. ) ;
#4727 = CARTESIAN_POINT ( 'NONE',  ( -2.442193645700425186, 12.96803417904112088, 3.550000000000000266 ) ) ;
#4728 = EDGE_CURVE ( 'NONE', #8788, #8019, #6342, .T. ) ;
#4729 = CARTESIAN_POINT ( 'NONE',  ( 0.000000000000000000, -4.000000000000000000, -5.000000000000000000 ) ) ;
#4730 = CARTESIAN_POINT ( 'NONE',  ( -5.809933491950640239, 18.09157266594019831, 4.599999999999999645 ) ) ;
#4731 = ORIENTED_EDGE ( 'NONE', *, *, #6121, .F. ) ;
#4732 = CARTESIAN_POINT ( 'NONE',  ( -5.246999171586890220, 7.618176573118209838, 9.849999999999999645 ) ) ;
#4733 = CARTESIAN_POINT ( 'NONE',  ( -5.809933491950640239, 18.09157266594019831, 10.90000000000000036 ) ) ;
#4734 = EDGE_CURVE ( 'NONE', #11399, #6168, #10833, .T. ) ;
#4735 = ORIENTED_EDGE ( 'NONE', *, *, #3628, .F. ) ;
#4736 = DIRECTION ( 'NONE',  ( 0.000000000000000000, 0.000000000000000000, -1.000000000000000000 ) ) ;
#4737 = VERTEX_POINT ( 'NONE', #4979 ) ;
#4738 = EDGE_LOOP ( 'NONE', ( #2573, #12851, #6443, #2422, #8131, #709 ) ) ;
#4739 = LINE ( 'NONE', #7654, #4530 ) ;
#4740 = CARTESIAN_POINT ( 'NONE',  ( 2.306154181162860084, 10.12774586688902190, 2.749999999999964917 ) ) ;
#4741 = ADVANCED_FACE ( 'NONE', ( #2158, #11054, #1714, #10886 ), #8086, .F. ) ;
#4742 = VERTEX_POINT ( 'NONE', #12292 ) ;
#4743 = LINE ( 'NONE', #12193, #9264 ) ;
#4744 = VECTOR ( 'NONE', #13280, 1000.000000000000000 ) ;
#4745 = CARTESIAN_POINT ( 'NONE',  ( 2.475030032583884765, 7.424464904027790801, 11.65041507641942076 ) ) ;
#4746 = CIRCLE ( 'NONE', #12384, 0.8748868766599399160 ) ;
#4747 = CARTESIAN_POINT ( 'NONE',  ( -5.250000000000000000, 16.69999999999999929, -14.09999999999999964 ) ) ;
#4748 = AXIS2_PLACEMENT_3D ( 'NONE', #2226, #7450, #12770 ) ;
#4749 = STYLED_ITEM ( 'NONE', ( #1404 ), #5166 ) ;
#4750 = VECTOR ( 'NONE', #12254, 1000.000000000000000 ) ;
#4751 = DIRECTION ( 'NONE',  ( 1.000000000000000000, 0.000000000000000000, 0.000000000000000000 ) ) ;
#4752 = ORIENTED_EDGE ( 'NONE', *, *, #9224, .T. ) ;
#4753 = ORIENTED_EDGE ( 'NONE', *, *, #1874, .T. ) ;
#4754 = EDGE_CURVE ( 'NONE', #514, #1033, #1737, .T. ) ;
#4755 = ORIENTED_EDGE ( 'NONE', *, *, #5157, .T. ) ;
#4756 = AXIS2_PLACEMENT_3D ( 'NONE', #1595, #2742, #6904 ) ;
#4757 = EDGE_CURVE ( 'NONE', #3531, #12530, #1998, .T. ) ;
#4758 = VERTEX_POINT ( 'NONE', #8739 ) ;
#4759 = DIRECTION ( 'NONE',  ( 0.000000000000000000, -1.000000000000000000, 0.000000000000000000 ) ) ;
#4760 = VERTEX_POINT ( 'NONE', #7765 ) ;
#4761 = LINE ( 'NONE', #6093, #4715 ) ;
#4762 = DIRECTION ( 'NONE',  ( 1.000000000000000000, 0.000000000000000000, 0.000000000000000000 ) ) ;
#4763 = DIRECTION ( 'NONE',  ( 1.000000000000000000, 0.000000000000000000, 0.000000000000000000 ) ) ;
#4764 = ORIENTED_EDGE ( 'NONE', *, *, #193, .T. ) ;
#4765 = CARTESIAN_POINT ( 'NONE',  ( -1.530854753362479892, 11.74577986658169948, 3.550000000000000266 ) ) ;
#4766 = VECTOR ( 'NONE', #7073, 1000.000000000000000 ) ;
#4767 = DIRECTION ( 'NONE',  ( 0.8191520442889898002, 0.5735764363510488240, 0.000000000000000000 ) ) ;
#4768 = VECTOR ( 'NONE', #321, 1000.000000000000114 ) ;
#4769 = CARTESIAN_POINT ( 'NONE',  ( -1.442193645700395876, 12.96803417904112088, -6.450000000000000178 ) ) ;
#4770 = DIRECTION ( 'NONE',  ( 0.000000000000000000, 0.000000000000000000, -1.000000000000000000 ) ) ;
#4771 = FACE_OUTER_BOUND ( 'NONE', #6523, .T. ) ;
#4772 = ADVANCED_FACE ( 'NONE', ( #10808 ), #11902, .F. ) ;
#4773 = UNCERTAINTY_MEASURE_WITH_UNIT (LENGTH_MEASURE( 1.000000000000000082E-05 ), #10011, 'distance_accuracy_value', 'NONE');
#4774 = DIRECTION ( 'NONE',  ( 0.000000000000000000, 0.000000000000000000, 1.000000000000000000 ) ) ;
#4775 = FACE_OUTER_BOUND ( 'NONE', #3791, .T. ) ;
#4776 = EDGE_CURVE ( 'NONE', #3641, #1732, #6385, .T. ) ;
#4777 = AXIS2_PLACEMENT_3D ( 'NONE', #9196, #5963, #11064 ) ;
#4778 = DIRECTION ( 'NONE',  ( 0.000000000000000000, 0.000000000000000000, -1.000000000000000000 ) ) ;
#4779 = EDGE_LOOP ( 'NONE', ( #9596, #1465, #7582, #9960 ) ) ;
#4780 = DIRECTION ( 'NONE',  ( 0.000000000000000000, 0.000000000000000000, -1.000000000000000000 ) ) ;
#4781 = CARTESIAN_POINT ( 'NONE',  ( 4.330811839566820254, 5.568683097044850427, 6.650415076419430527 ) ) ;
#4782 = LINE ( 'NONE', #8882, #11802 ) ;
#4783 = ORIENTED_EDGE ( 'NONE', *, *, #5497, .F. ) ;
#4784 = VERTEX_POINT ( 'NONE', #6598 ) ;
#4785 = EDGE_LOOP ( 'NONE', ( #8831, #7913, #9855, #10314 ) ) ;
#4786 = VERTEX_POINT ( 'NONE', #5692 ) ;
#4787 = DIRECTION ( 'NONE',  ( -0.7071067811865474617, 0.7071067811865474617, 0.000000000000000000 ) ) ;
#4788 = EDGE_LOOP ( 'NONE', ( #1095, #8937, #9341, #538 ) ) ;
#4789 = VECTOR ( 'NONE', #7138, 1000.000000000000000 ) ;
#4790 = EDGE_CURVE ( 'NONE', #13510, #7794, #6268, .T. ) ;
#4791 = FACE_OUTER_BOUND ( 'NONE', #11988, .T. ) ;
#4792 = CARTESIAN_POINT ( 'NONE',  ( -2.850000000000000089, -4.000000000000000000, 12.44999999999999929 ) ) ;
#4793 = DIRECTION ( 'NONE',  ( -0.7071067811865489050, 0.7071067811865460184, 0.000000000000000000 ) ) ;
#4794 = DIRECTION ( 'NONE',  ( 0.000000000000000000, 0.000000000000000000, -1.000000000000000000 ) ) ;
#4795 = CARTESIAN_POINT ( 'NONE',  ( -3.984748662560944954, 15.89430833868740045, -4.100000000000000533 ) ) ;
#4796 = DIRECTION ( 'NONE',  ( 0.000000000000000000, 0.000000000000000000, -1.000000000000000000 ) ) ;
#4797 = LINE ( 'NONE', #7465, #9023 ) ;
#4798 = CARTESIAN_POINT ( 'NONE',  ( -3.919104336280229806, 16.00810641548579838, -1.449999999999999956 ) ) ;
#4799 = SURFACE_STYLE_USAGE ( .BOTH. , #8983 ) ;
#4800 = VERTEX_POINT ( 'NONE', #4539 ) ;
#4801 = AXIS2_PLACEMENT_3D ( 'NONE', #10284, #813, #12116 ) ;
#4802 = ORIENTED_EDGE ( 'NONE', *, *, #13215, .T. ) ;
#4803 = EDGE_CURVE ( 'NONE', #4160, #7336, #6556, .T. ) ;
#4804 = ORIENTED_EDGE ( 'NONE', *, *, #5129, .F. ) ;
#4805 = DIRECTION ( 'NONE',  ( -0.5735764363510499342, 0.8191520442889891340, 0.000000000000000000 ) ) ;
#4806 = CARTESIAN_POINT ( 'NONE',  ( 2.475030032583884765, 7.424464904027790801, 14.50000000000000000 ) ) ;
#4807 = EDGE_LOOP ( 'NONE', ( #1411, #10263, #4098, #3152, #8155, #10887 ) ) ;
#4808 = ORIENTED_EDGE ( 'NONE', *, *, #175, .F. ) ;
#4809 = VECTOR ( 'NONE', #12616, 1000.000000000000000 ) ;
#4810 = CARTESIAN_POINT ( 'NONE',  ( 0.000000000000000000, 0.000000000000000000, -25.00000000000000000 ) ) ;
#4811 = CARTESIAN_POINT ( 'NONE',  ( 0.000000000000000000, -4.000000000000000000, -2.024999999999999911 ) ) ;
#4812 = ORIENTED_EDGE ( 'NONE', *, *, #3246, .F. ) ;
#4813 = LINE ( 'NONE', #9759, #929 ) ;
#4814 = FACE_OUTER_BOUND ( 'NONE', #8011, .T. ) ;
#4815 = CIRCLE ( 'NONE', #3696, 1.499999999999980016 ) ;
#4816 = CIRCLE ( 'NONE', #694, 1.500000000000000000 ) ;
#4817 = ADVANCED_FACE ( 'NONE', ( #11081 ), #223, .F. ) ;
#4818 = CARTESIAN_POINT ( 'NONE',  ( -3.984748662560944954, 15.89430833868740045, -8.050000000000000711 ) ) ;
#4819 = EDGE_CURVE ( 'NONE', #10658, #11658, #11121, .T. ) ;
#4820 = EDGE_CURVE ( 'NONE', #1390, #9984, #1861, .T. ) ;
#4821 = ORIENTED_EDGE ( 'NONE', *, *, #4023, .T. ) ;
#4822 = CARTESIAN_POINT ( 'NONE',  ( -2.399604646138564945, 13.25676273017529994, 8.550000000000000711 ) ) ;
#4823 = CARTESIAN_POINT ( 'NONE',  ( 1.250000000000000000, 4.429638872090645265E-30, -15.15000000000000036 ) ) ;
#4824 = DIRECTION ( 'NONE',  ( 0.000000000000000000, 0.000000000000000000, -1.000000000000000000 ) ) ;
#4825 = EDGE_LOOP ( 'NONE', ( #1049, #5310, #1877, #12072 ) ) ;
#4826 = DIRECTION ( 'NONE',  ( 0.8191520442889898002, 0.5735764363510488240, 0.000000000000000000 ) ) ;
#4827 = CARTESIAN_POINT ( 'NONE',  ( -5.250000000000000000, 18.19999999999999929, 0.2000000000000000111 ) ) ;
#4828 = EDGE_LOOP ( 'NONE', ( #1558, #7316, #1806, #4597, #219, #1460 ) ) ;
#4829 = ADVANCED_FACE ( 'NONE', ( #2067 ), #11168, .T. ) ;
#4830 = AXIS2_PLACEMENT_3D ( 'NONE', #12990, #2680, #5750 ) ;
#4831 = DIRECTION ( 'NONE',  ( 1.000000000000000000, 0.000000000000000000, 0.000000000000000000 ) ) ;
#4832 = EDGE_CURVE ( 'NONE', #12283, #1549, #1785, .T. ) ;
#4833 = VERTEX_POINT ( 'NONE', #316 ) ;
#4834 = ORIENTED_EDGE ( 'NONE', *, *, #4837, .T. ) ;
#4835 = VECTOR ( 'NONE', #13254, 1000.000000000000000 ) ;
#4836 = PLANE ( 'NONE',  #5809 ) ;
#4837 = EDGE_CURVE ( 'NONE', #6343, #8094, #10931, .T. ) ;
#4838 = VERTEX_POINT ( 'NONE', #10669 ) ;
#4839 = DIRECTION ( 'NONE',  ( -0.5030199466302391897, 0.8642748019537023207, 0.000000000000000000 ) ) ;
#4840 = DIRECTION ( 'NONE',  ( 0.000000000000000000, 0.000000000000000000, -1.000000000000000000 ) ) ;
#4841 = EDGE_CURVE ( 'NONE', #7256, #7590, #1907, .T. ) ;
#4842 = CIRCLE ( 'NONE', #13330, 1.505000000000000338 ) ;
#4843 = CARTESIAN_POINT ( 'NONE',  ( 2.149999999999999911, -3.945434298440979592, 7.994097995545660140 ) ) ;
#4844 = PLANE ( 'NONE',  #12166 ) ;
#4845 = LINE ( 'NONE', #11111, #4864 ) ;
#4846 = AXIS2_PLACEMENT_3D ( 'NONE', #10087, #8049, #9208 ) ;
#4847 = ORIENTED_EDGE ( 'NONE', *, *, #2086, .F. ) ;
#4848 = CARTESIAN_POINT ( 'NONE',  ( 4.740000000000000213, 3.079999999999999627, 16.44999999999999929 ) ) ;
#4849 = ORIENTED_EDGE ( 'NONE', *, *, #1128, .F. ) ;
#4850 = ADVANCED_FACE ( 'NONE', ( #10860 ), #11986, .F. ) ;
#4851 = ORIENTED_EDGE ( 'NONE', *, *, #7647, .T. ) ;
#4852 = VERTEX_POINT ( 'NONE', #4818 ) ;
#4853 = CARTESIAN_POINT ( 'NONE',  ( -5.149861993732639753, 10.12774193481510032, 1.949999999999999956 ) ) ;
#4854 = VERTEX_POINT ( 'NONE', #1361 ) ;
#4855 = CIRCLE ( 'NONE', #1300, 1.505000000000000338 ) ;
#4856 = DIRECTION ( 'NONE',  ( -0.000000000000000000, 0.3303504247281054407, 0.9438583563660176701 ) ) ;
#4857 = ADVANCED_FACE ( 'NONE', ( #6316 ), #7501, .F. ) ;
#4858 = EDGE_LOOP ( 'NONE', ( #1511, #13556, #9389, #10804 ) ) ;
#4859 = CARTESIAN_POINT ( 'NONE',  ( -5.575000000000000178, 16.69999999999999929, 8.550000000000000711 ) ) ;
#4860 =( NAMED_UNIT ( * ) SI_UNIT ( $, .STERADIAN. ) SOLID_ANGLE_UNIT ( ) );
#4861 = LINE ( 'NONE', #9744, #9516 ) ;
#4862 = DIRECTION ( 'NONE',  ( -0.6389710663783129130, 0.7692307692307697176, 0.000000000000000000 ) ) ;
#4863 = EDGE_CURVE ( 'NONE', #2109, #6998, #1810, .T. ) ;
#4864 = VECTOR ( 'NONE', #12121, 1000.000000000000000 ) ;
#4865 = CARTESIAN_POINT ( 'NONE',  ( 3.588643222671839883, 9.139278838686021089, 14.50000000000000000 ) ) ;
#4866 = DIRECTION ( 'NONE',  ( 0.000000000000000000, 0.000000000000000000, 1.000000000000000000 ) ) ;
#4867 =( NAMED_UNIT ( * ) SI_UNIT ( $, .STERADIAN. ) SOLID_ANGLE_UNIT ( ) );
#4868 = VERTEX_POINT ( 'NONE', #9708 ) ;
#4869 = DIRECTION ( 'NONE',  ( 0.000000000000000000, 0.000000000000000000, -1.000000000000000000 ) ) ;
#4870 = DIRECTION ( 'NONE',  ( 0.5735764363510499342, -0.8191520442889891340, 0.000000000000000000 ) ) ;
#4871 = CARTESIAN_POINT ( 'NONE',  ( -3.775451385280815142, 16.42485207100589761, -4.799999999999999822 ) ) ;
#4872 = AXIS2_PLACEMENT_3D ( 'NONE', #2292, #5261, #4275 ) ;
#4873 = EDGE_LOOP ( 'NONE', ( #6526, #2485, #9849, #13262, #11539, #7057 ) ) ;
#4874 = EDGE_LOOP ( 'NONE', ( #267, #1342, #11256, #2312 ) ) ;
#4875 = MANIFOLD_SOLID_BREP ( 'NONE', #3594 ) ;
#4876 = ORIENTED_EDGE ( 'NONE', *, *, #1024, .F. ) ;
#4877 = ORIENTED_EDGE ( 'NONE', *, *, #704, .T. ) ;
#4878 = CARTESIAN_POINT ( 'NONE',  ( 1.308303843626089868, 8.591191092985580369, 2.750000000000000000 ) ) ;
#4879 = LINE ( 'NONE', #12134, #9083 ) ;
#4880 = ADVANCED_FACE ( 'NONE', ( #6210 ), #5958, .T. ) ;
#4881 = ORIENTED_EDGE ( 'NONE', *, *, #3392, .T. ) ;
#4882 = LINE ( 'NONE', #601, #9674 ) ;
#4883 = EDGE_CURVE ( 'NONE', #9359, #10709, #6185, .T. ) ;
#4884 = FACE_OUTER_BOUND ( 'NONE', #12958, .T. ) ;
#4885 = DIRECTION ( 'NONE',  ( 0.000000000000000000, 0.000000000000000000, 1.000000000000000000 ) ) ;
#4886 = CIRCLE ( 'NONE', #12205, 1.500000000000000000 ) ;
#4887 = ADVANCED_FACE ( 'NONE', ( #1333 ), #1263, .F. ) ;
#4888 = DIRECTION ( 'NONE',  ( 1.000000000000000000, 0.000000000000000000, 0.000000000000000000 ) ) ;
#4889 = DIRECTION ( 'NONE',  ( 1.000000000000000000, 0.000000000000000000, 0.000000000000000000 ) ) ;
#4890 = ORIENTED_EDGE ( 'NONE', *, *, #1464, .T. ) ;
#4891 = CARTESIAN_POINT ( 'NONE',  ( -1.222370646041893938, 12.87780098272160068, 15.84999999999999964 ) ) ;
#4892 = LINE ( 'NONE', #369, #9609 ) ;
#4893 = DIRECTION ( 'NONE',  ( 0.000000000000000000, 0.000000000000000000, 1.000000000000000000 ) ) ;
#4894 =( LENGTH_UNIT ( ) NAMED_UNIT ( * ) SI_UNIT ( .MILLI., .METRE. ) );
#4895 = ORIENTED_EDGE ( 'NONE', *, *, #3386, .T. ) ;
#4896 = ORIENTED_EDGE ( 'NONE', *, *, #6162, .F. ) ;
#4897 = ORIENTED_EDGE ( 'NONE', *, *, #3366, .F. ) ;
#4898 = PLANE ( 'NONE',  #12430 ) ;
#4899 = PLANE ( 'NONE',  #6501 ) ;
#4900 = AXIS2_PLACEMENT_3D ( 'NONE', #2117, #2302, #1105 ) ;
#4901 = B_SPLINE_CURVE_WITH_KNOTS ( 'NONE', 3,
 ( #411, #4542, #10868, #9612, #7597, #3553, #3466, #4452 ),
 .UNSPECIFIED., .F., .F.,
 ( 4, 2, 2, 4 ),
 ( 0.000000000000000000, 0.2499999999999991118, 0.4999999999999982236, 1.000000000000000000 ),
 .UNSPECIFIED. ) ;
#4902 = CARTESIAN_POINT ( 'NONE',  ( 0.000000000000000000, -4.000000000000000000, -7.025000000000000355 ) ) ;
#4903 = ORIENTED_EDGE ( 'NONE', *, *, #12606, .F. ) ;
#4904 = EDGE_LOOP ( 'NONE', ( #8956, #12178, #10417, #12306 ) ) ;
#4905 = LINE ( 'NONE', #567, #9149 ) ;
#4906 = CARTESIAN_POINT ( 'NONE',  ( 2.850000000000000089, -3.500000000000000000, -2.550000000000000266 ) ) ;
#4907 = CARTESIAN_POINT ( 'NONE',  ( 2.850000000000000089, 2.200000000000000178, 15.84999999999999964 ) ) ;
#4908 = ORIENTED_EDGE ( 'NONE', *, *, #12173, .F. ) ;
#4909 = FACE_OUTER_BOUND ( 'NONE', #10135, .T. ) ;
#4910 = EDGE_CURVE ( 'NONE', #6781, #9055, #1522, .T. ) ;
#4911 = LINE ( 'NONE', #5994, #5030 ) ;
#4912 = LINE ( 'NONE', #5139, #5254 ) ;
#4913 = EDGE_CURVE ( 'NONE', #6249, #8421, #10385, .T. ) ;
#4914 = ORIENTED_EDGE ( 'NONE', *, *, #3412, .T. ) ;
#4915 = VECTOR ( 'NONE', #3335, 1000.000000000000000 ) ;
#4916 = CARTESIAN_POINT ( 'NONE',  ( -5.250000000000000000, 16.69999999999999929, 4.599999999999999645 ) ) ;
#4917 = ORIENTED_EDGE ( 'NONE', *, *, #11021, .F. ) ;
#4918 = CARTESIAN_POINT ( 'NONE',  ( 2.541927341113723315, 10.11273360902773533, 3.463498820377171938 ) ) ;
#4919 = FILL_AREA_STYLE_COLOUR ( '', #12321 ) ;
#4920 = DIRECTION ( 'NONE',  ( 0.000000000000000000, 0.000000000000000000, -1.000000000000000000 ) ) ;
#4921 = CARTESIAN_POINT ( 'NONE',  ( -6.452734908949310011, 9.215460498251099253, -15.15000000000000036 ) ) ;
#4922 = ORIENTED_EDGE ( 'NONE', *, *, #7909, .F. ) ;
#4923 = EDGE_CURVE ( 'NONE', #10758, #13464, #1552, .T. ) ;
#4924 = CARTESIAN_POINT ( 'NONE',  ( -7.500000000000000000, -3.500000000000000000, 13.15000000000000036 ) ) ;
#4925 = VERTEX_POINT ( 'NONE', #5715 ) ;
#4926 = AXIS2_PLACEMENT_3D ( 'NONE', #3775, #7972, #9044 ) ;
#4927 = ORIENTED_EDGE ( 'NONE', *, *, #1040, .T. ) ;
#4928 = AXIS2_PLACEMENT_3D ( 'NONE', #1603, #10111, #12026 ) ;
#4929 = FACE_OUTER_BOUND ( 'NONE', #11951, .T. ) ;
#4930 = CARTESIAN_POINT ( 'NONE',  ( -2.850000000000000089, 0.000000000000000000, 8.149999999999998579 ) ) ;
#4931 = ORIENTED_EDGE ( 'NONE', *, *, #6256, .T. ) ;
#4932 = FACE_OUTER_BOUND ( 'NONE', #1391, .T. ) ;
#4933 = LINE ( 'NONE', #12185, #681 ) ;
#4934 = DIRECTION ( 'NONE',  ( 0.7071067811865474617, -0.7071067811865474617, 0.000000000000000000 ) ) ;
#4935 = CARTESIAN_POINT ( 'NONE',  ( -5.250000000000000000, 16.69999999999999929, 1.949999999999999956 ) ) ;
#4936 = EDGE_CURVE ( 'NONE', #2021, #1330, #6018, .T. ) ;
#4937 = FACE_OUTER_BOUND ( 'NONE', #3336, .T. ) ;
#4938 = EDGE_CURVE ( 'NONE', #2062, #12158, #10346, .T. ) ;
#4939 = CARTESIAN_POINT ( 'NONE',  ( -5.246999171586890220, 7.618176573118209838, 9.849999999999999645 ) ) ;
#4940 = CARTESIAN_POINT ( 'NONE',  ( -3.984748662560944954, 15.89430833868740045, 0.9000000000000000222 ) ) ;
#4941 = PLANE ( 'NONE',  #6217 ) ;
#4942 = VERTEX_POINT ( 'NONE', #9999 ) ;
#4943 = AXIS2_PLACEMENT_3D ( 'NONE', #8886, #11032, #469 ) ;
#4944 = LINE ( 'NONE', #6013, #5012 ) ;
#4945 = ADVANCED_FACE ( 'NONE', ( #6112 ), #616, .F. ) ;
#4946 = EDGE_CURVE ( 'NONE', #5790, #631, #1240, .T. ) ;
#4947 = ORIENTED_EDGE ( 'NONE', *, *, #5955, .F. ) ;
#4948 = DIRECTION ( 'NONE',  ( 0.1470157664652013696, 0.1470157664652013418, -0.9781476007338049117 ) ) ;
#4949 = EDGE_LOOP ( 'NONE', ( #9954, #5725, #11288, #8892 ) ) ;
#4950 = ADVANCED_FACE ( 'NONE', ( #5852 ), #1596, .T. ) ;
#4951 = ORIENTED_EDGE ( 'NONE', *, *, #4279, .F. ) ;
#4952 = CARTESIAN_POINT ( 'NONE',  ( 5.321054836578879232, 4.578440100032789672, 4.074886876659950197 ) ) ;
#4953 = VERTEX_POINT ( 'NONE', #6810 ) ;
#4954 = VECTOR ( 'NONE', #10273, 1000.000000000000000 ) ;
#4955 = DIRECTION ( 'NONE',  ( -0.4834473103160809582, 0.8753734620995469173, 0.000000000000000000 ) ) ;
#4956 = EDGE_CURVE ( 'NONE', #9189, #11534, #10429, .T. ) ;
#4957 = CARTESIAN_POINT ( 'NONE',  ( 0.4002692478210165272, 3.002422202587514910, -15.15000000000000036 ) ) ;
#4958 = STYLED_ITEM ( 'NONE', ( #11201 ), #7862 ) ;
#4959 = ORIENTED_EDGE ( 'NONE', *, *, #3858, .T. ) ;
#4960 = CARTESIAN_POINT ( 'NONE',  ( -1.530854753362479892, 11.74577986658169948, 11.95000000000000107 ) ) ;
#4961 = LINE ( 'NONE', #12783, #409 ) ;
#4962 = PLANE ( 'NONE',  #5259 ) ;
#4963 = VECTOR ( 'NONE', #9832, 1000.000000000000000 ) ;
#4964 = CARTESIAN_POINT ( 'NONE',  ( -5.250000000000000000, 16.69999999999999929, -11.44999999999999929 ) ) ;
#4965 = VECTOR ( 'NONE', #8323, 1000.000000000000000 ) ;
#4966 = EDGE_LOOP ( 'NONE', ( #13181, #6900, #6780, #12867 ) ) ;
#4967 = VECTOR ( 'NONE', #2332, 1000.000000000000000 ) ;
#4968 = DIRECTION ( 'NONE',  ( 1.000000000000000000, 0.000000000000000000, 0.000000000000000000 ) ) ;
#4969 = CARTESIAN_POINT ( 'NONE',  ( -5.250000000000000000, 16.69999999999999929, 10.30000000000000071 ) ) ;
#4970 = CARTESIAN_POINT ( 'NONE',  ( 2.306154181162860084, 10.12774586688902190, 12.75000000000000000 ) ) ;
#4971 = ORIENTED_EDGE ( 'NONE', *, *, #1082, .T. ) ;
#4972 = DIRECTION ( 'NONE',  ( 1.000000000000000000, 0.000000000000000000, 0.000000000000000000 ) ) ;
#4973 = PLANE ( 'NONE',  #11136 ) ;
#4974 = ADVANCED_FACE ( 'NONE', ( #10676 ), #12181, .T. ) ;
#4975 = EDGE_CURVE ( 'NONE', #9764, #6483, #1576, .T. ) ;
#4976 = ORIENTED_EDGE ( 'NONE', *, *, #13413, .F. ) ;
#4977 = VERTEX_POINT ( 'NONE', #2558 ) ;
#4978 = ORIENTED_EDGE ( 'NONE', *, *, #5478, .T. ) ;
#4979 = CARTESIAN_POINT ( 'NONE',  ( 1.926942286883454925, 7.972552649728219976, -13.12488687665993936 ) ) ;
#4980 = VECTOR ( 'NONE', #11747, 1000.000000000000114 ) ;
#4981 = ORIENTED_EDGE ( 'NONE', *, *, #12674, .T. ) ;
#4982 = LINE ( 'NONE', #2410, #477 ) ;
#4983 = CIRCLE ( 'NONE', #646, 1.499999999999980016 ) ;
#4984 = AXIS2_PLACEMENT_3D ( 'NONE', #12061, #11977, #13001 ) ;
#4985 = DIRECTION ( 'NONE',  ( 0.000000000000000000, 1.000000000000000000, 0.000000000000000000 ) ) ;
#4986 = LINE ( 'NONE', #9045, #5009 ) ;
#4987 = EDGE_CURVE ( 'NONE', #9340, #8043, #5992, .T. ) ;
#4988 = CARTESIAN_POINT ( 'NONE',  ( -1.530854753362479892, 11.74577986658169948, -8.050000000000000711 ) ) ;
#4989 = CARTESIAN_POINT ( 'NONE',  ( -7.014921993108779397, 16.26222191265249961, 6.949999999999999289 ) ) ;
#4990 = CARTESIAN_POINT ( 'NONE',  ( -3.775451385280815142, 16.42485207100589761, -9.799999999999998934 ) ) ;
#4991 = ORIENTED_EDGE ( 'NONE', *, *, #4480, .T. ) ;
#4992 = VECTOR ( 'NONE', #7487, 1000.000000000000114 ) ;
#4993 = CARTESIAN_POINT ( 'NONE',  ( 5.339999999999999858, 3.079999999999999627, 16.44999999999999929 ) ) ;
#4994 = CARTESIAN_POINT ( 'NONE',  ( 0.000000000000000000, -4.000000000000000000, -20.00000000000000000 ) ) ;
#4995 = ORIENTED_EDGE ( 'NONE', *, *, #12757, .F. ) ;
#4996 = EDGE_CURVE ( 'NONE', #2083, #4436, #1650, .T. ) ;
#4997 = ORIENTED_EDGE ( 'NONE', *, *, #10026, .F. ) ;
#4998 = DIRECTION ( 'NONE',  ( 0.7071067811865470176, 0.7071067811865480168, 0.000000000000000000 ) ) ;
#4999 = PLANE ( 'NONE',  #2360 ) ;
#5000 = EDGE_LOOP ( 'NONE', ( #5716, #2626, #5368, #525 ) ) ;
#5001 = CARTESIAN_POINT ( 'NONE',  ( -6.330983280564429272, 18.00135094402205027, 3.550000000000000266 ) ) ;
#5002 = ORIENTED_EDGE ( 'NONE', *, *, #3477, .F. ) ;
#5003 = DIRECTION ( 'NONE',  ( -0.4834473103160809582, 0.8753734620995469173, 0.000000000000000000 ) ) ;
#5004 = DIRECTION ( 'NONE',  ( -0.4834473103160809582, 0.8753734620995469173, 0.000000000000000000 ) ) ;
#5005 = EDGE_CURVE ( 'NONE', #7036, #3895, #6059, .T. ) ;
#5006 = ORIENTED_EDGE ( 'NONE', *, *, #3967, .F. ) ;
#5007 = VECTOR ( 'NONE', #10079, 1000.000000000000000 ) ;
#5008 = FACE_OUTER_BOUND ( 'NONE', #8630, .T. ) ;
#5009 = VECTOR ( 'NONE', #8063, 1000.000000000000114 ) ;
#5010 = AXIS2_PLACEMENT_3D ( 'NONE', #9106, #10070, #3851 ) ;
#5011 = ORIENTED_EDGE ( 'NONE', *, *, #3366, .T. ) ;
#5012 = VECTOR ( 'NONE', #11296, 1000.000000000000000 ) ;
#5013 = EDGE_CURVE ( 'NONE', #6749, #652, #10364, .T. ) ;
#5014 = ORIENTED_EDGE ( 'NONE', *, *, #3932, .F. ) ;
#5015 = CARTESIAN_POINT ( 'NONE',  ( -0.9000476708424469674, 10.66194478217150099, 1.949999999999999956 ) ) ;
#5016 = CARTESIAN_POINT ( 'NONE',  ( -2.850000000000000089, -4.000000000000000000, -11.84999999999999964 ) ) ;
#5017 = DIRECTION ( 'NONE',  ( 0.000000000000000000, 0.000000000000000000, -1.000000000000000000 ) ) ;
#5018 = PLANE ( 'NONE',  #5274 ) ;
#5019 = ORIENTED_EDGE ( 'NONE', *, *, #8515, .F. ) ;
#5020 = EDGE_CURVE ( 'NONE', #11073, #9102, #10701, .T. ) ;
#5021 = DIRECTION ( 'NONE',  ( 0.000000000000000000, 0.000000000000000000, -1.000000000000000000 ) ) ;
#5022 = ORIENTED_EDGE ( 'NONE', *, *, #3530, .T. ) ;
#5023 = EDGE_LOOP ( 'NONE', ( #10170, #7210, #11532, #10765, #1099, #38 ) ) ;
#5024 = VECTOR ( 'NONE', #7692, 1000.000000000000000 ) ;
#5025 = CARTESIAN_POINT ( 'NONE',  ( 0.000000000000000000, -4.000000000000000000, -15.00000000000000000 ) ) ;
#5026 = EDGE_CURVE ( 'NONE', #11391, #1295, #10650, .T. ) ;
#5027 = AXIS2_PLACEMENT_3D ( 'NONE', #446, #9842, #12874 ) ;
#5028 = ORIENTED_EDGE ( 'NONE', *, *, #11687, .T. ) ;
#5029 = VECTOR ( 'NONE', #3602, 1000.000000000000000 ) ;
#5030 = VECTOR ( 'NONE', #621, 1000.000000000000000 ) ;
#5031 = DIRECTION ( 'NONE',  ( 0.000000000000000000, 0.000000000000000000, -1.000000000000000000 ) ) ;
#5032 = PLANE ( 'NONE',  #4846 ) ;
#5033 = VECTOR ( 'NONE', #9754, 1000.000000000000000 ) ;
#5034 = PLANE ( 'NONE',  #5793 ) ;
#5035 = DIRECTION ( 'NONE',  ( 0.000000000000000000, 0.000000000000000000, 1.000000000000000000 ) ) ;
#5036 = ORIENTED_EDGE ( 'NONE', *, *, #12565, .F. ) ;
#5037 = LINE ( 'NONE', #8547, #9547 ) ;
#5038 = EDGE_LOOP ( 'NONE', ( #5041, #8091, #9782, #3398, #3502, #2895 ) ) ;
#5039 = CARTESIAN_POINT ( 'NONE',  ( -2.382835146695035267, 12.62863240148741895, -8.050000000000000711 ) ) ;
#5040 = ORIENTED_EDGE ( 'NONE', *, *, #3608, .F. ) ;
#5041 = ORIENTED_EDGE ( 'NONE', *, *, #4734, .T. ) ;
#5042 = ORIENTED_EDGE ( 'NONE', *, *, #5129, .T. ) ;
#5043 = LINE ( 'NONE', #9861, #587 ) ;
#5044 = DIRECTION ( 'NONE',  ( 0.000000000000000000, -1.000000000000000000, 0.000000000000000000 ) ) ;
#5045 = DIRECTION ( 'NONE',  ( 1.000000000000000000, 0.000000000000000000, 0.000000000000000000 ) ) ;
#5046 = VERTEX_POINT ( 'NONE', #3579 ) ;
#5047 = PLANE ( 'NONE',  #8180 ) ;
#5048 = LINE ( 'NONE', #11429, #9301 ) ;
#5049 = DIRECTION ( 'NONE',  ( -0.5735764363510499342, 0.8191520442889891340, 0.000000000000000000 ) ) ;
#5050 = LINE ( 'NONE', #3406, #9491 ) ;
#5051 = AXIS2_PLACEMENT_3D ( 'NONE', #1107, #3218, #4294 ) ;
#5052 = CARTESIAN_POINT ( 'NONE',  ( -6.424999999999999822, 7.185000000000000497, 15.75000000000000000 ) ) ;
#5053 = VECTOR ( 'NONE', #12871, 1000.000000000000000 ) ;
#5054 = B_SPLINE_CURVE_WITH_KNOTS ( 'NONE', 3,
 ( #2562, #11769, #8779, #8685, #11002, #12021, #442, #9837 ),
 .UNSPECIFIED., .F., .F.,
 ( 4, 2, 2, 4 ),
 ( 0.000000000000000000, 0.2499999999999990563, 0.4999999999999981126, 1.000000000000000000 ),
 .UNSPECIFIED. ) ;
#5055 = PLANE ( 'NONE',  #12924 ) ;
#5056 = EDGE_LOOP ( 'NONE', ( #6384, #9643, #5002, #12963 ) ) ;
#5057 = LINE ( 'NONE', #5501, #507 ) ;
#5058 = PLANE ( 'NONE',  #9844 ) ;
#5059 = CARTESIAN_POINT ( 'NONE',  ( 0.6999999999999999556, 8.800000000000000711, 15.84999999999999964 ) ) ;
#5060 = ORIENTED_EDGE ( 'NONE', *, *, #6961, .F. ) ;
#5061 = CARTESIAN_POINT ( 'NONE',  ( -2.850000000000000089, -4.000000000000000000, 3.149999999999999911 ) ) ;
#5062 = CARTESIAN_POINT ( 'NONE',  ( -1.638719566157164964, 11.71687757710162003, 3.550000000000000266 ) ) ;
#5063 = DIRECTION ( 'NONE',  ( 0.6389710663783129130, -0.7692307692307697176, 0.000000000000000000 ) ) ;
#5064 = EDGE_CURVE ( 'NONE', #1439, #3968, #6229, .T. ) ;
#5065 = ORIENTED_EDGE ( 'NONE', *, *, #9171, .T. ) ;
#5066 = ADVANCED_FACE ( 'NONE', ( #6161 ), #7967, .T. ) ;
#5067 = ORIENTED_EDGE ( 'NONE', *, *, #6472, .T. ) ;
#5068 = VERTEX_POINT ( 'NONE', #12858 ) ;
#5069 = DIRECTION ( 'NONE',  ( 0.000000000000000000, 0.000000000000000000, -1.000000000000000000 ) ) ;
#5070 = VECTOR ( 'NONE', #10393, 1000.000000000000000 ) ;
#5071 = ORIENTED_EDGE ( 'NONE', *, *, #11875, .T. ) ;
#5072 = LINE ( 'NONE', #8844, #614 ) ;
#5073 = LINE ( 'NONE', #3153, #9607 ) ;
#5074 = CARTESIAN_POINT ( 'NONE',  ( 7.386539084136389377, 4.528210178856940438, -15.15000000000000036 ) ) ;
#5075 = CARTESIAN_POINT ( 'NONE',  ( -3.649999999999999911, 11.17795660910094036, -1.449999999999999956 ) ) ;
#5076 = ORIENTED_EDGE ( 'NONE', *, *, #3239, .F. ) ;
#5077 = AXIS2_PLACEMENT_3D ( 'NONE', #10322, #6950, #7939 ) ;
#5078 = VECTOR ( 'NONE', #10922, 1000.000000000000000 ) ;
#5079 = CARTESIAN_POINT ( 'NONE',  ( 2.149999999999999911, -4.000000000000000000, 12.97499999999999964 ) ) ;
#5080 = CARTESIAN_POINT ( 'NONE',  ( 5.678458962475629868, 1.505729346728055029, 16.44999999999999929 ) ) ;
#5081 = DIRECTION ( 'NONE',  ( 0.000000000000000000, 0.000000000000000000, 1.000000000000000000 ) ) ;
#5082 = ORIENTED_EDGE ( 'NONE', *, *, #10889, .F. ) ;
#5083 = CARTESIAN_POINT ( 'NONE',  ( 6.735268398951980373, 5.992653662405889037, 10.25000000000000000 ) ) ;
#5084 = EDGE_CURVE ( 'NONE', #1972, #12637, #10753, .T. ) ;
#5085 = VERTEX_POINT ( 'NONE', #1392 ) ;
#5086 = CARTESIAN_POINT ( 'NONE',  ( -5.575000000000000178, 9.830057098047229047, 8.550000000000000711 ) ) ;
#5087 = AXIS2_PLACEMENT_3D ( 'NONE', #8862, #12869, #9048 ) ;
#5088 = EDGE_CURVE ( 'NONE', #3048, #10534, #1699, .T. ) ;
#5089 = ORIENTED_EDGE ( 'NONE', *, *, #7722, .F. ) ;
#5090 = CARTESIAN_POINT ( 'NONE',  ( -4.994309577079140361, 8.317711448655909834, -15.15000000000000036 ) ) ;
#5091 = ORIENTED_EDGE ( 'NONE', *, *, #11963, .T. ) ;
#5092 = VECTOR ( 'NONE', #383, 1000.000000000000114 ) ;
#5093 = DIRECTION ( 'NONE',  ( 1.000000000000000000, 0.000000000000000000, 0.000000000000000000 ) ) ;
#5094 = DIRECTION ( 'NONE',  ( 1.000000000000000000, 0.000000000000000000, 0.000000000000000000 ) ) ;
#5095 = ADVANCED_FACE ( 'NONE', ( #10577 ), #7704, .T. ) ;
#5096 = ORIENTED_EDGE ( 'NONE', *, *, #2940, .F. ) ;
#5097 = CIRCLE ( 'NONE', #12176, 1.505000000000000338 ) ;
#5098 = VECTOR ( 'NONE', #12768, 1000.000000000000000 ) ;
#5099 = EDGE_CURVE ( 'NONE', #3199, #2670, #6252, .T. ) ;
#5100 = ORIENTED_EDGE ( 'NONE', *, *, #112, .T. ) ;
#5101 = FACE_OUTER_BOUND ( 'NONE', #3655, .T. ) ;
#5102 = AXIS2_PLACEMENT_3D ( 'NONE', #2643, #711, #13043 ) ;
#5103 = ORIENTED_EDGE ( 'NONE', *, *, #7389, .F. ) ;
#5104 = CARTESIAN_POINT ( 'NONE',  ( -1.638719566157164964, 11.71687757710162003, -1.449999999999999956 ) ) ;
#5105 = CARTESIAN_POINT ( 'NONE',  ( 4.330811839566824695, 5.568683097044850427, -2.250000000000000000 ) ) ;
#5106 = CARTESIAN_POINT ( 'NONE',  ( -1.638719566157164964, 11.71687757710162003, 16.44999999999999929 ) ) ;
#5107 = CARTESIAN_POINT ( 'NONE',  ( 2.740115085247985416, 9.987806976109879997, -6.266384221354700301 ) ) ;
#5108 = ORIENTED_EDGE ( 'NONE', *, *, #6323, .F. ) ;
#5109 = EDGE_CURVE ( 'NONE', #11447, #13464, #10774, .T. ) ;
#5110 = VERTEX_POINT ( 'NONE', #12115 ) ;
#5111 = ORIENTED_EDGE ( 'NONE', *, *, #941, .T. ) ;
#5112 = ORIENTED_EDGE ( 'NONE', *, *, #9294, .F. ) ;
#5113 = FACE_OUTER_BOUND ( 'NONE', #1875, .T. ) ;
#5114 = AXIS2_PLACEMENT_3D ( 'NONE', #826, #6024, #7095 ) ;
#5115 = ADVANCED_FACE ( 'NONE', ( #1359 ), #13233, .F. ) ;
#5116 = VERTEX_POINT ( 'NONE', #2924 ) ;
#5117 = LINE ( 'NONE', #9572, #390 ) ;
#5118 = LINE ( 'NONE', #5371, #9347 ) ;
#5119 = CARTESIAN_POINT ( 'NONE',  ( -5.246999171586890220, 7.618176573118209838, 14.84999999999999964 ) ) ;
#5120 = DIRECTION ( 'NONE',  ( 0.2908824500647800293, -0.9567587994078291525, 0.000000000000000000 ) ) ;
#5121 = LINE ( 'NONE', #4218, #9650 ) ;
#5122 =( LENGTH_UNIT ( ) NAMED_UNIT ( * ) SI_UNIT ( .MILLI., .METRE. ) );
#5123 = CARTESIAN_POINT ( 'NONE',  ( 2.850000000000000089, -4.000000000000000000, 13.15000000000000036 ) ) ;
#5124 = ADVANCED_FACE ( 'NONE', ( #10281 ), #9058, .T. ) ;
#5125 = CARTESIAN_POINT ( 'NONE',  ( -5.250000000000000000, 16.69999999999999929, -9.700000000000001066 ) ) ;
#5126 = EDGE_LOOP ( 'NONE', ( #4104, #543, #7890, #661 ) ) ;
#5127 = VECTOR ( 'NONE', #9662, 1000.000000000000000 ) ;
#5128 = EDGE_LOOP ( 'NONE', ( #7000, #2217, #10449, #2467 ) ) ;
#5129 = EDGE_CURVE ( 'NONE', #6942, #7609, #1221, .T. ) ;
#5130 = AXIS2_PLACEMENT_3D ( 'NONE', #12997, #2870, #3928 ) ;
#5131 = CARTESIAN_POINT ( 'NONE',  ( 3.341155849256549626, 9.386766212101310458, 2.750000000000000000 ) ) ;
#5132 = VERTEX_POINT ( 'NONE', #6911 ) ;
#5133 = ORIENTED_EDGE ( 'NONE', *, *, #9307, .F. ) ;
#5134 = VERTEX_POINT ( 'NONE', #7903 ) ;
#5135 = ORIENTED_EDGE ( 'NONE', *, *, #1173, .F. ) ;
#5136 = LINE ( 'NONE', #12088, #9599 ) ;
#5137 = DIRECTION ( 'NONE',  ( 2.478176394252580155E-15, 0.000000000000000000, -1.000000000000000000 ) ) ;
#5138 = EDGE_CURVE ( 'NONE', #10227, #13510, #5806, .T. ) ;
#5139 = CARTESIAN_POINT ( 'NONE',  ( 2.559164477407499749, 7.554020587861660196, -11.34299545722599944 ) ) ;
#5140 = CARTESIAN_POINT ( 'NONE',  ( -1.442193645700395876, 12.96803417904112088, 13.54999999999999893 ) ) ;
#5141 = ORIENTED_EDGE ( 'NONE', *, *, #6070, .T. ) ;
#5142 = CARTESIAN_POINT ( 'NONE',  ( 3.588643222671839883, 9.139278838686021089, -9.750000000000000000 ) ) ;
#5143 = CYLINDRICAL_SURFACE ( 'NONE', #5179, 1.505000000000000338 ) ;
#5144 = PLANE ( 'NONE',  #9305 ) ;
#5145 = VECTOR ( 'NONE', #8413, 1000.000000000000000 ) ;
#5146 = PLANE ( 'NONE',  #8592 ) ;
#5147 = LINE ( 'NONE', #3413, #5053 ) ;
#5148 = VERTEX_POINT ( 'NONE', #13144 ) ;
#5149 = FACE_OUTER_BOUND ( 'NONE', #6015, .T. ) ;
#5150 = EDGE_CURVE ( 'NONE', #2278, #3462, #6035, .T. ) ;
#5151 = DIRECTION ( 'NONE',  ( 1.000000000000000000, 0.000000000000000000, 0.000000000000000000 ) ) ;
#5152 = DIRECTION ( 'NONE',  ( 0.000000000000000000, 0.000000000000000000, 1.000000000000000000 ) ) ;
#5153 = CARTESIAN_POINT ( 'NONE',  ( 1.926942286883454925, 7.972552649728219976, -10.92511312334004003 ) ) ;
#5154 = CARTESIAN_POINT ( 'NONE',  ( 2.149999999999999911, 0.000000000000000000, 12.44999999999999929 ) ) ;
#5155 = ORIENTED_EDGE ( 'NONE', *, *, #6990, .T. ) ;
#5156 = AXIS2_PLACEMENT_3D ( 'NONE', #9543, #11664, #4105 ) ;
#5157 = EDGE_CURVE ( 'NONE', #5768, #1639, #5924, .T. ) ;
#5158 = ORIENTED_EDGE ( 'NONE', *, *, #2300, .F. ) ;
#5159 = ORIENTED_EDGE ( 'NONE', *, *, #11721, .T. ) ;
#5160 = VERTEX_POINT ( 'NONE', #10022 ) ;
#5161 = LINE ( 'NONE', #194, #473 ) ;
#5162 = EDGE_CURVE ( 'NONE', #8875, #560, #5944, .T. ) ;
#5163 = VERTEX_POINT ( 'NONE', #13146 ) ;
#5164 = LINE ( 'NONE', #6065, #519 ) ;
#5165 = CIRCLE ( 'NONE', #5102, 0.8000000000000003775 ) ;
#5166 = MANIFOLD_SOLID_BREP ( 'NONE', #7804 ) ;
#5167 = EDGE_CURVE ( 'NONE', #3175, #5396, #2242, .T. ) ;
#5168 = PLANE ( 'NONE',  #10841 ) ;
#5169 = LINE ( 'NONE', #5119, #686 ) ;
#5170 = CARTESIAN_POINT ( 'NONE',  ( -5.246999171586890220, 7.618176573118209838, -13.05000000000000071 ) ) ;
#5171 = DIRECTION ( 'NONE',  ( -0.5332357997187978649, -0.8211111254386349589, -0.2035585949527854988 ) ) ;
#5172 = DIRECTION ( 'NONE',  ( 0.7071067811865477948, -0.7071067811865471286, 0.000000000000000000 ) ) ;
#5173 = DIRECTION ( 'NONE',  ( -0.6389710663783122468, 0.7692307692307702727, 0.000000000000000000 ) ) ;
#5174 = ORIENTED_EDGE ( 'NONE', *, *, #8877, .F. ) ;
#5175 = LINE ( 'NONE', #180, #688 ) ;
#5176 = CARTESIAN_POINT ( 'NONE',  ( 2.475030032583884765, 7.424464904027790801, -13.34958492358055793 ) ) ;
#5177 = PLANE ( 'NONE',  #7858 ) ;
#5178 = DIRECTION ( 'NONE',  ( -0.5735764363510499342, 0.8191520442889891340, 0.000000000000000000 ) ) ;
#5179 = AXIS2_PLACEMENT_3D ( 'NONE', #8756, #10878, #8925 ) ;
#5180 = EDGE_LOOP ( 'NONE', ( #9518, #795, #156, #7335 ) ) ;
#5181 = ADVANCED_FACE ( 'NONE', ( #2126 ), #4256, .T. ) ;
#5182 = CARTESIAN_POINT ( 'NONE',  ( -5.149861993732639753, 10.12774193481510032, -6.450000000000000178 ) ) ;
#5183 = CARTESIAN_POINT ( 'NONE',  ( -5.316253523062870023, 17.49725182388110056, 5.899999999999999467 ) ) ;
#5184 = ORIENTED_EDGE ( 'NONE', *, *, #12606, .T. ) ;
#5185 = VERTEX_POINT ( 'NONE', #6887 ) ;
#5186 = ORIENTED_EDGE ( 'NONE', *, *, #1129, .F. ) ;
#5187 = LINE ( 'NONE', #11126, #429 ) ;
#5188 = DIRECTION ( 'NONE',  ( 0.000000000000000000, 0.000000000000000000, -1.000000000000000000 ) ) ;
#5189 = EDGE_CURVE ( 'NONE', #11540, #12293, #6568, .T. ) ;
#5190 = PLANE ( 'NONE',  #9550 ) ;
#5191 = ORIENTED_EDGE ( 'NONE', *, *, #1640, .T. ) ;
#5192 = FACE_OUTER_BOUND ( 'NONE', #1484, .T. ) ;
#5193 = PLANE ( 'NONE',  #7638 ) ;
#5194 = FACE_OUTER_BOUND ( 'NONE', #942, .T. ) ;
#5195 = LINE ( 'NONE', #5291, #5033 ) ;
#5196 = VERTEX_POINT ( 'NONE', #11079 ) ;
#5197 = EDGE_CURVE ( 'NONE', #2154, #8689, #6424, .T. ) ;
#5198 = CIRCLE ( 'NONE', #3144, 1.500000000000000000 ) ;
#5199 = CARTESIAN_POINT ( 'NONE',  ( -5.575000000000000178, 16.69999999999999929, 3.550000000000000266 ) ) ;
#5200 = AXIS2_PLACEMENT_3D ( 'NONE', #10019, #9056, #9926 ) ;
#5201 = CARTESIAN_POINT ( 'NONE',  ( -0.9000476708424469674, 10.66194478217150099, 3.550000000000000266 ) ) ;
#5202 = ADVANCED_FACE ( 'NONE', ( #1920 ), #8429, .F. ) ;
#5203 = CARTESIAN_POINT ( 'NONE',  ( 1.661700935788380074, 1.661700935788374967, -16.44999999999999929 ) ) ;
#5204 = CARTESIAN_POINT ( 'NONE',  ( -5.250000000000000000, 18.19999999999999929, 15.19999999999999929 ) ) ;
#5205 = VERTEX_POINT ( 'NONE', #3422 ) ;
#5206 = ORIENTED_EDGE ( 'NONE', *, *, #8859, .T. ) ;
#5207 = CARTESIAN_POINT ( 'NONE',  ( -3.775451385280815142, 16.42485207100589761, 9.599999999999999645 ) ) ;
#5208 = ORIENTED_EDGE ( 'NONE', *, *, #12168, .T. ) ;
#5209 = LINE ( 'NONE', #11568, #5024 ) ;
#5210 = DIRECTION ( 'NONE',  ( -5.421010862427489630E-16, 1.000000000000000000, 0.000000000000000000 ) ) ;
#5211 = ADVANCED_FACE ( 'NONE', ( #1872 ), #1224, .F. ) ;
#5212 = EDGE_LOOP ( 'NONE', ( #10409, #36, #9073 ) ) ;
#5213 = LINE ( 'NONE', #13023, #9747 ) ;
#5214 = EDGE_CURVE ( 'NONE', #1409, #1272, #10990, .T. ) ;
#5215 = CARTESIAN_POINT ( 'NONE',  ( -1.638719566157164964, 11.71687757710162003, 1.949999999999999956 ) ) ;
#5216 = VECTOR ( 'NONE', #243, 1000.000000000000000 ) ;
#5217 = CARTESIAN_POINT ( 'NONE',  ( -5.809933491950640239, 18.09157266594019831, -0.4000000000000000222 ) ) ;
#5218 = DIRECTION ( 'NONE',  ( 0.000000000000000000, 0.000000000000000000, 1.000000000000000000 ) ) ;
#5219 = DIRECTION ( 'NONE',  ( -0.9063077870366503808, 0.4226182617406986086, 0.000000000000000000 ) ) ;
#5220 = ORIENTED_EDGE ( 'NONE', *, *, #12634, .F. ) ;
#5221 = VECTOR ( 'NONE', #12880, 1000.000000000000000 ) ;
#5222 = CARTESIAN_POINT ( 'NONE',  ( 2.149999999999999911, 0.000000000000000000, 3.149999999999999911 ) ) ;
#5223 = AXIS2_PLACEMENT_3D ( 'NONE', #7588, #8639, #9703 ) ;
#5224 = EDGE_LOOP ( 'NONE', ( #10350, #12842, #10027, #9074 ) ) ;
#5225 = CARTESIAN_POINT ( 'NONE',  ( -5.250000000000000000, 16.69999999999999929, -14.09999999999999964 ) ) ;
#5226 = ORIENTED_EDGE ( 'NONE', *, *, #7292, .F. ) ;
#5227 = ORIENTED_EDGE ( 'NONE', *, *, #3447, .F. ) ;
#5228 = LINE ( 'NONE', #7651, #5250 ) ;
#5229 = CARTESIAN_POINT ( 'NONE',  ( -6.330983280564429272, 18.00135094402205027, 8.550000000000000711 ) ) ;
#5230 = CARTESIAN_POINT ( 'NONE',  ( 1.926942286883454925, 7.972552649728219976, 12.75000000000000000 ) ) ;
#5231 = ORIENTED_EDGE ( 'NONE', *, *, #9084, .T. ) ;
#5232 = DIRECTION ( 'NONE',  ( 0.7071067811865474617, -0.7071067811865474617, 0.000000000000000000 ) ) ;
#5233 = LINE ( 'NONE', #4930, #9420 ) ;
#5234 = CARTESIAN_POINT ( 'NONE',  ( -5.001253558300190249, 7.790249504023520011, 9.849999999999999645 ) ) ;
#5235 = EDGE_CURVE ( 'NONE', #11112, #419, #11252, .T. ) ;
#5236 = ADVANCED_FACE ( 'NONE', ( #2057 ), #6646, .T. ) ;
#5237 = DIRECTION ( 'NONE',  ( -1.000000000000000000, 0.000000000000000000, 0.000000000000000000 ) ) ;
#5238 = LINE ( 'NONE', #10784, #9752 ) ;
#5239 = EDGE_CURVE ( 'NONE', #6716, #10572, #2008, .T. ) ;
#5240 = CARTESIAN_POINT ( 'NONE',  ( 3.588643222671839883, 9.139278838686021089, 14.05000000000000071 ) ) ;
#5241 = ORIENTED_EDGE ( 'NONE', *, *, #10048, .T. ) ;
#5242 = LINE ( 'NONE', #993, #9818 ) ;
#5243 = CARTESIAN_POINT ( 'NONE',  ( 2.850000000000000089, -3.500000000000000000, -7.550000000000000711 ) ) ;
#5244 =( LENGTH_UNIT ( ) NAMED_UNIT ( * ) SI_UNIT ( .MILLI., .METRE. ) );
#5245 = CARTESIAN_POINT ( 'NONE',  ( -3.775451385280815142, 16.42485207100589761, -9.799999999999998934 ) ) ;
#5246 = ORIENTED_EDGE ( 'NONE', *, *, #8149, .T. ) ;
#5247 = ORIENTED_EDGE ( 'NONE', *, *, #2646, .T. ) ;
#5248 = ORIENTED_EDGE ( 'NONE', *, *, #9658, .F. ) ;
#5249 = AXIS2_PLACEMENT_3D ( 'NONE', #10188, #6090, #5045 ) ;
#5250 = VECTOR ( 'NONE', #4793, 1000.000000000000114 ) ;
#5251 = ORIENTED_EDGE ( 'NONE', *, *, #6459, .T. ) ;
#5252 = LINE ( 'NONE', #9661, #297 ) ;
#5253 = CARTESIAN_POINT ( 'NONE',  ( 3.341155849256549626, 9.386766212101310458, -5.950000000000000178 ) ) ;
#5254 = VECTOR ( 'NONE', #8156, 1000.000000000000114 ) ;
#5255 = EDGE_CURVE ( 'NONE', #8206, #5550, #6399, .T. ) ;
#5256 = DIRECTION ( 'NONE',  ( 0.000000000000000000, 0.000000000000000000, 1.000000000000000000 ) ) ;
#5257 = DIRECTION ( 'NONE',  ( -0.5332357997187981979, -0.8211111254386354030, -0.2035585949527830840 ) ) ;
#5258 = ORIENTED_EDGE ( 'NONE', *, *, #1209, .F. ) ;
#5259 = AXIS2_PLACEMENT_3D ( 'NONE', #2829, #1985, #8258 ) ;
#5260 = VECTOR ( 'NONE', #5737, 999.9999999999998863 ) ;
#5261 = DIRECTION ( 'NONE',  ( -0.7692307692307698286, -0.6389710663783129130, 0.000000000000000000 ) ) ;
#5262 = CARTESIAN_POINT ( 'NONE',  ( 0.000000000000000000, 0.000000000000000000, -25.00000000000000000 ) ) ;
#5263 = EDGE_CURVE ( 'NONE', #6240, #11658, #1850, .T. ) ;
#5264 = CARTESIAN_POINT ( 'NONE',  ( -2.399604646138564945, 13.25676273017529994, 13.54999999999999893 ) ) ;
#5265 = DIRECTION ( 'NONE',  ( 0.000000000000000000, 0.000000000000000000, 1.000000000000000000 ) ) ;
#5266 = EDGE_LOOP ( 'NONE', ( #654, #9577, #4663, #314, #10764 ) ) ;
#5267 = CARTESIAN_POINT ( 'NONE',  ( -2.850000000000000089, -4.000000000000000000, 13.15000000000000036 ) ) ;
#5268 = EDGE_LOOP ( 'NONE', ( #10237, #6222, #3065, #12305 ) ) ;
#5269 = ORIENTED_EDGE ( 'NONE', *, *, #7274, .T. ) ;
#5270 = EDGE_CURVE ( 'NONE', #8373, #6483, #2195, .T. ) ;
#5271 = LINE ( 'NONE', #9348, #9807 ) ;
#5272 = CARTESIAN_POINT ( 'NONE',  ( 6.735268398951980373, 5.992653662405889037, 4.500000000000000000 ) ) ;
#5273 = CARTESIAN_POINT ( 'NONE',  ( -5.250000000000000000, 16.69999999999999929, -0.4000000000000000222 ) ) ;
#5274 = AXIS2_PLACEMENT_3D ( 'NONE', #10072, #2803, #4036 ) ;
#5275 = ORIENTED_EDGE ( 'NONE', *, *, #9971, .F. ) ;
#5276 = VECTOR ( 'NONE', #1506, 1000.000000000000000 ) ;
#5277 = CARTESIAN_POINT ( 'NONE',  ( -0.9000476708424469674, 10.66194478217150099, 6.949999999999999289 ) ) ;
#5278 = COLOUR_RGB ( '',0.7921568627450980005, 0.8196078431372548767, 0.9333333333333333481 ) ;
#5279 = VECTOR ( 'NONE', #3058, 1000.000000000000000 ) ;
#5280 = ORIENTED_EDGE ( 'NONE', *, *, #1128, .T. ) ;
#5281 = LINE ( 'NONE', #8177, #620 ) ;
#5282 = ADVANCED_FACE ( 'NONE', ( #11115 ), #6901, .F. ) ;
#5283 = EDGE_CURVE ( 'NONE', #10204, #2828, #2147, .T. ) ;
#5284 = AXIS2_PLACEMENT_3D ( 'NONE', #7247, #1984, #22 ) ;
#5285 = DIRECTION ( 'NONE',  ( 0.000000000000000000, 0.000000000000000000, -1.000000000000000000 ) ) ;
#5286 = DIRECTION ( 'NONE',  ( -0.5030199466302391897, 0.8642748019537023207, 0.000000000000000000 ) ) ;
#5287 = PLANE ( 'NONE',  #6063 ) ;
#5288 = DIRECTION ( 'NONE',  ( 1.000000000000000000, 0.000000000000000000, 0.000000000000000000 ) ) ;
#5289 = ORIENTED_EDGE ( 'NONE', *, *, #2300, .T. ) ;
#5290 = ORIENTED_EDGE ( 'NONE', *, *, #9668, .F. ) ;
#5291 = CARTESIAN_POINT ( 'NONE',  ( 2.149999999999999911, -4.163697104677059890, -7.317706013363030948 ) ) ;
#5292 = ORIENTED_EDGE ( 'NONE', *, *, #4936, .T. ) ;
#5293 = FACE_OUTER_BOUND ( 'NONE', #12938, .T. ) ;
#5294 = DIRECTION ( 'NONE',  ( 1.000000000000000000, 0.000000000000000000, 0.000000000000000000 ) ) ;
#5295 = ORIENTED_EDGE ( 'NONE', *, *, #8361, .T. ) ;
#5296 = FACE_OUTER_BOUND ( 'NONE', #907, .T. ) ;
#5297 = FACE_OUTER_BOUND ( 'NONE', #12449, .T. ) ;
#5298 = CARTESIAN_POINT ( 'NONE',  ( 2.850000000000000089, 0.000000000000000000, -1.850000000000000089 ) ) ;
#5299 = AXIS2_PLACEMENT_3D ( 'NONE', #4470, #5535, #6621 ) ;
#5300 = CARTESIAN_POINT ( 'NONE',  ( -2.149999999999999911, -3.945434298440979592, -2.005902004454344745 ) ) ;
#5301 = FACE_OUTER_BOUND ( 'NONE', #11583, .T. ) ;
#5302 = FILL_AREA_STYLE_COLOUR ( '', #10144 ) ;
#5303 = CARTESIAN_POINT ( 'NONE',  ( -2.850000000000000089, -4.000000000000000000, -12.55000000000000071 ) ) ;
#5304 = DIRECTION ( 'NONE',  ( 1.000000000000000000, 0.000000000000000000, 0.000000000000000000 ) ) ;
#5305 = ORIENTED_EDGE ( 'NONE', *, *, #13447, .T. ) ;
#5306 = LINE ( 'NONE', #547, #5260 ) ;
#5307 = EDGE_CURVE ( 'NONE', #1774, #1308, #10872, .T. ) ;
#5308 = CARTESIAN_POINT ( 'NONE',  ( -6.750000000000000000, 16.69999999999999929, 1.949999999999999956 ) ) ;
#5309 = CARTESIAN_POINT ( 'NONE',  ( -6.750000000000000000, 16.69999999999999929, 10.30000000000000071 ) ) ;
#5310 = ORIENTED_EDGE ( 'NONE', *, *, #4987, .F. ) ;
#5311 = DIRECTION ( 'NONE',  ( 0.000000000000000000, 0.000000000000000000, 1.000000000000000000 ) ) ;
#5312 = VERTEX_POINT ( 'NONE', #12271 ) ;
#5313 = EDGE_CURVE ( 'NONE', #5196, #8954, #1962, .T. ) ;
#5314 = LINE ( 'NONE', #6517, #5070 ) ;
#5315 = CARTESIAN_POINT ( 'NONE',  ( 1.308303843626089868, 8.591191092985580369, -2.250000000000000000 ) ) ;
#5316 = CARTESIAN_POINT ( 'NONE',  ( -0.9000476708424469674, 10.66194478217150099, -13.05000000000000071 ) ) ;
#5317 = EDGE_CURVE ( 'NONE', #8055, #12575, #6444, .T. ) ;
#5318 = ADVANCED_FACE ( 'NONE', ( #6753 ), #12020, .F. ) ;
#5319 = DIRECTION ( 'NONE',  ( 0.000000000000000000, 0.000000000000000000, -1.000000000000000000 ) ) ;
#5320 = EDGE_LOOP ( 'NONE', ( #10095, #4167, #6908, #2220 ) ) ;
#5321 = DIRECTION ( 'NONE',  ( 1.000000000000000000, 0.000000000000000000, 0.000000000000000000 ) ) ;
#5322 = CARTESIAN_POINT ( 'NONE',  ( 2.850000000000000089, -4.000000000000000000, -6.850000000000000533 ) ) ;
#5323 = AXIS2_PLACEMENT_3D ( 'NONE', #11735, #4453, #8835 ) ;
#5324 = ORIENTED_EDGE ( 'NONE', *, *, #4776, .T. ) ;
#5325 = LINE ( 'NONE', #10757, #5657 ) ;
#5326 = EDGE_CURVE ( 'NONE', #10831, #9140, #11275, .T. ) ;
#5327 = CARTESIAN_POINT ( 'NONE',  ( 6.782295549467770357, 4.930639144171879984, 16.44999999999999929 ) ) ;
#5328 = SURFACE_SIDE_STYLE ('',( #5433 ) ) ;
#5329 = CARTESIAN_POINT ( 'NONE',  ( -3.649999999999999911, 11.17795660910094036, 13.54999999999999893 ) ) ;
#5330 = DIRECTION ( 'NONE',  ( 0.000000000000000000, 0.000000000000000000, -1.000000000000000000 ) ) ;
#5331 = ORIENTED_EDGE ( 'NONE', *, *, #1724, .T. ) ;
#5332 = EDGE_CURVE ( 'NONE', #9890, #1325, #11299, .T. ) ;
#5333 = ORIENTED_EDGE ( 'NONE', *, *, #1825, .T. ) ;
#5334 = VERTEX_POINT ( 'NONE', #1591 ) ;
#5335 = VECTOR ( 'NONE', #4191, 1000.000000000000000 ) ;
#5336 = AXIS2_PLACEMENT_3D ( 'NONE', #95, #11365, #4231 ) ;
#5337 = ORIENTED_EDGE ( 'NONE', *, *, #10696, .T. ) ;
#5338 = FACE_OUTER_BOUND ( 'NONE', #3305, .T. ) ;
#5339 = DIRECTION ( 'NONE',  ( 0.7071067811865480168, 0.7071067811865470176, 0.000000000000000000 ) ) ;
#5340 = VECTOR ( 'NONE', #1239, 1000.000000000000000 ) ;
#5341 = ADVANCED_FACE ( 'NONE', ( #10825 ), #13220, .F. ) ;
#5342 = DIRECTION ( 'NONE',  ( 0.000000000000000000, 0.000000000000000000, -1.000000000000000000 ) ) ;
#5343 = LINE ( 'NONE', #7386, #820 ) ;
#5344 = DIRECTION ( 'NONE',  ( 0.000000000000000000, 0.000000000000000000, 1.000000000000000000 ) ) ;
#5345 = DIRECTION ( 'NONE',  ( 0.6389710663783129130, -0.7692307692307697176, 0.000000000000000000 ) ) ;
#5346 = ORIENTED_EDGE ( 'NONE', *, *, #2190, .F. ) ;
#5347 = VECTOR ( 'NONE', #5415, 1000.000000000000000 ) ;
#5348 = CARTESIAN_POINT ( 'NONE',  ( 0.000000000000000000, -4.000000000000000000, 12.97499999999999964 ) ) ;
#5349 = CARTESIAN_POINT ( 'NONE',  ( 3.588643222671839883, 9.139278838686021089, 0.2500000000000000000 ) ) ;
#5350 = APPLICATION_CONTEXT ( 'automotive_design' ) ;
#5351 = CARTESIAN_POINT ( 'NONE',  ( 1.926942286883454925, 7.972552649728219976, 7.750000000000000000 ) ) ;
#5352 = VERTEX_POINT ( 'NONE', #12357 ) ;
#5353 = CARTESIAN_POINT ( 'NONE',  ( 5.275000000000000355, 0.000000000000000000, 15.84999999999999964 ) ) ;
#5354 = VERTEX_POINT ( 'NONE', #7068 ) ;
#5355 = PLANE ( 'NONE',  #934 ) ;
#5356 = ORIENTED_EDGE ( 'NONE', *, *, #2086, .T. ) ;
#5357 = LINE ( 'NONE', #8394, #832 ) ;
#5358 = EDGE_CURVE ( 'NONE', #4634, #12123, #6468, .T. ) ;
#5359 = CARTESIAN_POINT ( 'NONE',  ( -2.850000000000000089, 0.000000000000000000, 7.450000000000000178 ) ) ;
#5360 = CARTESIAN_POINT ( 'NONE',  ( -6.208456599567469425, 17.85384615384614904, 13.54999999999999893 ) ) ;
#5361 = ORIENTED_EDGE ( 'NONE', *, *, #9910, .T. ) ;
#5362 = VECTOR ( 'NONE', #9927, 1000.000000000000000 ) ;
#5363 = EDGE_CURVE ( 'NONE', #10227, #12999, #2100, .T. ) ;
#5364 = LINE ( 'NONE', #746, #1143 ) ;
#5365 = AXIS2_PLACEMENT_3D ( 'NONE', #9455, #1025, #8405 ) ;
#5366 = VECTOR ( 'NONE', #4240, 1000.000000000000000 ) ;
#5367 = MANIFOLD_SOLID_BREP ( 'NONE', #1532 ) ;
#5368 = ORIENTED_EDGE ( 'NONE', *, *, #1859, .T. ) ;
#5369 = CIRCLE ( 'NONE', #6119, 1.500000000000000000 ) ;
#5370 = ADVANCED_FACE ( 'NONE', ( #2033 ), #10102, .F. ) ;
#5371 = CARTESIAN_POINT ( 'NONE',  ( -7.500000000000000000, -3.500000000000000000, 13.15000000000000036 ) ) ;
#5372 = CARTESIAN_POINT ( 'NONE',  ( 3.588643222671839883, 9.139278838686021089, -10.94999999999999929 ) ) ;
#5373 = CARTESIAN_POINT ( 'NONE',  ( -2.149999999999999911, -4.000000000000000000, 7.625000000000000000 ) ) ;
#5374 = EDGE_CURVE ( 'NONE', #9190, #4620, #11205, .T. ) ;
#5375 = ORIENTED_EDGE ( 'NONE', *, *, #1796, .F. ) ;
#5376 = DIRECTION ( 'NONE',  ( 0.8191520442889891340, 0.5735764363510499342, 0.000000000000000000 ) ) ;
#5377 = DIRECTION ( 'NONE',  ( 1.000000000000000000, 0.000000000000000000, 0.000000000000000000 ) ) ;
#5378 = VERTEX_POINT ( 'NONE', #19 ) ;
#5379 = EDGE_LOOP ( 'NONE', ( #9146, #3328, #8665, #1540, #13557, #9809 ) ) ;
#5380 = CIRCLE ( 'NONE', #12906, 0.5999999999999998668 ) ;
#5381 = ORIENTED_EDGE ( 'NONE', *, *, #12701, .F. ) ;
#5382 = LINE ( 'NONE', #10198, #5712 ) ;
#5383 = CIRCLE ( 'NONE', #6429, 0.8000000000000000444 ) ;
#5384 = CARTESIAN_POINT ( 'NONE',  ( -5.250000000000000000, 16.69999999999999929, -4.799999999999999822 ) ) ;
#5385 = DIRECTION ( 'NONE',  ( 0.000000000000000000, 0.000000000000000000, -1.000000000000000000 ) ) ;
#5386 = CARTESIAN_POINT ( 'NONE',  ( 0.000000000000000000, 0.000000000000000000, -15.15000000000000036 ) ) ;
#5387 = FILL_AREA_STYLE_COLOUR ( '', #8 ) ;
#5388 =( NAMED_UNIT ( * ) PLANE_ANGLE_UNIT ( ) SI_UNIT ( $, .RADIAN. ) );
#5389 = VERTEX_POINT ( 'NONE', #10746 ) ;
#5390 = AXIS2_PLACEMENT_3D ( 'NONE', #2902, #12423, #7143 ) ;
#5391 = LINE ( 'NONE', #8107, #845 ) ;
#5392 = DIRECTION ( 'NONE',  ( 1.000000000000000000, 0.000000000000000000, 0.000000000000000000 ) ) ;
#5393 = ADVANCED_FACE ( 'NONE', ( #6713 ), #9586, .F. ) ;
#5394 = DIRECTION ( 'NONE',  ( 0.5735764363510499342, -0.8191520442889891340, 0.000000000000000000 ) ) ;
#5395 = EDGE_CURVE ( 'NONE', #9427, #10794, #6730, .T. ) ;
#5396 = VERTEX_POINT ( 'NONE', #6190 ) ;
#5397 = EDGE_CURVE ( 'NONE', #2670, #10658, #6328, .T. ) ;
#5398 = EDGE_LOOP ( 'NONE', ( #6372, #12815, #6614, #10824, #3724, #13202, #11699, #11437, #13495 ) ) ;
#5399 = DIRECTION ( 'NONE',  ( 0.000000000000000000, 0.000000000000000000, -1.000000000000000000 ) ) ;
#5400 = VERTEX_POINT ( 'NONE', #6473 ) ;
#5401 = LINE ( 'NONE', #3754, #9719 ) ;
#5402 = CARTESIAN_POINT ( 'NONE',  ( -5.250000000000000000, 16.69999999999999929, 5.899999999999999467 ) ) ;
#5403 = DIRECTION ( 'NONE',  ( 0.000000000000000000, 0.000000000000000000, 1.000000000000000000 ) ) ;
#5404 = ORIENTED_EDGE ( 'NONE', *, *, #1125, .F. ) ;
#5405 = CARTESIAN_POINT ( 'NONE',  ( 7.432756681775990693, 4.627324136844380043, 16.44999999999999929 ) ) ;
#5406 = VECTOR ( 'NONE', #8873, 1000.000000000000000 ) ;
#5407 = FACE_OUTER_BOUND ( 'NONE', #10958, .T. ) ;
#5408 = CARTESIAN_POINT ( 'NONE',  ( 4.330811839566820254, 5.568683097044850427, -8.349584923580570361 ) ) ;
#5409 = ADVANCED_FACE ( 'NONE', ( #11041 ), #104, .T. ) ;
#5410 = ORIENTED_EDGE ( 'NONE', *, *, #13393, .T. ) ;
#5411 = AXIS2_PLACEMENT_3D ( 'NONE', #2587, #11029, #11213 ) ;
#5412 = CARTESIAN_POINT ( 'NONE',  ( -5.246999171586890220, 7.618176573118209838, -8.050000000000000711 ) ) ;
#5413 = DIRECTION ( 'NONE',  ( 0.000000000000000000, 0.000000000000000000, 1.000000000000000000 ) ) ;
#5414 = AXIS2_PLACEMENT_3D ( 'NONE', #9522, #12640, #129 ) ;
#5415 = DIRECTION ( 'NONE',  ( 0.000000000000000000, 0.000000000000000000, 1.000000000000000000 ) ) ;
#5416 = CARTESIAN_POINT ( 'NONE',  ( 3.341155849256549626, 9.386766212101310458, 12.75000000000000000 ) ) ;
#5417 = DIRECTION ( 'NONE',  ( -0.6389710663783129130, 0.7692307692307697176, 0.000000000000000000 ) ) ;
#5418 = DIRECTION ( 'NONE',  ( 0.000000000000000000, -0.9438583563660177811, -0.3303504247281049411 ) ) ;
#5419 = VERTEX_POINT ( 'NONE', #7245 ) ;
#5420 = EDGE_CURVE ( 'NONE', #7672, #7023, #1988, .T. ) ;
#5421 = VERTEX_POINT ( 'NONE', #1242 ) ;
#5422 = VERTEX_POINT ( 'NONE', #9311 ) ;
#5423 = LINE ( 'NONE', #7569, #9669 ) ;
#5424 = MECHANICAL_DESIGN_GEOMETRIC_PRESENTATION_REPRESENTATION (  '', ( #626 ), #13390 ) ;
#5425 = EDGE_CURVE ( 'NONE', #6027, #3968, #11134, .T. ) ;
#5426 = EDGE_LOOP ( 'NONE', ( #9081, #12624, #8633, #9176 ) ) ;
#5427 = FACE_OUTER_BOUND ( 'NONE', #5598, .T. ) ;
#5428 = CARTESIAN_POINT ( 'NONE',  ( -5.250000000000000000, 16.69999999999999929, 5.899999999999999467 ) ) ;
#5429 = LINE ( 'NONE', #1629, #912 ) ;
#5430 = DIRECTION ( 'NONE',  ( -0.5735764363510499342, 0.8191520442889891340, 0.000000000000000000 ) ) ;
#5431 = DIRECTION ( 'NONE',  ( 0.2588190451025264571, 0.9659258262890667579, 0.000000000000000000 ) ) ;
#5432 = ORIENTED_EDGE ( 'NONE', *, *, #4097, .F. ) ;
#5433 = SURFACE_STYLE_FILL_AREA ( #1078 ) ;
#5434 = DIRECTION ( 'NONE',  ( -1.000000000000000000, 0.000000000000000000, 0.000000000000000000 ) ) ;
#5435 = CARTESIAN_POINT ( 'NONE',  ( 2.033008304061434846, 9.987806976109879997, 15.84999999999999964 ) ) ;
#5436 = EDGE_CURVE ( 'NONE', #8524, #1153, #11068, .T. ) ;
#5437 = AXIS2_PLACEMENT_3D ( 'NONE', #7099, #4415, #4893 ) ;
#5438 = DIRECTION ( 'NONE',  ( 0.000000000000000000, 1.000000000000000000, 0.000000000000000000 ) ) ;
#5439 = VERTEX_POINT ( 'NONE', #9685 ) ;
#5440 = DIRECTION ( 'NONE',  ( 0.000000000000000000, 0.000000000000000000, -1.000000000000000000 ) ) ;
#5441 = DIRECTION ( 'NONE',  ( 1.000000000000000000, 0.000000000000000000, 0.000000000000000000 ) ) ;
#5442 = ORIENTED_EDGE ( 'NONE', *, *, #1536, .F. ) ;
#5443 = CARTESIAN_POINT ( 'NONE',  ( 2.486029765733794861, 3.200000000000000178, 15.75000000000000000 ) ) ;
#5444 = VERTEX_POINT ( 'NONE', #8255 ) ;
#5445 = UNCERTAINTY_MEASURE_WITH_UNIT (LENGTH_MEASURE( 1.000000000000000082E-05 ), #9042, 'distance_accuracy_value', 'NONE');
#5446 = CYLINDRICAL_SURFACE ( 'NONE', #3956, 0.5999999999999998668 ) ;
#5447 = EDGE_CURVE ( 'NONE', #1614, #12006, #6926, .T. ) ;
#5448 = CARTESIAN_POINT ( 'NONE',  ( -6.750000000000000000, 16.69999999999999929, 13.54999999999999893 ) ) ;
#5449 = DIRECTION ( 'NONE',  ( 0.000000000000000000, 0.000000000000000000, 1.000000000000000000 ) ) ;
#5450 = CLOSED_SHELL ( 'NONE', ( #248, #8115, #13266, #6397, #5341, #11985, #976, #4448 ) ) ;
#5451 = LINE ( 'NONE', #11612, #5713 ) ;
#5452 = ADVANCED_FACE ( 'NONE', ( #7024 ), #6283, .F. ) ;
#5453 = VECTOR ( 'NONE', #3597, 1000.000000000000000 ) ;
#5454 = ORIENTED_EDGE ( 'NONE', *, *, #9561, .T. ) ;
#5455 = DIRECTION ( 'NONE',  ( 1.000000000000000000, 0.000000000000000000, 0.000000000000000000 ) ) ;
#5456 = DIRECTION ( 'NONE',  ( 0.000000000000000000, 0.000000000000000000, -1.000000000000000000 ) ) ;
#5457 = AXIS2_PLACEMENT_3D ( 'NONE', #11137, #1641, #2692 ) ;
#5458 = ORIENTED_EDGE ( 'NONE', *, *, #9670, .T. ) ;
#5459 = CARTESIAN_POINT ( 'NONE',  ( -2.149999999999999911, -4.000000000000000000, 2.625000000000000000 ) ) ;
#5460 = EDGE_CURVE ( 'NONE', #3444, #4644, #2392, .T. ) ;
#5461 = VERTEX_POINT ( 'NONE', #5490 ) ;
#5462 = ORIENTED_EDGE ( 'NONE', *, *, #1268, .T. ) ;
#5463 = VECTOR ( 'NONE', #2862, 1000.000000000000114 ) ;
#5464 = DIRECTION ( 'NONE',  ( -0.5735764363510499342, 0.8191520442889891340, 0.000000000000000000 ) ) ;
#5465 = VERTEX_POINT ( 'NONE', #11708 ) ;
#5466 = CYLINDRICAL_SURFACE ( 'NONE', #221, 1.500000000000000444 ) ;
#5467 = EDGE_CURVE ( 'NONE', #877, #13054, #7070, .T. ) ;
#5468 = LINE ( 'NONE', #9221, #1187 ) ;
#5469 = DIRECTION ( 'NONE',  ( 0.000000000000000000, -1.000000000000000000, 0.000000000000000000 ) ) ;
#5470 = CARTESIAN_POINT ( 'NONE',  ( -1.442193645700395876, 12.96803417904112088, 8.550000000000000711 ) ) ;
#5471 = CIRCLE ( 'NONE', #11285, 1.500000000000000000 ) ;
#5472 = DIRECTION ( 'NONE',  ( -0.7071067811865470176, 0.7071067811865481278, 0.000000000000000000 ) ) ;
#5473 = DIRECTION ( 'NONE',  ( -0.5030199466302390787, 0.8642748019537022097, 0.000000000000000000 ) ) ;
#5474 = ORIENTED_EDGE ( 'NONE', *, *, #773, .F. ) ;
#5475 = LINE ( 'NONE', #486, #1172 ) ;
#5476 = DIRECTION ( 'NONE',  ( 0.000000000000000000, 0.000000000000000000, 1.000000000000000000 ) ) ;
#5477 = EDGE_CURVE ( 'NONE', #10572, #12692, #2619, .T. ) ;
#5478 = EDGE_CURVE ( 'NONE', #1330, #249, #11485, .T. ) ;
#5479 = DIRECTION ( 'NONE',  ( 1.000000000000000000, 0.000000000000000000, 0.000000000000000000 ) ) ;
#5480 = EDGE_CURVE ( 'NONE', #1991, #2966, #7177, .T. ) ;
#5481 = VERTEX_POINT ( 'NONE', #11615 ) ;
#5482 = ORIENTED_EDGE ( 'NONE', *, *, #133, .F. ) ;
#5483 = DIRECTION ( 'NONE',  ( -0.5332357997187978649, -0.8211111254386349589, 0.2035585949527854988 ) ) ;
#5484 = VERTEX_POINT ( 'NONE', #2257 ) ;
#5485 = AXIS2_PLACEMENT_3D ( 'NONE', #10821, #3506, #9929 ) ;
#5486 = CIRCLE ( 'NONE', #824, 0.5999999999999998668 ) ;
#5487 = DIRECTION ( 'NONE',  ( 0.000000000000000000, 0.000000000000000000, -1.000000000000000000 ) ) ;
#5488 = EDGE_CURVE ( 'NONE', #7152, #5533, #6885, .T. ) ;
#5489 = CARTESIAN_POINT ( 'NONE',  ( 2.306154181162860084, 10.12774586688902190, -2.250000000000035083 ) ) ;
#5490 = CARTESIAN_POINT ( 'NONE',  ( -3.155831945994115095, 10.15618907974091911, -16.44999999999999929 ) ) ;
#5491 = VERTEX_POINT ( 'NONE', #3254 ) ;
#5492 = DIRECTION ( 'NONE',  ( 0.000000000000000000, 0.000000000000000000, -1.000000000000000000 ) ) ;
#5493 = VECTOR ( 'NONE', #9760, 1000.000000000000000 ) ;
#5494 = VECTOR ( 'NONE', #11446, 1000.000000000000000 ) ;
#5495 = LINE ( 'NONE', #5316, #5560 ) ;
#5496 = ORIENTED_EDGE ( 'NONE', *, *, #10215, .T. ) ;
#5497 = EDGE_CURVE ( 'NONE', #5148, #5419, #11404, .T. ) ;
#5498 = LINE ( 'NONE', #2954, #5611 ) ;
#5499 = DIRECTION ( 'NONE',  ( 1.000000000000000000, 0.000000000000000000, 0.000000000000000000 ) ) ;
#5500 = CARTESIAN_POINT ( 'NONE',  ( -5.250000000000000000, 16.69999999999999929, 0.9000000000000000222 ) ) ;
#5501 = CARTESIAN_POINT ( 'NONE',  ( 5.321054836578879232, 4.578440100032789672, 14.07488687665994043 ) ) ;
#5502 = AXIS2_PLACEMENT_3D ( 'NONE', #1313, #266, #535 ) ;
#5503 = CARTESIAN_POINT ( 'NONE',  ( 2.475030032583884765, 7.424464904027790801, 13.62488687665993936 ) ) ;
#5504 = DIRECTION ( 'NONE',  ( 0.6389710663783129130, -0.7692307692307697176, 0.000000000000000000 ) ) ;
#5505 = ADVANCED_FACE ( 'NONE', ( #11588 ), #10040, .F. ) ;
#5506 = ORIENTED_EDGE ( 'NONE', *, *, #7058, .T. ) ;
#5507 = CARTESIAN_POINT ( 'NONE',  ( -6.208456599567469425, 17.85384615384614904, 11.95000000000000107 ) ) ;
#5508 = ORIENTED_EDGE ( 'NONE', *, *, #4987, .T. ) ;
#5509 = ORIENTED_EDGE ( 'NONE', *, *, #5665, .F. ) ;
#5510 = CIRCLE ( 'NONE', #8650, 0.8000000000000000444 ) ;
#5511 = ORIENTED_EDGE ( 'NONE', *, *, #7547, .T. ) ;
#5512 = VECTOR ( 'NONE', #7525, 1000.000000000000000 ) ;
#5513 = CARTESIAN_POINT ( 'NONE',  ( 3.588643222671839883, 9.139278838686021089, 9.500000000000000000 ) ) ;
#5514 = VECTOR ( 'NONE', #3344, 1000.000000000000114 ) ;
#5515 = ADVANCED_FACE ( 'NONE', ( #2427 ), #11127, .F. ) ;
#5516 = DIRECTION ( 'NONE',  ( 0.000000000000000000, 0.000000000000000000, 1.000000000000000000 ) ) ;
#5517 = VECTOR ( 'NONE', #12612, 999.9999999999998863 ) ;
#5518 = DIRECTION ( 'NONE',  ( 0.000000000000000000, 0.000000000000000000, 1.000000000000000000 ) ) ;
#5519 = CARTESIAN_POINT ( 'NONE',  ( -6.208456599567469425, 17.85384615384614904, -1.449999999999999956 ) ) ;
#5520 = VERTEX_POINT ( 'NONE', #13075 ) ;
#5521 = CARTESIAN_POINT ( 'NONE',  ( 2.850000000000000089, -4.000000000000000000, -2.375000000000000000 ) ) ;
#5522 = CARTESIAN_POINT ( 'NONE',  ( -3.919104336280229806, 16.00810641548579838, -6.450000000000000178 ) ) ;
#5523 = APPLICATION_PROTOCOL_DEFINITION ( 'draft international standard', 'automotive_design', 1998, #4548 ) ;
#5524 = DIRECTION ( 'NONE',  ( 0.000000000000000000, 0.000000000000000000, 1.000000000000000000 ) ) ;
#5525 = ADVANCED_FACE ( 'NONE', ( #7248 ), #384, .F. ) ;
#5526 = PLANE ( 'NONE',  #6436 ) ;
#5527 = AXIS2_PLACEMENT_3D ( 'NONE', #3949, #4920, #12492 ) ;
#5528 = ORIENTED_EDGE ( 'NONE', *, *, #12949, .F. ) ;
#5529 = DIRECTION ( 'NONE',  ( 1.000000000000000000, 0.000000000000000000, 0.000000000000000000 ) ) ;
#5530 = CARTESIAN_POINT ( 'NONE',  ( -6.293015043061680025, 9.112042054985540318, -3.050000000000000266 ) ) ;
#5531 = ORIENTED_EDGE ( 'NONE', *, *, #6470, .F. ) ;
#5532 = CARTESIAN_POINT ( 'NONE',  ( -2.149999999999999911, 0.000000000000000000, -2.550000000000000266 ) ) ;
#5533 = VERTEX_POINT ( 'NONE', #3707 ) ;
#5534 = LINE ( 'NONE', #12213, #1112 ) ;
#5535 = DIRECTION ( 'NONE',  ( 0.000000000000000000, 0.000000000000000000, 1.000000000000000000 ) ) ;
#5536 = DIRECTION ( 'NONE',  ( -0.6916548014802249567, -0.6916548014802239575, -0.2079116908177665313 ) ) ;
#5537 = EDGE_LOOP ( 'NONE', ( #5067, #1341, #5929, #698 ) ) ;
#5538 = LINE ( 'NONE', #4110, #1163 ) ;
#5539 = FACE_OUTER_BOUND ( 'NONE', #2063, .T. ) ;
#5540 = FACE_OUTER_BOUND ( 'NONE', #509, .T. ) ;
#5541 = EDGE_CURVE ( 'NONE', #5520, #1967, #6949, .T. ) ;
#5542 = ORIENTED_EDGE ( 'NONE', *, *, #2428, .T. ) ;
#5543 = CIRCLE ( 'NONE', #9207, 1.505000000000000338 ) ;
#5544 = DIRECTION ( 'NONE',  ( 1.000000000000000000, 0.000000000000000000, 0.000000000000000000 ) ) ;
#5545 = DIRECTION ( 'NONE',  ( -0.6389710663783129130, 0.7692307692307698286, 0.000000000000000000 ) ) ;
#5546 = CARTESIAN_POINT ( 'NONE',  ( -5.250000000000000000, 16.69999999999999929, -11.44999999999999929 ) ) ;
#5547 = ORIENTED_EDGE ( 'NONE', *, *, #3355, .F. ) ;
#5548 = CARTESIAN_POINT ( 'NONE',  ( -1.250000000000000000, 0.4000000000000000222, -15.15000000000000036 ) ) ;
#5549 = ORIENTED_EDGE ( 'NONE', *, *, #9139, .F. ) ;
#5550 = VERTEX_POINT ( 'NONE', #8714 ) ;
#5551 = CARTESIAN_POINT ( 'NONE',  ( -2.399604646138564945, 13.25676273017529994, -3.050000000000000266 ) ) ;
#5552 = AXIS2_PLACEMENT_3D ( 'NONE', #5882, #3756, #10974 ) ;
#5553 = FACE_OUTER_BOUND ( 'NONE', #12790, .T. ) ;
#5554 = DIRECTION ( 'NONE',  ( -0.8191520442889891340, -0.5735764363510499342, 0.000000000000000000 ) ) ;
#5555 = ORIENTED_EDGE ( 'NONE', *, *, #8926, .T. ) ;
#5556 = LINE ( 'NONE', #6832, #5362 ) ;
#5557 = VECTOR ( 'NONE', #9581, 1000.000000000000000 ) ;
#5558 = CARTESIAN_POINT ( 'NONE',  ( -3.775451385280815142, 16.42485207100589761, 0.2000000000000000111 ) ) ;
#5559 = ADVANCED_FACE ( 'NONE', ( #2351 ), #2769, .F. ) ;
#5560 = VECTOR ( 'NONE', #4365, 1000.000000000000000 ) ;
#5561 = EDGE_CURVE ( 'NONE', #3004, #3715, #2708, .T. ) ;
#5562 = CARTESIAN_POINT ( 'NONE',  ( 0.6999999999999999556, 8.800000000000000711, 15.84999999999999964 ) ) ;
#5563 = DIRECTION ( 'NONE',  ( 0.9567587994078292635, 0.2908824500647800848, 0.000000000000000000 ) ) ;
#5564 = DIRECTION ( 'NONE',  ( -0.7071067811865474617, 0.7071067811865474617, 0.000000000000000000 ) ) ;
#5565 = ORIENTED_EDGE ( 'NONE', *, *, #11471, .T. ) ;
#5566 = LINE ( 'NONE', #1542, #10088 ) ;
#5567 = EDGE_CURVE ( 'NONE', #6962, #13198, #2266, .T. ) ;
#5568 = CARTESIAN_POINT ( 'NONE',  ( -5.250000000000000000, 16.69999999999999929, -3.050000000000000266 ) ) ;
#5569 = ORIENTED_EDGE ( 'NONE', *, *, #1082, .F. ) ;
#5570 = B_SPLINE_CURVE_WITH_KNOTS ( 'NONE', 3,
 ( #7079, #9238, #452, #542, #1508, #5917, #3794, #6912, #10021, #4970 ),
 .UNSPECIFIED., .F., .F.,
 ( 4, 2, 2, 2, 4 ),
 ( 0.000000000000000000, 0.2500000000000000000, 0.5000000000000000000, 0.7500000000000000000, 1.000000000000000000 ),
 .UNSPECIFIED. ) ;
#5571 = ORIENTED_EDGE ( 'NONE', *, *, #13486, .T. ) ;
#5572 = ORIENTED_EDGE ( 'NONE', *, *, #8724, .T. ) ;
#5573 = EDGE_CURVE ( 'NONE', #3004, #2787, #11661, .T. ) ;
#5574 = LINE ( 'NONE', #9622, #1031 ) ;
#5575 = DIRECTION ( 'NONE',  ( 1.000000000000000000, 0.000000000000000000, 0.000000000000000000 ) ) ;
#5576 = CARTESIAN_POINT ( 'NONE',  ( 1.926942286883454925, 7.972552649728219976, 12.75000000000000000 ) ) ;
#5577 = AXIS2_PLACEMENT_3D ( 'NONE', #9460, #7368, #2314 ) ;
#5578 = EDGE_LOOP ( 'NONE', ( #4876, #5246, #289, #11906, #10310, #12217 ) ) ;
#5579 = DIRECTION ( 'NONE',  ( 0.000000000000000000, 0.000000000000000000, 1.000000000000000000 ) ) ;
#5580 = VECTOR ( 'NONE', #2900, 1000.000000000000000 ) ;
#5581 = CARTESIAN_POINT ( 'NONE',  ( -2.850000000000000089, 0.000000000000000000, -1.850000000000000089 ) ) ;
#5582 = LINE ( 'NONE', #7009, #10639 ) ;
#5583 = LINE ( 'NONE', #4010, #5630 ) ;
#5584 = ORIENTED_EDGE ( 'NONE', *, *, #9380, .T. ) ;
#5585 = EDGE_CURVE ( 'NONE', #1860, #3306, #6869, .T. ) ;
#5586 = EDGE_CURVE ( 'NONE', #9827, #7320, #11421, .T. ) ;
#5587 = ADVANCED_FACE ( 'NONE', ( #7094 ), #11767, .T. ) ;
#5588 = DIRECTION ( 'NONE',  ( 0.000000000000000000, -0.9438583563660177811, 0.3303504247281049411 ) ) ;
#5589 = CARTESIAN_POINT ( 'NONE',  ( -5.001253558300190249, 7.790249504023520011, -10.14999999999999858 ) ) ;
#5590 = AXIS2_PLACEMENT_3D ( 'NONE', #293, #6668, #198 ) ;
#5591 = EDGE_CURVE ( 'NONE', #1006, #2914, #6823, .T. ) ;
#5592 = CARTESIAN_POINT ( 'NONE',  ( 2.850000000000000089, 2.200000000000000178, 15.75000000000000000 ) ) ;
#5593 = CARTESIAN_POINT ( 'NONE',  ( 2.694312743928698239, 10.03360931742915696, -1.322359480836283518 ) ) ;
#5594 = CARTESIAN_POINT ( 'NONE',  ( -6.750000000000000000, 16.69999999999999929, -1.449999999999999956 ) ) ;
#5595 = DIRECTION ( 'NONE',  ( 0.7071067811865474617, -0.7071067811865474617, 0.000000000000000000 ) ) ;
#5596 = ORIENTED_EDGE ( 'NONE', *, *, #13550, .F. ) ;
#5597 = CARTESIAN_POINT ( 'NONE',  ( -1.638719566157164964, 11.71687757710162003, -13.05000000000000071 ) ) ;
#5598 = EDGE_LOOP ( 'NONE', ( #1060, #10660, #7645, #1835 ) ) ;
#5599 = ORIENTED_EDGE ( 'NONE', *, *, #1526, .T. ) ;
#5600 = VECTOR ( 'NONE', #7957, 1000.000000000000000 ) ;
#5601 = ORIENTED_EDGE ( 'NONE', *, *, #2758, .T. ) ;
#5602 = FACE_OUTER_BOUND ( 'NONE', #8273, .T. ) ;
#5603 = EDGE_CURVE ( 'NONE', #6883, #6995, #11635, .T. ) ;
#5604 = FILL_AREA_STYLE_COLOUR ( '', #2112 ) ;
#5605 = FACE_OUTER_BOUND ( 'NONE', #12270, .T. ) ;
#5606 = AXIS2_PLACEMENT_3D ( 'NONE', #10755, #11810, #205 ) ;
#5607 = CARTESIAN_POINT ( 'NONE',  ( 2.149999999999999911, -4.000000000000000000, -7.375000000000000000 ) ) ;
#5608 = LINE ( 'NONE', #799, #914 ) ;
#5609 = CARTESIAN_POINT ( 'NONE',  ( -2.850000000000000089, 0.000000000000000000, -7.550000000000000711 ) ) ;
#5610 = ORIENTED_EDGE ( 'NONE', *, *, #10811, .T. ) ;
#5611 = VECTOR ( 'NONE', #10231, 1000.000000000000227 ) ;
#5612 = CARTESIAN_POINT ( 'NONE',  ( -5.575000000000000178, 16.69999999999999929, -13.05000000000000071 ) ) ;
#5613 = DIRECTION ( 'NONE',  ( 0.000000000000000000, 0.000000000000000000, -1.000000000000000000 ) ) ;
#5614 = EDGE_CURVE ( 'NONE', #4693, #2109, #2576, .T. ) ;
#5615 = CARTESIAN_POINT ( 'NONE',  ( -0.9000476708424469674, 10.66194478217150099, 8.550000000000000711 ) ) ;
#5616 = ADVANCED_FACE ( 'NONE', ( #7047 ), #7923, .T. ) ;
#5617 = CARTESIAN_POINT ( 'NONE',  ( -6.208456599567469425, 17.85384615384614904, -6.450000000000000178 ) ) ;
#5618 = VERTEX_POINT ( 'NONE', #1728 ) ;
#5619 = CARTESIAN_POINT ( 'NONE',  ( 4.110316879431045400, 5.529803886462669738, 9.035902890520459252 ) ) ;
#5620 = ORIENTED_EDGE ( 'NONE', *, *, #866, .F. ) ;
#5621 = CARTESIAN_POINT ( 'NONE',  ( -7.500000000000000000, -3.500000000000000000, -12.55000000000000071 ) ) ;
#5622 = ORIENTED_EDGE ( 'NONE', *, *, #3300, .F. ) ;
#5623 = LINE ( 'NONE', #3471, #5646 ) ;
#5624 = CARTESIAN_POINT ( 'NONE',  ( -0.9718728952031370216, 13.13773506781796030, 1.949999999999999956 ) ) ;
#5625 = DIRECTION ( 'NONE',  ( 0.000000000000000000, -1.000000000000000000, 0.000000000000000000 ) ) ;
#5626 = EDGE_CURVE ( 'NONE', #11595, #3429, #7202, .T. ) ;
#5627 = ORIENTED_EDGE ( 'NONE', *, *, #8654, .F. ) ;
#5628 = VECTOR ( 'NONE', #10426, 1000.000000000000000 ) ;
#5629 = ADVANCED_FACE ( 'NONE', ( #2288 ), #7136, .F. ) ;
#5630 = VECTOR ( 'NONE', #12304, 1000.000000000000000 ) ;
#5631 = AXIS2_PLACEMENT_3D ( 'NONE', #5123, #8238, #8141 ) ;
#5632 = DIRECTION ( 'NONE',  ( -1.000000000000000000, 0.000000000000000000, -2.478176394252580155E-15 ) ) ;
#5633 = ORIENTED_EDGE ( 'NONE', *, *, #2148, .F. ) ;
#5634 = EDGE_CURVE ( 'NONE', #1792, #4572, #11444, .T. ) ;
#5635 = CARTESIAN_POINT ( 'NONE',  ( 1.926942286883454925, 7.972552649728219976, -7.250000000000000000 ) ) ;
#5636 = EDGE_CURVE ( 'NONE', #6667, #8044, #11745, .T. ) ;
#5637 = ADVANCED_FACE ( 'NONE', ( #11344 ), #4179, .F. ) ;
#5638 = DIRECTION ( 'NONE',  ( 0.000000000000000000, 0.000000000000000000, -1.000000000000000000 ) ) ;
#5639 = EDGE_CURVE ( 'NONE', #8373, #5661, #11466, .T. ) ;
#5640 = EDGE_LOOP ( 'NONE', ( #7874, #8848, #8469, #12126, #258, #2503, #4450, #10739, #11974, #5744, #2018, #13240, #5547, #9096, #4706, #6808, #8419, #12333, #11027, #4116, #305, #7042, #439, #11304, #6020, #13149, #11099, #11359, #11004, #2498, #2881, #351, #2203, #7340, #4917, #11142, #7283, #11716, #12982, #12916, #3113, #4378, #3717, #3604, #308, #10604, #7629, #6212, #1001, #6334, #5902, #13483, #6116, #3923, #12604, #1604, #4569, #10629, #4638, #4849, #8046, #8259, #7981, #12890 ) ) ;
#5641 = EDGE_CURVE ( 'NONE', #8784, #589, #2409, .T. ) ;
#5642 = DIRECTION ( 'NONE',  ( 1.000000000000000000, 0.000000000000000000, 0.000000000000000000 ) ) ;
#5643 = DIRECTION ( 'NONE',  ( 0.000000000000000000, 0.9438583563660177811, -0.3303504247281049411 ) ) ;
#5644 = VERTEX_POINT ( 'NONE', #4989 ) ;
#5645 = ORIENTED_EDGE ( 'NONE', *, *, #6812, .F. ) ;
#5646 = VECTOR ( 'NONE', #4550, 999.9999999999998863 ) ;
#5647 = ADVANCED_FACE ( 'NONE', ( #11503 ), #9526, .F. ) ;
#5648 = ORIENTED_EDGE ( 'NONE', *, *, #12142, .F. ) ;
#5649 = LINE ( 'NONE', #11598, #5628 ) ;
#5650 = CONICAL_SURFACE ( 'NONE', #3942, 0.8748868766599399160, 0.2094395102393268593 ) ;
#5651 = CARTESIAN_POINT ( 'NONE',  ( 2.149999999999999911, -4.000000000000000000, 13.15000000000000036 ) ) ;
#5652 = EDGE_CURVE ( 'NONE', #2180, #57, #2309, .T. ) ;
#5653 = CIRCLE ( 'NONE', #98, 1.300000000000000044 ) ;
#5654 = CARTESIAN_POINT ( 'NONE',  ( -1.638719566157164964, 11.71687757710162003, 6.949999999999999289 ) ) ;
#5655 = DIRECTION ( 'NONE',  ( 1.000000000000000000, 0.000000000000000000, 0.000000000000000000 ) ) ;
#5656 = EDGE_LOOP ( 'NONE', ( #12598, #6563, #8193, #1866 ) ) ;
#5657 = VECTOR ( 'NONE', #11722, 1000.000000000000000 ) ;
#5658 = AXIS2_PLACEMENT_3D ( 'NONE', #5273, #6333, #11753 ) ;
#5659 = EDGE_CURVE ( 'NONE', #261, #8157, #6966, .T. ) ;
#5660 = CARTESIAN_POINT ( 'NONE',  ( -5.575000000000000178, 9.830057098047239705, 6.949999999999999289 ) ) ;
#5661 = VERTEX_POINT ( 'NONE', #1090 ) ;
#5662 = EDGE_LOOP ( 'NONE', ( #3640, #11152, #11088, #12967, #6324, #6370 ) ) ;
#5663 = EDGE_LOOP ( 'NONE', ( #7642, #13363, #3397, #9697 ) ) ;
#5664 = VECTOR ( 'NONE', #10881, 1000.000000000000000 ) ;
#5665 = EDGE_CURVE ( 'NONE', #12055, #5163, #2446, .T. ) ;
#5666 = DIRECTION ( 'NONE',  ( 1.000000000000000000, 0.000000000000000000, 0.000000000000000000 ) ) ;
#5667 = DIRECTION ( 'NONE',  ( 0.000000000000000000, 0.9438583563660177811, 0.3303504247281049411 ) ) ;
#5668 = CARTESIAN_POINT ( 'NONE',  ( -0.9000476708424469674, 10.66194478217150099, 6.949999999999999289 ) ) ;
#5669 = ORIENTED_EDGE ( 'NONE', *, *, #11687, .F. ) ;
#5670 = CARTESIAN_POINT ( 'NONE',  ( -2.047200543544544615, 12.30024887074950080, -15.15000000000000036 ) ) ;
#5671 = FACE_OUTER_BOUND ( 'NONE', #9867, .T. ) ;
#5672 = CARTESIAN_POINT ( 'NONE',  ( -2.850000000000000089, -3.500000000000000000, -1.850000000000000089 ) ) ;
#5673 = EDGE_CURVE ( 'NONE', #7314, #5520, #11521, .T. ) ;
#5674 = CIRCLE ( 'NONE', #8172, 1.000000000000027978 ) ;
#5675 = ADVANCED_FACE ( 'NONE', ( #11547 ), #3201, .T. ) ;
#5676 = AXIS2_PLACEMENT_3D ( 'NONE', #1599, #4770, #1502 ) ;
#5677 = CYLINDRICAL_SURFACE ( 'NONE', #2888, 1.500000000000000444 ) ;
#5678 = VERTEX_POINT ( 'NONE', #8099 ) ;
#5679 = VECTOR ( 'NONE', #9512, 1000.000000000000114 ) ;
#5680 = PLANE ( 'NONE',  #5767 ) ;
#5681 = CARTESIAN_POINT ( 'NONE',  ( -4.002709121030539663, 8.489437846237121832, -6.450000000000000178 ) ) ;
#5682 = CARTESIAN_POINT ( 'NONE',  ( -2.399604646138564945, 13.25676273017529994, -6.450000000000000178 ) ) ;
#5683 = DIRECTION ( 'NONE',  ( 0.000000000000000000, 0.000000000000000000, -1.000000000000000000 ) ) ;
#5684 = CARTESIAN_POINT ( 'NONE',  ( 2.694312743924213827, 10.03360931743364226, -11.32235948084176869 ) ) ;
#5685 = DIRECTION ( 'NONE',  ( 0.000000000000000000, 0.000000000000000000, 1.000000000000000000 ) ) ;
#5686 = ORIENTED_EDGE ( 'NONE', *, *, #10134, .T. ) ;
#5687 = ORIENTED_EDGE ( 'NONE', *, *, #8306, .F. ) ;
#5688 = ORIENTED_EDGE ( 'NONE', *, *, #13187, .F. ) ;
#5689 = LINE ( 'NONE', #12300, #5463 ) ;
#5690 = ORIENTED_EDGE ( 'NONE', *, *, #13106, .T. ) ;
#5691 = VECTOR ( 'NONE', #11511, 1000.000000000000000 ) ;
#5692 = CARTESIAN_POINT ( 'NONE',  ( -3.775451385280815142, 16.42485207100589761, 5.299999999999999822 ) ) ;
#5693 = FACE_OUTER_BOUND ( 'NONE', #5978, .T. ) ;
#5694 = CARTESIAN_POINT ( 'NONE',  ( -5.250000000000000000, 18.19999999999999929, 10.90000000000000036 ) ) ;
#5695 = LINE ( 'NONE', #2166, #952 ) ;
#5696 = DIRECTION ( 'NONE',  ( 0.000000000000000000, 0.000000000000000000, 1.000000000000000000 ) ) ;
#5697 = DIRECTION ( 'NONE',  ( 1.000000000000000000, 0.000000000000000000, 0.000000000000000000 ) ) ;
#5698 = ORIENTED_EDGE ( 'NONE', *, *, #11170, .F. ) ;
#5699 = AXIS2_PLACEMENT_3D ( 'NONE', #887, #8337, #4056 ) ;
#5700 = CARTESIAN_POINT ( 'NONE',  ( -0.3570126163490940363, 12.80209196523233928, 16.44999999999999929 ) ) ;
#5701 = CARTESIAN_POINT ( 'NONE',  ( -3.085121267875464923, 9.590503654791699972, 15.75000000000000000 ) ) ;
#5702 = DIRECTION ( 'NONE',  ( 0.000000000000000000, -1.000000000000000000, 0.000000000000000000 ) ) ;
#5703 = ORIENTED_EDGE ( 'NONE', *, *, #4485, .F. ) ;
#5704 = PRESENTATION_LAYER_ASSIGNMENT (  '', '', ( #940 ) ) ;
#5705 = EDGE_CURVE ( 'NONE', #6067, #10611, #2513, .T. ) ;
#5706 = ORIENTED_EDGE ( 'NONE', *, *, #11159, .F. ) ;
#5707 = CARTESIAN_POINT ( 'NONE',  ( 2.740115085247985416, 9.987806976109879997, -8.233615778645299699 ) ) ;
#5708 = ORIENTED_EDGE ( 'NONE', *, *, #8840, .T. ) ;
#5709 = VECTOR ( 'NONE', #8757, 1000.000000000000114 ) ;
#5710 = CARTESIAN_POINT ( 'NONE',  ( -2.382835146695035267, 12.62863240148741895, -6.450000000000000178 ) ) ;
#5711 = ORIENTED_EDGE ( 'NONE', *, *, #13128, .T. ) ;
#5712 = VECTOR ( 'NONE', #12972, 1000.000000000000000 ) ;
#5713 = VECTOR ( 'NONE', #5311, 1000.000000000000000 ) ;
#5714 = CIRCLE ( 'NONE', #8794, 1.500000000000000000 ) ;
#5715 = CARTESIAN_POINT ( 'NONE',  ( 1.500000000000000000, 8.800000000000000711, 15.84999999999999964 ) ) ;
#5716 = ORIENTED_EDGE ( 'NONE', *, *, #6795, .F. ) ;
#5717 = VECTOR ( 'NONE', #304, 1000.000000000000000 ) ;
#5718 =( GEOMETRIC_REPRESENTATION_CONTEXT ( 3 ) GLOBAL_UNCERTAINTY_ASSIGNED_CONTEXT ( ( #2267 ) ) GLOBAL_UNIT_ASSIGNED_CONTEXT ( ( #1753, #3844, #13183 ) ) REPRESENTATION_CONTEXT ( 'NONE', 'WORKASPACE' ) );
#5719 = DIRECTION ( 'NONE',  ( 0.000000000000000000, 0.000000000000000000, 1.000000000000000000 ) ) ;
#5720 = ADVANCED_FACE ( 'NONE', ( #12380 ), #49, .T. ) ;
#5721 = EDGE_LOOP ( 'NONE', ( #6890, #2268, #9484, #5159 ) ) ;
#5722 = DIRECTION ( 'NONE',  ( 0.7071067811865480168, 0.7071067811865470176, 0.000000000000000000 ) ) ;
#5723 = EDGE_CURVE ( 'NONE', #7560, #2963, #12041, .T. ) ;
#5724 = EDGE_LOOP ( 'NONE', ( #5965, #12051, #5922, #7734 ) ) ;
#5725 = ORIENTED_EDGE ( 'NONE', *, *, #9099, .F. ) ;
#5726 = VECTOR ( 'NONE', #2770, 1000.000000000000000 ) ;
#5727 = AXIS2_PLACEMENT_3D ( 'NONE', #5786, #8924, #5021 ) ;
#5728 = DIRECTION ( 'NONE',  ( 0.000000000000000000, 0.000000000000000000, -1.000000000000000000 ) ) ;
#5729 = EDGE_CURVE ( 'NONE', #8868, #8452, #3015, .T. ) ;
#5730 = EDGE_LOOP ( 'NONE', ( #4478, #6689, #8404, #11467 ) ) ;
#5731 = FACE_OUTER_BOUND ( 'NONE', #12232, .T. ) ;
#5732 = FACE_OUTER_BOUND ( 'NONE', #7218, .T. ) ;
#5733 = CARTESIAN_POINT ( 'NONE',  ( 3.341155849256549626, 9.386766212101310458, -0.9499999999999999556 ) ) ;
#5734 = CARTESIAN_POINT ( 'NONE',  ( -2.850000000000000089, -4.000000000000000000, -1.850000000000000089 ) ) ;
#5735 = LINE ( 'NONE', #11688, #10253 ) ;
#5736 = CARTESIAN_POINT ( 'NONE',  ( -2.149999999999999911, 0.000000000000000000, -1.850000000000000089 ) ) ;
#5737 = DIRECTION ( 'NONE',  ( -0.8191520442889891340, -0.5735764363510499342, 0.000000000000000000 ) ) ;
#5738 = CARTESIAN_POINT ( 'NONE',  ( -5.001253558300190249, 7.790249504023520011, 4.850000000000000533 ) ) ;
#5739 = ORIENTED_EDGE ( 'NONE', *, *, #6754, .T. ) ;
#5740 = VECTOR ( 'NONE', #10142, 1000.000000000000000 ) ;
#5741 = EDGE_CURVE ( 'NONE', #103, #12220, #3051, .T. ) ;
#5742 = AXIS2_PLACEMENT_3D ( 'NONE', #2289, #3288, #2532 ) ;
#5743 = PLANE ( 'NONE',  #10984 ) ;
#5744 = ORIENTED_EDGE ( 'NONE', *, *, #1040, .F. ) ;
#5745 = ORIENTED_EDGE ( 'NONE', *, *, #6405, .F. ) ;
#5746 = ORIENTED_EDGE ( 'NONE', *, *, #4691, .F. ) ;
#5747 = CARTESIAN_POINT ( 'NONE',  ( -5.250000000000000000, 16.69999999999999929, 15.19999999999999929 ) ) ;
#5748 = EDGE_CURVE ( 'NONE', #9014, #2670, #7573, .T. ) ;
#5749 = CARTESIAN_POINT ( 'NONE',  ( -3.775451385280815142, 16.42485207100589761, 14.59999999999999964 ) ) ;
#5750 = DIRECTION ( 'NONE',  ( 0.000000000000000000, 1.000000000000000000, 0.000000000000000000 ) ) ;
#5751 = CARTESIAN_POINT ( 'NONE',  ( -5.250000000000000000, 16.69999999999999929, 10.30000000000000071 ) ) ;
#5752 = ORIENTED_EDGE ( 'NONE', *, *, #2362, .T. ) ;
#5753 = AXIS2_PLACEMENT_3D ( 'NONE', #2969, #3740, #10240 ) ;
#5754 = DIRECTION ( 'NONE',  ( 0.000000000000000000, 0.000000000000000000, 1.000000000000000000 ) ) ;
#5755 = LINE ( 'NONE', #11791, #1208 ) ;
#5756 = CARTESIAN_POINT ( 'NONE',  ( -5.575000000000000178, 9.830057098047229047, 13.54999999999999893 ) ) ;
#5757 = CARTESIAN_POINT ( 'NONE',  ( 1.250000000000000000, 0.4000000000000000222, -15.15000000000000036 ) ) ;
#5758 = FACE_OUTER_BOUND ( 'NONE', #7914, .T. ) ;
#5759 = FACE_OUTER_BOUND ( 'NONE', #11374, .T. ) ;
#5760 = VERTEX_POINT ( 'NONE', #3115 ) ;
#5761 = VECTOR ( 'NONE', #9788, 1000.000000000000114 ) ;
#5762 = DIRECTION ( 'NONE',  ( 0.5735764363510511554, -0.8191520442889882458, 0.000000000000000000 ) ) ;
#5763 = CARTESIAN_POINT ( 'NONE',  ( -5.575000000000000178, 16.69999999999999929, -11.44999999999999929 ) ) ;
#5764 = EDGE_CURVE ( 'NONE', #8984, #10073, #2799, .T. ) ;
#5765 = CARTESIAN_POINT ( 'NONE',  ( -0.9000476708424469674, 10.66194478217150099, 1.949999999999999956 ) ) ;
#5766 = CARTESIAN_POINT ( 'NONE',  ( -3.775451385280815142, 16.42485207100589761, 10.20000000000000107 ) ) ;
#5767 = AXIS2_PLACEMENT_3D ( 'NONE', #12145, #1735, #3830 ) ;
#5768 = VERTEX_POINT ( 'NONE', #2102 ) ;
#5769 = DIRECTION ( 'NONE',  ( 1.000000000000000000, 0.000000000000000000, 0.000000000000000000 ) ) ;
#5770 = ORIENTED_EDGE ( 'NONE', *, *, #2713, .F. ) ;
#5771 = ORIENTED_EDGE ( 'NONE', *, *, #2623, .F. ) ;
#5772 = ORIENTED_EDGE ( 'NONE', *, *, #1003, .F. ) ;
#5773 = FACE_OUTER_BOUND ( 'NONE', #9384, .T. ) ;
#5774 = EDGE_CURVE ( 'NONE', #12371, #6892, #11980, .T. ) ;
#5775 = DIRECTION ( 'NONE',  ( -1.000000000000000000, 0.000000000000000000, 0.000000000000000000 ) ) ;
#5776 = VECTOR ( 'NONE', #4183, 1000.000000000000000 ) ;
#5777 = ADVANCED_FACE ( 'NONE', ( #2927 ), #6408, .F. ) ;
#5778 = CARTESIAN_POINT ( 'NONE',  ( -6.750000000000000000, 16.69999999999999929, 15.19999999999999929 ) ) ;
#5779 = VECTOR ( 'NONE', #9758, 1000.000000000000227 ) ;
#5780 = CARTESIAN_POINT ( 'NONE',  ( 0.6999999999999999556, 8.800000000000000711, 15.84999999999999964 ) ) ;
#5781 = CARTESIAN_POINT ( 'NONE',  ( -5.246999171586890220, 7.618176573118209838, -8.050000000000000711 ) ) ;
#5782 = ORIENTED_EDGE ( 'NONE', *, *, #11170, .T. ) ;
#5783 = CARTESIAN_POINT ( 'NONE',  ( -3.984748662560944954, 15.89430833868740045, 5.899999999999999467 ) ) ;
#5784 = DIRECTION ( 'NONE',  ( 0.000000000000000000, 0.000000000000000000, -1.000000000000000000 ) ) ;
#5785 = VECTOR ( 'NONE', #2842, 1000.000000000000114 ) ;
#5786 = CARTESIAN_POINT ( 'NONE',  ( -5.001253558300190249, 7.790249504023520011, 8.550000000000000711 ) ) ;
#5787 = DIRECTION ( 'NONE',  ( 0.000000000000000000, 0.000000000000000000, 1.000000000000000000 ) ) ;
#5788 = CARTESIAN_POINT ( 'NONE',  ( 0.000000000000000000, 0.000000000000000000, -5.000000000000000000 ) ) ;
#5789 = ORIENTED_EDGE ( 'NONE', *, *, #2163, .T. ) ;
#5790 = VERTEX_POINT ( 'NONE', #11828 ) ;
#5791 = CARTESIAN_POINT ( 'NONE',  ( -6.330983280564429272, 18.00135094402205027, 11.95000000000000107 ) ) ;
#5792 = ORIENTED_EDGE ( 'NONE', *, *, #4172, .F. ) ;
#5793 = AXIS2_PLACEMENT_3D ( 'NONE', #9122, #6071, #11264 ) ;
#5794 = CARTESIAN_POINT ( 'NONE',  ( 0.000000000000000000, -4.000000000000000000, 0.000000000000000000 ) ) ;
#5795 = EDGE_CURVE ( 'NONE', #8089, #5116, #7342, .T. ) ;
#5796 = DIRECTION ( 'NONE',  ( 0.000000000000000000, 0.000000000000000000, -1.000000000000000000 ) ) ;
#5797 = ORIENTED_EDGE ( 'NONE', *, *, #1824, .T. ) ;
#5798 = LINE ( 'NONE', #10121, #10315 ) ;
#5799 = ADVANCED_FACE ( 'NONE', ( #2819 ), #6696, .T. ) ;
#5800 = VECTOR ( 'NONE', #6699, 1000.000000000000000 ) ;
#5801 = VECTOR ( 'NONE', #4495, 1000.000000000000000 ) ;
#5802 = DIRECTION ( 'NONE',  ( 0.7071067811865475727, -0.7071067811865475727, 0.000000000000000000 ) ) ;
#5803 = ORIENTED_EDGE ( 'NONE', *, *, #12427, .F. ) ;
#5804 = EDGE_CURVE ( 'NONE', #3715, #2182, #7594, .T. ) ;
#5805 = ADVANCED_FACE ( 'NONE', ( #3299 ), #4543, .F. ) ;
#5806 = LINE ( 'NONE', #8957, #10303 ) ;
#5807 = FACE_OUTER_BOUND ( 'NONE', #10436, .T. ) ;
#5808 = CARTESIAN_POINT ( 'NONE',  ( -1.638719566157164964, 11.71687757710162003, -6.450000000000000178 ) ) ;
#5809 = AXIS2_PLACEMENT_3D ( 'NONE', #5878, #6799, #5787 ) ;
#5810 = DIRECTION ( 'NONE',  ( 0.7071067811865477948, -0.7071067811865473507, 0.000000000000000000 ) ) ;
#5811 = SURFACE_STYLE_USAGE ( .BOTH. , #7976 ) ;
#5812 = VERTEX_POINT ( 'NONE', #8746 ) ;
#5813 = CARTESIAN_POINT ( 'NONE',  ( 2.149999999999999911, -3.945434298440979592, 2.994097995545655255 ) ) ;
#5814 = CARTESIAN_POINT ( 'NONE',  ( -2.382835146695035267, 12.62863240148741895, -11.44999999999999929 ) ) ;
#5815 = ORIENTED_EDGE ( 'NONE', *, *, #12100, .T. ) ;
#5816 = VERTEX_POINT ( 'NONE', #9889 ) ;
#5817 = CARTESIAN_POINT ( 'NONE',  ( 0.000000000000000000, 0.000000000000000000, 0.000000000000000000 ) ) ;
#5818 = ORIENTED_EDGE ( 'NONE', *, *, #2035, .F. ) ;
#5819 = CIRCLE ( 'NONE', #125, 1.499999999999980016 ) ;
#5820 = EDGE_CURVE ( 'NONE', #2542, #12371, #12063, .T. ) ;
#5821 = LINE ( 'NONE', #12551, #6050 ) ;
#5822 = DIRECTION ( 'NONE',  ( 0.000000000000000000, 0.000000000000000000, -1.000000000000000000 ) ) ;
#5823 = CARTESIAN_POINT ( 'NONE',  ( -1.500787922441104927, 11.75383624964603868, 3.550000000000000266 ) ) ;
#5824 = DIRECTION ( 'NONE',  ( 0.000000000000000000, -1.000000000000000000, 0.000000000000000000 ) ) ;
#5825 = LINE ( 'NONE', #10814, #1693 ) ;
#5826 = DIRECTION ( 'NONE',  ( 0.000000000000000000, 0.9438583563660177811, 0.3303504247281049411 ) ) ;
#5827 = CARTESIAN_POINT ( 'NONE',  ( -0.9000476708424469674, 10.66194478217150099, 3.550000000000000266 ) ) ;
#5828 = VERTEX_POINT ( 'NONE', #10962 ) ;
#5829 = ADVANCED_FACE ( 'NONE', ( #7838 ), #2710, .F. ) ;
#5830 = VECTOR ( 'NONE', #13037, 1000.000000000000114 ) ;
#5831 = EDGE_CURVE ( 'NONE', #4800, #3449, #7500, .T. ) ;
#5832 = LINE ( 'NONE', #7478, #10455 ) ;
#5833 = CARTESIAN_POINT ( 'NONE',  ( -0.9718728952031370216, 13.13773506781796030, 11.95000000000000107 ) ) ;
#5834 = ADVANCED_FACE ( 'NONE', ( #11792 ), #412, .F. ) ;
#5835 = AXIS2_PLACEMENT_3D ( 'NONE', #9834, #3781, #11677 ) ;
#5836 = ORIENTED_EDGE ( 'NONE', *, *, #5673, .T. ) ;
#5837 = EDGE_LOOP ( 'NONE', ( #3453, #8109, #7846, #7985, #7820, #11730 ) ) ;
#5838 = ORIENTED_EDGE ( 'NONE', *, *, #4152, .T. ) ;
#5839 = PLANE ( 'NONE',  #9156 ) ;
#5840 = CARTESIAN_POINT ( 'NONE',  ( -5.250000000000000000, 16.69999999999999929, 0.9000000000000000222 ) ) ;
#5841 = CARTESIAN_POINT ( 'NONE',  ( -1.530854753362479892, 11.74577986658169948, -1.449999999999999956 ) ) ;
#5842 = CARTESIAN_POINT ( 'NONE',  ( 2.317718362080883221, 10.13004388994448490, 7.922209971390785199 ) ) ;
#5843 = ORIENTED_EDGE ( 'NONE', *, *, #10942, .F. ) ;
#5844 = DIRECTION ( 'NONE',  ( -1.000000000000000000, -5.421010862427489630E-16, 0.000000000000000000 ) ) ;
#5845 = VECTOR ( 'NONE', #9393, 1000.000000000000114 ) ;
#5846 = DIRECTION ( 'NONE',  ( 1.000000000000000000, 0.000000000000000000, 0.000000000000000000 ) ) ;
#5847 = DIRECTION ( 'NONE',  ( 0.000000000000000000, 0.000000000000000000, 1.000000000000000000 ) ) ;
#5848 = VECTOR ( 'NONE', #4705, 1000.000000000000000 ) ;
#5849 = LINE ( 'NONE', #10617, #1570 ) ;
#5850 = EDGE_CURVE ( 'NONE', #10136, #9790, #3077, .T. ) ;
#5851 = VERTEX_POINT ( 'NONE', #5781 ) ;
#5852 = FACE_OUTER_BOUND ( 'NONE', #13005, .T. ) ;
#5853 = DIRECTION ( 'NONE',  ( 1.000000000000000000, 0.000000000000000000, 0.000000000000000000 ) ) ;
#5854 = DIRECTION ( 'NONE',  ( -1.000000000000000000, 0.000000000000000000, 0.000000000000000000 ) ) ;
#5855 = VECTOR ( 'NONE', #8533, 1000.000000000000000 ) ;
#5856 = DIRECTION ( 'NONE',  ( -0.5030199466302390787, 0.8642748019537022097, 0.000000000000000000 ) ) ;
#5857 = DIRECTION ( 'NONE',  ( 0.1470157664652034513, 0.1470157664652033958, -0.9781476007338042455 ) ) ;
#5858 = ADVANCED_FACE ( 'NONE', ( #7328 ), #9974, .F. ) ;
#5859 = CARTESIAN_POINT ( 'NONE',  ( -2.399604646138564945, 13.25676273017529994, -1.449999999999999956 ) ) ;
#5860 = ORIENTED_EDGE ( 'NONE', *, *, #6886, .T. ) ;
#5861 = VERTEX_POINT ( 'NONE', #10773 ) ;
#5862 = EDGE_LOOP ( 'NONE', ( #8836, #8613, #12007, #9300, #4908, #4286 ) ) ;
#5863 = AXIS2_PLACEMENT_3D ( 'NONE', #10625, #9482, #10528 ) ;
#5864 = ORIENTED_EDGE ( 'NONE', *, *, #4430, .T. ) ;
#5865 = LINE ( 'NONE', #12543, #10336 ) ;
#5866 = DIRECTION ( 'NONE',  ( 0.000000000000000000, 0.000000000000000000, 1.000000000000000000 ) ) ;
#5867 = LINE ( 'NONE', #8838, #10666 ) ;
#5868 = DIRECTION ( 'NONE',  ( 0.000000000000000000, 0.000000000000000000, -1.000000000000000000 ) ) ;
#5869 = LINE ( 'NONE', #270, #1189 ) ;
#5870 = EDGE_CURVE ( 'NONE', #806, #7590, #11961, .T. ) ;
#5871 = CARTESIAN_POINT ( 'NONE',  ( -2.149999999999999911, 0.000000000000000000, 7.450000000000000178 ) ) ;
#5872 = ORIENTED_EDGE ( 'NONE', *, *, #5614, .T. ) ;
#5873 = DIRECTION ( 'NONE',  ( 0.000000000000000000, 0.000000000000000000, -1.000000000000000000 ) ) ;
#5874 = EDGE_CURVE ( 'NONE', #9053, #4381, #12107, .T. ) ;
#5875 = VECTOR ( 'NONE', #11151, 1000.000000000000000 ) ;
#5876 = LINE ( 'NONE', #4419, #10347 ) ;
#5877 = DIRECTION ( 'NONE',  ( 0.000000000000000000, 0.000000000000000000, -1.000000000000000000 ) ) ;
#5878 = CARTESIAN_POINT ( 'NONE',  ( 5.275000000000000355, 0.000000000000000000, 16.44999999999999929 ) ) ;
#5879 = DIRECTION ( 'NONE',  ( 1.000000000000000000, 0.000000000000000000, 0.000000000000000000 ) ) ;
#5880 = ORIENTED_EDGE ( 'NONE', *, *, #7625, .T. ) ;
#5881 = ORIENTED_EDGE ( 'NONE', *, *, #12613, .F. ) ;
#5882 = CARTESIAN_POINT ( 'NONE',  ( -5.250000000000000000, 16.69999999999999929, 5.200000000000000178 ) ) ;
#5883 = VERTEX_POINT ( 'NONE', #9613 ) ;
#5884 = CARTESIAN_POINT ( 'NONE',  ( 2.149999999999999911, -4.000000000000000000, -6.850000000000000533 ) ) ;
#5885 = DIRECTION ( 'NONE',  ( 0.000000000000000000, 0.000000000000000000, -1.000000000000000000 ) ) ;
#5886 = DIRECTION ( 'NONE',  ( 0.000000000000000000, 0.000000000000000000, 1.000000000000000000 ) ) ;
#5887 = AXIS2_PLACEMENT_3D ( 'NONE', #7812, #13324, #4683 ) ;
#5888 = VERTEX_POINT ( 'NONE', #1461 ) ;
#5889 = VECTOR ( 'NONE', #2157, 1000.000000000000000 ) ;
#5890 = LINE ( 'NONE', #7271, #1566 ) ;
#5891 = LINE ( 'NONE', #10521, #5779 ) ;
#5892 = CARTESIAN_POINT ( 'NONE',  ( -2.850000000000000089, 0.000000000000000000, 13.15000000000000036 ) ) ;
#5893 = ORIENTED_EDGE ( 'NONE', *, *, #465, .T. ) ;
#5894 = CYLINDRICAL_SURFACE ( 'NONE', #8551, 1.500000000000000444 ) ;
#5895 = EDGE_CURVE ( 'NONE', #11349, #12667, #12018, .T. ) ;
#5896 = VECTOR ( 'NONE', #434, 1000.000000000000000 ) ;
#5897 = EDGE_CURVE ( 'NONE', #12575, #2368, #11856, .T. ) ;
#5898 = PLANE ( 'NONE',  #4423 ) ;
#5899 = DIRECTION ( 'NONE',  ( -0.7071067811865480168, 0.7071067811865470176, 0.000000000000000000 ) ) ;
#5900 = PLANE ( 'NONE',  #3516 ) ;
#5901 = DIRECTION ( 'NONE',  ( 0.5446390350150209780, 0.8386705679454279361, 0.000000000000000000 ) ) ;
#5902 = ORIENTED_EDGE ( 'NONE', *, *, #13421, .F. ) ;
#5903 = CARTESIAN_POINT ( 'NONE',  ( 2.292336484007150066, 2.043716946227315034, -15.15000000000000036 ) ) ;
#5904 = CARTESIAN_POINT ( 'NONE',  ( 2.740115085247985416, 9.987806976109879997, 16.44999999999999929 ) ) ;
#5905 = ORIENTED_EDGE ( 'NONE', *, *, #3845, .T. ) ;
#5906 = ORIENTED_EDGE ( 'NONE', *, *, #8724, .F. ) ;
#5907 = CARTESIAN_POINT ( 'NONE',  ( -5.575000000000000178, 9.830057098047229047, 4.850000000000000533 ) ) ;
#5908 = EDGE_CURVE ( 'NONE', #6547, #6419, #7364, .T. ) ;
#5909 = CARTESIAN_POINT ( 'NONE',  ( 2.149999999999999911, -4.000000000000000000, 13.15000000000000036 ) ) ;
#5910 = EDGE_LOOP ( 'NONE', ( #5174, #2529, #12488, #3822 ) ) ;
#5911 = LINE ( 'NONE', #7555, #10418 ) ;
#5912 = ADVANCED_FACE ( 'NONE', ( #11898 ), #1759, .F. ) ;
#5913 = VECTOR ( 'NONE', #5613, 1000.000000000000000 ) ;
#5914 = DIRECTION ( 'NONE',  ( 0.7071067811865474617, -0.7071067811865474617, 0.000000000000000000 ) ) ;
#5915 = AXIS2_PLACEMENT_3D ( 'NONE', #1561, #3652, #3746 ) ;
#5916 = DIRECTION ( 'NONE',  ( 0.000000000000000000, -1.000000000000000000, 0.000000000000000000 ) ) ;
#5917 = CARTESIAN_POINT ( 'NONE',  ( 2.399620453705762824, 10.13626525142479728, 13.19287921105120098 ) ) ;
#5918 = LINE ( 'NONE', #8381, #1472 ) ;
#5919 = CARTESIAN_POINT ( 'NONE',  ( 2.149999999999999911, 0.000000000000000000, -6.850000000000000533 ) ) ;
#5920 = CARTESIAN_POINT ( 'NONE',  ( -6.208456599567469425, 17.85384615384614904, -11.44999999999999929 ) ) ;
#5921 = DIRECTION ( 'NONE',  ( 0.6389710663783111366, -0.7692307692307711608, 0.000000000000000000 ) ) ;
#5922 = ORIENTED_EDGE ( 'NONE', *, *, #13555, .T. ) ;
#5923 = VECTOR ( 'NONE', #1288, 1000.000000000000000 ) ;
#5924 = CIRCLE ( 'NONE', #12716, 1.500000000000000000 ) ;
#5925 = FACE_OUTER_BOUND ( 'NONE', #4137, .T. ) ;
#5926 = CARTESIAN_POINT ( 'NONE',  ( -5.250000000000000000, 16.69999999999999929, -9.799999999999998934 ) ) ;
#5927 = AXIS2_PLACEMENT_3D ( 'NONE', #1854, #5868, #1755 ) ;
#5928 = ORIENTED_EDGE ( 'NONE', *, *, #4587, .F. ) ;
#5929 = ORIENTED_EDGE ( 'NONE', *, *, #9494, .F. ) ;
#5930 = ORIENTED_EDGE ( 'NONE', *, *, #11885, .T. ) ;
#5931 = CARTESIAN_POINT ( 'NONE',  ( -4.002709121030539663, 8.489437846237121832, -13.05000000000000071 ) ) ;
#5932 = DIRECTION ( 'NONE',  ( -0.5030199466302391897, 0.8642748019537023207, 0.000000000000000000 ) ) ;
#5933 = DIRECTION ( 'NONE',  ( 1.000000000000000000, 0.000000000000000000, 0.000000000000000000 ) ) ;
#5934 = ORIENTED_EDGE ( 'NONE', *, *, #148, .T. ) ;
#5935 = LINE ( 'NONE', #9854, #6049 ) ;
#5936 = DIRECTION ( 'NONE',  ( -0.7071067811865415775, -0.7071067811865535679, 0.000000000000000000 ) ) ;
#5937 = LINE ( 'NONE', #7425, #1468 ) ;
#5938 = LINE ( 'NONE', #11310, #903 ) ;
#5939 = AXIS2_PLACEMENT_3D ( 'NONE', #425, #9819, #7878 ) ;
#5940 = ORIENTED_EDGE ( 'NONE', *, *, #4863, .T. ) ;
#5941 = VECTOR ( 'NONE', #12538, 999.9999999999998863 ) ;
#5942 = ADVANCED_FACE ( 'NONE', ( #3321 ), #7792, .T. ) ;
#5943 = MANIFOLD_SOLID_BREP ( 'NONE', #1734 ) ;
#5944 = CIRCLE ( 'NONE', #4255, 1.300000000000000044 ) ;
#5945 = DIRECTION ( 'NONE',  ( 0.6389710663783129130, -0.7692307692307697176, 0.000000000000000000 ) ) ;
#5946 = CYLINDRICAL_SURFACE ( 'NONE', #470, 1.500000000000000000 ) ;
#5947 = DIRECTION ( 'NONE',  ( 0.7071067811865474617, 0.7071067811865474617, 0.000000000000000000 ) ) ;
#5948 = EDGE_CURVE ( 'NONE', #467, #703, #7305, .T. ) ;
#5949 = CARTESIAN_POINT ( 'NONE',  ( -2.149999999999999911, -3.945434298440979592, -7.005902004454338972 ) ) ;
#5950 = CARTESIAN_POINT ( 'NONE',  ( -6.750000000000000000, 16.69999999999999929, 0.2999999999999999889 ) ) ;
#5951 = ADVANCED_FACE ( 'NONE', ( #7444 ), #7815, .T. ) ;
#5952 = VERTEX_POINT ( 'NONE', #11017 ) ;
#5953 = ORIENTED_EDGE ( 'NONE', *, *, #7675, .T. ) ;
#5954 = EDGE_LOOP ( 'NONE', ( #12013, #377, #11761, #8735 ) ) ;
#5955 = EDGE_CURVE ( 'NONE', #7655, #8881, #11834, .T. ) ;
#5956 = ORIENTED_EDGE ( 'NONE', *, *, #2623, .T. ) ;
#5957 = LINE ( 'NONE', #10828, #10295 ) ;
#5958 = PLANE ( 'NONE',  #10130 ) ;
#5959 = LINE ( 'NONE', #7864, #10470 ) ;
#5960 = VECTOR ( 'NONE', #13161, 1000.000000000000000 ) ;
#5961 = EDGE_CURVE ( 'NONE', #1614, #6124, #7461, .T. ) ;
#5962 = DIRECTION ( 'NONE',  ( 1.000000000000000000, 0.000000000000000000, 0.000000000000000000 ) ) ;
#5963 = DIRECTION ( 'NONE',  ( 0.000000000000000000, 0.3303504247281054407, -0.9438583563660176701 ) ) ;
#5964 = FILL_AREA_STYLE ('',( #4919 ) ) ;
#5965 = ORIENTED_EDGE ( 'NONE', *, *, #3094, .F. ) ;
#5966 = LINE ( 'NONE', #8201, #10550 ) ;
#5967 = CARTESIAN_POINT ( 'NONE',  ( -6.330983280564429272, 18.00135094402205027, -1.449999999999999956 ) ) ;
#5968 = AXIS2_PLACEMENT_3D ( 'NONE', #653, #3915, #4607 ) ;
#5969 = VECTOR ( 'NONE', #11613, 1000.000000000000000 ) ;
#5970 = DIRECTION ( 'NONE',  ( 1.000000000000000000, 0.000000000000000000, 0.000000000000000000 ) ) ;
#5971 = EDGE_CURVE ( 'NONE', #6476, #9313, #8247, .T. ) ;
#5972 = CARTESIAN_POINT ( 'NONE',  ( -0.9000476708424469674, 10.66194478217150099, -8.050000000000000711 ) ) ;
#5973 = ADVANCED_FACE ( 'NONE', ( #12544 ), #12463, .F. ) ;
#5974 = EDGE_CURVE ( 'NONE', #877, #10806, #8125, .T. ) ;
#5975 = VERTEX_POINT ( 'NONE', #9880 ) ;
#5976 = VERTEX_POINT ( 'NONE', #1355 ) ;
#5977 = CARTESIAN_POINT ( 'NONE',  ( -5.250000000000000000, 16.69999999999999929, 4.599999999999999645 ) ) ;
#5978 = EDGE_LOOP ( 'NONE', ( #3710, #10895, #11723, #4487, #1939 ) ) ;
#5979 = DIRECTION ( 'NONE',  ( 1.000000000000000000, 0.000000000000000000, 0.000000000000000000 ) ) ;
#5980 = EDGE_CURVE ( 'NONE', #12956, #12632, #8218, .T. ) ;
#5981 = CARTESIAN_POINT ( 'NONE',  ( -5.250000000000000000, 18.19999999999999929, 15.19999999999999929 ) ) ;
#5982 = CARTESIAN_POINT ( 'NONE',  ( 4.330811839566820254, 5.568683097044850427, -9.750000000000000000 ) ) ;
#5983 = ORIENTED_EDGE ( 'NONE', *, *, #12954, .T. ) ;
#5984 = CIRCLE ( 'NONE', #7752, 1.500000000000000000 ) ;
#5985 = FACE_OUTER_BOUND ( 'NONE', #12704, .T. ) ;
#5986 = LINE ( 'NONE', #10041, #5726 ) ;
#5987 = AXIS2_PLACEMENT_3D ( 'NONE', #3212, #3039, #10692 ) ;
#5988 = LINE ( 'NONE', #10916, #6080 ) ;
#5989 = DIRECTION ( 'NONE',  ( 0.9659258262890700886, 0.2588190451025140226, 0.000000000000000000 ) ) ;
#5990 = ORIENTED_EDGE ( 'NONE', *, *, #3345, .F. ) ;
#5991 = LINE ( 'NONE', #10112, #6277 ) ;
#5992 = LINE ( 'NONE', #5892, #1427 ) ;
#5993 = LINE ( 'NONE', #3168, #10502 ) ;
#5994 = CARTESIAN_POINT ( 'NONE',  ( -0.9000476708424469674, 10.66194478217150099, -11.44999999999999929 ) ) ;
#5995 = CARTESIAN_POINT ( 'NONE',  ( -0.6056176130837679361, 7.110999999999999766, 15.75000000000000000 ) ) ;
#5996 = VERTEX_POINT ( 'NONE', #9517 ) ;
#5997 = CARTESIAN_POINT ( 'NONE',  ( -0.1000000000000016015, 8.800000000000000711, 15.84999999999999964 ) ) ;
#5998 = CARTESIAN_POINT ( 'NONE',  ( -2.149999999999999911, -4.000000000000000000, 12.62500000000000000 ) ) ;
#5999 = ORIENTED_EDGE ( 'NONE', *, *, #12153, .T. ) ;
#6000 = ORIENTED_EDGE ( 'NONE', *, *, #4642, .F. ) ;
#6001 = CARTESIAN_POINT ( 'NONE',  ( -5.246999171586890220, 7.618176573118209838, -3.050000000000000266 ) ) ;
#6002 = CARTESIAN_POINT ( 'NONE',  ( -0.003459225755823794844, 12.44853857463906088, 15.84999999999999964 ) ) ;
#6003 = ORIENTED_EDGE ( 'NONE', *, *, #8989, .T. ) ;
#6004 = EDGE_CURVE ( 'NONE', #5085, #631, #3703, .T. ) ;
#6005 = CYLINDRICAL_SURFACE ( 'NONE', #7367, 1.500000000000000444 ) ;
#6006 = VECTOR ( 'NONE', #2451, 1000.000000000000114 ) ;
#6007 = DIRECTION ( 'NONE',  ( -0.5735764363510499342, 0.8191520442889891340, 0.000000000000000000 ) ) ;
#6008 = VECTOR ( 'NONE', #12991, 1000.000000000000000 ) ;
#6009 = DIRECTION ( 'NONE',  ( 2.478176394252580155E-15, 0.000000000000000000, -1.000000000000000000 ) ) ;
#6010 = DIRECTION ( 'NONE',  ( 0.000000000000000000, 0.000000000000000000, -1.000000000000000000 ) ) ;
#6011 = CARTESIAN_POINT ( 'NONE',  ( -3.649999999999999911, 11.17795660910094036, 3.550000000000000266 ) ) ;
#6012 = DIRECTION ( 'NONE',  ( 0.000000000000000000, 0.000000000000000000, -1.000000000000000000 ) ) ;
#6013 = CARTESIAN_POINT ( 'NONE',  ( 2.740115085247985416, 9.987806976109879997, 16.44999999999999929 ) ) ;
#6014 = DIRECTION ( 'NONE',  ( -0.6389710663783129130, 0.7692307692307698286, 0.000000000000000000 ) ) ;
#6015 = EDGE_LOOP ( 'NONE', ( #2366, #2121, #12895, #11039 ) ) ;
#6016 = AXIS2_PLACEMENT_3D ( 'NONE', #11441, #12432, #9488 ) ;
#6017 = LINE ( 'NONE', #12280, #6184 ) ;
#6018 = LINE ( 'NONE', #13123, #10326 ) ;
#6019 = VECTOR ( 'NONE', #3975, 1000.000000000000000 ) ;
#6020 = ORIENTED_EDGE ( 'NONE', *, *, #9054, .F. ) ;
#6021 = EDGE_CURVE ( 'NONE', #7155, #6194, #3566, .T. ) ;
#6022 = ORIENTED_EDGE ( 'NONE', *, *, #5363, .T. ) ;
#6023 = ORIENTED_EDGE ( 'NONE', *, *, #7225, .T. ) ;
#6024 = DIRECTION ( 'NONE',  ( -0.7692307692307698286, -0.6389710663783129130, 0.000000000000000000 ) ) ;
#6025 = PLANE ( 'NONE',  #9 ) ;
#6026 = CARTESIAN_POINT ( 'NONE',  ( -0.9000476708424469674, 10.66194478217150099, 3.550000000000000266 ) ) ;
#6027 = VERTEX_POINT ( 'NONE', #12726 ) ;
#6028 = LINE ( 'NONE', #8245, #1417 ) ;
#6029 = ADVANCED_FACE ( 'NONE', ( #3755 ), #8311, .T. ) ;
#6030 = VECTOR ( 'NONE', #6957, 1000.000000000000000 ) ;
#6031 = LINE ( 'NONE', #9077, #10096 ) ;
#6032 = VECTOR ( 'NONE', #6829, 999.9999999999998863 ) ;
#6033 = ORIENTED_EDGE ( 'NONE', *, *, #381, .T. ) ;
#6034 = CYLINDRICAL_SURFACE ( 'NONE', #4984, 1.000000000000028200 ) ;
#6035 = CIRCLE ( 'NONE', #10293, 1.500000000000000000 ) ;
#6036 = CARTESIAN_POINT ( 'NONE',  ( -5.305582036247210809, 7.577156409673130533, -10.00000000000000000 ) ) ;
#6037 = DIRECTION ( 'NONE',  ( 0.000000000000000000, 0.000000000000000000, -1.000000000000000000 ) ) ;
#6038 = AXIS2_PLACEMENT_3D ( 'NONE', #9696, #7488, #6300 ) ;
#6039 = VECTOR ( 'NONE', #4955, 1000.000000000000114 ) ;
#6040 = DIRECTION ( 'NONE',  ( 0.000000000000000000, 0.000000000000000000, -1.000000000000000000 ) ) ;
#6041 = CARTESIAN_POINT ( 'NONE',  ( -1.250000000000000000, 0.000000000000000000, 15.84999999999999964 ) ) ;
#6042 = DIRECTION ( 'NONE',  ( 0.7071067811865474617, 0.7071067811865474617, 0.000000000000000000 ) ) ;
#6043 = ORIENTED_EDGE ( 'NONE', *, *, #10991, .T. ) ;
#6044 = EDGE_CURVE ( 'NONE', #1792, #12034, #3730, .T. ) ;
#6045 = EDGE_LOOP ( 'NONE', ( #604, #7467, #7184, #8227 ) ) ;
#6046 = EDGE_LOOP ( 'NONE', ( #4304, #687, #8308, #12860 ) ) ;
#6047 = EDGE_CURVE ( 'NONE', #9739, #8333, #8338, .T. ) ;
#6048 = EDGE_LOOP ( 'NONE', ( #11277, #6934, #8559, #10247 ) ) ;
#6049 = VECTOR ( 'NONE', #1328, 1000.000000000000000 ) ;
#6050 = VECTOR ( 'NONE', #8195, 1000.000000000000000 ) ;
#6051 = VECTOR ( 'NONE', #9863, 1000.000000000000000 ) ;
#6052 = DIRECTION ( 'NONE',  ( 0.000000000000000000, 0.000000000000000000, -1.000000000000000000 ) ) ;
#6053 = LINE ( 'NONE', #5176, #1519 ) ;
#6054 = ORIENTED_EDGE ( 'NONE', *, *, #3981, .F. ) ;
#6055 = LINE ( 'NONE', #3393, #6110 ) ;
#6056 = DIRECTION ( 'NONE',  ( -0.7071067811865475727, -0.7071067811865475727, 0.000000000000000000 ) ) ;
#6057 = ADVANCED_FACE ( 'NONE', ( #12737 ), #7968, .F. ) ;
#6058 = DIRECTION ( 'NONE',  ( 0.5735764363510511554, -0.8191520442889882458, 0.000000000000000000 ) ) ;
#6059 = LINE ( 'NONE', #9912, #1478 ) ;
#6060 = EDGE_CURVE ( 'NONE', #12495, #333, #12878, .T. ) ;
#6061 = LINE ( 'NONE', #6087, #10777 ) ;
#6062 = DIRECTION ( 'NONE',  ( 1.000000000000000000, 0.000000000000000000, 0.000000000000000000 ) ) ;
#6063 = AXIS2_PLACEMENT_3D ( 'NONE', #13190, #12238, #13282 ) ;
#6064 = AXIS2_PLACEMENT_3D ( 'NONE', #11933, #3880, #9737 ) ;
#6065 = CARTESIAN_POINT ( 'NONE',  ( -6.750000000000000000, 16.69999999999999929, -9.799999999999998934 ) ) ;
#6066 = ORIENTED_EDGE ( 'NONE', *, *, #8277, .T. ) ;
#6067 = VERTEX_POINT ( 'NONE', #6497 ) ;
#6068 = VERTEX_POINT ( 'NONE', #3540 ) ;
#6069 = DIRECTION ( 'NONE',  ( -0.5735764363510499342, 0.8191520442889891340, 0.000000000000000000 ) ) ;
#6070 = EDGE_CURVE ( 'NONE', #13103, #8975, #3432, .T. ) ;
#6071 = DIRECTION ( 'NONE',  ( -0.000000000000000000, 0.3303504247281054407, 0.9438583563660176701 ) ) ;
#6072 = FILL_AREA_STYLE ('',( #5387 ) ) ;
#6073 = PLANE ( 'NONE',  #1597 ) ;
#6074 = ORIENTED_EDGE ( 'NONE', *, *, #13550, .T. ) ;
#6075 = AXIS2_PLACEMENT_3D ( 'NONE', #11220, #12133, #12046 ) ;
#6076 = LINE ( 'NONE', #554, #6176 ) ;
#6077 = EDGE_CURVE ( 'NONE', #10122, #11073, #12810, .T. ) ;
#6078 = LINE ( 'NONE', #1925, #10357 ) ;
#6079 = LINE ( 'NONE', #8806, #6051 ) ;
#6080 = VECTOR ( 'NONE', #11776, 1000.000000000000000 ) ;
#6081 = DIRECTION ( 'NONE',  ( 0.000000000000000000, 0.000000000000000000, -1.000000000000000000 ) ) ;
#6082 = VERTEX_POINT ( 'NONE', #8820 ) ;
#6083 = LINE ( 'NONE', #1933, #10648 ) ;
#6084 = CYLINDRICAL_SURFACE ( 'NONE', #9820, 1.499999999999980238 ) ;
#6085 = DIRECTION ( 'NONE',  ( 1.000000000000000000, 0.000000000000000000, 0.000000000000000000 ) ) ;
#6086 = ADVANCED_FACE ( 'NONE', ( #12401 ), #122, .F. ) ;
#6087 = CARTESIAN_POINT ( 'NONE',  ( 2.740115085247985416, 9.987806976109879997, 16.44999999999999929 ) ) ;
#6088 = EDGE_CURVE ( 'NONE', #12575, #1284, #3780, .T. ) ;
#6089 = DIRECTION ( 'NONE',  ( 0.000000000000000000, 0.000000000000000000, -1.000000000000000000 ) ) ;
#6090 = DIRECTION ( 'NONE',  ( 0.000000000000000000, 0.000000000000000000, 1.000000000000000000 ) ) ;
#6091 = AXIS2_PLACEMENT_3D ( 'NONE', #6390, #10459, #1254 ) ;
#6092 = ORIENTED_EDGE ( 'NONE', *, *, #6803, .T. ) ;
#6093 = CARTESIAN_POINT ( 'NONE',  ( -6.208456599567469425, 17.85384615384614904, 13.54999999999999893 ) ) ;
#6094 = VERTEX_POINT ( 'NONE', #3456 ) ;
#6095 = ORIENTED_EDGE ( 'NONE', *, *, #5980, .F. ) ;
#6096 = CARTESIAN_POINT ( 'NONE',  ( -6.077610530143179979, 9.327446567904038588, 13.54999999999999893 ) ) ;
#6097 = DIRECTION ( 'NONE',  ( 0.000000000000000000, 1.000000000000000000, 0.000000000000000000 ) ) ;
#6098 = ADVANCED_FACE ( 'NONE', ( #3369 ), #2359, .F. ) ;
#6099 = DIRECTION ( 'NONE',  ( -0.7071067811865475727, 0.7071067811865475727, 0.000000000000000000 ) ) ;
#6100 = ORIENTED_EDGE ( 'NONE', *, *, #6241, .T. ) ;
#6101 = FACE_OUTER_BOUND ( 'NONE', #6671, .T. ) ;
#6102 = CIRCLE ( 'NONE', #10642, 0.8748868766599395830 ) ;
#6103 = VECTOR ( 'NONE', #1672, 1000.000000000000114 ) ;
#6104 = DIRECTION ( 'NONE',  ( -0.4834473103160809582, 0.8753734620995469173, 0.000000000000000000 ) ) ;
#6105 = CARTESIAN_POINT ( 'NONE',  ( -7.014921993108779397, 16.26222191265249961, -1.449999999999999956 ) ) ;
#6106 = CARTESIAN_POINT ( 'NONE',  ( 3.341155849256549626, 9.386766212101310458, 4.049999999999999822 ) ) ;
#6107 = VECTOR ( 'NONE', #8564, 1000.000000000000000 ) ;
#6108 = SURFACE_SIDE_STYLE ('',( #2122 ) ) ;
#6109 = ORIENTED_EDGE ( 'NONE', *, *, #11527, .F. ) ;
#6110 = VECTOR ( 'NONE', #10394, 1000.000000000000000 ) ;
#6111 = EDGE_CURVE ( 'NONE', #57, #5148, #8104, .T. ) ;
#6112 = FACE_OUTER_BOUND ( 'NONE', #10179, .T. ) ;
#6113 = UNCERTAINTY_MEASURE_WITH_UNIT (LENGTH_MEASURE( 1.000000000000000082E-05 ), #10581, 'distance_accuracy_value', 'NONE');
#6114 = FACE_OUTER_BOUND ( 'NONE', #2788, .T. ) ;
#6115 = DIRECTION ( 'NONE',  ( 0.000000000000000000, 0.000000000000000000, -1.000000000000000000 ) ) ;
#6116 = ORIENTED_EDGE ( 'NONE', *, *, #3296, .F. ) ;
#6117 = ORIENTED_EDGE ( 'NONE', *, *, #5908, .T. ) ;
#6118 = EDGE_LOOP ( 'NONE', ( #6003, #9261, #1637, #10395 ) ) ;
#6119 = AXIS2_PLACEMENT_3D ( 'NONE', #6862, #7844, #13086 ) ;
#6120 = PLANE ( 'NONE',  #9168 ) ;
#6121 = EDGE_CURVE ( 'NONE', #703, #11330, #8291, .T. ) ;
#6122 = DIRECTION ( 'NONE',  ( 0.7071067811865420216, -0.7071067811865531239, 0.000000000000000000 ) ) ;
#6123 = DIRECTION ( 'NONE',  ( -0.7071067811865475727, 0.7071067811865475727, 0.000000000000000000 ) ) ;
#6124 = VERTEX_POINT ( 'NONE', #2520 ) ;
#6125 = VECTOR ( 'NONE', #12350, 1000.000000000000000 ) ;
#6126 = DIRECTION ( 'NONE',  ( 0.000000000000000000, 0.000000000000000000, -1.000000000000000000 ) ) ;
#6127 = DIRECTION ( 'NONE',  ( 0.000000000000000000, 0.9438583563660177811, 0.3303504247281049411 ) ) ;
#6128 = CARTESIAN_POINT ( 'NONE',  ( 4.768393923934000078, 7.110999999999999766, 15.75000000000000000 ) ) ;
#6129 = EDGE_LOOP ( 'NONE', ( #10927, #9358, #10505, #720 ) ) ;
#6130 = VECTOR ( 'NONE', #12468, 999.9999999999998863 ) ;
#6131 = LINE ( 'NONE', #3656, #6416 ) ;
#6132 = LINE ( 'NONE', #8605, #1235 ) ;
#6133 = EDGE_CURVE ( 'NONE', #6094, #10097, #12856, .T. ) ;
#6134 = ORIENTED_EDGE ( 'NONE', *, *, #7405, .F. ) ;
#6135 = VECTOR ( 'NONE', #2022, 1000.000000000000114 ) ;
#6136 = VECTOR ( 'NONE', #9037, 1000.000000000000000 ) ;
#6137 = CARTESIAN_POINT ( 'NONE',  ( -5.246999171586890220, 7.618176573118209838, -0.1499999999999999944 ) ) ;
#6138 = LINE ( 'NONE', #529, #6019 ) ;
#6139 = CARTESIAN_POINT ( 'NONE',  ( -2.399604646138564945, 13.25676273017529994, 3.550000000000000266 ) ) ;
#6140 = CARTESIAN_POINT ( 'NONE',  ( 3.341155849256549626, 9.386766212101310458, 14.05000000000000071 ) ) ;
#6141 = DIRECTION ( 'NONE',  ( -0.8542610676133731706, -0.1506292747890529971, 0.4975428121645250612 ) ) ;
#6142 = CARTESIAN_POINT ( 'NONE',  ( -0.3068375333655289916, 3.709528983774060151, -15.84999999999999964 ) ) ;
#6143 = EDGE_CURVE ( 'NONE', #6171, #7275, #3458, .T. ) ;
#6144 = ORIENTED_EDGE ( 'NONE', *, *, #4910, .T. ) ;
#6145 = EDGE_CURVE ( 'NONE', #9506, #898, #8200, .T. ) ;
#6146 = ORIENTED_EDGE ( 'NONE', *, *, #10343, .F. ) ;
#6147 = VERTEX_POINT ( 'NONE', #2184 ) ;
#6148 = AXIS2_PLACEMENT_3D ( 'NONE', #6756, #8977, #8887 ) ;
#6149 = ORIENTED_EDGE ( 'NONE', *, *, #11061, .T. ) ;
#6150 = LINE ( 'NONE', #9299, #5845 ) ;
#6151 = ORIENTED_EDGE ( 'NONE', *, *, #4042, .F. ) ;
#6152 = EDGE_CURVE ( 'NONE', #6419, #9340, #12420, .T. ) ;
#6153 = VECTOR ( 'NONE', #2622, 1000.000000000000000 ) ;
#6154 = CIRCLE ( 'NONE', #4583, 1.499999999999980016 ) ;
#6155 = FACE_OUTER_BOUND ( 'NONE', #5268, .T. ) ;
#6156 = CARTESIAN_POINT ( 'NONE',  ( 2.648455771507307155, 10.07946628985054893, 11.87840150524794502 ) ) ;
#6157 = ORIENTED_EDGE ( 'NONE', *, *, #4108, .T. ) ;
#6158 = DIRECTION ( 'NONE',  ( 0.000000000000000000, 0.000000000000000000, 1.000000000000000000 ) ) ;
#6159 = DIRECTION ( 'NONE',  ( 1.000000000000000000, 0.000000000000000000, 0.000000000000000000 ) ) ;
#6160 = ADVANCED_FACE ( 'NONE', ( #7929 ), #8148, .F. ) ;
#6161 = FACE_OUTER_BOUND ( 'NONE', #12859, .T. ) ;
#6162 = EDGE_CURVE ( 'NONE', #3941, #5461, #12686, .T. ) ;
#6163 = CIRCLE ( 'NONE', #13376, 0.8748868766599395830 ) ;
#6164 = PLANE ( 'NONE',  #10305 ) ;
#6165 = CARTESIAN_POINT ( 'NONE',  ( -5.001253558300190249, 7.790249504023520011, 13.54999999999999893 ) ) ;
#6166 = CARTESIAN_POINT ( 'NONE',  ( 2.149999999999999911, -4.000000000000000000, 7.450000000000000178 ) ) ;
#6167 = AXIS2_PLACEMENT_3D ( 'NONE', #4935, #9027, #5979 ) ;
#6168 = VERTEX_POINT ( 'NONE', #11050 ) ;
#6169 = CLOSED_SHELL ( 'NONE', ( #5318, #4633, #12937, #12883, #2668, #10698, #6098, #13331, #4615, #8339, #111, #468, #6933, #3611, #9411, #6882, #2731, #1914, #6910, #3973, #5559, #4522, #5587, #3361, #6029, #6765 ) ) ;
#6170 = DIRECTION ( 'NONE',  ( 0.000000000000000000, 0.000000000000000000, 1.000000000000000000 ) ) ;
#6171 = VERTEX_POINT ( 'NONE', #7200 ) ;
#6172 =( NAMED_UNIT ( * ) PLANE_ANGLE_UNIT ( ) SI_UNIT ( $, .RADIAN. ) );
#6173 = CARTESIAN_POINT ( 'NONE',  ( -5.575000000000000178, 9.830057098047239705, 13.54999999999999893 ) ) ;
#6174 = CARTESIAN_POINT ( 'NONE',  ( -0.6056176130837679361, 7.110999999999999766, 15.75000000000000000 ) ) ;
#6175 = VERTEX_POINT ( 'NONE', #13269 ) ;
#6176 = VECTOR ( 'NONE', #3702, 1000.000000000000000 ) ;
#6177 = CARTESIAN_POINT ( 'NONE',  ( -6.208456599567469425, 17.85384615384614904, -11.44999999999999929 ) ) ;
#6178 = ORIENTED_EDGE ( 'NONE', *, *, #11445, .F. ) ;
#6179 = VECTOR ( 'NONE', #5873, 1000.000000000000000 ) ;
#6180 = CYLINDRICAL_SURFACE ( 'NONE', #137, 0.8000000000000003775 ) ;
#6181 = VECTOR ( 'NONE', #4355, 1000.000000000000000 ) ;
#6182 = CARTESIAN_POINT ( 'NONE',  ( -5.809933491950640239, 18.09157266594019831, -4.100000000000000533 ) ) ;
#6183 = VERTEX_POINT ( 'NONE', #5950 ) ;
#6184 = VECTOR ( 'NONE', #7904, 1000.000000000000000 ) ;
#6185 = LINE ( 'NONE', #10152, #5875 ) ;
#6186 = PLANE ( 'NONE',  #10153 ) ;
#6187 = DIRECTION ( 'NONE',  ( 0.000000000000000000, 0.000000000000000000, 1.000000000000000000 ) ) ;
#6188 = DIRECTION ( 'NONE',  ( 1.000000000000000000, 0.000000000000000000, 0.000000000000000000 ) ) ;
#6189 = ADVANCED_FACE ( 'NONE', ( #12443 ), #2605, .T. ) ;
#6190 = CARTESIAN_POINT ( 'NONE',  ( -1.500787922441100042, 11.75383624964603868, -15.15000000000000036 ) ) ;
#6191 = VERTEX_POINT ( 'NONE', #6142 ) ;
#6192 = CARTESIAN_POINT ( 'NONE',  ( -5.575000000000000178, 16.69999999999999929, -1.449999999999999956 ) ) ;
#6193 = DIRECTION ( 'NONE',  ( 0.6389710663783129130, -0.7692307692307697176, 0.000000000000000000 ) ) ;
#6194 = VERTEX_POINT ( 'NONE', #12319 ) ;
#6195 = VERTEX_POINT ( 'NONE', #2958 ) ;
#6196 = AXIS2_PLACEMENT_3D ( 'NONE', #10339, #5031, #2898 ) ;
#6197 = CARTESIAN_POINT ( 'NONE',  ( -2.442193645700425186, 12.96803417904112088, 8.550000000000000711 ) ) ;
#6198 = EDGE_LOOP ( 'NONE', ( #1647, #3816, #3618, #6393, #3952, #5474 ) ) ;
#6199 = VECTOR ( 'NONE', #10734, 1000.000000000000000 ) ;
#6200 = ORIENTED_EDGE ( 'NONE', *, *, #8076, .T. ) ;
#6201 = FACE_OUTER_BOUND ( 'NONE', #8372, .T. ) ;
#6202 = VECTOR ( 'NONE', #2714, 1000.000000000000000 ) ;
#6203 = CARTESIAN_POINT ( 'NONE',  ( 2.850000000000000089, -4.000000000000000000, -1.850000000000000089 ) ) ;
#6204 = LINE ( 'NONE', #1407, #10722 ) ;
#6205 = DIRECTION ( 'NONE',  ( 1.000000000000000000, 0.000000000000000000, 0.000000000000000000 ) ) ;
#6206 = DIRECTION ( 'NONE',  ( -0.4834473103160809582, 0.8753734620995469173, 0.000000000000000000 ) ) ;
#6207 = CARTESIAN_POINT ( 'NONE',  ( -5.149861993732639753, 10.12774193481510032, -1.449999999999999956 ) ) ;
#6208 = ORIENTED_EDGE ( 'NONE', *, *, #2546, .F. ) ;
#6209 = EDGE_CURVE ( 'NONE', #8206, #12259, #12527, .T. ) ;
#6210 = FACE_OUTER_BOUND ( 'NONE', #4341, .T. ) ;
#6211 = LINE ( 'NONE', #9646, #1360 ) ;
#6212 = ORIENTED_EDGE ( 'NONE', *, *, #963, .F. ) ;
#6213 = VERTEX_POINT ( 'NONE', #13090 ) ;
#6214 = VERTEX_POINT ( 'NONE', #2874 ) ;
#6215 = CARTESIAN_POINT ( 'NONE',  ( -4.478428631448714725, 16.48862918074649997, -5.400000000000000355 ) ) ;
#6216 = DIRECTION ( 'NONE',  ( 0.000000000000000000, 0.000000000000000000, 1.000000000000000000 ) ) ;
#6217 = AXIS2_PLACEMENT_3D ( 'NONE', #6266, #9293, #6361 ) ;
#6218 = ORIENTED_EDGE ( 'NONE', *, *, #3135, .T. ) ;
#6219 = VECTOR ( 'NONE', #8529, 1000.000000000000000 ) ;
#6220 = DIRECTION ( 'NONE',  ( 0.000000000000000000, 0.000000000000000000, -1.000000000000000000 ) ) ;
#6221 = DIRECTION ( 'NONE',  ( 0.000000000000000000, 0.000000000000000000, -1.000000000000000000 ) ) ;
#6222 = ORIENTED_EDGE ( 'NONE', *, *, #1480, .T. ) ;
#6223 = VECTOR ( 'NONE', #10481, 1000.000000000000000 ) ;
#6224 = LINE ( 'NONE', #3057, #2047 ) ;
#6225 = LINE ( 'NONE', #11493, #1306 ) ;
#6226 = VERTEX_POINT ( 'NONE', #10147 ) ;
#6227 = VECTOR ( 'NONE', #9148, 1000.000000000000000 ) ;
#6228 = EDGE_CURVE ( 'NONE', #6781, #10071, #12506, .T. ) ;
#6229 = LINE ( 'NONE', #3673, #5896 ) ;
#6230 = CARTESIAN_POINT ( 'NONE',  ( 2.537784285261716288, 10.11972773790644631, -2.972613613490651563 ) ) ;
#6231 = AXIS2_PLACEMENT_3D ( 'NONE', #569, #5847, #8102 ) ;
#6232 = FACE_OUTER_BOUND ( 'NONE', #7691, .T. ) ;
#6233 = EDGE_CURVE ( 'NONE', #11415, #6735, #3517, .T. ) ;
#6234 = CARTESIAN_POINT ( 'NONE',  ( -5.809933491950640239, 18.09157266594019831, 0.9000000000000000222 ) ) ;
#6235 = PLANE ( 'NONE',  #4059 ) ;
#6236 = CARTESIAN_POINT ( 'NONE',  ( -5.316253523062870023, 17.49725182388110056, 0.9000000000000000222 ) ) ;
#6237 = CARTESIAN_POINT ( 'NONE',  ( -5.250000000000000000, 18.19999999999999929, -14.69999999999999929 ) ) ;
#6238 = ORIENTED_EDGE ( 'NONE', *, *, #3558, .T. ) ;
#6239 = ORIENTED_EDGE ( 'NONE', *, *, #524, .F. ) ;
#6240 = VERTEX_POINT ( 'NONE', #10236 ) ;
#6241 = EDGE_CURVE ( 'NONE', #9953, #9412, #3612, .T. ) ;
#6242 = ORIENTED_EDGE ( 'NONE', *, *, #5460, .T. ) ;
#6243 = ORIENTED_EDGE ( 'NONE', *, *, #4938, .F. ) ;
#6244 = FACE_OUTER_BOUND ( 'NONE', #2306, .T. ) ;
#6245 = CIRCLE ( 'NONE', #7842, 0.8000000000000003775 ) ;
#6246 = MECHANICAL_DESIGN_GEOMETRIC_PRESENTATION_REPRESENTATION (  '', ( #7686 ), #7076 ) ;
#6247 = FACE_OUTER_BOUND ( 'NONE', #8241, .T. ) ;
#6248 = DIRECTION ( 'NONE',  ( -0.5735764363510499342, 0.8191520442889891340, 0.000000000000000000 ) ) ;
#6249 = VERTEX_POINT ( 'NONE', #7114 ) ;
#6250 = DIRECTION ( 'NONE',  ( -1.000000000000000000, 0.000000000000000000, 0.000000000000000000 ) ) ;
#6251 = CARTESIAN_POINT ( 'NONE',  ( -2.149999999999999911, -3.945434298440979592, 2.994097995545655255 ) ) ;
#6252 = CIRCLE ( 'NONE', #472, 1.500000000000000000 ) ;
#6253 = LINE ( 'NONE', #2823, #6039 ) ;
#6254 = EDGE_CURVE ( 'NONE', #4160, #5354, #3639, .T. ) ;
#6255 = DIRECTION ( 'NONE',  ( 0.000000000000000000, -1.000000000000000000, 0.000000000000000000 ) ) ;
#6256 = EDGE_CURVE ( 'NONE', #3462, #4786, #12711, .T. ) ;
#6257 = AXIS2_PLACEMENT_3D ( 'NONE', #10937, #12992, #1151 ) ;
#6258 = DIRECTION ( 'NONE',  ( -0.5735764363510499342, 0.8191520442889891340, 0.000000000000000000 ) ) ;
#6259 = ORIENTED_EDGE ( 'NONE', *, *, #13289, .T. ) ;
#6260 = VERTEX_POINT ( 'NONE', #9185 ) ;
#6261 = CARTESIAN_POINT ( 'NONE',  ( 4.768393923934000078, 7.110999999999999766, 15.84999999999999964 ) ) ;
#6262 = ORIENTED_EDGE ( 'NONE', *, *, #6708, .T. ) ;
#6263 = DIRECTION ( 'NONE',  ( 0.000000000000000000, 0.000000000000000000, -1.000000000000000000 ) ) ;
#6264 = DIRECTION ( 'NONE',  ( 1.000000000000000000, 0.000000000000000000, 0.000000000000000000 ) ) ;
#6265 =( LENGTH_UNIT ( ) NAMED_UNIT ( * ) SI_UNIT ( .MILLI., .METRE. ) );
#6266 = CARTESIAN_POINT ( 'NONE',  ( -2.850000000000000089, 0.6999999999999999556, 15.75000000000000000 ) ) ;
#6267 = EDGE_LOOP ( 'NONE', ( #6896, #13104, #6960, #4927 ) ) ;
#6268 = CIRCLE ( 'NONE', #7995, 1.000000000000027978 ) ;
#6269 = EDGE_LOOP ( 'NONE', ( #12534, #9595, #7956 ) ) ;
#6270 = FACE_OUTER_BOUND ( 'NONE', #10094, .T. ) ;
#6271 = LINE ( 'NONE', #10304, #1643 ) ;
#6272 = VECTOR ( 'NONE', #3291, 1000.000000000000114 ) ;
#6273 = EDGE_CURVE ( 'NONE', #3688, #1272, #8799, .T. ) ;
#6274 = AXIS2_PLACEMENT_3D ( 'NONE', #121, #6395, #3274 ) ;
#6275 = PLANE ( 'NONE',  #2868 ) ;
#6276 = VERTEX_POINT ( 'NONE', #6946 ) ;
#6277 = VECTOR ( 'NONE', #2843, 1000.000000000000000 ) ;
#6278 = ADVANCED_FACE ( 'NONE', ( #13013 ), #8999, .F. ) ;
#6279 = ORIENTED_EDGE ( 'NONE', *, *, #4196, .T. ) ;
#6280 = LINE ( 'NONE', #9464, #10754 ) ;
#6281 = DIRECTION ( 'NONE',  ( 0.8191520442889898002, 0.5735764363510488240, 0.000000000000000000 ) ) ;
#6282 = CARTESIAN_POINT ( 'NONE',  ( -5.250000000000000000, 16.69999999999999929, -4.100000000000000533 ) ) ;
#6283 = PLANE ( 'NONE',  #3009 ) ;
#6284 = EDGE_LOOP ( 'NONE', ( #144, #3265, #8802, #5789 ) ) ;
#6285 = CARTESIAN_POINT ( 'NONE',  ( 2.174429660298744960, 7.725065276312930607, -6.375113123340060639 ) ) ;
#6286 = DIRECTION ( 'NONE',  ( 1.000000000000000000, 0.000000000000000000, 0.000000000000000000 ) ) ;
#6287 = EDGE_LOOP ( 'NONE', ( #5231, #327, #10078, #4077 ) ) ;
#6288 = VERTEX_POINT ( 'NONE', #7850 ) ;
#6289 = DIRECTION ( 'NONE',  ( -0.6389710663783129130, 0.7692307692307697176, 0.000000000000000000 ) ) ;
#6290 = ORIENTED_EDGE ( 'NONE', *, *, #12879, .T. ) ;
#6291 = VECTOR ( 'NONE', #5069, 1000.000000000000000 ) ;
#6292 = ORIENTED_EDGE ( 'NONE', *, *, #603, .T. ) ;
#6293 = VECTOR ( 'NONE', #10159, 1000.000000000000000 ) ;
#6294 = VECTOR ( 'NONE', #923, 999.9999999999998863 ) ;
#6295 = EDGE_CURVE ( 'NONE', #8278, #9827, #4113, .T. ) ;
#6296 = CARTESIAN_POINT ( 'NONE',  ( -2.149999999999999911, 0.000000000000000000, -11.84999999999999964 ) ) ;
#6297 = VECTOR ( 'NONE', #9434, 1000.000000000000000 ) ;
#6298 = CARTESIAN_POINT ( 'NONE',  ( -1.500787922441104927, 11.75383624964603868, 16.44999999999999929 ) ) ;
#6299 = CARTESIAN_POINT ( 'NONE',  ( -7.080000000000000071, 16.69999999999999929, 1.949999999999999956 ) ) ;
#6300 = DIRECTION ( 'NONE',  ( 0.7071067811865477948, -0.7071067811865471286, 0.000000000000000000 ) ) ;
#6301 = ORIENTED_EDGE ( 'NONE', *, *, #6847, .T. ) ;
#6302 = VECTOR ( 'NONE', #9059, 1000.000000000000000 ) ;
#6303 = ADVANCED_FACE ( 'NONE', ( #4269 ), #12926, .T. ) ;
#6304 = VERTEX_POINT ( 'NONE', #9964 ) ;
#6305 =( GEOMETRIC_REPRESENTATION_CONTEXT ( 3 ) GLOBAL_UNCERTAINTY_ASSIGNED_CONTEXT ( ( #1205 ) ) GLOBAL_UNIT_ASSIGNED_CONTEXT ( ( #6265, #3069, #784 ) ) REPRESENTATION_CONTEXT ( 'NONE', 'WORKASPACE' ) );
#6306 = FACE_OUTER_BOUND ( 'NONE', #7537, .T. ) ;
#6307 = EDGE_CURVE ( 'NONE', #12530, #8496, #13185, .T. ) ;
#6308 = EDGE_CURVE ( 'NONE', #6147, #572, #8483, .T. ) ;
#6309 = ORIENTED_EDGE ( 'NONE', *, *, #7441, .F. ) ;
#6310 = ORIENTED_EDGE ( 'NONE', *, *, #13057, .F. ) ;
#6311 = ORIENTED_EDGE ( 'NONE', *, *, #2896, .F. ) ;
#6312 = EDGE_CURVE ( 'NONE', #10097, #7497, #13165, .T. ) ;
#6313 = DIRECTION ( 'NONE',  ( 0.000000000000000000, 0.000000000000000000, 1.000000000000000000 ) ) ;
#6314 =( NAMED_UNIT ( * ) SI_UNIT ( $, .STERADIAN. ) SOLID_ANGLE_UNIT ( ) );
#6315 = ORIENTED_EDGE ( 'NONE', *, *, #5723, .F. ) ;
#6316 = FACE_OUTER_BOUND ( 'NONE', #6763, .T. ) ;
#6317 = CARTESIAN_POINT ( 'NONE',  ( -7.080000000000000071, 16.69999999999999929, 13.54999999999999893 ) ) ;
#6318 = DIRECTION ( 'NONE',  ( -0.9659258262890679791, 0.2588190451025220162, 0.000000000000000000 ) ) ;
#6319 = DIRECTION ( 'NONE',  ( 1.000000000000000000, 0.000000000000000000, 0.000000000000000000 ) ) ;
#6320 = ORIENTED_EDGE ( 'NONE', *, *, #2687, .F. ) ;
#6321 = LINE ( 'NONE', #8753, #10744 ) ;
#6322 = LINE ( 'NONE', #13519, #6272 ) ;
#6323 = EDGE_CURVE ( 'NONE', #4321, #9190, #13061, .T. ) ;
#6324 = ORIENTED_EDGE ( 'NONE', *, *, #4913, .T. ) ;
#6325 = LINE ( 'NONE', #1134, #10846 ) ;
#6326 = ORIENTED_EDGE ( 'NONE', *, *, #6415, .F. ) ;
#6327 = DIRECTION ( 'NONE',  ( 0.000000000000000000, 0.000000000000000000, -1.000000000000000000 ) ) ;
#6328 = CIRCLE ( 'NONE', #379, 1.500000000000000000 ) ;
#6329 = CARTESIAN_POINT ( 'NONE',  ( -6.208456599567469425, 17.85384615384614904, -6.450000000000000178 ) ) ;
#6330 = DIRECTION ( 'NONE',  ( -0.5735764363510499342, 0.8191520442889891340, 0.000000000000000000 ) ) ;
#6331 = MECHANICAL_DESIGN_GEOMETRIC_PRESENTATION_REPRESENTATION (  '', ( #11070 ), #723 ) ;
#6332 = EDGE_CURVE ( 'NONE', #11333, #536, #13306, .T. ) ;
#6333 = DIRECTION ( 'NONE',  ( 0.000000000000000000, 0.000000000000000000, 1.000000000000000000 ) ) ;
#6334 = ORIENTED_EDGE ( 'NONE', *, *, #11840, .F. ) ;
#6335 = ORIENTED_EDGE ( 'NONE', *, *, #8052, .F. ) ;
#6336 = EDGE_LOOP ( 'NONE', ( #3788, #3763, #10143, #8399 ) ) ;
#6337 = DIRECTION ( 'NONE',  ( -0.7071067811865489050, 0.7071067811865460184, 0.000000000000000000 ) ) ;
#6338 = ADVANCED_FACE ( 'NONE', ( #8682 ), #7614, .F. ) ;
#6339 = ADVANCED_FACE ( 'NONE', ( #4177 ), #2386, .T. ) ;
#6340 = ORIENTED_EDGE ( 'NONE', *, *, #4486, .T. ) ;
#6341 = EDGE_CURVE ( 'NONE', #9546, #150, #8755, .T. ) ;
#6342 = CIRCLE ( 'NONE', #12899, 1.500000000000000000 ) ;
#6343 = VERTEX_POINT ( 'NONE', #6237 ) ;
#6344 = LINE ( 'NONE', #353, #10862 ) ;
#6345 = FACE_OUTER_BOUND ( 'NONE', #5537, .T. ) ;
#6346 = EDGE_CURVE ( 'NONE', #13150, #5465, #13326, .T. ) ;
#6347 = CARTESIAN_POINT ( 'NONE',  ( 2.850000000000000089, -4.000000000000000000, -2.550000000000000266 ) ) ;
#6348 = ORIENTED_EDGE ( 'NONE', *, *, #9583, .T. ) ;
#6349 = AXIS2_PLACEMENT_3D ( 'NONE', #10450, #11454, #25 ) ;
#6350 = FACE_OUTER_BOUND ( 'NONE', #4048, .T. ) ;
#6351 = CARTESIAN_POINT ( 'NONE',  ( 0.000000000000000000, -4.000000000000000000, 12.62500000000000000 ) ) ;
#6352 = DIRECTION ( 'NONE',  ( 0.000000000000000000, 0.000000000000000000, 1.000000000000000000 ) ) ;
#6353 = ORIENTED_EDGE ( 'NONE', *, *, #1913, .F. ) ;
#6354 = CARTESIAN_POINT ( 'NONE',  ( -2.850000000000000089, -4.000000000000000000, 8.149999999999998579 ) ) ;
#6355 = ORIENTED_EDGE ( 'NONE', *, *, #11859, .F. ) ;
#6356 = ORIENTED_EDGE ( 'NONE', *, *, #2504, .T. ) ;
#6357 = ORIENTED_EDGE ( 'NONE', *, *, #9545, .F. ) ;
#6358 = DIRECTION ( 'NONE',  ( -0.4834473103160809582, 0.8753734620995469173, 0.000000000000000000 ) ) ;
#6359 = DIRECTION ( 'NONE',  ( 0.000000000000000000, 0.000000000000000000, -1.000000000000000000 ) ) ;
#6360 = DIRECTION ( 'NONE',  ( 1.000000000000000000, 0.000000000000000000, 0.000000000000000000 ) ) ;
#6361 = DIRECTION ( 'NONE',  ( 0.000000000000000000, 0.000000000000000000, -1.000000000000000000 ) ) ;
#6362 = ORIENTED_EDGE ( 'NONE', *, *, #8392, .T. ) ;
#6363 = LINE ( 'NONE', #11116, #6604 ) ;
#6364 = DIRECTION ( 'NONE',  ( -0.6389710663783122468, 0.7692307692307702727, 0.000000000000000000 ) ) ;
#6365 = ORIENTED_EDGE ( 'NONE', *, *, #3530, .F. ) ;
#6366 = LINE ( 'NONE', #684, #11084 ) ;
#6367 = ADVANCED_FACE ( 'NONE', ( #4293 ), #4311, .F. ) ;
#6368 = LINE ( 'NONE', #1924, #6630 ) ;
#6369 = DIRECTION ( 'NONE',  ( 0.2908824500647800293, -0.9567587994078291525, 0.000000000000000000 ) ) ;
#6370 = ORIENTED_EDGE ( 'NONE', *, *, #2097, .F. ) ;
#6371 = LINE ( 'NONE', #7140, #11016 ) ;
#6372 = ORIENTED_EDGE ( 'NONE', *, *, #9483, .T. ) ;
#6373 = AXIS2_PLACEMENT_3D ( 'NONE', #4130, #12419, #7306 ) ;
#6374 = VECTOR ( 'NONE', #6263, 1000.000000000000000 ) ;
#6375 = CARTESIAN_POINT ( 'NONE',  ( 4.332852320548244762, -2.020442218726299810, -15.15000000000000036 ) ) ;
#6376 = ORIENTED_EDGE ( 'NONE', *, *, #7529, .T. ) ;
#6377 = CARTESIAN_POINT ( 'NONE',  ( 0.000000000000000000, 0.000000000000000000, -20.00000000000000000 ) ) ;
#6378 = DIRECTION ( 'NONE',  ( 0.000000000000000000, 0.000000000000000000, 1.000000000000000000 ) ) ;
#6379 = ORIENTED_EDGE ( 'NONE', *, *, #3102, .F. ) ;
#6380 = PRODUCT_DEFINITION_FORMATION_WITH_SPECIFIED_SOURCE ( 'ANY', '', #11497, .NOT_KNOWN. ) ;
#6381 = DIRECTION ( 'NONE',  ( 0.000000000000000000, 0.000000000000000000, 1.000000000000000000 ) ) ;
#6382 = EDGE_CURVE ( 'NONE', #7641, #10803, #8731, .T. ) ;
#6383 = PLANE ( 'NONE',  #10012 ) ;
#6384 = ORIENTED_EDGE ( 'NONE', *, *, #8922, .F. ) ;
#6385 = LINE ( 'NONE', #496, #2091 ) ;
#6386 = ORIENTED_EDGE ( 'NONE', *, *, #2951, .F. ) ;
#6387 = VECTOR ( 'NONE', #5257, 1000.000000000000000 ) ;
#6388 = PLANE ( 'NONE',  #7549 ) ;
#6389 = FACE_OUTER_BOUND ( 'NONE', #3552, .T. ) ;
#6390 = CARTESIAN_POINT ( 'NONE',  ( -5.250000000000000000, 16.69999999999999929, 0.2999999999999999889 ) ) ;
#6391 = CARTESIAN_POINT ( 'NONE',  ( 2.559164477407499749, 7.554020587861660196, -10.89299545722599838 ) ) ;
#6392 = DIRECTION ( 'NONE',  ( 1.000000000000000000, 0.000000000000000000, 0.000000000000000000 ) ) ;
#6393 = ORIENTED_EDGE ( 'NONE', *, *, #7420, .F. ) ;
#6394 = CONICAL_SURFACE ( 'NONE', #7390, 0.8748868766599399160, 0.2094395102393268593 ) ;
#6395 = DIRECTION ( 'NONE',  ( 0.000000000000000000, 0.000000000000000000, 1.000000000000000000 ) ) ;
#6396 = DIRECTION ( 'NONE',  ( 0.000000000000000000, 0.000000000000000000, 1.000000000000000000 ) ) ;
#6397 = ADVANCED_FACE ( 'NONE', ( #8775 ), #5190, .T. ) ;
#6398 = VERTEX_POINT ( 'NONE', #6622 ) ;
#6399 = CIRCLE ( 'NONE', #3916, 1.000000000000027978 ) ;
#6400 = PRESENTATION_LAYER_ASSIGNMENT (  '', '', ( #4749 ) ) ;
#6401 = ORIENTED_EDGE ( 'NONE', *, *, #336, .F. ) ;
#6402 = DIRECTION ( 'NONE',  ( 0.000000000000000000, 0.000000000000000000, 1.000000000000000000 ) ) ;
#6403 = ORIENTED_EDGE ( 'NONE', *, *, #873, .T. ) ;
#6404 = CARTESIAN_POINT ( 'NONE',  ( -2.850000000000000089, -4.000000000000000000, 13.15000000000000036 ) ) ;
#6405 = EDGE_CURVE ( 'NONE', #13464, #12956, #13099, .T. ) ;
#6406 = PLANE ( 'NONE',  #421 ) ;
#6407 = DIRECTION ( 'NONE',  ( 0.000000000000000000, 0.000000000000000000, 1.000000000000000000 ) ) ;
#6408 = PLANE ( 'NONE',  #12619 ) ;
#6409 = ORIENTED_EDGE ( 'NONE', *, *, #12879, .F. ) ;
#6410 = AXIS2_PLACEMENT_3D ( 'NONE', #2011, #11743, #3031 ) ;
#6411 = LINE ( 'NONE', #9428, #10786 ) ;
#6412 = CARTESIAN_POINT ( 'NONE',  ( -5.575000000000000178, 9.830057098047229047, 16.44999999999999929 ) ) ;
#6413 = DIRECTION ( 'NONE',  ( 0.000000000000000000, 0.000000000000000000, 1.000000000000000000 ) ) ;
#6414 = EDGE_LOOP ( 'NONE', ( #13292, #1657, #4951, #10662 ) ) ;
#6415 = EDGE_CURVE ( 'NONE', #9884, #8532, #13350, .T. ) ;
#6416 = VECTOR ( 'NONE', #13194, 1000.000000000000000 ) ;
#6417 = PLANE ( 'NONE',  #3208 ) ;
#6418 = VECTOR ( 'NONE', #4826, 1000.000000000000000 ) ;
#6419 = VERTEX_POINT ( 'NONE', #1023 ) ;
#6420 = VECTOR ( 'NONE', #7080, 1000.000000000000000 ) ;
#6421 = ORIENTED_EDGE ( 'NONE', *, *, #7484, .T. ) ;
#6422 = CARTESIAN_POINT ( 'NONE',  ( -5.001253558300190249, 7.790249504023520011, -10.14999999999999858 ) ) ;
#6423 = DIRECTION ( 'NONE',  ( -1.000000000000000000, 0.000000000000000000, 0.000000000000000000 ) ) ;
#6424 = LINE ( 'NONE', #13116, #6661 ) ;
#6425 = CARTESIAN_POINT ( 'NONE',  ( -6.750000000000000000, 16.69999999999999929, -13.05000000000000071 ) ) ;
#6426 = DIRECTION ( 'NONE',  ( 0.1470157664652034235, 0.1470157664652034235, 0.9781476007338042455 ) ) ;
#6427 = EDGE_CURVE ( 'NONE', #7173, #7733, #8818, .T. ) ;
#6428 = CARTESIAN_POINT ( 'NONE',  ( -3.775451385280815142, 16.42485207100589761, -14.09999999999999964 ) ) ;
#6429 = AXIS2_PLACEMENT_3D ( 'NONE', #7319, #13485, #6085 ) ;
#6430 = ORIENTED_EDGE ( 'NONE', *, *, #3412, .F. ) ;
#6431 = ORIENTED_EDGE ( 'NONE', *, *, #13057, .T. ) ;
#6432 = ORIENTED_EDGE ( 'NONE', *, *, #7916, .F. ) ;
#6433 = ORIENTED_EDGE ( 'NONE', *, *, #5897, .F. ) ;
#6434 = LINE ( 'NONE', #9368, #11240 ) ;
#6435 = VECTOR ( 'NONE', #12336, 1000.000000000000000 ) ;
#6436 = AXIS2_PLACEMENT_3D ( 'NONE', #1474, #2455, #6617 ) ;
#6437 = LINE ( 'NONE', #7863, #11059 ) ;
#6438 = CARTESIAN_POINT ( 'NONE',  ( 2.486029765733794861, 3.200000000000000178, 15.75000000000000000 ) ) ;
#6439 = ORIENTED_EDGE ( 'NONE', *, *, #8704, .T. ) ;
#6440 = VECTOR ( 'NONE', #1901, 1000.000000000000000 ) ;
#6441 =( LENGTH_UNIT ( ) NAMED_UNIT ( * ) SI_UNIT ( .MILLI., .METRE. ) );
#6442 = CARTESIAN_POINT ( 'NONE',  ( -5.250000000000000000, 16.69999999999999929, -14.69999999999999929 ) ) ;
#6443 = ORIENTED_EDGE ( 'NONE', *, *, #3312, .T. ) ;
#6444 = CIRCLE ( 'NONE', #10799, 1.500000000000000000 ) ;
#6445 = CARTESIAN_POINT ( 'NONE',  ( -3.085121267875464923, 9.590503654791699972, 15.75000000000000000 ) ) ;
#6446 = SURFACE_SIDE_STYLE ('',( #3157 ) ) ;
#6447 = ORIENTED_EDGE ( 'NONE', *, *, #2677, .T. ) ;
#6448 = EDGE_CURVE ( 'NONE', #8452, #5110, #12996, .T. ) ;
#6449 = ORIENTED_EDGE ( 'NONE', *, *, #11445, .T. ) ;
#6450 = DIRECTION ( 'NONE',  ( 0.000000000000000000, 0.000000000000000000, -1.000000000000000000 ) ) ;
#6451 = ADVANCED_FACE ( 'NONE', ( #8506 ), #9354, .F. ) ;
#6452 = AXIS2_PLACEMENT_3D ( 'NONE', #4769, #6010, #8078 ) ;
#6453 = DIRECTION ( 'NONE',  ( 1.000000000000000000, 0.000000000000000000, 0.000000000000000000 ) ) ;
#6454 = CARTESIAN_POINT ( 'NONE',  ( -7.014921993108779397, 16.26222191265249961, -11.44999999999999929 ) ) ;
#6455 = CARTESIAN_POINT ( 'NONE',  ( 1.250000000000000000, 0.000000000000000000, 16.44999999999999929 ) ) ;
#6456 = DIRECTION ( 'NONE',  ( 0.000000000000000000, 0.000000000000000000, -1.000000000000000000 ) ) ;
#6457 = ORIENTED_EDGE ( 'NONE', *, *, #12525, .T. ) ;
#6458 = DIRECTION ( 'NONE',  ( 0.4055797876726409679, 0.4055797876726409679, 0.8191520442889898002 ) ) ;
#6459 = EDGE_CURVE ( 'NONE', #2748, #8803, #3866, .T. ) ;
#6460 = ORIENTED_EDGE ( 'NONE', *, *, #3252, .T. ) ;
#6461 = FACE_OUTER_BOUND ( 'NONE', #1695, .T. ) ;
#6462 = LINE ( 'NONE', #13288, #10933 ) ;
#6463 = FACE_OUTER_BOUND ( 'NONE', #3327, .T. ) ;
#6464 = CARTESIAN_POINT ( 'NONE',  ( -6.293015043061680025, 9.112042054985540318, 16.44999999999999929 ) ) ;
#6465 = ORIENTED_EDGE ( 'NONE', *, *, #3731, .F. ) ;
#6466 = VECTOR ( 'NONE', #12595, 999.9999999999998863 ) ;
#6467 = ORIENTED_EDGE ( 'NONE', *, *, #7178, .F. ) ;
#6468 = CIRCLE ( 'NONE', #2139, 1.500000000000000000 ) ;
#6469 = CARTESIAN_POINT ( 'NONE',  ( 6.782295549467770357, 4.930639144171879984, 16.44999999999999929 ) ) ;
#6470 = EDGE_CURVE ( 'NONE', #7794, #8184, #3958, .T. ) ;
#6471 = DIRECTION ( 'NONE',  ( 0.8191520442889891340, 0.5735764363510499342, 0.000000000000000000 ) ) ;
#6472 = EDGE_CURVE ( 'NONE', #7196, #11447, #4085, .T. ) ;
#6473 = CARTESIAN_POINT ( 'NONE',  ( -5.809933491950640239, 18.09157266594019831, -14.09999999999999964 ) ) ;
#6474 = ORIENTED_EDGE ( 'NONE', *, *, #3017, .T. ) ;
#6475 = DIRECTION ( 'NONE',  ( 0.000000000000000000, 0.000000000000000000, -1.000000000000000000 ) ) ;
#6476 = VERTEX_POINT ( 'NONE', #7286 ) ;
#6477 = ORIENTED_EDGE ( 'NONE', *, *, #6703, .F. ) ;
#6478 = CARTESIAN_POINT ( 'NONE',  ( -2.149999999999999911, -3.945434298440979592, 12.99409799554566014 ) ) ;
#6479 = AXIS2_PLACEMENT_3D ( 'NONE', #9712, #5431, #11065 ) ;
#6480 = DIRECTION ( 'NONE',  ( 0.000000000000000000, 1.000000000000000000, 0.000000000000000000 ) ) ;
#6481 = ORIENTED_EDGE ( 'NONE', *, *, #893, .T. ) ;
#6482 = LINE ( 'NONE', #1175, #6530 ) ;
#6483 = VERTEX_POINT ( 'NONE', #8299 ) ;
#6484 = EDGE_CURVE ( 'NONE', #2729, #8265, #13278, .T. ) ;
#6485 = CIRCLE ( 'NONE', #4082, 0.7177044505322326406 ) ;
#6486 = LINE ( 'NONE', #4924, #1883 ) ;
#6487 = ADVANCED_FACE ( 'NONE', ( #8637 ), #12568, .T. ) ;
#6488 = DIRECTION ( 'NONE',  ( 0.000000000000000000, 1.000000000000000000, 0.000000000000000000 ) ) ;
#6489 = CARTESIAN_POINT ( 'NONE',  ( 2.364278014140928530, 10.13430373392472106, 7.398989572520989988 ) ) ;
#6490 = FACE_OUTER_BOUND ( 'NONE', #1180, .T. ) ;
#6491 = DIRECTION ( 'NONE',  ( 0.000000000000000000, 0.000000000000000000, -1.000000000000000000 ) ) ;
#6492 = DIRECTION ( 'NONE',  ( 0.000000000000000000, 0.000000000000000000, -1.000000000000000000 ) ) ;
#6493 = DIRECTION ( 'NONE',  ( 0.7071067811865470176, 0.7071067811865480168, 0.000000000000000000 ) ) ;
#6494 = EDGE_CURVE ( 'NONE', #12101, #1039, #8393, .T. ) ;
#6495 = ORIENTED_EDGE ( 'NONE', *, *, #8397, .F. ) ;
#6496 = FACE_OUTER_BOUND ( 'NONE', #7449, .T. ) ;
#6497 = CARTESIAN_POINT ( 'NONE',  ( -3.775451385280815142, 16.42485207100589761, -4.700000000000000178 ) ) ;
#6498 = ORIENTED_EDGE ( 'NONE', *, *, #9717, .F. ) ;
#6499 = EDGE_CURVE ( 'NONE', #13397, #4854, #8439, .T. ) ;
#6500 = DIRECTION ( 'NONE',  ( 0.7071067811865470176, -0.7071067811865481278, 0.000000000000000000 ) ) ;
#6501 = AXIS2_PLACEMENT_3D ( 'NONE', #9090, #10138, #11233 ) ;
#6502 = ORIENTED_EDGE ( 'NONE', *, *, #5971, .F. ) ;
#6503 = EDGE_LOOP ( 'NONE', ( #9616, #7690, #12649, #7170 ) ) ;
#6504 = ORIENTED_EDGE ( 'NONE', *, *, #10889, .T. ) ;
#6505 = CARTESIAN_POINT ( 'NONE',  ( 0.6999999999999999556, 8.800000000000000711, 15.84999999999999964 ) ) ;
#6506 = CARTESIAN_POINT ( 'NONE',  ( -2.149999999999999911, -4.000000000000000000, -7.550000000000000711 ) ) ;
#6507 = EDGE_LOOP ( 'NONE', ( #5112, #9639, #13286, #6149 ) ) ;
#6508 = FACE_OUTER_BOUND ( 'NONE', #9617, .T. ) ;
#6509 = ORIENTED_EDGE ( 'NONE', *, *, #6596, .T. ) ;
#6510 = FACE_OUTER_BOUND ( 'NONE', #5180, .T. ) ;
#6511 = FACE_OUTER_BOUND ( 'NONE', #4904, .T. ) ;
#6512 = CYLINDRICAL_SURFACE ( 'NONE', #9772, 0.8000000000000003775 ) ;
#6513 = ORIENTED_EDGE ( 'NONE', *, *, #9072, .T. ) ;
#6514 = LINE ( 'NONE', #11354, #10987 ) ;
#6515 = ADVANCED_FACE ( 'NONE', ( #12951 ), #4844, .T. ) ;
#6516 = ORIENTED_EDGE ( 'NONE', *, *, #11169, .F. ) ;
#6517 = CARTESIAN_POINT ( 'NONE',  ( -3.775451385280815142, 16.42485207100589761, -14.09999999999999964 ) ) ;
#6518 = CARTESIAN_POINT ( 'NONE',  ( -7.500000000000000000, -3.500000000000000000, 12.44999999999999929 ) ) ;
#6519 = CARTESIAN_POINT ( 'NONE',  ( -2.399604646138564945, 13.25676273017529994, -6.450000000000000178 ) ) ;
#6520 = CARTESIAN_POINT ( 'NONE',  ( -7.500000000000000000, -3.500000000000000000, 3.149999999999999911 ) ) ;
#6521 = EDGE_CURVE ( 'NONE', #13397, #8919, #3937, .T. ) ;
#6522 = DIRECTION ( 'NONE',  ( 0.7071067811865480168, 0.7071067811865470176, 0.000000000000000000 ) ) ;
#6523 = EDGE_LOOP ( 'NONE', ( #7232, #12512, #7888, #2960, #7703, #6706 ) ) ;
#6524 = EDGE_CURVE ( 'NONE', #11263, #10028, #4129, .T. ) ;
#6525 = ORIENTED_EDGE ( 'NONE', *, *, #2238, .F. ) ;
#6526 = ORIENTED_EDGE ( 'NONE', *, *, #3636, .T. ) ;
#6527 = AXIS2_PLACEMENT_3D ( 'NONE', #3178, #9051, #11286 ) ;
#6528 = ADVANCED_FACE ( 'NONE', ( #8657 ), #13203, .T. ) ;
#6529 = EDGE_LOOP ( 'NONE', ( #5669, #13508, #3879, #9608 ) ) ;
#6530 = VECTOR ( 'NONE', #10031, 999.9999999999998863 ) ;
#6531 = ORIENTED_EDGE ( 'NONE', *, *, #13293, .T. ) ;
#6532 = LINE ( 'NONE', #4210, #10954 ) ;
#6533 = VECTOR ( 'NONE', #7130, 1000.000000000000000 ) ;
#6534 = LINE ( 'NONE', #8920, #10843 ) ;
#6535 = DIRECTION ( 'NONE',  ( 0.000000000000000000, 0.000000000000000000, 1.000000000000000000 ) ) ;
#6536 = VERTEX_POINT ( 'NONE', #1680 ) ;
#6537 = ADVANCED_FACE ( 'NONE', ( #4022 ), #609, .F. ) ;
#6538 = CARTESIAN_POINT ( 'NONE',  ( -7.080000000000000071, 16.69999999999999929, 13.54999999999999893 ) ) ;
#6539 = EDGE_CURVE ( 'NONE', #3206, #3004, #13235, .T. ) ;
#6540 = ORIENTED_EDGE ( 'NONE', *, *, #6233, .T. ) ;
#6541 = VECTOR ( 'NONE', #13489, 1000.000000000000000 ) ;
#6542 = DIRECTION ( 'NONE',  ( -0.6389710663783111366, 0.7692307692307711608, 0.000000000000000000 ) ) ;
#6543 =( NAMED_UNIT ( * ) PLANE_ANGLE_UNIT ( ) SI_UNIT ( $, .RADIAN. ) );
#6544 = DIRECTION ( 'NONE',  ( 1.000000000000000000, 0.000000000000000000, 0.000000000000000000 ) ) ;
#6545 = ADVANCED_FACE ( 'NONE', ( #8548 ), #13120, .F. ) ;
#6546 = VERTEX_POINT ( 'NONE', #2549 ) ;
#6547 = VERTEX_POINT ( 'NONE', #2635 ) ;
#6548 = CARTESIAN_POINT ( 'NONE',  ( -1.222370646041893938, 12.87780098272160068, 16.44999999999999929 ) ) ;
#6549 = ORIENTED_EDGE ( 'NONE', *, *, #112, .F. ) ;
#6550 = DIRECTION ( 'NONE',  ( 1.000000000000000000, 0.000000000000000000, 0.000000000000000000 ) ) ;
#6551 = CARTESIAN_POINT ( 'NONE',  ( 3.588643222671839883, 9.139278838686021089, -5.950000000000000178 ) ) ;
#6552 = CARTESIAN_POINT ( 'NONE',  ( -5.149861993732639753, 10.12774193481510032, 6.949999999999999289 ) ) ;
#6553 = PLANE ( 'NONE',  #12872 ) ;
#6554 = AXIS2_PLACEMENT_3D ( 'NONE', #7144, #13391, #4751 ) ;
#6555 = VERTEX_POINT ( 'NONE', #11174 ) ;
#6556 = LINE ( 'NONE', #8828, #10977 ) ;
#6557 = CARTESIAN_POINT ( 'NONE',  ( -2.149999999999999911, 0.000000000000000000, 8.149999999999998579 ) ) ;
#6558 = ORIENTED_EDGE ( 'NONE', *, *, #5820, .T. ) ;
#6559 = FACE_OUTER_BOUND ( 'NONE', #12932, .T. ) ;
#6560 = LINE ( 'NONE', #82, #11085 ) ;
#6561 = VECTOR ( 'NONE', #6220, 1000.000000000000000 ) ;
#6562 = CARTESIAN_POINT ( 'NONE',  ( 3.588643222671839883, 9.139278838686021089, -14.75000000000000000 ) ) ;
#6563 = ORIENTED_EDGE ( 'NONE', *, *, #7337, .F. ) ;
#6564 = LINE ( 'NONE', #12201, #11090 ) ;
#6565 = EDGE_CURVE ( 'NONE', #491, #9569, #8571, .T. ) ;
#6566 = EDGE_LOOP ( 'NONE', ( #109, #8585, #8471, #1321 ) ) ;
#6567 = AXIS2_PLACEMENT_3D ( 'NONE', #4362, #139, #7350 ) ;
#6568 = LINE ( 'NONE', #7876, #10965 ) ;
#6569 = EDGE_CURVE ( 'NONE', #1549, #8604, #4065, .T. ) ;
#6570 = CARTESIAN_POINT ( 'NONE',  ( 0.3938440955623530026, 9.859204231642589633, -16.44999999999999929 ) ) ;
#6571 = CARTESIAN_POINT ( 'NONE',  ( -7.014921993108779397, 16.26222191265249961, -6.450000000000000178 ) ) ;
#6572 = CARTESIAN_POINT ( 'NONE',  ( 2.306189540900201784, 10.12775162825270847, -2.334934414182819218 ) ) ;
#6573 = CARTESIAN_POINT ( 'NONE',  ( -1.530854753362479892, 11.74577986658169948, 6.949999999999999289 ) ) ;
#6574 = ORIENTED_EDGE ( 'NONE', *, *, #893, .F. ) ;
#6575 = DIRECTION ( 'NONE',  ( 0.000000000000000000, 0.000000000000000000, -1.000000000000000000 ) ) ;
#6576 = DIRECTION ( 'NONE',  ( 1.000000000000000000, 0.000000000000000000, 0.000000000000000000 ) ) ;
#6577 = ORIENTED_EDGE ( 'NONE', *, *, #2585, .F. ) ;
#6578 = ORIENTED_EDGE ( 'NONE', *, *, #12038, .T. ) ;
#6579 = SURFACE_STYLE_FILL_AREA ( #6690 ) ;
#6580 = EDGE_LOOP ( 'NONE', ( #9192, #10180, #2458, #5509, #11430, #382 ) ) ;
#6581 = CIRCLE ( 'NONE', #4748, 1.500000000000000000 ) ;
#6582 = FACE_OUTER_BOUND ( 'NONE', #6566, .T. ) ;
#6583 = AXIS2_PLACEMENT_3D ( 'NONE', #5747, #4885, #12987 ) ;
#6584 = DIRECTION ( 'NONE',  ( 1.000000000000000000, 0.000000000000000000, 0.000000000000000000 ) ) ;
#6585 = DIRECTION ( 'NONE',  ( -0.000000000000000000, 1.000000000000000000, 0.000000000000000000 ) ) ;
#6586 = AXIS2_PLACEMENT_3D ( 'NONE', #7595, #12923, #2704 ) ;
#6587 = FACE_OUTER_BOUND ( 'NONE', #11332, .T. ) ;
#6588 = CARTESIAN_POINT ( 'NONE',  ( -6.077610530143179979, 9.327446567904038588, -10.14999999999999858 ) ) ;
#6589 = CARTESIAN_POINT ( 'NONE',  ( 2.149999999999999911, -4.000000000000000000, 8.149999999999998579 ) ) ;
#6590 = ORIENTED_EDGE ( 'NONE', *, *, #6539, .F. ) ;
#6591 = CARTESIAN_POINT ( 'NONE',  ( -6.750000000000000000, 16.69999999999999929, -9.799999999999998934 ) ) ;
#6592 = DIRECTION ( 'NONE',  ( 0.000000000000000000, -0.9438583563660177811, 0.3303504247281049411 ) ) ;
#6593 = VERTEX_POINT ( 'NONE', #699 ) ;
#6594 = EDGE_CURVE ( 'NONE', #7089, #10157, #207, .T. ) ;
#6595 = AXIS2_PLACEMENT_3D ( 'NONE', #835, #9339, #7010 ) ;
#6596 = EDGE_CURVE ( 'NONE', #6749, #3940, #94, .T. ) ;
#6597 = ORIENTED_EDGE ( 'NONE', *, *, #11758, .F. ) ;
#6598 = CARTESIAN_POINT ( 'NONE',  ( 2.149999999999999911, 0.000000000000000000, 13.15000000000000036 ) ) ;
#6599 = ORIENTED_EDGE ( 'NONE', *, *, #1174, .F. ) ;
#6600 = ORIENTED_EDGE ( 'NONE', *, *, #6254, .T. ) ;
#6601 = CARTESIAN_POINT ( 'NONE',  ( 1.926942286883454925, 7.972552649728219976, 3.624886876659939805 ) ) ;
#6602 = CARTESIAN_POINT ( 'NONE',  ( 2.149999999999999911, -4.000000000000000000, 7.625000000000000000 ) ) ;
#6603 = DIRECTION ( 'NONE',  ( 1.000000000000000000, 0.000000000000000000, 0.000000000000000000 ) ) ;
#6604 = VECTOR ( 'NONE', #12129, 1000.000000000000114 ) ;
#6605 = DIRECTION ( 'NONE',  ( 0.000000000000000000, 0.000000000000000000, 1.000000000000000000 ) ) ;
#6606 = APPLICATION_PROTOCOL_DEFINITION ( 'draft international standard', 'automotive_design', 1998, #2294 ) ;
#6607 = EDGE_LOOP ( 'NONE', ( #1394, #13490, #4461, #8296 ) ) ;
#6608 = FACE_OUTER_BOUND ( 'NONE', #11582, .T. ) ;
#6609 = LINE ( 'NONE', #11255, #1588 ) ;
#6610 = ADVANCED_FACE ( 'NONE', ( #4775 ), #4472, .F. ) ;
#6611 = EDGE_CURVE ( 'NONE', #4942, #12177, #32, .T. ) ;
#6612 = DIRECTION ( 'NONE',  ( -0.7071067811865475727, -0.7071067811865475727, 0.000000000000000000 ) ) ;
#6613 = AXIS2_PLACEMENT_3D ( 'NONE', #2448, #1271, #5696 ) ;
#6614 = ORIENTED_EDGE ( 'NONE', *, *, #4520, .T. ) ;
#6615 = VECTOR ( 'NONE', #4780, 1000.000000000000000 ) ;
#6616 = VERTEX_POINT ( 'NONE', #7787 ) ;
#6617 = DIRECTION ( 'NONE',  ( 0.000000000000000000, 0.000000000000000000, 1.000000000000000000 ) ) ;
#6618 = DIRECTION ( 'NONE',  ( 1.000000000000000000, 0.000000000000000000, 0.000000000000000000 ) ) ;
#6619 = DIRECTION ( 'NONE',  ( -1.000000000000000000, 0.000000000000000000, 0.000000000000000000 ) ) ;
#6620 = EDGE_CURVE ( 'NONE', #8975, #2830, #256, .T. ) ;
#6621 = DIRECTION ( 'NONE',  ( 1.000000000000000000, 0.000000000000000000, 0.000000000000000000 ) ) ;
#6622 = CARTESIAN_POINT ( 'NONE',  ( -5.246999171586890220, 7.618176573118209838, -5.150000000000000355 ) ) ;
#6623 = VERTEX_POINT ( 'NONE', #7051 ) ;
#6624 = ORIENTED_EDGE ( 'NONE', *, *, #3581, .T. ) ;
#6625 = ORIENTED_EDGE ( 'NONE', *, *, #10530, .T. ) ;
#6626 = VECTOR ( 'NONE', #5775, 1000.000000000000000 ) ;
#6627 = EDGE_LOOP ( 'NONE', ( #3249, #3270, #3513, #11271, #12417, #10724, #3499, #7901, #12586, #3607, #12448, #3351 ) ) ;
#6628 = CIRCLE ( 'NONE', #7366, 1.500000000000000000 ) ;
#6629 = VECTOR ( 'NONE', #4767, 1000.000000000000000 ) ;
#6630 = VECTOR ( 'NONE', #12550, 1000.000000000000000 ) ;
#6631 = PLANE ( 'NONE',  #9319 ) ;
#6632 = EDGE_LOOP ( 'NONE', ( #2125, #2440, #3544, #11499 ) ) ;
#6633 = CIRCLE ( 'NONE', #11385, 1.000000000000027978 ) ;
#6634 = SURFACE_STYLE_USAGE ( .BOTH. , #10904 ) ;
#6635 = DIRECTION ( 'NONE',  ( 0.000000000000000000, 0.000000000000000000, -1.000000000000000000 ) ) ;
#6636 = ADVANCED_FACE ( 'NONE', ( #13417 ), #162, .F. ) ;
#6637 = VERTEX_POINT ( 'NONE', #3478 ) ;
#6638 = AXIS2_PLACEMENT_3D ( 'NONE', #3690, #2926, #4684 ) ;
#6639 = DIRECTION ( 'NONE',  ( 0.8191520442889891340, 0.5735764363510499342, 0.000000000000000000 ) ) ;
#6640 = CARTESIAN_POINT ( 'NONE',  ( -5.250000000000000000, 18.19999999999999929, -4.799999999999999822 ) ) ;
#6641 = EDGE_CURVE ( 'NONE', #8213, #5678, #234, .T. ) ;
#6642 = EDGE_LOOP ( 'NONE', ( #12936, #5770, #7711, #8494 ) ) ;
#6643 = ORIENTED_EDGE ( 'NONE', *, *, #5013, .F. ) ;
#6644 = DIRECTION ( 'NONE',  ( -0.5030199466302391897, 0.8642748019537023207, 0.000000000000000000 ) ) ;
#6645 = ORIENTED_EDGE ( 'NONE', *, *, #11924, .T. ) ;
#6646 = PLANE ( 'NONE',  #9158 ) ;
#6647 = ADVANCED_FACE ( 'NONE', ( #4611 ), #6889, .F. ) ;
#6648 = DIRECTION ( 'NONE',  ( 0.7071067811865474617, -0.7071067811865474617, 0.000000000000000000 ) ) ;
#6649 = DIRECTION ( 'NONE',  ( 0.000000000000000000, 0.000000000000000000, -1.000000000000000000 ) ) ;
#6650 = CARTESIAN_POINT ( 'NONE',  ( -5.250000000000000000, 18.19999999999999929, 10.20000000000000107 ) ) ;
#6651 = VECTOR ( 'NONE', #4447, 1000.000000000000000 ) ;
#6652 = ORIENTED_EDGE ( 'NONE', *, *, #11885, .F. ) ;
#6653 = LINE ( 'NONE', #4921, #1863 ) ;
#6654 = VECTOR ( 'NONE', #6193, 1000.000000000000000 ) ;
#6655 = EDGE_CURVE ( 'NONE', #10831, #2154, #53, .T. ) ;
#6656 = CIRCLE ( 'NONE', #8618, 1.500000000000000000 ) ;
#6657 = ORIENTED_EDGE ( 'NONE', *, *, #1808, .T. ) ;
#6658 = VECTOR ( 'NONE', #5152, 1000.000000000000000 ) ;
#6659 = ADVANCED_FACE ( 'NONE', ( #4662 ), #10344, .F. ) ;
#6660 = ORIENTED_EDGE ( 'NONE', *, *, #12777, .T. ) ;
#6661 = VECTOR ( 'NONE', #606, 1000.000000000000114 ) ;
#6662 = AXIS2_PLACEMENT_3D ( 'NONE', #1273, #12075, #4357 ) ;
#6663 = DIRECTION ( 'NONE',  ( 0.000000000000000000, 1.000000000000000000, 0.000000000000000000 ) ) ;
#6664 = EDGE_CURVE ( 'NONE', #57, #11112, #4797, .T. ) ;
#6665 = CARTESIAN_POINT ( 'NONE',  ( 1.926942286883454925, 7.972552649728219976, 6.875113123340059751 ) ) ;
#6666 = DIRECTION ( 'NONE',  ( 0.7071067811865470176, 0.7071067811865480168, 0.000000000000000000 ) ) ;
#6667 = VERTEX_POINT ( 'NONE', #6173 ) ;
#6668 = DIRECTION ( 'NONE',  ( 0.000000000000000000, 0.000000000000000000, 1.000000000000000000 ) ) ;
#6669 = PLANE ( 'NONE',  #7061 ) ;
#6670 = ORIENTED_EDGE ( 'NONE', *, *, #4512, .F. ) ;
#6671 = EDGE_LOOP ( 'NONE', ( #11778, #130, #127, #389, #9243, #13153, #2390, #9602, #9495, #8720, #12426, #11888 ) ) ;
#6672 = EDGE_CURVE ( 'NONE', #400, #1231, #4816, .T. ) ;
#6673 = EDGE_CURVE ( 'NONE', #1207, #9715, #4724, .T. ) ;
#6674 = VERTEX_POINT ( 'NONE', #10427 ) ;
#6675 = VECTOR ( 'NONE', #11253, 1000.000000000000000 ) ;
#6676 = COLOUR_RGB ( '',0.7921568627450980005, 0.8196078431372548767, 0.9333333333333333481 ) ;
#6677 = DIRECTION ( 'NONE',  ( -1.000000000000000000, 0.000000000000000000, 0.000000000000000000 ) ) ;
#6678 = CARTESIAN_POINT ( 'NONE',  ( -6.208456599567469425, 17.85384615384614904, -8.050000000000000711 ) ) ;
#6679 = VECTOR ( 'NONE', #9891, 1000.000000000000000 ) ;
#6680 = CARTESIAN_POINT ( 'NONE',  ( -7.500000000000000000, -3.500000000000000000, -7.550000000000000711 ) ) ;
#6681 = CARTESIAN_POINT ( 'NONE',  ( 2.541927341113920935, 10.11273360902767138, -1.536501179622659752 ) ) ;
#6682 = ORIENTED_EDGE ( 'NONE', *, *, #11413, .T. ) ;
#6683 = PRESENTATION_LAYER_ASSIGNMENT (  '', '', ( #4176 ) ) ;
#6684 = CIRCLE ( 'NONE', #6638, 1.500000000000000000 ) ;
#6685 = CARTESIAN_POINT ( 'NONE',  ( 3.500178566873410002, 3.500178566873405117, -15.15000000000000036 ) ) ;
#6686 = EDGE_LOOP ( 'NONE', ( #7707, #2053, #1918, #8343, #2526, #11566, #10940, #12215, #13032, #6540, #2030, #11062, #1938, #8360 ) ) ;
#6687 = VECTOR ( 'NONE', #7156, 1000.000000000000000 ) ;
#6688 = CARTESIAN_POINT ( 'NONE',  ( 2.475030032583884765, 7.424464904027790801, 9.500000000000000000 ) ) ;
#6689 = ORIENTED_EDGE ( 'NONE', *, *, #6782, .F. ) ;
#6690 = FILL_AREA_STYLE ('',( #5604 ) ) ;
#6691 = VERTEX_POINT ( 'NONE', #11599 ) ;
#6692 = ORIENTED_EDGE ( 'NONE', *, *, #3645, .T. ) ;
#6693 = DIRECTION ( 'NONE',  ( 1.000000000000000000, 0.000000000000000000, 0.000000000000000000 ) ) ;
#6694 = DIRECTION ( 'NONE',  ( 0.000000000000000000, -0.9438583563660177811, 0.3303504247281049411 ) ) ;
#6695 = CARTESIAN_POINT ( 'NONE',  ( -3.775451385280815142, 16.42485207100589761, -4.100000000000000533 ) ) ;
#6696 = PLANE ( 'NONE',  #5323 ) ;
#6697 = VECTOR ( 'NONE', #10957, 1000.000000000000114 ) ;
#6698 = DIRECTION ( 'NONE',  ( 0.000000000000000000, 0.000000000000000000, 1.000000000000000000 ) ) ;
#6699 = DIRECTION ( 'NONE',  ( 0.000000000000000000, 0.000000000000000000, -1.000000000000000000 ) ) ;
#6700 = VERTEX_POINT ( 'NONE', #9478 ) ;
#6701 = VECTOR ( 'NONE', #6635, 1000.000000000000000 ) ;
#6702 = FACE_OUTER_BOUND ( 'NONE', #7123, .T. ) ;
#6703 = EDGE_CURVE ( 'NONE', #12198, #12628, #4681, .T. ) ;
#6704 = VECTOR ( 'NONE', #231, 1000.000000000000000 ) ;
#6705 = CARTESIAN_POINT ( 'NONE',  ( -5.250000000000000000, 16.69999999999999929, -14.09999999999999964 ) ) ;
#6706 = ORIENTED_EDGE ( 'NONE', *, *, #12307, .F. ) ;
#6707 = LINE ( 'NONE', #10525, #6466 ) ;
#6708 = EDGE_CURVE ( 'NONE', #1072, #13285, #13439, .T. ) ;
#6709 = CLOSED_SHELL ( 'NONE', ( #9248, #5829, #5370, #1159, #10510, #11550, #5393, #4945 ) ) ;
#6710 = CARTESIAN_POINT ( 'NONE',  ( -2.149999999999999911, -4.000000000000000000, -7.025000000000000355 ) ) ;
#6711 = AXIS2_PLACEMENT_3D ( 'NONE', #4682, #8427, #176 ) ;
#6712 = DIRECTION ( 'NONE',  ( 1.000000000000000000, 0.000000000000000000, 0.000000000000000000 ) ) ;
#6713 = FACE_OUTER_BOUND ( 'NONE', #6503, .T. ) ;
#6714 = CARTESIAN_POINT ( 'NONE',  ( 0.000000000000000000, -4.000000000000000000, -25.00000000000000000 ) ) ;
#6715 = DIRECTION ( 'NONE',  ( 0.000000000000000000, 0.000000000000000000, -1.000000000000000000 ) ) ;
#6716 = VERTEX_POINT ( 'NONE', #4222 ) ;
#6717 = ORIENTED_EDGE ( 'NONE', *, *, #6382, .T. ) ;
#6718 = ORIENTED_EDGE ( 'NONE', *, *, #2034, .F. ) ;
#6719 = EDGE_CURVE ( 'NONE', #2017, #4737, #13394, .T. ) ;
#6720 = ORIENTED_EDGE ( 'NONE', *, *, #8584, .T. ) ;
#6721 = VECTOR ( 'NONE', #1762, 1000.000000000000000 ) ;
#6722 = VECTOR ( 'NONE', #4244, 1000.000000000000227 ) ;
#6723 = ADVANCED_FACE ( 'NONE', ( #9330 ), #9573, .F. ) ;
#6724 = LINE ( 'NONE', #3745, #1912 ) ;
#6725 = VERTEX_POINT ( 'NONE', #11266 ) ;
#6726 = LINE ( 'NONE', #6454, #11272 ) ;
#6727 = DIRECTION ( 'NONE',  ( 0.000000000000000000, 0.000000000000000000, -1.000000000000000000 ) ) ;
#6728 = ORIENTED_EDGE ( 'NONE', *, *, #1531, .F. ) ;
#6729 = CARTESIAN_POINT ( 'NONE',  ( -1.530854753362479892, 11.74577986658169948, -8.050000000000000711 ) ) ;
#6730 = LINE ( 'NONE', #11528, #11231 ) ;
#6731 = DIRECTION ( 'NONE',  ( 1.000000000000000000, -5.421010862427489630E-16, 0.000000000000000000 ) ) ;
#6732 = AXIS2_PLACEMENT_3D ( 'NONE', #9634, #12662, #9735 ) ;
#6733 = PLANE ( 'NONE',  #9523 ) ;
#6734 = DIRECTION ( 'NONE',  ( 1.000000000000000000, 0.000000000000000000, 0.000000000000000000 ) ) ;
#6735 = VERTEX_POINT ( 'NONE', #12344 ) ;
#6736 = ORIENTED_EDGE ( 'NONE', *, *, #5467, .F. ) ;
#6737 = CARTESIAN_POINT ( 'NONE',  ( -1.530854753362479892, 11.74577986658169948, 8.550000000000000711 ) ) ;
#6738 = ORIENTED_EDGE ( 'NONE', *, *, #1851, .F. ) ;
#6739 = CARTESIAN_POINT ( 'NONE',  ( 1.926942286883454925, 7.972552649728219976, -0.9251131233400490261 ) ) ;
#6740 = EDGE_CURVE ( 'NONE', #572, #1325, #185, .T. ) ;
#6741 = DIRECTION ( 'NONE',  ( -0.7692307692307698286, -0.6389710663783129130, 0.000000000000000000 ) ) ;
#6742 = DIRECTION ( 'NONE',  ( 0.7071067811865474617, -0.7071067811865474617, 0.000000000000000000 ) ) ;
#6743 = CARTESIAN_POINT ( 'NONE',  ( -2.149999999999999911, -4.000000000000000000, -11.84999999999999964 ) ) ;
#6744 = VERTEX_POINT ( 'NONE', #3241 ) ;
#6745 = EDGE_CURVE ( 'NONE', #12325, #10682, #8997, .T. ) ;
#6746 = VECTOR ( 'NONE', #9559, 1000.000000000000000 ) ;
#6747 = LINE ( 'NONE', #11372, #11267 ) ;
#6748 = LINE ( 'NONE', #9713, #6418 ) ;
#6749 = VERTEX_POINT ( 'NONE', #12596 ) ;
#6750 = ADVANCED_FACE ( 'NONE', ( #9203 ), #76, .F. ) ;
#6751 = MANIFOLD_SOLID_BREP ( 'NONE', #1432 ) ;
#6752 = ORIENTED_EDGE ( 'NONE', *, *, #5795, .T. ) ;
#6753 = FACE_OUTER_BOUND ( 'NONE', #12837, .T. ) ;
#6754 = EDGE_CURVE ( 'NONE', #3028, #5828, #4445, .T. ) ;
#6755 = PLANE ( 'NONE',  #4943 ) ;
#6756 = CARTESIAN_POINT ( 'NONE',  ( -5.575000000000000178, 16.69999999999999929, 13.54999999999999893 ) ) ;
#6757 = AXIS2_PLACEMENT_3D ( 'NONE', #6984, #11278, #13045 ) ;
#6758 = CARTESIAN_POINT ( 'NONE',  ( -5.809933491950640239, 18.09157266594019831, -10.40000000000000036 ) ) ;
#6759 = ORIENTED_EDGE ( 'NONE', *, *, #12104, .T. ) ;
#6760 = AXIS2_PLACEMENT_3D ( 'NONE', #4848, #8855, #706 ) ;
#6761 = CARTESIAN_POINT ( 'NONE',  ( 1.926942286883454925, 7.972552649728219976, -7.250000000000000000 ) ) ;
#6762 = DIRECTION ( 'NONE',  ( 0.000000000000000000, 0.000000000000000000, 1.000000000000000000 ) ) ;
#6763 = EDGE_LOOP ( 'NONE', ( #12136, #12566, #3233, #3164 ) ) ;
#6764 = VERTEX_POINT ( 'NONE', #7310 ) ;
#6765 = ADVANCED_FACE ( 'NONE', ( #8971 ), #4518, .F. ) ;
#6766 = EDGE_CURVE ( 'NONE', #13089, #45, #9043, .T. ) ;
#6767 = ORIENTED_EDGE ( 'NONE', *, *, #9317, .T. ) ;
#6768 = CIRCLE ( 'NONE', #9969, 1.000000000000027978 ) ;
#6769 = CARTESIAN_POINT ( 'NONE',  ( -6.330983280564429272, 18.00135094402205027, -13.05000000000000071 ) ) ;
#6770 = CARTESIAN_POINT ( 'NONE',  ( -3.919104336280229806, 16.00810641548579838, -13.05000000000000071 ) ) ;
#6771 = AXIS2_PLACEMENT_3D ( 'NONE', #13074, #290, #1336 ) ;
#6772 = FACE_OUTER_BOUND ( 'NONE', #11182, .T. ) ;
#6773 = EDGE_CURVE ( 'NONE', #8532, #2877, #4538, .T. ) ;
#6774 = CARTESIAN_POINT ( 'NONE',  ( -1.442193645700395876, 12.96803417904112088, -13.05000000000000071 ) ) ;
#6775 = EDGE_LOOP ( 'NONE', ( #366, #13135, #3025 ) ) ;
#6776 = ORIENTED_EDGE ( 'NONE', *, *, #6971, .F. ) ;
#6777 = ADVANCED_FACE ( 'NONE', ( #303 ), #11018, .F. ) ;
#6778 = CARTESIAN_POINT ( 'NONE',  ( 2.643096200179324118, 10.06700254793487126, -11.38757792439441907 ) ) ;
#6779 = DIRECTION ( 'NONE',  ( 0.000000000000000000, 1.000000000000000000, 0.000000000000000000 ) ) ;
#6780 = ORIENTED_EDGE ( 'NONE', *, *, #5804, .T. ) ;
#6781 = VERTEX_POINT ( 'NONE', #8793 ) ;
#6782 = EDGE_CURVE ( 'NONE', #8954, #6764, #5175, .T. ) ;
#6783 = DIRECTION ( 'NONE',  ( 1.000000000000000000, 0.000000000000000000, 0.000000000000000000 ) ) ;
#6784 = VERTEX_POINT ( 'NONE', #4400 ) ;
#6785 = ORIENTED_EDGE ( 'NONE', *, *, #9590, .F. ) ;
#6786 = AXIS2_PLACEMENT_3D ( 'NONE', #4810, #7937, #13174 ) ;
#6787 = DIRECTION ( 'NONE',  ( 0.000000000000000000, 0.000000000000000000, 1.000000000000000000 ) ) ;
#6788 = CARTESIAN_POINT ( 'NONE',  ( -0.9000476708424469674, 10.66194478217150099, 13.54999999999999893 ) ) ;
#6789 = DIRECTION ( 'NONE',  ( -0.8191520442889891340, -0.5735764363510499342, 0.000000000000000000 ) ) ;
#6790 = DIRECTION ( 'NONE',  ( 0.000000000000000000, 0.9438583563660177811, 0.3303504247281049411 ) ) ;
#6791 = ORIENTED_EDGE ( 'NONE', *, *, #7899, .F. ) ;
#6792 = LINE ( 'NONE', #5234, #2207 ) ;
#6793 = FACE_OUTER_BOUND ( 'NONE', #4413, .T. ) ;
#6794 = EDGE_CURVE ( 'NONE', #5352, #11955, #735, .T. ) ;
#6795 = EDGE_CURVE ( 'NONE', #2404, #10157, #4892, .T. ) ;
#6796 = DIRECTION ( 'NONE',  ( 0.000000000000000000, 0.000000000000000000, 1.000000000000000000 ) ) ;
#6797 = ORIENTED_EDGE ( 'NONE', *, *, #3512, .T. ) ;
#6798 = ORIENTED_EDGE ( 'NONE', *, *, #1571, .T. ) ;
#6799 = DIRECTION ( 'NONE',  ( -0.9063077870366528233, 0.4226182617406934461, 0.000000000000000000 ) ) ;
#6800 = ORIENTED_EDGE ( 'NONE', *, *, #1606, .F. ) ;
#6801 = CARTESIAN_POINT ( 'NONE',  ( -2.399604646138564945, 13.25676273017529994, -11.44999999999999929 ) ) ;
#6802 = VECTOR ( 'NONE', #7332, 1000.000000000000000 ) ;
#6803 = EDGE_CURVE ( 'NONE', #12495, #12325, #9584, .T. ) ;
#6804 = DIRECTION ( 'NONE',  ( -0.7071067811865474617, 0.7071067811865474617, 0.000000000000000000 ) ) ;
#6805 = CARTESIAN_POINT ( 'NONE',  ( -3.775451385280815142, 16.42485207100589761, -4.799999999999999822 ) ) ;
#6806 = ORIENTED_EDGE ( 'NONE', *, *, #1611, .F. ) ;
#6807 = VERTEX_POINT ( 'NONE', #12974 ) ;
#6808 = ORIENTED_EDGE ( 'NONE', *, *, #4023, .F. ) ;
#6809 = AXIS2_PLACEMENT_3D ( 'NONE', #13387, #13300, #1050 ) ;
#6810 = CARTESIAN_POINT ( 'NONE',  ( -1.530854753362479892, 11.74577986658169948, -13.05000000000000071 ) ) ;
#6811 = ORIENTED_EDGE ( 'NONE', *, *, #1548, .T. ) ;
#6812 = EDGE_CURVE ( 'NONE', #12008, #514, #5306, .T. ) ;
#6813 = LINE ( 'NONE', #5204, #2401 ) ;
#6814 = CIRCLE ( 'NONE', #913, 1.000000000000027978 ) ;
#6815 = EDGE_LOOP ( 'NONE', ( #11075, #335, #11822, #8885, #9408, #5410 ) ) ;
#6816 = EDGE_LOOP ( 'NONE', ( #7012, #5432, #2202, #10016 ) ) ;
#6817 = LINE ( 'NONE', #1077, #2307 ) ;
#6818 = DIRECTION ( 'NONE',  ( 0.7071067811865475727, 0.7071067811865475727, 0.000000000000000000 ) ) ;
#6819 = EDGE_CURVE ( 'NONE', #6171, #10204, #9775, .T. ) ;
#6820 = VERTEX_POINT ( 'NONE', #4781 ) ;
#6821 = CARTESIAN_POINT ( 'NONE',  ( -5.250000000000000000, 16.69999999999999929, 6.949999999999999289 ) ) ;
#6822 = CARTESIAN_POINT ( 'NONE',  ( -0.9000476708424469674, 10.66194478217150099, 11.95000000000000107 ) ) ;
#6823 = LINE ( 'NONE', #12132, #11703 ) ;
#6824 = PLANE ( 'NONE',  #10624 ) ;
#6825 = PLANE ( 'NONE',  #11983 ) ;
#6826 = DIRECTION ( 'NONE',  ( 0.000000000000000000, 1.000000000000000000, 0.000000000000000000 ) ) ;
#6827 = ORIENTED_EDGE ( 'NONE', *, *, #5313, .T. ) ;
#6828 = EDGE_LOOP ( 'NONE', ( #6806, #1156, #2200, #562 ) ) ;
#6829 = DIRECTION ( 'NONE',  ( -0.6916548014802249567, -0.6916548014802239575, -0.2079116908177665313 ) ) ;
#6830 = ORIENTED_EDGE ( 'NONE', *, *, #9211, .F. ) ;
#6831 = EDGE_CURVE ( 'NONE', #12177, #7391, #9756, .T. ) ;
#6832 = CARTESIAN_POINT ( 'NONE',  ( 2.149999999999999911, 0.000000000000000000, -2.550000000000000266 ) ) ;
#6833 = PLANE ( 'NONE',  #12773 ) ;
#6834 = DIRECTION ( 'NONE',  ( 0.000000000000000000, 0.000000000000000000, 1.000000000000000000 ) ) ;
#6835 = CARTESIAN_POINT ( 'NONE',  ( -5.575000000000000178, 9.830057098047239705, -6.450000000000000178 ) ) ;
#6836 = ORIENTED_EDGE ( 'NONE', *, *, #4279, .T. ) ;
#6837 = FACE_OUTER_BOUND ( 'NONE', #5000, .T. ) ;
#6838 = ADVANCED_FACE ( 'NONE', ( #396, #9731 ), #10728, .T. ) ;
#6839 = AXIS2_PLACEMENT_3D ( 'NONE', #2028, #11574, #4111 ) ;
#6840 = EDGE_CURVE ( 'NONE', #5678, #11693, #578, .T. ) ;
#6841 = ORIENTED_EDGE ( 'NONE', *, *, #5477, .T. ) ;
#6842 = DIRECTION ( 'NONE',  ( -1.000000000000000000, 0.000000000000000000, 0.000000000000000000 ) ) ;
#6843 = ORIENTED_EDGE ( 'NONE', *, *, #13421, .T. ) ;
#6844 = VECTOR ( 'NONE', #208, 1000.000000000000000 ) ;
#6845 = VERTEX_POINT ( 'NONE', #6835 ) ;
#6846 = VECTOR ( 'NONE', #2075, 1000.000000000000000 ) ;
#6847 = EDGE_CURVE ( 'NONE', #2142, #12632, #9631, .T. ) ;
#6848 = PLANE ( 'NONE',  #10456 ) ;
#6849 = DIRECTION ( 'NONE',  ( 0.000000000000000000, 0.000000000000000000, -1.000000000000000000 ) ) ;
#6850 = CARTESIAN_POINT ( 'NONE',  ( 5.126524163602469208, 5.126524163602469208, -16.44999999999999929 ) ) ;
#6851 = CARTESIAN_POINT ( 'NONE',  ( 2.643096200186672018, 10.06700254793051208, 8.612422075612926164 ) ) ;
#6852 = VERTEX_POINT ( 'NONE', #2664 ) ;
#6853 = CARTESIAN_POINT ( 'NONE',  ( 2.740115085247985416, 9.987806976109879997, 16.44999999999999929 ) ) ;
#6854 = CARTESIAN_POINT ( 'NONE',  ( -7.500000000000000000, -3.500000000000000000, 2.449999999999999734 ) ) ;
#6855 = CARTESIAN_POINT ( 'NONE',  ( 2.149999999999999911, -4.000000000000000000, 3.149999999999999911 ) ) ;
#6856 = AXIS2_PLACEMENT_3D ( 'NONE', #10278, #986, #5237 ) ;
#6857 = ORIENTED_EDGE ( 'NONE', *, *, #6415, .T. ) ;
#6858 = LINE ( 'NONE', #10415, #11392 ) ;
#6859 = PLANE ( 'NONE',  #8695 ) ;
#6860 = DIRECTION ( 'NONE',  ( -0.7692307692307693845, -0.6389710663783134681, 0.000000000000000000 ) ) ;
#6861 = FACE_OUTER_BOUND ( 'NONE', #9979, .T. ) ;
#6862 = CARTESIAN_POINT ( 'NONE',  ( -5.250000000000000000, 16.69999999999999929, -14.69999999999999929 ) ) ;
#6863 = ORIENTED_EDGE ( 'NONE', *, *, #336, .T. ) ;
#6864 = EDGE_LOOP ( 'NONE', ( #728, #5186, #13270, #3043 ) ) ;
#6865 = LINE ( 'NONE', #9605, #11565 ) ;
#6866 = DIRECTION ( 'NONE',  ( -0.5735764363510499342, 0.8191520442889891340, 0.000000000000000000 ) ) ;
#6867 = CARTESIAN_POINT ( 'NONE',  ( -2.149999999999999911, 0.000000000000000000, 13.15000000000000036 ) ) ;
#6868 = ORIENTED_EDGE ( 'NONE', *, *, #8712, .F. ) ;
#6869 = LINE ( 'NONE', #9862, #2688 ) ;
#6870 = VERTEX_POINT ( 'NONE', #3693 ) ;
#6871 = DIRECTION ( 'NONE',  ( 0.9659258262890679791, -0.2588190451025220162, 0.000000000000000000 ) ) ;
#6872 = DIRECTION ( 'NONE',  ( 0.000000000000000000, 0.000000000000000000, -1.000000000000000000 ) ) ;
#6873 = AXIS2_PLACEMENT_3D ( 'NONE', #10677, #6789, #504 ) ;
#6874 = DIRECTION ( 'NONE',  ( -0.6389710663783129130, 0.7692307692307697176, 0.000000000000000000 ) ) ;
#6875 = CARTESIAN_POINT ( 'NONE',  ( -1.442193645700395876, 12.96803417904112088, -8.050000000000000711 ) ) ;
#6876 = EDGE_LOOP ( 'NONE', ( #11320, #13199, #3852, #13273, #7973, #9424 ) ) ;
#6877 = LINE ( 'NONE', #11855, #11375 ) ;
#6878 = ORIENTED_EDGE ( 'NONE', *, *, #8759, .T. ) ;
#6879 = ORIENTED_EDGE ( 'NONE', *, *, #9521, .T. ) ;
#6880 = CIRCLE ( 'NONE', #10670, 1.500000000000000000 ) ;
#6881 = DIRECTION ( 'NONE',  ( 0.000000000000000000, 0.000000000000000000, -1.000000000000000000 ) ) ;
#6882 = ADVANCED_FACE ( 'NONE', ( #5149 ), #9930, .F. ) ;
#6883 = VERTEX_POINT ( 'NONE', #12032 ) ;
#6884 = DIRECTION ( 'NONE',  ( 0.000000000000000000, -1.000000000000000000, 0.000000000000000000 ) ) ;
#6885 = LINE ( 'NONE', #4422, #7222 ) ;
#6886 = EDGE_CURVE ( 'NONE', #9313, #13442, #349, .T. ) ;
#6887 = CARTESIAN_POINT ( 'NONE',  ( -1.222370646041895936, 12.87780098272160068, -15.15000000000000036 ) ) ;
#6888 = DIRECTION ( 'NONE',  ( 0.000000000000000000, 0.000000000000000000, 1.000000000000000000 ) ) ;
#6889 = PLANE ( 'NONE',  #5631 ) ;
#6890 = ORIENTED_EDGE ( 'NONE', *, *, #2734, .T. ) ;
#6891 = CARTESIAN_POINT ( 'NONE',  ( -7.014921993108779397, 16.26222191265249961, -8.050000000000000711 ) ) ;
#6892 = VERTEX_POINT ( 'NONE', #12688 ) ;
#6893 = FACE_OUTER_BOUND ( 'NONE', #12081, .T. ) ;
#6894 = AXIS2_PLACEMENT_3D ( 'NONE', #11663, #8574, #6618 ) ;
#6895 = CARTESIAN_POINT ( 'NONE',  ( 2.850000000000000089, 2.200000000000000178, 15.75000000000000000 ) ) ;
#6896 = ORIENTED_EDGE ( 'NONE', *, *, #12663, .T. ) ;
#6897 = ORIENTED_EDGE ( 'NONE', *, *, #8704, .F. ) ;
#6898 = VECTOR ( 'NONE', #7077, 1000.000000000000114 ) ;
#6899 = DIRECTION ( 'NONE',  ( 0.7071067811865465735, 0.7071067811865485719, 0.000000000000000000 ) ) ;
#6900 = ORIENTED_EDGE ( 'NONE', *, *, #1563, .F. ) ;
#6901 = PLANE ( 'NONE',  #8314 ) ;
#6902 = CARTESIAN_POINT ( 'NONE',  ( -2.850000000000000089, 0.6999999999999999556, 15.75000000000000000 ) ) ;
#6903 = VECTOR ( 'NONE', #10129, 999.9999999999998863 ) ;
#6904 = DIRECTION ( 'NONE',  ( 1.000000000000000000, 0.000000000000000000, 0.000000000000000000 ) ) ;
#6905 = EDGE_CURVE ( 'NONE', #13072, #4321, #526, .T. ) ;
#6906 = AXIS2_PLACEMENT_3D ( 'NONE', #7831, #13345, #831 ) ;
#6907 = EDGE_CURVE ( 'NONE', #8875, #7132, #9450, .T. ) ;
#6908 = ORIENTED_EDGE ( 'NONE', *, *, #13187, .T. ) ;
#6909 = CARTESIAN_POINT ( 'NONE',  ( 3.588643222671839883, 9.139278838686021089, -10.94999999999999929 ) ) ;
#6910 = ADVANCED_FACE ( 'NONE', ( #9656 ), #4591, .F. ) ;
#6911 = CARTESIAN_POINT ( 'NONE',  ( 2.740115085247985416, 9.987806976109879997, -11.26638422135469852 ) ) ;
#6912 = CARTESIAN_POINT ( 'NONE',  ( 2.317718362080739336, 10.13004388994446536, 12.92220997138553784 ) ) ;
#6913 = DIRECTION ( 'NONE',  ( 0.000000000000000000, 0.000000000000000000, -1.000000000000000000 ) ) ;
#6914 = CARTESIAN_POINT ( 'NONE',  ( -0.9000476708424469674, 10.66194478217150099, 8.550000000000000711 ) ) ;
#6915 = CARTESIAN_POINT ( 'NONE',  ( 3.341155849256549626, 9.386766212101310458, 11.44999999999999929 ) ) ;
#6916 = ORIENTED_EDGE ( 'NONE', *, *, #11946, .F. ) ;
#6917 = LINE ( 'NONE', #5904, #6935 ) ;
#6918 = EDGE_CURVE ( 'NONE', #7296, #11645, #437, .T. ) ;
#6919 = VECTOR ( 'NONE', #6250, 1000.000000000000000 ) ;
#6920 = ORIENTED_EDGE ( 'NONE', *, *, #9283, .T. ) ;
#6921 = PRESENTATION_LAYER_ASSIGNMENT (  '', '', ( #13067 ) ) ;
#6922 = DIRECTION ( 'NONE',  ( 0.7071067811865475727, 0.7071067811865475727, 0.000000000000000000 ) ) ;
#6923 = ORIENTED_EDGE ( 'NONE', *, *, #7684, .F. ) ;
#6924 = VECTOR ( 'NONE', #2183, 1000.000000000000227 ) ;
#6925 = VERTEX_POINT ( 'NONE', #13419 ) ;
#6926 = LINE ( 'NONE', #8448, #7116 ) ;
#6927 = CARTESIAN_POINT ( 'NONE',  ( 1.926942286883454925, 7.972552649728219976, 13.62488687665993936 ) ) ;
#6928 = EDGE_CURVE ( 'NONE', #12425, #4758, #374, .T. ) ;
#6929 = DIRECTION ( 'NONE',  ( -0.6389710663783129130, 0.7692307692307697176, 0.000000000000000000 ) ) ;
#6930 = DIRECTION ( 'NONE',  ( 0.6389710663783129130, -0.7692307692307697176, 0.000000000000000000 ) ) ;
#6931 = ORIENTED_EDGE ( 'NONE', *, *, #1268, .F. ) ;
#6932 = AXIS2_PLACEMENT_3D ( 'NONE', #11941, #5722, #2398 ) ;
#6933 = ADVANCED_FACE ( 'NONE', ( #5101 ), #10370, .F. ) ;
#6934 = ORIENTED_EDGE ( 'NONE', *, *, #8966, .F. ) ;
#6935 = VECTOR ( 'NONE', #12111, 1000.000000000000000 ) ;
#6936 = ADVANCED_FACE ( 'NONE', ( #9707 ), #2928, .T. ) ;
#6937 = DIRECTION ( 'NONE',  ( 0.000000000000000000, 0.000000000000000000, 1.000000000000000000 ) ) ;
#6938 = CARTESIAN_POINT ( 'NONE',  ( -2.047200543544544615, 12.30024887074950080, 16.44999999999999929 ) ) ;
#6939 = SURFACE_STYLE_FILL_AREA ( #3407 ) ;
#6940 = PLANE ( 'NONE',  #8222 ) ;
#6941 = ORIENTED_EDGE ( 'NONE', *, *, #13526, .T. ) ;
#6942 = VERTEX_POINT ( 'NONE', #5062 ) ;
#6943 = FACE_OUTER_BOUND ( 'NONE', #13507, .T. ) ;
#6944 = EDGE_CURVE ( 'NONE', #2352, #5352, #552, .T. ) ;
#6945 = CARTESIAN_POINT ( 'NONE',  ( -6.750000000000000000, 16.69999999999999929, -14.69999999999999929 ) ) ;
#6946 = CARTESIAN_POINT ( 'NONE',  ( -5.250000000000000000, 18.19999999999999929, 5.200000000000000178 ) ) ;
#6947 = FACE_OUTER_BOUND ( 'NONE', #5724, .T. ) ;
#6948 = AXIS2_PLACEMENT_3D ( 'NONE', #580, #3836, #13004 ) ;
#6949 = LINE ( 'NONE', #563, #2641 ) ;
#6950 = DIRECTION ( 'NONE',  ( 0.000000000000000000, -1.000000000000000000, 0.000000000000000000 ) ) ;
#6951 = ORIENTED_EDGE ( 'NONE', *, *, #2536, .F. ) ;
#6952 = CARTESIAN_POINT ( 'NONE',  ( 1.926942286883454925, 7.972552649728219976, 8.624886876659939361 ) ) ;
#6953 = CARTESIAN_POINT ( 'NONE',  ( 2.317718362080884553, 10.13004388994448490, 2.922209971391728001 ) ) ;
#6954 = CARTESIAN_POINT ( 'NONE',  ( 2.149999999999999911, -4.163697104677059890, 7.682293986636969940 ) ) ;
#6955 = DIRECTION ( 'NONE',  ( 0.7071067811865480168, 0.7071067811865470176, 0.000000000000000000 ) ) ;
#6956 = DIRECTION ( 'NONE',  ( 0.000000000000000000, 0.000000000000000000, -1.000000000000000000 ) ) ;
#6957 = DIRECTION ( 'NONE',  ( 0.8191520442889898002, 0.5735764363510488240, 0.000000000000000000 ) ) ;
#6958 = ORIENTED_EDGE ( 'NONE', *, *, #916, .F. ) ;
#6959 = DIRECTION ( 'NONE',  ( 0.000000000000000000, 1.000000000000000000, 0.000000000000000000 ) ) ;
#6960 = ORIENTED_EDGE ( 'NONE', *, *, #1580, .F. ) ;
#6961 = EDGE_CURVE ( 'NONE', #13535, #3700, #9680, .T. ) ;
#6962 = VERTEX_POINT ( 'NONE', #13329 ) ;
#6963 = LINE ( 'NONE', #11199, #6898 ) ;
#6964 = CARTESIAN_POINT ( 'NONE',  ( -5.250000000000000000, 16.69999999999999929, -4.799999999999999822 ) ) ;
#6965 = DIRECTION ( 'NONE',  ( 1.000000000000000000, 0.000000000000000000, 0.000000000000000000 ) ) ;
#6966 = CIRCLE ( 'NONE', #2849, 1.500000000000000000 ) ;
#6967 = CARTESIAN_POINT ( 'NONE',  ( -5.575000000000000178, 16.69999999999999929, -6.450000000000000178 ) ) ;
#6968 = AXIS2_PLACEMENT_3D ( 'NONE', #11432, #10526, #5218 ) ;
#6969 = DIRECTION ( 'NONE',  ( 1.000000000000000000, 0.000000000000000000, 0.000000000000000000 ) ) ;
#6970 = CARTESIAN_POINT ( 'NONE',  ( 2.149999999999999911, 0.000000000000000000, 13.15000000000000036 ) ) ;
#6971 = EDGE_CURVE ( 'NONE', #2352, #13072, #5281, .T. ) ;
#6972 = CARTESIAN_POINT ( 'NONE',  ( -0.9000476708424469674, 10.66194478217150099, -6.450000000000000178 ) ) ;
#6973 = DIRECTION ( 'NONE',  ( -1.000000000000000000, 0.000000000000000000, 0.000000000000000000 ) ) ;
#6974 = EDGE_LOOP ( 'NONE', ( #5295, #7212, #4646, #3418 ) ) ;
#6975 = DIRECTION ( 'NONE',  ( -1.000000000000000000, 0.000000000000000000, 0.000000000000000000 ) ) ;
#6976 = EDGE_CURVE ( 'NONE', #7492, #13360, #5198, .T. ) ;
#6977 = EDGE_LOOP ( 'NONE', ( #4235, #13156, #7153, #2489 ) ) ;
#6978 = CIRCLE ( 'NONE', #8823, 1.505000000000000338 ) ;
#6979 = CIRCLE ( 'NONE', #1069, 1.500000000000000000 ) ;
#6980 = ORIENTED_EDGE ( 'NONE', *, *, #12142, .T. ) ;
#6981 = ORIENTED_EDGE ( 'NONE', *, *, #9816, .F. ) ;
#6982 = LINE ( 'NONE', #7163, #11381 ) ;
#6983 = ADVANCED_FACE ( 'NONE', ( #755 ), #3903, .F. ) ;
#6984 = CARTESIAN_POINT ( 'NONE',  ( -0.9000476708424469674, 10.66194478217150099, 3.550000000000000266 ) ) ;
#6985 = LINE ( 'NONE', #5001, #2469 ) ;
#6986 = DIRECTION ( 'NONE',  ( -1.000000000000000000, 0.000000000000000000, 0.000000000000000000 ) ) ;
#6987 = DIRECTION ( 'NONE',  ( -0.5735764363510499342, 0.8191520442889891340, 0.000000000000000000 ) ) ;
#6988 = CARTESIAN_POINT ( 'NONE',  ( -2.399604646138564945, 13.25676273017529994, 13.54999999999999893 ) ) ;
#6989 = CARTESIAN_POINT ( 'NONE',  ( -3.649999999999999911, 11.17795660910094036, 16.44999999999999929 ) ) ;
#6990 = EDGE_CURVE ( 'NONE', #1520, #7891, #328, .T. ) ;
#6991 = CARTESIAN_POINT ( 'NONE',  ( 2.850000000000000089, -3.500000000000000000, -1.850000000000000089 ) ) ;
#6992 = FILL_AREA_STYLE ('',( #727 ) ) ;
#6993 =( LENGTH_UNIT ( ) NAMED_UNIT ( * ) SI_UNIT ( .MILLI., .METRE. ) );
#6994 = DIRECTION ( 'NONE',  ( -0.6389710663783122468, 0.7692307692307702727, 0.000000000000000000 ) ) ;
#6995 = VERTEX_POINT ( 'NONE', #8081 ) ;
#6996 = LINE ( 'NONE', #1311, #11433 ) ;
#6997 = EDGE_CURVE ( 'NONE', #7556, #5116, #666, .T. ) ;
#6998 = VERTEX_POINT ( 'NONE', #730 ) ;
#6999 = DIRECTION ( 'NONE',  ( 0.000000000000000000, 0.000000000000000000, 1.000000000000000000 ) ) ;
#7000 = ORIENTED_EDGE ( 'NONE', *, *, #6323, .T. ) ;
#7001 = CIRCLE ( 'NONE', #1144, 1.000000000000027978 ) ;
#7002 = VERTEX_POINT ( 'NONE', #2088 ) ;
#7003 = AXIS2_PLACEMENT_3D ( 'NONE', #5470, #3503, #1317 ) ;
#7004 = VECTOR ( 'NONE', #5345, 1000.000000000000000 ) ;
#7005 = CARTESIAN_POINT ( 'NONE',  ( -5.001253558300190249, 7.790249504023520011, 3.550000000000000266 ) ) ;
#7006 = CARTESIAN_POINT ( 'NONE',  ( 2.740115085247985416, 9.987806976109879997, 13.73361577864529970 ) ) ;
#7007 = DIRECTION ( 'NONE',  ( 1.000000000000000000, 0.000000000000000000, 0.000000000000000000 ) ) ;
#7008 = DIRECTION ( 'NONE',  ( 0.000000000000000000, 1.000000000000000000, 0.000000000000000000 ) ) ;
#7009 = CARTESIAN_POINT ( 'NONE',  ( 2.149999999999999911, 0.000000000000000000, 3.149999999999999911 ) ) ;
#7010 = DIRECTION ( 'NONE',  ( -0.4834473103160809582, 0.8753734620995469173, 0.000000000000000000 ) ) ;
#7011 = EDGE_CURVE ( 'NONE', #6674, #216, #645, .T. ) ;
#7012 = ORIENTED_EDGE ( 'NONE', *, *, #2209, .F. ) ;
#7013 = ORIENTED_EDGE ( 'NONE', *, *, #12503, .F. ) ;
#7014 = EDGE_LOOP ( 'NONE', ( #11270, #4181, #6315, #13465 ) ) ;
#7015 = CIRCLE ( 'NONE', #4756, 0.8000000000000003775 ) ;
#7016 = CARTESIAN_POINT ( 'NONE',  ( 5.275000000000000355, 0.000000000000000000, 16.44999999999999929 ) ) ;
#7017 = VECTOR ( 'NONE', #7122, 1000.000000000000114 ) ;
#7018 = CARTESIAN_POINT ( 'NONE',  ( -6.750000000000000000, 16.69999999999999929, 3.550000000000000266 ) ) ;
#7019 = ORIENTED_EDGE ( 'NONE', *, *, #4803, .T. ) ;
#7020 = EDGE_LOOP ( 'NONE', ( #6597, #2417, #1204, #5111 ) ) ;
#7021 = LINE ( 'NONE', #11816, #2593 ) ;
#7022 = CARTESIAN_POINT ( 'NONE',  ( -6.293015043061680025, 9.112042054985540318, 16.44999999999999929 ) ) ;
#7023 = VERTEX_POINT ( 'NONE', #12452 ) ;
#7024 = FACE_OUTER_BOUND ( 'NONE', #4229, .T. ) ;
#7025 = DIRECTION ( 'NONE',  ( 0.000000000000000000, 0.000000000000000000, -1.000000000000000000 ) ) ;
#7026 = STYLED_ITEM ( 'NONE', ( #11458 ), #2514 ) ;
#7027 = DIRECTION ( 'NONE',  ( 0.000000000000000000, 0.000000000000000000, 1.000000000000000000 ) ) ;
#7028 = CARTESIAN_POINT ( 'NONE',  ( -3.649999999999999911, 11.17795660910094036, 1.949999999999999956 ) ) ;
#7029 = EDGE_CURVE ( 'NONE', #5389, #13109, #5242, .T. ) ;
#7030 = PLANE ( 'NONE',  #1470 ) ;
#7031 = SURFACE_SIDE_STYLE ('',( #2733 ) ) ;
#7032 = DIRECTION ( 'NONE',  ( -0.7692307692307698286, -0.6389710663783129130, 0.000000000000000000 ) ) ;
#7033 = VERTEX_POINT ( 'NONE', #6299 ) ;
#7034 = PLANE ( 'NONE',  #10983 ) ;
#7035 = ORIENTED_EDGE ( 'NONE', *, *, #12762, .T. ) ;
#7036 = VERTEX_POINT ( 'NONE', #7333 ) ;
#7037 = EDGE_CURVE ( 'NONE', #7622, #8919, #4845, .T. ) ;
#7038 = LINE ( 'NONE', #10910, #7060 ) ;
#7039 = ADVANCED_FACE ( 'NONE', ( #9375 ), #1709, .F. ) ;
#7040 = VECTOR ( 'NONE', #4035, 1000.000000000000000 ) ;
#7041 = CARTESIAN_POINT ( 'NONE',  ( 0.000000000000000000, -4.000000000000000000, -12.37500000000000000 ) ) ;
#7042 = ORIENTED_EDGE ( 'NONE', *, *, #7959, .F. ) ;
#7043 = VERTEX_POINT ( 'NONE', #7988 ) ;
#7044 = LINE ( 'NONE', #2604, #12208 ) ;
#7045 = DIRECTION ( 'NONE',  ( 0.000000000000000000, 1.000000000000000000, 0.000000000000000000 ) ) ;
#7046 = ORIENTED_EDGE ( 'NONE', *, *, #6997, .F. ) ;
#7047 = FACE_OUTER_BOUND ( 'NONE', #8272, .T. ) ;
#7048 = CARTESIAN_POINT ( 'NONE',  ( 2.306154181162860084, 10.12774586688902190, 2.749999999999964917 ) ) ;
#7049 = CARTESIAN_POINT ( 'NONE',  ( 2.292336484007150066, 2.043716946227315034, -15.84999999999999964 ) ) ;
#7050 = CARTESIAN_POINT ( 'NONE',  ( -1.442193645700395876, 12.96803417904112088, 13.54999999999999893 ) ) ;
#7051 = CARTESIAN_POINT ( 'NONE',  ( 1.500000000000000000, 8.800000000000000711, 16.44999999999999929 ) ) ;
#7052 = CARTESIAN_POINT ( 'NONE',  ( -7.014921993108779397, 16.26222191265249961, -1.449999999999999956 ) ) ;
#7053 = PRESENTATION_LAYER_ASSIGNMENT (  '', '', ( #4571 ) ) ;
#7054 = CARTESIAN_POINT ( 'NONE',  ( 2.149999999999999911, -4.000000000000000000, 12.44999999999999929 ) ) ;
#7055 = ORIENTED_EDGE ( 'NONE', *, *, #12985, .T. ) ;
#7056 = ADVANCED_FACE ( 'NONE', ( #9471 ), #12202, .F. ) ;
#7057 = ORIENTED_EDGE ( 'NONE', *, *, #12392, .T. ) ;
#7058 = EDGE_CURVE ( 'NONE', #4572, #8203, #4944, .T. ) ;
#7059 = ORIENTED_EDGE ( 'NONE', *, *, #1209, .T. ) ;
#7060 = VECTOR ( 'NONE', #11942, 1000.000000000000000 ) ;
#7061 = AXIS2_PLACEMENT_3D ( 'NONE', #3621, #3526, #4519 ) ;
#7062 = EDGE_CURVE ( 'NONE', #11653, #13535, #9519, .T. ) ;
#7063 = DIRECTION ( 'NONE',  ( 1.000000000000000000, 0.000000000000000000, 0.000000000000000000 ) ) ;
#7064 = ORIENTED_EDGE ( 'NONE', *, *, #485, .T. ) ;
#7065 = ORIENTED_EDGE ( 'NONE', *, *, #9816, .T. ) ;
#7066 = DIRECTION ( 'NONE',  ( 0.000000000000000000, 0.000000000000000000, 1.000000000000000000 ) ) ;
#7067 = VERTEX_POINT ( 'NONE', #3365 ) ;
#7068 = CARTESIAN_POINT ( 'NONE',  ( 2.850000000000000089, -4.000000000000000000, -2.024999999999999911 ) ) ;
#7069 = CARTESIAN_POINT ( 'NONE',  ( -5.250000000000000000, 16.69999999999999929, 3.550000000000000266 ) ) ;
#7070 = LINE ( 'NONE', #1337, #6846 ) ;
#7071 = CARTESIAN_POINT ( 'NONE',  ( 1.308303843626091867, 8.591191092985580369, -12.25000000000000000 ) ) ;
#7072 = DIRECTION ( 'NONE',  ( 0.000000000000000000, 0.000000000000000000, -1.000000000000000000 ) ) ;
#7073 = DIRECTION ( 'NONE',  ( -0.7071067811865415775, -0.7071067811865535679, 0.000000000000000000 ) ) ;
#7074 = EDGE_CURVE ( 'NONE', #12405, #783, #417, .T. ) ;
#7075 = PLANE ( 'NONE',  #12340 ) ;
#7076 =( GEOMETRIC_REPRESENTATION_CONTEXT ( 3 ) GLOBAL_UNCERTAINTY_ASSIGNED_CONTEXT ( ( #9113 ) ) GLOBAL_UNIT_ASSIGNED_CONTEXT ( ( #3914, #2942, #6314 ) ) REPRESENTATION_CONTEXT ( 'NONE', 'WORKASPACE' ) );
#7077 = DIRECTION ( 'NONE',  ( -0.9659258262890700886, -0.2588190451025140226, 0.000000000000000000 ) ) ;
#7078 = DIRECTION ( 'NONE',  ( 0.000000000000000000, 0.000000000000000000, 1.000000000000000000 ) ) ;
#7079 = CARTESIAN_POINT ( 'NONE',  ( 2.740115085247985416, 9.987806976109879997, 13.73361577864529970 ) ) ;
#7080 = DIRECTION ( 'NONE',  ( 0.000000000000000000, 1.000000000000000000, 0.000000000000000000 ) ) ;
#7081 = DIRECTION ( 'NONE',  ( -1.000000000000000000, 0.000000000000000000, 0.000000000000000000 ) ) ;
#7082 = CARTESIAN_POINT ( 'NONE',  ( -3.775451385280815142, 16.42485207100589761, -9.799999999999998934 ) ) ;
#7083 = ORIENTED_EDGE ( 'NONE', *, *, #5820, .F. ) ;
#7084 = ORIENTED_EDGE ( 'NONE', *, *, #37, .F. ) ;
#7085 = ORIENTED_EDGE ( 'NONE', *, *, #13119, .T. ) ;
#7086 = FACE_OUTER_BOUND ( 'NONE', #4475, .T. ) ;
#7087 = VECTOR ( 'NONE', #6158, 1000.000000000000000 ) ;
#7088 = ORIENTED_EDGE ( 'NONE', *, *, #10993, .F. ) ;
#7089 = VERTEX_POINT ( 'NONE', #6588 ) ;
#7090 = LINE ( 'NONE', #8365, #7220 ) ;
#7091 = AXIS2_PLACEMENT_3D ( 'NONE', #5182, #13524, #1017 ) ;
#7092 = ADVANCED_FACE ( 'NONE', ( #462 ), #4619, .F. ) ;
#7093 = ORIENTED_EDGE ( 'NONE', *, *, #10045, .T. ) ;
#7094 = FACE_OUTER_BOUND ( 'NONE', #6876, .T. ) ;
#7095 = DIRECTION ( 'NONE',  ( -0.6389710663783129130, 0.7692307692307698286, 0.000000000000000000 ) ) ;
#7096 = DIRECTION ( 'NONE',  ( 0.000000000000000000, 0.000000000000000000, 1.000000000000000000 ) ) ;
#7097 = DIRECTION ( 'NONE',  ( 0.000000000000000000, -1.000000000000000000, 0.000000000000000000 ) ) ;
#7098 = CARTESIAN_POINT ( 'NONE',  ( 1.926942286883454925, 7.972552649728219976, 2.750000000000000000 ) ) ;
#7099 = CARTESIAN_POINT ( 'NONE',  ( -7.200000000000000178, 0.6999999999999999556, 15.75000000000000000 ) ) ;
#7100 = DIRECTION ( 'NONE',  ( 1.000000000000000000, 0.000000000000000000, 0.000000000000000000 ) ) ;
#7101 = AXIS2_PLACEMENT_3D ( 'NONE', #13236, #6913, #6205 ) ;
#7102 = ORIENTED_EDGE ( 'NONE', *, *, #5013, .T. ) ;
#7103 = ORIENTED_EDGE ( 'NONE', *, *, #12011, .T. ) ;
#7104 = VERTEX_POINT ( 'NONE', #11544 ) ;
#7105 = VECTOR ( 'NONE', #9170, 1000.000000000000000 ) ;
#7106 = PLANE ( 'NONE',  #841 ) ;
#7107 = CARTESIAN_POINT ( 'NONE',  ( 2.149999999999999911, -3.945434298440979592, -7.005902004454338972 ) ) ;
#7108 = EDGE_CURVE ( 'NONE', #9564, #12495, #5037, .T. ) ;
#7109 = CYLINDRICAL_SURFACE ( 'NONE', #9107, 0.8000000000000003775 ) ;
#7110 = CARTESIAN_POINT ( 'NONE',  ( 2.149999999999999911, -3.500000000000000000, -1.850000000000000089 ) ) ;
#7111 = ORIENTED_EDGE ( 'NONE', *, *, #2453, .F. ) ;
#7112 = EDGE_LOOP ( 'NONE', ( #4295, #9097, #5226, #1363 ) ) ;
#7113 = DIRECTION ( 'NONE',  ( -0.7071067811865474617, 0.7071067811865474617, 0.000000000000000000 ) ) ;
#7114 = CARTESIAN_POINT ( 'NONE',  ( -3.984748662560944954, 15.89430833868740045, 4.599999999999999645 ) ) ;
#7115 = ORIENTED_EDGE ( 'NONE', *, *, #6241, .F. ) ;
#7116 = VECTOR ( 'NONE', #195, 1000.000000000000114 ) ;
#7117 = PRODUCT_DEFINITION_CONTEXT ( 'detailed design', #2294, 'design' ) ;
#7118 = EDGE_CURVE ( 'NONE', #13336, #8582, #5057, .T. ) ;
#7119 = ADVANCED_FACE ( 'NONE', ( #9565 ), #2356, .T. ) ;
#7120 = DIRECTION ( 'NONE',  ( 0.6389710663783129130, -0.7692307692307697176, 0.000000000000000000 ) ) ;
#7121 = CARTESIAN_POINT ( 'NONE',  ( 5.126524163602469208, 5.126524163602469208, -15.15000000000000036 ) ) ;
#7122 = DIRECTION ( 'NONE',  ( -0.4226182617406933906, -0.9063077870366527122, 0.000000000000000000 ) ) ;
#7123 = EDGE_LOOP ( 'NONE', ( #84, #6652, #1413, #5442 ) ) ;
#7124 = CARTESIAN_POINT ( 'NONE',  ( -5.149861993732639753, 10.12774193481510032, -3.050000000000000266 ) ) ;
#7125 = ORIENTED_EDGE ( 'NONE', *, *, #8417, .T. ) ;
#7126 = ORIENTED_EDGE ( 'NONE', *, *, #10367, .T. ) ;
#7127 = LINE ( 'NONE', #11223, #11733 ) ;
#7128 = AXIS2_PLACEMENT_3D ( 'NONE', #34, #5330, #1447 ) ;
#7129 = LINE ( 'NONE', #13189, #2547 ) ;
#7130 = DIRECTION ( 'NONE',  ( 0.000000000000000000, 1.000000000000000000, 0.000000000000000000 ) ) ;
#7131 = EDGE_CURVE ( 'NONE', #10001, #10763, #10037, .T. ) ;
#7132 = VERTEX_POINT ( 'NONE', #4435 ) ;
#7133 = ORIENTED_EDGE ( 'NONE', *, *, #8995, .T. ) ;
#7134 = CARTESIAN_POINT ( 'NONE',  ( -7.080000000000000071, 16.69999999999999929, 6.949999999999999289 ) ) ;
#7135 = ORIENTED_EDGE ( 'NONE', *, *, #4837, .F. ) ;
#7136 = CONICAL_SURFACE ( 'NONE', #10884, 0.8748868766599399160, 0.2094395102393273866 ) ;
#7137 = CARTESIAN_POINT ( 'NONE',  ( 2.317708822196414165, 10.13004184202785396, 2.577876617481212218 ) ) ;
#7138 = DIRECTION ( 'NONE',  ( 0.000000000000000000, 1.000000000000000000, 0.000000000000000000 ) ) ;
#7139 = EDGE_CURVE ( 'NONE', #13522, #10928, #5325, .T. ) ;
#7140 = CARTESIAN_POINT ( 'NONE',  ( -3.919104336280229806, 16.00810641548579838, 13.54999999999999893 ) ) ;
#7141 = DIRECTION ( 'NONE',  ( 0.7071067811865480168, 0.7071067811865470176, 0.000000000000000000 ) ) ;
#7142 = MANIFOLD_SOLID_BREP ( 'NONE', #2388 ) ;
#7143 = DIRECTION ( 'NONE',  ( -0.6389710663783133571, 0.7692307692307692735, 0.000000000000000000 ) ) ;
#7144 = CARTESIAN_POINT ( 'NONE',  ( -5.575000000000000178, 16.69999999999999929, 13.54999999999999893 ) ) ;
#7145 = AXIS2_PLACEMENT_3D ( 'NONE', #5562, #8792, #8699 ) ;
#7146 = EDGE_CURVE ( 'NONE', #9145, #9690, #10150, .T. ) ;
#7147 = ORIENTED_EDGE ( 'NONE', *, *, #9801, .F. ) ;
#7148 = ORIENTED_EDGE ( 'NONE', *, *, #10208, .T. ) ;
#7149 = ORIENTED_EDGE ( 'NONE', *, *, #9373, .T. ) ;
#7150 = FACE_OUTER_BOUND ( 'NONE', #946, .T. ) ;
#7151 = DIRECTION ( 'NONE',  ( 1.000000000000000000, 0.000000000000000000, 0.000000000000000000 ) ) ;
#7152 = VERTEX_POINT ( 'NONE', #10460 ) ;
#7153 = ORIENTED_EDGE ( 'NONE', *, *, #6944, .F. ) ;
#7154 = DIRECTION ( 'NONE',  ( 2.478176394252580155E-15, 0.000000000000000000, -1.000000000000000000 ) ) ;
#7155 = VERTEX_POINT ( 'NONE', #1348 ) ;
#7156 = DIRECTION ( 'NONE',  ( 0.000000000000000000, 0.000000000000000000, 1.000000000000000000 ) ) ;
#7157 = DIRECTION ( 'NONE',  ( 0.000000000000000000, 0.000000000000000000, 1.000000000000000000 ) ) ;
#7158 = VECTOR ( 'NONE', #982, 1000.000000000000000 ) ;
#7159 = CARTESIAN_POINT ( 'NONE',  ( -7.080000000000000071, 16.69999999999999929, 8.550000000000000711 ) ) ;
#7160 = PLANE ( 'NONE',  #9418 ) ;
#7161 = CARTESIAN_POINT ( 'NONE',  ( -1.442193645700395876, 12.96803417904112088, 8.550000000000000711 ) ) ;
#7162 = EDGE_CURVE ( 'NONE', #4345, #4786, #1122, .T. ) ;
#7163 = CARTESIAN_POINT ( 'NONE',  ( -3.775451385280815142, 16.42485207100589761, 0.2000000000000000111 ) ) ;
#7164 = DIRECTION ( 'NONE',  ( -0.1736481776669269450, 0.9848077530122086864, 0.000000000000000000 ) ) ;
#7166 = EDGE_CURVE ( 'NONE', #2379, #13103, #1061, .T. ) ;
#7165 = SURFACE_STYLE_USAGE ( .BOTH. , #6108 ) ;
#7167 = AXIS2_PLACEMENT_3D ( 'NONE', #6166, #4128, #12587 ) ;
#7168 = ORIENTED_EDGE ( 'NONE', *, *, #10113, .T. ) ;
#7169 = EDGE_LOOP ( 'NONE', ( #3442, #4163, #4320, #6117 ) ) ;
#7170 = ORIENTED_EDGE ( 'NONE', *, *, #4645, .T. ) ;
#7171 = LINE ( 'NONE', #3353, #11806 ) ;
#7172 = FACE_OUTER_BOUND ( 'NONE', #4201, .T. ) ;
#7173 = VERTEX_POINT ( 'NONE', #12911 ) ;
#7174 = VERTEX_POINT ( 'NONE', #3537 ) ;
#7175 = VECTOR ( 'NONE', #11725, 1000.000000000000000 ) ;
#7176 = VERTEX_POINT ( 'NONE', #10558 ) ;
#7177 = LINE ( 'NONE', #9403, #2492 ) ;
#7178 = EDGE_CURVE ( 'NONE', #9412, #4758, #1218, .T. ) ;
#7179 = CARTESIAN_POINT ( 'NONE',  ( -5.250000000000000000, 16.69999999999999929, -5.400000000000000355 ) ) ;
#7180 = DIRECTION ( 'NONE',  ( 0.7071067811865489050, -0.7071067811865460184, 0.000000000000000000 ) ) ;
#7181 = DIRECTION ( 'NONE',  ( 1.000000000000000000, 0.000000000000000000, 0.000000000000000000 ) ) ;
#7182 = CARTESIAN_POINT ( 'NONE',  ( 2.559164477407499749, 7.554020587861660196, -8.157004542773989897 ) ) ;
#7183 = CARTESIAN_POINT ( 'NONE',  ( -3.984748662560944954, 15.89430833868740045, -9.099999999999999645 ) ) ;
#7184 = ORIENTED_EDGE ( 'NONE', *, *, #1504, .F. ) ;
#7185 = CARTESIAN_POINT ( 'NONE',  ( -6.225998900197439845, 6.225998900197429187, -15.15000000000000036 ) ) ;
#7186 = VECTOR ( 'NONE', #7739, 1000.000000000000000 ) ;
#7187 = VERTEX_POINT ( 'NONE', #2432 ) ;
#7188 = ORIENTED_EDGE ( 'NONE', *, *, #8004, .T. ) ;
#7189 = CLOSED_SHELL ( 'NONE', ( #4336, #7678, #8562, #2848, #2054, #6647, #13351, #8382 ) ) ;
#7190 = LINE ( 'NONE', #2348, #12033 ) ;
#7191 = DIRECTION ( 'NONE',  ( -0.7071067811865415775, -0.7071067811865535679, 0.000000000000000000 ) ) ;
#7192 = AXIS2_PLACEMENT_3D ( 'NONE', #11434, #4047, #10428 ) ;
#7193 = CARTESIAN_POINT ( 'NONE',  ( 2.149999999999999911, 0.000000000000000000, -7.550000000000000711 ) ) ;
#7194 = ORIENTED_EDGE ( 'NONE', *, *, #3317, .F. ) ;
#7195 = DIRECTION ( 'NONE',  ( 0.000000000000000000, 0.000000000000000000, -1.000000000000000000 ) ) ;
#7196 = VERTEX_POINT ( 'NONE', #1165 ) ;
#7197 = LINE ( 'NONE', #10760, #7175 ) ;
#7198 = ADVANCED_FACE ( 'NONE', ( #9840 ), #10258, .T. ) ;
#7199 = DIRECTION ( 'NONE',  ( 1.000000000000000000, 0.000000000000000000, 0.000000000000000000 ) ) ;
#7200 = CARTESIAN_POINT ( 'NONE',  ( 6.180774708501559189, 5.698619215432440654, 15.75000000000000000 ) ) ;
#7201 = EDGE_LOOP ( 'NONE', ( #1185, #12826, #11842, #9057 ) ) ;
#7202 = LINE ( 'NONE', #3812, #11567 ) ;
#7203 = DIRECTION ( 'NONE',  ( -0.7692307692307702727, -0.6389710663783122468, 0.000000000000000000 ) ) ;
#7204 = AXIS2_PLACEMENT_3D ( 'NONE', #11398, #5081, #7100 ) ;
#7205 = EDGE_CURVE ( 'NONE', #8043, #6547, #9944, .T. ) ;
#7206 = ORIENTED_EDGE ( 'NONE', *, *, #2275, .T. ) ;
#7207 = DIRECTION ( 'NONE',  ( 1.000000000000000000, 0.000000000000000000, 0.000000000000000000 ) ) ;
#7208 = DIRECTION ( 'NONE',  ( 0.000000000000000000, 0.000000000000000000, -1.000000000000000000 ) ) ;
#7209 = DIRECTION ( 'NONE',  ( 0.000000000000000000, 0.000000000000000000, 1.000000000000000000 ) ) ;
#7210 = ORIENTED_EDGE ( 'NONE', *, *, #12609, .F. ) ;
#7211 = CARTESIAN_POINT ( 'NONE',  ( 2.399620453705856526, 10.13626525142479018, -6.807120788946951606 ) ) ;
#7212 = ORIENTED_EDGE ( 'NONE', *, *, #8031, .T. ) ;
#7213 = ORIENTED_EDGE ( 'NONE', *, *, #4946, .F. ) ;
#7214 = FACE_OUTER_BOUND ( 'NONE', #6815, .T. ) ;
#7215 = CARTESIAN_POINT ( 'NONE',  ( 0.000000000000000000, 0.000000000000000000, -15.00000000000000000 ) ) ;
#7216 = ORIENTED_EDGE ( 'NONE', *, *, #11120, .F. ) ;
#7217 = AXIS2_PLACEMENT_3D ( 'NONE', #7005, #2765, #3809 ) ;
#7218 = EDGE_LOOP ( 'NONE', ( #11698, #6738, #13503, #487 ) ) ;
#7219 = AXIS2_PLACEMENT_3D ( 'NONE', #5140, #13403, #7800 ) ;
#7220 = VECTOR ( 'NONE', #9600, 1000.000000000000114 ) ;
#7221 = ORIENTED_EDGE ( 'NONE', *, *, #2705, .T. ) ;
#7222 = VECTOR ( 'NONE', #12707, 1000.000000000000000 ) ;
#7223 = DIRECTION ( 'NONE',  ( 1.000000000000000000, 0.000000000000000000, 0.000000000000000000 ) ) ;
#7224 = CARTESIAN_POINT ( 'NONE',  ( -7.500000000000000000, -3.500000000000000000, -12.55000000000000071 ) ) ;
#7225 = EDGE_CURVE ( 'NONE', #5996, #10092, #10017, .T. ) ;
#7226 = DIRECTION ( 'NONE',  ( 0.000000000000000000, -0.9888927622975226539, -0.1486307662483623282 ) ) ;
#7227 = DIRECTION ( 'NONE',  ( 1.000000000000000000, 0.000000000000000000, 0.000000000000000000 ) ) ;
#7228 = CARTESIAN_POINT ( 'NONE',  ( -3.984748662560944954, 15.89430833868740045, -5.400000000000000355 ) ) ;
#7229 = MECHANICAL_DESIGN_GEOMETRIC_PRESENTATION_REPRESENTATION (  '', ( #2611 ), #10807 ) ;
#7230 = PLANE ( 'NONE',  #5863 ) ;
#7231 = EDGE_CURVE ( 'NONE', #11225, #6744, #5543, .T. ) ;
#7232 = ORIENTED_EDGE ( 'NONE', *, *, #5332, .T. ) ;
#7233 = DIRECTION ( 'NONE',  ( 1.000000000000000000, 0.000000000000000000, 0.000000000000000000 ) ) ;
#7234 = CARTESIAN_POINT ( 'NONE',  ( -5.246999171586890220, 7.618176573118209838, 11.95000000000000107 ) ) ;
#7235 = ORIENTED_EDGE ( 'NONE', *, *, #13366, .F. ) ;
#7236 = ORIENTED_EDGE ( 'NONE', *, *, #9652, .T. ) ;
#7237 = ORIENTED_EDGE ( 'NONE', *, *, #4234, .F. ) ;
#7238 = FACE_OUTER_BOUND ( 'NONE', #85, .T. ) ;
#7239 = LINE ( 'NONE', #12361, #2676 ) ;
#7240 = DIRECTION ( 'NONE',  ( 0.000000000000000000, 0.000000000000000000, -1.000000000000000000 ) ) ;
#7241 = VERTEX_POINT ( 'NONE', #7932 ) ;
#7242 = ORIENTED_EDGE ( 'NONE', *, *, #11538, .F. ) ;
#7243 = DIRECTION ( 'NONE',  ( 0.000000000000000000, 0.000000000000000000, 1.000000000000000000 ) ) ;
#7244 = LINE ( 'NONE', #4019, #2841 ) ;
#7245 = CARTESIAN_POINT ( 'NONE',  ( -3.775451385280815142, 16.42485207100589761, -9.099999999999999645 ) ) ;
#7246 = AXIS2_PLACEMENT_3D ( 'NONE', #6875, #7770, #10966 ) ;
#7247 = CARTESIAN_POINT ( 'NONE',  ( -2.850000000000000089, -4.000000000000000000, -11.84999999999999964 ) ) ;
#7248 = FACE_OUTER_BOUND ( 'NONE', #7514, .T. ) ;
#7249 = DIRECTION ( 'NONE',  ( 0.000000000000000000, 0.000000000000000000, 1.000000000000000000 ) ) ;
#7250 = CARTESIAN_POINT ( 'NONE',  ( 2.740115085247985416, 9.987806976109879997, 6.766384221354700301 ) ) ;
#7251 = EDGE_CURVE ( 'NONE', #8002, #13336, #9859, .T. ) ;
#7252 = DIRECTION ( 'NONE',  ( -0.7071067811865489050, 0.7071067811865460184, 0.000000000000000000 ) ) ;
#7253 = ORIENTED_EDGE ( 'NONE', *, *, #12903, .T. ) ;
#7254 = CARTESIAN_POINT ( 'NONE',  ( 6.735268398951980373, 5.992653662405889037, 4.500000000000000000 ) ) ;
#7255 = DIRECTION ( 'NONE',  ( 0.1470157664652017304, 0.1470157664652017027, -0.9781476007338046896 ) ) ;
#7256 = VERTEX_POINT ( 'NONE', #8018 ) ;
#7257 = EDGE_CURVE ( 'NONE', #5883, #13315, #10064, .T. ) ;
#7258 = EDGE_LOOP ( 'NONE', ( #3223, #10349, #10262, #6092 ) ) ;
#7259 = EDGE_LOOP ( 'NONE', ( #11328, #8209, #3625, #9740, #4783, #5356 ) ) ;
#7260 = VECTOR ( 'NONE', #1339, 999.9999999999998863 ) ;
#7261 = FACE_OUTER_BOUND ( 'NONE', #5862, .T. ) ;
#7262 = ORIENTED_EDGE ( 'NONE', *, *, #12446, .T. ) ;
#7263 = FACE_OUTER_BOUND ( 'NONE', #9288, .T. ) ;
#7264 = VECTOR ( 'NONE', #9480, 1000.000000000000000 ) ;
#7265 = VECTOR ( 'NONE', #6216, 1000.000000000000000 ) ;
#7266 = AXIS2_PLACEMENT_3D ( 'NONE', #9386, #7141, #9291 ) ;
#7267 = EDGE_CURVE ( 'NONE', #4852, #7952, #998, .T. ) ;
#7268 = CARTESIAN_POINT ( 'NONE',  ( -1.530854753362479892, 11.74577986658169948, -11.44999999999999929 ) ) ;
#7269 = DIRECTION ( 'NONE',  ( 1.000000000000000000, 0.000000000000000000, 0.000000000000000000 ) ) ;
#7270 = CARTESIAN_POINT ( 'NONE',  ( -6.208456599567469425, 17.85384615384614904, -1.449999999999999956 ) ) ;
#7271 = CARTESIAN_POINT ( 'NONE',  ( -5.575000000000000178, 9.830057098047229047, -13.05000000000000071 ) ) ;
#7272 = DIRECTION ( 'NONE',  ( -0.6389710663783129130, 0.7692307692307697176, 0.000000000000000000 ) ) ;
#7273 = VERTEX_POINT ( 'NONE', #9092 ) ;
#7274 = EDGE_CURVE ( 'NONE', #8094, #5952, #5369, .T. ) ;
#7275 = VERTEX_POINT ( 'NONE', #8996 ) ;
#7276 = ADVANCED_FACE ( 'NONE', ( #935 ), #9970, .F. ) ;
#7277 = ORIENTED_EDGE ( 'NONE', *, *, #3182, .T. ) ;
#7278 = ORIENTED_EDGE ( 'NONE', *, *, #6307, .T. ) ;
#7279 = CIRCLE ( 'NONE', #1638, 1.499999999999980016 ) ;
#7280 = DIRECTION ( 'NONE',  ( 0.8191520442889891340, 0.5735764363510499342, 0.000000000000000000 ) ) ;
#7281 = CIRCLE ( 'NONE', #6527, 0.8748868766599399160 ) ;
#7282 = CARTESIAN_POINT ( 'NONE',  ( -2.442193645700425186, 12.96803417904112088, -6.450000000000000178 ) ) ;
#7283 = ORIENTED_EDGE ( 'NONE', *, *, #11924, .F. ) ;
#7284 = CARTESIAN_POINT ( 'NONE',  ( -1.500787922441104927, 11.75383624964603868, -11.44999999999999929 ) ) ;
#7285 = DIRECTION ( 'NONE',  ( -0.8191520442889891340, -0.5735764363510499342, 0.000000000000000000 ) ) ;
#7286 = CARTESIAN_POINT ( 'NONE',  ( 5.275000000000000355, 0.000000000000000000, -15.15000000000000036 ) ) ;
#7287 = EDGE_CURVE ( 'NONE', #7176, #9690, #5475, .T. ) ;
#7288 = ADVANCED_FACE ( 'NONE', ( #1101 ), #4999, .F. ) ;
#7289 = VECTOR ( 'NONE', #8486, 1000.000000000000000 ) ;
#7290 = UNCERTAINTY_MEASURE_WITH_UNIT (LENGTH_MEASURE( 1.000000000000000082E-05 ), #2140, 'distance_accuracy_value', 'NONE');
#7291 = AXIS2_PLACEMENT_3D ( 'NONE', #3303, #12660, #1199 ) ;
#7292 = EDGE_CURVE ( 'NONE', #7672, #6781, #10238, .T. ) ;
#7293 = CARTESIAN_POINT ( 'NONE',  ( -5.246999171586890220, 7.618176573118209838, 1.949999999999999956 ) ) ;
#7294 = EDGE_CURVE ( 'NONE', #7490, #5444, #9994, .T. ) ;
#7295 = VERTEX_POINT ( 'NONE', #12225 ) ;
#7296 = VERTEX_POINT ( 'NONE', #7193 ) ;
#7297 = ORIENTED_EDGE ( 'NONE', *, *, #794, .T. ) ;
#7298 = LINE ( 'NONE', #6855, #11695 ) ;
#7299 = EDGE_CURVE ( 'NONE', #5976, #7776, #5498, .T. ) ;
#7300 = CIRCLE ( 'NONE', #12664, 1.499999999999980016 ) ;
#7301 = ORIENTED_EDGE ( 'NONE', *, *, #10280, .T. ) ;
#7302 = CARTESIAN_POINT ( 'NONE',  ( 3.341155849256549626, 9.386766212101310458, -0.9499999999999999556 ) ) ;
#7303 = CIRCLE ( 'NONE', #3723, 1.500000000000000000 ) ;
#7304 = AXIS2_PLACEMENT_3D ( 'NONE', #13227, #10653, #9231 ) ;
#7305 = LINE ( 'NONE', #682, #2905 ) ;
#7306 = DIRECTION ( 'NONE',  ( -1.000000000000000000, 0.000000000000000000, 0.000000000000000000 ) ) ;
#7307 = ADVANCED_FACE ( 'NONE', ( #9885 ), #6940, .T. ) ;
#7308 = DIRECTION ( 'NONE',  ( 0.000000000000000000, 0.000000000000000000, -1.000000000000000000 ) ) ;
#7309 = DIRECTION ( 'NONE',  ( -1.000000000000000000, 0.000000000000000000, 0.000000000000000000 ) ) ;
#7310 = CARTESIAN_POINT ( 'NONE',  ( 2.149999999999999911, 0.000000000000000000, 8.149999999999998579 ) ) ;
#7311 = DIRECTION ( 'NONE',  ( 1.000000000000000000, 0.000000000000000000, 0.000000000000000000 ) ) ;
#7312 = CARTESIAN_POINT ( 'NONE',  ( 1.926942286883454925, 7.972552649728219976, 11.65041507641942076 ) ) ;
#7313 = CARTESIAN_POINT ( 'NONE',  ( -2.850000000000000089, 0.6999999999999999556, 15.75000000000000000 ) ) ;
#7314 = VERTEX_POINT ( 'NONE', #6139 ) ;
#7315 = ORIENTED_EDGE ( 'NONE', *, *, #4642, .T. ) ;
#7316 = ORIENTED_EDGE ( 'NONE', *, *, #4000, .F. ) ;
#7317 = VECTOR ( 'NONE', #8717, 1000.000000000000227 ) ;
#7318 = VECTOR ( 'NONE', #9141, 1000.000000000000000 ) ;
#7319 = CARTESIAN_POINT ( 'NONE',  ( 0.6999999999999999556, 8.800000000000000711, 16.44999999999999929 ) ) ;
#7320 = VERTEX_POINT ( 'NONE', #12148 ) ;
#7321 = EDGE_CURVE ( 'NONE', #3242, #1908, #10172, .T. ) ;
#7322 = FACE_OUTER_BOUND ( 'NONE', #1738, .T. ) ;
#7323 = CARTESIAN_POINT ( 'NONE',  ( -5.250000000000000000, 18.19999999999999929, 14.59999999999999964 ) ) ;
#7324 = DIRECTION ( 'NONE',  ( 1.000000000000000000, 0.000000000000000000, 0.000000000000000000 ) ) ;
#7325 = LINE ( 'NONE', #7388, #11853 ) ;
#7326 = DIRECTION ( 'NONE',  ( 0.7071067811865477948, -0.7071067811865473507, 0.000000000000000000 ) ) ;
#7327 = DIRECTION ( 'NONE',  ( 0.8191520442889891340, 0.5735764363510499342, 0.000000000000000000 ) ) ;
#7328 = FACE_OUTER_BOUND ( 'NONE', #3463, .T. ) ;
#7329 = PLANE ( 'NONE',  #7674 ) ;
#7330 = AXIS2_PLACEMENT_3D ( 'NONE', #1761, #12409, #2802 ) ;
#7331 = CARTESIAN_POINT ( 'NONE',  ( -6.750000000000000000, 16.69999999999999929, 0.2000000000000000111 ) ) ;
#7332 = DIRECTION ( 'NONE',  ( 0.000000000000000000, 0.000000000000000000, -1.000000000000000000 ) ) ;
#7333 = CARTESIAN_POINT ( 'NONE',  ( -2.850000000000000089, -4.000000000000000000, 12.97499999999999964 ) ) ;
#7334 = ORIENTED_EDGE ( 'NONE', *, *, #3019, .T. ) ;
#7335 = ORIENTED_EDGE ( 'NONE', *, *, #5603, .T. ) ;
#7336 = VERTEX_POINT ( 'NONE', #7110 ) ;
#7337 = EDGE_CURVE ( 'NONE', #11273, #4119, #10216, .T. ) ;
#7338 = FACE_OUTER_BOUND ( 'NONE', #807, .T. ) ;
#7339 = FACE_OUTER_BOUND ( 'NONE', #10466, .T. ) ;
#7340 = ORIENTED_EDGE ( 'NONE', *, *, #2886, .F. ) ;
#7341 = VECTOR ( 'NONE', #3298, 1000.000000000000227 ) ;
#7342 = LINE ( 'NONE', #1559, #3276 ) ;
#7343 = CARTESIAN_POINT ( 'NONE',  ( -0.6056176130837679361, 7.110999999999999766, 15.84999999999999964 ) ) ;
#7344 = DIRECTION ( 'NONE',  ( 1.000000000000000000, 0.000000000000000000, 0.000000000000000000 ) ) ;
#7345 = CARTESIAN_POINT ( 'NONE',  ( -2.850000000000000089, -4.000000000000000000, -7.375000000000000000 ) ) ;
#7346 = CARTESIAN_POINT ( 'NONE',  ( -5.575000000000000178, 16.69999999999999929, 1.949999999999999956 ) ) ;
#7347 = AXIS2_PLACEMENT_3D ( 'NONE', #3509, #3337, #8523 ) ;
#7348 = CARTESIAN_POINT ( 'NONE',  ( -5.316253523062870023, 17.49725182388110056, -9.099999999999999645 ) ) ;
#7349 = DIRECTION ( 'NONE',  ( 0.7071067811865475727, 0.7071067811865475727, 0.000000000000000000 ) ) ;
#7350 = DIRECTION ( 'NONE',  ( 0.000000000000000000, 0.000000000000000000, 1.000000000000000000 ) ) ;
#7351 = EDGE_LOOP ( 'NONE', ( #10714, #493, #2213, #6100, #11076, #2480 ) ) ;
#7352 = ORIENTED_EDGE ( 'NONE', *, *, #6719, .T. ) ;
#7353 = VERTEX_POINT ( 'NONE', #8903 ) ;
#7354 = LINE ( 'NONE', #475, #2831 ) ;
#7355 = CARTESIAN_POINT ( 'NONE',  ( -2.850000000000000089, -4.000000000000000000, -1.850000000000000089 ) ) ;
#7356 = LINE ( 'NONE', #12442, #11807 ) ;
#7357 = EDGE_CURVE ( 'NONE', #11595, #4551, #5391, .T. ) ;
#7358 = DIRECTION ( 'NONE',  ( -1.000000000000000000, 0.000000000000000000, 0.000000000000000000 ) ) ;
#7359 = ORIENTED_EDGE ( 'NONE', *, *, #1298, .F. ) ;
#7360 = CARTESIAN_POINT ( 'NONE',  ( -7.500000000000000000, 7.905057098047200803, -15.15000000000000036 ) ) ;
#7361 = CYLINDRICAL_SURFACE ( 'NONE', #498, 1.505000000000000338 ) ;
#7362 = CARTESIAN_POINT ( 'NONE',  ( -5.575000000000000178, 9.830057098047229047, -5.150000000000000355 ) ) ;
#7363 = CARTESIAN_POINT ( 'NONE',  ( -5.250000000000000000, 18.19999999999999929, 15.19999999999999929 ) ) ;
#7364 = LINE ( 'NONE', #2449, #7817 ) ;
#7365 = EDGE_CURVE ( 'NONE', #12772, #8875, #9924, .T. ) ;
#7366 = AXIS2_PLACEMENT_3D ( 'NONE', #5546, #5638, #1400 ) ;
#7367 = AXIS2_PLACEMENT_3D ( 'NONE', #7466, #7730, #9672 ) ;
#7368 = DIRECTION ( 'NONE',  ( 0.000000000000000000, 0.000000000000000000, -1.000000000000000000 ) ) ;
#7369 = CARTESIAN_POINT ( 'NONE',  ( -2.850000000000000089, -4.163697104677059890, 12.68229398663696017 ) ) ;
#7370 = VERTEX_POINT ( 'NONE', #2782 ) ;
#7371 = PLANE ( 'NONE',  #1113 ) ;
#7372 = ORIENTED_EDGE ( 'NONE', *, *, #11623, .F. ) ;
#7373 = EDGE_LOOP ( 'NONE', ( #2720, #3214 ) ) ;
#7374 = VECTOR ( 'NONE', #3260, 1000.000000000000000 ) ;
#7375 = LINE ( 'NONE', #2146, #11914 ) ;
#7376 = DIRECTION ( 'NONE',  ( 0.000000000000000000, 1.000000000000000000, 0.000000000000000000 ) ) ;
#7377 = EDGE_CURVE ( 'NONE', #13380, #4693, #954, .T. ) ;
#7378 = ORIENTED_EDGE ( 'NONE', *, *, #2374, .T. ) ;
#7379 = CARTESIAN_POINT ( 'NONE',  ( 2.149999999999999911, 0.000000000000000000, -6.850000000000000533 ) ) ;
#7380 = VECTOR ( 'NONE', #11982, 1000.000000000000114 ) ;
#7381 = AXIS2_PLACEMENT_3D ( 'NONE', #12045, #12804, #11796 ) ;
#7382 = CARTESIAN_POINT ( 'NONE',  ( -5.250000000000000000, 16.69999999999999929, -14.09999999999999964 ) ) ;
#7383 = EDGE_CURVE ( 'NONE', #8182, #2135, #5566, .T. ) ;
#7384 = ADVANCED_FACE ( 'NONE', ( #1449 ), #6034, .F. ) ;
#7385 = LINE ( 'NONE', #10345, #11764 ) ;
#7386 = CARTESIAN_POINT ( 'NONE',  ( -5.246999171586890220, 7.618176573118209838, -8.050000000000000711 ) ) ;
#7387 = DIRECTION ( 'NONE',  ( 1.000000000000000000, 0.000000000000000000, 0.000000000000000000 ) ) ;
#7388 = CARTESIAN_POINT ( 'NONE',  ( 2.850000000000000089, -4.000000000000000000, 2.449999999999999734 ) ) ;
#7389 = EDGE_CURVE ( 'NONE', #921, #105, #6083, .T. ) ;
#7390 = AXIS2_PLACEMENT_3D ( 'NONE', #8610, #4399, #5472 ) ;
#7391 = VERTEX_POINT ( 'NONE', #7018 ) ;
#7392 = ORIENTED_EDGE ( 'NONE', *, *, #5567, .T. ) ;
#7393 = ORIENTED_EDGE ( 'NONE', *, *, #7843, .F. ) ;
#7394 = VECTOR ( 'NONE', #3820, 1000.000000000000000 ) ;
#7395 = LINE ( 'NONE', #8608, #3067 ) ;
#7396 = ORIENTED_EDGE ( 'NONE', *, *, #7575, .T. ) ;
#7397 = LINE ( 'NONE', #5710, #2749 ) ;
#7398 = DIRECTION ( 'NONE',  ( -0.5735764363510499342, 0.8191520442889891340, 0.000000000000000000 ) ) ;
#7399 = CARTESIAN_POINT ( 'NONE',  ( -2.850000000000000089, -3.500000000000000000, -7.550000000000000711 ) ) ;
#7400 = FACE_OUTER_BOUND ( 'NONE', #11360, .T. ) ;
#7401 = DIRECTION ( 'NONE',  ( 0.000000000000000000, 0.000000000000000000, 1.000000000000000000 ) ) ;
#7402 = DIRECTION ( 'NONE',  ( 0.000000000000000000, -1.000000000000000000, 0.000000000000000000 ) ) ;
#7403 = CARTESIAN_POINT ( 'NONE',  ( -2.149999999999999911, -4.000000000000000000, -2.024999999999999911 ) ) ;
#7404 = ADVANCED_FACE ( 'NONE', ( #1521 ), #5894, .T. ) ;
#7405 = EDGE_CURVE ( 'NONE', #2787, #7089, #5966, .T. ) ;
#7406 = CARTESIAN_POINT ( 'NONE',  ( -5.246999171586890220, 7.618176573118209838, 14.84999999999999964 ) ) ;
#7407 = DIRECTION ( 'NONE',  ( 0.000000000000000000, 0.000000000000000000, 1.000000000000000000 ) ) ;
#7408 = CARTESIAN_POINT ( 'NONE',  ( -5.250000000000000000, 16.69999999999999929, 5.299999999999999822 ) ) ;
#7409 = FACE_OUTER_BOUND ( 'NONE', #12718, .T. ) ;
#7410 = ORIENTED_EDGE ( 'NONE', *, *, #7771, .F. ) ;
#7411 = VERTEX_POINT ( 'NONE', #1019 ) ;
#7412 = ORIENTED_EDGE ( 'NONE', *, *, #5774, .T. ) ;
#7413 = CARTESIAN_POINT ( 'NONE',  ( -3.649999999999999911, 11.17795660910094036, -16.44999999999999929 ) ) ;
#7414 = DIRECTION ( 'NONE',  ( -0.6916548014802249567, -0.6916548014802239575, 0.2079116908177665313 ) ) ;
#7415 = AXIS2_PLACEMENT_3D ( 'NONE', #2987, #11512, #2059 ) ;
#7416 = FACE_OUTER_BOUND ( 'NONE', #5379, .T. ) ;
#7417 = EDGE_CURVE ( 'NONE', #2092, #12006, #10620, .T. ) ;
#7418 = ORIENTED_EDGE ( 'NONE', *, *, #9294, .T. ) ;
#7419 = LINE ( 'NONE', #3569, #3049 ) ;
#7420 = EDGE_CURVE ( 'NONE', #6845, #13172, #10770, .T. ) ;
#7421 = CARTESIAN_POINT ( 'NONE',  ( -6.750000000000000000, 16.69999999999999929, -11.44999999999999929 ) ) ;
#7422 = CARTESIAN_POINT ( 'NONE',  ( 4.330811839566820254, 5.568683097044850427, -4.750000000000000000 ) ) ;
#7423 = PLANE ( 'NONE',  #152 ) ;
#7424 = CARTESIAN_POINT ( 'NONE',  ( -0.8348048779877901282, 12.32429970359363836, 16.44999999999999929 ) ) ;
#7425 = CARTESIAN_POINT ( 'NONE',  ( -3.775451385280815142, 16.42485207100589761, 15.19999999999999929 ) ) ;
#7426 =( NAMED_UNIT ( * ) SI_UNIT ( $, .STERADIAN. ) SOLID_ANGLE_UNIT ( ) );
#7427 = EDGE_CURVE ( 'NONE', #12260, #2387, #1286, .T. ) ;
#7428 = ORIENTED_EDGE ( 'NONE', *, *, #391, .T. ) ;
#7429 = ORIENTED_EDGE ( 'NONE', *, *, #7547, .F. ) ;
#7430 = ORIENTED_EDGE ( 'NONE', *, *, #9555, .T. ) ;
#7431 = LINE ( 'NONE', #2685, #7105 ) ;
#7432 = CARTESIAN_POINT ( 'NONE',  ( -0.9000476708424469674, 10.66194478217150099, -3.050000000000000266 ) ) ;
#7433 = CARTESIAN_POINT ( 'NONE',  ( 1.250000000000000000, 0.000000000000000000, 16.44999999999999929 ) ) ;
#7434 = FACE_OUTER_BOUND ( 'NONE', #6580, .T. ) ;
#7435 = DIRECTION ( 'NONE',  ( 0.4226182617406933906, 0.9063077870366527122, 0.000000000000000000 ) ) ;
#7436 = ORIENTED_EDGE ( 'NONE', *, *, #2850, .T. ) ;
#7437 = CARTESIAN_POINT ( 'NONE',  ( 2.149999999999999911, 0.000000000000000000, -1.850000000000000089 ) ) ;
#7438 = UNCERTAINTY_MEASURE_WITH_UNIT (LENGTH_MEASURE( 1.000000000000000082E-05 ), #3591, 'distance_accuracy_value', 'NONE');
#7439 = PRESENTATION_LAYER_ASSIGNMENT (  '', '', ( #11070 ) ) ;
#7440 = SURFACE_STYLE_FILL_AREA ( #394 ) ;
#7441 = EDGE_CURVE ( 'NONE', #4405, #2246, #1673, .T. ) ;
#7442 = DIRECTION ( 'NONE',  ( 0.000000000000000000, 0.000000000000000000, -1.000000000000000000 ) ) ;
#7443 = FACE_OUTER_BOUND ( 'NONE', #6686, .T. ) ;
#7444 = FACE_OUTER_BOUND ( 'NONE', #2131, .T. ) ;
#7445 = EDGE_CURVE ( 'NONE', #4463, #11472, #10599, .T. ) ;
#7446 = EDGE_CURVE ( 'NONE', #12694, #10115, #10672, .T. ) ;
#7447 = AXIS2_PLACEMENT_3D ( 'NONE', #7486, #8262, #9508 ) ;
#7448 = DIRECTION ( 'NONE',  ( 0.1470157664652017304, 0.1470157664652017027, -0.9781476007338046896 ) ) ;
#7449 = EDGE_LOOP ( 'NONE', ( #13484, #2087, #11082, #83, #5999, #6386 ) ) ;
#7450 = DIRECTION ( 'NONE',  ( 0.000000000000000000, 0.000000000000000000, 1.000000000000000000 ) ) ;
#7451 = ORIENTED_EDGE ( 'NONE', *, *, #6961, .T. ) ;
#7452 = ORIENTED_EDGE ( 'NONE', *, *, #6472, .F. ) ;
#7453 = ORIENTED_EDGE ( 'NONE', *, *, #2608, .F. ) ;
#7454 = CARTESIAN_POINT ( 'NONE',  ( 2.399620453705860523, 10.13626525142479018, 3.192879211055326572 ) ) ;
#7455 = LINE ( 'NONE', #10523, #7474 ) ;
#7456 = CARTESIAN_POINT ( 'NONE',  ( 2.475030032583884765, 7.424464904027790801, 2.750000000000000000 ) ) ;
#7457 = VERTEX_POINT ( 'NONE', #8293 ) ;
#7458 = SURFACE_SIDE_STYLE ('',( #8969 ) ) ;
#7459 = VECTOR ( 'NONE', #9029, 1000.000000000000000 ) ;
#7460 = CARTESIAN_POINT ( 'NONE',  ( 6.735268398951980373, 5.992653662405889037, -14.75000000000000000 ) ) ;
#7461 = LINE ( 'NONE', #3240, #2970 ) ;
#7462 = CARTESIAN_POINT ( 'NONE',  ( 2.740115085247985416, 9.987806976109879997, -1.266384221354699857 ) ) ;
#7463 = CARTESIAN_POINT ( 'NONE',  ( -6.330983280564429272, 18.00135094402205027, -11.44999999999999929 ) ) ;
#7464 = DIRECTION ( 'NONE',  ( -1.000000000000000000, 0.000000000000000000, 0.000000000000000000 ) ) ;
#7465 = CARTESIAN_POINT ( 'NONE',  ( -4.478428631448714725, 16.48862918074649997, -9.099999999999999645 ) ) ;
#7466 = CARTESIAN_POINT ( 'NONE',  ( -5.250000000000000000, 16.69999999999999929, 10.20000000000000107 ) ) ;
#7467 = ORIENTED_EDGE ( 'NONE', *, *, #5641, .T. ) ;
#7468 = ADVANCED_FACE ( 'NONE', ( #10474 ), #4467, .F. ) ;
#7469 = VERTEX_POINT ( 'NONE', #12562 ) ;
#7470 = EDGE_LOOP ( 'NONE', ( #13214, #6242, #10267, #854 ) ) ;
#7471 = VECTOR ( 'NONE', #12617, 1000.000000000000000 ) ;
#7472 = ORIENTED_EDGE ( 'NONE', *, *, #1533, .F. ) ;
#7473 = AXIS2_PLACEMENT_3D ( 'NONE', #5651, #7503, #12738 ) ;
#7474 = VECTOR ( 'NONE', #3155, 1000.000000000000114 ) ;
#7475 = CARTESIAN_POINT ( 'NONE',  ( -1.442193645700395876, 12.96803417904112088, 1.949999999999999956 ) ) ;
#7476 = ORIENTED_EDGE ( 'NONE', *, *, #11758, .T. ) ;
#7477 = LINE ( 'NONE', #5949, #11812 ) ;
#7478 = CARTESIAN_POINT ( 'NONE',  ( -2.850000000000000089, -4.000000000000000000, 13.15000000000000036 ) ) ;
#7479 = ADVANCED_FACE ( 'NONE', ( #1593 ), #13527, .F. ) ;
#7480 = LINE ( 'NONE', #8054, #12149 ) ;
#7481 = DIRECTION ( 'NONE',  ( 0.000000000000000000, 0.000000000000000000, 1.000000000000000000 ) ) ;
#7482 = CARTESIAN_POINT ( 'NONE',  ( -3.984748662560944954, 15.89430833868740045, -0.4000000000000000222 ) ) ;
#7483 = DIRECTION ( 'NONE',  ( 0.000000000000000000, -0.9438583563660177811, -0.3303504247281049411 ) ) ;
#7484 = EDGE_CURVE ( 'NONE', #8041, #1087, #1309, .T. ) ;
#7485 = CARTESIAN_POINT ( 'NONE',  ( -2.850000000000000089, -3.500000000000000000, 3.149999999999999911 ) ) ;
#7486 = CARTESIAN_POINT ( 'NONE',  ( 1.926942286883454925, 7.972552649728219976, -11.37511312334006064 ) ) ;
#7487 = DIRECTION ( 'NONE',  ( -0.4834473103160809582, 0.8753734620995469173, 0.000000000000000000 ) ) ;
#7488 = DIRECTION ( 'NONE',  ( 0.7071067811865470176, 0.7071067811865480168, 0.000000000000000000 ) ) ;
#7489 = LINE ( 'NONE', #3705, #12050 ) ;
#7490 = VERTEX_POINT ( 'NONE', #4287 ) ;
#7491 = ORIENTED_EDGE ( 'NONE', *, *, #8826, .T. ) ;
#7492 = VERTEX_POINT ( 'NONE', #6425 ) ;
#7493 = CARTESIAN_POINT ( 'NONE',  ( -4.478428631448714725, 16.48862918074649997, -14.09999999999999964 ) ) ;
#7494 = CARTESIAN_POINT ( 'NONE',  ( -5.149861993732639753, 10.12774193481510032, 13.54999999999999893 ) ) ;
#7495 = ORIENTED_EDGE ( 'NONE', *, *, #13538, .F. ) ;
#7496 = LINE ( 'NONE', #4245, #12099 ) ;
#7497 = VERTEX_POINT ( 'NONE', #11405 ) ;
#7498 = MECHANICAL_DESIGN_GEOMETRIC_PRESENTATION_REPRESENTATION (  '', ( #13039 ), #9957 ) ;
#7499 = LINE ( 'NONE', #1102, #7570 ) ;
#7500 = LINE ( 'NONE', #8918, #12087 ) ;
#7501 = PLANE ( 'NONE',  #8504 ) ;
#7502 = ADVANCED_FACE ( 'NONE', ( #1619 ), #13444, .F. ) ;
#7503 = DIRECTION ( 'NONE',  ( 2.478176394252580155E-15, 0.000000000000000000, -1.000000000000000000 ) ) ;
#7504 = CARTESIAN_POINT ( 'NONE',  ( -2.850000000000000089, -3.500000000000000000, -6.850000000000000533 ) ) ;
#7505 = EDGE_CURVE ( 'NONE', #10794, #8784, #10363, .T. ) ;
#7506 = CARTESIAN_POINT ( 'NONE',  ( -4.478428631448714725, 16.48862918074649997, 0.9000000000000000222 ) ) ;
#7507 = DIRECTION ( 'NONE',  ( 0.6389710663783111366, -0.7692307692307711608, 0.000000000000000000 ) ) ;
#7508 = AXIS2_PLACEMENT_3D ( 'NONE', #6354, #10609, #7376 ) ;
#7509 = CARTESIAN_POINT ( 'NONE',  ( -1.638719566157164964, 11.71687757710162003, -11.44999999999999929 ) ) ;
#7510 = PLANE ( 'NONE',  #9008 ) ;
#7511 = EDGE_CURVE ( 'NONE', #2192, #9205, #6055, .T. ) ;
#7512 = DIRECTION ( 'NONE',  ( 0.000000000000000000, 0.000000000000000000, -1.000000000000000000 ) ) ;
#7513 = DIRECTION ( 'NONE',  ( 0.000000000000000000, 0.000000000000000000, -1.000000000000000000 ) ) ;
#7514 = EDGE_LOOP ( 'NONE', ( #11281, #2570, #211, #6863 ) ) ;
#7515 = ORIENTED_EDGE ( 'NONE', *, *, #12546, .F. ) ;
#7516 = VERTEX_POINT ( 'NONE', #1104 ) ;
#7517 = COLOUR_RGB ( '',0.7921568627450980005, 0.8196078431372548767, 0.9333333333333333481 ) ;
#7518 = ORIENTED_EDGE ( 'NONE', *, *, #9801, .T. ) ;
#7519 = PLANE ( 'NONE',  #12572 ) ;
#7520 = DIRECTION ( 'NONE',  ( 0.000000000000000000, 0.000000000000000000, -1.000000000000000000 ) ) ;
#7521 = LINE ( 'NONE', #7331, #11993 ) ;
#7522 = DIRECTION ( 'NONE',  ( -0.8753734620995469173, -0.4834473103160809582, 0.000000000000000000 ) ) ;
#7523 = VERTEX_POINT ( 'NONE', #5530 ) ;
#7524 = EDGE_CURVE ( 'NONE', #7851, #6616, #1238, .T. ) ;
#7525 = DIRECTION ( 'NONE',  ( 0.000000000000000000, 0.000000000000000000, -1.000000000000000000 ) ) ;
#7526 = CARTESIAN_POINT ( 'NONE',  ( -2.149999999999999911, -4.163697104677059890, 12.68229398663696017 ) ) ;
#7527 = AXIS2_PLACEMENT_3D ( 'NONE', #8774, #438, #10901 ) ;
#7528 = VECTOR ( 'NONE', #4637, 999.9999999999998863 ) ;
#7529 = EDGE_CURVE ( 'NONE', #12057, #8182, #1550, .T. ) ;
#7530 = AXIS2_PLACEMENT_3D ( 'NONE', #11591, #13370, #9195 ) ;
#7531 = PLANE ( 'NONE',  #11419 ) ;
#7532 = ORIENTED_EDGE ( 'NONE', *, *, #7617, .F. ) ;
#7533 = CARTESIAN_POINT ( 'NONE',  ( -2.149999999999999911, -4.000000000000000000, 13.15000000000000036 ) ) ;
#7534 = ORIENTED_EDGE ( 'NONE', *, *, #8902, .F. ) ;
#7535 = ORIENTED_EDGE ( 'NONE', *, *, #12320, .T. ) ;
#7536 = COLOUR_RGB ( '',0.7921568627450980005, 0.8196078431372548767, 0.9333333333333333481 ) ;
#7537 = EDGE_LOOP ( 'NONE', ( #4161, #1514, #675, #4379 ) ) ;
#7538 = DIRECTION ( 'NONE',  ( 0.000000000000000000, 0.000000000000000000, 1.000000000000000000 ) ) ;
#7539 = LINE ( 'NONE', #8070, #12125 ) ;
#7540 = CARTESIAN_POINT ( 'NONE',  ( -5.250000000000000000, 16.69999999999999929, 1.949999999999999956 ) ) ;
#7541 = ORIENTED_EDGE ( 'NONE', *, *, #7747, .T. ) ;
#7542 = CARTESIAN_POINT ( 'NONE',  ( -2.850000000000000089, -4.000000000000000000, -11.84999999999999964 ) ) ;
#7543 = LINE ( 'NONE', #11329, #11874 ) ;
#7544 = CARTESIAN_POINT ( 'NONE',  ( -6.330983280564429272, 18.00135094402205027, 1.949999999999999956 ) ) ;
#7545 = LINE ( 'NONE', #12848, #11790 ) ;
#7546 = VECTOR ( 'NONE', #7598, 1000.000000000000000 ) ;
#7547 = EDGE_CURVE ( 'NONE', #6094, #1610, #10573, .T. ) ;
#7548 = CARTESIAN_POINT ( 'NONE',  ( 1.308303843626089868, 8.591191092985580369, -7.250000000000000000 ) ) ;
#7549 = AXIS2_PLACEMENT_3D ( 'NONE', #7406, #9692, #11628 ) ;
#7550 = CARTESIAN_POINT ( 'NONE',  ( -4.478428631448714725, 16.48862918074649997, -5.400000000000000355 ) ) ;
#7551 = CARTESIAN_POINT ( 'NONE',  ( -1.530854753362479892, 11.74577986658169948, -6.450000000000000178 ) ) ;
#7552 = CARTESIAN_POINT ( 'NONE',  ( 3.341155849256549626, 9.386766212101310458, -3.550000000000000266 ) ) ;
#7553 = FILL_AREA_STYLE_COLOUR ( '', #3294 ) ;
#7554 = DIRECTION ( 'NONE',  ( 0.8191520442889891340, 0.5735764363510499342, 0.000000000000000000 ) ) ;
#7555 = CARTESIAN_POINT ( 'NONE',  ( -3.984748662560944954, 15.89430833868740045, 5.899999999999999467 ) ) ;
#7556 = VERTEX_POINT ( 'NONE', #5183 ) ;
#7557 = ORIENTED_EDGE ( 'NONE', *, *, #11683, .F. ) ;
#7558 = ORIENTED_EDGE ( 'NONE', *, *, #3315, .F. ) ;
#7559 = SHAPE_DEFINITION_REPRESENTATION ( #11442, #3431 ) ;
#7560 = VERTEX_POINT ( 'NONE', #6234 ) ;
#7561 = ADVANCED_FACE ( 'NONE', ( #1380 ), #3301, .F. ) ;
#7562 = LINE ( 'NONE', #11083, #2766 ) ;
#7563 = EDGE_CURVE ( 'NONE', #13192, #6214, #6017, .T. ) ;
#7564 = CARTESIAN_POINT ( 'NONE',  ( -2.442193645700425186, 12.96803417904112088, 8.550000000000000711 ) ) ;
#7565 = VERTEX_POINT ( 'NONE', #13234 ) ;
#7566 = LINE ( 'NONE', #669, #11762 ) ;
#7567 = CARTESIAN_POINT ( 'NONE',  ( -0.9718728952031370216, 13.13773506781796030, -11.44999999999999929 ) ) ;
#7568 = EDGE_CURVE ( 'NONE', #5400, #12459, #10325, .T. ) ;
#7569 = CARTESIAN_POINT ( 'NONE',  ( -7.200000000000000178, 0.6999999999999999556, 15.75000000000000000 ) ) ;
#7570 = VECTOR ( 'NONE', #12942, 1000.000000000000114 ) ;
#7571 = DIRECTION ( 'NONE',  ( 1.000000000000000000, 0.000000000000000000, 0.000000000000000000 ) ) ;
#7572 = DIRECTION ( 'NONE',  ( -0.9396926207859082059, -0.3420201433256691015, 0.000000000000000000 ) ) ;
#7573 = LINE ( 'NONE', #3030, #11998 ) ;
#7574 = AXIS2_PLACEMENT_3D ( 'NONE', #4565, #5886, #8849 ) ;
#7575 = EDGE_CURVE ( 'NONE', #11935, #7241, #5991, .T. ) ;
#7576 = DIRECTION ( 'NONE',  ( 0.000000000000000000, 0.000000000000000000, -1.000000000000000000 ) ) ;
#7577 = DIRECTION ( 'NONE',  ( -0.6389710663783122468, 0.7692307692307702727, 0.000000000000000000 ) ) ;
#7578 = DIRECTION ( 'NONE',  ( 0.7071067811865474617, -0.7071067811865474617, 0.000000000000000000 ) ) ;
#7579 = EDGE_CURVE ( 'NONE', #491, #3874, #1722, .T. ) ;
#7580 = ORIENTED_EDGE ( 'NONE', *, *, #1383, .F. ) ;
#7581 = ADVANCED_FACE ( 'NONE', ( #10499 ), #10726, .F. ) ;
#7582 = ORIENTED_EDGE ( 'NONE', *, *, #3304, .T. ) ;
#7583 = ORIENTED_EDGE ( 'NONE', *, *, #2447, .F. ) ;
#7584 = DIRECTION ( 'NONE',  ( 0.000000000000000000, 0.000000000000000000, -1.000000000000000000 ) ) ;
#7585 = DIRECTION ( 'NONE',  ( -0.8191520442889891340, -0.5735764363510499342, 0.000000000000000000 ) ) ;
#7586 = EDGE_LOOP ( 'NONE', ( #13441, #8883, #11316, #4427 ) ) ;
#7587 = EDGE_CURVE ( 'NONE', #8317, #11273, #10425, .T. ) ;
#7588 = CARTESIAN_POINT ( 'NONE',  ( -5.246999171586890220, 7.618176573118209838, 4.850000000000000533 ) ) ;
#7589 = CIRCLE ( 'NONE', #13154, 1.505000000000000338 ) ;
#7590 = VERTEX_POINT ( 'NONE', #11108 ) ;
#7591 = MANIFOLD_SOLID_BREP ( 'NONE', #5450 ) ;
#7592 = LINE ( 'NONE', #4843, #7459 ) ;
#7593 = ADVANCED_FACE ( 'NONE', ( #1867 ), #1706, .F. ) ;
#7594 = LINE ( 'NONE', #11910, #7528 ) ;
#7595 = CARTESIAN_POINT ( 'NONE',  ( -5.250000000000000000, 16.69999999999999929, -14.69999999999999929 ) ) ;
#7596 = CARTESIAN_POINT ( 'NONE',  ( -5.001253558300190249, 7.790249504023520011, 8.550000000000000711 ) ) ;
#7597 = CARTESIAN_POINT ( 'NONE',  ( 2.400039389505299603, 10.13620647960012811, -12.69368489557106905 ) ) ;
#7598 = DIRECTION ( 'NONE',  ( 0.6389710663783111366, -0.7692307692307711608, 0.000000000000000000 ) ) ;
#7599 = DIRECTION ( 'NONE',  ( 0.000000000000000000, 0.000000000000000000, 1.000000000000000000 ) ) ;
#7600 = CARTESIAN_POINT ( 'NONE',  ( 3.588643222671839883, 9.139278838686021089, 14.50000000000000000 ) ) ;
#7601 = EDGE_CURVE ( 'NONE', #8984, #902, #5570, .T. ) ;
#7602 = ORIENTED_EDGE ( 'NONE', *, *, #3319, .F. ) ;
#7603 = EDGE_LOOP ( 'NONE', ( #5458, #7262 ) ) ;
#7604 = EDGE_LOOP ( 'NONE', ( #1016, #7206, #6157, #1217 ) ) ;
#7605 = ORIENTED_EDGE ( 'NONE', *, *, #7377, .T. ) ;
#7606 = CARTESIAN_POINT ( 'NONE',  ( -0.9000476708424469674, 10.66194478217150099, 1.949999999999999956 ) ) ;
#7607 = DIRECTION ( 'NONE',  ( 0.000000000000000000, 0.000000000000000000, 1.000000000000000000 ) ) ;
#7608 = LINE ( 'NONE', #2408, #12265 ) ;
#7609 = VERTEX_POINT ( 'NONE', #6011 ) ;
#7610 = PLANE ( 'NONE',  #8454 ) ;
#7611 = EDGE_CURVE ( 'NONE', #13533, #3242, #2236, .T. ) ;
#7612 = COLOUR_RGB ( '',0.7921568627450980005, 0.8196078431372548767, 0.9333333333333333481 ) ;
#7613 = CARTESIAN_POINT ( 'NONE',  ( 2.559164477407499749, 7.554020587861660196, 4.107004542773998956 ) ) ;
#7614 = PLANE ( 'NONE',  #9895 ) ;
#7615 = LINE ( 'NONE', #2298, #2751 ) ;
#7616 = EDGE_LOOP ( 'NONE', ( #9535, #4121, #9469, #11989 ) ) ;
#7617 = EDGE_CURVE ( 'NONE', #2062, #3940, #11294, .T. ) ;
#7618 = ADVANCED_FACE ( 'NONE', ( #1746 ), #8079, .T. ) ;
#7619 = AXIS2_PLACEMENT_3D ( 'NONE', #12593, #4314, #5385 ) ;
#7620 = DIRECTION ( 'NONE',  ( 0.000000000000000000, 0.000000000000000000, -1.000000000000000000 ) ) ;
#7621 =( NAMED_UNIT ( * ) SI_UNIT ( $, .STERADIAN. ) SOLID_ANGLE_UNIT ( ) );
#7622 = VERTEX_POINT ( 'NONE', #1900 ) ;
#7623 = VERTEX_POINT ( 'NONE', #636 ) ;
#7624 = EDGE_LOOP ( 'NONE', ( #11459, #7378, #985 ) ) ;
#7625 = EDGE_CURVE ( 'NONE', #7391, #10462, #6684, .T. ) ;
#7626 = ORIENTED_EDGE ( 'NONE', *, *, #9561, .F. ) ;
#7627 = DIRECTION ( 'NONE',  ( 0.000000000000000000, 0.000000000000000000, 1.000000000000000000 ) ) ;
#7628 = LINE ( 'NONE', #11765, #12164 ) ;
#7629 = ORIENTED_EDGE ( 'NONE', *, *, #13052, .F. ) ;
#7630 = DIRECTION ( 'NONE',  ( 0.000000000000000000, 0.000000000000000000, -1.000000000000000000 ) ) ;
#7631 = LINE ( 'NONE', #5619, #7341 ) ;
#7632 = ORIENTED_EDGE ( 'NONE', *, *, #3416, .F. ) ;
#7633 = DIRECTION ( 'NONE',  ( 0.000000000000000000, 0.000000000000000000, -1.000000000000000000 ) ) ;
#7634 = DIRECTION ( 'NONE',  ( 1.000000000000000000, 0.000000000000000000, 0.000000000000000000 ) ) ;
#7635 = CARTESIAN_POINT ( 'NONE',  ( -4.002709121030539663, 8.489437846237121832, 11.95000000000000107 ) ) ;
#7636 = CARTESIAN_POINT ( 'NONE',  ( 2.149999999999999911, 0.000000000000000000, -7.550000000000000711 ) ) ;
#7637 = CARTESIAN_POINT ( 'NONE',  ( -5.809933491950640239, 18.09157266594019831, 5.899999999999999467 ) ) ;
#7638 = AXIS2_PLACEMENT_3D ( 'NONE', #9356, #7203, #9001 ) ;
#7639 = ADVANCED_FACE ( 'NONE', ( #6496 ), #6833, .F. ) ;
#7640 = DIRECTION ( 'NONE',  ( 0.000000000000000000, 0.000000000000000000, -1.000000000000000000 ) ) ;
#7641 = VERTEX_POINT ( 'NONE', #5981 ) ;
#7642 = ORIENTED_EDGE ( 'NONE', *, *, #7166, .T. ) ;
#7643 = EDGE_CURVE ( 'NONE', #6191, #9611, #10959, .T. ) ;
#7644 = ORIENTED_EDGE ( 'NONE', *, *, #6143, .T. ) ;
#7645 = ORIENTED_EDGE ( 'NONE', *, *, #13191, .T. ) ;
#7646 = FACE_OUTER_BOUND ( 'NONE', #4738, .T. ) ;
#7647 = EDGE_CURVE ( 'NONE', #10736, #5790, #6325, .T. ) ;
#7648 = ORIENTED_EDGE ( 'NONE', *, *, #6745, .F. ) ;
#7649 = VECTOR ( 'NONE', #2785, 1000.000000000000000 ) ;
#7650 = DIRECTION ( 'NONE',  ( 0.7071067811865470176, -0.7071067811865480168, 0.000000000000000000 ) ) ;
#7651 = CARTESIAN_POINT ( 'NONE',  ( 3.341155849256549626, 9.386766212101310458, 6.450000000000000178 ) ) ;
#7652 = LINE ( 'NONE', #11571, #2732 ) ;
#7653 = DIRECTION ( 'NONE',  ( 0.7071067811865477948, -0.7071067811865471286, 0.000000000000000000 ) ) ;
#7654 = CARTESIAN_POINT ( 'NONE',  ( -2.149999999999999911, -4.000000000000000000, 13.15000000000000036 ) ) ;
#7655 = VERTEX_POINT ( 'NONE', #3961 ) ;
#7656 = DIRECTION ( 'NONE',  ( 0.000000000000000000, 0.000000000000000000, 1.000000000000000000 ) ) ;
#7657 = ADVANCED_FACE ( 'NONE', ( #6350 ), #2149, .T. ) ;
#7658 = CARTESIAN_POINT ( 'NONE',  ( -2.850000000000000089, 0.000000000000000000, -12.55000000000000071 ) ) ;
#7659 = CARTESIAN_POINT ( 'NONE',  ( -5.250000000000000000, 16.69999999999999929, 5.899999999999999467 ) ) ;
#7660 = AXIS2_PLACEMENT_3D ( 'NONE', #11208, #3195, #3806 ) ;
#7661 = DIRECTION ( 'NONE',  ( 1.000000000000000000, 0.000000000000000000, 0.000000000000000000 ) ) ;
#7662 = CARTESIAN_POINT ( 'NONE',  ( 2.399620453705859635, 10.13626525142479373, -1.807120788944532430 ) ) ;
#7663 = VERTEX_POINT ( 'NONE', #2814 ) ;
#7664 = ORIENTED_EDGE ( 'NONE', *, *, #5395, .F. ) ;
#7665 = ORIENTED_EDGE ( 'NONE', *, *, #12808, .T. ) ;
#7666 = DIRECTION ( 'NONE',  ( 1.000000000000000000, 0.000000000000000000, 0.000000000000000000 ) ) ;
#7667 = DIRECTION ( 'NONE',  ( -1.000000000000000000, 0.000000000000000000, 0.000000000000000000 ) ) ;
#7668 = ORIENTED_EDGE ( 'NONE', *, *, #1563, .T. ) ;
#7669 = CARTESIAN_POINT ( 'NONE',  ( -5.250000000000000000, 16.69999999999999929, 9.599999999999999645 ) ) ;
#7670 = FACE_OUTER_BOUND ( 'NONE', #8601, .T. ) ;
#7671 = EDGE_CURVE ( 'NONE', #12517, #8184, #6371, .T. ) ;
#7672 = VERTEX_POINT ( 'NONE', #11431 ) ;
#7673 = LINE ( 'NONE', #8635, #2772 ) ;
#7674 = AXIS2_PLACEMENT_3D ( 'NONE', #10361, #8161, #6378 ) ;
#7675 = EDGE_CURVE ( 'NONE', #3762, #10227, #6633, .T. ) ;
#7676 = ORIENTED_EDGE ( 'NONE', *, *, #2472, .F. ) ;
#7677 = SURFACE_STYLE_USAGE ( .BOTH. , #9799 ) ;
#7678 = ADVANCED_FACE ( 'NONE', ( #1958 ), #5034, .F. ) ;
#7679 = CARTESIAN_POINT ( 'NONE',  ( -7.500000000000000000, -3.500000000000000000, 7.450000000000000178 ) ) ;
#7680 = DIRECTION ( 'NONE',  ( -0.5332357997187978649, -0.8211111254386349589, 0.2035585949527854988 ) ) ;
#7681 = DIRECTION ( 'NONE',  ( 1.000000000000000000, 0.000000000000000000, 0.000000000000000000 ) ) ;
#7682 = DIRECTION ( 'NONE',  ( 1.000000000000000000, 0.000000000000000000, 0.000000000000000000 ) ) ;
#7683 = CARTESIAN_POINT ( 'NONE',  ( 0.000000000000000000, -4.000000000000000000, 12.62500000000000000 ) ) ;
#7684 = EDGE_CURVE ( 'NONE', #11472, #2017, #1917, .T. ) ;
#7685 = DIRECTION ( 'NONE',  ( 1.000000000000000000, 0.000000000000000000, 0.000000000000000000 ) ) ;
#7686 = STYLED_ITEM ( 'NONE', ( #12969 ), #9049 ) ;
#7687 = CARTESIAN_POINT ( 'NONE',  ( -3.649999999999999911, 11.17795660910094036, -11.44999999999999929 ) ) ;
#7688 = ORIENTED_EDGE ( 'NONE', *, *, #6405, .T. ) ;
#7689 = ORIENTED_EDGE ( 'NONE', *, *, #7287, .T. ) ;
#7690 = ORIENTED_EDGE ( 'NONE', *, *, #9733, .F. ) ;
#7691 = EDGE_LOOP ( 'NONE', ( #608, #12406, #2543, #5930 ) ) ;
#7692 = DIRECTION ( 'NONE',  ( -1.000000000000000000, 0.000000000000000000, 0.000000000000000000 ) ) ;
#7693 = DIRECTION ( 'NONE',  ( 0.8191520442889891340, 0.5735764363510499342, 0.000000000000000000 ) ) ;
#7694 = LINE ( 'NONE', #1679, #12332 ) ;
#7695 = VERTEX_POINT ( 'NONE', #8140 ) ;
#7696 = CARTESIAN_POINT ( 'NONE',  ( 0.000000000000000000, -4.000000000000000000, -20.00000000000000000 ) ) ;
#7697 = LINE ( 'NONE', #1598, #12224 ) ;
#7698 = EDGE_CURVE ( 'NONE', #1715, #1108, #6707, .T. ) ;
#7699 = CARTESIAN_POINT ( 'NONE',  ( -0.9496587886920860866, 8.515701347388139553, -16.44999999999999929 ) ) ;
#7700 = DIRECTION ( 'NONE',  ( 0.000000000000000000, 0.000000000000000000, -1.000000000000000000 ) ) ;
#7701 = LINE ( 'NONE', #92, #12498 ) ;
#7702 = AXIS2_PLACEMENT_3D ( 'NONE', #8536, #10643, #11710 ) ;
#7703 = ORIENTED_EDGE ( 'NONE', *, *, #8168, .T. ) ;
#7704 = PLANE ( 'NONE',  #958 ) ;
#7705 = SURFACE_STYLE_USAGE ( .BOTH. , #1789 ) ;
#7706 = CARTESIAN_POINT ( 'NONE',  ( -0.9000476708424469674, 10.66194478217150099, 1.949999999999999956 ) ) ;
#7707 = ORIENTED_EDGE ( 'NONE', *, *, #11683, .T. ) ;
#7708 = CARTESIAN_POINT ( 'NONE',  ( 6.782295549467770357, 4.930639144171879984, 15.84999999999999964 ) ) ;
#7709 = VERTEX_POINT ( 'NONE', #3869 ) ;
#7710 = EDGE_CURVE ( 'NONE', #10462, #9689, #10866, .T. ) ;
#7711 = ORIENTED_EDGE ( 'NONE', *, *, #9373, .F. ) ;
#7712 = VERTEX_POINT ( 'NONE', #3068 ) ;
#7713 = MECHANICAL_DESIGN_GEOMETRIC_PRESENTATION_REPRESENTATION (  '', ( #11659 ), #2193 ) ;
#7714 = DIRECTION ( 'NONE',  ( 0.000000000000000000, 0.000000000000000000, 1.000000000000000000 ) ) ;
#7715 = FACE_OUTER_BOUND ( 'NONE', #8169, .T. ) ;
#7716 = SURFACE_STYLE_USAGE ( .BOTH. , #263 ) ;
#7717 = VERTEX_POINT ( 'NONE', #89 ) ;
#7718 = LINE ( 'NONE', #11006, #12243 ) ;
#7719 = CARTESIAN_POINT ( 'NONE',  ( 2.149999999999999911, -4.000000000000000000, -12.02499999999999858 ) ) ;
#7720 = CIRCLE ( 'NONE', #3542, 1.500000000000000000 ) ;
#7721 = ORIENTED_EDGE ( 'NONE', *, *, #3668, .F. ) ;
#7722 = EDGE_CURVE ( 'NONE', #9252, #4868, #6514, .T. ) ;
#7723 = CARTESIAN_POINT ( 'NONE',  ( 4.330811839566820254, 5.568683097044850427, -3.349584923580569917 ) ) ;
#7724 = CARTESIAN_POINT ( 'NONE',  ( -2.850000000000000089, 0.000000000000000000, 3.149999999999999911 ) ) ;
#7725 = DIRECTION ( 'NONE',  ( 0.000000000000000000, 0.000000000000000000, -1.000000000000000000 ) ) ;
#7726 = CARTESIAN_POINT ( 'NONE',  ( -2.850000000000000089, -4.000000000000000000, -2.550000000000000266 ) ) ;
#7727 = EDGE_CURVE ( 'NONE', #2522, #2281, #10820, .T. ) ;
#7728 = EDGE_CURVE ( 'NONE', #12747, #6593, #11109, .T. ) ;
#7729 = ORIENTED_EDGE ( 'NONE', *, *, #11456, .T. ) ;
#7730 = DIRECTION ( 'NONE',  ( 0.000000000000000000, 0.000000000000000000, -1.000000000000000000 ) ) ;
#7731 = ORIENTED_EDGE ( 'NONE', *, *, #11224, .T. ) ;
#7732 = ORIENTED_EDGE ( 'NONE', *, *, #12253, .F. ) ;
#7733 = VERTEX_POINT ( 'NONE', #5654 ) ;
#7734 = ORIENTED_EDGE ( 'NONE', *, *, #7885, .F. ) ;
#7735 = VECTOR ( 'NONE', #13296, 1000.000000000000000 ) ;
#7736 = ORIENTED_EDGE ( 'NONE', *, *, #12257, .F. ) ;
#7737 = AXIS2_PLACEMENT_3D ( 'NONE', #4440, #3190, #9701 ) ;
#7738 = FACE_OUTER_BOUND ( 'NONE', #10810, .T. ) ;
#7739 = DIRECTION ( 'NONE',  ( 0.000000000000000000, 0.000000000000000000, 1.000000000000000000 ) ) ;
#7740 = EDGE_CURVE ( 'NONE', #10845, #9952, #1771, .T. ) ;
#7741 = DIRECTION ( 'NONE',  ( 1.000000000000000000, 0.000000000000000000, 0.000000000000000000 ) ) ;
#7742 = VECTOR ( 'NONE', #8108, 1000.000000000000000 ) ;
#7743 = CARTESIAN_POINT ( 'NONE',  ( -0.6056176130837679361, 7.110999999999999766, 15.84999999999999964 ) ) ;
#7744 = DIRECTION ( 'NONE',  ( 1.000000000000000000, 0.000000000000000000, 0.000000000000000000 ) ) ;
#7745 = EDGE_LOOP ( 'NONE', ( #11823, #10335, #613, #343 ) ) ;
#7746 = CARTESIAN_POINT ( 'NONE',  ( -5.001253558300190249, 7.790249504023520011, -1.449999999999999956 ) ) ;
#7747 = EDGE_CURVE ( 'NONE', #1549, #13019, #6726, .T. ) ;
#7748 = EDGE_CURVE ( 'NONE', #12747, #419, #1820, .T. ) ;
#7749 = ADVANCED_FACE ( 'NONE', ( #2189 ), #6394, .F. ) ;
#7750 = DIRECTION ( 'NONE',  ( 1.000000000000000000, 0.000000000000000000, 0.000000000000000000 ) ) ;
#7751 = CARTESIAN_POINT ( 'NONE',  ( 2.149999999999999911, -3.500000000000000000, -11.84999999999999964 ) ) ;
#7752 = AXIS2_PLACEMENT_3D ( 'NONE', #13307, #8437, #7233 ) ;
#7753 = ORIENTED_EDGE ( 'NONE', *, *, #5263, .F. ) ;
#7754 = ORIENTED_EDGE ( 'NONE', *, *, #5974, .T. ) ;
#7755 = ORIENTED_EDGE ( 'NONE', *, *, #11215, .T. ) ;
#7756 = CARTESIAN_POINT ( 'NONE',  ( 2.317718362080736672, 10.13004388994446536, -12.07779002861934359 ) ) ;
#7757 = DIRECTION ( 'NONE',  ( -0.5030199466302391897, 0.8642748019537023207, 0.000000000000000000 ) ) ;
#7758 = ORIENTED_EDGE ( 'NONE', *, *, #1298, .T. ) ;
#7759 = CARTESIAN_POINT ( 'NONE',  ( 3.588643222671839883, 9.139278838686021089, 14.05000000000000071 ) ) ;
#7760 = LINE ( 'NONE', #11197, #7958 ) ;
#7761 = ORIENTED_EDGE ( 'NONE', *, *, #5948, .F. ) ;
#7762 = VECTOR ( 'NONE', #12279, 1000.000000000000000 ) ;
#7763 = VECTOR ( 'NONE', #10622, 1000.000000000000000 ) ;
#7764 = ORIENTED_EDGE ( 'NONE', *, *, #5283, .T. ) ;
#7765 = CARTESIAN_POINT ( 'NONE',  ( -2.149999999999999911, 0.000000000000000000, -1.850000000000000089 ) ) ;
#7766 = DIRECTION ( 'NONE',  ( 0.000000000000000000, 1.000000000000000000, 0.000000000000000000 ) ) ;
#7767 = DIRECTION ( 'NONE',  ( -0.5735764363510499342, 0.8191520442889891340, 0.000000000000000000 ) ) ;
#7768 = CARTESIAN_POINT ( 'NONE',  ( -5.250000000000000000, 16.69999999999999929, 10.30000000000000071 ) ) ;
#7769 = DIRECTION ( 'NONE',  ( 1.000000000000000000, 0.000000000000000000, 0.000000000000000000 ) ) ;
#7770 = DIRECTION ( 'NONE',  ( 0.000000000000000000, 0.000000000000000000, -1.000000000000000000 ) ) ;
#7771 = EDGE_CURVE ( 'NONE', #10758, #8055, #11038, .T. ) ;
#7772 = CARTESIAN_POINT ( 'NONE',  ( -1.442193645700395876, 12.96803417904112088, -6.450000000000000178 ) ) ;
#7773 = CARTESIAN_POINT ( 'NONE',  ( 2.850000000000000089, -3.500000000000000000, -2.550000000000000266 ) ) ;
#7774 = ORIENTED_EDGE ( 'NONE', *, *, #6308, .F. ) ;
#7775 = VERTEX_POINT ( 'NONE', #9150 ) ;
#7776 = VERTEX_POINT ( 'NONE', #13500 ) ;
#7777 = EDGE_CURVE ( 'NONE', #3044, #5334, #2050, .T. ) ;
#7778 = ORIENTED_EDGE ( 'NONE', *, *, #2414, .T. ) ;
#7779 = ADVANCED_FACE ( 'NONE', ( #2170 ), #12369, .T. ) ;
#7780 = DIRECTION ( 'NONE',  ( 0.000000000000000000, 0.000000000000000000, -1.000000000000000000 ) ) ;
#7781 = AXIS2_PLACEMENT_3D ( 'NONE', #10249, #10416, #3147 ) ;
#7782 = LINE ( 'NONE', #1677, #12516 ) ;
#7783 = ORIENTED_EDGE ( 'NONE', *, *, #12620, .T. ) ;
#7784 = CARTESIAN_POINT ( 'NONE',  ( -5.250000000000000000, 16.69999999999999929, 14.59999999999999964 ) ) ;
#7785 = LINE ( 'NONE', #3095, #12267 ) ;
#7786 = CARTESIAN_POINT ( 'NONE',  ( -2.149999999999999911, -4.000000000000000000, 7.974999999999999645 ) ) ;
#7787 = CARTESIAN_POINT ( 'NONE',  ( 4.330811839566824695, 5.568683097044850427, 4.074886876659950197 ) ) ;
#7788 = LINE ( 'NONE', #11357, #8072 ) ;
#7789 = ORIENTED_EDGE ( 'NONE', *, *, #4728, .T. ) ;
#7790 = EDGE_CURVE ( 'NONE', #2722, #11425, #2216, .T. ) ;
#7791 = CARTESIAN_POINT ( 'NONE',  ( 1.926942286883454925, 7.972552649728219976, -5.925113123340048915 ) ) ;
#7792 = CYLINDRICAL_SURFACE ( 'NONE', #5010, 1.500000000000000444 ) ;
#7793 = FILL_AREA_STYLE_COLOUR ( '', #5278 ) ;
#7794 = VERTEX_POINT ( 'NONE', #10114 ) ;
#7795 = ADVANCED_FACE ( 'NONE', ( #1889 ), #8080, .F. ) ;
#7796 = CARTESIAN_POINT ( 'NONE',  ( -0.3923679554084240073, 12.05962984498646051, 16.44999999999999929 ) ) ;
#7797 = ORIENTED_EDGE ( 'NONE', *, *, #1504, .T. ) ;
#7798 = ORIENTED_EDGE ( 'NONE', *, *, #5729, .F. ) ;
#7799 = ORIENTED_EDGE ( 'NONE', *, *, #12054, .F. ) ;
#7800 = DIRECTION ( 'NONE',  ( 1.000000000000000000, 0.000000000000000000, 0.000000000000000000 ) ) ;
#7801 = CARTESIAN_POINT ( 'NONE',  ( 4.330811839566824695, 5.568683097044850427, 9.074886876659951085 ) ) ;
#7802 = LINE ( 'NONE', #12685, #8093 ) ;
#7803 = DIRECTION ( 'NONE',  ( 0.7071067811865474617, -0.7071067811865474617, 0.000000000000000000 ) ) ;
#7804 = CLOSED_SHELL ( 'NONE', ( #12037, #3165, #8719, #12618, #8083, #9648, #10410, #9741, #751, #11024, #7307, #7039, #4252, #6636, #10817, #4171, #2875, #497, #5282, #7198, #2365, #4829, #4190, #7404, #1423, #9326 ) ) ;
#7805 = AXIS2_PLACEMENT_3D ( 'NONE', #1193, #2456, #8758 ) ;
#7806 = CIRCLE ( 'NONE', #3124, 0.8000000000000003775 ) ;
#7807 = DIRECTION ( 'NONE',  ( 0.000000000000000000, 0.000000000000000000, 1.000000000000000000 ) ) ;
#7808 = DIRECTION ( 'NONE',  ( 0.000000000000000000, -1.000000000000000000, 0.000000000000000000 ) ) ;
#7809 = FACE_OUTER_BOUND ( 'NONE', #3131, .T. ) ;
#7810 = ORIENTED_EDGE ( 'NONE', *, *, #3319, .T. ) ;
#7811 = CARTESIAN_POINT ( 'NONE',  ( -2.149999999999999911, -4.163697104677059890, 7.682293986636969940 ) ) ;
#7812 = CARTESIAN_POINT ( 'NONE',  ( -3.649999999999999911, 11.17795660910094036, 16.44999999999999929 ) ) ;
#7813 = DIRECTION ( 'NONE',  ( 0.7071067811865480168, 0.7071067811865470176, 0.000000000000000000 ) ) ;
#7814 = EDGE_CURVE ( 'NONE', #1655, #10585, #11153, .T. ) ;
#7815 = PLANE ( 'NONE',  #5485 ) ;
#7816 = DIRECTION ( 'NONE',  ( 0.8191520442889891340, 0.5735764363510499342, 0.000000000000000000 ) ) ;
#7817 = VECTOR ( 'NONE', #3467, 1000.000000000000000 ) ;
#7818 = EDGE_CURVE ( 'NONE', #1202, #7296, #2143, .T. ) ;
#7819 = DIRECTION ( 'NONE',  ( 1.000000000000000000, 0.000000000000000000, 0.000000000000000000 ) ) ;
#7820 = ORIENTED_EDGE ( 'NONE', *, *, #10687, .T. ) ;
#7821 = ORIENTED_EDGE ( 'NONE', *, *, #3156, .T. ) ;
#7822 = ORIENTED_EDGE ( 'NONE', *, *, #11623, .T. ) ;
#7823 = ORIENTED_EDGE ( 'NONE', *, *, #11787, .F. ) ;
#7824 = PRESENTATION_STYLE_ASSIGNMENT (( #2975 ) ) ;
#7825 = EDGE_LOOP ( 'NONE', ( #611, #8909, #10294, #9009, #13423, #10210 ) ) ;
#7826 = FACE_OUTER_BOUND ( 'NONE', #12393, .T. ) ;
#7827 = CARTESIAN_POINT ( 'NONE',  ( -5.250000000000000000, 16.69999999999999929, -10.40000000000000036 ) ) ;
#7828 = DIRECTION ( 'NONE',  ( 0.000000000000000000, 0.000000000000000000, 1.000000000000000000 ) ) ;
#7829 = PRESENTATION_STYLE_ASSIGNMENT (( #1512 ) ) ;
#7830 =( GEOMETRIC_REPRESENTATION_CONTEXT ( 3 ) GLOBAL_UNCERTAINTY_ASSIGNED_CONTEXT ( ( #12945 ) ) GLOBAL_UNIT_ASSIGNED_CONTEXT ( ( #2133, #1947, #12163 ) ) REPRESENTATION_CONTEXT ( 'NONE', 'WORKASPACE' ) );
#7831 = CARTESIAN_POINT ( 'NONE',  ( 0.000000000000000000, -4.000000000000000000, -15.00000000000000000 ) ) ;
#7832 = AXIS2_PLACEMENT_3D ( 'NONE', #7791, #4948, #13209 ) ;
#7833 = CARTESIAN_POINT ( 'NONE',  ( 2.850000000000000089, -4.000000000000000000, 12.44999999999999929 ) ) ;
#7834 = VERTEX_POINT ( 'NONE', #2663 ) ;
#7835 = CARTESIAN_POINT ( 'NONE',  ( -2.149999999999999911, -3.500000000000000000, 8.149999999999998579 ) ) ;
#7836 = CARTESIAN_POINT ( 'NONE',  ( -5.250000000000000000, 16.69999999999999929, 5.200000000000000178 ) ) ;
#7837 = ADVANCED_FACE ( 'NONE', ( #1983 ), #2005, .T. ) ;
#7838 = FACE_OUTER_BOUND ( 'NONE', #1089, .T. ) ;
#7839 = EDGE_CURVE ( 'NONE', #4708, #3963, #6564, .T. ) ;
#7840 = CARTESIAN_POINT ( 'NONE',  ( -6.208456599567469425, 17.85384615384614904, 13.54999999999999893 ) ) ;
#7841 = CARTESIAN_POINT ( 'NONE',  ( -2.382835146695035267, 12.62863240148741895, 13.54999999999999893 ) ) ;
#7842 = AXIS2_PLACEMENT_3D ( 'NONE', #2229, #4306, #5377 ) ;
#7843 = EDGE_CURVE ( 'NONE', #7043, #5975, #2031, .T. ) ;
#7844 = DIRECTION ( 'NONE',  ( 0.000000000000000000, 0.000000000000000000, 1.000000000000000000 ) ) ;
#7845 = VECTOR ( 'NONE', #3026, 1000.000000000000000 ) ;
#7846 = ORIENTED_EDGE ( 'NONE', *, *, #5573, .T. ) ;
#7847 = EDGE_LOOP ( 'NONE', ( #6498, #4143, #5324, #12800 ) ) ;
#7848 = ORIENTED_EDGE ( 'NONE', *, *, #2127, .F. ) ;
#7849 = LINE ( 'NONE', #9259, #12261 ) ;
#7850 = CARTESIAN_POINT ( 'NONE',  ( 2.850000000000000089, 0.000000000000000000, 3.149999999999999911 ) ) ;
#7851 = VERTEX_POINT ( 'NONE', #7254 ) ;
#7852 = EDGE_LOOP ( 'NONE', ( #71, #6421, #13117, #8074 ) ) ;
#7853 = LINE ( 'NONE', #9841, #7762 ) ;
#7854 = VECTOR ( 'NONE', #2333, 1000.000000000000000 ) ;
#7855 = ORIENTED_EDGE ( 'NONE', *, *, #6594, .F. ) ;
#7856 = EDGE_CURVE ( 'NONE', #7490, #5421, #2077, .T. ) ;
#7857 = DIRECTION ( 'NONE',  ( 0.000000000000000000, 0.000000000000000000, -1.000000000000000000 ) ) ;
#7858 = AXIS2_PLACEMENT_3D ( 'NONE', #5262, #8288, #11561 ) ;
#7859 = PLANE ( 'NONE',  #13077 ) ;
#7860 = PLANE ( 'NONE',  #9983 ) ;
#7861 = CARTESIAN_POINT ( 'NONE',  ( -5.246999171586890220, 7.618176573118209838, 1.949999999999999956 ) ) ;
#7862 = MANIFOLD_SOLID_BREP ( 'NONE', #13084 ) ;
#7863 = CARTESIAN_POINT ( 'NONE',  ( -5.246999171586890220, 7.618176573118209838, -3.050000000000000266 ) ) ;
#7864 = CARTESIAN_POINT ( 'NONE',  ( -1.530854753362479892, 11.74577986658169948, 13.54999999999999893 ) ) ;
#7865 = ADVANCED_FACE ( 'NONE', ( #2405 ), #2616, .F. ) ;
#7866 = EDGE_CURVE ( 'NONE', #13469, #4602, #2683, .T. ) ;
#7867 = CARTESIAN_POINT ( 'NONE',  ( -2.850000000000000089, -4.000000000000000000, 8.149999999999998579 ) ) ;
#7868 = CARTESIAN_POINT ( 'NONE',  ( -5.825000000000000178, 7.185000000000000497, 16.44999999999999929 ) ) ;
#7869 = ORIENTED_EDGE ( 'NONE', *, *, #9211, .T. ) ;
#7870 = ORIENTED_EDGE ( 'NONE', *, *, #11818, .F. ) ;
#7871 = ORIENTED_EDGE ( 'NONE', *, *, #10376, .T. ) ;
#7872 = ORIENTED_EDGE ( 'NONE', *, *, #432, .T. ) ;
#7873 = CARTESIAN_POINT ( 'NONE',  ( -5.316253523062870023, 17.49725182388110056, 14.59999999999999964 ) ) ;
#7874 = ORIENTED_EDGE ( 'NONE', *, *, #10091, .F. ) ;
#7875 = CARTESIAN_POINT ( 'NONE',  ( -1.983183258569795271, 2.033183258569795093, -15.84999999999999964 ) ) ;
#7876 = CARTESIAN_POINT ( 'NONE',  ( -2.149999999999999911, -4.163697104677059890, 2.682293986636969940 ) ) ;
#7877 = LINE ( 'NONE', #10457, #8197 ) ;
#7878 = DIRECTION ( 'NONE',  ( 1.000000000000000000, 0.000000000000000000, 0.000000000000000000 ) ) ;
#7879 = DIRECTION ( 'NONE',  ( -1.000000000000000000, 0.000000000000000000, 0.000000000000000000 ) ) ;
#7880 = ORIENTED_EDGE ( 'NONE', *, *, #375, .F. ) ;
#7881 = AXIS2_PLACEMENT_3D ( 'NONE', #10023, #13501, #10201 ) ;
#7882 = CARTESIAN_POINT ( 'NONE',  ( 0.000000000000000000, -4.000000000000000000, 12.97499999999999964 ) ) ;
#7883 = VECTOR ( 'NONE', #13435, 1000.000000000000000 ) ;
#7884 = ADVANCED_FACE ( 'NONE', ( #2527 ), #11402, .T. ) ;
#7885 = EDGE_CURVE ( 'NONE', #13172, #6226, #11584, .T. ) ;
#7886 = CARTESIAN_POINT ( 'NONE',  ( -2.850000000000000089, -4.163697104677059890, -2.317706013363035389 ) ) ;
#7887 = VECTOR ( 'NONE', #1177, 1000.000000000000000 ) ;
#7888 = ORIENTED_EDGE ( 'NONE', *, *, #8801, .F. ) ;
#7889 = DIRECTION ( 'NONE',  ( 1.000000000000000000, 0.000000000000000000, 0.000000000000000000 ) ) ;
#7890 = ORIENTED_EDGE ( 'NONE', *, *, #7777, .T. ) ;
#7891 = VERTEX_POINT ( 'NONE', #10655 ) ;
#7892 = CARTESIAN_POINT ( 'NONE',  ( -3.775451385280815142, 16.42485207100589761, 0.2000000000000000111 ) ) ;
#7893 = EDGE_LOOP ( 'NONE', ( #5620, #1248, #60, #10607, #8711, #6356 ) ) ;
#7894 = DIRECTION ( 'NONE',  ( -0.8191520442889891340, -0.5735764363510499342, 0.000000000000000000 ) ) ;
#7895 = VECTOR ( 'NONE', #12025, 1000.000000000000000 ) ;
#7896 = CARTESIAN_POINT ( 'NONE',  ( -5.149861993732639753, 10.12774193481510032, -11.44999999999999929 ) ) ;
#7897 = CLOSED_SHELL ( 'NONE', ( #9442, #9173, #1054, #12509, #4109, #11968, #10632, #2358 ) ) ;
#7898 = CARTESIAN_POINT ( 'NONE',  ( -5.149861993732639753, 10.12774193481510032, -1.449999999999999956 ) ) ;
#7899 = EDGE_CURVE ( 'NONE', #1072, #4868, #2487, .T. ) ;
#7900 = DIRECTION ( 'NONE',  ( 1.000000000000000000, 0.000000000000000000, 0.000000000000000000 ) ) ;
#7901 = ORIENTED_EDGE ( 'NONE', *, *, #7993, .T. ) ;
#7902 = DIRECTION ( 'NONE',  ( 0.000000000000000000, 0.000000000000000000, 1.000000000000000000 ) ) ;
#7903 = CARTESIAN_POINT ( 'NONE',  ( -0.9000476708424469674, 10.66194478217150099, 3.550000000000000266 ) ) ;
#7904 = DIRECTION ( 'NONE',  ( 1.000000000000000000, 1.633327607497999936E-16, 0.000000000000000000 ) ) ;
#7905 = CARTESIAN_POINT ( 'NONE',  ( 1.250000000000000000, -6.776263578034359325E-16, -15.15000000000000036 ) ) ;
#7906 = CARTESIAN_POINT ( 'NONE',  ( 2.149999999999999911, 0.000000000000000000, 13.15000000000000036 ) ) ;
#7907 = VECTOR ( 'NONE', #5504, 1000.000000000000000 ) ;
#7908 = AXIS2_PLACEMENT_3D ( 'NONE', #3638, #4717, #8905 ) ;
#7909 = EDGE_CURVE ( 'NONE', #11263, #3062, #2638, .T. ) ;
#7910 = CARTESIAN_POINT ( 'NONE',  ( 2.850000000000000089, 0.6999999999999999556, 15.75000000000000000 ) ) ;
#7911 = ORIENTED_EDGE ( 'NONE', *, *, #2793, .T. ) ;
#7912 = ADVANCED_FACE ( 'NONE', ( #11606 ), #4165, .F. ) ;
#7913 = ORIENTED_EDGE ( 'NONE', *, *, #3123, .F. ) ;
#7914 = EDGE_LOOP ( 'NONE', ( #4896, #123, #1631, #3904, #764, #9333, #12412, #10852, #674 ) ) ;
#7915 = ORIENTED_EDGE ( 'NONE', *, *, #3428, .T. ) ;
#7916 = EDGE_CURVE ( 'NONE', #3686, #12209, #6817, .T. ) ;
#7917 = VECTOR ( 'NONE', #7902, 1000.000000000000000 ) ;
#7918 = EDGE_LOOP ( 'NONE', ( #447, #12348, #7999, #5571 ) ) ;
#7919 = EDGE_CURVE ( 'NONE', #7023, #3196, #7090, .T. ) ;
#7920 = CARTESIAN_POINT ( 'NONE',  ( 3.341155849256549626, 9.386766212101310458, 4.049999999999999822 ) ) ;
#7921 = ADVANCED_FACE ( 'NONE', ( #11361 ), #2179, .T. ) ;
#7922 = CARTESIAN_POINT ( 'NONE',  ( -7.014921993108779397, 16.26222191265249961, 8.550000000000000711 ) ) ;
#7923 = PLANE ( 'NONE',  #6148 ) ;
#7924 = CARTESIAN_POINT ( 'NONE',  ( 6.735268398951980373, 5.992653662405889037, 9.500000000000000000 ) ) ;
#7925 = CARTESIAN_POINT ( 'NONE',  ( -6.208456599567469425, 17.85384615384614904, -6.450000000000000178 ) ) ;
#7926 = EDGE_LOOP ( 'NONE', ( #11692, #506, #4534, #4230 ) ) ;
#7927 = DIRECTION ( 'NONE',  ( 0.000000000000000000, 0.000000000000000000, -1.000000000000000000 ) ) ;
#7928 = AXIS2_PLACEMENT_3D ( 'NONE', #5500, #8992, #4618 ) ;
#7929 = FACE_OUTER_BOUND ( 'NONE', #12840, .T. ) ;
#7930 = DIRECTION ( 'NONE',  ( 1.000000000000000000, 0.000000000000000000, 0.000000000000000000 ) ) ;
#7931 = CARTESIAN_POINT ( 'NONE',  ( -2.399604646138564945, 13.25676273017529994, -1.449999999999999956 ) ) ;
#7932 = CARTESIAN_POINT ( 'NONE',  ( -2.047200543544544615, 12.30024887074950080, 15.84999999999999964 ) ) ;
#7933 = LINE ( 'NONE', #7422, #12447 ) ;
#7934 = VERTEX_POINT ( 'NONE', #6991 ) ;
#7935 = ORIENTED_EDGE ( 'NONE', *, *, #10835, .T. ) ;
#7936 = ORIENTED_EDGE ( 'NONE', *, *, #4264, .F. ) ;
#7937 = DIRECTION ( 'NONE',  ( 0.000000000000000000, -1.000000000000000000, 0.000000000000000000 ) ) ;
#7938 = EDGE_LOOP ( 'NONE', ( #5893, #7428 ) ) ;
#7939 = DIRECTION ( 'NONE',  ( 0.000000000000000000, 0.000000000000000000, -1.000000000000000000 ) ) ;
#7940 = LINE ( 'NONE', #607, #7735 ) ;
#7941 = VERTEX_POINT ( 'NONE', #3985 ) ;
#7942 = LINE ( 'NONE', #6650, #12540 ) ;
#7943 = EDGE_CURVE ( 'NONE', #3449, #8044, #6963, .T. ) ;
#7944 = ORIENTED_EDGE ( 'NONE', *, *, #4734, .F. ) ;
#7945 = ADVANCED_FACE ( 'NONE', ( #11742 ), #9147, .T. ) ;
#7946 = CARTESIAN_POINT ( 'NONE',  ( -3.984748662560944954, 15.89430833868740045, 0.9000000000000000222 ) ) ;
#7947 = CARTESIAN_POINT ( 'NONE',  ( 2.740115085247985416, 9.987806976109879997, 11.76638422135470030 ) ) ;
#7948 = AXIS2_PLACEMENT_3D ( 'NONE', #10255, #6170, #7223 ) ;
#7949 = VECTOR ( 'NONE', #6592, 1000.000000000000000 ) ;
#7950 = DIRECTION ( 'NONE',  ( 0.000000000000000000, 0.000000000000000000, -1.000000000000000000 ) ) ;
#7951 = CARTESIAN_POINT ( 'NONE',  ( -5.250000000000000000, 16.69999999999999929, -5.400000000000000355 ) ) ;
#7952 = VERTEX_POINT ( 'NONE', #12823 ) ;
#7953 = ORIENTED_EDGE ( 'NONE', *, *, #10780, .T. ) ;
#7954 = ORIENTED_EDGE ( 'NONE', *, *, #866, .T. ) ;
#7955 = PRESENTATION_STYLE_ASSIGNMENT (( #4799 ) ) ;
#7956 = ORIENTED_EDGE ( 'NONE', *, *, #12461, .F. ) ;
#7957 = DIRECTION ( 'NONE',  ( -0.6389710663783129130, 0.7692307692307697176, 0.000000000000000000 ) ) ;
#7958 = VECTOR ( 'NONE', #1601, 999.9999999999998863 ) ;
#7959 = EDGE_CURVE ( 'NONE', #13105, #5888, #6865, .T. ) ;
#7960 = ORIENTED_EDGE ( 'NONE', *, *, #4236, .T. ) ;
#7961 = DIRECTION ( 'NONE',  ( 1.000000000000000000, 0.000000000000000000, 0.000000000000000000 ) ) ;
#7962 = ORIENTED_EDGE ( 'NONE', *, *, #8242, .T. ) ;
#7963 = DIRECTION ( 'NONE',  ( 0.000000000000000000, 0.000000000000000000, -1.000000000000000000 ) ) ;
#7964 = CARTESIAN_POINT ( 'NONE',  ( -7.014921993108779397, 16.26222191265249961, -11.44999999999999929 ) ) ;
#7965 = LINE ( 'NONE', #9905, #3559 ) ;
#7966 = ORIENTED_EDGE ( 'NONE', *, *, #9380, .F. ) ;
#7967 = PLANE ( 'NONE',  #2313 ) ;
#7968 = CONICAL_SURFACE ( 'NONE', #7737, 0.8748868766599399160, 0.2094395102393273866 ) ;
#7969 = AXIS2_PLACEMENT_3D ( 'NONE', #11749, #9032, #5529 ) ;
#7970 = DIRECTION ( 'NONE',  ( 1.000000000000000000, 0.000000000000000000, 0.000000000000000000 ) ) ;
#7971 = ORIENTED_EDGE ( 'NONE', *, *, #4630, .T. ) ;
#7972 = DIRECTION ( 'NONE',  ( 0.000000000000000000, 0.000000000000000000, 1.000000000000000000 ) ) ;
#7973 = ORIENTED_EDGE ( 'NONE', *, *, #5150, .F. ) ;
#7974 = VERTEX_POINT ( 'NONE', #3455 ) ;
#7975 = EDGE_LOOP ( 'NONE', ( #766, #4346, #7534, #12052 ) ) ;
#7976 = SURFACE_SIDE_STYLE ('',( #1941 ) ) ;
#7977 = CARTESIAN_POINT ( 'NONE',  ( -6.208456599567469425, 17.85384615384614904, 6.949999999999999289 ) ) ;
#7978 = LINE ( 'NONE', #1106, #12433 ) ;
#7979 = CARTESIAN_POINT ( 'NONE',  ( -2.149999999999999911, -4.163697104677059890, -2.317706013363030060 ) ) ;
#7980 = EDGE_CURVE ( 'NONE', #3872, #4977, #7197, .T. ) ;
#7981 = ORIENTED_EDGE ( 'NONE', *, *, #4820, .F. ) ;
#7982 = DIRECTION ( 'NONE',  ( 0.000000000000000000, 0.000000000000000000, -1.000000000000000000 ) ) ;
#7983 = DIRECTION ( 'NONE',  ( 0.000000000000000000, 0.000000000000000000, -1.000000000000000000 ) ) ;
#7984 = EDGE_CURVE ( 'NONE', #10115, #863, #7001, .T. ) ;
#7985 = ORIENTED_EDGE ( 'NONE', *, *, #3187, .F. ) ;
#7986 = CARTESIAN_POINT ( 'NONE',  ( 2.475030032583884765, 7.424464904027790801, -13.12488687665993936 ) ) ;
#7987 = CARTESIAN_POINT ( 'NONE',  ( 2.149999999999999911, -4.000000000000000000, 13.15000000000000036 ) ) ;
#7988 = CARTESIAN_POINT ( 'NONE',  ( -2.850000000000000089, -4.000000000000000000, 2.975000000000000089 ) ) ;
#7989 = VECTOR ( 'NONE', #11409, 1000.000000000000000 ) ;
#7990 = ADVANCED_FACE ( 'NONE', ( #2552 ), #306, .T. ) ;
#7991 = EDGE_CURVE ( 'NONE', #9667, #2109, #7021, .T. ) ;
#7992 = AXIS2_PLACEMENT_3D ( 'NONE', #9136, #4856, #7889 ) ;
#7993 = EDGE_CURVE ( 'NONE', #4030, #6183, #6880, .T. ) ;
#7994 = DIRECTION ( 'NONE',  ( 1.000000000000000000, 0.000000000000000000, 0.000000000000000000 ) ) ;
#7995 = AXIS2_PLACEMENT_3D ( 'NONE', #13012, #7857, #588 ) ;
#7996 = ORIENTED_EDGE ( 'NONE', *, *, #7029, .F. ) ;
#7997 = VERTEX_POINT ( 'NONE', #10561 ) ;
#7998 = EDGE_LOOP ( 'NONE', ( #286, #189, #1121, #11280 ) ) ;
#7999 = ORIENTED_EDGE ( 'NONE', *, *, #5283, .F. ) ;
#8000 = ADVANCED_FACE ( 'NONE', ( #11339 ), #5058, .T. ) ;
#8001 = LINE ( 'NONE', #7362, #12311 ) ;
#8002 = VERTEX_POINT ( 'NONE', #5503 ) ;
#8003 = CARTESIAN_POINT ( 'NONE',  ( 2.850000000000000089, -4.000000000000000000, 13.15000000000000036 ) ) ;
#8004 = EDGE_CURVE ( 'NONE', #863, #3405, #2423, .T. ) ;
#8005 = CARTESIAN_POINT ( 'NONE',  ( 2.149999999999999911, -3.500000000000000000, 13.15000000000000036 ) ) ;
#8006 = LINE ( 'NONE', #147, #7742 ) ;
#8007 = CARTESIAN_POINT ( 'NONE',  ( -0.9000476708424469674, 10.66194478217150099, -11.44999999999999929 ) ) ;
#8008 = DIRECTION ( 'NONE',  ( 0.000000000000000000, 0.000000000000000000, -1.000000000000000000 ) ) ;
#8009 = AXIS2_PLACEMENT_3D ( 'NONE', #4334, #3171, #5579 ) ;
#8010 = CARTESIAN_POINT ( 'NONE',  ( -0.9000476708424469674, 10.66194478217150099, 8.550000000000000711 ) ) ;
#8011 = EDGE_LOOP ( 'NONE', ( #1902, #533, #4431, #7083, #8850, #3527 ) ) ;
#8012 = CARTESIAN_POINT ( 'NONE',  ( 2.559164477407499749, 7.554020587861660196, -3.157004542773995226 ) ) ;
#8013 = CARTESIAN_POINT ( 'NONE',  ( 2.475030032583884765, 7.424464904027790801, 6.650415076419430527 ) ) ;
#8014 = EDGE_CURVE ( 'NONE', #10487, #12956, #6982, .T. ) ;
#8015 = VECTOR ( 'NONE', #7757, 1000.000000000000000 ) ;
#8016 = CARTESIAN_POINT ( 'NONE',  ( -7.014921993108779397, 16.26222191265249961, -8.050000000000000711 ) ) ;
#8017 = CARTESIAN_POINT ( 'NONE',  ( 3.341155849256549626, 9.386766212101310458, -7.250000000000000000 ) ) ;
#8018 = CARTESIAN_POINT ( 'NONE',  ( 2.149999999999999911, -3.500000000000000000, 8.149999999999998579 ) ) ;
#8019 = VERTEX_POINT ( 'NONE', #6591 ) ;
#8020 = ADVANCED_FACE ( 'NONE', ( #11674 ), #11720, .F. ) ;
#8021 = VERTEX_POINT ( 'NONE', #4439 ) ;
#8022 = EDGE_LOOP ( 'NONE', ( #5006, #9461, #7962, #7035, #4070, #11515, #6340, #4834, #8345, #13170, #2343, #8445 ) ) ;
#8023 = DIRECTION ( 'NONE',  ( 0.3420201433256694901, -0.9396926207859080948, 0.000000000000000000 ) ) ;
#8024 = ORIENTED_EDGE ( 'NONE', *, *, #12489, .F. ) ;
#8025 = AXIS2_PLACEMENT_3D ( 'NONE', #2101, #3114, #13343 ) ;
#8026 = VECTOR ( 'NONE', #7199, 1000.000000000000000 ) ;
#8027 = ORIENTED_EDGE ( 'NONE', *, *, #13241, .T. ) ;
#8028 = FACE_OUTER_BOUND ( 'NONE', #13379, .T. ) ;
#8029 = LINE ( 'NONE', #1230, #12585 ) ;
#8030 = VERTEX_POINT ( 'NONE', #7413 ) ;
#8031 = EDGE_CURVE ( 'NONE', #8041, #8975, #2326, .T. ) ;
#8032 = DIRECTION ( 'NONE',  ( 0.1470157664652034513, 0.1470157664652033958, -0.9781476007338042455 ) ) ;
#8033 = CARTESIAN_POINT ( 'NONE',  ( 2.149999999999999911, 0.000000000000000000, 2.449999999999999734 ) ) ;
#8034 = CARTESIAN_POINT ( 'NONE',  ( 2.306154181162860084, 10.12774586688902190, 12.75000000000000000 ) ) ;
#8035 = SURFACE_STYLE_USAGE ( .BOTH. , #7031 ) ;
#8036 = VECTOR ( 'NONE', #5685, 1000.000000000000000 ) ;
#8037 = DIRECTION ( 'NONE',  ( 0.000000000000000000, 0.9438583563660177811, 0.3303504247281049411 ) ) ;
#8038 = DIRECTION ( 'NONE',  ( 0.000000000000000000, 0.000000000000000000, -1.000000000000000000 ) ) ;
#8039 = CARTESIAN_POINT ( 'NONE',  ( -2.149999999999999911, 0.000000000000000000, -7.550000000000000711 ) ) ;
#8040 = DIRECTION ( 'NONE',  ( -1.000000000000000000, 0.000000000000000000, 0.000000000000000000 ) ) ;
#8041 = VERTEX_POINT ( 'NONE', #4261 ) ;
#8042 = ORIENTED_EDGE ( 'NONE', *, *, #1350, .F. ) ;
#8043 = VERTEX_POINT ( 'NONE', #1259 ) ;
#8044 = VERTEX_POINT ( 'NONE', #5329 ) ;
#8045 = LINE ( 'NONE', #4865, #3179 ) ;
#8046 = ORIENTED_EDGE ( 'NONE', *, *, #7740, .F. ) ;
#8047 = DIRECTION ( 'NONE',  ( 0.000000000000000000, 0.000000000000000000, 1.000000000000000000 ) ) ;
#8048 =( GEOMETRIC_REPRESENTATION_CONTEXT ( 3 ) GLOBAL_UNCERTAINTY_ASSIGNED_CONTEXT ( ( #4595 ) ) GLOBAL_UNIT_ASSIGNED_CONTEXT ( ( #2181, #119, #1441 ) ) REPRESENTATION_CONTEXT ( 'NONE', 'WORKASPACE' ) );
#8049 = DIRECTION ( 'NONE',  ( 0.1470157664652034235, 0.1470157664652034235, 0.9781476007338042455 ) ) ;
#8050 = VECTOR ( 'NONE', #9800, 1000.000000000000114 ) ;
#8051 = DIRECTION ( 'NONE',  ( -1.000000000000000000, 0.000000000000000000, 0.000000000000000000 ) ) ;
#8052 = EDGE_CURVE ( 'NONE', #6784, #12203, #11438, .T. ) ;
#8053 = CARTESIAN_POINT ( 'NONE',  ( -5.001253558300190249, 7.790249504023520011, -11.44999999999999929 ) ) ;
#8054 = CARTESIAN_POINT ( 'NONE',  ( 0.000000000000000000, -4.000000000000000000, -7.375000000000000000 ) ) ;
#8055 = VERTEX_POINT ( 'NONE', #5594 ) ;
#8056 = EDGE_CURVE ( 'NONE', #8446, #3575, #2347, .T. ) ;
#8057 = CARTESIAN_POINT ( 'NONE',  ( -6.750000000000000000, 16.69999999999999929, 5.299999999999999822 ) ) ;
#8058 = CARTESIAN_POINT ( 'NONE',  ( -0.9718728952031370216, 13.13773506781796030, 3.550000000000000266 ) ) ;
#8059 = ORIENTED_EDGE ( 'NONE', *, *, #4268, .T. ) ;
#8060 = DIRECTION ( 'NONE',  ( 0.000000000000000000, 0.000000000000000000, -1.000000000000000000 ) ) ;
#8061 = ORIENTED_EDGE ( 'NONE', *, *, #8922, .T. ) ;
#8062 = ORIENTED_EDGE ( 'NONE', *, *, #6754, .F. ) ;
#8063 = DIRECTION ( 'NONE',  ( 0.2908824500647800293, -0.9567587994078291525, 0.000000000000000000 ) ) ;
#8064 = ORIENTED_EDGE ( 'NONE', *, *, #3838, .T. ) ;
#8065 = DIRECTION ( 'NONE',  ( 0.000000000000000000, 0.000000000000000000, -1.000000000000000000 ) ) ;
#8066 = CARTESIAN_POINT ( 'NONE',  ( -0.3570126163490945359, 12.80209196523233928, -15.15000000000000036 ) ) ;
#8067 = LINE ( 'NONE', #11012, #12391 ) ;
#8068 = ORIENTED_EDGE ( 'NONE', *, *, #12402, .F. ) ;
#8069 = LINE ( 'NONE', #4271, #12774 ) ;
#8070 = CARTESIAN_POINT ( 'NONE',  ( 2.475030032583884765, 7.424464904027790801, 6.650415076419430527 ) ) ;
#8071 = CARTESIAN_POINT ( 'NONE',  ( 2.537784285267755013, 10.11972773790572511, 7.027386386504094418 ) ) ;
#8072 = VECTOR ( 'NONE', #12345, 1000.000000000000000 ) ;
#8073 = AXIS2_PLACEMENT_3D ( 'NONE', #3760, #1578, #5625 ) ;
#8074 = ORIENTED_EDGE ( 'NONE', *, *, #6620, .F. ) ;
#8075 = ADVANCED_FACE ( 'NONE', ( #6943 ), #8467, .F. ) ;
#8076 = EDGE_CURVE ( 'NONE', #8567, #5768, #11461, .T. ) ;
#8077 = LINE ( 'NONE', #13260, #8122 ) ;
#8078 = DIRECTION ( 'NONE',  ( 1.000000000000000000, 0.000000000000000000, 0.000000000000000000 ) ) ;
#8079 = PLANE ( 'NONE',  #4801 ) ;
#8080 = PLANE ( 'NONE',  #8528 ) ;
#8081 = CARTESIAN_POINT ( 'NONE',  ( -1.530854753362479892, 11.74577986658169948, -3.050000000000000266 ) ) ;
#8082 = DIRECTION ( 'NONE',  ( -1.000000000000000000, 0.000000000000000000, -2.478176394252580155E-15 ) ) ;
#8083 = ADVANCED_FACE ( 'NONE', ( #11542 ), #9791, .F. ) ;
#8084 = UNCERTAINTY_MEASURE_WITH_UNIT (LENGTH_MEASURE( 1.000000000000000082E-05 ), #4894, 'distance_accuracy_value', 'NONE');
#8085 = EDGE_CURVE ( 'NONE', #12646, #987, #7044, .T. ) ;
#8086 = PLANE ( 'NONE',  #12093 ) ;
#8087 = ORIENTED_EDGE ( 'NONE', *, *, #1426, .T. ) ;
#8088 = ORIENTED_EDGE ( 'NONE', *, *, #713, .T. ) ;
#8089 = VERTEX_POINT ( 'NONE', #9184 ) ;
#8090 = EDGE_CURVE ( 'NONE', #7663, #8278, #11789, .T. ) ;
#8091 = ORIENTED_EDGE ( 'NONE', *, *, #734, .T. ) ;
#8092 =( GEOMETRIC_REPRESENTATION_CONTEXT ( 3 ) GLOBAL_UNCERTAINTY_ASSIGNED_CONTEXT ( ( #7290 ) ) GLOBAL_UNIT_ASSIGNED_CONTEXT ( ( #2140, #1955, #10613 ) ) REPRESENTATION_CONTEXT ( 'NONE', 'WORKASPACE' ) );
#8093 = VECTOR ( 'NONE', #6453, 1000.000000000000000 ) ;
#8094 = VERTEX_POINT ( 'NONE', #6945 ) ;
#8095 = LINE ( 'NONE', #2707, #12919 ) ;
#8096 = DIRECTION ( 'NONE',  ( 0.5735764363510499342, -0.8191520442889891340, 0.000000000000000000 ) ) ;
#8097 = DIRECTION ( 'NONE',  ( 0.000000000000000000, 0.000000000000000000, -1.000000000000000000 ) ) ;
#8098 = CIRCLE ( 'NONE', #1783, 1.500000000000000000 ) ;
#8099 = CARTESIAN_POINT ( 'NONE',  ( -7.200000000000000178, 0.6999999999999999556, 15.84999999999999964 ) ) ;
#8100 = EDGE_LOOP ( 'NONE', ( #12216, #9236, #5028, #8163, #2426, #12095 ) ) ;
#8101 = DIRECTION ( 'NONE',  ( 1.000000000000000000, 0.000000000000000000, 0.000000000000000000 ) ) ;
#8102 = DIRECTION ( 'NONE',  ( 1.000000000000000000, 0.000000000000000000, 0.000000000000000000 ) ) ;
#8103 = CIRCLE ( 'NONE', #5130, 1.500000000000000000 ) ;
#8104 = LINE ( 'NONE', #3368, #7907 ) ;
#8105 = CARTESIAN_POINT ( 'NONE',  ( 6.735268398951980373, 5.992653662405889037, -4.750000000000000000 ) ) ;
#8106 = CARTESIAN_POINT ( 'NONE',  ( -7.500000000000000000, 0.000000000000000000, -15.15000000000000036 ) ) ;
#8107 = CARTESIAN_POINT ( 'NONE',  ( -4.002709121030539663, 8.489437846237121832, -1.449999999999999956 ) ) ;
#8108 = DIRECTION ( 'NONE',  ( 0.000000000000000000, 0.000000000000000000, -1.000000000000000000 ) ) ;
#8109 = ORIENTED_EDGE ( 'NONE', *, *, #5561, .F. ) ;
#8110 = ORIENTED_EDGE ( 'NONE', *, *, #10991, .F. ) ;
#8111 = VERTEX_POINT ( 'NONE', #12318 ) ;
#8112 = CARTESIAN_POINT ( 'NONE',  ( -3.919104336280229806, 16.00810641548579838, 11.95000000000000107 ) ) ;
#8113 = CARTESIAN_POINT ( 'NONE',  ( -3.984748662560944954, 15.89430833868740045, -14.09999999999999964 ) ) ;
#8114 = ORIENTED_EDGE ( 'NONE', *, *, #11326, .T. ) ;
#8115 = ADVANCED_FACE ( 'NONE', ( #7263 ), #1937, .F. ) ;
#8116 = VECTOR ( 'NONE', #8955, 1000.000000000000000 ) ;
#8117 = VERTEX_POINT ( 'NONE', #4906 ) ;
#8118 = AXIS2_PLACEMENT_3D ( 'NONE', #5384, #6450, #1505 ) ;
#8119 = VECTOR ( 'NONE', #13512, 1000.000000000000114 ) ;
#8120 = CYLINDRICAL_SURFACE ( 'NONE', #8948, 1.505000000000000338 ) ;
#8121 = ORIENTED_EDGE ( 'NONE', *, *, #3461, .F. ) ;
#8122 = VECTOR ( 'NONE', #8899, 1000.000000000000000 ) ;
#8123 = CARTESIAN_POINT ( 'NONE',  ( 2.694312743928600984, 10.03360931742925466, 3.677640519163600796 ) ) ;
#8124 = PLANE ( 'NONE',  #4777 ) ;
#8125 = CIRCLE ( 'NONE', #12799, 1.505000000000000338 ) ;
#8126 = DIRECTION ( 'NONE',  ( 1.000000000000000000, 0.000000000000000000, 0.000000000000000000 ) ) ;
#8127 = DIRECTION ( 'NONE',  ( 0.8191520442889885789, 0.5735764363510506003, 0.000000000000000000 ) ) ;
#8128 = EDGE_CURVE ( 'NONE', #10928, #12034, #12184, .T. ) ;
#8129 = CARTESIAN_POINT ( 'NONE',  ( -1.530854753362479892, 11.74577986658169948, -6.450000000000000178 ) ) ;
#8130 = DIRECTION ( 'NONE',  ( 0.000000000000000000, 0.000000000000000000, 1.000000000000000000 ) ) ;
#8131 = ORIENTED_EDGE ( 'NONE', *, *, #8334, .T. ) ;
#8132 = ADVANCED_FACE ( 'NONE', ( #2730 ), #2957, .F. ) ;
#8133 = ORIENTED_EDGE ( 'NONE', *, *, #4596, .F. ) ;
#8134 = ORIENTED_EDGE ( 'NONE', *, *, #11215, .F. ) ;
#8135 = EDGE_LOOP ( 'NONE', ( #4922, #12745, #6717, #11098, #4297, #4709, #7055, #4755, #1434, #5542, #4616, #4380 ) ) ;
#8136 = LINE ( 'NONE', #13320, #3624 ) ;
#8137 = ORIENTED_EDGE ( 'NONE', *, *, #5974, .F. ) ;
#8138 = CARTESIAN_POINT ( 'NONE',  ( 2.648455771506278644, 10.07946628985157744, 1.878401505249205572 ) ) ;
#8139 = LINE ( 'NONE', #2618, #8357 ) ;
#8140 = CARTESIAN_POINT ( 'NONE',  ( -5.149861993732639753, 10.12774193481510032, -3.050000000000000266 ) ) ;
#8141 = DIRECTION ( 'NONE',  ( 0.000000000000000000, 0.000000000000000000, 1.000000000000000000 ) ) ;
#8142 = FACE_OUTER_BOUND ( 'NONE', #9292, .T. ) ;
#8143 = DIRECTION ( 'NONE',  ( 0.000000000000000000, 0.000000000000000000, 1.000000000000000000 ) ) ;
#8144 = AXIS2_PLACEMENT_3D ( 'NONE', #12040, #3342, #1420 ) ;
#8145 = ORIENTED_EDGE ( 'NONE', *, *, #1111, .F. ) ;
#8146 = CARTESIAN_POINT ( 'NONE',  ( 3.341155849256549626, 9.386766212101310458, 1.449999999999999956 ) ) ;
#8147 = FACE_OUTER_BOUND ( 'NONE', #9345, .T. ) ;
#8148 = CYLINDRICAL_SURFACE ( 'NONE', #11242, 1.500000000000000000 ) ;
#8149 = EDGE_CURVE ( 'NONE', #1592, #12281, #7477, .T. ) ;
#8150 = AXIS2_PLACEMENT_3D ( 'NONE', #1042, #6255, #4388 ) ;
#8151 = EDGE_CURVE ( 'NONE', #12999, #12517, #7543, .T. ) ;
#8152 = PLANE ( 'NONE',  #11492 ) ;
#8153 = ORIENTED_EDGE ( 'NONE', *, *, #9483, .F. ) ;
#8154 = ORIENTED_EDGE ( 'NONE', *, *, #10718, .F. ) ;
#8155 = ORIENTED_EDGE ( 'NONE', *, *, #204, .F. ) ;
#8156 = DIRECTION ( 'NONE',  ( -0.5332357997187978649, -0.8211111254386349589, -0.2035585949527854988 ) ) ;
#8157 = VERTEX_POINT ( 'NONE', #13267 ) ;
#8158 = CARTESIAN_POINT ( 'NONE',  ( 1.308303843626089868, 8.591191092985580369, -2.250000000000000000 ) ) ;
#8159 = DIRECTION ( 'NONE',  ( 0.000000000000000000, 0.9438583563660177811, -0.3303504247281049411 ) ) ;
#8160 = LINE ( 'NONE', #3232, #12771 ) ;
#8161 = DIRECTION ( 'NONE',  ( -0.7071067811865475727, 0.7071067811865475727, 0.000000000000000000 ) ) ;
#8162 = VERTEX_POINT ( 'NONE', #10145 ) ;
#8163 = ORIENTED_EDGE ( 'NONE', *, *, #9853, .F. ) ;
#8164 = LINE ( 'NONE', #11729, #3605 ) ;
#8165 = PLANE ( 'NONE',  #8271 ) ;
#8166 = DIRECTION ( 'NONE',  ( 0.000000000000000000, 0.000000000000000000, -1.000000000000000000 ) ) ;
#8167 = VECTOR ( 'NONE', #3991, 1000.000000000000000 ) ;
#8168 = EDGE_CURVE ( 'NONE', #3874, #4101, #11976, .T. ) ;
#8169 = EDGE_LOOP ( 'NONE', ( #12946, #8226, #6981, #11501 ) ) ;
#8170 = VECTOR ( 'NONE', #3785, 1000.000000000000000 ) ;
#8171 = ADVANCED_FACE ( 'NONE', ( #11937 ), #11048, .F. ) ;
#8172 = AXIS2_PLACEMENT_3D ( 'NONE', #3251, #12354, #1978 ) ;
#8173 = DIRECTION ( 'NONE',  ( 0.000000000000000000, 0.000000000000000000, 1.000000000000000000 ) ) ;
#8174 = CARTESIAN_POINT ( 'NONE',  ( -5.001253558300190249, 7.790249504023520011, -1.449999999999999956 ) ) ;
#8175 = DIRECTION ( 'NONE',  ( -0.6916548014802249567, -0.6916548014802239575, 0.2079116908177670031 ) ) ;
#8176 =( NAMED_UNIT ( * ) SI_UNIT ( $, .STERADIAN. ) SOLID_ANGLE_UNIT ( ) );
#8177 = CARTESIAN_POINT ( 'NONE',  ( -5.149861993732639753, 10.12774193481510032, 8.550000000000000711 ) ) ;
#8178 = VECTOR ( 'NONE', #6779, 1000.000000000000000 ) ;
#8179 = EDGE_CURVE ( 'NONE', #13373, #10758, #2990, .T. ) ;
#8180 = AXIS2_PLACEMENT_3D ( 'NONE', #11371, #13492, #984 ) ;
#8181 = ORIENTED_EDGE ( 'NONE', *, *, #3127, .T. ) ;
#8182 = VERTEX_POINT ( 'NONE', #6041 ) ;
#8183 = ORIENTED_EDGE ( 'NONE', *, *, #42, .T. ) ;
#8184 = VERTEX_POINT ( 'NONE', #8112 ) ;
#8185 = VECTOR ( 'NONE', #10279, 1000.000000000000000 ) ;
#8186 = ORIENTED_EDGE ( 'NONE', *, *, #6594, .T. ) ;
#8187 = VECTOR ( 'NONE', #5430, 999.9999999999998863 ) ;
#8188 = CARTESIAN_POINT ( 'NONE',  ( 2.559164477407499749, 7.554020587861660196, 1.842995457226004996 ) ) ;
#8189 = CARTESIAN_POINT ( 'NONE',  ( -5.250000000000000000, 16.69999999999999929, 5.299999999999999822 ) ) ;
#8190 = VECTOR ( 'NONE', #4839, 1000.000000000000000 ) ;
#8191 = CARTESIAN_POINT ( 'NONE',  ( -5.809933491950640239, 18.09157266594019831, 0.9000000000000000222 ) ) ;
#8192 = PLANE ( 'NONE',  #4091 ) ;
#8193 = ORIENTED_EDGE ( 'NONE', *, *, #7587, .F. ) ;
#8194 = DIRECTION ( 'NONE',  ( 0.000000000000000000, 0.000000000000000000, -1.000000000000000000 ) ) ;
#8195 = DIRECTION ( 'NONE',  ( 1.000000000000000000, 0.000000000000000000, 0.000000000000000000 ) ) ;
#8196 = DIRECTION ( 'NONE',  ( 0.000000000000000000, -1.000000000000000000, 0.000000000000000000 ) ) ;
#8197 = VECTOR ( 'NONE', #9597, 1000.000000000000114 ) ;
#8198 = EDGE_CURVE ( 'NONE', #5132, #11869, #12379, .T. ) ;
#8199 = AXIS2_PLACEMENT_3D ( 'NONE', #9699, #9515, #2434 ) ;
#8200 = LINE ( 'NONE', #8638, #8178 ) ;
#8201 = CARTESIAN_POINT ( 'NONE',  ( -6.077610530143179979, 9.327446567904038588, 16.44999999999999929 ) ) ;
#8202 = DIRECTION ( 'NONE',  ( 0.7071067811865489050, -0.7071067811865460184, 0.000000000000000000 ) ) ;
#8203 = VERTEX_POINT ( 'NONE', #10948 ) ;
#8204 = ORIENTED_EDGE ( 'NONE', *, *, #13276, .F. ) ;
#8205 = ORIENTED_EDGE ( 'NONE', *, *, #1971, .T. ) ;
#8206 = VERTEX_POINT ( 'NONE', #488 ) ;
#8207 = PLANE ( 'NONE',  #5077 ) ;
#8208 = LINE ( 'NONE', #8420, #12981 ) ;
#8209 = ORIENTED_EDGE ( 'NONE', *, *, #13166, .T. ) ;
#8210 = ORIENTED_EDGE ( 'NONE', *, *, #10026, .T. ) ;
#8211 = LINE ( 'NONE', #2287, #12539 ) ;
#8212 = VECTOR ( 'NONE', #8930, 1000.000000000000114 ) ;
#8213 = VERTEX_POINT ( 'NONE', #4716 ) ;
#8214 = EDGE_CURVE ( 'NONE', #2542, #1295, #12082, .T. ) ;
#8215 = FACE_OUTER_BOUND ( 'NONE', #3798, .T. ) ;
#8216 = PLANE ( 'NONE',  #11177 ) ;
#8217 = DIRECTION ( 'NONE',  ( 0.000000000000000000, 0.000000000000000000, 1.000000000000000000 ) ) ;
#8218 = LINE ( 'NONE', #4350, #12761 ) ;
#8219 = DIRECTION ( 'NONE',  ( 1.000000000000000000, 0.000000000000000000, 0.000000000000000000 ) ) ;
#8220 = ADVANCED_FACE ( 'NONE', ( #11916 ), #9962, .F. ) ;
#8221 = SURFACE_STYLE_USAGE ( .BOTH. , #9017 ) ;
#8222 = AXIS2_PLACEMENT_3D ( 'NONE', #5763, #1840, #2871 ) ;
#8223 = CARTESIAN_POINT ( 'NONE',  ( 1.926942286883454925, 7.972552649728219976, -6.375113123340060639 ) ) ;
#8224 = EDGE_CURVE ( 'NONE', #10413, #3352, #7566, .T. ) ;
#8225 = FILL_AREA_STYLE_COLOUR ( '', #12206 ) ;
#8226 = ORIENTED_EDGE ( 'NONE', *, *, #8128, .F. ) ;
#8227 = ORIENTED_EDGE ( 'NONE', *, *, #9995, .F. ) ;
#8228 = VERTEX_POINT ( 'NONE', #63 ) ;
#8229 = ORIENTED_EDGE ( 'NONE', *, *, #13385, .F. ) ;
#8230 = ADVANCED_FACE ( 'NONE', ( #2883 ), #2863, .T. ) ;
#8231 = ORIENTED_EDGE ( 'NONE', *, *, #11196, .T. ) ;
#8232 = CARTESIAN_POINT ( 'NONE',  ( -5.149861993732639753, 10.12774193481510032, 3.550000000000000266 ) ) ;
#8233 = ORIENTED_EDGE ( 'NONE', *, *, #8235, .T. ) ;
#8234 = DIRECTION ( 'NONE',  ( -0.6389710663783133571, 0.7692307692307692735, 0.000000000000000000 ) ) ;
#8235 = EDGE_CURVE ( 'NONE', #7043, #9943, #12102, .T. ) ;
#8236 = LINE ( 'NONE', #11643, #8119 ) ;
#8237 = DIRECTION ( 'NONE',  ( -1.000000000000000000, 0.000000000000000000, 0.000000000000000000 ) ) ;
#8238 = DIRECTION ( 'NONE',  ( -1.000000000000000000, 0.000000000000000000, 0.000000000000000000 ) ) ;
#8239 = LINE ( 'NONE', #512, #3747 ) ;
#8240 = PLANE ( 'NONE',  #5390 ) ;
#8241 = EDGE_LOOP ( 'NONE', ( #10861, #13357, #9387, #11929 ) ) ;
#8242 = EDGE_CURVE ( 'NONE', #8788, #962, #7419, .T. ) ;
#8243 = VECTOR ( 'NONE', #13168, 1000.000000000000000 ) ;
#8244 = AXIS2_PLACEMENT_3D ( 'NONE', #1509, #1320, #6834 ) ;
#8245 = CARTESIAN_POINT ( 'NONE',  ( -5.250000000000000000, 18.19999999999999929, 5.200000000000000178 ) ) ;
#8246 = PLANE ( 'NONE',  #6016 ) ;
#8247 = LINE ( 'NONE', #5386, #12832 ) ;
#8248 = DIRECTION ( 'NONE',  ( 0.000000000000000000, 0.000000000000000000, 1.000000000000000000 ) ) ;
#8249 = ORIENTED_EDGE ( 'NONE', *, *, #5488, .T. ) ;
#8250 = DIRECTION ( 'NONE',  ( 0.7071067811865474617, -0.7071067811865474617, 0.000000000000000000 ) ) ;
#8251 = ORIENTED_EDGE ( 'NONE', *, *, #3568, .F. ) ;
#8252 = VERTEX_POINT ( 'NONE', #10788 ) ;
#8253 = EDGE_CURVE ( 'NONE', #126, #7256, #7592, .T. ) ;
#8254 = ORIENTED_EDGE ( 'NONE', *, *, #5270, .T. ) ;
#8255 = CARTESIAN_POINT ( 'NONE',  ( -2.850000000000000089, -4.000000000000000000, 7.625000000000000000 ) ) ;
#8256 = DIRECTION ( 'NONE',  ( 1.000000000000000000, 0.000000000000000000, 0.000000000000000000 ) ) ;
#8257 = LINE ( 'NONE', #10912, #12914 ) ;
#8258 = DIRECTION ( 'NONE',  ( 1.000000000000000000, 0.000000000000000000, 0.000000000000000000 ) ) ;
#8259 = ORIENTED_EDGE ( 'NONE', *, *, #12485, .F. ) ;
#8260 = FACE_OUTER_BOUND ( 'NONE', #3684, .T. ) ;
#8261 = DIRECTION ( 'NONE',  ( -0.5735764363510488240, 0.8191520442889899112, 0.000000000000000000 ) ) ;
#8262 = DIRECTION ( 'NONE',  ( 0.1470157664652034513, 0.1470157664652033958, -0.9781476007338042455 ) ) ;
#8263 = FACE_OUTER_BOUND ( 'NONE', #5662, .T. ) ;
#8264 = EDGE_CURVE ( 'NONE', #2550, #4381, #7397, .T. ) ;
#8265 = VERTEX_POINT ( 'NONE', #12001 ) ;
#8266 = VECTOR ( 'NONE', #3986, 1000.000000000000000 ) ;
#8267 = DIRECTION ( 'NONE',  ( 0.6389710663783111366, -0.7692307692307711608, 0.000000000000000000 ) ) ;
#8268 = DIRECTION ( 'NONE',  ( 0.000000000000000000, 0.000000000000000000, 1.000000000000000000 ) ) ;
#8269 = DIRECTION ( 'NONE',  ( -0.4834473103160809582, 0.8753734620995469173, 0.000000000000000000 ) ) ;
#8270 = DIRECTION ( 'NONE',  ( 0.000000000000000000, 0.000000000000000000, -1.000000000000000000 ) ) ;
#8271 = AXIS2_PLACEMENT_3D ( 'NONE', #5322, #12526, #7249 ) ;
#8272 = EDGE_LOOP ( 'NONE', ( #739, #11805, #12407, #3194, #901, #12450, #7149, #5953, #6022, #3089, #12625, #13066, #629, #12429 ) ) ;
#8273 = EDGE_LOOP ( 'NONE', ( #5022, #5815, #11931, #5158 ) ) ;
#8274 = ORIENTED_EDGE ( 'NONE', *, *, #11159, .T. ) ;
#8275 = ORIENTED_EDGE ( 'NONE', *, *, #6596, .F. ) ;
#8276 = LINE ( 'NONE', #4391, #12749 ) ;
#8277 = EDGE_CURVE ( 'NONE', #2660, #5046, #12127, .T. ) ;
#8278 = VERTEX_POINT ( 'NONE', #7699 ) ;
#8279 = ORIENTED_EDGE ( 'NONE', *, *, #1387, .T. ) ;
#8280 = CIRCLE ( 'NONE', #1829, 0.6757002964063569816 ) ;
#8281 = PLANE ( 'NONE',  #8679 ) ;
#8282 = CARTESIAN_POINT ( 'NONE',  ( 4.330811839566824695, 5.568683097044850427, -5.925113123340048915 ) ) ;
#8283 = LINE ( 'NONE', #9931, #3720 ) ;
#8284 = DIRECTION ( 'NONE',  ( 1.000000000000000000, 0.000000000000000000, 0.000000000000000000 ) ) ;
#8285 = CARTESIAN_POINT ( 'NONE',  ( -5.001253558300190249, 7.790249504023520011, -1.449999999999999956 ) ) ;
#8286 = ORIENTED_EDGE ( 'NONE', *, *, #4776, .F. ) ;
#8287 = CARTESIAN_POINT ( 'NONE',  ( 2.850000000000000089, -3.500000000000000000, 13.15000000000000036 ) ) ;
#8288 = DIRECTION ( 'NONE',  ( 0.000000000000000000, -1.000000000000000000, 0.000000000000000000 ) ) ;
#8289 = DIRECTION ( 'NONE',  ( 1.000000000000000000, 1.246209393661499865E-16, 0.000000000000000000 ) ) ;
#8290 = DIRECTION ( 'NONE',  ( 0.000000000000000000, 0.000000000000000000, -1.000000000000000000 ) ) ;
#8291 = CIRCLE ( 'NONE', #7128, 0.7177044505322326406 ) ;
#8292 = AXIS2_PLACEMENT_3D ( 'NONE', #4442, #8552, #9882 ) ;
#8293 = CARTESIAN_POINT ( 'NONE',  ( -4.002709121030539663, 8.489437846237121832, -11.44999999999999929 ) ) ;
#8294 = PLANE ( 'NONE',  #4722 ) ;
#8295 = ORIENTED_EDGE ( 'NONE', *, *, #1750, .T. ) ;
#8296 = ORIENTED_EDGE ( 'NONE', *, *, #12894, .F. ) ;
#8297 = ORIENTED_EDGE ( 'NONE', *, *, #2428, .F. ) ;
#8298 = CARTESIAN_POINT ( 'NONE',  ( -6.330983280564429272, 18.00135094402205027, -3.050000000000000266 ) ) ;
#8299 = CARTESIAN_POINT ( 'NONE',  ( 4.139999999999999680, 3.079999999999999627, 16.44999999999999929 ) ) ;
#8300 = ORIENTED_EDGE ( 'NONE', *, *, #12323, .T. ) ;
#8301 = LINE ( 'NONE', #12339, #13046 ) ;
#8302 = EDGE_CURVE ( 'NONE', #3234, #5644, #11957, .T. ) ;
#8303 = EDGE_LOOP ( 'NONE', ( #843, #12187, #7731, #12073 ) ) ;
#8304 = ORIENTED_EDGE ( 'NONE', *, *, #9343, .F. ) ;
#8305 = LINE ( 'NONE', #11903, #8050 ) ;
#8306 = EDGE_CURVE ( 'NONE', #4784, #652, #3073, .T. ) ;
#8307 = LINE ( 'NONE', #1807, #3771 ) ;
#8308 = ORIENTED_EDGE ( 'NONE', *, *, #12194, .T. ) ;
#8309 = FACE_OUTER_BOUND ( 'NONE', #13471, .T. ) ;
#8310 = CARTESIAN_POINT ( 'NONE',  ( 2.534775145998704904, 7.516464310934400039, -13.42471689787219979 ) ) ;
#8311 = CYLINDRICAL_SURFACE ( 'NONE', #3167, 1.505000000000000338 ) ;
#8312 = DIRECTION ( 'NONE',  ( 0.000000000000000000, 0.000000000000000000, -1.000000000000000000 ) ) ;
#8313 = CARTESIAN_POINT ( 'NONE',  ( -5.809933491950640239, 18.09157266594019831, 5.899999999999999467 ) ) ;
#8314 = AXIS2_PLACEMENT_3D ( 'NONE', #11282, #13048, #800 ) ;
#8315 = ORIENTED_EDGE ( 'NONE', *, *, #6641, .F. ) ;
#8316 = CARTESIAN_POINT ( 'NONE',  ( 2.149999999999999911, -4.000000000000000000, -12.55000000000000071 ) ) ;
#8317 = VERTEX_POINT ( 'NONE', #10888 ) ;
#8318 = ORIENTED_EDGE ( 'NONE', *, *, #2613, .T. ) ;
#8319 = EDGE_LOOP ( 'NONE', ( #6151, #2457, #5940, #10256 ) ) ;
#8320 = ORIENTED_EDGE ( 'NONE', *, *, #5189, .T. ) ;
#8321 = LINE ( 'NONE', #11945, #12843 ) ;
#8322 = ORIENTED_EDGE ( 'NONE', *, *, #3477, .T. ) ;
#8323 = DIRECTION ( 'NONE',  ( -0.7071067811865480168, 0.7071067811865470176, 0.000000000000000000 ) ) ;
#8324 = ORIENTED_EDGE ( 'NONE', *, *, #7357, .T. ) ;
#8325 = PLANE ( 'NONE',  #3326 ) ;
#8326 = FACE_OUTER_BOUND ( 'NONE', #9975, .T. ) ;
#8327 = EDGE_CURVE ( 'NONE', #10830, #13089, #2903, .T. ) ;
#8328 = DIRECTION ( 'NONE',  ( 0.000000000000000000, 0.000000000000000000, -1.000000000000000000 ) ) ;
#8329 = CARTESIAN_POINT ( 'NONE',  ( -1.442193645700395876, 12.96803417904112088, -11.44999999999999929 ) ) ;
#8330 = VECTOR ( 'NONE', #4562, 1000.000000000000000 ) ;
#8331 = PLANE ( 'NONE',  #2291 ) ;
#8332 = AXIS2_PLACEMENT_3D ( 'NONE', #10513, #10713, #5288 ) ;
#8333 = VERTEX_POINT ( 'NONE', #7786 ) ;
#8334 = EDGE_CURVE ( 'NONE', #9453, #3070, #11851, .T. ) ;
#8335 = CIRCLE ( 'NONE', #13091, 1.505000000000000338 ) ;
#8336 = DIRECTION ( 'NONE',  ( 1.000000000000000000, 0.000000000000000000, 0.000000000000000000 ) ) ;
#8337 = DIRECTION ( 'NONE',  ( 0.000000000000000000, 0.000000000000000000, 1.000000000000000000 ) ) ;
#8338 = LINE ( 'NONE', #9793, #3473 ) ;
#8339 = ADVANCED_FACE ( 'NONE', ( #12014 ), #696, .F. ) ;
#8340 = DIRECTION ( 'NONE',  ( 1.000000000000000000, 0.000000000000000000, 0.000000000000000000 ) ) ;
#8341 = EDGE_CURVE ( 'NONE', #6195, #6068, #2794, .T. ) ;
#8342 = EDGE_LOOP ( 'NONE', ( #1736, #564, #4877, #13309, #1997, #722, #6625, #9378, #8929 ) ) ;
#8343 = ORIENTED_EDGE ( 'NONE', *, *, #6944, .T. ) ;
#8344 = DIRECTION ( 'NONE',  ( -0.5332357997187978649, -0.8211111254386349589, -0.2035585949527854988 ) ) ;
#8345 = ORIENTED_EDGE ( 'NONE', *, *, #1277, .F. ) ;
#8346 = ORIENTED_EDGE ( 'NONE', *, *, #11553, .F. ) ;
#8347 = CARTESIAN_POINT ( 'NONE',  ( -5.250000000000000000, 16.69999999999999929, 5.200000000000000178 ) ) ;
#8348 = ORIENTED_EDGE ( 'NONE', *, *, #5741, .T. ) ;
#8349 = CARTESIAN_POINT ( 'NONE',  ( 2.149999999999999911, 0.000000000000000000, -1.850000000000000089 ) ) ;
#8350 = AXIS2_PLACEMENT_3D ( 'NONE', #11737, #12742, #232 ) ;
#8351 = CARTESIAN_POINT ( 'NONE',  ( -5.575000000000000178, 16.69999999999999929, 1.949999999999999956 ) ) ;
#8352 = CIRCLE ( 'NONE', #5027, 1.000000000000027978 ) ;
#8353 = CARTESIAN_POINT ( 'NONE',  ( 2.850000000000000089, 0.6999999999999999556, 15.75000000000000000 ) ) ;
#8354 = ORIENTED_EDGE ( 'NONE', *, *, #13241, .F. ) ;
#8355 = MANIFOLD_SOLID_BREP ( 'NONE', #11096 ) ;
#8356 = ORIENTED_EDGE ( 'NONE', *, *, #1772, .T. ) ;
#8357 = VECTOR ( 'NONE', #3646, 1000.000000000000000 ) ;
#8358 = CARTESIAN_POINT ( 'NONE',  ( -0.9000476708424469674, 10.66194478217150099, 8.550000000000000711 ) ) ;
#8359 = VECTOR ( 'NONE', #10657, 1000.000000000000114 ) ;
#8360 = ORIENTED_EDGE ( 'NONE', *, *, #11300, .T. ) ;
#8361 = EDGE_CURVE ( 'NONE', #2379, #8041, #7673, .T. ) ;
#8362 = LINE ( 'NONE', #920, #8655 ) ;
#8363 = CARTESIAN_POINT ( 'NONE',  ( 2.149999999999999911, -4.000000000000000000, 13.15000000000000036 ) ) ;
#8364 = AXIS2_PLACEMENT_3D ( 'NONE', #3814, #1830, #2864 ) ;
#8365 = CARTESIAN_POINT ( 'NONE',  ( 4.921642002481450007, -1.318750000000000089, -15.15000000000000036 ) ) ;
#8366 = CARTESIAN_POINT ( 'NONE',  ( -5.316253523062870023, 17.49725182388110056, 5.899999999999999467 ) ) ;
#8367 = CARTESIAN_POINT ( 'NONE',  ( -3.919104336280229806, 16.00810641548579838, -6.450000000000000178 ) ) ;
#8368 = VECTOR ( 'NONE', #7585, 999.9999999999998863 ) ;
#8369 = EDGE_LOOP ( 'NONE', ( #11132, #3154, #6301, #3489, #10818, #7944, #7168, #5565, #7453, #2981, #2807, #9232 ) ) ;
#8370 = ORIENTED_EDGE ( 'NONE', *, *, #12457, .T. ) ;
#8371 = ORIENTED_EDGE ( 'NONE', *, *, #159, .F. ) ;
#8372 = EDGE_LOOP ( 'NONE', ( #4593, #3287, #3465, #6474 ) ) ;
#8373 = VERTEX_POINT ( 'NONE', #3362 ) ;
#8374 = PLANE ( 'NONE',  #787 ) ;
#8375 = ORIENTED_EDGE ( 'NONE', *, *, #1032, .T. ) ;
#8376 = ADVANCED_FACE ( 'NONE', ( #7322 ), #7361, .T. ) ;
#8377 = MECHANICAL_DESIGN_GEOMETRIC_PRESENTATION_REPRESENTATION (  '', ( #4958 ), #177 ) ;
#8378 = VERTEX_POINT ( 'NONE', #7485 ) ;
#8379 = LINE ( 'NONE', #13341, #3580 ) ;
#8380 = CARTESIAN_POINT ( 'NONE',  ( 2.850000000000000089, -4.000000000000000000, 7.625000000000000000 ) ) ;
#8381 = CARTESIAN_POINT ( 'NONE',  ( -6.077610530143179979, 9.327446567904038588, 16.44999999999999929 ) ) ;
#8382 = ADVANCED_FACE ( 'NONE', ( #11894 ), #12904, .F. ) ;
#8383 = CARTESIAN_POINT ( 'NONE',  ( -2.047200543544549944, 12.30024887074950080, -6.450000000000000178 ) ) ;
#8384 = VECTOR ( 'NONE', #6330, 999.9999999999998863 ) ;
#8385 = DIRECTION ( 'NONE',  ( 0.000000000000000000, 0.000000000000000000, 1.000000000000000000 ) ) ;
#8386 = ORIENTED_EDGE ( 'NONE', *, *, #2034, .T. ) ;
#8387 = CARTESIAN_POINT ( 'NONE',  ( 1.926942286883454925, 7.972552649728219976, -1.375113123340059973 ) ) ;
#8388 = CARTESIAN_POINT ( 'NONE',  ( -3.984748662560944954, 15.89430833868740045, -11.44999999999999929 ) ) ;
#8389 = APPLICATION_PROTOCOL_DEFINITION ( 'draft international standard', 'automotive_design', 1998, #5350 ) ;
#8390 = VECTOR ( 'NONE', #12621, 999.9999999999998863 ) ;
#8391 = B_SPLINE_CURVE_WITH_KNOTS ( 'NONE', 3,
 ( #7048, #11261, #7137, #12250, #13295, #779, #8138, #11351 ),
 .UNSPECIFIED., .F., .F.,
 ( 4, 2, 2, 4 ),
 ( 0.000000000000000000, 0.2499999999999997780, 0.4999999999999995559, 1.000000000000000000 ),
 .UNSPECIFIED. ) ;
#8392 = EDGE_CURVE ( 'NONE', #10332, #8604, #3224, .T. ) ;
#8393 = LINE ( 'NONE', #5360, #12901 ) ;
#8394 = CARTESIAN_POINT ( 'NONE',  ( -5.001253558300190249, 7.790249504023520011, -5.150000000000000355 ) ) ;
#8395 = CARTESIAN_POINT ( 'NONE',  ( 2.534775145998704904, 7.516464310934400039, 11.57528310212780021 ) ) ;
#8396 = CARTESIAN_POINT ( 'NONE',  ( -3.984748662560944954, 15.89430833868740045, 9.599999999999999645 ) ) ;
#8397 = EDGE_CURVE ( 'NONE', #1390, #4142, #12638, .T. ) ;
#8398 = ORIENTED_EDGE ( 'NONE', *, *, #10046, .T. ) ;
#8399 = ORIENTED_EDGE ( 'NONE', *, *, #8896, .F. ) ;
#8400 = ORIENTED_EDGE ( 'NONE', *, *, #8939, .T. ) ;
#8401 = CARTESIAN_POINT ( 'NONE',  ( -7.080000000000000071, 16.69999999999999929, 8.550000000000000711 ) ) ;
#8402 = ORIENTED_EDGE ( 'NONE', *, *, #10215, .F. ) ;
#8403 = CIRCLE ( 'NONE', #12491, 1.500000000000000000 ) ;
#8404 = ORIENTED_EDGE ( 'NONE', *, *, #5313, .F. ) ;
#8405 = DIRECTION ( 'NONE',  ( 1.000000000000000000, 0.000000000000000000, 0.000000000000000000 ) ) ;
#8406 = ORIENTED_EDGE ( 'NONE', *, *, #6133, .T. ) ;
#8407 = LINE ( 'NONE', #12069, #3972 ) ;
#8408 = LINE ( 'NONE', #7284, #12966 ) ;
#8409 = AXIS2_PLACEMENT_3D ( 'NONE', #2861, #6666, #7653 ) ;
#8410 = ORIENTED_EDGE ( 'NONE', *, *, #8085, .T. ) ;
#8411 = EDGE_CURVE ( 'NONE', #8265, #5205, #3634, .T. ) ;
#8412 = LINE ( 'NONE', #9336, #8436 ) ;
#8413 = DIRECTION ( 'NONE',  ( 0.000000000000000000, 1.000000000000000000, 0.000000000000000000 ) ) ;
#8414 = VECTOR ( 'NONE', #1547, 1000.000000000000114 ) ;
#8415 = DIRECTION ( 'NONE',  ( 0.000000000000000000, -0.9438583563660177811, 0.3303504247281049411 ) ) ;
#8416 = DIRECTION ( 'NONE',  ( 0.000000000000000000, 0.000000000000000000, -1.000000000000000000 ) ) ;
#8417 = EDGE_CURVE ( 'NONE', #7717, #10572, #7877, .T. ) ;
#8418 = PLANE ( 'NONE',  #7508 ) ;
#8419 = ORIENTED_EDGE ( 'NONE', *, *, #10503, .F. ) ;
#8420 = CARTESIAN_POINT ( 'NONE',  ( -5.575000000000000178, 9.830057098047229047, -11.44999999999999929 ) ) ;
#8421 = VERTEX_POINT ( 'NONE', #12714 ) ;
#8422 = VERTEX_POINT ( 'NONE', #12529 ) ;
#8423 = ORIENTED_EDGE ( 'NONE', *, *, #2461, .F. ) ;
#8424 = AXIS2_PLACEMENT_3D ( 'NONE', #12687, #2577, #4686 ) ;
#8425 = CYLINDRICAL_SURFACE ( 'NONE', #5676, 1.500000000000000444 ) ;
#8426 = ORIENTED_EDGE ( 'NONE', *, *, #11808, .T. ) ;
#8427 = DIRECTION ( 'NONE',  ( 0.000000000000000000, 0.000000000000000000, -1.000000000000000000 ) ) ;
#8428 = ORIENTED_EDGE ( 'NONE', *, *, #5961, .T. ) ;
#8429 = PLANE ( 'NONE',  #11311 ) ;
#8430 = VECTOR ( 'NONE', #10574, 1000.000000000000114 ) ;
#8431 = FILL_AREA_STYLE ('',( #5302 ) ) ;
#8432 = LINE ( 'NONE', #3567, #4150 ) ;
#8433 = DIRECTION ( 'NONE',  ( 0.000000000000000000, 0.000000000000000000, 1.000000000000000000 ) ) ;
#8434 = CLOSED_SHELL ( 'NONE', ( #2760, #5202, #11847, #1433, #13026, #2736, #2838, #5505 ) ) ;
#8435 = CARTESIAN_POINT ( 'NONE',  ( -5.250000000000000000, 16.69999999999999929, 14.59999999999999964 ) ) ;
#8436 = VECTOR ( 'NONE', #13514, 1000.000000000000000 ) ;
#8437 = DIRECTION ( 'NONE',  ( 0.000000000000000000, 0.000000000000000000, 1.000000000000000000 ) ) ;
#8438 = CARTESIAN_POINT ( 'NONE',  ( 2.475030032583884765, 7.424464904027790801, 1.650415076419424976 ) ) ;
#8439 = LINE ( 'NONE', #515, #13145 ) ;
#8440 = ADVANCED_FACE ( 'NONE', ( #7826 ), #11323, .F. ) ;
#8441 = CARTESIAN_POINT ( 'NONE',  ( 2.475030032583884765, 7.424464904027790801, -12.25000000000000000 ) ) ;
#8442 = EDGE_CURVE ( 'NONE', #9915, #5465, #8077, .T. ) ;
#8443 = ORIENTED_EDGE ( 'NONE', *, *, #12994, .F. ) ;
#8444 = CARTESIAN_POINT ( 'NONE',  ( -1.638719566157164964, 11.71687757710162003, 16.44999999999999929 ) ) ;
#8445 = ORIENTED_EDGE ( 'NONE', *, *, #5358, .F. ) ;
#8446 = VERTEX_POINT ( 'NONE', #9871 ) ;
#8447 = ORIENTED_EDGE ( 'NONE', *, *, #5980, .T. ) ;
#8448 = CARTESIAN_POINT ( 'NONE',  ( 6.735268398951980373, 5.992653662405889037, 10.25000000000000000 ) ) ;
#8449 = CARTESIAN_POINT ( 'NONE',  ( 4.330811839566820254, 5.568683097044850427, 10.25000000000000000 ) ) ;
#8450 = VECTOR ( 'NONE', #5210, 1000.000000000000000 ) ;
#8451 = CARTESIAN_POINT ( 'NONE',  ( -6.750000000000000000, 16.69999999999999929, -4.799999999999999822 ) ) ;
#8452 = VERTEX_POINT ( 'NONE', #3534 ) ;
#8453 = ORIENTED_EDGE ( 'NONE', *, *, #3149, .F. ) ;
#8454 = AXIS2_PLACEMENT_3D ( 'NONE', #7696, #4655, #8576 ) ;
#8455 = LINE ( 'NONE', #9710, #3853 ) ;
#8456 = CARTESIAN_POINT ( 'NONE',  ( -5.250000000000000000, 16.69999999999999929, 0.2999999999999999889 ) ) ;
#8457 = LINE ( 'NONE', #3835, #8384 ) ;
#8458 = CARTESIAN_POINT ( 'NONE',  ( 0.000000000000000000, 0.000000000000000000, 0.000000000000000000 ) ) ;
#8459 = VERTEX_POINT ( 'NONE', #6769 ) ;
#8460 = CIRCLE ( 'NONE', #8025, 1.300000000000000044 ) ;
#8461 = DIRECTION ( 'NONE',  ( 0.7071067811865474617, -0.7071067811865474617, 0.000000000000000000 ) ) ;
#8462 = CARTESIAN_POINT ( 'NONE',  ( -5.809933491950640239, 18.09157266594019831, -5.400000000000000355 ) ) ;
#8463 = CARTESIAN_POINT ( 'NONE',  ( 2.559164477407499749, 7.554020587861660196, -5.892995457226000156 ) ) ;
#8464 = VECTOR ( 'NONE', #9270, 1000.000000000000000 ) ;
#8465 = ADVANCED_FACE ( 'NONE', ( #3726 ), #7106, .F. ) ;
#8466 = EDGE_CURVE ( 'NONE', #551, #8524, #12706, .T. ) ;
#8467 = PLANE ( 'NONE',  #8199 ) ;
#8468 = CARTESIAN_POINT ( 'NONE',  ( -0.9718728952031370216, 13.13773506781796030, 3.550000000000000266 ) ) ;
#8469 = ORIENTED_EDGE ( 'NONE', *, *, #9941, .F. ) ;
#8470 = ORIENTED_EDGE ( 'NONE', *, *, #11721, .F. ) ;
#8471 = ORIENTED_EDGE ( 'NONE', *, *, #11840, .T. ) ;
#8472 = LINE ( 'NONE', #11007, #12889 ) ;
#8473 = EDGE_LOOP ( 'NONE', ( #4016, #10963, #11439, #13139 ) ) ;
#8474 = ORIENTED_EDGE ( 'NONE', *, *, #10045, .F. ) ;
#8475 = CIRCLE ( 'NONE', #7530, 1.300000000000000044 ) ;
#8476 = CARTESIAN_POINT ( 'NONE',  ( 3.588643222671839883, 9.139278838686021089, -10.50000000000000000 ) ) ;
#8477 = VECTOR ( 'NONE', #9447, 1000.000000000000000 ) ;
#8478 = CARTESIAN_POINT ( 'NONE',  ( -2.399604646138564945, 13.25676273017529994, 3.550000000000000266 ) ) ;
#8479 = AXIS2_PLACEMENT_3D ( 'NONE', #11896, #5857, #12913 ) ;
#8480 = ORIENTED_EDGE ( 'NONE', *, *, #963, .T. ) ;
#8481 = CARTESIAN_POINT ( 'NONE',  ( -7.014921993108779397, 16.26222191265249961, 8.550000000000000711 ) ) ;
#8482 = CARTESIAN_POINT ( 'NONE',  ( 2.475030032583884765, 7.424464904027790801, -2.250000000000000000 ) ) ;
#8483 = LINE ( 'NONE', #7022, #8617 ) ;
#8484 = EDGE_CURVE ( 'NONE', #4188, #7492, #8103, .T. ) ;
#8485 = CARTESIAN_POINT ( 'NONE',  ( -1.500787922441104927, 11.75383624964603868, -13.05000000000000071 ) ) ;
#8486 = DIRECTION ( 'NONE',  ( 0.000000000000000000, 0.000000000000000000, -1.000000000000000000 ) ) ;
#8487 = EDGE_CURVE ( 'NONE', #2941, #12283, #8335, .T. ) ;
#8488 = CARTESIAN_POINT ( 'NONE',  ( 4.110316879431045400, 5.529803886462669738, 4.035902890520464581 ) ) ;
#8489 = CARTESIAN_POINT ( 'NONE',  ( -3.984748662560944954, 15.89430833868740045, 11.95000000000000107 ) ) ;
#8490 = ORIENTED_EDGE ( 'NONE', *, *, #1750, .F. ) ;
#8491 = ORIENTED_EDGE ( 'NONE', *, *, #10009, .T. ) ;
#8492 = DIRECTION ( 'NONE',  ( -1.000000000000000000, 0.000000000000000000, 0.000000000000000000 ) ) ;
#8493 = DIRECTION ( 'NONE',  ( 0.7071067811865470176, 0.7071067811865480168, 0.000000000000000000 ) ) ;
#8494 = ORIENTED_EDGE ( 'NONE', *, *, #2516, .T. ) ;
#8495 = FACE_OUTER_BOUND ( 'NONE', #3377, .T. ) ;
#8496 = VERTEX_POINT ( 'NONE', #3630 ) ;
#8497 = ADVANCED_FACE ( 'NONE', ( #12353 ), #6859, .F. ) ;
#8498 = ORIENTED_EDGE ( 'NONE', *, *, #10239, .F. ) ;
#8499 = ADVANCED_FACE ( 'NONE', ( #7738 ), #5055, .F. ) ;
#8500 = EDGE_CURVE ( 'NONE', #10534, #9506, #12614, .T. ) ;
#8501 = VERTEX_POINT ( 'NONE', #632 ) ;
#8502 = LINE ( 'NONE', #5412, #3955 ) ;
#8503 = AXIS2_PLACEMENT_3D ( 'NONE', #4513, #191, #7243 ) ;
#8504 = AXIS2_PLACEMENT_3D ( 'NONE', #8558, #11728, #12735 ) ;
#8505 = DIRECTION ( 'NONE',  ( -1.000000000000000000, 0.000000000000000000, 0.000000000000000000 ) ) ;
#8506 = FACE_OUTER_BOUND ( 'NONE', #3789, .T. ) ;
#8507 = CARTESIAN_POINT ( 'NONE',  ( -6.208456599567469425, 17.85384615384614904, 3.550000000000000266 ) ) ;
#8508 = DIRECTION ( 'NONE',  ( 0.000000000000000000, 0.000000000000000000, -1.000000000000000000 ) ) ;
#8509 = DIRECTION ( 'NONE',  ( 0.000000000000000000, 0.000000000000000000, -1.000000000000000000 ) ) ;
#8510 = EDGE_CURVE ( 'NONE', #12207, #7391, #12335, .T. ) ;
#8511 = AXIS2_PLACEMENT_3D ( 'NONE', #5751, #3813, #4889 ) ;
#8512 = ORIENTED_EDGE ( 'NONE', *, *, #1494, .F. ) ;
#8513 = CARTESIAN_POINT ( 'NONE',  ( -5.246999171586890220, 7.618176573118209838, 11.95000000000000107 ) ) ;
#8514 = ORIENTED_EDGE ( 'NONE', *, *, #12460, .F. ) ;
#8515 = EDGE_CURVE ( 'NONE', #9000, #4784, #3678, .T. ) ;
#8516 = ORIENTED_EDGE ( 'NONE', *, *, #8179, .F. ) ;
#8517 = VERTEX_POINT ( 'NONE', #9409 ) ;
#8518 = ORIENTED_EDGE ( 'NONE', *, *, #1876, .F. ) ;
#8519 = DIRECTION ( 'NONE',  ( 0.000000000000000000, 0.000000000000000000, 1.000000000000000000 ) ) ;
#8520 = LINE ( 'NONE', #5142, #8541 ) ;
#8521 = CARTESIAN_POINT ( 'NONE',  ( -3.984748662560944954, 15.89430833868740045, -9.099999999999999645 ) ) ;
#8522 = CARTESIAN_POINT ( 'NONE',  ( -5.250000000000000000, 16.69999999999999929, 9.599999999999999645 ) ) ;
#8523 = DIRECTION ( 'NONE',  ( 1.000000000000000000, 0.000000000000000000, 0.000000000000000000 ) ) ;
#8524 = VERTEX_POINT ( 'NONE', #8542 ) ;
#8525 = CARTESIAN_POINT ( 'NONE',  ( -3.649999999999999911, 11.17795660910094036, 16.44999999999999929 ) ) ;
#8526 = ADVANCED_FACE ( 'NONE', ( #8215 ), #12712, .F. ) ;
#8527 = EDGE_CURVE ( 'NONE', #1991, #4060, #12569, .T. ) ;
#8528 = AXIS2_PLACEMENT_3D ( 'NONE', #729, #10200, #909 ) ;
#8529 = DIRECTION ( 'NONE',  ( 1.000000000000000000, 0.000000000000000000, 0.000000000000000000 ) ) ;
#8530 = VECTOR ( 'NONE', #13450, 1000.000000000000000 ) ;
#8531 = CARTESIAN_POINT ( 'NONE',  ( 1.856231608764794982, 9.811030280813241689, 15.84999999999999964 ) ) ;
#8532 = VERTEX_POINT ( 'NONE', #2081 ) ;
#8533 = DIRECTION ( 'NONE',  ( -0.7071067811865410224, -0.7071067811865540120, 0.000000000000000000 ) ) ;
#8534 = ORIENTED_EDGE ( 'NONE', *, *, #5652, .F. ) ;
#8535 = VERTEX_POINT ( 'NONE', #28 ) ;
#8536 = CARTESIAN_POINT ( 'NONE',  ( -5.250000000000000000, 16.69999999999999929, -8.050000000000000711 ) ) ;
#8537 = CIRCLE ( 'NONE', #1388, 0.5999999999999998668 ) ;
#8538 = CARTESIAN_POINT ( 'NONE',  ( -0.9000476708424469674, 10.66194478217150099, -13.05000000000000071 ) ) ;
#8539 = ORIENTED_EDGE ( 'NONE', *, *, #7728, .F. ) ;
#8540 = ORIENTED_EDGE ( 'NONE', *, *, #8327, .F. ) ;
#8541 = VECTOR ( 'NONE', #2826, 1000.000000000000000 ) ;
#8542 = CARTESIAN_POINT ( 'NONE',  ( 1.926942286883454925, 7.972552649728219976, 11.87511312334006064 ) ) ;
#8543 = ORIENTED_EDGE ( 'NONE', *, *, #685, .F. ) ;
#8544 = CARTESIAN_POINT ( 'NONE',  ( -5.575000000000000178, 16.69999999999999929, -13.05000000000000071 ) ) ;
#8545 = CARTESIAN_POINT ( 'NONE',  ( 3.341155849256549626, 9.386766212101310458, -0.9499999999999999556 ) ) ;
#8546 = DIRECTION ( 'NONE',  ( 0.000000000000000000, 1.000000000000000000, 0.000000000000000000 ) ) ;
#8547 = CARTESIAN_POINT ( 'NONE',  ( -0.9000476708424469674, 10.66194478217150099, 3.550000000000000266 ) ) ;
#8548 = FACE_OUTER_BOUND ( 'NONE', #1898, .T. ) ;
#8549 = DIRECTION ( 'NONE',  ( -0.7692307692307693845, -0.6389710663783134681, 0.000000000000000000 ) ) ;
#8550 = CARTESIAN_POINT ( 'NONE',  ( 5.321054836578879232, 4.578440100032789672, -5.925113123340048915 ) ) ;
#8551 = AXIS2_PLACEMENT_3D ( 'NONE', #8575, #12478, #7358 ) ;
#8552 = DIRECTION ( 'NONE',  ( 0.000000000000000000, -1.000000000000000000, 0.000000000000000000 ) ) ;
#8553 = EDGE_CURVE ( 'NONE', #4833, #2404, #7785, .T. ) ;
#8554 = ORIENTED_EDGE ( 'NONE', *, *, #6295, .T. ) ;
#8555 = EDGE_LOOP ( 'NONE', ( #630, #12143, #6309, #13354 ) ) ;
#8556 = VERTEX_POINT ( 'NONE', #5240 ) ;
#8557 = LINE ( 'NONE', #12024, #3823 ) ;
#8558 = CARTESIAN_POINT ( 'NONE',  ( -5.001253558300190249, 7.790249504023520011, -5.150000000000000355 ) ) ;
#8559 = ORIENTED_EDGE ( 'NONE', *, *, #707, .T. ) ;
#8560 = ORIENTED_EDGE ( 'NONE', *, *, #11504, .F. ) ;
#8561 = LINE ( 'NONE', #13051, #4233 ) ;
#8562 = ADVANCED_FACE ( 'NONE', ( #12853 ), #6383, .F. ) ;
#8563 = DIRECTION ( 'NONE',  ( 1.000000000000000000, 0.000000000000000000, 0.000000000000000000 ) ) ;
#8564 = DIRECTION ( 'NONE',  ( 0.000000000000000000, 0.000000000000000000, 1.000000000000000000 ) ) ;
#8565 = PLANE ( 'NONE',  #6613 ) ;
#8566 = DIRECTION ( 'NONE',  ( 0.000000000000000000, 0.000000000000000000, -1.000000000000000000 ) ) ;
#8567 = VERTEX_POINT ( 'NONE', #3682 ) ;
#8568 = CARTESIAN_POINT ( 'NONE',  ( 3.341155849256549626, 9.386766212101310458, -12.25000000000000000 ) ) ;
#8569 = CARTESIAN_POINT ( 'NONE',  ( 2.850000000000000089, -3.500000000000000000, 7.450000000000000178 ) ) ;
#8570 = DIRECTION ( 'NONE',  ( 1.000000000000000000, 0.000000000000000000, 0.000000000000000000 ) ) ;
#8571 = LINE ( 'NONE', #6972, #13080 ) ;
#8572 = EDGE_CURVE ( 'NONE', #216, #1346, #3311, .T. ) ;
#8573 = DIRECTION ( 'NONE',  ( 1.000000000000000000, 0.000000000000000000, 0.000000000000000000 ) ) ;
#8574 = DIRECTION ( 'NONE',  ( 0.000000000000000000, 0.000000000000000000, -1.000000000000000000 ) ) ;
#8575 = CARTESIAN_POINT ( 'NONE',  ( -5.250000000000000000, 16.69999999999999929, -9.799999999999998934 ) ) ;
#8576 = DIRECTION ( 'NONE',  ( 0.000000000000000000, 0.000000000000000000, -1.000000000000000000 ) ) ;
#8577 = AXIS2_PLACEMENT_3D ( 'NONE', #1658, #8566, #7681 ) ;
#8578 = ORIENTED_EDGE ( 'NONE', *, *, #244, .F. ) ;
#8579 = ORIENTED_EDGE ( 'NONE', *, *, #10960, .F. ) ;
#8580 = EDGE_CURVE ( 'NONE', #9783, #2155, #7853, .T. ) ;
#8581 = DIRECTION ( 'NONE',  ( -0.7071067811865470176, 0.7071067811865481278, 0.000000000000000000 ) ) ;
#8582 = VERTEX_POINT ( 'NONE', #11380 ) ;
#8583 = ORIENTED_EDGE ( 'NONE', *, *, #12698, .F. ) ;
#8584 = EDGE_CURVE ( 'NONE', #11188, #10047, #3701, .T. ) ;
#8585 = ORIENTED_EDGE ( 'NONE', *, *, #1674, .T. ) ;
#8586 = LINE ( 'NONE', #12440, #4438 ) ;
#8587 = EDGE_CURVE ( 'NONE', #9783, #9453, #3587, .T. ) ;
#8588 = ORIENTED_EDGE ( 'NONE', *, *, #9054, .T. ) ;
#8589 = VECTOR ( 'NONE', #2009, 1000.000000000000000 ) ;
#8590 = EDGE_CURVE ( 'NONE', #5354, #7934, #3834, .T. ) ;
#8591 = DIRECTION ( 'NONE',  ( -0.7071067811865474617, 0.7071067811865474617, 0.000000000000000000 ) ) ;
#8592 = AXIS2_PLACEMENT_3D ( 'NONE', #8358, #8261, #3091 ) ;
#8593 = VECTOR ( 'NONE', #670, 1000.000000000000000 ) ;
#8594 = CARTESIAN_POINT ( 'NONE',  ( -1.250000000000000000, 0.4000000000000000222, 15.84999999999999964 ) ) ;
#8595 = DIRECTION ( 'NONE',  ( 0.000000000000000000, 0.000000000000000000, -1.000000000000000000 ) ) ;
#8596 = DIRECTION ( 'NONE',  ( -0.5030199466302391897, 0.8642748019537023207, 0.000000000000000000 ) ) ;
#8597 = DIRECTION ( 'NONE',  ( 0.000000000000000000, 0.000000000000000000, -1.000000000000000000 ) ) ;
#8598 = DIRECTION ( 'NONE',  ( 2.478176394252580155E-15, 0.000000000000000000, -1.000000000000000000 ) ) ;
#8599 = ORIENTED_EDGE ( 'NONE', *, *, #4312, .F. ) ;
#8600 = CARTESIAN_POINT ( 'NONE',  ( 1.926942286883454925, 7.972552649728219976, -13.34958492358055793 ) ) ;
#8601 = EDGE_LOOP ( 'NONE', ( #313, #11757, #11239, #7085, #9080, #6836 ) ) ;
#8602 = ORIENTED_EDGE ( 'NONE', *, *, #6448, .T. ) ;
#8603 = CIRCLE ( 'NONE', #3865, 0.5999999999999998668 ) ;
#8604 = VERTEX_POINT ( 'NONE', #2778 ) ;
#8605 = CARTESIAN_POINT ( 'NONE',  ( 2.559164477407499749, 7.554020587861660196, 8.657004542773989897 ) ) ;
#8606 = ADVANCED_FACE ( 'NONE', ( #3161 ), #3562, .F. ) ;
#8607 = ORIENTED_EDGE ( 'NONE', *, *, #5567, .F. ) ;
#8608 = CARTESIAN_POINT ( 'NONE',  ( 3.588643222671839883, 9.139278838686021089, -5.950000000000000178 ) ) ;
#8609 = FACE_OUTER_BOUND ( 'NONE', #4460, .T. ) ;
#8610 = CARTESIAN_POINT ( 'NONE',  ( 1.926942286883454925, 7.972552649728219976, -7.250000000000000000 ) ) ;
#8611 = CARTESIAN_POINT ( 'NONE',  ( -2.850000000000000089, 0.6999999999999999556, 15.84999999999999964 ) ) ;
#8612 = DIRECTION ( 'NONE',  ( 0.5735764363510499342, -0.8191520442889891340, 0.000000000000000000 ) ) ;
#8613 = ORIENTED_EDGE ( 'NONE', *, *, #11875, .F. ) ;
#8614 = LINE ( 'NONE', #7268, #4214 ) ;
#8615 = B_SPLINE_CURVE_WITH_KNOTS ( 'NONE', 3,
 ( #11629, #12363, #3006, #6489, #12715, #8071, #11287, #7250 ),
 .UNSPECIFIED., .F., .F.,
 ( 4, 2, 2, 4 ),
 ( 0.000000000000000000, 0.2499999999999996669, 0.4999999999999993339, 1.000000000000000000 ),
 .UNSPECIFIED. ) ;
#8616 = CARTESIAN_POINT ( 'NONE',  ( 2.740115085247985416, 9.987806976109879997, 11.76638422135470030 ) ) ;
#8617 = VECTOR ( 'NONE', #13176, 1000.000000000000000 ) ;
#8618 = AXIS2_PLACEMENT_3D ( 'NONE', #2711, #7599, #8652 ) ;
#8619 = CARTESIAN_POINT ( 'NONE',  ( -6.293015043061680025, 9.112042054985540318, 1.949999999999999956 ) ) ;
#8620 = ORIENTED_EDGE ( 'NONE', *, *, #6831, .T. ) ;
#8621 = CARTESIAN_POINT ( 'NONE',  ( 2.850000000000000089, -4.000000000000000000, -12.37500000000000000 ) ) ;
#8622 = ORIENTED_EDGE ( 'NONE', *, *, #1188, .T. ) ;
#8623 = VERTEX_POINT ( 'NONE', #9089 ) ;
#8624 = CARTESIAN_POINT ( 'NONE',  ( -3.649999999999999911, 11.17795660910094036, -13.05000000000000071 ) ) ;
#8625 = CARTESIAN_POINT ( 'NONE',  ( -6.424999999999999822, 7.185000000000000497, 16.44999999999999929 ) ) ;
#8626 = CARTESIAN_POINT ( 'NONE',  ( -0.3886855360333775211, 1.067904733520320004, -15.15000000000000036 ) ) ;
#8627 = CIRCLE ( 'NONE', #11886, 0.5999999999999998668 ) ;
#8628 = CARTESIAN_POINT ( 'NONE',  ( -2.850000000000000089, -3.945434298440979592, -2.005902004454344745 ) ) ;
#8629 = ORIENTED_EDGE ( 'NONE', *, *, #4707, .T. ) ;
#8630 = EDGE_LOOP ( 'NONE', ( #6218, #4138, #4184, #11604 ) ) ;
#8631 = VECTOR ( 'NONE', #13137, 1000.000000000000000 ) ;
#8632 = EDGE_CURVE ( 'NONE', #6536, #12628, #3609, .T. ) ;
#8633 = ORIENTED_EDGE ( 'NONE', *, *, #5831, .T. ) ;
#8634 = ADVANCED_FACE ( 'NONE', ( #8147 ), #4898, .F. ) ;
#8635 = CARTESIAN_POINT ( 'NONE',  ( 3.588643222671839883, 9.139278838686021089, -5.500000000000000000 ) ) ;
#8636 = CARTESIAN_POINT ( 'NONE',  ( -5.246999171586890220, 7.618176573118209838, -0.1499999999999999944 ) ) ;
#8637 = FACE_OUTER_BOUND ( 'NONE', #6864, .T. ) ;
#8638 = CARTESIAN_POINT ( 'NONE',  ( -2.149999999999999911, -4.000000000000000000, -11.84999999999999964 ) ) ;
#8639 = DIRECTION ( 'NONE',  ( -0.8191520442889891340, -0.5735764363510499342, 0.000000000000000000 ) ) ;
#8640 = PRESENTATION_LAYER_ASSIGNMENT (  '', '', ( #13039 ) ) ;
#8641 = ORIENTED_EDGE ( 'NONE', *, *, #10925, .F. ) ;
#8642 = ORIENTED_EDGE ( 'NONE', *, *, #3907, .F. ) ;
#8643 = ORIENTED_EDGE ( 'NONE', *, *, #11794, .F. ) ;
#8644 = LINE ( 'NONE', #4710, #13151 ) ;
#8645 = EDGE_LOOP ( 'NONE', ( #12814, #8578, #5928, #2678 ) ) ;
#8646 = ORIENTED_EDGE ( 'NONE', *, *, #7611, .F. ) ;
#8647 = CIRCLE ( 'NONE', #2002, 1.500000000000000000 ) ;
#8648 = DIRECTION ( 'NONE',  ( 0.4493487905883666311, 0.6919364591594880931, -0.5650748630779840465 ) ) ;
#8649 = CARTESIAN_POINT ( 'NONE',  ( 2.850000000000000089, -4.000000000000000000, 7.450000000000000178 ) ) ;
#8650 = AXIS2_PLACEMENT_3D ( 'NONE', #4703, #11966, #7007 ) ;
#8651 = ORIENTED_EDGE ( 'NONE', *, *, #7427, .F. ) ;
#8652 = DIRECTION ( 'NONE',  ( 1.000000000000000000, 0.000000000000000000, 0.000000000000000000 ) ) ;
#8653 = DIRECTION ( 'NONE',  ( 0.000000000000000000, -0.9438583563660177811, 0.3303504247281049411 ) ) ;
#8654 = EDGE_CURVE ( 'NONE', #3173, #9263, #3244, .T. ) ;
#8655 = VECTOR ( 'NONE', #10302, 1000.000000000000000 ) ;
#8656 = DIRECTION ( 'NONE',  ( 1.000000000000000000, 0.000000000000000000, 0.000000000000000000 ) ) ;
#8657 = FACE_OUTER_BOUND ( 'NONE', #13245, .T. ) ;
#8658 = ADVANCED_FACE ( 'NONE', ( #12661 ), #6733, .F. ) ;
#8659 = DIRECTION ( 'NONE',  ( 0.000000000000000000, 0.000000000000000000, 1.000000000000000000 ) ) ;
#8660 = DIRECTION ( 'NONE',  ( 0.000000000000000000, 0.000000000000000000, -1.000000000000000000 ) ) ;
#8661 = DIRECTION ( 'NONE',  ( 1.000000000000000000, 0.000000000000000000, 0.000000000000000000 ) ) ;
#8662 = VECTOR ( 'NONE', #12801, 1000.000000000000000 ) ;
#8663 = EDGE_CURVE ( 'NONE', #2305, #5354, #12760, .T. ) ;
#8664 = EDGE_LOOP ( 'NONE', ( #3060, #11014, #1957, #8087 ) ) ;
#8665 = ORIENTED_EDGE ( 'NONE', *, *, #7916, .T. ) ;
#8666 = DIRECTION ( 'NONE',  ( 1.000000000000000000, 0.000000000000000000, 0.000000000000000000 ) ) ;
#8667 = DIRECTION ( 'NONE',  ( 0.000000000000000000, 0.000000000000000000, -1.000000000000000000 ) ) ;
#8668 = ORIENTED_EDGE ( 'NONE', *, *, #4338, .F. ) ;
#8669 = AXIS2_PLACEMENT_3D ( 'NONE', #11763, #1303, #11585 ) ;
#8670 = CIRCLE ( 'NONE', #9911, 1.300000000000000044 ) ;
#8671 = ORIENTED_EDGE ( 'NONE', *, *, #12444, .T. ) ;
#8672 = ORIENTED_EDGE ( 'NONE', *, *, #10967, .F. ) ;
#8673 = LINE ( 'NONE', #4765, #4462 ) ;
#8674 = ADVANCED_FACE ( 'NONE', ( #12780 ), #6825, .T. ) ;
#8675 = CARTESIAN_POINT ( 'NONE',  ( 1.926942286883454925, 7.972552649728219976, 1.875113123340059973 ) ) ;
#8676 = ORIENTED_EDGE ( 'NONE', *, *, #12762, .F. ) ;
#8677 = EDGE_CURVE ( 'NONE', #4838, #6195, #12803, .T. ) ;
#8678 = CIRCLE ( 'NONE', #8860, 1.500000000000000000 ) ;
#8679 = AXIS2_PLACEMENT_3D ( 'NONE', #3376, #227, #10867 ) ;
#8680 = VECTOR ( 'NONE', #12943, 1000.000000000000000 ) ;
#8681 = DIRECTION ( 'NONE',  ( 0.000000000000000000, -1.000000000000000000, 0.000000000000000000 ) ) ;
#8682 = FACE_OUTER_BOUND ( 'NONE', #3573, .T. ) ;
#8683 = ADVANCED_FACE ( 'NONE', ( #8309 ), #3183, .T. ) ;
#8684 = DIRECTION ( 'NONE',  ( 0.000000000000000000, 0.000000000000000000, 1.000000000000000000 ) ) ;
#8685 = CARTESIAN_POINT ( 'NONE',  ( 2.364278014140926309, 10.13430373392472461, -7.601010427473705811 ) ) ;
#8686 =( NAMED_UNIT ( * ) PLANE_ANGLE_UNIT ( ) SI_UNIT ( $, .RADIAN. ) );
#8687 = VERTEX_POINT ( 'NONE', #8174 ) ;
#8688 = PLANE ( 'NONE',  #2555 ) ;
#8689 = VERTEX_POINT ( 'NONE', #9237 ) ;
#8690 = ORIENTED_EDGE ( 'NONE', *, *, #10438, .F. ) ;
#8691 = VECTOR ( 'NONE', #3722, 1000.000000000000114 ) ;
#8692 = EDGE_CURVE ( 'NONE', #11472, #8710, #7697, .T. ) ;
#8693 = ORIENTED_EDGE ( 'NONE', *, *, #9545, .T. ) ;
#8694 = DIRECTION ( 'NONE',  ( -0.6389710663783129130, 0.7692307692307698286, 0.000000000000000000 ) ) ;
#8695 = AXIS2_PLACEMENT_3D ( 'NONE', #7840, #9955, #12502 ) ;
#8696 = VERTEX_POINT ( 'NONE', #2654 ) ;
#8697 = DIRECTION ( 'NONE',  ( 0.7071067811865475727, -0.7071067811865475727, 0.000000000000000000 ) ) ;
#8698 = LINE ( 'NONE', #1310, #4325 ) ;
#8699 = DIRECTION ( 'NONE',  ( 1.000000000000000000, 0.000000000000000000, 0.000000000000000000 ) ) ;
#8700 = CARTESIAN_POINT ( 'NONE',  ( 0.000000000000000000, 0.000000000000000000, -15.15000000000000036 ) ) ;
#8701 = CARTESIAN_POINT ( 'NONE',  ( -3.649999999999999911, 11.17795660910094036, 16.44999999999999929 ) ) ;
#8702 = ORIENTED_EDGE ( 'NONE', *, *, #4659, .T. ) ;
#8703 = LINE ( 'NONE', #753, #4018 ) ;
#8704 = EDGE_CURVE ( 'NONE', #12459, #6807, #7718, .T. ) ;
#8705 = LINE ( 'NONE', #11383, #13277 ) ;
#8706 = DIRECTION ( 'NONE',  ( 0.000000000000000000, 0.000000000000000000, 1.000000000000000000 ) ) ;
#8707 = VECTOR ( 'NONE', #3395, 1000.000000000000000 ) ;
#8708 = ORIENTED_EDGE ( 'NONE', *, *, #11362, .F. ) ;
#8709 = CARTESIAN_POINT ( 'NONE',  ( -5.250000000000000000, 16.69999999999999929, -4.100000000000000533 ) ) ;
#8710 = VERTEX_POINT ( 'NONE', #12023 ) ;
#8711 = ORIENTED_EDGE ( 'NONE', *, *, #10175, .F. ) ;
#8712 = EDGE_CURVE ( 'NONE', #2550, #12694, #12313, .T. ) ;
#8713 = DIRECTION ( 'NONE',  ( 0.000000000000000000, 1.000000000000000000, 0.000000000000000000 ) ) ;
#8714 = CARTESIAN_POINT ( 'NONE',  ( -2.442193645700425186, 12.96803417904112088, 3.550000000000000266 ) ) ;
#8715 = PLANE ( 'NONE',  #6257 ) ;
#8716 = VECTOR ( 'NONE', #9693, 1000.000000000000000 ) ;
#8717 = DIRECTION ( 'NONE',  ( 0.5446390350150209780, 0.8386705679454279361, 0.000000000000000000 ) ) ;
#8718 = EDGE_LOOP ( 'NONE', ( #748, #428, #3924, #3460 ) ) ;
#8719 = ADVANCED_FACE ( 'NONE', ( #3202 ), #13325, .F. ) ;
#8720 = ORIENTED_EDGE ( 'NONE', *, *, #5263, .T. ) ;
#8721 = LINE ( 'NONE', #12583, #13381 ) ;
#8722 = AXIS2_PLACEMENT_3D ( 'NONE', #4499, #5563, #6649 ) ;
#8723 = ORIENTED_EDGE ( 'NONE', *, *, #6672, .F. ) ;
#8724 = EDGE_CURVE ( 'NONE', #7067, #6852, #7806, .T. ) ;
#8725 = LINE ( 'NONE', #11218, #12988 ) ;
#8726 = DIRECTION ( 'NONE',  ( -0.6389710663783129130, 0.7692307692307697176, 0.000000000000000000 ) ) ;
#8727 = DIRECTION ( 'NONE',  ( 0.000000000000000000, 0.000000000000000000, 1.000000000000000000 ) ) ;
#8728 = VECTOR ( 'NONE', #6804, 1000.000000000000114 ) ;
#8729 = DIRECTION ( 'NONE',  ( 1.000000000000000000, 0.000000000000000000, 0.000000000000000000 ) ) ;
#8730 = EDGE_CURVE ( 'NONE', #12286, #7834, #13011, .T. ) ;
#8731 = LINE ( 'NONE', #7363, #13122 ) ;
#8732 = EDGE_CURVE ( 'NONE', #1225, #12667, #13097, .T. ) ;
#8733 = DIRECTION ( 'NONE',  ( 0.000000000000000000, 0.000000000000000000, -1.000000000000000000 ) ) ;
#8734 = EDGE_CURVE ( 'NONE', #2404, #3206, #13073, .T. ) ;
#8735 = ORIENTED_EDGE ( 'NONE', *, *, #649, .F. ) ;
#8736 = ORIENTED_EDGE ( 'NONE', *, *, #8741, .T. ) ;
#8737 = ORIENTED_EDGE ( 'NONE', *, *, #12978, .F. ) ;
#8738 = FACE_OUTER_BOUND ( 'NONE', #7926, .T. ) ;
#8739 = CARTESIAN_POINT ( 'NONE',  ( -3.775451385280815142, 16.42485207100589761, -10.40000000000000036 ) ) ;
#8740 = ORIENTED_EDGE ( 'NONE', *, *, #495, .T. ) ;
#8741 = EDGE_CURVE ( 'NONE', #12628, #2901, #12950, .T. ) ;
#8742 = ORIENTED_EDGE ( 'NONE', *, *, #9327, .T. ) ;
#8743 = VECTOR ( 'NONE', #4578, 1000.000000000000000 ) ;
#8744 = CARTESIAN_POINT ( 'NONE',  ( -2.149999999999999911, -4.000000000000000000, 3.149999999999999911 ) ) ;
#8745 = CARTESIAN_POINT ( 'NONE',  ( -1.530854753362479892, 11.74577986658169948, -6.450000000000000178 ) ) ;
#8746 = CARTESIAN_POINT ( 'NONE',  ( 3.588643222671839883, 9.139278838686021089, 11.44999999999999929 ) ) ;
#8747 = ORIENTED_EDGE ( 'NONE', *, *, #12002, .T. ) ;
#8748 = DIRECTION ( 'NONE',  ( 1.000000000000000000, 0.000000000000000000, 0.000000000000000000 ) ) ;
#8749 = CARTESIAN_POINT ( 'NONE',  ( -0.9000476708424469674, 10.66194478217150099, 1.949999999999999956 ) ) ;
#8750 = LINE ( 'NONE', #6296, #4288 ) ;
#8751 = AXIS2_PLACEMENT_3D ( 'NONE', #1066, #7481, #4516 ) ;
#8752 = CIRCLE ( 'NONE', #6038, 1.300000000000000044 ) ;
#8753 = CARTESIAN_POINT ( 'NONE',  ( -6.208456599567469425, 17.85384615384614904, 1.949999999999999956 ) ) ;
#8754 = EDGE_CURVE ( 'NONE', #2901, #898, #8750, .T. ) ;
#8755 = LINE ( 'NONE', #4376, #13208 ) ;
#8756 = CARTESIAN_POINT ( 'NONE',  ( -5.575000000000000178, 16.69999999999999929, 8.550000000000000711 ) ) ;
#8757 = DIRECTION ( 'NONE',  ( -0.7071067811865474617, 0.7071067811865474617, 0.000000000000000000 ) ) ;
#8758 = DIRECTION ( 'NONE',  ( -1.000000000000000000, 0.000000000000000000, 0.000000000000000000 ) ) ;
#8759 = EDGE_CURVE ( 'NONE', #8421, #146, #13158, .T. ) ;
#8760 = EDGE_LOOP ( 'NONE', ( #12717, #11667, #1147, #6513 ) ) ;
#8761 = ORIENTED_EDGE ( 'NONE', *, *, #1634, .F. ) ;
#8762 = PLANE ( 'NONE',  #10380 ) ;
#8763 = DIRECTION ( 'NONE',  ( 0.000000000000000000, 0.000000000000000000, 1.000000000000000000 ) ) ;
#8764 = ORIENTED_EDGE ( 'NONE', *, *, #7771, .T. ) ;
#8765 = EDGE_CURVE ( 'NONE', #103, #10133, #8678, .T. ) ;
#8766 = ORIENTED_EDGE ( 'NONE', *, *, #485, .F. ) ;
#8767 = ORIENTED_EDGE ( 'NONE', *, *, #4458, .F. ) ;
#8768 = STYLED_ITEM ( 'NONE', ( #7824 ), #3181 ) ;
#8769 = CYLINDRICAL_SURFACE ( 'NONE', #3269, 1.505000000000000338 ) ;
#8770 = CARTESIAN_POINT ( 'NONE',  ( -5.250000000000000000, 16.69999999999999929, 15.19999999999999929 ) ) ;
#8771 = ORIENTED_EDGE ( 'NONE', *, *, #10696, .F. ) ;
#8772 = LINE ( 'NONE', #3029, #3910 ) ;
#8773 = VECTOR ( 'NONE', #1477, 1000.000000000000000 ) ;
#8774 = CARTESIAN_POINT ( 'NONE',  ( -5.250000000000000000, 16.69999999999999929, 0.2000000000000000111 ) ) ;
#8775 = FACE_OUTER_BOUND ( 'NONE', #1249, .T. ) ;
#8776 = PLANE ( 'NONE',  #5835 ) ;
#8777 = DIRECTION ( 'NONE',  ( 1.000000000000000000, 0.000000000000000000, 0.000000000000000000 ) ) ;
#8778 = ADVANCED_FACE ( 'NONE', ( #8839 ), #3099, .F. ) ;
#8779 = CARTESIAN_POINT ( 'NONE',  ( 2.317708822196411500, 10.13004184202785041, -7.422123382514120848 ) ) ;
#8780 = DIRECTION ( 'NONE',  ( -5.421010862427489630E-16, -1.000000000000000000, 0.000000000000000000 ) ) ;
#8781 = FACE_OUTER_BOUND ( 'NONE', #1809, .T. ) ;
#8782 = EDGE_LOOP ( 'NONE', ( #3396, #6776, #4651, #4718 ) ) ;
#8783 = CARTESIAN_POINT ( 'NONE',  ( -0.9000476708424469674, 10.66194478217150099, -13.05000000000000071 ) ) ;
#8784 = VERTEX_POINT ( 'NONE', #2353 ) ;
#8785 = ORIENTED_EDGE ( 'NONE', *, *, #6847, .F. ) ;
#8786 = EDGE_LOOP ( 'NONE', ( #12766, #5482, #4026, #1155 ) ) ;
#8787 = CARTESIAN_POINT ( 'NONE',  ( -3.984748662560944954, 15.89430833868740045, 10.90000000000000036 ) ) ;
#8788 = VERTEX_POINT ( 'NONE', #4254 ) ;
#8789 = DIRECTION ( 'NONE',  ( 1.000000000000000000, 0.000000000000000000, 0.000000000000000000 ) ) ;
#8790 = CIRCLE ( 'NONE', #5927, 1.500000000000000000 ) ;
#8791 = ADVANCED_FACE ( 'NONE', ( #13321 ), #6388, .F. ) ;
#8792 = DIRECTION ( 'NONE',  ( 0.000000000000000000, 0.000000000000000000, 1.000000000000000000 ) ) ;
#8793 = CARTESIAN_POINT ( 'NONE',  ( 7.386539084136389377, 4.528210178856940438, 15.84999999999999964 ) ) ;
#8794 = AXIS2_PLACEMENT_3D ( 'NONE', #6282, #11526, #10540 ) ;
#8795 = ORIENTED_EDGE ( 'NONE', *, *, #6990, .F. ) ;
#8796 = LINE ( 'NONE', #1921, #3934 ) ;
#8797 = VECTOR ( 'NONE', #8082, 1000.000000000000000 ) ;
#8798 = PLANE ( 'NONE',  #1114 ) ;
#8799 = LINE ( 'NONE', #5859, #8464 ) ;
#8800 = ADVANCED_FACE ( 'NONE', ( #8813 ), #3997, .F. ) ;
#8801 = EDGE_CURVE ( 'NONE', #5851, #572, #8502, .T. ) ;
#8802 = ORIENTED_EDGE ( 'NONE', *, *, #10634, .F. ) ;
#8803 = VERTEX_POINT ( 'NONE', #2269 ) ;
#8804 = ORIENTED_EDGE ( 'NONE', *, *, #6004, .T. ) ;
#8805 = DIRECTION ( 'NONE',  ( 0.000000000000000000, 0.000000000000000000, 1.000000000000000000 ) ) ;
#8806 = CARTESIAN_POINT ( 'NONE',  ( -4.478428631448714725, 16.48862918074649997, 5.899999999999999467 ) ) ;
#8807 = DIRECTION ( 'NONE',  ( 0.8191520442889891340, 0.5735764363510499342, 0.000000000000000000 ) ) ;
#8808 = DIRECTION ( 'NONE',  ( -0.7071067811865474617, 0.7071067811865474617, 0.000000000000000000 ) ) ;
#8809 = EDGE_LOOP ( 'NONE', ( #11019, #1986, #12921, #13429, #644, #3384 ) ) ;
#8810 = ORIENTED_EDGE ( 'NONE', *, *, #11700, .T. ) ;
#8811 = FACE_OUTER_BOUND ( 'NONE', #7604, .T. ) ;
#8812 = ORIENTED_EDGE ( 'NONE', *, *, #2777, .F. ) ;
#8813 = FACE_OUTER_BOUND ( 'NONE', #9161, .T. ) ;
#8814 = CARTESIAN_POINT ( 'NONE',  ( -0.9000476708424469674, 10.66194478217150099, -11.44999999999999929 ) ) ;
#8815 = AXIS2_PLACEMENT_3D ( 'NONE', #1815, #2851, #3911 ) ;
#8816 = VECTOR ( 'NONE', #2633, 1000.000000000000000 ) ;
#8817 = CARTESIAN_POINT ( 'NONE',  ( 2.850000000000000089, 0.000000000000000000, 12.44999999999999929 ) ) ;
#8818 = LINE ( 'NONE', #9734, #4243 ) ;
#8819 = CARTESIAN_POINT ( 'NONE',  ( 2.306190871640155127, 10.12775184507775705, -12.16501813090933304 ) ) ;
#8820 = CARTESIAN_POINT ( 'NONE',  ( -6.445528960623351011, 8.111000000000000654, 15.75000000000000000 ) ) ;
#8821 = PLANE ( 'NONE',  #8292 ) ;
#8822 = CIRCLE ( 'NONE', #6583, 1.500000000000000000 ) ;
#8823 = AXIS2_PLACEMENT_3D ( 'NONE', #1951, #2974, #4038 ) ;
#8824 = EDGE_LOOP ( 'NONE', ( #3024, #12957, #13506, #4477 ) ) ;
#8825 = ORIENTED_EDGE ( 'NONE', *, *, #12011, .F. ) ;
#8826 = EDGE_CURVE ( 'NONE', #3641, #11579, #13035, .T. ) ;
#8827 = ORIENTED_EDGE ( 'NONE', *, *, #9551, .T. ) ;
#8828 = CARTESIAN_POINT ( 'NONE',  ( 2.149999999999999911, -3.945434298440979592, -2.005902004454344745 ) ) ;
#8829 = ORIENTED_EDGE ( 'NONE', *, *, #6312, .F. ) ;
#8830 = ADVANCED_FACE ( 'NONE', ( #13228 ), #5680, .F. ) ;
#8831 = ORIENTED_EDGE ( 'NONE', *, *, #8527, .T. ) ;
#8832 = LINE ( 'NONE', #6729, #13338 ) ;
#8833 = DIRECTION ( 'NONE',  ( 0.000000000000000000, 0.000000000000000000, 1.000000000000000000 ) ) ;
#8834 = DIRECTION ( 'NONE',  ( 0.000000000000000000, 0.000000000000000000, -1.000000000000000000 ) ) ;
#8835 = DIRECTION ( 'NONE',  ( 0.000000000000000000, -0.9888927622975226539, -0.1486307662483623282 ) ) ;
#8836 = ORIENTED_EDGE ( 'NONE', *, *, #11322, .T. ) ;
#8837 = CARTESIAN_POINT ( 'NONE',  ( -2.442193645700425186, 12.96803417904112088, -1.449999999999999956 ) ) ;
#8838 = CARTESIAN_POINT ( 'NONE',  ( -2.850000000000000089, -4.163697104677059890, -7.317706013363030948 ) ) ;
#8839 = FACE_OUTER_BOUND ( 'NONE', #4828, .T. ) ;
#8840 = EDGE_CURVE ( 'NONE', #7155, #261, #8703, .T. ) ;
#8841 = LINE ( 'NONE', #13094, #8923 ) ;
#8842 = AXIS2_PLACEMENT_3D ( 'NONE', #2252, #5399, #10183 ) ;
#8843 = VECTOR ( 'NONE', #2786, 1000.000000000000000 ) ;
#8844 = CARTESIAN_POINT ( 'NONE',  ( -2.149999999999999911, -4.000000000000000000, 2.449999999999999734 ) ) ;
#8845 = CARTESIAN_POINT ( 'NONE',  ( -3.919104336280229806, 16.00810641548579838, -11.44999999999999929 ) ) ;
#8846 = DIRECTION ( 'NONE',  ( 0.000000000000000000, 0.000000000000000000, 1.000000000000000000 ) ) ;
#8847 = VERTEX_POINT ( 'NONE', #12382 ) ;
#8848 = ORIENTED_EDGE ( 'NONE', *, *, #2840, .F. ) ;
#8849 = DIRECTION ( 'NONE',  ( 1.000000000000000000, 0.000000000000000000, 0.000000000000000000 ) ) ;
#8850 = ORIENTED_EDGE ( 'NONE', *, *, #8214, .T. ) ;
#8851 = AXIS2_PLACEMENT_3D ( 'NONE', #1594, #10909, #7538 ) ;
#8852 = ORIENTED_EDGE ( 'NONE', *, *, #4841, .F. ) ;
#8853 = ORIENTED_EDGE ( 'NONE', *, *, #9139, .T. ) ;
#8854 = FACE_OUTER_BOUND ( 'NONE', #10847, .T. ) ;
#8855 = DIRECTION ( 'NONE',  ( 0.000000000000000000, 0.000000000000000000, 1.000000000000000000 ) ) ;
#8856 = ORIENTED_EDGE ( 'NONE', *, *, #8692, .T. ) ;
#8857 = FACE_OUTER_BOUND ( 'NONE', #6642, .T. ) ;
#8858 = LINE ( 'NONE', #6177, #4537 ) ;
#8859 = EDGE_CURVE ( 'NONE', #13129, #7709, #4308, .T. ) ;
#8860 = AXIS2_PLACEMENT_3D ( 'NONE', #9507, #7576, #2084 ) ;
#8861 = CARTESIAN_POINT ( 'NONE',  ( -5.001253558300190249, 7.790249504023520011, -11.44999999999999929 ) ) ;
#8862 = CARTESIAN_POINT ( 'NONE',  ( -2.850000000000000089, 2.200000000000000178, 15.75000000000000000 ) ) ;
#8863 = ORIENTED_EDGE ( 'NONE', *, *, #37, .T. ) ;
#8864 = DIRECTION ( 'NONE',  ( 1.000000000000000000, 0.000000000000000000, 0.000000000000000000 ) ) ;
#8865 = DIRECTION ( 'NONE',  ( 0.000000000000000000, 0.9438583563660177811, 0.3303504247281049411 ) ) ;
#8866 = ORIENTED_EDGE ( 'NONE', *, *, #9658, .T. ) ;
#8867 = ORIENTED_EDGE ( 'NONE', *, *, #869, .T. ) ;
#8868 = VERTEX_POINT ( 'NONE', #651 ) ;
#8869 = CARTESIAN_POINT ( 'NONE',  ( -4.478428631448714725, 16.48862918074649997, 0.9000000000000000222 ) ) ;
#8870 = ORIENTED_EDGE ( 'NONE', *, *, #1663, .T. ) ;
#8871 = DIRECTION ( 'NONE',  ( 1.000000000000000000, 0.000000000000000000, 0.000000000000000000 ) ) ;
#8872 = LINE ( 'NONE', #2317, #8915 ) ;
#8873 = DIRECTION ( 'NONE',  ( 0.000000000000000000, 0.000000000000000000, 1.000000000000000000 ) ) ;
#8874 = DIRECTION ( 'NONE',  ( -0.7071067811865420216, 0.7071067811865531239, 0.000000000000000000 ) ) ;
#8875 = VERTEX_POINT ( 'NONE', #10384 ) ;
#8876 = VECTOR ( 'NONE', #8906, 1000.000000000000000 ) ;
#8877 = EDGE_CURVE ( 'NONE', #6691, #2169, #8362, .T. ) ;
#8878 = DIRECTION ( 'NONE',  ( 0.000000000000000000, 0.000000000000000000, -1.000000000000000000 ) ) ;
#8879 = CIRCLE ( 'NONE', #2311, 0.8000000000000003775 ) ;
#8880 = AXIS2_PLACEMENT_3D ( 'NONE', #6774, #6492, #1255 ) ;
#8881 = VERTEX_POINT ( 'NONE', #9255 ) ;
#8882 = CARTESIAN_POINT ( 'NONE',  ( -2.850000000000000089, 2.200000000000000178, 15.75000000000000000 ) ) ;
#8883 = ORIENTED_EDGE ( 'NONE', *, *, #9768, .T. ) ;
#8884 = EDGE_CURVE ( 'NONE', #1520, #1747, #4039, .T. ) ;
#8885 = ORIENTED_EDGE ( 'NONE', *, *, #8411, .F. ) ;
#8886 = CARTESIAN_POINT ( 'NONE',  ( 2.850000000000000089, -4.000000000000000000, 3.149999999999999911 ) ) ;
#8887 = DIRECTION ( 'NONE',  ( 1.000000000000000000, 0.000000000000000000, 0.000000000000000000 ) ) ;
#8888 = CARTESIAN_POINT ( 'NONE',  ( 2.492470896134316050, 10.12514001325505930, 8.380812814817142353 ) ) ;
#8889 = DIRECTION ( 'NONE',  ( 0.000000000000000000, 1.000000000000000000, 0.000000000000000000 ) ) ;
#8890 = PLANE ( 'NONE',  #5437 ) ;
#8891 = CARTESIAN_POINT ( 'NONE',  ( 6.735268398951980373, 5.992653662405889037, 0.2500000000000000000 ) ) ;
#8892 = ORIENTED_EDGE ( 'NONE', *, *, #9246, .T. ) ;
#8893 = EDGE_CURVE ( 'NONE', #7043, #8378, #13058, .T. ) ;
#8894 = ORIENTED_EDGE ( 'NONE', *, *, #5084, .F. ) ;
#8895 = VECTOR ( 'NONE', #896, 1000.000000000000000 ) ;
#8896 = EDGE_CURVE ( 'NONE', #9663, #4644, #3861, .T. ) ;
#8897 = ORIENTED_EDGE ( 'NONE', *, *, #7139, .T. ) ;
#8898 = FACE_OUTER_BOUND ( 'NONE', #7586, .T. ) ;
#8899 = DIRECTION ( 'NONE',  ( 1.000000000000000000, 0.000000000000000000, 0.000000000000000000 ) ) ;
#8900 = PLANE ( 'NONE',  #9592 ) ;
#8901 = LINE ( 'NONE', #13009, #52 ) ;
#8902 = EDGE_CURVE ( 'NONE', #2145, #10830, #8614, .T. ) ;
#8903 = CARTESIAN_POINT ( 'NONE',  ( -6.445528960623351011, 8.111000000000000654, 15.84999999999999964 ) ) ;
#8904 = AXIS2_PLACEMENT_3D ( 'NONE', #2983, #4044, #8234 ) ;
#8905 = DIRECTION ( 'NONE',  ( -1.000000000000000000, 0.000000000000000000, 0.000000000000000000 ) ) ;
#8906 = DIRECTION ( 'NONE',  ( 0.000000000000000000, 0.000000000000000000, -1.000000000000000000 ) ) ;
#8907 = VECTOR ( 'NONE', #10834, 1000.000000000000114 ) ;
#8908 = ORIENTED_EDGE ( 'NONE', *, *, #6673, .T. ) ;
#8909 = ORIENTED_EDGE ( 'NONE', *, *, #9383, .T. ) ;
#8910 = ORIENTED_EDGE ( 'NONE', *, *, #3156, .F. ) ;
#8911 = DIRECTION ( 'NONE',  ( 0.000000000000000000, 0.000000000000000000, -1.000000000000000000 ) ) ;
#8912 = EDGE_CURVE ( 'NONE', #6845, #2282, #12922, .T. ) ;
#8913 = VERTEX_POINT ( 'NONE', #2768 ) ;
#8914 = ORIENTED_EDGE ( 'NONE', *, *, #12210, .F. ) ;
#8915 = VECTOR ( 'NONE', #10154, 1000.000000000000114 ) ;
#8916 = CARTESIAN_POINT ( 'NONE',  ( -6.208456599567469425, 17.85384615384614904, 8.550000000000000711 ) ) ;
#8917 = DIRECTION ( 'NONE',  ( 1.000000000000000000, 0.000000000000000000, 0.000000000000000000 ) ) ;
#8918 = CARTESIAN_POINT ( 'NONE',  ( -0.9000476708424469674, 10.66194478217150099, 13.54999999999999893 ) ) ;
#8919 = VERTEX_POINT ( 'NONE', #7345 ) ;
#8920 = CARTESIAN_POINT ( 'NONE',  ( -6.040827613235229876, 9.364229484812000237, -15.15000000000000036 ) ) ;
#8921 = DIRECTION ( 'NONE',  ( 0.000000000000000000, 0.000000000000000000, -1.000000000000000000 ) ) ;
#8922 = EDGE_CURVE ( 'NONE', #11686, #11754, #8772, .T. ) ;
#8923 = VECTOR ( 'NONE', #582, 1000.000000000000114 ) ;
#8924 = DIRECTION ( 'NONE',  ( 0.8191520442889891340, 0.5735764363510499342, 0.000000000000000000 ) ) ;
#8925 = DIRECTION ( 'NONE',  ( -1.000000000000000000, 0.000000000000000000, 0.000000000000000000 ) ) ;
#8926 = EDGE_CURVE ( 'NONE', #3995, #11306, #4174, .T. ) ;
#8927 = DIRECTION ( 'NONE',  ( 0.000000000000000000, 0.000000000000000000, 1.000000000000000000 ) ) ;
#8928 = AXIS2_PLACEMENT_3D ( 'NONE', #2265, #3263, #9503 ) ;
#8929 = ORIENTED_EDGE ( 'NONE', *, *, #7251, .T. ) ;
#8930 = DIRECTION ( 'NONE',  ( 0.2588190451025219607, 0.9659258262890678681, 0.000000000000000000 ) ) ;
#8931 = DIRECTION ( 'NONE',  ( 0.000000000000000000, 0.9438583563660177811, -0.3303504247281049411 ) ) ;
#8932 = ORIENTED_EDGE ( 'NONE', *, *, #10634, .T. ) ;
#8933 = ORIENTED_EDGE ( 'NONE', *, *, #8484, .T. ) ;
#8934 = DIRECTION ( 'NONE',  ( 0.000000000000000000, -1.000000000000000000, 0.000000000000000000 ) ) ;
#8935 = ORIENTED_EDGE ( 'NONE', *, *, #2504, .F. ) ;
#8936 = ORIENTED_EDGE ( 'NONE', *, *, #8912, .F. ) ;
#8937 = ORIENTED_EDGE ( 'NONE', *, *, #1824, .F. ) ;
#8938 = VECTOR ( 'NONE', #7327, 999.9999999999998863 ) ;
#8939 = EDGE_CURVE ( 'NONE', #463, #6925, #8725, .T. ) ;
#8940 = CARTESIAN_POINT ( 'NONE',  ( -3.984748662560944954, 15.89430833868740045, -4.100000000000000533 ) ) ;
#8941 = ORIENTED_EDGE ( 'NONE', *, *, #7446, .F. ) ;
#8942 = LINE ( 'NONE', #395, #4141 ) ;
#8943 =( NAMED_UNIT ( * ) PLANE_ANGLE_UNIT ( ) SI_UNIT ( $, .RADIAN. ) );
#8944 = VECTOR ( 'NONE', #2815, 1000.000000000000000 ) ;
#8945 = PLANE ( 'NONE',  #6757 ) ;
#8946 = ORIENTED_EDGE ( 'NONE', *, *, #7866, .F. ) ;
#8947 = DIRECTION ( 'NONE',  ( 2.478176394252580155E-15, 0.000000000000000000, -1.000000000000000000 ) ) ;
#8948 = AXIS2_PLACEMENT_3D ( 'NONE', #13529, #2955, #61 ) ;
#8949 = ORIENTED_EDGE ( 'NONE', *, *, #4211, .T. ) ;
#8950 = DIRECTION ( 'NONE',  ( 0.7071067811865475727, -0.7071067811865475727, 0.000000000000000000 ) ) ;
#8951 = ORIENTED_EDGE ( 'NONE', *, *, #10453, .T. ) ;
#8952 = ORIENTED_EDGE ( 'NONE', *, *, #1247, .T. ) ;
#8953 = CARTESIAN_POINT ( 'NONE',  ( -6.750000000000000000, 16.69999999999999929, 5.200000000000000178 ) ) ;
#8954 = VERTEX_POINT ( 'NONE', #12298 ) ;
#8955 = DIRECTION ( 'NONE',  ( 0.000000000000000000, 0.9438583563660177811, -0.3303504247281049411 ) ) ;
#8956 = ORIENTED_EDGE ( 'NONE', *, *, #9971, .T. ) ;
#8957 = CARTESIAN_POINT ( 'NONE',  ( -2.442193645700425186, 12.96803417904112088, 13.54999999999999893 ) ) ;
#8958 = CARTESIAN_POINT ( 'NONE',  ( -5.809933491950640239, 18.09157266594019831, -14.09999999999999964 ) ) ;
#8959 = LINE ( 'NONE', #81, #4102 ) ;
#8960 = CARTESIAN_POINT ( 'NONE',  ( 2.149999999999999911, -4.000000000000000000, 2.449999999999999734 ) ) ;
#8961 = DIRECTION ( 'NONE',  ( 1.000000000000000000, 0.000000000000000000, 0.000000000000000000 ) ) ;
#8962 = DIRECTION ( 'NONE',  ( 0.000000000000000000, 0.000000000000000000, -1.000000000000000000 ) ) ;
#8963 = PRODUCT_RELATED_PRODUCT_CATEGORY ( 'part', '', ( #1752 ) ) ;
#8964 = ORIENTED_EDGE ( 'NONE', *, *, #13463, .T. ) ;
#8965 = CYLINDRICAL_SURFACE ( 'NONE', #1573, 1.505000000000000338 ) ;
#8966 = EDGE_CURVE ( 'NONE', #11391, #2479, #13121, .T. ) ;
#8967 = CYLINDRICAL_SURFACE ( 'NONE', #11798, 1.499999999999980238 ) ;
#8968 = ADVANCED_FACE ( 'NONE', ( #13275 ), #6025, .F. ) ;
#8969 = SURFACE_STYLE_FILL_AREA ( #169 ) ;
#8970 = DIRECTION ( 'NONE',  ( 0.000000000000000000, -0.9438583563660177811, 0.3303504247281049411 ) ) ;
#8971 = FACE_OUTER_BOUND ( 'NONE', #5126, .T. ) ;
#8972 = ORIENTED_EDGE ( 'NONE', *, *, #7993, .F. ) ;
#8973 = CYLINDRICAL_SURFACE ( 'NONE', #2466, 1.499999999999980238 ) ;
#8974 = ORIENTED_EDGE ( 'NONE', *, *, #11227, .T. ) ;
#8975 = VERTEX_POINT ( 'NONE', #8282 ) ;
#8976 = DIRECTION ( 'NONE',  ( 0.000000000000000000, 0.000000000000000000, -1.000000000000000000 ) ) ;
#8977 = DIRECTION ( 'NONE',  ( 0.000000000000000000, 0.000000000000000000, 1.000000000000000000 ) ) ;
#8978 = AXIS2_PLACEMENT_3D ( 'NONE', #10507, #8684, #1119 ) ;
#8979 = DIRECTION ( 'NONE',  ( 0.000000000000000000, 1.000000000000000000, 0.000000000000000000 ) ) ;
#8980 = STYLED_ITEM ( 'NONE', ( #1880 ), #4875 ) ;
#8981 = CARTESIAN_POINT ( 'NONE',  ( 2.306154181162860084, 10.12774586688902190, -12.25000000000000000 ) ) ;
#8982 = CARTESIAN_POINT ( 'NONE',  ( 4.110316879431045400, 5.529803886462669738, -0.9640971094795329766 ) ) ;
#8983 = SURFACE_SIDE_STYLE ('',( #3282 ) ) ;
#8984 = VERTEX_POINT ( 'NONE', #7006 ) ;
#8985 = EDGE_LOOP ( 'NONE', ( #8233, #8498, #9817, #13096 ) ) ;
#8986 = LINE ( 'NONE', #7833, #4695 ) ;
#8987 = ORIENTED_EDGE ( 'NONE', *, *, #7274, .F. ) ;
#8988 = LINE ( 'NONE', #6938, #13132 ) ;
#8989 = EDGE_CURVE ( 'NONE', #3048, #9620, #8412, .T. ) ;
#8990 = FACE_OUTER_BOUND ( 'NONE', #11596, .T. ) ;
#8991 = DIRECTION ( 'NONE',  ( 1.000000000000000000, 0.000000000000000000, 0.000000000000000000 ) ) ;
#8992 = DIRECTION ( 'NONE',  ( 0.000000000000000000, 0.000000000000000000, 1.000000000000000000 ) ) ;
#8993 = AXIS2_PLACEMENT_3D ( 'NONE', #3385, #4459, #5524 ) ;
#8994 = CIRCLE ( 'NONE', #619, 0.8000000000000003775 ) ;
#8995 = EDGE_CURVE ( 'NONE', #4614, #10710, #8796, .T. ) ;
#8996 = CARTESIAN_POINT ( 'NONE',  ( 6.180774708501559189, 5.698619215432440654, 15.84999999999999964 ) ) ;
#8997 = LINE ( 'NONE', #4316, #4750 ) ;
#8998 = DIRECTION ( 'NONE',  ( 0.000000000000000000, 0.000000000000000000, -1.000000000000000000 ) ) ;
#8999 = PLANE ( 'NONE',  #1523 ) ;
#9000 = VERTEX_POINT ( 'NONE', #8005 ) ;
#9001 = DIRECTION ( 'NONE',  ( -0.6389710663783122468, 0.7692307692307702727, 0.000000000000000000 ) ) ;
#9002 = FACE_OUTER_BOUND ( 'NONE', #7169, .T. ) ;
#9003 = EDGE_LOOP ( 'NONE', ( #8941, #6868, #11418, #7093 ) ) ;
#9004 = ORIENTED_EDGE ( 'NONE', *, *, #2461, .T. ) ;
#9005 = EDGE_CURVE ( 'NONE', #5132, #8696, #8460, .T. ) ;
#9006 = CARTESIAN_POINT ( 'NONE',  ( -5.250000000000000000, 16.69999999999999929, -9.099999999999999645 ) ) ;
#9007 = ORIENTED_EDGE ( 'NONE', *, *, #11808, .F. ) ;
#9008 = AXIS2_PLACEMENT_3D ( 'NONE', #8482, #3292, #9435 ) ;
#9009 = ORIENTED_EDGE ( 'NONE', *, *, #11610, .T. ) ;
#9010 = VECTOR ( 'NONE', #7572, 1000.000000000000227 ) ;
#9011 = DIRECTION ( 'NONE',  ( 0.6389710663783111366, -0.7692307692307711608, 0.000000000000000000 ) ) ;
#9012 = PLANE ( 'NONE',  #2336 ) ;
#9013 = CARTESIAN_POINT ( 'NONE',  ( 1.661700935788380074, 1.661700935788374967, -15.15000000000000036 ) ) ;
#9014 = VERTEX_POINT ( 'NONE', #12212 ) ;
#9015 = LINE ( 'NONE', #8106, #679 ) ;
#9016 = CARTESIAN_POINT ( 'NONE',  ( -3.649999999999999911, 11.17795660910094036, -6.450000000000000178 ) ) ;
#9017 = SURFACE_SIDE_STYLE ('',( #2115 ) ) ;
#9018 = VECTOR ( 'NONE', #9525, 1000.000000000000000 ) ;
#9019 = EDGE_CURVE ( 'NONE', #10047, #9121, #4126, .T. ) ;
#9020 = COLOUR_RGB ( '',1.000000000000000000, 1.000000000000000000, 1.000000000000000000 ) ;
#9021 = CARTESIAN_POINT ( 'NONE',  ( -2.047200543544544615, 12.30024887074950080, 15.84999999999999964 ) ) ;
#9022 = AXIS2_PLACEMENT_3D ( 'NONE', #6505, #2445, #2369 ) ;
#9023 = VECTOR ( 'NONE', #11355, 1000.000000000000000 ) ;
#9024 = ORIENTED_EDGE ( 'NONE', *, *, #2793, .F. ) ;
#9025 = CARTESIAN_POINT ( 'NONE',  ( 3.588643222671839883, 9.139278838686021089, -10.50000000000000000 ) ) ;
#9026 = LINE ( 'NONE', #12130, #13523 ) ;
#9027 = DIRECTION ( 'NONE',  ( 0.000000000000000000, 0.000000000000000000, -1.000000000000000000 ) ) ;
#9028 = ORIENTED_EDGE ( 'NONE', *, *, #416, .T. ) ;
#9029 = DIRECTION ( 'NONE',  ( 0.000000000000000000, 0.9438583563660177811, 0.3303504247281049411 ) ) ;
#9030 = DIRECTION ( 'NONE',  ( -0.7071067811865415775, -0.7071067811865535679, 0.000000000000000000 ) ) ;
#9031 = ORIENTED_EDGE ( 'NONE', *, *, #9402, .F. ) ;
#9032 = DIRECTION ( 'NONE',  ( 0.000000000000000000, 0.000000000000000000, 1.000000000000000000 ) ) ;
#9033 = EDGE_LOOP ( 'NONE', ( #7789, #3524, #939 ) ) ;
#9034 = ORIENTED_EDGE ( 'NONE', *, *, #1464, .F. ) ;
#9035 = CIRCLE ( 'NONE', #5590, 1.505000000000000338 ) ;
#9036 = AXIS2_PLACEMENT_3D ( 'NONE', #4221, #13477, #7226 ) ;
#9037 = DIRECTION ( 'NONE',  ( 0.000000000000000000, 1.000000000000000000, 0.000000000000000000 ) ) ;
#9038 = ORIENTED_EDGE ( 'NONE', *, *, #3704, .T. ) ;
#9039 = VECTOR ( 'NONE', #7983, 1000.000000000000000 ) ;
#9040 = LINE ( 'NONE', #6506, #9018 ) ;
#9041 = FACE_OUTER_BOUND ( 'NONE', #7201, .T. ) ;
#9042 =( LENGTH_UNIT ( ) NAMED_UNIT ( * ) SI_UNIT ( .MILLI., .METRE. ) );
#9043 = CIRCLE ( 'NONE', #12952, 1.000000000000027978 ) ;
#9044 = DIRECTION ( 'NONE',  ( 1.000000000000000000, 0.000000000000000000, 0.000000000000000000 ) ) ;
#9045 = CARTESIAN_POINT ( 'NONE',  ( -7.014921993108779397, 16.26222191265249961, 1.949999999999999956 ) ) ;
#9046 = CARTESIAN_POINT ( 'NONE',  ( -6.424999999999999822, 7.185000000000000497, 15.84999999999999964 ) ) ;
#9047 = VERTEX_POINT ( 'NONE', #13251 ) ;
#9048 = DIRECTION ( 'NONE',  ( 0.000000000000000000, 1.000000000000000000, 0.000000000000000000 ) ) ;
#9049 = MANIFOLD_SOLID_BREP ( 'NONE', #2361 ) ;
#9050 = ORIENTED_EDGE ( 'NONE', *, *, #6209, .T. ) ;
#9051 = DIRECTION ( 'NONE',  ( 0.7071067811865480168, 0.7071067811865470176, 0.000000000000000000 ) ) ;
#9052 = CARTESIAN_POINT ( 'NONE',  ( -3.775451385280815142, 16.42485207100589761, 15.19999999999999929 ) ) ;
#9053 = VERTEX_POINT ( 'NONE', #4988 ) ;
#9054 = EDGE_CURVE ( 'NONE', #8696, #2617, #9153, .T. ) ;
#9055 = VERTEX_POINT ( 'NONE', #5074 ) ;
#9056 = DIRECTION ( 'NONE',  ( 0.8191520442889891340, 0.5735764363510499342, 0.000000000000000000 ) ) ;
#9057 = ORIENTED_EDGE ( 'NONE', *, *, #7365, .T. ) ;
#9058 = PLANE ( 'NONE',  #4928 ) ;
#9059 = DIRECTION ( 'NONE',  ( 0.000000000000000000, 0.000000000000000000, -1.000000000000000000 ) ) ;
#9060 = VECTOR ( 'NONE', #5232, 1000.000000000000114 ) ;
#9061 = CARTESIAN_POINT ( 'NONE',  ( -1.442193645700395876, 12.96803417904112088, 13.54999999999999893 ) ) ;
#9062 = DIRECTION ( 'NONE',  ( -0.7071067811865489050, 0.7071067811865460184, 0.000000000000000000 ) ) ;
#9063 = ORIENTED_EDGE ( 'NONE', *, *, #11553, .T. ) ;
#9064 = FACE_OUTER_BOUND ( 'NONE', #4125, .T. ) ;
#9065 = FACE_OUTER_BOUND ( 'NONE', #9825, .T. ) ;
#9066 = AXIS2_PLACEMENT_3D ( 'NONE', #1776, #9997, #427 ) ;
#9067 = CIRCLE ( 'NONE', #6554, 1.505000000000000338 ) ;
#9068 = EDGE_CURVE ( 'NONE', #13064, #4345, #254, .T. ) ;
#9069 = CARTESIAN_POINT ( 'NONE',  ( 1.926942286883454925, 7.972552649728219976, -12.25000000000000000 ) ) ;
#9070 = VECTOR ( 'NONE', #6742, 1000.000000000000114 ) ;
#9071 = ORIENTED_EDGE ( 'NONE', *, *, #11334, .T. ) ;
#9072 = EDGE_CURVE ( 'NONE', #13192, #10354, #134, .T. ) ;
#9073 = ORIENTED_EDGE ( 'NONE', *, *, #372, .F. ) ;
#9074 = ORIENTED_EDGE ( 'NONE', *, *, #1800, .T. ) ;
#9075 = DIRECTION ( 'NONE',  ( -0.8191520442889891340, -0.5735764363510499342, 0.000000000000000000 ) ) ;
#9076 = DIRECTION ( 'NONE',  ( 0.000000000000000000, 0.000000000000000000, -1.000000000000000000 ) ) ;
#9077 = CARTESIAN_POINT ( 'NONE',  ( -7.014921993108779397, 16.26222191265249961, 3.550000000000000266 ) ) ;
#9078 = CARTESIAN_POINT ( 'NONE',  ( -0.9000476708424469674, 10.66194478217150099, 8.550000000000000711 ) ) ;
#9079 = CARTESIAN_POINT ( 'NONE',  ( -5.149861993732639753, 10.12774193481510032, -13.05000000000000071 ) ) ;
#9080 = ORIENTED_EDGE ( 'NONE', *, *, #12054, .T. ) ;
#9081 = ORIENTED_EDGE ( 'NONE', *, *, #904, .F. ) ;
#9082 = AXIS2_PLACEMENT_3D ( 'NONE', #12507, #10342, #8237 ) ;
#9083 = VECTOR ( 'NONE', #1730, 1000.000000000000114 ) ;
#9084 = EDGE_CURVE ( 'NONE', #13525, #10903, #13412, .T. ) ;
#9085 = ORIENTED_EDGE ( 'NONE', *, *, #6620, .T. ) ;
#9086 = VECTOR ( 'NONE', #12059, 1000.000000000000000 ) ;
#9087 = VECTOR ( 'NONE', #7208, 1000.000000000000000 ) ;
#9088 = ADVANCED_FACE ( 'NONE', ( #8857 ), #8967, .F. ) ;
#9089 = CARTESIAN_POINT ( 'NONE',  ( 4.841398726455739876, 0.6999999999999999556, 15.84999999999999964 ) ) ;
#9090 = CARTESIAN_POINT ( 'NONE',  ( -0.9000476708424469674, 10.66194478217150099, -1.449999999999999956 ) ) ;
#9091 = VECTOR ( 'NONE', #490, 1000.000000000000000 ) ;
#9092 = CARTESIAN_POINT ( 'NONE',  ( -5.149861993732639753, 10.12774193481510032, 3.550000000000000266 ) ) ;
#9093 = VECTOR ( 'NONE', #13034, 1000.000000000000000 ) ;
#9094 = CARTESIAN_POINT ( 'NONE',  ( -7.500000000000000000, -3.500000000000000000, 2.449999999999999734 ) ) ;
#9095 = CARTESIAN_POINT ( 'NONE',  ( 6.782295549467770357, 4.930639144171879984, 16.44999999999999929 ) ) ;
#9096 = ORIENTED_EDGE ( 'NONE', *, *, #3660, .F. ) ;
#9097 = ORIENTED_EDGE ( 'NONE', *, *, #4910, .F. ) ;
#9098 = VERTEX_POINT ( 'NONE', #12547 ) ;
#9099 = EDGE_CURVE ( 'NONE', #9197, #9053, #13433, .T. ) ;
#9100 = DIRECTION ( 'NONE',  ( 1.000000000000000000, 0.000000000000000000, 0.000000000000000000 ) ) ;
#9101 = ORIENTED_EDGE ( 'NONE', *, *, #2262, .T. ) ;
#9102 = VERTEX_POINT ( 'NONE', #6602 ) ;
#9103 = VECTOR ( 'NONE', #5492, 1000.000000000000000 ) ;
#9104 = CARTESIAN_POINT ( 'NONE',  ( -4.478428631448714725, 16.48862918074649997, 9.599999999999999645 ) ) ;
#9105 = CARTESIAN_POINT ( 'NONE',  ( 2.364278014140930750, 10.13430373392472461, 12.39898957252036737 ) ) ;
#9106 = CARTESIAN_POINT ( 'NONE',  ( -5.250000000000000000, 16.69999999999999929, -4.799999999999999822 ) ) ;
#9107 = AXIS2_PLACEMENT_3D ( 'NONE', #3142, #1857, #8126 ) ;
#9108 = ORIENTED_EDGE ( 'NONE', *, *, #5874, .T. ) ;
#9109 = LINE ( 'NONE', #6989, #9039 ) ;
#9110 = DIRECTION ( 'NONE',  ( 0.000000000000000000, 0.000000000000000000, -1.000000000000000000 ) ) ;
#9111 = ADVANCED_FACE ( 'NONE', ( #13537 ), #7423, .T. ) ;
#9112 = DIRECTION ( 'NONE',  ( 0.000000000000000000, 0.000000000000000000, 1.000000000000000000 ) ) ;
#9113 = UNCERTAINTY_MEASURE_WITH_UNIT (LENGTH_MEASURE( 1.000000000000000082E-05 ), #3914, 'distance_accuracy_value', 'NONE');
#9114 = LINE ( 'NONE', #12511, #4563 ) ;
#9115 = DIRECTION ( 'NONE',  ( 0.000000000000000000, -1.000000000000000000, 0.000000000000000000 ) ) ;
#9116 = PLANE ( 'NONE',  #12017 ) ;
#9117 = VERTEX_POINT ( 'NONE', #6695 ) ;
#9118 = EDGE_CURVE ( 'NONE', #11869, #3236, #4901, .T. ) ;
#9119 = DIRECTION ( 'NONE',  ( 1.000000000000000000, 0.000000000000000000, 0.000000000000000000 ) ) ;
#9120 = DIRECTION ( 'NONE',  ( 0.000000000000000000, 0.000000000000000000, 1.000000000000000000 ) ) ;
#9121 = VERTEX_POINT ( 'NONE', #1088 ) ;
#9122 = CARTESIAN_POINT ( 'NONE',  ( -7.500000000000000000, -3.500000000000000000, 12.44999999999999929 ) ) ;
#9123 = CARTESIAN_POINT ( 'NONE',  ( -1.442193645700395876, 12.96803417904112088, -11.44999999999999929 ) ) ;
#9124 = ORIENTED_EDGE ( 'NONE', *, *, #3434, .T. ) ;
#9125 = VERTEX_POINT ( 'NONE', #3200 ) ;
#9126 = EDGE_LOOP ( 'NONE', ( #7301, #5569, #8641, #4069 ) ) ;
#9127 = VECTOR ( 'NONE', #4796, 1000.000000000000000 ) ;
#9128 = CARTESIAN_POINT ( 'NONE',  ( -5.149861993732639753, 10.12774193481510032, -8.050000000000000711 ) ) ;
#9129 = ORIENTED_EDGE ( 'NONE', *, *, #2045, .F. ) ;
#9130 = CYLINDRICAL_SURFACE ( 'NONE', #12043, 1.000000000000028200 ) ;
#9131 = FACE_OUTER_BOUND ( 'NONE', #8985, .T. ) ;
#9132 = AXIS2_PLACEMENT_3D ( 'NONE', #5416, #6493, #13502 ) ;
#9133 = VECTOR ( 'NONE', #7025, 1000.000000000000000 ) ;
#9134 = DIRECTION ( 'NONE',  ( 0.000000000000000000, 0.000000000000000000, -1.000000000000000000 ) ) ;
#9135 = VECTOR ( 'NONE', #2244, 1000.000000000000114 ) ;
#9136 = CARTESIAN_POINT ( 'NONE',  ( -7.500000000000000000, -3.500000000000000000, 12.44999999999999929 ) ) ;
#9137 = DIRECTION ( 'NONE',  ( 0.000000000000000000, 0.000000000000000000, -1.000000000000000000 ) ) ;
#9138 = ORIENTED_EDGE ( 'NONE', *, *, #5477, .F. ) ;
#9139 = EDGE_CURVE ( 'NONE', #10898, #10631, #4416, .T. ) ;
#9140 = VERTEX_POINT ( 'NONE', #1366 ) ;
#9141 = DIRECTION ( 'NONE',  ( 0.000000000000000000, 0.000000000000000000, -1.000000000000000000 ) ) ;
#9142 = CARTESIAN_POINT ( 'NONE',  ( -0.3923679554084235077, 12.05962984498646051, -15.15000000000000036 ) ) ;
#9143 = EDGE_CURVE ( 'NONE', #7067, #12266, #13342, .T. ) ;
#9144 = ORIENTED_EDGE ( 'NONE', *, *, #1874, .F. ) ;
#9145 = VERTEX_POINT ( 'NONE', #8476 ) ;
#9146 = ORIENTED_EDGE ( 'NONE', *, *, #5460, .F. ) ;
#9147 = PLANE ( 'NONE',  #11820 ) ;
#9148 = DIRECTION ( 'NONE',  ( 0.000000000000000000, 0.000000000000000000, -1.000000000000000000 ) ) ;
#9149 = VECTOR ( 'NONE', #7008, 1000.000000000000000 ) ;
#9150 = CARTESIAN_POINT ( 'NONE',  ( -1.983183258569795271, 2.033183258569795093, -15.84999999999999964 ) ) ;
#9151 = ORIENTED_EDGE ( 'NONE', *, *, #7357, .F. ) ;
#9152 = VECTOR ( 'NONE', #1894, 1000.000000000000000 ) ;
#9153 = LINE ( 'NONE', #4001, #73 ) ;
#9154 = EDGE_CURVE ( 'NONE', #4854, #12765, #9040, .T. ) ;
#9155 = CIRCLE ( 'NONE', #13180, 0.8000000000000003775 ) ;
#9156 = AXIS2_PLACEMENT_3D ( 'NONE', #4792, #11122, #2675 ) ;
#9157 = CARTESIAN_POINT ( 'NONE',  ( 0.000000000000000000, 0.000000000000000000, 15.75000000000000000 ) ) ;
#9158 = AXIS2_PLACEMENT_3D ( 'NONE', #10819, #12877, #365 ) ;
#9159 = VECTOR ( 'NONE', #5796, 1000.000000000000000 ) ;
#9160 = ORIENTED_EDGE ( 'NONE', *, *, #8198, .T. ) ;
#9161 = EDGE_LOOP ( 'NONE', ( #9108, #1229, #5771, #4205 ) ) ;
#9162 = PLANE ( 'NONE',  #3761 ) ;
#9163 = EDGE_CURVE ( 'NONE', #5812, #551, #4443, .T. ) ;
#9164 = ORIENTED_EDGE ( 'NONE', *, *, #12786, .F. ) ;
#9165 = CARTESIAN_POINT ( 'NONE',  ( -2.850000000000000089, -4.000000000000000000, -6.850000000000000533 ) ) ;
#9166 = DIRECTION ( 'NONE',  ( 0.000000000000000000, 0.000000000000000000, -1.000000000000000000 ) ) ;
#9167 = PLANE ( 'NONE',  #6906 ) ;
#9168 = AXIS2_PLACEMENT_3D ( 'NONE', #2007, #132, #12296 ) ;
#9169 = PLANE ( 'NONE',  #2625 ) ;
#9170 = DIRECTION ( 'NONE',  ( 0.000000000000000000, 1.000000000000000000, 0.000000000000000000 ) ) ;
#9171 = EDGE_CURVE ( 'NONE', #12371, #9715, #91, .T. ) ;
#9172 = ORIENTED_EDGE ( 'NONE', *, *, #9005, .T. ) ;
#9173 = ADVANCED_FACE ( 'NONE', ( #8990 ), #135, .F. ) ;
#9174 = ORIENTED_EDGE ( 'NONE', *, *, #5591, .F. ) ;
#9175 = FACE_OUTER_BOUND ( 'NONE', #5038, .T. ) ;
#9176 = ORIENTED_EDGE ( 'NONE', *, *, #2474, .F. ) ;
#9177 = VECTOR ( 'NONE', #13083, 1000.000000000000114 ) ;
#9178 = VECTOR ( 'NONE', #7680, 1000.000000000000114 ) ;
#9179 = CARTESIAN_POINT ( 'NONE',  ( -5.250000000000000000, 16.69999999999999929, 10.90000000000000036 ) ) ;
#9180 = DIRECTION ( 'NONE',  ( -1.000000000000000000, 0.000000000000000000, 0.000000000000000000 ) ) ;
#9181 = VECTOR ( 'NONE', #10496, 999.9999999999998863 ) ;
#9182 = DIRECTION ( 'NONE',  ( 0.7071067811865480168, -0.7071067811865470176, 0.000000000000000000 ) ) ;
#9183 = DIRECTION ( 'NONE',  ( 0.000000000000000000, 0.000000000000000000, 1.000000000000000000 ) ) ;
#9184 = CARTESIAN_POINT ( 'NONE',  ( -5.809933491950640239, 18.09157266594019831, 9.599999999999999645 ) ) ;
#9185 = CARTESIAN_POINT ( 'NONE',  ( -2.382835146695035267, 12.62863240148741895, -13.05000000000000071 ) ) ;
#9186 = AXIS2_PLACEMENT_3D ( 'NONE', #4747, #6888, #12174 ) ;
#9187 = ORIENTED_EDGE ( 'NONE', *, *, #2986, .F. ) ;
#9188 = CARTESIAN_POINT ( 'NONE',  ( 1.219421292110007826, 3.575998638938560070, -15.15000000000000036 ) ) ;
#9189 = VERTEX_POINT ( 'NONE', #6788 ) ;
#9190 = VERTEX_POINT ( 'NONE', #4356 ) ;
#9191 = EDGE_CURVE ( 'NONE', #10122, #5196, #4536, .T. ) ;
#9192 = ORIENTED_EDGE ( 'NONE', *, *, #10327, .F. ) ;
#9193 = VERTEX_POINT ( 'NONE', #10772 ) ;
#9194 = CIRCLE ( 'NONE', #7702, 1.500000000000000000 ) ;
#9195 = DIRECTION ( 'NONE',  ( 0.7071067811865477948, -0.7071067811865471286, 0.000000000000000000 ) ) ;
#9196 = CARTESIAN_POINT ( 'NONE',  ( -7.500000000000000000, -3.500000000000000000, 3.149999999999999911 ) ) ;
#9197 = VERTEX_POINT ( 'NONE', #8745 ) ;
#9198 = CYLINDRICAL_SURFACE ( 'NONE', #7304, 1.505000000000000338 ) ;
#9199 = CARTESIAN_POINT ( 'NONE',  ( -0.9000476708424469674, 10.66194478217150099, -1.449999999999999956 ) ) ;
#9200 = VECTOR ( 'NONE', #9711, 1000.000000000000000 ) ;
#9201 = ADVANCED_FACE ( 'NONE', ( #4677 ), #8565, .F. ) ;
#9202 = CARTESIAN_POINT ( 'NONE',  ( -0.9718728952031370216, 13.13773506781796030, 8.550000000000000711 ) ) ;
#9203 = FACE_OUTER_BOUND ( 'NONE', #4673, .T. ) ;
#9204 = DIRECTION ( 'NONE',  ( -0.6389710663783122468, 0.7692307692307702727, 0.000000000000000000 ) ) ;
#9205 = VERTEX_POINT ( 'NONE', #5609 ) ;
#9206 = PLANE ( 'NONE',  #7948 ) ;
#9207 = AXIS2_PLACEMENT_3D ( 'NONE', #10656, #12721, #10054 ) ;
#9208 = DIRECTION ( 'NONE',  ( 0.7071067811865475727, -0.7071067811865475727, 0.000000000000000000 ) ) ;
#9209 = VERTEX_POINT ( 'NONE', #2370 ) ;
#9210 = DIRECTION ( 'NONE',  ( -0.6389710663783122468, 0.7692307692307702727, 0.000000000000000000 ) ) ;
#9211 = EDGE_CURVE ( 'NONE', #4942, #4367, #4700, .T. ) ;
#9212 = ORIENTED_EDGE ( 'NONE', *, *, #8765, .T. ) ;
#9213 = CARTESIAN_POINT ( 'NONE',  ( -5.809933491950640239, 18.09157266594019831, -9.099999999999999645 ) ) ;
#9214 = ORIENTED_EDGE ( 'NONE', *, *, #10076, .F. ) ;
#9215 = ORIENTED_EDGE ( 'NONE', *, *, #5189, .F. ) ;
#9216 = VECTOR ( 'NONE', #3523, 1000.000000000000000 ) ;
#9217 = CARTESIAN_POINT ( 'NONE',  ( -5.001253558300190249, 7.790249504023520011, -5.150000000000000355 ) ) ;
#9218 = ORIENTED_EDGE ( 'NONE', *, *, #12395, .F. ) ;
#9219 = ADVANCED_FACE ( 'NONE', ( #9065 ), #7860, .T. ) ;
#9220 = VECTOR ( 'NONE', #880, 1000.000000000000000 ) ;
#9221 = CARTESIAN_POINT ( 'NONE',  ( 6.180774708501559189, 5.698619215432440654, 15.75000000000000000 ) ) ;
#9222 = CARTESIAN_POINT ( 'NONE',  ( -5.250000000000000000, 18.19999999999999929, -4.700000000000000178 ) ) ;
#9223 = CARTESIAN_POINT ( 'NONE',  ( -5.250000000000000000, 16.69999999999999929, -8.050000000000000711 ) ) ;
#9224 = EDGE_CURVE ( 'NONE', #902, #4552, #9426, .T. ) ;
#9225 = ADVANCED_FACE ( 'NONE', ( #13479 ), #13367, .T. ) ;
#9226 = CARTESIAN_POINT ( 'NONE',  ( -0.9000476708424469674, 10.66194478217150099, 11.95000000000000107 ) ) ;
#9227 = EDGE_CURVE ( 'NONE', #2878, #11498, #181, .T. ) ;
#9228 = VERTEX_POINT ( 'NONE', #9279 ) ;
#9229 = ORIENTED_EDGE ( 'NONE', *, *, #13526, .F. ) ;
#9230 = DIRECTION ( 'NONE',  ( 0.000000000000000000, 0.000000000000000000, -1.000000000000000000 ) ) ;
#9231 = DIRECTION ( 'NONE',  ( -1.000000000000000000, 0.000000000000000000, 0.000000000000000000 ) ) ;
#9232 = ORIENTED_EDGE ( 'NONE', *, *, #5317, .F. ) ;
#9233 = AXIS2_PLACEMENT_3D ( 'NONE', #8625, #7401, #12615 ) ;
#9234 = EDGE_CURVE ( 'NONE', #5396, #11788, #113, .T. ) ;
#9235 = ORIENTED_EDGE ( 'NONE', *, *, #8149, .F. ) ;
#9236 = ORIENTED_EDGE ( 'NONE', *, *, #10780, .F. ) ;
#9237 = CARTESIAN_POINT ( 'NONE',  ( 2.475030032583884765, 7.424464904027790801, -1.375113123340059973 ) ) ;
#9238 = CARTESIAN_POINT ( 'NONE',  ( 2.694312743926201126, 10.03360931743165629, 13.67764051916065959 ) ) ;
#9239 = CYLINDRICAL_SURFACE ( 'NONE', #1126, 0.5999999999999998668 ) ;
#9240 = CARTESIAN_POINT ( 'NONE',  ( 2.475030032583884765, 7.424464904027790801, 1.449999999999999956 ) ) ;
#9241 = CARTESIAN_POINT ( 'NONE',  ( 3.341155849256549626, 9.386766212101310458, 11.44999999999999929 ) ) ;
#9242 = EDGE_CURVE ( 'NONE', #8378, #6691, #228, .T. ) ;
#9243 = ORIENTED_EDGE ( 'NONE', *, *, #4471, .F. ) ;
#9244 = LINE ( 'NONE', #5907, #4766 ) ;
#9245 = VECTOR ( 'NONE', #4636, 1000.000000000000000 ) ;
#9246 = EDGE_CURVE ( 'NONE', #1633, #7104, #4491, .T. ) ;
#9247 = FACE_OUTER_BOUND ( 'NONE', #3331, .T. ) ;
#9248 = ADVANCED_FACE ( 'NONE', ( #9131 ), #8124, .F. ) ;
#9249 = EDGE_CURVE ( 'NONE', #4977, #1435, #4721, .T. ) ;
#9250 = AXIS2_PLACEMENT_3D ( 'NONE', #1775, #11838, #8666 ) ;
#9251 = ORIENTED_EDGE ( 'NONE', *, *, #12242, .F. ) ;
#9252 = VERTEX_POINT ( 'NONE', #2971 ) ;
#9253 = DIRECTION ( 'NONE',  ( -0.5332357997187978649, -0.8211111254386349589, 0.2035585949527854988 ) ) ;
#9254 = ORIENTED_EDGE ( 'NONE', *, *, #3805, .T. ) ;
#9255 = CARTESIAN_POINT ( 'NONE',  ( -1.850000000000000089, 3.200000000000000178, 15.84999999999999964 ) ) ;
#9256 = DIRECTION ( 'NONE',  ( 0.000000000000000000, 0.9438583563660177811, 0.3303504247281049411 ) ) ;
#9257 = DIRECTION ( 'NONE',  ( 0.000000000000000000, 0.000000000000000000, 1.000000000000000000 ) ) ;
#9258 = DIRECTION ( 'NONE',  ( 0.000000000000000000, 1.000000000000000000, 0.000000000000000000 ) ) ;
#9259 = CARTESIAN_POINT ( 'NONE',  ( -5.001253558300190249, 7.790249504023520011, -5.150000000000000355 ) ) ;
#9260 = VERTEX_POINT ( 'NONE', #770 ) ;
#9261 = ORIENTED_EDGE ( 'NONE', *, *, #9383, .F. ) ;
#9262 = FACE_OUTER_BOUND ( 'NONE', #4212, .T. ) ;
#9263 = VERTEX_POINT ( 'NONE', #502 ) ;
#9264 = VECTOR ( 'NONE', #718, 1000.000000000000000 ) ;
#9265 = VECTOR ( 'NONE', #3649, 1000.000000000000000 ) ;
#9266 = CARTESIAN_POINT ( 'NONE',  ( 2.149999999999999911, 0.000000000000000000, -1.850000000000000089 ) ) ;
#9267 = LINE ( 'NONE', #6688, #13414 ) ;
#9268 = DIRECTION ( 'NONE',  ( -0.6389710663783122468, 0.7692307692307702727, 0.000000000000000000 ) ) ;
#9269 = CARTESIAN_POINT ( 'NONE',  ( -7.500000000000000000, 0.000000000000000000, 16.44999999999999929 ) ) ;
#9270 = DIRECTION ( 'NONE',  ( 0.000000000000000000, 0.000000000000000000, -1.000000000000000000 ) ) ;
#9271 = EDGE_LOOP ( 'NONE', ( #13265, #12886, #9316, #11123 ) ) ;
#9272 = PRESENTATION_LAYER_ASSIGNMENT (  '', '', ( #7026 ) ) ;
#9273 = ORIENTED_EDGE ( 'NONE', *, *, #7383, .T. ) ;
#9274 = ORIENTED_EDGE ( 'NONE', *, *, #545, .F. ) ;
#9275 = ORIENTED_EDGE ( 'NONE', *, *, #9143, .T. ) ;
#9276 = ADVANCED_FACE ( 'NONE', ( #4791 ), #9012, .T. ) ;
#9277 = ORIENTED_EDGE ( 'NONE', *, *, #8224, .F. ) ;
#9278 = VECTOR ( 'NONE', #801, 1000.000000000000000 ) ;
#9279 = CARTESIAN_POINT ( 'NONE',  ( -0.1000000000000016015, 8.800000000000000711, 16.44999999999999929 ) ) ;
#9280 = ORIENTED_EDGE ( 'NONE', *, *, #10195, .T. ) ;
#9281 = VECTOR ( 'NONE', #6069, 999.9999999999998863 ) ;
#9282 = CARTESIAN_POINT ( 'NONE',  ( -7.014921993108779397, 16.26222191265249961, 1.949999999999999956 ) ) ;
#9283 = EDGE_CURVE ( 'NONE', #2180, #4602, #4468, .T. ) ;
#9284 = VECTOR ( 'NONE', #11155, 1000.000000000000227 ) ;
#9285 = LINE ( 'NONE', #7759, #233 ) ;
#9286 = DIRECTION ( 'NONE',  ( 0.000000000000000000, -1.000000000000000000, 0.000000000000000000 ) ) ;
#9287 = CARTESIAN_POINT ( 'NONE',  ( 2.740115085247985416, 9.987806976109879997, -13.23361577864529970 ) ) ;
#9288 = EDGE_LOOP ( 'NONE', ( #10750, #10717, #5155, #3479 ) ) ;
#9289 = DIRECTION ( 'NONE',  ( 0.000000000000000000, 0.000000000000000000, -1.000000000000000000 ) ) ;
#9290 = ORIENTED_EDGE ( 'NONE', *, *, #2536, .T. ) ;
#9291 = DIRECTION ( 'NONE',  ( 0.7071067811865470176, -0.7071067811865481278, 0.000000000000000000 ) ) ;
#9292 = EDGE_LOOP ( 'NONE', ( #4540, #10952, #3129, #516 ) ) ;
#9293 = DIRECTION ( 'NONE',  ( 1.246209393661499865E-16, -1.000000000000000000, 0.000000000000000000 ) ) ;
#9294 = EDGE_CURVE ( 'NONE', #10534, #6536, #27, .T. ) ;
#9295 = DIRECTION ( 'NONE',  ( 0.000000000000000000, 0.000000000000000000, -1.000000000000000000 ) ) ;
#9296 = ORIENTED_EDGE ( 'NONE', *, *, #990, .T. ) ;
#9297 = VERTEX_POINT ( 'NONE', #5871 ) ;
#9298 = LINE ( 'NONE', #8626, #9010 ) ;
#9299 = CARTESIAN_POINT ( 'NONE',  ( 2.559164477407499749, 7.554020587861660196, -0.8929954572259980461 ) ) ;
#9300 = ORIENTED_EDGE ( 'NONE', *, *, #11042, .F. ) ;
#9301 = VECTOR ( 'NONE', #2055, 1000.000000000000000 ) ;
#9302 = EDGE_CURVE ( 'NONE', #11204, #2192, #4352, .T. ) ;
#9303 = VECTOR ( 'NONE', #13014, 1000.000000000000000 ) ;
#9304 = ADVANCED_FACE ( 'NONE', ( #4582 ), #7030, .T. ) ;
#9305 = AXIS2_PLACEMENT_3D ( 'NONE', #10447, #11530, #2171 ) ;
#9306 = CYLINDRICAL_SURFACE ( 'NONE', #4390, 1.500000000000000444 ) ;
#9307 = EDGE_CURVE ( 'NONE', #4280, #7196, #4629, .T. ) ;
#9308 = CARTESIAN_POINT ( 'NONE',  ( 2.149999999999999911, -3.500000000000000000, -12.55000000000000071 ) ) ;
#9309 = VECTOR ( 'NONE', #10174, 1000.000000000000000 ) ;
#9310 = CARTESIAN_POINT ( 'NONE',  ( 2.174429660298744960, 7.725065276312930607, -11.37511312334006064 ) ) ;
#9311 = CARTESIAN_POINT ( 'NONE',  ( -7.014921993108779397, 16.26222191265249961, 8.550000000000000711 ) ) ;
#9312 = CARTESIAN_POINT ( 'NONE',  ( -5.001253558300190249, 7.790249504023520011, 13.54999999999999893 ) ) ;
#9313 = VERTEX_POINT ( 'NONE', #4823 ) ;
#9314 = ORIENTED_EDGE ( 'NONE', *, *, #10212, .T. ) ;
#9315 = DIRECTION ( 'NONE',  ( 0.000000000000000000, 0.000000000000000000, -1.000000000000000000 ) ) ;
#9316 = ORIENTED_EDGE ( 'NONE', *, *, #4790, .T. ) ;
#9317 = EDGE_CURVE ( 'NONE', #3945, #9102, #13388, .T. ) ;
#9318 = ORIENTED_EDGE ( 'NONE', *, *, #4975, .F. ) ;
#9319 = AXIS2_PLACEMENT_3D ( 'NONE', #5199, #6535, #5544 ) ;
#9320 = ORIENTED_EDGE ( 'NONE', *, *, #2385, .F. ) ;
#9321 = FACE_OUTER_BOUND ( 'NONE', #13409, .T. ) ;
#9322 = DIRECTION ( 'NONE',  ( 0.000000000000000000, 0.000000000000000000, -1.000000000000000000 ) ) ;
#9323 = CARTESIAN_POINT ( 'NONE',  ( 2.317718362080884109, 10.13004388994448135, -2.077790028608044182 ) ) ;
#9324 = ORIENTED_EDGE ( 'NONE', *, *, #9068, .F. ) ;
#9325 = FACE_OUTER_BOUND ( 'NONE', #12437, .T. ) ;
#9326 = ADVANCED_FACE ( 'NONE', ( #8898 ), #548, .F. ) ;
#9327 = EDGE_CURVE ( 'NONE', #555, #7556, #5050, .T. ) ;
#9328 = CONICAL_SURFACE ( 'NONE', #2264, 0.8748868766599399160, 0.2094395102393268593 ) ;
#9329 = AXIS2_PLACEMENT_3D ( 'NONE', #6404, #2099, #4985 ) ;
#9330 = FACE_OUTER_BOUND ( 'NONE', #2273, .T. ) ;
#9331 = ADVANCED_FACE ( 'NONE', ( #5194 ), #6631, .T. ) ;
#9332 = ORIENTED_EDGE ( 'NONE', *, *, #11517, .F. ) ;
#9333 = ORIENTED_EDGE ( 'NONE', *, *, #5586, .F. ) ;
#9334 = CARTESIAN_POINT ( 'NONE',  ( -3.775451385280815142, 16.42485207100589761, 0.9000000000000000222 ) ) ;
#9335 = ORIENTED_EDGE ( 'NONE', *, *, #7377, .F. ) ;
#9336 = CARTESIAN_POINT ( 'NONE',  ( 0.000000000000000000, -4.000000000000000000, -12.02499999999999858 ) ) ;
#9337 = DIRECTION ( 'NONE',  ( -0.7071067811865475727, 0.7071067811865475727, 0.000000000000000000 ) ) ;
#9338 = DIRECTION ( 'NONE',  ( 1.000000000000000000, 0.000000000000000000, 0.000000000000000000 ) ) ;
#9339 = DIRECTION ( 'NONE',  ( -0.8753734620995469173, -0.4834473103160809582, 0.000000000000000000 ) ) ;
#9340 = VERTEX_POINT ( 'NONE', #9364 ) ;
#9341 = ORIENTED_EDGE ( 'NONE', *, *, #11227, .F. ) ;
#9342 = LINE ( 'NONE', #2260, #154 ) ;
#9343 = EDGE_CURVE ( 'NONE', #10036, #8803, #4861, .T. ) ;
#9344 = AXIS2_PLACEMENT_3D ( 'NONE', #8544, #4342, #11541 ) ;
#9345 = EDGE_LOOP ( 'NONE', ( #7412, #7430, #3308, #11025, #8867, #6558 ) ) ;
#9346 = LINE ( 'NONE', #1471, #5029 ) ;
#9347 = VECTOR ( 'NONE', #949, 1000.000000000000000 ) ;
#9348 = CARTESIAN_POINT ( 'NONE',  ( 2.850000000000000089, -4.000000000000000000, 3.149999999999999911 ) ) ;
#9349 = FACE_OUTER_BOUND ( 'NONE', #1671, .T. ) ;
#9350 = DIRECTION ( 'NONE',  ( -0.4834473103160809582, 0.8753734620995469173, 0.000000000000000000 ) ) ;
#9351 = DIRECTION ( 'NONE',  ( 0.000000000000000000, -1.000000000000000000, 0.000000000000000000 ) ) ;
#9352 = VECTOR ( 'NONE', #11781, 999.9999999999998863 ) ;
#9353 = CARTESIAN_POINT ( 'NONE',  ( -3.984748662560944954, 15.89430833868740045, -13.05000000000000071 ) ) ;
#9354 = PLANE ( 'NONE',  #1712 ) ;
#9355 = ORIENTED_EDGE ( 'NONE', *, *, #4803, .F. ) ;
#9356 = CARTESIAN_POINT ( 'NONE',  ( -6.208456599567469425, 17.85384615384614904, 3.550000000000000266 ) ) ;
#9357 = ADVANCED_FACE ( 'NONE', ( #4814 ), #4299, .F. ) ;
#9358 = ORIENTED_EDGE ( 'NONE', *, *, #12910, .F. ) ;
#9359 = VERTEX_POINT ( 'NONE', #3226 ) ;
#9360 = VERTEX_POINT ( 'NONE', #10603 ) ;
#9361 = EDGE_CURVE ( 'NONE', #2961, #4463, #9625, .T. ) ;
#9362 = ORIENTED_EDGE ( 'NONE', *, *, #11061, .F. ) ;
#9363 = LINE ( 'NONE', #8449, #9103 ) ;
#9364 = CARTESIAN_POINT ( 'NONE',  ( -2.149999999999999911, 0.000000000000000000, 13.15000000000000036 ) ) ;
#9365 = VERTEX_POINT ( 'NONE', #10408 ) ;
#9366 = CYLINDRICAL_SURFACE ( 'NONE', #10721, 1.505000000000000338 ) ;
#9367 = DIRECTION ( 'NONE',  ( -1.000000000000000000, 0.000000000000000000, 0.000000000000000000 ) ) ;
#9368 = CARTESIAN_POINT ( 'NONE',  ( -2.149999999999999911, 0.000000000000000000, -6.850000000000000533 ) ) ;
#9369 = LINE ( 'NONE', #3314, #9537 ) ;
#9370 =( GEOMETRIC_REPRESENTATION_CONTEXT ( 3 ) GLOBAL_UNCERTAINTY_ASSIGNED_CONTEXT ( ( #11654 ) ) GLOBAL_UNIT_ASSIGNED_CONTEXT ( ( #12197, #11293, #4867 ) ) REPRESENTATION_CONTEXT ( 'NONE', 'WORKASPACE' ) );
#9371 = LINE ( 'NONE', #12337, #549 ) ;
#9372 = DIRECTION ( 'NONE',  ( 0.000000000000000000, 0.000000000000000000, -1.000000000000000000 ) ) ;
#9373 = EDGE_CURVE ( 'NONE', #5861, #3762, #4983, .T. ) ;
#9374 = PLANE ( 'NONE',  #7781 ) ;
#9375 = FACE_OUTER_BOUND ( 'NONE', #7745, .T. ) ;
#9376 = DIRECTION ( 'NONE',  ( 0.000000000000000000, 1.000000000000000000, 0.000000000000000000 ) ) ;
#9377 = EDGE_CURVE ( 'NONE', #3508, #5996, #501, .T. ) ;
#9378 = ORIENTED_EDGE ( 'NONE', *, *, #3953, .T. ) ;
#9379 = EDGE_CURVE ( 'NONE', #9000, #2083, #5118, .T. ) ;
#9380 = EDGE_CURVE ( 'NONE', #5533, #10001, #574, .T. ) ;
#9381 = CARTESIAN_POINT ( 'NONE',  ( -0.9718728952031370216, 13.13773506781796030, -13.05000000000000071 ) ) ;
#9382 = DIRECTION ( 'NONE',  ( 0.7071067811865470176, -0.7071067811865480168, 0.000000000000000000 ) ) ;
#9383 = EDGE_CURVE ( 'NONE', #9506, #9620, #298, .T. ) ;
#9384 = EDGE_LOOP ( 'NONE', ( #2910, #5610, #6109, #6577 ) ) ;
#9385 = DIRECTION ( 'NONE',  ( 0.6389710663783111366, -0.7692307692307711608, 0.000000000000000000 ) ) ;
#9386 = CARTESIAN_POINT ( 'NONE',  ( 1.926942286883454925, 7.972552649728219976, -2.250000000000000000 ) ) ;
#9387 = ORIENTED_EDGE ( 'NONE', *, *, #13364, .T. ) ;
#9388 = DIRECTION ( 'NONE',  ( -0.7692307692307698286, -0.6389710663783129130, 0.000000000000000000 ) ) ;
#9389 = ORIENTED_EDGE ( 'NONE', *, *, #2852, .F. ) ;
#9390 = ADVANCED_FACE ( 'NONE', ( #4884 ), #163, .F. ) ;
#9391 = ORIENTED_EDGE ( 'NONE', *, *, #10627, .F. ) ;
#9392 = CIRCLE ( 'NONE', #3103, 1.000000000000027978 ) ;
#9393 = DIRECTION ( 'NONE',  ( -0.5332357997187978649, -0.8211111254386358471, -0.2035585949527829175 ) ) ;
#9394 = CARTESIAN_POINT ( 'NONE',  ( 2.534775145998704904, 7.516464310934400039, 1.575283102127799983 ) ) ;
#9395 = EDGE_LOOP ( 'NONE', ( #928, #1562, #8088, #8853, #5772, #5511, #12156, #4382, #8514, #1686, #9718, #10233, #4300, #3842, #5208, #9833, #9623, #8251, #4323, #13193, #13221, #12487, #1930, #9784, #3061, #4599, #3193, #7935, #5042 ) ) ;
#9396 = LINE ( 'NONE', #11257, #9723 ) ;
#9397 = FACE_OUTER_BOUND ( 'NONE', #6507, .T. ) ;
#9398 = CARTESIAN_POINT ( 'NONE',  ( -5.250000000000000000, 16.69999999999999929, 10.90000000000000036 ) ) ;
#9399 = ORIENTED_EDGE ( 'NONE', *, *, #3098, .F. ) ;
#9400 = VECTOR ( 'NONE', #3507, 1000.000000000000000 ) ;
#9401 = CARTESIAN_POINT ( 'NONE',  ( -7.014921993108779397, 16.26222191265249961, -11.44999999999999929 ) ) ;
#9402 = EDGE_CURVE ( 'NONE', #6637, #4024, #9560, .T. ) ;
#9403 = CARTESIAN_POINT ( 'NONE',  ( -2.850000000000000089, -4.000000000000000000, 7.450000000000000178 ) ) ;
#9404 = CARTESIAN_POINT ( 'NONE',  ( -1.530854753362479892, 11.74577986658169948, -3.050000000000000266 ) ) ;
#9405 = ORIENTED_EDGE ( 'NONE', *, *, #244, .T. ) ;
#9406 = DIRECTION ( 'NONE',  ( 0.000000000000000000, 0.000000000000000000, -1.000000000000000000 ) ) ;
#9407 = ORIENTED_EDGE ( 'NONE', *, *, #3300, .T. ) ;
#9408 = ORIENTED_EDGE ( 'NONE', *, *, #3608, .T. ) ;
#9409 = CARTESIAN_POINT ( 'NONE',  ( 4.330811839566824695, 5.568683097044850427, -0.9251131233400490261 ) ) ;
#9410 = EDGE_CURVE ( 'NONE', #8117, #2021, #592, .T. ) ;
#9411 = ADVANCED_FACE ( 'NONE', ( #9647 ), #433, .F. ) ;
#9412 = VERTEX_POINT ( 'NONE', #1211 ) ;
#9413 = ORIENTED_EDGE ( 'NONE', *, *, #5307, .F. ) ;
#9414 = DIRECTION ( 'NONE',  ( -0.5332357997187981979, -0.8211111254386354030, -0.2035585949527830840 ) ) ;
#9415 = LINE ( 'NONE', #7925, #362 ) ;
#9417 = EDGE_CURVE ( 'NONE', #2830, #11731, #9369, .T. ) ;
#9416 = DIRECTION ( 'NONE',  ( -1.000000000000000000, 0.000000000000000000, 0.000000000000000000 ) ) ;
#9418 = AXIS2_PLACEMENT_3D ( 'NONE', #3892, #13496, #2917 ) ;
#9419 = EDGE_LOOP ( 'NONE', ( #2465, #2248 ) ) ;
#9420 = VECTOR ( 'NONE', #510, 1000.000000000000000 ) ;
#9421 = LINE ( 'NONE', #7886, #9676 ) ;
#9422 = ADVANCED_FACE ( 'NONE', ( #5008 ), #257, .T. ) ;
#9423 = LINE ( 'NONE', #7892, #708 ) ;
#9424 = ORIENTED_EDGE ( 'NONE', *, *, #11042, .T. ) ;
#9425 = VECTOR ( 'NONE', #1412, 1000.000000000000000 ) ;
#9426 = B_SPLINE_CURVE_WITH_KNOTS ( 'NONE', 3,
 ( #8034, #2800, #1557, #9105, #1656, #11249, #6156, #7947 ),
 .UNSPECIFIED., .F., .F.,
 ( 4, 2, 2, 4 ),
 ( 0.000000000000000000, 0.2500000000000001110, 0.5000000000000002220, 1.000000000000000000 ),
 .UNSPECIFIED. ) ;
#9427 = VERTEX_POINT ( 'NONE', #2395 ) ;
#9428 = CARTESIAN_POINT ( 'NONE',  ( 2.850000000000000089, -3.500000000000000000, 2.449999999999999734 ) ) ;
#9429 = CARTESIAN_POINT ( 'NONE',  ( -3.649999999999999911, 11.17795660910094036, 16.44999999999999929 ) ) ;
#9430 = DIRECTION ( 'NONE',  ( 0.5735764363510499342, -0.8191520442889891340, 0.000000000000000000 ) ) ;
#9431 = ORIENTED_EDGE ( 'NONE', *, *, #2323, .T. ) ;
#9432 = CARTESIAN_POINT ( 'NONE',  ( 2.850000000000000089, -4.000000000000000000, 3.149999999999999911 ) ) ;
#9433 = CARTESIAN_POINT ( 'NONE',  ( -5.250000000000000000, 16.69999999999999929, -9.099999999999999645 ) ) ;
#9434 = DIRECTION ( 'NONE',  ( 0.000000000000000000, 0.000000000000000000, -1.000000000000000000 ) ) ;
#9435 = DIRECTION ( 'NONE',  ( 0.000000000000000000, 0.000000000000000000, -1.000000000000000000 ) ) ;
#9436 = APPLICATION_PROTOCOL_DEFINITION ( 'draft international standard', 'automotive_design', 1998, #11739 ) ;
#9437 = ORIENTED_EDGE ( 'NONE', *, *, #381, .F. ) ;
#9438 = ORIENTED_EDGE ( 'NONE', *, *, #9853, .T. ) ;
#9439 = LINE ( 'NONE', #5903, #9278 ) ;
#9440 = CARTESIAN_POINT ( 'NONE',  ( 2.559164477407499749, 7.554020587861660196, 13.65700454277400056 ) ) ;
#9441 = ORIENTED_EDGE ( 'NONE', *, *, #677, .T. ) ;
#9442 = ADVANCED_FACE ( 'NONE', ( #9606 ), #4120, .F. ) ;
#9443 = FACE_OUTER_BOUND ( 'NONE', #5212, .T. ) ;
#9444 = DIRECTION ( 'NONE',  ( 0.8191520442889891340, 0.5735764363510499342, 0.000000000000000000 ) ) ;
#9445 = AXIS2_PLACEMENT_3D ( 'NONE', #3394, #10883, #6619 ) ;
#9446 = DIRECTION ( 'NONE',  ( 0.000000000000000000, 0.000000000000000000, -1.000000000000000000 ) ) ;
#9447 = DIRECTION ( 'NONE',  ( 1.000000000000000000, 0.000000000000000000, 0.000000000000000000 ) ) ;
#9448 = UNCERTAINTY_MEASURE_WITH_UNIT (LENGTH_MEASURE( 1.000000000000000082E-05 ), #5122, 'distance_accuracy_value', 'NONE');
#9449 = ORIENTED_EDGE ( 'NONE', *, *, #8677, .T. ) ;
#9450 = LINE ( 'NONE', #7552, #9352 ) ;
#9451 = DIRECTION ( 'NONE',  ( 0.000000000000000000, 0.000000000000000000, 1.000000000000000000 ) ) ;
#9452 = DIRECTION ( 'NONE',  ( -0.4834473103160809582, 0.8753734620995469173, 0.000000000000000000 ) ) ;
#9453 = VERTEX_POINT ( 'NONE', #11852 ) ;
#9454 = EDGE_CURVE ( 'NONE', #9365, #889, #9792, .T. ) ;
#9455 = CARTESIAN_POINT ( 'NONE',  ( -6.424999999999999822, 7.185000000000000497, 15.84999999999999964 ) ) ;
#9456 = EDGE_CURVE ( 'NONE', #2145, #13467, #4911, .T. ) ;
#9457 = ORIENTED_EDGE ( 'NONE', *, *, #12277, .T. ) ;
#9458 = EDGE_LOOP ( 'NONE', ( #3965, #13334, #6431, #3642 ) ) ;
#9459 = EDGE_LOOP ( 'NONE', ( #10917, #11904, #9549, #10473 ) ) ;
#9460 = CARTESIAN_POINT ( 'NONE',  ( -0.9718728952031370216, 13.13773506781796030, 8.550000000000000711 ) ) ;
#9461 = ORIENTED_EDGE ( 'NONE', *, *, #4728, .F. ) ;
#9462 = LINE ( 'NONE', #10971, #5007 ) ;
#9463 = PLANE ( 'NONE',  #251 ) ;
#9464 = CARTESIAN_POINT ( 'NONE',  ( 2.740115085247985416, 9.987806976109879997, 16.44999999999999929 ) ) ;
#9465 = CIRCLE ( 'NONE', #7527, 1.500000000000000000 ) ;
#9466 = CARTESIAN_POINT ( 'NONE',  ( -2.399604646138564945, 13.25676273017529994, 8.550000000000000711 ) ) ;
#9467 = FACE_OUTER_BOUND ( 'NONE', #6045, .T. ) ;
#9468 = DIRECTION ( 'NONE',  ( 0.000000000000000000, 0.000000000000000000, -1.000000000000000000 ) ) ;
#9469 = ORIENTED_EDGE ( 'NONE', *, *, #8302, .T. ) ;
#9470 = AXIS2_PLACEMENT_3D ( 'NONE', #10725, #2330, #3332 ) ;
#9471 = FACE_OUTER_BOUND ( 'NONE', #3278, .T. ) ;
#9472 = DIRECTION ( 'NONE',  ( 0.000000000000000000, 0.000000000000000000, 1.000000000000000000 ) ) ;
#9473 = ORIENTED_EDGE ( 'NONE', *, *, #4832, .T. ) ;
#9474 = DIRECTION ( 'NONE',  ( 1.000000000000000000, 0.000000000000000000, 0.000000000000000000 ) ) ;
#9475 = ADVANCED_FACE ( 'NONE', ( #615 ), #12959, .F. ) ;
#9476 = DIRECTION ( 'NONE',  ( -0.000000000000000000, 0.3303504247281054407, 0.9438583563660176701 ) ) ;
#9477 = EDGE_CURVE ( 'NONE', #333, #8206, #520, .T. ) ;
#9478 = CARTESIAN_POINT ( 'NONE',  ( 4.330811839566820254, 5.568683097044850427, -13.34958492358055793 ) ) ;
#9479 = ORIENTED_EDGE ( 'NONE', *, *, #1971, .F. ) ;
#9480 = DIRECTION ( 'NONE',  ( 0.000000000000000000, 0.000000000000000000, 1.000000000000000000 ) ) ;
#9481 = AXIS2_PLACEMENT_3D ( 'NONE', #7098, #13253, #655 ) ;
#9482 = DIRECTION ( 'NONE',  ( 0.000000000000000000, 0.000000000000000000, -1.000000000000000000 ) ) ;
#9483 = EDGE_CURVE ( 'NONE', #6068, #6616, #9724, .T. ) ;
#9484 = ORIENTED_EDGE ( 'NONE', *, *, #11657, .F. ) ;
#9485 = ORIENTED_EDGE ( 'NONE', *, *, #8712, .T. ) ;
#9486 = FACE_OUTER_BOUND ( 'NONE', #5730, .T. ) ;
#9487 = DIRECTION ( 'NONE',  ( 0.5735764363510511554, -0.8191520442889882458, 0.000000000000000000 ) ) ;
#9488 = DIRECTION ( 'NONE',  ( 0.000000000000000000, 0.000000000000000000, 1.000000000000000000 ) ) ;
#9489 = EDGE_LOOP ( 'NONE', ( #9320, #8518, #1279, #172 ) ) ;
#9490 = FACE_OUTER_BOUND ( 'NONE', #1952, .T. ) ;
#9491 = VECTOR ( 'NONE', #9642, 1000.000000000000000 ) ;
#9492 = VECTOR ( 'NONE', #4934, 1000.000000000000114 ) ;
#9493 = DIRECTION ( 'NONE',  ( 0.8386705679454268259, -0.5446390350150228654, 0.000000000000000000 ) ) ;
#9494 = EDGE_CURVE ( 'NONE', #4280, #13374, #5165, .T. ) ;
#9495 = ORIENTED_EDGE ( 'NONE', *, *, #3325, .F. ) ;
#9496 = VECTOR ( 'NONE', #911, 1000.000000000000000 ) ;
#9497 = DIRECTION ( 'NONE',  ( 0.000000000000000000, 0.000000000000000000, 1.000000000000000000 ) ) ;
#9498 = CARTESIAN_POINT ( 'NONE',  ( 3.341155849256549626, 9.386766212101310458, 14.05000000000000071 ) ) ;
#9499 = AXIS2_PLACEMENT_3D ( 'NONE', #3773, #12864, #7970 ) ;
#9500 = DIRECTION ( 'NONE',  ( 0.000000000000000000, 0.000000000000000000, 1.000000000000000000 ) ) ;
#9501 = ORIENTED_EDGE ( 'NONE', *, *, #5586, .T. ) ;
#9502 = DIRECTION ( 'NONE',  ( 0.000000000000000000, 0.000000000000000000, -1.000000000000000000 ) ) ;
#9503 = DIRECTION ( 'NONE',  ( 0.000000000000000000, -1.000000000000000000, 0.000000000000000000 ) ) ;
#9504 = EDGE_LOOP ( 'NONE', ( #8672, #8491, #1055, #4981 ) ) ;
#9505 = ORIENTED_EDGE ( 'NONE', *, *, #13119, .F. ) ;
#9506 = VERTEX_POINT ( 'NONE', #1490 ) ;
#9507 = CARTESIAN_POINT ( 'NONE',  ( -5.250000000000000000, 16.69999999999999929, 11.95000000000000107 ) ) ;
#9508 = DIRECTION ( 'NONE',  ( 0.000000000000000000, -0.9888927622975226539, -0.1486307662483623282 ) ) ;
#9509 = LINE ( 'NONE', #3125, #5335 ) ;
#9510 = AXIS2_PLACEMENT_3D ( 'NONE', #2679, #3706, #5575 ) ;
#9511 = DIRECTION ( 'NONE',  ( 0.6389710663783111366, -0.7692307692307711608, 0.000000000000000000 ) ) ;
#9512 = DIRECTION ( 'NONE',  ( 0.3420201433256694901, -0.9396926207859080948, 0.000000000000000000 ) ) ;
#9513 = ORIENTED_EDGE ( 'NONE', *, *, #7287, .F. ) ;
#9514 = FACE_OUTER_BOUND ( 'NONE', #6336, .T. ) ;
#9515 = DIRECTION ( 'NONE',  ( 0.000000000000000000, -1.000000000000000000, 0.000000000000000000 ) ) ;
#9516 = VECTOR ( 'NONE', #6248, 999.9999999999998863 ) ;
#9517 = CARTESIAN_POINT ( 'NONE',  ( -5.334999999999999964, 3.364999999999999769, 15.75000000000000000 ) ) ;
#9518 = ORIENTED_EDGE ( 'NONE', *, *, #285, .T. ) ;
#9519 = CIRCLE ( 'NONE', #8880, 1.000000000000027978 ) ;
#9520 = ORIENTED_EDGE ( 'NONE', *, *, #4581, .F. ) ;
#9521 = EDGE_CURVE ( 'NONE', #4367, #6183, #4933, .T. ) ;
#9522 = CARTESIAN_POINT ( 'NONE',  ( 0.4002692478210165272, 3.002422202587514910, -15.84999999999999964 ) ) ;
#9523 = AXIS2_PLACEMENT_3D ( 'NONE', #1992, #10368, #2925 ) ;
#9524 = ORIENTED_EDGE ( 'NONE', *, *, #11854, .T. ) ;
#9525 = DIRECTION ( 'NONE',  ( 0.000000000000000000, 1.000000000000000000, 0.000000000000000000 ) ) ;
#9526 = PLANE ( 'NONE',  #12322 ) ;
#9527 = DIRECTION ( 'NONE',  ( 0.000000000000000000, 0.000000000000000000, -1.000000000000000000 ) ) ;
#9528 = ADVANCED_FACE ( 'NONE', ( #9443 ), #11095, .F. ) ;
#9529 = CARTESIAN_POINT ( 'NONE',  ( -7.025000000000000355, 7.185000000000000497, 15.75000000000000000 ) ) ;
#9530 = ORIENTED_EDGE ( 'NONE', *, *, #3104, .T. ) ;
#9531 = VERTEX_POINT ( 'NONE', #4853 ) ;
#9532 = LINE ( 'NONE', #5264, #9852 ) ;
#9533 = DIRECTION ( 'NONE',  ( -1.000000000000000000, 0.000000000000000000, 0.000000000000000000 ) ) ;
#9534 = EDGE_CURVE ( 'NONE', #3329, #4868, #9421, .T. ) ;
#9535 = ORIENTED_EDGE ( 'NONE', *, *, #2882, .F. ) ;
#9536 = LINE ( 'NONE', #11919, #9603 ) ;
#9537 = VECTOR ( 'NONE', #8591, 1000.000000000000114 ) ;
#9538 = ADVANCED_FACE ( 'NONE', ( #5297 ), #5898, .T. ) ;
#9539 = MANIFOLD_SOLID_BREP ( 'NONE', #7189 ) ;
#9540 = DIRECTION ( 'NONE',  ( 0.6389710663783129130, -0.7692307692307697176, 0.000000000000000000 ) ) ;
#9541 = CARTESIAN_POINT ( 'NONE',  ( -5.001253558300190249, 7.790249504023520011, 9.849999999999999645 ) ) ;
#9542 = LINE ( 'NONE', #11684, #299 ) ;
#9543 = CARTESIAN_POINT ( 'NONE',  ( -3.085121267875464923, 9.590503654791699972, 15.75000000000000000 ) ) ;
#9544 = CARTESIAN_POINT ( 'NONE',  ( -3.155831945994115095, 10.15618907974091911, -15.15000000000000036 ) ) ;
#9545 = EDGE_CURVE ( 'NONE', #3329, #252, #276, .T. ) ;
#9546 = VERTEX_POINT ( 'NONE', #2822 ) ;
#9547 = VECTOR ( 'NONE', #4527, 1000.000000000000000 ) ;
#9548 = ORIENTED_EDGE ( 'NONE', *, *, #4587, .T. ) ;
#9549 = ORIENTED_EDGE ( 'NONE', *, *, #12590, .F. ) ;
#9550 = AXIS2_PLACEMENT_3D ( 'NONE', #9633, #2120, #8667 ) ;
#9551 = EDGE_CURVE ( 'NONE', #2295, #10487, #9465, .T. ) ;
#9552 = ORIENTED_EDGE ( 'NONE', *, *, #685, .T. ) ;
#9553 = ORIENTED_EDGE ( 'NONE', *, *, #11640, .T. ) ;
#9554 = FACE_OUTER_BOUND ( 'NONE', #6607, .T. ) ;
#9555 = EDGE_CURVE ( 'NONE', #6892, #463, #9879, .T. ) ;
#9556 = ORIENTED_EDGE ( 'NONE', *, *, #5197, .T. ) ;
#9557 = CYLINDRICAL_SURFACE ( 'NONE', #882, 1.000000000000028200 ) ;
#9558 = DIRECTION ( 'NONE',  ( 0.000000000000000000, -0.9888927622975229870, -0.1486307662483605796 ) ) ;
#9559 = DIRECTION ( 'NONE',  ( 0.000000000000000000, 0.000000000000000000, -1.000000000000000000 ) ) ;
#9560 = LINE ( 'NONE', #4206, #705 ) ;
#9561 = EDGE_CURVE ( 'NONE', #10763, #536, #818, .T. ) ;
#9562 = DIRECTION ( 'NONE',  ( -0.6389710663783129130, 0.7692307692307697176, 0.000000000000000000 ) ) ;
#9563 = VECTOR ( 'NONE', #10805, 1000.000000000000000 ) ;
#9564 = VERTEX_POINT ( 'NONE', #2559 ) ;
#9565 = FACE_OUTER_BOUND ( 'NONE', #4669, .T. ) ;
#9566 = CARTESIAN_POINT ( 'NONE',  ( -2.399604646138564945, 13.25676273017529994, 6.949999999999999289 ) ) ;
#9567 = ADVANCED_FACE ( 'NONE', ( #5407 ), #9917, .F. ) ;
#9568 = AXIS2_PLACEMENT_3D ( 'NONE', #1993, #10369, #3692 ) ;
#9569 = VERTEX_POINT ( 'NONE', #5808 ) ;
#9570 = DIRECTION ( 'NONE',  ( -0.7692307692307698286, -0.6389710663783129130, 0.000000000000000000 ) ) ;
#9571 = CARTESIAN_POINT ( 'NONE',  ( -7.500000000000000000, -3.500000000000000000, -7.550000000000000711 ) ) ;
#9572 = CARTESIAN_POINT ( 'NONE',  ( 2.850000000000000089, 0.000000000000000000, 3.149999999999999911 ) ) ;
#9573 = PLANE ( 'NONE',  #6968 ) ;
#9574 = VERTEX_POINT ( 'NONE', #2071 ) ;
#9575 = CARTESIAN_POINT ( 'NONE',  ( 7.289789233326869677, 5.438132828030980193, 15.84999999999999964 ) ) ;
#9576 = VERTEX_POINT ( 'NONE', #979 ) ;
#9577 = ORIENTED_EDGE ( 'NONE', *, *, #5436, .F. ) ;
#9578 = LINE ( 'NONE', #5086, #9896 ) ;
#9579 = ORIENTED_EDGE ( 'NONE', *, *, #2758, .F. ) ;
#9580 = LINE ( 'NONE', #6165, #5279 ) ;
#9581 = DIRECTION ( 'NONE',  ( 0.000000000000000000, 0.000000000000000000, 1.000000000000000000 ) ) ;
#9582 = EDGE_LOOP ( 'NONE', ( #11701, #2049, #5346, #7277 ) ) ;
#9583 = EDGE_CURVE ( 'NONE', #6214, #6171, #5468, .T. ) ;
#9584 = LINE ( 'NONE', #5827, #5078 ) ;
#9585 = CARTESIAN_POINT ( 'NONE',  ( -5.246999171586890220, 7.618176573118209838, -5.150000000000000355 ) ) ;
#9586 = PLANE ( 'NONE',  #8751 ) ;
#9587 = CARTESIAN_POINT ( 'NONE',  ( -7.014921993108779397, 16.26222191265249961, -3.050000000000000266 ) ) ;
#9588 = VERTEX_POINT ( 'NONE', #1062 ) ;
#9589 = CARTESIAN_POINT ( 'NONE',  ( 2.149999999999999911, -4.000000000000000000, 12.44999999999999929 ) ) ;
#9590 = EDGE_CURVE ( 'NONE', #3735, #12117, #930, .T. ) ;
#9591 = ADVANCED_FACE ( 'NONE', ( #10059 ), #10100, .F. ) ;
#9592 = AXIS2_PLACEMENT_3D ( 'NONE', #12905, #6860, #3831 ) ;
#9593 = DIRECTION ( 'NONE',  ( 0.000000000000000000, 0.000000000000000000, 1.000000000000000000 ) ) ;
#9594 = ORIENTED_EDGE ( 'NONE', *, *, #3279, .T. ) ;
#9595 = ORIENTED_EDGE ( 'NONE', *, *, #8076, .F. ) ;
#9596 = ORIENTED_EDGE ( 'NONE', *, *, #11956, .F. ) ;
#9597 = DIRECTION ( 'NONE',  ( 0.7071067811865460184, 0.7071067811865489050, 0.000000000000000000 ) ) ;
#9598 = PLANE ( 'NONE',  #7447 ) ;
#9599 = VECTOR ( 'NONE', #10082, 1000.000000000000000 ) ;
#9600 = DIRECTION ( 'NONE',  ( -0.2588190451025219607, -0.9659258262890678681, 0.000000000000000000 ) ) ;
#9601 = DIRECTION ( 'NONE',  ( 0.000000000000000000, 0.000000000000000000, 1.000000000000000000 ) ) ;
#9602 = ORIENTED_EDGE ( 'NONE', *, *, #9068, .T. ) ;
#9603 = VECTOR ( 'NONE', #420, 1000.000000000000114 ) ;
#9604 = EDGE_CURVE ( 'NONE', #12694, #12405, #5674, .T. ) ;
#9605 = CARTESIAN_POINT ( 'NONE',  ( 6.735268398951980373, 5.992653662405889037, -10.50000000000000000 ) ) ;
#9606 = FACE_OUTER_BOUND ( 'NONE', #4627, .T. ) ;
#9607 = VECTOR ( 'NONE', #2980, 1000.000000000000000 ) ;
#9608 = ORIENTED_EDGE ( 'NONE', *, *, #6459, .F. ) ;
#9609 = VECTOR ( 'NONE', #10621, 999.9999999999998863 ) ;
#9610 = ORIENTED_EDGE ( 'NONE', *, *, #797, .T. ) ;
#9611 = VERTEX_POINT ( 'NONE', #3166 ) ;
#9612 = CARTESIAN_POINT ( 'NONE',  ( 2.364278014140928530, 10.13430373392472283, -12.60101042747717592 ) ) ;
#9613 = CARTESIAN_POINT ( 'NONE',  ( -6.077610530143179979, 9.327446567904038588, -1.449999999999999956 ) ) ;
#9614 = STYLED_ITEM ( 'NONE', ( #7829 ), #444 ) ;
#9615 = CARTESIAN_POINT ( 'NONE',  ( -1.442193645700395876, 12.96803417904112088, -6.450000000000000178 ) ) ;
#9616 = ORIENTED_EDGE ( 'NONE', *, *, #3845, .F. ) ;
#9617 = EDGE_LOOP ( 'NONE', ( #9457, #3217, #7147, #5454 ) ) ;
#9618 = ADVANCED_FACE ( 'NONE', ( #10187 ), #13400, .T. ) ;
#9619 = UNCERTAINTY_MEASURE_WITH_UNIT (LENGTH_MEASURE( 1.000000000000000082E-05 ), #10156, 'distance_accuracy_value', 'NONE');
#9620 = VERTEX_POINT ( 'NONE', #4146 ) ;
#9621 = VECTOR ( 'NONE', #2297, 999.9999999999998863 ) ;
#9622 = CARTESIAN_POINT ( 'NONE',  ( -2.149999999999999911, -4.000000000000000000, 3.149999999999999911 ) ) ;
#9623 = ORIENTED_EDGE ( 'NONE', *, *, #910, .T. ) ;
#9624 = EDGE_CURVE ( 'NONE', #5851, #6398, #5451, .T. ) ;
#9625 = LINE ( 'NONE', #8310, #5098 ) ;
#9626 = DIRECTION ( 'NONE',  ( -0.7071067811865475727, 0.7071067811865475727, 0.000000000000000000 ) ) ;
#9627 = LINE ( 'NONE', #9025, #9492 ) ;
#9628 = EDGE_CURVE ( 'NONE', #11330, #9055, #10211, .T. ) ;
#9629 = DIRECTION ( 'NONE',  ( -0.4834473103160809582, 0.8753734620995469173, 0.000000000000000000 ) ) ;
#9630 = EDGE_LOOP ( 'NONE', ( #4570, #12310, #977, #1968, #9923, #9431 ) ) ;
#9631 = LINE ( 'NONE', #2578, #4915 ) ;
#9632 = PLANE ( 'NONE',  #5200 ) ;
#9633 = CARTESIAN_POINT ( 'NONE',  ( 0.000000000000000000, -4.000000000000000000, -10.00000000000000000 ) ) ;
#9634 = CARTESIAN_POINT ( 'NONE',  ( -1.250000000000000000, 0.4000000000000000222, 16.44999999999999929 ) ) ;
#9635 = ORIENTED_EDGE ( 'NONE', *, *, #6918, .T. ) ;
#9636 = VERTEX_POINT ( 'NONE', #4327 ) ;
#9637 = VERTEX_POINT ( 'NONE', #8531 ) ;
#9638 = AXIS2_PLACEMENT_3D ( 'NONE', #13131, #1692, #12019 ) ;
#9639 = ORIENTED_EDGE ( 'NONE', *, *, #8500, .T. ) ;
#9640 = AXIS2_PLACEMENT_3D ( 'NONE', #4395, #7308, #6550 ) ;
#9641 = VECTOR ( 'NONE', #2020, 1000.000000000000000 ) ;
#9642 = DIRECTION ( 'NONE',  ( 0.6389710663783111366, -0.7692307692307711608, 0.000000000000000000 ) ) ;
#9643 = ORIENTED_EDGE ( 'NONE', *, *, #2227, .F. ) ;
#9644 = LINE ( 'NONE', #7773, #544 ) ;
#9645 = DIRECTION ( 'NONE',  ( 1.000000000000000000, 0.000000000000000000, 0.000000000000000000 ) ) ;
#9646 = CARTESIAN_POINT ( 'NONE',  ( -2.149999999999999911, -4.000000000000000000, -1.850000000000000089 ) ) ;
#9647 = FACE_OUTER_BOUND ( 'NONE', #464, .T. ) ;
#9648 = ADVANCED_FACE ( 'NONE', ( #5539 ), #1057, .F. ) ;
#9649 = DIRECTION ( 'NONE',  ( 0.000000000000000000, 0.000000000000000000, 1.000000000000000000 ) ) ;
#9650 = VECTOR ( 'NONE', #4043, 1000.000000000000000 ) ;
#9651 = DIRECTION ( 'NONE',  ( 0.8386705679454268259, -0.5446390350150228654, 0.000000000000000000 ) ) ;
#9652 = EDGE_CURVE ( 'NONE', #4551, #7941, #1079, .T. ) ;
#9653 = DIRECTION ( 'NONE',  ( 0.000000000000000000, -1.000000000000000000, 0.000000000000000000 ) ) ;
#9654 = ORIENTED_EDGE ( 'NONE', *, *, #3585, .T. ) ;
#9655 = PRESENTATION_LAYER_ASSIGNMENT (  '', '', ( #626 ) ) ;
#9656 = FACE_OUTER_BOUND ( 'NONE', #8782, .T. ) ;
#9657 = DIRECTION ( 'NONE',  ( -0.5332357997187978649, -0.8211111254386349589, -0.2035585949527854988 ) ) ;
#9658 = EDGE_CURVE ( 'NONE', #4602, #11112, #10235, .T. ) ;
#9659 = CARTESIAN_POINT ( 'NONE',  ( 3.341155849256549626, 9.386766212101310458, 6.450000000000000178 ) ) ;
#9660 = DIRECTION ( 'NONE',  ( 0.6389710663783129130, -0.7692307692307697176, 0.000000000000000000 ) ) ;
#9661 = CARTESIAN_POINT ( 'NONE',  ( -2.149999999999999911, -4.000000000000000000, 8.149999999999998579 ) ) ;
#9662 = DIRECTION ( 'NONE',  ( 5.421010862427489630E-16, 1.000000000000000000, 0.000000000000000000 ) ) ;
#9663 = VERTEX_POINT ( 'NONE', #9308 ) ;
#9664 = CARTESIAN_POINT ( 'NONE',  ( -5.149861993732639753, 10.12774193481510032, -11.44999999999999929 ) ) ;
#9665 = ORIENTED_EDGE ( 'NONE', *, *, #7601, .F. ) ;
#9666 = EDGE_LOOP ( 'NONE', ( #5036, #12891, #2762, #5071, #3372, #8453 ) ) ;
#9667 = VERTEX_POINT ( 'NONE', #890 ) ;
#9668 = EDGE_CURVE ( 'NONE', #3574, #13000, #10081, .T. ) ;
#9669 = VECTOR ( 'NONE', #12989, 1000.000000000000000 ) ;
#9670 = EDGE_CURVE ( 'NONE', #6623, #9228, #5383, .T. ) ;
#9671 = AXIS2_PLACEMENT_3D ( 'NONE', #4479, #1117, #2222 ) ;
#9672 = DIRECTION ( 'NONE',  ( -1.000000000000000000, 0.000000000000000000, 0.000000000000000000 ) ) ;
#9673 = ORIENTED_EDGE ( 'NONE', *, *, #11640, .F. ) ;
#9674 = VECTOR ( 'NONE', #3563, 999.9999999999998863 ) ;
#9675 = ADVANCED_FACE ( 'NONE', ( #1035 ), #6186, .T. ) ;
#9676 = VECTOR ( 'NONE', #3677, 1000.000000000000000 ) ;
#9677 = LINE ( 'NONE', #8232, #435 ) ;
#9678 = DIRECTION ( 'NONE',  ( -0.9702108924344295948, -0.1710743573134244355, -0.1715353854788749244 ) ) ;
#9679 = ORIENTED_EDGE ( 'NONE', *, *, #1201, .T. ) ;
#9680 = LINE ( 'NONE', #639, #484 ) ;
#9681 = CARTESIAN_POINT ( 'NONE',  ( 4.330811839566824695, 5.568683097044850427, 0.2500000000000000000 ) ) ;
#9682 = EDGE_CURVE ( 'NONE', #5185, #11686, #1116, .T. ) ;
#9683 = ADVANCED_FACE ( 'NONE', ( #5693 ), #5650, .F. ) ;
#9684 = CARTESIAN_POINT ( 'NONE',  ( 2.149999999999999911, -4.000000000000000000, -1.850000000000000089 ) ) ;
#9685 = CARTESIAN_POINT ( 'NONE',  ( -6.077610530143179979, 9.327446567904038588, 3.550000000000000266 ) ) ;
#9686 = CARTESIAN_POINT ( 'NONE',  ( -0.003459225755824549883, 12.44853857463906088, -15.15000000000000036 ) ) ;
#9687 = CARTESIAN_POINT ( 'NONE',  ( 2.475030032583884765, 7.424464904027790801, 14.07488687665994043 ) ) ;
#9688 = SHAPE_REPRESENTATION ( '256-406_256-406', ( #7204 ), #311 ) ;
#9689 = VERTEX_POINT ( 'NONE', #1884 ) ;
#9690 = VERTEX_POINT ( 'NONE', #2908 ) ;
#9691 = EDGE_LOOP ( 'NONE', ( #7823, #7936, #8297, #3307, #3984, #5531, #12669, #584, #9934, #4185, #3419, #8668, #7213, #8737 ) ) ;
#9692 = DIRECTION ( 'NONE',  ( -0.8191520442889891340, -0.5735764363510499342, 0.000000000000000000 ) ) ;
#9693 = DIRECTION ( 'NONE',  ( 1.000000000000000000, 0.000000000000000000, 0.000000000000000000 ) ) ;
#9694 = FACE_OUTER_BOUND ( 'NONE', #1266, .T. ) ;
#9695 = DIRECTION ( 'NONE',  ( -0.7071067811865475727, 0.7071067811865475727, 0.000000000000000000 ) ) ;
#9696 = CARTESIAN_POINT ( 'NONE',  ( 3.341155849256549626, 9.386766212101310458, -7.250000000000000000 ) ) ;
#9697 = ORIENTED_EDGE ( 'NONE', *, *, #2886, .T. ) ;
#9698 = VECTOR ( 'NONE', #9810, 1000.000000000000000 ) ;
#9699 = CARTESIAN_POINT ( 'NONE',  ( 0.000000000000000000, 0.000000000000000000, -5.000000000000000000 ) ) ;
#9700 = VECTOR ( 'NONE', #13543, 1000.000000000000000 ) ;
#9701 = DIRECTION ( 'NONE',  ( -0.7071067811865470176, 0.7071067811865481278, 0.000000000000000000 ) ) ;
#9702 = AXIS2_PLACEMENT_3D ( 'NONE', #6455, #10260, #13478 ) ;
#9703 = DIRECTION ( 'NONE',  ( -0.5735764363510499342, 0.8191520442889891340, 0.000000000000000000 ) ) ;
#9704 = LINE ( 'NONE', #6261, #4965 ) ;
#9705 = EDGE_CURVE ( 'NONE', #5491, #2221, #9902, .T. ) ;
#9706 = ORIENTED_EDGE ( 'NONE', *, *, #4471, .T. ) ;
#9707 = FACE_OUTER_BOUND ( 'NONE', #13047, .T. ) ;
#9708 = CARTESIAN_POINT ( 'NONE',  ( -2.850000000000000089, -4.000000000000000000, -2.375000000000000000 ) ) ;
#9709 = ADVANCED_FACE ( 'NONE', ( #5758 ), #8152, .F. ) ;
#9710 = CARTESIAN_POINT ( 'NONE',  ( -5.575000000000000178, 9.830057098047229047, 1.949999999999999956 ) ) ;
#9711 = DIRECTION ( 'NONE',  ( 0.000000000000000000, 1.000000000000000000, 0.000000000000000000 ) ) ;
#9712 = CARTESIAN_POINT ( 'NONE',  ( 2.065310260468285364, 7.707842825460769376, -15.15000000000000036 ) ) ;
#9713 = CARTESIAN_POINT ( 'NONE',  ( -0.9000476708424469674, 10.66194478217150099, 13.54999999999999893 ) ) ;
#9714 = DIRECTION ( 'NONE',  ( 0.7071067811865535679, -0.7071067811865414665, 0.000000000000000000 ) ) ;
#9715 = VERTEX_POINT ( 'NONE', #8619 ) ;
#9716 = EDGE_LOOP ( 'NONE', ( #7580, #10522, #10618, #12248 ) ) ;
#9717 = EDGE_CURVE ( 'NONE', #5484, #8517, #840, .T. ) ;
#9718 = ORIENTED_EDGE ( 'NONE', *, *, #5167, .T. ) ;
#9719 = VECTOR ( 'NONE', #13028, 1000.000000000000114 ) ;
#9720 = PLANE ( 'NONE',  #3930 ) ;
#9721 = EDGE_CURVE ( 'NONE', #6214, #8623, #792, .T. ) ;
#9722 = ORIENTED_EDGE ( 'NONE', *, *, #9733, .T. ) ;
#9723 = VECTOR ( 'NONE', #2806, 1000.000000000000000 ) ;
#9724 = LINE ( 'NONE', #4952, #478 ) ;
#9725 = CARTESIAN_POINT ( 'NONE',  ( -4.734999999999999432, 3.364999999999999769, 15.84999999999999964 ) ) ;
#9726 = CARTESIAN_POINT ( 'NONE',  ( -0.9496587886920860866, 8.515701347388139553, -15.15000000000000036 ) ) ;
#9727 = LINE ( 'NONE', #265, #9563 ) ;
#9728 = CARTESIAN_POINT ( 'NONE',  ( -5.825000000000000178, 7.185000000000000497, 15.75000000000000000 ) ) ;
#9729 = AXIS2_PLACEMENT_3D ( 'NONE', #66, #2212, #3213 ) ;
#9730 = EDGE_LOOP ( 'NONE', ( #11140, #9254, #11887, #11210, #5803, #8952 ) ) ;
#9731 = FACE_OUTER_BOUND ( 'NONE', #11368, .T. ) ;
#9732 = CARTESIAN_POINT ( 'NONE',  ( -2.382835146695035267, 12.62863240148741895, 6.949999999999999289 ) ) ;
#9733 = EDGE_CURVE ( 'NONE', #8535, #12293, #10271, .T. ) ;
#9734 = CARTESIAN_POINT ( 'NONE',  ( -1.500787922441104927, 11.75383624964603868, 6.949999999999999289 ) ) ;
#9735 = DIRECTION ( 'NONE',  ( 1.000000000000000000, 0.000000000000000000, 0.000000000000000000 ) ) ;
#9736 = EDGE_CURVE ( 'NONE', #702, #6667, #5364, .T. ) ;
#9737 = DIRECTION ( 'NONE',  ( 0.000000000000000000, 1.000000000000000000, 0.000000000000000000 ) ) ;
#9738 = EDGE_CURVE ( 'NONE', #12772, #13198, #9963, .T. ) ;
#9739 = VERTEX_POINT ( 'NONE', #7835 ) ;
#9740 = ORIENTED_EDGE ( 'NONE', *, *, #11326, .F. ) ;
#9741 = ADVANCED_FACE ( 'NONE', ( #10167 ), #11793, .T. ) ;
#9742 = EDGE_LOOP ( 'NONE', ( #1848, #11799, #7410, #2694, #7688, #2876 ) ) ;
#9743 = VECTOR ( 'NONE', #1527, 1000.000000000000000 ) ;
#9744 = CARTESIAN_POINT ( 'NONE',  ( -5.001253558300190249, 7.790249504023520011, 14.84999999999999964 ) ) ;
#9745 = AXIS2_PLACEMENT_3D ( 'NONE', #1897, #3689, #451 ) ;
#9746 = ORIENTED_EDGE ( 'NONE', *, *, #1350, .T. ) ;
#9747 = VECTOR ( 'NONE', #9901, 1000.000000000000000 ) ;
#9748 = CARTESIAN_POINT ( 'NONE',  ( -1.530854753362479892, 11.74577986658169948, 13.54999999999999893 ) ) ;
#9749 = DIRECTION ( 'NONE',  ( 0.000000000000000000, 0.000000000000000000, -1.000000000000000000 ) ) ;
#9750 = PRESENTATION_STYLE_ASSIGNMENT (( #7705 ) ) ;
#9751 = DIRECTION ( 'NONE',  ( 0.000000000000000000, 0.000000000000000000, -1.000000000000000000 ) ) ;
#9752 = VECTOR ( 'NONE', #4151, 1000.000000000000114 ) ;
#9753 = CARTESIAN_POINT ( 'NONE',  ( 2.475030032583884765, 7.424464904027790801, -5.925113123340048915 ) ) ;
#9754 = DIRECTION ( 'NONE',  ( 0.000000000000000000, -0.9438583563660177811, 0.3303504247281049411 ) ) ;
#9755 = CLOSED_SHELL ( 'NONE', ( #13470, #11238, #5525, #8606, #3635, #4887, #9528, #9538, #726, #12588, #8000, #3219, #7561, #12809, #8800, #12763, #5515, #12241, #12474, #3719, #2176, #5942, #1751, #4223, #388, #2110 ) ) ;
#9756 = CIRCLE ( 'NONE', #2041, 1.500000000000000000 ) ;
#9757 = DIRECTION ( 'NONE',  ( 0.000000000000000000, 0.000000000000000000, 1.000000000000000000 ) ) ;
#9758 = DIRECTION ( 'NONE',  ( 0.5446390350150209780, 0.8386705679454279361, 0.000000000000000000 ) ) ;
#9759 = CARTESIAN_POINT ( 'NONE',  ( 3.500178566873410002, 3.500178566873405117, -16.44999999999999929 ) ) ;
#9760 = DIRECTION ( 'NONE',  ( -1.000000000000000000, 0.000000000000000000, -2.478176394252580155E-15 ) ) ;
#9761 = DIRECTION ( 'NONE',  ( 0.000000000000000000, 0.000000000000000000, -1.000000000000000000 ) ) ;
#9762 = PLANE ( 'NONE',  #1264 ) ;
#9763 = ADVANCED_FACE ( 'NONE', ( #5605 ), #10738, .F. ) ;
#9764 = VERTEX_POINT ( 'NONE', #4993 ) ;
#9765 = EDGE_LOOP ( 'NONE', ( #9280, #9151, #8767, #9441 ) ) ;
#9766 = ORIENTED_EDGE ( 'NONE', *, *, #11956, .T. ) ;
#9767 = LINE ( 'NONE', #933, #449 ) ;
#9768 = EDGE_CURVE ( 'NONE', #45, #11653, #1166, .T. ) ;
#9769 = ORIENTED_EDGE ( 'NONE', *, *, #7747, .F. ) ;
#9770 = LINE ( 'NONE', #2812, #9281 ) ;
#9771 = ADVANCED_FACE ( 'NONE', ( #750 ), #8890, .F. ) ;
#9772 = AXIS2_PLACEMENT_3D ( 'NONE', #2621, #3557, #7769 ) ;
#9773 = CIRCLE ( 'NONE', #10404, 0.8748868766599399160 ) ;
#9774 = ORIENTED_EDGE ( 'NONE', *, *, #10046, .F. ) ;
#9775 = LINE ( 'NONE', #11952, #9400 ) ;
#9776 = DIRECTION ( 'NONE',  ( -0.7071067811865480168, -0.7071067811865470176, 0.000000000000000000 ) ) ;
#9777 = CARTESIAN_POINT ( 'NONE',  ( -6.208456599567469425, 17.85384615384614904, 13.54999999999999893 ) ) ;
#9778 = DIRECTION ( 'NONE',  ( -0.7071067811865474617, 0.7071067811865474617, 0.000000000000000000 ) ) ;
#9779 = CARTESIAN_POINT ( 'NONE',  ( -6.208456599567469425, 17.85384615384614904, -13.05000000000000071 ) ) ;
#9780 = ADVANCED_FACE ( 'NONE', ( #5732 ), #9836, .F. ) ;
#9781 = EDGE_CURVE ( 'NONE', #6260, #11653, #857, .T. ) ;
#9782 = ORIENTED_EDGE ( 'NONE', *, *, #9494, .T. ) ;
#9783 = VERTEX_POINT ( 'NONE', #9950 ) ;
#9784 = ORIENTED_EDGE ( 'NONE', *, *, #2201, .T. ) ;
#9785 = FILL_AREA_STYLE_COLOUR ( '', #7612 ) ;
#9786 = CARTESIAN_POINT ( 'NONE',  ( -0.6056176130837679361, 7.110999999999999766, 15.75000000000000000 ) ) ;
#9787 = VECTOR ( 'NONE', #8713, 1000.000000000000000 ) ;
#9788 = DIRECTION ( 'NONE',  ( -0.5332357997187978649, -0.8211111254386358471, -0.2035585949527829175 ) ) ;
#9789 = PLANE ( 'NONE',  #8479 ) ;
#9790 = VERTEX_POINT ( 'NONE', #10633 ) ;
#9791 = PLANE ( 'NONE',  #672 ) ;
#9792 = LINE ( 'NONE', #1691, #320 ) ;
#9793 = CARTESIAN_POINT ( 'NONE',  ( -2.149999999999999911, -3.945434298440979592, 7.994097995545660140 ) ) ;
#9794 = DIRECTION ( 'NONE',  ( 0.000000000000000000, 0.000000000000000000, 1.000000000000000000 ) ) ;
#9795 = CYLINDRICAL_SURFACE ( 'NONE', #8118, 1.500000000000000444 ) ;
#9796 = ORIENTED_EDGE ( 'NONE', *, *, #2327, .T. ) ;
#9797 = AXIS2_PLACEMENT_3D ( 'NONE', #2847, #12372, #8270 ) ;
#9798 = VECTOR ( 'NONE', #1805, 1000.000000000000000 ) ;
#9799 = SURFACE_SIDE_STYLE ('',( #6579 ) ) ;
#9800 = DIRECTION ( 'NONE',  ( 0.7071067811865474617, 0.7071067811865474617, 0.000000000000000000 ) ) ;
#9801 = EDGE_CURVE ( 'NONE', #10763, #13192, #769, .T. ) ;
#9802 = AXIS2_PLACEMENT_3D ( 'NONE', #10680, #3382, #8570 ) ;
#9803 = CARTESIAN_POINT ( 'NONE',  ( -5.809933491950640239, 18.09157266594019831, 4.599999999999999645 ) ) ;
#9804 = EDGE_CURVE ( 'NONE', #1774, #6191, #10033, .T. ) ;
#9805 = ORIENTED_EDGE ( 'NONE', *, *, #12613, .T. ) ;
#9806 = ORIENTED_EDGE ( 'NONE', *, *, #44, .T. ) ;
#9807 = VECTOR ( 'NONE', #5438, 1000.000000000000000 ) ;
#9808 = CARTESIAN_POINT ( 'NONE',  ( -2.850000000000000089, 0.000000000000000000, -12.55000000000000071 ) ) ;
#9809 = ORIENTED_EDGE ( 'NONE', *, *, #8896, .T. ) ;
#9810 = DIRECTION ( 'NONE',  ( 0.000000000000000000, 0.000000000000000000, -1.000000000000000000 ) ) ;
#9811 = VECTOR ( 'NONE', #13255, 1000.000000000000000 ) ;
#9812 = CARTESIAN_POINT ( 'NONE',  ( -3.775451385280815142, 16.42485207100589761, 0.9000000000000000222 ) ) ;
#9813 = CARTESIAN_POINT ( 'NONE',  ( -5.316253523062870023, 17.49725182388110056, -14.09999999999999964 ) ) ;
#9814 = FACE_OUTER_BOUND ( 'NONE', #7259, .T. ) ;
#9815 = CARTESIAN_POINT ( 'NONE',  ( 5.678458962475629868, 1.505729346728055029, 15.84999999999999964 ) ) ;
#9816 = EDGE_CURVE ( 'NONE', #8913, #10928, #5429, .T. ) ;
#9817 = ORIENTED_EDGE ( 'NONE', *, *, #432, .F. ) ;
#9818 = VECTOR ( 'NONE', #3101, 1000.000000000000000 ) ;
#9819 = DIRECTION ( 'NONE',  ( 0.000000000000000000, 0.000000000000000000, 1.000000000000000000 ) ) ;
#9820 = AXIS2_PLACEMENT_3D ( 'NONE', #9835, #11940, #12960 ) ;
#9821 = EDGE_CURVE ( 'NONE', #5068, #11425, #5582, .T. ) ;
#9822 = MECHANICAL_DESIGN_GEOMETRIC_PRESENTATION_REPRESENTATION (  '', ( #8980 ), #5718 ) ;
#9823 = ADVANCED_FACE ( 'NONE', ( #10766 ), #3711, .T. ) ;
#9824 = DIRECTION ( 'NONE',  ( 0.2908824500647800293, -0.9567587994078291525, 0.000000000000000000 ) ) ;
#9825 = EDGE_LOOP ( 'NONE', ( #13025, #4802, #12558, #9290 ) ) ;
#9826 = EDGE_CURVE ( 'NONE', #13374, #12472, #1302, .T. ) ;
#9827 = VERTEX_POINT ( 'NONE', #6570 ) ;
#9828 = ORIENTED_EDGE ( 'NONE', *, *, #2335, .F. ) ;
#9829 = FACE_OUTER_BOUND ( 'NONE', #8809, .T. ) ;
#9830 = AXIS2_PLACEMENT_3D ( 'NONE', #500, #4541, #6693 ) ;
#9831 = EDGE_CURVE ( 'NONE', #2977, #7174, #10518, .T. ) ;
#9832 = DIRECTION ( 'NONE',  ( 1.000000000000000000, 0.000000000000000000, 0.000000000000000000 ) ) ;
#9833 = ORIENTED_EDGE ( 'NONE', *, *, #668, .T. ) ;
#9834 = CARTESIAN_POINT ( 'NONE',  ( 2.475030032583884765, 7.424464904027790801, 2.750000000000000000 ) ) ;
#9835 = CARTESIAN_POINT ( 'NONE',  ( -0.9718728952031370216, 13.13773506781796030, -1.449999999999999956 ) ) ;
#9836 = CYLINDRICAL_SURFACE ( 'NONE', #3255, 0.8000000000000003775 ) ;
#9837 = CARTESIAN_POINT ( 'NONE',  ( 2.740115085247985416, 9.987806976109879997, -8.233615778645299699 ) ) ;
#9838 = CARTESIAN_POINT ( 'NONE',  ( 3.588643222671839883, 9.139278838686021089, -0.5000000000000000000 ) ) ;
#9839 = ORIENTED_EDGE ( 'NONE', *, *, #6773, .F. ) ;
#9840 = FACE_OUTER_BOUND ( 'NONE', #12520, .T. ) ;
#9841 = CARTESIAN_POINT ( 'NONE',  ( -4.478428631448714725, 16.48862918074649997, -14.09999999999999964 ) ) ;
#9842 = DIRECTION ( 'NONE',  ( 0.000000000000000000, 0.000000000000000000, -1.000000000000000000 ) ) ;
#9843 = CARTESIAN_POINT ( 'NONE',  ( -3.649999999999999911, 11.17795660910094036, 16.44999999999999929 ) ) ;
#9844 = AXIS2_PLACEMENT_3D ( 'NONE', #10282, #11379, #7666 ) ;
#9845 = DIRECTION ( 'NONE',  ( -0.6389710663783129130, 0.7692307692307698286, 0.000000000000000000 ) ) ;
#9846 = CARTESIAN_POINT ( 'NONE',  ( -5.575000000000000178, 9.830057098047239705, 3.550000000000000266 ) ) ;
#9847 = DIRECTION ( 'NONE',  ( -1.000000000000000000, 0.000000000000000000, -2.478176394252580155E-15 ) ) ;
#9848 = DIRECTION ( 'NONE',  ( 0.000000000000000000, 0.000000000000000000, -1.000000000000000000 ) ) ;
#9849 = ORIENTED_EDGE ( 'NONE', *, *, #13124, .T. ) ;
#9850 = ORIENTED_EDGE ( 'NONE', *, *, #12413, .F. ) ;
#9851 = VERTEX_POINT ( 'NONE', #7564 ) ;
#9852 = VECTOR ( 'NONE', #6327, 1000.000000000000000 ) ;
#9853 = EDGE_CURVE ( 'NONE', #6667, #2748, #1717, .T. ) ;
#9854 = CARTESIAN_POINT ( 'NONE',  ( -2.149999999999999911, 0.000000000000000000, 3.149999999999999911 ) ) ;
#9855 = ORIENTED_EDGE ( 'NONE', *, *, #4560, .T. ) ;
#9856 = LINE ( 'NONE', #1048, #5691 ) ;
#9857 = VECTOR ( 'NONE', #11704, 1000.000000000000000 ) ;
#9858 = EDGE_LOOP ( 'NONE', ( #6720, #4528, #5572, #8671, #4712, #11494 ) ) ;
#9859 = LINE ( 'NONE', #4806, #1041 ) ;
#9860 = CARTESIAN_POINT ( 'NONE',  ( 2.475030032583884765, 7.424464904027790801, -8.550000000000000711 ) ) ;
#9861 = CARTESIAN_POINT ( 'NONE',  ( -2.149999999999999911, -4.000000000000000000, -6.850000000000000533 ) ) ;
#9862 = CARTESIAN_POINT ( 'NONE',  ( -3.775451385280815142, 16.42485207100589761, 5.200000000000000178 ) ) ;
#9863 = DIRECTION ( 'NONE',  ( 0.000000000000000000, 0.000000000000000000, 1.000000000000000000 ) ) ;
#9864 = DIRECTION ( 'NONE',  ( 0.000000000000000000, 1.000000000000000000, 0.000000000000000000 ) ) ;
#9865 = DIRECTION ( 'NONE',  ( 1.000000000000000000, 0.000000000000000000, 0.000000000000000000 ) ) ;
#9866 = PRESENTATION_LAYER_ASSIGNMENT (  '', '', ( #1343 ) ) ;
#9867 = EDGE_LOOP ( 'NONE', ( #13488, #4366, #6951, #11406, #1323, #6827 ) ) ;
#9868 = EDGE_CURVE ( 'NONE', #5644, #13072, #10567, .T. ) ;
#9869 = EDGE_LOOP ( 'NONE', ( #80, #781, #3917, #1915 ) ) ;
#9870 = ORIENTED_EDGE ( 'NONE', *, *, #5659, .T. ) ;
#9871 = CARTESIAN_POINT ( 'NONE',  ( -0.3923679554084240073, 12.05962984498646051, 15.84999999999999964 ) ) ;
#9872 = CIRCLE ( 'NONE', #11639, 1.500000000000000000 ) ;
#9873 = DIRECTION ( 'NONE',  ( -1.000000000000000000, 0.000000000000000000, 0.000000000000000000 ) ) ;
#9874 = CARTESIAN_POINT ( 'NONE',  ( -3.984748662560944954, 15.89430833868740045, -9.099999999999999645 ) ) ;
#9875 = ORIENTED_EDGE ( 'NONE', *, *, #1387, .F. ) ;
#9876 = LINE ( 'NONE', #12421, #1076 ) ;
#9877 = EDGE_CURVE ( 'NONE', #6716, #9637, #10379, .T. ) ;
#9878 = CARTESIAN_POINT ( 'NONE',  ( 2.399620453705761935, 10.13626525142480084, -11.80712078895206574 ) ) ;
#9879 = LINE ( 'NONE', #10004, #1096 ) ;
#9880 = CARTESIAN_POINT ( 'NONE',  ( -2.850000000000000089, -4.000000000000000000, 2.625000000000000000 ) ) ;
#9881 = ADVANCED_FACE ( 'NONE', ( #6201 ), #9169, .F. ) ;
#9882 = DIRECTION ( 'NONE',  ( 0.000000000000000000, 0.000000000000000000, -1.000000000000000000 ) ) ;
#9883 = CYLINDRICAL_SURFACE ( 'NONE', #11576, 1.500000000000000444 ) ;
#9884 = VERTEX_POINT ( 'NONE', #12644 ) ;
#9885 = FACE_OUTER_BOUND ( 'NONE', #4319, .T. ) ;
#9886 = DIRECTION ( 'NONE',  ( 0.000000000000000000, 0.9438583563660177811, 0.3303504247281049411 ) ) ;
#9887 = ADVANCED_FACE ( 'NONE', ( #5985 ), #7510, .T. ) ;
#9888 = DIRECTION ( 'NONE',  ( -0.5735764363510499342, 0.8191520442889891340, 0.000000000000000000 ) ) ;
#9889 = CARTESIAN_POINT ( 'NONE',  ( -4.002709121030539663, 8.489437846237121832, -8.050000000000000711 ) ) ;
#9890 = VERTEX_POINT ( 'NONE', #11396 ) ;
#9891 = DIRECTION ( 'NONE',  ( 0.000000000000000000, 0.000000000000000000, -1.000000000000000000 ) ) ;
#9892 = PLANE ( 'NONE',  #3430 ) ;
#9893 = ORIENTED_EDGE ( 'NONE', *, *, #8893, .T. ) ;
#9894 = EDGE_LOOP ( 'NONE', ( #5687, #12600, #8402, #13002 ) ) ;
#9895 = AXIS2_PLACEMENT_3D ( 'NONE', #3040, #5449, #247 ) ;
#9896 = VECTOR ( 'NONE', #7191, 1000.000000000000000 ) ;
#9897 = CARTESIAN_POINT ( 'NONE',  ( -2.442193645700425186, 12.96803417904112088, -6.450000000000000178 ) ) ;
#9898 = EDGE_CURVE ( 'NONE', #10830, #4953, #1210, .T. ) ;
#9899 = ORIENTED_EDGE ( 'NONE', *, *, #3776, .T. ) ;
#9900 = FACE_OUTER_BOUND ( 'NONE', #13544, .T. ) ;
#9901 = DIRECTION ( 'NONE',  ( 0.000000000000000000, -0.9438583563660177811, 0.3303504247281049411 ) ) ;
#9902 = LINE ( 'NONE', #10352, #5494 ) ;
#9903 = CARTESIAN_POINT ( 'NONE',  ( -1.442193645700395876, 12.96803417904112088, -3.050000000000000266 ) ) ;
#9904 = CYLINDRICAL_SURFACE ( 'NONE', #6711, 1.000000000000000000 ) ;
#9905 = CARTESIAN_POINT ( 'NONE',  ( -6.750000000000000000, 16.69999999999999929, -4.799999999999999822 ) ) ;
#9906 = VERTEX_POINT ( 'NONE', #9529 ) ;
#9907 = EDGE_CURVE ( 'NONE', #9906, #6027, #1543, .T. ) ;
#9908 = CARTESIAN_POINT ( 'NONE',  ( 3.341155849256549626, 9.386766212101310458, 7.750000000000000000 ) ) ;
#9909 = DIRECTION ( 'NONE',  ( 0.000000000000000000, 0.000000000000000000, -1.000000000000000000 ) ) ;
#9910 = EDGE_CURVE ( 'NONE', #4737, #9574, #6102, .T. ) ;
#9911 = AXIS2_PLACEMENT_3D ( 'NONE', #8017, #4998, #3929 ) ;
#9912 = CARTESIAN_POINT ( 'NONE',  ( -2.850000000000000089, -3.945434298440979592, 12.99409799554566014 ) ) ;
#9913 = EDGE_LOOP ( 'NONE', ( #13246, #7515, #4812, #4054 ) ) ;
#9914 = ORIENTED_EDGE ( 'NONE', *, *, #5109, .F. ) ;
#9915 = VERTEX_POINT ( 'NONE', #2948 ) ;
#9916 = LINE ( 'NONE', #9266, #9641 ) ;
#9917 = PLANE ( 'NONE',  #11161 ) ;
#9918 = ORIENTED_EDGE ( 'NONE', *, *, #10541, .T. ) ;
#9919 = CARTESIAN_POINT ( 'NONE',  ( -2.850000000000000089, -3.500000000000000000, -11.84999999999999964 ) ) ;
#9920 = VECTOR ( 'NONE', #11221, 1000.000000000000000 ) ;
#9921 = FILL_AREA_STYLE ('',( #3888 ) ) ;
#9922 = DIRECTION ( 'NONE',  ( -0.5735764363510499342, 0.8191520442889891340, 0.000000000000000000 ) ) ;
#9923 = ORIENTED_EDGE ( 'NONE', *, *, #697, .T. ) ;
#9924 = LINE ( 'NONE', #12314, #864 ) ;
#9925 = CARTESIAN_POINT ( 'NONE',  ( -3.919104336280229806, 16.00810641548579838, -8.050000000000000711 ) ) ;
#9926 = DIRECTION ( 'NONE',  ( 0.000000000000000000, 0.000000000000000000, -1.000000000000000000 ) ) ;
#9927 = DIRECTION ( 'NONE',  ( 1.000000000000000000, 0.000000000000000000, 0.000000000000000000 ) ) ;
#9928 = CARTESIAN_POINT ( 'NONE',  ( -5.246999171586890220, 7.618176573118209838, -3.050000000000000266 ) ) ;
#9929 = DIRECTION ( 'NONE',  ( -0.7071067811865475727, 0.7071067811865475727, 0.000000000000000000 ) ) ;
#9930 = PLANE ( 'NONE',  #203 ) ;
#9931 = CARTESIAN_POINT ( 'NONE',  ( -5.809933491950640239, 18.09157266594019831, -4.100000000000000533 ) ) ;
#9932 = AXIS2_PLACEMENT_3D ( 'NONE', #11395, #3117, #9337 ) ;
#9933 = ORIENTED_EDGE ( 'NONE', *, *, #1290, .F. ) ;
#9934 = ORIENTED_EDGE ( 'NONE', *, *, #4476, .F. ) ;
#9935 = ORIENTED_EDGE ( 'NONE', *, *, #5467, .T. ) ;
#9936 = CIRCLE ( 'NONE', #7381, 1.500000000000000000 ) ;
#9937 = DIRECTION ( 'NONE',  ( 0.000000000000000000, 0.000000000000000000, -1.000000000000000000 ) ) ;
#9938 = ORIENTED_EDGE ( 'NONE', *, *, #11377, .F. ) ;
#9939 = LINE ( 'NONE', #5222, #9961 ) ;
#9940 = VECTOR ( 'NONE', #2406, 1000.000000000000114 ) ;
#9941 = EDGE_CURVE ( 'NONE', #4552, #7411, #10614, .T. ) ;
#9942 = UNCERTAINTY_MEASURE_WITH_UNIT (LENGTH_MEASURE( 1.000000000000000082E-05 ), #3323, 'distance_accuracy_value', 'NONE');
#9943 = VERTEX_POINT ( 'NONE', #10580 ) ;
#9944 = LINE ( 'NONE', #4344, #775 ) ;
#9945 = DIRECTION ( 'NONE',  ( 0.000000000000000000, 0.000000000000000000, -1.000000000000000000 ) ) ;
#9946 = DIRECTION ( 'NONE',  ( 0.000000000000000000, 0.000000000000000000, 1.000000000000000000 ) ) ;
#9947 = DIRECTION ( 'NONE',  ( -0.6389710663783111366, 0.7692307692307711608, 0.000000000000000000 ) ) ;
#9948 = CARTESIAN_POINT ( 'NONE',  ( 2.399620453705858747, 10.13626525142479018, 8.192879211054696853 ) ) ;
#9949 = CARTESIAN_POINT ( 'NONE',  ( 2.850000000000000089, -4.000000000000000000, -12.55000000000000071 ) ) ;
#9950 = CARTESIAN_POINT ( 'NONE',  ( -4.478428631448714725, 16.48862918074649997, -14.09999999999999964 ) ) ;
#9951 = DIRECTION ( 'NONE',  ( 0.000000000000000000, 0.000000000000000000, 1.000000000000000000 ) ) ;
#9952 = VERTEX_POINT ( 'NONE', #10221 ) ;
#9953 = VERTEX_POINT ( 'NONE', #8388 ) ;
#9954 = ORIENTED_EDGE ( 'NONE', *, *, #11504, .T. ) ;
#9955 = DIRECTION ( 'NONE',  ( -0.7692307692307702727, -0.6389710663783122468, 0.000000000000000000 ) ) ;
#9956 = CARTESIAN_POINT ( 'NONE',  ( -7.500000000000000000, 0.000000000000000000, -15.15000000000000036 ) ) ;
#9957 =( GEOMETRIC_REPRESENTATION_CONTEXT ( 3 ) GLOBAL_UNCERTAINTY_ASSIGNED_CONTEXT ( ( #9942 ) ) GLOBAL_UNIT_ASSIGNED_CONTEXT ( ( #3323, #6543, #1043 ) ) REPRESENTATION_CONTEXT ( 'NONE', 'WORKASPACE' ) );
#9958 = VECTOR ( 'NONE', #8979, 1000.000000000000000 ) ;
#9959 = DIRECTION ( 'NONE',  ( 0.000000000000000000, 0.000000000000000000, 1.000000000000000000 ) ) ;
#9960 = ORIENTED_EDGE ( 'NONE', *, *, #1344, .T. ) ;
#9961 = VECTOR ( 'NONE', #10, 1000.000000000000000 ) ;
#9962 = PLANE ( 'NONE',  #6786 ) ;
#9963 = LINE ( 'NONE', #8012, #5514 ) ;
#9964 = CARTESIAN_POINT ( 'NONE',  ( -3.775451385280815142, 16.42485207100589761, 10.20000000000000107 ) ) ;
#9965 = CARTESIAN_POINT ( 'NONE',  ( 3.588643222671839883, 9.139278838686021089, 5.250000000000000000 ) ) ;
#9966 = LINE ( 'NONE', #1223, #931 ) ;
#9967 = EDGE_CURVE ( 'NONE', #11146, #514, #5890, .T. ) ;
#9968 = ORIENTED_EDGE ( 'NONE', *, *, #9721, .T. ) ;
#9969 = AXIS2_PLACEMENT_3D ( 'NONE', #1891, #9502, #6286 ) ;
#9970 = CYLINDRICAL_SURFACE ( 'NONE', #10511, 1.000000000000028200 ) ;
#9971 = EDGE_CURVE ( 'NONE', #7490, #8333, #5821, .T. ) ;
#9972 = CARTESIAN_POINT ( 'NONE',  ( 6.782295549467770357, 4.930639144171879984, 15.84999999999999964 ) ) ;
#9973 = CARTESIAN_POINT ( 'NONE',  ( 2.292336484007150066, 2.043716946227315034, -15.84999999999999964 ) ) ;
#9974 = PLANE ( 'NONE',  #6479 ) ;
#9975 = EDGE_LOOP ( 'NONE', ( #7396, #4115, #5331, #10485, #3939, #8426, #6376, #9407, #5247, #4454, #8375, #12725, #8932, #1927, #12581, #3309, #3742, #1507, #12866, #10779, #10970, #11023, #8322, #8974 ) ) ;
#9976 = PLANE ( 'NONE',  #6873 ) ;
#9977 = DIRECTION ( 'NONE',  ( 0.7071067811865474617, -0.7071067811865474617, 0.000000000000000000 ) ) ;
#9978 = ORIENTED_EDGE ( 'NONE', *, *, #7671, .F. ) ;
#9979 = EDGE_LOOP ( 'NONE', ( #2172, #7880, #7632, #9449 ) ) ;
#9980 = EDGE_CURVE ( 'NONE', #12203, #8567, #5937, .T. ) ;
#9981 = LINE ( 'NONE', #3522, #6008 ) ;
#9982 = DIRECTION ( 'NONE',  ( 0.000000000000000000, 0.000000000000000000, -1.000000000000000000 ) ) ;
#9983 = AXIS2_PLACEMENT_3D ( 'NONE', #4729, #593, #6872 ) ;
#9984 = VERTEX_POINT ( 'NONE', #2013 ) ;
#9985 = FACE_OUTER_BOUND ( 'NONE', #4386, .T. ) ;
#9986 = CARTESIAN_POINT ( 'NONE',  ( -4.994309577079140361, 8.317711448655909834, -16.44999999999999929 ) ) ;
#9987 = VECTOR ( 'NONE', #3884, 1000.000000000000000 ) ;
#9988 = ADVANCED_FACE ( 'NONE', ( #1375 ), #5177, .F. ) ;
#9989 = CARTESIAN_POINT ( 'NONE',  ( 2.475030032583884765, 7.424464904027790801, -3.349584923580569917 ) ) ;
#9990 = LINE ( 'NONE', #7234, #10104 ) ;
#9991 = PLANE ( 'NONE',  #12223 ) ;
#9992 = ORIENTED_EDGE ( 'NONE', *, *, #3805, .F. ) ;
#9993 = CARTESIAN_POINT ( 'NONE',  ( -7.500000000000000000, -3.500000000000000000, 13.15000000000000036 ) ) ;
#9994 = LINE ( 'NONE', #3833, #5740 ) ;
#9995 = EDGE_CURVE ( 'NONE', #3444, #3686, #10443, .T. ) ;
#9996 = DIRECTION ( 'NONE',  ( -0.6389710663783129130, 0.7692307692307697176, 0.000000000000000000 ) ) ;
#9997 = DIRECTION ( 'NONE',  ( 0.4055797876726409679, 0.4055797876726409679, 0.8191520442889898002 ) ) ;
#9998 = AXIS2_PLACEMENT_3D ( 'NONE', #10013, #7627, #5642 ) ;
#9999 = CARTESIAN_POINT ( 'NONE',  ( -3.984748662560944954, 15.89430833868740045, 1.949999999999999956 ) ) ;
#10000 = ORIENTED_EDGE ( 'NONE', *, *, #6976, .F. ) ;
#10001 = VERTEX_POINT ( 'NONE', #834 ) ;
#10002 = ORIENTED_EDGE ( 'NONE', *, *, #13451, .F. ) ;
#10003 = LINE ( 'NONE', #3564, #1139 ) ;
#10004 = CARTESIAN_POINT ( 'NONE',  ( -5.001253558300190249, 7.790249504023520011, 4.850000000000000533 ) ) ;
#10005 = VERTEX_POINT ( 'NONE', #5349 ) ;
#10006 = CIRCLE ( 'NONE', #9745, 1.505000000000000338 ) ;
#10007 = ADVANCED_FACE ( 'NONE', ( #1689 ), #51, .F. ) ;
#10008 = CARTESIAN_POINT ( 'NONE',  ( -3.649999999999999911, 11.17795660910094036, 8.550000000000000711 ) ) ;
#10009 = EDGE_CURVE ( 'NONE', #11731, #10149, #6078, .T. ) ;
#10010 = VECTOR ( 'NONE', #2994, 1000.000000000000000 ) ;
#10011 =( LENGTH_UNIT ( ) NAMED_UNIT ( * ) SI_UNIT ( .MILLI., .METRE. ) );
#10012 = AXIS2_PLACEMENT_3D ( 'NONE', #8458, #13055, #4584 ) ;
#10013 = CARTESIAN_POINT ( 'NONE',  ( -5.250000000000000000, 16.69999999999999929, 9.599999999999999645 ) ) ;
#10014 = LINE ( 'NONE', #2996, #793 ) ;
#10015 = CARTESIAN_POINT ( 'NONE',  ( -5.246999171586890220, 7.618176573118209838, -10.14999999999999858 ) ) ;
#10016 = ORIENTED_EDGE ( 'NONE', *, *, #11787, .T. ) ;
#10017 = LINE ( 'NONE', #397, #5347 ) ;
#10018 = DIRECTION ( 'NONE',  ( 0.000000000000000000, 0.000000000000000000, -1.000000000000000000 ) ) ;
#10019 = CARTESIAN_POINT ( 'NONE',  ( -5.001253558300190249, 7.790249504023520011, 13.54999999999999893 ) ) ;
#10020 = DIRECTION ( 'NONE',  ( 0.000000000000000000, 0.000000000000000000, -1.000000000000000000 ) ) ;
#10021 = CARTESIAN_POINT ( 'NONE',  ( 2.306190871640156903, 10.12775184507775883, 12.83498186909391947 ) ) ;
#10022 = CARTESIAN_POINT ( 'NONE',  ( -0.9000476708424469674, 10.66194478217150099, 11.95000000000000107 ) ) ;
#10023 = CARTESIAN_POINT ( 'NONE',  ( -5.575000000000000178, 16.69999999999999929, -1.449999999999999956 ) ) ;
#10024 = CARTESIAN_POINT ( 'NONE',  ( -6.293015043061680025, 9.112042054985540318, -8.050000000000000711 ) ) ;
#10025 = ORIENTED_EDGE ( 'NONE', *, *, #3018, .F. ) ;
#10026 = EDGE_CURVE ( 'NONE', #4031, #3920, #10542, .T. ) ;
#10027 = ORIENTED_EDGE ( 'NONE', *, *, #210, .F. ) ;
#10028 = VERTEX_POINT ( 'NONE', #10389 ) ;
#10029 = FACE_OUTER_BOUND ( 'NONE', #9458, .T. ) ;
#10030 = EDGE_CURVE ( 'NONE', #7497, #10631, #10594, .T. ) ;
#10031 = DIRECTION ( 'NONE',  ( 0.8191520442889891340, 0.5735764363510499342, 0.000000000000000000 ) ) ;
#10032 = ORIENTED_EDGE ( 'NONE', *, *, #5497, .T. ) ;
#10033 = LINE ( 'NONE', #659, #9857 ) ;
#10034 = LINE ( 'NONE', #7185, #1038 ) ;
#10035 = PRESENTATION_LAYER_ASSIGNMENT (  '', '', ( #3626 ) ) ;
#10036 = VERTEX_POINT ( 'NONE', #13520 ) ;
#10037 = LINE ( 'NONE', #5592, #5679 ) ;
#10038 = EDGE_CURVE ( 'NONE', #4142, #11545, #1615, .T. ) ;
#10039 = CARTESIAN_POINT ( 'NONE',  ( -5.250000000000000000, 16.69999999999999929, -10.40000000000000036 ) ) ;
#10040 = PLANE ( 'NONE',  #4830 ) ;
#10041 = CARTESIAN_POINT ( 'NONE',  ( -3.649999999999999911, 11.17795660910094036, 16.44999999999999929 ) ) ;
#10042 = DIRECTION ( 'NONE',  ( 0.000000000000000000, 0.000000000000000000, -1.000000000000000000 ) ) ;
#10043 = DIRECTION ( 'NONE',  ( 0.000000000000000000, -1.000000000000000000, 0.000000000000000000 ) ) ;
#10044 = CARTESIAN_POINT ( 'NONE',  ( -2.442193645700425186, 12.96803417904112088, 11.95000000000000107 ) ) ;
#10045 = EDGE_CURVE ( 'NONE', #4381, #10115, #1642, .T. ) ;
#10046 = EDGE_CURVE ( 'NONE', #783, #3405, #10493, .T. ) ;
#10047 = VERTEX_POINT ( 'NONE', #4733 ) ;
#10048 = EDGE_CURVE ( 'NONE', #6735, #4031, #10719, .T. ) ;
#10049 = ORIENTED_EDGE ( 'NONE', *, *, #10704, .F. ) ;
#10050 = EDGE_LOOP ( 'NONE', ( #5040, #1932, #1586, #9635 ) ) ;
#10051 = CARTESIAN_POINT ( 'NONE',  ( -4.478428631448714725, 16.48862918074649997, -14.09999999999999964 ) ) ;
#10052 = VECTOR ( 'NONE', #1828, 1000.000000000000000 ) ;
#10053 = EDGE_CURVE ( 'NONE', #9189, #5861, #5959, .T. ) ;
#10054 = DIRECTION ( 'NONE',  ( 1.000000000000000000, 0.000000000000000000, 0.000000000000000000 ) ) ;
#10055 = CARTESIAN_POINT ( 'NONE',  ( -2.149999999999999911, 0.000000000000000000, -11.84999999999999964 ) ) ;
#10056 = VERTEX_POINT ( 'NONE', #1276 ) ;
#10057 = FACE_OUTER_BOUND ( 'NONE', #8303, .T. ) ;
#10058 = CARTESIAN_POINT ( 'NONE',  ( 2.065310260468285364, 7.707842825460769376, -16.44999999999999929 ) ) ;
#10059 = FACE_OUTER_BOUND ( 'NONE', #4226, .T. ) ;
#10060 = DIRECTION ( 'NONE',  ( 1.000000000000000000, 0.000000000000000000, 0.000000000000000000 ) ) ;
#10061 = DIRECTION ( 'NONE',  ( -0.7071067811865474617, 0.7071067811865474617, 0.000000000000000000 ) ) ;
#10062 = LINE ( 'NONE', #9394, #10148 ) ;
#10063 = VERTEX_POINT ( 'NONE', #7600 ) ;
#10064 = LINE ( 'NONE', #2603, #1192 ) ;
#10065 = ADVANCED_FACE ( 'NONE', ( #6244 ), #9892, .F. ) ;
#10066 = DIRECTION ( 'NONE',  ( 0.000000000000000000, -0.9888927622975226539, -0.1486307662483623282 ) ) ;
#10067 = EDGE_CURVE ( 'NONE', #9125, #3940, #10399, .T. ) ;
#10068 = DIRECTION ( 'NONE',  ( 0.8191520442889898002, 0.5735764363510488240, 0.000000000000000000 ) ) ;
#10069 = DIRECTION ( 'NONE',  ( 0.000000000000000000, -0.9438583563660177811, 0.3303504247281049411 ) ) ;
#10070 = DIRECTION ( 'NONE',  ( 0.000000000000000000, 0.000000000000000000, -1.000000000000000000 ) ) ;
#10071 = VERTEX_POINT ( 'NONE', #2534 ) ;
#10072 = CARTESIAN_POINT ( 'NONE',  ( -1.530854753362479892, 11.74577986658169948, 13.54999999999999893 ) ) ;
#10073 = VERTEX_POINT ( 'NONE', #12078 ) ;
#10074 = ORIENTED_EDGE ( 'NONE', *, *, #6077, .T. ) ;
#10075 = FACE_OUTER_BOUND ( 'NONE', #12908, .T. ) ;
#10076 = EDGE_CURVE ( 'NONE', #1554, #8919, #5867, .T. ) ;
#10077 = CARTESIAN_POINT ( 'NONE',  ( -5.250000000000000000, 16.69999999999999929, -10.40000000000000036 ) ) ;
#10078 = ORIENTED_EDGE ( 'NONE', *, *, #11245, .F. ) ;
#10079 = DIRECTION ( 'NONE',  ( 0.6389710663783129130, -0.7692307692307697176, 0.000000000000000000 ) ) ;
#10080 = EDGE_CURVE ( 'NONE', #12158, #2083, #1666, .T. ) ;
#10081 = LINE ( 'NONE', #12607, #10010 ) ;
#10082 = DIRECTION ( 'NONE',  ( 0.000000000000000000, -1.000000000000000000, 0.000000000000000000 ) ) ;
#10083 = AXIS2_PLACEMENT_3D ( 'NONE', #2560, #7448, #9558 ) ;
#10084 = FACE_OUTER_BOUND ( 'NONE', #9742, .T. ) ;
#10085 = CARTESIAN_POINT ( 'NONE',  ( -2.149999999999999911, 0.000000000000000000, 8.149999999999998579 ) ) ;
#10086 = ORIENTED_EDGE ( 'NONE', *, *, #4560, .F. ) ;
#10087 = CARTESIAN_POINT ( 'NONE',  ( 1.926942286883454925, 7.972552649728219976, 6.875113123340059751 ) ) ;
#10088 = VECTOR ( 'NONE', #667, 1000.000000000000000 ) ;
#10089 = CARTESIAN_POINT ( 'NONE',  ( -7.014921993108779397, 16.26222191265249961, -6.450000000000000178 ) ) ;
#10090 = CARTESIAN_POINT ( 'NONE',  ( -5.575000000000000178, 9.830057098047229047, 16.44999999999999929 ) ) ;
#10091 = EDGE_CURVE ( 'NONE', #9884, #12907, #1327, .T. ) ;
#10092 = VERTEX_POINT ( 'NONE', #1463 ) ;
#10093 = ADVANCED_FACE ( 'NONE', ( #10318 ), #596, .F. ) ;
#10094 = EDGE_LOOP ( 'NONE', ( #10160, #1071, #12789, #12819 ) ) ;
#10095 = ORIENTED_EDGE ( 'NONE', *, *, #9191, .F. ) ;
#10096 = VECTOR ( 'NONE', #1729, 1000.000000000000000 ) ;
#10097 = VERTEX_POINT ( 'NONE', #505 ) ;
#10098 = PRESENTATION_STYLE_ASSIGNMENT (( #4045 ) ) ;
#10099 = CARTESIAN_POINT ( 'NONE',  ( 5.882150296522249633, 1.302038012681424162, 15.84999999999999964 ) ) ;
#10100 = CYLINDRICAL_SURFACE ( 'NONE', #4112, 1.500000000000000000 ) ;
#10101 = ADVANCED_FACE ( 'NONE', ( #1256 ), #3468, .F. ) ;
#10102 = PLANE ( 'NONE',  #11536 ) ;
#10103 = DIRECTION ( 'NONE',  ( 1.000000000000000000, 0.000000000000000000, 0.000000000000000000 ) ) ;
#10104 = VECTOR ( 'NONE', #13396, 999.9999999999998863 ) ;
#10105 = CARTESIAN_POINT ( 'NONE',  ( 2.149999999999999911, -4.000000000000000000, -6.850000000000000533 ) ) ;
#10106 = ORIENTED_EDGE ( 'NONE', *, *, #4691, .T. ) ;
#10107 = AXIS2_PLACEMENT_3D ( 'NONE', #2372, #6605, #12930 ) ;
#10108 = COLOUR_RGB ( '',0.7921568627450980005, 0.8196078431372548767, 0.9333333333333333481 ) ;
#10109 = CARTESIAN_POINT ( 'NONE',  ( -7.014921993108779397, 16.26222191265249961, -1.449999999999999956 ) ) ;
#10110 = DIRECTION ( 'NONE',  ( -0.9702108924344295948, -0.1710743573134244355, -0.1715353854788749244 ) ) ;
#10111 = DIRECTION ( 'NONE',  ( 0.8191520442889932418, 0.5735764363510441610, 0.000000000000000000 ) ) ;
#10112 = CARTESIAN_POINT ( 'NONE',  ( -1.222370646041893938, 12.87780098272160068, 15.84999999999999964 ) ) ;
#10113 = EDGE_CURVE ( 'NONE', #11399, #10611, #10337, .T. ) ;
#10114 = CARTESIAN_POINT ( 'NONE',  ( -2.399604646138564945, 13.25676273017529994, 11.95000000000000107 ) ) ;
#10115 = VERTEX_POINT ( 'NONE', #10679 ) ;
#10116 = PRODUCT_DEFINITION ( 'UNKNOWN', '', #4556, #2674 ) ;
#10117 = EDGE_CURVE ( 'NONE', #1084, #12325, #1282, .T. ) ;
#10118 = ORIENTED_EDGE ( 'NONE', *, *, #6494, .T. ) ;
#10119 = ORIENTED_EDGE ( 'NONE', *, *, #3926, .T. ) ;
#10120 = FACE_OUTER_BOUND ( 'NONE', #2185, .T. ) ;
#10121 = CARTESIAN_POINT ( 'NONE',  ( -0.9496587886920860866, 8.515701347388139553, -15.15000000000000036 ) ) ;
#10122 = VERTEX_POINT ( 'NONE', #8569 ) ;
#10123 = CYLINDRICAL_SURFACE ( 'NONE', #9082, 1.500000000000000444 ) ;
#10124 = ADVANCED_FACE ( 'NONE', ( #1349 ), #325, .F. ) ;
#10125 = LINE ( 'NONE', #9498, #5517 ) ;
#10126 = EDGE_LOOP ( 'NONE', ( #2329, #8742, #13318, #11066, #430, #2098 ) ) ;
#10127 = CARTESIAN_POINT ( 'NONE',  ( 5.882150296522249633, 1.302038012681424162, 16.44999999999999929 ) ) ;
#10128 = DIRECTION ( 'NONE',  ( 0.000000000000000000, 0.000000000000000000, -1.000000000000000000 ) ) ;
#10129 = DIRECTION ( 'NONE',  ( 0.8191520442889891340, 0.5735764363510499342, 0.000000000000000000 ) ) ;
#10130 = AXIS2_PLACEMENT_3D ( 'NONE', #6952, #8032, #10066 ) ;
#10131 = DIRECTION ( 'NONE',  ( 0.000000000000000000, 1.000000000000000000, 0.000000000000000000 ) ) ;
#10132 = CARTESIAN_POINT ( 'NONE',  ( -2.399604646138564945, 13.25676273017529994, -13.05000000000000071 ) ) ;
#10133 = VERTEX_POINT ( 'NONE', #1370 ) ;
#10134 = EDGE_CURVE ( 'NONE', #10737, #6845, #10693, .T. ) ;
#10135 = EDGE_LOOP ( 'NONE', ( #3417, #2615, #10382, #8386 ) ) ;
#10136 = VERTEX_POINT ( 'NONE', #9803 ) ;
#10137 = DIRECTION ( 'NONE',  ( -0.7071067811865474617, 0.7071067811865474617, 0.000000000000000000 ) ) ;
#10138 = DIRECTION ( 'NONE',  ( 0.000000000000000000, 0.000000000000000000, 1.000000000000000000 ) ) ;
#10139 = LINE ( 'NONE', #8845, #1419 ) ;
#10140 = AXIS2_PLACEMENT_3D ( 'NONE', #418, #1008, #8656 ) ;
#10141 = EDGE_CURVE ( 'NONE', #10885, #5196, #1488, .T. ) ;
#10142 = DIRECTION ( 'NONE',  ( 0.000000000000000000, 0.000000000000000000, -1.000000000000000000 ) ) ;
#10143 = ORIENTED_EDGE ( 'NONE', *, *, #12791, .T. ) ;
#10144 = COLOUR_RGB ( '',1.000000000000000000, 1.000000000000000000, 1.000000000000000000 ) ;
#10145 = CARTESIAN_POINT ( 'NONE',  ( -0.003459225755823794844, 12.44853857463906088, 15.84999999999999964 ) ) ;
#10146 = VECTOR ( 'NONE', #9678, 1000.000000000000227 ) ;
#10147 = CARTESIAN_POINT ( 'NONE',  ( -6.077610530143179979, 9.327446567904038588, -5.150000000000000355 ) ) ;
#10148 = VECTOR ( 'NONE', #10434, 1000.000000000000000 ) ;
#10149 = VERTEX_POINT ( 'NONE', #12931 ) ;
#10150 = LINE ( 'NONE', #6391, #5717 ) ;
#10151 = EDGE_CURVE ( 'NONE', #7516, #2607, #2174, .T. ) ;
#10152 = CARTESIAN_POINT ( 'NONE',  ( -5.575000000000000178, 9.830057098047229047, 9.849999999999999645 ) ) ;
#10153 = AXIS2_PLACEMENT_3D ( 'NONE', #8441, #9493, #10535 ) ;
#10154 = DIRECTION ( 'NONE',  ( 0.7071067811865474617, -0.7071067811865474617, 0.000000000000000000 ) ) ;
#10155 = DIRECTION ( 'NONE',  ( 0.000000000000000000, 0.000000000000000000, 1.000000000000000000 ) ) ;
#10156 =( LENGTH_UNIT ( ) NAMED_UNIT ( * ) SI_UNIT ( .MILLI., .METRE. ) );
#10157 = VERTEX_POINT ( 'NONE', #2890 ) ;
#10158 = DIRECTION ( 'NONE',  ( 1.000000000000000000, 0.000000000000000000, 0.000000000000000000 ) ) ;
#10159 = DIRECTION ( 'NONE',  ( 0.000000000000000000, -0.9438583563660177811, -0.3303504247281049411 ) ) ;
#10160 = ORIENTED_EDGE ( 'NONE', *, *, #853, .T. ) ;
#10161 = ORIENTED_EDGE ( 'NONE', *, *, #13166, .F. ) ;
#10162 = LINE ( 'NONE', #5615, #6294 ) ;
#10163 = DIRECTION ( 'NONE',  ( 0.7071067811865480168, -0.7071067811865470176, 0.000000000000000000 ) ) ;
#10164 = EDGE_LOOP ( 'NONE', ( #6439, #3909, #11460, #12691 ) ) ;
#10165 = AXIS2_PLACEMENT_3D ( 'NONE', #7179, #6313, #7344 ) ;
#10166 = CARTESIAN_POINT ( 'NONE',  ( -5.575000000000000178, 16.69999999999999929, -8.050000000000000711 ) ) ;
#10167 = FACE_OUTER_BOUND ( 'NONE', #9033, .T. ) ;
#10168 = FACE_OUTER_BOUND ( 'NONE', #6627, .T. ) ;
#10169 = CARTESIAN_POINT ( 'NONE',  ( 1.926942286883454925, 7.972552649728219976, 2.750000000000000000 ) ) ;
#10170 = ORIENTED_EDGE ( 'NONE', *, *, #4029, .F. ) ;
#10171 = CARTESIAN_POINT ( 'NONE',  ( -3.919104336280229806, 16.00810641548579838, 6.949999999999999289 ) ) ;
#10172 = CIRCLE ( 'NONE', #12140, 0.8748868766599399160 ) ;
#10173 = CARTESIAN_POINT ( 'NONE',  ( 2.559164477407499749, 7.554020587861660196, -13.15700454277399878 ) ) ;
#10174 = DIRECTION ( 'NONE',  ( 0.000000000000000000, 0.000000000000000000, 1.000000000000000000 ) ) ;
#10175 = EDGE_CURVE ( 'NONE', #9915, #6547, #2136, .T. ) ;
#10176 = AXIS2_PLACEMENT_3D ( 'NONE', #577, #6937, #7930 ) ;
#10177 = CARTESIAN_POINT ( 'NONE',  ( -4.002709121030539663, 8.489437846237121832, 8.550000000000000711 ) ) ;
#10178 = EDGE_LOOP ( 'NONE', ( #12553, #3560, #7966, #8059 ) ) ;
#10179 = EDGE_LOOP ( 'NONE', ( #7393, #9893, #10608, #11824, #1203, #5333 ) ) ;
#10180 = ORIENTED_EDGE ( 'NONE', *, *, #12100, .F. ) ;
#10181 = ADVANCED_FACE ( 'NONE', ( #6270 ), #5018, .F. ) ;
#10182 = LINE ( 'NONE', #1626, #5960 ) ;
#10183 = DIRECTION ( 'NONE',  ( -1.000000000000000000, 0.000000000000000000, 0.000000000000000000 ) ) ;
#10184 = EDGE_LOOP ( 'NONE', ( #6432, #7797, #9553, #12347 ) ) ;
#10185 = LINE ( 'NONE', #5272, #5512 ) ;
#10186 = CARTESIAN_POINT ( 'NONE',  ( 2.475030032583884765, 7.424464904027790801, 1.875113123340059973 ) ) ;
#10187 = FACE_OUTER_BOUND ( 'NONE', #13065, .T. ) ;
#10188 = CARTESIAN_POINT ( 'NONE',  ( -5.250000000000000000, 16.69999999999999929, 9.599999999999999645 ) ) ;
#10189 = CARTESIAN_POINT ( 'NONE',  ( -5.001253558300190249, 7.790249504023520011, 14.84999999999999964 ) ) ;
#10190 = LINE ( 'NONE', #11656, #861 ) ;
#10191 = PLANE ( 'NONE',  #4403 ) ;
#10192 = VERTEX_POINT ( 'NONE', #9282 ) ;
#10193 = VECTOR ( 'NONE', #9182, 1000.000000000000000 ) ;
#10194 = CARTESIAN_POINT ( 'NONE',  ( 2.475030032583884765, 7.424464904027790801, -5.500000000000000000 ) ) ;
#10195 = EDGE_CURVE ( 'NONE', #7695, #4551, #2160, .T. ) ;
#10196 = CARTESIAN_POINT ( 'NONE',  ( -4.564624922667160689, 8.111000000000000654, 15.75000000000000000 ) ) ;
#10197 = EDGE_CURVE ( 'NONE', #11788, #5185, #6653, .T. ) ;
#10198 = CARTESIAN_POINT ( 'NONE',  ( -5.809933491950640239, 18.09157266594019831, 0.9000000000000000222 ) ) ;
#10199 = SURFACE_SIDE_STYLE ('',( #10299 ) ) ;
#10200 = DIRECTION ( 'NONE',  ( -0.8753734620995469173, -0.4834473103160809582, 0.000000000000000000 ) ) ;
#10201 = DIRECTION ( 'NONE',  ( 1.000000000000000000, 0.000000000000000000, 0.000000000000000000 ) ) ;
#10202 = ORIENTED_EDGE ( 'NONE', *, *, #5239, .F. ) ;
#10203 = ADVANCED_FACE ( 'NONE', ( #6608 ), #7034, .F. ) ;
#10204 = VERTEX_POINT ( 'NONE', #10331 ) ;
#10205 = ORIENTED_EDGE ( 'NONE', *, *, #941, .F. ) ;
#10206 = AXIS2_PLACEMENT_3D ( 'NONE', #1169, #11726, #1260 ) ;
#10207 = LINE ( 'NONE', #2378, #10519 ) ;
#10208 = EDGE_CURVE ( 'NONE', #3429, #7941, #2046, .T. ) ;
#10209 = DIRECTION ( 'NONE',  ( 0.000000000000000000, 0.000000000000000000, -1.000000000000000000 ) ) ;
#10210 = ORIENTED_EDGE ( 'NONE', *, *, #8754, .T. ) ;
#10211 = LINE ( 'NONE', #6375, #885 ) ;
#10212 = EDGE_CURVE ( 'NONE', #419, #5046, #1841, .T. ) ;
#10213 = FACE_OUTER_BOUND ( 'NONE', #774, .T. ) ;
#10214 = EDGE_LOOP ( 'NONE', ( #1721, #3105, #1819, #10598, #7668, #7334 ) ) ;
#10215 = EDGE_CURVE ( 'NONE', #13, #4436, #6366, .T. ) ;
#10216 = LINE ( 'NONE', #4711, #822 ) ;
#10217 = CARTESIAN_POINT ( 'NONE',  ( -1.500787922441104927, 11.75383624964603868, 16.44999999999999929 ) ) ;
#10218 = DIRECTION ( 'NONE',  ( 0.000000000000000000, 1.000000000000000000, 0.000000000000000000 ) ) ;
#10219 = CARTESIAN_POINT ( 'NONE',  ( -4.564624922667160689, 8.111000000000000654, 15.75000000000000000 ) ) ;
#10220 = CARTESIAN_POINT ( 'NONE',  ( -4.478428631448714725, 16.48862918074649997, 10.90000000000000036 ) ) ;
#10221 = CARTESIAN_POINT ( 'NONE',  ( 3.588643222671839883, 9.139278838686021089, 5.250000000000000000 ) ) ;
#10222 = SURFACE_SIDE_STYLE ('',( #11932 ) ) ;
#10223 = AXIS2_PLACEMENT_3D ( 'NONE', #7224, #871, #1961 ) ;
#10224 = DIRECTION ( 'NONE',  ( -0.000000000000000000, 0.3303504247281054407, 0.9438583563660176701 ) ) ;
#10225 = EDGE_LOOP ( 'NONE', ( #785, #10074, #12750, #10735 ) ) ;
#10226 = ORIENTED_EDGE ( 'NONE', *, *, #12462, .T. ) ;
#10227 = VERTEX_POINT ( 'NONE', #1037 ) ;
#10228 = MANIFOLD_SOLID_BREP ( 'NONE', #10924 ) ;
#10229 = CARTESIAN_POINT ( 'NONE',  ( -5.575000000000000178, 16.69999999999999929, 3.550000000000000266 ) ) ;
#10230 = FACE_OUTER_BOUND ( 'NONE', #3108, .T. ) ;
#10231 = DIRECTION ( 'NONE',  ( 0.5446390350150209780, 0.8386705679454279361, 0.000000000000000000 ) ) ;
#10232 = DIRECTION ( 'NONE',  ( -0.9659258262890700886, -0.2588190451025140226, 0.000000000000000000 ) ) ;
#10233 = ORIENTED_EDGE ( 'NONE', *, *, #11120, .T. ) ;
#10234 = FACE_OUTER_BOUND ( 'NONE', #7975, .T. ) ;
#10235 = CIRCLE ( 'NONE', #2168, 0.8000000000000003775 ) ;
#10236 = CARTESIAN_POINT ( 'NONE',  ( -6.750000000000000000, 16.69999999999999929, 6.949999999999999289 ) ) ;
#10237 = ORIENTED_EDGE ( 'NONE', *, *, #363, .F. ) ;
#10238 = LINE ( 'NONE', #3633, #10193 ) ;
#10239 = EDGE_CURVE ( 'NONE', #9360, #9943, #1882, .T. ) ;
#10240 = DIRECTION ( 'NONE',  ( -1.000000000000000000, 0.000000000000000000, 0.000000000000000000 ) ) ;
#10241 = CARTESIAN_POINT ( 'NONE',  ( -0.9000476708424469674, 10.66194478217150099, -6.450000000000000178 ) ) ;
#10242 = AXIS2_PLACEMENT_3D ( 'NONE', #11312, #13346, #11067 ) ;
#10243 = ORIENTED_EDGE ( 'NONE', *, *, #628, .F. ) ;
#10244 = PLANE ( 'NONE',  #12518 ) ;
#10245 = CARTESIAN_POINT ( 'NONE',  ( 2.306154181162860084, 10.12774586688902190, -7.250000000000000000 ) ) ;
#10246 = ORIENTED_EDGE ( 'NONE', *, *, #11572, .T. ) ;
#10247 = ORIENTED_EDGE ( 'NONE', *, *, #8732, .F. ) ;
#10248 = CARTESIAN_POINT ( 'NONE',  ( -5.246999171586890220, 7.618176573118209838, 6.949999999999999289 ) ) ;
#10249 = CARTESIAN_POINT ( 'NONE',  ( -7.500000000000000000, -3.500000000000000000, -11.84999999999999964 ) ) ;
#10250 = ORIENTED_EDGE ( 'NONE', *, *, #7575, .F. ) ;
#10251 = CIRCLE ( 'NONE', #11936, 0.5000000000000000000 ) ;
#10252 = DIRECTION ( 'NONE',  ( 0.7071067811865489050, -0.7071067811865460184, 0.000000000000000000 ) ) ;
#10253 = VECTOR ( 'NONE', #11947, 1000.000000000000114 ) ;
#10254 = EDGE_CURVE ( 'NONE', #12765, #11831, #6434, .T. ) ;
#10255 = CARTESIAN_POINT ( 'NONE',  ( -5.250000000000000000, 16.69999999999999929, 0.9000000000000000222 ) ) ;
#10256 = ORIENTED_EDGE ( 'NONE', *, *, #648, .T. ) ;
#10257 = PLANE ( 'NONE',  #3671 ) ;
#10258 = CYLINDRICAL_SURFACE ( 'NONE', #11680, 1.505000000000000338 ) ;
#10259 = DIRECTION ( 'NONE',  ( 0.000000000000000000, 0.000000000000000000, -1.000000000000000000 ) ) ;
#10260 = DIRECTION ( 'NONE',  ( -0.000000000000000000, 1.000000000000000000, 0.000000000000000000 ) ) ;
#10261 = DIRECTION ( 'NONE',  ( 1.000000000000000000, 0.000000000000000000, 0.000000000000000000 ) ) ;
#10262 = ORIENTED_EDGE ( 'NONE', *, *, #6060, .F. ) ;
#10263 = ORIENTED_EDGE ( 'NONE', *, *, #2016, .T. ) ;
#10264 = ORIENTED_EDGE ( 'NONE', *, *, #9249, .T. ) ;
#10265 = AXIS2_PLACEMENT_3D ( 'NONE', #2989, #8433, #10261 ) ;
#10266 = CARTESIAN_POINT ( 'NONE',  ( 6.782295549467770357, 4.930639144171879984, -16.44999999999999929 ) ) ;
#10267 = ORIENTED_EDGE ( 'NONE', *, *, #12791, .F. ) ;
#10268 = LINE ( 'NONE', #9128, #1613 ) ;
#10269 = PLANE ( 'NONE',  #4253 ) ;
#10270 = DIRECTION ( 'NONE',  ( -0.8191520442889891340, -0.5735764363510499342, 0.000000000000000000 ) ) ;
#10271 = LINE ( 'NONE', #6854, #9811 ) ;
#10272 = DIRECTION ( 'NONE',  ( 0.000000000000000000, 0.000000000000000000, 1.000000000000000000 ) ) ;
#10273 = DIRECTION ( 'NONE',  ( 0.000000000000000000, 1.000000000000000000, 0.000000000000000000 ) ) ;
#10274 = FACE_OUTER_BOUND ( 'NONE', #8824, .T. ) ;
#10275 = DIRECTION ( 'NONE',  ( -0.5735764363510499342, 0.8191520442889891340, 0.000000000000000000 ) ) ;
#10276 = EDGE_CURVE ( 'NONE', #4473, #4139, #6532, .T. ) ;
#10277 = ORIENTED_EDGE ( 'NONE', *, *, #5488, .F. ) ;
#10278 = CARTESIAN_POINT ( 'NONE',  ( -7.500000000000000000, -3.500000000000000000, -6.850000000000000533 ) ) ;
#10279 = DIRECTION ( 'NONE',  ( 0.000000000000000000, 0.000000000000000000, -1.000000000000000000 ) ) ;
#10280 = EDGE_CURVE ( 'NONE', #6175, #3941, #2000, .T. ) ;
#10281 = FACE_OUTER_BOUND ( 'NONE', #3843, .T. ) ;
#10282 = CARTESIAN_POINT ( 'NONE',  ( -5.575000000000000178, 16.69999999999999929, -6.450000000000000178 ) ) ;
#10283 = DIRECTION ( 'NONE',  ( -0.7692307692307711608, -0.6389710663783111366, 0.000000000000000000 ) ) ;
#10284 = CARTESIAN_POINT ( 'NONE',  ( 1.926942286883454925, 7.972552649728219976, -6.375113123340060639 ) ) ;
#10285 = PLANE ( 'NONE',  #9568 ) ;
#10286 = DIRECTION ( 'NONE',  ( 0.000000000000000000, -0.9888927622975229870, -0.1486307662483605796 ) ) ;
#10287 = DIRECTION ( 'NONE',  ( -0.7692307692307698286, -0.6389710663783129130, 0.000000000000000000 ) ) ;
#10288 = ORIENTED_EDGE ( 'NONE', *, *, #3901, .T. ) ;
#10289 = ORIENTED_EDGE ( 'NONE', *, *, #10080, .T. ) ;
#10290 = ORIENTED_EDGE ( 'NONE', *, *, #3810, .F. ) ;
#10291 = ADVANCED_FACE ( 'NONE', ( #11124 ), #5287, .T. ) ;
#10292 = AXIS2_PLACEMENT_3D ( 'NONE', #10997, #13401, #4762 ) ;
#10293 = AXIS2_PLACEMENT_3D ( 'NONE', #635, #3793, #1801 ) ;
#10294 = ORIENTED_EDGE ( 'NONE', *, *, #479, .F. ) ;
#10295 = VECTOR ( 'NONE', #3610, 1000.000000000000000 ) ;
#10296 = VECTOR ( 'NONE', #4360, 1000.000000000000114 ) ;
#10297 = VECTOR ( 'NONE', #13095, 999.9999999999998863 ) ;
#10298 = EDGE_LOOP ( 'NONE', ( #10782, #12473, #650, #360 ) ) ;
#10299 = SURFACE_STYLE_FILL_AREA ( #6992 ) ;
#10300 = CARTESIAN_POINT ( 'NONE',  ( 2.475030032583884765, 7.424464904027790801, -7.250000000000000000 ) ) ;
#10301 = EDGE_CURVE ( 'NONE', #5484, #3641, #2093, .T. ) ;
#10302 = DIRECTION ( 'NONE',  ( 0.000000000000000000, 0.000000000000000000, -1.000000000000000000 ) ) ;
#10303 = VECTOR ( 'NONE', #10020, 1000.000000000000000 ) ;
#10304 = CARTESIAN_POINT ( 'NONE',  ( 1.926942286883454925, 7.972552649728219976, 1.875113123340059973 ) ) ;
#10305 = AXIS2_PLACEMENT_3D ( 'NONE', #7215, #9286, #2134 ) ;
#10306 = CARTESIAN_POINT ( 'NONE',  ( 4.740000000000000213, 3.079999999999999627, 16.44999999999999929 ) ) ;
#10307 =( NAMED_UNIT ( * ) SI_UNIT ( $, .STERADIAN. ) SOLID_ANGLE_UNIT ( ) );
#10308 = EDGE_CURVE ( 'NONE', #408, #491, #2186, .T. ) ;
#10309 = EDGE_LOOP ( 'NONE', ( #7799, #6357, #8740, #10264 ) ) ;
#10310 = ORIENTED_EDGE ( 'NONE', *, *, #9154, .T. ) ;
#10311 = ORIENTED_EDGE ( 'NONE', *, *, #10030, .F. ) ;
#10312 = CARTESIAN_POINT ( 'NONE',  ( 1.250000000000000000, 0.4000000000000000222, 15.84999999999999964 ) ) ;
#10313 = CARTESIAN_POINT ( 'NONE',  ( -4.134999999999999787, 3.364999999999999769, 15.84999999999999964 ) ) ;
#10314 = ORIENTED_EDGE ( 'NONE', *, *, #3980, .F. ) ;
#10315 = VECTOR ( 'NONE', #11552, 1000.000000000000000 ) ;
#10316 = EDGE_CURVE ( 'NONE', #11950, #11780, #10837, .T. ) ;
#10317 = PLANE ( 'NONE',  #4521 ) ;
#10318 = FACE_OUTER_BOUND ( 'NONE', #1236, .T. ) ;
#10319 = DIRECTION ( 'NONE',  ( -0.000000000000000000, 1.000000000000000000, 0.000000000000000000 ) ) ;
#10320 = ADVANCED_FACE ( 'NONE', ( #6559 ), #259, .F. ) ;
#10321 = AXIS2_PLACEMENT_3D ( 'NONE', #138, #2199, #2293 ) ;
#10322 = CARTESIAN_POINT ( 'NONE',  ( 0.000000000000000000, -4.000000000000000000, -10.00000000000000000 ) ) ;
#10323 = LINE ( 'NONE', #6548, #10697 ) ;
#10324 = EDGE_LOOP ( 'NONE', ( #4012, #700, #12844, #3878 ) ) ;
#10325 = LINE ( 'NONE', #8958, #1648 ) ;
#10326 = VECTOR ( 'NONE', #2821, 1000.000000000000000 ) ;
#10327 = EDGE_CURVE ( 'NONE', #10803, #9121, #6581, .T. ) ;
#10328 = CARTESIAN_POINT ( 'NONE',  ( -2.850000000000000089, -4.000000000000000000, 3.149999999999999911 ) ) ;
#10329 = ORIENTED_EDGE ( 'NONE', *, *, #9628, .F. ) ;
#10330 = CARTESIAN_POINT ( 'NONE',  ( -1.638719566157164964, 11.71687757710162003, 16.44999999999999929 ) ) ;
#10331 = CARTESIAN_POINT ( 'NONE',  ( 4.768393923934000078, 7.110999999999999766, 15.75000000000000000 ) ) ;
#10332 = VERTEX_POINT ( 'NONE', #4576 ) ;
#10333 = VERTEX_POINT ( 'NONE', #4484 ) ;
#10334 = CARTESIAN_POINT ( 'NONE',  ( -5.575000000000000178, 16.69999999999999929, 11.95000000000000107 ) ) ;
#10335 = ORIENTED_EDGE ( 'NONE', *, *, #13459, .F. ) ;
#10336 = VECTOR ( 'NONE', #2284, 1000.000000000000000 ) ;
#10337 = LINE ( 'NONE', #4827, #6179 ) ;
#10338 = LINE ( 'NONE', #7506, #6107 ) ;
#10339 = CARTESIAN_POINT ( 'NONE',  ( -1.442193645700395876, 12.96803417904112088, -1.449999999999999956 ) ) ;
#10340 = STYLED_ITEM ( 'NONE', ( #4393 ), #6751 ) ;
#10341 = EDGE_LOOP ( 'NONE', ( #3584, #12787, #10549, #7810 ) ) ;
#10342 = DIRECTION ( 'NONE',  ( 0.000000000000000000, 0.000000000000000000, -1.000000000000000000 ) ) ;
#10343 = EDGE_CURVE ( 'NONE', #7997, #239, #11265, .T. ) ;
#10344 = PLANE ( 'NONE',  #9702 ) ;
#10345 = CARTESIAN_POINT ( 'NONE',  ( -5.246999171586890220, 7.618176573118209838, -3.050000000000000266 ) ) ;
#10346 = LINE ( 'NONE', #7882, #10623 ) ;
#10347 = VECTOR ( 'NONE', #8344, 1000.000000000000114 ) ;
#10348 = CARTESIAN_POINT ( 'NONE',  ( 2.850000000000000089, 0.000000000000000000, 13.15000000000000036 ) ) ;
#10349 = ORIENTED_EDGE ( 'NONE', *, *, #11496, .F. ) ;
#10350 = ORIENTED_EDGE ( 'NONE', *, *, #6641, .T. ) ;
#10351 = ORIENTED_EDGE ( 'NONE', *, *, #10530, .F. ) ;
#10352 = CARTESIAN_POINT ( 'NONE',  ( 3.588643222671839883, 9.139278838686021089, -0.9499999999999999556 ) ) ;
#10353 = EDGE_CURVE ( 'NONE', #2368, #3028, #10812, .T. ) ;
#10354 = VERTEX_POINT ( 'NONE', #12672 ) ;
#10355 = LINE ( 'NONE', #376, #6219 ) ;
#10356 = CARTESIAN_POINT ( 'NONE',  ( -5.575000000000000178, 9.830057098047229047, 15.84999999999999964 ) ) ;
#10357 = VECTOR ( 'NONE', #13436, 1000.000000000000000 ) ;
#10358 = CARTESIAN_POINT ( 'NONE',  ( -5.809933491950640239, 18.09157266594019831, -4.100000000000000533 ) ) ;
#10359 = PLANE ( 'NONE',  #12416 ) ;
#10360 = VECTOR ( 'NONE', #6694, 1000.000000000000000 ) ;
#10361 = CARTESIAN_POINT ( 'NONE',  ( -4.732680068040119536, 4.732680068040119536, -15.15000000000000036 ) ) ;
#10362 = EDGE_LOOP ( 'NONE', ( #4903, #12138, #2609, #8320, #5905, #1535 ) ) ;
#10363 = LINE ( 'NONE', #2380, #10795 ) ;
#10364 = LINE ( 'NONE', #7054, #1620 ) ;
#10365 = AXIS2_PLACEMENT_3D ( 'NONE', #11033, #10935, #9947 ) ;
#10366 = CYLINDRICAL_SURFACE ( 'NONE', #1625, 1.000000000000028200 ) ;
#10367 = EDGE_CURVE ( 'NONE', #6546, #13510, #1767, .T. ) ;
#10368 = DIRECTION ( 'NONE',  ( -0.000000000000000000, 0.3303504247281054407, 0.9438583563660176701 ) ) ;
#10369 = DIRECTION ( 'NONE',  ( -0.8753734620995469173, -0.4834473103160809582, 0.000000000000000000 ) ) ;
#10370 = PLANE ( 'NONE',  #3457 ) ;
#10371 = CARTESIAN_POINT ( 'NONE',  ( 2.306190871640253270, 10.12775184507777482, -2.165018130901800397 ) ) ;
#10372 = EDGE_CURVE ( 'NONE', #9953, #4634, #6628, .T. ) ;
#10373 = ORIENTED_EDGE ( 'NONE', *, *, #3079, .T. ) ;
#10374 = ORIENTED_EDGE ( 'NONE', *, *, #140, .F. ) ;
#10375 = EDGE_LOOP ( 'NONE', ( #4589, #2439, #7084, #4847, #11578, #1086 ) ) ;
#10376 = EDGE_CURVE ( 'NONE', #8496, #5110, #11148, .T. ) ;
#10377 = ORIENTED_EDGE ( 'NONE', *, *, #7321, .T. ) ;
#10378 = LINE ( 'NONE', #12695, #1186 ) ;
#10379 = LINE ( 'NONE', #5435, #10296 ) ;
#10380 = AXIS2_PLACEMENT_3D ( 'NONE', #12091, #2548, #4658 ) ;
#10381 = LINE ( 'NONE', #3420, #10497 ) ;
#10382 = ORIENTED_EDGE ( 'NONE', *, *, #30, .T. ) ;
#10383 = PLANE ( 'NONE',  #4266 ) ;
#10384 = CARTESIAN_POINT ( 'NONE',  ( 3.341155849256549626, 9.386766212101310458, -3.550000000000000266 ) ) ;
#10385 = CIRCLE ( 'NONE', #1816, 1.500000000000000000 ) ;
#10386 = CARTESIAN_POINT ( 'NONE',  ( -2.850000000000000089, -4.000000000000000000, 12.62500000000000000 ) ) ;
#10387 = PLANE ( 'NONE',  #4872 ) ;
#10388 = LINE ( 'NONE', #891, #1748 ) ;
#10389 = CARTESIAN_POINT ( 'NONE',  ( -3.775451385280815142, 16.42485207100589761, 15.19999999999999929 ) ) ;
#10390 = ORIENTED_EDGE ( 'NONE', *, *, #7710, .T. ) ;
#10391 = ORIENTED_EDGE ( 'NONE', *, *, #9454, .F. ) ;
#10392 = EDGE_LOOP ( 'NONE', ( #557, #11258, #242, #11969 ) ) ;
#10393 = DIRECTION ( 'NONE',  ( -0.6389710663783129130, 0.7692307692307697176, 0.000000000000000000 ) ) ;
#10394 = DIRECTION ( 'NONE',  ( 0.000000000000000000, 0.000000000000000000, -1.000000000000000000 ) ) ;
#10395 = ORIENTED_EDGE ( 'NONE', *, *, #5088, .F. ) ;
#10396 = EDGE_CURVE ( 'NONE', #6764, #10885, #6344, .T. ) ;
#10397 = FACE_OUTER_BOUND ( 'NONE', #762, .T. ) ;
#10398 = CARTESIAN_POINT ( 'NONE',  ( -5.250000000000000000, 16.69999999999999929, -9.799999999999998934 ) ) ;
#10399 = LINE ( 'NONE', #7683, #6153 ) ;
#10400 = CARTESIAN_POINT ( 'NONE',  ( -7.500000000000000000, -3.500000000000000000, -7.550000000000000711 ) ) ;
#10401 = DIRECTION ( 'NONE',  ( 0.000000000000000000, 0.000000000000000000, -1.000000000000000000 ) ) ;
#10402 = CYLINDRICAL_SURFACE ( 'NONE', #5365, 0.5999999999999998668 ) ;
#10403 = EDGE_LOOP ( 'NONE', ( #2256, #1996, #6797, #5506, #9071, #142, #13443, #9610, #6980, #6645, #11376, #7729, #8951, #9160, #4092, #11533, #9138, #10202, #9520, #4095, #1969, #4752 ) ) ;
#10404 = AXIS2_PLACEMENT_3D ( 'NONE', #12341, #870, #1959 ) ;
#10405 = PRESENTATION_STYLE_ASSIGNMENT (( #11015 ) ) ;
#10406 = VECTOR ( 'NONE', #1704, 1000.000000000000000 ) ;
#10407 = VECTOR ( 'NONE', #7398, 999.9999999999998863 ) ;
#10408 = CARTESIAN_POINT ( 'NONE',  ( -6.330983280564429272, 18.00135094402205027, 13.54999999999999893 ) ) ;
#10409 = ORIENTED_EDGE ( 'NONE', *, *, #5659, .F. ) ;
#10410 = ADVANCED_FACE ( 'NONE', ( #6461 ), #7371, .F. ) ;
#10411 = CARTESIAN_POINT ( 'NONE',  ( 2.643096200184854361, 10.06700254793159033, -6.387577924388892825 ) ) ;
#10412 = EDGE_CURVE ( 'NONE', #12235, #4051, #1812, .T. ) ;
#10413 = VERTEX_POINT ( 'NONE', #3493 ) ;
#10414 = ORIENTED_EDGE ( 'NONE', *, *, #7722, .T. ) ;
#10415 = CARTESIAN_POINT ( 'NONE',  ( -5.149861993732639753, 10.12774193481510032, 1.949999999999999956 ) ) ;
#10416 = DIRECTION ( 'NONE',  ( 0.000000000000000000, 0.3303504247281054407, -0.9438583563660176701 ) ) ;
#10417 = ORIENTED_EDGE ( 'NONE', *, *, #12528, .F. ) ;
#10418 = VECTOR ( 'NONE', #1518, 1000.000000000000000 ) ;
#10419 = CARTESIAN_POINT ( 'NONE',  ( -3.775451385280815142, 16.42485207100589761, 0.2999999999999999889 ) ) ;
#10420 = VECTOR ( 'NONE', #9977, 1000.000000000000114 ) ;
#10421 = VECTOR ( 'NONE', #6930, 1000.000000000000000 ) ;
#10422 = FACE_OUTER_BOUND ( 'NONE', #6977, .T. ) ;
#10423 = CARTESIAN_POINT ( 'NONE',  ( -5.149861993732639753, 10.12774193481510032, -6.450000000000000178 ) ) ;
#10424 = EDGE_LOOP ( 'NONE', ( #9101, #11669, #11194, #9214 ) ) ;
#10425 = LINE ( 'NONE', #6106, #5941 ) ;
#10426 = DIRECTION ( 'NONE',  ( 0.000000000000000000, 0.000000000000000000, -1.000000000000000000 ) ) ;
#10427 = CARTESIAN_POINT ( 'NONE',  ( -7.080000000000000071, 16.69999999999999929, -1.449999999999999956 ) ) ;
#10428 = DIRECTION ( 'NONE',  ( 1.000000000000000000, 0.000000000000000000, 0.000000000000000000 ) ) ;
#10429 = LINE ( 'NONE', #522, #10551 ) ;
#10430 = AXIS2_PLACEMENT_3D ( 'NONE', #1287, #8660, #6423 ) ;
#10431 = FACE_OUTER_BOUND ( 'NONE', #12453, .T. ) ;
#10432 = DIRECTION ( 'NONE',  ( -0.7071067811865415775, -0.7071067811865535679, 0.000000000000000000 ) ) ;
#10433 = ORIENTED_EDGE ( 'NONE', *, *, #2857, .F. ) ;
#10434 = DIRECTION ( 'NONE',  ( 0.4493487905883666311, 0.6919364591594880931, -0.5650748630779840465 ) ) ;
#10435 = EDGE_CURVE ( 'NONE', #10071, #467, #6485, .T. ) ;
#10436 = EDGE_LOOP ( 'NONE', ( #6800, #5241, #8210, #4991 ) ) ;
#10437 = VERTEX_POINT ( 'NONE', #6538 ) ;
#10438 = EDGE_CURVE ( 'NONE', #13150, #426, #11009, .T. ) ;
#10439 = DIRECTION ( 'NONE',  ( -0.4226182617406986086, -0.9063077870366503808, 0.000000000000000000 ) ) ;
#10440 = ORIENTED_EDGE ( 'NONE', *, *, #7074, .T. ) ;
#10441 = VECTOR ( 'NONE', #6369, 1000.000000000000114 ) ;
#10442 = PLANE ( 'NONE',  #8503 ) ;
#10443 = LINE ( 'NONE', #11650, #1396 ) ;
#10444 = LINE ( 'NONE', #602, #6103 ) ;
#10445 = DIRECTION ( 'NONE',  ( 0.7071067811865475727, 0.7071067811865475727, 0.000000000000000000 ) ) ;
#10446 = DIRECTION ( 'NONE',  ( 0.000000000000000000, 0.000000000000000000, 1.000000000000000000 ) ) ;
#10447 = CARTESIAN_POINT ( 'NONE',  ( 0.000000000000000000, 0.000000000000000000, -10.00000000000000000 ) ) ;
#10448 = ADVANCED_FACE ( 'NONE', ( #6510 ), #6084, .F. ) ;
#10449 = ORIENTED_EDGE ( 'NONE', *, *, #6794, .F. ) ;
#10450 = CARTESIAN_POINT ( 'NONE',  ( 1.926942286883454925, 7.972552649728219976, 4.074886876659950197 ) ) ;
#10451 = ADVANCED_FACE ( 'NONE', ( #1701 ), #3228, .F. ) ;
#10452 = COLOUR_RGB ( '',1.000000000000000000, 1.000000000000000000, 1.000000000000000000 ) ;
#10453 = EDGE_CURVE ( 'NONE', #875, #5132, #6280, .T. ) ;
#10454 = CARTESIAN_POINT ( 'NONE',  ( -7.500000000000000000, -3.500000000000000000, 7.450000000000000178 ) ) ;
#10455 = VECTOR ( 'NONE', #1149, 1000.000000000000000 ) ;
#10456 = AXIS2_PLACEMENT_3D ( 'NONE', #10127, #9776, #12211 ) ;
#10457 = CARTESIAN_POINT ( 'NONE',  ( -3.977399336024220133, 3.977399336024204590, -15.15000000000000036 ) ) ;
#10458 = AXIS2_PLACEMENT_3D ( 'NONE', #5327, #7407, #2725 ) ;
#10459 = DIRECTION ( 'NONE',  ( 0.000000000000000000, 0.000000000000000000, 1.000000000000000000 ) ) ;
#10460 = CARTESIAN_POINT ( 'NONE',  ( -2.850000000000000089, 2.200000000000000178, 15.75000000000000000 ) ) ;
#10461 = CARTESIAN_POINT ( 'NONE',  ( 2.740115085247985416, 9.987806976109879997, -1.266384221354699857 ) ) ;
#10462 = VERTEX_POINT ( 'NONE', #8507 ) ;
#10463 = ORIENTED_EDGE ( 'NONE', *, *, #6152, .T. ) ;
#10464 = VERTEX_POINT ( 'NONE', #5373 ) ;
#10465 = EDGE_CURVE ( 'NONE', #8501, #8687, #10651, .T. ) ;
#10466 = EDGE_LOOP ( 'NONE', ( #2, #1299, #5096, #4959 ) ) ;
#10467 = AXIS2_PLACEMENT_3D ( 'NONE', #7679, #2530, #3549 ) ;
#10468 = FACE_OUTER_BOUND ( 'NONE', #4594, .T. ) ;
#10469 = EDGE_CURVE ( 'NONE', #9252, #13285, #6211, .T. ) ;
#10470 = VECTOR ( 'NONE', #3381, 1000.000000000000000 ) ;
#10471 = LINE ( 'NONE', #7924, #10052 ) ;
#10472 = LINE ( 'NONE', #6412, #10547 ) ;
#10473 = ORIENTED_EDGE ( 'NONE', *, *, #11538, .T. ) ;
#10474 = FACE_OUTER_BOUND ( 'NONE', #2916, .T. ) ;
#10475 = DIRECTION ( 'NONE',  ( 0.000000000000000000, 0.000000000000000000, -1.000000000000000000 ) ) ;
#10476 = DIRECTION ( 'NONE',  ( 0.000000000000000000, 0.000000000000000000, 1.000000000000000000 ) ) ;
#10477 = DIRECTION ( 'NONE',  ( 0.000000000000000000, 0.9438583563660177811, 0.3303504247281049411 ) ) ;
#10478 = CARTESIAN_POINT ( 'NONE',  ( 0.000000000000000000, -4.000000000000000000, 0.000000000000000000 ) ) ;
#10479 = CARTESIAN_POINT ( 'NONE',  ( 2.475030032583884765, 7.424464904027790801, 11.65041507641942076 ) ) ;
#10480 = LINE ( 'NONE', #9681, #1428 ) ;
#10481 = DIRECTION ( 'NONE',  ( 0.000000000000000000, 0.000000000000000000, -1.000000000000000000 ) ) ;
#10482 = ADVANCED_FACE ( 'NONE', ( #5925 ), #3887, .F. ) ;
#10483 = EDGE_CURVE ( 'NONE', #12117, #1967, #6253, .T. ) ;
#10484 = AXIS2_PLACEMENT_3D ( 'NONE', #1707, #4869, #12451 ) ;
#10485 = ORIENTED_EDGE ( 'NONE', *, *, #3447, .T. ) ;
#10486 = ORIENTED_EDGE ( 'NONE', *, *, #5005, .F. ) ;
#10487 = VERTEX_POINT ( 'NONE', #11097 ) ;
#10488 = CARTESIAN_POINT ( 'NONE',  ( 2.400039389507277132, 10.13620647959989185, -2.693684895572799221 ) ) ;
#10489 = CARTESIAN_POINT ( 'NONE',  ( -6.208456599567469425, 17.85384615384614904, -1.449999999999999956 ) ) ;
#10490 = ORIENTED_EDGE ( 'NONE', *, *, #9410, .T. ) ;
#10491 = VECTOR ( 'NONE', #13068, 1000.000000000000000 ) ;
#10492 = DIRECTION ( 'NONE',  ( -1.000000000000000000, 0.000000000000000000, 0.000000000000000000 ) ) ;
#10493 = LINE ( 'NONE', #5522, #5800 ) ;
#10494 = CARTESIAN_POINT ( 'NONE',  ( -2.399604646138564945, 13.25676273017529994, 11.95000000000000107 ) ) ;
#10495 = FACE_OUTER_BOUND ( 'NONE', #1047, .T. ) ;
#10496 = DIRECTION ( 'NONE',  ( -0.5735764363510499342, 0.8191520442889891340, 0.000000000000000000 ) ) ;
#10497 = VECTOR ( 'NONE', #6644, 1000.000000000000000 ) ;
#10498 = ORIENTED_EDGE ( 'NONE', *, *, #2519, .T. ) ;
#10499 = FACE_OUTER_BOUND ( 'NONE', #11, .T. ) ;
#10500 = SURFACE_STYLE_FILL_AREA ( #2355 ) ;
#10501 = ADVANCED_FACE ( 'NONE', ( #1384 ), #13217, .F. ) ;
#10502 = VECTOR ( 'NONE', #11525, 999.9999999999998863 ) ;
#10503 = EDGE_CURVE ( 'NONE', #3236, #12692, #6061, .T. ) ;
#10504 = DIRECTION ( 'NONE',  ( 0.000000000000000000, 0.000000000000000000, 1.000000000000000000 ) ) ;
#10505 = ORIENTED_EDGE ( 'NONE', *, *, #2646, .F. ) ;
#10506 = CARTESIAN_POINT ( 'NONE',  ( 2.149999999999999911, -4.000000000000000000, -11.84999999999999964 ) ) ;
#10507 = CARTESIAN_POINT ( 'NONE',  ( -2.850000000000000089, -4.000000000000000000, -12.55000000000000071 ) ) ;
#10508 = ORIENTED_EDGE ( 'NONE', *, *, #4938, .T. ) ;
#10509 = ORIENTED_EDGE ( 'NONE', *, *, #9907, .T. ) ;
#10510 = ADVANCED_FACE ( 'NONE', ( #1335 ), #1885, .F. ) ;
#10511 = AXIS2_PLACEMENT_3D ( 'NONE', #3725, #6040, #9873 ) ;
#10512 = DIRECTION ( 'NONE',  ( 0.000000000000000000, 0.000000000000000000, -1.000000000000000000 ) ) ;
#10513 = CARTESIAN_POINT ( 'NONE',  ( -5.250000000000000000, 16.69999999999999929, -3.050000000000000266 ) ) ;
#10514 = EDGE_CURVE ( 'NONE', #6276, #12207, #1600, .T. ) ;
#10515 = ORIENTED_EDGE ( 'NONE', *, *, #10212, .F. ) ;
#10516 = VECTOR ( 'NONE', #4410, 1000.000000000000000 ) ;
#10517 = DIRECTION ( 'NONE',  ( -0.7071067811865415775, -0.7071067811865535679, 0.000000000000000000 ) ) ;
#10518 = LINE ( 'NONE', #4798, #5848 ) ;
#10519 = VECTOR ( 'NONE', #7780, 1000.000000000000000 ) ;
#10520 = LINE ( 'NONE', #9843, #1329 ) ;
#10521 = CARTESIAN_POINT ( 'NONE',  ( 1.308303843626091867, 8.591191092985580369, 12.75000000000000000 ) ) ;
#10522 = ORIENTED_EDGE ( 'NONE', *, *, #1174, .T. ) ;
#10523 = CARTESIAN_POINT ( 'NONE',  ( -6.208456599567469425, 17.85384615384614904, -13.05000000000000071 ) ) ;
#10524 = VECTOR ( 'NONE', #7435, 1000.000000000000114 ) ;
#10525 = CARTESIAN_POINT ( 'NONE',  ( -0.9000476708424469674, 10.66194478217150099, -13.05000000000000071 ) ) ;
#10526 = DIRECTION ( 'NONE',  ( -1.000000000000000000, 0.000000000000000000, 0.000000000000000000 ) ) ;
#10527 = CARTESIAN_POINT ( 'NONE',  ( 2.149999999999999911, 0.000000000000000000, 2.449999999999999734 ) ) ;
#10528 = DIRECTION ( 'NONE',  ( 0.000000000000000000, -1.000000000000000000, 0.000000000000000000 ) ) ;
#10529 = LINE ( 'NONE', #10099, #1651 ) ;
#10530 = EDGE_CURVE ( 'NONE', #1153, #10879, #6163, .T. ) ;
#10531 = DIRECTION ( 'NONE',  ( -0.7071067811865475727, -0.7071067811865475727, 0.000000000000000000 ) ) ;
#10532 = ORIENTED_EDGE ( 'NONE', *, *, #64, .F. ) ;
#10533 = ORIENTED_EDGE ( 'NONE', *, *, #4236, .F. ) ;
#10534 = VERTEX_POINT ( 'NONE', #9919 ) ;
#10535 = DIRECTION ( 'NONE',  ( 0.000000000000000000, 0.000000000000000000, -1.000000000000000000 ) ) ;
#10536 = AXIS2_PLACEMENT_3D ( 'NONE', #10478, #7097, #12383 ) ;
#10537 = ORIENTED_EDGE ( 'NONE', *, *, #9163, .T. ) ;
#10538 = FACE_OUTER_BOUND ( 'NONE', #4339, .T. ) ;
#10539 = CARTESIAN_POINT ( 'NONE',  ( 6.735268398951980373, 5.992653662405889037, 5.250000000000000000 ) ) ;
#10540 = DIRECTION ( 'NONE',  ( 1.000000000000000000, 0.000000000000000000, 0.000000000000000000 ) ) ;
#10541 = EDGE_CURVE ( 'NONE', #11138, #3234, #10798, .T. ) ;
#10542 = CIRCLE ( 'NONE', #12748, 1.500000000000000000 ) ;
#10543 = LINE ( 'NONE', #4555, #5664 ) ;
#10544 = ADVANCED_FACE ( 'NONE', ( #10626 ), #8945, .F. ) ;
#10545 = DIRECTION ( 'NONE',  ( 0.000000000000000000, 1.000000000000000000, 0.000000000000000000 ) ) ;
#10546 = CARTESIAN_POINT ( 'NONE',  ( -0.9718728952031370216, 13.13773506781796030, -1.449999999999999956 ) ) ;
#10547 = VECTOR ( 'NONE', #6126, 1000.000000000000000 ) ;
#10548 = CARTESIAN_POINT ( 'NONE',  ( -5.250000000000000000, 16.69999999999999929, 0.2000000000000000111 ) ) ;
#10549 = ORIENTED_EDGE ( 'NONE', *, *, #1422, .F. ) ;
#10550 = VECTOR ( 'NONE', #5265, 1000.000000000000000 ) ;
#10551 = VECTOR ( 'NONE', #1583, 1000.000000000000000 ) ;
#10552 = EDGE_CURVE ( 'NONE', #7622, #12281, #6138, .T. ) ;
#10553 = FACE_OUTER_BOUND ( 'NONE', #12599, .T. ) ;
#10554 =( NAMED_UNIT ( * ) SI_UNIT ( $, .STERADIAN. ) SOLID_ANGLE_UNIT ( ) );
#10555 = PLANE ( 'NONE',  #13472 ) ;
#10557 = EDGE_CURVE ( 'NONE', #9564, #1084, #10579, .T. ) ;
#10556 = FILL_AREA_STYLE_COLOUR ( '', #10452 ) ;
#10558 = CARTESIAN_POINT ( 'NONE',  ( 2.475030032583884765, 7.424464904027790801, -11.37511312334006064 ) ) ;
#10559 = AXIS2_PLACEMENT_3D ( 'NONE', #10109, #12622, #3268 ) ;
#10560 = ORIENTED_EDGE ( 'NONE', *, *, #2074, .T. ) ;
#10561 = CARTESIAN_POINT ( 'NONE',  ( -7.500000000000000000, 7.905057098047200803, 15.84999999999999964 ) ) ;
#10562 = VERTEX_POINT ( 'NONE', #1589 ) ;
#10563 = DIRECTION ( 'NONE',  ( 0.000000000000000000, 0.000000000000000000, -1.000000000000000000 ) ) ;
#10564 = ORIENTED_EDGE ( 'NONE', *, *, #11334, .F. ) ;
#10565 = ORIENTED_EDGE ( 'NONE', *, *, #6021, .T. ) ;
#10566 = CIRCLE ( 'NONE', #10610, 1.500000000000000000 ) ;
#10567 = LINE ( 'NONE', #2106, #1233 ) ;
#10568 = LINE ( 'NONE', #12940, #1397 ) ;
#10569 = LINE ( 'NONE', #1436, #10748 ) ;
#10570 = DIRECTION ( 'NONE',  ( 1.000000000000000000, 0.000000000000000000, 0.000000000000000000 ) ) ;
#10571 = ADVANCED_FACE ( 'NONE', ( #6232 ), #10269, .F. ) ;
#10572 = VERTEX_POINT ( 'NONE', #798 ) ;
#10573 = LINE ( 'NONE', #2206, #6135 ) ;
#10574 = DIRECTION ( 'NONE',  ( 0.7071067811865489050, -0.7071067811865460184, 0.000000000000000000 ) ) ;
#10575 = DIRECTION ( 'NONE',  ( 0.4055797876726409679, 0.4055797876726409679, 0.8191520442889898002 ) ) ;
#10576 = DIRECTION ( 'NONE',  ( 1.000000000000000000, 0.000000000000000000, 0.000000000000000000 ) ) ;
#10577 = FACE_OUTER_BOUND ( 'NONE', #3714, .T. ) ;
#10578 = DIRECTION ( 'NONE',  ( 0.000000000000000000, 0.000000000000000000, -1.000000000000000000 ) ) ;
#10579 = LINE ( 'NONE', #622, #10602 ) ;
#10580 = CARTESIAN_POINT ( 'NONE',  ( -2.149999999999999911, -4.000000000000000000, 2.975000000000000089 ) ) ;
#10581 =( LENGTH_UNIT ( ) NAMED_UNIT ( * ) SI_UNIT ( .MILLI., .METRE. ) );
#10582 = CARTESIAN_POINT ( 'NONE',  ( -5.250000000000000000, 16.69999999999999929, 0.2000000000000000111 ) ) ;
#10583 = ORIENTED_EDGE ( 'NONE', *, *, #13063, .T. ) ;
#10584 = ORIENTED_EDGE ( 'NONE', *, *, #5064, .T. ) ;
#10585 = VERTEX_POINT ( 'NONE', #10186 ) ;
#10586 = CARTESIAN_POINT ( 'NONE',  ( -3.984748662560944954, 15.89430833868740045, 3.550000000000000266 ) ) ;
#10587 = AXIS2_PLACEMENT_3D ( 'NONE', #3687, #2839, #3897 ) ;
#10588 = DIRECTION ( 'NONE',  ( 0.000000000000000000, 0.000000000000000000, 1.000000000000000000 ) ) ;
#10589 = CARTESIAN_POINT ( 'NONE',  ( -7.500000000000000000, 0.000000000000000000, 15.84999999999999964 ) ) ;
#10590 = DIRECTION ( 'NONE',  ( 0.000000000000000000, 0.3303504247281054407, -0.9438583563660176701 ) ) ;
#10591 = ORIENTED_EDGE ( 'NONE', *, *, #5636, .F. ) ;
#10592 = LINE ( 'NONE', #11440, #1395 ) ;
#10593 = PLANE ( 'NONE',  #1544 ) ;
#10594 = LINE ( 'NONE', #11480, #6130 ) ;
#10595 = CIRCLE ( 'NONE', #1452, 1.500000000000000000 ) ;
#10596 = PLANE ( 'NONE',  #6732 ) ;
#10597 = LINE ( 'NONE', #7183, #10864 ) ;
#10598 = ORIENTED_EDGE ( 'NONE', *, *, #5561, .T. ) ;
#10599 = LINE ( 'NONE', #11750, #5923 ) ;
#10600 = EDGE_CURVE ( 'NONE', #3462, #2571, #1622, .T. ) ;
#10601 = VECTOR ( 'NONE', #346, 1000.000000000000000 ) ;
#10602 = VECTOR ( 'NONE', #11369, 1000.000000000000000 ) ;
#10603 = CARTESIAN_POINT ( 'NONE',  ( -2.149999999999999911, -3.500000000000000000, 3.149999999999999911 ) ) ;
#10604 = ORIENTED_EDGE ( 'NONE', *, *, #11345, .F. ) ;
#10605 = DIRECTION ( 'NONE',  ( 0.000000000000000000, 0.000000000000000000, 1.000000000000000000 ) ) ;
#10606 = CARTESIAN_POINT ( 'NONE',  ( -1.442193645700395876, 12.96803417904112088, 11.95000000000000107 ) ) ;
#10607 = ORIENTED_EDGE ( 'NONE', *, *, #7205, .T. ) ;
#10608 = ORIENTED_EDGE ( 'NONE', *, *, #9242, .T. ) ;
#10609 = DIRECTION ( 'NONE',  ( 1.000000000000000000, 0.000000000000000000, 0.000000000000000000 ) ) ;
#10610 = AXIS2_PLACEMENT_3D ( 'NONE', #5568, #7640, #12980 ) ;
#10611 = VERTEX_POINT ( 'NONE', #9222 ) ;
#10612 = FACE_OUTER_BOUND ( 'NONE', #2789, .T. ) ;
#10613 =( NAMED_UNIT ( * ) SI_UNIT ( $, .STERADIAN. ) SOLID_ANGLE_UNIT ( ) );
#10614 = LINE ( 'NONE', #12302, #6223 ) ;
#10615 = FACE_OUTER_BOUND ( 'NONE', #12328, .T. ) ;
#10616 = VECTOR ( 'NONE', #2572, 1000.000000000000000 ) ;
#10617 = CARTESIAN_POINT ( 'NONE',  ( -2.382835146695035267, 12.62863240148741895, -11.44999999999999929 ) ) ;
#10618 = ORIENTED_EDGE ( 'NONE', *, *, #5214, .T. ) ;
#10619 = DIRECTION ( 'NONE',  ( 1.000000000000000000, 0.000000000000000000, 0.000000000000000000 ) ) ;
#10620 = LINE ( 'NONE', #8395, #10700 ) ;
#10621 = DIRECTION ( 'NONE',  ( -0.5735764363510499342, 0.8191520442889891340, 0.000000000000000000 ) ) ;
#10622 = DIRECTION ( 'NONE',  ( -0.6389710663783129130, 0.7692307692307697176, 0.000000000000000000 ) ) ;
#10623 = VECTOR ( 'NONE', #10989, 1000.000000000000000 ) ;
#10624 = AXIS2_PLACEMENT_3D ( 'NONE', #10015, #11102, #532 ) ;
#10625 = CARTESIAN_POINT ( 'NONE',  ( -5.246999171586890220, 7.618176573118209838, -8.050000000000000711 ) ) ;
#10626 = FACE_OUTER_BOUND ( 'NONE', #9869, .T. ) ;
#10627 = EDGE_CURVE ( 'NONE', #8446, #8162, #10388, .T. ) ;
#10628 = CARTESIAN_POINT ( 'NONE',  ( -2.149999999999999911, -4.000000000000000000, -6.850000000000000533 ) ) ;
#10629 = ORIENTED_EDGE ( 'NONE', *, *, #5634, .F. ) ;
#10630 = ORIENTED_EDGE ( 'NONE', *, *, #10438, .T. ) ;
#10631 = VERTEX_POINT ( 'NONE', #10008 ) ;
#10632 = ADVANCED_FACE ( 'NONE', ( #6306 ), #2738, .F. ) ;
#10633 = CARTESIAN_POINT ( 'NONE',  ( -5.316253523062870023, 17.49725182388110056, 4.599999999999999645 ) ) ;
#10634 = EDGE_CURVE ( 'NONE', #2246, #11691, #10529, .T. ) ;
#10635 = EDGE_LOOP ( 'NONE', ( #1424, #10646, #12481, #7676 ) ) ;
#10636 = LINE ( 'NONE', #10177, #5889 ) ;
#10637 = CARTESIAN_POINT ( 'NONE',  ( -5.575000000000000178, 9.830057098047239705, -3.050000000000000266 ) ) ;
#10638 = ORIENTED_EDGE ( 'NONE', *, *, #3663, .T. ) ;
#10639 = VECTOR ( 'NONE', #1831, 1000.000000000000000 ) ;
#10640 = LINE ( 'NONE', #13021, #6202 ) ;
#10641 = DIRECTION ( 'NONE',  ( 1.000000000000000000, 0.000000000000000000, 0.000000000000000000 ) ) ;
#10642 = AXIS2_PLACEMENT_3D ( 'NONE', #4094, #7349, #1094 ) ;
#10643 = DIRECTION ( 'NONE',  ( 0.000000000000000000, 0.000000000000000000, -1.000000000000000000 ) ) ;
#10644 = CIRCLE ( 'NONE', #2580, 1.000000000000027978 ) ;
#10645 = DIRECTION ( 'NONE',  ( 0.000000000000000000, 0.000000000000000000, 1.000000000000000000 ) ) ;
#10646 = ORIENTED_EDGE ( 'NONE', *, *, #7579, .F. ) ;
#10647 = PLANE ( 'NONE',  #8928 ) ;
#10648 = VECTOR ( 'NONE', #5947, 1000.000000000000114 ) ;
#10649 = ADVANCED_FACE ( 'NONE', ( #6114 ), #10366, .F. ) ;
#10650 = LINE ( 'NONE', #1781, #1676 ) ;
#10651 = LINE ( 'NONE', #3318, #10678 ) ;
#10652 = CARTESIAN_POINT ( 'NONE',  ( -3.775451385280815142, 16.42485207100589761, 4.599999999999999645 ) ) ;
#10653 = DIRECTION ( 'NONE',  ( 0.000000000000000000, 0.000000000000000000, -1.000000000000000000 ) ) ;
#10654 = AXIS2_PLACEMENT_3D ( 'NONE', #10039, #7828, #12131 ) ;
#10655 = CARTESIAN_POINT ( 'NONE',  ( 2.149999999999999911, -4.000000000000000000, 2.625000000000000000 ) ) ;
#10656 = CARTESIAN_POINT ( 'NONE',  ( -5.575000000000000178, 16.69999999999999929, 3.550000000000000266 ) ) ;
#10657 = DIRECTION ( 'NONE',  ( 0.7071067811865474617, 0.7071067811865474617, 0.000000000000000000 ) ) ;
#10658 = VERTEX_POINT ( 'NONE', #1241 ) ;
#10659 = DIRECTION ( 'NONE',  ( 0.000000000000000000, 0.000000000000000000, -1.000000000000000000 ) ) ;
#10660 = ORIENTED_EDGE ( 'NONE', *, *, #1021, .F. ) ;
#10661 = DIRECTION ( 'NONE',  ( 0.000000000000000000, 0.000000000000000000, -1.000000000000000000 ) ) ;
#10662 = ORIENTED_EDGE ( 'NONE', *, *, #9249, .F. ) ;
#10663 = ORIENTED_EDGE ( 'NONE', *, *, #7417, .F. ) ;
#10664 = LINE ( 'NONE', #11960, #1372 ) ;
#10665 = ORIENTED_EDGE ( 'NONE', *, *, #6524, .F. ) ;
#10666 = VECTOR ( 'NONE', #8653, 1000.000000000000000 ) ;
#10667 = FACE_OUTER_BOUND ( 'NONE', #246, .T. ) ;
#10668 = CIRCLE ( 'NONE', #1760, 1.500000000000000000 ) ;
#10669 = CARTESIAN_POINT ( 'NONE',  ( 3.588643222671839883, 9.139278838686021089, 4.049999999999999822 ) ) ;
#10670 = AXIS2_PLACEMENT_3D ( 'NONE', #1446, #8173, #11899 ) ;
#10671 = ORIENTED_EDGE ( 'NONE', *, *, #11524, .F. ) ;
#10672 = LINE ( 'NONE', #7282, #1358 ) ;
#10673 = PLANE ( 'NONE',  #9830 ) ;
#10674 = CARTESIAN_POINT ( 'NONE',  ( 1.926942286883454925, 7.972552649728219976, 6.650415076419430527 ) ) ;
#10675 = CARTESIAN_POINT ( 'NONE',  ( -1.500787922441104927, 11.75383624964603868, -1.449999999999999956 ) ) ;
#10676 = FACE_OUTER_BOUND ( 'NONE', #6974, .T. ) ;
#10677 = CARTESIAN_POINT ( 'NONE',  ( -5.246999171586890220, 7.618176573118209838, -5.150000000000000355 ) ) ;
#10678 = VECTOR ( 'NONE', #8595, 1000.000000000000000 ) ;
#10679 = CARTESIAN_POINT ( 'NONE',  ( -2.442193645700425186, 12.96803417904112088, -8.050000000000000711 ) ) ;
#10680 = CARTESIAN_POINT ( 'NONE',  ( 0.000000000000000000, 0.000000000000000000, 0.000000000000000000 ) ) ;
#10681 = CARTESIAN_POINT ( 'NONE',  ( 3.588643222671839883, 9.139278838686021089, 1.449999999999999956 ) ) ;
#10682 = VERTEX_POINT ( 'NONE', #981 ) ;
#10683 = ORIENTED_EDGE ( 'NONE', *, *, #7818, .F. ) ;
#10684 = EDGE_LOOP ( 'NONE', ( #6502, #4358, #10706, #9806 ) ) ;
#10685 = PLANE ( 'NONE',  #2178 ) ;
#10686 = PLANE ( 'NONE',  #7969 ) ;
#10687 = EDGE_CURVE ( 'NONE', #3772, #3970, #10703, .T. ) ;
#10688 = DIRECTION ( 'NONE',  ( -0.7071067811865415775, -0.7071067811865535679, 0.000000000000000000 ) ) ;
#10689 = DIRECTION ( 'NONE',  ( 0.000000000000000000, 0.000000000000000000, -1.000000000000000000 ) ) ;
#10690 = ORIENTED_EDGE ( 'NONE', *, *, #3012, .T. ) ;
#10691 = ORIENTED_EDGE ( 'NONE', *, *, #12461, .T. ) ;
#10692 = DIRECTION ( 'NONE',  ( -0.5030199466302390787, 0.8642748019537022097, 0.000000000000000000 ) ) ;
#10693 = LINE ( 'NONE', #4547, #5913 ) ;
#10694 = DIRECTION ( 'NONE',  ( 0.9659258262890666469, -0.2588190451025264016, 0.000000000000000000 ) ) ;
#10695 = LINE ( 'NONE', #1765, #6533 ) ;
#10696 = EDGE_CURVE ( 'NONE', #6725, #7176, #1678, .T. ) ;
#10697 = VECTOR ( 'NONE', #11907, 1000.000000000000000 ) ;
#10698 = ADVANCED_FACE ( 'NONE', ( #5807 ), #5946, .F. ) ;
#10699 = ORIENTED_EDGE ( 'NONE', *, *, #5480, .T. ) ;
#10700 = VECTOR ( 'NONE', #12655, 1000.000000000000000 ) ;
#10701 = LINE ( 'NONE', #10797, #1382 ) ;
#10702 = AXIS2_PLACEMENT_3D ( 'NONE', #10489, #3210, #11570 ) ;
#10703 = LINE ( 'NONE', #12611, #10731 ) ;
#10704 = EDGE_CURVE ( 'NONE', #3895, #8043, #5832, .T. ) ;
#10705 = DIRECTION ( 'NONE',  ( 1.000000000000000000, 0.000000000000000000, 0.000000000000000000 ) ) ;
#10706 = ORIENTED_EDGE ( 'NONE', *, *, #1032, .F. ) ;
#10707 = CARTESIAN_POINT ( 'NONE',  ( -3.775451385280815142, 16.42485207100589761, -4.799999999999999822 ) ) ;
#10708 = DIRECTION ( 'NONE',  ( 0.000000000000000000, 0.000000000000000000, 1.000000000000000000 ) ) ;
#10709 = VERTEX_POINT ( 'NONE', #2419 ) ;
#10710 = VERTEX_POINT ( 'NONE', #4149 ) ;
#10711 = EDGE_CURVE ( 'NONE', #5491, #8689, #5876, .T. ) ;
#10712 = PLANE ( 'NONE',  #2639 ) ;
#10713 = DIRECTION ( 'NONE',  ( 0.000000000000000000, 0.000000000000000000, -1.000000000000000000 ) ) ;
#10714 = ORIENTED_EDGE ( 'NONE', *, *, #236, .F. ) ;
#10715 = LINE ( 'NONE', #11519, #1326 ) ;
#10716 = CARTESIAN_POINT ( 'NONE',  ( -6.208456599567469425, 17.85384615384614904, 1.949999999999999956 ) ) ;
#10717 = ORIENTED_EDGE ( 'NONE', *, *, #4696, .T. ) ;
#10718 = EDGE_CURVE ( 'NONE', #702, #7997, #1291, .T. ) ;
#10719 = LINE ( 'NONE', #2373, #1587 ) ;
#10720 = FACE_OUTER_BOUND ( 'NONE', #9003, .T. ) ;
#10721 = AXIS2_PLACEMENT_3D ( 'NONE', #12222, #13261, #9180 ) ;
#10722 = VECTOR ( 'NONE', #2237, 1000.000000000000000 ) ;
#10723 = CARTESIAN_POINT ( 'NONE',  ( -5.250000000000000000, 16.69999999999999929, -4.700000000000000178 ) ) ;
#10724 = ORIENTED_EDGE ( 'NONE', *, *, #3636, .F. ) ;
#10725 = CARTESIAN_POINT ( 'NONE',  ( -5.575000000000000178, 16.69999999999999929, 11.95000000000000107 ) ) ;
#10726 = CONICAL_SURFACE ( 'NONE', #4303, 0.8748868766599399160, 0.2094395102393268593 ) ;
#10727 = DIRECTION ( 'NONE',  ( 0.000000000000000000, 0.000000000000000000, 1.000000000000000000 ) ) ;
#10728 = PLANE ( 'NONE',  #35 ) ;
#10729 = DIRECTION ( 'NONE',  ( 0.8191520442889882458, 0.5735764363510511554, 0.000000000000000000 ) ) ;
#10730 = CARTESIAN_POINT ( 'NONE',  ( -2.149999999999999911, -4.000000000000000000, -6.850000000000000533 ) ) ;
#10731 = VECTOR ( 'NONE', #6471, 999.9999999999998863 ) ;
#10732 = ADVANCED_FACE ( 'NONE', ( #10431 ), #10442, .T. ) ;
#10733 = EDGE_CURVE ( 'NONE', #6398, #6147, #1314, .T. ) ;
#10734 = DIRECTION ( 'NONE',  ( -1.000000000000000000, 0.000000000000000000, 0.000000000000000000 ) ) ;
#10735 = ORIENTED_EDGE ( 'NONE', *, *, #9317, .F. ) ;
#10736 = VERTEX_POINT ( 'NONE', #11448 ) ;
#10737 = VERTEX_POINT ( 'NONE', #10637 ) ;
#10738 = PLANE ( 'NONE',  #810 ) ;
#10739 = ORIENTED_EDGE ( 'NONE', *, *, #3585, .F. ) ;
#10740 = EDGE_CURVE ( 'NONE', #8162, #11754, #1406, .T. ) ;
#10741 = DIRECTION ( 'NONE',  ( -1.000000000000000000, 0.000000000000000000, 0.000000000000000000 ) ) ;
#10742 = EDGE_LOOP ( 'NONE', ( #9875, #5627, #4409, #11905 ) ) ;
#10743 = VECTOR ( 'NONE', #3619, 1000.000000000000000 ) ;
#10744 = VECTOR ( 'NONE', #5173, 1000.000000000000114 ) ;
#10745 = CARTESIAN_POINT ( 'NONE',  ( 6.735268398951980373, 5.992653662405889037, -9.750000000000000000 ) ) ;
#10746 = CARTESIAN_POINT ( 'NONE',  ( 2.149999999999999911, -3.500000000000000000, 3.149999999999999911 ) ) ;
#10747 = DIRECTION ( 'NONE',  ( 0.000000000000000000, 0.000000000000000000, 1.000000000000000000 ) ) ;
#10748 = VECTOR ( 'NONE', #2204, 999.9999999999998863 ) ;
#10749 = CARTESIAN_POINT ( 'NONE',  ( -5.246999171586890220, 7.618176573118209838, 4.850000000000000533 ) ) ;
#10750 = ORIENTED_EDGE ( 'NONE', *, *, #1886, .T. ) ;
#10751 = AXIS2_PLACEMENT_3D ( 'NONE', #2303, #10492, #9451 ) ;
#10752 = VECTOR ( 'NONE', #1194, 1000.000000000000227 ) ;
#10753 = LINE ( 'NONE', #6891, #1500 ) ;
#10754 = VECTOR ( 'NONE', #12579, 1000.000000000000000 ) ;
#10755 = CARTESIAN_POINT ( 'NONE',  ( -0.9718728952031370216, 13.13773506781796030, -6.450000000000000178 ) ) ;
#10756 = DIRECTION ( 'NONE',  ( 1.000000000000000000, 0.000000000000000000, 0.000000000000000000 ) ) ;
#10757 = CARTESIAN_POINT ( 'NONE',  ( 2.475030032583884765, 7.424464904027790801, 6.450000000000000178 ) ) ;
#10758 = VERTEX_POINT ( 'NONE', #2341 ) ;
#10759 = EDGE_CURVE ( 'NONE', #6616, #10710, #10480, .T. ) ;
#10760 = CARTESIAN_POINT ( 'NONE',  ( -2.850000000000000089, 0.000000000000000000, -1.850000000000000089 ) ) ;
#10761 = VERTEX_POINT ( 'NONE', #5229 ) ;
#10762 = DIRECTION ( 'NONE',  ( -0.6389710663783129130, 0.7692307692307697176, 0.000000000000000000 ) ) ;
#10763 = VERTEX_POINT ( 'NONE', #11706 ) ;
#10764 = ORIENTED_EDGE ( 'NONE', *, *, #9224, .F. ) ;
#10765 = ORIENTED_EDGE ( 'NONE', *, *, #4446, .F. ) ;
#10766 = FACE_OUTER_BOUND ( 'NONE', #2650, .T. ) ;
#10767 = CYLINDRICAL_SURFACE ( 'NONE', #3414, 0.8000000000000003775 ) ;
#10768 = VECTOR ( 'NONE', #13371, 1000.000000000000000 ) ;
#10769 = VERTEX_POINT ( 'NONE', #2072 ) ;
#10770 = LINE ( 'NONE', #4372, #1574 ) ;
#10771 = CARTESIAN_POINT ( 'NONE',  ( -5.305582036247210809, 7.577156409673130533, 0.000000000000000000 ) ) ;
#10772 = CARTESIAN_POINT ( 'NONE',  ( 2.850000000000000089, 0.000000000000000000, -12.55000000000000071 ) ) ;
#10773 = CARTESIAN_POINT ( 'NONE',  ( -1.530854753362479892, 11.74577986658169948, 13.54999999999999893 ) ) ;
#10774 = LINE ( 'NONE', #3600, #10406 ) ;
#10775 = AXIS2_PLACEMENT_3D ( 'NONE', #370, #10923, #8874 ) ;
#10776 = DIRECTION ( 'NONE',  ( -0.8191520442889891340, -0.5735764363510499342, 0.000000000000000000 ) ) ;
#10777 = VECTOR ( 'NONE', #8060, 1000.000000000000000 ) ;
#10778 = CARTESIAN_POINT ( 'NONE',  ( -5.575000000000000178, 16.69999999999999929, -8.050000000000000711 ) ) ;
#10779 = ORIENTED_EDGE ( 'NONE', *, *, #9877, .T. ) ;
#10780 = EDGE_CURVE ( 'NONE', #8021, #4800, #5993, .T. ) ;
#10781 = ORIENTED_EDGE ( 'NONE', *, *, #4338, .T. ) ;
#10782 = ORIENTED_EDGE ( 'NONE', *, *, #10552, .F. ) ;
#10783 = EDGE_CURVE ( 'NONE', #11780, #2522, #1453, .T. ) ;
#10784 = CARTESIAN_POINT ( 'NONE',  ( -7.014921993108779397, 16.26222191265249961, 3.550000000000000266 ) ) ;
#10785 = ORIENTED_EDGE ( 'NONE', *, *, #8334, .F. ) ;
#10786 = VECTOR ( 'NONE', #8970, 1000.000000000000000 ) ;
#10787 = ORIENTED_EDGE ( 'NONE', *, *, #7991, .F. ) ;
#10788 = CARTESIAN_POINT ( 'NONE',  ( -2.149999999999999911, -3.500000000000000000, 13.15000000000000036 ) ) ;
#10789 = VECTOR ( 'NONE', #6058, 1000.000000000000000 ) ;
#10790 = CARTESIAN_POINT ( 'NONE',  ( 4.768393923934000078, 7.110999999999999766, 15.75000000000000000 ) ) ;
#10791 = LINE ( 'NONE', #7867, #2024 ) ;
#10792 = ADVANCED_FACE ( 'NONE', ( #10553 ), #3253, .F. ) ;
#10793 = LINE ( 'NONE', #6317, #6297 ) ;
#10794 = VERTEX_POINT ( 'NONE', #8621 ) ;
#10795 = VECTOR ( 'NONE', #59, 1000.000000000000000 ) ;
#10796 = ORIENTED_EDGE ( 'NONE', *, *, #12080, .F. ) ;
#10797 = CARTESIAN_POINT ( 'NONE',  ( 0.000000000000000000, -4.000000000000000000, 7.625000000000000000 ) ) ;
#10798 = CIRCLE ( 'NONE', #10292, 1.505000000000000338 ) ;
#10799 = AXIS2_PLACEMENT_3D ( 'NONE', #1981, #11001, #1887 ) ;
#10800 = ORIENTED_EDGE ( 'NONE', *, *, #2850, .F. ) ;
#10801 = DIRECTION ( 'NONE',  ( 0.000000000000000000, 0.000000000000000000, -1.000000000000000000 ) ) ;
#10802 = DIRECTION ( 'NONE',  ( -0.7071067811865474617, -0.7071067811865474617, 0.000000000000000000 ) ) ;
#10803 = VERTEX_POINT ( 'NONE', #7323 ) ;
#10804 = ORIENTED_EDGE ( 'NONE', *, *, #9019, .T. ) ;
#10805 = DIRECTION ( 'NONE',  ( 0.000000000000000000, 0.000000000000000000, -1.000000000000000000 ) ) ;
#10806 = VERTEX_POINT ( 'NONE', #6571 ) ;
#10807 =( GEOMETRIC_REPRESENTATION_CONTEXT ( 3 ) GLOBAL_UNCERTAINTY_ASSIGNED_CONTEXT ( ( #7438 ) ) GLOBAL_UNIT_ASSIGNED_CONTEXT ( ( #3591, #8686, #4860 ) ) REPRESENTATION_CONTEXT ( 'NONE', 'WORKASPACE' ) );
#10808 = FACE_OUTER_BOUND ( 'NONE', #7258, .T. ) ;
#10809 = CARTESIAN_POINT ( 'NONE',  ( 2.149999999999999911, -4.000000000000000000, -1.850000000000000089 ) ) ;
#10810 = EDGE_LOOP ( 'NONE', ( #7871, #12157, #7798, #7665 ) ) ;
#10811 = EDGE_CURVE ( 'NONE', #1231, #171, #1503, .T. ) ;
#10812 = LINE ( 'NONE', #11679, #1909 ) ;
#10813 = FACE_OUTER_BOUND ( 'NONE', #4949, .T. ) ;
#10814 = CARTESIAN_POINT ( 'NONE',  ( -3.775451385280815142, 16.42485207100589761, -9.700000000000001066 ) ) ;
#10815 = CIRCLE ( 'NONE', #1940, 1.300000000000000044 ) ;
#10816 = CARTESIAN_POINT ( 'NONE',  ( -7.200000000000000178, 7.356528960623350599, 15.75000000000000000 ) ) ;
#10817 = ADVANCED_FACE ( 'NONE', ( #3784 ), #8973, .F. ) ;
#10818 = ORIENTED_EDGE ( 'NONE', *, *, #4377, .F. ) ;
#10819 = CARTESIAN_POINT ( 'NONE',  ( 1.926942286883454925, 7.972552649728219976, 1.650415076419424976 ) ) ;
#10820 = LINE ( 'NONE', #4939, #1793 ) ;
#10821 = CARTESIAN_POINT ( 'NONE',  ( 0.02500000000000000139, 0.02500000000000000139, -15.15000000000000036 ) ) ;
#10822 = DIRECTION ( 'NONE',  ( 0.000000000000000000, 0.000000000000000000, -1.000000000000000000 ) ) ;
#10823 = CARTESIAN_POINT ( 'NONE',  ( 6.735268398951980373, 5.992653662405889037, 14.50000000000000000 ) ) ;
#10824 = ORIENTED_EDGE ( 'NONE', *, *, #7814, .T. ) ;
#10825 = FACE_OUTER_BOUND ( 'NONE', #6046, .T. ) ;
#10826 = EDGE_CURVE ( 'NONE', #2305, #10877, #4135, .T. ) ;
#10827 = AXIS2_PLACEMENT_3D ( 'NONE', #12408, #10504, #11675 ) ;
#10828 = CARTESIAN_POINT ( 'NONE',  ( -3.984748662560944954, 15.89430833868740045, 0.9000000000000000222 ) ) ;
#10829 = EDGE_LOOP ( 'NONE', ( #4714, #340, #7732, #10859 ) ) ;
#10830 = VERTEX_POINT ( 'NONE', #4239 ) ;
#10831 = VERTEX_POINT ( 'NONE', #5315 ) ;
#10832 = ORIENTED_EDGE ( 'NONE', *, *, #10740, .F. ) ;
#10833 = CIRCLE ( 'NONE', #8815, 1.500000000000000000 ) ;
#10834 = DIRECTION ( 'NONE',  ( 0.7071067811865489050, -0.7071067811865460184, 0.000000000000000000 ) ) ;
#10835 = EDGE_CURVE ( 'NONE', #1295, #6942, #13167, .T. ) ;
#10836 = ORIENTED_EDGE ( 'NONE', *, *, #4248, .T. ) ;
#10837 = LINE ( 'NONE', #3588, #6746 ) ;
#10838 = LINE ( 'NONE', #7041, #1690 ) ;
#10839 = DIRECTION ( 'NONE',  ( 1.000000000000000000, 0.000000000000000000, 0.000000000000000000 ) ) ;
#10840 = DIRECTION ( 'NONE',  ( 0.000000000000000000, 0.000000000000000000, -1.000000000000000000 ) ) ;
#10841 = AXIS2_PLACEMENT_3D ( 'NONE', #9429, #8096, #12545 ) ;
#10842 = CARTESIAN_POINT ( 'NONE',  ( 2.475030032583884765, 7.424464904027790801, -8.349584923580570361 ) ) ;
#10843 = VECTOR ( 'NONE', #7950, 1000.000000000000000 ) ;
#10844 = CARTESIAN_POINT ( 'NONE',  ( -2.149999999999999911, -4.000000000000000000, -7.375000000000000000 ) ) ;
#10845 = VERTEX_POINT ( 'NONE', #10539 ) ;
#10846 = VECTOR ( 'NONE', #8328, 1000.000000000000000 ) ;
#10847 = EDGE_LOOP ( 'NONE', ( #2699, #673, #3623, #12327, #6857 ) ) ;
#10848 = ADVANCED_FACE ( 'NONE', ( #4246 ), #2858, .F. ) ;
#10849 = DIRECTION ( 'NONE',  ( -0.6389710663783133571, 0.7692307692307692735, 0.000000000000000000 ) ) ;
#10850 = DIRECTION ( 'NONE',  ( 1.000000000000000000, 0.000000000000000000, 0.000000000000000000 ) ) ;
#10851 = DIRECTION ( 'NONE',  ( 0.000000000000000000, 0.000000000000000000, -1.000000000000000000 ) ) ;
#10852 = ORIENTED_EDGE ( 'NONE', *, *, #8090, .F. ) ;
#10853 = DIRECTION ( 'NONE',  ( -0.6389710663783133571, 0.7692307692307692735, 0.000000000000000000 ) ) ;
#10854 = ORIENTED_EDGE ( 'NONE', *, *, #1450, .T. ) ;
#10855 = DIRECTION ( 'NONE',  ( -1.000000000000000000, 0.000000000000000000, 0.000000000000000000 ) ) ;
#10856 = ORIENTED_EDGE ( 'NONE', *, *, #7839, .T. ) ;
#10857 = AXIS2_PLACEMENT_3D ( 'NONE', #12364, #13415, #905 ) ;
#10858 = CARTESIAN_POINT ( 'NONE',  ( 1.926942286883454925, 7.972552649728219976, -7.250000000000000000 ) ) ;
#10859 = ORIENTED_EDGE ( 'NONE', *, *, #479, .T. ) ;
#10860 = FACE_OUTER_BOUND ( 'NONE', #1318, .T. ) ;
#10861 = ORIENTED_EDGE ( 'NONE', *, *, #8939, .F. ) ;
#10862 = VECTOR ( 'NONE', #6727, 1000.000000000000000 ) ;
#10863 = LINE ( 'NONE', #13466, #2137 ) ;
#10864 = VECTOR ( 'NONE', #4182, 1000.000000000000000 ) ;
#10865 = ORIENTED_EDGE ( 'NONE', *, *, #9590, .T. ) ;
#10866 = LINE ( 'NONE', #2058, #11247 ) ;
#10867 = DIRECTION ( 'NONE',  ( 0.7071067811865475727, -0.7071067811865475727, 0.000000000000000000 ) ) ;
#10868 = CARTESIAN_POINT ( 'NONE',  ( 2.317708822196412832, 10.13004184202785218, -12.42212338251759540 ) ) ;
#10869 = DIRECTION ( 'NONE',  ( -0.7071067811865475727, -0.7071067811865475727, 0.000000000000000000 ) ) ;
#10870 = ORIENTED_EDGE ( 'NONE', *, *, #2705, .F. ) ;
#10871 = ADVANCED_FACE ( 'NONE', ( #9002 ), #5839, .F. ) ;
#10872 = CIRCLE ( 'NONE', #12247, 1.000000000000000000 ) ;
#10873 = CARTESIAN_POINT ( 'NONE',  ( 2.149999999999999911, 0.000000000000000000, 7.450000000000000178 ) ) ;
#10874 = EDGE_CURVE ( 'NONE', #9125, #12158, #13462, .T. ) ;
#10875 = CARTESIAN_POINT ( 'NONE',  ( -5.250000000000000000, 18.19999999999999929, -0.4000000000000000222 ) ) ;
#10876 = EDGE_CURVE ( 'NONE', #6807, #2155, #8879, .T. ) ;
#10877 = VERTEX_POINT ( 'NONE', #12044 ) ;
#10878 = DIRECTION ( 'NONE',  ( 0.000000000000000000, 0.000000000000000000, -1.000000000000000000 ) ) ;
#10879 = VERTEX_POINT ( 'NONE', #6927 ) ;
#10880 = ADVANCED_FACE ( 'NONE', ( #8781 ), #13157, .F. ) ;
#10881 = DIRECTION ( 'NONE',  ( 0.7071067811865415775, 0.7071067811865535679, 0.000000000000000000 ) ) ;
#10882 = DIRECTION ( 'NONE',  ( -0.6916548014802249567, -0.6916548014802239575, 0.2079116908177670031 ) ) ;
#10883 = DIRECTION ( 'NONE',  ( 0.000000000000000000, 0.3303504247281054407, -0.9438583563660176701 ) ) ;
#10884 = AXIS2_PLACEMENT_3D ( 'NONE', #5576, #742, #1827 ) ;
#10885 = VERTEX_POINT ( 'NONE', #647 ) ;
#10886 = FACE_OUTER_BOUND ( 'NONE', #3258, .T. ) ;
#10887 = ORIENTED_EDGE ( 'NONE', *, *, #10076, .T. ) ;
#10888 = CARTESIAN_POINT ( 'NONE',  ( 3.341155849256549626, 9.386766212101310458, 4.049999999999999822 ) ) ;
#10889 = EDGE_CURVE ( 'NONE', #10056, #9827, #9026, .T. ) ;
#10890 = DIRECTION ( 'NONE',  ( -0.5735764363510499342, 0.8191520442889891340, 0.000000000000000000 ) ) ;
#10891 = FACE_OUTER_BOUND ( 'NONE', #12355, .T. ) ;
#10892 = DIRECTION ( 'NONE',  ( 0.7071067811865470176, 0.7071067811865480168, 0.000000000000000000 ) ) ;
#10893 = VECTOR ( 'NONE', #4093, 1000.000000000000114 ) ;
#10894 = EDGE_CURVE ( 'NONE', #8317, #4838, #13283, .T. ) ;
#10895 = ORIENTED_EDGE ( 'NONE', *, *, #1362, .F. ) ;
#10896 = VECTOR ( 'NONE', #964, 1000.000000000000114 ) ;
#10897 = ADVANCED_FACE ( 'NONE', ( #13081 ), #1725, .F. ) ;
#10898 = VERTEX_POINT ( 'NONE', #559 ) ;
#10899 = DIRECTION ( 'NONE',  ( 0.000000000000000000, 0.000000000000000000, 1.000000000000000000 ) ) ;
#10900 = EDGE_CURVE ( 'NONE', #7641, #11263, #8822, .T. ) ;
#10901 = DIRECTION ( 'NONE',  ( 1.000000000000000000, 0.000000000000000000, 0.000000000000000000 ) ) ;
#10902 = AXIS2_PLACEMENT_3D ( 'NONE', #1058, #11274, #2906 ) ;
#10903 = VERTEX_POINT ( 'NONE', #5931 ) ;
#10904 = SURFACE_SIDE_STYLE ('',( #6939 ) ) ;
#10905 = ADVANCED_FACE ( 'NONE', ( #4401 ), #6848, .F. ) ;
#10906 = CARTESIAN_POINT ( 'NONE',  ( -0.9000476708424469674, 10.66194478217150099, -6.450000000000000178 ) ) ;
#10907 = ORIENTED_EDGE ( 'NONE', *, *, #3657, .T. ) ;
#10908 = EDGE_CURVE ( 'NONE', #7152, #7655, #4782, .T. ) ;
#10909 = DIRECTION ( 'NONE',  ( -1.000000000000000000, 0.000000000000000000, 0.000000000000000000 ) ) ;
#10910 = CARTESIAN_POINT ( 'NONE',  ( 3.592094154601845002, 3.592094154601840117, -15.15000000000000036 ) ) ;
#10911 = ORIENTED_EDGE ( 'NONE', *, *, #10826, .F. ) ;
#10912 = CARTESIAN_POINT ( 'NONE',  ( -6.750000000000000000, 16.69999999999999929, 10.20000000000000107 ) ) ;
#10913 = ORIENTED_EDGE ( 'NONE', *, *, #6673, .F. ) ;
#10914 = COLOUR_RGB ( '',0.7921568627450980005, 0.8196078431372548767, 0.9333333333333333481 ) ;
#10915 = CIRCLE ( 'NONE', #10242, 1.500000000000000000 ) ;
#10916 = CARTESIAN_POINT ( 'NONE',  ( -7.500000000000000000, -3.500000000000000000, 2.449999999999999734 ) ) ;
#10917 = ORIENTED_EDGE ( 'NONE', *, *, #3932, .T. ) ;
#10918 = DIRECTION ( 'NONE',  ( 0.1470157664652013696, 0.1470157664652015084, -0.9781476007338048007 ) ) ;
#10919 = PRODUCT_DEFINITION_SHAPE ( 'NONE', 'NONE',  #3389 ) ;
#10920 = VECTOR ( 'NONE', #3334, 1000.000000000000000 ) ;
#10921 =( NAMED_UNIT ( * ) SI_UNIT ( $, .STERADIAN. ) SOLID_ANGLE_UNIT ( ) );
#10922 = DIRECTION ( 'NONE',  ( 0.000000000000000000, 0.000000000000000000, -1.000000000000000000 ) ) ;
#10923 = DIRECTION ( 'NONE',  ( -0.7071067811865531239, -0.7071067811865420216, 0.000000000000000000 ) ) ;
#10924 = CLOSED_SHELL ( 'NONE', ( #1444, #4049, #8220, #692, #6537, #12559, #8171, #2598 ) ) ;
#10925 = EDGE_CURVE ( 'NONE', #10333, #921, #7489, .T. ) ;
#10926 = DIRECTION ( 'NONE',  ( 0.000000000000000000, 0.000000000000000000, -1.000000000000000000 ) ) ;
#10927 = ORIENTED_EDGE ( 'NONE', *, *, #12733, .F. ) ;
#10928 = VERTEX_POINT ( 'NONE', #1621 ) ;
#10929 = AXIS2_PLACEMENT_3D ( 'NONE', #5558, #9570, #8694 ) ;
#10930 = ORIENTED_EDGE ( 'NONE', *, *, #3827, .F. ) ;
#10931 = CIRCLE ( 'NONE', #6586, 1.500000000000000000 ) ;
#10932 = ORIENTED_EDGE ( 'NONE', *, *, #8306, .T. ) ;
#10933 = VECTOR ( 'NONE', #9982, 1000.000000000000000 ) ;
#10934 = DIRECTION ( 'NONE',  ( 0.000000000000000000, 0.000000000000000000, 1.000000000000000000 ) ) ;
#10935 = DIRECTION ( 'NONE',  ( -0.7692307692307711608, -0.6389710663783111366, 0.000000000000000000 ) ) ;
#10936 = DIRECTION ( 'NONE',  ( 0.8191520442889891340, 0.5735764363510499342, 0.000000000000000000 ) ) ;
#10937 = CARTESIAN_POINT ( 'NONE',  ( -3.649999999999999911, 11.17795660910094036, 16.44999999999999929 ) ) ;
#10938 = LINE ( 'NONE', #1560, #1720 ) ;
#10939 = ADVANCED_FACE ( 'NONE', ( #7409 ), #2825, .F. ) ;
#10940 = ORIENTED_EDGE ( 'NONE', *, *, #12836, .T. ) ;
#10941 = VECTOR ( 'NONE', #8175, 1000.000000000000000 ) ;
#10942 = EDGE_CURVE ( 'NONE', #3173, #7974, #11928, .T. ) ;
#10943 = ORIENTED_EDGE ( 'NONE', *, *, #12590, .T. ) ;
#10944 = DIRECTION ( 'NONE',  ( -0.3420201433256695456, 0.9396926207859080948, 0.000000000000000000 ) ) ;
#10945 = DIRECTION ( 'NONE',  ( 0.000000000000000000, 0.000000000000000000, -1.000000000000000000 ) ) ;
#10946 = DIRECTION ( 'NONE',  ( 0.7071067811865474617, -0.7071067811865474617, 0.000000000000000000 ) ) ;
#10947 = EDGE_LOOP ( 'NONE', ( #6791, #967, #5838, #2481, #2523, #12030 ) ) ;
#10948 = CARTESIAN_POINT ( 'NONE',  ( 2.740115085247985416, 9.987806976109879997, 3.733615778645300143 ) ) ;
#10949 = ORIENTED_EDGE ( 'NONE', *, *, #13364, .F. ) ;
#10950 = CARTESIAN_POINT ( 'NONE',  ( -5.575000000000000178, 16.69999999999999929, 8.550000000000000711 ) ) ;
#10951 = AXIS2_PLACEMENT_3D ( 'NONE', #11486, #13358, #13446 ) ;
#10952 = ORIENTED_EDGE ( 'NONE', *, *, #3953, .F. ) ;
#10953 = ORIENTED_EDGE ( 'NONE', *, *, #11994, .T. ) ;
#10954 = VECTOR ( 'NONE', #2972, 1000.000000000000000 ) ;
#10955 = CIRCLE ( 'NONE', #6410, 1.500000000000000000 ) ;
#10956 = VECTOR ( 'NONE', #9258, 1000.000000000000000 ) ;
#10957 = DIRECTION ( 'NONE',  ( 0.7071067811865474617, -0.7071067811865474617, 0.000000000000000000 ) ) ;
#10958 = EDGE_LOOP ( 'NONE', ( #8406, #13092, #5843, #40, #200, #7429 ) ) ;
#10959 = CIRCLE ( 'NONE', #3310, 1.000000000000000000 ) ;
#10960 = EDGE_CURVE ( 'NONE', #2092, #551, #3041, .T. ) ;
#10961 = DIRECTION ( 'NONE',  ( 0.000000000000000000, 0.000000000000000000, -1.000000000000000000 ) ) ;
#10962 = CARTESIAN_POINT ( 'NONE',  ( -7.080000000000000071, 16.69999999999999929, -3.050000000000000266 ) ) ;
#10963 = ORIENTED_EDGE ( 'NONE', *, *, #12485, .T. ) ;
#10964 = CARTESIAN_POINT ( 'NONE',  ( -7.500000000000000000, -3.500000000000000000, -7.550000000000000711 ) ) ;
#10965 = VECTOR ( 'NONE', #8931, 1000.000000000000000 ) ;
#10966 = DIRECTION ( 'NONE',  ( 1.000000000000000000, 0.000000000000000000, 0.000000000000000000 ) ) ;
#10967 = EDGE_CURVE ( 'NONE', #11731, #12722, #3498, .T. ) ;
#10968 = ADVANCED_FACE ( 'NONE', ( #3256 ), #466, .F. ) ;
#10969 = CARTESIAN_POINT ( 'NONE',  ( -2.382835146695035267, 12.62863240148741895, -3.050000000000000266 ) ) ;
#10970 = ORIENTED_EDGE ( 'NONE', *, *, #1173, .T. ) ;
#10971 = CARTESIAN_POINT ( 'NONE',  ( -4.478428631448714725, 16.48862918074649997, 4.599999999999999645 ) ) ;
#10972 = ORIENTED_EDGE ( 'NONE', *, *, #6819, .F. ) ;
#10973 = DIRECTION ( 'NONE',  ( 0.000000000000000000, 0.000000000000000000, -1.000000000000000000 ) ) ;
#10974 = DIRECTION ( 'NONE',  ( -1.000000000000000000, 0.000000000000000000, 0.000000000000000000 ) ) ;
#10975 = UNCERTAINTY_MEASURE_WITH_UNIT (LENGTH_MEASURE( 1.000000000000000082E-05 ), #6993, 'distance_accuracy_value', 'NONE');
#10976 = ORIENTED_EDGE ( 'NONE', *, *, #3102, .T. ) ;
#10977 = VECTOR ( 'NONE', #9886, 1000.000000000000000 ) ;
#10978 = ORIENTED_EDGE ( 'NONE', *, *, #13030, .T. ) ;
#10979 = DIRECTION ( 'NONE',  ( 0.7071067811865470176, 0.7071067811865480168, 0.000000000000000000 ) ) ;
#10980 = VECTOR ( 'NONE', #166, 1000.000000000000000 ) ;
#10981 = CARTESIAN_POINT ( 'NONE',  ( -7.200000000000000178, 0.6999999999999999556, 15.84999999999999964 ) ) ;
#10982 = VECTOR ( 'NONE', #2944, 1000.000000000000000 ) ;
#10983 = AXIS2_PLACEMENT_3D ( 'NONE', #3856, #860, #12331 ) ;
#10984 = AXIS2_PLACEMENT_3D ( 'NONE', #2496, #11022, #4507 ) ;
#10985 = VECTOR ( 'NONE', #9527, 1000.000000000000000 ) ;
#10986 = ORIENTED_EDGE ( 'NONE', *, *, #4554, .T. ) ;
#10987 = VECTOR ( 'NONE', #8051, 1000.000000000000000 ) ;
#10988 = ORIENTED_EDGE ( 'NONE', *, *, #1331, .F. ) ;
#10989 = DIRECTION ( 'NONE',  ( 1.000000000000000000, 0.000000000000000000, 0.000000000000000000 ) ) ;
#10990 = CIRCLE ( 'NONE', #9640, 1.000000000000027978 ) ;
#10991 = EDGE_CURVE ( 'NONE', #5046, #7709, #3436, .T. ) ;
#10992 = AXIS2_PLACEMENT_3D ( 'NONE', #9589, #10645, #9865 ) ;
#10993 = EDGE_CURVE ( 'NONE', #12177, #6249, #3349, .T. ) ;
#10994 = CARTESIAN_POINT ( 'NONE',  ( -5.246999171586890220, 7.618176573118209838, 11.95000000000000107 ) ) ;
#10995 = ORIENTED_EDGE ( 'NONE', *, *, #11858, .F. ) ;
#10996 = EDGE_CURVE ( 'NONE', #8517, #1732, #7933, .T. ) ;
#10997 = CARTESIAN_POINT ( 'NONE',  ( -5.575000000000000178, 16.69999999999999929, 6.949999999999999289 ) ) ;
#10998 = EDGE_LOOP ( 'NONE', ( #10800, #5290, #5622, #9273 ) ) ;
#10999 = ORIENTED_EDGE ( 'NONE', *, *, #12231, .T. ) ;
#11000 = ADVANCED_FACE ( 'NONE', ( #12582 ), #6120, .F. ) ;
#11001 = DIRECTION ( 'NONE',  ( 0.000000000000000000, 0.000000000000000000, -1.000000000000000000 ) ) ;
#11002 = CARTESIAN_POINT ( 'NONE',  ( 2.400039389507279353, 10.13620647959989363, -7.693684895572800997 ) ) ;
#11003 = CARTESIAN_POINT ( 'NONE',  ( -2.382835146695035267, 12.62863240148741895, -1.449999999999999956 ) ) ;
#11004 = ORIENTED_EDGE ( 'NONE', *, *, #1948, .F. ) ;
#11005 = VECTOR ( 'NONE', #6115, 1000.000000000000000 ) ;
#11006 = CARTESIAN_POINT ( 'NONE',  ( -5.809933491950640239, 18.09157266594019831, -10.40000000000000036 ) ) ;
#11007 = CARTESIAN_POINT ( 'NONE',  ( 2.149999999999999911, -3.945434298440979592, 12.99409799554566014 ) ) ;
#11008 = ORIENTED_EDGE ( 'NONE', *, *, #5425, .F. ) ;
#11009 = LINE ( 'NONE', #7533, #1953 ) ;
#11010 = LINE ( 'NONE', #5701, #11057 ) ;
#11011 = LINE ( 'NONE', #11992, #6704 ) ;
#11012 = CARTESIAN_POINT ( 'NONE',  ( 4.110316879431045400, 5.529803886462669738, 14.03590289052046103 ) ) ;
#11013 = AXIS2_PLACEMENT_3D ( 'NONE', #1332, #12135, #8101 ) ;
#11014 = ORIENTED_EDGE ( 'NONE', *, *, #3127, .F. ) ;
#11015 = SURFACE_STYLE_USAGE ( .BOTH. , #10199 ) ;
#11016 = VECTOR ( 'NONE', #10259, 1000.000000000000000 ) ;
#11017 = CARTESIAN_POINT ( 'NONE',  ( -3.775451385280815142, 16.42485207100589761, -14.69999999999999929 ) ) ;
#11018 = PLANE ( 'NONE',  #3808 ) ;
#11019 = ORIENTED_EDGE ( 'NONE', *, *, #12194, .F. ) ;
#11020 = VECTOR ( 'NONE', #2421, 1000.000000000000000 ) ;
#11021 = EDGE_CURVE ( 'NONE', #7295, #3995, #3556, .T. ) ;
#11022 = DIRECTION ( 'NONE',  ( 0.8191520442889891340, 0.5735764363510499342, 0.000000000000000000 ) ) ;
#11023 = ORIENTED_EDGE ( 'NONE', *, *, #10627, .T. ) ;
#11024 = ADVANCED_FACE ( 'NONE', ( #8028 ), #10383, .F. ) ;
#11025 = ORIENTED_EDGE ( 'NONE', *, *, #530, .T. ) ;
#11026 = ORIENTED_EDGE ( 'NONE', *, *, #5088, .T. ) ;
#11027 = ORIENTED_EDGE ( 'NONE', *, *, #8692, .F. ) ;
#11028 = CIRCLE ( 'NONE', #2602, 0.8748868766599395830 ) ;
#11029 = DIRECTION ( 'NONE',  ( -0.5735764363510488240, 0.8191520442889899112, 0.000000000000000000 ) ) ;
#11030 = EDGE_LOOP ( 'NONE', ( #6718, #2921, #10025, #6830, #5528, #11809, #6785, #8354, #10433, #7648, #1778, #8443, #8512, #1070 ) ) ;
#11031 = VECTOR ( 'NONE', #10163, 1000.000000000000000 ) ;
#11032 = DIRECTION ( 'NONE',  ( -1.000000000000000000, 0.000000000000000000, 0.000000000000000000 ) ) ;
#11033 = CARTESIAN_POINT ( 'NONE',  ( -5.809933491950640239, 18.09157266594019831, -9.099999999999999645 ) ) ;
#11034 = CARTESIAN_POINT ( 'NONE',  ( 2.364318297194650587, 10.13430624441763861, 8.101158642369423291 ) ) ;
#11035 = DIRECTION ( 'NONE',  ( 0.8386705679454268259, -0.5446390350150228654, 0.000000000000000000 ) ) ;
#11036 = CARTESIAN_POINT ( 'NONE',  ( 2.149999999999999911, -4.000000000000000000, -7.025000000000000355 ) ) ;
#11037 = ORIENTED_EDGE ( 'NONE', *, *, #7698, .T. ) ;
#11038 = CIRCLE ( 'NONE', #10484, 1.500000000000000000 ) ;
#11039 = ORIENTED_EDGE ( 'NONE', *, *, #12657, .T. ) ;
#11040 = AXIS2_PLACEMENT_3D ( 'NONE', #3570, #4660, #3870 ) ;
#11041 = FACE_OUTER_BOUND ( 'NONE', #9858, .T. ) ;
#11042 = EDGE_CURVE ( 'NONE', #2278, #3920, #8379, .T. ) ;
#11043 = DIRECTION ( 'NONE',  ( 0.000000000000000000, 0.000000000000000000, 1.000000000000000000 ) ) ;
#11044 = CARTESIAN_POINT ( 'NONE',  ( -5.575000000000000178, 9.830057098047239705, -11.44999999999999929 ) ) ;
#11045 = DIRECTION ( 'NONE',  ( 1.000000000000000000, 0.000000000000000000, 0.000000000000000000 ) ) ;
#11046 = ORIENTED_EDGE ( 'NONE', *, *, #524, .T. ) ;
#11047 = EDGE_CURVE ( 'NONE', #7709, #13469, #12700, .T. ) ;
#11048 = PLANE ( 'NONE',  #6948 ) ;
#11049 = ORIENTED_EDGE ( 'NONE', *, *, #7225, .F. ) ;
#11050 = CARTESIAN_POINT ( 'NONE',  ( -5.809933491950640239, 18.09157266594019831, -4.100000000000000533 ) ) ;
#11051 = ORIENTED_EDGE ( 'NONE', *, *, #737, .T. ) ;
#11052 = DIRECTION ( 'NONE',  ( 0.000000000000000000, 0.000000000000000000, 1.000000000000000000 ) ) ;
#11053 = ORIENTED_EDGE ( 'NONE', *, *, #6254, .F. ) ;
#11054 = FACE_BOUND ( 'NONE', #4249, .T. ) ;
#11055 = ORIENTED_EDGE ( 'NONE', *, *, #3976, .F. ) ;
#11056 = VECTOR ( 'NONE', #11768, 999.9999999999998863 ) ;
#11057 = VECTOR ( 'NONE', #6796, 1000.000000000000000 ) ;
#11058 = EDGE_CURVE ( 'NONE', #5400, #187, #8211, .T. ) ;
#11059 = VECTOR ( 'NONE', #10776, 999.9999999999998863 ) ;
#11060 = CARTESIAN_POINT ( 'NONE',  ( -2.149999999999999911, -4.000000000000000000, -11.84999999999999964 ) ) ;
#11061 = EDGE_CURVE ( 'NONE', #898, #6536, #13008, .T. ) ;
#11062 = ORIENTED_EDGE ( 'NONE', *, *, #5099, .T. ) ;
#11063 = DIRECTION ( 'NONE',  ( -0.6389710663783122468, 0.7692307692307702727, 0.000000000000000000 ) ) ;
#11064 = DIRECTION ( 'NONE',  ( -1.000000000000000000, 0.000000000000000000, 0.000000000000000000 ) ) ;
#11065 = DIRECTION ( 'NONE',  ( 0.000000000000000000, 0.000000000000000000, -1.000000000000000000 ) ) ;
#11066 = ORIENTED_EDGE ( 'NONE', *, *, #12173, .T. ) ;
#11067 = DIRECTION ( 'NONE',  ( 1.000000000000000000, 0.000000000000000000, 0.000000000000000000 ) ) ;
#11068 = CIRCLE ( 'NONE', #862, 0.8748868766599395830 ) ;
#11069 = CARTESIAN_POINT ( 'NONE',  ( -5.305582036247210809, 7.577156409673130533, -5.000000000000000000 ) ) ;
#11070 = STYLED_ITEM ( 'NONE', ( #11920 ), #5943 ) ;
#11071 = DIRECTION ( 'NONE',  ( 0.000000000000000000, 0.000000000000000000, -1.000000000000000000 ) ) ;
#11072 = EDGE_CURVE ( 'NONE', #11498, #7775, #8236, .T. ) ;
#11073 = VERTEX_POINT ( 'NONE', #8380 ) ;
#11074 = DIRECTION ( 'NONE',  ( 0.000000000000000000, 0.000000000000000000, -1.000000000000000000 ) ) ;
#11075 = ORIENTED_EDGE ( 'NONE', *, *, #4863, .F. ) ;
#11076 = ORIENTED_EDGE ( 'NONE', *, *, #7178, .T. ) ;
#11077 = EDGE_CURVE ( 'NONE', #12646, #10585, #12519, .T. ) ;
#11078 = DIRECTION ( 'NONE',  ( 0.8191520442889891340, 0.5735764363510499342, 0.000000000000000000 ) ) ;
#11079 = CARTESIAN_POINT ( 'NONE',  ( 2.850000000000000089, 0.000000000000000000, 7.450000000000000178 ) ) ;
#11080 = EDGE_CURVE ( 'NONE', #5465, #6419, #8069, .T. ) ;
#11081 = FACE_OUTER_BOUND ( 'NONE', #7825, .T. ) ;
#11082 = ORIENTED_EDGE ( 'NONE', *, *, #283, .F. ) ;
#11083 = CARTESIAN_POINT ( 'NONE',  ( -1.250000000000000000, -6.776263578034359325E-16, -15.15000000000000036 ) ) ;
#11084 = VECTOR ( 'NONE', #6352, 1000.000000000000000 ) ;
#11085 = VECTOR ( 'NONE', #11682, 1000.000000000000000 ) ;
#11086 = ADVANCED_FACE ( 'NONE', ( #3488 ), #3110, .F. ) ;
#11087 = LINE ( 'NONE', #12467, #1742 ) ;
#11088 = ORIENTED_EDGE ( 'NONE', *, *, #6831, .F. ) ;
#11089 = PRESENTATION_LAYER_ASSIGNMENT (  '', '', ( #8768 ) ) ;
#11090 = VECTOR ( 'NONE', #1607, 1000.000000000000227 ) ;
#11091 = ORIENTED_EDGE ( 'NONE', *, *, #7139, .F. ) ;
#11092 = CARTESIAN_POINT ( 'NONE',  ( 4.740000000000000213, 3.079999999999999627, 15.84999999999999964 ) ) ;
#11093 = VECTOR ( 'NONE', #7894, 999.9999999999998863 ) ;
#11094 = ADVANCED_FACE ( 'NONE', ( #3718 ), #5168, .F. ) ;
#11095 = PLANE ( 'NONE',  #9499 ) ;
#11096 = CLOSED_SHELL ( 'NONE', ( #1244, #12086, #9988, #6339, #1278, #4817, #10320, #11642 ) ) ;
#11097 = CARTESIAN_POINT ( 'NONE',  ( -3.775451385280815142, 16.42485207100589761, 0.2000000000000000111 ) ) ;
#11098 = ORIENTED_EDGE ( 'NONE', *, *, #10327, .T. ) ;
#11099 = ORIENTED_EDGE ( 'NONE', *, *, #10453, .F. ) ;
#11100 =( NAMED_UNIT ( * ) PLANE_ANGLE_UNIT ( ) SI_UNIT ( $, .RADIAN. ) );
#11101 = CARTESIAN_POINT ( 'NONE',  ( -0.8499999999999999778, 0.9000000000000000222, -15.84999999999999964 ) ) ;
#11102 = DIRECTION ( 'NONE',  ( -0.8191520442889891340, -0.5735764363510499342, 0.000000000000000000 ) ) ;
#11103 = PLANE ( 'NONE',  #2090 ) ;
#11104 = ORIENTED_EDGE ( 'NONE', *, *, #4108, .F. ) ;
#11105 = CIRCLE ( 'NONE', #7330, 1.500000000000000000 ) ;
#11106 = ORIENTED_EDGE ( 'NONE', *, *, #391, .F. ) ;
#11107 = PLANE ( 'NONE',  #5987 ) ;
#11108 = CARTESIAN_POINT ( 'NONE',  ( 2.850000000000000089, -3.500000000000000000, 8.149999999999998579 ) ) ;
#11109 = CIRCLE ( 'NONE', #12592, 1.500000000000000000 ) ;
#11110 = CARTESIAN_POINT ( 'NONE',  ( 3.341155849256549626, 9.386766212101310458, -2.250000000000000000 ) ) ;
#11111 = CARTESIAN_POINT ( 'NONE',  ( -2.850000000000000089, -4.000000000000000000, -6.850000000000000533 ) ) ;
#11112 = VERTEX_POINT ( 'NONE', #6215 ) ;
#11113 =( GEOMETRIC_REPRESENTATION_CONTEXT ( 3 ) GLOBAL_UNCERTAINTY_ASSIGNED_CONTEXT ( ( #721 ) ) GLOBAL_UNIT_ASSIGNED_CONTEXT ( ( #6441, #4483, #7621 ) ) REPRESENTATION_CONTEXT ( 'NONE', 'WORKASPACE' ) );
#11114 = ADVANCED_FACE ( 'NONE', ( #12727 ), #9162, .T. ) ;
#11115 = FACE_OUTER_BOUND ( 'NONE', #11228, .T. ) ;
#11116 = CARTESIAN_POINT ( 'NONE',  ( 0.02500000000000000139, 0.02500000000000000139, -15.15000000000000036 ) ) ;
#11117 = ORIENTED_EDGE ( 'NONE', *, *, #5167, .F. ) ;
#11118 = EDGE_LOOP ( 'NONE', ( #11889, #719, #7583, #3921 ) ) ;
#11119 = ORIENTED_EDGE ( 'NONE', *, *, #8590, .T. ) ;
#11120 = EDGE_CURVE ( 'NONE', #5396, #7320, #3828, .T. ) ;
#11121 = LINE ( 'NONE', #12831, #1838 ) ;
#11122 = DIRECTION ( 'NONE',  ( 0.000000000000000000, 0.000000000000000000, 1.000000000000000000 ) ) ;
#11123 = ORIENTED_EDGE ( 'NONE', *, *, #12246, .F. ) ;
#11124 = FACE_OUTER_BOUND ( 'NONE', #2113, .T. ) ;
#11125 = LINE ( 'NONE', #7182, #1718 ) ;
#11126 = CARTESIAN_POINT ( 'NONE',  ( -3.649999999999999911, 11.17795660910094036, 16.44999999999999929 ) ) ;
#11127 = PLANE ( 'NONE',  #2382 ) ;
#11128 = DIRECTION ( 'NONE',  ( 0.000000000000000000, 0.000000000000000000, 1.000000000000000000 ) ) ;
#11129 = CARTESIAN_POINT ( 'NONE',  ( -3.984748662560944954, 15.89430833868740045, 5.899999999999999467 ) ) ;
#11130 = LINE ( 'NONE', #5348, #2141 ) ;
#11131 = FILL_AREA_STYLE ('',( #12303 ) ) ;
#11132 = ORIENTED_EDGE ( 'NONE', *, *, #2753, .F. ) ;
#11133 = ORIENTED_EDGE ( 'NONE', *, *, #1111, .T. ) ;
#11134 = CIRCLE ( 'NONE', #9233, 0.5999999999999998668 ) ;
#11135 = CARTESIAN_POINT ( 'NONE',  ( 2.475030032583884765, 7.424464904027790801, -2.250000000000000000 ) ) ;
#11136 = AXIS2_PLACEMENT_3D ( 'NONE', #4871, #2756, #3799 ) ;
#11137 = CARTESIAN_POINT ( 'NONE',  ( -5.250000000000000000, 16.69999999999999929, -8.050000000000000711 ) ) ;
#11138 = VERTEX_POINT ( 'NONE', #2938 ) ;
#11139 = ADVANCED_FACE ( 'NONE', ( #8260 ), #8281, .T. ) ;
#11140 = ORIENTED_EDGE ( 'NONE', *, *, #3581, .F. ) ;
#11141 = CARTESIAN_POINT ( 'NONE',  ( -3.085121267875464923, 9.590503654791699972, 15.84999999999999964 ) ) ;
#11142 = ORIENTED_EDGE ( 'NONE', *, *, #794, .F. ) ;
#11143 = CARTESIAN_POINT ( 'NONE',  ( -2.442193645700425186, 12.96803417904112088, -1.449999999999999956 ) ) ;
#11144 = EDGE_CURVE ( 'NONE', #6213, #1774, #8305, .T. ) ;
#11145 = FACE_OUTER_BOUND ( 'NONE', #10126, .T. ) ;
#11146 = VERTEX_POINT ( 'NONE', #12833 ) ;
#11147 = EDGE_CURVE ( 'NONE', #11545, #6820, #3532, .T. ) ;
#11148 = LINE ( 'NONE', #3409, #1787 ) ;
#11149 = LINE ( 'NONE', #12359, #6654 ) ;
#11150 = VECTOR ( 'NONE', #1462, 1000.000000000000000 ) ;
#11151 = DIRECTION ( 'NONE',  ( -0.7071067811865415775, -0.7071067811865535679, 0.000000000000000000 ) ) ;
#11152 = ORIENTED_EDGE ( 'NONE', *, *, #8510, .T. ) ;
#11153 = LINE ( 'NONE', #9240, #6658 ) ;
#11154 = CARTESIAN_POINT ( 'NONE',  ( 2.486029765733794861, 3.200000000000000178, 15.84999999999999964 ) ) ;
#11155 = DIRECTION ( 'NONE',  ( -0.9396926207859082059, -0.3420201433256691015, 0.000000000000000000 ) ) ;
#11156 = ORIENTED_EDGE ( 'NONE', *, *, #8128, .T. ) ;
#11157 = CARTESIAN_POINT ( 'NONE',  ( 4.332852320548274960, -2.020442218726284711, -15.15000000000000036 ) ) ;
#11158 = VECTOR ( 'NONE', #10272, 1000.000000000000000 ) ;
#11159 = EDGE_CURVE ( 'NONE', #2522, #2349, #12827, .T. ) ;
#11160 = PLANE ( 'NONE',  #1973 ) ;
#11161 = AXIS2_PLACEMENT_3D ( 'NONE', #10994, #12015, #4759 ) ;
#11162 = EDGE_LOOP ( 'NONE', ( #8761, #10832, #9391, #3983 ) ) ;
#11163 = CARTESIAN_POINT ( 'NONE',  ( -1.442193645700395876, 12.96803417904112088, 3.550000000000000266 ) ) ;
#11164 = VERTEX_POINT ( 'NONE', #1267 ) ;
#11165 = ORIENTED_EDGE ( 'NONE', *, *, #6840, .F. ) ;
#11166 = DIRECTION ( 'NONE',  ( 0.000000000000000000, 0.000000000000000000, 1.000000000000000000 ) ) ;
#11167 = CARTESIAN_POINT ( 'NONE',  ( 1.250000000000000000, 0.000000000000000000, 15.84999999999999964 ) ) ;
#11168 = CYLINDRICAL_SURFACE ( 'NONE', #2771, 1.500000000000000444 ) ;
#11169 = EDGE_CURVE ( 'NONE', #6962, #11579, #8095, .T. ) ;
#11170 = EDGE_CURVE ( 'NONE', #3482, #5439, #12561, .T. ) ;
#11171 = VERTEX_POINT ( 'NONE', #5607 ) ;
#11172 = DIRECTION ( 'NONE',  ( 0.000000000000000000, 0.000000000000000000, -1.000000000000000000 ) ) ;
#11173 = VECTOR ( 'NONE', #8038, 1000.000000000000000 ) ;
#11174 = CARTESIAN_POINT ( 'NONE',  ( -0.9000476708424469674, 10.66194478217150099, -1.449999999999999956 ) ) ;
#11175 = FACE_OUTER_BOUND ( 'NONE', #120, .T. ) ;
#11176 = CARTESIAN_POINT ( 'NONE',  ( 2.475030032583884765, 7.424464904027790801, 4.500000000000000000 ) ) ;
#11177 = AXIS2_PLACEMENT_3D ( 'NONE', #5015, #5376, #10512 ) ;
#11178 = LINE ( 'NONE', #11502, #10768 ) ;
#11179 = EDGE_CURVE ( 'NONE', #11225, #7033, #8407, .T. ) ;
#11180 = EDGE_LOOP ( 'NONE', ( #3225, #10988, #2076, #3832 ) ) ;
#11181 = COLOUR_RGB ( '',0.7921568627450980005, 0.8196078431372548767, 0.9333333333333333481 ) ;
#11182 = EDGE_LOOP ( 'NONE', ( #11342, #2508, #2308, #6495 ) ) ;
#11183 = COLOUR_RGB ( '',1.000000000000000000, 1.000000000000000000, 1.000000000000000000 ) ;
#11184 = DIRECTION ( 'NONE',  ( 0.7071067811865474617, -0.7071067811865474617, 0.000000000000000000 ) ) ;
#11185 = VERTEX_POINT ( 'NONE', #4354 ) ;
#11186 = CARTESIAN_POINT ( 'NONE',  ( -2.850000000000000089, -4.000000000000000000, 3.149999999999999911 ) ) ;
#11187 = EDGE_LOOP ( 'NONE', ( #637, #12029, #8646, #9899, #67 ) ) ;
#11188 = VERTEX_POINT ( 'NONE', #5694 ) ;
#11189 = CARTESIAN_POINT ( 'NONE',  ( 0.000000000000000000, 0.000000000000000000, -10.00000000000000000 ) ) ;
#11190 = AXIS2_PLACEMENT_3D ( 'NONE', #4074, #13418, #816 ) ;
#11191 = DIRECTION ( 'NONE',  ( 1.000000000000000000, 0.000000000000000000, 0.000000000000000000 ) ) ;
#11192 = CARTESIAN_POINT ( 'NONE',  ( -3.775451385280815142, 16.42485207100589761, 10.90000000000000036 ) ) ;
#11193 = CARTESIAN_POINT ( 'NONE',  ( -1.250000000000000000, 0.4000000000000000222, 15.84999999999999964 ) ) ;
#11194 = ORIENTED_EDGE ( 'NONE', *, *, #6521, .T. ) ;
#11195 = VECTOR ( 'NONE', #12441, 1000.000000000000000 ) ;
#11196 = EDGE_CURVE ( 'NONE', #9715, #2479, #8455, .T. ) ;
#11197 = CARTESIAN_POINT ( 'NONE',  ( -5.001253558300190249, 7.790249504023520011, -6.450000000000000178 ) ) ;
#11198 = ORIENTED_EDGE ( 'NONE', *, *, #2949, .F. ) ;
#11199 = CARTESIAN_POINT ( 'NONE',  ( -1.500787922441104927, 11.75383624964603868, 13.54999999999999893 ) ) ;
#11200 = DIRECTION ( 'NONE',  ( -0.7071067811865470176, 0.7071067811865481278, 0.000000000000000000 ) ) ;
#11201 = PRESENTATION_STYLE_ASSIGNMENT (( #7165 ) ) ;
#11202 = DIRECTION ( 'NONE',  ( -1.000000000000000000, 0.000000000000000000, 0.000000000000000000 ) ) ;
#11203 = CARTESIAN_POINT ( 'NONE',  ( -3.775451385280815142, 16.42485207100589761, -9.799999999999998934 ) ) ;
#11204 = VERTEX_POINT ( 'NONE', #7504 ) ;
#11205 = LINE ( 'NONE', #6573, #11020 ) ;
#11206 = EDGE_CURVE ( 'NONE', #11714, #4925, #3674, .T. ) ;
#11207 = ADVANCED_FACE ( 'NONE', ( #3697 ), #410, .F. ) ;
#11208 = CARTESIAN_POINT ( 'NONE',  ( -3.775451385280815142, 16.42485207100589761, 10.20000000000000107 ) ) ;
#11209 = ORIENTED_EDGE ( 'NONE', *, *, #9804, .T. ) ;
#11210 = ORIENTED_EDGE ( 'NONE', *, *, #7818, .T. ) ;
#11211 = EDGE_LOOP ( 'NONE', ( #6320, #13290, #6200, #357 ) ) ;
#11212 = AXIS2_PLACEMENT_3D ( 'NONE', #13237, #2846, #4972 ) ;
#11213 = DIRECTION ( 'NONE',  ( 0.000000000000000000, 0.000000000000000000, 1.000000000000000000 ) ) ;
#11214 = EDGE_LOOP ( 'NONE', ( #4169, #13263, #5135, #6290 ) ) ;
#11215 = EDGE_CURVE ( 'NONE', #6082, #7353, #3801, .T. ) ;
#11216 = PRESENTATION_STYLE_ASSIGNMENT (( #8221 ) ) ;
#11217 = FACE_OUTER_BOUND ( 'NONE', #6414, .T. ) ;
#11218 = CARTESIAN_POINT ( 'NONE',  ( -5.001253558300190249, 7.790249504023520011, 4.850000000000000533 ) ) ;
#11219 = DIRECTION ( 'NONE',  ( -1.000000000000000000, 0.000000000000000000, -2.478176394252580155E-15 ) ) ;
#11220 = CARTESIAN_POINT ( 'NONE',  ( -7.014921993108779397, 16.26222191265249961, -6.450000000000000178 ) ) ;
#11221 = DIRECTION ( 'NONE',  ( 0.000000000000000000, 0.000000000000000000, -1.000000000000000000 ) ) ;
#11222 = FACE_OUTER_BOUND ( 'NONE', #4788, .T. ) ;
#11223 = CARTESIAN_POINT ( 'NONE',  ( -2.850000000000000089, 0.6999999999999999556, 15.75000000000000000 ) ) ;
#11224 = EDGE_CURVE ( 'NONE', #9739, #1006, #8164, .T. ) ;
#11225 = VERTEX_POINT ( 'NONE', #4451 ) ;
#11226 = VECTOR ( 'NONE', #2243, 1000.000000000000114 ) ;
#11227 = EDGE_CURVE ( 'NONE', #11164, #11935, #8280, .T. ) ;
#11228 = EDGE_LOOP ( 'NONE', ( #4259, #3151, #9769, #13452 ) ) ;
#11229 = EDGE_CURVE ( 'NONE', #11540, #9943, #3906, .T. ) ;
#11230 = ADVANCED_FACE ( 'NONE', ( #12984, #12847, #8326 ), #7859, .T. ) ;
#11231 = VECTOR ( 'NONE', #3348, 1000.000000000000000 ) ;
#11232 = DIRECTION ( 'NONE',  ( -0.9396926207859080948, -0.3420201433256695456, 0.000000000000000000 ) ) ;
#11233 = DIRECTION ( 'NONE',  ( 1.000000000000000000, 0.000000000000000000, 0.000000000000000000 ) ) ;
#11234 = VERTEX_POINT ( 'NONE', #13100 ) ;
#11235 = ORIENTED_EDGE ( 'NONE', *, *, #283, .T. ) ;
#11236 = CARTESIAN_POINT ( 'NONE',  ( -2.399604646138564945, 13.25676273017529994, 8.550000000000000711 ) ) ;
#11237 = EDGE_LOOP ( 'NONE', ( #5698, #9274, #8400, #9144 ) ) ;
#11238 = ADVANCED_FACE ( 'NONE', ( #12892 ), #10673, .T. ) ;
#11239 = ORIENTED_EDGE ( 'NONE', *, *, #10469, .F. ) ;
#11240 = VECTOR ( 'NONE', #12410, 1000.000000000000000 ) ;
#11241 = FACE_OUTER_BOUND ( 'NONE', #4497, .T. ) ;
#11242 = AXIS2_PLACEMENT_3D ( 'NONE', #1646, #12228, #759 ) ;
#11243 = CIRCLE ( 'NONE', #4370, 0.5999999999999998668 ) ;
#11244 = DIRECTION ( 'NONE',  ( 1.000000000000000000, 0.000000000000000000, 0.000000000000000000 ) ) ;
#11245 = EDGE_CURVE ( 'NONE', #13019, #7457, #8139, .T. ) ;
#11246 = ORIENTED_EDGE ( 'NONE', *, *, #9967, .F. ) ;
#11247 = VECTOR ( 'NONE', #9210, 1000.000000000000114 ) ;
#11248 = DIRECTION ( 'NONE',  ( 0.000000000000000000, 0.000000000000000000, -1.000000000000000000 ) ) ;
#11249 = CARTESIAN_POINT ( 'NONE',  ( 2.537784285268479323, 10.11972773790563629, 12.02738638650345671 ) ) ;
#11250 = ORIENTED_EDGE ( 'NONE', *, *, #13454, .F. ) ;
#11251 = CARTESIAN_POINT ( 'NONE',  ( 1.856231608764794982, 9.811030280813241689, 16.44999999999999929 ) ) ;
#11252 = LINE ( 'NONE', #7550, #1823 ) ;
#11253 = DIRECTION ( 'NONE',  ( 0.7071067811865470176, -0.7071067811865480168, 0.000000000000000000 ) ) ;
#11254 = EDGE_CURVE ( 'NONE', #5550, #3735, #3627, .T. ) ;
#11255 = CARTESIAN_POINT ( 'NONE',  ( -2.850000000000000089, -4.000000000000000000, 2.449999999999999734 ) ) ;
#11256 = ORIENTED_EDGE ( 'NONE', *, *, #3568, .T. ) ;
#11257 = CARTESIAN_POINT ( 'NONE',  ( -2.850000000000000089, 2.200000000000000178, 15.84999999999999964 ) ) ;
#11258 = ORIENTED_EDGE ( 'NONE', *, *, #697, .F. ) ;
#11259 = ORIENTED_EDGE ( 'NONE', *, *, #12949, .T. ) ;
#11260 = AXIS2_PLACEMENT_3D ( 'NONE', #3324, #959, #11506 ) ;
#11261 = CARTESIAN_POINT ( 'NONE',  ( 2.306189540900203117, 10.12775162825270847, 2.665065585814073046 ) ) ;
#11262 = PLANE ( 'NONE',  #8904 ) ;
#11263 = VERTEX_POINT ( 'NONE', #5778 ) ;
#11264 = DIRECTION ( 'NONE',  ( 1.000000000000000000, 0.000000000000000000, 0.000000000000000000 ) ) ;
#11265 = LINE ( 'NONE', #2316, #2069 ) ;
#11266 = CARTESIAN_POINT ( 'NONE',  ( 1.926942286883454925, 7.972552649728219976, -11.37511312334006064 ) ) ;
#11267 = VECTOR ( 'NONE', #9406, 1000.000000000000000 ) ;
#11268 = DIRECTION ( 'NONE',  ( 0.000000000000000000, 0.000000000000000000, 1.000000000000000000 ) ) ;
#11269 = LINE ( 'NONE', #9748, #2210 ) ;
#11270 = ORIENTED_EDGE ( 'NONE', *, *, #5850, .T. ) ;
#11271 = ORIENTED_EDGE ( 'NONE', *, *, #1374, .T. ) ;
#11272 = VECTOR ( 'NONE', #1226, 1000.000000000000114 ) ;
#11273 = VERTEX_POINT ( 'NONE', #6601 ) ;
#11274 = DIRECTION ( 'NONE',  ( 0.000000000000000000, 0.3303504247281054407, -0.9438583563660176701 ) ) ;
#11275 = LINE ( 'NONE', #8158, #2175 ) ;
#11276 = CARTESIAN_POINT ( 'NONE',  ( 1.926942286883454925, 7.972552649728219976, 7.750000000000000000 ) ) ;
#11277 = ORIENTED_EDGE ( 'NONE', *, *, #74, .F. ) ;
#11278 = DIRECTION ( 'NONE',  ( -0.5735764363510488240, 0.8191520442889899112, 0.000000000000000000 ) ) ;
#11279 = DIRECTION ( 'NONE',  ( 1.000000000000000000, 0.000000000000000000, 0.000000000000000000 ) ) ;
#11280 = ORIENTED_EDGE ( 'NONE', *, *, #1247, .F. ) ;
#11281 = ORIENTED_EDGE ( 'NONE', *, *, #7866, .T. ) ;
#11282 = CARTESIAN_POINT ( 'NONE',  ( -7.014921993108779397, 16.26222191265249961, -11.44999999999999929 ) ) ;
#11283 = DIRECTION ( 'NONE',  ( 0.000000000000000000, 0.000000000000000000, 1.000000000000000000 ) ) ;
#11284 = CARTESIAN_POINT ( 'NONE',  ( -7.500000000000000000, -3.500000000000000000, 7.450000000000000178 ) ) ;
#11285 = AXIS2_PLACEMENT_3D ( 'NONE', #749, #8290, #1834 ) ;
#11286 = DIRECTION ( 'NONE',  ( 0.7071067811865470176, -0.7071067811865481278, 0.000000000000000000 ) ) ;
#11287 = CARTESIAN_POINT ( 'NONE',  ( 2.648455771506792455, 10.07946628985106763, 6.878401505248577408 ) ) ;
#11288 = ORIENTED_EDGE ( 'NONE', *, *, #3996, .F. ) ;
#11289 = VECTOR ( 'NONE', #7982, 1000.000000000000000 ) ;
#11290 = VERTEX_POINT ( 'NONE', #7596 ) ;
#11291 = ORIENTED_EDGE ( 'NONE', *, *, #8801, .T. ) ;
#11292 = CARTESIAN_POINT ( 'NONE',  ( 2.149999999999999911, -4.000000000000000000, -2.024999999999999911 ) ) ;
#11293 =( NAMED_UNIT ( * ) PLANE_ANGLE_UNIT ( ) SI_UNIT ( $, .RADIAN. ) );
#11294 = LINE ( 'NONE', #7987, #6302 ) ;
#11295 = DIRECTION ( 'NONE',  ( -1.000000000000000000, 0.000000000000000000, 0.000000000000000000 ) ) ;
#11296 = DIRECTION ( 'NONE',  ( 0.000000000000000000, 0.000000000000000000, -1.000000000000000000 ) ) ;
#11297 = EDGE_LOOP ( 'NONE', ( #12986, #2239, #3883, #11416 ) ) ;
#11298 =( GEOMETRIC_REPRESENTATION_CONTEXT ( 3 ) GLOBAL_UNCERTAINTY_ASSIGNED_CONTEXT ( ( #8084 ) ) GLOBAL_UNIT_ASSIGNED_CONTEXT ( ( #4894, #927, #2014 ) ) REPRESENTATION_CONTEXT ( 'NONE', 'WORKASPACE' ) );
#11299 = LINE ( 'NONE', #4063, #11093 ) ;
#11300 = EDGE_CURVE ( 'NONE', #10658, #10761, #3744, .T. ) ;
#11301 = DIRECTION ( 'NONE',  ( 0.000000000000000000, -1.000000000000000000, 0.000000000000000000 ) ) ;
#11302 = ORIENTED_EDGE ( 'NONE', *, *, #8253, .F. ) ;
#11303 = EDGE_LOOP ( 'NONE', ( #7532, #2108, #821, #10932, #6643, #6509 ) ) ;
#11304 = ORIENTED_EDGE ( 'NONE', *, *, #3137, .F. ) ;
#11305 = DIRECTION ( 'NONE',  ( 0.000000000000000000, 0.000000000000000000, -1.000000000000000000 ) ) ;
#11306 = VERTEX_POINT ( 'NONE', #680 ) ;
#11307 = FACE_OUTER_BOUND ( 'NONE', #11709, .T. ) ;
#11308 = DIRECTION ( 'NONE',  ( -0.5735764363510499342, 0.8191520442889891340, 0.000000000000000000 ) ) ;
#11309 = CARTESIAN_POINT ( 'NONE',  ( 3.341155849256549626, 9.386766212101310458, 12.75000000000000000 ) ) ;
#11310 = CARTESIAN_POINT ( 'NONE',  ( -2.382835146695035267, 12.62863240148741895, 8.550000000000000711 ) ) ;
#11311 = AXIS2_PLACEMENT_3D ( 'NONE', #9571, #9476, #11690 ) ;
#11312 = CARTESIAN_POINT ( 'NONE',  ( -5.250000000000000000, 16.69999999999999929, -0.4000000000000000222 ) ) ;
#11313 = DIRECTION ( 'NONE',  ( 0.000000000000000000, 0.000000000000000000, -1.000000000000000000 ) ) ;
#11314 = LINE ( 'NONE', #1304, #2255 ) ;
#11315 =( NAMED_UNIT ( * ) SI_UNIT ( $, .STERADIAN. ) SOLID_ANGLE_UNIT ( ) );
#11316 = ORIENTED_EDGE ( 'NONE', *, *, #7062, .T. ) ;
#11317 = EDGE_LOOP ( 'NONE', ( #9399, #9654, #8428, #7870 ) ) ;
#11318 = VECTOR ( 'NONE', #9511, 1000.000000000000000 ) ;
#11319 = DIRECTION ( 'NONE',  ( 1.000000000000000000, 0.000000000000000000, 0.000000000000000000 ) ) ;
#11320 = ORIENTED_EDGE ( 'NONE', *, *, #11389, .T. ) ;
#11321 = PRESENTATION_STYLE_ASSIGNMENT (( #5811 ) ) ;
#11322 = EDGE_CURVE ( 'NONE', #8228, #400, #3770, .T. ) ;
#11323 = PLANE ( 'NONE',  #10176 ) ;
#11324 = DIRECTION ( 'NONE',  ( 0.000000000000000000, 1.000000000000000000, 0.000000000000000000 ) ) ;
#11325 = AXIS2_PLACEMENT_3D ( 'NONE', #10077, #2891, #6062 ) ;
#11326 = EDGE_CURVE ( 'NONE', #5419, #9588, #12677, .T. ) ;
#11327 = DIRECTION ( 'NONE',  ( 0.000000000000000000, 0.000000000000000000, -1.000000000000000000 ) ) ;
#11328 = ORIENTED_EDGE ( 'NONE', *, *, #7267, .T. ) ;
#11329 = CARTESIAN_POINT ( 'NONE',  ( -2.399604646138564945, 13.25676273017529994, 13.54999999999999893 ) ) ;
#11330 = VERTEX_POINT ( 'NONE', #12678 ) ;
#11331 = CARTESIAN_POINT ( 'NONE',  ( -7.500000000000000000, 0.000000000000000000, 16.44999999999999929 ) ) ;
#11332 = EDGE_LOOP ( 'NONE', ( #8914, #1416, #1371, #4506 ) ) ;
#11333 = VERTEX_POINT ( 'NONE', #11154 ) ;
#11334 = EDGE_CURVE ( 'NONE', #8203, #3963, #3783, .T. ) ;
#11335 = LINE ( 'NONE', #7369, #11358 ) ;
#11336 = ORIENTED_EDGE ( 'NONE', *, *, #7643, .T. ) ;
#11337 = AXIS2_PLACEMENT_3D ( 'NONE', #2774, #11035, #12702 ) ;
#11338 = ORIENTED_EDGE ( 'NONE', *, *, #1913, .T. ) ;
#11339 = FACE_OUTER_BOUND ( 'NONE', #12830, .T. ) ;
#11340 = CARTESIAN_POINT ( 'NONE',  ( -3.775451385280815142, 16.42485207100589761, 0.2999999999999999889 ) ) ;
#11341 = DIRECTION ( 'NONE',  ( -0.7071067811865474617, 0.7071067811865474617, 0.000000000000000000 ) ) ;
#11342 = ORIENTED_EDGE ( 'NONE', *, *, #4820, .T. ) ;
#11343 = CARTESIAN_POINT ( 'NONE',  ( 0.000000000000000000, -4.000000000000000000, 2.625000000000000000 ) ) ;
#11344 = FACE_OUTER_BOUND ( 'NONE', #11030, .T. ) ;
#11345 = EDGE_CURVE ( 'NONE', #1779, #3470, #8475, .T. ) ;
#11346 = EDGE_LOOP ( 'NONE', ( #4726, #6878, #9251, #4995 ) ) ;
#11347 = AXIS2_PLACEMENT_3D ( 'NONE', #8709, #2501, #13249 ) ;
#11348 = CARTESIAN_POINT ( 'NONE',  ( -0.9000476708424469674, 10.66194478217150099, 3.550000000000000266 ) ) ;
#11349 = VERTEX_POINT ( 'NONE', #5104 ) ;
#11350 = ADVANCED_FACE ( 'NONE', ( #3651 ), #4122, .T. ) ;
#11351 = CARTESIAN_POINT ( 'NONE',  ( 2.740115085247985416, 9.987806976109879997, 1.766384221354699857 ) ) ;
#11352 = CARTESIAN_POINT ( 'NONE',  ( 2.475030032583884765, 7.424464904027790801, 8.624886876659939361 ) ) ;
#11353 = EDGE_LOOP ( 'NONE', ( #10351, #2230, #9665, #11843, #6811 ) ) ;
#11354 = CARTESIAN_POINT ( 'NONE',  ( 0.000000000000000000, -4.000000000000000000, -2.375000000000000000 ) ) ;
#11355 = DIRECTION ( 'NONE',  ( 0.000000000000000000, 0.000000000000000000, 1.000000000000000000 ) ) ;
#11356 = VECTOR ( 'NONE', #10275, 999.9999999999998863 ) ;
#11357 = CARTESIAN_POINT ( 'NONE',  ( -3.775451385280815142, 16.42485207100589761, -4.100000000000000533 ) ) ;
#11358 = VECTOR ( 'NONE', #8415, 1000.000000000000000 ) ;
#11359 = ORIENTED_EDGE ( 'NONE', *, *, #3776, .F. ) ;
#11360 = EDGE_LOOP ( 'NONE', ( #3107, #2763, #8516, #3235, #3669, #10226 ) ) ;
#11361 = FACE_OUTER_BOUND ( 'NONE', #2015, .T. ) ;
#11362 = EDGE_CURVE ( 'NONE', #783, #12747, #8647, .T. ) ;
#11363 = ORIENTED_EDGE ( 'NONE', *, *, #1825, .F. ) ;
#11364 = AXIS2_PLACEMENT_3D ( 'NONE', #31, #1074, #10849 ) ;
#11365 = DIRECTION ( 'NONE',  ( 0.000000000000000000, 0.3303504247281054407, -0.9438583563660176701 ) ) ;
#11366 = VECTOR ( 'NONE', #9256, 1000.000000000000000 ) ;
#11367 = DIRECTION ( 'NONE',  ( 0.000000000000000000, 0.000000000000000000, 1.000000000000000000 ) ) ;
#11368 = EDGE_LOOP ( 'NONE', ( #6074, #3919, #1879, #12977, #13460, #8061, #13398, #5934, #7125, #6841, #4821, #4429, #220, #78, #13041, #1140, #3815, #3425, #5860, #2064, #7436, #7476, #13505, #11555, #11872, #1483, #9548, #12352 ) ) ;
#11369 = DIRECTION ( 'NONE',  ( 0.000000000000000000, 0.000000000000000000, -1.000000000000000000 ) ) ;
#11370 = DIRECTION ( 'NONE',  ( 0.000000000000000000, 0.000000000000000000, -1.000000000000000000 ) ) ;
#11371 = CARTESIAN_POINT ( 'NONE',  ( -5.305582036247210809, 7.577156409673130533, -15.00000000000000000 ) ) ;
#11372 = CARTESIAN_POINT ( 'NONE',  ( 2.149999999999999911, -4.000000000000000000, 8.149999999999998579 ) ) ;
#11373 = CARTESIAN_POINT ( 'NONE',  ( -3.775451385280815142, 16.42485207100589761, 5.899999999999999467 ) ) ;
#11374 = EDGE_LOOP ( 'NONE', ( #100, #2129, #10584, #11008 ) ) ;
#11375 = VECTOR ( 'NONE', #1118, 1000.000000000000000 ) ;
#11376 = ORIENTED_EDGE ( 'NONE', *, *, #10151, .T. ) ;
#11377 = EDGE_CURVE ( 'NONE', #5816, #7104, #8721, .T. ) ;
#11378 = ORIENTED_EDGE ( 'NONE', *, *, #9327, .F. ) ;
#11379 = DIRECTION ( 'NONE',  ( 0.000000000000000000, 0.000000000000000000, 1.000000000000000000 ) ) ;
#11380 = CARTESIAN_POINT ( 'NONE',  ( 4.330811839566824695, 5.568683097044850427, 14.07488687665994043 ) ) ;
#11381 = VECTOR ( 'NONE', #12631, 1000.000000000000000 ) ;
#11382 = CARTESIAN_POINT ( 'NONE',  ( -3.649999999999999911, 11.17795660910094036, 16.44999999999999929 ) ) ;
#11383 = CARTESIAN_POINT ( 'NONE',  ( -0.1000000000000016015, 8.800000000000000711, 15.84999999999999964 ) ) ;
#11384 = ORIENTED_EDGE ( 'NONE', *, *, #4068, .T. ) ;
#11385 = AXIS2_PLACEMENT_3D ( 'NONE', #7050, #6359, #7387 ) ;
#11386 = EDGE_CURVE ( 'NONE', #11415, #5334, #4383, .T. ) ;
#11387 = VERTEX_POINT ( 'NONE', #7946 ) ;
#11388 = EDGE_CURVE ( 'NONE', #9121, #12266, #13247, .T. ) ;
#11389 = EDGE_CURVE ( 'NONE', #3920, #6240, #8790, .T. ) ;
#11390 = DIRECTION ( 'NONE',  ( 0.8386705679454268259, -0.5446390350150228654, 0.000000000000000000 ) ) ;
#11391 = VERTEX_POINT ( 'NONE', #7028 ) ;
#11392 = VECTOR ( 'NONE', #2565, 1000.000000000000000 ) ;
#11393 = DIRECTION ( 'NONE',  ( 0.000000000000000000, 0.000000000000000000, 1.000000000000000000 ) ) ;
#11394 = DIRECTION ( 'NONE',  ( 0.8191520442889891340, 0.5735764363510499342, 0.000000000000000000 ) ) ;
#11395 = CARTESIAN_POINT ( 'NONE',  ( 7.289789233326869677, 5.438132828030980193, 16.44999999999999929 ) ) ;
#11396 = CARTESIAN_POINT ( 'NONE',  ( -3.649999999999999911, 11.17795660910094036, -8.050000000000000711 ) ) ;
#11397 = LINE ( 'NONE', #440, #11289 ) ;
#11398 = CARTESIAN_POINT ( 'NONE',  ( 0.000000000000000000, 0.000000000000000000, 0.000000000000000000 ) ) ;
#11399 = VERTEX_POINT ( 'NONE', #2885 ) ;
#11400 = EDGE_LOOP ( 'NONE', ( #12795, #4931, #8356, #12071 ) ) ;
#11401 = AXIS2_PLACEMENT_3D ( 'NONE', #2493, #6741, #9845 ) ;
#11402 = CYLINDRICAL_SURFACE ( 'NONE', #4449, 1.505000000000000338 ) ;
#11403 = ORIENTED_EDGE ( 'NONE', *, *, #2275, .F. ) ;
#11404 = CIRCLE ( 'NONE', #4158, 1.500000000000000000 ) ;
#11405 = CARTESIAN_POINT ( 'NONE',  ( -5.575000000000000178, 9.830057098047239705, 8.550000000000000711 ) ) ;
#11406 = ORIENTED_EDGE ( 'NONE', *, *, #6077, .F. ) ;
#11407 = DIRECTION ( 'NONE',  ( 1.000000000000000000, 0.000000000000000000, 0.000000000000000000 ) ) ;
#11408 = EDGE_CURVE ( 'NONE', #9690, #829, #8872, .T. ) ;
#11409 = DIRECTION ( 'NONE',  ( 0.000000000000000000, 0.000000000000000000, -1.000000000000000000 ) ) ;
#11410 = CARTESIAN_POINT ( 'NONE',  ( 1.856231608764794982, 9.811030280813241689, 15.84999999999999964 ) ) ;
#11411 = ORIENTED_EDGE ( 'NONE', *, *, #4466, .T. ) ;
#11412 = VECTOR ( 'NONE', #1499, 1000.000000000000000 ) ;
#11413 = EDGE_CURVE ( 'NONE', #3306, #4030, #4144, .T. ) ;
#11414 = FACE_OUTER_BOUND ( 'NONE', #1473, .T. ) ;
#11415 = VERTEX_POINT ( 'NONE', #4822 ) ;
#11416 = ORIENTED_EDGE ( 'NONE', *, *, #558, .T. ) ;
#11417 = DIRECTION ( 'NONE',  ( 0.000000000000000000, 0.000000000000000000, -1.000000000000000000 ) ) ;
#11418 = ORIENTED_EDGE ( 'NONE', *, *, #8264, .T. ) ;
#11419 = AXIS2_PLACEMENT_3D ( 'NONE', #2225, #1399, #5545 ) ;
#11420 = CARTESIAN_POINT ( 'NONE',  ( -0.9000476708424469674, 10.66194478217150099, 11.95000000000000107 ) ) ;
#11421 = LINE ( 'NONE', #6850, #2557 ) ;
#11422 = FILL_AREA_STYLE ('',( #12493 ) ) ;
#11423 = ADVANCED_FACE ( 'NONE', ( #13271 ), #1943, .F. ) ;
#11424 = DIRECTION ( 'NONE',  ( 0.000000000000000000, 0.000000000000000000, 1.000000000000000000 ) ) ;
#11425 = VERTEX_POINT ( 'NONE', #8033 ) ;
#11426 = CARTESIAN_POINT ( 'NONE',  ( -5.250000000000000000, 16.69999999999999929, 5.899999999999999467 ) ) ;
#11427 = EDGE_CURVE ( 'NONE', #13294, #11290, #4078, .T. ) ;
#11428 = DIRECTION ( 'NONE',  ( 0.5735764363510511554, -0.8191520442889882458, 0.000000000000000000 ) ) ;
#11429 = CARTESIAN_POINT ( 'NONE',  ( 4.330811839566820254, 5.568683097044850427, -14.75000000000000000 ) ) ;
#11430 = ORIENTED_EDGE ( 'NONE', *, *, #990, .F. ) ;
#11431 = CARTESIAN_POINT ( 'NONE',  ( 6.678144119326260508, 5.236605143667070195, 15.84999999999999964 ) ) ;
#11432 = CARTESIAN_POINT ( 'NONE',  ( -2.149999999999999911, -4.000000000000000000, 8.149999999999998579 ) ) ;
#11433 = VECTOR ( 'NONE', #9922, 999.9999999999998863 ) ;
#11434 = CARTESIAN_POINT ( 'NONE',  ( -0.9718728952031370216, 13.13773506781796030, -3.050000000000000266 ) ) ;
#11435 = VECTOR ( 'NONE', #13461, 1000.000000000000000 ) ;
#11436 = ORIENTED_EDGE ( 'NONE', *, *, #6111, .T. ) ;
#11437 = ORIENTED_EDGE ( 'NONE', *, *, #7337, .T. ) ;
#11438 = CIRCLE ( 'NONE', #6274, 1.500000000000000000 ) ;
#11439 = ORIENTED_EDGE ( 'NONE', *, *, #11921, .T. ) ;
#11440 = CARTESIAN_POINT ( 'NONE',  ( -5.575000000000000178, 9.830057098047229047, -1.449999999999999956 ) ) ;
#11441 = CARTESIAN_POINT ( 'NONE',  ( -0.9000476708424469674, 10.66194478217150099, -1.449999999999999956 ) ) ;
#11442 = PRODUCT_DEFINITION_SHAPE ( 'NONE', 'NONE',  #10116 ) ;
#11443 = ADVANCED_FACE ( 'NONE', ( #13427 ), #8216, .F. ) ;
#11444 = CIRCLE ( 'NONE', #8409, 1.300000000000000044 ) ;
#11445 = EDGE_CURVE ( 'NONE', #3688, #2977, #8959, .T. ) ;
#11446 = DIRECTION ( 'NONE',  ( 0.000000000000000000, 0.000000000000000000, 1.000000000000000000 ) ) ;
#11447 = VERTEX_POINT ( 'NONE', #1219 ) ;
#11448 = CARTESIAN_POINT ( 'NONE',  ( -7.014921993108779397, 16.26222191265249961, 13.54999999999999893 ) ) ;
#11449 = ADVANCED_FACE ( 'NONE', ( #4034 ), #10712, .T. ) ;
#11450 = CARTESIAN_POINT ( 'NONE',  ( -5.250000000000000000, 16.69999999999999929, 10.90000000000000036 ) ) ;
#11451 = CARTESIAN_POINT ( 'NONE',  ( -2.149999999999999911, -4.000000000000000000, 3.149999999999999911 ) ) ;
#11452 = CARTESIAN_POINT ( 'NONE',  ( -5.001253558300190249, 7.790249504023520011, 9.849999999999999645 ) ) ;
#11453 = EDGE_CURVE ( 'NONE', #12472, #13373, #8561, .T. ) ;
#11454 = DIRECTION ( 'NONE',  ( 0.1470157664652013696, 0.1470157664652013418, -0.9781476007338049117 ) ) ;
#11455 = ORIENTED_EDGE ( 'NONE', *, *, #10343, .T. ) ;
#11456 = EDGE_CURVE ( 'NONE', #2607, #875, #5054, .T. ) ;
#11457 = LINE ( 'NONE', #13138, #11473 ) ;
#11458 = PRESENTATION_STYLE_ASSIGNMENT (( #6634 ) ) ;
#11459 = ORIENTED_EDGE ( 'NONE', *, *, #10514, .T. ) ;
#11460 = ORIENTED_EDGE ( 'NONE', *, *, #11058, .F. ) ;
#11461 = LINE ( 'NONE', #4349, #2441 ) ;
#11462 = DIRECTION ( 'NONE',  ( 1.000000000000000000, 0.000000000000000000, 0.000000000000000000 ) ) ;
#11463 = DIRECTION ( 'NONE',  ( 0.000000000000000000, 0.000000000000000000, -1.000000000000000000 ) ) ;
#11464 = CARTESIAN_POINT ( 'NONE',  ( 2.306154181162860084, 10.12774586688902190, -2.250000000000035083 ) ) ;
#11465 = VERTEX_POINT ( 'NONE', #2649 ) ;
#11466 = CIRCLE ( 'NONE', #12975, 0.5999999999999998668 ) ;
#11467 = ORIENTED_EDGE ( 'NONE', *, *, #10141, .F. ) ;
#11468 = AXIS2_PLACEMENT_3D ( 'NONE', #6821, #2824, #1694 ) ;
#11469 = ADVANCED_FACE ( 'NONE', ( #8811 ), #8769, .T. ) ;
#11470 = DIRECTION ( 'NONE',  ( 1.000000000000000000, 0.000000000000000000, 0.000000000000000000 ) ) ;
#11471 = EDGE_CURVE ( 'NONE', #10611, #4025, #4411, .T. ) ;
#11472 = VERTEX_POINT ( 'NONE', #4674 ) ;
#11473 = VECTOR ( 'NONE', #3411, 1000.000000000000000 ) ;
#11474 = ADVANCED_FACE ( 'NONE', ( #8609 ), #1697, .F. ) ;
#11475 = CARTESIAN_POINT ( 'NONE',  ( -6.394152044288990311, 9.256480661696180334, 1.949999999999999956 ) ) ;
#11476 = DIRECTION ( 'NONE',  ( 1.000000000000000000, 0.000000000000000000, 0.000000000000000000 ) ) ;
#11477 = CARTESIAN_POINT ( 'NONE',  ( 2.740115085247980087, 9.987806976109869339, -15.15000000000000036 ) ) ;
#11478 = AXIS2_PLACEMENT_3D ( 'NONE', #7540, #8597, #865 ) ;
#11479 = CARTESIAN_POINT ( 'NONE',  ( -2.850000000000000089, 0.000000000000000000, -6.850000000000000533 ) ) ;
#11480 = CARTESIAN_POINT ( 'NONE',  ( -2.047200543544549944, 12.30024887074950080, 8.550000000000000711 ) ) ;
#11481 = EDGE_CURVE ( 'NONE', #5205, #4693, #4260, .T. ) ;
#11482 = ORIENTED_EDGE ( 'NONE', *, *, #704, .F. ) ;
#11483 = ORIENTED_EDGE ( 'NONE', *, *, #2190, .T. ) ;
#11484 = ORIENTED_EDGE ( 'NONE', *, *, #8487, .F. ) ;
#11485 = LINE ( 'NONE', #8349, #11678 ) ;
#11486 = CARTESIAN_POINT ( 'NONE',  ( -5.575000000000000178, 16.69999999999999929, 8.550000000000000711 ) ) ;
#11487 = UNCERTAINTY_MEASURE_WITH_UNIT (LENGTH_MEASURE( 1.000000000000000082E-05 ), #182, 'distance_accuracy_value', 'NONE');
#11488 = EDGE_CURVE ( 'NONE', #171, #8089, #4057, .T. ) ;
#11489 = EDGE_LOOP ( 'NONE', ( #5019, #2697, #1190, #6292 ) ) ;
#11490 = CARTESIAN_POINT ( 'NONE',  ( 2.475030032583884765, 7.424464904027790801, -13.34958492358055793 ) ) ;
#11491 = DIRECTION ( 'NONE',  ( 1.000000000000000000, 0.000000000000000000, 0.000000000000000000 ) ) ;
#11492 = AXIS2_PLACEMENT_3D ( 'NONE', #10266, #11367, #5846 ) ;
#11493 = CARTESIAN_POINT ( 'NONE',  ( 3.341155849256549626, 9.386766212101310458, -8.550000000000000711 ) ) ;
#11494 = ORIENTED_EDGE ( 'NONE', *, *, #2687, .T. ) ;
#11495 = CIRCLE ( 'NONE', #11478, 1.500000000000000000 ) ;
#11496 = EDGE_CURVE ( 'NONE', #333, #10682, #8673, .T. ) ;
#11497 = PRODUCT ( '256-406_256-406', '256-406_256-406', '', ( #3119 ) ) ;
#11498 = VERTEX_POINT ( 'NONE', #11101 ) ;
#11499 = ORIENTED_EDGE ( 'NONE', *, *, #12457, .F. ) ;
#11500 = AXIS2_PLACEMENT_3D ( 'NONE', #11883, #8807, #1430 ) ;
#11501 = ORIENTED_EDGE ( 'NONE', *, *, #12042, .T. ) ;
#11502 = CARTESIAN_POINT ( 'NONE',  ( -6.208456599567469425, 17.85384615384614904, -11.44999999999999929 ) ) ;
#11503 = FACE_OUTER_BOUND ( 'NONE', #6198, .T. ) ;
#11504 = EDGE_CURVE ( 'NONE', #7104, #9053, #8832, .T. ) ;
#11505 = DIRECTION ( 'NONE',  ( 0.7071067811865470176, -0.7071067811865481278, 0.000000000000000000 ) ) ;
#11506 = DIRECTION ( 'NONE',  ( -0.6389710663783111366, 0.7692307692307711608, 0.000000000000000000 ) ) ;
#11507 = MECHANICAL_DESIGN_GEOMETRIC_PRESENTATION_REPRESENTATION (  '', ( #3626 ), #8048 ) ;
#11508 = DIRECTION ( 'NONE',  ( 0.000000000000000000, 0.000000000000000000, 1.000000000000000000 ) ) ;
#11509 = ORIENTED_EDGE ( 'NONE', *, *, #5774, .F. ) ;
#11510 = ORIENTED_EDGE ( 'NONE', *, *, #10552, .T. ) ;
#11511 = DIRECTION ( 'NONE',  ( 0.000000000000000000, 0.000000000000000000, 1.000000000000000000 ) ) ;
#11512 = DIRECTION ( 'NONE',  ( 0.000000000000000000, 0.000000000000000000, 1.000000000000000000 ) ) ;
#11513 = DIRECTION ( 'NONE',  ( 0.000000000000000000, 0.000000000000000000, 1.000000000000000000 ) ) ;
#11514 = LINE ( 'NONE', #11157, #7017 ) ;
#11515 = ORIENTED_EDGE ( 'NONE', *, *, #2318, .F. ) ;
#11516 = ORIENTED_EDGE ( 'NONE', *, *, #9417, .F. ) ;
#11517 = EDGE_CURVE ( 'NONE', #10413, #10877, #8698, .T. ) ;
#11518 = ORIENTED_EDGE ( 'NONE', *, *, #9361, .T. ) ;
#11519 = CARTESIAN_POINT ( 'NONE',  ( -5.149861993732639753, 10.12774193481510032, 11.95000000000000107 ) ) ;
#11520 = DIRECTION ( 'NONE',  ( -0.9702108924344295948, -0.1710743573134244355, -0.1715353854788749244 ) ) ;
#11521 = LINE ( 'NONE', #8478, #2470 ) ;
#11522 = ADVANCED_FACE ( 'NONE', ( #8854 ), #4348, .F. ) ;
#11523 = DIRECTION ( 'NONE',  ( 1.000000000000000000, 0.000000000000000000, 0.000000000000000000 ) ) ;
#11524 = EDGE_CURVE ( 'NONE', #12009, #5389, #13112, .T. ) ;
#11525 = DIRECTION ( 'NONE',  ( 0.8191520442889891340, 0.5735764363510499342, 0.000000000000000000 ) ) ;
#11526 = DIRECTION ( 'NONE',  ( 0.000000000000000000, 0.000000000000000000, 1.000000000000000000 ) ) ;
#11527 = EDGE_CURVE ( 'NONE', #4076, #171, #4368, .T. ) ;
#11528 = CARTESIAN_POINT ( 'NONE',  ( 2.850000000000000089, -3.500000000000000000, -12.55000000000000071 ) ) ;
#11529 = CARTESIAN_POINT ( 'NONE',  ( -4.002709121030539663, 8.489437846237121832, -1.449999999999999956 ) ) ;
#11530 = DIRECTION ( 'NONE',  ( 0.000000000000000000, -1.000000000000000000, 0.000000000000000000 ) ) ;
#11531 = CARTESIAN_POINT ( 'NONE',  ( -5.575000000000000178, 9.830057098047229047, -16.44999999999999929 ) ) ;
#11532 = ORIENTED_EDGE ( 'NONE', *, *, #13413, .T. ) ;
#11533 = ORIENTED_EDGE ( 'NONE', *, *, #10503, .T. ) ;
#11534 = VERTEX_POINT ( 'NONE', #6822 ) ;
#11535 = FACE_OUTER_BOUND ( 'NONE', #9459, .T. ) ;
#11536 = AXIS2_PLACEMENT_3D ( 'NONE', #11189, #714, #1791 ) ;
#11537 = LINE ( 'NONE', #11343, #7040 ) ;
#11538 = EDGE_CURVE ( 'NONE', #4298, #11693, #4189, .T. ) ;
#11539 = ORIENTED_EDGE ( 'NONE', *, *, #12080, .T. ) ;
#11540 = VERTEX_POINT ( 'NONE', #5459 ) ;
#11541 = DIRECTION ( 'NONE',  ( 1.000000000000000000, 0.000000000000000000, 0.000000000000000000 ) ) ;
#11542 = FACE_OUTER_BOUND ( 'NONE', #196, .T. ) ;
#11543 =( NAMED_UNIT ( * ) SI_UNIT ( $, .STERADIAN. ) SOLID_ANGLE_UNIT ( ) );
#11544 = CARTESIAN_POINT ( 'NONE',  ( -0.9000476708424469674, 10.66194478217150099, -8.050000000000000711 ) ) ;
#11545 = VERTEX_POINT ( 'NONE', #7801 ) ;
#11546 = ADVANCED_FACE ( 'NONE', ( #13178 ), #624, .F. ) ;
#11547 = FACE_OUTER_BOUND ( 'NONE', #6267, .T. ) ;
#11548 = DIRECTION ( 'NONE',  ( 0.000000000000000000, 0.000000000000000000, -1.000000000000000000 ) ) ;
#11549 = EDGE_CURVE ( 'NONE', #7320, #8030, #13136, .T. ) ;
#11550 = ADVANCED_FACE ( 'NONE', ( #4014 ), #10359, .F. ) ;
#11551 = AXIS2_PLACEMENT_3D ( 'NONE', #2240, #8519, #10619 ) ;
#11552 = DIRECTION ( 'NONE',  ( 0.000000000000000000, 0.000000000000000000, -1.000000000000000000 ) ) ;
#11553 = EDGE_CURVE ( 'NONE', #7941, #6995, #4170, .T. ) ;
#11554 = ORIENTED_EDGE ( 'NONE', *, *, #5639, .T. ) ;
#11555 = ORIENTED_EDGE ( 'NONE', *, *, #12402, .T. ) ;
#11556 = EDGE_LOOP ( 'NONE', ( #12398, #3459, #6657, #12098, #7472, #11949 ) ) ;
#11557 = LINE ( 'NONE', #7979, #2459 ) ;
#11558 = FILL_AREA_STYLE ('',( #1826 ) ) ;
#11559 = DIRECTION ( 'NONE',  ( 0.7071067811865470176, 0.7071067811865480168, 0.000000000000000000 ) ) ;
#11560 = PLANE ( 'NONE',  #9932 ) ;
#11561 = DIRECTION ( 'NONE',  ( 0.000000000000000000, 0.000000000000000000, -1.000000000000000000 ) ) ;
#11562 = LINE ( 'NONE', #683, #11603 ) ;
#11563 = EDGE_LOOP ( 'NONE', ( #2128, #11117, #8583, #13219 ) ) ;
#11564 = ORIENTED_EDGE ( 'NONE', *, *, #11386, .T. ) ;
#11565 = VECTOR ( 'NONE', #10659, 1000.000000000000000 ) ;
#11566 = ORIENTED_EDGE ( 'NONE', *, *, #1702, .T. ) ;
#11567 = VECTOR ( 'NONE', #13252, 1000.000000000000000 ) ;
#11568 = CARTESIAN_POINT ( 'NONE',  ( 0.000000000000000000, -4.000000000000000000, -12.37500000000000000 ) ) ;
#11569 = DIRECTION ( 'NONE',  ( 0.000000000000000000, -1.000000000000000000, 0.000000000000000000 ) ) ;
#11570 = DIRECTION ( 'NONE',  ( -0.6389710663783122468, 0.7692307692307702727, 0.000000000000000000 ) ) ;
#11571 = CARTESIAN_POINT ( 'NONE',  ( -1.722399449723355014, 8.722756583470170355, -15.15000000000000036 ) ) ;
#11572 = EDGE_CURVE ( 'NONE', #4024, #11534, #13200, .T. ) ;
#11573 = CARTESIAN_POINT ( 'NONE',  ( -5.575000000000000178, 9.830057098047229047, 3.550000000000000266 ) ) ;
#11574 = DIRECTION ( 'NONE',  ( 0.000000000000000000, 0.000000000000000000, 1.000000000000000000 ) ) ;
#11575 = PLANE ( 'NONE',  #12067 ) ;
#11576 = AXIS2_PLACEMENT_3D ( 'NONE', #8347, #11614, #3169 ) ;
#11577 = ORIENTED_EDGE ( 'NONE', *, *, #7647, .F. ) ;
#11578 = ORIENTED_EDGE ( 'NONE', *, *, #6111, .F. ) ;
#11579 = VERTEX_POINT ( 'NONE', #12190 ) ;
#11580 = LINE ( 'NONE', #2652, #6629 ) ;
#11581 = FACE_OUTER_BOUND ( 'NONE', #11214, .T. ) ;
#11582 = EDGE_LOOP ( 'NONE', ( #6465, #2715, #1618, #7855 ) ) ;
#11583 = EDGE_LOOP ( 'NONE', ( #537, #2319, #13402, #4053 ) ) ;
#11584 = LINE ( 'NONE', #12626, #11631 ) ;
#11585 = DIRECTION ( 'NONE',  ( 0.000000000000000000, -0.9888927622975229870, -0.1486307662483605796 ) ) ;
#11586 = ORIENTED_EDGE ( 'NONE', *, *, #10811, .F. ) ;
#11587 = DIRECTION ( 'NONE',  ( 1.000000000000000000, 0.000000000000000000, 0.000000000000000000 ) ) ;
#11588 = FACE_OUTER_BOUND ( 'NONE', #9730, .T. ) ;
#11589 = DIRECTION ( 'NONE',  ( 1.000000000000000000, 0.000000000000000000, 0.000000000000000000 ) ) ;
#11590 = EDGE_CURVE ( 'NONE', #9263, #10036, #13406, .T. ) ;
#11591 = CARTESIAN_POINT ( 'NONE',  ( 3.341155849256549626, 9.386766212101310458, -2.250000000000000000 ) ) ;
#11592 = CARTESIAN_POINT ( 'NONE',  ( -5.250000000000000000, 16.69999999999999929, 5.899999999999999467 ) ) ;
#11593 = PLANE ( 'NONE',  #571 ) ;
#11594 = DIRECTION ( 'NONE',  ( 0.8191520442889898002, 0.5735764363510488240, 0.000000000000000000 ) ) ;
#11595 = VERTEX_POINT ( 'NONE', #11529 ) ;
#11596 = EDGE_LOOP ( 'NONE', ( #6692, #33, #4567, #9332 ) ) ;
#11597 = ORIENTED_EDGE ( 'NONE', *, *, #2734, .F. ) ;
#11598 = CARTESIAN_POINT ( 'NONE',  ( -6.293015043061680025, 9.112042054985540318, 16.44999999999999929 ) ) ;
#11599 = CARTESIAN_POINT ( 'NONE',  ( -2.850000000000000089, 0.000000000000000000, 3.149999999999999911 ) ) ;
#11600 = LINE ( 'NONE', #3713, #2544 ) ;
#11601 = DIRECTION ( 'NONE',  ( 1.000000000000000000, 0.000000000000000000, 0.000000000000000000 ) ) ;
#11602 =( GEOMETRIC_REPRESENTATION_CONTEXT ( 3 ) GLOBAL_UNCERTAINTY_ASSIGNED_CONTEXT ( ( #11487 ) ) GLOBAL_UNIT_ASSIGNED_CONTEXT ( ( #182, #5388, #4688 ) ) REPRESENTATION_CONTEXT ( 'NONE', 'WORKASPACE' ) );
#11603 = VECTOR ( 'NONE', #5286, 1000.000000000000000 ) ;
#11604 = ORIENTED_EDGE ( 'NONE', *, *, #12663, .F. ) ;
#11605 = ORIENTED_EDGE ( 'NONE', *, *, #11921, .F. ) ;
#11606 = FACE_OUTER_BOUND ( 'NONE', #4192, .T. ) ;
#11607 = ORIENTED_EDGE ( 'NONE', *, *, #2219, .T. ) ;
#11608 = DIRECTION ( 'NONE',  ( -0.7071067811865475727, 0.7071067811865475727, 0.000000000000000000 ) ) ;
#11609 = VECTOR ( 'NONE', #10840, 1000.000000000000000 ) ;
#11610 = EDGE_CURVE ( 'NONE', #10769, #4407, #8586, .T. ) ;
#11611 = EDGE_CURVE ( 'NONE', #9851, #11415, #3993, .T. ) ;
#11612 = CARTESIAN_POINT ( 'NONE',  ( -5.246999171586890220, 7.618176573118209838, -5.150000000000000355 ) ) ;
#11613 = DIRECTION ( 'NONE',  ( 0.000000000000000000, 0.000000000000000000, -1.000000000000000000 ) ) ;
#11614 = DIRECTION ( 'NONE',  ( 0.000000000000000000, 0.000000000000000000, -1.000000000000000000 ) ) ;
#11615 = CARTESIAN_POINT ( 'NONE',  ( -2.382835146695035267, 12.62863240148741895, -1.449999999999999956 ) ) ;
#11616 = DIRECTION ( 'NONE',  ( 0.000000000000000000, 0.000000000000000000, -1.000000000000000000 ) ) ;
#11617 = DIRECTION ( 'NONE',  ( 0.000000000000000000, 0.000000000000000000, 1.000000000000000000 ) ) ;
#11618 = DIRECTION ( 'NONE',  ( 1.000000000000000000, 0.000000000000000000, 0.000000000000000000 ) ) ;
#11619 = ORIENTED_EDGE ( 'NONE', *, *, #7294, .T. ) ;
#11620 = ORIENTED_EDGE ( 'NONE', *, *, #9163, .F. ) ;
#11621 = ORIENTED_EDGE ( 'NONE', *, *, #10469, .T. ) ;
#11622 = CIRCLE ( 'NONE', #483, 1.500000000000000000 ) ;
#11623 = EDGE_CURVE ( 'NONE', #2368, #6674, #4208, .T. ) ;
#11624 = DIRECTION ( 'NONE',  ( -0.7692307692307698286, -0.6389710663783129130, 0.000000000000000000 ) ) ;
#11625 = ORIENTED_EDGE ( 'NONE', *, *, #6307, .F. ) ;
#11626 = AXIS2_PLACEMENT_3D ( 'NONE', #7796, #5899, #7066 ) ;
#11627 = ORIENTED_EDGE ( 'NONE', *, *, #12857, .F. ) ;
#11628 = DIRECTION ( 'NONE',  ( -0.5735764363510499342, 0.8191520442889891340, 0.000000000000000000 ) ) ;
#11629 = CARTESIAN_POINT ( 'NONE',  ( 2.306154181162860084, 10.12774586688902190, 7.750000000000000000 ) ) ;
#11630 = AXIS2_PLACEMENT_3D ( 'NONE', #1455, #6871, #3738 ) ;
#11631 = VECTOR ( 'NONE', #118, 1000.000000000000000 ) ;
#11632 = CARTESIAN_POINT ( 'NONE',  ( -5.575000000000000178, 16.69999999999999929, 3.550000000000000266 ) ) ;
#11633 = CARTESIAN_POINT ( 'NONE',  ( -5.250000000000000000, 16.69999999999999929, -10.40000000000000036 ) ) ;
#11634 = ORIENTED_EDGE ( 'NONE', *, *, #3081, .F. ) ;
#11635 = LINE ( 'NONE', #5841, #11609 ) ;
#11636 = DIRECTION ( 'NONE',  ( 1.000000000000000000, 0.000000000000000000, 0.000000000000000000 ) ) ;
#11637 = CARTESIAN_POINT ( 'NONE',  ( -5.250000000000000000, 16.69999999999999929, -9.099999999999999645 ) ) ;
#11638 = EDGE_CURVE ( 'NONE', #10149, #9636, #8520, .T. ) ;
#11639 = AXIS2_PLACEMENT_3D ( 'NONE', #5840, #9946, #7741 ) ;
#11640 = EDGE_CURVE ( 'NONE', #589, #7187, #13050, .T. ) ;
#11641 = DIRECTION ( 'NONE',  ( 0.7071067811865477948, -0.7071067811865473507, 0.000000000000000000 ) ) ;
#11642 = ADVANCED_FACE ( 'NONE', ( #250 ), #12523, .F. ) ;
#11643 = CARTESIAN_POINT ( 'NONE',  ( -0.8499999999999999778, 0.9000000000000000222, -15.84999999999999964 ) ) ;
#11644 = ORIENTED_EDGE ( 'NONE', *, *, #4996, .F. ) ;
#11645 = VERTEX_POINT ( 'NONE', #715 ) ;
#11646 = VERTEX_POINT ( 'NONE', #1890 ) ;
#11647 = LINE ( 'NONE', #5581, #7471 ) ;
#11648 = DIRECTION ( 'NONE',  ( 0.000000000000000000, 0.000000000000000000, 1.000000000000000000 ) ) ;
#11649 = CARTESIAN_POINT ( 'NONE',  ( -4.478428631448714725, 16.48862918074649997, -10.40000000000000036 ) ) ;
#11650 = CARTESIAN_POINT ( 'NONE',  ( 2.149999999999999911, -3.945434298440979592, -12.00590200445433986 ) ) ;
#11651 = CYLINDRICAL_SURFACE ( 'NONE', #5527, 1.500000000000000444 ) ;
#11652 = CARTESIAN_POINT ( 'NONE',  ( 0.000000000000000000, 0.000000000000000000, 0.000000000000000000 ) ) ;
#11653 = VERTEX_POINT ( 'NONE', #12273 ) ;
#11654 = UNCERTAINTY_MEASURE_WITH_UNIT (LENGTH_MEASURE( 1.000000000000000082E-05 ), #12197, 'distance_accuracy_value', 'NONE');
#11655 = ORIENTED_EDGE ( 'NONE', *, *, #7728, .T. ) ;
#11656 = CARTESIAN_POINT ( 'NONE',  ( -7.200000000000000178, 7.356528960623350599, 15.75000000000000000 ) ) ;
#11657 = EDGE_CURVE ( 'NONE', #7623, #2878, #9439, .T. ) ;
#11658 = VERTEX_POINT ( 'NONE', #7977 ) ;
#11659 = STYLED_ITEM ( 'NONE', ( #2945 ), #8355 ) ;
#11660 = ADVANCED_FACE ( 'NONE', ( #4622 ), #5047, .F. ) ;
#11661 = LINE ( 'NONE', #4702, #2662 ) ;
#11662 = CARTESIAN_POINT ( 'NONE',  ( 2.364278014140925865, 10.13430373392472283, -2.601010427473701370 ) ) ;
#11663 = CARTESIAN_POINT ( 'NONE',  ( -5.250000000000000000, 16.69999999999999929, -3.050000000000000266 ) ) ;
#11664 = DIRECTION ( 'NONE',  ( 0.7071067811865475727, 0.7071067811865475727, 0.000000000000000000 ) ) ;
#11665 = EDGE_CURVE ( 'NONE', #12101, #9365, #4761, .T. ) ;
#11666 = CARTESIAN_POINT ( 'NONE',  ( -5.250000000000000000, 16.69999999999999929, 0.2000000000000000111 ) ) ;
#11667 = ORIENTED_EDGE ( 'NONE', *, *, #9721, .F. ) ;
#11668 = ORIENTED_EDGE ( 'NONE', *, *, #9736, .F. ) ;
#11669 = ORIENTED_EDGE ( 'NONE', *, *, #6499, .F. ) ;
#11670 = VECTOR ( 'NONE', #12274, 1000.000000000000000 ) ;
#11671 = CYLINDRICAL_SURFACE ( 'NONE', #13494, 0.5000000000000000000 ) ;
#11672 = ORIENTED_EDGE ( 'NONE', *, *, #9781, .F. ) ;
#11673 = VERTEX_POINT ( 'NONE', #4960 ) ;
#11674 = FACE_OUTER_BOUND ( 'NONE', #9716, .T. ) ;
#11675 = DIRECTION ( 'NONE',  ( 1.000000000000000000, 0.000000000000000000, 0.000000000000000000 ) ) ;
#11676 = ORIENTED_EDGE ( 'NONE', *, *, #7074, .F. ) ;
#11677 = DIRECTION ( 'NONE',  ( 0.000000000000000000, 0.000000000000000000, -1.000000000000000000 ) ) ;
#11678 = VECTOR ( 'NONE', #12522, 1000.000000000000000 ) ;
#11679 = CARTESIAN_POINT ( 'NONE',  ( -6.330983280564429272, 18.00135094402205027, -1.449999999999999956 ) ) ;
#11680 = AXIS2_PLACEMENT_3D ( 'NONE', #2272, #3272, #3454 ) ;
#11681 = DIRECTION ( 'NONE',  ( -0.4834473103160809582, 0.8753734620995469173, 0.000000000000000000 ) ) ;
#11682 = DIRECTION ( 'NONE',  ( 0.000000000000000000, 0.000000000000000000, -1.000000000000000000 ) ) ;
#11683 = EDGE_CURVE ( 'NONE', #10761, #13169, #4647, .T. ) ;
#11684 = CARTESIAN_POINT ( 'NONE',  ( -3.984748662560944954, 15.89430833868740045, -14.09999999999999964 ) ) ;
#11685 = DIRECTION ( 'NONE',  ( -0.7071067811865474617, 0.7071067811865474617, 0.000000000000000000 ) ) ;
#11686 = VERTEX_POINT ( 'NONE', #8066 ) ;
#11687 = EDGE_CURVE ( 'NONE', #8021, #2748, #222, .T. ) ;
#11688 = CARTESIAN_POINT ( 'NONE',  ( 6.180774708501559189, 5.698619215432440654, 15.84999999999999964 ) ) ;
#11689 = ADVANCED_FACE ( 'NONE', ( #9262 ), #9239, .T. ) ;
#11690 = DIRECTION ( 'NONE',  ( 1.000000000000000000, 0.000000000000000000, 0.000000000000000000 ) ) ;
#11691 = VERTEX_POINT ( 'NONE', #3085 ) ;
#11692 = ORIENTED_EDGE ( 'NONE', *, *, #11849, .T. ) ;
#11693 = VERTEX_POINT ( 'NONE', #4154 ) ;
#11694 = CARTESIAN_POINT ( 'NONE',  ( -1.530854753362479892, 11.74577986658169948, 8.550000000000000711 ) ) ;
#11695 = VECTOR ( 'NONE', #4335, 1000.000000000000000 ) ;
#11696 = CARTESIAN_POINT ( 'NONE',  ( -6.208456599567469425, 17.85384615384614904, 8.550000000000000711 ) ) ;
#11697 = LINE ( 'NONE', #11420, #11435 ) ;
#11698 = ORIENTED_EDGE ( 'NONE', *, *, #12902, .T. ) ;
#11699 = ORIENTED_EDGE ( 'NONE', *, *, #12489, .T. ) ;
#11700 = EDGE_CURVE ( 'NONE', #12939, #11306, #4482, .T. ) ;
#11701 = ORIENTED_EDGE ( 'NONE', *, *, #9361, .F. ) ;
#11702 = DIRECTION ( 'NONE',  ( 0.000000000000000000, 0.000000000000000000, 1.000000000000000000 ) ) ;
#11703 = VECTOR ( 'NONE', #11219, 1000.000000000000000 ) ;
#11704 = DIRECTION ( 'NONE',  ( 0.000000000000000000, 0.000000000000000000, -1.000000000000000000 ) ) ;
#11705 = AXIS2_PLACEMENT_3D ( 'NONE', #9433, #2943, #7181 ) ;
#11706 = CARTESIAN_POINT ( 'NONE',  ( 2.850000000000000089, 2.200000000000000178, 15.75000000000000000 ) ) ;
#11707 = EDGE_CURVE ( 'NONE', #7033, #10192, #4855, .T. ) ;
#11708 = CARTESIAN_POINT ( 'NONE',  ( -2.149999999999999911, -3.500000000000000000, 12.44999999999999929 ) ) ;
#11709 = EDGE_LOOP ( 'NONE', ( #12366, #1378, #3076, #12387, #12486, #1745 ) ) ;
#11710 = DIRECTION ( 'NONE',  ( 1.000000000000000000, 0.000000000000000000, 0.000000000000000000 ) ) ;
#11711 = DIRECTION ( 'NONE',  ( -0.5735764363510499342, 0.8191520442889891340, 0.000000000000000000 ) ) ;
#11712 = ORIENTED_EDGE ( 'NONE', *, *, #5573, .F. ) ;
#11713 = ORIENTED_EDGE ( 'NONE', *, *, #11362, .T. ) ;
#11714 = VERTEX_POINT ( 'NONE', #5997 ) ;
#11715 = EDGE_CURVE ( 'NONE', #5520, #12177, #86, .T. ) ;
#11716 = ORIENTED_EDGE ( 'NONE', *, *, #5162, .F. ) ;
#11717 = ORIENTED_EDGE ( 'NONE', *, *, #12297, .F. ) ;
#11718 =( LENGTH_UNIT ( ) NAMED_UNIT ( * ) SI_UNIT ( .MILLI., .METRE. ) );
#11719 = DIRECTION ( 'NONE',  ( 0.000000000000000000, 0.000000000000000000, -1.000000000000000000 ) ) ;
#11720 = CYLINDRICAL_SURFACE ( 'NONE', #10857, 1.000000000000028200 ) ;
#11721 = EDGE_CURVE ( 'NONE', #7623, #12119, #9298, .T. ) ;
#11722 = DIRECTION ( 'NONE',  ( 0.000000000000000000, 0.000000000000000000, 1.000000000000000000 ) ) ;
#11723 = ORIENTED_EDGE ( 'NONE', *, *, #6044, .F. ) ;
#11724 = AXIS2_PLACEMENT_3D ( 'NONE', #3316, #4384, #5455 ) ;
#11725 = DIRECTION ( 'NONE',  ( 0.000000000000000000, 0.000000000000000000, -1.000000000000000000 ) ) ;
#11726 = DIRECTION ( 'NONE',  ( 0.000000000000000000, 0.000000000000000000, 1.000000000000000000 ) ) ;
#11727 = ORIENTED_EDGE ( 'NONE', *, *, #12413, .T. ) ;
#11728 = DIRECTION ( 'NONE',  ( 0.000000000000000000, 0.000000000000000000, 1.000000000000000000 ) ) ;
#11729 = CARTESIAN_POINT ( 'NONE',  ( -2.149999999999999911, -4.000000000000000000, 8.149999999999998579 ) ) ;
#11730 = ORIENTED_EDGE ( 'NONE', *, *, #910, .F. ) ;
#11731 = VERTEX_POINT ( 'NONE', #10842 ) ;
#11732 = ORIENTED_EDGE ( 'NONE', *, *, #5064, .F. ) ;
#11733 = VECTOR ( 'NONE', #8289, 1000.000000000000000 ) ;
#11734 = CARTESIAN_POINT ( 'NONE',  ( -0.9718728952031370216, 13.13773506781796030, 13.54999999999999893 ) ) ;
#11735 = CARTESIAN_POINT ( 'NONE',  ( 1.926942286883454925, 7.972552649728219976, 3.624886876659939805 ) ) ;
#11736 = CARTESIAN_POINT ( 'NONE',  ( -5.149861993732639753, 10.12774193481510032, 8.550000000000000711 ) ) ;
#11737 = CARTESIAN_POINT ( 'NONE',  ( -5.149861993732639753, 10.12774193481510032, 3.550000000000000266 ) ) ;
#11738 = FACE_OUTER_BOUND ( 'NONE', #12180, .T. ) ;
#11739 = APPLICATION_CONTEXT ( 'automotive_design' ) ;
#11740 = ORIENTED_EDGE ( 'NONE', *, *, #9877, .F. ) ;
#11741 = ORIENTED_EDGE ( 'NONE', *, *, #4630, .F. ) ;
#11742 = FACE_OUTER_BOUND ( 'NONE', #3356, .T. ) ;
#11743 = DIRECTION ( 'NONE',  ( 0.000000000000000000, 0.000000000000000000, -1.000000000000000000 ) ) ;
#11744 = FACE_OUTER_BOUND ( 'NONE', #8100, .T. ) ;
#11745 = LINE ( 'NONE', #136, #2331 ) ;
#11746 = ADVANCED_FACE ( 'NONE', ( #4929 ), #8715, .F. ) ;
#11747 = DIRECTION ( 'NONE',  ( 0.9659258262890700886, 0.2588190451025140226, 0.000000000000000000 ) ) ;
#11748 = AXIS2_PLACEMENT_3D ( 'NONE', #7424, #8194, #2198 ) ;
#11749 = CARTESIAN_POINT ( 'NONE',  ( -0.9000476708424469674, 10.66194478217150099, 13.54999999999999893 ) ) ;
#11750 = CARTESIAN_POINT ( 'NONE',  ( 3.588643222671839883, 9.139278838686021089, -14.75000000000000000 ) ) ;
#11751 = DIRECTION ( 'NONE',  ( 0.000000000000000000, 0.000000000000000000, -1.000000000000000000 ) ) ;
#11752 = DIRECTION ( 'NONE',  ( 0.000000000000000000, 1.000000000000000000, 0.000000000000000000 ) ) ;
#11753 = DIRECTION ( 'NONE',  ( 1.000000000000000000, 0.000000000000000000, 0.000000000000000000 ) ) ;
#11754 = VERTEX_POINT ( 'NONE', #9686 ) ;
#11755 = ORIENTED_EDGE ( 'NONE', *, *, #6918, .F. ) ;
#11756 = ORIENTED_EDGE ( 'NONE', *, *, #1353, .F. ) ;
#11757 = ORIENTED_EDGE ( 'NONE', *, *, #2896, .T. ) ;
#11758 = EDGE_CURVE ( 'NONE', #2135, #3768, #13534, .T. ) ;
#11759 = CIRCLE ( 'NONE', #11784, 1.500000000000000000 ) ;
#11760 = CIRCLE ( 'NONE', #1212, 1.500000000000000000 ) ;
#11761 = ORIENTED_EDGE ( 'NONE', *, *, #8242, .F. ) ;
#11762 = VECTOR ( 'NONE', #11752, 1000.000000000000000 ) ;
#11763 = CARTESIAN_POINT ( 'NONE',  ( 1.926942286883454925, 7.972552649728219976, 14.07488687665994043 ) ) ;
#11764 = VECTOR ( 'NONE', #3871, 999.9999999999998863 ) ;
#11765 = CARTESIAN_POINT ( 'NONE',  ( 1.500000000000000000, 8.800000000000000711, 15.84999999999999964 ) ) ;
#11766 = ADVANCED_FACE ( 'NONE', ( #9175 ), #474, .T. ) ;
#11767 = CYLINDRICAL_SURFACE ( 'NONE', #5968, 1.500000000000000444 ) ;
#11768 = DIRECTION ( 'NONE',  ( 0.8191520442889891340, 0.5735764363510499342, 0.000000000000000000 ) ) ;
#11769 = CARTESIAN_POINT ( 'NONE',  ( 2.306189540900202672, 10.12775162825270669, -7.334934414182817441 ) ) ;
#11770 = DIRECTION ( 'NONE',  ( 0.000000000000000000, 0.000000000000000000, -1.000000000000000000 ) ) ;
#11771 = CARTESIAN_POINT ( 'NONE',  ( -6.208456599567469425, 17.85384615384614904, -3.050000000000000266 ) ) ;
#11772 = AXIS2_PLACEMENT_3D ( 'NONE', #334, #4558, #7520 ) ;
#11773 = DIRECTION ( 'NONE',  ( 0.000000000000000000, 0.000000000000000000, -1.000000000000000000 ) ) ;
#11774 = ADVANCED_FACE ( 'NONE', ( #4508 ), #3350, .F. ) ;
#11775 = ORIENTED_EDGE ( 'NONE', *, *, #13538, .T. ) ;
#11776 = DIRECTION ( 'NONE',  ( 1.000000000000000000, 0.000000000000000000, 0.000000000000000000 ) ) ;
#11777 = ORIENTED_EDGE ( 'NONE', *, *, #10874, .F. ) ;
#11778 = ORIENTED_EDGE ( 'NONE', *, *, #5748, .F. ) ;
#11779 = EDGE_CURVE ( 'NONE', #45, #12286, #9392, .T. ) ;
#11780 = VERTEX_POINT ( 'NONE', #12806 ) ;
#11781 = DIRECTION ( 'NONE',  ( -0.6916548014802249567, -0.6916548014802239575, 0.2079116908177665313 ) ) ;
#11782 = FACE_OUTER_BOUND ( 'NONE', #178, .T. ) ;
#11783 = DIRECTION ( 'NONE',  ( 0.000000000000000000, 0.000000000000000000, -1.000000000000000000 ) ) ;
#11784 = AXIS2_PLACEMENT_3D ( 'NONE', #2425, #12807, #4426 ) ;
#11785 = PLANE ( 'NONE',  #278 ) ;
#11786 = LINE ( 'NONE', #3978, #7318 ) ;
#11787 = EDGE_CURVE ( 'NONE', #889, #1945, #9035, .T. ) ;
#11788 = VERTEX_POINT ( 'NONE', #5670 ) ;
#11789 = LINE ( 'NONE', #10058, #7380 ) ;
#11790 = VECTOR ( 'NONE', #6973, 1000.000000000000000 ) ;
#11791 = CARTESIAN_POINT ( 'NONE',  ( 2.498413735081429721, 1.749408130870685030, -15.15000000000000036 ) ) ;
#11792 = FACE_OUTER_BOUND ( 'NONE', #2271, .T. ) ;
#11793 = PLANE ( 'NONE',  #11013 ) ;
#11794 = EDGE_CURVE ( 'NONE', #8252, #9340, #4739, .T. ) ;
#11795 = CARTESIAN_POINT ( 'NONE',  ( 2.033008304061434846, 9.987806976109879997, 16.44999999999999929 ) ) ;
#11796 = DIRECTION ( 'NONE',  ( 1.000000000000000000, 0.000000000000000000, 0.000000000000000000 ) ) ;
#11797 = CARTESIAN_POINT ( 'NONE',  ( 2.149999999999999911, -4.000000000000000000, -11.84999999999999964 ) ) ;
#11798 = AXIS2_PLACEMENT_3D ( 'NONE', #11734, #10961, #4272 ) ;
#11799 = ORIENTED_EDGE ( 'NONE', *, *, #2753, .T. ) ;
#11800 = CARTESIAN_POINT ( 'NONE',  ( -3.984748662560944954, 15.89430833868740045, -3.050000000000000266 ) ) ;
#11801 = ADVANCED_FACE ( 'NONE', ( #106 ), #4424, .F. ) ;
#11802 = VECTOR ( 'NONE', #4604, 1000.000000000000000 ) ;
#11803 = ORIENTED_EDGE ( 'NONE', *, *, #1716, .T. ) ;
#11804 = ORIENTED_EDGE ( 'NONE', *, *, #10996, .T. ) ;
#11805 = ORIENTED_EDGE ( 'NONE', *, *, #980, .T. ) ;
#11806 = VECTOR ( 'NONE', #9951, 1000.000000000000000 ) ;
#11807 = VECTOR ( 'NONE', #9315, 1000.000000000000000 ) ;
#11808 = EDGE_CURVE ( 'NONE', #7997, #12057, #12122, .T. ) ;
#11809 = ORIENTED_EDGE ( 'NONE', *, *, #10483, .F. ) ;
#11810 = DIRECTION ( 'NONE',  ( 0.000000000000000000, 0.000000000000000000, -1.000000000000000000 ) ) ;
#11811 = DIRECTION ( 'NONE',  ( 0.000000000000000000, 0.000000000000000000, -1.000000000000000000 ) ) ;
#11812 = VECTOR ( 'NONE', #13359, 1000.000000000000000 ) ;
#11813 = AXIS2_PLACEMENT_3D ( 'NONE', #7069, #9137, #2424 ) ;
#11814 = FILL_AREA_STYLE_COLOUR ( '', #10108 ) ;
#11815 = FACE_OUTER_BOUND ( 'NONE', #4577, .T. ) ;
#11816 = CARTESIAN_POINT ( 'NONE',  ( -7.500000000000000000, -3.500000000000000000, -6.850000000000000533 ) ) ;
#11817 = CARTESIAN_POINT ( 'NONE',  ( -2.850000000000000089, -4.000000000000000000, -2.024999999999999911 ) ) ;
#11818 = EDGE_CURVE ( 'NONE', #8582, #6124, #9363, .T. ) ;
#11819 = DIRECTION ( 'NONE',  ( -1.000000000000000000, 0.000000000000000000, 0.000000000000000000 ) ) ;
#11820 = AXIS2_PLACEMENT_3D ( 'NONE', #6739, #10918, #2276 ) ;
#11821 = CARTESIAN_POINT ( 'NONE',  ( -0.8348048779877901282, 12.32429970359363836, 15.84999999999999964 ) ) ;
#11822 = ORIENTED_EDGE ( 'NONE', *, *, #11481, .F. ) ;
#11823 = ORIENTED_EDGE ( 'NONE', *, *, #2913, .T. ) ;
#11824 = ORIENTED_EDGE ( 'NONE', *, *, #8877, .T. ) ;
#11825 = DIRECTION ( 'NONE',  ( 0.000000000000000000, 0.000000000000000000, -1.000000000000000000 ) ) ;
#11826 = LINE ( 'NONE', #23, #2790 ) ;
#11827 = DIRECTION ( 'NONE',  ( 0.000000000000000000, 0.000000000000000000, -1.000000000000000000 ) ) ;
#11828 = CARTESIAN_POINT ( 'NONE',  ( -7.014921993108779397, 16.26222191265249961, 11.95000000000000107 ) ) ;
#11829 = CARTESIAN_POINT ( 'NONE',  ( -6.293015043061680025, 9.112042054985540318, 6.949999999999999289 ) ) ;
#11830 = LINE ( 'NONE', #1213, #12141 ) ;
#11831 = VERTEX_POINT ( 'NONE', #4610 ) ;
#11832 = DIRECTION ( 'NONE',  ( 1.000000000000000000, 0.000000000000000000, 0.000000000000000000 ) ) ;
#11833 = CIRCLE ( 'NONE', #6894, 1.500000000000000000 ) ;
#11834 = LINE ( 'NONE', #12031, #2776 ) ;
#11835 = DIRECTION ( 'NONE',  ( 1.000000000000000000, 0.000000000000000000, 0.000000000000000000 ) ) ;
#11836 = PLANE ( 'NONE',  #11772 ) ;
#11837 = CARTESIAN_POINT ( 'NONE',  ( -2.399604646138564945, 13.25676273017529994, -8.050000000000000711 ) ) ;
#11838 = DIRECTION ( 'NONE',  ( 0.000000000000000000, 0.000000000000000000, 1.000000000000000000 ) ) ;
#11839 = DIRECTION ( 'NONE',  ( 0.000000000000000000, 0.9438583563660177811, -0.3303504247281049411 ) ) ;
#11840 = EDGE_CURVE ( 'NONE', #10005, #12646, #9342, .T. ) ;
#11841 = ORIENTED_EDGE ( 'NONE', *, *, #9821, .F. ) ;
#11842 = ORIENTED_EDGE ( 'NONE', *, *, #9738, .F. ) ;
#11843 = ORIENTED_EDGE ( 'NONE', *, *, #5764, .T. ) ;
#11844 = VECTOR ( 'NONE', #8808, 1000.000000000000114 ) ;
#11845 = AXIS2_PLACEMENT_3D ( 'NONE', #2752, #1605, #11548 ) ;
#11846 = DIRECTION ( 'NONE',  ( 0.1470157664652034235, 0.1470157664652034235, 0.9781476007338042455 ) ) ;
#11847 = ADVANCED_FACE ( 'NONE', ( #9321 ), #4242, .F. ) ;
#11848 = FACE_OUTER_BOUND ( 'NONE', #1510, .T. ) ;
#11849 = EDGE_CURVE ( 'NONE', #1346, #7695, #4553, .T. ) ;
#11850 = EDGE_LOOP ( 'NONE', ( #8183, #8300, #1004, #8275 ) ) ;
#11851 = CIRCLE ( 'NONE', #9186, 1.500000000000000000 ) ;
#11852 = CARTESIAN_POINT ( 'NONE',  ( -3.984748662560944954, 15.89430833868740045, -14.09999999999999964 ) ) ;
#11853 = VECTOR ( 'NONE', #13205, 1000.000000000000000 ) ;
#11854 = EDGE_CURVE ( 'NONE', #6883, #5481, #4671, .T. ) ;
#11855 = CARTESIAN_POINT ( 'NONE',  ( 2.850000000000000089, -4.000000000000000000, 8.149999999999998579 ) ) ;
#11856 = LINE ( 'NONE', #5519, #12362 ) ;
#11857 = DIRECTION ( 'NONE',  ( 1.000000000000000000, 0.000000000000000000, 0.000000000000000000 ) ) ;
#11858 = EDGE_CURVE ( 'NONE', #10071, #11330, #173, .T. ) ;
#11859 = EDGE_CURVE ( 'NONE', #7952, #9098, #9194, .T. ) ;
#11860 = CARTESIAN_POINT ( 'NONE',  ( -1.500787922441104927, 11.75383624964603868, -16.44999999999999929 ) ) ;
#11861 = FILL_AREA_STYLE ('',( #12022 ) ) ;
#11862 = PLANE ( 'NONE',  #12820 ) ;
#11863 = DIRECTION ( 'NONE',  ( 0.000000000000000000, 0.000000000000000000, 1.000000000000000000 ) ) ;
#11864 = EDGE_CURVE ( 'NONE', #8803, #3536, #315, .T. ) ;
#11865 = DIRECTION ( 'NONE',  ( 0.9659258262890700886, 0.2588190451025140226, 0.000000000000000000 ) ) ;
#11866 = ADVANCED_FACE ( 'NONE', ( #292 ), #658, .F. ) ;
#11867 = ORIENTED_EDGE ( 'NONE', *, *, #11481, .T. ) ;
#11868 = ORIENTED_EDGE ( 'NONE', *, *, #11779, .T. ) ;
#11869 = VERTEX_POINT ( 'NONE', #8981 ) ;
#11870 = FACE_OUTER_BOUND ( 'NONE', #7624, .T. ) ;
#11871 = VECTOR ( 'NONE', #2080, 1000.000000000000000 ) ;
#11872 = ORIENTED_EDGE ( 'NONE', *, *, #10925, .T. ) ;
#11873 = AXIS2_PLACEMENT_3D ( 'NONE', #1624, #11965, #2506 ) ;
#11874 = VECTOR ( 'NONE', #5003, 1000.000000000000114 ) ;
#11875 = EDGE_CURVE ( 'NONE', #3199, #400, #128, .T. ) ;
#11876 = FACE_OUTER_BOUND ( 'NONE', #4080, .T. ) ;
#11877 = CARTESIAN_POINT ( 'NONE',  ( 6.735268398951980373, 5.992653662405889037, 0.2500000000000000000 ) ) ;
#11878 = VECTOR ( 'NONE', #1007, 1000.000000000000000 ) ;
#11879 = EDGE_CURVE ( 'NONE', #8111, #13, #8986, .T. ) ;
#11880 = DIRECTION ( 'NONE',  ( -0.5735764363510499342, 0.8191520442889891340, 0.000000000000000000 ) ) ;
#11881 = DIRECTION ( 'NONE',  ( -0.7071067811865480168, 0.7071067811865470176, 0.000000000000000000 ) ) ;
#11882 = CARTESIAN_POINT ( 'NONE',  ( -0.9000476708424469674, 10.66194478217150099, -6.450000000000000178 ) ) ;
#11883 = CARTESIAN_POINT ( 'NONE',  ( -0.9000476708424469674, 10.66194478217150099, 11.95000000000000107 ) ) ;
#11884 = PLANE ( 'NONE',  #1274 ) ;
#11885 = EDGE_CURVE ( 'NONE', #11831, #2192, #4601, .T. ) ;
#11886 = AXIS2_PLACEMENT_3D ( 'NONE', #5052, #5413, #900 ) ;
#11887 = ORIENTED_EDGE ( 'NONE', *, *, #4042, .T. ) ;
#11888 = ORIENTED_EDGE ( 'NONE', *, *, #5397, .F. ) ;
#11889 = ORIENTED_EDGE ( 'NONE', *, *, #8235, .F. ) ;
#11890 = LINE ( 'NONE', #11284, #11670 ) ;
#11891 = LINE ( 'NONE', #11531, #12079 ) ;
#11892 = EDGE_LOOP ( 'NONE', ( #1837, #9362, #12574, #1486 ) ) ;
#11893 = CARTESIAN_POINT ( 'NONE',  ( -2.442193645700425186, 12.96803417904112088, 1.949999999999999956 ) ) ;
#11894 = FACE_OUTER_BOUND ( 'NONE', #11303, .T. ) ;
#11895 = DIRECTION ( 'NONE',  ( -0.000000000000000000, 0.3303504247281054407, 0.9438583563660176701 ) ) ;
#11896 = CARTESIAN_POINT ( 'NONE',  ( 1.926942286883454925, 7.972552649728219976, 13.62488687665993936 ) ) ;
#11897 = CIRCLE ( 'NONE', #12690, 1.500000000000000000 ) ;
#11898 = FACE_OUTER_BOUND ( 'NONE', #9126, .T. ) ;
#11899 = DIRECTION ( 'NONE',  ( 1.000000000000000000, 0.000000000000000000, 0.000000000000000000 ) ) ;
#11900 = DIRECTION ( 'NONE',  ( 0.000000000000000000, 0.000000000000000000, -1.000000000000000000 ) ) ;
#11901 = DIRECTION ( 'NONE',  ( 0.7071067811865480168, 0.7071067811865470176, 0.000000000000000000 ) ) ;
#11902 = PLANE ( 'NONE',  #12541 ) ;
#11903 = CARTESIAN_POINT ( 'NONE',  ( -2.008183258569795182, 2.008183258569795182, -15.15000000000000036 ) ) ;
#11904 = ORIENTED_EDGE ( 'NONE', *, *, #10908, .F. ) ;
#11905 = ORIENTED_EDGE ( 'NONE', *, *, #4322, .F. ) ;
#11906 = ORIENTED_EDGE ( 'NONE', *, *, #6499, .T. ) ;
#11907 = DIRECTION ( 'NONE',  ( 0.000000000000000000, 0.000000000000000000, -1.000000000000000000 ) ) ;
#11908 = LINE ( 'NONE', #6128, #7394 ) ;
#11909 = CARTESIAN_POINT ( 'NONE',  ( -1.500787922441104927, 11.75383624964603868, 8.550000000000000711 ) ) ;
#11910 = CARTESIAN_POINT ( 'NONE',  ( -0.9000476708424469674, 10.66194478217150099, -11.44999999999999929 ) ) ;
#11911 = AXIS2_PLACEMENT_3D ( 'NONE', #5977, #8047, #9119 ) ;
#11912 = PLANE ( 'NONE',  #2111 ) ;
#11913 = DIRECTION ( 'NONE',  ( 1.000000000000000000, 0.000000000000000000, 0.000000000000000000 ) ) ;
#11914 = VECTOR ( 'NONE', #6358, 1000.000000000000114 ) ;
#11915 = ORIENTED_EDGE ( 'NONE', *, *, #8484, .F. ) ;
#11916 = FACE_OUTER_BOUND ( 'NONE', #9489, .T. ) ;
#11917 = DIRECTION ( 'NONE',  ( -0.7071067811865474617, 0.7071067811865474617, 0.000000000000000000 ) ) ;
#11918 = LINE ( 'NONE', #13302, #2867 ) ;
#11919 = CARTESIAN_POINT ( 'NONE',  ( -7.014921993108779397, 16.26222191265249961, 13.54999999999999893 ) ) ;
#11920 = PRESENTATION_STYLE_ASSIGNMENT (( #8035 ) ) ;
#11921 = EDGE_CURVE ( 'NONE', #10845, #6820, #4879, .T. ) ;
#11922 = CARTESIAN_POINT ( 'NONE',  ( -2.399604646138564945, 13.25676273017529994, -6.450000000000000178 ) ) ;
#11923 = CARTESIAN_POINT ( 'NONE',  ( -2.850000000000000089, -4.000000000000000000, -7.550000000000000711 ) ) ;
#11924 = EDGE_CURVE ( 'NONE', #560, #7516, #341, .T. ) ;
#11925 = DIRECTION ( 'NONE',  ( 0.000000000000000000, 0.000000000000000000, -1.000000000000000000 ) ) ;
#11926 = CARTESIAN_POINT ( 'NONE',  ( -0.9718728952031370216, 13.13773506781796030, -11.44999999999999929 ) ) ;
#11927 = CARTESIAN_POINT ( 'NONE',  ( 2.149999999999999911, -4.163697104677059890, 12.68229398663696017 ) ) ;
#11928 = LINE ( 'NONE', #1822, #2999 ) ;
#11929 = ORIENTED_EDGE ( 'NONE', *, *, #3558, .F. ) ;
#11930 = ORIENTED_EDGE ( 'NONE', *, *, #8004, .F. ) ;
#11931 = ORIENTED_EDGE ( 'NONE', *, *, #6382, .F. ) ;
#11932 = SURFACE_STYLE_FILL_AREA ( #11131 ) ;
#11933 = CARTESIAN_POINT ( 'NONE',  ( -2.850000000000000089, -4.000000000000000000, 3.149999999999999911 ) ) ;
#11934 = LINE ( 'NONE', #2315, #2880 ) ;
#11935 = VERTEX_POINT ( 'NONE', #4891 ) ;
#11936 = AXIS2_PLACEMENT_3D ( 'NONE', #2581, #8706, #7819 ) ;
#11937 = FACE_OUTER_BOUND ( 'NONE', #4779, .T. ) ;
#11938 = LINE ( 'NONE', #9213, #2884 ) ;
#11939 = CARTESIAN_POINT ( 'NONE',  ( -5.250000000000000000, 18.19999999999999929, 5.899999999999999467 ) ) ;
#11940 = DIRECTION ( 'NONE',  ( 0.000000000000000000, 0.000000000000000000, -1.000000000000000000 ) ) ;
#11941 = CARTESIAN_POINT ( 'NONE',  ( 1.926942286883454925, 7.972552649728219976, 7.750000000000000000 ) ) ;
#11942 = DIRECTION ( 'NONE',  ( 0.7071067811865470176, -0.7071067811865480168, 0.000000000000000000 ) ) ;
#11943 = EDGE_CURVE ( 'NONE', #4060, #9297, #4905, .T. ) ;
#11944 = AXIS2_PLACEMENT_3D ( 'NONE', #12083, #1467, #1664 ) ;
#11945 = CARTESIAN_POINT ( 'NONE',  ( -5.149861993732639753, 10.12774193481510032, 3.550000000000000266 ) ) ;
#11946 = EDGE_CURVE ( 'NONE', #12260, #9098, #9415, .T. ) ;
#11947 = DIRECTION ( 'NONE',  ( 0.2588190451025219607, 0.9659258262890678681, 0.000000000000000000 ) ) ;
#11948 = CARTESIAN_POINT ( 'NONE',  ( 2.475030032583884765, 7.424464904027790801, 9.074886876659951085 ) ) ;
#11949 = ORIENTED_EDGE ( 'NONE', *, *, #11453, .T. ) ;
#11950 = VERTEX_POINT ( 'NONE', #8010 ) ;
#11951 = EDGE_LOOP ( 'NONE', ( #192, #2334, #1110, #5746 ) ) ;
#11952 = CARTESIAN_POINT ( 'NONE',  ( 4.768393923934000078, 7.110999999999999766, 15.75000000000000000 ) ) ;
#11953 = CARTESIAN_POINT ( 'NONE',  ( -5.575000000000000178, 9.830057098047239705, -13.05000000000000071 ) ) ;
#11954 = CIRCLE ( 'NONE', #11724, 1.499999999999980016 ) ;
#11955 = VERTEX_POINT ( 'NONE', #9078 ) ;
#11956 = EDGE_CURVE ( 'NONE', #9427, #9193, #68, .T. ) ;
#11957 = CIRCLE ( 'NONE', #5939, 1.505000000000000338 ) ;
#11958 = VECTOR ( 'NONE', #7693, 999.9999999999998863 ) ;
#11959 = AXIS2_PLACEMENT_3D ( 'NONE', #13188, #1757, #8505 ) ;
#11960 = CARTESIAN_POINT ( 'NONE',  ( -5.250000000000000000, 18.19999999999999929, -9.799999999999998934 ) ) ;
#11961 = LINE ( 'NONE', #12741, #3036 ) ;
#11962 = ADVANCED_FACE ( 'NONE', ( #4574 ), #3709, .F. ) ;
#11963 = EDGE_CURVE ( 'NONE', #5419, #7155, #21, .T. ) ;
#11964 = DIRECTION ( 'NONE',  ( 0.000000000000000000, 0.000000000000000000, 1.000000000000000000 ) ) ;
#11965 = DIRECTION ( 'NONE',  ( -0.7692307692307698286, -0.6389710663783129130, 0.000000000000000000 ) ) ;
#11966 = DIRECTION ( 'NONE',  ( 0.000000000000000000, 0.000000000000000000, 1.000000000000000000 ) ) ;
#11967 = AXIS2_PLACEMENT_3D ( 'NONE', #9903, #332, #11835 ) ;
#11968 = ADVANCED_FACE ( 'NONE', ( #724 ), #13078, .F. ) ;
#11969 = ORIENTED_EDGE ( 'NONE', *, *, #2201, .F. ) ;
#11970 = ORIENTED_EDGE ( 'NONE', *, *, #11488, .F. ) ;
#11971 = VERTEX_POINT ( 'NONE', #4606 ) ;
#11972 = VECTOR ( 'NONE', #12993, 1000.000000000000000 ) ;
#11973 = FACE_OUTER_BOUND ( 'NONE', #2651, .T. ) ;
#11974 = ORIENTED_EDGE ( 'NONE', *, *, #3135, .F. ) ;
#11975 = CARTESIAN_POINT ( 'NONE',  ( 1.926942286883454925, 7.972552649728219976, 11.87511312334006064 ) ) ;
#11976 = LINE ( 'NONE', #1845, #2922 ) ;
#11977 = DIRECTION ( 'NONE',  ( 0.000000000000000000, 0.000000000000000000, -1.000000000000000000 ) ) ;
#11978 = CARTESIAN_POINT ( 'NONE',  ( -7.500000000000000000, -3.500000000000000000, 8.149999999999998579 ) ) ;
#11979 = LINE ( 'NONE', #2540, #2991 ) ;
#11980 = LINE ( 'NONE', #1922, #7265 ) ;
#11981 = EDGE_CURVE ( 'NONE', #13397, #12281, #5043, .T. ) ;
#11982 = DIRECTION ( 'NONE',  ( 0.9659258262890666469, -0.2588190451025264016, 0.000000000000000000 ) ) ;
#11983 = AXIS2_PLACEMENT_3D ( 'NONE', #534, #7164, #1501 ) ;
#11984 = CARTESIAN_POINT ( 'NONE',  ( -6.394152044288990311, 9.256480661696180334, 6.949999999999999289 ) ) ;
#11985 = ADVANCED_FACE ( 'NONE', ( #9829 ), #6755, .F. ) ;
#11986 = PLANE ( 'NONE',  #11630 ) ;
#11987 = DIRECTION ( 'NONE',  ( 1.000000000000000000, 0.000000000000000000, 0.000000000000000000 ) ) ;
#11988 = EDGE_LOOP ( 'NONE', ( #11091, #2325, #5280, #7065 ) ) ;
#11989 = ORIENTED_EDGE ( 'NONE', *, *, #12113, .F. ) ;
#11990 = ORIENTED_EDGE ( 'NONE', *, *, #7587, .T. ) ;
#11991 = ORIENTED_EDGE ( 'NONE', *, *, #6905, .F. ) ;
#11992 = CARTESIAN_POINT ( 'NONE',  ( -7.080000000000000071, 16.69999999999999929, -1.449999999999999956 ) ) ;
#11993 = VECTOR ( 'NONE', #9230, 1000.000000000000000 ) ;
#11994 = EDGE_CURVE ( 'NONE', #5996, #3508, #5380, .T. ) ;
#11995 = ORIENTED_EDGE ( 'NONE', *, *, #2362, .F. ) ;
#11996 = EDGE_CURVE ( 'NONE', #9055, #7023, #5161, .T. ) ;
#11997 = FACE_OUTER_BOUND ( 'NONE', #4505, .T. ) ;
#11998 = VECTOR ( 'NONE', #9166, 1000.000000000000000 ) ;
#11999 = DIRECTION ( 'NONE',  ( 0.000000000000000000, 0.000000000000000000, -1.000000000000000000 ) ) ;
#12000 = AXIS2_PLACEMENT_3D ( 'NONE', #7768, #322, #5697 ) ;
#12001 = CARTESIAN_POINT ( 'NONE',  ( 2.850000000000000089, -3.500000000000000000, -7.550000000000000711 ) ) ;
#12002 = EDGE_CURVE ( 'NONE', #1087, #10149, #765, .T. ) ;
#12003 = CARTESIAN_POINT ( 'NONE',  ( -5.575000000000000178, 9.830057098047229047, -10.14999999999999858 ) ) ;
#12004 = CARTESIAN_POINT ( 'NONE',  ( 2.149999999999999911, -4.000000000000000000, 2.449999999999999734 ) ) ;
#12005 = EDGE_CURVE ( 'NONE', #11971, #5678, #5423, .T. ) ;
#12006 = VERTEX_POINT ( 'NONE', #1623 ) ;
#12007 = ORIENTED_EDGE ( 'NONE', *, *, #4480, .F. ) ;
#12008 = VERTEX_POINT ( 'NONE', #8624 ) ;
#12009 = VERTEX_POINT ( 'NONE', #4701 ) ;
#12010 = CARTESIAN_POINT ( 'NONE',  ( -7.014921993108779397, 16.26222191265249961, 11.95000000000000107 ) ) ;
#12011 = EDGE_CURVE ( 'NONE', #4160, #10877, #517, .T. ) ;
#12012 = VECTOR ( 'NONE', #11594, 1000.000000000000000 ) ;
#12013 = ORIENTED_EDGE ( 'NONE', *, *, #6928, .T. ) ;
#12014 = FACE_OUTER_BOUND ( 'NONE', #20, .T. ) ;
#12015 = DIRECTION ( 'NONE',  ( 0.000000000000000000, 0.000000000000000000, -1.000000000000000000 ) ) ;
#12016 = FACE_OUTER_BOUND ( 'NONE', #2205, .T. ) ;
#12017 = AXIS2_PLACEMENT_3D ( 'NONE', #12085, #13196, #1668 ) ;
#12018 = LINE ( 'NONE', #10675, #3343 ) ;
#12019 = DIRECTION ( 'NONE',  ( 1.000000000000000000, 0.000000000000000000, 0.000000000000000000 ) ) ;
#12020 = PLANE ( 'NONE',  #5249 ) ;
#12021 = CARTESIAN_POINT ( 'NONE',  ( 2.537784285261711403, 10.11972773790644275, -7.972613613490652007 ) ) ;
#12022 = FILL_AREA_STYLE_COLOUR ( '', #6676 ) ;
#12023 = CARTESIAN_POINT ( 'NONE',  ( 3.341155849256549626, 9.386766212101310458, -13.54999999999999893 ) ) ;
#12024 = CARTESIAN_POINT ( 'NONE',  ( 2.740115085247985416, 9.987806976109879997, 16.44999999999999929 ) ) ;
#12025 = DIRECTION ( 'NONE',  ( 0.000000000000000000, 0.000000000000000000, 1.000000000000000000 ) ) ;
#12026 = DIRECTION ( 'NONE',  ( 0.000000000000000000, 0.000000000000000000, -1.000000000000000000 ) ) ;
#12027 = DIRECTION ( 'NONE',  ( 0.000000000000000000, 0.000000000000000000, 1.000000000000000000 ) ) ;
#12028 = ORIENTED_EDGE ( 'NONE', *, *, #7777, .F. ) ;
#12029 = ORIENTED_EDGE ( 'NONE', *, *, #7321, .F. ) ;
#12030 = ORIENTED_EDGE ( 'NONE', *, *, #9534, .T. ) ;
#12031 = CARTESIAN_POINT ( 'NONE',  ( -1.850000000000000089, 3.200000000000000178, 15.84999999999999964 ) ) ;
#12032 = CARTESIAN_POINT ( 'NONE',  ( -1.530854753362479892, 11.74577986658169948, -1.449999999999999956 ) ) ;
#12033 = VECTOR ( 'NONE', #6762, 1000.000000000000000 ) ;
#12034 = VERTEX_POINT ( 'NONE', #6665 ) ;
#12035 = LINE ( 'NONE', #13410, #2984 ) ;
#12036 = ORIENTED_EDGE ( 'NONE', *, *, #13147, .F. ) ;
#12037 = ADVANCED_FACE ( 'NONE', ( #676 ), #3435, .F. ) ;
#12038 = EDGE_CURVE ( 'NONE', #1612, #2660, #9936, .T. ) ;
#12039 = LINE ( 'NONE', #11923, #12128 ) ;
#12040 = CARTESIAN_POINT ( 'NONE',  ( 2.149999999999999911, -4.000000000000000000, 3.149999999999999911 ) ) ;
#12041 = LINE ( 'NONE', #8191, #7883 ) ;
#12042 = EDGE_CURVE ( 'NONE', #8913, #1792, #5228, .T. ) ;
#12043 = AXIS2_PLACEMENT_3D ( 'NONE', #7161, #8166, #12813 ) ;
#12044 = CARTESIAN_POINT ( 'NONE',  ( 2.149999999999999911, -4.000000000000000000, -2.375000000000000000 ) ) ;
#12045 = CARTESIAN_POINT ( 'NONE',  ( -5.250000000000000000, 16.69999999999999929, -4.799999999999999822 ) ) ;
#12046 = DIRECTION ( 'NONE',  ( 0.000000000000000000, 0.000000000000000000, -1.000000000000000000 ) ) ;
#12047 = CARTESIAN_POINT ( 'NONE',  ( -2.850000000000000089, 0.000000000000000000, -6.850000000000000533 ) ) ;
#12048 = CARTESIAN_POINT ( 'NONE',  ( 4.841398726455739876, 0.6999999999999999556, 15.75000000000000000 ) ) ;
#12049 =( LENGTH_UNIT ( ) NAMED_UNIT ( * ) SI_UNIT ( .MILLI., .METRE. ) );
#12050 = VECTOR ( 'NONE', #7650, 1000.000000000000000 ) ;
#12051 = ORIENTED_EDGE ( 'NONE', *, *, #2519, .F. ) ;
#12052 = ORIENTED_EDGE ( 'NONE', *, *, #9456, .T. ) ;
#12053 = ORIENTED_EDGE ( 'NONE', *, *, #797, .F. ) ;
#12054 = EDGE_CURVE ( 'NONE', #252, #1435, #566, .T. ) ;
#12055 = VERTEX_POINT ( 'NONE', #561 ) ;
#12056 = CIRCLE ( 'NONE', #3357, 1.300000000000000044 ) ;
#12057 = VERTEX_POINT ( 'NONE', #4515 ) ;
#12058 = CARTESIAN_POINT ( 'NONE',  ( 2.850000000000000089, -3.500000000000000000, -1.850000000000000089 ) ) ;
#12059 = DIRECTION ( 'NONE',  ( 0.000000000000000000, 0.000000000000000000, 1.000000000000000000 ) ) ;
#12060 = VECTOR ( 'NONE', #115, 1000.000000000000114 ) ;
#12061 = CARTESIAN_POINT ( 'NONE',  ( -1.442193645700395876, 12.96803417904112088, 3.550000000000000266 ) ) ;
#12062 = LINE ( 'NONE', #6518, #2904 ) ;
#12063 = LINE ( 'NONE', #7861, #2952 ) ;
#12064 = DIRECTION ( 'NONE',  ( -0.7071067811865489050, 0.7071067811865460184, 0.000000000000000000 ) ) ;
#12065 = ADVANCED_FACE ( 'NONE', ( #612 ), #879, .F. ) ;
#12066 = CARTESIAN_POINT ( 'NONE',  ( -4.994309577079140361, 8.317711448655909834, -15.15000000000000036 ) ) ;
#12067 = AXIS2_PLACEMENT_3D ( 'NONE', #12004, #789, #3873 ) ;
#12068 = CARTESIAN_POINT ( 'NONE',  ( -5.575000000000000178, 16.69999999999999929, -11.44999999999999929 ) ) ;
#12069 = CARTESIAN_POINT ( 'NONE',  ( -7.080000000000000071, 16.69999999999999929, 3.550000000000000266 ) ) ;
#12070 = ORIENTED_EDGE ( 'NONE', *, *, #10541, .F. ) ;
#12071 = ORIENTED_EDGE ( 'NONE', *, *, #456, .F. ) ;
#12072 = ORIENTED_EDGE ( 'NONE', *, *, #5908, .F. ) ;
#12073 = ORIENTED_EDGE ( 'NONE', *, *, #5591, .T. ) ;
#12074 = CARTESIAN_POINT ( 'NONE',  ( 2.475030032583884765, 7.424464904027790801, 7.750000000000000000 ) ) ;
#12075 = DIRECTION ( 'NONE',  ( -0.7071067811865475727, -0.7071067811865475727, 0.000000000000000000 ) ) ;
#12076 = PRODUCT_RELATED_PRODUCT_CATEGORY ( 'part', '', ( #11497 ) ) ;
#12077 = CARTESIAN_POINT ( 'NONE',  ( 5.882150296522249633, 1.302038012681424162, 15.84999999999999964 ) ) ;
#12078 = CARTESIAN_POINT ( 'NONE',  ( 3.341155849256549626, 9.386766212101310458, 14.05000000000000071 ) ) ;
#12079 = VECTOR ( 'NONE', #1893, 1000.000000000000000 ) ;
#12080 = EDGE_CURVE ( 'NONE', #11387, #1860, #9872, .T. ) ;
#12081 = EDGE_LOOP ( 'NONE', ( #6752, #7046, #11378, #9706 ) ) ;
#12082 = LINE ( 'NONE', #5765, #3032 ) ;
#12083 = CARTESIAN_POINT ( 'NONE',  ( -7.500000000000000000, -3.500000000000000000, 8.149999999999998579 ) ) ;
#12084 = LINE ( 'NONE', #4464, #2950 ) ;
#12085 = CARTESIAN_POINT ( 'NONE',  ( -7.500000000000000000, -3.500000000000000000, -6.850000000000000533 ) ) ;
#12086 = ADVANCED_FACE ( 'NONE', ( #9554 ), #3614, .F. ) ;
#12087 = VECTOR ( 'NONE', #503, 999.9999999999998863 ) ;
#12088 = CARTESIAN_POINT ( 'NONE',  ( 2.850000000000000089, 0.6999999999999999556, 15.84999999999999964 ) ) ;
#12089 = DIRECTION ( 'NONE',  ( 0.000000000000000000, -1.000000000000000000, 0.000000000000000000 ) ) ;
#12090 = DIRECTION ( 'NONE',  ( 0.000000000000000000, 0.3303504247281054407, -0.9438583563660176701 ) ) ;
#12091 = CARTESIAN_POINT ( 'NONE',  ( -5.305582036247210809, 7.577156409673130533, -25.00000000000000000 ) ) ;
#12092 = AXIS2_PLACEMENT_3D ( 'NONE', #11186, #5137, #5044 ) ;
#12093 = AXIS2_PLACEMENT_3D ( 'NONE', #9157, #10209, #11301 ) ;
#12094 = ORIENTED_EDGE ( 'NONE', *, *, #5585, .F. ) ;
#12095 = ORIENTED_EDGE ( 'NONE', *, *, #7943, .F. ) ;
#12096 = ORIENTED_EDGE ( 'NONE', *, *, #4264, .T. ) ;
#12097 = ITEM_DEFINED_TRANSFORMATION ( 'NONE', 'NONE', #6567,  #7204 ) ;
#12098 = ORIENTED_EDGE ( 'NONE', *, *, #1480, .F. ) ;
#12099 = VECTOR ( 'NONE', #6381, 1000.000000000000000 ) ;
#12100 = EDGE_CURVE ( 'NONE', #7712, #10803, #494, .T. ) ;
#12101 = VERTEX_POINT ( 'NONE', #9777 ) ;
#12102 = LINE ( 'NONE', #4020, #12147 ) ;
#12103 = AXIS2_PLACEMENT_3D ( 'NONE', #13517, #6612, #6123 ) ;
#12104 = EDGE_CURVE ( 'NONE', #12008, #8030, #5187, .T. ) ;
#12105 = DIRECTION ( 'NONE',  ( 0.000000000000000000, 0.000000000000000000, -1.000000000000000000 ) ) ;
#12106 = LINE ( 'NONE', #9541, #11958 ) ;
#12107 = CIRCLE ( 'NONE', #8577, 1.499999999999980016 ) ;
#12108 = DIRECTION ( 'NONE',  ( 0.000000000000000000, 0.000000000000000000, -1.000000000000000000 ) ) ;
#12109 =( NAMED_UNIT ( * ) SI_UNIT ( $, .STERADIAN. ) SOLID_ANGLE_UNIT ( ) );
#12110 = DIRECTION ( 'NONE',  ( 0.000000000000000000, -0.9438583563660177811, 0.3303504247281049411 ) ) ;
#12111 = DIRECTION ( 'NONE',  ( 0.000000000000000000, 0.000000000000000000, -1.000000000000000000 ) ) ;
#12112 = CARTESIAN_POINT ( 'NONE',  ( -5.250000000000000000, 16.69999999999999929, -6.450000000000000178 ) ) ;
#12113 = EDGE_CURVE ( 'NONE', #5422, #5644, #406, .T. ) ;
#12114 = AXIS2_PLACEMENT_3D ( 'NONE', #6469, #4237, #8340 ) ;
#12115 = CARTESIAN_POINT ( 'NONE',  ( -4.564624922667160689, 8.111000000000000654, 15.84999999999999964 ) ) ;
#12116 = DIRECTION ( 'NONE',  ( 0.000000000000000000, -0.9888927622975226539, -0.1486307662483623282 ) ) ;
#12117 = VERTEX_POINT ( 'NONE', #2344 ) ;
#12118 = ORIENTED_EDGE ( 'NONE', *, *, #13459, .T. ) ;
#12119 = VERTEX_POINT ( 'NONE', #3347 ) ;
#12120 = DIRECTION ( 'NONE',  ( 0.7071067811865470176, 0.7071067811865480168, 0.000000000000000000 ) ) ;
#12121 = DIRECTION ( 'NONE',  ( 0.000000000000000000, 0.000000000000000000, -1.000000000000000000 ) ) ;
#12122 = LINE ( 'NONE', #2509, #9216 ) ;
#12123 = VERTEX_POINT ( 'NONE', #4421 ) ;
#12124 = CARTESIAN_POINT ( 'NONE',  ( 3.341155849256549626, 9.386766212101310458, 1.449999999999999956 ) ) ;
#12125 = VECTOR ( 'NONE', #804, 1000.000000000000114 ) ;
#12126 = ORIENTED_EDGE ( 'NONE', *, *, #808, .F. ) ;
#12127 = LINE ( 'NONE', #6805, #2837 ) ;
#12128 = VECTOR ( 'NONE', #3565, 1000.000000000000000 ) ;
#12129 = DIRECTION ( 'NONE',  ( -0.7071067811865474617, 0.7071067811865474617, 0.000000000000000000 ) ) ;
#12130 = CARTESIAN_POINT ( 'NONE',  ( 0.3938440955623530026, 9.859204231642589633, -15.15000000000000036 ) ) ;
#12131 = DIRECTION ( 'NONE',  ( 1.000000000000000000, 0.000000000000000000, 0.000000000000000000 ) ) ;
#12132 = CARTESIAN_POINT ( 'NONE',  ( -2.850000000000000089, 0.000000000000000000, 8.149999999999998579 ) ) ;
#12133 = DIRECTION ( 'NONE',  ( 0.9567587994078292635, 0.2908824500647800848, 0.000000000000000000 ) ) ;
#12134 = CARTESIAN_POINT ( 'NONE',  ( 3.863453660807525392, 5.486275240474819626, 6.922616059659410404 ) ) ;
#12135 = DIRECTION ( 'NONE',  ( 0.000000000000000000, 0.000000000000000000, 1.000000000000000000 ) ) ;
#12136 = ORIENTED_EDGE ( 'NONE', *, *, #13555, .F. ) ;
#12137 = ORIENTED_EDGE ( 'NONE', *, *, #12230, .T. ) ;
#12138 = ORIENTED_EDGE ( 'NONE', *, *, #10239, .T. ) ;
#12139 = EDGE_LOOP ( 'NONE', ( #2541, #1756, #11055, #4851 ) ) ;
#12140 = AXIS2_PLACEMENT_3D ( 'NONE', #3933, #579, #13171 ) ;
#12141 = VECTOR ( 'NONE', #4302, 1000.000000000000000 ) ;
#12142 = EDGE_CURVE ( 'NONE', #9140, #560, #4032, .T. ) ;
#12143 = ORIENTED_EDGE ( 'NONE', *, *, #2163, .F. ) ;
#12144 = ADVANCED_FACE ( 'NONE', ( #5293 ), #10685, .F. ) ;
#12145 = CARTESIAN_POINT ( 'NONE',  ( 6.678144119326260508, 5.236605143667070195, 16.44999999999999929 ) ) ;
#12146 = CARTESIAN_POINT ( 'NONE',  ( -5.575000000000000178, 16.69999999999999929, -6.450000000000000178 ) ) ;
#12147 = VECTOR ( 'NONE', #5093, 1000.000000000000000 ) ;
#12148 = CARTESIAN_POINT ( 'NONE',  ( -1.500787922441100042, 11.75383624964603868, -16.44999999999999929 ) ) ;
#12149 = VECTOR ( 'NONE', #4224, 1000.000000000000000 ) ;
#12150 = ORIENTED_EDGE ( 'NONE', *, *, #10733, .F. ) ;
#12151 = CARTESIAN_POINT ( 'NONE',  ( 2.306154181162860084, 10.12774586688902190, -12.25000000000000000 ) ) ;
#12152 = DIRECTION ( 'NONE',  ( -0.7071067811865474617, 0.7071067811865474617, 0.000000000000000000 ) ) ;
#12153 = EDGE_CURVE ( 'NONE', #9576, #8847, #788, .T. ) ;
#12154 = CARTESIAN_POINT ( 'NONE',  ( 7.386539084136389377, 4.528210178856940438, 16.44999999999999929 ) ) ;
#12155 = ORIENTED_EDGE ( 'NONE', *, *, #4418, .F. ) ;
#12156 = ORIENTED_EDGE ( 'NONE', *, *, #2474, .T. ) ;
#12157 = ORIENTED_EDGE ( 'NONE', *, *, #6448, .F. ) ;
#12158 = VERTEX_POINT ( 'NONE', #4369 ) ;
#12159 = CARTESIAN_POINT ( 'NONE',  ( -5.316253523062870023, 17.49725182388110056, -4.100000000000000533 ) ) ;
#12160 =( NAMED_UNIT ( * ) SI_UNIT ( $, .STERADIAN. ) SOLID_ANGLE_UNIT ( ) );
#12161 = PLANE ( 'NONE',  #4544 ) ;
#12162 = ADVANCED_FACE ( 'NONE', ( #9694 ), #1100, .F. ) ;
#12163 =( NAMED_UNIT ( * ) SI_UNIT ( $, .STERADIAN. ) SOLID_ANGLE_UNIT ( ) );
#12164 = VECTOR ( 'NONE', #12769, 1000.000000000000000 ) ;
#12165 = ORIENTED_EDGE ( 'NONE', *, *, #725, .T. ) ;
#12166 = AXIS2_PLACEMENT_3D ( 'NONE', #12948, #12175, #7700 ) ;
#12167 = CARTESIAN_POINT ( 'NONE',  ( 3.588643222671839883, 9.139278838686021089, -4.750000000000000000 ) ) ;
#12168 = EDGE_CURVE ( 'NONE', #12008, #1108, #633, .T. ) ;
#12169 = VECTOR ( 'NONE', #11569, 1000.000000000000000 ) ;
#12170 = ORIENTED_EDGE ( 'NONE', *, *, #9624, .F. ) ;
#12171 = DIRECTION ( 'NONE',  ( 0.000000000000000000, 0.000000000000000000, -1.000000000000000000 ) ) ;
#12172 = CARTESIAN_POINT ( 'NONE',  ( 2.850000000000000089, 0.000000000000000000, 2.449999999999999734 ) ) ;
#12173 = EDGE_CURVE ( 'NONE', #5378, #2278, #9767, .T. ) ;
#12174 = DIRECTION ( 'NONE',  ( 1.000000000000000000, 0.000000000000000000, 0.000000000000000000 ) ) ;
#12175 = DIRECTION ( 'NONE',  ( 0.8386705679454268259, -0.5446390350150228654, 0.000000000000000000 ) ) ;
#12176 = AXIS2_PLACEMENT_3D ( 'NONE', #10229, #754, #4648 ) ;
#12177 = VERTEX_POINT ( 'NONE', #10586 ) ;
#12178 = ORIENTED_EDGE ( 'NONE', *, *, #6047, .F. ) ;
#12179 = ORIENTED_EDGE ( 'NONE', *, *, #6470, .T. ) ;
#12180 = EDGE_LOOP ( 'NONE', ( #13248, #12681, #8153, #1888 ) ) ;
#12181 = PLANE ( 'NONE',  #7832 ) ;
#12182 = VECTOR ( 'NONE', #3128, 1000.000000000000000 ) ;
#12183 = ORIENTED_EDGE ( 'NONE', *, *, #7710, .F. ) ;
#12184 = LINE ( 'NONE', #758, #3011 ) ;
#12185 = CARTESIAN_POINT ( 'NONE',  ( -6.750000000000000000, 16.69999999999999929, 5.200000000000000178 ) ) ;
#12186 = VECTOR ( 'NONE', #10588, 1000.000000000000000 ) ;
#12187 = ORIENTED_EDGE ( 'NONE', *, *, #12528, .T. ) ;
#12188 = CARTESIAN_POINT ( 'NONE',  ( -3.775451385280815142, 16.42485207100589761, 5.899999999999999467 ) ) ;
#12189 = CARTESIAN_POINT ( 'NONE',  ( 2.149999999999999911, -4.000000000000000000, 3.149999999999999911 ) ) ;
#12190 = CARTESIAN_POINT ( 'NONE',  ( 3.588643222671839883, 9.139278838686021089, -4.750000000000000000 ) ) ;
#12191 = DIRECTION ( 'NONE',  ( 0.000000000000000000, -1.000000000000000000, 0.000000000000000000 ) ) ;
#12192 = CARTESIAN_POINT ( 'NONE',  ( -6.330983280564429272, 18.00135094402205027, -8.050000000000000711 ) ) ;
#12193 = CARTESIAN_POINT ( 'NONE',  ( 2.149999999999999911, -4.000000000000000000, -6.850000000000000533 ) ) ;
#12194 = EDGE_CURVE ( 'NONE', #13109, #6288, #5271, .T. ) ;
#12195 = CARTESIAN_POINT ( 'NONE',  ( 2.850000000000000089, 0.000000000000000000, -2.550000000000000266 ) ) ;
#12196 = DIRECTION ( 'NONE',  ( 0.000000000000000000, 0.000000000000000000, -1.000000000000000000 ) ) ;
#12197 =( LENGTH_UNIT ( ) NAMED_UNIT ( * ) SI_UNIT ( .MILLI., .METRE. ) );
#12198 = VERTEX_POINT ( 'NONE', #12752 ) ;
#12199 = ORIENTED_EDGE ( 'NONE', *, *, #3926, .F. ) ;
#12200 = ORIENTED_EDGE ( 'NONE', *, *, #1571, .F. ) ;
#12201 = CARTESIAN_POINT ( 'NONE',  ( 1.308303843626089868, 8.591191092985580369, 2.750000000000000000 ) ) ;
#12202 = PLANE ( 'NONE',  #11212 ) ;
#12203 = VERTEX_POINT ( 'NONE', #143 ) ;
#12204 = CARTESIAN_POINT ( 'NONE',  ( -4.478428631448714725, 16.48862918074649997, -10.40000000000000036 ) ) ;
#12205 = AXIS2_PLACEMENT_3D ( 'NONE', #7784, #8846, #8661 ) ;
#12206 = COLOUR_RGB ( '',1.000000000000000000, 1.000000000000000000, 1.000000000000000000 ) ;
#12207 = VERTEX_POINT ( 'NONE', #1191 ) ;
#12208 = VECTOR ( 'NONE', #12064, 1000.000000000000114 ) ;
#12209 = VERTEX_POINT ( 'NONE', #3297 ) ;
#12210 = EDGE_CURVE ( 'NONE', #3070, #11185, #5314, .T. ) ;
#12211 = DIRECTION ( 'NONE',  ( -0.7071067811865470176, 0.7071067811865480168, 0.000000000000000000 ) ) ;
#12212 = CARTESIAN_POINT ( 'NONE',  ( -6.750000000000000000, 16.69999999999999929, 10.20000000000000107 ) ) ;
#12213 = CARTESIAN_POINT ( 'NONE',  ( -4.478428631448714725, 16.48862918074649997, -4.100000000000000533 ) ) ;
#12214 = ADVANCED_FACE ( 'NONE', ( #852 ), #7519, .F. ) ;
#12215 = ORIENTED_EDGE ( 'NONE', *, *, #2949, .T. ) ;
#12216 = ORIENTED_EDGE ( 'NONE', *, *, #5831, .F. ) ;
#12217 = ORIENTED_EDGE ( 'NONE', *, *, #10254, .T. ) ;
#12218 = ORIENTED_EDGE ( 'NONE', *, *, #12252, .T. ) ;
#12219 = FACE_OUTER_BOUND ( 'NONE', #12389, .T. ) ;
#12220 = VERTEX_POINT ( 'NONE', #2953 ) ;
#12221 = DIRECTION ( 'NONE',  ( -0.7071067811865474617, 0.7071067811865474617, 0.000000000000000000 ) ) ;
#12222 = CARTESIAN_POINT ( 'NONE',  ( -5.575000000000000178, 16.69999999999999929, 3.550000000000000266 ) ) ;
#12223 = AXIS2_PLACEMENT_3D ( 'NONE', #6714, #12089, #2545 ) ;
#12224 = VECTOR ( 'NONE', #7252, 1000.000000000000114 ) ;
#12225 = CARTESIAN_POINT ( 'NONE',  ( 3.341155849256549626, 9.386766212101310458, -5.950000000000000178 ) ) ;
#12226 = VECTOR ( 'NONE', #9183, 1000.000000000000000 ) ;
#12227 = ORIENTED_EDGE ( 'NONE', *, *, #8302, .F. ) ;
#12228 = DIRECTION ( 'NONE',  ( 0.000000000000000000, 0.000000000000000000, 1.000000000000000000 ) ) ;
#12229 = CARTESIAN_POINT ( 'NONE',  ( -5.809933491950640239, 18.09157266594019831, -9.099999999999999645 ) ) ;
#12230 = EDGE_CURVE ( 'NONE', #7497, #11234, #9578, .T. ) ;
#12231 = EDGE_CURVE ( 'NONE', #249, #3352, #9916, .T. ) ;
#12232 = EDGE_LOOP ( 'NONE', ( #2250, #5645, #6759, #5599 ) ) ;
#12233 = ORIENTED_EDGE ( 'NONE', *, *, #12729, .T. ) ;
#12234 = ORIENTED_EDGE ( 'NONE', *, *, #3104, .F. ) ;
#12235 = VERTEX_POINT ( 'NONE', #10312 ) ;
#12236 = DIRECTION ( 'NONE',  ( 0.000000000000000000, 1.000000000000000000, 0.000000000000000000 ) ) ;
#12237 = DIRECTION ( 'NONE',  ( -0.6389710663783129130, 0.7692307692307698286, 0.000000000000000000 ) ) ;
#12238 = DIRECTION ( 'NONE',  ( 0.4055797876726409679, 0.4055797876726409679, 0.8191520442889898002 ) ) ;
#12239 = LINE ( 'NONE', #540, #3550 ) ;
#12240 = ORIENTED_EDGE ( 'NONE', *, *, #1198, .T. ) ;
#12241 = ADVANCED_FACE ( 'NONE', ( #744 ), #3037, .F. ) ;
#12242 = EDGE_CURVE ( 'NONE', #6276, #146, #9509, .T. ) ;
#12243 = VECTOR ( 'NONE', #8267, 1000.000000000000000 ) ;
#12244 = LINE ( 'NONE', #10313, #12226 ) ;
#12245 = STYLED_ITEM ( 'NONE', ( #11216 ), #10228 ) ;
#12246 = EDGE_CURVE ( 'NONE', #12999, #7794, #9532, .T. ) ;
#12247 = AXIS2_PLACEMENT_3D ( 'NONE', #4957, #3778, #6986 ) ;
#12248 = ORIENTED_EDGE ( 'NONE', *, *, #6273, .F. ) ;
#12249 = CARTESIAN_POINT ( 'NONE',  ( -2.850000000000000089, -3.500000000000000000, 13.15000000000000036 ) ) ;
#12250 = CARTESIAN_POINT ( 'NONE',  ( 2.364278014140929862, 10.13430373392472106, 2.398989572521625480 ) ) ;
#12251 = CARTESIAN_POINT ( 'NONE',  ( -2.149999999999999911, -3.500000000000000000, 7.450000000000000178 ) ) ;
#12252 = EDGE_CURVE ( 'NONE', #6398, #4404, #5357, .T. ) ;
#12253 = EDGE_CURVE ( 'NONE', #10769, #3481, #5209, .T. ) ;
#12254 = DIRECTION ( 'NONE',  ( -0.5030199466302391897, 0.8642748019537023207, 0.000000000000000000 ) ) ;
#12255 = DIRECTION ( 'NONE',  ( 0.000000000000000000, 0.000000000000000000, 1.000000000000000000 ) ) ;
#12256 = AXIS2_PLACEMENT_3D ( 'NONE', #2798, #4305, #7207 ) ;
#12257 = EDGE_CURVE ( 'NONE', #10056, #5396, #5401, .T. ) ;
#12258 = ORIENTED_EDGE ( 'NONE', *, *, #1832, .T. ) ;
#12259 = VERTEX_POINT ( 'NONE', #3388 ) ;
#12260 = VERTEX_POINT ( 'NONE', #5617 ) ;
#12261 = VECTOR ( 'NONE', #5178, 999.9999999999998863 ) ;
#12262 = ORIENTED_EDGE ( 'NONE', *, *, #11254, .T. ) ;
#12263 = CARTESIAN_POINT ( 'NONE',  ( 5.275000000000000355, 0.000000000000000000, 15.84999999999999964 ) ) ;
#12264 = ADVANCED_FACE ( 'NONE', ( #9486 ), #2628, .F. ) ;
#12265 = VECTOR ( 'NONE', #11865, 1000.000000000000114 ) ;
#12266 = VERTEX_POINT ( 'NONE', #7873 ) ;
#12267 = VECTOR ( 'NONE', #4159, 1000.000000000000000 ) ;
#12268 = DIRECTION ( 'NONE',  ( 0.7071067811865480168, 0.7071067811865470176, 0.000000000000000000 ) ) ;
#12269 = LINE ( 'NONE', #6743, #12291 ) ;
#12270 = EDGE_LOOP ( 'NONE', ( #12743, #11246, #3665, #3133, #11037, #12873 ) ) ;
#12271 = CARTESIAN_POINT ( 'NONE',  ( -5.250000000000000000, 18.19999999999999929, 0.9000000000000000222 ) ) ;
#12272 = AXIS2_PLACEMENT_3D ( 'NONE', #1197, #245, #2384 ) ;
#12273 = CARTESIAN_POINT ( 'NONE',  ( -2.442193645700425186, 12.96803417904112088, -13.05000000000000071 ) ) ;
#12274 = DIRECTION ( 'NONE',  ( 1.000000000000000000, 0.000000000000000000, 0.000000000000000000 ) ) ;
#12275 = CARTESIAN_POINT ( 'NONE',  ( 2.149999999999999911, -3.500000000000000000, -7.550000000000000711 ) ) ;
#12276 = CARTESIAN_POINT ( 'NONE',  ( 4.768393923934000078, 7.110999999999999766, 15.84999999999999964 ) ) ;
#12277 = EDGE_CURVE ( 'NONE', #536, #10354, #5136, .T. ) ;
#12278 = DIRECTION ( 'NONE',  ( 1.000000000000000000, 0.000000000000000000, 0.000000000000000000 ) ) ;
#12279 = DIRECTION ( 'NONE',  ( 0.000000000000000000, 0.000000000000000000, 1.000000000000000000 ) ) ;
#12280 = CARTESIAN_POINT ( 'NONE',  ( 4.841398726455739876, 0.6999999999999999556, 15.75000000000000000 ) ) ;
#12281 = VERTEX_POINT ( 'NONE', #6710 ) ;
#12282 = ORIENTED_EDGE ( 'NONE', *, *, #3748, .F. ) ;
#12283 = VERTEX_POINT ( 'NONE', #2539 ) ;
#12284 = DIRECTION ( 'NONE',  ( 0.5735764363510511554, -0.8191520442889882458, 0.000000000000000000 ) ) ;
#12285 = LINE ( 'NONE', #747, #12309 ) ;
#12286 = VERTEX_POINT ( 'NONE', #6801 ) ;
#12287 = DIRECTION ( 'NONE',  ( -0.6389710663783129130, 0.7692307692307697176, 0.000000000000000000 ) ) ;
#12288 = FACE_OUTER_BOUND ( 'NONE', #10214, .T. ) ;
#12289 = ORIENTED_EDGE ( 'NONE', *, *, #6740, .T. ) ;
#12290 = VECTOR ( 'NONE', #1899, 1000.000000000000000 ) ;
#12291 = VECTOR ( 'NONE', #12689, 1000.000000000000000 ) ;
#12292 = CARTESIAN_POINT ( 'NONE',  ( -2.149999999999999911, 0.000000000000000000, 2.449999999999999734 ) ) ;
#12293 = VERTEX_POINT ( 'NONE', #13111 ) ;
#12294 = ADVANCED_FACE ( 'NONE', ( #5113 ), #5446, .T. ) ;
#12295 = MECHANICAL_DESIGN_GEOMETRIC_PRESENTATION_REPRESENTATION (  '', ( #10340 ), #6305 ) ;
#12296 = DIRECTION ( 'NONE',  ( 1.000000000000000000, 0.000000000000000000, 0.000000000000000000 ) ) ;
#12297 = EDGE_CURVE ( 'NONE', #1732, #6962, #1092, .T. ) ;
#12298 = CARTESIAN_POINT ( 'NONE',  ( 2.850000000000000089, 0.000000000000000000, 8.149999999999998579 ) ) ;
#12299 = CARTESIAN_POINT ( 'NONE',  ( -4.478428631448714725, 16.48862918074649997, 14.59999999999999964 ) ) ;
#12300 = CARTESIAN_POINT ( 'NONE',  ( -7.200000000000000178, 7.356528960623350599, 15.84999999999999964 ) ) ;
#12301 = CARTESIAN_POINT ( 'NONE',  ( -5.250000000000000000, 18.19999999999999929, 0.2000000000000000111 ) ) ;
#12302 = CARTESIAN_POINT ( 'NONE',  ( 2.740115085247985416, 9.987806976109879997, 16.44999999999999929 ) ) ;
#12303 = FILL_AREA_STYLE_COLOUR ( '', #7517 ) ;
#12304 = DIRECTION ( 'NONE',  ( 0.000000000000000000, 1.000000000000000000, 0.000000000000000000 ) ) ;
#12305 = ORIENTED_EDGE ( 'NONE', *, *, #10113, .F. ) ;
#12306 = ORIENTED_EDGE ( 'NONE', *, *, #7856, .F. ) ;
#12307 = EDGE_CURVE ( 'NONE', #9890, #4101, #10444, .T. ) ;
#12308 = EDGE_LOOP ( 'NONE', ( #3876, #13399, #5706, #1365, #3737, #12668 ) ) ;
#12309 = VECTOR ( 'NONE', #3034, 1000.000000000000114 ) ;
#12310 = ORIENTED_EDGE ( 'NONE', *, *, #1021, .T. ) ;
#12311 = VECTOR ( 'NONE', #3302, 1000.000000000000000 ) ;
#12312 = ORIENTED_EDGE ( 'NONE', *, *, #3824, .T. ) ;
#12313 = CIRCLE ( 'NONE', #6452, 1.000000000000027978 ) ;
#12314 = CARTESIAN_POINT ( 'NONE',  ( 3.341155849256549626, 9.386766212101310458, -3.550000000000000266 ) ) ;
#12315 = DIRECTION ( 'NONE',  ( 0.7071067811865475727, -0.7071067811865475727, 0.000000000000000000 ) ) ;
#12316 = LINE ( 'NONE', #11176, #3427 ) ;
#12317 = ORIENTED_EDGE ( 'NONE', *, *, #6840, .T. ) ;
#12318 = CARTESIAN_POINT ( 'NONE',  ( 2.850000000000000089, -3.500000000000000000, 12.44999999999999929 ) ) ;
#12319 = CARTESIAN_POINT ( 'NONE',  ( -5.809933491950640239, 18.09157266594019831, -9.099999999999999645 ) ) ;
#12320 = EDGE_CURVE ( 'NONE', #12767, #1409, #969, .T. ) ;
#12321 = COLOUR_RGB ( '',1.000000000000000000, 1.000000000000000000, 1.000000000000000000 ) ;
#12322 = AXIS2_PLACEMENT_3D ( 'NONE', #12548, #5256, #10576 ) ;
#12323 = EDGE_CURVE ( 'NONE', #8111, #9125, #10003, .T. ) ;
#12324 = CARTESIAN_POINT ( 'NONE',  ( 2.306190871640253715, 10.12775184507777659, 2.834981869098045504 ) ) ;
#12325 = VERTEX_POINT ( 'NONE', #7606 ) ;
#12326 = ORIENTED_EDGE ( 'NONE', *, *, #11864, .F. ) ;
#12327 = ORIENTED_EDGE ( 'NONE', *, *, #2840, .T. ) ;
#12328 = EDGE_LOOP ( 'NONE', ( #4976, #2761, #6460, #2521 ) ) ;
#12329 = CARTESIAN_POINT ( 'NONE',  ( -2.850000000000000089, 0.000000000000000000, -2.550000000000000266 ) ) ;
#12330 = CARTESIAN_POINT ( 'NONE',  ( -1.222370646041895936, 12.87780098272160068, 16.44999999999999929 ) ) ;
#12331 = DIRECTION ( 'NONE',  ( 1.000000000000000000, 0.000000000000000000, 0.000000000000000000 ) ) ;
#12332 = VECTOR ( 'NONE', #3759, 1000.000000000000000 ) ;
#12333 = ORIENTED_EDGE ( 'NONE', *, *, #2219, .F. ) ;
#12334 = EDGE_CURVE ( 'NONE', #12283, #10332, #10207, .T. ) ;
#12335 = LINE ( 'NONE', #8953, #8170 ) ;
#12336 = DIRECTION ( 'NONE',  ( 0.000000000000000000, 0.000000000000000000, 1.000000000000000000 ) ) ;
#12337 = CARTESIAN_POINT ( 'NONE',  ( 3.341155849256549626, 9.386766212101310458, -10.94999999999999929 ) ) ;
#12338 = ORIENTED_EDGE ( 'NONE', *, *, #2997, .F. ) ;
#12339 = CARTESIAN_POINT ( 'NONE',  ( 3.588643222671839883, 9.139278838686021089, 4.500000000000000000 ) ) ;
#12340 = AXIS2_PLACEMENT_3D ( 'NONE', #634, #13231, #3790 ) ;
#12341 = CARTESIAN_POINT ( 'NONE',  ( 1.926942286883454925, 7.972552649728219976, 7.750000000000000000 ) ) ;
#12342 = CARTESIAN_POINT ( 'NONE',  ( -5.575000000000000178, 16.69999999999999929, 8.550000000000000711 ) ) ;
#12343 = SURFACE_SIDE_STYLE ('',( #972 ) ) ;
#12344 = CARTESIAN_POINT ( 'NONE',  ( -3.919104336280229806, 16.00810641548579838, 8.550000000000000711 ) ) ;
#12345 = DIRECTION ( 'NONE',  ( -0.6389710663783129130, 0.7692307692307697176, 0.000000000000000000 ) ) ;
#12346 = EDGE_LOOP ( 'NONE', ( #2032, #4173, #2188, #6843 ) ) ;
#12347 = ORIENTED_EDGE ( 'NONE', *, *, #1876, .T. ) ;
#12348 = ORIENTED_EDGE ( 'NONE', *, *, #309, .F. ) ;
#12349 = ORIENTED_EDGE ( 'NONE', *, *, #1800, .F. ) ;
#12350 = DIRECTION ( 'NONE',  ( 0.000000000000000000, 0.000000000000000000, -1.000000000000000000 ) ) ;
#12351 = VECTOR ( 'NONE', #936, 1000.000000000000000 ) ;
#12352 = ORIENTED_EDGE ( 'NONE', *, *, #6341, .T. ) ;
#12353 = FACE_OUTER_BOUND ( 'NONE', #2644, .T. ) ;
#12354 = DIRECTION ( 'NONE',  ( 0.000000000000000000, 0.000000000000000000, -1.000000000000000000 ) ) ;
#12355 = EDGE_LOOP ( 'NONE', ( #12234, #13216, #3765, #6379 ) ) ;
#12356 = CARTESIAN_POINT ( 'NONE',  ( -2.850000000000000089, -4.000000000000000000, -6.850000000000000533 ) ) ;
#12357 = CARTESIAN_POINT ( 'NONE',  ( -4.002709121030539663, 8.489437846237121832, 8.550000000000000711 ) ) ;
#12358 = DIRECTION ( 'NONE',  ( -1.000000000000000000, 0.000000000000000000, 0.000000000000000000 ) ) ;
#12359 = CARTESIAN_POINT ( 'NONE',  ( -4.478428631448714725, 16.48862918074649997, 0.9000000000000000222 ) ) ;
#12360 = AXIS2_PLACEMENT_3D ( 'NONE', #1659, #1275, #2533 ) ;
#12361 = CARTESIAN_POINT ( 'NONE',  ( -5.316253523062870023, 17.49725182388110056, 0.9000000000000000222 ) ) ;
#12362 = VECTOR ( 'NONE', #1368, 1000.000000000000114 ) ;
#12363 = CARTESIAN_POINT ( 'NONE',  ( 2.306189540900203117, 10.12775162825270669, 7.665065585813647608 ) ) ;
#12364 = CARTESIAN_POINT ( 'NONE',  ( -1.442193645700395876, 12.96803417904112088, -1.449999999999999956 ) ) ;
#12365 = DIRECTION ( 'NONE',  ( -0.6389710663783111366, 0.7692307692307711608, 0.000000000000000000 ) ) ;
#12366 = ORIENTED_EDGE ( 'NONE', *, *, #7294, .F. ) ;
#12367 = ORIENTED_EDGE ( 'NONE', *, *, #1129, .T. ) ;
#12368 = ORIENTED_EDGE ( 'NONE', *, *, #465, .F. ) ;
#12369 = PLANE ( 'NONE',  #11190 ) ;
#12370 = CARTESIAN_POINT ( 'NONE',  ( -2.399604646138564945, 13.25676273017529994, 8.550000000000000711 ) ) ;
#12371 = VERTEX_POINT ( 'NONE', #2718 ) ;
#12372 = DIRECTION ( 'NONE',  ( 0.2588190451025140781, -0.9659258262890701996, 0.000000000000000000 ) ) ;
#12373 = ADVANCED_FACE ( 'NONE', ( #10230 ), #5526, .T. ) ;
#12374 = EDGE_CURVE ( 'NONE', #5661, #8373, #5486, .T. ) ;
#12375 = ORIENTED_EDGE ( 'NONE', *, *, #12446, .F. ) ;
#12376 = VECTOR ( 'NONE', #5945, 1000.000000000000000 ) ;
#12377 = LINE ( 'NONE', #4501, #3582 ) ;
#12378 = ORIENTED_EDGE ( 'NONE', *, *, #7579, .T. ) ;
#12379 = B_SPLINE_CURVE_WITH_KNOTS ( 'NONE', 3,
 ( #847, #5684, #6778, #1645, #2695, #9878, #3728, #7756, #8819, #12151 ),
 .UNSPECIFIED., .F., .F.,
 ( 4, 2, 2, 2, 4 ),
 ( 0.000000000000000000, 0.2500000000000000000, 0.5000000000000000000, 0.7500000000000000000, 1.000000000000000000 ),
 .UNSPECIFIED. ) ;
#12380 = FACE_OUTER_BOUND ( 'NONE', #3002, .T. ) ;
#12381 = DIRECTION ( 'NONE',  ( 0.6389710663783111366, -0.7692307692307711608, 0.000000000000000000 ) ) ;
#12382 = CARTESIAN_POINT ( 'NONE',  ( -1.638719566157164964, 11.71687757710162003, -3.050000000000000266 ) ) ;
#12383 = DIRECTION ( 'NONE',  ( 0.000000000000000000, 0.000000000000000000, -1.000000000000000000 ) ) ;
#12384 = AXIS2_PLACEMENT_3D ( 'NONE', #10858, #11901, #6500 ) ;
#12385 = CARTESIAN_POINT ( 'NONE',  ( -1.250000000000000000, 0.000000000000000000, -15.15000000000000036 ) ) ;
#12386 = FILL_AREA_STYLE_COLOUR ( '', #7536 ) ;
#12387 = ORIENTED_EDGE ( 'NONE', *, *, #3938, .T. ) ;
#12388 = ORIENTED_EDGE ( 'NONE', *, *, #10372, .T. ) ;
#12389 = EDGE_LOOP ( 'NONE', ( #6531, #8827, #6403 ) ) ;
#12390 = EDGE_LOOP ( 'NONE', ( #3121, #2893, #10699, #12258 ) ) ;
#12391 = VECTOR ( 'NONE', #10110, 1000.000000000000227 ) ;
#12392 = EDGE_CURVE ( 'NONE', #1860, #5312, #1443, .T. ) ;
#12393 = EDGE_LOOP ( 'NONE', ( #2809, #6095, #5745, #9914, #7452, #7237 ) ) ;
#12394 = AXIS2_PLACEMENT_3D ( 'NONE', #2912, #3977, #5049 ) ;
#12395 = EDGE_CURVE ( 'NONE', #7834, #3700, #10139, .T. ) ;
#12396 = DIRECTION ( 'NONE',  ( 0.000000000000000000, 0.000000000000000000, -1.000000000000000000 ) ) ;
#12397 = LINE ( 'NONE', #968, #12436 ) ;
#12398 = ORIENTED_EDGE ( 'NONE', *, *, #4512, .T. ) ;
#12399 = CARTESIAN_POINT ( 'NONE',  ( -3.919104336280229806, 16.00810641548579838, -1.449999999999999956 ) ) ;
#12400 = CARTESIAN_POINT ( 'NONE',  ( -6.077610530143179979, 9.327446567904038588, 16.44999999999999929 ) ) ;
#12401 = FACE_OUTER_BOUND ( 'NONE', #8645, .T. ) ;
#12402 = EDGE_CURVE ( 'NONE', #239, #10333, #10543, .T. ) ;
#12403 = AXIS2_PLACEMENT_3D ( 'NONE', #8058, #3490, #7063 ) ;
#12404 = ORIENTED_EDGE ( 'NONE', *, *, #10308, .T. ) ;
#12405 = VERTEX_POINT ( 'NONE', #11922 ) ;
#12406 = ORIENTED_EDGE ( 'NONE', *, *, #4307, .T. ) ;
#12407 = ORIENTED_EDGE ( 'NONE', *, *, #3976, .T. ) ;
#12408 = CARTESIAN_POINT ( 'NONE',  ( -4.734999999999999432, 3.364999999999999769, 15.75000000000000000 ) ) ;
#12409 = DIRECTION ( 'NONE',  ( 0.000000000000000000, 0.000000000000000000, 1.000000000000000000 ) ) ;
#12410 = DIRECTION ( 'NONE',  ( 0.000000000000000000, 0.000000000000000000, 1.000000000000000000 ) ) ;
#12411 = LINE ( 'NONE', #6909, #7917 ) ;
#12412 = ORIENTED_EDGE ( 'NONE', *, *, #6295, .F. ) ;
#12413 = EDGE_CURVE ( 'NONE', #8452, #6082, #10568, .T. ) ;
#12414 = DIRECTION ( 'NONE',  ( 1.000000000000000000, 0.000000000000000000, 0.000000000000000000 ) ) ;
#12415 = FACE_OUTER_BOUND ( 'NONE', #11346, .T. ) ;
#12416 = AXIS2_PLACEMENT_3D ( 'NONE', #11451, #12358, #7157 ) ;
#12417 = ORIENTED_EDGE ( 'NONE', *, *, #4148, .F. ) ;
#12418 = PLANE ( 'NONE',  #11260 ) ;
#12419 = DIRECTION ( 'NONE',  ( 0.000000000000000000, 0.000000000000000000, -1.000000000000000000 ) ) ;
#12420 = LINE ( 'NONE', #6867, #3391 ) ;
#12421 = CARTESIAN_POINT ( 'NONE',  ( -6.208456599567469425, 17.85384615384614904, 11.95000000000000107 ) ) ;
#12422 = CARTESIAN_POINT ( 'NONE',  ( -5.575000000000000178, 9.830057098047229047, -8.050000000000000711 ) ) ;
#12423 = DIRECTION ( 'NONE',  ( -0.7692307692307693845, -0.6389710663783134681, 0.000000000000000000 ) ) ;
#12424 = ADVANCED_FACE ( 'NONE', ( #10029 ), #13327, .F. ) ;
#12425 = VERTEX_POINT ( 'NONE', #4990 ) ;
#12426 = ORIENTED_EDGE ( 'NONE', *, *, #4819, .F. ) ;
#12427 = EDGE_CURVE ( 'NONE', #2729, #7296, #1158, .T. ) ;
#12428 = EDGE_LOOP ( 'NONE', ( #4731, #7761, #3767, #12675 ) ) ;
#12429 = ORIENTED_EDGE ( 'NONE', *, *, #11665, .T. ) ;
#12430 = AXIS2_PLACEMENT_3D ( 'NONE', #6036, #13416, #3592 ) ;
#12431 = CARTESIAN_POINT ( 'NONE',  ( -7.014921993108779397, 16.26222191265249961, -13.05000000000000071 ) ) ;
#12432 = DIRECTION ( 'NONE',  ( -0.5735764363510488240, 0.8191520442889899112, 0.000000000000000000 ) ) ;
#12433 = VECTOR ( 'NONE', #5188, 1000.000000000000000 ) ;
#12434 = ORIENTED_EDGE ( 'NONE', *, *, #7231, .T. ) ;
#12435 = DIRECTION ( 'NONE',  ( 1.000000000000000000, 0.000000000000000000, 0.000000000000000000 ) ) ;
#12436 = VECTOR ( 'NONE', #7311, 1000.000000000000000 ) ;
#12437 = EDGE_LOOP ( 'NONE', ( #404, #2499, #5089, #11621 ) ) ;
#12438 = DIRECTION ( 'NONE',  ( -0.7071067811865470176, 0.7071067811865480168, 0.000000000000000000 ) ) ;
#12439 = DIRECTION ( 'NONE',  ( -0.7692307692307711608, -0.6389710663783111366, 0.000000000000000000 ) ) ;
#12440 = CARTESIAN_POINT ( 'NONE',  ( -2.149999999999999911, -4.163697104677059890, -12.31770601336304161 ) ) ;
#12441 = DIRECTION ( 'NONE',  ( 0.000000000000000000, 1.000000000000000000, 0.000000000000000000 ) ) ;
#12442 = CARTESIAN_POINT ( 'NONE',  ( -2.382835146695035267, 12.62863240148741895, 13.54999999999999893 ) ) ;
#12443 = FACE_OUTER_BOUND ( 'NONE', #7603, .T. ) ;
#12444 = EDGE_CURVE ( 'NONE', #6852, #6784, #944, .T. ) ;
#12445 = DIRECTION ( 'NONE',  ( -0.6389710663783129130, 0.7692307692307698286, 0.000000000000000000 ) ) ;
#12446 = EDGE_CURVE ( 'NONE', #9228, #6623, #5510, .T. ) ;
#12447 = VECTOR ( 'NONE', #10475, 1000.000000000000000 ) ;
#12448 = ORIENTED_EDGE ( 'NONE', *, *, #416, .F. ) ;
#12449 = EDGE_LOOP ( 'NONE', ( #10288, #6578, #6941 ) ) ;
#12450 = ORIENTED_EDGE ( 'NONE', *, *, #10053, .T. ) ;
#12451 = DIRECTION ( 'NONE',  ( 1.000000000000000000, 0.000000000000000000, 0.000000000000000000 ) ) ;
#12452 = CARTESIAN_POINT ( 'NONE',  ( 6.678144119326260508, 5.236605143667060425, -15.15000000000000036 ) ) ;
#12453 = EDGE_LOOP ( 'NONE', ( #2263, #2592, #11483, #2597 ) ) ;
#12454 = VECTOR ( 'NONE', #7285, 999.9999999999998863 ) ;
#12455 = ORIENTED_EDGE ( 'NONE', *, *, #1513, .T. ) ;
#12456 = AXIS2_PLACEMENT_3D ( 'NONE', #12508, #3158, #4134 ) ;
#12457 = EDGE_CURVE ( 'NONE', #6744, #10192, #6031, .T. ) ;
#12458 = FACE_OUTER_BOUND ( 'NONE', #11180, .T. ) ;
#12459 = VERTEX_POINT ( 'NONE', #6758 ) ;
#12460 = EDGE_CURVE ( 'NONE', #13425, #8044, #5986, .T. ) ;
#12461 = EDGE_CURVE ( 'NONE', #1639, #8567, #1376, .T. ) ;
#12462 = EDGE_CURVE ( 'NONE', #13374, #11447, #5534, .T. ) ;
#12463 = CYLINDRICAL_SURFACE ( 'NONE', #1895, 1.499999999999980238 ) ;
#12464 = DIRECTION ( 'NONE',  ( 0.000000000000000000, 0.000000000000000000, 1.000000000000000000 ) ) ;
#12465 = CARTESIAN_POINT ( 'NONE',  ( 4.740000000000000213, 3.079999999999999627, 15.75000000000000000 ) ) ;
#12466 = DIRECTION ( 'NONE',  ( 1.000000000000000000, 0.000000000000000000, 0.000000000000000000 ) ) ;
#12467 = CARTESIAN_POINT ( 'NONE',  ( -1.638719566157164964, 11.71687757710162003, 16.44999999999999929 ) ) ;
#12468 = DIRECTION ( 'NONE',  ( 0.8191520442889891340, 0.5735764363510499342, 0.000000000000000000 ) ) ;
#12469 = EDGE_CURVE ( 'NONE', #3172, #2988, #5938, .T. ) ;
#12470 = EDGE_LOOP ( 'NONE', ( #2364, #11026, #7418, #803, #6477, #2835 ) ) ;
#12471 = ORIENTED_EDGE ( 'NONE', *, *, #3996, .T. ) ;
#12472 = VERTEX_POINT ( 'NONE', #4795 ) ;
#12473 = ORIENTED_EDGE ( 'NONE', *, *, #7037, .T. ) ;
#12474 = ADVANCED_FACE ( 'NONE', ( #1052 ), #743, .F. ) ;
#12475 = LINE ( 'NONE', #2659, #12536 ) ;
#12476 = ORIENTED_EDGE ( 'NONE', *, *, #11206, .T. ) ;
#12477 = ORIENTED_EDGE ( 'NONE', *, *, #9118, .F. ) ;
#12478 = DIRECTION ( 'NONE',  ( 0.000000000000000000, 0.000000000000000000, -1.000000000000000000 ) ) ;
#12479 = CARTESIAN_POINT ( 'NONE',  ( -5.250000000000000000, 16.69999999999999929, -13.05000000000000071 ) ) ;
#12480 = VECTOR ( 'NONE', #11078, 999.9999999999998863 ) ;
#12481 = ORIENTED_EDGE ( 'NONE', *, *, #6565, .T. ) ;
#12482 = CARTESIAN_POINT ( 'NONE',  ( -2.850000000000000089, -4.000000000000000000, -12.02499999999999858 ) ) ;
#12483 = EDGE_CURVE ( 'NONE', #5085, #6637, #10182, .T. ) ;
#12484 = VECTOR ( 'NONE', #10661, 1000.000000000000000 ) ;
#12485 = EDGE_CURVE ( 'NONE', #9984, #10845, #10471, .T. ) ;
#12486 = ORIENTED_EDGE ( 'NONE', *, *, #5480, .F. ) ;
#12487 = ORIENTED_EDGE ( 'NONE', *, *, #4466, .F. ) ;
#12488 = ORIENTED_EDGE ( 'NONE', *, *, #4504, .F. ) ;
#12489 = EDGE_CURVE ( 'NONE', #4708, #11273, #1469, .T. ) ;
#12490 = ORIENTED_EDGE ( 'NONE', *, *, #2016, .F. ) ;
#12491 = AXIS2_PLACEMENT_3D ( 'NONE', #12112, #13140, #6544 ) ;
#12492 = DIRECTION ( 'NONE',  ( -1.000000000000000000, 0.000000000000000000, 0.000000000000000000 ) ) ;
#12493 = FILL_AREA_STYLE_COLOUR ( '', #10914 ) ;
#12494 = LINE ( 'NONE', #1577, #3401 ) ;
#12495 = VERTEX_POINT ( 'NONE', #6026 ) ;
#12496 = ORIENTED_EDGE ( 'NONE', *, *, #9898, .T. ) ;
#12497 = DIRECTION ( 'NONE',  ( 1.000000000000000000, 0.000000000000000000, 0.000000000000000000 ) ) ;
#12498 = VECTOR ( 'NONE', #1138, 1000.000000000000000 ) ;
#12499 = SURFACE_STYLE_USAGE ( .BOTH. , #7458 ) ;
#12500 = ORIENTED_EDGE ( 'NONE', *, *, #10048, .F. ) ;
#12501 = DIRECTION ( 'NONE',  ( 1.000000000000000000, 0.000000000000000000, 0.000000000000000000 ) ) ;
#12502 = DIRECTION ( 'NONE',  ( -0.6389710663783122468, 0.7692307692307702727, 0.000000000000000000 ) ) ;
#12503 = EDGE_CURVE ( 'NONE', #7353, #8213, #5689, .T. ) ;
#12504 = PLANE ( 'NONE',  #3891 ) ;
#12505 = CARTESIAN_POINT ( 'NONE',  ( -1.442193645700395876, 12.96803417904112088, 3.550000000000000266 ) ) ;
#12506 = LINE ( 'NONE', #581, #3495 ) ;
#12507 = CARTESIAN_POINT ( 'NONE',  ( -5.250000000000000000, 16.69999999999999929, -4.799999999999999822 ) ) ;
#12508 = CARTESIAN_POINT ( 'NONE',  ( -1.442193645700395876, 12.96803417904112088, 8.550000000000000711 ) ) ;
#12509 = ADVANCED_FACE ( 'NONE', ( #10495 ), #9167, .T. ) ;
#12510 = DIRECTION ( 'NONE',  ( 0.000000000000000000, 0.000000000000000000, 1.000000000000000000 ) ) ;
#12511 = CARTESIAN_POINT ( 'NONE',  ( -5.001253558300190249, 7.790249504023520011, -0.1499999999999999944 ) ) ;
#12512 = ORIENTED_EDGE ( 'NONE', *, *, #6740, .F. ) ;
#12513 = ORIENTED_EDGE ( 'NONE', *, *, #5197, .F. ) ;
#12514 = ORIENTED_EDGE ( 'NONE', *, *, #9402, .T. ) ;
#12515 = ORIENTED_EDGE ( 'NONE', *, *, #11427, .T. ) ;
#12516 = VECTOR ( 'NONE', #4840, 1000.000000000000000 ) ;
#12517 = VERTEX_POINT ( 'NONE', #2507 ) ;
#12518 = AXIS2_PLACEMENT_3D ( 'NONE', #5201, #2132, #8219 ) ;
#12519 = LINE ( 'NONE', #8188, #3881 ) ;
#12520 = EDGE_LOOP ( 'NONE', ( #4481, #11484, #12118, #5752 ) ) ;
#12521 = CARTESIAN_POINT ( 'NONE',  ( -3.775451385280815142, 16.42485207100589761, 9.599999999999999645 ) ) ;
#12522 = DIRECTION ( 'NONE',  ( -1.000000000000000000, 0.000000000000000000, -2.478176394252580155E-15 ) ) ;
#12523 = PLANE ( 'NONE',  #5284 ) ;
#12524 = DIRECTION ( 'NONE',  ( 0.000000000000000000, 0.000000000000000000, 1.000000000000000000 ) ) ;
#12525 = EDGE_CURVE ( 'NONE', #7974, #10097, #9981, .T. ) ;
#12526 = DIRECTION ( 'NONE',  ( -1.000000000000000000, 0.000000000000000000, 0.000000000000000000 ) ) ;
#12527 = LINE ( 'NONE', #4021, #7989 ) ;
#12528 = EDGE_CURVE ( 'NONE', #5421, #9739, #1073, .T. ) ;
#12529 = CARTESIAN_POINT ( 'NONE',  ( -4.478428631448714725, 16.48862918074649997, 4.599999999999999645 ) ) ;
#12530 = VERTEX_POINT ( 'NONE', #7743 ) ;
#12531 = ORIENTED_EDGE ( 'NONE', *, *, #3595, .T. ) ;
#12532 = ORIENTED_EDGE ( 'NONE', *, *, #285, .F. ) ;
#12533 = CARTESIAN_POINT ( 'NONE',  ( -2.008183258569795182, 2.008183258569795182, -15.15000000000000036 ) ) ;
#12534 = ORIENTED_EDGE ( 'NONE', *, *, #5157, .F. ) ;
#12535 = CARTESIAN_POINT ( 'NONE',  ( 2.643096200187556644, 10.06700254792998450, -1.387577924386193207 ) ) ;
#12536 = VECTOR ( 'NONE', #6007, 999.9999999999998863 ) ;
#12537 = ORIENTED_EDGE ( 'NONE', *, *, #5255, .T. ) ;
#12538 = DIRECTION ( 'NONE',  ( -0.6916548014802249567, -0.6916548014802239575, -0.2079116908177665313 ) ) ;
#12539 = VECTOR ( 'NONE', #12381, 1000.000000000000000 ) ;
#12540 = VECTOR ( 'NONE', #1414, 1000.000000000000000 ) ;
#12541 = AXIS2_PLACEMENT_3D ( 'NONE', #3547, #4725, #13098 ) ;
#12542 = ORIENTED_EDGE ( 'NONE', *, *, #11224, .F. ) ;
#12543 = CARTESIAN_POINT ( 'NONE',  ( 2.149999999999999911, -4.000000000000000000, 3.149999999999999911 ) ) ;
#12544 = FACE_OUTER_BOUND ( 'NONE', #1340, .T. ) ;
#12545 = DIRECTION ( 'NONE',  ( 0.000000000000000000, 0.000000000000000000, -1.000000000000000000 ) ) ;
#12546 = EDGE_CURVE ( 'NONE', #5378, #8228, #6079, .T. ) ;
#12547 = CARTESIAN_POINT ( 'NONE',  ( -6.208456599567469425, 17.85384615384614904, -8.050000000000000711 ) ) ;
#12548 = CARTESIAN_POINT ( 'NONE',  ( -0.9000476708424469674, 10.66194478217150099, -6.450000000000000178 ) ) ;
#12549 = AXIS2_PLACEMENT_3D ( 'NONE', #8313, #1220, #6542 ) ;
#12550 = DIRECTION ( 'NONE',  ( 0.000000000000000000, 0.000000000000000000, -1.000000000000000000 ) ) ;
#12551 = CARTESIAN_POINT ( 'NONE',  ( 0.000000000000000000, -4.000000000000000000, 7.974999999999999645 ) ) ;
#12552 = EDGE_CURVE ( 'NONE', #7411, #7776, #3021, .T. ) ;
#12553 = ORIENTED_EDGE ( 'NONE', *, *, #1796, .T. ) ;
#12554 = ORIENTED_EDGE ( 'NONE', *, *, #4936, .F. ) ;
#12555 = ORIENTED_EDGE ( 'NONE', *, *, #3901, .F. ) ;
#12556 = ORIENTED_EDGE ( 'NONE', *, *, #133, .T. ) ;
#12557 = LINE ( 'NONE', #1292, #8026 ) ;
#12558 = ORIENTED_EDGE ( 'NONE', *, *, #5020, .F. ) ;
#12559 = ADVANCED_FACE ( 'NONE', ( #10120 ), #1373, .F. ) ;
#12560 = DIRECTION ( 'NONE',  ( -0.7071067811865475727, -0.7071067811865475727, 0.000000000000000000 ) ) ;
#12561 = LINE ( 'NONE', #1654, #8187 ) ;
#12562 = CARTESIAN_POINT ( 'NONE',  ( -7.200000000000000178, 7.356528960623350599, 15.75000000000000000 ) ) ;
#12563 = PLANE ( 'NONE',  #3072 ) ;
#12564 = CIRCLE ( 'NONE', #7347, 0.5999999999999998668 ) ;
#12565 = EDGE_CURVE ( 'NONE', #9014, #6304, #1517, .T. ) ;
#12566 = ORIENTED_EDGE ( 'NONE', *, *, #12252, .F. ) ;
#12567 = DIRECTION ( 'NONE',  ( -0.7071067811865415775, -0.7071067811865535679, 0.000000000000000000 ) ) ;
#12568 = PLANE ( 'NONE',  #9729 ) ;
#12569 = LINE ( 'NONE', #10454, #12734 ) ;
#12570 = AXIS2_PLACEMENT_3D ( 'NONE', #7293, #7620, #8681 ) ;
#12571 = EDGE_CURVE ( 'NONE', #12220, #3062, #10595, .T. ) ;
#12572 = AXIS2_PLACEMENT_3D ( 'NONE', #7355, #8573, #1929 ) ;
#12573 = ORIENTED_EDGE ( 'NONE', *, *, #3999, .F. ) ;
#12574 = ORIENTED_EDGE ( 'NONE', *, *, #8754, .F. ) ;
#12575 = VERTEX_POINT ( 'NONE', #7270 ) ;
#12576 = ORIENTED_EDGE ( 'NONE', *, *, #2035, .T. ) ;
#12577 = PLANE ( 'NONE',  #10083 ) ;
#12578 = ADVANCED_FACE ( 'NONE', ( #5553 ), #4090, .F. ) ;
#12579 = DIRECTION ( 'NONE',  ( 0.000000000000000000, 0.000000000000000000, -1.000000000000000000 ) ) ;
#12580 = LINE ( 'NONE', #7811, #8116 ) ;
#12581 = ORIENTED_EDGE ( 'NONE', *, *, #7292, .T. ) ;
#12582 = FACE_OUTER_BOUND ( 'NONE', #12778, .T. ) ;
#12583 = CARTESIAN_POINT ( 'NONE',  ( -0.9000476708424469674, 10.66194478217150099, -8.050000000000000711 ) ) ;
#12584 = DIRECTION ( 'NONE',  ( 0.7071067811865480168, 0.7071067811865470176, 0.000000000000000000 ) ) ;
#12585 = VECTOR ( 'NONE', #2579, 1000.000000000000114 ) ;
#12586 = ORIENTED_EDGE ( 'NONE', *, *, #9521, .F. ) ;
#12587 = DIRECTION ( 'NONE',  ( 1.000000000000000000, 0.000000000000000000, 0.000000000000000000 ) ) ;
#12588 = ADVANCED_FACE ( 'NONE', ( #10075 ), #9720, .F. ) ;
#12589 = DIRECTION ( 'NONE',  ( -0.6389710663783129130, 0.7692307692307697176, 0.000000000000000000 ) ) ;
#12590 = EDGE_CURVE ( 'NONE', #4298, #7152, #924, .T. ) ;
#12591 = PLANE ( 'NONE',  #2416 ) ;
#12592 = AXIS2_PLACEMENT_3D ( 'NONE', #1963, #4132, #6264 ) ;
#12593 = CARTESIAN_POINT ( 'NONE',  ( -5.305582036247210809, 7.577156409673130533, -20.00000000000000000 ) ) ;
#12594 = VECTOR ( 'NONE', #5004, 1000.000000000000114 ) ;
#12595 = DIRECTION ( 'NONE',  ( -0.5735764363510499342, 0.8191520442889891340, 0.000000000000000000 ) ) ;
#12596 = CARTESIAN_POINT ( 'NONE',  ( 2.149999999999999911, -3.500000000000000000, 12.44999999999999929 ) ) ;
#12597 = CARTESIAN_POINT ( 'NONE',  ( 2.740115085247985416, 9.987806976109879997, -3.233615778645300143 ) ) ;
#12598 = ORIENTED_EDGE ( 'NONE', *, *, #3416, .T. ) ;
#12599 = EDGE_LOOP ( 'NONE', ( #2525, #6409, #11740, #13040 ) ) ;
#12600 = ORIENTED_EDGE ( 'NONE', *, *, #603, .F. ) ;
#12601 = VERTEX_POINT ( 'NONE', #10386 ) ;
#12602 = PLANE ( 'NONE',  #10902 ) ;
#12603 = LINE ( 'NONE', #13448, #12351 ) ;
#12604 = ORIENTED_EDGE ( 'NONE', *, *, #10894, .F. ) ;
#12605 = VECTOR ( 'NONE', #6787, 1000.000000000000000 ) ;
#12606 = EDGE_CURVE ( 'NONE', #9360, #9209, #5574, .T. ) ;
#12607 = CARTESIAN_POINT ( 'NONE',  ( -1.250000000000000000, 0.4000000000000000222, 16.44999999999999929 ) ) ;
#12608 = LINE ( 'NONE', #7726, #7854 ) ;
#12609 = EDGE_CURVE ( 'NONE', #8687, #6555, #5623, .T. ) ;
#12610 = ORIENTED_EDGE ( 'NONE', *, *, #9821, .T. ) ;
#12611 = CARTESIAN_POINT ( 'NONE',  ( -2.047200543544549944, 12.30024887074950080, -11.44999999999999929 ) ) ;
#12612 = DIRECTION ( 'NONE',  ( -0.6916548014802249567, -0.6916548014802239575, -0.2079116908177665313 ) ) ;
#12613 = EDGE_CURVE ( 'NONE', #11290, #11950, #10162, .T. ) ;
#12614 = LINE ( 'NONE', #3010, #3290 ) ;
#12615 = DIRECTION ( 'NONE',  ( 1.000000000000000000, 0.000000000000000000, 0.000000000000000000 ) ) ;
#12616 = DIRECTION ( 'NONE',  ( -1.000000000000000000, 0.000000000000000000, 0.000000000000000000 ) ) ;
#12617 = DIRECTION ( 'NONE',  ( -1.000000000000000000, 0.000000000000000000, -2.478176394252580155E-15 ) ) ;
#12618 = ADVANCED_FACE ( 'NONE', ( #10667 ), #10767, .F. ) ;
#12619 = AXIS2_PLACEMENT_3D ( 'NONE', #594, #10869, #3554 ) ;
#12620 = EDGE_CURVE ( 'NONE', #3421, #3313, #6321, .T. ) ;
#12621 = DIRECTION ( 'NONE',  ( 0.8191520442889891340, 0.5735764363510499342, 0.000000000000000000 ) ) ;
#12622 = DIRECTION ( 'NONE',  ( 0.9567587994078292635, 0.2908824500647800848, 0.000000000000000000 ) ) ;
#12623 = ORIENTED_EDGE ( 'NONE', *, *, #6233, .F. ) ;
#12624 = ORIENTED_EDGE ( 'NONE', *, *, #2488, .F. ) ;
#12625 = ORIENTED_EDGE ( 'NONE', *, *, #13385, .T. ) ;
#12626 = CARTESIAN_POINT ( 'NONE',  ( -6.077610530143179979, 9.327446567904038588, 16.44999999999999929 ) ) ;
#12627 = DIRECTION ( 'NONE',  ( 0.000000000000000000, 0.000000000000000000, 1.000000000000000000 ) ) ;
#12628 = VERTEX_POINT ( 'NONE', #9808 ) ;
#12629 = EDGE_CURVE ( 'NONE', #2977, #10758, #10955, .T. ) ;
#12630 = LINE ( 'NONE', #11348, #3766 ) ;
#12631 = DIRECTION ( 'NONE',  ( 0.000000000000000000, 0.000000000000000000, -1.000000000000000000 ) ) ;
#12632 = VERTEX_POINT ( 'NONE', #10875 ) ;
#12633 = CARTESIAN_POINT ( 'NONE',  ( -1.530854753362479892, 11.74577986658169948, 3.550000000000000266 ) ) ;
#12634 = EDGE_CURVE ( 'NONE', #10585, #11646, #6271, .T. ) ;
#12635 = VECTOR ( 'NONE', #591, 1000.000000000000000 ) ;
#12636 = FACE_OUTER_BOUND ( 'NONE', #5056, .T. ) ;
#12637 = VERTEX_POINT ( 'NONE', #12935 ) ;
#12638 = LINE ( 'NONE', #3451, #12683 ) ;
#12639 = AXIS2_PLACEMENT_3D ( 'NONE', #3899, #6009, #5916 ) ;
#12640 = DIRECTION ( 'NONE',  ( 0.000000000000000000, 0.000000000000000000, -1.000000000000000000 ) ) ;
#12641 = CARTESIAN_POINT ( 'NONE',  ( 2.850000000000000089, 0.6999999999999999556, 15.75000000000000000 ) ) ;
#12642 = DIRECTION ( 'NONE',  ( 0.8386705679454268259, -0.5446390350150228654, 0.000000000000000000 ) ) ;
#12643 = CARTESIAN_POINT ( 'NONE',  ( 5.882150296522249633, 1.302038012681424162, 16.44999999999999929 ) ) ;
#12644 = CARTESIAN_POINT ( 'NONE',  ( 3.341155849256549626, 9.386766212101310458, 9.050000000000000711 ) ) ;
#12645 = DIRECTION ( 'NONE',  ( -0.7071067811865474617, -0.7071067811865474617, 0.000000000000000000 ) ) ;
#12646 = VERTEX_POINT ( 'NONE', #10681 ) ;
#12647 = ORIENTED_EDGE ( 'NONE', *, *, #9705, .T. ) ;
#12648 = ORIENTED_EDGE ( 'NONE', *, *, #2836, .T. ) ;
#12649 = ORIENTED_EDGE ( 'NONE', *, *, #12811, .T. ) ;
#12650 = LINE ( 'NONE', #3059, #8450 ) ;
#12651 = ORIENTED_EDGE ( 'NONE', *, *, #11144, .T. ) ;
#12652 = DIRECTION ( 'NONE',  ( -0.8191520442889891340, -0.5735764363510499342, 0.000000000000000000 ) ) ;
#12653 = VECTOR ( 'NONE', #4086, 1000.000000000000000 ) ;
#12654 = DIRECTION ( 'NONE',  ( 0.7071067811865474617, -0.7071067811865474617, 0.000000000000000000 ) ) ;
#12655 = DIRECTION ( 'NONE',  ( 0.4493487905883666311, 0.6919364591594880931, -0.5650748630779840465 ) ) ;
#12656 = VECTOR ( 'NONE', #5063, 1000.000000000000000 ) ;
#12657 = EDGE_CURVE ( 'NONE', #11955, #9190, #1768, .T. ) ;
#12658 = ORIENTED_EDGE ( 'NONE', *, *, #7445, .T. ) ;
#12659 = CARTESIAN_POINT ( 'NONE',  ( -2.149999999999999911, -3.500000000000000000, -1.850000000000000089 ) ) ;
#12660 = DIRECTION ( 'NONE',  ( 0.000000000000000000, -1.000000000000000000, 0.000000000000000000 ) ) ;
#12661 = FACE_OUTER_BOUND ( 'NONE', #4573, .T. ) ;
#12662 = DIRECTION ( 'NONE',  ( -0.000000000000000000, 1.000000000000000000, 0.000000000000000000 ) ) ;
#12663 = EDGE_CURVE ( 'NONE', #10063, #13336, #1813, .T. ) ;
#12664 = AXIS2_PLACEMENT_3D ( 'NONE', #5624, #13474, #6969 ) ;
#12665 = VECTOR ( 'NONE', #3729, 1000.000000000000000 ) ;
#12666 = ORIENTED_EDGE ( 'NONE', *, *, #2781, .T. ) ;
#12667 = VERTEX_POINT ( 'NONE', #5075 ) ;
#12668 = ORIENTED_EDGE ( 'NONE', *, *, #6427, .F. ) ;
#12669 = ORIENTED_EDGE ( 'NONE', *, *, #4790, .F. ) ;
#12670 = CARTESIAN_POINT ( 'NONE',  ( -0.9718728952031370216, 13.13773506781796030, 13.54999999999999893 ) ) ;
#12671 = CARTESIAN_POINT ( 'NONE',  ( -3.775451385280815142, 16.42485207100589761, 10.20000000000000107 ) ) ;
#12672 = CARTESIAN_POINT ( 'NONE',  ( 2.850000000000000089, 0.6999999999999999556, 15.84999999999999964 ) ) ;
#12673 = LINE ( 'NONE', #6197, #8185 ) ;
#12674 = EDGE_CURVE ( 'NONE', #9636, #12722, #11125, .T. ) ;
#12675 = ORIENTED_EDGE ( 'NONE', *, *, #11858, .T. ) ;
#12676 = ADVANCED_FACE ( 'NONE', ( #10615 ), #8192, .F. ) ;
#12677 = LINE ( 'NONE', #856, #3948 ) ;
#12678 = CARTESIAN_POINT ( 'NONE',  ( 7.432756681775990693, 4.627324136844380043, -15.15000000000000036 ) ) ;
#12679 = PLANE ( 'NONE',  #12549 ) ;
#12680 = LINE ( 'NONE', #1257, #3857 ) ;
#12681 = ORIENTED_EDGE ( 'NONE', *, *, #7524, .T. ) ;
#12682 = CARTESIAN_POINT ( 'NONE',  ( -3.984748662560944954, 15.89430833868740045, 8.550000000000000711 ) ) ;
#12683 = VECTOR ( 'NONE', #9414, 1000.000000000000000 ) ;
#12684 = CARTESIAN_POINT ( 'NONE',  ( -0.3068375333655289916, 3.709528983774060151, -15.15000000000000036 ) ) ;
#12685 = CARTESIAN_POINT ( 'NONE',  ( 0.000000000000000000, -4.000000000000000000, -12.02499999999999858 ) ) ;
#12686 = LINE ( 'NONE', #848, #3590 ) ;
#12687 = CARTESIAN_POINT ( 'NONE',  ( -5.575000000000000178, 16.69999999999999929, -1.449999999999999956 ) ) ;
#12688 = CARTESIAN_POINT ( 'NONE',  ( -5.246999171586890220, 7.618176573118209838, 4.850000000000000533 ) ) ;
#12689 = DIRECTION ( 'NONE',  ( 0.000000000000000000, 0.000000000000000000, 1.000000000000000000 ) ) ;
#12690 = AXIS2_PLACEMENT_3D ( 'NONE', #2817, #12510, #1777 ) ;
#12691 = ORIENTED_EDGE ( 'NONE', *, *, #7568, .T. ) ;
#12692 = VERTEX_POINT ( 'NONE', #11477 ) ;
#12693 = ORIENTED_EDGE ( 'NONE', *, *, #11794, .T. ) ;
#12694 = VERTEX_POINT ( 'NONE', #9897 ) ;
#12695 = CARTESIAN_POINT ( 'NONE',  ( 3.500178566873410002, 3.500178566873405117, -15.15000000000000036 ) ) ;
#12696 = ADVANCED_FACE ( 'NONE', ( #1910 ), #11160, .F. ) ;
#12697 = CIRCLE ( 'NONE', #5502, 0.8000000000000003775 ) ;
#12698 = EDGE_CURVE ( 'NONE', #7241, #3175, #1567, .T. ) ;
#12699 = ORIENTED_EDGE ( 'NONE', *, *, #6021, .F. ) ;
#12700 = CIRCLE ( 'NONE', #10165, 1.500000000000000000 ) ;
#12701 = EDGE_CURVE ( 'NONE', #4407, #2901, #10695, .T. ) ;
#12702 = DIRECTION ( 'NONE',  ( 0.000000000000000000, 0.000000000000000000, -1.000000000000000000 ) ) ;
#12703 = LINE ( 'NONE', #7906, #8797 ) ;
#12704 = EDGE_LOOP ( 'NONE', ( #5864, #4808, #3964, #12647 ) ) ;
#12705 = CARTESIAN_POINT ( 'NONE',  ( -5.246999171586890220, 7.618176573118209838, 6.949999999999999289 ) ) ;
#12706 = LINE ( 'NONE', #11975, #3751 ) ;
#12707 = DIRECTION ( 'NONE',  ( 0.7071067811865470176, 0.7071067811865480168, 0.000000000000000000 ) ) ;
#12708 = CARTESIAN_POINT ( 'NONE',  ( -5.250000000000000000, 16.69999999999999929, -4.100000000000000533 ) ) ;
#12709 = CARTESIAN_POINT ( 'NONE',  ( -5.809933491950640239, 18.09157266594019831, -5.400000000000000355 ) ) ;
#12710 = PLANE ( 'NONE',  #9250 ) ;
#12711 = LINE ( 'NONE', #5766, #3681 ) ;
#12712 = PLANE ( 'NONE',  #1495 ) ;
#12713 = AXIS2_PLACEMENT_3D ( 'NONE', #3613, #3518, #6663 ) ;
#12714 = CARTESIAN_POINT ( 'NONE',  ( -3.775451385280815142, 16.42485207100589761, 4.599999999999999645 ) ) ;
#12715 = CARTESIAN_POINT ( 'NONE',  ( 2.400039389504258214, 10.13620647960025423, 7.306315104429812912 ) ) ;
#12716 = AXIS2_PLACEMENT_3D ( 'NONE', #4969, #8268, #11462 ) ;
#12717 = ORIENTED_EDGE ( 'NONE', *, *, #2691, .T. ) ;
#12718 = EDGE_LOOP ( 'NONE', ( #4692, #3280, #13242, #338 ) ) ;
#12719 = ORIENTED_EDGE ( 'NONE', *, *, #64, .T. ) ;
#12720 = CARTESIAN_POINT ( 'NONE',  ( 6.782295549467770357, 4.930639144171879984, 16.44999999999999929 ) ) ;
#12721 = DIRECTION ( 'NONE',  ( 0.000000000000000000, 0.000000000000000000, 1.000000000000000000 ) ) ;
#12722 = VERTEX_POINT ( 'NONE', #2804 ) ;
#12723 = LINE ( 'NONE', #7302, #12961 ) ;
#12724 = DIRECTION ( 'NONE',  ( 1.000000000000000000, 0.000000000000000000, 0.000000000000000000 ) ) ;
#12725 = ORIENTED_EDGE ( 'NONE', *, *, #7441, .T. ) ;
#12726 = CARTESIAN_POINT ( 'NONE',  ( -7.025000000000000355, 7.185000000000000497, 16.44999999999999929 ) ) ;
#12727 = FACE_OUTER_BOUND ( 'NONE', #5663, .T. ) ;
#12728 = CARTESIAN_POINT ( 'NONE',  ( -4.478428631448714725, 16.48862918074649997, 10.90000000000000036 ) ) ;
#12729 = EDGE_CURVE ( 'NONE', #11579, #12772, #1934, .T. ) ;
#12730 = LINE ( 'NONE', #7082, #3675 ) ;
#12731 = PRESENTATION_LAYER_ASSIGNMENT (  '', '', ( #2611 ) ) ;
#12732 = ORIENTED_EDGE ( 'NONE', *, *, #9624, .T. ) ;
#12733 = EDGE_CURVE ( 'NONE', #13442, #13000, #6131, .T. ) ;
#12734 = VECTOR ( 'NONE', #989, 1000.000000000000000 ) ;
#12735 = DIRECTION ( 'NONE',  ( 1.000000000000000000, 0.000000000000000000, 0.000000000000000000 ) ) ;
#12736 = ADVANCED_FACE ( 'NONE', ( #6511 ), #600, .F. ) ;
#12737 = FACE_OUTER_BOUND ( 'NONE', #4282, .T. ) ;
#12738 = DIRECTION ( 'NONE',  ( 0.000000000000000000, -1.000000000000000000, 0.000000000000000000 ) ) ;
#12739 = DIRECTION ( 'NONE',  ( 0.000000000000000000, 0.000000000000000000, -1.000000000000000000 ) ) ;
#12740 = CARTESIAN_POINT ( 'NONE',  ( 2.559164477407499749, 7.554020587861660196, 11.84299545722599944 ) ) ;
#12741 = CARTESIAN_POINT ( 'NONE',  ( 2.850000000000000089, -3.500000000000000000, 8.149999999999998579 ) ) ;
#12742 = DIRECTION ( 'NONE',  ( 0.8191520442889882458, 0.5735764363510511554, 0.000000000000000000 ) ) ;
#12743 = ORIENTED_EDGE ( 'NONE', *, *, #6812, .T. ) ;
#12744 = ORIENTED_EDGE ( 'NONE', *, *, #1277, .T. ) ;
#12745 = ORIENTED_EDGE ( 'NONE', *, *, #10900, .F. ) ;
#12746 = DIRECTION ( 'NONE',  ( 0.000000000000000000, 0.000000000000000000, 1.000000000000000000 ) ) ;
#12747 = VERTEX_POINT ( 'NONE', #4643 ) ;
#12748 = AXIS2_PLACEMENT_3D ( 'NONE', #926, #6221, #9338 ) ;
#12749 = VECTOR ( 'NONE', #5464, 999.9999999999998863 ) ;
#12750 = ORIENTED_EDGE ( 'NONE', *, *, #5020, .T. ) ;
#12751 = ORIENTED_EDGE ( 'NONE', *, *, #10208, .F. ) ;
#12752 = CARTESIAN_POINT ( 'NONE',  ( -2.850000000000000089, -3.500000000000000000, -12.55000000000000071 ) ) ;
#12753 = VECTOR ( 'NONE', #12739, 1000.000000000000000 ) ;
#12754 = CARTESIAN_POINT ( 'NONE',  ( -0.9000476708424469674, 10.66194478217150099, 1.949999999999999956 ) ) ;
#12755 = LINE ( 'NONE', #12124, #13256 ) ;
#12756 = ORIENTED_EDGE ( 'NONE', *, *, #7131, .T. ) ;
#12757 = EDGE_CURVE ( 'NONE', #9047, #6276, #10640, .T. ) ;
#12758 = CARTESIAN_POINT ( 'NONE',  ( 3.863453660807525392, 5.486275240474819626, -8.077383940340590485 ) ) ;
#12759 = CARTESIAN_POINT ( 'NONE',  ( 3.341155849256549626, 9.386766212101310458, 9.050000000000000711 ) ) ;
#12760 = LINE ( 'NONE', #6203, #8266 ) ;
#12761 = VECTOR ( 'NONE', #10762, 1000.000000000000000 ) ;
#12762 = EDGE_CURVE ( 'NONE', #962, #12459, #1977, .T. ) ;
#12763 = ADVANCED_FACE ( 'NONE', ( #10813 ), #689, .F. ) ;
#12764 = ORIENTED_EDGE ( 'NONE', *, *, #4268, .F. ) ;
#12765 = VERTEX_POINT ( 'NONE', #8039 ) ;
#12766 = ORIENTED_EDGE ( 'NONE', *, *, #13229, .F. ) ;
#12767 = VERTEX_POINT ( 'NONE', #10969 ) ;
#12768 = DIRECTION ( 'NONE',  ( 0.4493487905883666311, 0.6919364591594880931, -0.5650748630779840465 ) ) ;
#12769 = DIRECTION ( 'NONE',  ( 0.000000000000000000, 0.000000000000000000, 1.000000000000000000 ) ) ;
#12770 = DIRECTION ( 'NONE',  ( 1.000000000000000000, 0.000000000000000000, 0.000000000000000000 ) ) ;
#12771 = VECTOR ( 'NONE', #13378, 1000.000000000000000 ) ;
#12772 = VERTEX_POINT ( 'NONE', #3750 ) ;
#12773 = AXIS2_PLACEMENT_3D ( 'NONE', #9928, #4778, #5824 ) ;
#12774 = VECTOR ( 'NONE', #13431, 1000.000000000000000 ) ;
#12775 = CARTESIAN_POINT ( 'NONE',  ( 2.850000000000000089, -4.000000000000000000, -6.850000000000000533 ) ) ;
#12776 = CARTESIAN_POINT ( 'NONE',  ( 3.588643222671839883, 9.139278838686021089, 9.050000000000000711 ) ) ;
#12777 = EDGE_CURVE ( 'NONE', #330, #4620, #6462, .T. ) ;
#12778 = EDGE_LOOP ( 'NONE', ( #6310, #5881, #9530, #3846, #13022, #5549 ) ) ;
#12779 = CARTESIAN_POINT ( 'NONE',  ( 2.559164477407499749, 7.554020587861660196, 3.657004542773989897 ) ) ;
#12780 = FACE_OUTER_BOUND ( 'NONE', #8473, .T. ) ;
#12781 = PLANE ( 'NONE',  #10929 ) ;
#12782 = CARTESIAN_POINT ( 'NONE',  ( 1.926942286883454925, 7.972552649728219976, -13.12488687665993936 ) ) ;
#12783 = CARTESIAN_POINT ( 'NONE',  ( -3.984748662560944954, 15.89430833868740045, 10.90000000000000036 ) ) ;
#12784 = DIRECTION ( 'NONE',  ( 1.000000000000000000, 0.000000000000000000, 0.000000000000000000 ) ) ;
#12785 = DIRECTION ( 'NONE',  ( 0.7071067811865475727, -0.7071067811865475727, 0.000000000000000000 ) ) ;
#12786 = EDGE_CURVE ( 'NONE', #3895, #8252, #6486, .T. ) ;
#12787 = ORIENTED_EDGE ( 'NONE', *, *, #10557, .F. ) ;
#12788 = ORIENTED_EDGE ( 'NONE', *, *, #6312, .T. ) ;
#12789 = ORIENTED_EDGE ( 'NONE', *, *, #10053, .F. ) ;
#12790 = EDGE_LOOP ( 'NONE', ( #3440, #11384, #814, #4881, #7352, #5361, #7315, #5337, #7689 ) ) ;
#12791 = EDGE_CURVE ( 'NONE', #10794, #4644, #10838, .T. ) ;
#12792 = CARTESIAN_POINT ( 'NONE',  ( 2.740115085247985416, 9.987806976109879997, 6.766384221354700301 ) ) ;
#12793 = CIRCLE ( 'NONE', #738, 0.8000000000000003775 ) ;
#12794 = EDGE_LOOP ( 'NONE', ( #8137, #9935, #10119, #5792 ) ) ;
#12795 = ORIENTED_EDGE ( 'NONE', *, *, #10600, .F. ) ;
#12796 = VECTOR ( 'NONE', #5516, 1000.000000000000000 ) ;
#12797 = CARTESIAN_POINT ( 'NONE',  ( -1.442193645700395876, 12.96803417904112088, -13.05000000000000071 ) ) ;
#12798 = LINE ( 'NONE', #12754, #8330 ) ;
#12799 = AXIS2_PLACEMENT_3D ( 'NONE', #4625, #4533, #2277 ) ;
#12800 = ORIENTED_EDGE ( 'NONE', *, *, #10996, .F. ) ;
#12801 = DIRECTION ( 'NONE',  ( -1.000000000000000000, 0.000000000000000000, 0.000000000000000000 ) ) ;
#12802 = EDGE_CURVE ( 'NONE', #5421, #2914, #10791, .T. ) ;
#12803 = LINE ( 'NONE', #2568, #3774 ) ;
#12804 = DIRECTION ( 'NONE',  ( 0.000000000000000000, 0.000000000000000000, 1.000000000000000000 ) ) ;
#12805 = DIRECTION ( 'NONE',  ( -0.6389710663783111366, 0.7692307692307711608, 0.000000000000000000 ) ) ;
#12806 = CARTESIAN_POINT ( 'NONE',  ( -0.9000476708424469674, 10.66194478217150099, 6.949999999999999289 ) ) ;
#12807 = DIRECTION ( 'NONE',  ( 0.000000000000000000, 0.000000000000000000, -1.000000000000000000 ) ) ;
#12808 = EDGE_CURVE ( 'NONE', #8868, #8496, #11010, .T. ) ;
#12809 = ADVANCED_FACE ( 'NONE', ( #10720 ), #1667, .F. ) ;
#12810 = LINE ( 'NONE', #12825, #7949 ) ;
#12811 = EDGE_CURVE ( 'NONE', #8535, #2169, #6609, .T. ) ;
#12812 =( NAMED_UNIT ( * ) PLANE_ANGLE_UNIT ( ) SI_UNIT ( $, .RADIAN. ) );
#12813 = DIRECTION ( 'NONE',  ( -1.000000000000000000, 0.000000000000000000, 0.000000000000000000 ) ) ;
#12814 = ORIENTED_EDGE ( 'NONE', *, *, #4087, .T. ) ;
#12815 = ORIENTED_EDGE ( 'NONE', *, *, #10759, .T. ) ;
#12816 = ORIENTED_EDGE ( 'NONE', *, *, #4162, .F. ) ;
#12817 = ORIENTED_EDGE ( 'NONE', *, *, #7909, .T. ) ;
#12818 = SURFACE_STYLE_USAGE ( .BOTH. , #5328 ) ;
#12819 = ORIENTED_EDGE ( 'NONE', *, *, #4956, .T. ) ;
#12820 = AXIS2_PLACEMENT_3D ( 'NONE', #7898, #3782, #10018 ) ;
#12821 = ADVANCED_FACE ( 'NONE', ( #10891 ), #3954, .F. ) ;
#12822 = LINE ( 'NONE', #8783, #3647 ) ;
#12823 = CARTESIAN_POINT ( 'NONE',  ( -6.750000000000000000, 16.69999999999999929, -8.050000000000000711 ) ) ;
#12824 = ORIENTED_EDGE ( 'NONE', *, *, #11047, .T. ) ;
#12825 = CARTESIAN_POINT ( 'NONE',  ( 2.850000000000000089, -3.500000000000000000, 7.450000000000000178 ) ) ;
#12826 = ORIENTED_EDGE ( 'NONE', *, *, #553, .F. ) ;
#12827 = LINE ( 'NONE', #1457, #12964 ) ;
#12828 = CARTESIAN_POINT ( 'NONE',  ( 6.735268398951980373, 5.992653662405889037, -9.750000000000000000 ) ) ;
#12829 = CIRCLE ( 'NONE', #9132, 1.300000000000000044 ) ;
#12830 = EDGE_LOOP ( 'NONE', ( #9746, #7754, #7821, #3685, #5711, #12471, #5956, #9485, #4437, #10440, #11713, #11655, #4914, #752 ) ) ;
#12831 = CARTESIAN_POINT ( 'NONE',  ( -6.208456599567469425, 17.85384615384614904, 8.550000000000000711 ) ) ;
#12832 = VECTOR ( 'NONE', #7464, 1000.000000000000000 ) ;
#12833 = CARTESIAN_POINT ( 'NONE',  ( -6.293015043061680025, 9.112042054985540318, -13.05000000000000071 ) ) ;
#12834 = CARTESIAN_POINT ( 'NONE',  ( -5.149861993732639753, 10.12774193481510032, -13.05000000000000071 ) ) ;
#12835 = CARTESIAN_POINT ( 'NONE',  ( 3.341155849256549626, 9.386766212101310458, 9.050000000000000711 ) ) ;
#12836 = EDGE_CURVE ( 'NONE', #330, #3172, #6154, .T. ) ;
#12837 = EDGE_LOOP ( 'NONE', ( #11970, #11586, #8723, #2854, #5404, #2285 ) ) ;
#12838 = ORIENTED_EDGE ( 'NONE', *, *, #13128, .F. ) ;
#12839 = EDGE_LOOP ( 'NONE', ( #2394, #3364, #12838, #8181 ) ) ;
#12840 = EDGE_LOOP ( 'NONE', ( #237, #2324, #11259, #1949 ) ) ;
#12841 = DIRECTION ( 'NONE',  ( 0.000000000000000000, 1.000000000000000000, 0.000000000000000000 ) ) ;
#12842 = ORIENTED_EDGE ( 'NONE', *, *, #12005, .F. ) ;
#12843 = VECTOR ( 'NONE', #13056, 1000.000000000000000 ) ;
#12844 = ORIENTED_EDGE ( 'NONE', *, *, #10412, .F. ) ;
#12845 = ORIENTED_EDGE ( 'NONE', *, *, #11590, .T. ) ;
#12846 = AXIS2_PLACEMENT_3D ( 'NONE', #5612, #6698, #8748 ) ;
#12847 = FACE_BOUND ( 'NONE', #4529, .T. ) ;
#12848 = CARTESIAN_POINT ( 'NONE',  ( -6.445528960623351011, 8.111000000000000654, 15.84999999999999964 ) ) ;
#12849 = CARTESIAN_POINT ( 'NONE',  ( -0.9000476708424469674, 10.66194478217150099, 3.550000000000000266 ) ) ;
#12850 = VECTOR ( 'NONE', #8962, 1000.000000000000000 ) ;
#12851 = ORIENTED_EDGE ( 'NONE', *, *, #11058, .T. ) ;
#12852 = CARTESIAN_POINT ( 'NONE',  ( -5.250000000000000000, 16.69999999999999929, 15.19999999999999929 ) ) ;
#12853 = FACE_OUTER_BOUND ( 'NONE', #9894, .T. ) ;
#12854 = CARTESIAN_POINT ( 'NONE',  ( -5.250000000000000000, 18.19999999999999929, -10.40000000000000036 ) ) ;
#12855 = ADVANCED_FACE ( 'NONE', ( #6582 ), #3561, .T. ) ;
#12856 = LINE ( 'NONE', #4262, #8368 ) ;
#12857 = EDGE_CURVE ( 'NONE', #11646, #4708, #2001, .T. ) ;
#12858 = CARTESIAN_POINT ( 'NONE',  ( 2.149999999999999911, 0.000000000000000000, 3.149999999999999911 ) ) ;
#12859 = EDGE_LOOP ( 'NONE', ( #9552, #5220, #3632, #8410 ) ) ;
#12860 = ORIENTED_EDGE ( 'NONE', *, *, #4290, .T. ) ;
#12861 = ORIENTED_EDGE ( 'NONE', *, *, #12297, .T. ) ;
#12862 = ORIENTED_EDGE ( 'NONE', *, *, #12483, .F. ) ;
#12863 = ORIENTED_EDGE ( 'NONE', *, *, #1989, .T. ) ;
#12864 = DIRECTION ( 'NONE',  ( 0.000000000000000000, 0.000000000000000000, 1.000000000000000000 ) ) ;
#12865 = VECTOR ( 'NONE', #6826, 1000.000000000000000 ) ;
#12866 = ORIENTED_EDGE ( 'NONE', *, *, #4581, .T. ) ;
#12867 = ORIENTED_EDGE ( 'NONE', *, *, #668, .F. ) ;
#12868 = DIRECTION ( 'NONE',  ( -0.9659258262890700886, -0.2588190451025140226, 0.000000000000000000 ) ) ;
#12869 = DIRECTION ( 'NONE',  ( 1.000000000000000000, 0.000000000000000000, 0.000000000000000000 ) ) ;
#12870 = LINE ( 'NONE', #9241, #12920 ) ;
#12871 = DIRECTION ( 'NONE',  ( 0.000000000000000000, 0.000000000000000000, -1.000000000000000000 ) ) ;
#12872 = AXIS2_PLACEMENT_3D ( 'NONE', #9664, #10729, #9848 ) ;
#12873 = ORIENTED_EDGE ( 'NONE', *, *, #12168, .F. ) ;
#12874 = DIRECTION ( 'NONE',  ( 1.000000000000000000, 0.000000000000000000, 0.000000000000000000 ) ) ;
#12875 = VECTOR ( 'NONE', #10477, 1000.000000000000000 ) ;
#12876 = CARTESIAN_POINT ( 'NONE',  ( 2.850000000000000089, -4.000000000000000000, 2.975000000000000089 ) ) ;
#12877 = DIRECTION ( 'NONE',  ( 0.4055797876726409679, 0.4055797876726409679, 0.8191520442889898002 ) ) ;
#12878 = LINE ( 'NONE', #12633, #8015 ) ;
#12879 = EDGE_CURVE ( 'NONE', #9637, #7717, #6560, .T. ) ;
#12880 = DIRECTION ( 'NONE',  ( 0.8191520442889898002, 0.5735764363510488240, 0.000000000000000000 ) ) ;
#12881 = PLANE ( 'NONE',  #10775 ) ;
#12882 = EDGE_CURVE ( 'NONE', #7174, #13373, #1616, .T. ) ;
#12883 = ADVANCED_FACE ( 'NONE', ( #1842 ), #6180, .F. ) ;
#12884 = ORIENTED_EDGE ( 'NONE', *, *, #4623, .T. ) ;
#12885 = ORIENTED_EDGE ( 'NONE', *, *, #995, .T. ) ;
#12886 = ORIENTED_EDGE ( 'NONE', *, *, #5138, .T. ) ;
#12887 = EDGE_LOOP ( 'NONE', ( #9212, #1928, #10691, #1581, #6335, #443 ) ) ;
#12888 = CARTESIAN_POINT ( 'NONE',  ( -5.809933491950640239, 18.09157266594019831, 5.899999999999999467 ) ) ;
#12889 = VECTOR ( 'NONE', #8865, 1000.000000000000000 ) ;
#12890 = ORIENTED_EDGE ( 'NONE', *, *, #13447, .F. ) ;
#12891 = ORIENTED_EDGE ( 'NONE', *, *, #5748, .T. ) ;
#12892 = FACE_OUTER_BOUND ( 'NONE', #13355, .T. ) ;
#12893 = LINE ( 'NONE', #4469, #8680 ) ;
#12894 = EDGE_CURVE ( 'NONE', #12198, #3481, #6224, .T. ) ;
#12895 = ORIENTED_EDGE ( 'NONE', *, *, #1702, .F. ) ;
#12896 = DIRECTION ( 'NONE',  ( 0.000000000000000000, 0.000000000000000000, 1.000000000000000000 ) ) ;
#12897 = VECTOR ( 'NONE', #7096, 1000.000000000000000 ) ;
#12898 = AXIS2_PLACEMENT_3D ( 'NONE', #10606, #5456, #11857 ) ;
#12899 = AXIS2_PLACEMENT_3D ( 'NONE', #5926, #6999, #7994 ) ;
#12900 = DIRECTION ( 'NONE',  ( 1.000000000000000000, 0.000000000000000000, 0.000000000000000000 ) ) ;
#12901 = VECTOR ( 'NONE', #7442, 1000.000000000000000 ) ;
#12902 = EDGE_CURVE ( 'NONE', #9790, #8422, #6245, .T. ) ;
#12903 = EDGE_CURVE ( 'NONE', #2828, #8868, #1740, .T. ) ;
#12904 = PLANE ( 'NONE',  #354 ) ;
#12905 = CARTESIAN_POINT ( 'NONE',  ( -4.478428631448714725, 16.48862918074649997, -9.099999999999999645 ) ) ;
#12906 = AXIS2_PLACEMENT_3D ( 'NONE', #3520, #11964, #10839 ) ;
#12907 = VERTEX_POINT ( 'NONE', #12776 ) ;
#12908 = EDGE_LOOP ( 'NONE', ( #4274, #3578, #6355, #4689, #3849, #11930, #3736, #8474, #2698, #8560, #9938, #3947, #8894, #12199 ) ) ;
#12909 = ORIENTED_EDGE ( 'NONE', *, *, #980, .F. ) ;
#12910 = EDGE_CURVE ( 'NONE', #12235, #13442, #10863, .T. ) ;
#12911 = CARTESIAN_POINT ( 'NONE',  ( -3.649999999999999911, 11.17795660910094036, 6.949999999999999289 ) ) ;
#12912 = ORIENTED_EDGE ( 'NONE', *, *, #6346, .F. ) ;
#12913 = DIRECTION ( 'NONE',  ( 0.000000000000000000, -0.9888927622975226539, -0.1486307662483623282 ) ) ;
#12914 = VECTOR ( 'NONE', #3415, 1000.000000000000000 ) ;
#12915 = CARTESIAN_POINT ( 'NONE',  ( -0.3886855360333775211, 1.067904733520320004, -15.15000000000000036 ) ) ;
#12916 = ORIENTED_EDGE ( 'NONE', *, *, #12729, .F. ) ;
#12917 = ADVANCED_FACE ( 'NONE', ( #6702 ), #4213, .F. ) ;
#12918 = VERTEX_POINT ( 'NONE', #13549 ) ;
#12919 = VECTOR ( 'NONE', #8648, 1000.000000000000000 ) ;
#12920 = VECTOR ( 'NONE', #9062, 1000.000000000000114 ) ;
#12921 = ORIENTED_EDGE ( 'NONE', *, *, #8884, .F. ) ;
#12922 = LINE ( 'NONE', #8383, #13250 ) ;
#12923 = DIRECTION ( 'NONE',  ( 0.000000000000000000, 0.000000000000000000, 1.000000000000000000 ) ) ;
#12924 = AXIS2_PLACEMENT_3D ( 'NONE', #10196, #6099, #4774 ) ;
#12925 = ADVANCED_FACE ( 'NONE', ( #11307 ), #8418, .F. ) ;
#12926 = CYLINDRICAL_SURFACE ( 'NONE', #7908, 0.7177044505322326406 ) ;
#12927 = DIRECTION ( 'NONE',  ( 0.7071067811865415775, 0.7071067811865535679, 0.000000000000000000 ) ) ;
#12928 = CARTESIAN_POINT ( 'NONE',  ( -5.316253523062870023, 17.49725182388110056, 10.90000000000000036 ) ) ;
#12929 = DIRECTION ( 'NONE',  ( 0.000000000000000000, 0.9438583563660177811, 0.3303504247281049411 ) ) ;
#12930 = DIRECTION ( 'NONE',  ( 1.000000000000000000, 0.000000000000000000, 0.000000000000000000 ) ) ;
#12931 = CARTESIAN_POINT ( 'NONE',  ( 3.588643222671839883, 9.139278838686021089, -9.750000000000000000 ) ) ;
#12932 = EDGE_LOOP ( 'NONE', ( #5381, #9187, #2589, #8736 ) ) ;
#12933 = ORIENTED_EDGE ( 'NONE', *, *, #3938, .F. ) ;
#12934 = ORIENTED_EDGE ( 'NONE', *, *, #11080, .T. ) ;
#12935 = CARTESIAN_POINT ( 'NONE',  ( -5.149861993732639753, 10.12774193481510032, -8.050000000000000711 ) ) ;
#12936 = ORIENTED_EDGE ( 'NONE', *, *, #4476, .T. ) ;
#12937 = ADVANCED_FACE ( 'NONE', ( #6893 ), #12679, .F. ) ;
#12938 = EDGE_LOOP ( 'NONE', ( #13455, #4510, #7221, #8897, #11156, #2658, #8702, #2640, #11133 ) ) ;
#12939 = VERTEX_POINT ( 'NONE', #8223 ) ;
#12940 = CARTESIAN_POINT ( 'NONE',  ( -6.445528960623351011, 8.111000000000000654, 15.75000000000000000 ) ) ;
#12941 = VECTOR ( 'NONE', #11063, 1000.000000000000114 ) ;
#12942 = DIRECTION ( 'NONE',  ( 0.7071067811865474617, -0.7071067811865474617, 0.000000000000000000 ) ) ;
#12943 = DIRECTION ( 'NONE',  ( 0.000000000000000000, 0.000000000000000000, -1.000000000000000000 ) ) ;
#12944 = VECTOR ( 'NONE', #10689, 1000.000000000000000 ) ;
#12945 = UNCERTAINTY_MEASURE_WITH_UNIT (LENGTH_MEASURE( 1.000000000000000082E-05 ), #2133, 'distance_accuracy_value', 'NONE');
#12946 = ORIENTED_EDGE ( 'NONE', *, *, #6044, .T. ) ;
#12947 = DIRECTION ( 'NONE',  ( 1.000000000000000000, 0.000000000000000000, 0.000000000000000000 ) ) ;
#12948 = CARTESIAN_POINT ( 'NONE',  ( 2.475030032583884765, 7.424464904027790801, 12.75000000000000000 ) ) ;
#12949 = EDGE_CURVE ( 'NONE', #1967, #4942, #11495, .T. ) ;
#12950 = LINE ( 'NONE', #7658, #13301 ) ;
#12951 = FACE_OUTER_BOUND ( 'NONE', #310, .T. ) ;
#12952 = AXIS2_PLACEMENT_3D ( 'NONE', #8329, #9761, #3603 ) ;
#12953 = DIRECTION ( 'NONE',  ( 0.000000000000000000, 1.000000000000000000, 0.000000000000000000 ) ) ;
#12954 = EDGE_CURVE ( 'NONE', #2743, #13054, #6978, .T. ) ;
#12955 = EDGE_LOOP ( 'NONE', ( #1029, #988, #11411, #8936 ) ) ;
#12956 = VERTEX_POINT ( 'NONE', #955 ) ;
#12957 = ORIENTED_EDGE ( 'NONE', *, *, #2262, .F. ) ;
#12958 = EDGE_LOOP ( 'NONE', ( #1982, #12764, #10277, #3676 ) ) ;
#12959 = PLANE ( 'NONE',  #13232 ) ;
#12960 = DIRECTION ( 'NONE',  ( -1.000000000000000000, 0.000000000000000000, 0.000000000000000000 ) ) ;
#12961 = VECTOR ( 'NONE', #10252, 1000.000000000000114 ) ;
#12962 = ORIENTED_EDGE ( 'NONE', *, *, #6133, .F. ) ;
#12963 = ORIENTED_EDGE ( 'NONE', *, *, #10740, .T. ) ;
#12964 = VECTOR ( 'NONE', #9888, 999.9999999999998863 ) ;
#12965 = DIRECTION ( 'NONE',  ( 0.000000000000000000, 0.000000000000000000, -1.000000000000000000 ) ) ;
#12966 = VECTOR ( 'NONE', #10232, 1000.000000000000114 ) ;
#12967 = ORIENTED_EDGE ( 'NONE', *, *, #10993, .T. ) ;
#12968 = CARTESIAN_POINT ( 'NONE',  ( -6.424999999999999822, 7.185000000000000497, 15.75000000000000000 ) ) ;
#12969 = PRESENTATION_STYLE_ASSIGNMENT (( #828 ) ) ;
#12970 = DIRECTION ( 'NONE',  ( -0.5030199466302391897, 0.8642748019537023207, 0.000000000000000000 ) ) ;
#12971 = ADVANCED_FACE ( 'NONE', ( #11217 ), #6164, .F. ) ;
#12972 = DIRECTION ( 'NONE',  ( 0.000000000000000000, 0.000000000000000000, 1.000000000000000000 ) ) ;
#12973 = VECTOR ( 'NONE', #8023, 1000.000000000000114 ) ;
#12974 = CARTESIAN_POINT ( 'NONE',  ( -5.316253523062870023, 17.49725182388110056, -10.40000000000000036 ) ) ;
#12975 = AXIS2_PLACEMENT_3D ( 'NONE', #12465, #1181, #11476 ) ;
#12976 = ORIENTED_EDGE ( 'NONE', *, *, #9477, .T. ) ;
#12977 = ORIENTED_EDGE ( 'NONE', *, *, #10197, .T. ) ;
#12978 = EDGE_CURVE ( 'NONE', #1945, #5790, #2251, .T. ) ;
#12979 = VERTEX_POINT ( 'NONE', #2043 ) ;
#12980 = DIRECTION ( 'NONE',  ( 1.000000000000000000, 0.000000000000000000, 0.000000000000000000 ) ) ;
#12981 = VECTOR ( 'NONE', #10517, 1000.000000000000000 ) ;
#12982 = ORIENTED_EDGE ( 'NONE', *, *, #7365, .F. ) ;
#12983 = ORIENTED_EDGE ( 'NONE', *, *, #11408, .F. ) ;
#12984 = FACE_BOUND ( 'NONE', #9419, .T. ) ;
#12985 = EDGE_CURVE ( 'NONE', #11188, #5768, #6813, .T. ) ;
#12986 = ORIENTED_EDGE ( 'NONE', *, *, #312, .F. ) ;
#12987 = DIRECTION ( 'NONE',  ( 1.000000000000000000, 0.000000000000000000, 0.000000000000000000 ) ) ;
#12988 = VECTOR ( 'NONE', #11308, 999.9999999999998863 ) ;
#12989 = DIRECTION ( 'NONE',  ( 0.000000000000000000, 0.000000000000000000, 1.000000000000000000 ) ) ;
#12990 = CARTESIAN_POINT ( 'NONE',  ( 2.149999999999999911, -4.000000000000000000, -6.850000000000000533 ) ) ;
#12991 = DIRECTION ( 'NONE',  ( 0.7071067811865415775, 0.7071067811865535679, 0.000000000000000000 ) ) ;
#12992 = DIRECTION ( 'NONE',  ( 0.5735764363510499342, -0.8191520442889891340, 0.000000000000000000 ) ) ;
#12993 = DIRECTION ( 'NONE',  ( 0.000000000000000000, 0.000000000000000000, 1.000000000000000000 ) ) ;
#12994 = EDGE_CURVE ( 'NONE', #9531, #1084, #6858, .T. ) ;
#12995 = AXIS2_PLACEMENT_3D ( 'NONE', #1405, #11773, #359 ) ;
#12996 = LINE ( 'NONE', #13532, #8707 ) ;
#12997 = CARTESIAN_POINT ( 'NONE',  ( -5.250000000000000000, 16.69999999999999929, -13.05000000000000071 ) ) ;
#12998 = DIRECTION ( 'NONE',  ( 0.000000000000000000, 0.000000000000000000, -1.000000000000000000 ) ) ;
#12999 = VERTEX_POINT ( 'NONE', #6988 ) ;
#13000 = VERTEX_POINT ( 'NONE', #5548 ) ;
#13001 = DIRECTION ( 'NONE',  ( -1.000000000000000000, 0.000000000000000000, 0.000000000000000000 ) ) ;
#13002 = ORIENTED_EDGE ( 'NONE', *, *, #2973, .F. ) ;
#13003 = LINE ( 'NONE', #1700, #3877 ) ;
#13004 = DIRECTION ( 'NONE',  ( 1.000000000000000000, 0.000000000000000000, 0.000000000000000000 ) ) ;
#13005 = EDGE_LOOP ( 'NONE', ( #3644, #8254, #9318, #2159 ) ) ;
#13006 = DIRECTION ( 'NONE',  ( 0.000000000000000000, 0.000000000000000000, -1.000000000000000000 ) ) ;
#13007 = ORIENTED_EDGE ( 'NONE', *, *, #11590, .F. ) ;
#13008 = LINE ( 'NONE', #1002, #12653 ) ;
#13009 = CARTESIAN_POINT ( 'NONE',  ( 1.250000000000000000, 0.000000000000000000, 15.84999999999999964 ) ) ;
#13010 = ORIENTED_EDGE ( 'NONE', *, *, #460, .F. ) ;
#13011 = LINE ( 'NONE', #4285, #4147 ) ;
#13012 = CARTESIAN_POINT ( 'NONE',  ( -1.442193645700395876, 12.96803417904112088, 11.95000000000000107 ) ) ;
#13013 = FACE_OUTER_BOUND ( 'NONE', #7020, .T. ) ;
#13014 = DIRECTION ( 'NONE',  ( 0.000000000000000000, 1.000000000000000000, 0.000000000000000000 ) ) ;
#13015 = CARTESIAN_POINT ( 'NONE',  ( -7.500000000000000000, -3.500000000000000000, 2.449999999999999734 ) ) ;
#13016 = AXIS2_PLACEMENT_3D ( 'NONE', #13143, #2750, #4968 ) ;
#13017 = CARTESIAN_POINT ( 'NONE',  ( -3.775451385280815142, 16.42485207100589761, 15.19999999999999929 ) ) ;
#13018 = CARTESIAN_POINT ( 'NONE',  ( 5.321054836578879232, 4.578440100032789672, 9.074886876659951085 ) ) ;
#13019 = VERTEX_POINT ( 'NONE', #7896 ) ;
#13020 = ORIENTED_EDGE ( 'NONE', *, *, #4322, .T. ) ;
#13021 = CARTESIAN_POINT ( 'NONE',  ( -3.775451385280815142, 16.42485207100589761, 5.200000000000000178 ) ) ;
#13022 = ORIENTED_EDGE ( 'NONE', *, *, #10030, .T. ) ;
#13023 = CARTESIAN_POINT ( 'NONE',  ( 2.149999999999999911, -4.163697104677059890, 2.682293986636965055 ) ) ;
#13024 = LINE ( 'NONE', #10809, #12865 ) ;
#13025 = ORIENTED_EDGE ( 'NONE', *, *, #13289, .F. ) ;
#13026 = ADVANCED_FACE ( 'NONE', ( #2339 ), #3496, .F. ) ;
#13027 = ORIENTED_EDGE ( 'NONE', *, *, #9417, .T. ) ;
#13028 = DIRECTION ( 'NONE',  ( -0.7071067811865474617, 0.7071067811865474617, 0.000000000000000000 ) ) ;
#13029 = VECTOR ( 'NONE', #12868, 1000.000000000000114 ) ;
#13030 = EDGE_CURVE ( 'NONE', #5481, #12767, #2094, .T. ) ;
#13031 = CARTESIAN_POINT ( 'NONE',  ( -1.530854753362479892, 11.74577986658169948, 11.95000000000000107 ) ) ;
#13032 = ORIENTED_EDGE ( 'NONE', *, *, #11611, .T. ) ;
#13033 = DIRECTION ( 'NONE',  ( 0.7071067811865477948, -0.7071067811865471286, 0.000000000000000000 ) ) ;
#13034 = DIRECTION ( 'NONE',  ( 0.000000000000000000, -1.000000000000000000, 0.000000000000000000 ) ) ;
#13035 = LINE ( 'NONE', #8105, #4265 ) ;
#13036 = VECTOR ( 'NONE', #5536, 999.9999999999998863 ) ;
#13037 = DIRECTION ( 'NONE',  ( 0.2908824500647800293, -0.9567587994078291525, 0.000000000000000000 ) ) ;
#13038 = MANIFOLD_SOLID_BREP ( 'NONE', #8434 ) ;
#13039 = STYLED_ITEM ( 'NONE', ( #4331 ), #1200 ) ;
#13040 = ORIENTED_EDGE ( 'NONE', *, *, #5239, .T. ) ;
#13041 = ORIENTED_EDGE ( 'NONE', *, *, #7919, .T. ) ;
#13042 = ORIENTED_EDGE ( 'NONE', *, *, #7727, .T. ) ;
#13043 = DIRECTION ( 'NONE',  ( 1.000000000000000000, 0.000000000000000000, 0.000000000000000000 ) ) ;
#13044 = ADVANCED_FACE ( 'NONE', ( #6837 ), #6824, .F. ) ;
#13045 = DIRECTION ( 'NONE',  ( 0.000000000000000000, 0.000000000000000000, 1.000000000000000000 ) ) ;
#13046 = VECTOR ( 'NONE', #2048, 1000.000000000000114 ) ;
#13047 = EDGE_LOOP ( 'NONE', ( #883, #5191, #12983, #2911 ) ) ;
#13048 = DIRECTION ( 'NONE',  ( 0.9567587994078292635, 0.2908824500647800848, 0.000000000000000000 ) ) ;
#13049 = ORIENTED_EDGE ( 'NONE', *, *, #2777, .T. ) ;
#13050 = LINE ( 'NONE', #13317, #4954 ) ;
#13051 = CARTESIAN_POINT ( 'NONE',  ( -3.984748662560944954, 15.89430833868740045, -4.100000000000000533 ) ) ;
#13052 = EDGE_CURVE ( 'NONE', #6870, #1779, #6917, .T. ) ;
#13053 = AXIS2_PLACEMENT_3D ( 'NONE', #7772, #4736, #2624 ) ;
#13054 = VERTEX_POINT ( 'NONE', #4676 ) ;
#13055 = DIRECTION ( 'NONE',  ( 0.000000000000000000, -1.000000000000000000, 0.000000000000000000 ) ) ;
#13056 = DIRECTION ( 'NONE',  ( 0.000000000000000000, 0.000000000000000000, -1.000000000000000000 ) ) ;
#13057 = EDGE_CURVE ( 'NONE', #11950, #10898, #6996, .T. ) ;
#13058 = LINE ( 'NONE', #13434, #12875 ) ;
#13059 = PLANE ( 'NONE',  #10587 ) ;
#13060 = PLANE ( 'NONE',  #12639 ) ;
#13061 = LINE ( 'NONE', #1744, #8843 ) ;
#13062 = PLANE ( 'NONE',  #8244 ) ;
#13063 = EDGE_CURVE ( 'NONE', #13315, #1839, #11457, .T. ) ;
#13064 = VERTEX_POINT ( 'NONE', #4580 ) ;
#13065 = EDGE_LOOP ( 'NONE', ( #9124, #1665 ) ) ;
#13066 = ORIENTED_EDGE ( 'NONE', *, *, #12571, .T. ) ;
#13067 = STYLED_ITEM ( 'NONE', ( #9750 ), #9539 ) ;
#13068 = DIRECTION ( 'NONE',  ( 0.5735764363510511554, -0.8191520442889882458, 0.000000000000000000 ) ) ;
#13069 = FACE_OUTER_BOUND ( 'NONE', #9666, .T. ) ;
#13070 = ORIENTED_EDGE ( 'NONE', *, *, #628, .T. ) ;
#13071 = EDGE_LOOP ( 'NONE', ( #13449, #1137, #13268, #1942, #5688, #6767 ) ) ;
#13072 = VERTEX_POINT ( 'NONE', #2399 ) ;
#13073 = LINE ( 'NONE', #6422, #8390 ) ;
#13074 = CARTESIAN_POINT ( 'NONE',  ( 1.926942286883454925, 7.972552649728219976, 12.75000000000000000 ) ) ;
#13075 = CARTESIAN_POINT ( 'NONE',  ( -3.919104336280229806, 16.00810641548579838, 3.550000000000000266 ) ) ;
#13076 = CARTESIAN_POINT ( 'NONE',  ( 2.149999999999999911, -4.000000000000000000, -7.550000000000000711 ) ) ;
#13077 = AXIS2_PLACEMENT_3D ( 'NONE', #9972, #319, #11987 ) ;
#13078 = PLANE ( 'NONE',  #2473 ) ;
#13079 = CARTESIAN_POINT ( 'NONE',  ( -2.442193645700425186, 12.96803417904112088, -11.44999999999999929 ) ) ;
#13080 = VECTOR ( 'NONE', #10890, 999.9999999999998863 ) ;
#13081 = FACE_OUTER_BOUND ( 'NONE', #11237, .T. ) ;
#13082 = CARTESIAN_POINT ( 'NONE',  ( -1.442193645700395876, 12.96803417904112088, -1.449999999999999956 ) ) ;
#13083 = DIRECTION ( 'NONE',  ( -0.7071067811865474617, 0.7071067811865474617, 0.000000000000000000 ) ) ;
#13084 = CLOSED_SHELL ( 'NONE', ( #4079, #10482, #3387, #5720, #414, #11474, #10871, #10968 ) ) ;
#13085 = ORIENTED_EDGE ( 'NONE', *, *, #13276, .T. ) ;
#13086 = DIRECTION ( 'NONE',  ( 1.000000000000000000, 0.000000000000000000, 0.000000000000000000 ) ) ;
#13087 = EDGE_LOOP ( 'NONE', ( #3022, #7626, #2004, #3804 ) ) ;
#13088 = DIRECTION ( 'NONE',  ( -0.000000000000000000, 0.3303504247281054407, 0.9438583563660176701 ) ) ;
#13089 = VERTEX_POINT ( 'NONE', #5814 ) ;
#13090 = CARTESIAN_POINT ( 'NONE',  ( -1.983183258569795271, 2.033183258569795093, -15.15000000000000036 ) ) ;
#13091 = AXIS2_PLACEMENT_3D ( 'NONE', #481, #1538, #2600 ) ;
#13092 = ORIENTED_EDGE ( 'NONE', *, *, #12525, .F. ) ;
#13093 = VECTOR ( 'NONE', #1067, 1000.000000000000000 ) ;
#13094 = CARTESIAN_POINT ( 'NONE',  ( 1.926942286883454925, 7.972552649728219976, -8.124886876659950019 ) ) ;
#13095 = DIRECTION ( 'NONE',  ( -0.8191520442889891340, -0.5735764363510499342, 0.000000000000000000 ) ) ;
#13096 = ORIENTED_EDGE ( 'NONE', *, *, #8893, .F. ) ;
#13097 = LINE ( 'NONE', #4015, #4081 ) ;
#13098 = DIRECTION ( 'NONE',  ( -0.5030199466302390787, 0.8642748019537022097, 0.000000000000000000 ) ) ;
#13099 = CIRCLE ( 'NONE', #5658, 1.500000000000000000 ) ;
#13100 = CARTESIAN_POINT ( 'NONE',  ( -6.077610530143179979, 9.327446567904038588, 8.550000000000000711 ) ) ;
#13101 = DIRECTION ( 'NONE',  ( 0.000000000000000000, 1.000000000000000000, 0.000000000000000000 ) ) ;
#13102 = DIRECTION ( 'NONE',  ( 0.5735764363510499342, -0.8191520442889891340, 0.000000000000000000 ) ) ;
#13103 = VERTEX_POINT ( 'NONE', #9753 ) ;
#13104 = ORIENTED_EDGE ( 'NONE', *, *, #7251, .F. ) ;
#13105 = VERTEX_POINT ( 'NONE', #625 ) ;
#13106 = EDGE_CURVE ( 'NONE', #2221, #5484, #2070, .T. ) ;
#13107 = DIRECTION ( 'NONE',  ( 0.000000000000000000, -0.9438583563660177811, 0.3303504247281049411 ) ) ;
#13108 = LINE ( 'NONE', #7460, #3691 ) ;
#13109 = VERTEX_POINT ( 'NONE', #1698 ) ;
#13110 = EDGE_LOOP ( 'NONE', ( #7278, #3373, #763, #3576 ) ) ;
#13111 = CARTESIAN_POINT ( 'NONE',  ( -2.149999999999999911, -3.500000000000000000, 2.449999999999999734 ) ) ;
#13112 = LINE ( 'NONE', #5813, #13453 ) ;
#13113 = PRODUCT_DEFINITION_SHAPE ( 'NONE', 'NONE',  #13559 ) ;
#13114 = CARTESIAN_POINT ( 'NONE',  ( -0.9000476708424469674, 10.66194478217150099, -3.050000000000000266 ) ) ;
#13115 = AXIS2_PLACEMENT_3D ( 'NONE', #6519, #7522, #9629 ) ;
#13116 = CARTESIAN_POINT ( 'NONE',  ( 2.174429660298744960, 7.725065276312930607, -1.375113123340059973 ) ) ;
#13117 = ORIENTED_EDGE ( 'NONE', *, *, #2967, .T. ) ;
#13118 = CARTESIAN_POINT ( 'NONE',  ( -5.001253558300190249, 7.790249504023520011, -11.44999999999999929 ) ) ;
#13119 = EDGE_CURVE ( 'NONE', #9252, #252, #11557, .T. ) ;
#13120 = PLANE ( 'NONE',  #7574 ) ;
#13121 = LINE ( 'NONE', #11475, #13204 ) ;
#13122 = VECTOR ( 'NONE', #1293, 1000.000000000000000 ) ;
#13123 = CARTESIAN_POINT ( 'NONE',  ( 2.850000000000000089, 0.000000000000000000, -1.850000000000000089 ) ) ;
#13124 = EDGE_CURVE ( 'NONE', #2963, #2036, #7015, .T. ) ;
#13125 = ADVANCED_FACE ( 'NONE', ( #11535 ), #4490, .F. ) ;
#13126 = EDGE_LOOP ( 'NONE', ( #7188, #9774, #11676, #9796 ) ) ;
#13127 = ORIENTED_EDGE ( 'NONE', *, *, #12334, .T. ) ;
#13128 = EDGE_CURVE ( 'NONE', #3666, #1633, #11580, .T. ) ;
#13129 = VERTEX_POINT ( 'NONE', #6640 ) ;
#13130 = CARTESIAN_POINT ( 'NONE',  ( -7.500000000000000000, -3.500000000000000000, -2.550000000000000266 ) ) ;
#13131 = CARTESIAN_POINT ( 'NONE',  ( -5.250000000000000000, 16.69999999999999929, 5.200000000000000178 ) ) ;
#13132 = VECTOR ( 'NONE', #10945, 1000.000000000000000 ) ;
#13133 = ORIENTED_EDGE ( 'NONE', *, *, #7748, .T. ) ;
#13134 = ADVANCED_FACE ( 'NONE', ( #2482 ), #356, .F. ) ;
#13135 = ORIENTED_EDGE ( 'NONE', *, *, #12565, .T. ) ;
#13136 = LINE ( 'NONE', #11860, #13029 ) ;
#13137 = DIRECTION ( 'NONE',  ( 0.000000000000000000, 0.000000000000000000, 1.000000000000000000 ) ) ;
#13138 = CARTESIAN_POINT ( 'NONE',  ( -5.575000000000000178, 9.830057098047229047, -0.1499999999999999944 ) ) ;
#13139 = ORIENTED_EDGE ( 'NONE', *, *, #11147, .F. ) ;
#13140 = DIRECTION ( 'NONE',  ( 0.000000000000000000, 0.000000000000000000, -1.000000000000000000 ) ) ;
#13141 = SURFACE_STYLE_FILL_AREA ( #11558 ) ;
#13142 = EDGE_CURVE ( 'NONE', #3196, #7565, #7038, .T. ) ;
#13143 = CARTESIAN_POINT ( 'NONE',  ( -5.575000000000000178, 16.69999999999999929, 1.949999999999999956 ) ) ;
#13144 = CARTESIAN_POINT ( 'NONE',  ( -3.984748662560944954, 15.89430833868740045, -9.099999999999999645 ) ) ;
#13145 = VECTOR ( 'NONE', #11839, 1000.000000000000000 ) ;
#13146 = CARTESIAN_POINT ( 'NONE',  ( -3.984748662560944954, 15.89430833868740045, 14.59999999999999964 ) ) ;
#13147 = EDGE_CURVE ( 'NONE', #2036, #11387, #11149, .T. ) ;
#13148 = ORIENTED_EDGE ( 'NONE', *, *, #1851, .T. ) ;
#13149 = ORIENTED_EDGE ( 'NONE', *, *, #9005, .F. ) ;
#13150 = VERTEX_POINT ( 'NONE', #5998 ) ;
#13151 = VECTOR ( 'NONE', #5762, 1000.000000000000000 ) ;
#13152 = ORIENTED_EDGE ( 'NONE', *, *, #9670, .F. ) ;
#13153 = ORIENTED_EDGE ( 'NONE', *, *, #3733, .F. ) ;
#13154 = AXIS2_PLACEMENT_3D ( 'NONE', #12342, #9120, #7634 ) ;
#13155 = VECTOR ( 'NONE', #4027, 1000.000000000000000 ) ;
#13156 = ORIENTED_EDGE ( 'NONE', *, *, #4332, .F. ) ;
#13157 = PLANE ( 'NONE',  #12713 ) ;
#13158 = LINE ( 'NONE', #10652, #4062 ) ;
#13159 = SURFACE_SIDE_STYLE ('',( #13141 ) ) ;
#13160 = DIRECTION ( 'NONE',  ( -0.5735764363510488240, 0.8191520442889899112, 0.000000000000000000 ) ) ;
#13161 = DIRECTION ( 'NONE',  ( 0.5735764363510511554, -0.8191520442889882458, 0.000000000000000000 ) ) ;
#13162 = DIRECTION ( 'NONE',  ( 0.000000000000000000, 0.000000000000000000, 1.000000000000000000 ) ) ;
#13163 = FACE_OUTER_BOUND ( 'NONE', #9395, .T. ) ;
#13164 =( NAMED_UNIT ( * ) PLANE_ANGLE_UNIT ( ) SI_UNIT ( $, .RADIAN. ) );
#13165 = LINE ( 'NONE', #3837, #8593 ) ;
#13166 = EDGE_CURVE ( 'NONE', #7952, #8157, #2161, .T. ) ;
#13167 = LINE ( 'NONE', #8444, #4157 ) ;
#13168 = DIRECTION ( 'NONE',  ( 0.000000000000000000, 0.000000000000000000, -1.000000000000000000 ) ) ;
#13169 = VERTEX_POINT ( 'NONE', #7159 ) ;
#13170 = ORIENTED_EDGE ( 'NONE', *, *, #6976, .T. ) ;
#13171 = DIRECTION ( 'NONE',  ( 0.7071067811865470176, -0.7071067811865481278, 0.000000000000000000 ) ) ;
#13172 = VERTEX_POINT ( 'NONE', #4066 ) ;
#13173 = FACE_OUTER_BOUND ( 'NONE', #5023, .T. ) ;
#13174 = DIRECTION ( 'NONE',  ( 0.000000000000000000, 0.000000000000000000, -1.000000000000000000 ) ) ;
#13175 = ORIENTED_EDGE ( 'NONE', *, *, #4596, .T. ) ;
#13176 = DIRECTION ( 'NONE',  ( 0.000000000000000000, 0.000000000000000000, -1.000000000000000000 ) ) ;
#13177 = ORIENTED_EDGE ( 'NONE', *, *, #10967, .T. ) ;
#13178 = FACE_OUTER_BOUND ( 'NONE', #2107, .T. ) ;
#13179 = CARTESIAN_POINT ( 'NONE',  ( 1.308303843626091867, 8.591191092985580369, 12.75000000000000000 ) ) ;
#13180 = AXIS2_PLACEMENT_3D ( 'NONE', #7669, #402, #5769 ) ;
#13181 = ORIENTED_EDGE ( 'NONE', *, *, #7698, .F. ) ;
#13182 = FACE_OUTER_BOUND ( 'NONE', #2853, .T. ) ;
#13183 =( NAMED_UNIT ( * ) SI_UNIT ( $, .STERADIAN. ) SOLID_ANGLE_UNIT ( ) );
#13184 = ADVANCED_FACE ( 'NONE', ( #11175 ), #4962, .F. ) ;
#13185 = LINE ( 'NONE', #11141, #4199 ) ;
#13186 = CARTESIAN_POINT ( 'NONE',  ( 2.364318297194651475, 10.13430624441763861, 3.101158642370369201 ) ) ;
#13187 = EDGE_CURVE ( 'NONE', #3945, #10885, #2116, .T. ) ;
#13188 = CARTESIAN_POINT ( 'NONE',  ( -1.442193645700395876, 12.96803417904112088, -11.44999999999999929 ) ) ;
#13189 = CARTESIAN_POINT ( 'NONE',  ( 2.149999999999999911, 0.000000000000000000, -11.84999999999999964 ) ) ;
#13190 = CARTESIAN_POINT ( 'NONE',  ( 1.926942286883454925, 7.972552649728219976, -3.349584923580569917 ) ) ;
#13191 = EDGE_CURVE ( 'NONE', #12979, #1839, #2279, .T. ) ;
#13192 = VERTEX_POINT ( 'NONE', #8353 ) ;
#13193 = ORIENTED_EDGE ( 'NONE', *, *, #2472, .T. ) ;
#13194 = DIRECTION ( 'NONE',  ( -1.000000000000000000, 0.000000000000000000, 0.000000000000000000 ) ) ;
#13195 = ORIENTED_EDGE ( 'NONE', *, *, #10316, .T. ) ;
#13196 = DIRECTION ( 'NONE',  ( 0.000000000000000000, 0.3303504247281054407, -0.9438583563660176701 ) ) ;
#13197 = LINE ( 'NONE', #301, #4675 ) ;
#13198 = VERTEX_POINT ( 'NONE', #4155 ) ;
#13199 = ORIENTED_EDGE ( 'NONE', *, *, #3325, .T. ) ;
#13200 = LINE ( 'NONE', #9226, #8895 ) ;
#13201 = DIRECTION ( 'NONE',  ( -0.7071067811865470176, 0.7071067811865481278, 0.000000000000000000 ) ) ;
#13202 = ORIENTED_EDGE ( 'NONE', *, *, #12857, .T. ) ;
#13203 = PLANE ( 'NONE',  #9066 ) ;
#13204 = VECTOR ( 'NONE', #9075, 999.9999999999998863 ) ;
#13205 = DIRECTION ( 'NONE',  ( 0.000000000000000000, 1.000000000000000000, 0.000000000000000000 ) ) ;
#13206 = AXIS2_PLACEMENT_3D ( 'NONE', #12189, #895, #2647 ) ;
#13207 = LINE ( 'NONE', #819, #8167 ) ;
#13208 = VECTOR ( 'NONE', #10694, 1000.000000000000114 ) ;
#13209 = DIRECTION ( 'NONE',  ( 0.000000000000000000, -0.9888927622975230980, -0.1486307662483602188 ) ) ;
#13210 = EDGE_CURVE ( 'NONE', #9574, #11869, #2301, .T. ) ;
#13211 = ADVANCED_FACE ( 'NONE', ( #11241 ), #7329, .F. ) ;
#13212 = AXIS2_PLACEMENT_3D ( 'NONE', #1403, #6731, #8780 ) ;
#13213 = VERTEX_POINT ( 'NONE', #13224 ) ;
#13214 = ORIENTED_EDGE ( 'NONE', *, *, #3146, .F. ) ;
#13215 = EDGE_CURVE ( 'NONE', #126, #9102, #6747, .T. ) ;
#13216 = ORIENTED_EDGE ( 'NONE', *, *, #11427, .F. ) ;
#13217 = PLANE ( 'NONE',  #11626 ) ;
#13218 = CIRCLE ( 'NONE', #1916, 1.500000000000000000 ) ;
#13219 = ORIENTED_EDGE ( 'NONE', *, *, #3748, .T. ) ;
#13220 = PLANE ( 'NONE',  #13206 ) ;
#13221 = ORIENTED_EDGE ( 'NONE', *, *, #773, .T. ) ;
#13222 = VECTOR ( 'NONE', #9562, 1000.000000000000000 ) ;
#13223 = DIRECTION ( 'NONE',  ( 1.000000000000000000, 0.000000000000000000, 0.000000000000000000 ) ) ;
#13224 = CARTESIAN_POINT ( 'NONE',  ( 2.850000000000000089, -3.500000000000000000, 2.449999999999999734 ) ) ;
#13225 = ORIENTED_EDGE ( 'NONE', *, *, #193, .F. ) ;
#13226 = PLANE ( 'NONE',  #6856 ) ;
#13227 = CARTESIAN_POINT ( 'NONE',  ( -5.575000000000000178, 16.69999999999999929, 13.54999999999999893 ) ) ;
#13228 = FACE_OUTER_BOUND ( 'NONE', #7112, .T. ) ;
#13229 = EDGE_CURVE ( 'NONE', #13294, #9359, #6792, .T. ) ;
#13230 = LINE ( 'NONE', #9815, #8212 ) ;
#13231 = DIRECTION ( 'NONE',  ( 0.8191520442889891340, 0.5735764363510499342, 0.000000000000000000 ) ) ;
#13232 = AXIS2_PLACEMENT_3D ( 'NONE', #5635, #2737, #4668 ) ;
#13233 = PLANE ( 'NONE',  #5887 ) ;
#13234 = CARTESIAN_POINT ( 'NONE',  ( 5.882150296522249633, 1.302038012681424162, -15.15000000000000036 ) ) ;
#13235 = LINE ( 'NONE', #8053, #4217 ) ;
#13236 = CARTESIAN_POINT ( 'NONE',  ( -1.442193645700395876, 12.96803417904112088, 6.949999999999999289 ) ) ;
#13237 = CARTESIAN_POINT ( 'NONE',  ( -5.250000000000000000, 16.69999999999999929, 4.599999999999999645 ) ) ;
#13238 = DIRECTION ( 'NONE',  ( 0.000000000000000000, 0.000000000000000000, 1.000000000000000000 ) ) ;
#13239 = ORIENTED_EDGE ( 'NONE', *, *, #5850, .F. ) ;
#13240 = ORIENTED_EDGE ( 'NONE', *, *, #5764, .F. ) ;
#13241 = EDGE_CURVE ( 'NONE', #12259, #3735, #6768, .T. ) ;
#13242 = ORIENTED_EDGE ( 'NONE', *, *, #12882, .T. ) ;
#13243 = PLANE ( 'NONE',  #2932 ) ;
#13244 = AXIS2_PLACEMENT_3D ( 'NONE', #8861, #6639, #9751 ) ;
#13245 = EDGE_LOOP ( 'NONE', ( #393, #11516, #3859, #8747 ) ) ;
#13246 = ORIENTED_EDGE ( 'NONE', *, *, #1125, .T. ) ;
#13247 = LINE ( 'NONE', #2228, #4283 ) ;
#13248 = ORIENTED_EDGE ( 'NONE', *, *, #3296, .T. ) ;
#13249 = DIRECTION ( 'NONE',  ( 1.000000000000000000, 0.000000000000000000, 0.000000000000000000 ) ) ;
#13250 = VECTOR ( 'NONE', #4088, 999.9999999999998863 ) ;
#13251 = CARTESIAN_POINT ( 'NONE',  ( -3.775451385280815142, 16.42485207100589761, 5.200000000000000178 ) ) ;
#13252 = DIRECTION ( 'NONE',  ( 0.8191520442889898002, 0.5735764363510488240, 0.000000000000000000 ) ) ;
#13253 = DIRECTION ( 'NONE',  ( 0.7071067811865480168, 0.7071067811865470176, 0.000000000000000000 ) ) ;
#13254 = DIRECTION ( 'NONE',  ( -0.7071067811865415775, -0.7071067811865535679, 0.000000000000000000 ) ) ;
#13255 = DIRECTION ( 'NONE',  ( 1.000000000000000000, 0.000000000000000000, 0.000000000000000000 ) ) ;
#13256 = VECTOR ( 'NONE', #1711, 999.9999999999998863 ) ;
#13257 = VECTOR ( 'NONE', #151, 1000.000000000000000 ) ;
#13258 = CARTESIAN_POINT ( 'NONE',  ( -7.500000000000000000, -3.500000000000000000, 7.450000000000000178 ) ) ;
#13259 = AXIS2_PLACEMENT_3D ( 'NONE', #9179, #11043, #8991 ) ;
#13260 = CARTESIAN_POINT ( 'NONE',  ( -7.500000000000000000, -3.500000000000000000, 12.44999999999999929 ) ) ;
#13261 = DIRECTION ( 'NONE',  ( 0.000000000000000000, 0.000000000000000000, -1.000000000000000000 ) ) ;
#13262 = ORIENTED_EDGE ( 'NONE', *, *, #13147, .T. ) ;
#13263 = ORIENTED_EDGE ( 'NONE', *, *, #8056, .F. ) ;
#13264 = CARTESIAN_POINT ( 'NONE',  ( -1.530854753362479892, 11.74577986658169948, -1.449999999999999956 ) ) ;
#13265 = ORIENTED_EDGE ( 'NONE', *, *, #5363, .F. ) ;
#13266 = ADVANCED_FACE ( 'NONE', ( #7338 ), #5144, .F. ) ;
#13267 = CARTESIAN_POINT ( 'NONE',  ( -6.750000000000000000, 16.69999999999999929, -9.700000000000001066 ) ) ;
#13268 = ORIENTED_EDGE ( 'NONE', *, *, #1611, .T. ) ;
#13269 = CARTESIAN_POINT ( 'NONE',  ( -6.040827613235229876, 9.364229484812000237, -16.44999999999999929 ) ) ;
#13270 = ORIENTED_EDGE ( 'NONE', *, *, #12674, .F. ) ;
#13271 = FACE_OUTER_BOUND ( 'NONE', #12390, .T. ) ;
#13272 = DIRECTION ( 'NONE',  ( 0.6389710663783111366, -0.7692307692307711608, 0.000000000000000000 ) ) ;
#13273 = ORIENTED_EDGE ( 'NONE', *, *, #6256, .F. ) ;
#13274 = ADVANCED_FACE ( 'NONE', ( #2936 ), #10191, .F. ) ;
#13275 = FACE_OUTER_BOUND ( 'NONE', #4807, .T. ) ;
#13276 = EDGE_CURVE ( 'NONE', #7934, #1330, #11826, .T. ) ;
#13277 = VECTOR ( 'NONE', #13238, 1000.000000000000000 ) ;
#13278 = LINE ( 'NONE', #10400, #3889 ) ;
#13279 = CARTESIAN_POINT ( 'NONE',  ( 2.306154181162860084, 10.12774586688902190, 2.749999999999964917 ) ) ;
#13280 = DIRECTION ( 'NONE',  ( 1.000000000000000000, 0.000000000000000000, 0.000000000000000000 ) ) ;
#13281 = DIRECTION ( 'NONE',  ( -0.7071067811865475727, 0.7071067811865475727, 0.000000000000000000 ) ) ;
#13282 = DIRECTION ( 'NONE',  ( 0.7071067811865475727, -0.7071067811865475727, 0.000000000000000000 ) ) ;
#13283 = LINE ( 'NONE', #7920, #8907 ) ;
#13284 = AXIS2_PLACEMENT_3D ( 'NONE', #11637, #6396, #3275 ) ;
#13285 = VERTEX_POINT ( 'NONE', #7403 ) ;
#13286 = ORIENTED_EDGE ( 'NONE', *, *, #6145, .T. ) ;
#13287 = DIRECTION ( 'NONE',  ( -0.7071067811865470176, 0.7071067811865481278, 0.000000000000000000 ) ) ;
#13288 = CARTESIAN_POINT ( 'NONE',  ( -1.530854753362479892, 11.74577986658169948, 8.550000000000000711 ) ) ;
#13289 = EDGE_CURVE ( 'NONE', #126, #806, #2915, .T. ) ;
#13290 = ORIENTED_EDGE ( 'NONE', *, *, #9980, .T. ) ;
#13291 = CARTESIAN_POINT ( 'NONE',  ( 2.149999999999999911, -4.000000000000000000, 12.62500000000000000 ) ) ;
#13292 = ORIENTED_EDGE ( 'NONE', *, *, #7980, .F. ) ;
#13293 = EDGE_CURVE ( 'NONE', #2142, #2295, #11622, .T. ) ;
#13294 = VERTEX_POINT ( 'NONE', #1795 ) ;
#13295 = CARTESIAN_POINT ( 'NONE',  ( 2.400039389504621923, 10.13620647960021159, 2.306315104429498941 ) ) ;
#13296 = DIRECTION ( 'NONE',  ( -0.6916548014802249567, -0.6916548014802239575, 0.2079116908177670031 ) ) ;
#13297 = EDGE_CURVE ( 'NONE', #3945, #10122, #11890, .T. ) ;
#13298 = ORIENTED_EDGE ( 'NONE', *, *, #10876, .F. ) ;
#13299 = DIRECTION ( 'NONE',  ( -0.6389710663783122468, 0.7692307692307702727, 0.000000000000000000 ) ) ;
#13300 = DIRECTION ( 'NONE',  ( 0.7071067811865480168, 0.7071067811865470176, 0.000000000000000000 ) ) ;
#13301 = VECTOR ( 'NONE', #6584, 1000.000000000000000 ) ;
#13302 = CARTESIAN_POINT ( 'NONE',  ( 3.588643222671839883, 9.139278838686021089, 10.25000000000000000 ) ) ;
#13303 = FACE_OUTER_BOUND ( 'NONE', #5954, .T. ) ;
#13304 = ADVANCED_FACE ( 'NONE', ( #7150 ), #802, .F. ) ;
#13305 = AXIS2_PLACEMENT_3D ( 'NONE', #2065, #5394, #6081 ) ;
#13306 = LINE ( 'NONE', #4907, #12973 ) ;
#13307 = CARTESIAN_POINT ( 'NONE',  ( -5.250000000000000000, 16.69999999999999929, 10.20000000000000107 ) ) ;
#13308 = EDGE_LOOP ( 'NONE', ( #5555, #1115, #3905, #13426 ) ) ;
#13309 = ORIENTED_EDGE ( 'NONE', *, *, #10960, .T. ) ;
#13310 = ORIENTED_EDGE ( 'NONE', *, *, #1383, .T. ) ;
#13311 = DIRECTION ( 'NONE',  ( -0.7071067811865470176, 0.7071067811865481278, 0.000000000000000000 ) ) ;
#13312 = CARTESIAN_POINT ( 'NONE',  ( 2.850000000000000089, -4.000000000000000000, 2.625000000000000000 ) ) ;
#13313 = EDGE_LOOP ( 'NONE', ( #1802, #167, #9050, #8027 ) ) ;
#13314 = DIRECTION ( 'NONE',  ( -1.000000000000000000, 0.000000000000000000, 0.000000000000000000 ) ) ;
#13315 = VERTEX_POINT ( 'NONE', #4612 ) ;
#13316 = VECTOR ( 'NONE', #3680, 1000.000000000000000 ) ;
#13317 = CARTESIAN_POINT ( 'NONE',  ( 2.850000000000000089, -4.000000000000000000, -11.84999999999999964 ) ) ;
#13318 = ORIENTED_EDGE ( 'NONE', *, *, #3246, .T. ) ;
#13319 = DIRECTION ( 'NONE',  ( 1.000000000000000000, 1.633327607497999936E-16, 0.000000000000000000 ) ) ;
#13320 = CARTESIAN_POINT ( 'NONE',  ( -3.649999999999999911, 11.17795660910094036, 15.84999999999999964 ) ) ;
#13321 = FACE_OUTER_BOUND ( 'NONE', #10742, .T. ) ;
#13322 = EDGE_CURVE ( 'NONE', #4760, #3872, #11647, .T. ) ;
#13323 = LINE ( 'NONE', #5277, #9181 ) ;
#13324 = DIRECTION ( 'NONE',  ( 0.5735764363510499342, -0.8191520442889891340, 0.000000000000000000 ) ) ;
#13325 = PLANE ( 'NONE',  #3969 ) ;
#13326 = LINE ( 'NONE', #7526, #13257 ) ;
#13327 = PLANE ( 'NONE',  #2152 ) ;
#13328 = DIRECTION ( 'NONE',  ( 0.7071067811865477948, -0.7071067811865471286, 0.000000000000000000 ) ) ;
#13329 = CARTESIAN_POINT ( 'NONE',  ( 2.475030032583884765, 7.424464904027790801, -3.349584923580569917 ) ) ;
#13330 = AXIS2_PLACEMENT_3D ( 'NONE', #6967, #3959, #3867 ) ;
#13331 = ADVANCED_FACE ( 'NONE', ( #2879 ), #6669, .T. ) ;
#13332 = ORIENTED_EDGE ( 'NONE', *, *, #9967, .T. ) ;
#13333 = ORIENTED_EDGE ( 'NONE', *, *, #11144, .F. ) ;
#13334 = ORIENTED_EDGE ( 'NONE', *, *, #10316, .F. ) ;
#13335 = CARTESIAN_POINT ( 'NONE',  ( 2.149999999999999911, -4.000000000000000000, -12.37500000000000000 ) ) ;
#13336 = VERTEX_POINT ( 'NONE', #9687 ) ;
#13337 = ORIENTED_EDGE ( 'NONE', *, *, #11864, .T. ) ;
#13338 = VECTOR ( 'NONE', #8596, 1000.000000000000000 ) ;
#13339 = EDGE_CURVE ( 'NONE', #1908, #2607, #2897, .T. ) ;
#13340 = ORIENTED_EDGE ( 'NONE', *, *, #7524, .F. ) ;
#13341 = CARTESIAN_POINT ( 'NONE',  ( -3.984748662560944954, 15.89430833868740045, 5.899999999999999467 ) ) ;
#13342 = LINE ( 'NONE', #12928, #4654 ) ;
#13343 = DIRECTION ( 'NONE',  ( 0.7071067811865477948, -0.7071067811865471286, 0.000000000000000000 ) ) ;
#13344 = DIRECTION ( 'NONE',  ( -0.4834473103160809582, 0.8753734620995469173, 0.000000000000000000 ) ) ;
#13345 = DIRECTION ( 'NONE',  ( 0.000000000000000000, -1.000000000000000000, 0.000000000000000000 ) ) ;
#13346 = DIRECTION ( 'NONE',  ( 0.000000000000000000, 0.000000000000000000, 1.000000000000000000 ) ) ;
#13347 = CARTESIAN_POINT ( 'NONE',  ( -7.025000000000000355, 7.185000000000000497, 15.84999999999999964 ) ) ;
#13348 = LINE ( 'NONE', #11410, #29 ) ;
#13349 = CARTESIAN_POINT ( 'NONE',  ( 3.341155849256549626, 9.386766212101310458, -8.550000000000000711 ) ) ;
#13350 = LINE ( 'NONE', #12759, #13036 ) ;
#13351 = ADVANCED_FACE ( 'NONE', ( #11782 ), #3441, .F. ) ;
#13352 = CARTESIAN_POINT ( 'NONE',  ( -3.919104336280229806, 16.00810641548579838, 1.949999999999999956 ) ) ;
#13353 = AXIS2_PLACEMENT_3D ( 'NONE', #11978, #4713, #2872 ) ;
#13354 = ORIENTED_EDGE ( 'NONE', *, *, #3802, .T. ) ;
#13355 = EDGE_LOOP ( 'NONE', ( #10565, #8622, #1784, #11436, #10032, #5091 ) ) ;
#13356 = DIRECTION ( 'NONE',  ( -0.7071067811865489050, 0.7071067811865460184, 0.000000000000000000 ) ) ;
#13357 = ORIENTED_EDGE ( 'NONE', *, *, #9555, .F. ) ;
#13358 = DIRECTION ( 'NONE',  ( 0.000000000000000000, 0.000000000000000000, 1.000000000000000000 ) ) ;
#13359 = DIRECTION ( 'NONE',  ( 0.000000000000000000, -0.9438583563660177811, -0.3303504247281049411 ) ) ;
#13360 = VERTEX_POINT ( 'NONE', #9779 ) ;
#13361 = DIRECTION ( 'NONE',  ( 0.000000000000000000, 0.000000000000000000, 1.000000000000000000 ) ) ;
#13362 = ADVANCED_FACE ( 'NONE', ( #11870 ), #11884, .T. ) ;
#13363 = ORIENTED_EDGE ( 'NONE', *, *, #3595, .F. ) ;
#13364 = EDGE_CURVE ( 'NONE', #6892, #1207, #2567, .T. ) ;
#13365 = ORIENTED_EDGE ( 'NONE', *, *, #11524, .T. ) ;
#13366 = EDGE_CURVE ( 'NONE', #4620, #2988, #7279, .T. ) ;
#13367 = CYLINDRICAL_SURFACE ( 'NONE', #983, 0.8000000000000000444 ) ;
#13368 = LINE ( 'NONE', #9269, #4353 ) ;
#13369 = SURFACE_STYLE_FILL_AREA ( #6072 ) ;
#13370 = DIRECTION ( 'NONE',  ( 0.7071067811865470176, 0.7071067811865480168, 0.000000000000000000 ) ) ;
#13371 = DIRECTION ( 'NONE',  ( 0.000000000000000000, 0.000000000000000000, -1.000000000000000000 ) ) ;
#13372 = CARTESIAN_POINT ( 'NONE',  ( 2.317718362080881889, 10.13004388994448490, -7.077790028611664397 ) ) ;
#13373 = VERTEX_POINT ( 'NONE', #11800 ) ;
#13374 = VERTEX_POINT ( 'NONE', #2510 ) ;
#13375 = ORIENTED_EDGE ( 'NONE', *, *, #6273, .T. ) ;
#13376 = AXIS2_PLACEMENT_3D ( 'NONE', #1979, #6818, #5810 ) ;
#13377 = PRESENTATION_LAYER_ASSIGNMENT (  '', '', ( #8980 ) ) ;
#13378 = DIRECTION ( 'NONE',  ( 0.000000000000000000, 0.000000000000000000, -1.000000000000000000 ) ) ;
#13379 = EDGE_LOOP ( 'NONE', ( #11995, #872, #10000, #11915, #6549, #5060, #3786, #11672, #9933, #7111, #7194, #2089, #8599, #2657 ) ) ;
#13380 = VERTEX_POINT ( 'NONE', #11036 ) ;
#13381 = VECTOR ( 'NONE', #10068, 1000.000000000000000 ) ;
#13382 = CARTESIAN_POINT ( 'NONE',  ( 1.219421292110007826, 3.575998638938560070, -15.15000000000000036 ) ) ;
#13383 = CARTESIAN_POINT ( 'NONE',  ( -5.250000000000000000, 18.19999999999999929, 0.2999999999999999889 ) ) ;
#13384 = VERTEX_POINT ( 'NONE', #5672 ) ;
#13385 = EDGE_CURVE ( 'NONE', #12517, #12220, #11759, .T. ) ;
#13386 = CARTESIAN_POINT ( 'NONE',  ( 0.4002692478210165272, 3.002422202587514910, -15.84999999999999964 ) ) ;
#13387 = CARTESIAN_POINT ( 'NONE',  ( 1.926942286883454925, 7.972552649728219976, -2.250000000000000000 ) ) ;
#13388 = LINE ( 'NONE', #6954, #4373 ) ;
#13389 = DIRECTION ( 'NONE',  ( 0.000000000000000000, 0.000000000000000000, 1.000000000000000000 ) ) ;
#13390 =( GEOMETRIC_REPRESENTATION_CONTEXT ( 3 ) GLOBAL_UNCERTAINTY_ASSIGNED_CONTEXT ( ( #4247 ) ) GLOBAL_UNIT_ASSIGNED_CONTEXT ( ( #2866, #1630, #11315 ) ) REPRESENTATION_CONTEXT ( 'NONE', 'WORKASPACE' ) );
#13391 = DIRECTION ( 'NONE',  ( 0.000000000000000000, 0.000000000000000000, 1.000000000000000000 ) ) ;
#13392 = FACE_OUTER_BOUND ( 'NONE', #13482, .T. ) ;
#13393 = EDGE_CURVE ( 'NONE', #11645, #6998, #7190, .T. ) ;
#13394 = LINE ( 'NONE', #2150, #9135 ) ;
#13395 = DIRECTION ( 'NONE',  ( 0.000000000000000000, 0.000000000000000000, 1.000000000000000000 ) ) ;
#13396 = DIRECTION ( 'NONE',  ( -0.8191520442889891340, -0.5735764363510499342, 0.000000000000000000 ) ) ;
#13397 = VERTEX_POINT ( 'NONE', #10844 ) ;
#13398 = ORIENTED_EDGE ( 'NONE', *, *, #1634, .T. ) ;
#13399 = ORIENTED_EDGE ( 'NONE', *, *, #570, .F. ) ;
#13400 = PLANE ( 'NONE',  #12114 ) ;
#13401 = DIRECTION ( 'NONE',  ( 0.000000000000000000, 0.000000000000000000, 1.000000000000000000 ) ) ;
#13402 = ORIENTED_EDGE ( 'NONE', *, *, #9804, .F. ) ;
#13403 = DIRECTION ( 'NONE',  ( 0.000000000000000000, 0.000000000000000000, -1.000000000000000000 ) ) ;
#13404 = AXIS2_PLACEMENT_3D ( 'NONE', #12797, #287, #2595 ) ;
#13405 = ORIENTED_EDGE ( 'NONE', *, *, #10711, .T. ) ;
#13406 = LINE ( 'NONE', #10189, #8938 ) ;
#13407 = DIRECTION ( 'NONE',  ( -0.6389710663783122468, 0.7692307692307702727, 0.000000000000000000 ) ) ;
#13408 = CARTESIAN_POINT ( 'NONE',  ( 2.149999999999999911, -4.000000000000000000, 7.450000000000000178 ) ) ;
#13409 = EDGE_LOOP ( 'NONE', ( #10683, #3090, #1688, #11755 ) ) ;
#13410 = CARTESIAN_POINT ( 'NONE',  ( 4.841398726455739876, 0.6999999999999999556, 15.84999999999999964 ) ) ;
#13411 = DIRECTION ( 'NONE',  ( 0.8386705679454268259, -0.5446390350150228654, 0.000000000000000000 ) ) ;
#13412 = LINE ( 'NONE', #12834, #9245 ) ;
#13413 = EDGE_CURVE ( 'NONE', #8687, #5883, #2610, .T. ) ;
#13414 = VECTOR ( 'NONE', #4720, 1000.000000000000000 ) ;
#13415 = DIRECTION ( 'NONE',  ( 0.000000000000000000, 0.000000000000000000, -1.000000000000000000 ) ) ;
#13416 = DIRECTION ( 'NONE',  ( 0.5735764363510499342, -0.8191520442889891340, 0.000000000000000000 ) ) ;
#13417 = FACE_OUTER_BOUND ( 'NONE', #8718, .T. ) ;
#13418 = DIRECTION ( 'NONE',  ( -0.1736481776669269450, 0.9848077530122086864, 0.000000000000000000 ) ) ;
#13419 = CARTESIAN_POINT ( 'NONE',  ( -6.077610530143179979, 9.327446567904038588, 4.850000000000000533 ) ) ;
#13420 = PLANE ( 'NONE',  #9797 ) ;
#13421 = EDGE_CURVE ( 'NONE', #4614, #10005, #2764, .T. ) ;
#13422 = ORIENTED_EDGE ( 'NONE', *, *, #6308, .T. ) ;
#13423 = ORIENTED_EDGE ( 'NONE', *, *, #12701, .T. ) ;
#13424 = EDGE_LOOP ( 'NONE', ( #1012, #12845, #499, #7953, #4557, #8870 ) ) ;
#13425 = VERTEX_POINT ( 'NONE', #1243 ) ;
#13426 = ORIENTED_EDGE ( 'NONE', *, *, #11021, .T. ) ;
#13427 = FACE_OUTER_BOUND ( 'NONE', #65, .T. ) ;
#13428 = AXIS2_PLACEMENT_3D ( 'NONE', #6680, #11895, #7661 ) ;
#13429 = ORIENTED_EDGE ( 'NONE', *, *, #4696, .F. ) ;
#13430 = VECTOR ( 'NONE', #116, 999.9999999999998863 ) ;
#13431 = DIRECTION ( 'NONE',  ( 0.000000000000000000, 1.000000000000000000, 0.000000000000000000 ) ) ;
#13432 = EDGE_CURVE ( 'NONE', #10001, #11333, #2810, .T. ) ;
#13433 = LINE ( 'NONE', #1179, #13513 ) ;
#13434 = CARTESIAN_POINT ( 'NONE',  ( -2.850000000000000089, -3.945434298440979592, 2.994097995545655255 ) ) ;
#13435 = DIRECTION ( 'NONE',  ( 0.6389710663783111366, -0.7692307692307711608, 0.000000000000000000 ) ) ;
#13436 = DIRECTION ( 'NONE',  ( 0.4493487905883666311, 0.6919364591594880931, -0.5650748630779840465 ) ) ;
#13437 = FACE_OUTER_BOUND ( 'NONE', #11118, .T. ) ;
#13438 = FILL_AREA_STYLE ('',( #12386 ) ) ;
#13439 = LINE ( 'NONE', #1964, #13542 ) ;
#13440 = CARTESIAN_POINT ( 'NONE',  ( -0.9000476708424469674, 10.66194478217150099, -6.450000000000000178 ) ) ;
#13441 = ORIENTED_EDGE ( 'NONE', *, *, #11779, .F. ) ;
#13442 = VERTEX_POINT ( 'NONE', #5757 ) ;
#13443 = ORIENTED_EDGE ( 'NONE', *, *, #13052, .T. ) ;
#13444 = PLANE ( 'NONE',  #1870 ) ;
#13445 = ORIENTED_EDGE ( 'NONE', *, *, #2209, .T. ) ;
#13446 = DIRECTION ( 'NONE',  ( 1.000000000000000000, 0.000000000000000000, 0.000000000000000000 ) ) ;
#13447 = EDGE_CURVE ( 'NONE', #12907, #1390, #7354, .T. ) ;
#13448 = CARTESIAN_POINT ( 'NONE',  ( -7.500000000000000000, -3.500000000000000000, -12.55000000000000071 ) ) ;
#13449 = ORIENTED_EDGE ( 'NONE', *, *, #13215, .F. ) ;
#13450 = DIRECTION ( 'NONE',  ( 0.000000000000000000, 0.000000000000000000, 1.000000000000000000 ) ) ;
#13451 = EDGE_CURVE ( 'NONE', #1072, #13384, #2586, .T. ) ;
#13452 = ORIENTED_EDGE ( 'NONE', *, *, #6569, .T. ) ;
#13453 = VECTOR ( 'NONE', #4488, 1000.000000000000000 ) ;
#13454 = EDGE_CURVE ( 'NONE', #9453, #4188, #7171, .T. ) ;
#13455 = ORIENTED_EDGE ( 'NONE', *, *, #10038, .T. ) ;
#13456 = VECTOR ( 'NONE', #7767, 999.9999999999998863 ) ;
#13457 = AXIS2_PLACEMENT_3D ( 'NONE', #9095, #2696, #1846 ) ;
#13458 = LINE ( 'NONE', #12066, #8876 ) ;
#13459 = EDGE_CURVE ( 'NONE', #2941, #8459, #2700, .T. ) ;
#13460 = ORIENTED_EDGE ( 'NONE', *, *, #9682, .T. ) ;
#13461 = DIRECTION ( 'NONE',  ( 0.000000000000000000, 0.000000000000000000, -1.000000000000000000 ) ) ;
#13462 = LINE ( 'NONE', #8003, #4500 ) ;
#13463 = EDGE_CURVE ( 'NONE', #5389, #5068, #7298, .T. ) ;
#13464 = VERTEX_POINT ( 'NONE', #7482 ) ;
#13465 = ORIENTED_EDGE ( 'NONE', *, *, #4148, .T. ) ;
#13466 = CARTESIAN_POINT ( 'NONE',  ( 1.250000000000000000, 0.4000000000000000222, 16.44999999999999929 ) ) ;
#13467 = VERTEX_POINT ( 'NONE', #8538 ) ;
#13468 = DIRECTION ( 'NONE',  ( -0.4834473103160809582, 0.8753734620995469173, 0.000000000000000000 ) ) ;
#13469 = VERTEX_POINT ( 'NONE', #12709 ) ;
#13470 = ADVANCED_FACE ( 'NONE', ( #7086 ), #295, .F. ) ;
#13471 = EDGE_LOOP ( 'NONE', ( #1051, #13070, #13152, #2437 ) ) ;
#13472 = AXIS2_PLACEMENT_3D ( 'NONE', #1798, #13411, #2354 ) ;
#13473 = CARTESIAN_POINT ( 'NONE',  ( 3.588643222671839883, 9.139278838686021089, 9.500000000000000000 ) ) ;
#13474 = DIRECTION ( 'NONE',  ( 0.000000000000000000, 0.000000000000000000, -1.000000000000000000 ) ) ;
#13475 = ORIENTED_EDGE ( 'NONE', *, *, #159, .T. ) ;
#13476 = FACE_OUTER_BOUND ( 'NONE', #6816, .T. ) ;
#13477 = DIRECTION ( 'NONE',  ( 0.1470157664652034513, 0.1470157664652033958, -0.9781476007338042455 ) ) ;
#13478 = DIRECTION ( 'NONE',  ( 1.000000000000000000, 0.000000000000000000, 0.000000000000000000 ) ) ;
#13479 = FACE_OUTER_BOUND ( 'NONE', #2554, .T. ) ;
#13480 = CARTESIAN_POINT ( 'NONE',  ( -1.530854753362479892, 11.74577986658169948, 3.550000000000000266 ) ) ;
#13481 = DIRECTION ( 'NONE',  ( 0.7071067811865470176, 0.7071067811865480168, 0.000000000000000000 ) ) ;
#13482 = EDGE_LOOP ( 'NONE', ( #10949, #11509, #5065, #10913 ) ) ;
#13483 = ORIENTED_EDGE ( 'NONE', *, *, #4196, .F. ) ;
#13484 = ORIENTED_EDGE ( 'NONE', *, *, #3341, .T. ) ;
#13485 = DIRECTION ( 'NONE',  ( 0.000000000000000000, 0.000000000000000000, 1.000000000000000000 ) ) ;
#13486 = EDGE_CURVE ( 'NONE', #10204, #3531, #11908, .T. ) ;
#13487 = DIRECTION ( 'NONE',  ( 0.000000000000000000, 0.000000000000000000, -1.000000000000000000 ) ) ;
#13488 = ORIENTED_EDGE ( 'NONE', *, *, #2123, .F. ) ;
#13489 = DIRECTION ( 'NONE',  ( 0.000000000000000000, 0.000000000000000000, -1.000000000000000000 ) ) ;
#13490 = ORIENTED_EDGE ( 'NONE', *, *, #11610, .F. ) ;
#13491 = VECTOR ( 'NONE', #10131, 1000.000000000000000 ) ;
#13492 = DIRECTION ( 'NONE',  ( 0.5735764363510499342, -0.8191520442889891340, 0.000000000000000000 ) ) ;
#13493 = DIRECTION ( 'NONE',  ( -0.5735764363510499342, 0.8191520442889891340, 0.000000000000000000 ) ) ;
#13494 = AXIS2_PLACEMENT_3D ( 'NONE', #2040, #8312, #9367 ) ;
#13495 = ORIENTED_EDGE ( 'NONE', *, *, #375, .T. ) ;
#13496 = DIRECTION ( 'NONE',  ( -0.7692307692307693845, -0.6389710663783134681, 0.000000000000000000 ) ) ;
#13497 = VECTOR ( 'NONE', #6037, 1000.000000000000000 ) ;
#13498 = VECTOR ( 'NONE', #13101, 1000.000000000000000 ) ;
#13499 = VECTOR ( 'NONE', #13272, 1000.000000000000000 ) ;
#13500 = CARTESIAN_POINT ( 'NONE',  ( 2.306154181162860084, 10.12774586688902190, 7.750000000000000000 ) ) ;
#13501 = DIRECTION ( 'NONE',  ( 0.000000000000000000, 0.000000000000000000, 1.000000000000000000 ) ) ;
#13502 = DIRECTION ( 'NONE',  ( 0.7071067811865477948, -0.7071067811865471286, 0.000000000000000000 ) ) ;
#13503 = ORIENTED_EDGE ( 'NONE', *, *, #13124, .F. ) ;
#13504 = EDGE_CURVE ( 'NONE', #3042, #4760, #7431, .T. ) ;
#13505 = ORIENTED_EDGE ( 'NONE', *, *, #3810, .T. ) ;
#13506 = ORIENTED_EDGE ( 'NONE', *, *, #204, .T. ) ;
#13507 = EDGE_LOOP ( 'NONE', ( #12933, #9174, #11756, #3800 ) ) ;
#13508 = ORIENTED_EDGE ( 'NONE', *, *, #1206, .F. ) ;
#13509 = VECTOR ( 'NONE', #6987, 999.9999999999998863 ) ;
#13510 = VERTEX_POINT ( 'NONE', #10044 ) ;
#13511 = FACE_OUTER_BOUND ( 'NONE', #3596, .T. ) ;
#13512 = DIRECTION ( 'NONE',  ( -0.7071067811865474617, 0.7071067811865474617, 0.000000000000000000 ) ) ;
#13513 = VECTOR ( 'NONE', #8834, 1000.000000000000000 ) ;
#13514 = DIRECTION ( 'NONE',  ( 1.000000000000000000, 0.000000000000000000, 0.000000000000000000 ) ) ;
#13515 = CARTESIAN_POINT ( 'NONE',  ( 2.475030032583884765, 7.424464904027790801, 12.75000000000000000 ) ) ;
#13516 = MANIFOLD_SOLID_BREP ( 'NONE', #6709 ) ;
#13517 = CARTESIAN_POINT ( 'NONE',  ( 1.926942286883454925, 7.972552649728219976, -12.25000000000000000 ) ) ;
#13518 = AXIS2_PLACEMENT_3D ( 'NONE', #1741, #398, #5683 ) ;
#13519 = CARTESIAN_POINT ( 'NONE',  ( 3.863453660807525392, 5.486275240474819626, -13.07738394034059937 ) ) ;
#13520 = CARTESIAN_POINT ( 'NONE',  ( -5.001253558300190249, 7.790249504023520011, 14.84999999999999964 ) ) ;
#13521 = VECTOR ( 'NONE', #4, 1000.000000000000000 ) ;
#13522 = VERTEX_POINT ( 'NONE', #8013 ) ;
#13523 = VECTOR ( 'NONE', #9945, 1000.000000000000000 ) ;
#13524 = DIRECTION ( 'NONE',  ( 0.8191520442889882458, 0.5735764363510511554, 0.000000000000000000 ) ) ;
#13525 = VERTEX_POINT ( 'NONE', #9079 ) ;
#13526 = EDGE_CURVE ( 'NONE', #2660, #13129, #11600, .T. ) ;
#13527 = PLANE ( 'NONE',  #5156 ) ;
#13528 = ORIENTED_EDGE ( 'NONE', *, *, #1808, .F. ) ;
#13529 = CARTESIAN_POINT ( 'NONE',  ( -5.575000000000000178, 16.69999999999999929, -6.450000000000000178 ) ) ;
#13530 = DIRECTION ( 'NONE',  ( 0.000000000000000000, 0.000000000000000000, -1.000000000000000000 ) ) ;
#13531 = ORIENTED_EDGE ( 'NONE', *, *, #1142, .F. ) ;
#13532 = CARTESIAN_POINT ( 'NONE',  ( -4.564624922667160689, 8.111000000000000654, 15.75000000000000000 ) ) ;
#13533 = VERTEX_POINT ( 'NONE', #13349 ) ;
#13534 = LINE ( 'NONE', #1338, #4809 ) ;
#13535 = VERTEX_POINT ( 'NONE', #10132 ) ;
#13536 = LINE ( 'NONE', #2833, #4465 ) ;
#13537 = FACE_OUTER_BOUND ( 'NONE', #2702, .T. ) ;
#13538 = EDGE_CURVE ( 'NONE', #11971, #4298, #7127, .T. ) ;
#13539 = ADVANCED_FACE ( 'NONE', ( #2672 ), #4096, .T. ) ;
#13540 = LINE ( 'NONE', #9965, #4310 ) ;
#13541 = AXIS2_PLACEMENT_3D ( 'NONE', #1492, #2561, #8416 ) ;
#13542 = VECTOR ( 'NONE', #7227, 1000.000000000000000 ) ;
#13543 = DIRECTION ( 'NONE',  ( 1.000000000000000000, 1.000179639958741938E-16, 0.000000000000000000 ) ) ;
#13544 = EDGE_LOOP ( 'NONE', ( #7822, #3622, #10907, #2497, #14, #1766, #9524, #8205, #13310, #6449, #4008, #8764, #378, #4203 ) ) ;
#13545 = CARTESIAN_POINT ( 'NONE',  ( -5.246999171586890220, 7.618176573118209838, -10.14999999999999858 ) ) ;
#13546 = CARTESIAN_POINT ( 'NONE',  ( 2.541927341110930882, 10.11273360902864304, -6.536501179625355817 ) ) ;
#13547 = ADVANCED_FACE ( 'NONE', ( #7238 ), #1926, .F. ) ;
#13548 = ORIENTED_EDGE ( 'NONE', *, *, #6060, .T. ) ;
#13549 = CARTESIAN_POINT ( 'NONE',  ( -6.750000000000000000, 16.69999999999999929, -3.050000000000000266 ) ) ;
#13550 = EDGE_CURVE ( 'NONE', #150, #10056, #12285, .T. ) ;
#13551 = ORIENTED_EDGE ( 'NONE', *, *, #9652, .F. ) ;
#13552 = FILL_AREA_STYLE_COLOUR ( '', #9020 ) ;
#13553 = AXIS2_PLACEMENT_3D ( 'NONE', #6377, #7402, #6575 ) ;
#13554 = CARTESIAN_POINT ( 'NONE',  ( -1.500787922441104927, 11.75383624964603868, 15.84999999999999964 ) ) ;
#13555 = EDGE_CURVE ( 'NONE', #4404, #6226, #7849, .T. ) ;
#13556 = ORIENTED_EDGE ( 'NONE', *, *, #9143, .F. ) ;
#13557 = ORIENTED_EDGE ( 'NONE', *, *, #3304, .F. ) ;
#13558 = CARTESIAN_POINT ( 'NONE',  ( -5.575000000000000178, 9.830057098047239705, -8.050000000000000711 ) ) ;
#13559 = NEXT_ASSEMBLY_USAGE_OCCURRENCE ( 'NAUO1', ' ', ' ', #10116, #3389, $ ) ;
ENDSEC;
END-ISO-10303-21;
