solid PARTassembly
   facet normal 0.0000 0.0000 1.0000
      outer loop
         vertex -8.0946 11.2492 0.0000
         vertex -8.0250 11.2692 0.0000
         vertex -8.0250 12.1299 0.0000
      endloop
   endfacet
   facet normal 0.0000 0.0000 1.0000
      outer loop
         vertex -8.0250 12.1299 0.0000
         vertex -8.0250 11.2692 0.0000
         vertex -7.9701 11.3241 0.0000
      endloop
   endfacet
   facet normal 0.0000 0.0000 1.0000
      outer loop
         vertex -8.0250 12.1299 0.0000
         vertex -7.9701 11.3241 0.0000
         vertex -7.9701 12.0750 0.0000
      endloop
   endfacet
   facet normal 0.0000 0.0000 1.0000
      outer loop
         vertex -7.9701 12.0750 0.0000
         vertex -7.9701 11.3241 0.0000
         vertex -7.9500 11.3991 0.0000
      endloop
   endfacet
   facet normal 0.0000 0.0000 1.0000
      outer loop
         vertex -7.9701 12.0750 0.0000
         vertex -7.9500 11.3991 0.0000
         vertex -7.9500 12.0000 0.0000
      endloop
   endfacet
   facet normal 0.0000 0.0000 1.0000
      outer loop
         vertex -8.1000 12.1500 0.0000
         vertex -9.0500 12.1500 0.0000
         vertex -8.9339 10.8839 0.0000
      endloop
   endfacet
   facet normal 0.0000 0.0000 1.0000
      outer loop
         vertex -8.1000 12.1500 0.0000
         vertex -8.9339 10.8839 0.0000
         vertex -8.6750 11.0825 0.0000
      endloop
   endfacet
   facet normal 0.0000 0.0000 1.0000
      outer loop
         vertex -8.1000 12.1500 0.0000
         vertex -8.6750 11.0825 0.0000
         vertex -8.3735 11.2074 0.0000
      endloop
   endfacet
   facet normal 0.0000 0.0000 1.0000
      outer loop
         vertex -8.1000 12.1500 0.0000
         vertex -8.3735 11.2074 0.0000
         vertex -8.0946 11.2492 0.0000
      endloop
   endfacet
   facet normal 0.0000 0.0000 1.0000
      outer loop
         vertex -8.1000 12.1500 0.0000
         vertex -8.0946 11.2492 0.0000
         vertex -8.0250 12.1299 0.0000
      endloop
   endfacet
   facet normal 0.0000 0.0000 1.0000
      outer loop
         vertex -8.9339 10.8839 0.0000
         vertex -9.0500 12.1500 0.0000
         vertex -9.0500 10.7326 0.0000
      endloop
   endfacet
   facet normal 0.0000 0.0000 1.0000
      outer loop
         vertex -8.6489 0.9500 0.0000
         vertex -8.6491 0.9565 0.0000
         vertex -8.6690 0.8750 0.0000
      endloop
   endfacet
   facet normal 0.0000 0.0000 1.0000
      outer loop
         vertex -8.6690 0.8750 0.0000
         vertex -8.6491 0.9565 0.0000
         vertex -8.6500 1.0000 0.0000
      endloop
   endfacet
   facet normal 0.0000 0.0000 1.0000
      outer loop
         vertex -8.6690 0.8750 0.0000
         vertex -8.6500 1.0000 0.0000
         vertex -8.7239 0.8201 0.0000
      endloop
   endfacet
   facet normal 0.0000 0.0000 1.0000
      outer loop
         vertex -8.7239 0.8201 0.0000
         vertex -8.6500 1.0000 0.0000
         vertex -8.5160 1.5000 0.0000
      endloop
   endfacet
   facet normal 0.0000 0.0000 1.0000
      outer loop
         vertex -8.7239 0.8201 0.0000
         vertex -8.5160 1.5000 0.0000
         vertex -7.9500 3.5500 0.0000
      endloop
   endfacet
   facet normal 0.0000 0.0000 1.0000
      outer loop
         vertex -7.9500 3.5500 0.0000
         vertex -8.5160 1.5000 0.0000
         vertex -8.1500 1.8660 0.0000
      endloop
   endfacet
   facet normal 0.0000 0.0000 1.0000
      outer loop
         vertex -7.9500 3.5500 0.0000
         vertex -8.1500 1.8660 0.0000
         vertex -7.9500 1.9539 0.0000
      endloop
   endfacet
   facet normal 0.0000 0.0000 1.0000
      outer loop
         vertex -8.7989 0.8000 0.0000
         vertex -8.7239 0.8201 0.0000
         vertex -7.9500 3.5500 0.0000
      endloop
   endfacet
   facet normal 0.0000 0.0000 1.0000
      outer loop
         vertex -8.7989 0.8000 0.0000
         vertex -7.9500 3.5500 0.0000
         vertex -8.8093 4.2070 0.0000
      endloop
   endfacet
   facet normal 0.0000 0.0000 1.0000
      outer loop
         vertex -8.7989 0.8000 0.0000
         vertex -8.8093 4.2070 0.0000
         vertex -8.9339 4.3161 0.0000
      endloop
   endfacet
   facet normal 0.0000 0.0000 1.0000
      outer loop
         vertex -8.7989 0.8000 0.0000
         vertex -8.9339 4.3161 0.0000
         vertex -9.0500 4.4500 0.0000
      endloop
   endfacet
   facet normal 0.0000 0.0000 1.0000
      outer loop
         vertex -8.7989 0.8000 0.0000
         vertex -9.0500 4.4500 0.0000
         vertex -9.0500 0.8000 0.0000
      endloop
   endfacet
   facet normal 0.0000 0.0000 1.0000
      outer loop
         vertex -8.8500 8.3000 0.0000
         vertex -8.6750 6.2825 0.0000
         vertex -8.6750 8.9175 0.0000
      endloop
   endfacet
   facet normal 0.0000 0.0000 1.0000
      outer loop
         vertex -8.6750 8.9175 0.0000
         vertex -8.6750 6.2825 0.0000
         vertex -8.3735 6.4074 0.0000
      endloop
   endfacet
   facet normal 0.0000 0.0000 1.0000
      outer loop
         vertex -8.6750 8.9175 0.0000
         vertex -8.3735 6.4074 0.0000
         vertex -8.3735 8.7926 0.0000
      endloop
   endfacet
   facet normal 0.0000 0.0000 1.0000
      outer loop
         vertex -8.3735 8.7926 0.0000
         vertex -8.3735 6.4074 0.0000
         vertex -8.0946 6.4492 0.0000
      endloop
   endfacet
   facet normal 0.0000 0.0000 1.0000
      outer loop
         vertex -8.3735 8.7926 0.0000
         vertex -8.0946 6.4492 0.0000
         vertex -8.0946 8.7508 0.0000
      endloop
   endfacet
   facet normal 0.0000 0.0000 1.0000
      outer loop
         vertex -8.0946 8.7508 0.0000
         vertex -8.0946 6.4492 0.0000
         vertex -8.0250 6.4692 0.0000
      endloop
   endfacet
   facet normal 0.0000 0.0000 1.0000
      outer loop
         vertex -8.0946 8.7508 0.0000
         vertex -8.0250 6.4692 0.0000
         vertex -8.0250 8.7308 0.0000
      endloop
   endfacet
   facet normal 0.0000 0.0000 1.0000
      outer loop
         vertex -8.0250 8.7308 0.0000
         vertex -8.0250 6.4692 0.0000
         vertex -7.9701 6.5241 0.0000
      endloop
   endfacet
   facet normal 0.0000 0.0000 1.0000
      outer loop
         vertex -8.0250 8.7308 0.0000
         vertex -7.9701 6.5241 0.0000
         vertex -7.9701 8.6759 0.0000
      endloop
   endfacet
   facet normal 0.0000 0.0000 1.0000
      outer loop
         vertex -7.9701 8.6759 0.0000
         vertex -7.9701 6.5241 0.0000
         vertex -7.9500 6.5991 0.0000
      endloop
   endfacet
   facet normal 0.0000 0.0000 1.0000
      outer loop
         vertex -7.9701 8.6759 0.0000
         vertex -7.9500 6.5991 0.0000
         vertex -7.9500 8.6009 0.0000
      endloop
   endfacet
   facet normal 0.0000 0.0000 1.0000
      outer loop
         vertex -8.8500 8.3000 0.0000
         vertex -8.6750 8.9175 0.0000
         vertex -8.8768 8.4000 0.0000
      endloop
   endfacet
   facet normal 0.0000 0.0000 1.0000
      outer loop
         vertex -8.8768 8.4000 0.0000
         vertex -8.6750 8.9175 0.0000
         vertex -8.9339 9.1161 0.0000
      endloop
   endfacet
   facet normal 0.0000 0.0000 1.0000
      outer loop
         vertex -8.8768 8.4000 0.0000
         vertex -8.9339 9.1161 0.0000
         vertex -8.9500 8.4732 0.0000
      endloop
   endfacet
   facet normal 0.0000 0.0000 1.0000
      outer loop
         vertex -8.9500 8.4732 0.0000
         vertex -8.9339 9.1161 0.0000
         vertex -9.0500 9.2674 0.0000
      endloop
   endfacet
   facet normal 0.0000 0.0000 1.0000
      outer loop
         vertex -8.9500 8.4732 0.0000
         vertex -9.0500 9.2674 0.0000
         vertex -9.0500 8.5000 0.0000
      endloop
   endfacet
   facet normal 0.0000 0.0000 1.0000
      outer loop
         vertex -8.8500 8.3000 0.0000
         vertex -8.8500 7.0000 0.0000
         vertex -8.6750 6.2825 0.0000
      endloop
   endfacet
   facet normal 0.0000 0.0000 1.0000
      outer loop
         vertex -8.6750 6.2825 0.0000
         vertex -8.8500 7.0000 0.0000
         vertex -8.8768 6.9000 0.0000
      endloop
   endfacet
   facet normal 0.0000 0.0000 1.0000
      outer loop
         vertex -8.6750 6.2825 0.0000
         vertex -8.8768 6.9000 0.0000
         vertex -8.9339 6.0839 0.0000
      endloop
   endfacet
   facet normal 0.0000 0.0000 1.0000
      outer loop
         vertex -8.9339 6.0839 0.0000
         vertex -8.8768 6.9000 0.0000
         vertex -8.9500 6.8268 0.0000
      endloop
   endfacet
   facet normal 0.0000 0.0000 1.0000
      outer loop
         vertex -8.9339 6.0839 0.0000
         vertex -8.9500 6.8268 0.0000
         vertex -9.0500 6.8000 0.0000
      endloop
   endfacet
   facet normal 0.0000 0.0000 1.0000
      outer loop
         vertex -8.9339 6.0839 0.0000
         vertex -9.0500 6.8000 0.0000
         vertex -9.0500 5.9500 0.0000
      endloop
   endfacet
   facet normal 0.0000 0.0000 1.0000
      outer loop
         vertex -3.9192 1.1250 0.0000
         vertex -3.9741 1.1799 0.0000
         vertex -3.8574 0.6765 0.0000
      endloop
   endfacet
   facet normal 0.0000 0.0000 1.0000
      outer loop
         vertex -3.9192 1.1250 0.0000
         vertex -3.8574 0.6765 0.0000
         vertex -3.9000 1.0000 0.0000
      endloop
   endfacet
   facet normal 0.0000 0.0000 1.0000
      outer loop
         vertex -3.9192 1.1250 0.0000
         vertex -3.9000 1.0000 0.0000
         vertex -3.8992 1.0446 0.0000
      endloop
   endfacet
   facet normal 0.0000 0.0000 1.0000
      outer loop
         vertex -3.9192 1.1250 0.0000
         vertex -3.8992 1.0446 0.0000
         vertex -3.8991 1.0500 0.0000
      endloop
   endfacet
   facet normal 0.0000 0.0000 1.0000
      outer loop
         vertex -3.5339 0.1161 0.0000
         vertex -3.7325 0.3750 0.0000
         vertex -6.5011 1.2000 0.0000
      endloop
   endfacet
   facet normal 0.0000 0.0000 1.0000
      outer loop
         vertex -6.5011 1.2000 0.0000
         vertex -3.7325 0.3750 0.0000
         vertex -3.8574 0.6765 0.0000
      endloop
   endfacet
   facet normal 0.0000 0.0000 1.0000
      outer loop
         vertex -6.5011 1.2000 0.0000
         vertex -3.8574 0.6765 0.0000
         vertex -4.0491 1.2000 0.0000
      endloop
   endfacet
   facet normal 0.0000 0.0000 1.0000
      outer loop
         vertex -4.0491 1.2000 0.0000
         vertex -3.8574 0.6765 0.0000
         vertex -3.9741 1.1799 0.0000
      endloop
   endfacet
   facet normal 0.0000 0.0000 1.0000
      outer loop
         vertex -3.5175 0.1000 0.0000
         vertex -3.5339 0.1161 0.0000
         vertex -6.5011 1.2000 0.0000
      endloop
   endfacet
   facet normal 0.0000 0.0000 1.0000
      outer loop
         vertex -3.5175 0.1000 0.0000
         vertex -6.5011 1.2000 0.0000
         vertex -6.5761 1.1799 0.0000
      endloop
   endfacet
   facet normal 0.0000 0.0000 1.0000
      outer loop
         vertex -3.5175 0.1000 0.0000
         vertex -6.5761 1.1799 0.0000
         vertex -6.6310 1.1250 0.0000
      endloop
   endfacet
   facet normal 0.0000 0.0000 1.0000
      outer loop
         vertex -3.5175 0.1000 0.0000
         vertex -6.6310 1.1250 0.0000
         vertex -6.6500 1.0000 0.0000
      endloop
   endfacet
   facet normal 0.0000 0.0000 1.0000
      outer loop
         vertex -3.5175 0.1000 0.0000
         vertex -6.6500 1.0000 0.0000
         vertex -6.7840 0.5000 0.0000
      endloop
   endfacet
   facet normal 0.0000 0.0000 1.0000
      outer loop
         vertex -3.5175 0.1000 0.0000
         vertex -6.7840 0.5000 0.0000
         vertex -7.1500 0.1340 0.0000
      endloop
   endfacet
   facet normal 0.0000 0.0000 1.0000
      outer loop
         vertex -3.5175 0.1000 0.0000
         vertex -7.1500 0.1340 0.0000
         vertex -7.2768 0.1000 0.0000
      endloop
   endfacet
   facet normal 0.0000 0.0000 1.0000
      outer loop
         vertex -6.6310 1.1250 0.0000
         vertex -6.6511 1.0500 0.0000
         vertex -6.6509 1.0435 0.0000
      endloop
   endfacet
   facet normal 0.0000 0.0000 1.0000
      outer loop
         vertex -6.6310 1.1250 0.0000
         vertex -6.6509 1.0435 0.0000
         vertex -6.6500 1.0000 0.0000
      endloop
   endfacet
   facet normal 0.0000 0.0000 1.0000
      outer loop
         vertex 0.4572 1.0339 0.0000
         vertex 0.4380 1.1250 0.0000
         vertex 0.4500 0.9000 0.0000
      endloop
   endfacet
   facet normal 0.0000 0.0000 1.0000
      outer loop
         vertex 0.4500 0.9000 0.0000
         vertex 0.4380 1.1250 0.0000
         vertex 0.3831 1.1799 0.0000
      endloop
   endfacet
   facet normal 0.0000 0.0000 1.0000
      outer loop
         vertex 0.4500 0.9000 0.0000
         vertex 0.3831 1.1799 0.0000
         vertex 0.4926 0.5765 0.0000
      endloop
   endfacet
   facet normal 0.0000 0.0000 1.0000
      outer loop
         vertex 0.4926 0.5765 0.0000
         vertex 0.3831 1.1799 0.0000
         vertex 0.3081 1.2000 0.0000
      endloop
   endfacet
   facet normal 0.0000 0.0000 1.0000
      outer loop
         vertex 0.4926 0.5765 0.0000
         vertex 0.3081 1.2000 0.0000
         vertex -1.2509 1.2000 0.0000
      endloop
   endfacet
   facet normal 0.0000 0.0000 1.0000
      outer loop
         vertex -1.2509 1.2000 0.0000
         vertex -1.3259 1.1799 0.0000
         vertex 0.7518 0.1000 0.0000
      endloop
   endfacet
   facet normal 0.0000 0.0000 1.0000
      outer loop
         vertex -1.2509 1.2000 0.0000
         vertex 0.7518 0.1000 0.0000
         vertex 0.6175 0.2750 0.0000
      endloop
   endfacet
   facet normal 0.0000 0.0000 1.0000
      outer loop
         vertex -1.2509 1.2000 0.0000
         vertex 0.6175 0.2750 0.0000
         vertex 0.4926 0.5765 0.0000
      endloop
   endfacet
   facet normal 0.0000 0.0000 1.0000
      outer loop
         vertex 0.7518 0.1000 0.0000
         vertex -1.3259 1.1799 0.0000
         vertex -1.3808 1.1250 0.0000
      endloop
   endfacet
   facet normal 0.0000 0.0000 1.0000
      outer loop
         vertex 0.7518 0.1000 0.0000
         vertex -1.3808 1.1250 0.0000
         vertex -1.4000 1.0000 0.0000
      endloop
   endfacet
   facet normal 0.0000 0.0000 1.0000
      outer loop
         vertex 0.7518 0.1000 0.0000
         vertex -1.4000 1.0000 0.0000
         vertex -1.4426 0.6765 0.0000
      endloop
   endfacet
   facet normal 0.0000 0.0000 1.0000
      outer loop
         vertex 0.7518 0.1000 0.0000
         vertex -1.4426 0.6765 0.0000
         vertex -1.5675 0.3750 0.0000
      endloop
   endfacet
   facet normal 0.0000 0.0000 1.0000
      outer loop
         vertex 0.7518 0.1000 0.0000
         vertex -1.5675 0.3750 0.0000
         vertex -1.7661 0.1161 0.0000
      endloop
   endfacet
   facet normal 0.0000 0.0000 1.0000
      outer loop
         vertex 0.7518 0.1000 0.0000
         vertex -1.7661 0.1161 0.0000
         vertex -1.7825 0.1000 0.0000
      endloop
   endfacet
   facet normal 0.0000 0.0000 1.0000
      outer loop
         vertex -1.3808 1.1250 0.0000
         vertex -1.4009 1.0500 0.0000
         vertex -1.4008 1.0446 0.0000
      endloop
   endfacet
   facet normal 0.0000 0.0000 1.0000
      outer loop
         vertex -1.3808 1.1250 0.0000
         vertex -1.4008 1.0446 0.0000
         vertex -1.4000 1.0000 0.0000
      endloop
   endfacet
   facet normal 0.0000 0.0000 1.0000
      outer loop
         vertex 0.4380 1.1250 0.0000
         vertex 0.4572 1.0339 0.0000
         vertex 0.4581 1.0500 0.0000
      endloop
   endfacet
   facet normal 0.0000 0.0000 1.0000
      outer loop
         vertex 2.9419 1.0500 0.0000
         vertex 2.9428 1.0339 0.0000
         vertex 2.9620 1.1250 0.0000
      endloop
   endfacet
   facet normal 0.0000 0.0000 1.0000
      outer loop
         vertex 2.9620 1.1250 0.0000
         vertex 2.9428 1.0339 0.0000
         vertex 2.9500 0.9000 0.0000
      endloop
   endfacet
   facet normal 0.0000 0.0000 1.0000
      outer loop
         vertex 2.9620 1.1250 0.0000
         vertex 2.9500 0.9000 0.0000
         vertex 4.7500 0.1000 0.0000
      endloop
   endfacet
   facet normal 0.0000 0.0000 1.0000
      outer loop
         vertex 4.7500 0.1000 0.0000
         vertex 2.9500 0.9000 0.0000
         vertex 2.9074 0.5765 0.0000
      endloop
   endfacet
   facet normal 0.0000 0.0000 1.0000
      outer loop
         vertex 4.7500 0.1000 0.0000
         vertex 2.9074 0.5765 0.0000
         vertex 2.7825 0.2750 0.0000
      endloop
   endfacet
   facet normal 0.0000 0.0000 1.0000
      outer loop
         vertex 4.7500 0.1000 0.0000
         vertex 4.7500 1.0500 0.0000
         vertex 4.7299 1.1250 0.0000
      endloop
   endfacet
   facet normal 0.0000 0.0000 1.0000
      outer loop
         vertex 4.7500 0.1000 0.0000
         vertex 4.7299 1.1250 0.0000
         vertex 4.6750 1.1799 0.0000
      endloop
   endfacet
   facet normal 0.0000 0.0000 1.0000
      outer loop
         vertex 4.7500 0.1000 0.0000
         vertex 4.6750 1.1799 0.0000
         vertex 4.6000 1.2000 0.0000
      endloop
   endfacet
   facet normal 0.0000 0.0000 1.0000
      outer loop
         vertex 4.7500 0.1000 0.0000
         vertex 4.6000 1.2000 0.0000
         vertex 3.0919 1.2000 0.0000
      endloop
   endfacet
   facet normal 0.0000 0.0000 1.0000
      outer loop
         vertex 4.7500 0.1000 0.0000
         vertex 3.0919 1.2000 0.0000
         vertex 3.0169 1.1799 0.0000
      endloop
   endfacet
   facet normal 0.0000 0.0000 1.0000
      outer loop
         vertex 4.7500 0.1000 0.0000
         vertex 3.0169 1.1799 0.0000
         vertex 2.9620 1.1250 0.0000
      endloop
   endfacet
   facet normal 0.0000 0.0000 1.0000
      outer loop
         vertex 4.7500 0.1000 0.0000
         vertex 2.7825 0.2750 0.0000
         vertex 2.6482 0.1000 0.0000
      endloop
   endfacet
   facet normal 0.0000 0.0000 1.0000
      outer loop
         vertex 4.8500 4.4000 0.0000
         vertex 3.3500 4.4000 0.0000
         vertex 4.8500 2.4000 0.0000
      endloop
   endfacet
   facet normal 0.0000 0.0000 1.0000
      outer loop
         vertex 4.8500 4.4000 0.0000
         vertex 4.8500 2.4000 0.0000
         vertex 5.2500 2.2400 0.0000
      endloop
   endfacet
   facet normal 0.0000 0.0000 1.0000
      outer loop
         vertex 4.8500 4.4000 0.0000
         vertex 5.2500 2.2400 0.0000
         vertex 5.2500 4.5600 0.0000
      endloop
   endfacet
   facet normal 0.0000 0.0000 1.0000
      outer loop
         vertex 4.8500 2.4000 0.0000
         vertex 3.3500 4.4000 0.0000
         vertex 3.3500 2.4000 0.0000
      endloop
   endfacet
   facet normal 0.0000 0.0000 1.0000
      outer loop
         vertex -7.0000 12.5500 0.0000
         vertex -7.0000 10.9000 0.0000
         vertex 3.7007 10.9000 0.0000
      endloop
   endfacet
   facet normal 0.0000 0.0000 1.0000
      outer loop
         vertex -7.0000 12.5500 0.0000
         vertex 3.7007 10.9000 0.0000
         vertex -0.2500 11.7500 0.0000
      endloop
   endfacet
   facet normal 0.0000 0.0000 1.0000
      outer loop
         vertex -7.0000 12.5500 0.0000
         vertex -0.2500 11.7500 0.0000
         vertex -0.2500 12.3500 0.0000
      endloop
   endfacet
   facet normal 0.0000 0.0000 1.0000
      outer loop
         vertex -7.0000 12.5500 0.0000
         vertex -0.2500 12.3500 0.0000
         vertex -0.2500 12.4000 0.0000
      endloop
   endfacet
   facet normal 0.0000 0.0000 1.0000
      outer loop
         vertex -7.0000 12.5500 0.0000
         vertex -0.2500 12.4000 0.0000
         vertex -0.2500 12.6500 0.0000
      endloop
   endfacet
   facet normal 0.0000 0.0000 1.0000
      outer loop
         vertex -7.0000 12.5500 0.0000
         vertex -0.2500 12.6500 0.0000
         vertex -7.1000 12.6500 0.0000
      endloop
   endfacet
   facet normal 0.0000 0.0000 1.0000
      outer loop
         vertex -0.2500 12.4000 0.0000
         vertex -0.2500 12.3500 0.0000
         vertex 1.9727 12.3500 0.0000
      endloop
   endfacet
   facet normal 0.0000 0.0000 1.0000
      outer loop
         vertex -0.2500 12.4000 0.0000
         vertex 1.9727 12.3500 0.0000
         vertex 1.9131 12.4000 0.0000
      endloop
   endfacet
   facet normal 0.0000 0.0000 1.0000
      outer loop
         vertex -0.2500 11.7500 0.0000
         vertex 3.7007 10.9000 0.0000
         vertex 2.6877 11.7500 0.0000
      endloop
   endfacet
   facet normal 0.0000 0.0000 -1.0000
      outer loop
         vertex 5.2500 2.2400 0.0000
         vertex 5.3500 2.2000 0.0000
         vertex 5.2500 0.4000 0.0000
      endloop
   endfacet
   facet normal 0.0000 0.0000 -1.0000
      outer loop
         vertex 5.2500 0.4000 0.0000
         vertex 5.3500 2.2000 0.0000
         vertex 5.3098 0.1500 0.0000
      endloop
   endfacet
   facet normal 0.0000 0.0000 -1.0000
      outer loop
         vertex 5.2500 0.4000 0.0000
         vertex 5.3098 0.1500 0.0000
         vertex 5.2098 0.2500 0.0000
      endloop
   endfacet
   facet normal 0.0000 0.0000 -1.0000
      outer loop
         vertex 5.2098 0.2500 0.0000
         vertex 5.3098 0.1500 0.0000
         vertex 5.2000 0.0402 0.0000
      endloop
   endfacet
   facet normal 0.0000 0.0000 -1.0000
      outer loop
         vertex 5.2098 0.2500 0.0000
         vertex 5.2000 0.0402 0.0000
         vertex 5.1000 0.1402 0.0000
      endloop
   endfacet
   facet normal 0.0000 0.0000 -1.0000
      outer loop
         vertex 5.1000 0.1402 0.0000
         vertex 5.2000 0.0402 0.0000
         vertex 5.0500 0.0000 0.0000
      endloop
   endfacet
   facet normal 0.0000 0.0000 -1.0000
      outer loop
         vertex 5.1000 0.1402 0.0000
         vertex 5.0500 0.0000 0.0000
         vertex 4.9500 0.1000 0.0000
      endloop
   endfacet
   facet normal 0.0000 0.0000 -1.0000
      outer loop
         vertex 4.9500 0.1000 0.0000
         vertex 5.0500 0.0000 0.0000
         vertex 4.7500 0.0000 0.0000
      endloop
   endfacet
   facet normal 0.0000 0.0000 -1.0000
      outer loop
         vertex 4.9500 0.1000 0.0000
         vertex 4.7500 0.0000 0.0000
         vertex 4.7500 0.1000 0.0000
      endloop
   endfacet
   facet normal 0.0000 0.0000 -1.0000
      outer loop
         vertex 5.3098 0.1500 0.0000
         vertex 5.3500 2.2000 0.0000
         vertex 5.3500 0.3000 0.0000
      endloop
   endfacet
   facet normal 0.0000 0.0000 -1.0000
      outer loop
         vertex 5.3098 9.6601 0.0000
         vertex 5.3500 9.5101 0.0000
         vertex 5.3500 4.6000 0.0000
      endloop
   endfacet
   facet normal 0.0000 0.0000 -1.0000
      outer loop
         vertex 5.3098 9.6601 0.0000
         vertex 5.3500 4.6000 0.0000
         vertex 5.2500 4.5600 0.0000
      endloop
   endfacet
   facet normal 0.0000 0.0000 -1.0000
      outer loop
         vertex 5.3098 9.6601 0.0000
         vertex 5.2500 4.5600 0.0000
         vertex 5.2500 9.4601 0.0000
      endloop
   endfacet
   facet normal 0.0000 0.0000 -1.0000
      outer loop
         vertex 5.3098 9.6601 0.0000
         vertex 5.2500 9.4601 0.0000
         vertex 5.2428 9.7399 0.0000
      endloop
   endfacet
   facet normal 0.0000 0.0000 -1.0000
      outer loop
         vertex 3.7007 10.9000 0.0000
         vertex 3.8603 10.9000 0.0000
         vertex 5.1428 9.6899 0.0000
      endloop
   endfacet
   facet normal 0.0000 0.0000 -1.0000
      outer loop
         vertex 5.1428 9.6899 0.0000
         vertex 3.8603 10.9000 0.0000
         vertex 5.2428 9.7399 0.0000
      endloop
   endfacet
   facet normal 0.0000 0.0000 -1.0000
      outer loop
         vertex 5.1428 9.6899 0.0000
         vertex 5.2428 9.7399 0.0000
         vertex 5.2098 9.6101 0.0000
      endloop
   endfacet
   facet normal 0.0000 0.0000 -1.0000
      outer loop
         vertex 5.2098 9.6101 0.0000
         vertex 5.2428 9.7399 0.0000
         vertex 5.2500 9.4601 0.0000
      endloop
   endfacet
   facet normal 0.0000 0.0000 -1.0000
      outer loop
         vertex 0.7518 0.1000 0.0000
         vertex 2.6482 0.1000 0.0000
         vertex 2.5839 0.0161 0.0000
      endloop
   endfacet
   facet normal 0.0000 0.0000 -1.0000
      outer loop
         vertex 0.7518 0.1000 0.0000
         vertex 2.5839 0.0161 0.0000
         vertex 2.5675 0.0000 0.0000
      endloop
   endfacet
   facet normal 0.0000 0.0000 -1.0000
      outer loop
         vertex 0.7518 0.1000 0.0000
         vertex 2.5675 0.0000 0.0000
         vertex 0.8325 0.0000 0.0000
      endloop
   endfacet
   facet normal 0.0000 0.0000 -1.0000
      outer loop
         vertex 0.7518 0.1000 0.0000
         vertex 0.8325 0.0000 0.0000
         vertex 0.8161 0.0161 0.0000
      endloop
   endfacet
   facet normal 0.0000 0.0000 -1.0000
      outer loop
         vertex -9.0500 0.4000 0.0000
         vertex -9.0098 0.2500 0.0000
         vertex -9.0000 0.0402 0.0000
      endloop
   endfacet
   facet normal 0.0000 0.0000 -1.0000
      outer loop
         vertex -9.0000 0.0402 0.0000
         vertex -9.0098 0.2500 0.0000
         vertex -8.9000 0.1402 0.0000
      endloop
   endfacet
   facet normal 0.0000 0.0000 -1.0000
      outer loop
         vertex -9.0000 0.0402 0.0000
         vertex -8.9000 0.1402 0.0000
         vertex -8.8500 0.0000 0.0000
      endloop
   endfacet
   facet normal 0.0000 0.0000 -1.0000
      outer loop
         vertex -8.8500 0.0000 0.0000
         vertex -8.9000 0.1402 0.0000
         vertex -8.7500 0.1000 0.0000
      endloop
   endfacet
   facet normal 0.0000 0.0000 -1.0000
      outer loop
         vertex -8.8500 0.0000 0.0000
         vertex -8.7500 0.1000 0.0000
         vertex -7.6500 -0.0000 0.0000
      endloop
   endfacet
   facet normal 0.0000 0.0000 -1.0000
      outer loop
         vertex -7.6500 -0.0000 0.0000
         vertex -8.7500 0.1000 0.0000
         vertex -7.2768 0.1000 0.0000
      endloop
   endfacet
   facet normal 0.0000 0.0000 -1.0000
      outer loop
         vertex -9.1098 0.1500 0.0000
         vertex -9.1500 0.3000 0.0000
         vertex -9.0500 0.8000 0.0000
      endloop
   endfacet
   facet normal 0.0000 0.0000 -1.0000
      outer loop
         vertex -9.1098 0.1500 0.0000
         vertex -9.0500 0.8000 0.0000
         vertex -9.0500 0.4000 0.0000
      endloop
   endfacet
   facet normal 0.0000 0.0000 -1.0000
      outer loop
         vertex -9.1098 0.1500 0.0000
         vertex -9.0500 0.4000 0.0000
         vertex -9.0000 0.0402 0.0000
      endloop
   endfacet
   facet normal 0.0000 0.0000 -1.0000
      outer loop
         vertex -9.0500 0.8000 0.0000
         vertex -9.1500 0.3000 0.0000
         vertex -9.1500 0.8000 0.0000
      endloop
   endfacet
   facet normal 0.0000 0.0000 -1.0000
      outer loop
         vertex -8.9000 12.6098 0.0000
         vertex -9.0098 12.5000 0.0000
         vertex -9.0000 12.7098 0.0000
      endloop
   endfacet
   facet normal 0.0000 0.0000 -1.0000
      outer loop
         vertex -9.0000 12.7098 0.0000
         vertex -9.0098 12.5000 0.0000
         vertex -9.0500 12.3500 0.0000
      endloop
   endfacet
   facet normal 0.0000 0.0000 -1.0000
      outer loop
         vertex -9.0000 12.7098 0.0000
         vertex -9.0500 12.3500 0.0000
         vertex -9.1098 12.6000 0.0000
      endloop
   endfacet
   facet normal 0.0000 0.0000 -1.0000
      outer loop
         vertex -9.1098 12.6000 0.0000
         vertex -9.0500 12.3500 0.0000
         vertex -9.0500 12.1500 0.0000
      endloop
   endfacet
   facet normal 0.0000 0.0000 -1.0000
      outer loop
         vertex -9.1098 12.6000 0.0000
         vertex -9.0500 12.1500 0.0000
         vertex -9.1500 12.1500 0.0000
      endloop
   endfacet
   facet normal 0.0000 0.0000 -1.0000
      outer loop
         vertex -8.7500 12.6500 0.0000
         vertex -8.9000 12.6098 0.0000
         vertex -8.8500 12.7500 0.0000
      endloop
   endfacet
   facet normal 0.0000 0.0000 -1.0000
      outer loop
         vertex -8.7500 12.6500 0.0000
         vertex -8.8500 12.7500 0.0000
         vertex -7.2000 12.7500 0.0000
      endloop
   endfacet
   facet normal 0.0000 0.0000 -1.0000
      outer loop
         vertex -8.7500 12.6500 0.0000
         vertex -7.2000 12.7500 0.0000
         vertex -7.1000 12.6500 0.0000
      endloop
   endfacet
   facet normal 0.0000 0.0000 -1.0000
      outer loop
         vertex -8.9000 12.6098 0.0000
         vertex -9.0000 12.7098 0.0000
         vertex -8.8500 12.7500 0.0000
      endloop
   endfacet
   facet normal 0.0000 0.0000 -1.0000
      outer loop
         vertex -9.1098 12.6000 0.0000
         vertex -9.1500 12.1500 0.0000
         vertex -9.1500 12.4500 0.0000
      endloop
   endfacet
   facet normal 0.0000 0.0000 -1.0000
      outer loop
         vertex -9.1325 10.6250 0.0000
         vertex -9.0500 10.7326 0.0000
         vertex -9.0500 9.2674 0.0000
      endloop
   endfacet
   facet normal 0.0000 0.0000 -1.0000
      outer loop
         vertex -9.1325 10.6250 0.0000
         vertex -9.0500 9.2674 0.0000
         vertex -9.1325 9.3750 0.0000
      endloop
   endfacet
   facet normal 0.0000 0.0000 -1.0000
      outer loop
         vertex -9.1325 10.6250 0.0000
         vertex -9.1325 9.3750 0.0000
         vertex -9.1500 9.4063 0.0000
      endloop
   endfacet
   facet normal 0.0000 0.0000 -1.0000
      outer loop
         vertex -9.1325 10.6250 0.0000
         vertex -9.1500 9.4063 0.0000
         vertex -9.1500 10.5937 0.0000
      endloop
   endfacet
   facet normal 0.0000 0.0000 1.0000
      outer loop
         vertex -0.2500 12.3457 7.0000
         vertex -0.2500 12.7500 7.0000
         vertex -1.7000 4.6500 7.0000
      endloop
   endfacet
   facet normal 0.0000 0.0000 1.0000
      outer loop
         vertex -1.7000 4.6500 7.0000
         vertex -0.2500 12.7500 7.0000
         vertex -3.3000 9.7000 7.0000
      endloop
   endfacet
   facet normal 0.0000 0.0000 1.0000
      outer loop
         vertex -1.7000 4.6500 7.0000
         vertex -3.3000 9.7000 7.0000
         vertex -1.7000 2.1000 7.0000
      endloop
   endfacet
   facet normal 0.0000 0.0000 1.0000
      outer loop
         vertex -1.7000 2.1000 7.0000
         vertex -3.3000 9.7000 7.0000
         vertex -3.3603 9.4750 7.0000
      endloop
   endfacet
   facet normal 0.0000 0.0000 1.0000
      outer loop
         vertex -1.7000 2.1000 7.0000
         vertex -3.3603 9.4750 7.0000
         vertex -3.4491 7.3000 7.0000
      endloop
   endfacet
   facet normal 0.0000 0.0000 1.0000
      outer loop
         vertex -3.4491 7.3000 7.0000
         vertex -3.3603 9.4750 7.0000
         vertex -3.4692 7.3750 7.0000
      endloop
   endfacet
   facet normal 0.0000 0.0000 1.0000
      outer loop
         vertex -3.4931 7.4061 7.0000
         vertex -3.4692 7.3750 7.0000
         vertex -3.3603 9.4750 7.0000
      endloop
   endfacet
   facet normal 0.0000 0.0000 1.0000
      outer loop
         vertex -3.4931 7.4061 7.0000
         vertex -3.3603 9.4750 7.0000
         vertex -3.5250 9.3103 7.0000
      endloop
   endfacet
   facet normal 0.0000 0.0000 1.0000
      outer loop
         vertex -3.4931 7.4061 7.0000
         vertex -3.5250 9.3103 7.0000
         vertex -3.7500 9.2500 7.0000
      endloop
   endfacet
   facet normal 0.0000 0.0000 1.0000
      outer loop
         vertex -3.4931 7.4061 7.0000
         vertex -3.7500 9.2500 7.0000
         vertex -3.7684 7.6814 7.0000
      endloop
   endfacet
   facet normal 0.0000 0.0000 1.0000
      outer loop
         vertex -3.9750 9.3103 7.0000
         vertex -4.1397 9.4750 7.0000
         vertex -4.0997 7.9356 7.0000
      endloop
   endfacet
   facet normal 0.0000 0.0000 1.0000
      outer loop
         vertex -3.9750 9.3103 7.0000
         vertex -4.0997 7.9356 7.0000
         vertex -3.7684 7.6814 7.0000
      endloop
   endfacet
   facet normal 0.0000 0.0000 1.0000
      outer loop
         vertex -3.9750 9.3103 7.0000
         vertex -3.7684 7.6814 7.0000
         vertex -3.7500 9.2500 7.0000
      endloop
   endfacet
   facet normal 0.0000 0.0000 1.0000
      outer loop
         vertex -5.6330 7.4000 7.0000
         vertex -5.7000 7.6500 7.0000
         vertex -8.8500 12.7500 7.0000
      endloop
   endfacet
   facet normal 0.0000 0.0000 1.0000
      outer loop
         vertex -8.8500 12.7500 7.0000
         vertex -5.7000 7.6500 7.0000
         vertex -5.7000 8.1500 7.0000
      endloop
   endfacet
   facet normal 0.0000 0.0000 1.0000
      outer loop
         vertex -8.8500 12.7500 7.0000
         vertex -5.7000 8.1500 7.0000
         vertex -4.1397 9.9250 7.0000
      endloop
   endfacet
   facet normal 0.0000 0.0000 1.0000
      outer loop
         vertex -4.1397 9.9250 7.0000
         vertex -5.7000 8.1500 7.0000
         vertex -4.8997 8.1500 7.0000
      endloop
   endfacet
   facet normal 0.0000 0.0000 1.0000
      outer loop
         vertex -4.1397 9.9250 7.0000
         vertex -4.8997 8.1500 7.0000
         vertex -4.2000 9.7000 7.0000
      endloop
   endfacet
   facet normal 0.0000 0.0000 1.0000
      outer loop
         vertex -4.2000 9.7000 7.0000
         vertex -4.8997 8.1500 7.0000
         vertex -4.0997 7.9356 7.0000
      endloop
   endfacet
   facet normal 0.0000 0.0000 1.0000
      outer loop
         vertex -4.2000 9.7000 7.0000
         vertex -4.0997 7.9356 7.0000
         vertex -4.1397 9.4750 7.0000
      endloop
   endfacet
   facet normal 0.0000 0.0000 1.0000
      outer loop
         vertex 2.1410 12.3427 7.0000
         vertex -0.2500 12.3457 7.0000
         vertex -0.2500 12.3427 7.0000
      endloop
   endfacet
   facet normal 0.0000 0.0000 1.0000
      outer loop
         vertex -0.2500 12.3427 7.0000
         vertex -0.2500 12.3457 7.0000
         vertex -1.7000 4.6500 7.0000
      endloop
   endfacet
   facet normal 0.0000 0.0000 1.0000
      outer loop
         vertex -0.2500 12.3427 7.0000
         vertex -1.7000 4.6500 7.0000
         vertex -0.2500 11.7500 7.0000
      endloop
   endfacet
   facet normal 0.0000 0.0000 1.0000
      outer loop
         vertex -0.2500 11.7500 7.0000
         vertex -1.7000 4.6500 7.0000
         vertex 0.0339 4.6500 7.0000
      endloop
   endfacet
   facet normal 0.0000 0.0000 1.0000
      outer loop
         vertex -0.2500 11.7500 7.0000
         vertex 0.0339 4.6500 7.0000
         vertex 2.8473 11.7500 7.0000
      endloop
   endfacet
   facet normal 0.0000 0.0000 1.0000
      outer loop
         vertex 2.8473 11.7500 7.0000
         vertex 0.0339 4.6500 7.0000
         vertex 5.0500 0.0000 7.0000
      endloop
   endfacet
   facet normal 0.0000 0.0000 1.0000
      outer loop
         vertex 2.8473 11.7500 7.0000
         vertex 5.0500 0.0000 7.0000
         vertex 5.2428 9.7399 7.0000
      endloop
   endfacet
   facet normal 0.0000 0.0000 1.0000
      outer loop
         vertex 5.2428 9.7399 7.0000
         vertex 5.0500 0.0000 7.0000
         vertex 5.2000 0.0402 7.0000
      endloop
   endfacet
   facet normal 0.0000 0.0000 1.0000
      outer loop
         vertex 5.2428 9.7399 7.0000
         vertex 5.2000 0.0402 7.0000
         vertex 5.3098 0.1500 7.0000
      endloop
   endfacet
   facet normal 0.0000 0.0000 1.0000
      outer loop
         vertex -0.2500 12.7500 7.0000
         vertex -8.8500 12.7500 7.0000
         vertex -3.9750 10.0897 7.0000
      endloop
   endfacet
   facet normal 0.0000 0.0000 1.0000
      outer loop
         vertex -0.2500 12.7500 7.0000
         vertex -3.9750 10.0897 7.0000
         vertex -3.7500 10.1500 7.0000
      endloop
   endfacet
   facet normal 0.0000 0.0000 1.0000
      outer loop
         vertex -0.2500 12.7500 7.0000
         vertex -3.7500 10.1500 7.0000
         vertex -3.5250 10.0897 7.0000
      endloop
   endfacet
   facet normal 0.0000 0.0000 1.0000
      outer loop
         vertex -0.2500 12.7500 7.0000
         vertex -3.5250 10.0897 7.0000
         vertex -3.3603 9.9250 7.0000
      endloop
   endfacet
   facet normal 0.0000 0.0000 1.0000
      outer loop
         vertex -0.2500 12.7500 7.0000
         vertex -3.3603 9.9250 7.0000
         vertex -3.3000 9.7000 7.0000
      endloop
   endfacet
   facet normal 0.0000 0.0000 1.0000
      outer loop
         vertex 5.3098 9.6601 7.0000
         vertex 5.2428 9.7399 7.0000
         vertex 5.3098 0.1500 7.0000
      endloop
   endfacet
   facet normal 0.0000 0.0000 1.0000
      outer loop
         vertex 5.3098 9.6601 7.0000
         vertex 5.3098 0.1500 7.0000
         vertex 5.3500 0.3000 7.0000
      endloop
   endfacet
   facet normal 0.0000 0.0000 1.0000
      outer loop
         vertex 5.3098 9.6601 7.0000
         vertex 5.3500 0.3000 7.0000
         vertex 5.3500 9.5101 7.0000
      endloop
   endfacet
   facet normal 0.0000 0.0000 1.0000
      outer loop
         vertex 5.0500 0.0000 7.0000
         vertex 0.0339 4.6500 7.0000
         vertex -0.9000 2.8500 7.0000
      endloop
   endfacet
   facet normal 0.0000 0.0000 1.0000
      outer loop
         vertex 5.0500 0.0000 7.0000
         vertex -0.9000 2.8500 7.0000
         vertex -0.9000 2.1000 7.0000
      endloop
   endfacet
   facet normal 0.0000 0.0000 1.0000
      outer loop
         vertex 5.0500 0.0000 7.0000
         vertex -0.9000 2.1000 7.0000
         vertex -1.7000 2.1000 7.0000
      endloop
   endfacet
   facet normal 0.0000 0.0000 1.0000
      outer loop
         vertex 5.0500 0.0000 7.0000
         vertex -1.7000 2.1000 7.0000
         vertex -8.8500 0.0000 7.0000
      endloop
   endfacet
   facet normal 0.0000 0.0000 1.0000
      outer loop
         vertex -1.7000 2.1000 7.0000
         vertex -3.4491 7.3000 7.0000
         vertex -3.4692 7.2250 7.0000
      endloop
   endfacet
   facet normal 0.0000 0.0000 1.0000
      outer loop
         vertex -1.7000 2.1000 7.0000
         vertex -3.4692 7.2250 7.0000
         vertex -3.5241 7.1701 7.0000
      endloop
   endfacet
   facet normal 0.0000 0.0000 1.0000
      outer loop
         vertex -1.7000 2.1000 7.0000
         vertex -3.5241 7.1701 7.0000
         vertex -3.5991 7.1500 7.0000
      endloop
   endfacet
   facet normal 0.0000 0.0000 1.0000
      outer loop
         vertex -1.7000 2.1000 7.0000
         vertex -3.5991 7.1500 7.0000
         vertex -5.2000 7.1500 7.0000
      endloop
   endfacet
   facet normal 0.0000 0.0000 1.0000
      outer loop
         vertex -1.7000 2.1000 7.0000
         vertex -5.2000 7.1500 7.0000
         vertex -5.4500 7.2170 7.0000
      endloop
   endfacet
   facet normal 0.0000 0.0000 1.0000
      outer loop
         vertex -1.7000 2.1000 7.0000
         vertex -5.4500 7.2170 7.0000
         vertex -5.6330 7.4000 7.0000
      endloop
   endfacet
   facet normal 0.0000 0.0000 1.0000
      outer loop
         vertex -1.7000 2.1000 7.0000
         vertex -5.6330 7.4000 7.0000
         vertex -8.8500 0.0000 7.0000
      endloop
   endfacet
   facet normal 0.0000 0.0000 1.0000
      outer loop
         vertex -5.6330 7.4000 7.0000
         vertex -8.8500 12.7500 7.0000
         vertex -8.8500 0.0000 7.0000
      endloop
   endfacet
   facet normal 0.0000 0.0000 1.0000
      outer loop
         vertex -8.8500 0.0000 7.0000
         vertex -8.8500 12.7500 7.0000
         vertex -9.0000 12.7098 7.0000
      endloop
   endfacet
   facet normal 0.0000 0.0000 1.0000
      outer loop
         vertex -8.8500 0.0000 7.0000
         vertex -9.0000 12.7098 7.0000
         vertex -9.0000 0.0402 7.0000
      endloop
   endfacet
   facet normal 0.0000 0.0000 1.0000
      outer loop
         vertex -9.0000 0.0402 7.0000
         vertex -9.0000 12.7098 7.0000
         vertex -9.1098 12.6000 7.0000
      endloop
   endfacet
   facet normal 0.0000 0.0000 1.0000
      outer loop
         vertex -9.0000 0.0402 7.0000
         vertex -9.1098 12.6000 7.0000
         vertex -9.1098 0.1500 7.0000
      endloop
   endfacet
   facet normal 0.0000 0.0000 1.0000
      outer loop
         vertex -9.1098 0.1500 7.0000
         vertex -9.1098 12.6000 7.0000
         vertex -9.1500 12.4500 7.0000
      endloop
   endfacet
   facet normal 0.0000 0.0000 1.0000
      outer loop
         vertex -9.1098 0.1500 7.0000
         vertex -9.1500 12.4500 7.0000
         vertex -9.1500 0.3000 7.0000
      endloop
   endfacet
   facet normal 0.0000 0.0000 1.0000
      outer loop
         vertex -0.2500 12.3457 7.0000
         vertex 2.1410 12.3427 7.0000
         vertex 2.1374 12.3457 7.0000
      endloop
   endfacet
   facet normal 0.0000 0.0000 1.0000
      outer loop
         vertex -3.9750 10.0897 7.0000
         vertex -8.8500 12.7500 7.0000
         vertex -4.1397 9.9250 7.0000
      endloop
   endfacet
   facet normal -1.0000 0.0000 0.0000
      outer loop
         vertex -9.1500 12.4500 0.0000
         vertex -9.1500 12.1500 0.0000
         vertex -9.1500 12.4500 7.0000
      endloop
   endfacet
   facet normal -1.0000 0.0000 0.0000
      outer loop
         vertex -9.1500 12.4500 7.0000
         vertex -9.1500 12.1500 0.0000
         vertex -9.1500 12.1500 2.8500
      endloop
   endfacet
   facet normal -1.0000 0.0000 0.0000
      outer loop
         vertex -9.1500 12.4500 7.0000
         vertex -9.1500 12.1500 2.8500
         vertex -9.1500 12.1500 3.5000
      endloop
   endfacet
   facet normal -1.0000 0.0000 0.0000
      outer loop
         vertex -9.1500 12.1500 3.5000
         vertex -9.1500 12.1500 2.8500
         vertex -9.1500 10.5937 2.8500
      endloop
   endfacet
   facet normal -1.0000 0.0000 0.0000
      outer loop
         vertex -9.1500 12.1500 3.5000
         vertex -9.1500 10.5937 2.8500
         vertex -9.1500 10.5937 3.5000
      endloop
   endfacet
   facet normal -1.0000 0.0000 0.0000
      outer loop
         vertex -9.1500 10.5937 3.5000
         vertex -9.1500 10.5937 2.8500
         vertex -9.1500 9.4063 0.0000
      endloop
   endfacet
   facet normal -1.0000 0.0000 0.0000
      outer loop
         vertex -9.1500 10.5937 3.5000
         vertex -9.1500 9.4063 0.0000
         vertex -9.1500 10.5937 6.3500
      endloop
   endfacet
   facet normal -1.0000 0.0000 0.0000
      outer loop
         vertex -9.1500 10.5937 6.3500
         vertex -9.1500 9.4063 0.0000
         vertex -9.1500 9.4063 2.8500
      endloop
   endfacet
   facet normal -1.0000 0.0000 0.0000
      outer loop
         vertex -9.1500 10.5937 6.3500
         vertex -9.1500 9.4063 2.8500
         vertex -9.1500 9.4063 3.5000
      endloop
   endfacet
   facet normal -1.0000 0.0000 0.0000
      outer loop
         vertex -9.1500 9.4063 3.5000
         vertex -9.1500 9.4063 2.8500
         vertex -9.1500 0.8000 2.8500
      endloop
   endfacet
   facet normal -1.0000 0.0000 0.0000
      outer loop
         vertex -9.1500 9.4063 3.5000
         vertex -9.1500 0.8000 2.8500
         vertex -9.1500 0.8000 3.5000
      endloop
   endfacet
   facet normal -1.0000 0.0000 0.0000
      outer loop
         vertex -9.1500 0.8000 3.5000
         vertex -9.1500 0.8000 2.8500
         vertex -9.1500 0.3000 0.0000
      endloop
   endfacet
   facet normal -1.0000 0.0000 0.0000
      outer loop
         vertex -9.1500 0.8000 3.5000
         vertex -9.1500 0.3000 0.0000
         vertex -9.1500 0.8000 6.3500
      endloop
   endfacet
   facet normal -1.0000 0.0000 0.0000
      outer loop
         vertex -9.1500 0.8000 6.3500
         vertex -9.1500 0.3000 0.0000
         vertex -9.1500 0.3000 7.0000
      endloop
   endfacet
   facet normal -1.0000 0.0000 0.0000
      outer loop
         vertex -9.1500 0.8000 6.3500
         vertex -9.1500 0.3000 7.0000
         vertex -9.1500 12.4500 7.0000
      endloop
   endfacet
   facet normal -1.0000 0.0000 0.0000
      outer loop
         vertex -9.1500 12.4500 7.0000
         vertex -9.1500 12.1500 3.5000
         vertex -9.1500 12.1500 6.3500
      endloop
   endfacet
   facet normal -1.0000 0.0000 0.0000
      outer loop
         vertex -9.1500 12.4500 7.0000
         vertex -9.1500 12.1500 6.3500
         vertex -9.1500 10.5937 6.3500
      endloop
   endfacet
   facet normal -1.0000 0.0000 0.0000
      outer loop
         vertex -9.1500 12.4500 7.0000
         vertex -9.1500 10.5937 6.3500
         vertex -9.1500 9.4063 6.3500
      endloop
   endfacet
   facet normal -1.0000 0.0000 0.0000
      outer loop
         vertex -9.1500 12.4500 7.0000
         vertex -9.1500 9.4063 6.3500
         vertex -9.1500 0.8000 6.3500
      endloop
   endfacet
   facet normal -1.0000 0.0000 0.0000
      outer loop
         vertex -9.1500 9.4063 6.3500
         vertex -9.1500 10.5937 6.3500
         vertex -9.1500 9.4063 3.5000
      endloop
   endfacet
   facet normal -1.0000 0.0000 0.0000
      outer loop
         vertex -9.1500 9.4063 0.0000
         vertex -9.1500 10.5937 2.8500
         vertex -9.1500 10.5937 0.0000
      endloop
   endfacet
   facet normal -1.0000 0.0000 0.0000
      outer loop
         vertex -9.1500 0.3000 0.0000
         vertex -9.1500 0.8000 2.8500
         vertex -9.1500 0.8000 0.0000
      endloop
   endfacet
   facet normal -0.3399 -0.9405 0.0000
      outer loop
         vertex -9.0000 0.0402 0.0000
         vertex -8.8500 0.0000 0.0000
         vertex -8.8500 0.0000 7.0000
      endloop
   endfacet
   facet normal -0.4210 -0.9071 0.0000
      outer loop
         vertex -9.0000 0.0402 0.0000
         vertex -8.8500 0.0000 7.0000
         vertex -9.0000 0.0402 7.0000
      endloop
   endfacet
   facet normal -0.6414 -0.7672 0.0000
      outer loop
         vertex -9.1098 0.1500 0.0000
         vertex -9.0000 0.0402 0.0000
         vertex -9.0000 0.0402 7.0000
      endloop
   endfacet
   facet normal -0.7672 -0.6414 0.0000
      outer loop
         vertex -9.1098 0.1500 0.0000
         vertex -9.0000 0.0402 7.0000
         vertex -9.1098 0.1500 7.0000
      endloop
   endfacet
   facet normal -0.9405 -0.3399 0.0000
      outer loop
         vertex -9.1500 0.3000 7.0000
         vertex -9.1500 0.3000 0.0000
         vertex -9.1098 0.1500 0.0000
      endloop
   endfacet
   facet normal -0.9071 -0.4210 0.0000
      outer loop
         vertex -9.1500 0.3000 7.0000
         vertex -9.1098 0.1500 0.0000
         vertex -9.1098 0.1500 7.0000
      endloop
   endfacet
   facet normal 0.0000 0.0000 -1.0000
      outer loop
         vertex -7.9500 1.9539 2.8500
         vertex -8.1500 1.8660 2.8500
         vertex -7.9500 3.5500 2.8500
      endloop
   endfacet
   facet normal 0.0000 0.0000 -1.0000
      outer loop
         vertex -7.9500 3.5500 2.8500
         vertex -8.1500 1.8660 2.8500
         vertex -8.5160 1.5000 2.8500
      endloop
   endfacet
   facet normal 0.0000 0.0000 -1.0000
      outer loop
         vertex -7.9500 3.5500 2.8500
         vertex -8.5160 1.5000 2.8500
         vertex -8.7239 0.8201 2.8500
      endloop
   endfacet
   facet normal 0.0000 0.0000 -1.0000
      outer loop
         vertex -8.7239 0.8201 2.8500
         vertex -8.5160 1.5000 2.8500
         vertex -8.6500 1.0000 2.8500
      endloop
   endfacet
   facet normal 0.0000 0.0000 -1.0000
      outer loop
         vertex -8.7239 0.8201 2.8500
         vertex -8.6500 1.0000 2.8500
         vertex -8.6690 0.8750 2.8500
      endloop
   endfacet
   facet normal 0.0000 0.0000 -1.0000
      outer loop
         vertex -8.6690 0.8750 2.8500
         vertex -8.6500 1.0000 2.8500
         vertex -8.6491 0.9565 2.8500
      endloop
   endfacet
   facet normal 0.0000 0.0000 -1.0000
      outer loop
         vertex -8.6690 0.8750 2.8500
         vertex -8.6491 0.9565 2.8500
         vertex -8.6489 0.9500 2.8500
      endloop
   endfacet
   facet normal 0.0000 0.0000 -1.0000
      outer loop
         vertex -8.7989 0.8000 2.8500
         vertex -9.1500 0.8000 2.8500
         vertex -9.0500 4.4500 2.8500
      endloop
   endfacet
   facet normal 0.0000 0.0000 -1.0000
      outer loop
         vertex -8.7989 0.8000 2.8500
         vertex -9.0500 4.4500 2.8500
         vertex -8.9339 4.3161 2.8500
      endloop
   endfacet
   facet normal 0.0000 0.0000 -1.0000
      outer loop
         vertex -8.7989 0.8000 2.8500
         vertex -8.9339 4.3161 2.8500
         vertex -8.8093 4.2070 2.8500
      endloop
   endfacet
   facet normal 0.0000 0.0000 -1.0000
      outer loop
         vertex -8.7989 0.8000 2.8500
         vertex -8.8093 4.2070 2.8500
         vertex -7.9500 3.5500 2.8500
      endloop
   endfacet
   facet normal 0.0000 0.0000 -1.0000
      outer loop
         vertex -8.7989 0.8000 2.8500
         vertex -7.9500 3.5500 2.8500
         vertex -8.7239 0.8201 2.8500
      endloop
   endfacet
   facet normal 0.0000 0.0000 -1.0000
      outer loop
         vertex -9.0500 4.4500 2.8500
         vertex -9.1325 9.3750 2.8500
         vertex -9.0500 5.9500 2.8500
      endloop
   endfacet
   facet normal 0.0000 0.0000 -1.0000
      outer loop
         vertex -9.0500 5.9500 2.8500
         vertex -9.1325 9.3750 2.8500
         vertex -8.9339 9.1161 2.8500
      endloop
   endfacet
   facet normal 0.0000 0.0000 -1.0000
      outer loop
         vertex -9.0500 5.9500 2.8500
         vertex -8.9339 9.1161 2.8500
         vertex -8.9339 6.0839 2.8500
      endloop
   endfacet
   facet normal 0.0000 0.0000 -1.0000
      outer loop
         vertex -8.9339 6.0839 2.8500
         vertex -8.9339 9.1161 2.8500
         vertex -8.6750 8.9175 2.8500
      endloop
   endfacet
   facet normal 0.0000 0.0000 -1.0000
      outer loop
         vertex -8.9339 6.0839 2.8500
         vertex -8.6750 8.9175 2.8500
         vertex -8.6750 6.2825 2.8500
      endloop
   endfacet
   facet normal 0.0000 0.0000 -1.0000
      outer loop
         vertex -8.6750 6.2825 2.8500
         vertex -8.6750 8.9175 2.8500
         vertex -8.3735 8.7926 2.8500
      endloop
   endfacet
   facet normal 0.0000 0.0000 -1.0000
      outer loop
         vertex -8.6750 6.2825 2.8500
         vertex -8.3735 8.7926 2.8500
         vertex -8.3735 6.4074 2.8500
      endloop
   endfacet
   facet normal 0.0000 0.0000 -1.0000
      outer loop
         vertex -8.3735 6.4074 2.8500
         vertex -8.3735 8.7926 2.8500
         vertex -8.0946 8.7508 2.8500
      endloop
   endfacet
   facet normal 0.0000 0.0000 -1.0000
      outer loop
         vertex -8.3735 6.4074 2.8500
         vertex -8.0946 8.7508 2.8500
         vertex -8.0946 6.4492 2.8500
      endloop
   endfacet
   facet normal 0.0000 0.0000 -1.0000
      outer loop
         vertex -8.0946 6.4492 2.8500
         vertex -8.0946 8.7508 2.8500
         vertex -8.0250 8.7308 2.8500
      endloop
   endfacet
   facet normal 0.0000 0.0000 -1.0000
      outer loop
         vertex -8.0946 6.4492 2.8500
         vertex -8.0250 8.7308 2.8500
         vertex -8.0250 6.4692 2.8500
      endloop
   endfacet
   facet normal 0.0000 0.0000 -1.0000
      outer loop
         vertex -8.0250 6.4692 2.8500
         vertex -8.0250 8.7308 2.8500
         vertex -7.9701 8.6759 2.8500
      endloop
   endfacet
   facet normal 0.0000 0.0000 -1.0000
      outer loop
         vertex -8.0250 6.4692 2.8500
         vertex -7.9701 8.6759 2.8500
         vertex -7.9701 6.5241 2.8500
      endloop
   endfacet
   facet normal 0.0000 0.0000 -1.0000
      outer loop
         vertex -7.9701 6.5241 2.8500
         vertex -7.9701 8.6759 2.8500
         vertex -7.9500 8.6009 2.8500
      endloop
   endfacet
   facet normal 0.0000 0.0000 -1.0000
      outer loop
         vertex -7.9701 6.5241 2.8500
         vertex -7.9500 8.6009 2.8500
         vertex -7.9500 6.5991 2.8500
      endloop
   endfacet
   facet normal 0.0000 0.0000 -1.0000
      outer loop
         vertex -9.1500 0.8000 2.8500
         vertex -9.1500 9.4063 2.8500
         vertex -9.1325 9.3750 2.8500
      endloop
   endfacet
   facet normal 0.0000 0.0000 -1.0000
      outer loop
         vertex -9.1500 0.8000 2.8500
         vertex -9.1325 9.3750 2.8500
         vertex -9.0500 4.4500 2.8500
      endloop
   endfacet
   facet normal 0.0000 0.0000 -1.0000
      outer loop
         vertex -8.3735 11.2074 2.8500
         vertex -8.1000 12.1500 2.8500
         vertex -8.0946 11.2492 2.8500
      endloop
   endfacet
   facet normal 0.0000 0.0000 -1.0000
      outer loop
         vertex -8.0946 11.2492 2.8500
         vertex -8.1000 12.1500 2.8500
         vertex -8.0250 12.1299 2.8500
      endloop
   endfacet
   facet normal 0.0000 0.0000 -1.0000
      outer loop
         vertex -8.0946 11.2492 2.8500
         vertex -8.0250 12.1299 2.8500
         vertex -8.0250 11.2692 2.8500
      endloop
   endfacet
   facet normal 0.0000 0.0000 -1.0000
      outer loop
         vertex -8.0250 11.2692 2.8500
         vertex -8.0250 12.1299 2.8500
         vertex -7.9701 12.0750 2.8500
      endloop
   endfacet
   facet normal 0.0000 0.0000 -1.0000
      outer loop
         vertex -8.0250 11.2692 2.8500
         vertex -7.9701 12.0750 2.8500
         vertex -7.9701 11.3241 2.8500
      endloop
   endfacet
   facet normal 0.0000 0.0000 -1.0000
      outer loop
         vertex -7.9701 11.3241 2.8500
         vertex -7.9701 12.0750 2.8500
         vertex -7.9500 12.0000 2.8500
      endloop
   endfacet
   facet normal 0.0000 0.0000 -1.0000
      outer loop
         vertex -7.9701 11.3241 2.8500
         vertex -7.9500 12.0000 2.8500
         vertex -7.9500 11.3991 2.8500
      endloop
   endfacet
   facet normal 0.0000 0.0000 -1.0000
      outer loop
         vertex -8.1000 12.1500 2.8500
         vertex -8.3735 11.2074 2.8500
         vertex -8.6750 11.0825 2.8500
      endloop
   endfacet
   facet normal 0.0000 0.0000 -1.0000
      outer loop
         vertex -8.1000 12.1500 2.8500
         vertex -8.6750 11.0825 2.8500
         vertex -8.9339 10.8839 2.8500
      endloop
   endfacet
   facet normal 0.0000 0.0000 -1.0000
      outer loop
         vertex -8.1000 12.1500 2.8500
         vertex -8.9339 10.8839 2.8500
         vertex -9.1325 10.6250 2.8500
      endloop
   endfacet
   facet normal 0.0000 0.0000 -1.0000
      outer loop
         vertex -8.1000 12.1500 2.8500
         vertex -9.1325 10.6250 2.8500
         vertex -9.1500 12.1500 2.8500
      endloop
   endfacet
   facet normal 0.0000 0.0000 -1.0000
      outer loop
         vertex -9.1500 12.1500 2.8500
         vertex -9.1325 10.6250 2.8500
         vertex -9.1500 10.5937 2.8500
      endloop
   endfacet
   facet normal 0.0000 0.0000 1.0000
      outer loop
         vertex -9.0500 5.9500 3.5000
         vertex -8.9339 6.0839 3.5000
         vertex -8.9339 9.1161 3.5000
      endloop
   endfacet
   facet normal 0.0000 0.0000 1.0000
      outer loop
         vertex -8.9339 9.1161 3.5000
         vertex -8.9339 6.0839 3.5000
         vertex -8.6750 6.2825 3.5000
      endloop
   endfacet
   facet normal 0.0000 0.0000 1.0000
      outer loop
         vertex -8.9339 9.1161 3.5000
         vertex -8.6750 6.2825 3.5000
         vertex -8.6750 8.9175 3.5000
      endloop
   endfacet
   facet normal 0.0000 0.0000 1.0000
      outer loop
         vertex -8.6750 8.9175 3.5000
         vertex -8.6750 6.2825 3.5000
         vertex -8.3735 6.4074 3.5000
      endloop
   endfacet
   facet normal 0.0000 0.0000 1.0000
      outer loop
         vertex -8.6750 8.9175 3.5000
         vertex -8.3735 6.4074 3.5000
         vertex -8.3735 8.7926 3.5000
      endloop
   endfacet
   facet normal 0.0000 0.0000 1.0000
      outer loop
         vertex -8.3735 8.7926 3.5000
         vertex -8.3735 6.4074 3.5000
         vertex -8.0946 6.4492 3.5000
      endloop
   endfacet
   facet normal 0.0000 0.0000 1.0000
      outer loop
         vertex -8.3735 8.7926 3.5000
         vertex -8.0946 6.4492 3.5000
         vertex -8.0946 8.7508 3.5000
      endloop
   endfacet
   facet normal 0.0000 0.0000 1.0000
      outer loop
         vertex -8.0946 8.7508 3.5000
         vertex -8.0946 6.4492 3.5000
         vertex -8.0250 6.4692 3.5000
      endloop
   endfacet
   facet normal 0.0000 0.0000 1.0000
      outer loop
         vertex -8.0946 8.7508 3.5000
         vertex -8.0250 6.4692 3.5000
         vertex -8.0250 8.7308 3.5000
      endloop
   endfacet
   facet normal 0.0000 0.0000 1.0000
      outer loop
         vertex -8.0250 8.7308 3.5000
         vertex -8.0250 6.4692 3.5000
         vertex -7.9701 6.5241 3.5000
      endloop
   endfacet
   facet normal 0.0000 0.0000 1.0000
      outer loop
         vertex -8.0250 8.7308 3.5000
         vertex -7.9701 6.5241 3.5000
         vertex -7.9701 8.6759 3.5000
      endloop
   endfacet
   facet normal 0.0000 0.0000 1.0000
      outer loop
         vertex -7.9701 8.6759 3.5000
         vertex -7.9701 6.5241 3.5000
         vertex -7.9500 6.5991 3.5000
      endloop
   endfacet
   facet normal 0.0000 0.0000 1.0000
      outer loop
         vertex -7.9701 8.6759 3.5000
         vertex -7.9500 6.5991 3.5000
         vertex -7.9500 8.6009 3.5000
      endloop
   endfacet
   facet normal 0.0000 0.0000 1.0000
      outer loop
         vertex -9.0500 4.4500 3.5000
         vertex -9.0500 5.9500 3.5000
         vertex -9.1325 9.3750 3.5000
      endloop
   endfacet
   facet normal 0.0000 0.0000 1.0000
      outer loop
         vertex -9.0500 4.4500 3.5000
         vertex -9.1325 9.3750 3.5000
         vertex -9.1500 9.4063 3.5000
      endloop
   endfacet
   facet normal 0.0000 0.0000 1.0000
      outer loop
         vertex -9.0500 4.4500 3.5000
         vertex -9.1500 9.4063 3.5000
         vertex -9.1500 0.8000 3.5000
      endloop
   endfacet
   facet normal 0.0000 0.0000 1.0000
      outer loop
         vertex -9.0500 4.4500 3.5000
         vertex -9.1500 0.8000 3.5000
         vertex -8.7989 0.8000 3.5000
      endloop
   endfacet
   facet normal 0.0000 0.0000 1.0000
      outer loop
         vertex -9.0500 4.4500 3.5000
         vertex -8.7989 0.8000 3.5000
         vertex -8.9339 4.3161 3.5000
      endloop
   endfacet
   facet normal 0.0000 0.0000 1.0000
      outer loop
         vertex -8.6489 0.9500 3.5000
         vertex -8.6491 0.9565 3.5000
         vertex -8.6690 0.8750 3.5000
      endloop
   endfacet
   facet normal 0.0000 0.0000 1.0000
      outer loop
         vertex -8.6690 0.8750 3.5000
         vertex -8.6491 0.9565 3.5000
         vertex -8.6500 1.0000 3.5000
      endloop
   endfacet
   facet normal 0.0000 0.0000 1.0000
      outer loop
         vertex -8.6690 0.8750 3.5000
         vertex -8.6500 1.0000 3.5000
         vertex -8.7239 0.8201 3.5000
      endloop
   endfacet
   facet normal 0.0000 0.0000 1.0000
      outer loop
         vertex -8.7239 0.8201 3.5000
         vertex -8.6500 1.0000 3.5000
         vertex -8.5160 1.5000 3.5000
      endloop
   endfacet
   facet normal 0.0000 0.0000 1.0000
      outer loop
         vertex -8.7239 0.8201 3.5000
         vertex -8.5160 1.5000 3.5000
         vertex -7.9500 3.5500 3.5000
      endloop
   endfacet
   facet normal 0.0000 0.0000 1.0000
      outer loop
         vertex -7.9500 3.5500 3.5000
         vertex -8.5160 1.5000 3.5000
         vertex -8.1500 1.8660 3.5000
      endloop
   endfacet
   facet normal 0.0000 0.0000 1.0000
      outer loop
         vertex -7.9500 3.5500 3.5000
         vertex -8.1500 1.8660 3.5000
         vertex -7.9500 1.9539 3.5000
      endloop
   endfacet
   facet normal 0.0000 0.0000 1.0000
      outer loop
         vertex -8.7989 0.8000 3.5000
         vertex -8.7239 0.8201 3.5000
         vertex -7.9500 3.5500 3.5000
      endloop
   endfacet
   facet normal 0.0000 0.0000 1.0000
      outer loop
         vertex -8.7989 0.8000 3.5000
         vertex -7.9500 3.5500 3.5000
         vertex -8.8093 4.2070 3.5000
      endloop
   endfacet
   facet normal 0.0000 0.0000 1.0000
      outer loop
         vertex -8.7989 0.8000 3.5000
         vertex -8.8093 4.2070 3.5000
         vertex -8.9339 4.3161 3.5000
      endloop
   endfacet
   facet normal 0.0000 0.0000 1.0000
      outer loop
         vertex -9.1325 9.3750 3.5000
         vertex -9.0500 5.9500 3.5000
         vertex -8.9339 9.1161 3.5000
      endloop
   endfacet
   facet normal 0.0000 0.0000 1.0000
      outer loop
         vertex -8.0946 11.2492 3.5000
         vertex -8.0250 11.2692 3.5000
         vertex -8.0250 12.1299 3.5000
      endloop
   endfacet
   facet normal 0.0000 0.0000 1.0000
      outer loop
         vertex -8.0250 12.1299 3.5000
         vertex -8.0250 11.2692 3.5000
         vertex -7.9701 11.3241 3.5000
      endloop
   endfacet
   facet normal 0.0000 0.0000 1.0000
      outer loop
         vertex -8.0250 12.1299 3.5000
         vertex -7.9701 11.3241 3.5000
         vertex -7.9701 12.0750 3.5000
      endloop
   endfacet
   facet normal 0.0000 0.0000 1.0000
      outer loop
         vertex -7.9701 12.0750 3.5000
         vertex -7.9701 11.3241 3.5000
         vertex -7.9500 11.3991 3.5000
      endloop
   endfacet
   facet normal 0.0000 0.0000 1.0000
      outer loop
         vertex -7.9701 12.0750 3.5000
         vertex -7.9500 11.3991 3.5000
         vertex -7.9500 12.0000 3.5000
      endloop
   endfacet
   facet normal 0.0000 0.0000 1.0000
      outer loop
         vertex -8.1000 12.1500 3.5000
         vertex -9.1500 12.1500 3.5000
         vertex -9.1325 10.6250 3.5000
      endloop
   endfacet
   facet normal 0.0000 0.0000 1.0000
      outer loop
         vertex -8.1000 12.1500 3.5000
         vertex -9.1325 10.6250 3.5000
         vertex -8.9339 10.8839 3.5000
      endloop
   endfacet
   facet normal 0.0000 0.0000 1.0000
      outer loop
         vertex -8.1000 12.1500 3.5000
         vertex -8.9339 10.8839 3.5000
         vertex -8.6750 11.0825 3.5000
      endloop
   endfacet
   facet normal 0.0000 0.0000 1.0000
      outer loop
         vertex -8.1000 12.1500 3.5000
         vertex -8.6750 11.0825 3.5000
         vertex -8.3735 11.2074 3.5000
      endloop
   endfacet
   facet normal 0.0000 0.0000 1.0000
      outer loop
         vertex -8.1000 12.1500 3.5000
         vertex -8.3735 11.2074 3.5000
         vertex -8.0946 11.2492 3.5000
      endloop
   endfacet
   facet normal 0.0000 0.0000 1.0000
      outer loop
         vertex -8.1000 12.1500 3.5000
         vertex -8.0946 11.2492 3.5000
         vertex -8.0250 12.1299 3.5000
      endloop
   endfacet
   facet normal 0.0000 0.0000 1.0000
      outer loop
         vertex -9.1325 10.6250 3.5000
         vertex -9.1500 12.1500 3.5000
         vertex -9.1500 10.5937 3.5000
      endloop
   endfacet
   facet normal 0.0000 0.0000 -1.0000
      outer loop
         vertex -7.9500 1.9539 6.3500
         vertex -8.1500 1.8660 6.3500
         vertex -7.9500 3.5500 6.3500
      endloop
   endfacet
   facet normal 0.0000 0.0000 -1.0000
      outer loop
         vertex -7.9500 3.5500 6.3500
         vertex -8.1500 1.8660 6.3500
         vertex -8.5160 1.5000 6.3500
      endloop
   endfacet
   facet normal 0.0000 0.0000 -1.0000
      outer loop
         vertex -7.9500 3.5500 6.3500
         vertex -8.5160 1.5000 6.3500
         vertex -8.7239 0.8201 6.3500
      endloop
   endfacet
   facet normal 0.0000 0.0000 -1.0000
      outer loop
         vertex -8.7239 0.8201 6.3500
         vertex -8.5160 1.5000 6.3500
         vertex -8.6500 1.0000 6.3500
      endloop
   endfacet
   facet normal 0.0000 0.0000 -1.0000
      outer loop
         vertex -8.7239 0.8201 6.3500
         vertex -8.6500 1.0000 6.3500
         vertex -8.6690 0.8750 6.3500
      endloop
   endfacet
   facet normal 0.0000 0.0000 -1.0000
      outer loop
         vertex -8.6690 0.8750 6.3500
         vertex -8.6500 1.0000 6.3500
         vertex -8.6491 0.9565 6.3500
      endloop
   endfacet
   facet normal 0.0000 0.0000 -1.0000
      outer loop
         vertex -8.6690 0.8750 6.3500
         vertex -8.6491 0.9565 6.3500
         vertex -8.6489 0.9500 6.3500
      endloop
   endfacet
   facet normal 0.0000 0.0000 -1.0000
      outer loop
         vertex -8.7989 0.8000 6.3500
         vertex -9.1500 0.8000 6.3500
         vertex -9.0500 4.4500 6.3500
      endloop
   endfacet
   facet normal 0.0000 0.0000 -1.0000
      outer loop
         vertex -8.7989 0.8000 6.3500
         vertex -9.0500 4.4500 6.3500
         vertex -8.9339 4.3161 6.3500
      endloop
   endfacet
   facet normal 0.0000 0.0000 -1.0000
      outer loop
         vertex -8.7989 0.8000 6.3500
         vertex -8.9339 4.3161 6.3500
         vertex -8.8093 4.2070 6.3500
      endloop
   endfacet
   facet normal 0.0000 0.0000 -1.0000
      outer loop
         vertex -8.7989 0.8000 6.3500
         vertex -8.8093 4.2070 6.3500
         vertex -7.9500 3.5500 6.3500
      endloop
   endfacet
   facet normal 0.0000 0.0000 -1.0000
      outer loop
         vertex -8.7989 0.8000 6.3500
         vertex -7.9500 3.5500 6.3500
         vertex -8.7239 0.8201 6.3500
      endloop
   endfacet
   facet normal 0.0000 0.0000 -1.0000
      outer loop
         vertex -9.0500 4.4500 6.3500
         vertex -9.1325 9.3750 6.3500
         vertex -9.0500 5.9500 6.3500
      endloop
   endfacet
   facet normal 0.0000 0.0000 -1.0000
      outer loop
         vertex -9.0500 5.9500 6.3500
         vertex -9.1325 9.3750 6.3500
         vertex -8.9339 9.1161 6.3500
      endloop
   endfacet
   facet normal 0.0000 0.0000 -1.0000
      outer loop
         vertex -9.0500 5.9500 6.3500
         vertex -8.9339 9.1161 6.3500
         vertex -8.9339 6.0839 6.3500
      endloop
   endfacet
   facet normal 0.0000 0.0000 -1.0000
      outer loop
         vertex -8.9339 6.0839 6.3500
         vertex -8.9339 9.1161 6.3500
         vertex -8.6750 8.9175 6.3500
      endloop
   endfacet
   facet normal 0.0000 0.0000 -1.0000
      outer loop
         vertex -8.9339 6.0839 6.3500
         vertex -8.6750 8.9175 6.3500
         vertex -8.6750 6.2825 6.3500
      endloop
   endfacet
   facet normal 0.0000 0.0000 -1.0000
      outer loop
         vertex -8.6750 6.2825 6.3500
         vertex -8.6750 8.9175 6.3500
         vertex -8.3735 8.7926 6.3500
      endloop
   endfacet
   facet normal 0.0000 0.0000 -1.0000
      outer loop
         vertex -8.6750 6.2825 6.3500
         vertex -8.3735 8.7926 6.3500
         vertex -8.3735 6.4074 6.3500
      endloop
   endfacet
   facet normal 0.0000 0.0000 -1.0000
      outer loop
         vertex -8.3735 6.4074 6.3500
         vertex -8.3735 8.7926 6.3500
         vertex -8.0946 8.7508 6.3500
      endloop
   endfacet
   facet normal 0.0000 0.0000 -1.0000
      outer loop
         vertex -8.3735 6.4074 6.3500
         vertex -8.0946 8.7508 6.3500
         vertex -8.0946 6.4492 6.3500
      endloop
   endfacet
   facet normal 0.0000 0.0000 -1.0000
      outer loop
         vertex -8.0946 6.4492 6.3500
         vertex -8.0946 8.7508 6.3500
         vertex -8.0250 8.7308 6.3500
      endloop
   endfacet
   facet normal 0.0000 0.0000 -1.0000
      outer loop
         vertex -8.0946 6.4492 6.3500
         vertex -8.0250 8.7308 6.3500
         vertex -8.0250 6.4692 6.3500
      endloop
   endfacet
   facet normal 0.0000 0.0000 -1.0000
      outer loop
         vertex -8.0250 6.4692 6.3500
         vertex -8.0250 8.7308 6.3500
         vertex -7.9701 8.6759 6.3500
      endloop
   endfacet
   facet normal 0.0000 0.0000 -1.0000
      outer loop
         vertex -8.0250 6.4692 6.3500
         vertex -7.9701 8.6759 6.3500
         vertex -7.9701 6.5241 6.3500
      endloop
   endfacet
   facet normal 0.0000 0.0000 -1.0000
      outer loop
         vertex -7.9701 6.5241 6.3500
         vertex -7.9701 8.6759 6.3500
         vertex -7.9500 8.6009 6.3500
      endloop
   endfacet
   facet normal 0.0000 0.0000 -1.0000
      outer loop
         vertex -7.9701 6.5241 6.3500
         vertex -7.9500 8.6009 6.3500
         vertex -7.9500 6.5991 6.3500
      endloop
   endfacet
   facet normal 0.0000 0.0000 -1.0000
      outer loop
         vertex -9.1500 0.8000 6.3500
         vertex -9.1500 9.4063 6.3500
         vertex -9.1325 9.3750 6.3500
      endloop
   endfacet
   facet normal 0.0000 0.0000 -1.0000
      outer loop
         vertex -9.1500 0.8000 6.3500
         vertex -9.1325 9.3750 6.3500
         vertex -9.0500 4.4500 6.3500
      endloop
   endfacet
   facet normal 0.0000 0.0000 -1.0000
      outer loop
         vertex -8.3735 11.2074 6.3500
         vertex -8.1000 12.1500 6.3500
         vertex -8.0946 11.2492 6.3500
      endloop
   endfacet
   facet normal 0.0000 0.0000 -1.0000
      outer loop
         vertex -8.0946 11.2492 6.3500
         vertex -8.1000 12.1500 6.3500
         vertex -8.0250 12.1299 6.3500
      endloop
   endfacet
   facet normal 0.0000 0.0000 -1.0000
      outer loop
         vertex -8.0946 11.2492 6.3500
         vertex -8.0250 12.1299 6.3500
         vertex -8.0250 11.2692 6.3500
      endloop
   endfacet
   facet normal 0.0000 0.0000 -1.0000
      outer loop
         vertex -8.0250 11.2692 6.3500
         vertex -8.0250 12.1299 6.3500
         vertex -7.9701 12.0750 6.3500
      endloop
   endfacet
   facet normal 0.0000 0.0000 -1.0000
      outer loop
         vertex -8.0250 11.2692 6.3500
         vertex -7.9701 12.0750 6.3500
         vertex -7.9701 11.3241 6.3500
      endloop
   endfacet
   facet normal 0.0000 0.0000 -1.0000
      outer loop
         vertex -7.9701 11.3241 6.3500
         vertex -7.9701 12.0750 6.3500
         vertex -7.9500 12.0000 6.3500
      endloop
   endfacet
   facet normal 0.0000 0.0000 -1.0000
      outer loop
         vertex -7.9701 11.3241 6.3500
         vertex -7.9500 12.0000 6.3500
         vertex -7.9500 11.3991 6.3500
      endloop
   endfacet
   facet normal 0.0000 0.0000 -1.0000
      outer loop
         vertex -8.1000 12.1500 6.3500
         vertex -8.3735 11.2074 6.3500
         vertex -8.6750 11.0825 6.3500
      endloop
   endfacet
   facet normal 0.0000 0.0000 -1.0000
      outer loop
         vertex -8.1000 12.1500 6.3500
         vertex -8.6750 11.0825 6.3500
         vertex -8.9339 10.8839 6.3500
      endloop
   endfacet
   facet normal 0.0000 0.0000 -1.0000
      outer loop
         vertex -8.1000 12.1500 6.3500
         vertex -8.9339 10.8839 6.3500
         vertex -9.1325 10.6250 6.3500
      endloop
   endfacet
   facet normal 0.0000 0.0000 -1.0000
      outer loop
         vertex -8.1000 12.1500 6.3500
         vertex -9.1325 10.6250 6.3500
         vertex -9.1500 12.1500 6.3500
      endloop
   endfacet
   facet normal 0.0000 0.0000 -1.0000
      outer loop
         vertex -9.1500 12.1500 6.3500
         vertex -9.1325 10.6250 6.3500
         vertex -9.1500 10.5937 6.3500
      endloop
   endfacet
   facet normal -0.8485 -0.5292 0.0000
      outer loop
         vertex -9.1500 9.4063 3.5000
         vertex -9.1325 9.3750 3.5000
         vertex -9.1325 9.3750 6.3500
      endloop
   endfacet
   facet normal -0.8611 -0.5085 0.0000
      outer loop
         vertex -9.1500 9.4063 3.5000
         vertex -9.1325 9.3750 6.3500
         vertex -9.1500 9.4063 6.3500
      endloop
   endfacet
   facet normal -0.7965 -0.6047 0.0000
      outer loop
         vertex -8.9339 9.1161 6.3500
         vertex -9.1325 9.3750 6.3500
         vertex -9.1325 9.3750 3.5000
      endloop
   endfacet
   facet normal -0.7535 -0.6574 0.0000
      outer loop
         vertex -8.9339 9.1161 6.3500
         vertex -9.1325 9.3750 3.5000
         vertex -8.9339 9.1161 3.5000
      endloop
   endfacet
   facet normal -0.7535 0.6574 0.0000
      outer loop
         vertex -9.1325 10.6250 6.3500
         vertex -8.9339 10.8839 6.3500
         vertex -8.9339 10.8839 3.5000
      endloop
   endfacet
   facet normal -0.7965 0.6047 0.0000
      outer loop
         vertex -9.1325 10.6250 6.3500
         vertex -8.9339 10.8839 3.5000
         vertex -9.1325 10.6250 3.5000
      endloop
   endfacet
   facet normal -0.8611 0.5085 0.0000
      outer loop
         vertex -9.1325 10.6250 3.5000
         vertex -9.1500 10.5937 3.5000
         vertex -9.1500 10.5937 6.3500
      endloop
   endfacet
   facet normal -0.8485 0.5292 0.0000
      outer loop
         vertex -9.1325 10.6250 3.5000
         vertex -9.1500 10.5937 6.3500
         vertex -9.1325 10.6250 6.3500
      endloop
   endfacet
   facet normal 0.0000 -1.0000 0.0000
      outer loop
         vertex -8.1000 12.1500 6.3500
         vertex -9.1500 12.1500 6.3500
         vertex -9.1500 12.1500 3.5000
      endloop
   endfacet
   facet normal 0.0000 -1.0000 0.0000
      outer loop
         vertex -8.1000 12.1500 6.3500
         vertex -9.1500 12.1500 3.5000
         vertex -8.1000 12.1500 3.5000
      endloop
   endfacet
   facet normal 0.0000 1.0000 0.0000
      outer loop
         vertex -8.7989 0.8000 3.5000
         vertex -9.1500 0.8000 3.5000
         vertex -9.1500 0.8000 6.3500
      endloop
   endfacet
   facet normal 0.0000 1.0000 0.0000
      outer loop
         vertex -8.7989 0.8000 3.5000
         vertex -9.1500 0.8000 6.3500
         vertex -8.7989 0.8000 6.3500
      endloop
   endfacet
   facet normal -1.0000 0.0000 0.0000
      outer loop
         vertex -9.0500 4.4500 6.3500
         vertex -9.0500 5.9500 6.3500
         vertex -9.0500 5.9500 3.5000
      endloop
   endfacet
   facet normal -1.0000 0.0000 0.0000
      outer loop
         vertex -9.0500 4.4500 6.3500
         vertex -9.0500 5.9500 3.5000
         vertex -9.0500 4.4500 3.5000
      endloop
   endfacet
   facet normal -0.7247 -0.6890 0.0000
      outer loop
         vertex -9.0500 4.4500 3.5000
         vertex -8.9339 4.3161 3.5000
         vertex -8.9339 4.3161 6.3500
      endloop
   endfacet
   facet normal -0.7403 -0.6723 0.0000
      outer loop
         vertex -9.0500 4.4500 3.5000
         vertex -8.9339 4.3161 6.3500
         vertex -9.0500 4.4500 6.3500
      endloop
   endfacet
   facet normal -0.7098 0.7044 0.0000
      outer loop
         vertex -9.0500 5.9500 6.3500
         vertex -8.9339 6.0839 6.3500
         vertex -8.9339 6.0839 3.5000
      endloop
   endfacet
   facet normal -0.7331 0.6801 0.0000
      outer loop
         vertex -9.0500 5.9500 6.3500
         vertex -8.9339 6.0839 3.5000
         vertex -9.0500 5.9500 3.5000
      endloop
   endfacet
   facet normal -0.8485 -0.5292 0.0000
      outer loop
         vertex -9.1500 9.4063 0.0000
         vertex -9.1325 9.3750 0.0000
         vertex -9.1325 9.3750 2.8500
      endloop
   endfacet
   facet normal -0.8611 -0.5085 0.0000
      outer loop
         vertex -9.1500 9.4063 0.0000
         vertex -9.1325 9.3750 2.8500
         vertex -9.1500 9.4063 2.8500
      endloop
   endfacet
   facet normal -0.8219 -0.5697 0.0000
      outer loop
         vertex -9.1325 9.3750 2.8500
         vertex -9.1325 9.3750 0.0000
         vertex -9.0500 9.2674 0.0000
      endloop
   endfacet
   facet normal -0.7815 -0.6238 0.0000
      outer loop
         vertex -9.1325 9.3750 2.8500
         vertex -9.0500 9.2674 0.0000
         vertex -8.9339 9.1161 0.0000
      endloop
   endfacet
   facet normal -0.7535 -0.6574 0.0000
      outer loop
         vertex -9.1325 9.3750 2.8500
         vertex -8.9339 9.1161 0.0000
         vertex -8.9339 9.1161 2.8500
      endloop
   endfacet
   facet normal -0.7374 0.6754 0.0000
      outer loop
         vertex -8.9339 10.8839 2.8500
         vertex -8.9339 10.8839 0.0000
         vertex -9.0500 10.7326 0.0000
      endloop
   endfacet
   facet normal -0.7815 0.6238 0.0000
      outer loop
         vertex -8.9339 10.8839 2.8500
         vertex -9.0500 10.7326 0.0000
         vertex -9.1325 10.6250 0.0000
      endloop
   endfacet
   facet normal -0.7965 0.6047 0.0000
      outer loop
         vertex -8.9339 10.8839 2.8500
         vertex -9.1325 10.6250 0.0000
         vertex -9.1325 10.6250 2.8500
      endloop
   endfacet
   facet normal -0.8611 0.5085 0.0000
      outer loop
         vertex -9.1325 10.6250 0.0000
         vertex -9.1500 10.5937 0.0000
         vertex -9.1500 10.5937 2.8500
      endloop
   endfacet
   facet normal -0.8485 0.5292 0.0000
      outer loop
         vertex -9.1325 10.6250 0.0000
         vertex -9.1500 10.5937 2.8500
         vertex -9.1325 10.6250 2.8500
      endloop
   endfacet
   facet normal 0.0000 -1.0000 0.0000
      outer loop
         vertex -8.1000 12.1500 2.8500
         vertex -9.1500 12.1500 2.8500
         vertex -9.1500 12.1500 0.0000
      endloop
   endfacet
   facet normal 0.0000 -1.0000 0.0000
      outer loop
         vertex -8.1000 12.1500 2.8500
         vertex -9.1500 12.1500 0.0000
         vertex -9.0500 12.1500 0.0000
      endloop
   endfacet
   facet normal 0.0000 -1.0000 0.0000
      outer loop
         vertex -8.1000 12.1500 2.8500
         vertex -9.0500 12.1500 0.0000
         vertex -8.1000 12.1500 0.0000
      endloop
   endfacet
   facet normal 0.0000 1.0000 0.0000
      outer loop
         vertex -9.1500 0.8000 2.8500
         vertex -8.7989 0.8000 2.8500
         vertex -8.7989 0.8000 0.0000
      endloop
   endfacet
   facet normal 0.0000 1.0000 0.0000
      outer loop
         vertex -9.1500 0.8000 2.8500
         vertex -8.7989 0.8000 0.0000
         vertex -9.0500 0.8000 0.0000
      endloop
   endfacet
   facet normal 0.0000 1.0000 0.0000
      outer loop
         vertex -9.1500 0.8000 2.8500
         vertex -9.0500 0.8000 0.0000
         vertex -9.1500 0.8000 0.0000
      endloop
   endfacet
   facet normal -1.0000 0.0000 0.0000
      outer loop
         vertex -9.0500 4.4500 2.8500
         vertex -9.0500 5.9500 2.8500
         vertex -9.0500 5.9500 0.0000
      endloop
   endfacet
   facet normal -1.0000 0.0000 0.0000
      outer loop
         vertex -9.0500 4.4500 2.8500
         vertex -9.0500 5.9500 0.0000
         vertex -9.0500 4.4500 0.0000
      endloop
   endfacet
   facet normal -0.7247 -0.6890 0.0000
      outer loop
         vertex -9.0500 4.4500 0.0000
         vertex -8.9339 4.3161 0.0000
         vertex -8.9339 4.3161 2.8500
      endloop
   endfacet
   facet normal -0.7403 -0.6723 0.0000
      outer loop
         vertex -9.0500 4.4500 0.0000
         vertex -8.9339 4.3161 2.8500
         vertex -9.0500 4.4500 2.8500
      endloop
   endfacet
   facet normal -0.7098 0.7044 0.0000
      outer loop
         vertex -9.0500 5.9500 2.8500
         vertex -8.9339 6.0839 2.8500
         vertex -8.9339 6.0839 0.0000
      endloop
   endfacet
   facet normal -0.7331 0.6801 0.0000
      outer loop
         vertex -9.0500 5.9500 2.8500
         vertex -8.9339 6.0839 0.0000
         vertex -9.0500 5.9500 0.0000
      endloop
   endfacet
   facet normal 0.9405 -0.3399 0.0000
      outer loop
         vertex 5.3500 0.3000 0.0000
         vertex 5.3500 0.3000 7.0000
         vertex 5.3098 0.1500 7.0000
      endloop
   endfacet
   facet normal 0.9071 -0.4210 0.0000
      outer loop
         vertex 5.3500 0.3000 0.0000
         vertex 5.3098 0.1500 7.0000
         vertex 5.3098 0.1500 0.0000
      endloop
   endfacet
   facet normal 0.7672 -0.6414 0.0000
      outer loop
         vertex 5.2000 0.0402 0.0000
         vertex 5.3098 0.1500 0.0000
         vertex 5.3098 0.1500 7.0000
      endloop
   endfacet
   facet normal 0.6414 -0.7672 0.0000
      outer loop
         vertex 5.2000 0.0402 0.0000
         vertex 5.3098 0.1500 7.0000
         vertex 5.2000 0.0402 7.0000
      endloop
   endfacet
   facet normal 0.3399 -0.9405 0.0000
      outer loop
         vertex 5.0500 0.0000 7.0000
         vertex 5.0500 0.0000 0.0000
         vertex 5.2000 0.0402 0.0000
      endloop
   endfacet
   facet normal 0.4210 -0.9071 0.0000
      outer loop
         vertex 5.0500 0.0000 7.0000
         vertex 5.2000 0.0402 0.0000
         vertex 5.2000 0.0402 7.0000
      endloop
   endfacet
   facet normal 0.0000 -1.0000 0.0000
      outer loop
         vertex 0.8325 0.0000 0.0000
         vertex 2.5675 0.0000 2.8500
         vertex 0.8325 0.0000 2.8500
      endloop
   endfacet
   facet normal 0.0000 -1.0000 0.0000
      outer loop
         vertex 0.8325 0.0000 2.8500
         vertex 2.5675 0.0000 2.8500
         vertex 4.7500 0.0000 3.5000
      endloop
   endfacet
   facet normal 0.0000 -1.0000 0.0000
      outer loop
         vertex 0.8325 0.0000 2.8500
         vertex 4.7500 0.0000 3.5000
         vertex -7.6500 0.0000 2.8500
      endloop
   endfacet
   facet normal 0.0000 -1.0000 0.0000
      outer loop
         vertex -7.6500 0.0000 2.8500
         vertex 4.7500 0.0000 3.5000
         vertex 2.5675 0.0000 3.5000
      endloop
   endfacet
   facet normal 0.0000 -1.0000 0.0000
      outer loop
         vertex -7.6500 0.0000 2.8500
         vertex 2.5675 0.0000 3.5000
         vertex 0.8325 0.0000 3.5000
      endloop
   endfacet
   facet normal 0.0000 -1.0000 0.0000
      outer loop
         vertex 0.8325 0.0000 3.5000
         vertex 2.5675 0.0000 3.5000
         vertex 2.5675 0.0000 6.3500
      endloop
   endfacet
   facet normal 0.0000 -1.0000 0.0000
      outer loop
         vertex 0.8325 0.0000 3.5000
         vertex 2.5675 0.0000 6.3500
         vertex 0.8325 0.0000 6.3500
      endloop
   endfacet
   facet normal 0.0000 -1.0000 0.0000
      outer loop
         vertex 0.8325 0.0000 6.3500
         vertex 2.5675 0.0000 6.3500
         vertex 5.0500 0.0000 7.0000
      endloop
   endfacet
   facet normal 0.0000 -1.0000 0.0000
      outer loop
         vertex 0.8325 0.0000 6.3500
         vertex 5.0500 0.0000 7.0000
         vertex -7.6500 0.0000 6.3500
      endloop
   endfacet
   facet normal 0.0000 -1.0000 0.0000
      outer loop
         vertex -7.6500 0.0000 6.3500
         vertex 5.0500 0.0000 7.0000
         vertex -8.8500 0.0000 7.0000
      endloop
   endfacet
   facet normal 0.0000 -1.0000 0.0000
      outer loop
         vertex -7.6500 0.0000 6.3500
         vertex -8.8500 0.0000 7.0000
         vertex -7.6500 0.0000 3.5000
      endloop
   endfacet
   facet normal 0.0000 -1.0000 0.0000
      outer loop
         vertex -7.6500 0.0000 3.5000
         vertex -8.8500 0.0000 7.0000
         vertex -7.6500 0.0000 2.8500
      endloop
   endfacet
   facet normal 0.0000 -1.0000 0.0000
      outer loop
         vertex -7.6500 0.0000 3.5000
         vertex -7.6500 0.0000 2.8500
         vertex 0.8325 0.0000 3.5000
      endloop
   endfacet
   facet normal 0.0000 -1.0000 0.0000
      outer loop
         vertex -8.8500 0.0000 0.0000
         vertex -7.6500 -0.0000 0.0000
         vertex -7.6500 0.0000 2.8500
      endloop
   endfacet
   facet normal 0.0000 -1.0000 0.0000
      outer loop
         vertex -8.8500 0.0000 0.0000
         vertex -7.6500 0.0000 2.8500
         vertex -8.8500 0.0000 7.0000
      endloop
   endfacet
   facet normal 0.0000 -1.0000 0.0000
      outer loop
         vertex 5.0500 0.0000 7.0000
         vertex 2.5675 0.0000 6.3500
         vertex 4.7500 0.0000 6.3500
      endloop
   endfacet
   facet normal 0.0000 -1.0000 0.0000
      outer loop
         vertex 5.0500 0.0000 7.0000
         vertex 4.7500 0.0000 6.3500
         vertex 4.7500 0.0000 3.5000
      endloop
   endfacet
   facet normal 0.0000 -1.0000 0.0000
      outer loop
         vertex 5.0500 0.0000 7.0000
         vertex 4.7500 0.0000 3.5000
         vertex 4.7500 0.0000 2.8500
      endloop
   endfacet
   facet normal 0.0000 -1.0000 0.0000
      outer loop
         vertex 5.0500 0.0000 7.0000
         vertex 4.7500 0.0000 2.8500
         vertex 4.7500 0.0000 0.0000
      endloop
   endfacet
   facet normal 0.0000 -1.0000 0.0000
      outer loop
         vertex 5.0500 0.0000 7.0000
         vertex 4.7500 0.0000 0.0000
         vertex 5.0500 0.0000 0.0000
      endloop
   endfacet
   facet normal 0.0000 -1.0000 0.0000
      outer loop
         vertex 4.7500 0.0000 2.8500
         vertex 4.7500 0.0000 3.5000
         vertex 2.5675 0.0000 2.8500
      endloop
   endfacet
   facet normal 0.0000 -1.0000 0.0000
      outer loop
         vertex 2.5675 0.0000 2.8500
         vertex 0.8325 0.0000 0.0000
         vertex 2.5675 0.0000 0.0000
      endloop
   endfacet
   facet normal 0.0000 0.0000 -1.0000
      outer loop
         vertex 4.7500 0.0000 2.8500
         vertex 2.5675 0.0000 2.8500
         vertex 2.5839 0.0161 2.8500
      endloop
   endfacet
   facet normal 0.0000 0.0000 -1.0000
      outer loop
         vertex 4.7500 0.0000 2.8500
         vertex 2.5839 0.0161 2.8500
         vertex 2.7825 0.2750 2.8500
      endloop
   endfacet
   facet normal 0.0000 0.0000 -1.0000
      outer loop
         vertex 4.7500 0.0000 2.8500
         vertex 2.7825 0.2750 2.8500
         vertex 2.9074 0.5765 2.8500
      endloop
   endfacet
   facet normal 0.0000 0.0000 -1.0000
      outer loop
         vertex 4.7500 0.0000 2.8500
         vertex 2.9074 0.5765 2.8500
         vertex 2.9500 0.9000 2.8500
      endloop
   endfacet
   facet normal 0.0000 0.0000 -1.0000
      outer loop
         vertex 4.7500 0.0000 2.8500
         vertex 2.9500 0.9000 2.8500
         vertex 2.9620 1.1250 2.8500
      endloop
   endfacet
   facet normal 0.0000 0.0000 -1.0000
      outer loop
         vertex 4.7500 0.0000 2.8500
         vertex 2.9620 1.1250 2.8500
         vertex 3.0169 1.1799 2.8500
      endloop
   endfacet
   facet normal 0.0000 0.0000 -1.0000
      outer loop
         vertex 4.7500 0.0000 2.8500
         vertex 3.0169 1.1799 2.8500
         vertex 3.0919 1.2000 2.8500
      endloop
   endfacet
   facet normal 0.0000 0.0000 -1.0000
      outer loop
         vertex 4.7500 0.0000 2.8500
         vertex 3.0919 1.2000 2.8500
         vertex 4.6000 1.2000 2.8500
      endloop
   endfacet
   facet normal 0.0000 0.0000 -1.0000
      outer loop
         vertex 4.7500 0.0000 2.8500
         vertex 4.6000 1.2000 2.8500
         vertex 4.6750 1.1799 2.8500
      endloop
   endfacet
   facet normal 0.0000 0.0000 -1.0000
      outer loop
         vertex 4.7500 0.0000 2.8500
         vertex 4.6750 1.1799 2.8500
         vertex 4.7299 1.1250 2.8500
      endloop
   endfacet
   facet normal 0.0000 0.0000 -1.0000
      outer loop
         vertex 4.7500 0.0000 2.8500
         vertex 4.7299 1.1250 2.8500
         vertex 4.7500 1.0500 2.8500
      endloop
   endfacet
   facet normal 0.0000 0.0000 -1.0000
      outer loop
         vertex 2.9428 1.0339 2.8500
         vertex 2.9419 1.0500 2.8500
         vertex 2.9620 1.1250 2.8500
      endloop
   endfacet
   facet normal 0.0000 0.0000 -1.0000
      outer loop
         vertex 2.9428 1.0339 2.8500
         vertex 2.9620 1.1250 2.8500
         vertex 2.9500 0.9000 2.8500
      endloop
   endfacet
   facet normal 0.0000 0.0000 -1.0000
      outer loop
         vertex -1.2509 1.2000 2.8500
         vertex 0.3081 1.2000 2.8500
         vertex 0.4926 0.5765 2.8500
      endloop
   endfacet
   facet normal 0.0000 0.0000 -1.0000
      outer loop
         vertex 0.4926 0.5765 2.8500
         vertex 0.3081 1.2000 2.8500
         vertex 0.3831 1.1799 2.8500
      endloop
   endfacet
   facet normal 0.0000 0.0000 -1.0000
      outer loop
         vertex 0.4926 0.5765 2.8500
         vertex 0.3831 1.1799 2.8500
         vertex 0.4500 0.9000 2.8500
      endloop
   endfacet
   facet normal 0.0000 0.0000 -1.0000
      outer loop
         vertex 0.4500 0.9000 2.8500
         vertex 0.3831 1.1799 2.8500
         vertex 0.4380 1.1250 2.8500
      endloop
   endfacet
   facet normal 0.0000 0.0000 -1.0000
      outer loop
         vertex 0.4500 0.9000 2.8500
         vertex 0.4380 1.1250 2.8500
         vertex 0.4572 1.0339 2.8500
      endloop
   endfacet
   facet normal 0.0000 0.0000 -1.0000
      outer loop
         vertex 0.4572 1.0339 2.8500
         vertex 0.4380 1.1250 2.8500
         vertex 0.4581 1.0500 2.8500
      endloop
   endfacet
   facet normal 0.0000 0.0000 -1.0000
      outer loop
         vertex -1.2509 1.2000 2.8500
         vertex 0.4926 0.5765 2.8500
         vertex 0.6175 0.2750 2.8500
      endloop
   endfacet
   facet normal 0.0000 0.0000 -1.0000
      outer loop
         vertex -1.2509 1.2000 2.8500
         vertex 0.6175 0.2750 2.8500
         vertex 0.8161 0.0161 2.8500
      endloop
   endfacet
   facet normal 0.0000 0.0000 -1.0000
      outer loop
         vertex -1.2509 1.2000 2.8500
         vertex 0.8161 0.0161 2.8500
         vertex 0.8325 0.0000 2.8500
      endloop
   endfacet
   facet normal 0.0000 0.0000 -1.0000
      outer loop
         vertex -1.2509 1.2000 2.8500
         vertex 0.8325 0.0000 2.8500
         vertex -1.3259 1.1799 2.8500
      endloop
   endfacet
   facet normal 0.0000 0.0000 -1.0000
      outer loop
         vertex 0.8325 0.0000 2.8500
         vertex -7.6500 0.0000 2.8500
         vertex -7.1500 0.1340 2.8500
      endloop
   endfacet
   facet normal 0.0000 0.0000 -1.0000
      outer loop
         vertex 0.8325 0.0000 2.8500
         vertex -7.1500 0.1340 2.8500
         vertex -3.5175 0.1000 2.8500
      endloop
   endfacet
   facet normal 0.0000 0.0000 -1.0000
      outer loop
         vertex 0.8325 0.0000 2.8500
         vertex -3.5175 0.1000 2.8500
         vertex -1.7825 0.1000 2.8500
      endloop
   endfacet
   facet normal 0.0000 0.0000 -1.0000
      outer loop
         vertex 0.8325 0.0000 2.8500
         vertex -1.7825 0.1000 2.8500
         vertex -1.7661 0.1161 2.8500
      endloop
   endfacet
   facet normal 0.0000 0.0000 -1.0000
      outer loop
         vertex 0.8325 0.0000 2.8500
         vertex -1.7661 0.1161 2.8500
         vertex -1.5675 0.3750 2.8500
      endloop
   endfacet
   facet normal 0.0000 0.0000 -1.0000
      outer loop
         vertex 0.8325 0.0000 2.8500
         vertex -1.5675 0.3750 2.8500
         vertex -1.4426 0.6765 2.8500
      endloop
   endfacet
   facet normal 0.0000 0.0000 -1.0000
      outer loop
         vertex 0.8325 0.0000 2.8500
         vertex -1.4426 0.6765 2.8500
         vertex -1.4000 1.0000 2.8500
      endloop
   endfacet
   facet normal 0.0000 0.0000 -1.0000
      outer loop
         vertex 0.8325 0.0000 2.8500
         vertex -1.4000 1.0000 2.8500
         vertex -1.3808 1.1250 2.8500
      endloop
   endfacet
   facet normal 0.0000 0.0000 -1.0000
      outer loop
         vertex 0.8325 0.0000 2.8500
         vertex -1.3808 1.1250 2.8500
         vertex -1.3259 1.1799 2.8500
      endloop
   endfacet
   facet normal 0.0000 0.0000 -1.0000
      outer loop
         vertex -3.8574 0.6765 2.8500
         vertex -3.7325 0.3750 2.8500
         vertex -6.5011 1.2000 2.8500
      endloop
   endfacet
   facet normal 0.0000 0.0000 -1.0000
      outer loop
         vertex -3.8574 0.6765 2.8500
         vertex -6.5011 1.2000 2.8500
         vertex -4.0491 1.2000 2.8500
      endloop
   endfacet
   facet normal 0.0000 0.0000 -1.0000
      outer loop
         vertex -3.8574 0.6765 2.8500
         vertex -4.0491 1.2000 2.8500
         vertex -3.9741 1.1799 2.8500
      endloop
   endfacet
   facet normal 0.0000 0.0000 -1.0000
      outer loop
         vertex -3.8574 0.6765 2.8500
         vertex -3.9741 1.1799 2.8500
         vertex -3.9192 1.1250 2.8500
      endloop
   endfacet
   facet normal 0.0000 0.0000 -1.0000
      outer loop
         vertex -3.8574 0.6765 2.8500
         vertex -3.9192 1.1250 2.8500
         vertex -3.9000 1.0000 2.8500
      endloop
   endfacet
   facet normal 0.0000 0.0000 -1.0000
      outer loop
         vertex -6.6310 1.1250 2.8500
         vertex -6.5761 1.1799 2.8500
         vertex -3.5175 0.1000 2.8500
      endloop
   endfacet
   facet normal 0.0000 0.0000 -1.0000
      outer loop
         vertex -3.5175 0.1000 2.8500
         vertex -6.5761 1.1799 2.8500
         vertex -6.5011 1.2000 2.8500
      endloop
   endfacet
   facet normal 0.0000 0.0000 -1.0000
      outer loop
         vertex -3.5175 0.1000 2.8500
         vertex -6.5011 1.2000 2.8500
         vertex -3.5339 0.1161 2.8500
      endloop
   endfacet
   facet normal 0.0000 0.0000 -1.0000
      outer loop
         vertex -3.5339 0.1161 2.8500
         vertex -6.5011 1.2000 2.8500
         vertex -3.7325 0.3750 2.8500
      endloop
   endfacet
   facet normal 0.0000 0.0000 -1.0000
      outer loop
         vertex -7.1500 0.1340 2.8500
         vertex -6.7840 0.5000 2.8500
         vertex -3.5175 0.1000 2.8500
      endloop
   endfacet
   facet normal 0.0000 0.0000 -1.0000
      outer loop
         vertex -3.5175 0.1000 2.8500
         vertex -6.7840 0.5000 2.8500
         vertex -6.6500 1.0000 2.8500
      endloop
   endfacet
   facet normal 0.0000 0.0000 -1.0000
      outer loop
         vertex -3.5175 0.1000 2.8500
         vertex -6.6500 1.0000 2.8500
         vertex -6.6310 1.1250 2.8500
      endloop
   endfacet
   facet normal 0.0000 0.0000 -1.0000
      outer loop
         vertex -6.6310 1.1250 2.8500
         vertex -6.6500 1.0000 2.8500
         vertex -6.6509 1.0435 2.8500
      endloop
   endfacet
   facet normal 0.0000 0.0000 -1.0000
      outer loop
         vertex -6.6310 1.1250 2.8500
         vertex -6.6509 1.0435 2.8500
         vertex -6.6511 1.0500 2.8500
      endloop
   endfacet
   facet normal 0.0000 0.0000 -1.0000
      outer loop
         vertex -1.4008 1.0446 2.8500
         vertex -1.4009 1.0500 2.8500
         vertex -1.3808 1.1250 2.8500
      endloop
   endfacet
   facet normal 0.0000 0.0000 -1.0000
      outer loop
         vertex -1.4008 1.0446 2.8500
         vertex -1.3808 1.1250 2.8500
         vertex -1.4000 1.0000 2.8500
      endloop
   endfacet
   facet normal 0.0000 0.0000 -1.0000
      outer loop
         vertex -3.8992 1.0446 2.8500
         vertex -3.9000 1.0000 2.8500
         vertex -3.9192 1.1250 2.8500
      endloop
   endfacet
   facet normal 0.0000 0.0000 -1.0000
      outer loop
         vertex -3.8992 1.0446 2.8500
         vertex -3.9192 1.1250 2.8500
         vertex -3.8991 1.0500 2.8500
      endloop
   endfacet
   facet normal 0.0000 0.0000 1.0000
      outer loop
         vertex 2.9419 1.0500 3.5000
         vertex 2.9428 1.0339 3.5000
         vertex 2.9620 1.1250 3.5000
      endloop
   endfacet
   facet normal 0.0000 0.0000 1.0000
      outer loop
         vertex 2.9620 1.1250 3.5000
         vertex 2.9428 1.0339 3.5000
         vertex 2.9500 0.9000 3.5000
      endloop
   endfacet
   facet normal 0.0000 0.0000 1.0000
      outer loop
         vertex 2.9620 1.1250 3.5000
         vertex 2.9500 0.9000 3.5000
         vertex 4.7500 0.0000 3.5000
      endloop
   endfacet
   facet normal 0.0000 0.0000 1.0000
      outer loop
         vertex 4.7500 0.0000 3.5000
         vertex 2.9500 0.9000 3.5000
         vertex 2.9074 0.5765 3.5000
      endloop
   endfacet
   facet normal 0.0000 0.0000 1.0000
      outer loop
         vertex 4.7500 0.0000 3.5000
         vertex 2.9074 0.5765 3.5000
         vertex 2.7825 0.2750 3.5000
      endloop
   endfacet
   facet normal 0.0000 0.0000 1.0000
      outer loop
         vertex 4.7500 0.0000 3.5000
         vertex 4.7500 1.0500 3.5000
         vertex 4.7299 1.1250 3.5000
      endloop
   endfacet
   facet normal 0.0000 0.0000 1.0000
      outer loop
         vertex 4.7500 0.0000 3.5000
         vertex 4.7299 1.1250 3.5000
         vertex 4.6750 1.1799 3.5000
      endloop
   endfacet
   facet normal 0.0000 0.0000 1.0000
      outer loop
         vertex 4.7500 0.0000 3.5000
         vertex 4.6750 1.1799 3.5000
         vertex 4.6000 1.2000 3.5000
      endloop
   endfacet
   facet normal 0.0000 0.0000 1.0000
      outer loop
         vertex 4.7500 0.0000 3.5000
         vertex 4.6000 1.2000 3.5000
         vertex 3.0919 1.2000 3.5000
      endloop
   endfacet
   facet normal 0.0000 0.0000 1.0000
      outer loop
         vertex 4.7500 0.0000 3.5000
         vertex 3.0919 1.2000 3.5000
         vertex 3.0169 1.1799 3.5000
      endloop
   endfacet
   facet normal 0.0000 0.0000 1.0000
      outer loop
         vertex 4.7500 0.0000 3.5000
         vertex 3.0169 1.1799 3.5000
         vertex 2.9620 1.1250 3.5000
      endloop
   endfacet
   facet normal 0.0000 0.0000 1.0000
      outer loop
         vertex 2.5839 0.0161 3.5000
         vertex 2.5675 0.0000 3.5000
         vertex 4.7500 0.0000 3.5000
      endloop
   endfacet
   facet normal 0.0000 0.0000 1.0000
      outer loop
         vertex 2.5839 0.0161 3.5000
         vertex 4.7500 0.0000 3.5000
         vertex 2.7825 0.2750 3.5000
      endloop
   endfacet
   facet normal 0.0000 0.0000 1.0000
      outer loop
         vertex -3.9192 1.1250 3.5000
         vertex -3.9741 1.1799 3.5000
         vertex -3.8574 0.6765 3.5000
      endloop
   endfacet
   facet normal 0.0000 0.0000 1.0000
      outer loop
         vertex -3.9192 1.1250 3.5000
         vertex -3.8574 0.6765 3.5000
         vertex -3.9000 1.0000 3.5000
      endloop
   endfacet
   facet normal 0.0000 0.0000 1.0000
      outer loop
         vertex -3.9192 1.1250 3.5000
         vertex -3.9000 1.0000 3.5000
         vertex -3.8992 1.0446 3.5000
      endloop
   endfacet
   facet normal 0.0000 0.0000 1.0000
      outer loop
         vertex -3.9192 1.1250 3.5000
         vertex -3.8992 1.0446 3.5000
         vertex -3.8991 1.0500 3.5000
      endloop
   endfacet
   facet normal 0.0000 0.0000 1.0000
      outer loop
         vertex 0.4572 1.0339 3.5000
         vertex 0.4380 1.1250 3.5000
         vertex 0.4500 0.9000 3.5000
      endloop
   endfacet
   facet normal 0.0000 0.0000 1.0000
      outer loop
         vertex 0.4500 0.9000 3.5000
         vertex 0.4380 1.1250 3.5000
         vertex 0.3831 1.1799 3.5000
      endloop
   endfacet
   facet normal 0.0000 0.0000 1.0000
      outer loop
         vertex 0.4500 0.9000 3.5000
         vertex 0.3831 1.1799 3.5000
         vertex 0.4926 0.5765 3.5000
      endloop
   endfacet
   facet normal 0.0000 0.0000 1.0000
      outer loop
         vertex 0.4926 0.5765 3.5000
         vertex 0.3831 1.1799 3.5000
         vertex 0.3081 1.2000 3.5000
      endloop
   endfacet
   facet normal 0.0000 0.0000 1.0000
      outer loop
         vertex 0.4926 0.5765 3.5000
         vertex 0.3081 1.2000 3.5000
         vertex -1.2509 1.2000 3.5000
      endloop
   endfacet
   facet normal 0.0000 0.0000 1.0000
      outer loop
         vertex -1.2509 1.2000 3.5000
         vertex -1.3259 1.1799 3.5000
         vertex 0.8325 0.0000 3.5000
      endloop
   endfacet
   facet normal 0.0000 0.0000 1.0000
      outer loop
         vertex -1.2509 1.2000 3.5000
         vertex 0.8325 0.0000 3.5000
         vertex 0.8161 0.0161 3.5000
      endloop
   endfacet
   facet normal 0.0000 0.0000 1.0000
      outer loop
         vertex -1.2509 1.2000 3.5000
         vertex 0.8161 0.0161 3.5000
         vertex 0.6175 0.2750 3.5000
      endloop
   endfacet
   facet normal 0.0000 0.0000 1.0000
      outer loop
         vertex -1.2509 1.2000 3.5000
         vertex 0.6175 0.2750 3.5000
         vertex 0.4926 0.5765 3.5000
      endloop
   endfacet
   facet normal 0.0000 0.0000 1.0000
      outer loop
         vertex 0.8325 0.0000 3.5000
         vertex -1.3259 1.1799 3.5000
         vertex -1.3808 1.1250 3.5000
      endloop
   endfacet
   facet normal 0.0000 0.0000 1.0000
      outer loop
         vertex 0.8325 0.0000 3.5000
         vertex -1.3808 1.1250 3.5000
         vertex -1.4000 1.0000 3.5000
      endloop
   endfacet
   facet normal 0.0000 0.0000 1.0000
      outer loop
         vertex 0.8325 0.0000 3.5000
         vertex -1.4000 1.0000 3.5000
         vertex -1.4426 0.6765 3.5000
      endloop
   endfacet
   facet normal 0.0000 0.0000 1.0000
      outer loop
         vertex 0.8325 0.0000 3.5000
         vertex -1.4426 0.6765 3.5000
         vertex -1.5675 0.3750 3.5000
      endloop
   endfacet
   facet normal 0.0000 0.0000 1.0000
      outer loop
         vertex 0.8325 0.0000 3.5000
         vertex -1.5675 0.3750 3.5000
         vertex -1.7661 0.1161 3.5000
      endloop
   endfacet
   facet normal 0.0000 0.0000 1.0000
      outer loop
         vertex 0.8325 0.0000 3.5000
         vertex -1.7661 0.1161 3.5000
         vertex -1.7825 0.1000 3.5000
      endloop
   endfacet
   facet normal 0.0000 0.0000 1.0000
      outer loop
         vertex 0.8325 0.0000 3.5000
         vertex -1.7825 0.1000 3.5000
         vertex -3.5175 0.1000 3.5000
      endloop
   endfacet
   facet normal 0.0000 0.0000 1.0000
      outer loop
         vertex 0.8325 0.0000 3.5000
         vertex -3.5175 0.1000 3.5000
         vertex -7.1500 0.1340 3.5000
      endloop
   endfacet
   facet normal 0.0000 0.0000 1.0000
      outer loop
         vertex 0.8325 0.0000 3.5000
         vertex -7.1500 0.1340 3.5000
         vertex -7.6500 0.0000 3.5000
      endloop
   endfacet
   facet normal 0.0000 0.0000 1.0000
      outer loop
         vertex -3.5339 0.1161 3.5000
         vertex -3.7325 0.3750 3.5000
         vertex -6.5011 1.2000 3.5000
      endloop
   endfacet
   facet normal 0.0000 0.0000 1.0000
      outer loop
         vertex -6.5011 1.2000 3.5000
         vertex -3.7325 0.3750 3.5000
         vertex -3.8574 0.6765 3.5000
      endloop
   endfacet
   facet normal 0.0000 0.0000 1.0000
      outer loop
         vertex -6.5011 1.2000 3.5000
         vertex -3.8574 0.6765 3.5000
         vertex -4.0491 1.2000 3.5000
      endloop
   endfacet
   facet normal 0.0000 0.0000 1.0000
      outer loop
         vertex -4.0491 1.2000 3.5000
         vertex -3.8574 0.6765 3.5000
         vertex -3.9741 1.1799 3.5000
      endloop
   endfacet
   facet normal 0.0000 0.0000 1.0000
      outer loop
         vertex -3.5175 0.1000 3.5000
         vertex -3.5339 0.1161 3.5000
         vertex -6.5011 1.2000 3.5000
      endloop
   endfacet
   facet normal 0.0000 0.0000 1.0000
      outer loop
         vertex -3.5175 0.1000 3.5000
         vertex -6.5011 1.2000 3.5000
         vertex -6.5761 1.1799 3.5000
      endloop
   endfacet
   facet normal 0.0000 0.0000 1.0000
      outer loop
         vertex -3.5175 0.1000 3.5000
         vertex -6.5761 1.1799 3.5000
         vertex -6.6310 1.1250 3.5000
      endloop
   endfacet
   facet normal 0.0000 0.0000 1.0000
      outer loop
         vertex -3.5175 0.1000 3.5000
         vertex -6.6310 1.1250 3.5000
         vertex -6.6500 1.0000 3.5000
      endloop
   endfacet
   facet normal 0.0000 0.0000 1.0000
      outer loop
         vertex -3.5175 0.1000 3.5000
         vertex -6.6500 1.0000 3.5000
         vertex -6.7840 0.5000 3.5000
      endloop
   endfacet
   facet normal 0.0000 0.0000 1.0000
      outer loop
         vertex -3.5175 0.1000 3.5000
         vertex -6.7840 0.5000 3.5000
         vertex -7.1500 0.1340 3.5000
      endloop
   endfacet
   facet normal 0.0000 0.0000 1.0000
      outer loop
         vertex -1.3808 1.1250 3.5000
         vertex -1.4009 1.0500 3.5000
         vertex -1.4008 1.0446 3.5000
      endloop
   endfacet
   facet normal 0.0000 0.0000 1.0000
      outer loop
         vertex -1.3808 1.1250 3.5000
         vertex -1.4008 1.0446 3.5000
         vertex -1.4000 1.0000 3.5000
      endloop
   endfacet
   facet normal 0.0000 0.0000 1.0000
      outer loop
         vertex -6.6310 1.1250 3.5000
         vertex -6.6511 1.0500 3.5000
         vertex -6.6509 1.0435 3.5000
      endloop
   endfacet
   facet normal 0.0000 0.0000 1.0000
      outer loop
         vertex -6.6310 1.1250 3.5000
         vertex -6.6509 1.0435 3.5000
         vertex -6.6500 1.0000 3.5000
      endloop
   endfacet
   facet normal 0.0000 0.0000 1.0000
      outer loop
         vertex 0.4380 1.1250 3.5000
         vertex 0.4572 1.0339 3.5000
         vertex 0.4581 1.0500 3.5000
      endloop
   endfacet
   facet normal 1.0000 0.0000 0.0000
      outer loop
         vertex 3.3500 5.1196 2.8000
         vertex 3.3500 4.9000 3.0196
         vertex 3.3500 5.1196 0.5000
      endloop
   endfacet
   facet normal 1.0000 0.0000 0.0000
      outer loop
         vertex 3.3500 5.1196 2.8000
         vertex 3.3500 5.1196 0.5000
         vertex 3.3500 5.2000 0.8000
      endloop
   endfacet
   facet normal 1.0000 0.0000 0.0000
      outer loop
         vertex 3.3500 5.1196 2.8000
         vertex 3.3500 5.2000 0.8000
         vertex 3.3500 5.2000 0.9000
      endloop
   endfacet
   facet normal 1.0000 0.0000 0.0000
      outer loop
         vertex 3.3500 5.1196 2.8000
         vertex 3.3500 5.2000 0.9000
         vertex 3.3500 5.2000 2.4000
      endloop
   endfacet
   facet normal 1.0000 0.0000 0.0000
      outer loop
         vertex 3.3500 5.1196 2.8000
         vertex 3.3500 5.2000 2.4000
         vertex 3.3500 5.2000 2.5000
      endloop
   endfacet
   facet normal 1.0000 0.0000 0.0000
      outer loop
         vertex 3.3500 4.4000 0.2000
         vertex 3.3500 4.6000 0.2000
         vertex 3.3500 4.6000 3.1000
      endloop
   endfacet
   facet normal 1.0000 0.0000 0.0000
      outer loop
         vertex 3.3500 4.6000 3.1000
         vertex 3.3500 4.6000 0.2000
         vertex 3.3500 4.9000 0.2804
      endloop
   endfacet
   facet normal 1.0000 0.0000 0.0000
      outer loop
         vertex 3.3500 4.6000 3.1000
         vertex 3.3500 4.9000 0.2804
         vertex 3.3500 4.9000 3.0196
      endloop
   endfacet
   facet normal 1.0000 0.0000 0.0000
      outer loop
         vertex 3.3500 4.9000 3.0196
         vertex 3.3500 4.9000 0.2804
         vertex 3.3500 5.1196 0.5000
      endloop
   endfacet
   facet normal 1.0000 0.0000 0.0000
      outer loop
         vertex 3.3500 4.4000 0.2000
         vertex 3.3500 4.6000 3.1000
         vertex 3.3500 2.4000 0.2000
      endloop
   endfacet
   facet normal 1.0000 0.0000 0.0000
      outer loop
         vertex 3.3500 2.4000 0.2000
         vertex 3.3500 4.6000 3.1000
         vertex 3.3500 2.2000 3.1000
      endloop
   endfacet
   facet normal 1.0000 0.0000 0.0000
      outer loop
         vertex 3.3500 2.4000 0.2000
         vertex 3.3500 2.2000 3.1000
         vertex 3.3500 2.2000 0.2000
      endloop
   endfacet
   facet normal 1.0000 0.0000 0.0000
      outer loop
         vertex 3.3500 2.2000 0.2000
         vertex 3.3500 2.2000 3.1000
         vertex 3.3500 1.9000 3.0196
      endloop
   endfacet
   facet normal 1.0000 0.0000 0.0000
      outer loop
         vertex 3.3500 2.2000 0.2000
         vertex 3.3500 1.9000 3.0196
         vertex 3.3500 1.9000 0.2804
      endloop
   endfacet
   facet normal 1.0000 0.0000 0.0000
      outer loop
         vertex 3.3500 1.9000 0.2804
         vertex 3.3500 1.9000 3.0196
         vertex 3.3500 1.6804 2.8000
      endloop
   endfacet
   facet normal 1.0000 0.0000 0.0000
      outer loop
         vertex 3.3500 1.9000 0.2804
         vertex 3.3500 1.6804 2.8000
         vertex 3.3500 1.6804 0.5000
      endloop
   endfacet
   facet normal 1.0000 0.0000 0.0000
      outer loop
         vertex 3.3500 1.6804 0.5000
         vertex 3.3500 1.6804 2.8000
         vertex 3.3500 1.6000 2.5000
      endloop
   endfacet
   facet normal 1.0000 0.0000 0.0000
      outer loop
         vertex 3.3500 1.6804 0.5000
         vertex 3.3500 1.6000 2.5000
         vertex 3.3500 1.6000 0.8000
      endloop
   endfacet
   facet normal 1.0000 0.0000 0.0000
      outer loop
         vertex 3.3500 5.2000 2.4000
         vertex 3.3500 5.2201 0.9750
         vertex 3.3500 5.2201 2.3250
      endloop
   endfacet
   facet normal 1.0000 0.0000 0.0000
      outer loop
         vertex 3.3500 5.2201 2.3250
         vertex 3.3500 5.2201 0.9750
         vertex 3.3500 5.2750 1.0299
      endloop
   endfacet
   facet normal 1.0000 0.0000 0.0000
      outer loop
         vertex 3.3500 5.2201 2.3250
         vertex 3.3500 5.2750 1.0299
         vertex 3.3500 5.2750 2.2701
      endloop
   endfacet
   facet normal 1.0000 0.0000 0.0000
      outer loop
         vertex 3.3500 5.2750 2.2701
         vertex 3.3500 5.2750 1.0299
         vertex 3.3500 5.3500 1.0500
      endloop
   endfacet
   facet normal 1.0000 0.0000 0.0000
      outer loop
         vertex 3.3500 5.2750 2.2701
         vertex 3.3500 5.3500 1.0500
         vertex 3.3500 5.3500 2.2500
      endloop
   endfacet
   facet normal 1.0000 0.0000 0.0000
      outer loop
         vertex 3.3500 5.3500 2.2500
         vertex 3.3500 5.3500 1.0500
         vertex 3.3500 6.4000 1.0500
      endloop
   endfacet
   facet normal 1.0000 0.0000 0.0000
      outer loop
         vertex 3.3500 5.3500 2.2500
         vertex 3.3500 6.4000 1.0500
         vertex 3.3500 6.4000 2.2500
      endloop
   endfacet
   facet normal 1.0000 0.0000 0.0000
      outer loop
         vertex 3.3500 6.4000 2.2500
         vertex 3.3500 6.4000 1.0500
         vertex 3.3500 6.5500 1.0902
      endloop
   endfacet
   facet normal 1.0000 0.0000 0.0000
      outer loop
         vertex 3.3500 6.4000 2.2500
         vertex 3.3500 6.5500 1.0902
         vertex 3.3500 6.5500 2.2098
      endloop
   endfacet
   facet normal 1.0000 0.0000 0.0000
      outer loop
         vertex 3.3500 6.5500 2.2098
         vertex 3.3500 6.5500 1.0902
         vertex 3.3500 6.6598 1.2000
      endloop
   endfacet
   facet normal 1.0000 0.0000 0.0000
      outer loop
         vertex 3.3500 6.5500 2.2098
         vertex 3.3500 6.6598 1.2000
         vertex 3.3500 6.6598 2.1000
      endloop
   endfacet
   facet normal 1.0000 0.0000 0.0000
      outer loop
         vertex 3.3500 6.6598 2.1000
         vertex 3.3500 6.6598 1.2000
         vertex 3.3500 6.7000 1.3500
      endloop
   endfacet
   facet normal 1.0000 0.0000 0.0000
      outer loop
         vertex 3.3500 6.6598 2.1000
         vertex 3.3500 6.7000 1.3500
         vertex 3.3500 6.7000 1.9500
      endloop
   endfacet
   facet normal 1.0000 0.0000 0.0000
      outer loop
         vertex 3.3500 5.2201 0.9750
         vertex 3.3500 5.2000 2.4000
         vertex 3.3500 5.2000 0.9000
      endloop
   endfacet
   facet normal 0.0000 0.7672 -0.6414
      outer loop
         vertex 5.3500 1.9000 3.0196
         vertex 5.3500 1.6804 2.8000
         vertex 3.3500 1.6804 2.8000
      endloop
   endfacet
   facet normal 0.0000 0.6414 -0.7672
      outer loop
         vertex 5.3500 1.9000 3.0196
         vertex 3.3500 1.6804 2.8000
         vertex 3.3500 1.9000 3.0196
      endloop
   endfacet
   facet normal 0.0000 0.4210 -0.9071
      outer loop
         vertex 5.3500 1.9000 3.0196
         vertex 3.3500 1.9000 3.0196
         vertex 3.3500 2.2000 3.1000
      endloop
   endfacet
   facet normal 0.0000 0.3399 -0.9405
      outer loop
         vertex 5.3500 1.9000 3.0196
         vertex 3.3500 2.2000 3.1000
         vertex 5.3500 2.2000 3.1000
      endloop
   endfacet
   facet normal 0.0000 0.0000 -1.0000
      outer loop
         vertex 4.7500 0.0000 6.3500
         vertex 2.5675 0.0000 6.3500
         vertex 2.5839 0.0161 6.3500
      endloop
   endfacet
   facet normal 0.0000 0.0000 -1.0000
      outer loop
         vertex 4.7500 0.0000 6.3500
         vertex 2.5839 0.0161 6.3500
         vertex 2.7825 0.2750 6.3500
      endloop
   endfacet
   facet normal 0.0000 0.0000 -1.0000
      outer loop
         vertex 4.7500 0.0000 6.3500
         vertex 2.7825 0.2750 6.3500
         vertex 2.9074 0.5765 6.3500
      endloop
   endfacet
   facet normal 0.0000 0.0000 -1.0000
      outer loop
         vertex 4.7500 0.0000 6.3500
         vertex 2.9074 0.5765 6.3500
         vertex 2.9500 0.9000 6.3500
      endloop
   endfacet
   facet normal 0.0000 0.0000 -1.0000
      outer loop
         vertex 4.7500 0.0000 6.3500
         vertex 2.9500 0.9000 6.3500
         vertex 2.9620 1.1250 6.3500
      endloop
   endfacet
   facet normal 0.0000 0.0000 -1.0000
      outer loop
         vertex 4.7500 0.0000 6.3500
         vertex 2.9620 1.1250 6.3500
         vertex 3.0169 1.1799 6.3500
      endloop
   endfacet
   facet normal 0.0000 0.0000 -1.0000
      outer loop
         vertex 4.7500 0.0000 6.3500
         vertex 3.0169 1.1799 6.3500
         vertex 3.0919 1.2000 6.3500
      endloop
   endfacet
   facet normal 0.0000 0.0000 -1.0000
      outer loop
         vertex 4.7500 0.0000 6.3500
         vertex 3.0919 1.2000 6.3500
         vertex 4.6000 1.2000 6.3500
      endloop
   endfacet
   facet normal 0.0000 0.0000 -1.0000
      outer loop
         vertex 4.7500 0.0000 6.3500
         vertex 4.6000 1.2000 6.3500
         vertex 4.6750 1.1799 6.3500
      endloop
   endfacet
   facet normal 0.0000 0.0000 -1.0000
      outer loop
         vertex 4.7500 0.0000 6.3500
         vertex 4.6750 1.1799 6.3500
         vertex 4.7299 1.1250 6.3500
      endloop
   endfacet
   facet normal 0.0000 0.0000 -1.0000
      outer loop
         vertex 4.7500 0.0000 6.3500
         vertex 4.7299 1.1250 6.3500
         vertex 4.7500 1.0500 6.3500
      endloop
   endfacet
   facet normal 0.0000 0.0000 -1.0000
      outer loop
         vertex 2.9428 1.0339 6.3500
         vertex 2.9419 1.0500 6.3500
         vertex 2.9620 1.1250 6.3500
      endloop
   endfacet
   facet normal 0.0000 0.0000 -1.0000
      outer loop
         vertex 2.9428 1.0339 6.3500
         vertex 2.9620 1.1250 6.3500
         vertex 2.9500 0.9000 6.3500
      endloop
   endfacet
   facet normal 0.0000 0.0000 -1.0000
      outer loop
         vertex -1.2509 1.2000 6.3500
         vertex 0.3081 1.2000 6.3500
         vertex 0.4926 0.5765 6.3500
      endloop
   endfacet
   facet normal 0.0000 0.0000 -1.0000
      outer loop
         vertex 0.4926 0.5765 6.3500
         vertex 0.3081 1.2000 6.3500
         vertex 0.3831 1.1799 6.3500
      endloop
   endfacet
   facet normal 0.0000 0.0000 -1.0000
      outer loop
         vertex 0.4926 0.5765 6.3500
         vertex 0.3831 1.1799 6.3500
         vertex 0.4500 0.9000 6.3500
      endloop
   endfacet
   facet normal 0.0000 0.0000 -1.0000
      outer loop
         vertex 0.4500 0.9000 6.3500
         vertex 0.3831 1.1799 6.3500
         vertex 0.4380 1.1250 6.3500
      endloop
   endfacet
   facet normal 0.0000 0.0000 -1.0000
      outer loop
         vertex 0.4500 0.9000 6.3500
         vertex 0.4380 1.1250 6.3500
         vertex 0.4572 1.0339 6.3500
      endloop
   endfacet
   facet normal 0.0000 0.0000 -1.0000
      outer loop
         vertex 0.4572 1.0339 6.3500
         vertex 0.4380 1.1250 6.3500
         vertex 0.4581 1.0500 6.3500
      endloop
   endfacet
   facet normal 0.0000 0.0000 -1.0000
      outer loop
         vertex -1.2509 1.2000 6.3500
         vertex 0.4926 0.5765 6.3500
         vertex 0.6175 0.2750 6.3500
      endloop
   endfacet
   facet normal 0.0000 0.0000 -1.0000
      outer loop
         vertex -1.2509 1.2000 6.3500
         vertex 0.6175 0.2750 6.3500
         vertex 0.8161 0.0161 6.3500
      endloop
   endfacet
   facet normal 0.0000 0.0000 -1.0000
      outer loop
         vertex -1.2509 1.2000 6.3500
         vertex 0.8161 0.0161 6.3500
         vertex 0.8325 0.0000 6.3500
      endloop
   endfacet
   facet normal 0.0000 0.0000 -1.0000
      outer loop
         vertex -1.2509 1.2000 6.3500
         vertex 0.8325 0.0000 6.3500
         vertex -1.3259 1.1799 6.3500
      endloop
   endfacet
   facet normal 0.0000 0.0000 -1.0000
      outer loop
         vertex 0.8325 0.0000 6.3500
         vertex -7.6500 0.0000 6.3500
         vertex -7.1500 0.1340 6.3500
      endloop
   endfacet
   facet normal 0.0000 0.0000 -1.0000
      outer loop
         vertex 0.8325 0.0000 6.3500
         vertex -7.1500 0.1340 6.3500
         vertex -3.5175 0.1000 6.3500
      endloop
   endfacet
   facet normal 0.0000 0.0000 -1.0000
      outer loop
         vertex 0.8325 0.0000 6.3500
         vertex -3.5175 0.1000 6.3500
         vertex -1.7825 0.1000 6.3500
      endloop
   endfacet
   facet normal 0.0000 0.0000 -1.0000
      outer loop
         vertex 0.8325 0.0000 6.3500
         vertex -1.7825 0.1000 6.3500
         vertex -1.7661 0.1161 6.3500
      endloop
   endfacet
   facet normal 0.0000 0.0000 -1.0000
      outer loop
         vertex 0.8325 0.0000 6.3500
         vertex -1.7661 0.1161 6.3500
         vertex -1.5675 0.3750 6.3500
      endloop
   endfacet
   facet normal 0.0000 0.0000 -1.0000
      outer loop
         vertex 0.8325 0.0000 6.3500
         vertex -1.5675 0.3750 6.3500
         vertex -1.4426 0.6765 6.3500
      endloop
   endfacet
   facet normal 0.0000 0.0000 -1.0000
      outer loop
         vertex 0.8325 0.0000 6.3500
         vertex -1.4426 0.6765 6.3500
         vertex -1.4000 1.0000 6.3500
      endloop
   endfacet
   facet normal 0.0000 0.0000 -1.0000
      outer loop
         vertex 0.8325 0.0000 6.3500
         vertex -1.4000 1.0000 6.3500
         vertex -1.3808 1.1250 6.3500
      endloop
   endfacet
   facet normal 0.0000 0.0000 -1.0000
      outer loop
         vertex 0.8325 0.0000 6.3500
         vertex -1.3808 1.1250 6.3500
         vertex -1.3259 1.1799 6.3500
      endloop
   endfacet
   facet normal 0.0000 0.0000 -1.0000
      outer loop
         vertex -3.8574 0.6765 6.3500
         vertex -3.7325 0.3750 6.3500
         vertex -6.5011 1.2000 6.3500
      endloop
   endfacet
   facet normal 0.0000 0.0000 -1.0000
      outer loop
         vertex -3.8574 0.6765 6.3500
         vertex -6.5011 1.2000 6.3500
         vertex -4.0491 1.2000 6.3500
      endloop
   endfacet
   facet normal 0.0000 0.0000 -1.0000
      outer loop
         vertex -3.8574 0.6765 6.3500
         vertex -4.0491 1.2000 6.3500
         vertex -3.9741 1.1799 6.3500
      endloop
   endfacet
   facet normal 0.0000 0.0000 -1.0000
      outer loop
         vertex -3.8574 0.6765 6.3500
         vertex -3.9741 1.1799 6.3500
         vertex -3.9192 1.1250 6.3500
      endloop
   endfacet
   facet normal 0.0000 0.0000 -1.0000
      outer loop
         vertex -3.8574 0.6765 6.3500
         vertex -3.9192 1.1250 6.3500
         vertex -3.9000 1.0000 6.3500
      endloop
   endfacet
   facet normal 0.0000 0.0000 -1.0000
      outer loop
         vertex -6.6310 1.1250 6.3500
         vertex -6.5761 1.1799 6.3500
         vertex -3.5175 0.1000 6.3500
      endloop
   endfacet
   facet normal 0.0000 0.0000 -1.0000
      outer loop
         vertex -3.5175 0.1000 6.3500
         vertex -6.5761 1.1799 6.3500
         vertex -6.5011 1.2000 6.3500
      endloop
   endfacet
   facet normal 0.0000 0.0000 -1.0000
      outer loop
         vertex -3.5175 0.1000 6.3500
         vertex -6.5011 1.2000 6.3500
         vertex -3.5339 0.1161 6.3500
      endloop
   endfacet
   facet normal 0.0000 0.0000 -1.0000
      outer loop
         vertex -3.5339 0.1161 6.3500
         vertex -6.5011 1.2000 6.3500
         vertex -3.7325 0.3750 6.3500
      endloop
   endfacet
   facet normal 0.0000 0.0000 -1.0000
      outer loop
         vertex -7.1500 0.1340 6.3500
         vertex -6.7840 0.5000 6.3500
         vertex -3.5175 0.1000 6.3500
      endloop
   endfacet
   facet normal 0.0000 0.0000 -1.0000
      outer loop
         vertex -3.5175 0.1000 6.3500
         vertex -6.7840 0.5000 6.3500
         vertex -6.6500 1.0000 6.3500
      endloop
   endfacet
   facet normal 0.0000 0.0000 -1.0000
      outer loop
         vertex -3.5175 0.1000 6.3500
         vertex -6.6500 1.0000 6.3500
         vertex -6.6310 1.1250 6.3500
      endloop
   endfacet
   facet normal 0.0000 0.0000 -1.0000
      outer loop
         vertex -6.6310 1.1250 6.3500
         vertex -6.6500 1.0000 6.3500
         vertex -6.6509 1.0435 6.3500
      endloop
   endfacet
   facet normal 0.0000 0.0000 -1.0000
      outer loop
         vertex -6.6310 1.1250 6.3500
         vertex -6.6509 1.0435 6.3500
         vertex -6.6511 1.0500 6.3500
      endloop
   endfacet
   facet normal 0.0000 0.0000 -1.0000
      outer loop
         vertex -1.4008 1.0446 6.3500
         vertex -1.4009 1.0500 6.3500
         vertex -1.3808 1.1250 6.3500
      endloop
   endfacet
   facet normal 0.0000 0.0000 -1.0000
      outer loop
         vertex -1.4008 1.0446 6.3500
         vertex -1.3808 1.1250 6.3500
         vertex -1.4000 1.0000 6.3500
      endloop
   endfacet
   facet normal 0.0000 0.0000 -1.0000
      outer loop
         vertex -3.8992 1.0446 6.3500
         vertex -3.9000 1.0000 6.3500
         vertex -3.9192 1.1250 6.3500
      endloop
   endfacet
   facet normal 0.0000 0.0000 -1.0000
      outer loop
         vertex -3.8992 1.0446 6.3500
         vertex -3.9192 1.1250 6.3500
         vertex -3.8991 1.0500 6.3500
      endloop
   endfacet
   facet normal 1.0000 0.0000 0.0000
      outer loop
         vertex 3.3500 5.1196 6.3000
         vertex 3.3500 4.9000 6.5196
         vertex 3.3500 5.1196 4.0000
      endloop
   endfacet
   facet normal 1.0000 0.0000 0.0000
      outer loop
         vertex 3.3500 5.1196 6.3000
         vertex 3.3500 5.1196 4.0000
         vertex 3.3500 5.2000 4.3000
      endloop
   endfacet
   facet normal 1.0000 0.0000 0.0000
      outer loop
         vertex 3.3500 5.1196 6.3000
         vertex 3.3500 5.2000 4.3000
         vertex 3.3500 5.2000 4.4000
      endloop
   endfacet
   facet normal 1.0000 0.0000 0.0000
      outer loop
         vertex 3.3500 5.1196 6.3000
         vertex 3.3500 5.2000 4.4000
         vertex 3.3500 5.2000 5.9000
      endloop
   endfacet
   facet normal 1.0000 0.0000 0.0000
      outer loop
         vertex 3.3500 5.1196 6.3000
         vertex 3.3500 5.2000 5.9000
         vertex 3.3500 5.2000 6.0000
      endloop
   endfacet
   facet normal 1.0000 0.0000 0.0000
      outer loop
         vertex 3.3500 4.4000 3.7000
         vertex 3.3500 4.6000 3.7000
         vertex 3.3500 4.6000 6.6000
      endloop
   endfacet
   facet normal 1.0000 0.0000 0.0000
      outer loop
         vertex 3.3500 4.6000 6.6000
         vertex 3.3500 4.6000 3.7000
         vertex 3.3500 4.9000 3.7804
      endloop
   endfacet
   facet normal 1.0000 0.0000 0.0000
      outer loop
         vertex 3.3500 4.6000 6.6000
         vertex 3.3500 4.9000 3.7804
         vertex 3.3500 4.9000 6.5196
      endloop
   endfacet
   facet normal 1.0000 0.0000 0.0000
      outer loop
         vertex 3.3500 4.9000 6.5196
         vertex 3.3500 4.9000 3.7804
         vertex 3.3500 5.1196 4.0000
      endloop
   endfacet
   facet normal 1.0000 0.0000 0.0000
      outer loop
         vertex 3.3500 4.4000 3.7000
         vertex 3.3500 4.6000 6.6000
         vertex 3.3500 2.4000 3.7000
      endloop
   endfacet
   facet normal 1.0000 0.0000 0.0000
      outer loop
         vertex 3.3500 2.4000 3.7000
         vertex 3.3500 4.6000 6.6000
         vertex 3.3500 2.2000 6.6000
      endloop
   endfacet
   facet normal 1.0000 0.0000 0.0000
      outer loop
         vertex 3.3500 2.4000 3.7000
         vertex 3.3500 2.2000 6.6000
         vertex 3.3500 2.2000 3.7000
      endloop
   endfacet
   facet normal 1.0000 0.0000 0.0000
      outer loop
         vertex 3.3500 2.2000 3.7000
         vertex 3.3500 2.2000 6.6000
         vertex 3.3500 1.9000 6.5196
      endloop
   endfacet
   facet normal 1.0000 0.0000 0.0000
      outer loop
         vertex 3.3500 2.2000 3.7000
         vertex 3.3500 1.9000 6.5196
         vertex 3.3500 1.9000 3.7804
      endloop
   endfacet
   facet normal 1.0000 0.0000 0.0000
      outer loop
         vertex 3.3500 1.9000 3.7804
         vertex 3.3500 1.9000 6.5196
         vertex 3.3500 1.6804 6.3000
      endloop
   endfacet
   facet normal 1.0000 0.0000 0.0000
      outer loop
         vertex 3.3500 1.9000 3.7804
         vertex 3.3500 1.6804 6.3000
         vertex 3.3500 1.6804 4.0000
      endloop
   endfacet
   facet normal 1.0000 0.0000 0.0000
      outer loop
         vertex 3.3500 1.6804 4.0000
         vertex 3.3500 1.6804 6.3000
         vertex 3.3500 1.6000 6.0000
      endloop
   endfacet
   facet normal 1.0000 0.0000 0.0000
      outer loop
         vertex 3.3500 1.6804 4.0000
         vertex 3.3500 1.6000 6.0000
         vertex 3.3500 1.6000 4.3000
      endloop
   endfacet
   facet normal 1.0000 0.0000 0.0000
      outer loop
         vertex 3.3500 5.2000 5.9000
         vertex 3.3500 5.2201 4.4750
         vertex 3.3500 5.2201 5.8250
      endloop
   endfacet
   facet normal 1.0000 0.0000 0.0000
      outer loop
         vertex 3.3500 5.2201 5.8250
         vertex 3.3500 5.2201 4.4750
         vertex 3.3500 5.2750 4.5299
      endloop
   endfacet
   facet normal 1.0000 0.0000 0.0000
      outer loop
         vertex 3.3500 5.2201 5.8250
         vertex 3.3500 5.2750 4.5299
         vertex 3.3500 5.2750 5.7701
      endloop
   endfacet
   facet normal 1.0000 0.0000 0.0000
      outer loop
         vertex 3.3500 5.2750 5.7701
         vertex 3.3500 5.2750 4.5299
         vertex 3.3500 5.3500 4.5500
      endloop
   endfacet
   facet normal 1.0000 0.0000 0.0000
      outer loop
         vertex 3.3500 5.2750 5.7701
         vertex 3.3500 5.3500 4.5500
         vertex 3.3500 5.3500 5.7500
      endloop
   endfacet
   facet normal 1.0000 0.0000 0.0000
      outer loop
         vertex 3.3500 5.3500 5.7500
         vertex 3.3500 5.3500 4.5500
         vertex 3.3500 6.4000 4.5500
      endloop
   endfacet
   facet normal 1.0000 0.0000 0.0000
      outer loop
         vertex 3.3500 5.3500 5.7500
         vertex 3.3500 6.4000 4.5500
         vertex 3.3500 6.4000 5.7500
      endloop
   endfacet
   facet normal 1.0000 0.0000 0.0000
      outer loop
         vertex 3.3500 6.4000 5.7500
         vertex 3.3500 6.4000 4.5500
         vertex 3.3500 6.5500 4.5902
      endloop
   endfacet
   facet normal 1.0000 0.0000 0.0000
      outer loop
         vertex 3.3500 6.4000 5.7500
         vertex 3.3500 6.5500 4.5902
         vertex 3.3500 6.5500 5.7098
      endloop
   endfacet
   facet normal 1.0000 0.0000 0.0000
      outer loop
         vertex 3.3500 6.5500 5.7098
         vertex 3.3500 6.5500 4.5902
         vertex 3.3500 6.6598 4.7000
      endloop
   endfacet
   facet normal 1.0000 0.0000 0.0000
      outer loop
         vertex 3.3500 6.5500 5.7098
         vertex 3.3500 6.6598 4.7000
         vertex 3.3500 6.6598 5.6000
      endloop
   endfacet
   facet normal 1.0000 0.0000 0.0000
      outer loop
         vertex 3.3500 6.6598 5.6000
         vertex 3.3500 6.6598 4.7000
         vertex 3.3500 6.7000 4.8500
      endloop
   endfacet
   facet normal 1.0000 0.0000 0.0000
      outer loop
         vertex 3.3500 6.6598 5.6000
         vertex 3.3500 6.7000 4.8500
         vertex 3.3500 6.7000 5.4500
      endloop
   endfacet
   facet normal 1.0000 0.0000 0.0000
      outer loop
         vertex 3.3500 5.2201 4.4750
         vertex 3.3500 5.2000 5.9000
         vertex 3.3500 5.2000 4.4000
      endloop
   endfacet
   facet normal 0.0000 0.7672 -0.6414
      outer loop
         vertex 5.3500 1.9000 6.5196
         vertex 5.3500 1.6804 6.3000
         vertex 3.3500 1.6804 6.3000
      endloop
   endfacet
   facet normal 0.0000 0.6414 -0.7672
      outer loop
         vertex 5.3500 1.9000 6.5196
         vertex 3.3500 1.6804 6.3000
         vertex 3.3500 1.9000 6.5196
      endloop
   endfacet
   facet normal 0.0000 0.4210 -0.9071
      outer loop
         vertex 5.3500 1.9000 6.5196
         vertex 3.3500 1.9000 6.5196
         vertex 3.3500 2.2000 6.6000
      endloop
   endfacet
   facet normal 0.0000 0.3399 -0.9405
      outer loop
         vertex 5.3500 1.9000 6.5196
         vertex 3.3500 2.2000 6.6000
         vertex 5.3500 2.2000 6.6000
      endloop
   endfacet
   facet normal 0.7331 -0.6801 0.0000
      outer loop
         vertex -1.7825 0.1000 3.5000
         vertex -1.7661 0.1161 3.5000
         vertex -1.7661 0.1161 6.3500
      endloop
   endfacet
   facet normal 0.7170 -0.6971 0.0000
      outer loop
         vertex -1.7825 0.1000 3.5000
         vertex -1.7661 0.1161 6.3500
         vertex -1.7825 0.1000 6.3500
      endloop
   endfacet
   facet normal -0.9996 -0.0284 0.0000
      outer loop
         vertex -3.8991 1.0500 3.5000
         vertex -3.8992 1.0446 3.5000
         vertex -3.8992 1.0446 6.3500
      endloop
   endfacet
   facet normal -0.9972 -0.0750 0.0000
      outer loop
         vertex -3.8991 1.0500 3.5000
         vertex -3.8992 1.0446 6.3500
         vertex -3.8991 1.0500 6.3500
      endloop
   endfacet
   facet normal -0.9995 -0.0317 0.0000
      outer loop
         vertex -3.8992 1.0446 3.5000
         vertex -3.9000 1.0000 3.5000
         vertex -3.9000 1.0000 6.3500
      endloop
   endfacet
   facet normal -1.0000 -0.0069 0.0000
      outer loop
         vertex -3.8992 1.0446 3.5000
         vertex -3.9000 1.0000 6.3500
         vertex -3.8992 1.0446 6.3500
      endloop
   endfacet
   facet normal 0.9256 -0.3786 0.0000
      outer loop
         vertex -1.4009 1.0500 3.5000
         vertex -1.3808 1.1250 3.5000
         vertex -1.3808 1.1250 6.3500
      endloop
   endfacet
   facet normal 0.9682 -0.2501 0.0000
      outer loop
         vertex -1.4009 1.0500 3.5000
         vertex -1.3808 1.1250 6.3500
         vertex -1.4009 1.0500 6.3500
      endloop
   endfacet
   facet normal 0.0000 -1.0000 0.0000
      outer loop
         vertex -1.7825 0.1000 6.3500
         vertex -3.5175 0.1000 6.3500
         vertex -3.5175 0.1000 3.5000
      endloop
   endfacet
   facet normal 0.0000 -1.0000 0.0000
      outer loop
         vertex -1.7825 0.1000 6.3500
         vertex -3.5175 0.1000 3.5000
         vertex -1.7825 0.1000 3.5000
      endloop
   endfacet
   facet normal -0.9814 -0.1920 0.0000
      outer loop
         vertex -3.9000 1.0000 3.5000
         vertex -3.8574 0.6765 3.5000
         vertex -3.8574 0.6765 6.3500
      endloop
   endfacet
   facet normal -0.9923 -0.1243 0.0000
      outer loop
         vertex -3.9000 1.0000 3.5000
         vertex -3.8574 0.6765 6.3500
         vertex -3.9000 1.0000 6.3500
      endloop
   endfacet
   facet normal -0.9062 -0.4228 0.0000
      outer loop
         vertex -3.8574 0.6765 3.5000
         vertex -3.7325 0.3750 3.5000
         vertex -3.7325 0.3750 6.3500
      endloop
   endfacet
   facet normal -0.9398 -0.3418 0.0000
      outer loop
         vertex -3.8574 0.6765 3.5000
         vertex -3.7325 0.3750 6.3500
         vertex -3.8574 0.6765 6.3500
      endloop
   endfacet
   facet normal -0.7913 -0.6115 0.0000
      outer loop
         vertex -3.7325 0.3750 3.5000
         vertex -3.5339 0.1161 3.5000
         vertex -3.5339 0.1161 6.3500
      endloop
   endfacet
   facet normal -0.8305 -0.5570 0.0000
      outer loop
         vertex -3.7325 0.3750 3.5000
         vertex -3.5339 0.1161 6.3500
         vertex -3.7325 0.3750 6.3500
      endloop
   endfacet
   facet normal -0.7170 -0.6971 0.0000
      outer loop
         vertex -3.5339 0.1161 3.5000
         vertex -3.5175 0.1000 3.5000
         vertex -3.5175 0.1000 6.3500
      endloop
   endfacet
   facet normal -0.7331 -0.6801 0.0000
      outer loop
         vertex -3.5339 0.1161 3.5000
         vertex -3.5175 0.1000 6.3500
         vertex -3.5339 0.1161 6.3500
      endloop
   endfacet
   facet normal 0.7913 -0.6115 0.0000
      outer loop
         vertex -1.5675 0.3750 6.3500
         vertex -1.7661 0.1161 6.3500
         vertex -1.7661 0.1161 3.5000
      endloop
   endfacet
   facet normal 0.8305 -0.5570 0.0000
      outer loop
         vertex -1.5675 0.3750 6.3500
         vertex -1.7661 0.1161 3.5000
         vertex -1.5675 0.3750 3.5000
      endloop
   endfacet
   facet normal 1.0000 -0.0069 0.0000
      outer loop
         vertex -1.4000 1.0000 3.5000
         vertex -1.4008 1.0446 3.5000
         vertex -1.4008 1.0446 6.3500
      endloop
   endfacet
   facet normal 0.9995 -0.0317 0.0000
      outer loop
         vertex -1.4000 1.0000 3.5000
         vertex -1.4008 1.0446 6.3500
         vertex -1.4000 1.0000 6.3500
      endloop
   endfacet
   facet normal 0.9972 -0.0750 0.0000
      outer loop
         vertex -1.4008 1.0446 3.5000
         vertex -1.4009 1.0500 3.5000
         vertex -1.4009 1.0500 6.3500
      endloop
   endfacet
   facet normal 0.9996 -0.0284 0.0000
      outer loop
         vertex -1.4008 1.0446 3.5000
         vertex -1.4009 1.0500 6.3500
         vertex -1.4008 1.0446 6.3500
      endloop
   endfacet
   facet normal 0.9398 -0.3418 0.0000
      outer loop
         vertex -1.5675 0.3750 3.5000
         vertex -1.4426 0.6765 3.5000
         vertex -1.4426 0.6765 6.3500
      endloop
   endfacet
   facet normal 0.9062 -0.4228 0.0000
      outer loop
         vertex -1.5675 0.3750 3.5000
         vertex -1.4426 0.6765 6.3500
         vertex -1.5675 0.3750 6.3500
      endloop
   endfacet
   facet normal 0.9923 -0.1243 0.0000
      outer loop
         vertex -1.4426 0.6765 3.5000
         vertex -1.4000 1.0000 3.5000
         vertex -1.4000 1.0000 6.3500
      endloop
   endfacet
   facet normal 0.9814 -0.1920 0.0000
      outer loop
         vertex -1.4426 0.6765 3.5000
         vertex -1.4000 1.0000 6.3500
         vertex -1.4426 0.6765 6.3500
      endloop
   endfacet
   facet normal 0.6414 -0.7672 0.0000
      outer loop
         vertex -1.3808 1.1250 3.5000
         vertex -1.3259 1.1799 3.5000
         vertex -1.3259 1.1799 6.3500
      endloop
   endfacet
   facet normal 0.7672 -0.6414 0.0000
      outer loop
         vertex -1.3808 1.1250 3.5000
         vertex -1.3259 1.1799 6.3500
         vertex -1.3808 1.1250 6.3500
      endloop
   endfacet
   facet normal 0.3399 -0.9405 0.0000
      outer loop
         vertex -1.3259 1.1799 3.5000
         vertex -1.2509 1.2000 3.5000
         vertex -1.2509 1.2000 6.3500
      endloop
   endfacet
   facet normal 0.4210 -0.9071 0.0000
      outer loop
         vertex -1.3259 1.1799 3.5000
         vertex -1.2509 1.2000 6.3500
         vertex -1.3259 1.1799 6.3500
      endloop
   endfacet
   facet normal 0.9997 -0.0252 0.0000
      outer loop
         vertex -6.6500 1.0000 3.5000
         vertex -6.6509 1.0435 3.5000
         vertex -6.6509 1.0435 6.3500
      endloop
   endfacet
   facet normal 0.9974 -0.0724 0.0000
      outer loop
         vertex -6.6500 1.0000 3.5000
         vertex -6.6509 1.0435 6.3500
         vertex -6.6500 1.0000 6.3500
      endloop
   endfacet
   facet normal 0.9974 -0.0724 0.0000
      outer loop
         vertex -6.6509 1.0435 3.5000
         vertex -6.6511 1.0500 3.5000
         vertex -6.6511 1.0500 6.3500
      endloop
   endfacet
   facet normal 0.9997 -0.0252 0.0000
      outer loop
         vertex -6.6509 1.0435 3.5000
         vertex -6.6511 1.0500 6.3500
         vertex -6.6509 1.0435 6.3500
      endloop
   endfacet
   facet normal 0.4210 -0.9071 0.0000
      outer loop
         vertex -7.6500 0.0000 3.5000
         vertex -7.1500 0.1340 3.5000
         vertex -7.1500 0.1340 6.3500
      endloop
   endfacet
   facet normal 0.3399 -0.9405 0.0000
      outer loop
         vertex -7.6500 0.0000 3.5000
         vertex -7.1500 0.1340 6.3500
         vertex -7.6500 0.0000 6.3500
      endloop
   endfacet
   facet normal 0.7672 -0.6414 0.0000
      outer loop
         vertex -7.1500 0.1340 3.5000
         vertex -6.7840 0.5000 3.5000
         vertex -6.7840 0.5000 6.3500
      endloop
   endfacet
   facet normal 0.6414 -0.7672 0.0000
      outer loop
         vertex -7.1500 0.1340 3.5000
         vertex -6.7840 0.5000 6.3500
         vertex -7.1500 0.1340 6.3500
      endloop
   endfacet
   facet normal 0.9685 -0.2489 0.0000
      outer loop
         vertex -6.7840 0.5000 3.5000
         vertex -6.6500 1.0000 3.5000
         vertex -6.6500 1.0000 6.3500
      endloop
   endfacet
   facet normal 0.9258 -0.3780 0.0000
      outer loop
         vertex -6.7840 0.5000 3.5000
         vertex -6.6500 1.0000 6.3500
         vertex -6.7840 0.5000 6.3500
      endloop
   endfacet
   facet normal -0.3541 0.9352 0.0000
      outer loop
         vertex -8.0250 11.2692 3.5000
         vertex -8.0946 11.2492 3.5000
         vertex -8.0946 11.2492 6.3500
      endloop
   endfacet
   facet normal -0.4319 0.9019 0.0000
      outer loop
         vertex -8.0250 11.2692 3.5000
         vertex -8.0946 11.2492 6.3500
         vertex -8.0250 11.2692 6.3500
      endloop
   endfacet
   facet normal -0.4319 -0.9019 0.0000
      outer loop
         vertex -8.0946 8.7508 3.5000
         vertex -8.0250 8.7308 3.5000
         vertex -8.0250 8.7308 6.3500
      endloop
   endfacet
   facet normal -0.3541 -0.9352 0.0000
      outer loop
         vertex -8.0946 8.7508 3.5000
         vertex -8.0250 8.7308 6.3500
         vertex -8.0946 8.7508 6.3500
      endloop
   endfacet
   facet normal -0.6430 0.7659 0.0000
      outer loop
         vertex -8.6750 11.0825 3.5000
         vertex -8.9339 10.8839 3.5000
         vertex -8.9339 10.8839 6.3500
      endloop
   endfacet
   facet normal -0.5734 0.8193 0.0000
      outer loop
         vertex -8.6750 11.0825 3.5000
         vertex -8.9339 10.8839 6.3500
         vertex -8.6750 11.0825 6.3500
      endloop
   endfacet
   facet normal -0.5734 -0.8193 0.0000
      outer loop
         vertex -8.9339 9.1161 3.5000
         vertex -8.6750 8.9175 3.5000
         vertex -8.6750 8.9175 6.3500
      endloop
   endfacet
   facet normal -0.6430 -0.7659 0.0000
      outer loop
         vertex -8.9339 9.1161 3.5000
         vertex -8.6750 8.9175 6.3500
         vertex -8.9339 9.1161 6.3500
      endloop
   endfacet
   facet normal -0.1881 -0.9822 0.0000
      outer loop
         vertex -8.3735 8.7926 3.5000
         vertex -8.0946 8.7508 3.5000
         vertex -8.0946 8.7508 6.3500
      endloop
   endfacet
   facet normal -0.2279 -0.9737 0.0000
      outer loop
         vertex -8.3735 8.7926 3.5000
         vertex -8.0946 8.7508 6.3500
         vertex -8.3735 8.7926 6.3500
      endloop
   endfacet
   facet normal -0.3474 -0.9377 0.0000
      outer loop
         vertex -8.6750 8.9175 3.5000
         vertex -8.3735 8.7926 3.5000
         vertex -8.3735 8.7926 6.3500
      endloop
   endfacet
   facet normal -0.4254 -0.9050 0.0000
      outer loop
         vertex -8.6750 8.9175 3.5000
         vertex -8.3735 8.7926 6.3500
         vertex -8.6750 8.9175 6.3500
      endloop
   endfacet
   facet normal -0.7689 -0.6394 0.0000
      outer loop
         vertex -8.0250 8.7308 3.5000
         vertex -7.9701 8.6759 3.5000
         vertex -7.9701 8.6759 6.3500
      endloop
   endfacet
   facet normal -0.6458 -0.7635 0.0000
      outer loop
         vertex -8.0250 8.7308 3.5000
         vertex -7.9701 8.6759 6.3500
         vertex -8.0250 8.7308 6.3500
      endloop
   endfacet
   facet normal -0.9405 -0.3399 0.0000
      outer loop
         vertex -7.9701 8.6759 3.5000
         vertex -7.9500 8.6009 3.5000
         vertex -7.9500 8.6009 6.3500
      endloop
   endfacet
   facet normal -0.9071 -0.4210 0.0000
      outer loop
         vertex -7.9701 8.6759 3.5000
         vertex -7.9500 8.6009 6.3500
         vertex -7.9701 8.6759 6.3500
      endloop
   endfacet
   facet normal -1.0000 0.0000 0.0000
      outer loop
         vertex -7.9500 6.5991 6.3500
         vertex -7.9500 8.6009 6.3500
         vertex -7.9500 8.6009 3.5000
      endloop
   endfacet
   facet normal -1.0000 0.0000 0.0000
      outer loop
         vertex -7.9500 6.5991 6.3500
         vertex -7.9500 8.6009 3.5000
         vertex -7.9500 6.5991 3.5000
      endloop
   endfacet
   facet normal -0.4254 0.9050 0.0000
      outer loop
         vertex -8.3735 11.2074 3.5000
         vertex -8.6750 11.0825 3.5000
         vertex -8.6750 11.0825 6.3500
      endloop
   endfacet
   facet normal -0.3474 0.9377 0.0000
      outer loop
         vertex -8.3735 11.2074 3.5000
         vertex -8.6750 11.0825 6.3500
         vertex -8.3735 11.2074 6.3500
      endloop
   endfacet
   facet normal -0.9071 0.4210 0.0000
      outer loop
         vertex -7.9500 11.3991 3.5000
         vertex -7.9701 11.3241 3.5000
         vertex -7.9701 11.3241 6.3500
      endloop
   endfacet
   facet normal -0.9405 0.3399 0.0000
      outer loop
         vertex -7.9500 11.3991 3.5000
         vertex -7.9701 11.3241 6.3500
         vertex -7.9500 11.3991 6.3500
      endloop
   endfacet
   facet normal -0.6458 0.7635 0.0000
      outer loop
         vertex -7.9701 11.3241 3.5000
         vertex -8.0250 11.2692 3.5000
         vertex -8.0250 11.2692 6.3500
      endloop
   endfacet
   facet normal -0.7689 0.6394 0.0000
      outer loop
         vertex -7.9701 11.3241 3.5000
         vertex -8.0250 11.2692 6.3500
         vertex -7.9701 11.3241 6.3500
      endloop
   endfacet
   facet normal -0.2279 0.9737 0.0000
      outer loop
         vertex -8.0946 11.2492 3.5000
         vertex -8.3735 11.2074 3.5000
         vertex -8.3735 11.2074 6.3500
      endloop
   endfacet
   facet normal -0.1881 0.9822 0.0000
      outer loop
         vertex -8.0946 11.2492 3.5000
         vertex -8.3735 11.2074 6.3500
         vertex -8.0946 11.2492 6.3500
      endloop
   endfacet
   facet normal -1.0000 0.0000 0.0000
      outer loop
         vertex -7.9500 11.3991 6.3500
         vertex -7.9500 12.0000 6.3500
         vertex -7.9500 12.0000 3.5000
      endloop
   endfacet
   facet normal -1.0000 0.0000 0.0000
      outer loop
         vertex -7.9500 11.3991 6.3500
         vertex -7.9500 12.0000 3.5000
         vertex -7.9500 11.3991 3.5000
      endloop
   endfacet
   facet normal -0.9071 0.4210 0.0000
      outer loop
         vertex -7.9500 6.5991 3.5000
         vertex -7.9701 6.5241 3.5000
         vertex -7.9701 6.5241 6.3500
      endloop
   endfacet
   facet normal -0.9405 0.3399 0.0000
      outer loop
         vertex -7.9500 6.5991 3.5000
         vertex -7.9701 6.5241 6.3500
         vertex -7.9500 6.5991 6.3500
      endloop
   endfacet
   facet normal -0.9685 0.2489 0.0000
      outer loop
         vertex -8.5160 1.5000 3.5000
         vertex -8.6500 1.0000 3.5000
         vertex -8.6500 1.0000 6.3500
      endloop
   endfacet
   facet normal -0.9258 0.3780 0.0000
      outer loop
         vertex -8.5160 1.5000 3.5000
         vertex -8.6500 1.0000 6.3500
         vertex -8.5160 1.5000 6.3500
      endloop
   endfacet
   facet normal -0.5118 0.8591 0.0000
      outer loop
         vertex -7.9500 1.9539 3.5000
         vertex -8.1500 1.8660 3.5000
         vertex -8.1500 1.8660 6.3500
      endloop
   endfacet
   facet normal -0.4575 0.8892 0.0000
      outer loop
         vertex -7.9500 1.9539 3.5000
         vertex -8.1500 1.8660 6.3500
         vertex -7.9500 1.9539 6.3500
      endloop
   endfacet
   facet normal -0.7817 0.6236 0.0000
      outer loop
         vertex -8.1500 1.8660 3.5000
         vertex -8.5160 1.5000 3.5000
         vertex -8.5160 1.5000 6.3500
      endloop
   endfacet
   facet normal -0.6787 0.7344 0.0000
      outer loop
         vertex -8.1500 1.8660 3.5000
         vertex -8.5160 1.5000 6.3500
         vertex -8.1500 1.8660 6.3500
      endloop
   endfacet
   facet normal -0.9258 0.3780 0.0000
      outer loop
         vertex -8.6489 0.9500 3.5000
         vertex -8.6690 0.8750 3.5000
         vertex -8.6690 0.8750 6.3500
      endloop
   endfacet
   facet normal -0.9685 0.2489 0.0000
      outer loop
         vertex -8.6489 0.9500 3.5000
         vertex -8.6690 0.8750 6.3500
         vertex -8.6489 0.9500 6.3500
      endloop
   endfacet
   facet normal -0.7672 0.6414 0.0000
      outer loop
         vertex -8.7239 0.8201 6.3500
         vertex -8.6690 0.8750 6.3500
         vertex -8.6690 0.8750 3.5000
      endloop
   endfacet
   facet normal -0.6414 0.7672 0.0000
      outer loop
         vertex -8.7239 0.8201 6.3500
         vertex -8.6690 0.8750 3.5000
         vertex -8.7239 0.8201 3.5000
      endloop
   endfacet
   facet normal -0.9997 0.0252 0.0000
      outer loop
         vertex -8.6500 1.0000 3.5000
         vertex -8.6491 0.9565 3.5000
         vertex -8.6491 0.9565 6.3500
      endloop
   endfacet
   facet normal -0.9974 0.0724 0.0000
      outer loop
         vertex -8.6500 1.0000 3.5000
         vertex -8.6491 0.9565 6.3500
         vertex -8.6500 1.0000 6.3500
      endloop
   endfacet
   facet normal -0.9974 0.0724 0.0000
      outer loop
         vertex -8.6491 0.9565 3.5000
         vertex -8.6489 0.9500 3.5000
         vertex -8.6489 0.9500 6.3500
      endloop
   endfacet
   facet normal -0.9997 0.0252 0.0000
      outer loop
         vertex -8.6491 0.9565 3.5000
         vertex -8.6489 0.9500 6.3500
         vertex -8.6491 0.9565 6.3500
      endloop
   endfacet
   facet normal -0.6074 -0.7944 0.0000
      outer loop
         vertex -7.9500 3.5500 6.3500
         vertex -8.8093 4.2070 6.3500
         vertex -8.8093 4.2070 3.5000
      endloop
   endfacet
   facet normal -0.6074 -0.7944 0.0000
      outer loop
         vertex -7.9500 3.5500 6.3500
         vertex -8.8093 4.2070 3.5000
         vertex -7.9500 3.5500 3.5000
      endloop
   endfacet
   facet normal -1.0000 0.0000 0.0000
      outer loop
         vertex -7.9500 1.9539 3.5000
         vertex -7.9500 1.9539 6.3500
         vertex -7.9500 3.5500 6.3500
      endloop
   endfacet
   facet normal -1.0000 0.0000 0.0000
      outer loop
         vertex -7.9500 1.9539 3.5000
         vertex -7.9500 3.5500 6.3500
         vertex -7.9500 3.5500 3.5000
      endloop
   endfacet
   facet normal -0.3399 0.9405 0.0000
      outer loop
         vertex -8.7239 0.8201 3.5000
         vertex -8.7989 0.8000 3.5000
         vertex -8.7989 0.8000 6.3500
      endloop
   endfacet
   facet normal -0.4210 0.9071 0.0000
      outer loop
         vertex -8.7239 0.8201 3.5000
         vertex -8.7989 0.8000 6.3500
         vertex -8.7239 0.8201 6.3500
      endloop
   endfacet
   facet normal -0.6458 0.7635 0.0000
      outer loop
         vertex -7.9701 6.5241 3.5000
         vertex -8.0250 6.4692 3.5000
         vertex -8.0250 6.4692 6.3500
      endloop
   endfacet
   facet normal -0.7689 0.6394 0.0000
      outer loop
         vertex -7.9701 6.5241 3.5000
         vertex -8.0250 6.4692 6.3500
         vertex -7.9701 6.5241 6.3500
      endloop
   endfacet
   facet normal -0.6757 -0.7372 0.0000
      outer loop
         vertex -8.9339 4.3161 3.5000
         vertex -8.8093 4.2070 3.5000
         vertex -8.8093 4.2070 6.3500
      endloop
   endfacet
   facet normal -0.6924 -0.7215 0.0000
      outer loop
         vertex -8.9339 4.3161 3.5000
         vertex -8.8093 4.2070 6.3500
         vertex -8.9339 4.3161 6.3500
      endloop
   endfacet
   facet normal -0.3541 0.9352 0.0000
      outer loop
         vertex -8.0250 6.4692 3.5000
         vertex -8.0946 6.4492 3.5000
         vertex -8.0946 6.4492 6.3500
      endloop
   endfacet
   facet normal -0.4319 0.9019 0.0000
      outer loop
         vertex -8.0250 6.4692 3.5000
         vertex -8.0946 6.4492 6.3500
         vertex -8.0250 6.4692 6.3500
      endloop
   endfacet
   facet normal -0.6276 0.7785 0.0000
      outer loop
         vertex -8.6750 6.2825 3.5000
         vertex -8.9339 6.0839 3.5000
         vertex -8.9339 6.0839 6.3500
      endloop
   endfacet
   facet normal -0.5654 0.8248 0.0000
      outer loop
         vertex -8.6750 6.2825 3.5000
         vertex -8.9339 6.0839 6.3500
         vertex -8.6750 6.2825 6.3500
      endloop
   endfacet
   facet normal -0.4254 0.9050 0.0000
      outer loop
         vertex -8.3735 6.4074 3.5000
         vertex -8.6750 6.2825 3.5000
         vertex -8.6750 6.2825 6.3500
      endloop
   endfacet
   facet normal -0.3474 0.9377 0.0000
      outer loop
         vertex -8.3735 6.4074 3.5000
         vertex -8.6750 6.2825 6.3500
         vertex -8.3735 6.4074 6.3500
      endloop
   endfacet
   facet normal -0.2279 0.9737 0.0000
      outer loop
         vertex -8.0946 6.4492 3.5000
         vertex -8.3735 6.4074 3.5000
         vertex -8.3735 6.4074 6.3500
      endloop
   endfacet
   facet normal -0.1881 0.9822 0.0000
      outer loop
         vertex -8.0946 6.4492 3.5000
         vertex -8.3735 6.4074 6.3500
         vertex -8.0946 6.4492 6.3500
      endloop
   endfacet
   facet normal 0.6414 -0.7672 0.0000
      outer loop
         vertex -6.6310 1.1250 3.5000
         vertex -6.5761 1.1799 3.5000
         vertex -6.5761 1.1799 6.3500
      endloop
   endfacet
   facet normal 0.7672 -0.6414 0.0000
      outer loop
         vertex -6.6310 1.1250 3.5000
         vertex -6.5761 1.1799 6.3500
         vertex -6.6310 1.1250 6.3500
      endloop
   endfacet
   facet normal 0.3399 -0.9405 0.0000
      outer loop
         vertex -6.5761 1.1799 3.5000
         vertex -6.5011 1.2000 3.5000
         vertex -6.5011 1.2000 6.3500
      endloop
   endfacet
   facet normal 0.4210 -0.9071 0.0000
      outer loop
         vertex -6.5761 1.1799 3.5000
         vertex -6.5011 1.2000 6.3500
         vertex -6.5761 1.1799 6.3500
      endloop
   endfacet
   facet normal 0.0000 -1.0000 0.0000
      outer loop
         vertex -4.0491 1.2000 3.5000
         vertex -4.7500 1.2000 4.0600
         vertex -6.5011 1.2000 3.5000
      endloop
   endfacet
   facet normal 0.0000 -1.0000 0.0000
      outer loop
         vertex -6.5011 1.2000 3.5000
         vertex -4.7500 1.2000 4.0600
         vertex -5.2500 1.2000 4.0600
      endloop
   endfacet
   facet normal 0.0000 -1.0000 0.0000
      outer loop
         vertex -6.5011 1.2000 3.5000
         vertex -5.2500 1.2000 4.0600
         vertex -6.5011 1.2000 6.3500
      endloop
   endfacet
   facet normal 0.0000 -1.0000 0.0000
      outer loop
         vertex -6.5011 1.2000 6.3500
         vertex -5.2500 1.2000 4.0600
         vertex -5.2500 1.2000 5.0600
      endloop
   endfacet
   facet normal 0.0000 -1.0000 0.0000
      outer loop
         vertex -6.5011 1.2000 6.3500
         vertex -5.2500 1.2000 5.0600
         vertex -4.0491 1.2000 6.3500
      endloop
   endfacet
   facet normal 0.0000 -1.0000 0.0000
      outer loop
         vertex -4.0491 1.2000 6.3500
         vertex -5.2500 1.2000 5.0600
         vertex -4.7500 1.2000 5.0600
      endloop
   endfacet
   facet normal 0.0000 -1.0000 0.0000
      outer loop
         vertex -4.0491 1.2000 6.3500
         vertex -4.7500 1.2000 5.0600
         vertex -4.7500 1.2000 4.0600
      endloop
   endfacet
   facet normal 0.0000 -1.0000 0.0000
      outer loop
         vertex -4.7500 1.2000 4.0600
         vertex -4.0491 1.2000 3.5000
         vertex -4.0491 1.2000 6.3500
      endloop
   endfacet
   facet normal -0.4210 -0.9071 0.0000
      outer loop
         vertex -4.0491 1.2000 3.5000
         vertex -3.9741 1.1799 3.5000
         vertex -3.9741 1.1799 6.3500
      endloop
   endfacet
   facet normal -0.3399 -0.9405 0.0000
      outer loop
         vertex -4.0491 1.2000 3.5000
         vertex -3.9741 1.1799 6.3500
         vertex -4.0491 1.2000 6.3500
      endloop
   endfacet
   facet normal -1.0000 0.0000 0.0000
      outer loop
         vertex -5.2500 1.2000 4.0600
         vertex -5.2500 -3.6000 4.0600
         vertex -5.2500 -3.6000 5.0600
      endloop
   endfacet
   facet normal -1.0000 0.0000 0.0000
      outer loop
         vertex -5.2500 1.2000 4.0600
         vertex -5.2500 -3.6000 5.0600
         vertex -5.2500 1.2000 5.0600
      endloop
   endfacet
   facet normal 1.0000 0.0000 0.0000
      outer loop
         vertex -4.7500 1.2000 5.0600
         vertex -4.7500 -3.6000 5.0600
         vertex -4.7500 -3.6000 4.0600
      endloop
   endfacet
   facet normal 1.0000 0.0000 0.0000
      outer loop
         vertex -4.7500 1.2000 5.0600
         vertex -4.7500 -3.6000 4.0600
         vertex -4.7500 1.2000 4.0600
      endloop
   endfacet
   facet normal 0.0000 0.0000 1.0000
      outer loop
         vertex -4.7500 -3.6000 5.0600
         vertex -4.7500 1.2000 5.0600
         vertex -5.2500 1.2000 5.0600
      endloop
   endfacet
   facet normal 0.0000 0.0000 1.0000
      outer loop
         vertex -4.7500 -3.6000 5.0600
         vertex -5.2500 1.2000 5.0600
         vertex -5.2500 -3.6000 5.0600
      endloop
   endfacet
   facet normal 0.0000 0.0000 -1.0000
      outer loop
         vertex -5.2500 -3.6000 4.0600
         vertex -5.2500 1.2000 4.0600
         vertex -4.7500 1.2000 4.0600
      endloop
   endfacet
   facet normal 0.0000 0.0000 -1.0000
      outer loop
         vertex -5.2500 -3.6000 4.0600
         vertex -4.7500 1.2000 4.0600
         vertex -4.7500 -3.6000 4.0600
      endloop
   endfacet
   facet normal 0.9258 -0.3780 0.0000
      outer loop
         vertex -6.6511 1.0500 3.5000
         vertex -6.6310 1.1250 3.5000
         vertex -6.6310 1.1250 6.3500
      endloop
   endfacet
   facet normal 0.9685 -0.2489 0.0000
      outer loop
         vertex -6.6511 1.0500 3.5000
         vertex -6.6310 1.1250 6.3500
         vertex -6.6511 1.0500 6.3500
      endloop
   endfacet
   facet normal -0.7672 -0.6414 0.0000
      outer loop
         vertex -3.9741 1.1799 3.5000
         vertex -3.9192 1.1250 3.5000
         vertex -3.9192 1.1250 6.3500
      endloop
   endfacet
   facet normal -0.6414 -0.7672 0.0000
      outer loop
         vertex -3.9741 1.1799 3.5000
         vertex -3.9192 1.1250 6.3500
         vertex -3.9741 1.1799 6.3500
      endloop
   endfacet
   facet normal -0.9682 -0.2501 0.0000
      outer loop
         vertex -3.9192 1.1250 3.5000
         vertex -3.8991 1.0500 3.5000
         vertex -3.8991 1.0500 6.3500
      endloop
   endfacet
   facet normal -0.9256 -0.3786 0.0000
      outer loop
         vertex -3.9192 1.1250 3.5000
         vertex -3.8991 1.0500 6.3500
         vertex -3.9192 1.1250 6.3500
      endloop
   endfacet
   facet normal 0.9277 -0.3733 0.0000
      outer loop
         vertex 2.9419 1.0500 3.5000
         vertex 2.9620 1.1250 3.5000
         vertex 2.9620 1.1250 6.3500
      endloop
   endfacet
   facet normal 0.9711 -0.2386 0.0000
      outer loop
         vertex 2.9419 1.0500 3.5000
         vertex 2.9620 1.1250 6.3500
         vertex 2.9419 1.0500 6.3500
      endloop
   endfacet
   facet normal -1.0000 0.0016 0.0000
      outer loop
         vertex 0.4581 1.0500 3.5000
         vertex 0.4572 1.0339 3.5000
         vertex 0.4572 1.0339 6.3500
      endloop
   endfacet
   facet normal -0.9987 -0.0511 0.0000
      outer loop
         vertex 0.4581 1.0500 3.5000
         vertex 0.4572 1.0339 6.3500
         vertex 0.4581 1.0500 6.3500
      endloop
   endfacet
   facet normal -1.0000 -0.0078 0.0000
      outer loop
         vertex 0.4572 1.0339 3.5000
         vertex 0.4500 0.9000 3.5000
         vertex 0.4500 0.9000 6.3500
      endloop
   endfacet
   facet normal -0.9997 0.0230 0.0000
      outer loop
         vertex 0.4572 1.0339 3.5000
         vertex 0.4500 0.9000 6.3500
         vertex 0.4572 1.0339 6.3500
      endloop
   endfacet
   facet normal -0.9825 -0.1862 0.0000
      outer loop
         vertex 0.4500 0.9000 3.5000
         vertex 0.4926 0.5765 3.5000
         vertex 0.4926 0.5765 6.3500
      endloop
   endfacet
   facet normal -0.9937 -0.1124 0.0000
      outer loop
         vertex 0.4500 0.9000 3.5000
         vertex 0.4926 0.5765 6.3500
         vertex 0.4500 0.9000 6.3500
      endloop
   endfacet
   facet normal 0.7331 -0.6801 0.0000
      outer loop
         vertex 2.5675 0.0000 3.5000
         vertex 2.5839 0.0161 3.5000
         vertex 2.5839 0.0161 6.3500
      endloop
   endfacet
   facet normal 0.7170 -0.6971 0.0000
      outer loop
         vertex 2.5675 0.0000 3.5000
         vertex 2.5839 0.0161 6.3500
         vertex 2.5675 0.0000 6.3500
      endloop
   endfacet
   facet normal 0.7913 -0.6115 0.0000
      outer loop
         vertex 2.7825 0.2750 6.3500
         vertex 2.5839 0.0161 6.3500
         vertex 2.5839 0.0161 3.5000
      endloop
   endfacet
   facet normal 0.8305 -0.5570 0.0000
      outer loop
         vertex 2.7825 0.2750 6.3500
         vertex 2.5839 0.0161 3.5000
         vertex 2.7825 0.2750 3.5000
      endloop
   endfacet
   facet normal -0.9062 -0.4228 0.0000
      outer loop
         vertex 0.4926 0.5765 3.5000
         vertex 0.6175 0.2750 3.5000
         vertex 0.6175 0.2750 6.3500
      endloop
   endfacet
   facet normal -0.9398 -0.3418 0.0000
      outer loop
         vertex 0.4926 0.5765 3.5000
         vertex 0.6175 0.2750 6.3500
         vertex 0.4926 0.5765 6.3500
      endloop
   endfacet
   facet normal -0.7913 -0.6115 0.0000
      outer loop
         vertex 0.6175 0.2750 3.5000
         vertex 0.8161 0.0161 3.5000
         vertex 0.8161 0.0161 6.3500
      endloop
   endfacet
   facet normal -0.8305 -0.5570 0.0000
      outer loop
         vertex 0.6175 0.2750 3.5000
         vertex 0.8161 0.0161 6.3500
         vertex 0.6175 0.2750 6.3500
      endloop
   endfacet
   facet normal -0.7170 -0.6971 0.0000
      outer loop
         vertex 0.8161 0.0161 3.5000
         vertex 0.8325 0.0000 3.5000
         vertex 0.8325 0.0000 6.3500
      endloop
   endfacet
   facet normal -0.7331 -0.6801 0.0000
      outer loop
         vertex 0.8161 0.0161 3.5000
         vertex 0.8325 0.0000 6.3500
         vertex 0.8161 0.0161 6.3500
      endloop
   endfacet
   facet normal 0.0000 -1.0000 0.0000
      outer loop
         vertex 0.3081 1.2000 3.5000
         vertex 0.2500 1.2000 4.0600
         vertex -1.2509 1.2000 3.5000
      endloop
   endfacet
   facet normal 0.0000 -1.0000 0.0000
      outer loop
         vertex -1.2509 1.2000 3.5000
         vertex 0.2500 1.2000 4.0600
         vertex -0.2500 1.2000 4.0600
      endloop
   endfacet
   facet normal 0.0000 -1.0000 0.0000
      outer loop
         vertex -1.2509 1.2000 3.5000
         vertex -0.2500 1.2000 4.0600
         vertex -1.2509 1.2000 6.3500
      endloop
   endfacet
   facet normal 0.0000 -1.0000 0.0000
      outer loop
         vertex -1.2509 1.2000 6.3500
         vertex -0.2500 1.2000 4.0600
         vertex -0.2500 1.2000 5.0600
      endloop
   endfacet
   facet normal 0.0000 -1.0000 0.0000
      outer loop
         vertex -1.2509 1.2000 6.3500
         vertex -0.2500 1.2000 5.0600
         vertex 0.3081 1.2000 6.3500
      endloop
   endfacet
   facet normal 0.0000 -1.0000 0.0000
      outer loop
         vertex 0.3081 1.2000 6.3500
         vertex -0.2500 1.2000 5.0600
         vertex 0.2500 1.2000 5.0600
      endloop
   endfacet
   facet normal 0.0000 -1.0000 0.0000
      outer loop
         vertex 0.3081 1.2000 6.3500
         vertex 0.2500 1.2000 5.0600
         vertex 0.2500 1.2000 4.0600
      endloop
   endfacet
   facet normal 0.0000 -1.0000 0.0000
      outer loop
         vertex 0.2500 1.2000 4.0600
         vertex 0.3081 1.2000 3.5000
         vertex 0.3081 1.2000 6.3500
      endloop
   endfacet
   facet normal -0.4210 -0.9071 0.0000
      outer loop
         vertex 0.3081 1.2000 3.5000
         vertex 0.3831 1.1799 3.5000
         vertex 0.3831 1.1799 6.3500
      endloop
   endfacet
   facet normal -0.3399 -0.9405 0.0000
      outer loop
         vertex 0.3081 1.2000 3.5000
         vertex 0.3831 1.1799 6.3500
         vertex 0.3081 1.2000 6.3500
      endloop
   endfacet
   facet normal -0.7672 -0.6414 0.0000
      outer loop
         vertex 0.3831 1.1799 3.5000
         vertex 0.4380 1.1250 3.5000
         vertex 0.4380 1.1250 6.3500
      endloop
   endfacet
   facet normal -0.6414 -0.7672 0.0000
      outer loop
         vertex 0.3831 1.1799 3.5000
         vertex 0.4380 1.1250 6.3500
         vertex 0.3831 1.1799 6.3500
      endloop
   endfacet
   facet normal -0.9711 -0.2386 0.0000
      outer loop
         vertex 0.4380 1.1250 3.5000
         vertex 0.4581 1.0500 3.5000
         vertex 0.4581 1.0500 6.3500
      endloop
   endfacet
   facet normal -0.9277 -0.3733 0.0000
      outer loop
         vertex 0.4380 1.1250 3.5000
         vertex 0.4581 1.0500 6.3500
         vertex 0.4380 1.1250 6.3500
      endloop
   endfacet
   facet normal -1.0000 0.0000 0.0000
      outer loop
         vertex -0.2500 -3.6000 5.0600
         vertex -0.2500 1.2000 5.0600
         vertex -0.2500 1.2000 4.0600
      endloop
   endfacet
   facet normal -1.0000 0.0000 0.0000
      outer loop
         vertex -0.2500 -3.6000 5.0600
         vertex -0.2500 1.2000 4.0600
         vertex -0.2500 -3.6000 4.0600
      endloop
   endfacet
   facet normal 1.0000 0.0000 0.0000
      outer loop
         vertex 0.2500 1.2000 5.0600
         vertex 0.2500 -3.6000 5.0600
         vertex 0.2500 -3.6000 4.0600
      endloop
   endfacet
   facet normal 1.0000 0.0000 0.0000
      outer loop
         vertex 0.2500 1.2000 5.0600
         vertex 0.2500 -3.6000 4.0600
         vertex 0.2500 1.2000 4.0600
      endloop
   endfacet
   facet normal 0.0000 0.0000 1.0000
      outer loop
         vertex -0.2500 1.2000 5.0600
         vertex -0.2500 -3.6000 5.0600
         vertex 0.2500 -3.6000 5.0600
      endloop
   endfacet
   facet normal 0.0000 0.0000 1.0000
      outer loop
         vertex -0.2500 1.2000 5.0600
         vertex 0.2500 -3.6000 5.0600
         vertex 0.2500 1.2000 5.0600
      endloop
   endfacet
   facet normal 0.0000 0.0000 -1.0000
      outer loop
         vertex 0.2500 1.2000 4.0600
         vertex 0.2500 -3.6000 4.0600
         vertex -0.2500 -3.6000 4.0600
      endloop
   endfacet
   facet normal 0.0000 0.0000 -1.0000
      outer loop
         vertex 0.2500 1.2000 4.0600
         vertex -0.2500 -3.6000 4.0600
         vertex -0.2500 1.2000 4.0600
      endloop
   endfacet
   facet normal 0.9937 -0.1124 0.0000
      outer loop
         vertex 2.9074 0.5765 3.5000
         vertex 2.9500 0.9000 3.5000
         vertex 2.9500 0.9000 6.3500
      endloop
   endfacet
   facet normal 0.9825 -0.1862 0.0000
      outer loop
         vertex 2.9074 0.5765 3.5000
         vertex 2.9500 0.9000 6.3500
         vertex 2.9074 0.5765 6.3500
      endloop
   endfacet
   facet normal 0.9398 -0.3418 0.0000
      outer loop
         vertex 2.7825 0.2750 3.5000
         vertex 2.9074 0.5765 3.5000
         vertex 2.9074 0.5765 6.3500
      endloop
   endfacet
   facet normal 0.9062 -0.4228 0.0000
      outer loop
         vertex 2.7825 0.2750 3.5000
         vertex 2.9074 0.5765 6.3500
         vertex 2.7825 0.2750 6.3500
      endloop
   endfacet
   facet normal 0.7672 -0.6414 0.0000
      outer loop
         vertex 3.0169 1.1799 6.3500
         vertex 2.9620 1.1250 6.3500
         vertex 2.9620 1.1250 3.5000
      endloop
   endfacet
   facet normal 0.6414 -0.7672 0.0000
      outer loop
         vertex 3.0169 1.1799 6.3500
         vertex 2.9620 1.1250 3.5000
         vertex 3.0169 1.1799 3.5000
      endloop
   endfacet
   facet normal 0.9997 0.0230 0.0000
      outer loop
         vertex 2.9500 0.9000 3.5000
         vertex 2.9428 1.0339 3.5000
         vertex 2.9428 1.0339 6.3500
      endloop
   endfacet
   facet normal 1.0000 -0.0078 0.0000
      outer loop
         vertex 2.9500 0.9000 3.5000
         vertex 2.9428 1.0339 6.3500
         vertex 2.9500 0.9000 6.3500
      endloop
   endfacet
   facet normal 0.9987 -0.0511 0.0000
      outer loop
         vertex 2.9428 1.0339 3.5000
         vertex 2.9419 1.0500 3.5000
         vertex 2.9419 1.0500 6.3500
      endloop
   endfacet
   facet normal 1.0000 0.0016 0.0000
      outer loop
         vertex 2.9428 1.0339 3.5000
         vertex 2.9419 1.0500 6.3500
         vertex 2.9428 1.0339 6.3500
      endloop
   endfacet
   facet normal 0.3399 -0.9405 0.0000
      outer loop
         vertex 3.0169 1.1799 3.5000
         vertex 3.0919 1.2000 3.5000
         vertex 3.0919 1.2000 6.3500
      endloop
   endfacet
   facet normal 0.4210 -0.9071 0.0000
      outer loop
         vertex 3.0169 1.1799 3.5000
         vertex 3.0919 1.2000 6.3500
         vertex 3.0169 1.1799 6.3500
      endloop
   endfacet
   facet normal 0.0000 -1.0000 0.0000
      outer loop
         vertex 4.6000 1.2000 6.3500
         vertex 3.0919 1.2000 6.3500
         vertex 3.0919 1.2000 3.5000
      endloop
   endfacet
   facet normal 0.0000 -1.0000 0.0000
      outer loop
         vertex 4.6000 1.2000 6.3500
         vertex 3.0919 1.2000 3.5000
         vertex 4.6000 1.2000 3.5000
      endloop
   endfacet
   facet normal -1.0000 0.0000 0.0000
      outer loop
         vertex 4.7500 0.0000 6.3500
         vertex 4.7500 1.0500 6.3500
         vertex 4.7500 1.0500 3.5000
      endloop
   endfacet
   facet normal -1.0000 0.0000 0.0000
      outer loop
         vertex 4.7500 0.0000 6.3500
         vertex 4.7500 1.0500 3.5000
         vertex 4.7500 0.0000 3.5000
      endloop
   endfacet
   facet normal 0.7331 -0.6801 0.0000
      outer loop
         vertex -1.7825 0.1000 0.0000
         vertex -1.7661 0.1161 0.0000
         vertex -1.7661 0.1161 2.8500
      endloop
   endfacet
   facet normal 0.7170 -0.6971 0.0000
      outer loop
         vertex -1.7825 0.1000 0.0000
         vertex -1.7661 0.1161 2.8500
         vertex -1.7825 0.1000 2.8500
      endloop
   endfacet
   facet normal -0.9996 -0.0284 0.0000
      outer loop
         vertex -3.8991 1.0500 0.0000
         vertex -3.8992 1.0446 0.0000
         vertex -3.8992 1.0446 2.8500
      endloop
   endfacet
   facet normal -0.9972 -0.0750 0.0000
      outer loop
         vertex -3.8991 1.0500 0.0000
         vertex -3.8992 1.0446 2.8500
         vertex -3.8991 1.0500 2.8500
      endloop
   endfacet
   facet normal -0.9995 -0.0317 0.0000
      outer loop
         vertex -3.8992 1.0446 0.0000
         vertex -3.9000 1.0000 0.0000
         vertex -3.9000 1.0000 2.8500
      endloop
   endfacet
   facet normal -1.0000 -0.0069 0.0000
      outer loop
         vertex -3.8992 1.0446 0.0000
         vertex -3.9000 1.0000 2.8500
         vertex -3.8992 1.0446 2.8500
      endloop
   endfacet
   facet normal 0.9256 -0.3786 0.0000
      outer loop
         vertex -1.4009 1.0500 0.0000
         vertex -1.3808 1.1250 0.0000
         vertex -1.3808 1.1250 2.8500
      endloop
   endfacet
   facet normal 0.9682 -0.2501 0.0000
      outer loop
         vertex -1.4009 1.0500 0.0000
         vertex -1.3808 1.1250 2.8500
         vertex -1.4009 1.0500 2.8500
      endloop
   endfacet
   facet normal 0.0000 -1.0000 0.0000
      outer loop
         vertex -1.7825 0.1000 2.8500
         vertex -3.5175 0.1000 2.8500
         vertex -3.5175 0.1000 0.0000
      endloop
   endfacet
   facet normal 0.0000 -1.0000 0.0000
      outer loop
         vertex -1.7825 0.1000 2.8500
         vertex -3.5175 0.1000 0.0000
         vertex -1.7825 0.1000 0.0000
      endloop
   endfacet
   facet normal -0.9814 -0.1920 0.0000
      outer loop
         vertex -3.9000 1.0000 0.0000
         vertex -3.8574 0.6765 0.0000
         vertex -3.8574 0.6765 2.8500
      endloop
   endfacet
   facet normal -0.9923 -0.1243 0.0000
      outer loop
         vertex -3.9000 1.0000 0.0000
         vertex -3.8574 0.6765 2.8500
         vertex -3.9000 1.0000 2.8500
      endloop
   endfacet
   facet normal -0.9062 -0.4228 0.0000
      outer loop
         vertex -3.8574 0.6765 0.0000
         vertex -3.7325 0.3750 0.0000
         vertex -3.7325 0.3750 2.8500
      endloop
   endfacet
   facet normal -0.9398 -0.3418 0.0000
      outer loop
         vertex -3.8574 0.6765 0.0000
         vertex -3.7325 0.3750 2.8500
         vertex -3.8574 0.6765 2.8500
      endloop
   endfacet
   facet normal -0.7913 -0.6115 0.0000
      outer loop
         vertex -3.7325 0.3750 0.0000
         vertex -3.5339 0.1161 0.0000
         vertex -3.5339 0.1161 2.8500
      endloop
   endfacet
   facet normal -0.8305 -0.5570 0.0000
      outer loop
         vertex -3.7325 0.3750 0.0000
         vertex -3.5339 0.1161 2.8500
         vertex -3.7325 0.3750 2.8500
      endloop
   endfacet
   facet normal -0.7170 -0.6971 0.0000
      outer loop
         vertex -3.5339 0.1161 0.0000
         vertex -3.5175 0.1000 0.0000
         vertex -3.5175 0.1000 2.8500
      endloop
   endfacet
   facet normal -0.7331 -0.6801 0.0000
      outer loop
         vertex -3.5339 0.1161 0.0000
         vertex -3.5175 0.1000 2.8500
         vertex -3.5339 0.1161 2.8500
      endloop
   endfacet
   facet normal 0.7913 -0.6115 0.0000
      outer loop
         vertex -1.5675 0.3750 2.8500
         vertex -1.7661 0.1161 2.8500
         vertex -1.7661 0.1161 0.0000
      endloop
   endfacet
   facet normal 0.8305 -0.5570 0.0000
      outer loop
         vertex -1.5675 0.3750 2.8500
         vertex -1.7661 0.1161 0.0000
         vertex -1.5675 0.3750 0.0000
      endloop
   endfacet
   facet normal 1.0000 -0.0069 0.0000
      outer loop
         vertex -1.4000 1.0000 0.0000
         vertex -1.4008 1.0446 0.0000
         vertex -1.4008 1.0446 2.8500
      endloop
   endfacet
   facet normal 0.9995 -0.0317 0.0000
      outer loop
         vertex -1.4000 1.0000 0.0000
         vertex -1.4008 1.0446 2.8500
         vertex -1.4000 1.0000 2.8500
      endloop
   endfacet
   facet normal 0.9972 -0.0750 0.0000
      outer loop
         vertex -1.4008 1.0446 0.0000
         vertex -1.4009 1.0500 0.0000
         vertex -1.4009 1.0500 2.8500
      endloop
   endfacet
   facet normal 0.9996 -0.0284 0.0000
      outer loop
         vertex -1.4008 1.0446 0.0000
         vertex -1.4009 1.0500 2.8500
         vertex -1.4008 1.0446 2.8500
      endloop
   endfacet
   facet normal 0.9398 -0.3418 0.0000
      outer loop
         vertex -1.5675 0.3750 0.0000
         vertex -1.4426 0.6765 0.0000
         vertex -1.4426 0.6765 2.8500
      endloop
   endfacet
   facet normal 0.9062 -0.4228 0.0000
      outer loop
         vertex -1.5675 0.3750 0.0000
         vertex -1.4426 0.6765 2.8500
         vertex -1.5675 0.3750 2.8500
      endloop
   endfacet
   facet normal 0.9923 -0.1243 0.0000
      outer loop
         vertex -1.4426 0.6765 0.0000
         vertex -1.4000 1.0000 0.0000
         vertex -1.4000 1.0000 2.8500
      endloop
   endfacet
   facet normal 0.9814 -0.1920 0.0000
      outer loop
         vertex -1.4426 0.6765 0.0000
         vertex -1.4000 1.0000 2.8500
         vertex -1.4426 0.6765 2.8500
      endloop
   endfacet
   facet normal 0.6414 -0.7672 0.0000
      outer loop
         vertex -1.3808 1.1250 0.0000
         vertex -1.3259 1.1799 0.0000
         vertex -1.3259 1.1799 2.8500
      endloop
   endfacet
   facet normal 0.7672 -0.6414 0.0000
      outer loop
         vertex -1.3808 1.1250 0.0000
         vertex -1.3259 1.1799 2.8500
         vertex -1.3808 1.1250 2.8500
      endloop
   endfacet
   facet normal 0.3399 -0.9405 0.0000
      outer loop
         vertex -1.3259 1.1799 0.0000
         vertex -1.2509 1.2000 0.0000
         vertex -1.2509 1.2000 2.8500
      endloop
   endfacet
   facet normal 0.4210 -0.9071 0.0000
      outer loop
         vertex -1.3259 1.1799 0.0000
         vertex -1.2509 1.2000 2.8500
         vertex -1.3259 1.1799 2.8500
      endloop
   endfacet
   facet normal 0.9997 -0.0252 0.0000
      outer loop
         vertex -6.6500 1.0000 0.0000
         vertex -6.6509 1.0435 0.0000
         vertex -6.6509 1.0435 2.8500
      endloop
   endfacet
   facet normal 0.9974 -0.0724 0.0000
      outer loop
         vertex -6.6500 1.0000 0.0000
         vertex -6.6509 1.0435 2.8500
         vertex -6.6500 1.0000 2.8500
      endloop
   endfacet
   facet normal 0.9974 -0.0724 0.0000
      outer loop
         vertex -6.6509 1.0435 0.0000
         vertex -6.6511 1.0500 0.0000
         vertex -6.6511 1.0500 2.8500
      endloop
   endfacet
   facet normal 0.9997 -0.0252 0.0000
      outer loop
         vertex -6.6509 1.0435 0.0000
         vertex -6.6511 1.0500 2.8500
         vertex -6.6509 1.0435 2.8500
      endloop
   endfacet
   facet normal 0.4210 -0.9071 0.0000
      outer loop
         vertex -7.2768 0.1000 0.0000
         vertex -7.1500 0.1340 0.0000
         vertex -7.1500 0.1340 2.8500
      endloop
   endfacet
   facet normal 0.3399 -0.9405 0.0000
      outer loop
         vertex -7.2768 0.1000 0.0000
         vertex -7.1500 0.1340 2.8500
         vertex -7.6500 0.0000 2.8500
      endloop
   endfacet
   facet normal 0.2588 -0.9659 0.0000
      outer loop
         vertex -7.2768 0.1000 0.0000
         vertex -7.6500 0.0000 2.8500
         vertex -7.6500 -0.0000 0.0000
      endloop
   endfacet
   facet normal 0.7672 -0.6414 0.0000
      outer loop
         vertex -7.1500 0.1340 0.0000
         vertex -6.7840 0.5000 0.0000
         vertex -6.7840 0.5000 2.8500
      endloop
   endfacet
   facet normal 0.6414 -0.7672 0.0000
      outer loop
         vertex -7.1500 0.1340 0.0000
         vertex -6.7840 0.5000 2.8500
         vertex -7.1500 0.1340 2.8500
      endloop
   endfacet
   facet normal 0.9685 -0.2489 0.0000
      outer loop
         vertex -6.7840 0.5000 0.0000
         vertex -6.6500 1.0000 0.0000
         vertex -6.6500 1.0000 2.8500
      endloop
   endfacet
   facet normal 0.9258 -0.3780 0.0000
      outer loop
         vertex -6.7840 0.5000 0.0000
         vertex -6.6500 1.0000 2.8500
         vertex -6.7840 0.5000 2.8500
      endloop
   endfacet
   facet normal -0.3541 0.9352 0.0000
      outer loop
         vertex -8.0250 11.2692 0.0000
         vertex -8.0946 11.2492 0.0000
         vertex -8.0946 11.2492 2.8500
      endloop
   endfacet
   facet normal -0.4319 0.9019 0.0000
      outer loop
         vertex -8.0250 11.2692 0.0000
         vertex -8.0946 11.2492 2.8500
         vertex -8.0250 11.2692 2.8500
      endloop
   endfacet
   facet normal -0.4319 -0.9019 0.0000
      outer loop
         vertex -8.0946 8.7508 0.0000
         vertex -8.0250 8.7308 0.0000
         vertex -8.0250 8.7308 2.8500
      endloop
   endfacet
   facet normal -0.3541 -0.9352 0.0000
      outer loop
         vertex -8.0946 8.7508 0.0000
         vertex -8.0250 8.7308 2.8500
         vertex -8.0946 8.7508 2.8500
      endloop
   endfacet
   facet normal -0.6430 0.7659 0.0000
      outer loop
         vertex -8.6750 11.0825 0.0000
         vertex -8.9339 10.8839 0.0000
         vertex -8.9339 10.8839 2.8500
      endloop
   endfacet
   facet normal -0.5734 0.8193 0.0000
      outer loop
         vertex -8.6750 11.0825 0.0000
         vertex -8.9339 10.8839 2.8500
         vertex -8.6750 11.0825 2.8500
      endloop
   endfacet
   facet normal -0.5734 -0.8193 0.0000
      outer loop
         vertex -8.9339 9.1161 0.0000
         vertex -8.6750 8.9175 0.0000
         vertex -8.6750 8.9175 2.8500
      endloop
   endfacet
   facet normal -0.6430 -0.7659 0.0000
      outer loop
         vertex -8.9339 9.1161 0.0000
         vertex -8.6750 8.9175 2.8500
         vertex -8.9339 9.1161 2.8500
      endloop
   endfacet
   facet normal -0.1881 -0.9822 0.0000
      outer loop
         vertex -8.3735 8.7926 0.0000
         vertex -8.0946 8.7508 0.0000
         vertex -8.0946 8.7508 2.8500
      endloop
   endfacet
   facet normal -0.2279 -0.9737 0.0000
      outer loop
         vertex -8.3735 8.7926 0.0000
         vertex -8.0946 8.7508 2.8500
         vertex -8.3735 8.7926 2.8500
      endloop
   endfacet
   facet normal -0.3474 -0.9377 0.0000
      outer loop
         vertex -8.6750 8.9175 0.0000
         vertex -8.3735 8.7926 0.0000
         vertex -8.3735 8.7926 2.8500
      endloop
   endfacet
   facet normal -0.4254 -0.9050 0.0000
      outer loop
         vertex -8.6750 8.9175 0.0000
         vertex -8.3735 8.7926 2.8500
         vertex -8.6750 8.9175 2.8500
      endloop
   endfacet
   facet normal -0.7689 -0.6394 0.0000
      outer loop
         vertex -8.0250 8.7308 0.0000
         vertex -7.9701 8.6759 0.0000
         vertex -7.9701 8.6759 2.8500
      endloop
   endfacet
   facet normal -0.6458 -0.7635 0.0000
      outer loop
         vertex -8.0250 8.7308 0.0000
         vertex -7.9701 8.6759 2.8500
         vertex -8.0250 8.7308 2.8500
      endloop
   endfacet
   facet normal -0.9405 -0.3399 0.0000
      outer loop
         vertex -7.9701 8.6759 0.0000
         vertex -7.9500 8.6009 0.0000
         vertex -7.9500 8.6009 2.8500
      endloop
   endfacet
   facet normal -0.9071 -0.4210 0.0000
      outer loop
         vertex -7.9701 8.6759 0.0000
         vertex -7.9500 8.6009 2.8500
         vertex -7.9701 8.6759 2.8500
      endloop
   endfacet
   facet normal -1.0000 0.0000 0.0000
      outer loop
         vertex -7.9500 6.5991 2.8500
         vertex -7.9500 8.6009 2.8500
         vertex -7.9500 8.6009 0.0000
      endloop
   endfacet
   facet normal -1.0000 0.0000 0.0000
      outer loop
         vertex -7.9500 6.5991 2.8500
         vertex -7.9500 8.6009 0.0000
         vertex -7.9500 6.5991 0.0000
      endloop
   endfacet
   facet normal -0.4254 0.9050 0.0000
      outer loop
         vertex -8.3735 11.2074 0.0000
         vertex -8.6750 11.0825 0.0000
         vertex -8.6750 11.0825 2.8500
      endloop
   endfacet
   facet normal -0.3474 0.9377 0.0000
      outer loop
         vertex -8.3735 11.2074 0.0000
         vertex -8.6750 11.0825 2.8500
         vertex -8.3735 11.2074 2.8500
      endloop
   endfacet
   facet normal -0.9071 0.4210 0.0000
      outer loop
         vertex -7.9500 11.3991 0.0000
         vertex -7.9701 11.3241 0.0000
         vertex -7.9701 11.3241 2.8500
      endloop
   endfacet
   facet normal -0.9405 0.3399 0.0000
      outer loop
         vertex -7.9500 11.3991 0.0000
         vertex -7.9701 11.3241 2.8500
         vertex -7.9500 11.3991 2.8500
      endloop
   endfacet
   facet normal -0.6458 0.7635 0.0000
      outer loop
         vertex -7.9701 11.3241 0.0000
         vertex -8.0250 11.2692 0.0000
         vertex -8.0250 11.2692 2.8500
      endloop
   endfacet
   facet normal -0.7689 0.6394 0.0000
      outer loop
         vertex -7.9701 11.3241 0.0000
         vertex -8.0250 11.2692 2.8500
         vertex -7.9701 11.3241 2.8500
      endloop
   endfacet
   facet normal -0.2279 0.9737 0.0000
      outer loop
         vertex -8.0946 11.2492 0.0000
         vertex -8.3735 11.2074 0.0000
         vertex -8.3735 11.2074 2.8500
      endloop
   endfacet
   facet normal -0.1881 0.9822 0.0000
      outer loop
         vertex -8.0946 11.2492 0.0000
         vertex -8.3735 11.2074 2.8500
         vertex -8.0946 11.2492 2.8500
      endloop
   endfacet
   facet normal -1.0000 0.0000 0.0000
      outer loop
         vertex -7.9500 11.3991 2.8500
         vertex -7.9500 12.0000 2.8500
         vertex -7.9500 12.0000 0.0000
      endloop
   endfacet
   facet normal -1.0000 0.0000 0.0000
      outer loop
         vertex -7.9500 11.3991 2.8500
         vertex -7.9500 12.0000 0.0000
         vertex -7.9500 11.3991 0.0000
      endloop
   endfacet
   facet normal -0.9071 0.4210 0.0000
      outer loop
         vertex -7.9500 6.5991 0.0000
         vertex -7.9701 6.5241 0.0000
         vertex -7.9701 6.5241 2.8500
      endloop
   endfacet
   facet normal -0.9405 0.3399 0.0000
      outer loop
         vertex -7.9500 6.5991 0.0000
         vertex -7.9701 6.5241 2.8500
         vertex -7.9500 6.5991 2.8500
      endloop
   endfacet
   facet normal -0.9685 0.2489 0.0000
      outer loop
         vertex -8.5160 1.5000 0.0000
         vertex -8.6500 1.0000 0.0000
         vertex -8.6500 1.0000 2.8500
      endloop
   endfacet
   facet normal -0.9258 0.3780 0.0000
      outer loop
         vertex -8.5160 1.5000 0.0000
         vertex -8.6500 1.0000 2.8500
         vertex -8.5160 1.5000 2.8500
      endloop
   endfacet
   facet normal -0.5118 0.8591 0.0000
      outer loop
         vertex -7.9500 1.9539 0.0000
         vertex -8.1500 1.8660 0.0000
         vertex -8.1500 1.8660 2.8500
      endloop
   endfacet
   facet normal -0.4575 0.8892 0.0000
      outer loop
         vertex -7.9500 1.9539 0.0000
         vertex -8.1500 1.8660 2.8500
         vertex -7.9500 1.9539 2.8500
      endloop
   endfacet
   facet normal -0.7817 0.6236 0.0000
      outer loop
         vertex -8.1500 1.8660 0.0000
         vertex -8.5160 1.5000 0.0000
         vertex -8.5160 1.5000 2.8500
      endloop
   endfacet
   facet normal -0.6787 0.7344 0.0000
      outer loop
         vertex -8.1500 1.8660 0.0000
         vertex -8.5160 1.5000 2.8500
         vertex -8.1500 1.8660 2.8500
      endloop
   endfacet
   facet normal -0.9258 0.3780 0.0000
      outer loop
         vertex -8.6489 0.9500 0.0000
         vertex -8.6690 0.8750 0.0000
         vertex -8.6690 0.8750 2.8500
      endloop
   endfacet
   facet normal -0.9685 0.2489 0.0000
      outer loop
         vertex -8.6489 0.9500 0.0000
         vertex -8.6690 0.8750 2.8500
         vertex -8.6489 0.9500 2.8500
      endloop
   endfacet
   facet normal -0.7672 0.6414 0.0000
      outer loop
         vertex -8.7239 0.8201 2.8500
         vertex -8.6690 0.8750 2.8500
         vertex -8.6690 0.8750 0.0000
      endloop
   endfacet
   facet normal -0.6414 0.7672 0.0000
      outer loop
         vertex -8.7239 0.8201 2.8500
         vertex -8.6690 0.8750 0.0000
         vertex -8.7239 0.8201 0.0000
      endloop
   endfacet
   facet normal -0.9997 0.0252 0.0000
      outer loop
         vertex -8.6500 1.0000 0.0000
         vertex -8.6491 0.9565 0.0000
         vertex -8.6491 0.9565 2.8500
      endloop
   endfacet
   facet normal -0.9974 0.0724 0.0000
      outer loop
         vertex -8.6500 1.0000 0.0000
         vertex -8.6491 0.9565 2.8500
         vertex -8.6500 1.0000 2.8500
      endloop
   endfacet
   facet normal -0.9974 0.0724 0.0000
      outer loop
         vertex -8.6491 0.9565 0.0000
         vertex -8.6489 0.9500 0.0000
         vertex -8.6489 0.9500 2.8500
      endloop
   endfacet
   facet normal -0.9997 0.0252 0.0000
      outer loop
         vertex -8.6491 0.9565 0.0000
         vertex -8.6489 0.9500 2.8500
         vertex -8.6491 0.9565 2.8500
      endloop
   endfacet
   facet normal -0.6074 -0.7944 0.0000
      outer loop
         vertex -7.9500 3.5500 2.8500
         vertex -8.8093 4.2070 2.8500
         vertex -8.8093 4.2070 0.0000
      endloop
   endfacet
   facet normal -0.6074 -0.7944 0.0000
      outer loop
         vertex -7.9500 3.5500 2.8500
         vertex -8.8093 4.2070 0.0000
         vertex -7.9500 3.5500 0.0000
      endloop
   endfacet
   facet normal -1.0000 0.0000 0.0000
      outer loop
         vertex -7.9500 1.9539 0.0000
         vertex -7.9500 1.9539 2.8500
         vertex -7.9500 3.5500 2.8500
      endloop
   endfacet
   facet normal -1.0000 0.0000 0.0000
      outer loop
         vertex -7.9500 1.9539 0.0000
         vertex -7.9500 3.5500 2.8500
         vertex -7.9500 3.5500 0.0000
      endloop
   endfacet
   facet normal -0.3399 0.9405 0.0000
      outer loop
         vertex -8.7239 0.8201 0.0000
         vertex -8.7989 0.8000 0.0000
         vertex -8.7989 0.8000 2.8500
      endloop
   endfacet
   facet normal -0.4210 0.9071 0.0000
      outer loop
         vertex -8.7239 0.8201 0.0000
         vertex -8.7989 0.8000 2.8500
         vertex -8.7239 0.8201 2.8500
      endloop
   endfacet
   facet normal -0.6458 0.7635 0.0000
      outer loop
         vertex -7.9701 6.5241 0.0000
         vertex -8.0250 6.4692 0.0000
         vertex -8.0250 6.4692 2.8500
      endloop
   endfacet
   facet normal -0.7689 0.6394 0.0000
      outer loop
         vertex -7.9701 6.5241 0.0000
         vertex -8.0250 6.4692 2.8500
         vertex -7.9701 6.5241 2.8500
      endloop
   endfacet
   facet normal -0.6757 -0.7372 0.0000
      outer loop
         vertex -8.9339 4.3161 0.0000
         vertex -8.8093 4.2070 0.0000
         vertex -8.8093 4.2070 2.8500
      endloop
   endfacet
   facet normal -0.6924 -0.7215 0.0000
      outer loop
         vertex -8.9339 4.3161 0.0000
         vertex -8.8093 4.2070 2.8500
         vertex -8.9339 4.3161 2.8500
      endloop
   endfacet
   facet normal -0.3541 0.9352 0.0000
      outer loop
         vertex -8.0250 6.4692 0.0000
         vertex -8.0946 6.4492 0.0000
         vertex -8.0946 6.4492 2.8500
      endloop
   endfacet
   facet normal -0.4319 0.9019 0.0000
      outer loop
         vertex -8.0250 6.4692 0.0000
         vertex -8.0946 6.4492 2.8500
         vertex -8.0250 6.4692 2.8500
      endloop
   endfacet
   facet normal -0.6276 0.7785 0.0000
      outer loop
         vertex -8.6750 6.2825 0.0000
         vertex -8.9339 6.0839 0.0000
         vertex -8.9339 6.0839 2.8500
      endloop
   endfacet
   facet normal -0.5654 0.8248 0.0000
      outer loop
         vertex -8.6750 6.2825 0.0000
         vertex -8.9339 6.0839 2.8500
         vertex -8.6750 6.2825 2.8500
      endloop
   endfacet
   facet normal -0.4254 0.9050 0.0000
      outer loop
         vertex -8.3735 6.4074 0.0000
         vertex -8.6750 6.2825 0.0000
         vertex -8.6750 6.2825 2.8500
      endloop
   endfacet
   facet normal -0.3474 0.9377 0.0000
      outer loop
         vertex -8.3735 6.4074 0.0000
         vertex -8.6750 6.2825 2.8500
         vertex -8.3735 6.4074 2.8500
      endloop
   endfacet
   facet normal -0.2279 0.9737 0.0000
      outer loop
         vertex -8.0946 6.4492 0.0000
         vertex -8.3735 6.4074 0.0000
         vertex -8.3735 6.4074 2.8500
      endloop
   endfacet
   facet normal -0.1881 0.9822 0.0000
      outer loop
         vertex -8.0946 6.4492 0.0000
         vertex -8.3735 6.4074 2.8500
         vertex -8.0946 6.4492 2.8500
      endloop
   endfacet
   facet normal 0.6414 -0.7672 0.0000
      outer loop
         vertex -6.6310 1.1250 0.0000
         vertex -6.5761 1.1799 0.0000
         vertex -6.5761 1.1799 2.8500
      endloop
   endfacet
   facet normal 0.7672 -0.6414 0.0000
      outer loop
         vertex -6.6310 1.1250 0.0000
         vertex -6.5761 1.1799 2.8500
         vertex -6.6310 1.1250 2.8500
      endloop
   endfacet
   facet normal 0.3399 -0.9405 0.0000
      outer loop
         vertex -6.5761 1.1799 0.0000
         vertex -6.5011 1.2000 0.0000
         vertex -6.5011 1.2000 2.8500
      endloop
   endfacet
   facet normal 0.4210 -0.9071 0.0000
      outer loop
         vertex -6.5761 1.1799 0.0000
         vertex -6.5011 1.2000 2.8500
         vertex -6.5761 1.1799 2.8500
      endloop
   endfacet
   facet normal 0.0000 -1.0000 0.0000
      outer loop
         vertex -4.0491 1.2000 0.0000
         vertex -4.7500 1.2000 0.5600
         vertex -6.5011 1.2000 0.0000
      endloop
   endfacet
   facet normal 0.0000 -1.0000 0.0000
      outer loop
         vertex -6.5011 1.2000 0.0000
         vertex -4.7500 1.2000 0.5600
         vertex -5.2500 1.2000 0.5600
      endloop
   endfacet
   facet normal 0.0000 -1.0000 0.0000
      outer loop
         vertex -6.5011 1.2000 0.0000
         vertex -5.2500 1.2000 0.5600
         vertex -6.5011 1.2000 2.8500
      endloop
   endfacet
   facet normal 0.0000 -1.0000 0.0000
      outer loop
         vertex -6.5011 1.2000 2.8500
         vertex -5.2500 1.2000 0.5600
         vertex -5.2500 1.2000 1.5600
      endloop
   endfacet
   facet normal 0.0000 -1.0000 0.0000
      outer loop
         vertex -6.5011 1.2000 2.8500
         vertex -5.2500 1.2000 1.5600
         vertex -4.0491 1.2000 2.8500
      endloop
   endfacet
   facet normal 0.0000 -1.0000 0.0000
      outer loop
         vertex -4.0491 1.2000 2.8500
         vertex -5.2500 1.2000 1.5600
         vertex -4.7500 1.2000 1.5600
      endloop
   endfacet
   facet normal 0.0000 -1.0000 0.0000
      outer loop
         vertex -4.0491 1.2000 2.8500
         vertex -4.7500 1.2000 1.5600
         vertex -4.7500 1.2000 0.5600
      endloop
   endfacet
   facet normal 0.0000 -1.0000 0.0000
      outer loop
         vertex -4.7500 1.2000 0.5600
         vertex -4.0491 1.2000 0.0000
         vertex -4.0491 1.2000 2.8500
      endloop
   endfacet
   facet normal -0.4210 -0.9071 0.0000
      outer loop
         vertex -4.0491 1.2000 0.0000
         vertex -3.9741 1.1799 0.0000
         vertex -3.9741 1.1799 2.8500
      endloop
   endfacet
   facet normal -0.3399 -0.9405 0.0000
      outer loop
         vertex -4.0491 1.2000 0.0000
         vertex -3.9741 1.1799 2.8500
         vertex -4.0491 1.2000 2.8500
      endloop
   endfacet
   facet normal -1.0000 0.0000 0.0000
      outer loop
         vertex -5.2500 1.2000 0.5600
         vertex -5.2500 -3.6000 0.5600
         vertex -5.2500 -3.6000 1.5600
      endloop
   endfacet
   facet normal -1.0000 0.0000 0.0000
      outer loop
         vertex -5.2500 1.2000 0.5600
         vertex -5.2500 -3.6000 1.5600
         vertex -5.2500 1.2000 1.5600
      endloop
   endfacet
   facet normal 1.0000 0.0000 0.0000
      outer loop
         vertex -4.7500 1.2000 1.5600
         vertex -4.7500 -3.6000 1.5600
         vertex -4.7500 -3.6000 0.5600
      endloop
   endfacet
   facet normal 1.0000 0.0000 0.0000
      outer loop
         vertex -4.7500 1.2000 1.5600
         vertex -4.7500 -3.6000 0.5600
         vertex -4.7500 1.2000 0.5600
      endloop
   endfacet
   facet normal 0.0000 0.0000 1.0000
      outer loop
         vertex -4.7500 -3.6000 1.5600
         vertex -4.7500 1.2000 1.5600
         vertex -5.2500 1.2000 1.5600
      endloop
   endfacet
   facet normal 0.0000 0.0000 1.0000
      outer loop
         vertex -4.7500 -3.6000 1.5600
         vertex -5.2500 1.2000 1.5600
         vertex -5.2500 -3.6000 1.5600
      endloop
   endfacet
   facet normal 0.0000 0.0000 -1.0000
      outer loop
         vertex -5.2500 -3.6000 0.5600
         vertex -5.2500 1.2000 0.5600
         vertex -4.7500 1.2000 0.5600
      endloop
   endfacet
   facet normal 0.0000 0.0000 -1.0000
      outer loop
         vertex -5.2500 -3.6000 0.5600
         vertex -4.7500 1.2000 0.5600
         vertex -4.7500 -3.6000 0.5600
      endloop
   endfacet
   facet normal 0.9258 -0.3780 0.0000
      outer loop
         vertex -6.6511 1.0500 0.0000
         vertex -6.6310 1.1250 0.0000
         vertex -6.6310 1.1250 2.8500
      endloop
   endfacet
   facet normal 0.9685 -0.2489 0.0000
      outer loop
         vertex -6.6511 1.0500 0.0000
         vertex -6.6310 1.1250 2.8500
         vertex -6.6511 1.0500 2.8500
      endloop
   endfacet
   facet normal -0.7672 -0.6414 0.0000
      outer loop
         vertex -3.9741 1.1799 0.0000
         vertex -3.9192 1.1250 0.0000
         vertex -3.9192 1.1250 2.8500
      endloop
   endfacet
   facet normal -0.6414 -0.7672 0.0000
      outer loop
         vertex -3.9741 1.1799 0.0000
         vertex -3.9192 1.1250 2.8500
         vertex -3.9741 1.1799 2.8500
      endloop
   endfacet
   facet normal -0.9682 -0.2501 0.0000
      outer loop
         vertex -3.9192 1.1250 0.0000
         vertex -3.8991 1.0500 0.0000
         vertex -3.8991 1.0500 2.8500
      endloop
   endfacet
   facet normal -0.9256 -0.3786 0.0000
      outer loop
         vertex -3.9192 1.1250 0.0000
         vertex -3.8991 1.0500 2.8500
         vertex -3.9192 1.1250 2.8500
      endloop
   endfacet
   facet normal 0.9277 -0.3733 0.0000
      outer loop
         vertex 2.9419 1.0500 0.0000
         vertex 2.9620 1.1250 0.0000
         vertex 2.9620 1.1250 2.8500
      endloop
   endfacet
   facet normal 0.9711 -0.2386 0.0000
      outer loop
         vertex 2.9419 1.0500 0.0000
         vertex 2.9620 1.1250 2.8500
         vertex 2.9419 1.0500 2.8500
      endloop
   endfacet
   facet normal -1.0000 0.0016 0.0000
      outer loop
         vertex 0.4581 1.0500 0.0000
         vertex 0.4572 1.0339 0.0000
         vertex 0.4572 1.0339 2.8500
      endloop
   endfacet
   facet normal -0.9987 -0.0511 0.0000
      outer loop
         vertex 0.4581 1.0500 0.0000
         vertex 0.4572 1.0339 2.8500
         vertex 0.4581 1.0500 2.8500
      endloop
   endfacet
   facet normal -1.0000 -0.0078 0.0000
      outer loop
         vertex 0.4572 1.0339 0.0000
         vertex 0.4500 0.9000 0.0000
         vertex 0.4500 0.9000 2.8500
      endloop
   endfacet
   facet normal -0.9997 0.0230 0.0000
      outer loop
         vertex 0.4572 1.0339 0.0000
         vertex 0.4500 0.9000 2.8500
         vertex 0.4572 1.0339 2.8500
      endloop
   endfacet
   facet normal -0.9825 -0.1862 0.0000
      outer loop
         vertex 0.4500 0.9000 0.0000
         vertex 0.4926 0.5765 0.0000
         vertex 0.4926 0.5765 2.8500
      endloop
   endfacet
   facet normal -0.9937 -0.1124 0.0000
      outer loop
         vertex 0.4500 0.9000 0.0000
         vertex 0.4926 0.5765 2.8500
         vertex 0.4500 0.9000 2.8500
      endloop
   endfacet
   facet normal 0.7331 -0.6801 0.0000
      outer loop
         vertex 2.5675 0.0000 0.0000
         vertex 2.5839 0.0161 0.0000
         vertex 2.5839 0.0161 2.8500
      endloop
   endfacet
   facet normal 0.7170 -0.6971 0.0000
      outer loop
         vertex 2.5675 0.0000 0.0000
         vertex 2.5839 0.0161 2.8500
         vertex 2.5675 0.0000 2.8500
      endloop
   endfacet
   facet normal 0.8433 -0.5375 0.0000
      outer loop
         vertex 2.6482 0.1000 0.0000
         vertex 2.7825 0.2750 0.0000
         vertex 2.7825 0.2750 2.8500
      endloop
   endfacet
   facet normal 0.8054 -0.5928 0.0000
      outer loop
         vertex 2.6482 0.1000 0.0000
         vertex 2.7825 0.2750 2.8500
         vertex 2.5839 0.0161 2.8500
      endloop
   endfacet
   facet normal 0.7641 -0.6451 0.0000
      outer loop
         vertex 2.6482 0.1000 0.0000
         vertex 2.5839 0.0161 2.8500
         vertex 2.5839 0.0161 0.0000
      endloop
   endfacet
   facet normal -0.9062 -0.4228 0.0000
      outer loop
         vertex 0.4926 0.5765 0.0000
         vertex 0.6175 0.2750 0.0000
         vertex 0.6175 0.2750 2.8500
      endloop
   endfacet
   facet normal -0.9398 -0.3418 0.0000
      outer loop
         vertex 0.4926 0.5765 0.0000
         vertex 0.6175 0.2750 2.8500
         vertex 0.4926 0.5765 2.8500
      endloop
   endfacet
   facet normal -0.7641 -0.6451 0.0000
      outer loop
         vertex 0.7518 0.1000 0.0000
         vertex 0.8161 0.0161 0.0000
         vertex 0.8161 0.0161 2.8500
      endloop
   endfacet
   facet normal -0.8054 -0.5928 0.0000
      outer loop
         vertex 0.7518 0.1000 0.0000
         vertex 0.8161 0.0161 2.8500
         vertex 0.6175 0.2750 2.8500
      endloop
   endfacet
   facet normal -0.8433 -0.5375 0.0000
      outer loop
         vertex 0.7518 0.1000 0.0000
         vertex 0.6175 0.2750 2.8500
         vertex 0.6175 0.2750 0.0000
      endloop
   endfacet
   facet normal -0.7170 -0.6971 0.0000
      outer loop
         vertex 0.8161 0.0161 0.0000
         vertex 0.8325 0.0000 0.0000
         vertex 0.8325 0.0000 2.8500
      endloop
   endfacet
   facet normal -0.7331 -0.6801 0.0000
      outer loop
         vertex 0.8161 0.0161 0.0000
         vertex 0.8325 0.0000 2.8500
         vertex 0.8161 0.0161 2.8500
      endloop
   endfacet
   facet normal 0.0000 -1.0000 0.0000
      outer loop
         vertex 0.3081 1.2000 0.0000
         vertex 0.2500 1.2000 0.5600
         vertex -1.2509 1.2000 0.0000
      endloop
   endfacet
   facet normal 0.0000 -1.0000 0.0000
      outer loop
         vertex -1.2509 1.2000 0.0000
         vertex 0.2500 1.2000 0.5600
         vertex -0.2500 1.2000 0.5600
      endloop
   endfacet
   facet normal 0.0000 -1.0000 0.0000
      outer loop
         vertex -1.2509 1.2000 0.0000
         vertex -0.2500 1.2000 0.5600
         vertex -1.2509 1.2000 2.8500
      endloop
   endfacet
   facet normal 0.0000 -1.0000 0.0000
      outer loop
         vertex -1.2509 1.2000 2.8500
         vertex -0.2500 1.2000 0.5600
         vertex -0.2500 1.2000 1.5600
      endloop
   endfacet
   facet normal 0.0000 -1.0000 0.0000
      outer loop
         vertex -1.2509 1.2000 2.8500
         vertex -0.2500 1.2000 1.5600
         vertex 0.3081 1.2000 2.8500
      endloop
   endfacet
   facet normal 0.0000 -1.0000 0.0000
      outer loop
         vertex 0.3081 1.2000 2.8500
         vertex -0.2500 1.2000 1.5600
         vertex 0.2500 1.2000 1.5600
      endloop
   endfacet
   facet normal 0.0000 -1.0000 0.0000
      outer loop
         vertex 0.3081 1.2000 2.8500
         vertex 0.2500 1.2000 1.5600
         vertex 0.2500 1.2000 0.5600
      endloop
   endfacet
   facet normal 0.0000 -1.0000 0.0000
      outer loop
         vertex 0.2500 1.2000 0.5600
         vertex 0.3081 1.2000 0.0000
         vertex 0.3081 1.2000 2.8500
      endloop
   endfacet
   facet normal -0.4210 -0.9071 0.0000
      outer loop
         vertex 0.3081 1.2000 0.0000
         vertex 0.3831 1.1799 0.0000
         vertex 0.3831 1.1799 2.8500
      endloop
   endfacet
   facet normal -0.3399 -0.9405 0.0000
      outer loop
         vertex 0.3081 1.2000 0.0000
         vertex 0.3831 1.1799 2.8500
         vertex 0.3081 1.2000 2.8500
      endloop
   endfacet
   facet normal -0.7672 -0.6414 0.0000
      outer loop
         vertex 0.3831 1.1799 0.0000
         vertex 0.4380 1.1250 0.0000
         vertex 0.4380 1.1250 2.8500
      endloop
   endfacet
   facet normal -0.6414 -0.7672 0.0000
      outer loop
         vertex 0.3831 1.1799 0.0000
         vertex 0.4380 1.1250 2.8500
         vertex 0.3831 1.1799 2.8500
      endloop
   endfacet
   facet normal -0.9711 -0.2386 0.0000
      outer loop
         vertex 0.4380 1.1250 0.0000
         vertex 0.4581 1.0500 0.0000
         vertex 0.4581 1.0500 2.8500
      endloop
   endfacet
   facet normal -0.9277 -0.3733 0.0000
      outer loop
         vertex 0.4380 1.1250 0.0000
         vertex 0.4581 1.0500 2.8500
         vertex 0.4380 1.1250 2.8500
      endloop
   endfacet
   facet normal -1.0000 0.0000 0.0000
      outer loop
         vertex -0.2500 -3.6000 1.5600
         vertex -0.2500 1.2000 1.5600
         vertex -0.2500 1.2000 0.5600
      endloop
   endfacet
   facet normal -1.0000 0.0000 0.0000
      outer loop
         vertex -0.2500 -3.6000 1.5600
         vertex -0.2500 1.2000 0.5600
         vertex -0.2500 -3.6000 0.5600
      endloop
   endfacet
   facet normal 1.0000 0.0000 0.0000
      outer loop
         vertex 0.2500 1.2000 1.5600
         vertex 0.2500 -3.6000 1.5600
         vertex 0.2500 -3.6000 0.5600
      endloop
   endfacet
   facet normal 1.0000 0.0000 0.0000
      outer loop
         vertex 0.2500 1.2000 1.5600
         vertex 0.2500 -3.6000 0.5600
         vertex 0.2500 1.2000 0.5600
      endloop
   endfacet
   facet normal 0.0000 0.0000 1.0000
      outer loop
         vertex -0.2500 1.2000 1.5600
         vertex -0.2500 -3.6000 1.5600
         vertex 0.2500 -3.6000 1.5600
      endloop
   endfacet
   facet normal 0.0000 0.0000 1.0000
      outer loop
         vertex -0.2500 1.2000 1.5600
         vertex 0.2500 -3.6000 1.5600
         vertex 0.2500 1.2000 1.5600
      endloop
   endfacet
   facet normal 0.0000 0.0000 -1.0000
      outer loop
         vertex 0.2500 1.2000 0.5600
         vertex 0.2500 -3.6000 0.5600
         vertex -0.2500 -3.6000 0.5600
      endloop
   endfacet
   facet normal 0.0000 0.0000 -1.0000
      outer loop
         vertex 0.2500 1.2000 0.5600
         vertex -0.2500 -3.6000 0.5600
         vertex -0.2500 1.2000 0.5600
      endloop
   endfacet
   facet normal 0.9937 -0.1124 0.0000
      outer loop
         vertex 2.9074 0.5765 0.0000
         vertex 2.9500 0.9000 0.0000
         vertex 2.9500 0.9000 2.8500
      endloop
   endfacet
   facet normal 0.9825 -0.1862 0.0000
      outer loop
         vertex 2.9074 0.5765 0.0000
         vertex 2.9500 0.9000 2.8500
         vertex 2.9074 0.5765 2.8500
      endloop
   endfacet
   facet normal 0.9398 -0.3418 0.0000
      outer loop
         vertex 2.7825 0.2750 0.0000
         vertex 2.9074 0.5765 0.0000
         vertex 2.9074 0.5765 2.8500
      endloop
   endfacet
   facet normal 0.9062 -0.4228 0.0000
      outer loop
         vertex 2.7825 0.2750 0.0000
         vertex 2.9074 0.5765 2.8500
         vertex 2.7825 0.2750 2.8500
      endloop
   endfacet
   facet normal 0.7672 -0.6414 0.0000
      outer loop
         vertex 3.0169 1.1799 2.8500
         vertex 2.9620 1.1250 2.8500
         vertex 2.9620 1.1250 0.0000
      endloop
   endfacet
   facet normal 0.6414 -0.7672 0.0000
      outer loop
         vertex 3.0169 1.1799 2.8500
         vertex 2.9620 1.1250 0.0000
         vertex 3.0169 1.1799 0.0000
      endloop
   endfacet
   facet normal 0.9997 0.0230 0.0000
      outer loop
         vertex 2.9500 0.9000 0.0000
         vertex 2.9428 1.0339 0.0000
         vertex 2.9428 1.0339 2.8500
      endloop
   endfacet
   facet normal 1.0000 -0.0078 0.0000
      outer loop
         vertex 2.9500 0.9000 0.0000
         vertex 2.9428 1.0339 2.8500
         vertex 2.9500 0.9000 2.8500
      endloop
   endfacet
   facet normal 0.9987 -0.0511 0.0000
      outer loop
         vertex 2.9428 1.0339 0.0000
         vertex 2.9419 1.0500 0.0000
         vertex 2.9419 1.0500 2.8500
      endloop
   endfacet
   facet normal 1.0000 0.0016 0.0000
      outer loop
         vertex 2.9428 1.0339 0.0000
         vertex 2.9419 1.0500 2.8500
         vertex 2.9428 1.0339 2.8500
      endloop
   endfacet
   facet normal 0.3399 -0.9405 0.0000
      outer loop
         vertex 3.0169 1.1799 0.0000
         vertex 3.0919 1.2000 0.0000
         vertex 3.0919 1.2000 2.8500
      endloop
   endfacet
   facet normal 0.4210 -0.9071 0.0000
      outer loop
         vertex 3.0169 1.1799 0.0000
         vertex 3.0919 1.2000 2.8500
         vertex 3.0169 1.1799 2.8500
      endloop
   endfacet
   facet normal 0.0000 -1.0000 0.0000
      outer loop
         vertex 4.6000 1.2000 2.8500
         vertex 3.0919 1.2000 2.8500
         vertex 3.0919 1.2000 0.0000
      endloop
   endfacet
   facet normal 0.0000 -1.0000 0.0000
      outer loop
         vertex 4.6000 1.2000 2.8500
         vertex 3.0919 1.2000 0.0000
         vertex 4.6000 1.2000 0.0000
      endloop
   endfacet
   facet normal -1.0000 0.0000 0.0000
      outer loop
         vertex 4.7500 0.1000 0.0000
         vertex 4.7500 0.0000 0.0000
         vertex 4.7500 0.0000 2.8500
      endloop
   endfacet
   facet normal -1.0000 0.0000 0.0000
      outer loop
         vertex 4.7500 0.1000 0.0000
         vertex 4.7500 0.0000 2.8500
         vertex 4.7500 1.0500 2.8500
      endloop
   endfacet
   facet normal -1.0000 0.0000 0.0000
      outer loop
         vertex 4.7500 0.1000 0.0000
         vertex 4.7500 1.0500 2.8500
         vertex 4.7500 1.0500 0.0000
      endloop
   endfacet
   facet normal 0.0000 -1.0000 0.0000
      outer loop
         vertex -0.2500 -3.6000 5.0600
         vertex -0.2500 -3.6000 4.0600
         vertex 0.2500 -3.6000 4.0600
      endloop
   endfacet
   facet normal 0.0000 -1.0000 0.0000
      outer loop
         vertex -0.2500 -3.6000 5.0600
         vertex 0.2500 -3.6000 4.0600
         vertex 0.2500 -3.6000 5.0600
      endloop
   endfacet
   facet normal 0.0000 -1.0000 0.0000
      outer loop
         vertex -0.2500 -3.6000 1.5600
         vertex -0.2500 -3.6000 0.5600
         vertex 0.2500 -3.6000 0.5600
      endloop
   endfacet
   facet normal 0.0000 -1.0000 0.0000
      outer loop
         vertex -0.2500 -3.6000 1.5600
         vertex 0.2500 -3.6000 0.5600
         vertex 0.2500 -3.6000 1.5600
      endloop
   endfacet
   facet normal 0.0000 -1.0000 0.0000
      outer loop
         vertex -5.2500 -3.6000 5.0600
         vertex -5.2500 -3.6000 4.0600
         vertex -4.7500 -3.6000 4.0600
      endloop
   endfacet
   facet normal 0.0000 -1.0000 0.0000
      outer loop
         vertex -5.2500 -3.6000 5.0600
         vertex -4.7500 -3.6000 4.0600
         vertex -4.7500 -3.6000 5.0600
      endloop
   endfacet
   facet normal 0.0000 -1.0000 0.0000
      outer loop
         vertex -5.2500 -3.6000 1.5600
         vertex -5.2500 -3.6000 0.5600
         vertex -4.7500 -3.6000 0.5600
      endloop
   endfacet
   facet normal 0.0000 -1.0000 0.0000
      outer loop
         vertex -5.2500 -3.6000 1.5600
         vertex -4.7500 -3.6000 0.5600
         vertex -4.7500 -3.6000 1.5600
      endloop
   endfacet
   facet normal -0.9405 0.3399 0.0000
      outer loop
         vertex -9.1500 12.4500 0.0000
         vertex -9.1500 12.4500 7.0000
         vertex -9.1098 12.6000 7.0000
      endloop
   endfacet
   facet normal -0.9071 0.4210 0.0000
      outer loop
         vertex -9.1500 12.4500 0.0000
         vertex -9.1098 12.6000 7.0000
         vertex -9.1098 12.6000 0.0000
      endloop
   endfacet
   facet normal 0.8100 0.5865 0.0000
      outer loop
         vertex 5.3098 9.6601 0.0000
         vertex 5.2428 9.7399 0.0000
         vertex 5.2428 9.7399 7.0000
      endloop
   endfacet
   facet normal 0.8506 0.5259 0.0000
      outer loop
         vertex 5.3098 9.6601 0.0000
         vertex 5.2428 9.7399 7.0000
         vertex 5.3098 9.6601 7.0000
      endloop
   endfacet
   facet normal 0.9450 0.3271 0.0000
      outer loop
         vertex 5.3500 9.5101 7.0000
         vertex 5.3500 9.5101 0.0000
         vertex 5.3098 9.6601 0.0000
      endloop
   endfacet
   facet normal 0.9186 0.3951 0.0000
      outer loop
         vertex 5.3500 9.5101 7.0000
         vertex 5.3098 9.6601 0.0000
         vertex 5.3098 9.6601 7.0000
      endloop
   endfacet
   facet normal 1.0000 0.0000 0.0000
      outer loop
         vertex 5.3500 1.9000 3.7804
         vertex 5.3500 1.6804 4.0000
         vertex 5.3500 1.9000 3.0196
      endloop
   endfacet
   facet normal 1.0000 0.0000 0.0000
      outer loop
         vertex 5.3500 1.9000 3.7804
         vertex 5.3500 1.9000 3.0196
         vertex 5.3500 2.2000 3.1000
      endloop
   endfacet
   facet normal 1.0000 0.0000 0.0000
      outer loop
         vertex 5.3500 1.9000 3.7804
         vertex 5.3500 2.2000 3.1000
         vertex 5.3500 2.2000 3.5000
      endloop
   endfacet
   facet normal 1.0000 0.0000 0.0000
      outer loop
         vertex 5.3500 1.9000 3.7804
         vertex 5.3500 2.2000 3.5000
         vertex 5.3500 2.2000 3.7000
      endloop
   endfacet
   facet normal 1.0000 0.0000 0.0000
      outer loop
         vertex 5.3500 1.9000 0.2804
         vertex 5.3500 1.6804 0.5000
         vertex 5.3500 0.3000 0.0000
      endloop
   endfacet
   facet normal 1.0000 0.0000 0.0000
      outer loop
         vertex 5.3500 0.3000 0.0000
         vertex 5.3500 1.6804 0.5000
         vertex 5.3500 1.6000 0.8000
      endloop
   endfacet
   facet normal 1.0000 0.0000 0.0000
      outer loop
         vertex 5.3500 0.3000 0.0000
         vertex 5.3500 1.6000 0.8000
         vertex 5.3500 0.3000 7.0000
      endloop
   endfacet
   facet normal 1.0000 0.0000 0.0000
      outer loop
         vertex 5.3500 0.3000 7.0000
         vertex 5.3500 1.6000 0.8000
         vertex 5.3500 1.6000 2.5000
      endloop
   endfacet
   facet normal 1.0000 0.0000 0.0000
      outer loop
         vertex 5.3500 0.3000 7.0000
         vertex 5.3500 1.6000 2.5000
         vertex 5.3500 1.6000 4.3000
      endloop
   endfacet
   facet normal 1.0000 0.0000 0.0000
      outer loop
         vertex 5.3500 1.6000 4.3000
         vertex 5.3500 1.6000 2.5000
         vertex 5.3500 1.6804 2.8000
      endloop
   endfacet
   facet normal 1.0000 0.0000 0.0000
      outer loop
         vertex 5.3500 1.6000 4.3000
         vertex 5.3500 1.6804 2.8000
         vertex 5.3500 1.6804 4.0000
      endloop
   endfacet
   facet normal 1.0000 0.0000 0.0000
      outer loop
         vertex 5.3500 1.6804 4.0000
         vertex 5.3500 1.6804 2.8000
         vertex 5.3500 1.9000 3.0196
      endloop
   endfacet
   facet normal 1.0000 0.0000 0.0000
      outer loop
         vertex 5.3500 5.2201 4.4750
         vertex 5.3500 5.2000 4.4000
         vertex 5.3500 5.2201 2.3250
      endloop
   endfacet
   facet normal 1.0000 0.0000 0.0000
      outer loop
         vertex 5.3500 5.2201 2.3250
         vertex 5.3500 5.2000 4.4000
         vertex 5.3500 5.2000 4.3000
      endloop
   endfacet
   facet normal 1.0000 0.0000 0.0000
      outer loop
         vertex 5.3500 5.2201 2.3250
         vertex 5.3500 5.2000 4.3000
         vertex 5.3500 5.2000 2.5000
      endloop
   endfacet
   facet normal 1.0000 0.0000 0.0000
      outer loop
         vertex 5.3500 5.2000 2.5000
         vertex 5.3500 5.2000 4.3000
         vertex 5.3500 5.1196 4.0000
      endloop
   endfacet
   facet normal 1.0000 0.0000 0.0000
      outer loop
         vertex 5.3500 5.2000 2.5000
         vertex 5.3500 5.1196 4.0000
         vertex 5.3500 5.1196 2.8000
      endloop
   endfacet
   facet normal 1.0000 0.0000 0.0000
      outer loop
         vertex 5.3500 5.1196 2.8000
         vertex 5.3500 5.1196 4.0000
         vertex 5.3500 4.9000 3.7804
      endloop
   endfacet
   facet normal 1.0000 0.0000 0.0000
      outer loop
         vertex 5.3500 5.1196 2.8000
         vertex 5.3500 4.9000 3.7804
         vertex 5.3500 4.9000 3.0196
      endloop
   endfacet
   facet normal 1.0000 0.0000 0.0000
      outer loop
         vertex 5.3500 4.9000 3.0196
         vertex 5.3500 4.9000 3.7804
         vertex 5.3500 4.6000 3.7000
      endloop
   endfacet
   facet normal 1.0000 0.0000 0.0000
      outer loop
         vertex 5.3500 4.9000 3.0196
         vertex 5.3500 4.6000 3.7000
         vertex 5.3500 4.6000 3.5000
      endloop
   endfacet
   facet normal 1.0000 0.0000 0.0000
      outer loop
         vertex 5.3500 4.6000 3.1000
         vertex 5.3500 4.9000 3.0196
         vertex 5.3500 4.6000 3.5000
      endloop
   endfacet
   facet normal 1.0000 0.0000 0.0000
      outer loop
         vertex 5.3500 4.6000 3.1000
         vertex 5.3500 4.6000 3.5000
         vertex 5.3500 2.2000 3.5000
      endloop
   endfacet
   facet normal 1.0000 0.0000 0.0000
      outer loop
         vertex 5.3500 4.6000 3.1000
         vertex 5.3500 2.2000 3.5000
         vertex 5.3500 2.2000 3.1000
      endloop
   endfacet
   facet normal 1.0000 0.0000 0.0000
      outer loop
         vertex 5.3500 6.5500 5.7098
         vertex 5.3500 6.6598 5.6000
         vertex 5.3500 9.5101 7.0000
      endloop
   endfacet
   facet normal 1.0000 0.0000 0.0000
      outer loop
         vertex 5.3500 9.5101 7.0000
         vertex 5.3500 6.6598 5.6000
         vertex 5.3500 6.7000 5.4500
      endloop
   endfacet
   facet normal 1.0000 0.0000 0.0000
      outer loop
         vertex 5.3500 9.5101 7.0000
         vertex 5.3500 6.7000 5.4500
         vertex 5.3500 9.5101 0.0000
      endloop
   endfacet
   facet normal 1.0000 0.0000 0.0000
      outer loop
         vertex 5.3500 9.5101 0.0000
         vertex 5.3500 6.7000 5.4500
         vertex 5.3500 6.7000 4.8500
      endloop
   endfacet
   facet normal 1.0000 0.0000 0.0000
      outer loop
         vertex 5.3500 9.5101 0.0000
         vertex 5.3500 6.7000 4.8500
         vertex 5.3500 6.7000 1.9500
      endloop
   endfacet
   facet normal 1.0000 0.0000 0.0000
      outer loop
         vertex 5.3500 6.7000 1.9500
         vertex 5.3500 6.7000 4.8500
         vertex 5.3500 6.6598 4.7000
      endloop
   endfacet
   facet normal 1.0000 0.0000 0.0000
      outer loop
         vertex 5.3500 6.7000 1.9500
         vertex 5.3500 6.6598 4.7000
         vertex 5.3500 6.6598 2.1000
      endloop
   endfacet
   facet normal 1.0000 0.0000 0.0000
      outer loop
         vertex 5.3500 6.6598 2.1000
         vertex 5.3500 6.6598 4.7000
         vertex 5.3500 6.5500 4.5902
      endloop
   endfacet
   facet normal 1.0000 0.0000 0.0000
      outer loop
         vertex 5.3500 6.6598 2.1000
         vertex 5.3500 6.5500 4.5902
         vertex 5.3500 6.5500 2.2098
      endloop
   endfacet
   facet normal 1.0000 0.0000 0.0000
      outer loop
         vertex 5.3500 6.5500 2.2098
         vertex 5.3500 6.5500 4.5902
         vertex 5.3500 6.4000 4.5500
      endloop
   endfacet
   facet normal 1.0000 0.0000 0.0000
      outer loop
         vertex 5.3500 6.5500 2.2098
         vertex 5.3500 6.4000 4.5500
         vertex 5.3500 6.4000 2.2500
      endloop
   endfacet
   facet normal 1.0000 0.0000 0.0000
      outer loop
         vertex 5.3500 6.4000 2.2500
         vertex 5.3500 6.4000 4.5500
         vertex 5.3500 5.3500 4.5500
      endloop
   endfacet
   facet normal 1.0000 0.0000 0.0000
      outer loop
         vertex 5.3500 6.4000 2.2500
         vertex 5.3500 5.3500 4.5500
         vertex 5.3500 5.3500 2.2500
      endloop
   endfacet
   facet normal 1.0000 0.0000 0.0000
      outer loop
         vertex 5.3500 5.3500 2.2500
         vertex 5.3500 5.3500 4.5500
         vertex 5.3500 5.2750 4.5299
      endloop
   endfacet
   facet normal 1.0000 0.0000 0.0000
      outer loop
         vertex 5.3500 5.3500 2.2500
         vertex 5.3500 5.2750 4.5299
         vertex 5.3500 5.2750 2.2701
      endloop
   endfacet
   facet normal 1.0000 0.0000 0.0000
      outer loop
         vertex 5.3500 5.2750 2.2701
         vertex 5.3500 5.2750 4.5299
         vertex 5.3500 5.2201 4.4750
      endloop
   endfacet
   facet normal 1.0000 0.0000 0.0000
      outer loop
         vertex 5.3500 5.2750 2.2701
         vertex 5.3500 5.2201 4.4750
         vertex 5.3500 5.2201 2.3250
      endloop
   endfacet
   facet normal 1.0000 0.0000 0.0000
      outer loop
         vertex 5.3500 9.5101 7.0000
         vertex 5.3500 0.3000 7.0000
         vertex 5.3500 2.2000 6.6000
      endloop
   endfacet
   facet normal 1.0000 0.0000 0.0000
      outer loop
         vertex 5.3500 9.5101 7.0000
         vertex 5.3500 2.2000 6.6000
         vertex 5.3500 4.6000 6.6000
      endloop
   endfacet
   facet normal 1.0000 0.0000 0.0000
      outer loop
         vertex 5.3500 9.5101 7.0000
         vertex 5.3500 4.6000 6.6000
         vertex 5.3500 4.9000 6.5196
      endloop
   endfacet
   facet normal 1.0000 0.0000 0.0000
      outer loop
         vertex 5.3500 9.5101 7.0000
         vertex 5.3500 4.9000 6.5196
         vertex 5.3500 5.1196 6.3000
      endloop
   endfacet
   facet normal 1.0000 0.0000 0.0000
      outer loop
         vertex 5.3500 9.5101 7.0000
         vertex 5.3500 5.1196 6.3000
         vertex 5.3500 5.2000 6.0000
      endloop
   endfacet
   facet normal 1.0000 0.0000 0.0000
      outer loop
         vertex 5.3500 9.5101 7.0000
         vertex 5.3500 5.2000 6.0000
         vertex 5.3500 5.2201 5.8250
      endloop
   endfacet
   facet normal 1.0000 0.0000 0.0000
      outer loop
         vertex 5.3500 9.5101 7.0000
         vertex 5.3500 5.2201 5.8250
         vertex 5.3500 5.2750 5.7701
      endloop
   endfacet
   facet normal 1.0000 0.0000 0.0000
      outer loop
         vertex 5.3500 9.5101 7.0000
         vertex 5.3500 5.2750 5.7701
         vertex 5.3500 5.3500 5.7500
      endloop
   endfacet
   facet normal 1.0000 0.0000 0.0000
      outer loop
         vertex 5.3500 9.5101 7.0000
         vertex 5.3500 5.3500 5.7500
         vertex 5.3500 6.4000 5.7500
      endloop
   endfacet
   facet normal 1.0000 0.0000 0.0000
      outer loop
         vertex 5.3500 9.5101 7.0000
         vertex 5.3500 6.4000 5.7500
         vertex 5.3500 6.5500 5.7098
      endloop
   endfacet
   facet normal 1.0000 0.0000 0.0000
      outer loop
         vertex 5.3500 0.3000 7.0000
         vertex 5.3500 1.6000 4.3000
         vertex 5.3500 1.6000 6.0000
      endloop
   endfacet
   facet normal 1.0000 0.0000 0.0000
      outer loop
         vertex 5.3500 0.3000 7.0000
         vertex 5.3500 1.6000 6.0000
         vertex 5.3500 1.6804 6.3000
      endloop
   endfacet
   facet normal 1.0000 0.0000 0.0000
      outer loop
         vertex 5.3500 0.3000 7.0000
         vertex 5.3500 1.6804 6.3000
         vertex 5.3500 1.9000 6.5196
      endloop
   endfacet
   facet normal 1.0000 0.0000 0.0000
      outer loop
         vertex 5.3500 0.3000 7.0000
         vertex 5.3500 1.9000 6.5196
         vertex 5.3500 2.2000 6.6000
      endloop
   endfacet
   facet normal 1.0000 0.0000 0.0000
      outer loop
         vertex 5.3500 9.5101 0.0000
         vertex 5.3500 6.7000 1.9500
         vertex 5.3500 6.7000 1.3500
      endloop
   endfacet
   facet normal 1.0000 0.0000 0.0000
      outer loop
         vertex 5.3500 9.5101 0.0000
         vertex 5.3500 6.7000 1.3500
         vertex 5.3500 6.6598 1.2000
      endloop
   endfacet
   facet normal 1.0000 0.0000 0.0000
      outer loop
         vertex 5.3500 9.5101 0.0000
         vertex 5.3500 6.6598 1.2000
         vertex 5.3500 6.5500 1.0902
      endloop
   endfacet
   facet normal 1.0000 0.0000 0.0000
      outer loop
         vertex 5.3500 9.5101 0.0000
         vertex 5.3500 6.5500 1.0902
         vertex 5.3500 6.4000 1.0500
      endloop
   endfacet
   facet normal 1.0000 0.0000 0.0000
      outer loop
         vertex 5.3500 9.5101 0.0000
         vertex 5.3500 6.4000 1.0500
         vertex 5.3500 5.3500 1.0500
      endloop
   endfacet
   facet normal 1.0000 0.0000 0.0000
      outer loop
         vertex 5.3500 9.5101 0.0000
         vertex 5.3500 5.3500 1.0500
         vertex 5.3500 5.2750 1.0299
      endloop
   endfacet
   facet normal 1.0000 0.0000 0.0000
      outer loop
         vertex 5.3500 9.5101 0.0000
         vertex 5.3500 5.2750 1.0299
         vertex 5.3500 5.2201 0.9750
      endloop
   endfacet
   facet normal 1.0000 0.0000 0.0000
      outer loop
         vertex 5.3500 9.5101 0.0000
         vertex 5.3500 5.2201 0.9750
         vertex 5.3500 5.2000 0.9000
      endloop
   endfacet
   facet normal 1.0000 0.0000 0.0000
      outer loop
         vertex 5.3500 9.5101 0.0000
         vertex 5.3500 5.2000 0.9000
         vertex 5.3500 5.2000 0.8000
      endloop
   endfacet
   facet normal 1.0000 0.0000 0.0000
      outer loop
         vertex 5.3500 9.5101 0.0000
         vertex 5.3500 5.2000 0.8000
         vertex 5.3500 5.1196 0.5000
      endloop
   endfacet
   facet normal 1.0000 0.0000 0.0000
      outer loop
         vertex 5.3500 9.5101 0.0000
         vertex 5.3500 5.1196 0.5000
         vertex 5.3500 4.9000 0.2804
      endloop
   endfacet
   facet normal 1.0000 0.0000 0.0000
      outer loop
         vertex 5.3500 9.5101 0.0000
         vertex 5.3500 4.9000 0.2804
         vertex 5.3500 4.6000 0.2000
      endloop
   endfacet
   facet normal 1.0000 0.0000 0.0000
      outer loop
         vertex 5.3500 9.5101 0.0000
         vertex 5.3500 4.6000 0.2000
         vertex 5.3500 4.6000 0.0000
      endloop
   endfacet
   facet normal 1.0000 0.0000 0.0000
      outer loop
         vertex 5.3500 1.9000 0.2804
         vertex 5.3500 0.3000 0.0000
         vertex 5.3500 2.2000 0.0000
      endloop
   endfacet
   facet normal 1.0000 0.0000 0.0000
      outer loop
         vertex 5.3500 1.9000 0.2804
         vertex 5.3500 2.2000 0.0000
         vertex 5.3500 2.2000 0.2000
      endloop
   endfacet
   facet normal 1.0000 0.0000 0.0000
      outer loop
         vertex 5.3500 5.2201 5.8250
         vertex 5.3500 5.2000 6.0000
         vertex 5.3500 5.2000 5.9000
      endloop
   endfacet
   facet normal 1.0000 0.0000 0.0000
      outer loop
         vertex 5.3500 5.2201 2.3250
         vertex 5.3500 5.2000 2.5000
         vertex 5.3500 5.2000 2.4000
      endloop
   endfacet
   facet normal 0.0000 0.0000 1.0000
      outer loop
         vertex 4.8500 4.4000 3.5000
         vertex 3.3500 4.4000 3.5000
         vertex 4.8500 2.4000 3.5000
      endloop
   endfacet
   facet normal 0.0000 0.0000 1.0000
      outer loop
         vertex 4.8500 4.4000 3.5000
         vertex 4.8500 2.4000 3.5000
         vertex 5.3500 2.2000 3.5000
      endloop
   endfacet
   facet normal 0.0000 0.0000 1.0000
      outer loop
         vertex 4.8500 4.4000 3.5000
         vertex 5.3500 2.2000 3.5000
         vertex 5.3500 4.6000 3.5000
      endloop
   endfacet
   facet normal 0.0000 0.0000 1.0000
      outer loop
         vertex 4.8500 2.4000 3.5000
         vertex 3.3500 4.4000 3.5000
         vertex 3.3500 2.4000 3.5000
      endloop
   endfacet
   facet normal 0.0000 0.0000 1.0000
      outer loop
         vertex -7.0000 12.5500 3.5000
         vertex -7.0000 10.9000 3.5000
         vertex 3.8603 10.9000 3.5000
      endloop
   endfacet
   facet normal 0.0000 0.0000 1.0000
      outer loop
         vertex -7.0000 12.5500 3.5000
         vertex 3.8603 10.9000 3.5000
         vertex -0.2500 11.7500 3.5000
      endloop
   endfacet
   facet normal 0.0000 0.0000 1.0000
      outer loop
         vertex -7.0000 12.5500 3.5000
         vertex -0.2500 11.7500 3.5000
         vertex -0.2500 12.3427 3.5000
      endloop
   endfacet
   facet normal 0.0000 0.0000 1.0000
      outer loop
         vertex -7.0000 12.5500 3.5000
         vertex -0.2500 12.3427 3.5000
         vertex -0.2500 12.3457 3.5000
      endloop
   endfacet
   facet normal 0.0000 0.0000 1.0000
      outer loop
         vertex -7.0000 12.5500 3.5000
         vertex -0.2500 12.3457 3.5000
         vertex -0.2500 12.5500 3.5000
      endloop
   endfacet
   facet normal 0.0000 0.0000 1.0000
      outer loop
         vertex -0.2500 11.7500 3.5000
         vertex 3.8603 10.9000 3.5000
         vertex 2.8473 11.7500 3.5000
      endloop
   endfacet
   facet normal 0.0000 -0.6414 -0.7672
      outer loop
         vertex 5.3500 5.1196 2.8000
         vertex 5.3500 4.9000 3.0196
         vertex 3.3500 4.9000 3.0196
      endloop
   endfacet
   facet normal 0.0000 -0.7672 -0.6414
      outer loop
         vertex 5.3500 5.1196 2.8000
         vertex 3.3500 4.9000 3.0196
         vertex 3.3500 5.1196 2.8000
      endloop
   endfacet
   facet normal 0.0000 -0.4210 -0.9071
      outer loop
         vertex 3.3500 4.6000 3.1000
         vertex 3.3500 4.9000 3.0196
         vertex 5.3500 4.9000 3.0196
      endloop
   endfacet
   facet normal 0.0000 -0.3399 -0.9405
      outer loop
         vertex 3.3500 4.6000 3.1000
         vertex 5.3500 4.9000 3.0196
         vertex 5.3500 4.6000 3.1000
      endloop
   endfacet
   facet normal 0.0000 0.0000 -1.0000
      outer loop
         vertex 5.3500 4.6000 3.1000
         vertex 5.3500 2.2000 3.1000
         vertex 3.3500 2.2000 3.1000
      endloop
   endfacet
   facet normal 0.0000 0.0000 -1.0000
      outer loop
         vertex 5.3500 4.6000 3.1000
         vertex 3.3500 2.2000 3.1000
         vertex 3.3500 4.6000 3.1000
      endloop
   endfacet
   facet normal 0.0000 -0.6414 -0.7672
      outer loop
         vertex 5.3500 5.1196 6.3000
         vertex 5.3500 4.9000 6.5196
         vertex 3.3500 4.9000 6.5196
      endloop
   endfacet
   facet normal 0.0000 -0.7672 -0.6414
      outer loop
         vertex 5.3500 5.1196 6.3000
         vertex 3.3500 4.9000 6.5196
         vertex 3.3500 5.1196 6.3000
      endloop
   endfacet
   facet normal 0.0000 -0.4210 -0.9071
      outer loop
         vertex 3.3500 4.6000 6.6000
         vertex 3.3500 4.9000 6.5196
         vertex 5.3500 4.9000 6.5196
      endloop
   endfacet
   facet normal 0.0000 -0.3399 -0.9405
      outer loop
         vertex 3.3500 4.6000 6.6000
         vertex 5.3500 4.9000 6.5196
         vertex 5.3500 4.6000 6.6000
      endloop
   endfacet
   facet normal 0.0000 0.0000 -1.0000
      outer loop
         vertex 3.3500 2.2000 6.6000
         vertex 3.3500 4.6000 6.6000
         vertex 5.3500 4.6000 6.6000
      endloop
   endfacet
   facet normal 0.0000 0.0000 -1.0000
      outer loop
         vertex 3.3500 2.2000 6.6000
         vertex 5.3500 4.6000 6.6000
         vertex 5.3500 2.2000 6.6000
      endloop
   endfacet
   facet normal 0.0000 -1.0000 0.0000
      outer loop
         vertex 5.3500 5.2000 6.0000
         vertex 3.3500 5.2000 6.0000
         vertex 3.3500 5.2000 5.9000
      endloop
   endfacet
   facet normal 0.0000 -1.0000 0.0000
      outer loop
         vertex 5.3500 5.2000 6.0000
         vertex 3.3500 5.2000 5.9000
         vertex 5.3500 5.2000 5.9000
      endloop
   endfacet
   facet normal 0.0000 -1.0000 0.0000
      outer loop
         vertex 3.3500 5.2000 4.3000
         vertex 5.3500 5.2000 4.3000
         vertex 5.3500 5.2000 4.4000
      endloop
   endfacet
   facet normal 0.0000 -1.0000 0.0000
      outer loop
         vertex 3.3500 5.2000 4.3000
         vertex 5.3500 5.2000 4.4000
         vertex 3.3500 5.2000 4.4000
      endloop
   endfacet
   facet normal 0.0000 -0.3399 -0.9405
      outer loop
         vertex 3.3500 5.3500 5.7500
         vertex 5.3500 5.3500 5.7500
         vertex 5.3500 5.2750 5.7701
      endloop
   endfacet
   facet normal 0.0000 -0.4210 -0.9071
      outer loop
         vertex 3.3500 5.3500 5.7500
         vertex 5.3500 5.2750 5.7701
         vertex 3.3500 5.2750 5.7701
      endloop
   endfacet
   facet normal 0.0000 0.0000 -1.0000
      outer loop
         vertex 3.3500 6.4000 5.7500
         vertex 5.3500 6.4000 5.7500
         vertex 5.3500 5.3500 5.7500
      endloop
   endfacet
   facet normal 0.0000 0.0000 -1.0000
      outer loop
         vertex 3.3500 6.4000 5.7500
         vertex 5.3500 5.3500 5.7500
         vertex 3.3500 5.3500 5.7500
      endloop
   endfacet
   facet normal 0.0000 -0.9071 -0.4210
      outer loop
         vertex 3.3500 5.2201 5.8250
         vertex 5.3500 5.2201 5.8250
         vertex 5.3500 5.2000 5.9000
      endloop
   endfacet
   facet normal 0.0000 -0.9405 -0.3399
      outer loop
         vertex 3.3500 5.2201 5.8250
         vertex 5.3500 5.2000 5.9000
         vertex 3.3500 5.2000 5.9000
      endloop
   endfacet
   facet normal 0.0000 -0.7672 -0.6414
      outer loop
         vertex 5.3500 5.2201 5.8250
         vertex 3.3500 5.2201 5.8250
         vertex 3.3500 5.2750 5.7701
      endloop
   endfacet
   facet normal 0.0000 -0.6414 -0.7672
      outer loop
         vertex 5.3500 5.2201 5.8250
         vertex 3.3500 5.2750 5.7701
         vertex 5.3500 5.2750 5.7701
      endloop
   endfacet
   facet normal 0.0000 -0.4210 -0.9071
      outer loop
         vertex 3.3500 6.5500 5.7098
         vertex 5.3500 6.5500 5.7098
         vertex 5.3500 6.4000 5.7500
      endloop
   endfacet
   facet normal 0.0000 -0.3399 -0.9405
      outer loop
         vertex 3.3500 6.5500 5.7098
         vertex 5.3500 6.4000 5.7500
         vertex 3.3500 6.4000 5.7500
      endloop
   endfacet
   facet normal 0.0000 -0.6414 -0.7672
      outer loop
         vertex 5.3500 6.5500 5.7098
         vertex 3.3500 6.5500 5.7098
         vertex 3.3500 6.6598 5.6000
      endloop
   endfacet
   facet normal 0.0000 -0.7672 -0.6414
      outer loop
         vertex 5.3500 6.5500 5.7098
         vertex 3.3500 6.6598 5.6000
         vertex 5.3500 6.6598 5.6000
      endloop
   endfacet
   facet normal 0.0000 -0.9405 -0.3399
      outer loop
         vertex 3.3500 6.7000 5.4500
         vertex 5.3500 6.7000 5.4500
         vertex 5.3500 6.6598 5.6000
      endloop
   endfacet
   facet normal 0.0000 -0.9071 -0.4210
      outer loop
         vertex 3.3500 6.7000 5.4500
         vertex 5.3500 6.6598 5.6000
         vertex 3.3500 6.6598 5.6000
      endloop
   endfacet
   facet normal 0.0000 -1.0000 0.0000
      outer loop
         vertex 5.3500 6.7000 5.4500
         vertex 3.3500 6.7000 5.4500
         vertex 3.3500 6.7000 4.8500
      endloop
   endfacet
   facet normal 0.0000 -1.0000 0.0000
      outer loop
         vertex 5.3500 6.7000 5.4500
         vertex 3.3500 6.7000 4.8500
         vertex 5.3500 6.7000 4.8500
      endloop
   endfacet
   facet normal 0.0000 0.0000 1.0000
      outer loop
         vertex 5.3500 6.4000 4.5500
         vertex 3.3500 6.4000 4.5500
         vertex 3.3500 5.3500 4.5500
      endloop
   endfacet
   facet normal 0.0000 0.0000 1.0000
      outer loop
         vertex 5.3500 6.4000 4.5500
         vertex 3.3500 5.3500 4.5500
         vertex 5.3500 5.3500 4.5500
      endloop
   endfacet
   facet normal 0.0000 -0.4210 0.9071
      outer loop
         vertex 3.3500 5.2750 4.5299
         vertex 5.3500 5.2750 4.5299
         vertex 5.3500 5.3500 4.5500
      endloop
   endfacet
   facet normal 0.0000 -0.3399 0.9405
      outer loop
         vertex 3.3500 5.2750 4.5299
         vertex 5.3500 5.3500 4.5500
         vertex 3.3500 5.3500 4.5500
      endloop
   endfacet
   facet normal 0.0000 -0.6414 0.7672
      outer loop
         vertex 5.3500 5.2750 4.5299
         vertex 3.3500 5.2750 4.5299
         vertex 3.3500 5.2201 4.4750
      endloop
   endfacet
   facet normal 0.0000 -0.7672 0.6414
      outer loop
         vertex 5.3500 5.2750 4.5299
         vertex 3.3500 5.2201 4.4750
         vertex 5.3500 5.2201 4.4750
      endloop
   endfacet
   facet normal 0.0000 -0.9405 0.3399
      outer loop
         vertex 3.3500 5.2000 4.4000
         vertex 5.3500 5.2000 4.4000
         vertex 5.3500 5.2201 4.4750
      endloop
   endfacet
   facet normal 0.0000 -0.9071 0.4210
      outer loop
         vertex 3.3500 5.2000 4.4000
         vertex 5.3500 5.2201 4.4750
         vertex 3.3500 5.2201 4.4750
      endloop
   endfacet
   facet normal 0.0000 -0.9405 0.3399
      outer loop
         vertex 5.3500 6.7000 4.8500
         vertex 3.3500 6.7000 4.8500
         vertex 3.3500 6.6598 4.7000
      endloop
   endfacet
   facet normal 0.0000 -0.9071 0.4210
      outer loop
         vertex 5.3500 6.7000 4.8500
         vertex 3.3500 6.6598 4.7000
         vertex 5.3500 6.6598 4.7000
      endloop
   endfacet
   facet normal 0.0000 -0.6414 0.7672
      outer loop
         vertex 3.3500 6.5500 4.5902
         vertex 5.3500 6.5500 4.5902
         vertex 5.3500 6.6598 4.7000
      endloop
   endfacet
   facet normal 0.0000 -0.7672 0.6414
      outer loop
         vertex 3.3500 6.5500 4.5902
         vertex 5.3500 6.6598 4.7000
         vertex 3.3500 6.6598 4.7000
      endloop
   endfacet
   facet normal 0.0000 -0.3399 0.9405
      outer loop
         vertex 3.3500 6.4000 4.5500
         vertex 5.3500 6.4000 4.5500
         vertex 5.3500 6.5500 4.5902
      endloop
   endfacet
   facet normal 0.0000 -0.4210 0.9071
      outer loop
         vertex 3.3500 6.4000 4.5500
         vertex 5.3500 6.5500 4.5902
         vertex 3.3500 6.5500 4.5902
      endloop
   endfacet
   facet normal 0.0000 -0.9405 -0.3399
      outer loop
         vertex 3.3500 5.2000 6.0000
         vertex 5.3500 5.2000 6.0000
         vertex 5.3500 5.1196 6.3000
      endloop
   endfacet
   facet normal 0.0000 -0.9071 -0.4210
      outer loop
         vertex 3.3500 5.2000 6.0000
         vertex 5.3500 5.1196 6.3000
         vertex 3.3500 5.1196 6.3000
      endloop
   endfacet
   facet normal 0.0000 -0.9405 0.3399
      outer loop
         vertex 5.3500 5.2000 4.3000
         vertex 3.3500 5.2000 4.3000
         vertex 3.3500 5.1196 4.0000
      endloop
   endfacet
   facet normal 0.0000 -0.9071 0.4210
      outer loop
         vertex 5.3500 5.2000 4.3000
         vertex 3.3500 5.1196 4.0000
         vertex 5.3500 5.1196 4.0000
      endloop
   endfacet
   facet normal 0.0000 -0.7672 0.6414
      outer loop
         vertex 5.3500 5.1196 4.0000
         vertex 3.3500 5.1196 4.0000
         vertex 3.3500 4.9000 3.7804
      endloop
   endfacet
   facet normal 0.0000 -0.6414 0.7672
      outer loop
         vertex 5.3500 5.1196 4.0000
         vertex 3.3500 4.9000 3.7804
         vertex 5.3500 4.9000 3.7804
      endloop
   endfacet
   facet normal 0.0000 -0.3399 0.9405
      outer loop
         vertex 3.3500 4.6000 3.7000
         vertex 5.3500 4.6000 3.7000
         vertex 5.3500 4.9000 3.7804
      endloop
   endfacet
   facet normal 0.0000 -0.4210 0.9071
      outer loop
         vertex 3.3500 4.6000 3.7000
         vertex 5.3500 4.9000 3.7804
         vertex 3.3500 4.9000 3.7804
      endloop
   endfacet
   facet normal 0.3714 -0.9285 0.0000
      outer loop
         vertex 4.8500 4.4000 3.7000
         vertex 4.8500 4.4000 3.5000
         vertex 5.3500 4.6000 3.5000
      endloop
   endfacet
   facet normal 0.3714 -0.9285 0.0000
      outer loop
         vertex 4.8500 4.4000 3.7000
         vertex 5.3500 4.6000 3.5000
         vertex 5.3500 4.6000 3.7000
      endloop
   endfacet
   facet normal 0.0000 -1.0000 0.0000
      outer loop
         vertex 4.8500 4.4000 3.5000
         vertex 4.8500 4.4000 3.7000
         vertex 3.3500 4.4000 3.7000
      endloop
   endfacet
   facet normal 0.0000 -1.0000 0.0000
      outer loop
         vertex 4.8500 4.4000 3.5000
         vertex 3.3500 4.4000 3.7000
         vertex 3.3500 4.4000 3.5000
      endloop
   endfacet
   facet normal 0.0000 0.0000 1.0000
      outer loop
         vertex 3.3500 2.2000 3.7000
         vertex 5.3500 2.2000 3.7000
         vertex 4.8500 2.4000 3.7000
      endloop
   endfacet
   facet normal 0.0000 0.0000 1.0000
      outer loop
         vertex 3.3500 2.2000 3.7000
         vertex 4.8500 2.4000 3.7000
         vertex 3.3500 2.4000 3.7000
      endloop
   endfacet
   facet normal 0.0000 0.0000 1.0000
      outer loop
         vertex 3.3500 4.4000 3.7000
         vertex 4.8500 4.4000 3.7000
         vertex 5.3500 4.6000 3.7000
      endloop
   endfacet
   facet normal 0.0000 0.0000 1.0000
      outer loop
         vertex 3.3500 4.4000 3.7000
         vertex 5.3500 4.6000 3.7000
         vertex 3.3500 4.6000 3.7000
      endloop
   endfacet
   facet normal 0.0000 1.0000 0.0000
      outer loop
         vertex 4.8500 2.4000 3.5000
         vertex 3.3500 2.4000 3.5000
         vertex 3.3500 2.4000 3.7000
      endloop
   endfacet
   facet normal 0.0000 1.0000 0.0000
      outer loop
         vertex 4.8500 2.4000 3.5000
         vertex 3.3500 2.4000 3.7000
         vertex 4.8500 2.4000 3.7000
      endloop
   endfacet
   facet normal 0.3714 0.9285 0.0000
      outer loop
         vertex 5.3500 2.2000 3.5000
         vertex 4.8500 2.4000 3.5000
         vertex 4.8500 2.4000 3.7000
      endloop
   endfacet
   facet normal 0.3714 0.9285 0.0000
      outer loop
         vertex 5.3500 2.2000 3.5000
         vertex 4.8500 2.4000 3.7000
         vertex 5.3500 2.2000 3.7000
      endloop
   endfacet
   facet normal 0.0000 0.3399 0.9405
      outer loop
         vertex 5.3500 2.2000 3.7000
         vertex 3.3500 2.2000 3.7000
         vertex 3.3500 1.9000 3.7804
      endloop
   endfacet
   facet normal 0.0000 0.4210 0.9071
      outer loop
         vertex 5.3500 2.2000 3.7000
         vertex 3.3500 1.9000 3.7804
         vertex 5.3500 1.9000 3.7804
      endloop
   endfacet
   facet normal 0.0000 0.6414 0.7672
      outer loop
         vertex 5.3500 1.9000 3.7804
         vertex 3.3500 1.9000 3.7804
         vertex 3.3500 1.6804 4.0000
      endloop
   endfacet
   facet normal 0.0000 0.7672 0.6414
      outer loop
         vertex 5.3500 1.9000 3.7804
         vertex 3.3500 1.6804 4.0000
         vertex 5.3500 1.6804 4.0000
      endloop
   endfacet
   facet normal 0.0000 0.9405 0.3399
      outer loop
         vertex 3.3500 1.6000 4.3000
         vertex 5.3500 1.6000 4.3000
         vertex 5.3500 1.6804 4.0000
      endloop
   endfacet
   facet normal 0.0000 0.9071 0.4210
      outer loop
         vertex 3.3500 1.6000 4.3000
         vertex 5.3500 1.6804 4.0000
         vertex 3.3500 1.6804 4.0000
      endloop
   endfacet
   facet normal 0.0000 1.0000 0.0000
      outer loop
         vertex 3.3500 1.6000 6.0000
         vertex 5.3500 1.6000 6.0000
         vertex 5.3500 1.6000 4.3000
      endloop
   endfacet
   facet normal 0.0000 1.0000 0.0000
      outer loop
         vertex 3.3500 1.6000 6.0000
         vertex 5.3500 1.6000 4.3000
         vertex 3.3500 1.6000 4.3000
      endloop
   endfacet
   facet normal 0.0000 0.9405 -0.3399
      outer loop
         vertex 5.3500 1.6000 6.0000
         vertex 3.3500 1.6000 6.0000
         vertex 3.3500 1.6804 6.3000
      endloop
   endfacet
   facet normal 0.0000 0.9071 -0.4210
      outer loop
         vertex 5.3500 1.6000 6.0000
         vertex 3.3500 1.6804 6.3000
         vertex 5.3500 1.6804 6.3000
      endloop
   endfacet
   facet normal 0.7672 0.0000 -0.6414
      outer loop
         vertex -6.9598 10.9000 4.4500
         vertex -6.9598 12.5500 4.4500
         vertex -6.8500 12.5500 4.5598
      endloop
   endfacet
   facet normal 0.6414 0.0000 -0.7672
      outer loop
         vertex -6.9598 10.9000 4.4500
         vertex -6.8500 12.5500 4.5598
         vertex -6.8500 10.9000 4.5598
      endloop
   endfacet
   facet normal 1.0000 0.0000 0.0000
      outer loop
         vertex -7.0000 12.5500 3.5000
         vertex -7.0000 12.5500 4.3000
         vertex -7.0000 10.9000 4.3000
      endloop
   endfacet
   facet normal 1.0000 0.0000 0.0000
      outer loop
         vertex -7.0000 12.5500 3.5000
         vertex -7.0000 10.9000 4.3000
         vertex -7.0000 10.9000 3.5000
      endloop
   endfacet
   facet normal -0.7672 -0.6414 0.0000
      outer loop
         vertex -8.0250 12.1299 3.5000
         vertex -7.9701 12.0750 3.5000
         vertex -7.9701 12.0750 6.3500
      endloop
   endfacet
   facet normal -0.6414 -0.7672 0.0000
      outer loop
         vertex -8.0250 12.1299 3.5000
         vertex -7.9701 12.0750 6.3500
         vertex -8.0250 12.1299 6.3500
      endloop
   endfacet
   facet normal 0.0000 1.0000 0.0000
      outer loop
         vertex -7.0000 10.9000 3.5000
         vertex -7.0000 10.9000 4.3000
         vertex -5.4719 10.9000 3.5500
      endloop
   endfacet
   facet normal 0.0000 1.0000 0.0000
      outer loop
         vertex -5.4719 10.9000 3.5500
         vertex -7.0000 10.9000 4.3000
         vertex -5.7000 10.9000 4.6000
      endloop
   endfacet
   facet normal 0.0000 1.0000 0.0000
      outer loop
         vertex -5.4719 10.9000 3.5500
         vertex -5.7000 10.9000 4.6000
         vertex -5.4719 10.9000 6.1500
      endloop
   endfacet
   facet normal 0.0000 1.0000 0.0000
      outer loop
         vertex -5.4719 10.9000 6.1500
         vertex -5.7000 10.9000 4.6000
         vertex -5.7000 10.9000 6.2000
      endloop
   endfacet
   facet normal 0.0000 1.0000 0.0000
      outer loop
         vertex -5.4719 10.9000 6.1500
         vertex -5.7000 10.9000 6.2000
         vertex -0.6950 10.9000 6.1500
      endloop
   endfacet
   facet normal 0.0000 1.0000 0.0000
      outer loop
         vertex -0.6950 10.9000 6.1500
         vertex -5.7000 10.9000 6.2000
         vertex 3.8603 10.9000 6.2000
      endloop
   endfacet
   facet normal 0.0000 1.0000 0.0000
      outer loop
         vertex -0.6950 10.9000 6.1500
         vertex 3.8603 10.9000 6.2000
         vertex -0.6950 10.9000 3.5500
      endloop
   endfacet
   facet normal 0.0000 1.0000 0.0000
      outer loop
         vertex -0.6950 10.9000 3.5500
         vertex 3.8603 10.9000 6.2000
         vertex 3.8603 10.9000 3.5000
      endloop
   endfacet
   facet normal 0.0000 1.0000 0.0000
      outer loop
         vertex -0.6950 10.9000 3.5500
         vertex 3.8603 10.9000 3.5000
         vertex -5.4719 10.9000 3.5500
      endloop
   endfacet
   facet normal 0.0000 1.0000 0.0000
      outer loop
         vertex -5.4719 10.9000 3.5500
         vertex 3.8603 10.9000 3.5000
         vertex -7.0000 10.9000 3.5000
      endloop
   endfacet
   facet normal 0.0000 1.0000 0.0000
      outer loop
         vertex -5.7000 10.9000 4.6000
         vertex -7.0000 10.9000 4.3000
         vertex -6.9598 10.9000 4.4500
      endloop
   endfacet
   facet normal 0.0000 1.0000 0.0000
      outer loop
         vertex -5.7000 10.9000 4.6000
         vertex -6.9598 10.9000 4.4500
         vertex -6.8500 10.9000 4.5598
      endloop
   endfacet
   facet normal 0.0000 1.0000 0.0000
      outer loop
         vertex -5.7000 10.9000 4.6000
         vertex -6.8500 10.9000 4.5598
         vertex -6.7000 10.9000 4.6000
      endloop
   endfacet
   facet normal 1.0000 0.0000 0.0000
      outer loop
         vertex 3.3500 4.4000 3.5000
         vertex 3.3500 4.4000 3.7000
         vertex 3.3500 2.4000 3.7000
      endloop
   endfacet
   facet normal 1.0000 0.0000 0.0000
      outer loop
         vertex 3.3500 4.4000 3.5000
         vertex 3.3500 2.4000 3.7000
         vertex 3.3500 2.4000 3.5000
      endloop
   endfacet
   facet normal 0.0000 0.0000 -1.0000
      outer loop
         vertex -0.2500 12.3457 6.2000
         vertex -0.2500 12.3427 6.2000
         vertex -5.7000 10.9000 6.2000
      endloop
   endfacet
   facet normal 0.0000 0.0000 -1.0000
      outer loop
         vertex -5.7000 10.9000 6.2000
         vertex -0.2500 12.3427 6.2000
         vertex -0.2500 11.7500 6.2000
      endloop
   endfacet
   facet normal 0.0000 0.0000 -1.0000
      outer loop
         vertex -5.7000 10.9000 6.2000
         vertex -0.2500 11.7500 6.2000
         vertex 3.8603 10.9000 6.2000
      endloop
   endfacet
   facet normal 0.0000 0.0000 -1.0000
      outer loop
         vertex 3.8603 10.9000 6.2000
         vertex -0.2500 11.7500 6.2000
         vertex 2.8473 11.7500 6.2000
      endloop
   endfacet
   facet normal 0.0000 0.0000 -1.0000
      outer loop
         vertex -5.7000 10.9000 6.2000
         vertex -5.7000 12.5500 6.2000
         vertex -0.2500 12.5500 6.2000
      endloop
   endfacet
   facet normal 0.0000 0.0000 -1.0000
      outer loop
         vertex -5.7000 10.9000 6.2000
         vertex -0.2500 12.5500 6.2000
         vertex -0.2500 12.3457 6.2000
      endloop
   endfacet
   facet normal 1.0000 0.0000 0.0000
      outer loop
         vertex -5.7000 10.9000 6.2000
         vertex -5.7000 10.9000 4.6000
         vertex -5.7000 12.5500 4.6000
      endloop
   endfacet
   facet normal 1.0000 0.0000 0.0000
      outer loop
         vertex -5.7000 10.9000 6.2000
         vertex -5.7000 12.5500 4.6000
         vertex -5.7000 12.5500 6.2000
      endloop
   endfacet
   facet normal 0.0000 0.0000 1.0000
      outer loop
         vertex -5.2950 11.0769 6.1500
         vertex -5.4719 10.9000 6.1500
         vertex -0.6950 10.9000 6.1500
      endloop
   endfacet
   facet normal 0.0000 0.0000 1.0000
      outer loop
         vertex -5.2950 11.0769 6.1500
         vertex -0.6950 10.9000 6.1500
         vertex -0.6950 11.0000 6.1500
      endloop
   endfacet
   facet normal 0.0000 0.0000 1.0000
      outer loop
         vertex -5.2950 11.0769 6.1500
         vertex -0.6950 11.0000 6.1500
         vertex 3.8426 11.0000 6.1500
      endloop
   endfacet
   facet normal 0.0000 0.0000 1.0000
      outer loop
         vertex -5.2950 11.0769 6.1500
         vertex 3.8426 11.0000 6.1500
         vertex 1.7570 12.7500 6.1500
      endloop
   endfacet
   facet normal 0.0000 0.0000 1.0000
      outer loop
         vertex -5.2950 11.0769 6.1500
         vertex 1.7570 12.7500 6.1500
         vertex -1.9000 12.7500 6.1500
      endloop
   endfacet
   facet normal 0.0000 0.0000 1.0000
      outer loop
         vertex -5.2950 11.0769 6.1500
         vertex -1.9000 12.7500 6.1500
         vertex -2.1419 12.7203 6.1500
      endloop
   endfacet
   facet normal 0.0000 0.0000 1.0000
      outer loop
         vertex -5.2950 11.0769 6.1500
         vertex -2.1419 12.7203 6.1500
         vertex -2.3695 12.6329 6.1500
      endloop
   endfacet
   facet normal 0.0000 0.0000 1.0000
      outer loop
         vertex -5.2950 11.0769 6.1500
         vertex -2.3695 12.6329 6.1500
         vertex -5.2706 11.0904 6.1500
      endloop
   endfacet
   facet normal -0.6385 0.7696 0.0000
      outer loop
         vertex -5.4719 10.9000 6.1500
         vertex -5.2950 11.0769 6.1500
         vertex -5.2950 11.0769 3.5500
      endloop
   endfacet
   facet normal -0.6737 0.7390 0.0000
      outer loop
         vertex -5.4719 10.9000 6.1500
         vertex -5.2950 11.0769 3.5500
         vertex -5.4719 10.9000 3.5500
      endloop
   endfacet
   facet normal -0.5247 0.8513 0.0000
      outer loop
         vertex -5.2706 11.0904 6.1500
         vertex -5.2706 11.0904 3.5500
         vertex -5.2950 11.0769 3.5500
      endloop
   endfacet
   facet normal -0.5638 0.8259 0.0000
      outer loop
         vertex -5.2706 11.0904 6.1500
         vertex -5.2950 11.0769 3.5500
         vertex -5.2950 11.0769 6.1500
      endloop
   endfacet
   facet normal -0.4695 0.8829 0.0000
      outer loop
         vertex -5.2706 11.0904 3.5500
         vertex -5.2706 11.0904 6.1500
         vertex -2.3695 12.6329 6.1500
      endloop
   endfacet
   facet normal -0.4695 0.8829 0.0000
      outer loop
         vertex -5.2706 11.0904 3.5500
         vertex -2.3695 12.6329 6.1500
         vertex -2.3695 12.6329 3.5500
      endloop
   endfacet
   facet normal 1.0000 0.0000 0.0000
      outer loop
         vertex -0.6950 10.9000 3.5500
         vertex -0.6950 11.0000 3.5500
         vertex -0.6950 11.0000 6.1500
      endloop
   endfacet
   facet normal 1.0000 0.0000 0.0000
      outer loop
         vertex -0.6950 10.9000 3.5500
         vertex -0.6950 11.0000 6.1500
         vertex -0.6950 10.9000 6.1500
      endloop
   endfacet
   facet normal 0.4210 0.0000 -0.9071
      outer loop
         vertex -6.8500 10.9000 4.5598
         vertex -6.8500 12.5500 4.5598
         vertex -6.7000 12.5500 4.6000
      endloop
   endfacet
   facet normal 0.3399 0.0000 -0.9405
      outer loop
         vertex -6.8500 10.9000 4.5598
         vertex -6.7000 12.5500 4.6000
         vertex -6.7000 10.9000 4.6000
      endloop
   endfacet
   facet normal 0.0000 0.0000 -1.0000
      outer loop
         vertex -0.6950 11.0000 3.5500
         vertex -0.6950 10.9000 3.5500
         vertex -5.4719 10.9000 3.5500
      endloop
   endfacet
   facet normal 0.0000 0.0000 -1.0000
      outer loop
         vertex -0.6950 11.0000 3.5500
         vertex -5.4719 10.9000 3.5500
         vertex -5.2950 11.0769 3.5500
      endloop
   endfacet
   facet normal 0.0000 0.0000 -1.0000
      outer loop
         vertex -0.6950 11.0000 3.5500
         vertex -5.2950 11.0769 3.5500
         vertex -5.2706 11.0904 3.5500
      endloop
   endfacet
   facet normal 0.0000 0.0000 -1.0000
      outer loop
         vertex -0.6950 11.0000 3.5500
         vertex -5.2706 11.0904 3.5500
         vertex -2.3695 12.6329 3.5500
      endloop
   endfacet
   facet normal 0.0000 0.0000 -1.0000
      outer loop
         vertex -0.6950 11.0000 3.5500
         vertex -2.3695 12.6329 3.5500
         vertex -2.1419 12.7203 3.5500
      endloop
   endfacet
   facet normal 0.0000 0.0000 -1.0000
      outer loop
         vertex -0.6950 11.0000 3.5500
         vertex -2.1419 12.7203 3.5500
         vertex -1.9000 12.7500 3.5500
      endloop
   endfacet
   facet normal 0.0000 0.0000 -1.0000
      outer loop
         vertex -0.6950 11.0000 3.5500
         vertex -1.9000 12.7500 3.5500
         vertex 1.7570 12.7500 3.5500
      endloop
   endfacet
   facet normal 0.0000 0.0000 -1.0000
      outer loop
         vertex -0.6950 11.0000 3.5500
         vertex 1.7570 12.7500 3.5500
         vertex 3.8426 11.0000 3.5500
      endloop
   endfacet
   facet normal -0.9405 -0.3399 0.0000
      outer loop
         vertex -7.9701 12.0750 3.5000
         vertex -7.9500 12.0000 3.5000
         vertex -7.9500 12.0000 6.3500
      endloop
   endfacet
   facet normal -0.9071 -0.4210 0.0000
      outer loop
         vertex -7.9701 12.0750 3.5000
         vertex -7.9500 12.0000 6.3500
         vertex -7.9701 12.0750 6.3500
      endloop
   endfacet
   facet normal -0.4210 -0.9071 0.0000
      outer loop
         vertex -8.1000 12.1500 3.5000
         vertex -8.0250 12.1299 3.5000
         vertex -8.0250 12.1299 6.3500
      endloop
   endfacet
   facet normal -0.3399 -0.9405 0.0000
      outer loop
         vertex -8.1000 12.1500 3.5000
         vertex -8.0250 12.1299 6.3500
         vertex -8.1000 12.1500 6.3500
      endloop
   endfacet
   facet normal -0.4210 -0.9071 0.0000
      outer loop
         vertex 4.6000 1.2000 3.5000
         vertex 4.6750 1.1799 3.5000
         vertex 4.6750 1.1799 6.3500
      endloop
   endfacet
   facet normal -0.3399 -0.9405 0.0000
      outer loop
         vertex 4.6000 1.2000 3.5000
         vertex 4.6750 1.1799 6.3500
         vertex 4.6000 1.2000 6.3500
      endloop
   endfacet
   facet normal -0.7672 -0.6414 0.0000
      outer loop
         vertex 4.6750 1.1799 3.5000
         vertex 4.7299 1.1250 3.5000
         vertex 4.7299 1.1250 6.3500
      endloop
   endfacet
   facet normal -0.6414 -0.7672 0.0000
      outer loop
         vertex 4.6750 1.1799 3.5000
         vertex 4.7299 1.1250 6.3500
         vertex 4.6750 1.1799 6.3500
      endloop
   endfacet
   facet normal -0.9405 -0.3399 0.0000
      outer loop
         vertex 4.7299 1.1250 3.5000
         vertex 4.7500 1.0500 3.5000
         vertex 4.7500 1.0500 6.3500
      endloop
   endfacet
   facet normal -0.9071 -0.4210 0.0000
      outer loop
         vertex 4.7299 1.1250 3.5000
         vertex 4.7500 1.0500 6.3500
         vertex 4.7299 1.1250 6.3500
      endloop
   endfacet
   facet normal 0.0000 -1.0000 0.0000
      outer loop
         vertex 5.3500 5.2000 2.5000
         vertex 3.3500 5.2000 2.5000
         vertex 3.3500 5.2000 2.4000
      endloop
   endfacet
   facet normal 0.0000 -1.0000 0.0000
      outer loop
         vertex 5.3500 5.2000 2.5000
         vertex 3.3500 5.2000 2.4000
         vertex 5.3500 5.2000 2.4000
      endloop
   endfacet
   facet normal 0.0000 -1.0000 0.0000
      outer loop
         vertex 3.3500 5.2000 0.8000
         vertex 5.3500 5.2000 0.8000
         vertex 5.3500 5.2000 0.9000
      endloop
   endfacet
   facet normal 0.0000 -1.0000 0.0000
      outer loop
         vertex 3.3500 5.2000 0.8000
         vertex 5.3500 5.2000 0.9000
         vertex 3.3500 5.2000 0.9000
      endloop
   endfacet
   facet normal 0.0000 -0.3399 -0.9405
      outer loop
         vertex 3.3500 5.3500 2.2500
         vertex 5.3500 5.3500 2.2500
         vertex 5.3500 5.2750 2.2701
      endloop
   endfacet
   facet normal 0.0000 -0.4210 -0.9071
      outer loop
         vertex 3.3500 5.3500 2.2500
         vertex 5.3500 5.2750 2.2701
         vertex 3.3500 5.2750 2.2701
      endloop
   endfacet
   facet normal 0.0000 0.0000 -1.0000
      outer loop
         vertex 3.3500 6.4000 2.2500
         vertex 5.3500 6.4000 2.2500
         vertex 5.3500 5.3500 2.2500
      endloop
   endfacet
   facet normal 0.0000 0.0000 -1.0000
      outer loop
         vertex 3.3500 6.4000 2.2500
         vertex 5.3500 5.3500 2.2500
         vertex 3.3500 5.3500 2.2500
      endloop
   endfacet
   facet normal 0.0000 -0.9071 -0.4210
      outer loop
         vertex 3.3500 5.2201 2.3250
         vertex 5.3500 5.2201 2.3250
         vertex 5.3500 5.2000 2.4000
      endloop
   endfacet
   facet normal 0.0000 -0.9405 -0.3399
      outer loop
         vertex 3.3500 5.2201 2.3250
         vertex 5.3500 5.2000 2.4000
         vertex 3.3500 5.2000 2.4000
      endloop
   endfacet
   facet normal 0.0000 -0.7672 -0.6414
      outer loop
         vertex 5.3500 5.2201 2.3250
         vertex 3.3500 5.2201 2.3250
         vertex 3.3500 5.2750 2.2701
      endloop
   endfacet
   facet normal 0.0000 -0.6414 -0.7672
      outer loop
         vertex 5.3500 5.2201 2.3250
         vertex 3.3500 5.2750 2.2701
         vertex 5.3500 5.2750 2.2701
      endloop
   endfacet
   facet normal 0.0000 -0.4210 -0.9071
      outer loop
         vertex 3.3500 6.5500 2.2098
         vertex 5.3500 6.5500 2.2098
         vertex 5.3500 6.4000 2.2500
      endloop
   endfacet
   facet normal 0.0000 -0.3399 -0.9405
      outer loop
         vertex 3.3500 6.5500 2.2098
         vertex 5.3500 6.4000 2.2500
         vertex 3.3500 6.4000 2.2500
      endloop
   endfacet
   facet normal 0.0000 -0.6414 -0.7672
      outer loop
         vertex 5.3500 6.5500 2.2098
         vertex 3.3500 6.5500 2.2098
         vertex 3.3500 6.6598 2.1000
      endloop
   endfacet
   facet normal 0.0000 -0.7672 -0.6414
      outer loop
         vertex 5.3500 6.5500 2.2098
         vertex 3.3500 6.6598 2.1000
         vertex 5.3500 6.6598 2.1000
      endloop
   endfacet
   facet normal 0.0000 -0.9405 -0.3399
      outer loop
         vertex 3.3500 6.7000 1.9500
         vertex 5.3500 6.7000 1.9500
         vertex 5.3500 6.6598 2.1000
      endloop
   endfacet
   facet normal 0.0000 -0.9071 -0.4210
      outer loop
         vertex 3.3500 6.7000 1.9500
         vertex 5.3500 6.6598 2.1000
         vertex 3.3500 6.6598 2.1000
      endloop
   endfacet
   facet normal 0.0000 -1.0000 0.0000
      outer loop
         vertex 5.3500 6.7000 1.9500
         vertex 3.3500 6.7000 1.9500
         vertex 3.3500 6.7000 1.3500
      endloop
   endfacet
   facet normal 0.0000 -1.0000 0.0000
      outer loop
         vertex 5.3500 6.7000 1.9500
         vertex 3.3500 6.7000 1.3500
         vertex 5.3500 6.7000 1.3500
      endloop
   endfacet
   facet normal 0.0000 0.0000 1.0000
      outer loop
         vertex 5.3500 6.4000 1.0500
         vertex 3.3500 6.4000 1.0500
         vertex 3.3500 5.3500 1.0500
      endloop
   endfacet
   facet normal 0.0000 0.0000 1.0000
      outer loop
         vertex 5.3500 6.4000 1.0500
         vertex 3.3500 5.3500 1.0500
         vertex 5.3500 5.3500 1.0500
      endloop
   endfacet
   facet normal 0.0000 -0.4210 0.9071
      outer loop
         vertex 3.3500 5.2750 1.0299
         vertex 5.3500 5.2750 1.0299
         vertex 5.3500 5.3500 1.0500
      endloop
   endfacet
   facet normal 0.0000 -0.3399 0.9405
      outer loop
         vertex 3.3500 5.2750 1.0299
         vertex 5.3500 5.3500 1.0500
         vertex 3.3500 5.3500 1.0500
      endloop
   endfacet
   facet normal 0.0000 -0.6414 0.7672
      outer loop
         vertex 5.3500 5.2750 1.0299
         vertex 3.3500 5.2750 1.0299
         vertex 3.3500 5.2201 0.9750
      endloop
   endfacet
   facet normal 0.0000 -0.7672 0.6414
      outer loop
         vertex 5.3500 5.2750 1.0299
         vertex 3.3500 5.2201 0.9750
         vertex 5.3500 5.2201 0.9750
      endloop
   endfacet
   facet normal 0.0000 -0.9405 0.3399
      outer loop
         vertex 3.3500 5.2000 0.9000
         vertex 5.3500 5.2000 0.9000
         vertex 5.3500 5.2201 0.9750
      endloop
   endfacet
   facet normal 0.0000 -0.9071 0.4210
      outer loop
         vertex 3.3500 5.2000 0.9000
         vertex 5.3500 5.2201 0.9750
         vertex 3.3500 5.2201 0.9750
      endloop
   endfacet
   facet normal 0.0000 -0.9405 0.3399
      outer loop
         vertex 5.3500 6.7000 1.3500
         vertex 3.3500 6.7000 1.3500
         vertex 3.3500 6.6598 1.2000
      endloop
   endfacet
   facet normal 0.0000 -0.9071 0.4210
      outer loop
         vertex 5.3500 6.7000 1.3500
         vertex 3.3500 6.6598 1.2000
         vertex 5.3500 6.6598 1.2000
      endloop
   endfacet
   facet normal 0.0000 -0.6414 0.7672
      outer loop
         vertex 3.3500 6.5500 1.0902
         vertex 5.3500 6.5500 1.0902
         vertex 5.3500 6.6598 1.2000
      endloop
   endfacet
   facet normal 0.0000 -0.7672 0.6414
      outer loop
         vertex 3.3500 6.5500 1.0902
         vertex 5.3500 6.6598 1.2000
         vertex 3.3500 6.6598 1.2000
      endloop
   endfacet
   facet normal 0.0000 -0.3399 0.9405
      outer loop
         vertex 3.3500 6.4000 1.0500
         vertex 5.3500 6.4000 1.0500
         vertex 5.3500 6.5500 1.0902
      endloop
   endfacet
   facet normal 0.0000 -0.4210 0.9071
      outer loop
         vertex 3.3500 6.4000 1.0500
         vertex 5.3500 6.5500 1.0902
         vertex 3.3500 6.5500 1.0902
      endloop
   endfacet
   facet normal 0.0000 -0.9405 -0.3399
      outer loop
         vertex 3.3500 5.2000 2.5000
         vertex 5.3500 5.2000 2.5000
         vertex 5.3500 5.1196 2.8000
      endloop
   endfacet
   facet normal 0.0000 -0.9071 -0.4210
      outer loop
         vertex 3.3500 5.2000 2.5000
         vertex 5.3500 5.1196 2.8000
         vertex 3.3500 5.1196 2.8000
      endloop
   endfacet
   facet normal 0.0000 -0.9405 0.3399
      outer loop
         vertex 5.3500 5.2000 0.8000
         vertex 3.3500 5.2000 0.8000
         vertex 3.3500 5.1196 0.5000
      endloop
   endfacet
   facet normal 0.0000 -0.9071 0.4210
      outer loop
         vertex 5.3500 5.2000 0.8000
         vertex 3.3500 5.1196 0.5000
         vertex 5.3500 5.1196 0.5000
      endloop
   endfacet
   facet normal 0.0000 -0.7672 0.6414
      outer loop
         vertex 5.3500 5.1196 0.5000
         vertex 3.3500 5.1196 0.5000
         vertex 3.3500 4.9000 0.2804
      endloop
   endfacet
   facet normal 0.0000 -0.6414 0.7672
      outer loop
         vertex 5.3500 5.1196 0.5000
         vertex 3.3500 4.9000 0.2804
         vertex 5.3500 4.9000 0.2804
      endloop
   endfacet
   facet normal 0.0000 -0.3399 0.9405
      outer loop
         vertex 3.3500 4.6000 0.2000
         vertex 5.3500 4.6000 0.2000
         vertex 5.3500 4.9000 0.2804
      endloop
   endfacet
   facet normal 0.0000 -0.4210 0.9071
      outer loop
         vertex 3.3500 4.6000 0.2000
         vertex 5.3500 4.9000 0.2804
         vertex 3.3500 4.9000 0.2804
      endloop
   endfacet
   facet normal 0.3714 -0.9285 0.0000
      outer loop
         vertex 5.3500 4.6000 0.2000
         vertex 4.8500 4.4000 0.2000
         vertex 4.8500 4.4000 0.0000
      endloop
   endfacet
   facet normal 0.3714 -0.9285 0.0000
      outer loop
         vertex 5.3500 4.6000 0.2000
         vertex 4.8500 4.4000 0.0000
         vertex 5.2500 4.5600 0.0000
      endloop
   endfacet
   facet normal 0.3714 -0.9285 0.0000
      outer loop
         vertex 5.3500 4.6000 0.2000
         vertex 5.2500 4.5600 0.0000
         vertex 5.3500 4.6000 0.0000
      endloop
   endfacet
   facet normal 0.0000 -1.0000 0.0000
      outer loop
         vertex 4.8500 4.4000 0.0000
         vertex 4.8500 4.4000 0.2000
         vertex 3.3500 4.4000 0.2000
      endloop
   endfacet
   facet normal 0.0000 -1.0000 0.0000
      outer loop
         vertex 4.8500 4.4000 0.0000
         vertex 3.3500 4.4000 0.2000
         vertex 3.3500 4.4000 0.0000
      endloop
   endfacet
   facet normal 0.0000 0.0000 1.0000
      outer loop
         vertex 3.3500 2.2000 0.2000
         vertex 5.3500 2.2000 0.2000
         vertex 4.8500 2.4000 0.2000
      endloop
   endfacet
   facet normal 0.0000 0.0000 1.0000
      outer loop
         vertex 3.3500 2.2000 0.2000
         vertex 4.8500 2.4000 0.2000
         vertex 3.3500 2.4000 0.2000
      endloop
   endfacet
   facet normal 0.0000 0.0000 1.0000
      outer loop
         vertex 3.3500 4.4000 0.2000
         vertex 4.8500 4.4000 0.2000
         vertex 5.3500 4.6000 0.2000
      endloop
   endfacet
   facet normal 0.0000 0.0000 1.0000
      outer loop
         vertex 3.3500 4.4000 0.2000
         vertex 5.3500 4.6000 0.2000
         vertex 3.3500 4.6000 0.2000
      endloop
   endfacet
   facet normal 0.0000 1.0000 0.0000
      outer loop
         vertex 4.8500 2.4000 0.0000
         vertex 3.3500 2.4000 0.0000
         vertex 3.3500 2.4000 0.2000
      endloop
   endfacet
   facet normal 0.0000 1.0000 0.0000
      outer loop
         vertex 4.8500 2.4000 0.0000
         vertex 3.3500 2.4000 0.2000
         vertex 4.8500 2.4000 0.2000
      endloop
   endfacet
   facet normal 0.3714 0.9285 0.0000
      outer loop
         vertex 5.2500 2.2400 0.0000
         vertex 4.8500 2.4000 0.0000
         vertex 4.8500 2.4000 0.2000
      endloop
   endfacet
   facet normal 0.3714 0.9285 0.0000
      outer loop
         vertex 5.2500 2.2400 0.0000
         vertex 4.8500 2.4000 0.2000
         vertex 5.3500 2.2000 0.2000
      endloop
   endfacet
   facet normal 0.3714 0.9285 0.0000
      outer loop
         vertex 5.2500 2.2400 0.0000
         vertex 5.3500 2.2000 0.2000
         vertex 5.3500 2.2000 0.0000
      endloop
   endfacet
   facet normal 0.0000 0.3399 0.9405
      outer loop
         vertex 5.3500 2.2000 0.2000
         vertex 3.3500 2.2000 0.2000
         vertex 3.3500 1.9000 0.2804
      endloop
   endfacet
   facet normal 0.0000 0.4210 0.9071
      outer loop
         vertex 5.3500 2.2000 0.2000
         vertex 3.3500 1.9000 0.2804
         vertex 5.3500 1.9000 0.2804
      endloop
   endfacet
   facet normal 0.0000 0.6414 0.7672
      outer loop
         vertex 5.3500 1.9000 0.2804
         vertex 3.3500 1.9000 0.2804
         vertex 3.3500 1.6804 0.5000
      endloop
   endfacet
   facet normal 0.0000 0.7672 0.6414
      outer loop
         vertex 5.3500 1.9000 0.2804
         vertex 3.3500 1.6804 0.5000
         vertex 5.3500 1.6804 0.5000
      endloop
   endfacet
   facet normal 0.0000 0.9405 0.3399
      outer loop
         vertex 3.3500 1.6000 0.8000
         vertex 5.3500 1.6000 0.8000
         vertex 5.3500 1.6804 0.5000
      endloop
   endfacet
   facet normal 0.0000 0.9071 0.4210
      outer loop
         vertex 3.3500 1.6000 0.8000
         vertex 5.3500 1.6804 0.5000
         vertex 3.3500 1.6804 0.5000
      endloop
   endfacet
   facet normal 0.0000 1.0000 0.0000
      outer loop
         vertex 3.3500 1.6000 2.5000
         vertex 5.3500 1.6000 2.5000
         vertex 5.3500 1.6000 0.8000
      endloop
   endfacet
   facet normal 0.0000 1.0000 0.0000
      outer loop
         vertex 3.3500 1.6000 2.5000
         vertex 5.3500 1.6000 0.8000
         vertex 3.3500 1.6000 0.8000
      endloop
   endfacet
   facet normal 0.0000 0.9405 -0.3399
      outer loop
         vertex 5.3500 1.6000 2.5000
         vertex 3.3500 1.6000 2.5000
         vertex 3.3500 1.6804 2.8000
      endloop
   endfacet
   facet normal 0.0000 0.9071 -0.4210
      outer loop
         vertex 5.3500 1.6000 2.5000
         vertex 3.3500 1.6804 2.8000
         vertex 5.3500 1.6804 2.8000
      endloop
   endfacet
   facet normal 0.7672 0.0000 -0.6414
      outer loop
         vertex -6.9598 10.9000 0.9500
         vertex -6.9598 12.5500 0.9500
         vertex -6.8500 12.5500 1.0598
      endloop
   endfacet
   facet normal 0.6414 0.0000 -0.7672
      outer loop
         vertex -6.9598 10.9000 0.9500
         vertex -6.8500 12.5500 1.0598
         vertex -6.8500 10.9000 1.0598
      endloop
   endfacet
   facet normal 0.9071 0.0000 -0.4210
      outer loop
         vertex -6.9598 12.5500 0.9500
         vertex -6.9598 10.9000 0.9500
         vertex -7.0000 10.9000 0.8000
      endloop
   endfacet
   facet normal 0.9405 0.0000 -0.3399
      outer loop
         vertex -6.9598 12.5500 0.9500
         vertex -7.0000 10.9000 0.8000
         vertex -7.0000 12.5500 0.8000
      endloop
   endfacet
   facet normal 1.0000 0.0000 0.0000
      outer loop
         vertex -7.0000 12.5500 0.8000
         vertex -7.0000 10.9000 0.8000
         vertex -7.0000 10.9000 0.0000
      endloop
   endfacet
   facet normal 1.0000 0.0000 0.0000
      outer loop
         vertex -7.0000 12.5500 0.8000
         vertex -7.0000 10.9000 0.0000
         vertex -7.0000 12.5500 0.0000
      endloop
   endfacet
   facet normal -0.7672 -0.6414 0.0000
      outer loop
         vertex -8.0250 12.1299 0.0000
         vertex -7.9701 12.0750 0.0000
         vertex -7.9701 12.0750 2.8500
      endloop
   endfacet
   facet normal -0.6414 -0.7672 0.0000
      outer loop
         vertex -8.0250 12.1299 0.0000
         vertex -7.9701 12.0750 2.8500
         vertex -8.0250 12.1299 2.8500
      endloop
   endfacet
   facet normal 0.0000 1.0000 0.0000
      outer loop
         vertex -7.0000 10.9000 0.0000
         vertex -7.0000 10.9000 0.8000
         vertex -5.4719 10.9000 0.0500
      endloop
   endfacet
   facet normal 0.0000 1.0000 0.0000
      outer loop
         vertex -5.4719 10.9000 0.0500
         vertex -7.0000 10.9000 0.8000
         vertex -5.7000 10.9000 1.1000
      endloop
   endfacet
   facet normal 0.0000 1.0000 0.0000
      outer loop
         vertex -5.4719 10.9000 0.0500
         vertex -5.7000 10.9000 1.1000
         vertex -5.4719 10.9000 2.6500
      endloop
   endfacet
   facet normal 0.0000 1.0000 0.0000
      outer loop
         vertex -5.4719 10.9000 2.6500
         vertex -5.7000 10.9000 1.1000
         vertex -5.7000 10.9000 2.7000
      endloop
   endfacet
   facet normal 0.0000 1.0000 0.0000
      outer loop
         vertex -5.4719 10.9000 2.6500
         vertex -5.7000 10.9000 2.7000
         vertex -0.6950 10.9000 2.6500
      endloop
   endfacet
   facet normal 0.0000 1.0000 0.0000
      outer loop
         vertex -0.6950 10.9000 2.6500
         vertex -5.7000 10.9000 2.7000
         vertex 3.8603 10.9000 2.7000
      endloop
   endfacet
   facet normal 0.0000 1.0000 0.0000
      outer loop
         vertex -0.6950 10.9000 2.6500
         vertex 3.8603 10.9000 2.7000
         vertex -0.6950 10.9000 0.0500
      endloop
   endfacet
   facet normal 0.0000 1.0000 0.0000
      outer loop
         vertex -0.6950 10.9000 0.0500
         vertex 3.8603 10.9000 2.7000
         vertex 3.8603 10.9000 0.0000
      endloop
   endfacet
   facet normal 0.0000 1.0000 0.0000
      outer loop
         vertex -0.6950 10.9000 0.0500
         vertex 3.8603 10.9000 0.0000
         vertex -5.4719 10.9000 0.0500
      endloop
   endfacet
   facet normal 0.0000 1.0000 0.0000
      outer loop
         vertex -5.4719 10.9000 0.0500
         vertex 3.8603 10.9000 0.0000
         vertex 3.7007 10.9000 0.0000
      endloop
   endfacet
   facet normal 0.0000 1.0000 0.0000
      outer loop
         vertex -5.4719 10.9000 0.0500
         vertex 3.7007 10.9000 0.0000
         vertex -7.0000 10.9000 0.0000
      endloop
   endfacet
   facet normal 0.0000 1.0000 0.0000
      outer loop
         vertex -5.7000 10.9000 1.1000
         vertex -7.0000 10.9000 0.8000
         vertex -6.9598 10.9000 0.9500
      endloop
   endfacet
   facet normal 0.0000 1.0000 0.0000
      outer loop
         vertex -5.7000 10.9000 1.1000
         vertex -6.9598 10.9000 0.9500
         vertex -6.8500 10.9000 1.0598
      endloop
   endfacet
   facet normal 0.0000 1.0000 0.0000
      outer loop
         vertex -5.7000 10.9000 1.1000
         vertex -6.8500 10.9000 1.0598
         vertex -6.7000 10.9000 1.1000
      endloop
   endfacet
   facet normal 1.0000 0.0000 0.0000
      outer loop
         vertex 3.3500 4.4000 0.0000
         vertex 3.3500 4.4000 0.2000
         vertex 3.3500 2.4000 0.2000
      endloop
   endfacet
   facet normal 1.0000 0.0000 0.0000
      outer loop
         vertex 3.3500 4.4000 0.0000
         vertex 3.3500 2.4000 0.2000
         vertex 3.3500 2.4000 0.0000
      endloop
   endfacet
   facet normal 0.0000 0.0000 -1.0000
      outer loop
         vertex -5.7000 12.5500 1.1000
         vertex -5.7000 10.9000 1.1000
         vertex -6.7000 10.9000 1.1000
      endloop
   endfacet
   facet normal 0.0000 0.0000 -1.0000
      outer loop
         vertex -5.7000 12.5500 1.1000
         vertex -6.7000 10.9000 1.1000
         vertex -6.7000 12.5500 1.1000
      endloop
   endfacet
   facet normal 0.0000 0.0000 -1.0000
      outer loop
         vertex -0.2500 12.3457 2.7000
         vertex -0.2500 12.3427 2.7000
         vertex -5.7000 10.9000 2.7000
      endloop
   endfacet
   facet normal 0.0000 0.0000 -1.0000
      outer loop
         vertex -5.7000 10.9000 2.7000
         vertex -0.2500 12.3427 2.7000
         vertex -0.2500 11.7500 2.7000
      endloop
   endfacet
   facet normal 0.0000 0.0000 -1.0000
      outer loop
         vertex -5.7000 10.9000 2.7000
         vertex -0.2500 11.7500 2.7000
         vertex 3.8603 10.9000 2.7000
      endloop
   endfacet
   facet normal 0.0000 0.0000 -1.0000
      outer loop
         vertex 3.8603 10.9000 2.7000
         vertex -0.2500 11.7500 2.7000
         vertex 2.8473 11.7500 2.7000
      endloop
   endfacet
   facet normal 0.0000 0.0000 -1.0000
      outer loop
         vertex -5.7000 10.9000 2.7000
         vertex -5.7000 12.5500 2.7000
         vertex -0.2500 12.5500 2.7000
      endloop
   endfacet
   facet normal 0.0000 0.0000 -1.0000
      outer loop
         vertex -5.7000 10.9000 2.7000
         vertex -0.2500 12.5500 2.7000
         vertex -0.2500 12.3457 2.7000
      endloop
   endfacet
   facet normal 1.0000 0.0000 0.0000
      outer loop
         vertex -5.7000 10.9000 2.7000
         vertex -5.7000 10.9000 1.1000
         vertex -5.7000 12.5500 1.1000
      endloop
   endfacet
   facet normal 1.0000 0.0000 0.0000
      outer loop
         vertex -5.7000 10.9000 2.7000
         vertex -5.7000 12.5500 1.1000
         vertex -5.7000 12.5500 2.7000
      endloop
   endfacet
   facet normal 0.0000 0.0000 1.0000
      outer loop
         vertex -5.2950 11.0769 2.6500
         vertex -5.4719 10.9000 2.6500
         vertex -0.6950 10.9000 2.6500
      endloop
   endfacet
   facet normal 0.0000 0.0000 1.0000
      outer loop
         vertex -5.2950 11.0769 2.6500
         vertex -0.6950 10.9000 2.6500
         vertex -0.6950 11.0000 2.6500
      endloop
   endfacet
   facet normal 0.0000 0.0000 1.0000
      outer loop
         vertex -5.2950 11.0769 2.6500
         vertex -0.6950 11.0000 2.6500
         vertex 3.8426 11.0000 2.6500
      endloop
   endfacet
   facet normal 0.0000 0.0000 1.0000
      outer loop
         vertex -5.2950 11.0769 2.6500
         vertex 3.8426 11.0000 2.6500
         vertex 1.7570 12.7500 2.6500
      endloop
   endfacet
   facet normal 0.0000 0.0000 1.0000
      outer loop
         vertex -5.2950 11.0769 2.6500
         vertex 1.7570 12.7500 2.6500
         vertex -1.9000 12.7500 2.6500
      endloop
   endfacet
   facet normal 0.0000 0.0000 1.0000
      outer loop
         vertex -5.2950 11.0769 2.6500
         vertex -1.9000 12.7500 2.6500
         vertex -2.1419 12.7203 2.6500
      endloop
   endfacet
   facet normal 0.0000 0.0000 1.0000
      outer loop
         vertex -5.2950 11.0769 2.6500
         vertex -2.1419 12.7203 2.6500
         vertex -2.3695 12.6329 2.6500
      endloop
   endfacet
   facet normal 0.0000 0.0000 1.0000
      outer loop
         vertex -5.2950 11.0769 2.6500
         vertex -2.3695 12.6329 2.6500
         vertex -5.2706 11.0904 2.6500
      endloop
   endfacet
   facet normal -0.6385 0.7696 0.0000
      outer loop
         vertex -5.4719 10.9000 2.6500
         vertex -5.2950 11.0769 2.6500
         vertex -5.2950 11.0769 0.0500
      endloop
   endfacet
   facet normal -0.6737 0.7390 0.0000
      outer loop
         vertex -5.4719 10.9000 2.6500
         vertex -5.2950 11.0769 0.0500
         vertex -5.4719 10.9000 0.0500
      endloop
   endfacet
   facet normal -0.5247 0.8513 0.0000
      outer loop
         vertex -5.2706 11.0904 2.6500
         vertex -5.2706 11.0904 0.0500
         vertex -5.2950 11.0769 0.0500
      endloop
   endfacet
   facet normal -0.5638 0.8259 0.0000
      outer loop
         vertex -5.2706 11.0904 2.6500
         vertex -5.2950 11.0769 0.0500
         vertex -5.2950 11.0769 2.6500
      endloop
   endfacet
   facet normal -0.4695 0.8829 0.0000
      outer loop
         vertex -2.3695 12.6329 2.6500
         vertex -2.3695 12.6329 0.0500
         vertex -5.2706 11.0904 0.0500
      endloop
   endfacet
   facet normal -0.4695 0.8829 0.0000
      outer loop
         vertex -2.3695 12.6329 2.6500
         vertex -5.2706 11.0904 0.0500
         vertex -5.2706 11.0904 2.6500
      endloop
   endfacet
   facet normal 1.0000 0.0000 0.0000
      outer loop
         vertex -0.6950 10.9000 0.0500
         vertex -0.6950 11.0000 0.0500
         vertex -0.6950 11.0000 2.6500
      endloop
   endfacet
   facet normal 1.0000 0.0000 0.0000
      outer loop
         vertex -0.6950 10.9000 0.0500
         vertex -0.6950 11.0000 2.6500
         vertex -0.6950 10.9000 2.6500
      endloop
   endfacet
   facet normal 0.4210 0.0000 -0.9071
      outer loop
         vertex -6.8500 10.9000 1.0598
         vertex -6.8500 12.5500 1.0598
         vertex -6.7000 12.5500 1.1000
      endloop
   endfacet
   facet normal 0.3399 0.0000 -0.9405
      outer loop
         vertex -6.8500 10.9000 1.0598
         vertex -6.7000 12.5500 1.1000
         vertex -6.7000 10.9000 1.1000
      endloop
   endfacet
   facet normal 0.0000 0.0000 -1.0000
      outer loop
         vertex -0.6950 11.0000 0.0500
         vertex -0.6950 10.9000 0.0500
         vertex -5.4719 10.9000 0.0500
      endloop
   endfacet
   facet normal 0.0000 0.0000 -1.0000
      outer loop
         vertex -0.6950 11.0000 0.0500
         vertex -5.4719 10.9000 0.0500
         vertex -5.2950 11.0769 0.0500
      endloop
   endfacet
   facet normal 0.0000 0.0000 -1.0000
      outer loop
         vertex -0.6950 11.0000 0.0500
         vertex -5.2950 11.0769 0.0500
         vertex -5.2706 11.0904 0.0500
      endloop
   endfacet
   facet normal 0.0000 0.0000 -1.0000
      outer loop
         vertex -0.6950 11.0000 0.0500
         vertex -5.2706 11.0904 0.0500
         vertex -2.3695 12.6329 0.0500
      endloop
   endfacet
   facet normal 0.0000 0.0000 -1.0000
      outer loop
         vertex -0.6950 11.0000 0.0500
         vertex -2.3695 12.6329 0.0500
         vertex -2.1419 12.7203 0.0500
      endloop
   endfacet
   facet normal 0.0000 0.0000 -1.0000
      outer loop
         vertex -0.6950 11.0000 0.0500
         vertex -2.1419 12.7203 0.0500
         vertex -1.9000 12.7500 0.0500
      endloop
   endfacet
   facet normal 0.0000 0.0000 -1.0000
      outer loop
         vertex -0.6950 11.0000 0.0500
         vertex -1.9000 12.7500 0.0500
         vertex 1.7570 12.7500 0.0500
      endloop
   endfacet
   facet normal 0.0000 0.0000 -1.0000
      outer loop
         vertex -0.6950 11.0000 0.0500
         vertex 1.7570 12.7500 0.0500
         vertex 3.8426 11.0000 0.0500
      endloop
   endfacet
   facet normal -0.9405 -0.3399 0.0000
      outer loop
         vertex -7.9701 12.0750 0.0000
         vertex -7.9500 12.0000 0.0000
         vertex -7.9500 12.0000 2.8500
      endloop
   endfacet
   facet normal -0.9071 -0.4210 0.0000
      outer loop
         vertex -7.9701 12.0750 0.0000
         vertex -7.9500 12.0000 2.8500
         vertex -7.9701 12.0750 2.8500
      endloop
   endfacet
   facet normal -0.4210 -0.9071 0.0000
      outer loop
         vertex -8.1000 12.1500 0.0000
         vertex -8.0250 12.1299 0.0000
         vertex -8.0250 12.1299 2.8500
      endloop
   endfacet
   facet normal -0.3399 -0.9405 0.0000
      outer loop
         vertex -8.1000 12.1500 0.0000
         vertex -8.0250 12.1299 2.8500
         vertex -8.1000 12.1500 2.8500
      endloop
   endfacet
   facet normal -0.4210 -0.9071 0.0000
      outer loop
         vertex 4.6000 1.2000 0.0000
         vertex 4.6750 1.1799 0.0000
         vertex 4.6750 1.1799 2.8500
      endloop
   endfacet
   facet normal -0.3399 -0.9405 0.0000
      outer loop
         vertex 4.6000 1.2000 0.0000
         vertex 4.6750 1.1799 2.8500
         vertex 4.6000 1.2000 2.8500
      endloop
   endfacet
   facet normal -0.7672 -0.6414 0.0000
      outer loop
         vertex 4.6750 1.1799 0.0000
         vertex 4.7299 1.1250 0.0000
         vertex 4.7299 1.1250 2.8500
      endloop
   endfacet
   facet normal -0.6414 -0.7672 0.0000
      outer loop
         vertex 4.6750 1.1799 0.0000
         vertex 4.7299 1.1250 2.8500
         vertex 4.6750 1.1799 2.8500
      endloop
   endfacet
   facet normal -0.9405 -0.3399 0.0000
      outer loop
         vertex 4.7299 1.1250 0.0000
         vertex 4.7500 1.0500 0.0000
         vertex 4.7500 1.0500 2.8500
      endloop
   endfacet
   facet normal -0.9071 -0.4210 0.0000
      outer loop
         vertex 4.7299 1.1250 0.0000
         vertex 4.7500 1.0500 2.8500
         vertex 4.7299 1.1250 2.8500
      endloop
   endfacet
   facet normal -0.7672 0.6414 0.0000
      outer loop
         vertex -9.0000 12.7098 0.0000
         vertex -9.1098 12.6000 0.0000
         vertex -9.1098 12.6000 7.0000
      endloop
   endfacet
   facet normal -0.6414 0.7672 0.0000
      outer loop
         vertex -9.0000 12.7098 0.0000
         vertex -9.1098 12.6000 7.0000
         vertex -9.0000 12.7098 7.0000
      endloop
   endfacet
   facet normal -0.4210 0.9071 0.0000
      outer loop
         vertex -8.8500 12.7500 0.0000
         vertex -9.0000 12.7098 0.0000
         vertex -9.0000 12.7098 7.0000
      endloop
   endfacet
   facet normal -0.3399 0.9405 0.0000
      outer loop
         vertex -8.8500 12.7500 0.0000
         vertex -9.0000 12.7098 7.0000
         vertex -8.8500 12.7500 7.0000
      endloop
   endfacet
   facet normal 0.0000 1.0000 0.0000
      outer loop
         vertex 1.7570 12.7500 6.4000
         vertex 6.0000 12.7500 6.4000
         vertex 6.7765 12.7500 6.2978
      endloop
   endfacet
   facet normal 0.0000 1.0000 0.0000
      outer loop
         vertex 1.7570 12.7500 6.4000
         vertex 6.7765 12.7500 6.2978
         vertex 7.0274 12.7500 6.2186
      endloop
   endfacet
   facet normal 0.0000 1.0000 0.0000
      outer loop
         vertex 1.7570 12.7500 6.4000
         vertex 7.0274 12.7500 6.2186
         vertex 7.0904 12.7500 6.1892
      endloop
   endfacet
   facet normal 0.0000 1.0000 0.0000
      outer loop
         vertex 1.7570 12.7500 6.4000
         vertex 7.0904 12.7500 6.1892
         vertex 7.1296 12.7500 6.1500
      endloop
   endfacet
   facet normal 0.0000 1.0000 0.0000
      outer loop
         vertex 1.7570 12.7500 6.4000
         vertex 7.1296 12.7500 6.1500
         vertex 1.7570 12.7500 6.1500
      endloop
   endfacet
   facet normal 0.0000 1.0000 0.0000
      outer loop
         vertex 1.7570 12.7500 2.9000
         vertex 6.0000 12.7500 2.9000
         vertex 6.7765 12.7500 2.7978
      endloop
   endfacet
   facet normal 0.0000 1.0000 0.0000
      outer loop
         vertex 1.7570 12.7500 2.9000
         vertex 6.7765 12.7500 2.7978
         vertex 7.0274 12.7500 2.7186
      endloop
   endfacet
   facet normal 0.0000 1.0000 0.0000
      outer loop
         vertex 1.7570 12.7500 2.9000
         vertex 7.0274 12.7500 2.7186
         vertex 7.0904 12.7500 2.6892
      endloop
   endfacet
   facet normal 0.0000 1.0000 0.0000
      outer loop
         vertex 1.7570 12.7500 2.9000
         vertex 7.0904 12.7500 2.6892
         vertex 7.1296 12.7500 2.6500
      endloop
   endfacet
   facet normal 0.0000 1.0000 0.0000
      outer loop
         vertex 1.7570 12.7500 2.9000
         vertex 7.1296 12.7500 2.6500
         vertex 1.7570 12.7500 2.6500
      endloop
   endfacet
   facet normal 0.0000 1.0000 0.0000
      outer loop
         vertex 7.1300 12.7500 6.1496
         vertex 7.1300 12.7500 3.5504
         vertex -1.9000 12.7500 6.1500
      endloop
   endfacet
   facet normal 0.0000 1.0000 0.0000
      outer loop
         vertex 7.1300 12.7500 6.1496
         vertex -1.9000 12.7500 6.1500
         vertex 1.7570 12.7500 6.1500
      endloop
   endfacet
   facet normal 0.0000 1.0000 0.0000
      outer loop
         vertex 7.1300 12.7500 6.1496
         vertex 1.7570 12.7500 6.1500
         vertex 7.1296 12.7500 6.1500
      endloop
   endfacet
   facet normal 0.0000 1.0000 0.0000
      outer loop
         vertex -1.9000 12.7500 6.1500
         vertex 7.1300 12.7500 3.5504
         vertex 7.1296 12.7500 3.5500
      endloop
   endfacet
   facet normal 0.0000 1.0000 0.0000
      outer loop
         vertex -1.9000 12.7500 6.1500
         vertex 7.1296 12.7500 3.5500
         vertex 1.7570 12.7500 3.5500
      endloop
   endfacet
   facet normal 0.0000 1.0000 0.0000
      outer loop
         vertex -1.9000 12.7500 6.1500
         vertex 1.7570 12.7500 3.5500
         vertex -1.9000 12.7500 3.5500
      endloop
   endfacet
   facet normal 0.0000 1.0000 0.0000
      outer loop
         vertex 7.1300 12.7500 2.6496
         vertex 7.1300 12.7500 0.0504
         vertex -1.9000 12.7500 2.6500
      endloop
   endfacet
   facet normal 0.0000 1.0000 0.0000
      outer loop
         vertex 7.1300 12.7500 2.6496
         vertex -1.9000 12.7500 2.6500
         vertex 1.7570 12.7500 2.6500
      endloop
   endfacet
   facet normal 0.0000 1.0000 0.0000
      outer loop
         vertex 7.1300 12.7500 2.6496
         vertex 1.7570 12.7500 2.6500
         vertex 7.1296 12.7500 2.6500
      endloop
   endfacet
   facet normal 0.0000 1.0000 0.0000
      outer loop
         vertex -1.9000 12.7500 2.6500
         vertex 7.1300 12.7500 0.0504
         vertex 7.1296 12.7500 0.0500
      endloop
   endfacet
   facet normal 0.0000 1.0000 0.0000
      outer loop
         vertex -1.9000 12.7500 2.6500
         vertex 7.1296 12.7500 0.0500
         vertex 1.7570 12.7500 0.0500
      endloop
   endfacet
   facet normal 0.0000 1.0000 0.0000
      outer loop
         vertex -1.9000 12.7500 2.6500
         vertex 1.7570 12.7500 0.0500
         vertex -1.9000 12.7500 0.0500
      endloop
   endfacet
   facet normal 0.0000 1.0000 0.0000
      outer loop
         vertex -7.2000 12.7500 3.3000
         vertex -0.2500 12.7500 3.3000
         vertex -0.2500 12.7500 2.9000
      endloop
   endfacet
   facet normal 0.0000 1.0000 0.0000
      outer loop
         vertex -7.2000 12.7500 3.3000
         vertex -0.2500 12.7500 2.9000
         vertex -5.9000 12.7500 2.9000
      endloop
   endfacet
   facet normal 0.0000 1.0000 0.0000
      outer loop
         vertex -7.2000 12.7500 3.3000
         vertex -5.9000 12.7500 2.9000
         vertex -5.9000 12.7500 1.3000
      endloop
   endfacet
   facet normal 0.0000 1.0000 0.0000
      outer loop
         vertex -7.2000 12.7500 3.3000
         vertex -5.9000 12.7500 1.3000
         vertex -6.7000 12.7500 1.3000
      endloop
   endfacet
   facet normal 0.0000 1.0000 0.0000
      outer loop
         vertex -7.2000 12.7500 3.3000
         vertex -6.7000 12.7500 1.3000
         vertex -8.8500 12.7500 7.0000
      endloop
   endfacet
   facet normal 0.0000 1.0000 0.0000
      outer loop
         vertex -7.2000 12.7500 3.3000
         vertex -8.8500 12.7500 7.0000
         vertex -7.2000 12.7500 4.3000
      endloop
   endfacet
   facet normal 0.0000 1.0000 0.0000
      outer loop
         vertex -8.8500 12.7500 7.0000
         vertex -0.2500 12.7500 7.0000
         vertex -0.2500 12.7500 6.4000
      endloop
   endfacet
   facet normal 0.0000 1.0000 0.0000
      outer loop
         vertex -8.8500 12.7500 7.0000
         vertex -0.2500 12.7500 6.4000
         vertex -5.9000 12.7500 6.4000
      endloop
   endfacet
   facet normal 0.0000 1.0000 0.0000
      outer loop
         vertex -8.8500 12.7500 7.0000
         vertex -5.9000 12.7500 6.4000
         vertex -5.9000 12.7500 4.8000
      endloop
   endfacet
   facet normal 0.0000 1.0000 0.0000
      outer loop
         vertex -8.8500 12.7500 7.0000
         vertex -5.9000 12.7500 4.8000
         vertex -6.7000 12.7500 4.8000
      endloop
   endfacet
   facet normal 0.0000 1.0000 0.0000
      outer loop
         vertex -8.8500 12.7500 7.0000
         vertex -6.7000 12.7500 4.8000
         vertex -6.9500 12.7500 4.7330
      endloop
   endfacet
   facet normal 0.0000 1.0000 0.0000
      outer loop
         vertex -8.8500 12.7500 7.0000
         vertex -6.9500 12.7500 4.7330
         vertex -7.1330 12.7500 4.5500
      endloop
   endfacet
   facet normal 0.0000 1.0000 0.0000
      outer loop
         vertex -8.8500 12.7500 7.0000
         vertex -7.1330 12.7500 4.5500
         vertex -7.2000 12.7500 4.3000
      endloop
   endfacet
   facet normal 0.0000 1.0000 0.0000
      outer loop
         vertex -8.8500 12.7500 7.0000
         vertex -6.7000 12.7500 1.3000
         vertex -6.9500 12.7500 1.2330
      endloop
   endfacet
   facet normal 0.0000 1.0000 0.0000
      outer loop
         vertex -8.8500 12.7500 7.0000
         vertex -6.9500 12.7500 1.2330
         vertex -7.1330 12.7500 1.0500
      endloop
   endfacet
   facet normal 0.0000 1.0000 0.0000
      outer loop
         vertex -8.8500 12.7500 7.0000
         vertex -7.1330 12.7500 1.0500
         vertex -7.2000 12.7500 0.8263
      endloop
   endfacet
   facet normal 0.0000 1.0000 0.0000
      outer loop
         vertex -8.8500 12.7500 7.0000
         vertex -7.2000 12.7500 0.8263
         vertex -7.2000 12.7500 0.0000
      endloop
   endfacet
   facet normal 0.0000 1.0000 0.0000
      outer loop
         vertex -8.8500 12.7500 7.0000
         vertex -7.2000 12.7500 0.0000
         vertex -8.8500 12.7500 0.0000
      endloop
   endfacet
   facet normal 0.0000 1.0000 0.0000
      outer loop
         vertex 1.7570 12.7500 3.5500
         vertex 7.1296 12.7500 3.5500
         vertex 7.0904 12.7500 3.5108
      endloop
   endfacet
   facet normal 0.0000 1.0000 0.0000
      outer loop
         vertex 1.7570 12.7500 3.5500
         vertex 7.0904 12.7500 3.5108
         vertex 7.0274 12.7500 3.4814
      endloop
   endfacet
   facet normal 0.0000 1.0000 0.0000
      outer loop
         vertex 1.7570 12.7500 3.5500
         vertex 7.0274 12.7500 3.4814
         vertex 6.7765 12.7500 3.4022
      endloop
   endfacet
   facet normal 0.0000 1.0000 0.0000
      outer loop
         vertex 1.7570 12.7500 3.5500
         vertex 6.7765 12.7500 3.4022
         vertex 6.0000 12.7500 3.3000
      endloop
   endfacet
   facet normal 0.0000 1.0000 0.0000
      outer loop
         vertex 1.7570 12.7500 3.5500
         vertex 6.0000 12.7500 3.3000
         vertex 1.7570 12.7500 3.3000
      endloop
   endfacet
   facet normal 0.0000 1.0000 0.0000
      outer loop
         vertex 7.0904 12.7500 0.0108
         vertex 7.0274 12.7500 -0.0186
         vertex 6.7765 12.7500 -0.0978
      endloop
   endfacet
   facet normal 0.0000 1.0000 0.0000
      outer loop
         vertex 7.0904 12.7500 0.0108
         vertex 6.7765 12.7500 -0.0978
         vertex 6.0000 12.7500 -0.2000
      endloop
   endfacet
   facet normal 0.0000 1.0000 0.0000
      outer loop
         vertex 7.0904 12.7500 0.0108
         vertex 6.0000 12.7500 -0.2000
         vertex 1.7570 12.7500 -0.2000
      endloop
   endfacet
   facet normal 0.0000 1.0000 0.0000
      outer loop
         vertex 7.0904 12.7500 0.0108
         vertex 1.7570 12.7500 -0.2000
         vertex 1.7570 12.7500 0.0500
      endloop
   endfacet
   facet normal 0.0000 1.0000 0.0000
      outer loop
         vertex 7.0904 12.7500 0.0108
         vertex 1.7570 12.7500 0.0500
         vertex 7.1296 12.7500 0.0500
      endloop
   endfacet
   facet normal 0.6428 0.7660 0.0000
      outer loop
         vertex 5.2428 9.7399 7.0000
         vertex 5.2428 9.7399 0.0000
         vertex 3.8603 10.9000 2.7000
      endloop
   endfacet
   facet normal 0.6428 0.7660 0.0000
      outer loop
         vertex 5.2428 9.7399 7.0000
         vertex 3.8603 10.9000 2.7000
         vertex 3.8603 10.9000 3.5000
      endloop
   endfacet
   facet normal 0.6428 0.7660 0.0000
      outer loop
         vertex 5.2428 9.7399 7.0000
         vertex 3.8603 10.9000 3.5000
         vertex 3.8603 10.9000 6.2000
      endloop
   endfacet
   facet normal 0.6428 0.7660 0.0000
      outer loop
         vertex 5.2428 9.7399 7.0000
         vertex 3.8603 10.9000 6.2000
         vertex 2.8473 11.7500 6.2500
      endloop
   endfacet
   facet normal 0.6428 0.7660 0.0000
      outer loop
         vertex 5.2428 9.7399 7.0000
         vertex 2.8473 11.7500 6.2500
         vertex 2.8234 11.7701 6.3250
      endloop
   endfacet
   facet normal 0.6428 0.7660 0.0000
      outer loop
         vertex 5.2428 9.7399 7.0000
         vertex 2.8234 11.7701 6.3250
         vertex 2.7579 11.8250 6.3799
      endloop
   endfacet
   facet normal 0.6428 0.7660 0.0000
      outer loop
         vertex 5.2428 9.7399 7.0000
         vertex 2.7579 11.8250 6.3799
         vertex 2.6686 11.9000 6.4000
      endloop
   endfacet
   facet normal 0.6428 0.7660 0.0000
      outer loop
         vertex 5.2428 9.7399 7.0000
         vertex 2.6686 11.9000 6.4000
         vertex 1.7795 12.6460 6.4050
      endloop
   endfacet
   facet normal 0.6428 0.7660 0.0000
      outer loop
         vertex 5.2428 9.7399 7.0000
         vertex 1.7795 12.6460 6.4050
         vertex 1.7391 12.6799 6.4453
      endloop
   endfacet
   facet normal 0.6428 0.7660 0.0000
      outer loop
         vertex 5.2428 9.7399 7.0000
         vertex 1.7391 12.6799 6.4453
         vertex 1.7152 12.7000 6.5203
      endloop
   endfacet
   facet normal 0.6428 0.7660 0.0000
      outer loop
         vertex 5.2428 9.7399 7.0000
         vertex 1.7152 12.7000 6.5203
         vertex 1.7152 12.7000 6.6797
      endloop
   endfacet
   facet normal 0.6428 0.7660 0.0000
      outer loop
         vertex 5.2428 9.7399 7.0000
         vertex 1.7152 12.7000 6.6797
         vertex 2.6686 11.9000 6.8000
      endloop
   endfacet
   facet normal 0.6428 0.7660 0.0000
      outer loop
         vertex 5.2428 9.7399 7.0000
         vertex 2.6686 11.9000 6.8000
         vertex 2.7579 11.8250 6.8201
      endloop
   endfacet
   facet normal 0.6428 0.7660 0.0000
      outer loop
         vertex 5.2428 9.7399 7.0000
         vertex 2.7579 11.8250 6.8201
         vertex 2.8234 11.7701 6.8750
      endloop
   endfacet
   facet normal 0.6428 0.7660 0.0000
      outer loop
         vertex 5.2428 9.7399 7.0000
         vertex 2.8234 11.7701 6.8750
         vertex 2.8473 11.7500 6.9500
      endloop
   endfacet
   facet normal 0.6428 0.7660 0.0000
      outer loop
         vertex 5.2428 9.7399 7.0000
         vertex 2.8473 11.7500 6.9500
         vertex 2.8473 11.7500 7.0000
      endloop
   endfacet
   facet normal 0.6428 0.7660 0.0000
      outer loop
         vertex 2.3212 12.1915 6.8829
         vertex 2.3263 12.1872 6.8750
         vertex 2.0230 12.4417 6.9652
      endloop
   endfacet
   facet normal 0.6428 0.7660 0.0000
      outer loop
         vertex 2.0230 12.4417 6.9652
         vertex 2.3263 12.1872 6.8750
         vertex 2.3917 12.1323 6.8201
      endloop
   endfacet
   facet normal 0.6428 0.7660 0.0000
      outer loop
         vertex 2.0230 12.4417 6.9652
         vertex 2.3917 12.1323 6.8201
         vertex 1.7795 12.6460 6.7950
      endloop
   endfacet
   facet normal 0.6428 0.7660 0.0000
      outer loop
         vertex 1.7795 12.6460 6.7950
         vertex 2.3917 12.1323 6.8201
         vertex 2.4811 12.0573 6.8000
      endloop
   endfacet
   facet normal 0.6428 0.7660 0.0000
      outer loop
         vertex 1.7795 12.6460 6.7950
         vertex 2.4811 12.0573 6.8000
         vertex 2.6686 11.9000 6.8000
      endloop
   endfacet
   facet normal 0.6428 0.7660 0.0000
      outer loop
         vertex 2.6686 11.9000 6.8000
         vertex 1.7152 12.7000 6.6797
         vertex 1.7391 12.6799 6.7547
      endloop
   endfacet
   facet normal 0.6428 0.7660 0.0000
      outer loop
         vertex 2.6686 11.9000 6.8000
         vertex 1.7391 12.6799 6.7547
         vertex 1.7795 12.6460 6.7950
      endloop
   endfacet
   facet normal 0.6428 0.7660 0.0000
      outer loop
         vertex 3.8603 10.9000 3.5000
         vertex 3.8603 10.9000 2.7000
         vertex 2.8473 11.7500 2.7500
      endloop
   endfacet
   facet normal 0.6428 0.7660 0.0000
      outer loop
         vertex 3.8603 10.9000 3.5000
         vertex 2.8473 11.7500 2.7500
         vertex 2.8234 11.7701 2.8250
      endloop
   endfacet
   facet normal 0.6428 0.7660 0.0000
      outer loop
         vertex 3.8603 10.9000 3.5000
         vertex 2.8234 11.7701 2.8250
         vertex 2.7579 11.8250 2.8799
      endloop
   endfacet
   facet normal 0.6428 0.7660 0.0000
      outer loop
         vertex 3.8603 10.9000 3.5000
         vertex 2.7579 11.8250 2.8799
         vertex 2.6686 11.9000 2.9000
      endloop
   endfacet
   facet normal 0.6428 0.7660 0.0000
      outer loop
         vertex 3.8603 10.9000 3.5000
         vertex 2.6686 11.9000 2.9000
         vertex 1.7795 12.6460 2.9050
      endloop
   endfacet
   facet normal 0.6428 0.7660 0.0000
      outer loop
         vertex 3.8603 10.9000 3.5000
         vertex 1.7795 12.6460 2.9050
         vertex 1.7391 12.6799 2.9453
      endloop
   endfacet
   facet normal 0.6428 0.7660 0.0000
      outer loop
         vertex 3.8603 10.9000 3.5000
         vertex 1.7391 12.6799 2.9453
         vertex 1.7152 12.7000 3.0203
      endloop
   endfacet
   facet normal 0.6428 0.7660 0.0000
      outer loop
         vertex 3.8603 10.9000 3.5000
         vertex 1.7152 12.7000 3.0203
         vertex 2.6686 11.9000 3.3000
      endloop
   endfacet
   facet normal 0.6428 0.7660 0.0000
      outer loop
         vertex 3.8603 10.9000 3.5000
         vertex 2.6686 11.9000 3.3000
         vertex 2.7579 11.8250 3.3201
      endloop
   endfacet
   facet normal 0.6428 0.7660 0.0000
      outer loop
         vertex 3.8603 10.9000 3.5000
         vertex 2.7579 11.8250 3.3201
         vertex 2.8234 11.7701 3.3750
      endloop
   endfacet
   facet normal 0.6428 0.7660 0.0000
      outer loop
         vertex 3.8603 10.9000 3.5000
         vertex 2.8234 11.7701 3.3750
         vertex 2.8473 11.7500 3.4500
      endloop
   endfacet
   facet normal 0.6428 0.7660 0.0000
      outer loop
         vertex 3.8603 10.9000 3.5000
         vertex 2.8473 11.7500 3.4500
         vertex 2.8473 11.7500 3.5000
      endloop
   endfacet
   facet normal 0.6428 0.7660 0.0000
      outer loop
         vertex 2.3212 12.1915 3.3829
         vertex 2.3263 12.1872 3.3750
         vertex 2.0230 12.4417 3.4652
      endloop
   endfacet
   facet normal 0.6428 0.7660 0.0000
      outer loop
         vertex 2.0230 12.4417 3.4652
         vertex 2.3263 12.1872 3.3750
         vertex 2.3917 12.1323 3.3201
      endloop
   endfacet
   facet normal 0.6428 0.7660 0.0000
      outer loop
         vertex 2.0230 12.4417 3.4652
         vertex 2.3917 12.1323 3.3201
         vertex 1.7795 12.6460 3.2950
      endloop
   endfacet
   facet normal 0.6428 0.7660 0.0000
      outer loop
         vertex 1.7795 12.6460 3.2950
         vertex 2.3917 12.1323 3.3201
         vertex 2.4811 12.0573 3.3000
      endloop
   endfacet
   facet normal 0.6428 0.7660 0.0000
      outer loop
         vertex 1.7795 12.6460 3.2950
         vertex 2.4811 12.0573 3.3000
         vertex 2.6686 11.9000 3.3000
      endloop
   endfacet
   facet normal 0.6428 0.7660 0.0000
      outer loop
         vertex 2.6686 11.9000 3.3000
         vertex 1.7152 12.7000 3.0203
         vertex 1.7152 12.7000 3.1797
      endloop
   endfacet
   facet normal 0.6428 0.7660 0.0000
      outer loop
         vertex 2.6686 11.9000 3.3000
         vertex 1.7152 12.7000 3.1797
         vertex 1.7391 12.6799 3.2547
      endloop
   endfacet
   facet normal 0.6428 0.7660 0.0000
      outer loop
         vertex 2.6686 11.9000 3.3000
         vertex 1.7391 12.6799 3.2547
         vertex 1.7795 12.6460 3.2950
      endloop
   endfacet
   facet normal 0.6428 0.7660 0.0000
      outer loop
         vertex 2.2303 12.2677 6.9799
         vertex 2.2958 12.2128 6.9250
         vertex 2.0230 12.4417 6.9652
      endloop
   endfacet
   facet normal 0.6428 0.7660 0.0000
      outer loop
         vertex 2.2303 12.2677 6.9799
         vertex 2.0230 12.4417 6.9652
         vertex 2.0480 12.4207 6.9799
      endloop
   endfacet
   facet normal 0.6428 0.7660 0.0000
      outer loop
         vertex 2.2303 12.2677 6.9799
         vertex 2.0480 12.4207 6.9799
         vertex 2.1374 12.3457 7.0000
      endloop
   endfacet
   facet normal 0.6428 0.7660 0.0000
      outer loop
         vertex 2.2303 12.2677 6.9799
         vertex 2.1374 12.3457 7.0000
         vertex 2.1410 12.3427 7.0000
      endloop
   endfacet
   facet normal 0.6428 0.7660 0.0000
      outer loop
         vertex 2.3008 12.2085 6.9171
         vertex 2.3212 12.1915 6.8829
         vertex 2.0230 12.4417 6.9652
      endloop
   endfacet
   facet normal 0.6428 0.7660 0.0000
      outer loop
         vertex 2.3008 12.2085 6.9171
         vertex 2.0230 12.4417 6.9652
         vertex 2.2958 12.2128 6.9250
      endloop
   endfacet
   facet normal 0.6428 0.7660 0.0000
      outer loop
         vertex 1.7795 12.6460 6.4050
         vertex 2.6686 11.9000 6.4000
         vertex 2.4811 12.0573 6.4000
      endloop
   endfacet
   facet normal 0.6428 0.7660 0.0000
      outer loop
         vertex 1.7795 12.6460 6.4050
         vertex 2.4811 12.0573 6.4000
         vertex 2.3917 12.1323 6.3799
      endloop
   endfacet
   facet normal 0.6428 0.7660 0.0000
      outer loop
         vertex 1.7795 12.6460 6.4050
         vertex 2.3917 12.1323 6.3799
         vertex 2.3263 12.1872 6.3250
      endloop
   endfacet
   facet normal 0.6428 0.7660 0.0000
      outer loop
         vertex 1.7795 12.6460 6.4050
         vertex 2.3263 12.1872 6.3250
         vertex 2.3212 12.1915 6.3171
      endloop
   endfacet
   facet normal 0.6428 0.7660 0.0000
      outer loop
         vertex 1.7795 12.6460 6.4050
         vertex 2.3212 12.1915 6.3171
         vertex 2.3008 12.2085 6.2829
      endloop
   endfacet
   facet normal 0.6428 0.7660 0.0000
      outer loop
         vertex 1.7795 12.6460 6.4050
         vertex 2.3008 12.2085 6.2829
         vertex 2.2958 12.2128 6.2750
      endloop
   endfacet
   facet normal 0.6428 0.7660 0.0000
      outer loop
         vertex 1.7795 12.6460 6.4050
         vertex 2.2958 12.2128 6.2750
         vertex 2.0230 12.4417 6.2348
      endloop
   endfacet
   facet normal 0.6428 0.7660 0.0000
      outer loop
         vertex 2.2303 12.2677 6.2201
         vertex 2.1410 12.3427 6.2000
         vertex 2.0480 12.4207 6.2201
      endloop
   endfacet
   facet normal 0.6428 0.7660 0.0000
      outer loop
         vertex 2.2303 12.2677 6.2201
         vertex 2.0480 12.4207 6.2201
         vertex 2.0230 12.4417 6.2348
      endloop
   endfacet
   facet normal 0.6428 0.7660 0.0000
      outer loop
         vertex 2.2303 12.2677 6.2201
         vertex 2.0230 12.4417 6.2348
         vertex 2.2958 12.2128 6.2750
      endloop
   endfacet
   facet normal 0.6428 0.7660 0.0000
      outer loop
         vertex 2.2303 12.2677 3.4799
         vertex 2.2958 12.2128 3.4250
         vertex 2.0230 12.4417 3.4652
      endloop
   endfacet
   facet normal 0.6428 0.7660 0.0000
      outer loop
         vertex 2.2303 12.2677 3.4799
         vertex 2.0230 12.4417 3.4652
         vertex 2.0480 12.4207 3.4799
      endloop
   endfacet
   facet normal 0.6428 0.7660 0.0000
      outer loop
         vertex 2.2303 12.2677 3.4799
         vertex 2.0480 12.4207 3.4799
         vertex 2.1374 12.3457 3.5000
      endloop
   endfacet
   facet normal 0.6428 0.7660 0.0000
      outer loop
         vertex 2.2303 12.2677 3.4799
         vertex 2.1374 12.3457 3.5000
         vertex 2.1410 12.3427 3.5000
      endloop
   endfacet
   facet normal 0.6428 0.7660 0.0000
      outer loop
         vertex 2.3008 12.2085 3.4171
         vertex 2.3212 12.1915 3.3829
         vertex 2.0230 12.4417 3.4652
      endloop
   endfacet
   facet normal 0.6428 0.7660 0.0000
      outer loop
         vertex 2.3008 12.2085 3.4171
         vertex 2.0230 12.4417 3.4652
         vertex 2.2958 12.2128 3.4250
      endloop
   endfacet
   facet normal 0.6428 0.7660 0.0000
      outer loop
         vertex 1.7795 12.6460 2.9050
         vertex 2.6686 11.9000 2.9000
         vertex 2.4811 12.0573 2.9000
      endloop
   endfacet
   facet normal 0.6428 0.7660 0.0000
      outer loop
         vertex 1.7795 12.6460 2.9050
         vertex 2.4811 12.0573 2.9000
         vertex 2.3917 12.1323 2.8799
      endloop
   endfacet
   facet normal 0.6428 0.7660 0.0000
      outer loop
         vertex 1.7795 12.6460 2.9050
         vertex 2.3917 12.1323 2.8799
         vertex 2.3263 12.1872 2.8250
      endloop
   endfacet
   facet normal 0.6428 0.7660 0.0000
      outer loop
         vertex 1.7795 12.6460 2.9050
         vertex 2.3263 12.1872 2.8250
         vertex 2.3212 12.1915 2.8171
      endloop
   endfacet
   facet normal 0.6428 0.7660 0.0000
      outer loop
         vertex 1.7795 12.6460 2.9050
         vertex 2.3212 12.1915 2.8171
         vertex 2.3008 12.2085 2.7829
      endloop
   endfacet
   facet normal 0.6428 0.7660 0.0000
      outer loop
         vertex 1.7795 12.6460 2.9050
         vertex 2.3008 12.2085 2.7829
         vertex 2.2958 12.2128 2.7750
      endloop
   endfacet
   facet normal 0.6428 0.7660 0.0000
      outer loop
         vertex 1.7795 12.6460 2.9050
         vertex 2.2958 12.2128 2.7750
         vertex 2.0230 12.4417 2.7348
      endloop
   endfacet
   facet normal 0.6428 0.7660 0.0000
      outer loop
         vertex 2.2303 12.2677 2.7201
         vertex 2.1410 12.3427 2.7000
         vertex 2.0480 12.4207 2.7201
      endloop
   endfacet
   facet normal 0.6428 0.7660 0.0000
      outer loop
         vertex 2.2303 12.2677 2.7201
         vertex 2.0480 12.4207 2.7201
         vertex 2.0230 12.4417 2.7348
      endloop
   endfacet
   facet normal 0.6428 0.7660 0.0000
      outer loop
         vertex 2.2303 12.2677 2.7201
         vertex 2.0230 12.4417 2.7348
         vertex 2.2958 12.2128 2.7750
      endloop
   endfacet
   facet normal 0.6428 0.7660 0.0000
      outer loop
         vertex 2.8473 11.7500 2.7500
         vertex 3.8603 10.9000 2.7000
         vertex 2.8473 11.7500 2.7000
      endloop
   endfacet
   facet normal 0.6428 0.7660 0.0000
      outer loop
         vertex 2.0480 12.4207 2.7201
         vertex 2.1410 12.3427 2.7000
         vertex 2.1374 12.3457 2.7000
      endloop
   endfacet
   facet normal 0.6428 0.7660 0.0000
      outer loop
         vertex 2.8473 11.7500 6.2500
         vertex 3.8603 10.9000 6.2000
         vertex 2.8473 11.7500 6.2000
      endloop
   endfacet
   facet normal 0.6428 0.7660 0.0000
      outer loop
         vertex 2.0480 12.4207 6.2201
         vertex 2.1410 12.3427 6.2000
         vertex 2.1374 12.3457 6.2000
      endloop
   endfacet
   facet normal 0.6428 0.7660 0.0000
      outer loop
         vertex 3.8603 10.9000 2.7000
         vertex 5.2428 9.7399 0.0000
         vertex 3.8603 10.9000 0.0000
      endloop
   endfacet
   facet normal 1.0000 0.0000 0.0000
      outer loop
         vertex -0.2500 11.8250 3.3201
         vertex -0.2500 11.9000 3.3000
         vertex -0.2500 12.2677 3.4799
      endloop
   endfacet
   facet normal 1.0000 0.0000 0.0000
      outer loop
         vertex -0.2500 12.2677 3.4799
         vertex -0.2500 11.9000 3.3000
         vertex -0.2500 12.0573 3.3000
      endloop
   endfacet
   facet normal 1.0000 0.0000 0.0000
      outer loop
         vertex -0.2500 12.2677 3.4799
         vertex -0.2500 12.0573 3.3000
         vertex -0.2500 12.2128 3.4250
      endloop
   endfacet
   facet normal 1.0000 0.0000 0.0000
      outer loop
         vertex -0.2500 12.2128 3.4250
         vertex -0.2500 12.0573 3.3000
         vertex -0.2500 12.1323 3.3201
      endloop
   endfacet
   facet normal 1.0000 0.0000 0.0000
      outer loop
         vertex -0.2500 12.2128 3.4250
         vertex -0.2500 12.1323 3.3201
         vertex -0.2500 12.2085 3.4171
      endloop
   endfacet
   facet normal 1.0000 0.0000 0.0000
      outer loop
         vertex -0.2500 12.2085 3.4171
         vertex -0.2500 12.1323 3.3201
         vertex -0.2500 12.1872 3.3750
      endloop
   endfacet
   facet normal 1.0000 0.0000 0.0000
      outer loop
         vertex -0.2500 12.2085 3.4171
         vertex -0.2500 12.1872 3.3750
         vertex -0.2500 12.1915 3.3829
      endloop
   endfacet
   facet normal 1.0000 0.0000 0.0000
      outer loop
         vertex -0.2500 11.7701 3.3750
         vertex -0.2500 11.8250 3.3201
         vertex -0.2500 12.2677 3.4799
      endloop
   endfacet
   facet normal 1.0000 0.0000 0.0000
      outer loop
         vertex -0.2500 11.7701 3.3750
         vertex -0.2500 12.2677 3.4799
         vertex -0.2500 12.3427 3.5000
      endloop
   endfacet
   facet normal 1.0000 0.0000 0.0000
      outer loop
         vertex -0.2500 11.7701 3.3750
         vertex -0.2500 12.3427 3.5000
         vertex -0.2500 11.7500 3.5000
      endloop
   endfacet
   facet normal 1.0000 0.0000 0.0000
      outer loop
         vertex -0.2500 11.7701 3.3750
         vertex -0.2500 11.7500 3.5000
         vertex -0.2500 11.7500 3.4500
      endloop
   endfacet
   facet normal 1.0000 0.0000 0.0000
      outer loop
         vertex -0.2500 12.7500 2.9000
         vertex -0.2500 12.7500 3.3000
         vertex -0.2500 12.7000 3.1797
      endloop
   endfacet
   facet normal 1.0000 0.0000 0.0000
      outer loop
         vertex -0.2500 12.7500 2.9000
         vertex -0.2500 12.7000 3.1797
         vertex -0.2500 12.7000 3.0203
      endloop
   endfacet
   facet normal 1.0000 0.0000 0.0000
      outer loop
         vertex -0.2500 12.7500 2.9000
         vertex -0.2500 12.7000 3.0203
         vertex -0.2500 12.6799 2.9453
      endloop
   endfacet
   facet normal 1.0000 0.0000 0.0000
      outer loop
         vertex -0.2500 12.7500 2.9000
         vertex -0.2500 12.6799 2.9453
         vertex -0.2500 12.6460 2.9050
      endloop
   endfacet
   facet normal 1.0000 0.0000 0.0000
      outer loop
         vertex -0.2500 12.7500 2.9000
         vertex -0.2500 12.6460 2.9050
         vertex -0.2500 12.5500 2.7000
      endloop
   endfacet
   facet normal 1.0000 0.0000 0.0000
      outer loop
         vertex -0.2500 12.4207 3.4799
         vertex -0.2500 12.4417 3.4652
         vertex -0.2500 12.5500 3.5000
      endloop
   endfacet
   facet normal 1.0000 0.0000 0.0000
      outer loop
         vertex -0.2500 12.5500 3.5000
         vertex -0.2500 12.4417 3.4652
         vertex -0.2500 12.6460 3.2950
      endloop
   endfacet
   facet normal 1.0000 0.0000 0.0000
      outer loop
         vertex -0.2500 12.5500 3.5000
         vertex -0.2500 12.6460 3.2950
         vertex -0.2500 12.7500 3.3000
      endloop
   endfacet
   facet normal 1.0000 0.0000 0.0000
      outer loop
         vertex -0.2500 12.7500 3.3000
         vertex -0.2500 12.6460 3.2950
         vertex -0.2500 12.6799 3.2547
      endloop
   endfacet
   facet normal 1.0000 0.0000 0.0000
      outer loop
         vertex -0.2500 12.7500 3.3000
         vertex -0.2500 12.6799 3.2547
         vertex -0.2500 12.7000 3.1797
      endloop
   endfacet
   facet normal 1.0000 0.0000 0.0000
      outer loop
         vertex -0.2500 12.5500 2.7000
         vertex -0.2500 12.6460 2.9050
         vertex -0.2500 12.4417 2.7348
      endloop
   endfacet
   facet normal 1.0000 0.0000 0.0000
      outer loop
         vertex -0.2500 12.5500 2.7000
         vertex -0.2500 12.4417 2.7348
         vertex -0.2500 12.4207 2.7201
      endloop
   endfacet
   facet normal 1.0000 0.0000 0.0000
      outer loop
         vertex -0.2500 12.5500 2.7000
         vertex -0.2500 12.4207 2.7201
         vertex -0.2500 12.3457 2.7000
      endloop
   endfacet
   facet normal 1.0000 0.0000 0.0000
      outer loop
         vertex -0.2500 12.4207 3.4799
         vertex -0.2500 12.5500 3.5000
         vertex -0.2500 12.3457 3.5000
      endloop
   endfacet
   facet normal 1.0000 0.0000 0.0000
      outer loop
         vertex -0.2500 12.1915 2.8171
         vertex -0.2500 12.1872 2.8250
         vertex -0.2500 12.2085 2.7829
      endloop
   endfacet
   facet normal 1.0000 0.0000 0.0000
      outer loop
         vertex -0.2500 12.2085 2.7829
         vertex -0.2500 12.1872 2.8250
         vertex -0.2500 12.1323 2.8799
      endloop
   endfacet
   facet normal 1.0000 0.0000 0.0000
      outer loop
         vertex -0.2500 12.2085 2.7829
         vertex -0.2500 12.1323 2.8799
         vertex -0.2500 12.2128 2.7750
      endloop
   endfacet
   facet normal 1.0000 0.0000 0.0000
      outer loop
         vertex -0.2500 12.2128 2.7750
         vertex -0.2500 12.1323 2.8799
         vertex -0.2500 12.0573 2.9000
      endloop
   endfacet
   facet normal 1.0000 0.0000 0.0000
      outer loop
         vertex -0.2500 12.2128 2.7750
         vertex -0.2500 12.0573 2.9000
         vertex -0.2500 12.2677 2.7201
      endloop
   endfacet
   facet normal 1.0000 0.0000 0.0000
      outer loop
         vertex -0.2500 12.2677 2.7201
         vertex -0.2500 12.0573 2.9000
         vertex -0.2500 11.9000 2.9000
      endloop
   endfacet
   facet normal 1.0000 0.0000 0.0000
      outer loop
         vertex -0.2500 12.2677 2.7201
         vertex -0.2500 11.9000 2.9000
         vertex -0.2500 11.8250 2.8799
      endloop
   endfacet
   facet normal 1.0000 0.0000 0.0000
      outer loop
         vertex -0.2500 11.7701 2.8250
         vertex -0.2500 11.7500 2.7500
         vertex -0.2500 12.3427 2.7000
      endloop
   endfacet
   facet normal 1.0000 0.0000 0.0000
      outer loop
         vertex -0.2500 11.7701 2.8250
         vertex -0.2500 12.3427 2.7000
         vertex -0.2500 12.2677 2.7201
      endloop
   endfacet
   facet normal 1.0000 0.0000 0.0000
      outer loop
         vertex -0.2500 11.7701 2.8250
         vertex -0.2500 12.2677 2.7201
         vertex -0.2500 11.8250 2.8799
      endloop
   endfacet
   facet normal 1.0000 0.0000 0.0000
      outer loop
         vertex -0.2500 12.3427 2.7000
         vertex -0.2500 11.7500 2.7500
         vertex -0.2500 11.7500 2.7000
      endloop
   endfacet
   facet normal 1.0000 0.0000 0.0000
      outer loop
         vertex -0.2500 11.8250 6.8201
         vertex -0.2500 11.9000 6.8000
         vertex -0.2500 12.2677 6.9799
      endloop
   endfacet
   facet normal 1.0000 0.0000 0.0000
      outer loop
         vertex -0.2500 12.2677 6.9799
         vertex -0.2500 11.9000 6.8000
         vertex -0.2500 12.0573 6.8000
      endloop
   endfacet
   facet normal 1.0000 0.0000 0.0000
      outer loop
         vertex -0.2500 12.2677 6.9799
         vertex -0.2500 12.0573 6.8000
         vertex -0.2500 12.2128 6.9250
      endloop
   endfacet
   facet normal 1.0000 0.0000 0.0000
      outer loop
         vertex -0.2500 12.2128 6.9250
         vertex -0.2500 12.0573 6.8000
         vertex -0.2500 12.1323 6.8201
      endloop
   endfacet
   facet normal 1.0000 0.0000 0.0000
      outer loop
         vertex -0.2500 12.2128 6.9250
         vertex -0.2500 12.1323 6.8201
         vertex -0.2500 12.2085 6.9171
      endloop
   endfacet
   facet normal 1.0000 0.0000 0.0000
      outer loop
         vertex -0.2500 12.2085 6.9171
         vertex -0.2500 12.1323 6.8201
         vertex -0.2500 12.1872 6.8750
      endloop
   endfacet
   facet normal 1.0000 0.0000 0.0000
      outer loop
         vertex -0.2500 12.2085 6.9171
         vertex -0.2500 12.1872 6.8750
         vertex -0.2500 12.1915 6.8829
      endloop
   endfacet
   facet normal 1.0000 0.0000 0.0000
      outer loop
         vertex -0.2500 11.7701 6.8750
         vertex -0.2500 11.8250 6.8201
         vertex -0.2500 12.2677 6.9799
      endloop
   endfacet
   facet normal 1.0000 0.0000 0.0000
      outer loop
         vertex -0.2500 11.7701 6.8750
         vertex -0.2500 12.2677 6.9799
         vertex -0.2500 12.3427 7.0000
      endloop
   endfacet
   facet normal 1.0000 0.0000 0.0000
      outer loop
         vertex -0.2500 11.7701 6.8750
         vertex -0.2500 12.3427 7.0000
         vertex -0.2500 11.7500 7.0000
      endloop
   endfacet
   facet normal 1.0000 0.0000 0.0000
      outer loop
         vertex -0.2500 11.7701 6.8750
         vertex -0.2500 11.7500 7.0000
         vertex -0.2500 11.7500 6.9500
      endloop
   endfacet
   facet normal 1.0000 0.0000 0.0000
      outer loop
         vertex -0.2500 12.7500 7.0000
         vertex -0.2500 12.3457 7.0000
         vertex -0.2500 12.4207 6.9799
      endloop
   endfacet
   facet normal 1.0000 0.0000 0.0000
      outer loop
         vertex -0.2500 12.7500 7.0000
         vertex -0.2500 12.4207 6.9799
         vertex -0.2500 12.4417 6.9652
      endloop
   endfacet
   facet normal 1.0000 0.0000 0.0000
      outer loop
         vertex -0.2500 12.7500 7.0000
         vertex -0.2500 12.4417 6.9652
         vertex -0.2500 12.6460 6.7950
      endloop
   endfacet
   facet normal 1.0000 0.0000 0.0000
      outer loop
         vertex -0.2500 12.7500 7.0000
         vertex -0.2500 12.6460 6.7950
         vertex -0.2500 12.6799 6.7547
      endloop
   endfacet
   facet normal 1.0000 0.0000 0.0000
      outer loop
         vertex -0.2500 12.7500 7.0000
         vertex -0.2500 12.6799 6.7547
         vertex -0.2500 12.7000 6.6797
      endloop
   endfacet
   facet normal 1.0000 0.0000 0.0000
      outer loop
         vertex -0.2500 12.7500 7.0000
         vertex -0.2500 12.7000 6.6797
         vertex -0.2500 12.7500 6.4000
      endloop
   endfacet
   facet normal 1.0000 0.0000 0.0000
      outer loop
         vertex -0.2500 12.7500 6.4000
         vertex -0.2500 12.7000 6.6797
         vertex -0.2500 12.7000 6.5203
      endloop
   endfacet
   facet normal 1.0000 0.0000 0.0000
      outer loop
         vertex -0.2500 12.7500 6.4000
         vertex -0.2500 12.7000 6.5203
         vertex -0.2500 12.6799 6.4453
      endloop
   endfacet
   facet normal 1.0000 0.0000 0.0000
      outer loop
         vertex -0.2500 12.7500 6.4000
         vertex -0.2500 12.6799 6.4453
         vertex -0.2500 12.6460 6.4050
      endloop
   endfacet
   facet normal 1.0000 0.0000 0.0000
      outer loop
         vertex -0.2500 12.7500 6.4000
         vertex -0.2500 12.6460 6.4050
         vertex -0.2500 12.5500 6.2000
      endloop
   endfacet
   facet normal 1.0000 0.0000 0.0000
      outer loop
         vertex -0.2500 12.5500 6.2000
         vertex -0.2500 12.6460 6.4050
         vertex -0.2500 12.4417 6.2348
      endloop
   endfacet
   facet normal 1.0000 0.0000 0.0000
      outer loop
         vertex -0.2500 12.5500 6.2000
         vertex -0.2500 12.4417 6.2348
         vertex -0.2500 12.4207 6.2201
      endloop
   endfacet
   facet normal 1.0000 0.0000 0.0000
      outer loop
         vertex -0.2500 12.5500 6.2000
         vertex -0.2500 12.4207 6.2201
         vertex -0.2500 12.3457 6.2000
      endloop
   endfacet
   facet normal 1.0000 0.0000 0.0000
      outer loop
         vertex -0.2500 12.1915 6.3171
         vertex -0.2500 12.1872 6.3250
         vertex -0.2500 12.2085 6.2829
      endloop
   endfacet
   facet normal 1.0000 0.0000 0.0000
      outer loop
         vertex -0.2500 12.2085 6.2829
         vertex -0.2500 12.1872 6.3250
         vertex -0.2500 12.1323 6.3799
      endloop
   endfacet
   facet normal 1.0000 0.0000 0.0000
      outer loop
         vertex -0.2500 12.2085 6.2829
         vertex -0.2500 12.1323 6.3799
         vertex -0.2500 12.2128 6.2750
      endloop
   endfacet
   facet normal 1.0000 0.0000 0.0000
      outer loop
         vertex -0.2500 12.2128 6.2750
         vertex -0.2500 12.1323 6.3799
         vertex -0.2500 12.0573 6.4000
      endloop
   endfacet
   facet normal 1.0000 0.0000 0.0000
      outer loop
         vertex -0.2500 12.2128 6.2750
         vertex -0.2500 12.0573 6.4000
         vertex -0.2500 12.2677 6.2201
      endloop
   endfacet
   facet normal 1.0000 0.0000 0.0000
      outer loop
         vertex -0.2500 12.2677 6.2201
         vertex -0.2500 12.0573 6.4000
         vertex -0.2500 11.9000 6.4000
      endloop
   endfacet
   facet normal 1.0000 0.0000 0.0000
      outer loop
         vertex -0.2500 12.2677 6.2201
         vertex -0.2500 11.9000 6.4000
         vertex -0.2500 11.8250 6.3799
      endloop
   endfacet
   facet normal 1.0000 0.0000 0.0000
      outer loop
         vertex -0.2500 11.7701 6.3250
         vertex -0.2500 11.7500 6.2500
         vertex -0.2500 12.3427 6.2000
      endloop
   endfacet
   facet normal 1.0000 0.0000 0.0000
      outer loop
         vertex -0.2500 11.7701 6.3250
         vertex -0.2500 12.3427 6.2000
         vertex -0.2500 12.2677 6.2201
      endloop
   endfacet
   facet normal 1.0000 0.0000 0.0000
      outer loop
         vertex -0.2500 11.7701 6.3250
         vertex -0.2500 12.2677 6.2201
         vertex -0.2500 11.8250 6.3799
      endloop
   endfacet
   facet normal 1.0000 0.0000 0.0000
      outer loop
         vertex -0.2500 12.3427 6.2000
         vertex -0.2500 11.7500 6.2500
         vertex -0.2500 11.7500 6.2000
      endloop
   endfacet
   facet normal 0.0000 0.0000 -1.0000
      outer loop
         vertex -5.7000 12.5500 4.6000
         vertex -5.7000 10.9000 4.6000
         vertex -6.7000 10.9000 4.6000
      endloop
   endfacet
   facet normal 0.0000 0.0000 -1.0000
      outer loop
         vertex -5.7000 12.5500 4.6000
         vertex -6.7000 10.9000 4.6000
         vertex -6.7000 12.5500 4.6000
      endloop
   endfacet
   facet normal -0.0000 0.7071 -0.7071
      outer loop
         vertex -5.9000 12.7500 6.4000
         vertex -0.2500 12.7500 6.4000
         vertex -0.2500 12.5500 6.2000
      endloop
   endfacet
   facet normal -0.0000 0.7071 -0.7071
      outer loop
         vertex -5.9000 12.7500 6.4000
         vertex -0.2500 12.5500 6.2000
         vertex -5.7000 12.5500 6.2000
      endloop
   endfacet
   facet normal 0.7071 0.7071 0.0000
      outer loop
         vertex -5.9000 12.7500 4.8000
         vertex -5.9000 12.7500 6.4000
         vertex -5.7000 12.5500 6.2000
      endloop
   endfacet
   facet normal 0.7071 0.7071 0.0000
      outer loop
         vertex -5.9000 12.7500 4.8000
         vertex -5.7000 12.5500 6.2000
         vertex -5.7000 12.5500 4.6000
      endloop
   endfacet
   facet normal 0.2983 0.7057 -0.6427
      outer loop
         vertex -6.8500 12.5500 4.5598
         vertex -6.9500 12.7500 4.7330
         vertex -6.7000 12.7500 4.8000
      endloop
   endfacet
   facet normal 0.2422 0.7015 -0.6702
      outer loop
         vertex -6.8500 12.5500 4.5598
         vertex -6.7000 12.7500 4.8000
         vertex -6.7000 12.5500 4.6000
      endloop
   endfacet
   facet normal -0.0000 0.7071 -0.7071
      outer loop
         vertex -6.7000 12.5500 4.6000
         vertex -6.7000 12.7500 4.8000
         vertex -5.9000 12.7500 4.8000
      endloop
   endfacet
   facet normal -0.0000 0.7071 -0.7071
      outer loop
         vertex -6.7000 12.5500 4.6000
         vertex -5.9000 12.7500 4.8000
         vertex -5.7000 12.5500 4.6000
      endloop
   endfacet
   facet normal 0.4465 0.7179 -0.5341
      outer loop
         vertex -7.1330 12.7500 4.5500
         vertex -6.9500 12.7500 4.7330
         vertex -6.8500 12.5500 4.5598
      endloop
   endfacet
   facet normal 0.5341 0.7179 -0.4465
      outer loop
         vertex -7.1330 12.7500 4.5500
         vertex -6.8500 12.5500 4.5598
         vertex -6.9598 12.5500 4.4500
      endloop
   endfacet
   facet normal 0.0000 -1.0000 0.0000
      outer loop
         vertex -0.6950 11.0000 3.5500
         vertex 3.8426 11.0000 3.5500
         vertex 3.8426 11.0000 6.1500
      endloop
   endfacet
   facet normal 0.0000 -1.0000 0.0000
      outer loop
         vertex -0.6950 11.0000 3.5500
         vertex 3.8426 11.0000 6.1500
         vertex -0.6950 11.0000 6.1500
      endloop
   endfacet
   facet normal -0.2020 0.9794 0.0000
      outer loop
         vertex -2.1419 12.7203 3.5500
         vertex -2.1419 12.7203 6.1500
         vertex -1.9000 12.7500 6.1500
      endloop
   endfacet
   facet normal -0.1620 0.9868 0.0000
      outer loop
         vertex -2.1419 12.7203 3.5500
         vertex -1.9000 12.7500 6.1500
         vertex -1.9000 12.7500 3.5500
      endloop
   endfacet
   facet normal -0.3203 0.9473 0.0000
      outer loop
         vertex -2.3695 12.6329 3.5500
         vertex -2.3695 12.6329 6.1500
         vertex -2.1419 12.7203 6.1500
      endloop
   endfacet
   facet normal -0.2814 0.9596 0.0000
      outer loop
         vertex -2.3695 12.6329 3.5500
         vertex -2.1419 12.7203 6.1500
         vertex -2.1419 12.7203 3.5500
      endloop
   endfacet
   facet normal 0.6427 0.7057 -0.2983
      outer loop
         vertex -7.2000 12.7500 4.3000
         vertex -7.1330 12.7500 4.5500
         vertex -6.9598 12.5500 4.4500
      endloop
   endfacet
   facet normal 0.6702 0.7015 -0.2422
      outer loop
         vertex -7.2000 12.7500 4.3000
         vertex -6.9598 12.5500 4.4500
         vertex -7.0000 12.5500 4.3000
      endloop
   endfacet
   facet normal -0.0000 0.7071 -0.7071
      outer loop
         vertex -5.9000 12.7500 2.9000
         vertex -0.2500 12.7500 2.9000
         vertex -0.2500 12.5500 2.7000
      endloop
   endfacet
   facet normal -0.0000 0.7071 -0.7071
      outer loop
         vertex -5.9000 12.7500 2.9000
         vertex -0.2500 12.5500 2.7000
         vertex -5.7000 12.5500 2.7000
      endloop
   endfacet
   facet normal 0.0000 0.7071 0.7071
      outer loop
         vertex -0.2500 12.7500 3.3000
         vertex -7.2000 12.7500 3.3000
         vertex -7.0000 12.5500 3.5000
      endloop
   endfacet
   facet normal 0.0000 0.7071 0.7071
      outer loop
         vertex -0.2500 12.7500 3.3000
         vertex -7.0000 12.5500 3.5000
         vertex -0.2500 12.5500 3.5000
      endloop
   endfacet
   facet normal 0.7071 0.7071 0.0000
      outer loop
         vertex -5.9000 12.7500 1.3000
         vertex -5.9000 12.7500 2.9000
         vertex -5.7000 12.5500 2.7000
      endloop
   endfacet
   facet normal 0.7071 0.7071 0.0000
      outer loop
         vertex -5.9000 12.7500 1.3000
         vertex -5.7000 12.5500 2.7000
         vertex -5.7000 12.5500 1.1000
      endloop
   endfacet
   facet normal 0.2422 0.7015 -0.6702
      outer loop
         vertex -6.7000 12.7500 1.3000
         vertex -6.7000 12.5500 1.1000
         vertex -6.8500 12.5500 1.0598
      endloop
   endfacet
   facet normal 0.2983 0.7057 -0.6427
      outer loop
         vertex -6.7000 12.7500 1.3000
         vertex -6.8500 12.5500 1.0598
         vertex -6.9500 12.7500 1.2330
      endloop
   endfacet
   facet normal 0.4571 0.7219 -0.5196
      outer loop
         vertex -7.1330 12.7500 1.0500
         vertex -6.9500 12.7500 1.2330
         vertex -6.8500 12.5500 1.0598
      endloop
   endfacet
   facet normal 0.5438 0.7203 -0.4307
      outer loop
         vertex -7.1330 12.7500 1.0500
         vertex -6.8500 12.5500 1.0598
         vertex -6.9598 12.5500 0.9500
      endloop
   endfacet
   facet normal -0.0000 0.7071 -0.7071
      outer loop
         vertex -6.7000 12.5500 1.1000
         vertex -6.7000 12.7500 1.3000
         vertex -5.9000 12.7500 1.3000
      endloop
   endfacet
   facet normal -0.0000 0.7071 -0.7071
      outer loop
         vertex -6.7000 12.5500 1.1000
         vertex -5.9000 12.7500 1.3000
         vertex -5.7000 12.5500 1.1000
      endloop
   endfacet
   facet normal 0.0000 -1.0000 0.0000
      outer loop
         vertex -0.6950 11.0000 0.0500
         vertex 3.8426 11.0000 0.0500
         vertex 3.8426 11.0000 2.6500
      endloop
   endfacet
   facet normal 0.0000 -1.0000 0.0000
      outer loop
         vertex -0.6950 11.0000 0.0500
         vertex 3.8426 11.0000 2.6500
         vertex -0.6950 11.0000 2.6500
      endloop
   endfacet
   facet normal -0.2020 0.9794 0.0000
      outer loop
         vertex -2.1419 12.7203 0.0500
         vertex -2.1419 12.7203 2.6500
         vertex -1.9000 12.7500 2.6500
      endloop
   endfacet
   facet normal -0.1620 0.9868 0.0000
      outer loop
         vertex -2.1419 12.7203 0.0500
         vertex -1.9000 12.7500 2.6500
         vertex -1.9000 12.7500 0.0500
      endloop
   endfacet
   facet normal -0.3203 0.9473 0.0000
      outer loop
         vertex -2.3695 12.6329 0.0500
         vertex -2.3695 12.6329 2.6500
         vertex -2.1419 12.7203 2.6500
      endloop
   endfacet
   facet normal -0.2814 0.9596 0.0000
      outer loop
         vertex -2.3695 12.6329 0.0500
         vertex -2.1419 12.7203 2.6500
         vertex -2.1419 12.7203 0.0500
      endloop
   endfacet
   facet normal 0.6686 0.7059 -0.2340
      outer loop
         vertex -7.2000 12.7500 0.8263
         vertex -7.1330 12.7500 1.0500
         vertex -7.0000 12.5500 0.8000
      endloop
   endfacet
   facet normal 0.6473 0.7072 -0.2843
      outer loop
         vertex -7.1330 12.7500 1.0500
         vertex -6.9598 12.5500 0.9500
         vertex -7.0000 12.5500 0.8000
      endloop
   endfacet
   facet normal 0.7071 0.7071 0.0000
      outer loop
         vertex -7.1000 12.6500 0.0000
         vertex -7.2000 12.7500 0.0000
         vertex -7.2000 12.7500 0.8263
      endloop
   endfacet
   facet normal 0.7071 0.7071 0.0000
      outer loop
         vertex -7.1000 12.6500 0.0000
         vertex -7.2000 12.7500 0.8263
         vertex -7.0000 12.5500 0.8000
      endloop
   endfacet
   facet normal 0.7071 0.7071 0.0000
      outer loop
         vertex -7.1000 12.6500 0.0000
         vertex -7.0000 12.5500 0.8000
         vertex -7.0000 12.5500 0.0000
      endloop
   endfacet
   facet normal 0.9405 0.0000 -0.3399
      outer loop
         vertex -7.0000 10.9000 4.3000
         vertex -7.0000 12.5500 4.3000
         vertex -6.9598 12.5500 4.4500
      endloop
   endfacet
   facet normal 0.9071 0.0000 -0.4210
      outer loop
         vertex -7.0000 10.9000 4.3000
         vertex -6.9598 12.5500 4.4500
         vertex -6.9598 10.9000 4.4500
      endloop
   endfacet
   facet normal 0.7071 0.7071 0.0000
      outer loop
         vertex -7.0000 12.5500 4.3000
         vertex -7.0000 12.5500 3.5000
         vertex -7.2000 12.7500 3.3000
      endloop
   endfacet
   facet normal 0.7071 0.7071 0.0000
      outer loop
         vertex -7.0000 12.5500 4.3000
         vertex -7.2000 12.7500 3.3000
         vertex -7.2000 12.7500 4.3000
      endloop
   endfacet
   facet normal 0.0000 0.4210 0.9071
      outer loop
         vertex -0.2500 11.9000 6.8000
         vertex -0.2500 11.8250 6.8201
         vertex 2.7579 11.8250 6.8201
      endloop
   endfacet
   facet normal 0.0000 0.3399 0.9405
      outer loop
         vertex -0.2500 11.9000 6.8000
         vertex 2.7579 11.8250 6.8201
         vertex 2.6686 11.9000 6.8000
      endloop
   endfacet
   facet normal 0.0000 -0.8567 -0.5157
      outer loop
         vertex -0.2500 12.1872 6.3250
         vertex -0.2500 12.1915 6.3171
         vertex 2.3212 12.1915 6.3171
      endloop
   endfacet
   facet normal 0.0000 -0.8306 -0.5568
      outer loop
         vertex -0.2500 12.1872 6.3250
         vertex 2.3212 12.1915 6.3171
         vertex 2.3263 12.1872 6.3250
      endloop
   endfacet
   facet normal 0.0000 0.9449 -0.3274
      outer loop
         vertex -0.2500 12.6799 6.4453
         vertex -0.2500 12.7000 6.5203
         vertex 1.7152 12.7000 6.5203
      endloop
   endfacet
   facet normal 0.0000 0.9184 -0.3956
      outer loop
         vertex -0.2500 12.6799 6.4453
         vertex 1.7152 12.7000 6.5203
         vertex 1.7391 12.6799 6.4453
      endloop
   endfacet
   facet normal 0.0000 -0.6138 -0.7895
      outer loop
         vertex -0.2500 12.2128 6.2750
         vertex -0.2500 12.2677 6.2201
         vertex 2.2303 12.2677 6.2201
      endloop
   endfacet
   facet normal 0.0000 -0.7163 -0.6978
      outer loop
         vertex -0.2500 12.2128 6.2750
         vertex 2.2303 12.2677 6.2201
         vertex 2.2958 12.2128 6.2750
      endloop
   endfacet
   facet normal 0.0000 0.6402 -0.7682
      outer loop
         vertex -0.2500 12.4417 6.2348
         vertex -0.2500 12.6460 6.4050
         vertex 1.7795 12.6460 6.4050
      endloop
   endfacet
   facet normal 0.0000 0.6402 -0.7682
      outer loop
         vertex -0.2500 12.4417 6.2348
         vertex 1.7795 12.6460 6.4050
         vertex 2.0230 12.4417 6.2348
      endloop
   endfacet
   facet normal 0.0000 0.8500 -0.5268
      outer loop
         vertex -0.2500 12.6460 6.4050
         vertex -0.2500 12.6799 6.4453
         vertex 1.7391 12.6799 6.4453
      endloop
   endfacet
   facet normal 0.0000 0.8091 -0.5876
      outer loop
         vertex -0.2500 12.6460 6.4050
         vertex 1.7391 12.6799 6.4453
         vertex 1.7795 12.6460 6.4050
      endloop
   endfacet
   facet normal 0.0000 1.0000 0.0000
      outer loop
         vertex 1.7152 12.7000 6.6797
         vertex 1.7152 12.7000 6.5203
         vertex -0.2500 12.7000 6.5203
      endloop
   endfacet
   facet normal 0.0000 1.0000 0.0000
      outer loop
         vertex 1.7152 12.7000 6.6797
         vertex -0.2500 12.7000 6.5203
         vertex -0.2500 12.7000 6.6797
      endloop
   endfacet
   facet normal 0.0000 -0.3399 -0.9405
      outer loop
         vertex -0.2500 12.2677 6.2201
         vertex -0.2500 12.3427 6.2000
         vertex 2.1410 12.3427 6.2000
      endloop
   endfacet
   facet normal 0.0000 -0.4210 -0.9071
      outer loop
         vertex -0.2500 12.2677 6.2201
         vertex 2.1410 12.3427 6.2000
         vertex 2.2303 12.2677 6.2201
      endloop
   endfacet
   facet normal 0.0000 0.0000 -1.0000
      outer loop
         vertex -0.2500 12.3427 6.2000
         vertex -0.2500 12.3457 6.2000
         vertex 2.1374 12.3457 6.2000
      endloop
   endfacet
   facet normal 0.0000 0.0000 -1.0000
      outer loop
         vertex -0.2500 12.3427 6.2000
         vertex 2.1374 12.3457 6.2000
         vertex 2.1410 12.3427 6.2000
      endloop
   endfacet
   facet normal 0.0000 0.3682 -0.9297
      outer loop
         vertex -0.2500 12.3457 6.2000
         vertex -0.2500 12.4207 6.2201
         vertex 2.0480 12.4207 6.2201
      endloop
   endfacet
   facet normal 0.0000 0.3137 -0.9495
      outer loop
         vertex -0.2500 12.3457 6.2000
         vertex 2.0480 12.4207 6.2201
         vertex 2.1374 12.3457 6.2000
      endloop
   endfacet
   facet normal 0.0000 0.5243 -0.8515
      outer loop
         vertex -0.2500 12.4207 6.2201
         vertex -0.2500 12.4417 6.2348
         vertex 2.0230 12.4417 6.2348
      endloop
   endfacet
   facet normal 0.0000 0.4741 -0.8805
      outer loop
         vertex -0.2500 12.4207 6.2201
         vertex 2.0230 12.4417 6.2348
         vertex 2.0480 12.4207 6.2201
      endloop
   endfacet
   facet normal 0.0000 -0.8944 -0.4472
      outer loop
         vertex -0.2500 12.1915 6.3171
         vertex -0.2500 12.2085 6.2829
         vertex 2.3008 12.2085 6.2829
      endloop
   endfacet
   facet normal 0.0000 -0.8944 -0.4472
      outer loop
         vertex -0.2500 12.1915 6.3171
         vertex 2.3008 12.2085 6.2829
         vertex 2.3212 12.1915 6.3171
      endloop
   endfacet
   facet normal 0.0000 -0.8306 -0.5568
      outer loop
         vertex -0.2500 12.2085 6.2829
         vertex -0.2500 12.2128 6.2750
         vertex 2.2958 12.2128 6.2750
      endloop
   endfacet
   facet normal 0.0000 -0.8567 -0.5157
      outer loop
         vertex -0.2500 12.2085 6.2829
         vertex 2.2958 12.2128 6.2750
         vertex 2.3008 12.2085 6.2829
      endloop
   endfacet
   facet normal 0.0000 -0.4210 -0.9071
      outer loop
         vertex -0.2500 12.0573 6.4000
         vertex -0.2500 12.1323 6.3799
         vertex 2.3917 12.1323 6.3799
      endloop
   endfacet
   facet normal 0.0000 -0.3399 -0.9405
      outer loop
         vertex -0.2500 12.0573 6.4000
         vertex 2.3917 12.1323 6.3799
         vertex 2.4811 12.0573 6.4000
      endloop
   endfacet
   facet normal 0.0000 -0.7163 -0.6978
      outer loop
         vertex -0.2500 12.1323 6.3799
         vertex -0.2500 12.1872 6.3250
         vertex 2.3263 12.1872 6.3250
      endloop
   endfacet
   facet normal 0.0000 -0.6138 -0.7895
      outer loop
         vertex -0.2500 12.1323 6.3799
         vertex 2.3263 12.1872 6.3250
         vertex 2.3917 12.1323 6.3799
      endloop
   endfacet
   facet normal 0.0000 1.0000 0.0000
      outer loop
         vertex -0.2500 11.7500 6.2000
         vertex -0.2500 11.7500 6.2500
         vertex 2.8473 11.7500 6.2500
      endloop
   endfacet
   facet normal 0.0000 1.0000 0.0000
      outer loop
         vertex -0.2500 11.7500 6.2000
         vertex 2.8473 11.7500 6.2500
         vertex 2.8473 11.7500 6.2000
      endloop
   endfacet
   facet normal 0.0000 0.9071 -0.4210
      outer loop
         vertex -0.2500 11.7500 6.2500
         vertex -0.2500 11.7701 6.3250
         vertex 2.8234 11.7701 6.3250
      endloop
   endfacet
   facet normal 0.0000 0.9405 -0.3399
      outer loop
         vertex -0.2500 11.7500 6.2500
         vertex 2.8234 11.7701 6.3250
         vertex 2.8473 11.7500 6.2500
      endloop
   endfacet
   facet normal 0.0000 0.6414 -0.7672
      outer loop
         vertex -0.2500 11.7701 6.3250
         vertex -0.2500 11.8250 6.3799
         vertex 2.7579 11.8250 6.3799
      endloop
   endfacet
   facet normal 0.0000 0.7672 -0.6414
      outer loop
         vertex -0.2500 11.7701 6.3250
         vertex 2.7579 11.8250 6.3799
         vertex 2.8234 11.7701 6.3250
      endloop
   endfacet
   facet normal 0.0000 0.4210 0.9071
      outer loop
         vertex -0.2500 11.9000 3.3000
         vertex -0.2500 11.8250 3.3201
         vertex 2.7579 11.8250 3.3201
      endloop
   endfacet
   facet normal 0.0000 0.3399 0.9405
      outer loop
         vertex -0.2500 11.9000 3.3000
         vertex 2.7579 11.8250 3.3201
         vertex 2.6686 11.9000 3.3000
      endloop
   endfacet
   facet normal 0.0000 -0.8567 -0.5157
      outer loop
         vertex -0.2500 12.1872 2.8250
         vertex -0.2500 12.1915 2.8171
         vertex 2.3212 12.1915 2.8171
      endloop
   endfacet
   facet normal 0.0000 -0.8306 -0.5568
      outer loop
         vertex -0.2500 12.1872 2.8250
         vertex 2.3212 12.1915 2.8171
         vertex 2.3263 12.1872 2.8250
      endloop
   endfacet
   facet normal 0.0000 0.9449 -0.3274
      outer loop
         vertex -0.2500 12.6799 2.9453
         vertex -0.2500 12.7000 3.0203
         vertex 1.7152 12.7000 3.0203
      endloop
   endfacet
   facet normal 0.0000 0.9184 -0.3956
      outer loop
         vertex -0.2500 12.6799 2.9453
         vertex 1.7152 12.7000 3.0203
         vertex 1.7391 12.6799 2.9453
      endloop
   endfacet
   facet normal 0.0000 -0.6138 -0.7895
      outer loop
         vertex -0.2500 12.2128 2.7750
         vertex -0.2500 12.2677 2.7201
         vertex 2.2303 12.2677 2.7201
      endloop
   endfacet
   facet normal 0.0000 -0.7163 -0.6978
      outer loop
         vertex -0.2500 12.2128 2.7750
         vertex 2.2303 12.2677 2.7201
         vertex 2.2958 12.2128 2.7750
      endloop
   endfacet
   facet normal 0.0000 0.6402 -0.7682
      outer loop
         vertex -0.2500 12.4417 2.7348
         vertex -0.2500 12.6460 2.9050
         vertex 1.7795 12.6460 2.9050
      endloop
   endfacet
   facet normal 0.0000 0.6402 -0.7682
      outer loop
         vertex -0.2500 12.4417 2.7348
         vertex 1.7795 12.6460 2.9050
         vertex 2.0230 12.4417 2.7348
      endloop
   endfacet
   facet normal 0.0000 0.8500 -0.5268
      outer loop
         vertex -0.2500 12.6460 2.9050
         vertex -0.2500 12.6799 2.9453
         vertex 1.7391 12.6799 2.9453
      endloop
   endfacet
   facet normal 0.0000 0.8091 -0.5876
      outer loop
         vertex -0.2500 12.6460 2.9050
         vertex 1.7391 12.6799 2.9453
         vertex 1.7795 12.6460 2.9050
      endloop
   endfacet
   facet normal 0.0000 1.0000 0.0000
      outer loop
         vertex 1.7152 12.7000 3.1797
         vertex 1.7152 12.7000 3.0203
         vertex -0.2500 12.7000 3.0203
      endloop
   endfacet
   facet normal 0.0000 1.0000 0.0000
      outer loop
         vertex 1.7152 12.7000 3.1797
         vertex -0.2500 12.7000 3.0203
         vertex -0.2500 12.7000 3.1797
      endloop
   endfacet
   facet normal 0.0000 -0.3399 -0.9405
      outer loop
         vertex -0.2500 12.2677 2.7201
         vertex -0.2500 12.3427 2.7000
         vertex 2.1410 12.3427 2.7000
      endloop
   endfacet
   facet normal 0.0000 -0.4210 -0.9071
      outer loop
         vertex -0.2500 12.2677 2.7201
         vertex 2.1410 12.3427 2.7000
         vertex 2.2303 12.2677 2.7201
      endloop
   endfacet
   facet normal 0.0000 0.0000 -1.0000
      outer loop
         vertex -0.2500 12.3427 2.7000
         vertex -0.2500 12.3457 2.7000
         vertex 2.1374 12.3457 2.7000
      endloop
   endfacet
   facet normal 0.0000 0.0000 -1.0000
      outer loop
         vertex -0.2500 12.3427 2.7000
         vertex 2.1374 12.3457 2.7000
         vertex 2.1410 12.3427 2.7000
      endloop
   endfacet
   facet normal 0.0000 0.3682 -0.9297
      outer loop
         vertex -0.2500 12.3457 2.7000
         vertex -0.2500 12.4207 2.7201
         vertex 2.0480 12.4207 2.7201
      endloop
   endfacet
   facet normal 0.0000 0.3137 -0.9495
      outer loop
         vertex -0.2500 12.3457 2.7000
         vertex 2.0480 12.4207 2.7201
         vertex 2.1374 12.3457 2.7000
      endloop
   endfacet
   facet normal 0.0000 0.5243 -0.8515
      outer loop
         vertex -0.2500 12.4207 2.7201
         vertex -0.2500 12.4417 2.7348
         vertex 2.0230 12.4417 2.7348
      endloop
   endfacet
   facet normal 0.0000 0.4741 -0.8805
      outer loop
         vertex -0.2500 12.4207 2.7201
         vertex 2.0230 12.4417 2.7348
         vertex 2.0480 12.4207 2.7201
      endloop
   endfacet
   facet normal 0.0000 -0.8944 -0.4472
      outer loop
         vertex -0.2500 12.1915 2.8171
         vertex -0.2500 12.2085 2.7829
         vertex 2.3008 12.2085 2.7829
      endloop
   endfacet
   facet normal 0.0000 -0.8944 -0.4472
      outer loop
         vertex -0.2500 12.1915 2.8171
         vertex 2.3008 12.2085 2.7829
         vertex 2.3212 12.1915 2.8171
      endloop
   endfacet
   facet normal 0.0000 -0.8306 -0.5568
      outer loop
         vertex -0.2500 12.2085 2.7829
         vertex -0.2500 12.2128 2.7750
         vertex 2.2958 12.2128 2.7750
      endloop
   endfacet
   facet normal 0.0000 -0.8567 -0.5157
      outer loop
         vertex -0.2500 12.2085 2.7829
         vertex 2.2958 12.2128 2.7750
         vertex 2.3008 12.2085 2.7829
      endloop
   endfacet
   facet normal 0.0000 -0.4210 -0.9071
      outer loop
         vertex -0.2500 12.0573 2.9000
         vertex -0.2500 12.1323 2.8799
         vertex 2.3917 12.1323 2.8799
      endloop
   endfacet
   facet normal 0.0000 -0.3399 -0.9405
      outer loop
         vertex -0.2500 12.0573 2.9000
         vertex 2.3917 12.1323 2.8799
         vertex 2.4811 12.0573 2.9000
      endloop
   endfacet
   facet normal 0.0000 -0.7163 -0.6978
      outer loop
         vertex -0.2500 12.1323 2.8799
         vertex -0.2500 12.1872 2.8250
         vertex 2.3263 12.1872 2.8250
      endloop
   endfacet
   facet normal 0.0000 -0.6138 -0.7895
      outer loop
         vertex -0.2500 12.1323 2.8799
         vertex 2.3263 12.1872 2.8250
         vertex 2.3917 12.1323 2.8799
      endloop
   endfacet
   facet normal 0.0000 1.0000 0.0000
      outer loop
         vertex -0.2500 11.7500 2.7000
         vertex -0.2500 11.7500 2.7500
         vertex 2.8473 11.7500 2.7500
      endloop
   endfacet
   facet normal 0.0000 1.0000 0.0000
      outer loop
         vertex -0.2500 11.7500 2.7000
         vertex 2.8473 11.7500 2.7500
         vertex 2.8473 11.7500 2.7000
      endloop
   endfacet
   facet normal 0.0000 0.9071 -0.4210
      outer loop
         vertex -0.2500 11.7500 2.7500
         vertex -0.2500 11.7701 2.8250
         vertex 2.8234 11.7701 2.8250
      endloop
   endfacet
   facet normal 0.0000 0.9405 -0.3399
      outer loop
         vertex -0.2500 11.7500 2.7500
         vertex 2.8234 11.7701 2.8250
         vertex 2.8473 11.7500 2.7500
      endloop
   endfacet
   facet normal 0.0000 0.6414 -0.7672
      outer loop
         vertex -0.2500 11.7701 2.8250
         vertex -0.2500 11.8250 2.8799
         vertex 2.7579 11.8250 2.8799
      endloop
   endfacet
   facet normal 0.0000 0.7672 -0.6414
      outer loop
         vertex -0.2500 11.7701 2.8250
         vertex 2.7579 11.8250 2.8799
         vertex 2.8234 11.7701 2.8250
      endloop
   endfacet
   facet normal 0.0000 0.3399 -0.9405
      outer loop
         vertex -0.2500 11.8250 2.8799
         vertex -0.2500 11.9000 2.9000
         vertex 2.6686 11.9000 2.9000
      endloop
   endfacet
   facet normal 0.0000 0.4210 -0.9071
      outer loop
         vertex -0.2500 11.8250 2.8799
         vertex 2.6686 11.9000 2.9000
         vertex 2.7579 11.8250 2.8799
      endloop
   endfacet
   facet normal 0.0000 0.0000 -1.0000
      outer loop
         vertex -0.2500 11.9000 2.9000
         vertex -0.2500 12.0573 2.9000
         vertex 2.4811 12.0573 2.9000
      endloop
   endfacet
   facet normal 0.0000 0.0000 -1.0000
      outer loop
         vertex -0.2500 11.9000 2.9000
         vertex 2.4811 12.0573 2.9000
         vertex 2.6686 11.9000 2.9000
      endloop
   endfacet
   facet normal 0.0000 -0.6138 0.7895
      outer loop
         vertex -0.2500 12.1872 3.3750
         vertex -0.2500 12.1323 3.3201
         vertex 2.3917 12.1323 3.3201
      endloop
   endfacet
   facet normal 0.0000 -0.7163 0.6978
      outer loop
         vertex -0.2500 12.1872 3.3750
         vertex 2.3917 12.1323 3.3201
         vertex 2.3263 12.1872 3.3750
      endloop
   endfacet
   facet normal 0.0000 0.9184 0.3956
      outer loop
         vertex -0.2500 12.7000 3.1797
         vertex -0.2500 12.6799 3.2547
         vertex 1.7391 12.6799 3.2547
      endloop
   endfacet
   facet normal 0.0000 0.9449 0.3274
      outer loop
         vertex -0.2500 12.7000 3.1797
         vertex 1.7391 12.6799 3.2547
         vertex 1.7152 12.7000 3.1797
      endloop
   endfacet
   facet normal 0.0000 0.3137 0.9495
      outer loop
         vertex -0.2500 12.4207 3.4799
         vertex -0.2500 12.3457 3.5000
         vertex 2.1374 12.3457 3.5000
      endloop
   endfacet
   facet normal 0.0000 0.3682 0.9297
      outer loop
         vertex -0.2500 12.4207 3.4799
         vertex 2.1374 12.3457 3.5000
         vertex 2.0480 12.4207 3.4799
      endloop
   endfacet
   facet normal 0.0000 0.0000 1.0000
      outer loop
         vertex -0.2500 12.3457 3.5000
         vertex -0.2500 12.3427 3.5000
         vertex 2.1410 12.3427 3.5000
      endloop
   endfacet
   facet normal 0.0000 0.0000 1.0000
      outer loop
         vertex -0.2500 12.3457 3.5000
         vertex 2.1410 12.3427 3.5000
         vertex 2.1374 12.3457 3.5000
      endloop
   endfacet
   facet normal 0.0000 -0.3399 0.9405
      outer loop
         vertex 2.2303 12.2677 3.4799
         vertex 2.1410 12.3427 3.5000
         vertex -0.2500 12.3427 3.5000
      endloop
   endfacet
   facet normal 0.0000 -0.4210 0.9071
      outer loop
         vertex 2.2303 12.2677 3.4799
         vertex -0.2500 12.3427 3.5000
         vertex -0.2500 12.2677 3.4799
      endloop
   endfacet
   facet normal 0.0000 0.8091 0.5876
      outer loop
         vertex -0.2500 12.6799 3.2547
         vertex -0.2500 12.6460 3.2950
         vertex 1.7795 12.6460 3.2950
      endloop
   endfacet
   facet normal 0.0000 0.8500 0.5268
      outer loop
         vertex -0.2500 12.6799 3.2547
         vertex 1.7795 12.6460 3.2950
         vertex 1.7391 12.6799 3.2547
      endloop
   endfacet
   facet normal 0.0000 0.6402 0.7682
      outer loop
         vertex -0.2500 12.6460 3.2950
         vertex -0.2500 12.4417 3.4652
         vertex 2.0230 12.4417 3.4652
      endloop
   endfacet
   facet normal 0.0000 0.6402 0.7682
      outer loop
         vertex -0.2500 12.6460 3.2950
         vertex 2.0230 12.4417 3.4652
         vertex 1.7795 12.6460 3.2950
      endloop
   endfacet
   facet normal 0.0000 0.4741 0.8805
      outer loop
         vertex -0.2500 12.4417 3.4652
         vertex -0.2500 12.4207 3.4799
         vertex 2.0480 12.4207 3.4799
      endloop
   endfacet
   facet normal 0.0000 0.5243 0.8515
      outer loop
         vertex -0.2500 12.4417 3.4652
         vertex 2.0480 12.4207 3.4799
         vertex 2.0230 12.4417 3.4652
      endloop
   endfacet
   facet normal 0.0000 -0.6138 0.7895
      outer loop
         vertex 2.2958 12.2128 3.4250
         vertex 2.2303 12.2677 3.4799
         vertex -0.2500 12.2677 3.4799
      endloop
   endfacet
   facet normal 0.0000 -0.7163 0.6978
      outer loop
         vertex 2.2958 12.2128 3.4250
         vertex -0.2500 12.2677 3.4799
         vertex -0.2500 12.2128 3.4250
      endloop
   endfacet
   facet normal 0.0000 -0.8306 0.5568
      outer loop
         vertex -0.2500 12.1915 3.3829
         vertex -0.2500 12.1872 3.3750
         vertex 2.3263 12.1872 3.3750
      endloop
   endfacet
   facet normal 0.0000 -0.8567 0.5157
      outer loop
         vertex -0.2500 12.1915 3.3829
         vertex 2.3263 12.1872 3.3750
         vertex 2.3212 12.1915 3.3829
      endloop
   endfacet
   facet normal 0.0000 -0.8567 0.5157
      outer loop
         vertex -0.2500 12.2128 3.4250
         vertex -0.2500 12.2085 3.4171
         vertex 2.3008 12.2085 3.4171
      endloop
   endfacet
   facet normal 0.0000 -0.8306 0.5568
      outer loop
         vertex -0.2500 12.2128 3.4250
         vertex 2.3008 12.2085 3.4171
         vertex 2.2958 12.2128 3.4250
      endloop
   endfacet
   facet normal 0.0000 -0.8944 0.4472
      outer loop
         vertex -0.2500 12.2085 3.4171
         vertex -0.2500 12.1915 3.3829
         vertex 2.3212 12.1915 3.3829
      endloop
   endfacet
   facet normal 0.0000 -0.8944 0.4472
      outer loop
         vertex -0.2500 12.2085 3.4171
         vertex 2.3212 12.1915 3.3829
         vertex 2.3008 12.2085 3.4171
      endloop
   endfacet
   facet normal 0.0000 -0.4210 0.9071
      outer loop
         vertex 2.4811 12.0573 3.3000
         vertex 2.3917 12.1323 3.3201
         vertex -0.2500 12.1323 3.3201
      endloop
   endfacet
   facet normal 0.0000 -0.3399 0.9405
      outer loop
         vertex 2.4811 12.0573 3.3000
         vertex -0.2500 12.1323 3.3201
         vertex -0.2500 12.0573 3.3000
      endloop
   endfacet
   facet normal 0.0000 0.0000 1.0000
      outer loop
         vertex -0.2500 12.0573 3.3000
         vertex -0.2500 11.9000 3.3000
         vertex 2.6686 11.9000 3.3000
      endloop
   endfacet
   facet normal 0.0000 0.0000 1.0000
      outer loop
         vertex -0.2500 12.0573 3.3000
         vertex 2.6686 11.9000 3.3000
         vertex 2.4811 12.0573 3.3000
      endloop
   endfacet
   facet normal 0.0000 0.7672 0.6414
      outer loop
         vertex -0.2500 11.8250 3.3201
         vertex -0.2500 11.7701 3.3750
         vertex 2.8234 11.7701 3.3750
      endloop
   endfacet
   facet normal 0.0000 0.6414 0.7672
      outer loop
         vertex -0.2500 11.8250 3.3201
         vertex 2.8234 11.7701 3.3750
         vertex 2.7579 11.8250 3.3201
      endloop
   endfacet
   facet normal 0.0000 0.9405 0.3399
      outer loop
         vertex -0.2500 11.7701 3.3750
         vertex -0.2500 11.7500 3.4500
         vertex 2.8473 11.7500 3.4500
      endloop
   endfacet
   facet normal 0.0000 0.9071 0.4210
      outer loop
         vertex -0.2500 11.7701 3.3750
         vertex 2.8473 11.7500 3.4500
         vertex 2.8234 11.7701 3.3750
      endloop
   endfacet
   facet normal 0.0000 1.0000 0.0000
      outer loop
         vertex -0.2500 11.7500 3.4500
         vertex -0.2500 11.7500 3.5000
         vertex 2.8473 11.7500 3.5000
      endloop
   endfacet
   facet normal 0.0000 1.0000 0.0000
      outer loop
         vertex -0.2500 11.7500 3.4500
         vertex 2.8473 11.7500 3.5000
         vertex 2.8473 11.7500 3.4500
      endloop
   endfacet
   facet normal 0.0000 0.3399 -0.9405
      outer loop
         vertex -0.2500 11.8250 6.3799
         vertex -0.2500 11.9000 6.4000
         vertex 2.6686 11.9000 6.4000
      endloop
   endfacet
   facet normal 0.0000 0.4210 -0.9071
      outer loop
         vertex -0.2500 11.8250 6.3799
         vertex 2.6686 11.9000 6.4000
         vertex 2.7579 11.8250 6.3799
      endloop
   endfacet
   facet normal 0.0000 0.0000 -1.0000
      outer loop
         vertex -0.2500 11.9000 6.4000
         vertex -0.2500 12.0573 6.4000
         vertex 2.4811 12.0573 6.4000
      endloop
   endfacet
   facet normal 0.0000 0.0000 -1.0000
      outer loop
         vertex -0.2500 11.9000 6.4000
         vertex 2.4811 12.0573 6.4000
         vertex 2.6686 11.9000 6.4000
      endloop
   endfacet
   facet normal 0.0000 -0.6138 0.7895
      outer loop
         vertex -0.2500 12.1872 6.8750
         vertex -0.2500 12.1323 6.8201
         vertex 2.3917 12.1323 6.8201
      endloop
   endfacet
   facet normal 0.0000 -0.7163 0.6978
      outer loop
         vertex -0.2500 12.1872 6.8750
         vertex 2.3917 12.1323 6.8201
         vertex 2.3263 12.1872 6.8750
      endloop
   endfacet
   facet normal 0.0000 0.9184 0.3956
      outer loop
         vertex -0.2500 12.7000 6.6797
         vertex -0.2500 12.6799 6.7547
         vertex 1.7391 12.6799 6.7547
      endloop
   endfacet
   facet normal 0.0000 0.9449 0.3274
      outer loop
         vertex -0.2500 12.7000 6.6797
         vertex 1.7391 12.6799 6.7547
         vertex 1.7152 12.7000 6.6797
      endloop
   endfacet
   facet normal 0.0000 0.3137 0.9495
      outer loop
         vertex -0.2500 12.4207 6.9799
         vertex -0.2500 12.3457 7.0000
         vertex 2.1374 12.3457 7.0000
      endloop
   endfacet
   facet normal 0.0000 0.3682 0.9297
      outer loop
         vertex -0.2500 12.4207 6.9799
         vertex 2.1374 12.3457 7.0000
         vertex 2.0480 12.4207 6.9799
      endloop
   endfacet
   facet normal 0.0000 -0.3399 0.9405
      outer loop
         vertex 2.2303 12.2677 6.9799
         vertex 2.1410 12.3427 7.0000
         vertex -0.2500 12.3427 7.0000
      endloop
   endfacet
   facet normal 0.0000 -0.4210 0.9071
      outer loop
         vertex 2.2303 12.2677 6.9799
         vertex -0.2500 12.3427 7.0000
         vertex -0.2500 12.2677 6.9799
      endloop
   endfacet
   facet normal 0.0000 0.8091 0.5876
      outer loop
         vertex -0.2500 12.6799 6.7547
         vertex -0.2500 12.6460 6.7950
         vertex 1.7795 12.6460 6.7950
      endloop
   endfacet
   facet normal 0.0000 0.8500 0.5268
      outer loop
         vertex -0.2500 12.6799 6.7547
         vertex 1.7795 12.6460 6.7950
         vertex 1.7391 12.6799 6.7547
      endloop
   endfacet
   facet normal 0.0000 0.6402 0.7682
      outer loop
         vertex -0.2500 12.6460 6.7950
         vertex -0.2500 12.4417 6.9652
         vertex 2.0230 12.4417 6.9652
      endloop
   endfacet
   facet normal 0.0000 0.6402 0.7682
      outer loop
         vertex -0.2500 12.6460 6.7950
         vertex 2.0230 12.4417 6.9652
         vertex 1.7795 12.6460 6.7950
      endloop
   endfacet
   facet normal 0.0000 0.4741 0.8805
      outer loop
         vertex -0.2500 12.4417 6.9652
         vertex -0.2500 12.4207 6.9799
         vertex 2.0480 12.4207 6.9799
      endloop
   endfacet
   facet normal 0.0000 0.5243 0.8515
      outer loop
         vertex -0.2500 12.4417 6.9652
         vertex 2.0480 12.4207 6.9799
         vertex 2.0230 12.4417 6.9652
      endloop
   endfacet
   facet normal 0.0000 -0.6138 0.7895
      outer loop
         vertex 2.2958 12.2128 6.9250
         vertex 2.2303 12.2677 6.9799
         vertex -0.2500 12.2677 6.9799
      endloop
   endfacet
   facet normal 0.0000 -0.7163 0.6978
      outer loop
         vertex 2.2958 12.2128 6.9250
         vertex -0.2500 12.2677 6.9799
         vertex -0.2500 12.2128 6.9250
      endloop
   endfacet
   facet normal 0.0000 -0.8306 0.5568
      outer loop
         vertex -0.2500 12.1915 6.8829
         vertex -0.2500 12.1872 6.8750
         vertex 2.3263 12.1872 6.8750
      endloop
   endfacet
   facet normal 0.0000 -0.8567 0.5157
      outer loop
         vertex -0.2500 12.1915 6.8829
         vertex 2.3263 12.1872 6.8750
         vertex 2.3212 12.1915 6.8829
      endloop
   endfacet
   facet normal 0.0000 -0.8567 0.5157
      outer loop
         vertex -0.2500 12.2128 6.9250
         vertex -0.2500 12.2085 6.9171
         vertex 2.3008 12.2085 6.9171
      endloop
   endfacet
   facet normal 0.0000 -0.8306 0.5568
      outer loop
         vertex -0.2500 12.2128 6.9250
         vertex 2.3008 12.2085 6.9171
         vertex 2.2958 12.2128 6.9250
      endloop
   endfacet
   facet normal 0.0000 -0.8944 0.4472
      outer loop
         vertex -0.2500 12.2085 6.9171
         vertex -0.2500 12.1915 6.8829
         vertex 2.3212 12.1915 6.8829
      endloop
   endfacet
   facet normal 0.0000 -0.8944 0.4472
      outer loop
         vertex -0.2500 12.2085 6.9171
         vertex 2.3212 12.1915 6.8829
         vertex 2.3008 12.2085 6.9171
      endloop
   endfacet
   facet normal 0.0000 -0.4210 0.9071
      outer loop
         vertex 2.4811 12.0573 6.8000
         vertex 2.3917 12.1323 6.8201
         vertex -0.2500 12.1323 6.8201
      endloop
   endfacet
   facet normal 0.0000 -0.3399 0.9405
      outer loop
         vertex 2.4811 12.0573 6.8000
         vertex -0.2500 12.1323 6.8201
         vertex -0.2500 12.0573 6.8000
      endloop
   endfacet
   facet normal 0.0000 0.0000 1.0000
      outer loop
         vertex -0.2500 12.0573 6.8000
         vertex -0.2500 11.9000 6.8000
         vertex 2.6686 11.9000 6.8000
      endloop
   endfacet
   facet normal 0.0000 0.0000 1.0000
      outer loop
         vertex -0.2500 12.0573 6.8000
         vertex 2.6686 11.9000 6.8000
         vertex 2.4811 12.0573 6.8000
      endloop
   endfacet
   facet normal 0.0000 0.7672 0.6414
      outer loop
         vertex -0.2500 11.8250 6.8201
         vertex -0.2500 11.7701 6.8750
         vertex 2.8234 11.7701 6.8750
      endloop
   endfacet
   facet normal 0.0000 0.6414 0.7672
      outer loop
         vertex -0.2500 11.8250 6.8201
         vertex 2.8234 11.7701 6.8750
         vertex 2.7579 11.8250 6.8201
      endloop
   endfacet
   facet normal 0.0000 0.9405 0.3399
      outer loop
         vertex -0.2500 11.7701 6.8750
         vertex -0.2500 11.7500 6.9500
         vertex 2.8473 11.7500 6.9500
      endloop
   endfacet
   facet normal 0.0000 0.9071 0.4210
      outer loop
         vertex -0.2500 11.7701 6.8750
         vertex 2.8473 11.7500 6.9500
         vertex 2.8234 11.7701 6.8750
      endloop
   endfacet
   facet normal 0.0000 1.0000 0.0000
      outer loop
         vertex -0.2500 11.7500 6.9500
         vertex -0.2500 11.7500 7.0000
         vertex 2.8473 11.7500 7.0000
      endloop
   endfacet
   facet normal 0.0000 1.0000 0.0000
      outer loop
         vertex -0.2500 11.7500 6.9500
         vertex 2.8473 11.7500 7.0000
         vertex 2.8473 11.7500 6.9500
      endloop
   endfacet
   facet normal -0.6428 -0.7660 0.0000
      outer loop
         vertex 3.8426 11.0000 0.0500
         vertex 4.3586 10.5670 0.0500
         vertex 4.3586 10.5670 2.6500
      endloop
   endfacet
   facet normal -0.6428 -0.7660 0.0000
      outer loop
         vertex 3.8426 11.0000 0.0500
         vertex 4.3586 10.5670 2.6500
         vertex 3.8426 11.0000 2.6500
      endloop
   endfacet
   facet normal -0.1682 -0.9858 0.0000
      outer loop
         vertex 4.4300 10.5170 0.0500
         vertex 4.6800 10.4500 0.0500
         vertex 4.6800 10.4500 2.6500
      endloop
   endfacet
   facet normal -0.2997 -0.9540 0.0000
      outer loop
         vertex 4.4300 10.5170 0.0500
         vertex 4.6800 10.4500 2.6500
         vertex 4.4300 10.5170 2.6500
      endloop
   endfacet
   facet normal -0.4751 -0.8799 0.0000
      outer loop
         vertex 4.3586 10.5670 0.0500
         vertex 4.4300 10.5170 0.0500
         vertex 4.4300 10.5170 2.6500
      endloop
   endfacet
   facet normal -0.5255 -0.8508 0.0000
      outer loop
         vertex 4.3586 10.5670 0.0500
         vertex 4.4300 10.5170 2.6500
         vertex 4.3586 10.5670 2.6500
      endloop
   endfacet
   facet normal 0.7549 0.0000 -0.6558
      outer loop
         vertex 7.2368 12.7214 0.1572
         vertex 7.2368 11.4413 0.1572
         vertex 7.0904 12.7500 0.0108
      endloop
   endfacet
   facet normal 0.7110 0.0000 -0.7031
      outer loop
         vertex 7.2368 12.7214 0.1572
         vertex 7.0904 12.7500 0.0108
         vertex 7.1296 12.7500 0.0500
      endloop
   endfacet
   facet normal 0.7503 0.0000 -0.6611
      outer loop
         vertex 7.2368 12.7214 0.1572
         vertex 7.1296 12.7500 0.0500
         vertex 7.1300 12.7500 0.0504
      endloop
   endfacet
   facet normal 0.6207 0.0000 -0.7840
      outer loop
         vertex 7.1296 11.3981 0.0500
         vertex 7.0904 11.3823 0.0108
         vertex 7.0904 12.7500 0.0108
      endloop
   endfacet
   facet normal 0.7110 0.0000 -0.7031
      outer loop
         vertex 7.1296 11.3981 0.0500
         vertex 7.0904 12.7500 0.0108
         vertex 7.2368 11.4413 0.1572
      endloop
   endfacet
   facet normal 0.7110 0.0000 0.7031
      outer loop
         vertex 7.1296 11.3981 2.6500
         vertex 7.2368 11.4413 2.5428
         vertex 7.0904 12.7500 2.6892
      endloop
   endfacet
   facet normal 0.7549 0.0000 0.6558
      outer loop
         vertex 7.0904 12.7500 2.6892
         vertex 7.2368 11.4413 2.5428
         vertex 7.2368 12.7214 2.5428
      endloop
   endfacet
   facet normal 0.7110 0.0000 0.7031
      outer loop
         vertex 7.0904 12.7500 2.6892
         vertex 7.2368 12.7214 2.5428
         vertex 7.1296 12.7500 2.6500
      endloop
   endfacet
   facet normal 0.7503 0.0000 0.6611
      outer loop
         vertex 7.1296 12.7500 2.6500
         vertex 7.2368 12.7214 2.5428
         vertex 7.1300 12.7500 2.6496
      endloop
   endfacet
   facet normal 0.6207 0.0000 0.7840
      outer loop
         vertex 7.1296 11.3981 2.6500
         vertex 7.0904 12.7500 2.6892
         vertex 7.0904 11.3823 2.6892
      endloop
   endfacet
   facet normal 0.4380 -0.8990 0.0000
      outer loop
         vertex 7.2421 11.4435 2.5302
         vertex 7.2421 11.4435 0.1698
         vertex 7.2749 11.4595 0.2469
      endloop
   endfacet
   facet normal 0.4865 -0.8737 0.0000
      outer loop
         vertex 7.2421 11.4435 2.5302
         vertex 7.2749 11.4595 0.2469
         vertex 7.2800 11.4619 0.2653
      endloop
   endfacet
   facet normal 0.5342 -0.8454 0.0000
      outer loop
         vertex 7.2421 11.4435 2.5302
         vertex 7.2800 11.4619 0.2653
         vertex 7.2800 11.4619 2.4347
      endloop
   endfacet
   facet normal 0.4865 -0.8737 0.0000
      outer loop
         vertex 7.2421 11.4435 2.5302
         vertex 7.2800 11.4619 2.4347
         vertex 7.2749 11.4595 2.4531
      endloop
   endfacet
   facet normal 0.3738 -0.9275 0.0000
      outer loop
         vertex 7.2421 11.4435 0.1698
         vertex 7.2421 11.4435 2.5302
         vertex 7.2368 11.4413 2.5428
      endloop
   endfacet
   facet normal 0.3738 -0.9275 0.0000
      outer loop
         vertex 7.2421 11.4435 0.1698
         vertex 7.2368 11.4413 2.5428
         vertex 7.1296 11.3981 2.6500
      endloop
   endfacet
   facet normal 0.3738 -0.9275 0.0000
      outer loop
         vertex 7.2421 11.4435 0.1698
         vertex 7.1296 11.3981 2.6500
         vertex 4.8669 10.4862 2.6500
      endloop
   endfacet
   facet normal 0.3738 -0.9275 0.0000
      outer loop
         vertex 7.2421 11.4435 0.1698
         vertex 4.8669 10.4862 2.6500
         vertex 4.8669 10.4862 0.0500
      endloop
   endfacet
   facet normal 0.3738 -0.9275 0.0000
      outer loop
         vertex 7.2421 11.4435 0.1698
         vertex 4.8669 10.4862 0.0500
         vertex 7.1296 11.3981 0.0500
      endloop
   endfacet
   facet normal 0.3738 -0.9275 0.0000
      outer loop
         vertex 7.2421 11.4435 0.1698
         vertex 7.1296 11.3981 0.0500
         vertex 7.2368 11.4413 0.1572
      endloop
   endfacet
   facet normal 0.1172 -0.9931 0.0000
      outer loop
         vertex 4.6800 10.4500 0.0500
         vertex 4.8669 10.4862 0.0500
         vertex 4.8669 10.4862 2.6500
      endloop
   endfacet
   facet normal 0.0416 -0.9991 0.0000
      outer loop
         vertex 4.6800 10.4500 0.0500
         vertex 4.8669 10.4862 2.6500
         vertex 4.6800 10.4500 2.6500
      endloop
   endfacet
   facet normal 0.9750 0.0000 -0.2222
      outer loop
         vertex 7.2937 12.6961 0.3147
         vertex 7.2937 11.4756 0.3147
         vertex 7.2800 11.4619 0.2653
      endloop
   endfacet
   facet normal 0.9696 0.0000 -0.2448
      outer loop
         vertex 7.2937 12.6961 0.3147
         vertex 7.2800 11.4619 0.2653
         vertex 7.2749 11.4595 0.2469
      endloop
   endfacet
   facet normal 0.9696 0.0000 -0.2448
      outer loop
         vertex 7.2937 12.6961 0.3147
         vertex 7.2749 11.4595 0.2469
         vertex 7.2749 12.7112 0.2469
      endloop
   endfacet
   facet normal 0.9696 0.0000 -0.2448
      outer loop
         vertex 7.2937 12.6961 0.3147
         vertex 7.2749 12.7112 0.2469
         vertex 7.2800 12.7098 0.2653
      endloop
   endfacet
   facet normal 0.8940 0.0000 -0.4481
      outer loop
         vertex 7.2368 12.7214 0.1572
         vertex 7.2749 12.7112 0.2469
         vertex 7.2749 11.4595 0.2469
      endloop
   endfacet
   facet normal 0.8940 0.0000 -0.4481
      outer loop
         vertex 7.2368 12.7214 0.1572
         vertex 7.2749 11.4595 0.2469
         vertex 7.2421 11.4435 0.1698
      endloop
   endfacet
   facet normal 0.8634 0.0000 -0.5045
      outer loop
         vertex 7.2368 12.7214 0.1572
         vertex 7.2421 11.4435 0.1698
         vertex 7.2368 11.4413 0.1572
      endloop
   endfacet
   facet normal 0.9750 0.0000 0.2222
      outer loop
         vertex 7.2937 11.4756 2.3853
         vertex 7.2937 12.6961 2.3853
         vertex 7.2800 12.7098 2.4347
      endloop
   endfacet
   facet normal 0.9696 0.0000 0.2448
      outer loop
         vertex 7.2937 11.4756 2.3853
         vertex 7.2800 12.7098 2.4347
         vertex 7.2749 12.7112 2.4531
      endloop
   endfacet
   facet normal 0.9696 0.0000 0.2448
      outer loop
         vertex 7.2937 11.4756 2.3853
         vertex 7.2749 12.7112 2.4531
         vertex 7.2749 11.4595 2.4531
      endloop
   endfacet
   facet normal 0.9696 0.0000 0.2448
      outer loop
         vertex 7.2937 11.4756 2.3853
         vertex 7.2749 11.4595 2.4531
         vertex 7.2800 11.4619 2.4347
      endloop
   endfacet
   facet normal 0.8634 0.0000 0.5045
      outer loop
         vertex 7.2368 12.7214 2.5428
         vertex 7.2368 11.4413 2.5428
         vertex 7.2421 11.4435 2.5302
      endloop
   endfacet
   facet normal 0.8940 0.0000 0.4481
      outer loop
         vertex 7.2368 12.7214 2.5428
         vertex 7.2421 11.4435 2.5302
         vertex 7.2749 11.4595 2.4531
      endloop
   endfacet
   facet normal 0.8940 0.0000 0.4481
      outer loop
         vertex 7.2368 12.7214 2.5428
         vertex 7.2749 11.4595 2.4531
         vertex 7.2749 12.7112 2.4531
      endloop
   endfacet
   facet normal 0.4210 0.9071 0.0000
      outer loop
         vertex 7.2800 12.7098 2.4347
         vertex 7.2800 12.7098 0.2653
         vertex 7.2749 12.7112 0.2469
      endloop
   endfacet
   facet normal 0.3399 0.9405 0.0000
      outer loop
         vertex 7.2800 12.7098 2.4347
         vertex 7.2749 12.7112 0.2469
         vertex 7.2368 12.7214 0.1572
      endloop
   endfacet
   facet normal 0.3399 0.9405 0.0000
      outer loop
         vertex 7.2800 12.7098 2.4347
         vertex 7.2368 12.7214 0.1572
         vertex 7.1300 12.7500 0.0504
      endloop
   endfacet
   facet normal 0.3399 0.9405 0.0000
      outer loop
         vertex 7.2800 12.7098 2.4347
         vertex 7.1300 12.7500 0.0504
         vertex 7.1300 12.7500 2.6496
      endloop
   endfacet
   facet normal 0.3399 0.9405 0.0000
      outer loop
         vertex 7.2800 12.7098 2.4347
         vertex 7.1300 12.7500 2.6496
         vertex 7.2368 12.7214 2.5428
      endloop
   endfacet
   facet normal 0.3399 0.9405 0.0000
      outer loop
         vertex 7.2800 12.7098 2.4347
         vertex 7.2368 12.7214 2.5428
         vertex 7.2749 12.7112 2.4531
      endloop
   endfacet
   facet normal 0.9071 -0.4210 0.0000
      outer loop
         vertex 7.3898 11.5717 1.6553
         vertex 7.3898 11.5717 1.0447
         vertex 7.4300 11.7217 1.3500
      endloop
   endfacet
   facet normal 0.6250 -0.7806 0.0000
      outer loop
         vertex 7.2800 11.4619 2.4347
         vertex 7.2800 11.4619 0.2653
         vertex 7.2937 11.4756 0.3147
      endloop
   endfacet
   facet normal 0.7280 -0.6856 0.0000
      outer loop
         vertex 7.2800 11.4619 2.4347
         vertex 7.2937 11.4756 0.3147
         vertex 7.3898 11.5717 1.0447
      endloop
   endfacet
   facet normal 0.7855 -0.6188 0.0000
      outer loop
         vertex 7.2800 11.4619 2.4347
         vertex 7.3898 11.5717 1.0447
         vertex 7.3898 11.5717 1.6553
      endloop
   endfacet
   facet normal 0.7280 -0.6856 0.0000
      outer loop
         vertex 7.2800 11.4619 2.4347
         vertex 7.3898 11.5717 1.6553
         vertex 7.2937 11.4756 2.3853
      endloop
   endfacet
   facet normal 0.9843 0.0000 0.1765
      outer loop
         vertex 7.2937 12.6961 2.3853
         vertex 7.2937 11.4756 2.3853
         vertex 7.3898 11.5717 1.6553
      endloop
   endfacet
   facet normal 0.9939 0.0000 0.1106
      outer loop
         vertex 7.2937 12.6961 2.3853
         vertex 7.3898 11.5717 1.6553
         vertex 7.4300 11.7217 1.3500
      endloop
   endfacet
   facet normal 0.9978 0.0000 0.0670
      outer loop
         vertex 7.2937 12.6961 2.3853
         vertex 7.4300 11.7217 1.3500
         vertex 7.4300 12.4500 1.3500
      endloop
   endfacet
   facet normal 0.9939 0.0000 0.1106
      outer loop
         vertex 7.2937 12.6961 2.3853
         vertex 7.4300 12.4500 1.3500
         vertex 7.3898 12.6000 1.6553
      endloop
   endfacet
   facet normal 0.9843 0.0000 -0.1765
      outer loop
         vertex 7.2937 11.4756 0.3147
         vertex 7.2937 12.6961 0.3147
         vertex 7.3898 12.6000 1.0447
      endloop
   endfacet
   facet normal 0.9939 0.0000 -0.1106
      outer loop
         vertex 7.2937 11.4756 0.3147
         vertex 7.3898 12.6000 1.0447
         vertex 7.4300 12.4500 1.3500
      endloop
   endfacet
   facet normal 0.9978 0.0000 -0.0670
      outer loop
         vertex 7.2937 11.4756 0.3147
         vertex 7.4300 12.4500 1.3500
         vertex 7.4300 11.7217 1.3500
      endloop
   endfacet
   facet normal 0.9939 0.0000 -0.1106
      outer loop
         vertex 7.2937 11.4756 0.3147
         vertex 7.4300 11.7217 1.3500
         vertex 7.3898 11.5717 1.0447
      endloop
   endfacet
   facet normal 0.5751 0.8181 0.0000
      outer loop
         vertex 7.2800 12.7098 0.2653
         vertex 7.2800 12.7098 2.4347
         vertex 7.2937 12.6961 2.3853
      endloop
   endfacet
   facet normal 0.7071 0.7071 0.0000
      outer loop
         vertex 7.2800 12.7098 0.2653
         vertex 7.2937 12.6961 2.3853
         vertex 7.3898 12.6000 1.6553
      endloop
   endfacet
   facet normal 0.7672 0.6414 0.0000
      outer loop
         vertex 7.2800 12.7098 0.2653
         vertex 7.3898 12.6000 1.6553
         vertex 7.3898 12.6000 1.0447
      endloop
   endfacet
   facet normal 0.7071 0.7071 0.0000
      outer loop
         vertex 7.2800 12.7098 0.2653
         vertex 7.3898 12.6000 1.0447
         vertex 7.2937 12.6961 0.3147
      endloop
   endfacet
   facet normal 0.9071 0.4210 0.0000
      outer loop
         vertex 7.4300 12.4500 1.3500
         vertex 7.3898 12.6000 1.0447
         vertex 7.3898 12.6000 1.6553
      endloop
   endfacet
   facet normal -0.6428 -0.7660 0.0000
      outer loop
         vertex 3.8426 11.0000 3.5500
         vertex 4.3586 10.5670 3.5500
         vertex 4.3586 10.5670 6.1500
      endloop
   endfacet
   facet normal -0.6428 -0.7660 0.0000
      outer loop
         vertex 3.8426 11.0000 3.5500
         vertex 4.3586 10.5670 6.1500
         vertex 3.8426 11.0000 6.1500
      endloop
   endfacet
   facet normal -0.1682 -0.9858 0.0000
      outer loop
         vertex 4.4300 10.5170 3.5500
         vertex 4.6800 10.4500 3.5500
         vertex 4.6800 10.4500 6.1500
      endloop
   endfacet
   facet normal -0.2997 -0.9540 0.0000
      outer loop
         vertex 4.4300 10.5170 3.5500
         vertex 4.6800 10.4500 6.1500
         vertex 4.4300 10.5170 6.1500
      endloop
   endfacet
   facet normal -0.4751 -0.8799 0.0000
      outer loop
         vertex 4.3586 10.5670 3.5500
         vertex 4.4300 10.5170 3.5500
         vertex 4.4300 10.5170 6.1500
      endloop
   endfacet
   facet normal -0.5255 -0.8508 0.0000
      outer loop
         vertex 4.3586 10.5670 3.5500
         vertex 4.4300 10.5170 6.1500
         vertex 4.3586 10.5670 6.1500
      endloop
   endfacet
   facet normal 0.7549 0.0000 -0.6558
      outer loop
         vertex 7.2368 12.7214 3.6572
         vertex 7.2368 11.4413 3.6572
         vertex 7.0904 12.7500 3.5108
      endloop
   endfacet
   facet normal 0.7110 0.0000 -0.7031
      outer loop
         vertex 7.2368 12.7214 3.6572
         vertex 7.0904 12.7500 3.5108
         vertex 7.1296 12.7500 3.5500
      endloop
   endfacet
   facet normal 0.7503 0.0000 -0.6611
      outer loop
         vertex 7.2368 12.7214 3.6572
         vertex 7.1296 12.7500 3.5500
         vertex 7.1300 12.7500 3.5504
      endloop
   endfacet
   facet normal 0.6207 0.0000 -0.7840
      outer loop
         vertex 7.1296 11.3981 3.5500
         vertex 7.0904 11.3823 3.5108
         vertex 7.0904 12.7500 3.5108
      endloop
   endfacet
   facet normal 0.7110 0.0000 -0.7031
      outer loop
         vertex 7.1296 11.3981 3.5500
         vertex 7.0904 12.7500 3.5108
         vertex 7.2368 11.4413 3.6572
      endloop
   endfacet
   facet normal 0.7110 0.0000 0.7031
      outer loop
         vertex 7.1296 11.3981 6.1500
         vertex 7.2368 11.4413 6.0428
         vertex 7.0904 12.7500 6.1892
      endloop
   endfacet
   facet normal 0.7549 0.0000 0.6558
      outer loop
         vertex 7.0904 12.7500 6.1892
         vertex 7.2368 11.4413 6.0428
         vertex 7.2368 12.7214 6.0428
      endloop
   endfacet
   facet normal 0.7110 0.0000 0.7031
      outer loop
         vertex 7.0904 12.7500 6.1892
         vertex 7.2368 12.7214 6.0428
         vertex 7.1296 12.7500 6.1500
      endloop
   endfacet
   facet normal 0.7503 0.0000 0.6611
      outer loop
         vertex 7.1296 12.7500 6.1500
         vertex 7.2368 12.7214 6.0428
         vertex 7.1300 12.7500 6.1496
      endloop
   endfacet
   facet normal 0.6207 0.0000 0.7840
      outer loop
         vertex 7.1296 11.3981 6.1500
         vertex 7.0904 12.7500 6.1892
         vertex 7.0904 11.3823 6.1892
      endloop
   endfacet
   facet normal 0.4380 -0.8990 0.0000
      outer loop
         vertex 7.2421 11.4435 6.0302
         vertex 7.2421 11.4435 3.6698
         vertex 7.2749 11.4595 3.7469
      endloop
   endfacet
   facet normal 0.4865 -0.8737 0.0000
      outer loop
         vertex 7.2421 11.4435 6.0302
         vertex 7.2749 11.4595 3.7469
         vertex 7.2800 11.4619 3.7653
      endloop
   endfacet
   facet normal 0.5342 -0.8454 0.0000
      outer loop
         vertex 7.2421 11.4435 6.0302
         vertex 7.2800 11.4619 3.7653
         vertex 7.2800 11.4619 5.9347
      endloop
   endfacet
   facet normal 0.4865 -0.8737 0.0000
      outer loop
         vertex 7.2421 11.4435 6.0302
         vertex 7.2800 11.4619 5.9347
         vertex 7.2749 11.4595 5.9531
      endloop
   endfacet
   facet normal 0.3738 -0.9275 0.0000
      outer loop
         vertex 7.2421 11.4435 3.6698
         vertex 7.2421 11.4435 6.0302
         vertex 7.2368 11.4413 6.0428
      endloop
   endfacet
   facet normal 0.3738 -0.9275 0.0000
      outer loop
         vertex 7.2421 11.4435 3.6698
         vertex 7.2368 11.4413 6.0428
         vertex 7.1296 11.3981 6.1500
      endloop
   endfacet
   facet normal 0.3738 -0.9275 0.0000
      outer loop
         vertex 7.2421 11.4435 3.6698
         vertex 7.1296 11.3981 6.1500
         vertex 4.8669 10.4862 6.1500
      endloop
   endfacet
   facet normal 0.3738 -0.9275 0.0000
      outer loop
         vertex 7.2421 11.4435 3.6698
         vertex 4.8669 10.4862 6.1500
         vertex 4.8669 10.4862 3.5500
      endloop
   endfacet
   facet normal 0.3738 -0.9275 0.0000
      outer loop
         vertex 7.2421 11.4435 3.6698
         vertex 4.8669 10.4862 3.5500
         vertex 7.1296 11.3981 3.5500
      endloop
   endfacet
   facet normal 0.3738 -0.9275 0.0000
      outer loop
         vertex 7.2421 11.4435 3.6698
         vertex 7.1296 11.3981 3.5500
         vertex 7.2368 11.4413 3.6572
      endloop
   endfacet
   facet normal 0.1172 -0.9931 0.0000
      outer loop
         vertex 4.6800 10.4500 3.5500
         vertex 4.8669 10.4862 3.5500
         vertex 4.8669 10.4862 6.1500
      endloop
   endfacet
   facet normal 0.0416 -0.9991 0.0000
      outer loop
         vertex 4.6800 10.4500 3.5500
         vertex 4.8669 10.4862 6.1500
         vertex 4.6800 10.4500 6.1500
      endloop
   endfacet
   facet normal 0.9750 0.0000 -0.2222
      outer loop
         vertex 7.2937 12.6961 3.8147
         vertex 7.2937 11.4756 3.8147
         vertex 7.2800 11.4619 3.7653
      endloop
   endfacet
   facet normal 0.9696 0.0000 -0.2448
      outer loop
         vertex 7.2937 12.6961 3.8147
         vertex 7.2800 11.4619 3.7653
         vertex 7.2749 11.4595 3.7469
      endloop
   endfacet
   facet normal 0.9696 0.0000 -0.2448
      outer loop
         vertex 7.2937 12.6961 3.8147
         vertex 7.2749 11.4595 3.7469
         vertex 7.2749 12.7112 3.7469
      endloop
   endfacet
   facet normal 0.9696 0.0000 -0.2448
      outer loop
         vertex 7.2937 12.6961 3.8147
         vertex 7.2749 12.7112 3.7469
         vertex 7.2800 12.7098 3.7653
      endloop
   endfacet
   facet normal 0.8940 0.0000 -0.4481
      outer loop
         vertex 7.2368 12.7214 3.6572
         vertex 7.2749 12.7112 3.7469
         vertex 7.2749 11.4595 3.7469
      endloop
   endfacet
   facet normal 0.8940 0.0000 -0.4481
      outer loop
         vertex 7.2368 12.7214 3.6572
         vertex 7.2749 11.4595 3.7469
         vertex 7.2421 11.4435 3.6698
      endloop
   endfacet
   facet normal 0.8634 0.0000 -0.5045
      outer loop
         vertex 7.2368 12.7214 3.6572
         vertex 7.2421 11.4435 3.6698
         vertex 7.2368 11.4413 3.6572
      endloop
   endfacet
   facet normal 0.9750 0.0000 0.2222
      outer loop
         vertex 7.2937 11.4756 5.8853
         vertex 7.2937 12.6961 5.8853
         vertex 7.2800 12.7098 5.9347
      endloop
   endfacet
   facet normal 0.9696 0.0000 0.2448
      outer loop
         vertex 7.2937 11.4756 5.8853
         vertex 7.2800 12.7098 5.9347
         vertex 7.2749 12.7112 5.9531
      endloop
   endfacet
   facet normal 0.9696 0.0000 0.2448
      outer loop
         vertex 7.2937 11.4756 5.8853
         vertex 7.2749 12.7112 5.9531
         vertex 7.2749 11.4595 5.9531
      endloop
   endfacet
   facet normal 0.9696 0.0000 0.2448
      outer loop
         vertex 7.2937 11.4756 5.8853
         vertex 7.2749 11.4595 5.9531
         vertex 7.2800 11.4619 5.9347
      endloop
   endfacet
   facet normal 0.8634 0.0000 0.5045
      outer loop
         vertex 7.2368 12.7214 6.0428
         vertex 7.2368 11.4413 6.0428
         vertex 7.2421 11.4435 6.0302
      endloop
   endfacet
   facet normal 0.8940 0.0000 0.4481
      outer loop
         vertex 7.2368 12.7214 6.0428
         vertex 7.2421 11.4435 6.0302
         vertex 7.2749 11.4595 5.9531
      endloop
   endfacet
   facet normal 0.8940 0.0000 0.4481
      outer loop
         vertex 7.2368 12.7214 6.0428
         vertex 7.2749 11.4595 5.9531
         vertex 7.2749 12.7112 5.9531
      endloop
   endfacet
   facet normal 0.4210 0.9071 0.0000
      outer loop
         vertex 7.2800 12.7098 5.9347
         vertex 7.2800 12.7098 3.7653
         vertex 7.2749 12.7112 3.7469
      endloop
   endfacet
   facet normal 0.3399 0.9405 0.0000
      outer loop
         vertex 7.2800 12.7098 5.9347
         vertex 7.2749 12.7112 3.7469
         vertex 7.2368 12.7214 3.6572
      endloop
   endfacet
   facet normal 0.3399 0.9405 0.0000
      outer loop
         vertex 7.2800 12.7098 5.9347
         vertex 7.2368 12.7214 3.6572
         vertex 7.1300 12.7500 3.5504
      endloop
   endfacet
   facet normal 0.3399 0.9405 0.0000
      outer loop
         vertex 7.2800 12.7098 5.9347
         vertex 7.1300 12.7500 3.5504
         vertex 7.1300 12.7500 6.1496
      endloop
   endfacet
   facet normal 0.3399 0.9405 0.0000
      outer loop
         vertex 7.2800 12.7098 5.9347
         vertex 7.1300 12.7500 6.1496
         vertex 7.2368 12.7214 6.0428
      endloop
   endfacet
   facet normal 0.3399 0.9405 0.0000
      outer loop
         vertex 7.2800 12.7098 5.9347
         vertex 7.2368 12.7214 6.0428
         vertex 7.2749 12.7112 5.9531
      endloop
   endfacet
   facet normal 0.9071 -0.4210 0.0000
      outer loop
         vertex 7.3898 11.5717 5.1553
         vertex 7.3898 11.5717 4.5447
         vertex 7.4300 11.7217 4.8500
      endloop
   endfacet
   facet normal 0.6250 -0.7806 0.0000
      outer loop
         vertex 7.2800 11.4619 5.9347
         vertex 7.2800 11.4619 3.7653
         vertex 7.2937 11.4756 3.8147
      endloop
   endfacet
   facet normal 0.7280 -0.6856 0.0000
      outer loop
         vertex 7.2800 11.4619 5.9347
         vertex 7.2937 11.4756 3.8147
         vertex 7.3898 11.5717 4.5447
      endloop
   endfacet
   facet normal 0.7855 -0.6188 0.0000
      outer loop
         vertex 7.2800 11.4619 5.9347
         vertex 7.3898 11.5717 4.5447
         vertex 7.3898 11.5717 5.1553
      endloop
   endfacet
   facet normal 0.7280 -0.6856 0.0000
      outer loop
         vertex 7.2800 11.4619 5.9347
         vertex 7.3898 11.5717 5.1553
         vertex 7.2937 11.4756 5.8853
      endloop
   endfacet
   facet normal 0.9843 0.0000 0.1765
      outer loop
         vertex 7.2937 12.6961 5.8853
         vertex 7.2937 11.4756 5.8853
         vertex 7.3898 11.5717 5.1553
      endloop
   endfacet
   facet normal 0.9939 0.0000 0.1106
      outer loop
         vertex 7.2937 12.6961 5.8853
         vertex 7.3898 11.5717 5.1553
         vertex 7.4300 11.7217 4.8500
      endloop
   endfacet
   facet normal 0.9978 0.0000 0.0670
      outer loop
         vertex 7.2937 12.6961 5.8853
         vertex 7.4300 11.7217 4.8500
         vertex 7.4300 12.4500 4.8500
      endloop
   endfacet
   facet normal 0.9939 0.0000 0.1106
      outer loop
         vertex 7.2937 12.6961 5.8853
         vertex 7.4300 12.4500 4.8500
         vertex 7.3898 12.6000 5.1553
      endloop
   endfacet
   facet normal 0.9843 0.0000 -0.1765
      outer loop
         vertex 7.2937 11.4756 3.8147
         vertex 7.2937 12.6961 3.8147
         vertex 7.3898 12.6000 4.5447
      endloop
   endfacet
   facet normal 0.9939 0.0000 -0.1106
      outer loop
         vertex 7.2937 11.4756 3.8147
         vertex 7.3898 12.6000 4.5447
         vertex 7.4300 12.4500 4.8500
      endloop
   endfacet
   facet normal 0.9978 0.0000 -0.0670
      outer loop
         vertex 7.2937 11.4756 3.8147
         vertex 7.4300 12.4500 4.8500
         vertex 7.4300 11.7217 4.8500
      endloop
   endfacet
   facet normal 0.9939 0.0000 -0.1106
      outer loop
         vertex 7.2937 11.4756 3.8147
         vertex 7.4300 11.7217 4.8500
         vertex 7.3898 11.5717 4.5447
      endloop
   endfacet
   facet normal 0.5751 0.8181 0.0000
      outer loop
         vertex 7.2800 12.7098 3.7653
         vertex 7.2800 12.7098 5.9347
         vertex 7.2937 12.6961 5.8853
      endloop
   endfacet
   facet normal 0.7071 0.7071 0.0000
      outer loop
         vertex 7.2800 12.7098 3.7653
         vertex 7.2937 12.6961 5.8853
         vertex 7.3898 12.6000 5.1553
      endloop
   endfacet
   facet normal 0.7672 0.6414 0.0000
      outer loop
         vertex 7.2800 12.7098 3.7653
         vertex 7.3898 12.6000 5.1553
         vertex 7.3898 12.6000 4.5447
      endloop
   endfacet
   facet normal 0.7071 0.7071 0.0000
      outer loop
         vertex 7.2800 12.7098 3.7653
         vertex 7.3898 12.6000 4.5447
         vertex 7.2937 12.6961 3.8147
      endloop
   endfacet
   facet normal 0.9071 0.4210 0.0000
      outer loop
         vertex 7.4300 12.4500 4.8500
         vertex 7.3898 12.6000 4.5447
         vertex 7.3898 12.6000 5.1553
      endloop
   endfacet
   facet normal 0.0000 0.0000 1.0000
      outer loop
         vertex 6.0000 12.7500 6.4000
         vertex 1.7570 12.7500 6.4000
         vertex 4.3586 10.5670 6.4000
      endloop
   endfacet
   facet normal 0.0000 0.0000 1.0000
      outer loop
         vertex 6.0000 12.7500 6.4000
         vertex 4.3586 10.5670 6.4000
         vertex 4.4300 10.5170 6.4000
      endloop
   endfacet
   facet normal 0.0000 0.0000 1.0000
      outer loop
         vertex 6.0000 12.7500 6.4000
         vertex 4.4300 10.5170 6.4000
         vertex 4.6800 10.4500 6.4000
      endloop
   endfacet
   facet normal 0.0000 0.0000 1.0000
      outer loop
         vertex 6.0000 12.7500 6.4000
         vertex 4.6800 10.4500 6.4000
         vertex 4.8669 10.4862 6.4000
      endloop
   endfacet
   facet normal 0.0000 0.0000 1.0000
      outer loop
         vertex 6.0000 12.7500 6.4000
         vertex 4.8669 10.4862 6.4000
         vertex 6.0000 10.9429 6.4000
      endloop
   endfacet
   facet normal -0.2997 -0.9540 0.0000
      outer loop
         vertex 4.4300 10.5170 6.4000
         vertex 4.4300 10.5170 6.1500
         vertex 4.6800 10.4500 6.1500
      endloop
   endfacet
   facet normal -0.1682 -0.9858 0.0000
      outer loop
         vertex 4.4300 10.5170 6.4000
         vertex 4.6800 10.4500 6.1500
         vertex 4.6800 10.4500 6.4000
      endloop
   endfacet
   facet normal -0.5255 -0.8508 0.0000
      outer loop
         vertex 4.3586 10.5670 6.4000
         vertex 4.3586 10.5670 6.1500
         vertex 4.4300 10.5170 6.1500
      endloop
   endfacet
   facet normal -0.4751 -0.8799 0.0000
      outer loop
         vertex 4.3586 10.5670 6.4000
         vertex 4.4300 10.5170 6.1500
         vertex 4.4300 10.5170 6.4000
      endloop
   endfacet
   facet normal -0.6428 -0.7660 0.0000
      outer loop
         vertex 4.3586 10.5670 6.4000
         vertex 1.7570 12.7500 6.4000
         vertex 1.7570 12.7500 6.1500
      endloop
   endfacet
   facet normal -0.6428 -0.7660 0.0000
      outer loop
         vertex 4.3586 10.5670 6.4000
         vertex 1.7570 12.7500 6.1500
         vertex 3.8426 11.0000 6.1500
      endloop
   endfacet
   facet normal -0.6428 -0.7660 0.0000
      outer loop
         vertex 4.3586 10.5670 6.4000
         vertex 3.8426 11.0000 6.1500
         vertex 4.3586 10.5670 6.1500
      endloop
   endfacet
   facet normal 0.1880 0.0000 0.9822
      outer loop
         vertex 6.7765 11.2558 6.2978
         vertex 6.7765 12.7500 6.2978
         vertex 6.0000 12.7500 6.4000
      endloop
   endfacet
   facet normal 0.1593 0.0000 0.9872
      outer loop
         vertex 6.7765 11.2558 6.2978
         vertex 6.0000 12.7500 6.4000
         vertex 6.0000 10.9429 6.4000
      endloop
   endfacet
   facet normal 0.2450 0.0000 0.9695
      outer loop
         vertex 6.7765 12.7500 6.2978
         vertex 6.7765 11.2558 6.2978
         vertex 7.0274 11.3569 6.2186
      endloop
   endfacet
   facet normal 0.2731 0.0000 0.9620
      outer loop
         vertex 6.7765 12.7500 6.2978
         vertex 7.0274 11.3569 6.2186
         vertex 7.0274 12.7500 6.2186
      endloop
   endfacet
   facet normal 0.4742 0.0000 0.8804
      outer loop
         vertex 7.0274 12.7500 6.2186
         vertex 7.0274 11.3569 6.2186
         vertex 7.0904 11.3823 6.1892
      endloop
   endfacet
   facet normal 0.5247 0.0000 0.8513
      outer loop
         vertex 7.0274 12.7500 6.2186
         vertex 7.0904 11.3823 6.1892
         vertex 7.0904 12.7500 6.1892
      endloop
   endfacet
   facet normal 0.3738 -0.9275 0.0000
      outer loop
         vertex 4.8669 10.4862 6.1500
         vertex 7.1296 11.3981 6.1500
         vertex 7.0904 11.3823 6.1892
      endloop
   endfacet
   facet normal 0.3738 -0.9275 0.0000
      outer loop
         vertex 4.8669 10.4862 6.1500
         vertex 7.0904 11.3823 6.1892
         vertex 7.0274 11.3569 6.2186
      endloop
   endfacet
   facet normal 0.3738 -0.9275 0.0000
      outer loop
         vertex 4.8669 10.4862 6.1500
         vertex 7.0274 11.3569 6.2186
         vertex 6.7765 11.2558 6.2978
      endloop
   endfacet
   facet normal 0.3738 -0.9275 0.0000
      outer loop
         vertex 4.8669 10.4862 6.1500
         vertex 6.7765 11.2558 6.2978
         vertex 6.0000 10.9429 6.4000
      endloop
   endfacet
   facet normal 0.3738 -0.9275 0.0000
      outer loop
         vertex 4.8669 10.4862 6.1500
         vertex 6.0000 10.9429 6.4000
         vertex 4.8669 10.4862 6.4000
      endloop
   endfacet
   facet normal 0.0416 -0.9991 0.0000
      outer loop
         vertex 4.6800 10.4500 6.4000
         vertex 4.6800 10.4500 6.1500
         vertex 4.8669 10.4862 6.1500
      endloop
   endfacet
   facet normal 0.1172 -0.9931 0.0000
      outer loop
         vertex 4.6800 10.4500 6.4000
         vertex 4.8669 10.4862 6.1500
         vertex 4.8669 10.4862 6.4000
      endloop
   endfacet
   facet normal 0.0000 0.0000 1.0000
      outer loop
         vertex 6.0000 12.7500 2.9000
         vertex 1.7570 12.7500 2.9000
         vertex 4.3586 10.5670 2.9000
      endloop
   endfacet
   facet normal 0.0000 0.0000 1.0000
      outer loop
         vertex 6.0000 12.7500 2.9000
         vertex 4.3586 10.5670 2.9000
         vertex 4.4300 10.5170 2.9000
      endloop
   endfacet
   facet normal 0.0000 0.0000 1.0000
      outer loop
         vertex 6.0000 12.7500 2.9000
         vertex 4.4300 10.5170 2.9000
         vertex 4.6800 10.4500 2.9000
      endloop
   endfacet
   facet normal 0.0000 0.0000 1.0000
      outer loop
         vertex 6.0000 12.7500 2.9000
         vertex 4.6800 10.4500 2.9000
         vertex 4.8669 10.4862 2.9000
      endloop
   endfacet
   facet normal 0.0000 0.0000 1.0000
      outer loop
         vertex 6.0000 12.7500 2.9000
         vertex 4.8669 10.4862 2.9000
         vertex 6.0000 10.9429 2.9000
      endloop
   endfacet
   facet normal -0.2997 -0.9540 0.0000
      outer loop
         vertex 4.4300 10.5170 2.9000
         vertex 4.4300 10.5170 2.6500
         vertex 4.6800 10.4500 2.6500
      endloop
   endfacet
   facet normal -0.1682 -0.9858 0.0000
      outer loop
         vertex 4.4300 10.5170 2.9000
         vertex 4.6800 10.4500 2.6500
         vertex 4.6800 10.4500 2.9000
      endloop
   endfacet
   facet normal -0.5255 -0.8508 0.0000
      outer loop
         vertex 4.3586 10.5670 2.9000
         vertex 4.3586 10.5670 2.6500
         vertex 4.4300 10.5170 2.6500
      endloop
   endfacet
   facet normal -0.4751 -0.8799 0.0000
      outer loop
         vertex 4.3586 10.5670 2.9000
         vertex 4.4300 10.5170 2.6500
         vertex 4.4300 10.5170 2.9000
      endloop
   endfacet
   facet normal -0.6428 -0.7660 0.0000
      outer loop
         vertex 4.3586 10.5670 2.9000
         vertex 1.7570 12.7500 2.9000
         vertex 1.7570 12.7500 2.6500
      endloop
   endfacet
   facet normal -0.6428 -0.7660 0.0000
      outer loop
         vertex 4.3586 10.5670 2.9000
         vertex 1.7570 12.7500 2.6500
         vertex 3.8426 11.0000 2.6500
      endloop
   endfacet
   facet normal -0.6428 -0.7660 0.0000
      outer loop
         vertex 4.3586 10.5670 2.9000
         vertex 3.8426 11.0000 2.6500
         vertex 4.3586 10.5670 2.6500
      endloop
   endfacet
   facet normal 0.1880 0.0000 0.9822
      outer loop
         vertex 6.7765 11.2558 2.7978
         vertex 6.7765 12.7500 2.7978
         vertex 6.0000 12.7500 2.9000
      endloop
   endfacet
   facet normal 0.1593 0.0000 0.9872
      outer loop
         vertex 6.7765 11.2558 2.7978
         vertex 6.0000 12.7500 2.9000
         vertex 6.0000 10.9429 2.9000
      endloop
   endfacet
   facet normal 0.2450 0.0000 0.9695
      outer loop
         vertex 6.7765 12.7500 2.7978
         vertex 6.7765 11.2558 2.7978
         vertex 7.0274 11.3569 2.7186
      endloop
   endfacet
   facet normal 0.2731 0.0000 0.9620
      outer loop
         vertex 6.7765 12.7500 2.7978
         vertex 7.0274 11.3569 2.7186
         vertex 7.0274 12.7500 2.7186
      endloop
   endfacet
   facet normal 0.4742 0.0000 0.8804
      outer loop
         vertex 7.0274 12.7500 2.7186
         vertex 7.0274 11.3569 2.7186
         vertex 7.0904 11.3823 2.6892
      endloop
   endfacet
   facet normal 0.5247 0.0000 0.8513
      outer loop
         vertex 7.0274 12.7500 2.7186
         vertex 7.0904 11.3823 2.6892
         vertex 7.0904 12.7500 2.6892
      endloop
   endfacet
   facet normal 0.3738 -0.9275 0.0000
      outer loop
         vertex 4.8669 10.4862 2.6500
         vertex 7.1296 11.3981 2.6500
         vertex 7.0904 11.3823 2.6892
      endloop
   endfacet
   facet normal 0.3738 -0.9275 0.0000
      outer loop
         vertex 4.8669 10.4862 2.6500
         vertex 7.0904 11.3823 2.6892
         vertex 7.0274 11.3569 2.7186
      endloop
   endfacet
   facet normal 0.3738 -0.9275 0.0000
      outer loop
         vertex 4.8669 10.4862 2.6500
         vertex 7.0274 11.3569 2.7186
         vertex 6.7765 11.2558 2.7978
      endloop
   endfacet
   facet normal 0.3738 -0.9275 0.0000
      outer loop
         vertex 4.8669 10.4862 2.6500
         vertex 6.7765 11.2558 2.7978
         vertex 6.0000 10.9429 2.9000
      endloop
   endfacet
   facet normal 0.3738 -0.9275 0.0000
      outer loop
         vertex 4.8669 10.4862 2.6500
         vertex 6.0000 10.9429 2.9000
         vertex 4.8669 10.4862 2.9000
      endloop
   endfacet
   facet normal 0.0416 -0.9991 0.0000
      outer loop
         vertex 4.6800 10.4500 2.9000
         vertex 4.6800 10.4500 2.6500
         vertex 4.8669 10.4862 2.6500
      endloop
   endfacet
   facet normal 0.1172 -0.9931 0.0000
      outer loop
         vertex 4.6800 10.4500 2.9000
         vertex 4.8669 10.4862 2.6500
         vertex 4.8669 10.4862 2.9000
      endloop
   endfacet
   facet normal 0.0000 0.0000 -1.0000
      outer loop
         vertex 6.0000 10.9429 3.3000
         vertex 4.8669 10.4862 3.3000
         vertex 4.6800 10.4500 3.3000
      endloop
   endfacet
   facet normal 0.0000 0.0000 -1.0000
      outer loop
         vertex 6.0000 10.9429 3.3000
         vertex 4.6800 10.4500 3.3000
         vertex 4.4300 10.5170 3.3000
      endloop
   endfacet
   facet normal 0.0000 0.0000 -1.0000
      outer loop
         vertex 6.0000 10.9429 3.3000
         vertex 4.4300 10.5170 3.3000
         vertex 4.3586 10.5670 3.3000
      endloop
   endfacet
   facet normal 0.0000 0.0000 -1.0000
      outer loop
         vertex 6.0000 10.9429 3.3000
         vertex 4.3586 10.5670 3.3000
         vertex 1.7570 12.7500 3.3000
      endloop
   endfacet
   facet normal 0.0000 0.0000 -1.0000
      outer loop
         vertex 6.0000 10.9429 3.3000
         vertex 1.7570 12.7500 3.3000
         vertex 6.0000 12.7500 3.3000
      endloop
   endfacet
   facet normal -0.1682 -0.9858 0.0000
      outer loop
         vertex 4.4300 10.5170 3.3000
         vertex 4.6800 10.4500 3.3000
         vertex 4.6800 10.4500 3.5500
      endloop
   endfacet
   facet normal -0.2997 -0.9540 0.0000
      outer loop
         vertex 4.4300 10.5170 3.3000
         vertex 4.6800 10.4500 3.5500
         vertex 4.4300 10.5170 3.5500
      endloop
   endfacet
   facet normal -0.4751 -0.8799 0.0000
      outer loop
         vertex 4.3586 10.5670 3.3000
         vertex 4.4300 10.5170 3.3000
         vertex 4.4300 10.5170 3.5500
      endloop
   endfacet
   facet normal -0.5255 -0.8508 0.0000
      outer loop
         vertex 4.3586 10.5670 3.3000
         vertex 4.4300 10.5170 3.5500
         vertex 4.3586 10.5670 3.5500
      endloop
   endfacet
   facet normal -0.6428 -0.7660 0.0000
      outer loop
         vertex 1.7570 12.7500 3.3000
         vertex 4.3586 10.5670 3.3000
         vertex 4.3586 10.5670 3.5500
      endloop
   endfacet
   facet normal -0.6428 -0.7660 0.0000
      outer loop
         vertex 1.7570 12.7500 3.3000
         vertex 4.3586 10.5670 3.5500
         vertex 3.8426 11.0000 3.5500
      endloop
   endfacet
   facet normal -0.6428 -0.7660 0.0000
      outer loop
         vertex 1.7570 12.7500 3.3000
         vertex 3.8426 11.0000 3.5500
         vertex 1.7570 12.7500 3.5500
      endloop
   endfacet
   facet normal 0.5247 0.0000 -0.8513
      outer loop
         vertex 7.0904 12.7500 3.5108
         vertex 7.0904 11.3823 3.5108
         vertex 7.0274 11.3569 3.4814
      endloop
   endfacet
   facet normal 0.4742 0.0000 -0.8804
      outer loop
         vertex 7.0904 12.7500 3.5108
         vertex 7.0274 11.3569 3.4814
         vertex 7.0274 12.7500 3.4814
      endloop
   endfacet
   facet normal 0.2450 0.0000 -0.9695
      outer loop
         vertex 6.7765 11.2558 3.4022
         vertex 6.7765 12.7500 3.4022
         vertex 7.0274 12.7500 3.4814
      endloop
   endfacet
   facet normal 0.2731 0.0000 -0.9620
      outer loop
         vertex 6.7765 11.2558 3.4022
         vertex 7.0274 12.7500 3.4814
         vertex 7.0274 11.3569 3.4814
      endloop
   endfacet
   facet normal 0.1880 0.0000 -0.9822
      outer loop
         vertex 6.7765 12.7500 3.4022
         vertex 6.7765 11.2558 3.4022
         vertex 6.0000 10.9429 3.3000
      endloop
   endfacet
   facet normal 0.1593 0.0000 -0.9872
      outer loop
         vertex 6.7765 12.7500 3.4022
         vertex 6.0000 10.9429 3.3000
         vertex 6.0000 12.7500 3.3000
      endloop
   endfacet
   facet normal 0.3738 -0.9275 0.0000
      outer loop
         vertex 4.8669 10.4862 3.3000
         vertex 6.0000 10.9429 3.3000
         vertex 6.7765 11.2558 3.4022
      endloop
   endfacet
   facet normal 0.3738 -0.9275 0.0000
      outer loop
         vertex 4.8669 10.4862 3.3000
         vertex 6.7765 11.2558 3.4022
         vertex 7.0274 11.3569 3.4814
      endloop
   endfacet
   facet normal 0.3738 -0.9275 0.0000
      outer loop
         vertex 4.8669 10.4862 3.3000
         vertex 7.0274 11.3569 3.4814
         vertex 7.0904 11.3823 3.5108
      endloop
   endfacet
   facet normal 0.3738 -0.9275 0.0000
      outer loop
         vertex 4.8669 10.4862 3.3000
         vertex 7.0904 11.3823 3.5108
         vertex 7.1296 11.3981 3.5500
      endloop
   endfacet
   facet normal 0.3738 -0.9275 0.0000
      outer loop
         vertex 4.8669 10.4862 3.3000
         vertex 7.1296 11.3981 3.5500
         vertex 4.8669 10.4862 3.5500
      endloop
   endfacet
   facet normal 0.1172 -0.9931 0.0000
      outer loop
         vertex 4.6800 10.4500 3.3000
         vertex 4.8669 10.4862 3.3000
         vertex 4.8669 10.4862 3.5500
      endloop
   endfacet
   facet normal 0.0416 -0.9991 0.0000
      outer loop
         vertex 4.6800 10.4500 3.3000
         vertex 4.8669 10.4862 3.5500
         vertex 4.6800 10.4500 3.5500
      endloop
   endfacet
   facet normal -0.1682 -0.9858 0.0000
      outer loop
         vertex 4.4300 10.5170 -0.2000
         vertex 4.6800 10.4500 -0.2000
         vertex 4.6800 10.4500 0.0500
      endloop
   endfacet
   facet normal -0.2997 -0.9540 0.0000
      outer loop
         vertex 4.4300 10.5170 -0.2000
         vertex 4.6800 10.4500 0.0500
         vertex 4.4300 10.5170 0.0500
      endloop
   endfacet
   facet normal -0.5255 -0.8508 0.0000
      outer loop
         vertex 4.3586 10.5670 0.0500
         vertex 4.3586 10.5670 -0.2000
         vertex 4.4300 10.5170 -0.2000
      endloop
   endfacet
   facet normal -0.4751 -0.8799 0.0000
      outer loop
         vertex 4.3586 10.5670 0.0500
         vertex 4.4300 10.5170 -0.2000
         vertex 4.4300 10.5170 0.0500
      endloop
   endfacet
   facet normal -0.6428 -0.7660 0.0000
      outer loop
         vertex 1.7570 12.7500 -0.2000
         vertex 4.3586 10.5670 -0.2000
         vertex 4.3586 10.5670 0.0500
      endloop
   endfacet
   facet normal -0.6428 -0.7660 0.0000
      outer loop
         vertex 1.7570 12.7500 -0.2000
         vertex 4.3586 10.5670 0.0500
         vertex 3.8426 11.0000 0.0500
      endloop
   endfacet
   facet normal -0.6428 -0.7660 0.0000
      outer loop
         vertex 1.7570 12.7500 -0.2000
         vertex 3.8426 11.0000 0.0500
         vertex 1.7570 12.7500 0.0500
      endloop
   endfacet
   facet normal 0.5247 0.0000 -0.8513
      outer loop
         vertex 7.0904 12.7500 0.0108
         vertex 7.0904 11.3823 0.0108
         vertex 7.0274 11.3569 -0.0186
      endloop
   endfacet
   facet normal 0.4742 0.0000 -0.8804
      outer loop
         vertex 7.0904 12.7500 0.0108
         vertex 7.0274 11.3569 -0.0186
         vertex 7.0274 12.7500 -0.0186
      endloop
   endfacet
   facet normal 0.3738 -0.9275 0.0000
      outer loop
         vertex 4.8669 10.4862 -0.2000
         vertex 6.0000 10.9429 -0.2000
         vertex 6.7765 11.2558 -0.0978
      endloop
   endfacet
   facet normal 0.3738 -0.9275 0.0000
      outer loop
         vertex 4.8669 10.4862 -0.2000
         vertex 6.7765 11.2558 -0.0978
         vertex 7.0274 11.3569 -0.0186
      endloop
   endfacet
   facet normal 0.3738 -0.9275 0.0000
      outer loop
         vertex 4.8669 10.4862 -0.2000
         vertex 7.0274 11.3569 -0.0186
         vertex 7.0904 11.3823 0.0108
      endloop
   endfacet
   facet normal 0.3738 -0.9275 0.0000
      outer loop
         vertex 4.8669 10.4862 -0.2000
         vertex 7.0904 11.3823 0.0108
         vertex 7.1296 11.3981 0.0500
      endloop
   endfacet
   facet normal 0.3738 -0.9275 0.0000
      outer loop
         vertex 4.8669 10.4862 -0.2000
         vertex 7.1296 11.3981 0.0500
         vertex 4.8669 10.4862 0.0500
      endloop
   endfacet
   facet normal 0.0416 -0.9991 0.0000
      outer loop
         vertex 4.6800 10.4500 0.0500
         vertex 4.6800 10.4500 -0.2000
         vertex 4.8669 10.4862 -0.2000
      endloop
   endfacet
   facet normal 0.1172 -0.9931 0.0000
      outer loop
         vertex 4.6800 10.4500 0.0500
         vertex 4.8669 10.4862 -0.2000
         vertex 4.8669 10.4862 0.0500
      endloop
   endfacet
   facet normal 0.0000 0.0000 1.0000
      outer loop
         vertex -4.1397 9.9250 7.7500
         vertex -4.2000 9.7000 7.7500
         vertex -4.1397 9.4750 7.7500
      endloop
   endfacet
   facet normal 0.0000 0.0000 1.0000
      outer loop
         vertex -4.1397 9.9250 7.7500
         vertex -4.1397 9.4750 7.7500
         vertex -3.9750 9.3103 7.7500
      endloop
   endfacet
   facet normal 0.0000 0.0000 1.0000
      outer loop
         vertex -4.1397 9.9250 7.7500
         vertex -3.9750 9.3103 7.7500
         vertex -3.7500 9.2500 7.7500
      endloop
   endfacet
   facet normal 0.0000 0.0000 1.0000
      outer loop
         vertex -4.1397 9.9250 7.7500
         vertex -3.7500 9.2500 7.7500
         vertex -3.5250 9.3103 7.7500
      endloop
   endfacet
   facet normal 0.0000 0.0000 1.0000
      outer loop
         vertex -4.1397 9.9250 7.7500
         vertex -3.5250 9.3103 7.7500
         vertex -3.3603 9.4750 7.7500
      endloop
   endfacet
   facet normal 0.0000 0.0000 1.0000
      outer loop
         vertex -4.1397 9.9250 7.7500
         vertex -3.3603 9.4750 7.7500
         vertex -3.3000 9.7000 7.7500
      endloop
   endfacet
   facet normal 0.0000 0.0000 1.0000
      outer loop
         vertex -4.1397 9.9250 7.7500
         vertex -3.3000 9.7000 7.7500
         vertex -3.3603 9.9250 7.7500
      endloop
   endfacet
   facet normal 0.0000 0.0000 1.0000
      outer loop
         vertex -4.1397 9.9250 7.7500
         vertex -3.3603 9.9250 7.7500
         vertex -3.5250 10.0897 7.7500
      endloop
   endfacet
   facet normal 0.0000 0.0000 1.0000
      outer loop
         vertex -4.1397 9.9250 7.7500
         vertex -3.5250 10.0897 7.7500
         vertex -3.7500 10.1500 7.7500
      endloop
   endfacet
   facet normal 0.0000 0.0000 1.0000
      outer loop
         vertex -4.1397 9.9250 7.7500
         vertex -3.7500 10.1500 7.7500
         vertex -3.9750 10.0897 7.7500
      endloop
   endfacet
   facet normal -0.9851 0.1719 0.0000
      outer loop
         vertex -4.1397 9.9250 7.0000
         vertex -4.2000 9.7000 7.0000
         vertex -4.2000 9.7000 7.7500
      endloop
   endfacet
   facet normal -0.9391 0.3437 0.0000
      outer loop
         vertex -4.1397 9.9250 7.0000
         vertex -4.2000 9.7000 7.7500
         vertex -4.1397 9.9250 7.7500
      endloop
   endfacet
   facet normal -0.6414 -0.7672 0.0000
      outer loop
         vertex -4.1397 9.4750 7.0000
         vertex -3.9750 9.3103 7.0000
         vertex -3.9750 9.3103 7.7500
      endloop
   endfacet
   facet normal -0.7672 -0.6414 0.0000
      outer loop
         vertex -4.1397 9.4750 7.0000
         vertex -3.9750 9.3103 7.7500
         vertex -4.1397 9.4750 7.7500
      endloop
   endfacet
   facet normal -0.9391 -0.3437 0.0000
      outer loop
         vertex -4.2000 9.7000 7.0000
         vertex -4.1397 9.4750 7.0000
         vertex -4.1397 9.4750 7.7500
      endloop
   endfacet
   facet normal -0.9851 -0.1719 0.0000
      outer loop
         vertex -4.2000 9.7000 7.0000
         vertex -4.1397 9.4750 7.7500
         vertex -4.2000 9.7000 7.7500
      endloop
   endfacet
   facet normal 0.0000 0.0000 1.0000
      outer loop
         vertex -4.0997 7.9356 7.5500
         vertex -4.8997 8.1500 7.5500
         vertex -5.7000 8.1500 7.5500
      endloop
   endfacet
   facet normal 0.0000 0.0000 1.0000
      outer loop
         vertex -4.0997 7.9356 7.5500
         vertex -5.7000 8.1500 7.5500
         vertex -5.7000 7.6500 7.5500
      endloop
   endfacet
   facet normal 0.0000 0.0000 1.0000
      outer loop
         vertex -4.0997 7.9356 7.5500
         vertex -5.7000 7.6500 7.5500
         vertex -5.6330 7.4000 7.5500
      endloop
   endfacet
   facet normal 0.0000 0.0000 1.0000
      outer loop
         vertex -4.0997 7.9356 7.5500
         vertex -5.6330 7.4000 7.5500
         vertex -5.4500 7.2170 7.5500
      endloop
   endfacet
   facet normal 0.0000 0.0000 1.0000
      outer loop
         vertex -4.0997 7.9356 7.5500
         vertex -5.4500 7.2170 7.5500
         vertex -5.2000 7.1500 7.5500
      endloop
   endfacet
   facet normal 0.0000 0.0000 1.0000
      outer loop
         vertex -4.0997 7.9356 7.5500
         vertex -5.2000 7.1500 7.5500
         vertex -3.5991 7.1500 7.5500
      endloop
   endfacet
   facet normal 0.0000 0.0000 1.0000
      outer loop
         vertex -4.0997 7.9356 7.5500
         vertex -3.5991 7.1500 7.5500
         vertex -3.5241 7.1701 7.5500
      endloop
   endfacet
   facet normal 0.0000 0.0000 1.0000
      outer loop
         vertex -4.0997 7.9356 7.5500
         vertex -3.5241 7.1701 7.5500
         vertex -3.4692 7.2250 7.5500
      endloop
   endfacet
   facet normal 0.0000 0.0000 1.0000
      outer loop
         vertex -4.0997 7.9356 7.5500
         vertex -3.4692 7.2250 7.5500
         vertex -3.4491 7.3000 7.5500
      endloop
   endfacet
   facet normal 0.0000 0.0000 1.0000
      outer loop
         vertex -4.0997 7.9356 7.5500
         vertex -3.4491 7.3000 7.5500
         vertex -3.4692 7.3750 7.5500
      endloop
   endfacet
   facet normal 0.0000 0.0000 1.0000
      outer loop
         vertex -4.0997 7.9356 7.5500
         vertex -3.4692 7.3750 7.5500
         vertex -3.4931 7.4061 7.5500
      endloop
   endfacet
   facet normal 0.0000 0.0000 1.0000
      outer loop
         vertex -4.0997 7.9356 7.5500
         vertex -3.4931 7.4061 7.5500
         vertex -3.7684 7.6814 7.5500
      endloop
   endfacet
   facet normal 0.4210 -0.9071 0.0000
      outer loop
         vertex -3.5991 7.1500 7.0000
         vertex -3.5241 7.1701 7.0000
         vertex -3.5241 7.1701 7.5500
      endloop
   endfacet
   facet normal 0.3399 -0.9405 0.0000
      outer loop
         vertex -3.5991 7.1500 7.0000
         vertex -3.5241 7.1701 7.5500
         vertex -3.5991 7.1500 7.5500
      endloop
   endfacet
   facet normal 0.0000 -1.0000 0.0000
      outer loop
         vertex -5.2000 7.1500 7.0000
         vertex -3.5991 7.1500 7.0000
         vertex -3.5991 7.1500 7.5500
      endloop
   endfacet
   facet normal 0.0000 -1.0000 0.0000
      outer loop
         vertex -5.2000 7.1500 7.0000
         vertex -3.5991 7.1500 7.5500
         vertex -5.2000 7.1500 7.5500
      endloop
   endfacet
   facet normal 0.3205 0.9472 0.0000
      outer loop
         vertex -4.0997 7.9356 7.0000
         vertex -4.8997 8.1500 7.0000
         vertex -4.8997 8.1500 7.5500
      endloop
   endfacet
   facet normal 0.3820 0.9242 0.0000
      outer loop
         vertex -4.0997 7.9356 7.0000
         vertex -4.8997 8.1500 7.5500
         vertex -4.0997 7.9356 7.5500
      endloop
   endfacet
   facet normal 0.9529 0.3034 0.0000
      outer loop
         vertex -3.4491 7.3000 7.0000
         vertex -3.4692 7.3750 7.0000
         vertex -3.4692 7.3750 7.5500
      endloop
   endfacet
   facet normal 0.9883 0.1525 0.0000
      outer loop
         vertex -3.4491 7.3000 7.0000
         vertex -3.4692 7.3750 7.5500
         vertex -3.4491 7.3000 7.5500
      endloop
   endfacet
   facet normal 0.9851 -0.1719 0.0000
      outer loop
         vertex -3.4692 7.2250 7.0000
         vertex -3.4491 7.3000 7.0000
         vertex -3.4491 7.3000 7.5500
      endloop
   endfacet
   facet normal 0.9391 -0.3437 0.0000
      outer loop
         vertex -3.4692 7.2250 7.0000
         vertex -3.4491 7.3000 7.5500
         vertex -3.4692 7.2250 7.5500
      endloop
   endfacet
   facet normal 0.7672 -0.6414 0.0000
      outer loop
         vertex -3.5241 7.1701 7.0000
         vertex -3.4692 7.2250 7.0000
         vertex -3.4692 7.2250 7.5500
      endloop
   endfacet
   facet normal 0.6414 -0.7672 0.0000
      outer loop
         vertex -3.5241 7.1701 7.0000
         vertex -3.4692 7.2250 7.5500
         vertex -3.5241 7.1701 7.5500
      endloop
   endfacet
   facet normal 0.5007 0.8656 0.0000
      outer loop
         vertex -3.7684 7.6814 7.0000
         vertex -4.0997 7.9356 7.0000
         vertex -4.0997 7.9356 7.5500
      endloop
   endfacet
   facet normal 0.5564 0.8309 0.0000
      outer loop
         vertex -3.7684 7.6814 7.0000
         vertex -4.0997 7.9356 7.5500
         vertex -3.7684 7.6814 7.5500
      endloop
   endfacet
   facet normal 0.7071 0.7071 0.0000
      outer loop
         vertex -3.4931 7.4061 7.0000
         vertex -3.7684 7.6814 7.0000
         vertex -3.7684 7.6814 7.5500
      endloop
   endfacet
   facet normal 0.7071 0.7071 0.0000
      outer loop
         vertex -3.4931 7.4061 7.0000
         vertex -3.7684 7.6814 7.5500
         vertex -3.4931 7.4061 7.5500
      endloop
   endfacet
   facet normal 0.8309 0.5564 0.0000
      outer loop
         vertex -3.4692 7.3750 7.0000
         vertex -3.4931 7.4061 7.0000
         vertex -3.4931 7.4061 7.5500
      endloop
   endfacet
   facet normal 0.8656 0.5007 0.0000
      outer loop
         vertex -3.4692 7.3750 7.0000
         vertex -3.4931 7.4061 7.5500
         vertex -3.4692 7.3750 7.5500
      endloop
   endfacet
   facet normal 0.0000 1.0000 0.0000
      outer loop
         vertex -4.8997 8.1500 7.0000
         vertex -5.7000 8.1500 7.0000
         vertex -5.7000 8.1500 7.5500
      endloop
   endfacet
   facet normal 0.0000 1.0000 0.0000
      outer loop
         vertex -4.8997 8.1500 7.0000
         vertex -5.7000 8.1500 7.5500
         vertex -4.8997 8.1500 7.5500
      endloop
   endfacet
   facet normal -0.6414 -0.7672 0.0000
      outer loop
         vertex -5.6330 7.4000 7.0000
         vertex -5.4500 7.2170 7.0000
         vertex -5.4500 7.2170 7.5500
      endloop
   endfacet
   facet normal -0.7672 -0.6414 0.0000
      outer loop
         vertex -5.6330 7.4000 7.0000
         vertex -5.4500 7.2170 7.5500
         vertex -5.6330 7.4000 7.5500
      endloop
   endfacet
   facet normal -0.9071 -0.4210 0.0000
      outer loop
         vertex -5.7000 7.6500 7.0000
         vertex -5.6330 7.4000 7.0000
         vertex -5.6330 7.4000 7.5500
      endloop
   endfacet
   facet normal -0.9405 -0.3399 0.0000
      outer loop
         vertex -5.7000 7.6500 7.0000
         vertex -5.6330 7.4000 7.5500
         vertex -5.7000 7.6500 7.5500
      endloop
   endfacet
   facet normal -1.0000 0.0000 0.0000
      outer loop
         vertex -5.7000 8.1500 7.0000
         vertex -5.7000 7.6500 7.0000
         vertex -5.7000 7.6500 7.5500
      endloop
   endfacet
   facet normal -1.0000 0.0000 0.0000
      outer loop
         vertex -5.7000 8.1500 7.0000
         vertex -5.7000 7.6500 7.5500
         vertex -5.7000 8.1500 7.5500
      endloop
   endfacet
   facet normal -0.3399 -0.9405 0.0000
      outer loop
         vertex -5.4500 7.2170 7.0000
         vertex -5.2000 7.1500 7.0000
         vertex -5.2000 7.1500 7.5500
      endloop
   endfacet
   facet normal -0.4210 -0.9071 0.0000
      outer loop
         vertex -5.4500 7.2170 7.0000
         vertex -5.2000 7.1500 7.5500
         vertex -5.4500 7.2170 7.5500
      endloop
   endfacet
   facet normal 0.7672 -0.6414 0.0000
      outer loop
         vertex -3.5250 9.3103 7.0000
         vertex -3.3603 9.4750 7.0000
         vertex -3.3603 9.4750 7.7500
      endloop
   endfacet
   facet normal 0.6414 -0.7672 0.0000
      outer loop
         vertex -3.5250 9.3103 7.0000
         vertex -3.3603 9.4750 7.7500
         vertex -3.5250 9.3103 7.7500
      endloop
   endfacet
   facet normal 0.3437 -0.9391 0.0000
      outer loop
         vertex -3.7500 9.2500 7.0000
         vertex -3.5250 9.3103 7.0000
         vertex -3.5250 9.3103 7.7500
      endloop
   endfacet
   facet normal 0.1719 -0.9851 0.0000
      outer loop
         vertex -3.7500 9.2500 7.0000
         vertex -3.5250 9.3103 7.7500
         vertex -3.7500 9.2500 7.7500
      endloop
   endfacet
   facet normal -0.1719 -0.9851 0.0000
      outer loop
         vertex -3.9750 9.3103 7.0000
         vertex -3.7500 9.2500 7.0000
         vertex -3.7500 9.2500 7.7500
      endloop
   endfacet
   facet normal -0.3437 -0.9391 0.0000
      outer loop
         vertex -3.9750 9.3103 7.0000
         vertex -3.7500 9.2500 7.7500
         vertex -3.9750 9.3103 7.7500
      endloop
   endfacet
   facet normal 0.0000 0.0000 1.0000
      outer loop
         vertex -1.7000 4.6500 7.5500
         vertex -1.7000 2.1000 7.5500
         vertex -0.9000 2.1000 7.5500
      endloop
   endfacet
   facet normal 0.0000 0.0000 1.0000
      outer loop
         vertex -1.7000 4.6500 7.5500
         vertex -0.9000 2.1000 7.5500
         vertex -0.9000 2.8500 7.5500
      endloop
   endfacet
   facet normal 0.0000 0.0000 1.0000
      outer loop
         vertex -1.7000 4.6500 7.5500
         vertex -0.9000 2.8500 7.5500
         vertex 0.0339 4.6500 7.5500
      endloop
   endfacet
   facet normal 0.0000 1.0000 0.0000
      outer loop
         vertex 0.0339 4.6500 7.0000
         vertex -1.7000 4.6500 7.0000
         vertex -1.7000 4.6500 7.5500
      endloop
   endfacet
   facet normal 0.0000 1.0000 0.0000
      outer loop
         vertex 0.0339 4.6500 7.0000
         vertex -1.7000 4.6500 7.5500
         vertex 0.0339 4.6500 7.5500
      endloop
   endfacet
   facet normal 1.0000 0.0000 0.0000
      outer loop
         vertex -0.9000 2.8500 7.5500
         vertex -0.9000 2.1000 7.5500
         vertex -0.9000 2.1000 7.0000
      endloop
   endfacet
   facet normal 1.0000 0.0000 0.0000
      outer loop
         vertex -0.9000 2.8500 7.5500
         vertex -0.9000 2.1000 7.0000
         vertex -0.9000 2.8500 7.0000
      endloop
   endfacet
   facet normal 0.0000 -1.0000 0.0000
      outer loop
         vertex -0.9000 2.1000 7.5500
         vertex -1.7000 2.1000 7.5500
         vertex -1.7000 2.1000 7.0000
      endloop
   endfacet
   facet normal 0.0000 -1.0000 0.0000
      outer loop
         vertex -0.9000 2.1000 7.5500
         vertex -1.7000 2.1000 7.0000
         vertex -0.9000 2.1000 7.0000
      endloop
   endfacet
   facet normal -1.0000 0.0000 0.0000
      outer loop
         vertex -1.7000 4.6500 7.0000
         vertex -1.7000 2.1000 7.0000
         vertex -1.7000 2.1000 7.5500
      endloop
   endfacet
   facet normal -1.0000 0.0000 0.0000
      outer loop
         vertex -1.7000 4.6500 7.0000
         vertex -1.7000 2.1000 7.5500
         vertex -1.7000 4.6500 7.5500
      endloop
   endfacet
   facet normal 0.8876 -0.4605 0.0000
      outer loop
         vertex -0.9000 2.8500 7.0000
         vertex 0.0339 4.6500 7.0000
         vertex 0.0339 4.6500 7.5500
      endloop
   endfacet
   facet normal 0.8876 -0.4605 0.0000
      outer loop
         vertex -0.9000 2.8500 7.0000
         vertex 0.0339 4.6500 7.5500
         vertex -0.9000 2.8500 7.5500
      endloop
   endfacet
   facet normal -0.7672 0.6414 0.0000
      outer loop
         vertex -3.9750 10.0897 7.0000
         vertex -4.1397 9.9250 7.0000
         vertex -4.1397 9.9250 7.7500
      endloop
   endfacet
   facet normal -0.6414 0.7672 0.0000
      outer loop
         vertex -3.9750 10.0897 7.0000
         vertex -4.1397 9.9250 7.7500
         vertex -3.9750 10.0897 7.7500
      endloop
   endfacet
   facet normal 0.9391 0.3437 0.0000
      outer loop
         vertex -3.3000 9.7000 7.0000
         vertex -3.3603 9.9250 7.0000
         vertex -3.3603 9.9250 7.7500
      endloop
   endfacet
   facet normal 0.9851 0.1719 0.0000
      outer loop
         vertex -3.3000 9.7000 7.0000
         vertex -3.3603 9.9250 7.7500
         vertex -3.3000 9.7000 7.7500
      endloop
   endfacet
   facet normal 0.9851 -0.1719 0.0000
      outer loop
         vertex -3.3603 9.4750 7.0000
         vertex -3.3000 9.7000 7.0000
         vertex -3.3000 9.7000 7.7500
      endloop
   endfacet
   facet normal 0.9391 -0.3437 0.0000
      outer loop
         vertex -3.3603 9.4750 7.0000
         vertex -3.3000 9.7000 7.7500
         vertex -3.3603 9.4750 7.7500
      endloop
   endfacet
   facet normal -0.3437 0.9391 0.0000
      outer loop
         vertex -3.7500 10.1500 7.0000
         vertex -3.9750 10.0897 7.0000
         vertex -3.9750 10.0897 7.7500
      endloop
   endfacet
   facet normal -0.1719 0.9851 0.0000
      outer loop
         vertex -3.7500 10.1500 7.0000
         vertex -3.9750 10.0897 7.7500
         vertex -3.7500 10.1500 7.7500
      endloop
   endfacet
   facet normal 0.1719 0.9851 0.0000
      outer loop
         vertex -3.5250 10.0897 7.0000
         vertex -3.7500 10.1500 7.0000
         vertex -3.7500 10.1500 7.7500
      endloop
   endfacet
   facet normal 0.3437 0.9391 0.0000
      outer loop
         vertex -3.5250 10.0897 7.0000
         vertex -3.7500 10.1500 7.7500
         vertex -3.5250 10.0897 7.7500
      endloop
   endfacet
   facet normal 0.6414 0.7672 0.0000
      outer loop
         vertex -3.3603 9.9250 7.0000
         vertex -3.5250 10.0897 7.0000
         vertex -3.5250 10.0897 7.7500
      endloop
   endfacet
   facet normal 0.7672 0.6414 0.0000
      outer loop
         vertex -3.3603 9.9250 7.0000
         vertex -3.5250 10.0897 7.7500
         vertex -3.3603 9.9250 7.7500
      endloop
   endfacet
   facet normal 0.0000 0.0000 -1.0000
      outer loop
         vertex 5.2098 0.2500 -1.5000
         vertex 5.1000 0.1402 -1.5000
         vertex 5.1428 9.6899 -1.5000
      endloop
   endfacet
   facet normal 0.0000 0.0000 -1.0000
      outer loop
         vertex 5.2098 0.2500 -1.5000
         vertex 5.1428 9.6899 -1.5000
         vertex 5.2098 9.6101 -1.5000
      endloop
   endfacet
   facet normal 0.0000 0.0000 -1.0000
      outer loop
         vertex 5.2098 0.2500 -1.5000
         vertex 5.2098 9.6101 -1.5000
         vertex 5.2500 9.4601 -1.5000
      endloop
   endfacet
   facet normal 0.0000 0.0000 -1.0000
      outer loop
         vertex 5.2098 0.2500 -1.5000
         vertex 5.2500 9.4601 -1.5000
         vertex 5.2500 0.4000 -1.5000
      endloop
   endfacet
   facet normal 0.0000 0.0000 -1.0000
      outer loop
         vertex 4.9500 0.1000 -1.5000
         vertex -8.7500 0.1000 -1.5000
         vertex 1.5060 12.6500 -1.5000
      endloop
   endfacet
   facet normal 0.0000 0.0000 -1.0000
      outer loop
         vertex 4.9500 0.1000 -1.5000
         vertex 1.5060 12.6500 -1.5000
         vertex 1.6560 12.6098 -1.5000
      endloop
   endfacet
   facet normal 0.0000 0.0000 -1.0000
      outer loop
         vertex 4.9500 0.1000 -1.5000
         vertex 1.6560 12.6098 -1.5000
         vertex 1.6988 12.5798 -1.5000
      endloop
   endfacet
   facet normal 0.0000 0.0000 -1.0000
      outer loop
         vertex 4.9500 0.1000 -1.5000
         vertex 1.6988 12.5798 -1.5000
         vertex 5.1428 9.6899 -1.5000
      endloop
   endfacet
   facet normal 0.0000 0.0000 -1.0000
      outer loop
         vertex 4.9500 0.1000 -1.5000
         vertex 5.1428 9.6899 -1.5000
         vertex 5.1000 0.1402 -1.5000
      endloop
   endfacet
   facet normal 0.0000 0.0000 -1.0000
      outer loop
         vertex -8.7500 12.6500 -1.5000
         vertex 1.5060 12.6500 -1.5000
         vertex -8.7500 0.1000 -1.5000
      endloop
   endfacet
   facet normal 0.0000 0.0000 -1.0000
      outer loop
         vertex -8.7500 12.6500 -1.5000
         vertex -8.7500 0.1000 -1.5000
         vertex -8.8500 7.0000 -1.5000
      endloop
   endfacet
   facet normal 0.0000 0.0000 -1.0000
      outer loop
         vertex -8.7500 12.6500 -1.5000
         vertex -8.8500 7.0000 -1.5000
         vertex -8.8500 8.3000 -1.5000
      endloop
   endfacet
   facet normal 0.0000 0.0000 -1.0000
      outer loop
         vertex -8.7500 12.6500 -1.5000
         vertex -8.8500 8.3000 -1.5000
         vertex -8.8768 8.4000 -1.5000
      endloop
   endfacet
   facet normal 0.0000 0.0000 -1.0000
      outer loop
         vertex -8.7500 12.6500 -1.5000
         vertex -8.8768 8.4000 -1.5000
         vertex -8.9000 12.6098 -1.5000
      endloop
   endfacet
   facet normal 0.0000 0.0000 -1.0000
      outer loop
         vertex -8.8500 7.0000 -1.5000
         vertex -8.7500 0.1000 -1.5000
         vertex -8.8768 6.9000 -1.5000
      endloop
   endfacet
   facet normal 0.0000 0.0000 -1.0000
      outer loop
         vertex -8.8768 6.9000 -1.5000
         vertex -8.7500 0.1000 -1.5000
         vertex -8.9000 0.1402 -1.5000
      endloop
   endfacet
   facet normal 0.0000 0.0000 -1.0000
      outer loop
         vertex -8.8768 6.9000 -1.5000
         vertex -8.9000 0.1402 -1.5000
         vertex -8.9500 6.8268 -1.5000
      endloop
   endfacet
   facet normal 0.0000 0.0000 -1.0000
      outer loop
         vertex -8.9500 6.8268 -1.5000
         vertex -8.9000 0.1402 -1.5000
         vertex -9.0098 0.2500 -1.5000
      endloop
   endfacet
   facet normal 0.0000 0.0000 -1.0000
      outer loop
         vertex -8.9500 6.8268 -1.5000
         vertex -9.0098 0.2500 -1.5000
         vertex -9.0500 0.4000 -1.5000
      endloop
   endfacet
   facet normal 0.0000 0.0000 -1.0000
      outer loop
         vertex -8.9500 8.4732 -1.5000
         vertex -9.0500 8.5000 -1.5000
         vertex -9.0098 12.5000 -1.5000
      endloop
   endfacet
   facet normal 0.0000 0.0000 -1.0000
      outer loop
         vertex -8.9500 8.4732 -1.5000
         vertex -9.0098 12.5000 -1.5000
         vertex -8.9000 12.6098 -1.5000
      endloop
   endfacet
   facet normal 0.0000 0.0000 -1.0000
      outer loop
         vertex -8.9500 8.4732 -1.5000
         vertex -8.9000 12.6098 -1.5000
         vertex -8.8768 8.4000 -1.5000
      endloop
   endfacet
   facet normal 0.0000 0.0000 -1.0000
      outer loop
         vertex -9.0098 12.5000 -1.5000
         vertex -9.0500 8.5000 -1.5000
         vertex -9.0500 12.3500 -1.5000
      endloop
   endfacet
   facet normal 0.0000 0.0000 -1.0000
      outer loop
         vertex -8.9500 6.8268 -1.5000
         vertex -9.0500 0.4000 -1.5000
         vertex -9.0500 6.8000 -1.5000
      endloop
   endfacet
   facet normal -0.4210 0.9071 0.0000
      outer loop
         vertex -9.0500 6.8000 0.0000
         vertex -8.9500 6.8268 0.0000
         vertex -8.9500 6.8268 -1.5000
      endloop
   endfacet
   facet normal -0.3399 0.9405 0.0000
      outer loop
         vertex -9.0500 6.8000 0.0000
         vertex -8.9500 6.8268 -1.5000
         vertex -9.0500 6.8000 -1.5000
      endloop
   endfacet
   facet normal -1.0000 0.0000 0.0000
      outer loop
         vertex -9.0500 6.8000 -1.5000
         vertex -9.0500 0.4000 -1.5000
         vertex -9.0500 0.8000 0.0000
      endloop
   endfacet
   facet normal -1.0000 0.0000 0.0000
      outer loop
         vertex -9.0500 6.8000 -1.5000
         vertex -9.0500 0.8000 0.0000
         vertex -9.0500 4.4500 0.0000
      endloop
   endfacet
   facet normal -1.0000 0.0000 0.0000
      outer loop
         vertex -9.0500 6.8000 -1.5000
         vertex -9.0500 4.4500 0.0000
         vertex -9.0500 5.9500 0.0000
      endloop
   endfacet
   facet normal -1.0000 0.0000 0.0000
      outer loop
         vertex -9.0500 6.8000 -1.5000
         vertex -9.0500 5.9500 0.0000
         vertex -9.0500 6.8000 0.0000
      endloop
   endfacet
   facet normal -1.0000 0.0000 0.0000
      outer loop
         vertex -9.0500 0.8000 0.0000
         vertex -9.0500 0.4000 -1.5000
         vertex -9.0500 0.4000 0.0000
      endloop
   endfacet
   facet normal -0.6414 -0.7672 0.0000
      outer loop
         vertex -9.0098 0.2500 -1.5000
         vertex -8.9000 0.1402 -1.5000
         vertex -8.9000 0.1402 0.0000
      endloop
   endfacet
   facet normal -0.7672 -0.6414 0.0000
      outer loop
         vertex -9.0098 0.2500 -1.5000
         vertex -8.9000 0.1402 0.0000
         vertex -9.0098 0.2500 0.0000
      endloop
   endfacet
   facet normal -0.9071 -0.4210 0.0000
      outer loop
         vertex -9.0500 0.4000 -1.5000
         vertex -9.0098 0.2500 -1.5000
         vertex -9.0098 0.2500 0.0000
      endloop
   endfacet
   facet normal -0.9405 -0.3399 0.0000
      outer loop
         vertex -9.0500 0.4000 -1.5000
         vertex -9.0098 0.2500 0.0000
         vertex -9.0500 0.4000 0.0000
      endloop
   endfacet
   facet normal 0.4210 -0.9071 0.0000
      outer loop
         vertex 4.9500 0.1000 -1.5000
         vertex 5.1000 0.1402 -1.5000
         vertex 5.1000 0.1402 0.0000
      endloop
   endfacet
   facet normal 0.3399 -0.9405 0.0000
      outer loop
         vertex 4.9500 0.1000 -1.5000
         vertex 5.1000 0.1402 0.0000
         vertex 4.9500 0.1000 0.0000
      endloop
   endfacet
   facet normal 0.0000 -1.0000 0.0000
      outer loop
         vertex -8.7500 0.1000 -1.5000
         vertex 4.9500 0.1000 -1.5000
         vertex 4.9500 0.1000 0.0000
      endloop
   endfacet
   facet normal 0.0000 -1.0000 0.0000
      outer loop
         vertex -8.7500 0.1000 -1.5000
         vertex 4.9500 0.1000 0.0000
         vertex 4.7500 0.1000 0.0000
      endloop
   endfacet
   facet normal 0.0000 -1.0000 0.0000
      outer loop
         vertex -8.7500 0.1000 -1.5000
         vertex 4.7500 0.1000 0.0000
         vertex 2.6482 0.1000 0.0000
      endloop
   endfacet
   facet normal 0.0000 -1.0000 0.0000
      outer loop
         vertex -8.7500 0.1000 -1.5000
         vertex 2.6482 0.1000 0.0000
         vertex 0.7518 0.1000 0.0000
      endloop
   endfacet
   facet normal 0.0000 -1.0000 0.0000
      outer loop
         vertex -8.7500 0.1000 -1.5000
         vertex 0.7518 0.1000 0.0000
         vertex -1.7825 0.1000 0.0000
      endloop
   endfacet
   facet normal 0.0000 -1.0000 0.0000
      outer loop
         vertex -8.7500 0.1000 -1.5000
         vertex -1.7825 0.1000 0.0000
         vertex -3.5175 0.1000 0.0000
      endloop
   endfacet
   facet normal 0.0000 -1.0000 0.0000
      outer loop
         vertex -8.7500 0.1000 -1.5000
         vertex -3.5175 0.1000 0.0000
         vertex -7.2768 0.1000 0.0000
      endloop
   endfacet
   facet normal 0.0000 -1.0000 0.0000
      outer loop
         vertex -8.7500 0.1000 -1.5000
         vertex -7.2768 0.1000 0.0000
         vertex -8.7500 0.1000 0.0000
      endloop
   endfacet
   facet normal -0.4210 -0.9071 0.0000
      outer loop
         vertex -8.7500 0.1000 0.0000
         vertex -8.9000 0.1402 0.0000
         vertex -8.9000 0.1402 -1.5000
      endloop
   endfacet
   facet normal -0.3399 -0.9405 0.0000
      outer loop
         vertex -8.7500 0.1000 0.0000
         vertex -8.9000 0.1402 -1.5000
         vertex -8.7500 0.1000 -1.5000
      endloop
   endfacet
   facet normal 0.9405 -0.3399 0.0000
      outer loop
         vertex 5.2098 0.2500 -1.5000
         vertex 5.2500 0.4000 -1.5000
         vertex 5.2500 0.4000 0.0000
      endloop
   endfacet
   facet normal 0.9071 -0.4210 0.0000
      outer loop
         vertex 5.2098 0.2500 -1.5000
         vertex 5.2500 0.4000 0.0000
         vertex 5.2098 0.2500 0.0000
      endloop
   endfacet
   facet normal 0.7672 -0.6414 0.0000
      outer loop
         vertex 5.1000 0.1402 -1.5000
         vertex 5.2098 0.2500 -1.5000
         vertex 5.2098 0.2500 0.0000
      endloop
   endfacet
   facet normal 0.6414 -0.7672 0.0000
      outer loop
         vertex 5.1000 0.1402 -1.5000
         vertex 5.2098 0.2500 0.0000
         vertex 5.1000 0.1402 0.0000
      endloop
   endfacet
   facet normal 0.0000 0.0000 -1.0000
      outer loop
         vertex 4.6800 10.4500 -0.2000
         vertex 4.4300 10.5170 -0.2000
         vertex 4.3586 10.5670 -0.2000
      endloop
   endfacet
   facet normal 0.0000 0.0000 -1.0000
      outer loop
         vertex 4.6800 10.4500 -0.2000
         vertex 4.3586 10.5670 -0.2000
         vertex 1.7570 12.7500 -0.2000
      endloop
   endfacet
   facet normal 0.0000 0.0000 -1.0000
      outer loop
         vertex 4.6800 10.4500 -0.2000
         vertex 1.7570 12.7500 -0.2000
         vertex 6.0000 12.7500 -0.2000
      endloop
   endfacet
   facet normal 0.0000 0.0000 -1.0000
      outer loop
         vertex 4.6800 10.4500 -0.2000
         vertex 6.0000 12.7500 -0.2000
         vertex 6.0000 10.9429 -0.2000
      endloop
   endfacet
   facet normal 0.0000 0.0000 -1.0000
      outer loop
         vertex 4.6800 10.4500 -0.2000
         vertex 6.0000 10.9429 -0.2000
         vertex 4.8669 10.4862 -0.2000
      endloop
   endfacet
   facet normal 0.8100 0.5865 0.0000
      outer loop
         vertex 5.2098 9.6101 -1.5000
         vertex 5.1428 9.6899 -1.5000
         vertex 5.1428 9.6899 0.0000
      endloop
   endfacet
   facet normal 0.8506 0.5259 0.0000
      outer loop
         vertex 5.2098 9.6101 -1.5000
         vertex 5.1428 9.6899 0.0000
         vertex 5.2098 9.6101 0.0000
      endloop
   endfacet
   facet normal 0.9186 0.3951 0.0000
      outer loop
         vertex 5.2500 9.4601 -1.5000
         vertex 5.2098 9.6101 -1.5000
         vertex 5.2098 9.6101 0.0000
      endloop
   endfacet
   facet normal 0.9450 0.3271 0.0000
      outer loop
         vertex 5.2500 9.4601 -1.5000
         vertex 5.2098 9.6101 0.0000
         vertex 5.2500 9.4601 0.0000
      endloop
   endfacet
   facet normal 1.0000 0.0000 0.0000
      outer loop
         vertex 5.2500 9.4601 -1.5000
         vertex 5.2500 9.4601 0.0000
         vertex 5.2500 4.5600 0.0000
      endloop
   endfacet
   facet normal 1.0000 0.0000 0.0000
      outer loop
         vertex 5.2500 9.4601 -1.5000
         vertex 5.2500 4.5600 0.0000
         vertex 5.2500 2.2400 0.0000
      endloop
   endfacet
   facet normal 1.0000 0.0000 0.0000
      outer loop
         vertex 5.2500 9.4601 -1.5000
         vertex 5.2500 2.2400 0.0000
         vertex 5.2500 0.4000 0.0000
      endloop
   endfacet
   facet normal 1.0000 0.0000 0.0000
      outer loop
         vertex 5.2500 9.4601 -1.5000
         vertex 5.2500 0.4000 0.0000
         vertex 5.2500 0.4000 -1.5000
      endloop
   endfacet
   facet normal -0.4210 -0.9071 0.0000
      outer loop
         vertex -9.0500 8.5000 -1.5000
         vertex -8.9500 8.4732 -1.5000
         vertex -8.9500 8.4732 0.0000
      endloop
   endfacet
   facet normal -0.3399 -0.9405 0.0000
      outer loop
         vertex -9.0500 8.5000 -1.5000
         vertex -8.9500 8.4732 0.0000
         vertex -9.0500 8.5000 0.0000
      endloop
   endfacet
   facet normal -1.0000 0.0000 0.0000
      outer loop
         vertex -9.0500 12.3500 -1.5000
         vertex -9.0500 8.5000 -1.5000
         vertex -9.0500 9.2674 0.0000
      endloop
   endfacet
   facet normal -1.0000 0.0000 0.0000
      outer loop
         vertex -9.0500 12.3500 -1.5000
         vertex -9.0500 9.2674 0.0000
         vertex -9.0500 10.7326 0.0000
      endloop
   endfacet
   facet normal -1.0000 0.0000 0.0000
      outer loop
         vertex -9.0500 12.3500 -1.5000
         vertex -9.0500 10.7326 0.0000
         vertex -9.0500 12.1500 0.0000
      endloop
   endfacet
   facet normal -1.0000 0.0000 0.0000
      outer loop
         vertex -9.0500 12.3500 -1.5000
         vertex -9.0500 12.1500 0.0000
         vertex -9.0500 12.3500 0.0000
      endloop
   endfacet
   facet normal -1.0000 0.0000 0.0000
      outer loop
         vertex -9.0500 9.2674 0.0000
         vertex -9.0500 8.5000 -1.5000
         vertex -9.0500 8.5000 0.0000
      endloop
   endfacet
   facet normal 0.3139 0.9494 0.0000
      outer loop
         vertex 1.6560 12.6098 -1.5000
         vertex 1.5060 12.6500 -1.5000
         vertex 1.5060 12.6500 -0.2500
      endloop
   endfacet
   facet normal 0.3139 0.9494 0.0000
      outer loop
         vertex 1.6560 12.6098 -1.5000
         vertex 1.5060 12.6500 -0.2500
         vertex 1.5810 12.6299 -0.1750
      endloop
   endfacet
   facet normal 0.3687 0.9295 0.0000
      outer loop
         vertex 1.6560 12.6098 -1.5000
         vertex 1.5810 12.6299 -0.1750
         vertex 1.6560 12.6098 -0.1533
      endloop
   endfacet
   facet normal 0.5255 0.8508 0.0000
      outer loop
         vertex 1.6560 12.6098 -0.1533
         vertex 1.6919 12.5846 -0.1262
         vertex 1.6988 12.5798 -0.1229
      endloop
   endfacet
   facet normal 0.5255 0.8508 0.0000
      outer loop
         vertex 1.6560 12.6098 -0.1533
         vertex 1.6988 12.5798 -0.1229
         vertex 1.6988 12.5798 -1.5000
      endloop
   endfacet
   facet normal 0.4751 0.8799 0.0000
      outer loop
         vertex 1.6560 12.6098 -0.1533
         vertex 1.6988 12.5798 -1.5000
         vertex 1.6560 12.6098 -1.5000
      endloop
   endfacet
   facet normal 0.6428 0.7660 0.0000
      outer loop
         vertex 2.5983 11.8250 -0.1799
         vertex 2.6638 11.7701 -0.1250
         vertex 5.1428 9.6899 0.0000
      endloop
   endfacet
   facet normal 0.6428 0.7660 0.0000
      outer loop
         vertex 5.1428 9.6899 0.0000
         vertex 2.6638 11.7701 -0.1250
         vertex 2.6877 11.7500 -0.0500
      endloop
   endfacet
   facet normal 0.6428 0.7660 0.0000
      outer loop
         vertex 5.1428 9.6899 0.0000
         vertex 2.6877 11.7500 -0.0500
         vertex 3.7007 10.9000 0.0000
      endloop
   endfacet
   facet normal 0.6428 0.7660 0.0000
      outer loop
         vertex 3.7007 10.9000 0.0000
         vertex 2.6877 11.7500 -0.0500
         vertex 2.6877 11.7500 0.0000
      endloop
   endfacet
   facet normal 0.6428 0.7660 0.0000
      outer loop
         vertex 2.1872 12.1700 -0.1400
         vertex 2.2408 12.1250 -0.1799
         vertex 1.6988 12.5798 -0.1229
      endloop
   endfacet
   facet normal 0.6428 0.7660 0.0000
      outer loop
         vertex 1.6988 12.5798 -0.1229
         vertex 2.2408 12.1250 -0.1799
         vertex 2.3302 12.0500 -0.2000
      endloop
   endfacet
   facet normal 0.6428 0.7660 0.0000
      outer loop
         vertex 1.6988 12.5798 -0.1229
         vertex 2.3302 12.0500 -0.2000
         vertex 5.1428 9.6899 -1.5000
      endloop
   endfacet
   facet normal 0.6428 0.7660 0.0000
      outer loop
         vertex 5.1428 9.6899 -1.5000
         vertex 2.3302 12.0500 -0.2000
         vertex 2.5090 11.9000 -0.2000
      endloop
   endfacet
   facet normal 0.6428 0.7660 0.0000
      outer loop
         vertex 5.1428 9.6899 -1.5000
         vertex 2.5090 11.9000 -0.2000
         vertex 5.1428 9.6899 0.0000
      endloop
   endfacet
   facet normal 0.6428 0.7660 0.0000
      outer loop
         vertex 5.1428 9.6899 0.0000
         vertex 2.5090 11.9000 -0.2000
         vertex 2.5983 11.8250 -0.1799
      endloop
   endfacet
   facet normal 0.6428 0.7660 0.0000
      outer loop
         vertex 2.1872 12.1700 -0.1400
         vertex 1.6988 12.5798 -0.1229
         vertex 2.1157 12.2300 -0.0600
      endloop
   endfacet
   facet normal 0.6428 0.7660 0.0000
      outer loop
         vertex 2.1157 12.2300 -0.0600
         vertex 1.6988 12.5798 -0.1229
         vertex 1.9131 12.4000 0.0000
      endloop
   endfacet
   facet normal 0.6428 0.7660 0.0000
      outer loop
         vertex 2.1157 12.2300 -0.0600
         vertex 1.9131 12.4000 0.0000
         vertex 2.0621 12.2750 -0.0201
      endloop
   endfacet
   facet normal 0.6428 0.7660 0.0000
      outer loop
         vertex 2.0621 12.2750 -0.0201
         vertex 1.9131 12.4000 0.0000
         vertex 1.9727 12.3500 0.0000
      endloop
   endfacet
   facet normal 0.6428 0.7660 0.0000
      outer loop
         vertex 1.6988 12.5798 -0.1229
         vertex 5.1428 9.6899 -1.5000
         vertex 1.6988 12.5798 -1.5000
      endloop
   endfacet
   facet normal 1.0000 0.0000 0.0000
      outer loop
         vertex -0.2500 11.7500 0.0000
         vertex -0.2500 11.7500 -0.0500
         vertex -0.2500 11.7701 -0.1250
      endloop
   endfacet
   facet normal 1.0000 0.0000 0.0000
      outer loop
         vertex -0.2500 11.7500 0.0000
         vertex -0.2500 11.7701 -0.1250
         vertex -0.2500 11.8250 -0.1799
      endloop
   endfacet
   facet normal 1.0000 0.0000 0.0000
      outer loop
         vertex -0.2500 11.7500 0.0000
         vertex -0.2500 11.8250 -0.1799
         vertex -0.2500 11.9000 -0.2000
      endloop
   endfacet
   facet normal 1.0000 0.0000 0.0000
      outer loop
         vertex -0.2500 11.7500 0.0000
         vertex -0.2500 11.9000 -0.2000
         vertex -0.2500 12.0500 -0.2000
      endloop
   endfacet
   facet normal 1.0000 0.0000 0.0000
      outer loop
         vertex -0.2500 11.7500 0.0000
         vertex -0.2500 12.0500 -0.2000
         vertex -0.2500 12.1250 -0.1799
      endloop
   endfacet
   facet normal 1.0000 0.0000 0.0000
      outer loop
         vertex -0.2500 11.7500 0.0000
         vertex -0.2500 12.1250 -0.1799
         vertex -0.2500 12.1700 -0.1400
      endloop
   endfacet
   facet normal 1.0000 0.0000 0.0000
      outer loop
         vertex -0.2500 11.7500 0.0000
         vertex -0.2500 12.1700 -0.1400
         vertex -0.2500 12.2300 -0.0600
      endloop
   endfacet
   facet normal 1.0000 0.0000 0.0000
      outer loop
         vertex -0.2500 11.7500 0.0000
         vertex -0.2500 12.2300 -0.0600
         vertex -0.2500 12.2750 -0.0201
      endloop
   endfacet
   facet normal 1.0000 0.0000 0.0000
      outer loop
         vertex -0.2500 11.7500 0.0000
         vertex -0.2500 12.2750 -0.0201
         vertex -0.2500 12.3500 0.0000
      endloop
   endfacet
   facet normal 1.0000 0.0000 0.0000
      outer loop
         vertex -0.2500 12.6500 0.0000
         vertex -0.2500 12.4000 0.0000
         vertex -0.2500 12.5846 -0.1262
      endloop
   endfacet
   facet normal 1.0000 0.0000 0.0000
      outer loop
         vertex -0.2500 12.6500 0.0000
         vertex -0.2500 12.5846 -0.1262
         vertex -0.2500 12.6299 -0.1750
      endloop
   endfacet
   facet normal 1.0000 0.0000 0.0000
      outer loop
         vertex -0.2500 12.6500 0.0000
         vertex -0.2500 12.6299 -0.1750
         vertex -0.2500 12.6500 -0.2500
      endloop
   endfacet
   facet normal 0.0000 -0.8000 0.6000
      outer loop
         vertex -0.2500 12.2300 -0.0600
         vertex -0.2500 12.1700 -0.1400
         vertex 2.1872 12.1700 -0.1400
      endloop
   endfacet
   facet normal 0.0000 -0.8000 0.6000
      outer loop
         vertex -0.2500 12.2300 -0.0600
         vertex 2.1872 12.1700 -0.1400
         vertex 2.1157 12.2300 -0.0600
      endloop
   endfacet
   facet normal 0.0000 0.5642 0.8257
      outer loop
         vertex -0.2500 12.5846 -0.1262
         vertex -0.2500 12.4000 0.0000
         vertex 1.9131 12.4000 0.0000
      endloop
   endfacet
   facet normal 0.0000 0.5642 0.8257
      outer loop
         vertex -0.2500 12.5846 -0.1262
         vertex 1.9131 12.4000 0.0000
         vertex 1.6988 12.5798 -0.1229
      endloop
   endfacet
   facet normal 0.0000 0.5642 0.8257
      outer loop
         vertex -0.2500 12.5846 -0.1262
         vertex 1.6988 12.5798 -0.1229
         vertex 1.6919 12.5846 -0.1262
      endloop
   endfacet
   facet normal 0.0000 0.9122 0.4098
      outer loop
         vertex -0.2500 12.6299 -0.1750
         vertex 1.5810 12.6299 -0.1750
         vertex 1.5060 12.6500 -0.2500
      endloop
   endfacet
   facet normal 0.0000 0.9424 0.3344
      outer loop
         vertex -0.2500 12.6299 -0.1750
         vertex 1.5060 12.6500 -0.2500
         vertex -0.2500 12.6500 -0.2500
      endloop
   endfacet
   facet normal 0.0000 0.8326 0.5539
      outer loop
         vertex 1.5810 12.6299 -0.1750
         vertex -0.2500 12.6299 -0.1750
         vertex -0.2500 12.5846 -0.1262
      endloop
   endfacet
   facet normal 0.0000 0.7849 0.6197
      outer loop
         vertex 1.5810 12.6299 -0.1750
         vertex -0.2500 12.5846 -0.1262
         vertex 1.6919 12.5846 -0.1262
      endloop
   endfacet
   facet normal 0.0000 0.7849 0.6197
      outer loop
         vertex 1.5810 12.6299 -0.1750
         vertex 1.6919 12.5846 -0.1262
         vertex 1.6560 12.6098 -0.1533
      endloop
   endfacet
   facet normal 0.0000 -0.4033 0.9151
      outer loop
         vertex -0.2500 12.3500 0.0000
         vertex -0.2500 12.2750 -0.0201
         vertex 2.0621 12.2750 -0.0201
      endloop
   endfacet
   facet normal 0.0000 -0.3312 0.9436
      outer loop
         vertex -0.2500 12.3500 0.0000
         vertex 2.0621 12.2750 -0.0201
         vertex 1.9727 12.3500 0.0000
      endloop
   endfacet
   facet normal 0.0000 -0.6050 0.7963
      outer loop
         vertex -0.2500 12.2750 -0.0201
         vertex -0.2500 12.2300 -0.0600
         vertex 2.1157 12.2300 -0.0600
      endloop
   endfacet
   facet normal 0.0000 -0.5414 0.8407
      outer loop
         vertex -0.2500 12.2750 -0.0201
         vertex 2.1157 12.2300 -0.0600
         vertex 2.0621 12.2750 -0.0201
      endloop
   endfacet
   facet normal 0.0000 -0.3312 0.9436
      outer loop
         vertex -0.2500 12.1250 -0.1799
         vertex -0.2500 12.0500 -0.2000
         vertex 2.3302 12.0500 -0.2000
      endloop
   endfacet
   facet normal 0.0000 -0.4033 0.9151
      outer loop
         vertex -0.2500 12.1250 -0.1799
         vertex 2.3302 12.0500 -0.2000
         vertex 2.2408 12.1250 -0.1799
      endloop
   endfacet
   facet normal 0.0000 0.0000 1.0000
      outer loop
         vertex -0.2500 12.0500 -0.2000
         vertex -0.2500 11.9000 -0.2000
         vertex 2.5090 11.9000 -0.2000
      endloop
   endfacet
   facet normal 0.0000 0.0000 1.0000
      outer loop
         vertex -0.2500 12.0500 -0.2000
         vertex 2.5090 11.9000 -0.2000
         vertex 2.3302 12.0500 -0.2000
      endloop
   endfacet
   facet normal 0.0000 0.4210 0.9071
      outer loop
         vertex -0.2500 11.9000 -0.2000
         vertex -0.2500 11.8250 -0.1799
         vertex 2.5983 11.8250 -0.1799
      endloop
   endfacet
   facet normal 0.0000 0.3399 0.9405
      outer loop
         vertex -0.2500 11.9000 -0.2000
         vertex 2.5983 11.8250 -0.1799
         vertex 2.5090 11.9000 -0.2000
      endloop
   endfacet
   facet normal 0.0000 0.7672 0.6414
      outer loop
         vertex -0.2500 11.8250 -0.1799
         vertex -0.2500 11.7701 -0.1250
         vertex 2.6638 11.7701 -0.1250
      endloop
   endfacet
   facet normal 0.0000 0.6414 0.7672
      outer loop
         vertex -0.2500 11.8250 -0.1799
         vertex 2.6638 11.7701 -0.1250
         vertex 2.5983 11.8250 -0.1799
      endloop
   endfacet
   facet normal 0.0000 -0.5414 0.8407
      outer loop
         vertex -0.2500 12.1700 -0.1400
         vertex -0.2500 12.1250 -0.1799
         vertex 2.2408 12.1250 -0.1799
      endloop
   endfacet
   facet normal 0.0000 -0.6050 0.7963
      outer loop
         vertex -0.2500 12.1700 -0.1400
         vertex 2.2408 12.1250 -0.1799
         vertex 2.1872 12.1700 -0.1400
      endloop
   endfacet
   facet normal 0.0000 0.9405 0.3399
      outer loop
         vertex -0.2500 11.7701 -0.1250
         vertex -0.2500 11.7500 -0.0500
         vertex 2.6877 11.7500 -0.0500
      endloop
   endfacet
   facet normal 0.0000 0.9071 0.4210
      outer loop
         vertex -0.2500 11.7701 -0.1250
         vertex 2.6877 11.7500 -0.0500
         vertex 2.6638 11.7701 -0.1250
      endloop
   endfacet
   facet normal 0.0000 1.0000 0.0000
      outer loop
         vertex -0.2500 11.7500 -0.0500
         vertex -0.2500 11.7500 0.0000
         vertex 2.6877 11.7500 0.0000
      endloop
   endfacet
   facet normal 0.0000 1.0000 0.0000
      outer loop
         vertex -0.2500 11.7500 -0.0500
         vertex 2.6877 11.7500 0.0000
         vertex 2.6877 11.7500 -0.0500
      endloop
   endfacet
   facet normal 0.2450 0.0000 -0.9695
      outer loop
         vertex 6.7765 11.2558 -0.0978
         vertex 6.7765 12.7500 -0.0978
         vertex 7.0274 12.7500 -0.0186
      endloop
   endfacet
   facet normal 0.2731 0.0000 -0.9620
      outer loop
         vertex 6.7765 11.2558 -0.0978
         vertex 7.0274 12.7500 -0.0186
         vertex 7.0274 11.3569 -0.0186
      endloop
   endfacet
   facet normal 0.1593 0.0000 -0.9872
      outer loop
         vertex 6.0000 10.9429 -0.2000
         vertex 6.0000 12.7500 -0.2000
         vertex 6.7765 12.7500 -0.0978
      endloop
   endfacet
   facet normal 0.1880 0.0000 -0.9822
      outer loop
         vertex 6.0000 10.9429 -0.2000
         vertex 6.7765 12.7500 -0.0978
         vertex 6.7765 11.2558 -0.0978
      endloop
   endfacet
   facet normal -0.9405 0.3399 0.0000
      outer loop
         vertex -9.0098 12.5000 -1.5000
         vertex -9.0500 12.3500 -1.5000
         vertex -9.0500 12.3500 0.0000
      endloop
   endfacet
   facet normal -0.9071 0.4210 0.0000
      outer loop
         vertex -9.0098 12.5000 -1.5000
         vertex -9.0500 12.3500 0.0000
         vertex -9.0098 12.5000 0.0000
      endloop
   endfacet
   facet normal -0.7672 0.6414 0.0000
      outer loop
         vertex -8.9000 12.6098 -1.5000
         vertex -9.0098 12.5000 -1.5000
         vertex -9.0098 12.5000 0.0000
      endloop
   endfacet
   facet normal -0.6414 0.7672 0.0000
      outer loop
         vertex -8.9000 12.6098 -1.5000
         vertex -9.0098 12.5000 0.0000
         vertex -8.9000 12.6098 0.0000
      endloop
   endfacet
   facet normal -0.4210 0.9071 0.0000
      outer loop
         vertex -8.7500 12.6500 -1.5000
         vertex -8.9000 12.6098 -1.5000
         vertex -8.9000 12.6098 0.0000
      endloop
   endfacet
   facet normal -0.3399 0.9405 0.0000
      outer loop
         vertex -8.7500 12.6500 -1.5000
         vertex -8.9000 12.6098 0.0000
         vertex -8.7500 12.6500 0.0000
      endloop
   endfacet
   facet normal 0.0000 1.0000 0.0000
      outer loop
         vertex -0.2500 12.6500 -0.2500
         vertex 1.5060 12.6500 -0.2500
         vertex 1.5060 12.6500 -1.5000
      endloop
   endfacet
   facet normal 0.0000 1.0000 0.0000
      outer loop
         vertex -0.2500 12.6500 -0.2500
         vertex 1.5060 12.6500 -1.5000
         vertex -8.7500 12.6500 0.0000
      endloop
   endfacet
   facet normal 0.0000 1.0000 0.0000
      outer loop
         vertex -0.2500 12.6500 -0.2500
         vertex -8.7500 12.6500 0.0000
         vertex -7.1000 12.6500 0.0000
      endloop
   endfacet
   facet normal 0.0000 1.0000 0.0000
      outer loop
         vertex -0.2500 12.6500 -0.2500
         vertex -7.1000 12.6500 0.0000
         vertex -0.2500 12.6500 0.0000
      endloop
   endfacet
   facet normal 0.0000 1.0000 0.0000
      outer loop
         vertex -8.7500 12.6500 0.0000
         vertex 1.5060 12.6500 -1.5000
         vertex -8.7500 12.6500 -1.5000
      endloop
   endfacet
   facet normal -0.6414 0.7672 0.0000
      outer loop
         vertex -8.8768 6.9000 -1.5000
         vertex -8.9500 6.8268 -1.5000
         vertex -8.9500 6.8268 0.0000
      endloop
   endfacet
   facet normal -0.7672 0.6414 0.0000
      outer loop
         vertex -8.8768 6.9000 -1.5000
         vertex -8.9500 6.8268 0.0000
         vertex -8.8768 6.9000 0.0000
      endloop
   endfacet
   facet normal -0.9071 0.4210 0.0000
      outer loop
         vertex -8.8500 7.0000 -1.5000
         vertex -8.8768 6.9000 -1.5000
         vertex -8.8768 6.9000 0.0000
      endloop
   endfacet
   facet normal -0.9405 0.3399 0.0000
      outer loop
         vertex -8.8500 7.0000 -1.5000
         vertex -8.8768 6.9000 0.0000
         vertex -8.8500 7.0000 0.0000
      endloop
   endfacet
   facet normal -1.0000 0.0000 0.0000
      outer loop
         vertex -8.8500 8.3000 -1.5000
         vertex -8.8500 7.0000 -1.5000
         vertex -8.8500 7.0000 0.0000
      endloop
   endfacet
   facet normal -1.0000 0.0000 0.0000
      outer loop
         vertex -8.8500 8.3000 -1.5000
         vertex -8.8500 7.0000 0.0000
         vertex -8.8500 8.3000 0.0000
      endloop
   endfacet
   facet normal -0.9405 -0.3399 0.0000
      outer loop
         vertex -8.8768 8.4000 -1.5000
         vertex -8.8500 8.3000 -1.5000
         vertex -8.8500 8.3000 0.0000
      endloop
   endfacet
   facet normal -0.9071 -0.4210 0.0000
      outer loop
         vertex -8.8768 8.4000 -1.5000
         vertex -8.8500 8.3000 0.0000
         vertex -8.8768 8.4000 0.0000
      endloop
   endfacet
   facet normal -0.7672 -0.6414 0.0000
      outer loop
         vertex -8.9500 8.4732 -1.5000
         vertex -8.8768 8.4000 -1.5000
         vertex -8.8768 8.4000 0.0000
      endloop
   endfacet
   facet normal -0.6414 -0.7672 0.0000
      outer loop
         vertex -8.9500 8.4732 -1.5000
         vertex -8.8768 8.4000 0.0000
         vertex -8.9500 8.4732 0.0000
      endloop
   endfacet
endsolid
