ISO-10303-21;
HEADER;
/* Generated by software containing ST-Developer
 * from STEP Tools, Inc. (www.steptools.com) 
 */
/* OPTION: using custom renumber hook */

FILE_DESCRIPTION(
/* description */ ('STEP AP242',
'CAx-IF Rec.Pracs.---Representation and Presentation of Product Manufa
cturing Information (PMI)---4.0---2014-10-13',
'CAx-IF Rec.Pracs.---3D Tessellated Geometry---0.4---2014-09-14','2;1'),

/* implementation_level */ '2;1');

FILE_NAME(
/* name */ '2601-1102',
/* time_stamp */ '2025-12-08T23:46:12+01:00',
/* author */ ('License CC BY-ND 4.0'),
/* organization */ ('CADENAS'),
/* preprocessor_version */ 'ST-DEVELOPER v20',
/* originating_system */ 'PARTsolutions',
/* authorisation */ '  ');

FILE_SCHEMA (('AP242_MANAGED_MODEL_BASED_3D_ENGINEERING_MIM_LF { 1 0 10303 442 1 1 4 }'));
ENDSEC;

DATA;
#10=SHAPE_REPRESENTATION_RELATIONSHIP('','',#8188,#11);
#11=ADVANCED_BREP_SHAPE_REPRESENTATION('',(#8186),#12267);
#12=CONICAL_SURFACE('',#8551,0.300000000000003,0.785398163397446);
#13=CONICAL_SURFACE('',#8558,0.300000000000003,0.785398163397448);
#14=B_SPLINE_CURVE_WITH_KNOTS('',3,(#10529,#10530,#10531,#10532),
 .UNSPECIFIED.,.F.,.F.,(4,4),(0.,8.7986602418783E-5),.UNSPECIFIED.);
#15=B_SPLINE_CURVE_WITH_KNOTS('',3,(#10534,#10535,#10536,#10537),
 .UNSPECIFIED.,.F.,.F.,(4,4),(4.33680868994202E-19,0.00114691079697393),
 .UNSPECIFIED.);
#16=B_SPLINE_CURVE_WITH_KNOTS('',3,(#10539,#10540,#10541,#10542),
 .UNSPECIFIED.,.F.,.F.,(4,4),(0.,0.00114691082136395),.UNSPECIFIED.);
#17=B_SPLINE_CURVE_WITH_KNOTS('',3,(#10544,#10545,#10546,#10547),
 .UNSPECIFIED.,.F.,.F.,(4,4),(0.,8.79865781468861E-5),.UNSPECIFIED.);
#18=B_SPLINE_CURVE_WITH_KNOTS('',3,(#10549,#10550,#10551,#10552),
 .UNSPECIFIED.,.F.,.F.,(4,4),(9.69739903612216E-19,0.000261025259835854),
 .UNSPECIFIED.);
#19=B_SPLINE_CURVE_WITH_KNOTS('',3,(#10557,#10558,#10559,#10560),
 .UNSPECIFIED.,.F.,.F.,(4,4),(8.67361737988404E-19,0.000260679560388623),
 .UNSPECIFIED.);
#20=B_SPLINE_CURVE_WITH_KNOTS('',3,(#10562,#10563,#10564,#10565),
 .UNSPECIFIED.,.F.,.F.,(4,4),(0.,0.00114691082136395),.UNSPECIFIED.);
#21=B_SPLINE_CURVE_WITH_KNOTS('',3,(#10567,#10568,#10569,#10570),
 .UNSPECIFIED.,.F.,.F.,(4,4),(8.67361737988404E-19,0.00114691079697393),
 .UNSPECIFIED.);
#22=B_SPLINE_CURVE_WITH_KNOTS('',3,(#10611,#10612,#10613,#10614),
 .UNSPECIFIED.,.F.,.F.,(4,4),(1.0842021724855E-19,8.79866024187832E-5),
 .UNSPECIFIED.);
#23=B_SPLINE_CURVE_WITH_KNOTS('',3,(#10616,#10617,#10618,#10619),
 .UNSPECIFIED.,.F.,.F.,(4,4),(1.0842021724855E-19,0.00114691079697393),
 .UNSPECIFIED.);
#24=B_SPLINE_CURVE_WITH_KNOTS('',3,(#10621,#10622,#10623,#10624),
 .UNSPECIFIED.,.F.,.F.,(4,4),(4.33680868994202E-19,0.00114691082136395),
 .UNSPECIFIED.);
#25=B_SPLINE_CURVE_WITH_KNOTS('',3,(#10626,#10627,#10628,#10629),
 .UNSPECIFIED.,.F.,.F.,(4,4),(0.,8.79865781468849E-5),.UNSPECIFIED.);
#26=B_SPLINE_CURVE_WITH_KNOTS('',3,(#10631,#10632,#10633,#10634),
 .UNSPECIFIED.,.F.,.F.,(4,4),(1.17054927392111E-18,0.000261025259835854),
 .UNSPECIFIED.);
#27=B_SPLINE_CURVE_WITH_KNOTS('',3,(#10639,#10640,#10641,#10642),
 .UNSPECIFIED.,.F.,.F.,(4,4),(4.33680868994202E-19,0.000260679560388622),
 .UNSPECIFIED.);
#28=B_SPLINE_CURVE_WITH_KNOTS('',3,(#10644,#10645,#10646,#10647),
 .UNSPECIFIED.,.F.,.F.,(4,4),(4.33680868994202E-19,0.00114691082136395),
 .UNSPECIFIED.);
#29=B_SPLINE_CURVE_WITH_KNOTS('',3,(#10649,#10650,#10651,#10652),
 .UNSPECIFIED.,.F.,.F.,(4,4),(4.33680868994202E-19,0.00114691079697393),
 .UNSPECIFIED.);
#30=B_SPLINE_CURVE_WITH_KNOTS('',3,(#12028,#12029,#12030,#12031),
 .UNSPECIFIED.,.F.,.F.,(4,4),(0.,0.000236315292161439),.UNSPECIFIED.);
#31=CYLINDRICAL_SURFACE('',#8204,0.299999999999998);
#32=CYLINDRICAL_SURFACE('',#8205,0.300000000000002);
#33=CYLINDRICAL_SURFACE('',#8216,0.299999999999998);
#34=CYLINDRICAL_SURFACE('',#8217,0.300000000000002);
#35=CYLINDRICAL_SURFACE('',#8312,0.300000000000002);
#36=CYLINDRICAL_SURFACE('',#8314,0.3);
#37=CYLINDRICAL_SURFACE('',#8315,0.300000000000014);
#38=CYLINDRICAL_SURFACE('',#8319,0.300000000000002);
#39=CYLINDRICAL_SURFACE('',#8320,1.);
#40=CYLINDRICAL_SURFACE('',#8323,0.149999999999998);
#41=CYLINDRICAL_SURFACE('',#8327,0.15);
#42=CYLINDRICAL_SURFACE('',#8330,1.25);
#43=CYLINDRICAL_SURFACE('',#8334,1.25);
#44=CYLINDRICAL_SURFACE('',#8337,0.15);
#45=CYLINDRICAL_SURFACE('',#8341,0.15);
#46=CYLINDRICAL_SURFACE('',#8344,1.25);
#47=CYLINDRICAL_SURFACE('',#8353,0.150000000000001);
#48=CYLINDRICAL_SURFACE('',#8356,0.15);
#49=CYLINDRICAL_SURFACE('',#8358,1.25);
#50=CYLINDRICAL_SURFACE('',#8360,0.150000000000001);
#51=CYLINDRICAL_SURFACE('',#8364,0.15);
#52=CYLINDRICAL_SURFACE('',#8371,1.25);
#53=CYLINDRICAL_SURFACE('',#8391,1.25);
#54=CYLINDRICAL_SURFACE('',#8392,0.15);
#55=CYLINDRICAL_SURFACE('',#8394,0.15);
#56=CYLINDRICAL_SURFACE('',#8395,1.25);
#57=CYLINDRICAL_SURFACE('',#8397,1.25);
#58=CYLINDRICAL_SURFACE('',#8398,0.15);
#59=CYLINDRICAL_SURFACE('',#8400,0.149999999999998);
#60=CYLINDRICAL_SURFACE('',#8401,1.);
#61=CYLINDRICAL_SURFACE('',#8410,1.25000000000001);
#62=CYLINDRICAL_SURFACE('',#8413,0.149999999999999);
#63=CYLINDRICAL_SURFACE('',#8416,0.150000000000005);
#64=CYLINDRICAL_SURFACE('',#8418,1.24999999999999);
#65=CYLINDRICAL_SURFACE('',#8421,1.25000000000009);
#66=CYLINDRICAL_SURFACE('',#8425,1.00000000000001);
#67=CYLINDRICAL_SURFACE('',#8427,0.150000000000003);
#68=CYLINDRICAL_SURFACE('',#8433,1.24999999999999);
#69=CYLINDRICAL_SURFACE('',#8435,0.150000000000003);
#70=CYLINDRICAL_SURFACE('',#8438,0.150000000000003);
#71=CYLINDRICAL_SURFACE('',#8441,0.150000000000003);
#72=CYLINDRICAL_SURFACE('',#8444,1.00000000000001);
#73=CYLINDRICAL_SURFACE('',#8449,1.25000000000009);
#74=CYLINDRICAL_SURFACE('',#8453,1.24999999999999);
#75=CYLINDRICAL_SURFACE('',#8456,0.150000000000005);
#76=CYLINDRICAL_SURFACE('',#8460,0.149999999999999);
#77=CYLINDRICAL_SURFACE('',#8467,1.25000000000001);
#78=CYLINDRICAL_SURFACE('',#8477,1.24999999999999);
#79=CYLINDRICAL_SURFACE('',#8478,0.150000000000003);
#80=CYLINDRICAL_SURFACE('',#8480,0.150000000000003);
#81=CYLINDRICAL_SURFACE('',#8486,0.150000000000004);
#82=CYLINDRICAL_SURFACE('',#8488,0.150000000000004);
#83=CYLINDRICAL_SURFACE('',#8490,0.15);
#84=CYLINDRICAL_SURFACE('',#8492,0.150000000000005);
#85=CYLINDRICAL_SURFACE('',#8494,0.150000000000003);
#86=CYLINDRICAL_SURFACE('',#8496,0.150000000000001);
#87=CYLINDRICAL_SURFACE('',#8498,0.150000000000001);
#88=CYLINDRICAL_SURFACE('',#8500,0.150000000000004);
#89=CYLINDRICAL_SURFACE('',#8503,0.149999999999998);
#90=CYLINDRICAL_SURFACE('',#8507,0.15000000000001);
#91=CYLINDRICAL_SURFACE('',#8511,0.150000000000004);
#92=CYLINDRICAL_SURFACE('',#8513,0.149999999999998);
#93=CYLINDRICAL_SURFACE('',#8515,0.15000000000001);
#94=CYLINDRICAL_SURFACE('',#8517,0.150000000000004);
#95=CYLINDRICAL_SURFACE('',#8519,0.150000000000001);
#96=CYLINDRICAL_SURFACE('',#8521,0.150000000000001);
#97=CYLINDRICAL_SURFACE('',#8523,0.150000000000003);
#98=CYLINDRICAL_SURFACE('',#8525,0.150000000000005);
#99=CYLINDRICAL_SURFACE('',#8528,0.15);
#100=CYLINDRICAL_SURFACE('',#8531,0.150000000000004);
#101=CYLINDRICAL_SURFACE('',#8538,0.300000000000003);
#102=CYLINDRICAL_SURFACE('',#8545,0.300000000000003);
#103=CYLINDRICAL_SURFACE('',#8561,0.600000000000001);
#104=CYLINDRICAL_SURFACE('',#8564,0.6);
#105=CYLINDRICAL_SURFACE('',#8566,0.6);
#106=CYLINDRICAL_SURFACE('',#8569,0.149999999999999);
#107=CYLINDRICAL_SURFACE('',#8572,0.300000000000002);
#108=CYLINDRICAL_SURFACE('',#8575,0.300000000000003);
#109=CYLINDRICAL_SURFACE('',#8578,0.15);
#110=CYLINDRICAL_SURFACE('',#8581,0.600000000000001);
#111=CYLINDRICAL_SURFACE('',#8585,0.600000000000001);
#112=CYLINDRICAL_SURFACE('',#8588,0.6);
#113=CYLINDRICAL_SURFACE('',#8590,0.6);
#114=CYLINDRICAL_SURFACE('',#8593,0.149999999999999);
#115=CYLINDRICAL_SURFACE('',#8596,0.300000000000002);
#116=CYLINDRICAL_SURFACE('',#8599,0.300000000000003);
#117=CYLINDRICAL_SURFACE('',#8602,0.15);
#118=CYLINDRICAL_SURFACE('',#8605,0.600000000000001);
#119=CYLINDRICAL_SURFACE('',#8626,0.300000000000002);
#120=CYLINDRICAL_SURFACE('',#8628,0.3);
#121=CYLINDRICAL_SURFACE('',#8631,0.300000000000014);
#122=CYLINDRICAL_SURFACE('',#8637,0.300000000000007);
#123=CYLINDRICAL_SURFACE('',#8640,0.3);
#124=CYLINDRICAL_SURFACE('',#8643,0.199999999999999);
#125=CYLINDRICAL_SURFACE('',#8646,0.200000000000001);
#126=CYLINDRICAL_SURFACE('',#8652,0.149999999999981);
#127=CYLINDRICAL_SURFACE('',#8659,0.149999999999999);
#128=CYLINDRICAL_SURFACE('',#8661,0.150000000000003);
#129=CYLINDRICAL_SURFACE('',#8663,0.149999999999994);
#130=CYLINDRICAL_SURFACE('',#8684,0.800000000000003);
#131=CYLINDRICAL_SURFACE('',#8688,0.499999999999998);
#132=CYLINDRICAL_SURFACE('',#8691,1.00000000000006);
#133=CYLINDRICAL_SURFACE('',#8693,0.800000000000003);
#134=CYLINDRICAL_SURFACE('',#8697,0.499999999999998);
#135=CYLINDRICAL_SURFACE('',#8700,1.00000000000006);
#136=CYLINDRICAL_SURFACE('',#8706,4.);
#137=CYLINDRICAL_SURFACE('',#8707,0.399999999999993);
#138=CYLINDRICAL_SURFACE('',#8708,0.399999999999996);
#139=CYLINDRICAL_SURFACE('',#8709,3.00000000000005);
#140=CYLINDRICAL_SURFACE('',#8710,3.00000000000004);
#141=CYLINDRICAL_SURFACE('',#8711,4.);
#142=CYLINDRICAL_SURFACE('',#8712,0.399999999999993);
#143=CYLINDRICAL_SURFACE('',#8713,0.399999999999996);
#144=CYLINDRICAL_SURFACE('',#8714,3.00000000000005);
#145=CYLINDRICAL_SURFACE('',#8715,3.00000000000004);
#146=CYLINDRICAL_SURFACE('',#8716,0.45);
#147=CYLINDRICAL_SURFACE('',#8727,0.5);
#148=CYLINDRICAL_SURFACE('',#8730,0.150000000000001);
#149=CYLINDRICAL_SURFACE('',#8733,1.59999999999999);
#150=ELLIPSE('',#8200,3.23446505403772,3.00000000000005);
#151=ELLIPSE('',#8201,0.431262007205015,0.399999999999993);
#152=ELLIPSE('',#8202,0.431262007205018,0.399999999999996);
#153=ELLIPSE('',#8203,3.23446505403771,3.00000000000004);
#154=ELLIPSE('',#8212,3.23446505403772,3.00000000000005);
#155=ELLIPSE('',#8213,0.431262007205015,0.399999999999993);
#156=ELLIPSE('',#8214,0.431262007205018,0.399999999999996);
#157=ELLIPSE('',#8215,3.23446505403771,3.00000000000004);
#158=ELLIPSE('',#8291,0.233358574029068,0.150000000000004);
#159=ELLIPSE('',#8292,0.233358574029062,0.15);
#160=ELLIPSE('',#8293,0.23335857402907,0.150000000000005);
#161=ELLIPSE('',#8294,0.233358574029066,0.150000000000003);
#162=ELLIPSE('',#8295,0.233358574029063,0.150000000000001);
#163=ELLIPSE('',#8296,0.233358574029064,0.150000000000001);
#164=ELLIPSE('',#8297,0.233358574029068,0.150000000000004);
#165=ELLIPSE('',#8298,0.233358574029077,0.15000000000001);
#166=ELLIPSE('',#8299,0.233358574029059,0.149999999999998);
#167=ELLIPSE('',#8300,0.233358574029068,0.150000000000004);
#168=ELLIPSE('',#8301,0.233358574029068,0.150000000000004);
#169=ELLIPSE('',#8302,0.233358574029062,0.15);
#170=ELLIPSE('',#8303,0.23335857402907,0.150000000000005);
#171=ELLIPSE('',#8304,0.233358574029066,0.150000000000003);
#172=ELLIPSE('',#8305,0.233358574029063,0.150000000000001);
#173=ELLIPSE('',#8306,0.233358574029064,0.150000000000001);
#174=ELLIPSE('',#8307,0.233358574029068,0.150000000000004);
#175=ELLIPSE('',#8308,0.233358574029077,0.15000000000001);
#176=ELLIPSE('',#8309,0.233358574029059,0.149999999999998);
#177=ELLIPSE('',#8310,0.233358574029068,0.150000000000004);
#178=ELLIPSE('',#8634,0.233358574029053,0.149999999999994);
#179=ELLIPSE('',#8635,0.233358574029067,0.150000000000003);
#180=ELLIPSE('',#8636,0.23335857402906,0.149999999999999);
#181=ELLIPSE('',#8638,0.36334368540006,0.300000000000007);
#182=CIRCLE('',#8191,1.59999999999999);
#183=CIRCLE('',#8192,0.150000000000001);
#184=CIRCLE('',#8193,0.5);
#185=CIRCLE('',#8194,0.45);
#186=CIRCLE('',#8195,0.300000000000002);
#187=CIRCLE('',#8196,0.300000000000002);
#188=CIRCLE('',#8197,0.3);
#189=CIRCLE('',#8198,0.300000000000014);
#190=CIRCLE('',#8207,3.00000000000005);
#191=CIRCLE('',#8208,3.00000000000004);
#192=CIRCLE('',#8209,0.399999999999996);
#193=CIRCLE('',#8210,0.399999999999993);
#194=CIRCLE('',#8219,3.00000000000005);
#195=CIRCLE('',#8220,3.00000000000004);
#196=CIRCLE('',#8221,0.399999999999996);
#197=CIRCLE('',#8222,0.399999999999993);
#198=CIRCLE('',#8224,1.00000000000006);
#199=CIRCLE('',#8225,0.800000000000003);
#200=CIRCLE('',#8227,0.800000000000003);
#201=CIRCLE('',#8228,1.00000000000006);
#202=CIRCLE('',#8230,1.00000000000006);
#203=CIRCLE('',#8231,0.800000000000003);
#204=CIRCLE('',#8233,0.800000000000003);
#205=CIRCLE('',#8234,1.00000000000006);
#206=CIRCLE('',#8237,0.300000000000002);
#207=CIRCLE('',#8238,1.);
#208=CIRCLE('',#8239,0.300000000000002);
#209=CIRCLE('',#8241,1.25);
#210=CIRCLE('',#8242,1.25);
#211=CIRCLE('',#8244,0.3);
#212=CIRCLE('',#8245,0.3);
#213=CIRCLE('',#8247,0.300000000000014);
#214=CIRCLE('',#8248,0.300000000000014);
#215=CIRCLE('',#8250,0.3);
#216=CIRCLE('',#8251,0.300000000000002);
#217=CIRCLE('',#8253,0.6);
#218=CIRCLE('',#8254,0.600000000000001);
#219=CIRCLE('',#8255,0.600000000000001);
#220=CIRCLE('',#8256,0.15);
#221=CIRCLE('',#8257,0.300000000000003);
#222=CIRCLE('',#8258,0.300000000000002);
#223=CIRCLE('',#8259,0.149999999999999);
#224=CIRCLE('',#8260,0.6);
#225=CIRCLE('',#8261,0.6);
#226=CIRCLE('',#8262,0.600000000000001);
#227=CIRCLE('',#8263,0.600000000000001);
#228=CIRCLE('',#8264,0.15);
#229=CIRCLE('',#8265,0.300000000000003);
#230=CIRCLE('',#8266,0.300000000000002);
#231=CIRCLE('',#8267,0.149999999999999);
#232=CIRCLE('',#8268,0.6);
#233=CIRCLE('',#8272,1.24999999999999);
#234=CIRCLE('',#8273,1.25000000000001);
#235=CIRCLE('',#8277,0.150000000000004);
#236=CIRCLE('',#8278,0.150000000000001);
#237=CIRCLE('',#8279,0.150000000000001);
#238=CIRCLE('',#8280,0.150000000000003);
#239=CIRCLE('',#8282,0.150000000000004);
#240=CIRCLE('',#8283,0.150000000000001);
#241=CIRCLE('',#8284,0.150000000000001);
#242=CIRCLE('',#8285,0.150000000000003);
#243=CIRCLE('',#8287,0.150000000000004);
#244=CIRCLE('',#8288,0.149999999999998);
#245=CIRCLE('',#8289,0.15000000000001);
#246=CIRCLE('',#8317,0.500000000000002);
#247=CIRCLE('',#8318,0.500000000000003);
#248=CIRCLE('',#8321,1.);
#249=CIRCLE('',#8322,1.);
#250=CIRCLE('',#8324,0.149999999999998);
#251=CIRCLE('',#8325,0.149999999999998);
#252=CIRCLE('',#8328,0.15);
#253=CIRCLE('',#8329,0.15);
#254=CIRCLE('',#8331,1.25);
#255=CIRCLE('',#8332,1.25);
#256=CIRCLE('',#8335,1.25);
#257=CIRCLE('',#8336,1.25);
#258=CIRCLE('',#8338,0.15);
#259=CIRCLE('',#8339,0.15);
#260=CIRCLE('',#8342,0.15);
#261=CIRCLE('',#8343,0.15);
#262=CIRCLE('',#8345,1.25);
#263=CIRCLE('',#8346,1.25);
#264=CIRCLE('',#8349,1.25);
#265=CIRCLE('',#8350,0.15);
#266=CIRCLE('',#8351,0.150000000000001);
#267=CIRCLE('',#8354,0.150000000000001);
#268=CIRCLE('',#8357,0.15);
#269=CIRCLE('',#8359,1.25);
#270=CIRCLE('',#8361,0.150000000000001);
#271=CIRCLE('',#8362,0.150000000000001);
#272=CIRCLE('',#8365,0.15);
#273=CIRCLE('',#8366,0.15);
#274=CIRCLE('',#8368,1.25);
#275=CIRCLE('',#8370,1.25);
#276=CIRCLE('',#8374,1.);
#277=CIRCLE('',#8375,0.149999999999998);
#278=CIRCLE('',#8376,0.15);
#279=CIRCLE('',#8377,1.25);
#280=CIRCLE('',#8378,1.25);
#281=CIRCLE('',#8379,0.15);
#282=CIRCLE('',#8380,0.15);
#283=CIRCLE('',#8381,1.25);
#284=CIRCLE('',#8383,1.25);
#285=CIRCLE('',#8384,0.15);
#286=CIRCLE('',#8385,0.15);
#287=CIRCLE('',#8386,1.25);
#288=CIRCLE('',#8387,1.25);
#289=CIRCLE('',#8388,0.15);
#290=CIRCLE('',#8389,0.149999999999998);
#291=CIRCLE('',#8390,1.);
#292=CIRCLE('',#8403,1.25000000000001);
#293=CIRCLE('',#8404,0.149999999999999);
#294=CIRCLE('',#8405,0.150000000000005);
#295=CIRCLE('',#8406,1.24999999999999);
#296=CIRCLE('',#8407,1.25000000000009);
#297=CIRCLE('',#8408,1.00000000000001);
#298=CIRCLE('',#8409,0.150000000000003);
#299=CIRCLE('',#8411,1.25000000000001);
#300=CIRCLE('',#8414,0.149999999999999);
#301=CIRCLE('',#8417,0.150000000000005);
#302=CIRCLE('',#8419,1.24999999999999);
#303=CIRCLE('',#8422,1.25000000000009);
#304=CIRCLE('',#8426,1.00000000000001);
#305=CIRCLE('',#8428,0.150000000000003);
#306=CIRCLE('',#8430,0.150000000000003);
#307=CIRCLE('',#8431,0.150000000000003);
#308=CIRCLE('',#8432,1.24999999999999);
#309=CIRCLE('',#8434,1.24999999999999);
#310=CIRCLE('',#8436,0.150000000000003);
#311=CIRCLE('',#8439,0.150000000000003);
#312=CIRCLE('',#8442,0.150000000000003);
#313=CIRCLE('',#8443,0.150000000000003);
#314=CIRCLE('',#8445,1.00000000000001);
#315=CIRCLE('',#8446,1.00000000000001);
#316=CIRCLE('',#8450,1.25000000000009);
#317=CIRCLE('',#8451,1.25000000000009);
#318=CIRCLE('',#8454,1.24999999999999);
#319=CIRCLE('',#8455,1.24999999999999);
#320=CIRCLE('',#8457,0.150000000000005);
#321=CIRCLE('',#8458,0.150000000000005);
#322=CIRCLE('',#8461,0.149999999999999);
#323=CIRCLE('',#8462,0.149999999999999);
#324=CIRCLE('',#8464,1.25000000000001);
#325=CIRCLE('',#8466,1.25000000000001);
#326=CIRCLE('',#8470,0.150000000000003);
#327=CIRCLE('',#8471,0.150000000000003);
#328=CIRCLE('',#8472,1.24999999999999);
#329=CIRCLE('',#8474,1.24999999999999);
#330=CIRCLE('',#8475,0.150000000000003);
#331=CIRCLE('',#8476,0.150000000000003);
#332=CIRCLE('',#8483,0.150000000000005);
#333=CIRCLE('',#8484,0.15);
#334=CIRCLE('',#8485,0.150000000000004);
#335=CIRCLE('',#8501,0.150000000000004);
#336=CIRCLE('',#8504,0.149999999999998);
#337=CIRCLE('',#8508,0.15000000000001);
#338=CIRCLE('',#8526,0.150000000000005);
#339=CIRCLE('',#8529,0.15);
#340=CIRCLE('',#8532,0.150000000000004);
#341=CIRCLE('',#8536,0.300000000000003);
#342=CIRCLE('',#8539,0.300000000000003);
#343=CIRCLE('',#8543,0.300000000000003);
#344=CIRCLE('',#8546,0.300000000000003);
#345=CIRCLE('',#8562,0.600000000000001);
#346=CIRCLE('',#8565,0.6);
#347=CIRCLE('',#8567,0.6);
#348=CIRCLE('',#8570,0.149999999999999);
#349=CIRCLE('',#8573,0.300000000000002);
#350=CIRCLE('',#8576,0.300000000000003);
#351=CIRCLE('',#8579,0.15);
#352=CIRCLE('',#8582,0.600000000000001);
#353=CIRCLE('',#8586,0.600000000000001);
#354=CIRCLE('',#8589,0.6);
#355=CIRCLE('',#8591,0.6);
#356=CIRCLE('',#8594,0.149999999999999);
#357=CIRCLE('',#8597,0.300000000000002);
#358=CIRCLE('',#8600,0.300000000000003);
#359=CIRCLE('',#8603,0.15);
#360=CIRCLE('',#8606,0.600000000000001);
#361=CIRCLE('',#8620,0.199999999999999);
#362=CIRCLE('',#8621,0.200000000000001);
#363=CIRCLE('',#8627,0.300000000000002);
#364=CIRCLE('',#8629,0.3);
#365=CIRCLE('',#8632,0.300000000000014);
#366=CIRCLE('',#8639,0.300000000000007);
#367=CIRCLE('',#8641,0.3);
#368=CIRCLE('',#8644,0.199999999999999);
#369=CIRCLE('',#8647,0.200000000000001);
#370=CIRCLE('',#8651,0.149999999999981);
#371=CIRCLE('',#8655,0.149999999999999);
#372=CIRCLE('',#8656,0.150000000000003);
#373=CIRCLE('',#8657,0.149999999999994);
#374=CIRCLE('',#8689,0.499999999999998);
#375=CIRCLE('',#8690,0.499999999999998);
#376=CIRCLE('',#8698,0.499999999999998);
#377=CIRCLE('',#8699,0.499999999999998);
#378=CIRCLE('',#8717,0.45);
#379=CIRCLE('',#8728,0.5);
#380=CIRCLE('',#8731,0.150000000000001);
#381=CIRCLE('',#8734,1.59999999999999);
#382=ORIENTED_EDGE('',*,*,#2126,.F.);
#383=ORIENTED_EDGE('',*,*,#2127,.F.);
#384=ORIENTED_EDGE('',*,*,#2128,.F.);
#385=ORIENTED_EDGE('',*,*,#2129,.F.);
#386=ORIENTED_EDGE('',*,*,#2130,.F.);
#387=ORIENTED_EDGE('',*,*,#2131,.F.);
#388=ORIENTED_EDGE('',*,*,#2132,.F.);
#389=ORIENTED_EDGE('',*,*,#2133,.F.);
#390=ORIENTED_EDGE('',*,*,#2134,.F.);
#391=ORIENTED_EDGE('',*,*,#2135,.T.);
#392=ORIENTED_EDGE('',*,*,#2136,.T.);
#393=ORIENTED_EDGE('',*,*,#2137,.T.);
#394=ORIENTED_EDGE('',*,*,#2138,.F.);
#395=ORIENTED_EDGE('',*,*,#2139,.T.);
#396=ORIENTED_EDGE('',*,*,#2140,.T.);
#397=ORIENTED_EDGE('',*,*,#2141,.T.);
#398=ORIENTED_EDGE('',*,*,#2142,.T.);
#399=ORIENTED_EDGE('',*,*,#2143,.T.);
#400=ORIENTED_EDGE('',*,*,#2144,.T.);
#401=ORIENTED_EDGE('',*,*,#2145,.T.);
#402=ORIENTED_EDGE('',*,*,#2146,.T.);
#403=ORIENTED_EDGE('',*,*,#2147,.T.);
#404=ORIENTED_EDGE('',*,*,#2148,.T.);
#405=ORIENTED_EDGE('',*,*,#2149,.F.);
#406=ORIENTED_EDGE('',*,*,#2150,.F.);
#407=ORIENTED_EDGE('',*,*,#2151,.F.);
#408=ORIENTED_EDGE('',*,*,#2152,.F.);
#409=ORIENTED_EDGE('',*,*,#2153,.F.);
#410=ORIENTED_EDGE('',*,*,#2154,.F.);
#411=ORIENTED_EDGE('',*,*,#2155,.F.);
#412=ORIENTED_EDGE('',*,*,#2156,.F.);
#413=ORIENTED_EDGE('',*,*,#2157,.F.);
#414=ORIENTED_EDGE('',*,*,#2158,.F.);
#415=ORIENTED_EDGE('',*,*,#2159,.F.);
#416=ORIENTED_EDGE('',*,*,#2160,.T.);
#417=ORIENTED_EDGE('',*,*,#2161,.T.);
#418=ORIENTED_EDGE('',*,*,#2162,.F.);
#419=ORIENTED_EDGE('',*,*,#2163,.F.);
#420=ORIENTED_EDGE('',*,*,#2164,.F.);
#421=ORIENTED_EDGE('',*,*,#2165,.F.);
#422=ORIENTED_EDGE('',*,*,#2156,.T.);
#423=ORIENTED_EDGE('',*,*,#2166,.F.);
#424=ORIENTED_EDGE('',*,*,#2167,.F.);
#425=ORIENTED_EDGE('',*,*,#2168,.F.);
#426=ORIENTED_EDGE('',*,*,#2169,.F.);
#427=ORIENTED_EDGE('',*,*,#2170,.F.);
#428=ORIENTED_EDGE('',*,*,#2171,.T.);
#429=ORIENTED_EDGE('',*,*,#2172,.T.);
#430=ORIENTED_EDGE('',*,*,#2173,.F.);
#431=ORIENTED_EDGE('',*,*,#2174,.T.);
#432=ORIENTED_EDGE('',*,*,#2175,.F.);
#433=ORIENTED_EDGE('',*,*,#2176,.F.);
#434=ORIENTED_EDGE('',*,*,#2177,.F.);
#435=ORIENTED_EDGE('',*,*,#2178,.F.);
#436=ORIENTED_EDGE('',*,*,#2179,.T.);
#437=ORIENTED_EDGE('',*,*,#2180,.T.);
#438=ORIENTED_EDGE('',*,*,#2167,.T.);
#439=ORIENTED_EDGE('',*,*,#2181,.T.);
#440=ORIENTED_EDGE('',*,*,#2182,.F.);
#441=ORIENTED_EDGE('',*,*,#2183,.F.);
#442=ORIENTED_EDGE('',*,*,#2184,.F.);
#443=ORIENTED_EDGE('',*,*,#2185,.F.);
#444=ORIENTED_EDGE('',*,*,#2186,.F.);
#445=ORIENTED_EDGE('',*,*,#2187,.F.);
#446=ORIENTED_EDGE('',*,*,#2188,.T.);
#447=ORIENTED_EDGE('',*,*,#2189,.T.);
#448=ORIENTED_EDGE('',*,*,#2190,.F.);
#449=ORIENTED_EDGE('',*,*,#2191,.F.);
#450=ORIENTED_EDGE('',*,*,#2192,.F.);
#451=ORIENTED_EDGE('',*,*,#2193,.F.);
#452=ORIENTED_EDGE('',*,*,#2184,.T.);
#453=ORIENTED_EDGE('',*,*,#2194,.F.);
#454=ORIENTED_EDGE('',*,*,#2195,.F.);
#455=ORIENTED_EDGE('',*,*,#2196,.F.);
#456=ORIENTED_EDGE('',*,*,#2197,.F.);
#457=ORIENTED_EDGE('',*,*,#2198,.F.);
#458=ORIENTED_EDGE('',*,*,#2199,.T.);
#459=ORIENTED_EDGE('',*,*,#2200,.T.);
#460=ORIENTED_EDGE('',*,*,#2201,.F.);
#461=ORIENTED_EDGE('',*,*,#2202,.T.);
#462=ORIENTED_EDGE('',*,*,#2203,.F.);
#463=ORIENTED_EDGE('',*,*,#2204,.F.);
#464=ORIENTED_EDGE('',*,*,#2205,.F.);
#465=ORIENTED_EDGE('',*,*,#2206,.F.);
#466=ORIENTED_EDGE('',*,*,#2207,.T.);
#467=ORIENTED_EDGE('',*,*,#2208,.T.);
#468=ORIENTED_EDGE('',*,*,#2195,.T.);
#469=ORIENTED_EDGE('',*,*,#2209,.T.);
#470=ORIENTED_EDGE('',*,*,#2210,.T.);
#471=ORIENTED_EDGE('',*,*,#2211,.T.);
#472=ORIENTED_EDGE('',*,*,#2176,.T.);
#473=ORIENTED_EDGE('',*,*,#2212,.T.);
#474=ORIENTED_EDGE('',*,*,#2213,.T.);
#475=ORIENTED_EDGE('',*,*,#2214,.T.);
#476=ORIENTED_EDGE('',*,*,#2215,.T.);
#477=ORIENTED_EDGE('',*,*,#2216,.T.);
#478=ORIENTED_EDGE('',*,*,#2217,.F.);
#479=ORIENTED_EDGE('',*,*,#2218,.F.);
#480=ORIENTED_EDGE('',*,*,#2219,.F.);
#481=ORIENTED_EDGE('',*,*,#2220,.F.);
#482=ORIENTED_EDGE('',*,*,#2221,.F.);
#483=ORIENTED_EDGE('',*,*,#2222,.F.);
#484=ORIENTED_EDGE('',*,*,#2223,.F.);
#485=ORIENTED_EDGE('',*,*,#2174,.F.);
#486=ORIENTED_EDGE('',*,*,#2224,.T.);
#487=ORIENTED_EDGE('',*,*,#2225,.T.);
#488=ORIENTED_EDGE('',*,*,#2204,.T.);
#489=ORIENTED_EDGE('',*,*,#2226,.T.);
#490=ORIENTED_EDGE('',*,*,#2227,.T.);
#491=ORIENTED_EDGE('',*,*,#2228,.T.);
#492=ORIENTED_EDGE('',*,*,#2229,.T.);
#493=ORIENTED_EDGE('',*,*,#2230,.T.);
#494=ORIENTED_EDGE('',*,*,#2231,.F.);
#495=ORIENTED_EDGE('',*,*,#2232,.F.);
#496=ORIENTED_EDGE('',*,*,#2233,.F.);
#497=ORIENTED_EDGE('',*,*,#2234,.F.);
#498=ORIENTED_EDGE('',*,*,#2235,.F.);
#499=ORIENTED_EDGE('',*,*,#2236,.F.);
#500=ORIENTED_EDGE('',*,*,#2237,.F.);
#501=ORIENTED_EDGE('',*,*,#2202,.F.);
#502=ORIENTED_EDGE('',*,*,#2238,.F.);
#503=ORIENTED_EDGE('',*,*,#2239,.T.);
#504=ORIENTED_EDGE('',*,*,#2240,.F.);
#505=ORIENTED_EDGE('',*,*,#2241,.T.);
#506=ORIENTED_EDGE('',*,*,#2242,.T.);
#507=ORIENTED_EDGE('',*,*,#2243,.F.);
#508=ORIENTED_EDGE('',*,*,#2244,.F.);
#509=ORIENTED_EDGE('',*,*,#2245,.T.);
#510=ORIENTED_EDGE('',*,*,#2246,.T.);
#511=ORIENTED_EDGE('',*,*,#2247,.T.);
#512=ORIENTED_EDGE('',*,*,#2248,.T.);
#513=ORIENTED_EDGE('',*,*,#2249,.F.);
#514=ORIENTED_EDGE('',*,*,#2250,.F.);
#515=ORIENTED_EDGE('',*,*,#2251,.F.);
#516=ORIENTED_EDGE('',*,*,#2252,.F.);
#517=ORIENTED_EDGE('',*,*,#2253,.F.);
#518=ORIENTED_EDGE('',*,*,#2254,.T.);
#519=ORIENTED_EDGE('',*,*,#2255,.F.);
#520=ORIENTED_EDGE('',*,*,#2256,.F.);
#521=ORIENTED_EDGE('',*,*,#2257,.T.);
#522=ORIENTED_EDGE('',*,*,#2258,.T.);
#523=ORIENTED_EDGE('',*,*,#2259,.T.);
#524=ORIENTED_EDGE('',*,*,#2260,.T.);
#525=ORIENTED_EDGE('',*,*,#2261,.T.);
#526=ORIENTED_EDGE('',*,*,#2262,.F.);
#527=ORIENTED_EDGE('',*,*,#2263,.F.);
#528=ORIENTED_EDGE('',*,*,#2264,.F.);
#529=ORIENTED_EDGE('',*,*,#2265,.T.);
#530=ORIENTED_EDGE('',*,*,#2266,.T.);
#531=ORIENTED_EDGE('',*,*,#2267,.T.);
#532=ORIENTED_EDGE('',*,*,#2268,.T.);
#533=ORIENTED_EDGE('',*,*,#2269,.F.);
#534=ORIENTED_EDGE('',*,*,#2270,.F.);
#535=ORIENTED_EDGE('',*,*,#2271,.F.);
#536=ORIENTED_EDGE('',*,*,#2272,.F.);
#537=ORIENTED_EDGE('',*,*,#2273,.T.);
#538=ORIENTED_EDGE('',*,*,#2243,.T.);
#539=ORIENTED_EDGE('',*,*,#2274,.T.);
#540=ORIENTED_EDGE('',*,*,#2275,.T.);
#541=ORIENTED_EDGE('',*,*,#2276,.T.);
#542=ORIENTED_EDGE('',*,*,#2277,.F.);
#543=ORIENTED_EDGE('',*,*,#2278,.F.);
#544=ORIENTED_EDGE('',*,*,#2279,.F.);
#545=ORIENTED_EDGE('',*,*,#2280,.F.);
#546=ORIENTED_EDGE('',*,*,#2281,.F.);
#547=ORIENTED_EDGE('',*,*,#2282,.F.);
#548=ORIENTED_EDGE('',*,*,#2283,.F.);
#549=ORIENTED_EDGE('',*,*,#2284,.F.);
#550=ORIENTED_EDGE('',*,*,#2285,.F.);
#551=ORIENTED_EDGE('',*,*,#2286,.F.);
#552=ORIENTED_EDGE('',*,*,#2287,.T.);
#553=ORIENTED_EDGE('',*,*,#2288,.F.);
#554=ORIENTED_EDGE('',*,*,#2289,.F.);
#555=ORIENTED_EDGE('',*,*,#2290,.F.);
#556=ORIENTED_EDGE('',*,*,#2291,.F.);
#557=ORIENTED_EDGE('',*,*,#2292,.F.);
#558=ORIENTED_EDGE('',*,*,#2293,.T.);
#559=ORIENTED_EDGE('',*,*,#2294,.F.);
#560=ORIENTED_EDGE('',*,*,#2295,.F.);
#561=ORIENTED_EDGE('',*,*,#2296,.T.);
#562=ORIENTED_EDGE('',*,*,#2272,.T.);
#563=ORIENTED_EDGE('',*,*,#2297,.F.);
#564=ORIENTED_EDGE('',*,*,#2146,.F.);
#565=ORIENTED_EDGE('',*,*,#2298,.T.);
#566=ORIENTED_EDGE('',*,*,#2262,.T.);
#567=ORIENTED_EDGE('',*,*,#2299,.F.);
#568=ORIENTED_EDGE('',*,*,#2300,.F.);
#569=ORIENTED_EDGE('',*,*,#2301,.F.);
#570=ORIENTED_EDGE('',*,*,#2302,.F.);
#571=ORIENTED_EDGE('',*,*,#2303,.F.);
#572=ORIENTED_EDGE('',*,*,#2304,.F.);
#573=ORIENTED_EDGE('',*,*,#2305,.F.);
#574=ORIENTED_EDGE('',*,*,#2306,.T.);
#575=ORIENTED_EDGE('',*,*,#2307,.F.);
#576=ORIENTED_EDGE('',*,*,#2308,.F.);
#577=ORIENTED_EDGE('',*,*,#2309,.F.);
#578=ORIENTED_EDGE('',*,*,#2310,.F.);
#579=ORIENTED_EDGE('',*,*,#2311,.F.);
#580=ORIENTED_EDGE('',*,*,#2312,.T.);
#581=ORIENTED_EDGE('',*,*,#2313,.F.);
#582=ORIENTED_EDGE('',*,*,#2314,.F.);
#583=ORIENTED_EDGE('',*,*,#2315,.T.);
#584=ORIENTED_EDGE('',*,*,#2316,.F.);
#585=ORIENTED_EDGE('',*,*,#2317,.F.);
#586=ORIENTED_EDGE('',*,*,#2318,.F.);
#587=ORIENTED_EDGE('',*,*,#2319,.T.);
#588=ORIENTED_EDGE('',*,*,#2320,.F.);
#589=ORIENTED_EDGE('',*,*,#2321,.F.);
#590=ORIENTED_EDGE('',*,*,#2322,.F.);
#591=ORIENTED_EDGE('',*,*,#2323,.F.);
#592=ORIENTED_EDGE('',*,*,#2324,.F.);
#593=ORIENTED_EDGE('',*,*,#2325,.F.);
#594=ORIENTED_EDGE('',*,*,#2326,.T.);
#595=ORIENTED_EDGE('',*,*,#2327,.F.);
#596=ORIENTED_EDGE('',*,*,#2328,.F.);
#597=ORIENTED_EDGE('',*,*,#2329,.F.);
#598=ORIENTED_EDGE('',*,*,#2330,.F.);
#599=ORIENTED_EDGE('',*,*,#2331,.T.);
#600=ORIENTED_EDGE('',*,*,#2332,.F.);
#601=ORIENTED_EDGE('',*,*,#2333,.F.);
#602=ORIENTED_EDGE('',*,*,#2334,.F.);
#603=ORIENTED_EDGE('',*,*,#2335,.F.);
#604=ORIENTED_EDGE('',*,*,#2336,.F.);
#605=ORIENTED_EDGE('',*,*,#2337,.T.);
#606=ORIENTED_EDGE('',*,*,#2338,.T.);
#607=ORIENTED_EDGE('',*,*,#2339,.F.);
#608=ORIENTED_EDGE('',*,*,#2340,.F.);
#609=ORIENTED_EDGE('',*,*,#2341,.T.);
#610=ORIENTED_EDGE('',*,*,#2342,.F.);
#611=ORIENTED_EDGE('',*,*,#2343,.T.);
#612=ORIENTED_EDGE('',*,*,#2344,.F.);
#613=ORIENTED_EDGE('',*,*,#2345,.T.);
#614=ORIENTED_EDGE('',*,*,#2346,.F.);
#615=ORIENTED_EDGE('',*,*,#2347,.F.);
#616=ORIENTED_EDGE('',*,*,#2348,.T.);
#617=ORIENTED_EDGE('',*,*,#2349,.F.);
#618=ORIENTED_EDGE('',*,*,#2350,.T.);
#619=ORIENTED_EDGE('',*,*,#2351,.T.);
#620=ORIENTED_EDGE('',*,*,#2139,.F.);
#621=ORIENTED_EDGE('',*,*,#2352,.F.);
#622=ORIENTED_EDGE('',*,*,#2353,.T.);
#623=ORIENTED_EDGE('',*,*,#2354,.F.);
#624=ORIENTED_EDGE('',*,*,#2355,.T.);
#625=ORIENTED_EDGE('',*,*,#2356,.F.);
#626=ORIENTED_EDGE('',*,*,#2357,.T.);
#627=ORIENTED_EDGE('',*,*,#2358,.F.);
#628=ORIENTED_EDGE('',*,*,#2359,.F.);
#629=ORIENTED_EDGE('',*,*,#2360,.T.);
#630=ORIENTED_EDGE('',*,*,#2361,.T.);
#631=ORIENTED_EDGE('',*,*,#2362,.T.);
#632=ORIENTED_EDGE('',*,*,#2363,.T.);
#633=ORIENTED_EDGE('',*,*,#2364,.T.);
#634=ORIENTED_EDGE('',*,*,#2365,.F.);
#635=ORIENTED_EDGE('',*,*,#2366,.F.);
#636=ORIENTED_EDGE('',*,*,#2367,.T.);
#637=ORIENTED_EDGE('',*,*,#2368,.T.);
#638=ORIENTED_EDGE('',*,*,#2369,.T.);
#639=ORIENTED_EDGE('',*,*,#2370,.T.);
#640=ORIENTED_EDGE('',*,*,#2371,.T.);
#641=ORIENTED_EDGE('',*,*,#2372,.T.);
#642=ORIENTED_EDGE('',*,*,#2373,.F.);
#643=ORIENTED_EDGE('',*,*,#2374,.T.);
#644=ORIENTED_EDGE('',*,*,#2375,.F.);
#645=ORIENTED_EDGE('',*,*,#2376,.T.);
#646=ORIENTED_EDGE('',*,*,#2377,.F.);
#647=ORIENTED_EDGE('',*,*,#2378,.T.);
#648=ORIENTED_EDGE('',*,*,#2379,.F.);
#649=ORIENTED_EDGE('',*,*,#2380,.T.);
#650=ORIENTED_EDGE('',*,*,#2381,.F.);
#651=ORIENTED_EDGE('',*,*,#2382,.T.);
#652=ORIENTED_EDGE('',*,*,#2383,.F.);
#653=ORIENTED_EDGE('',*,*,#2384,.T.);
#654=ORIENTED_EDGE('',*,*,#2385,.T.);
#655=ORIENTED_EDGE('',*,*,#2386,.T.);
#656=ORIENTED_EDGE('',*,*,#2387,.T.);
#657=ORIENTED_EDGE('',*,*,#2388,.T.);
#658=ORIENTED_EDGE('',*,*,#2389,.T.);
#659=ORIENTED_EDGE('',*,*,#2390,.F.);
#660=ORIENTED_EDGE('',*,*,#2391,.T.);
#661=ORIENTED_EDGE('',*,*,#2392,.T.);
#662=ORIENTED_EDGE('',*,*,#2393,.T.);
#663=ORIENTED_EDGE('',*,*,#2394,.T.);
#664=ORIENTED_EDGE('',*,*,#2395,.T.);
#665=ORIENTED_EDGE('',*,*,#2396,.T.);
#666=ORIENTED_EDGE('',*,*,#2397,.F.);
#667=ORIENTED_EDGE('',*,*,#2398,.T.);
#668=ORIENTED_EDGE('',*,*,#2399,.F.);
#669=ORIENTED_EDGE('',*,*,#2400,.T.);
#670=ORIENTED_EDGE('',*,*,#2401,.F.);
#671=ORIENTED_EDGE('',*,*,#2402,.T.);
#672=ORIENTED_EDGE('',*,*,#2403,.F.);
#673=ORIENTED_EDGE('',*,*,#2404,.T.);
#674=ORIENTED_EDGE('',*,*,#2405,.F.);
#675=ORIENTED_EDGE('',*,*,#2137,.F.);
#676=ORIENTED_EDGE('',*,*,#2406,.F.);
#677=ORIENTED_EDGE('',*,*,#2407,.T.);
#678=ORIENTED_EDGE('',*,*,#2408,.T.);
#679=ORIENTED_EDGE('',*,*,#2409,.T.);
#680=ORIENTED_EDGE('',*,*,#2410,.T.);
#681=ORIENTED_EDGE('',*,*,#2411,.T.);
#682=ORIENTED_EDGE('',*,*,#2148,.F.);
#683=ORIENTED_EDGE('',*,*,#2412,.T.);
#684=ORIENTED_EDGE('',*,*,#2270,.T.);
#685=ORIENTED_EDGE('',*,*,#2413,.F.);
#686=ORIENTED_EDGE('',*,*,#2414,.T.);
#687=ORIENTED_EDGE('',*,*,#2415,.T.);
#688=ORIENTED_EDGE('',*,*,#2416,.F.);
#689=ORIENTED_EDGE('',*,*,#2417,.F.);
#690=ORIENTED_EDGE('',*,*,#2418,.T.);
#691=ORIENTED_EDGE('',*,*,#2419,.T.);
#692=ORIENTED_EDGE('',*,*,#2420,.F.);
#693=ORIENTED_EDGE('',*,*,#2421,.T.);
#694=ORIENTED_EDGE('',*,*,#2277,.T.);
#695=ORIENTED_EDGE('',*,*,#2422,.F.);
#696=ORIENTED_EDGE('',*,*,#2423,.T.);
#697=ORIENTED_EDGE('',*,*,#2424,.T.);
#698=ORIENTED_EDGE('',*,*,#2328,.T.);
#699=ORIENTED_EDGE('',*,*,#2425,.F.);
#700=ORIENTED_EDGE('',*,*,#2426,.T.);
#701=ORIENTED_EDGE('',*,*,#2427,.T.);
#702=ORIENTED_EDGE('',*,*,#2252,.T.);
#703=ORIENTED_EDGE('',*,*,#2428,.F.);
#704=ORIENTED_EDGE('',*,*,#2142,.F.);
#705=ORIENTED_EDGE('',*,*,#2251,.T.);
#706=ORIENTED_EDGE('',*,*,#2429,.F.);
#707=ORIENTED_EDGE('',*,*,#2143,.F.);
#708=ORIENTED_EDGE('',*,*,#2428,.T.);
#709=ORIENTED_EDGE('',*,*,#2430,.F.);
#710=ORIENTED_EDGE('',*,*,#2431,.T.);
#711=ORIENTED_EDGE('',*,*,#2432,.T.);
#712=ORIENTED_EDGE('',*,*,#2433,.F.);
#713=ORIENTED_EDGE('',*,*,#2434,.F.);
#714=ORIENTED_EDGE('',*,*,#2435,.T.);
#715=ORIENTED_EDGE('',*,*,#2436,.T.);
#716=ORIENTED_EDGE('',*,*,#2437,.F.);
#717=ORIENTED_EDGE('',*,*,#2429,.T.);
#718=ORIENTED_EDGE('',*,*,#2250,.T.);
#719=ORIENTED_EDGE('',*,*,#2438,.F.);
#720=ORIENTED_EDGE('',*,*,#2439,.T.);
#721=ORIENTED_EDGE('',*,*,#2440,.T.);
#722=ORIENTED_EDGE('',*,*,#2256,.T.);
#723=ORIENTED_EDGE('',*,*,#2441,.F.);
#724=ORIENTED_EDGE('',*,*,#2442,.T.);
#725=ORIENTED_EDGE('',*,*,#2443,.T.);
#726=ORIENTED_EDGE('',*,*,#2264,.T.);
#727=ORIENTED_EDGE('',*,*,#2444,.F.);
#728=ORIENTED_EDGE('',*,*,#2144,.F.);
#729=ORIENTED_EDGE('',*,*,#2263,.T.);
#730=ORIENTED_EDGE('',*,*,#2298,.F.);
#731=ORIENTED_EDGE('',*,*,#2145,.F.);
#732=ORIENTED_EDGE('',*,*,#2444,.T.);
#733=ORIENTED_EDGE('',*,*,#2271,.T.);
#734=ORIENTED_EDGE('',*,*,#2412,.F.);
#735=ORIENTED_EDGE('',*,*,#2147,.F.);
#736=ORIENTED_EDGE('',*,*,#2297,.T.);
#737=ORIENTED_EDGE('',*,*,#2351,.F.);
#738=ORIENTED_EDGE('',*,*,#2445,.T.);
#739=ORIENTED_EDGE('',*,*,#2446,.T.);
#740=ORIENTED_EDGE('',*,*,#2447,.T.);
#741=ORIENTED_EDGE('',*,*,#2448,.T.);
#742=ORIENTED_EDGE('',*,*,#2449,.T.);
#743=ORIENTED_EDGE('',*,*,#2450,.T.);
#744=ORIENTED_EDGE('',*,*,#2337,.F.);
#745=ORIENTED_EDGE('',*,*,#2451,.T.);
#746=ORIENTED_EDGE('',*,*,#2452,.T.);
#747=ORIENTED_EDGE('',*,*,#2453,.T.);
#748=ORIENTED_EDGE('',*,*,#2454,.T.);
#749=ORIENTED_EDGE('',*,*,#2455,.T.);
#750=ORIENTED_EDGE('',*,*,#2279,.T.);
#751=ORIENTED_EDGE('',*,*,#2456,.F.);
#752=ORIENTED_EDGE('',*,*,#2140,.F.);
#753=ORIENTED_EDGE('',*,*,#2278,.T.);
#754=ORIENTED_EDGE('',*,*,#2421,.F.);
#755=ORIENTED_EDGE('',*,*,#2141,.F.);
#756=ORIENTED_EDGE('',*,*,#2456,.T.);
#757=ORIENTED_EDGE('',*,*,#2249,.T.);
#758=ORIENTED_EDGE('',*,*,#2457,.T.);
#759=ORIENTED_EDGE('',*,*,#2458,.F.);
#760=ORIENTED_EDGE('',*,*,#2459,.F.);
#761=ORIENTED_EDGE('',*,*,#2438,.T.);
#762=ORIENTED_EDGE('',*,*,#2460,.F.);
#763=ORIENTED_EDGE('',*,*,#2461,.F.);
#764=ORIENTED_EDGE('',*,*,#2462,.T.);
#765=ORIENTED_EDGE('',*,*,#2458,.T.);
#766=ORIENTED_EDGE('',*,*,#2463,.F.);
#767=ORIENTED_EDGE('',*,*,#2464,.T.);
#768=ORIENTED_EDGE('',*,*,#2465,.T.);
#769=ORIENTED_EDGE('',*,*,#2466,.F.);
#770=ORIENTED_EDGE('',*,*,#2467,.F.);
#771=ORIENTED_EDGE('',*,*,#2468,.F.);
#772=ORIENTED_EDGE('',*,*,#2469,.T.);
#773=ORIENTED_EDGE('',*,*,#2461,.T.);
#774=ORIENTED_EDGE('',*,*,#2470,.F.);
#775=ORIENTED_EDGE('',*,*,#2471,.F.);
#776=ORIENTED_EDGE('',*,*,#2472,.T.);
#777=ORIENTED_EDGE('',*,*,#2468,.T.);
#778=ORIENTED_EDGE('',*,*,#2473,.T.);
#779=ORIENTED_EDGE('',*,*,#2474,.F.);
#780=ORIENTED_EDGE('',*,*,#2475,.F.);
#781=ORIENTED_EDGE('',*,*,#2471,.T.);
#782=ORIENTED_EDGE('',*,*,#2474,.T.);
#783=ORIENTED_EDGE('',*,*,#2476,.F.);
#784=ORIENTED_EDGE('',*,*,#2248,.F.);
#785=ORIENTED_EDGE('',*,*,#2477,.F.);
#786=ORIENTED_EDGE('',*,*,#2478,.T.);
#787=ORIENTED_EDGE('',*,*,#2479,.T.);
#788=ORIENTED_EDGE('',*,*,#2258,.F.);
#789=ORIENTED_EDGE('',*,*,#2480,.F.);
#790=ORIENTED_EDGE('',*,*,#2254,.F.);
#791=ORIENTED_EDGE('',*,*,#2481,.F.);
#792=ORIENTED_EDGE('',*,*,#2482,.F.);
#793=ORIENTED_EDGE('',*,*,#2483,.T.);
#794=ORIENTED_EDGE('',*,*,#2484,.T.);
#795=ORIENTED_EDGE('',*,*,#2485,.F.);
#796=ORIENTED_EDGE('',*,*,#2486,.F.);
#797=ORIENTED_EDGE('',*,*,#2482,.T.);
#798=ORIENTED_EDGE('',*,*,#2487,.F.);
#799=ORIENTED_EDGE('',*,*,#2488,.F.);
#800=ORIENTED_EDGE('',*,*,#2489,.T.);
#801=ORIENTED_EDGE('',*,*,#2485,.T.);
#802=ORIENTED_EDGE('',*,*,#2490,.F.);
#803=ORIENTED_EDGE('',*,*,#2491,.T.);
#804=ORIENTED_EDGE('',*,*,#2492,.T.);
#805=ORIENTED_EDGE('',*,*,#2493,.F.);
#806=ORIENTED_EDGE('',*,*,#2494,.F.);
#807=ORIENTED_EDGE('',*,*,#2495,.F.);
#808=ORIENTED_EDGE('',*,*,#2496,.T.);
#809=ORIENTED_EDGE('',*,*,#2488,.T.);
#810=ORIENTED_EDGE('',*,*,#2497,.F.);
#811=ORIENTED_EDGE('',*,*,#2498,.F.);
#812=ORIENTED_EDGE('',*,*,#2499,.T.);
#813=ORIENTED_EDGE('',*,*,#2495,.T.);
#814=ORIENTED_EDGE('',*,*,#2500,.T.);
#815=ORIENTED_EDGE('',*,*,#2253,.T.);
#816=ORIENTED_EDGE('',*,*,#2440,.F.);
#817=ORIENTED_EDGE('',*,*,#2501,.F.);
#818=ORIENTED_EDGE('',*,*,#2498,.T.);
#819=ORIENTED_EDGE('',*,*,#2459,.T.);
#820=ORIENTED_EDGE('',*,*,#2462,.F.);
#821=ORIENTED_EDGE('',*,*,#2469,.F.);
#822=ORIENTED_EDGE('',*,*,#2472,.F.);
#823=ORIENTED_EDGE('',*,*,#2475,.T.);
#824=ORIENTED_EDGE('',*,*,#2483,.F.);
#825=ORIENTED_EDGE('',*,*,#2486,.T.);
#826=ORIENTED_EDGE('',*,*,#2489,.F.);
#827=ORIENTED_EDGE('',*,*,#2496,.F.);
#828=ORIENTED_EDGE('',*,*,#2499,.F.);
#829=ORIENTED_EDGE('',*,*,#2501,.T.);
#830=ORIENTED_EDGE('',*,*,#2439,.F.);
#831=ORIENTED_EDGE('',*,*,#2502,.T.);
#832=ORIENTED_EDGE('',*,*,#2503,.F.);
#833=ORIENTED_EDGE('',*,*,#2504,.F.);
#834=ORIENTED_EDGE('',*,*,#2505,.F.);
#835=ORIENTED_EDGE('',*,*,#2506,.F.);
#836=ORIENTED_EDGE('',*,*,#2442,.F.);
#837=ORIENTED_EDGE('',*,*,#2257,.F.);
#838=ORIENTED_EDGE('',*,*,#2443,.F.);
#839=ORIENTED_EDGE('',*,*,#2506,.T.);
#840=ORIENTED_EDGE('',*,*,#2507,.T.);
#841=ORIENTED_EDGE('',*,*,#2508,.F.);
#842=ORIENTED_EDGE('',*,*,#2509,.F.);
#843=ORIENTED_EDGE('',*,*,#2507,.F.);
#844=ORIENTED_EDGE('',*,*,#2505,.T.);
#845=ORIENTED_EDGE('',*,*,#2510,.T.);
#846=ORIENTED_EDGE('',*,*,#2511,.F.);
#847=ORIENTED_EDGE('',*,*,#2510,.F.);
#848=ORIENTED_EDGE('',*,*,#2504,.T.);
#849=ORIENTED_EDGE('',*,*,#2512,.T.);
#850=ORIENTED_EDGE('',*,*,#2513,.F.);
#851=ORIENTED_EDGE('',*,*,#2512,.F.);
#852=ORIENTED_EDGE('',*,*,#2503,.T.);
#853=ORIENTED_EDGE('',*,*,#2514,.T.);
#854=ORIENTED_EDGE('',*,*,#2255,.T.);
#855=ORIENTED_EDGE('',*,*,#2515,.T.);
#856=ORIENTED_EDGE('',*,*,#2514,.F.);
#857=ORIENTED_EDGE('',*,*,#2502,.F.);
#858=ORIENTED_EDGE('',*,*,#2441,.T.);
#859=ORIENTED_EDGE('',*,*,#2516,.F.);
#860=ORIENTED_EDGE('',*,*,#2517,.F.);
#861=ORIENTED_EDGE('',*,*,#2518,.T.);
#862=ORIENTED_EDGE('',*,*,#2519,.T.);
#863=ORIENTED_EDGE('',*,*,#2520,.F.);
#864=ORIENTED_EDGE('',*,*,#2519,.F.);
#865=ORIENTED_EDGE('',*,*,#2521,.T.);
#866=ORIENTED_EDGE('',*,*,#2522,.T.);
#867=ORIENTED_EDGE('',*,*,#2523,.F.);
#868=ORIENTED_EDGE('',*,*,#2522,.F.);
#869=ORIENTED_EDGE('',*,*,#2524,.T.);
#870=ORIENTED_EDGE('',*,*,#2525,.T.);
#871=ORIENTED_EDGE('',*,*,#2526,.T.);
#872=ORIENTED_EDGE('',*,*,#2524,.F.);
#873=ORIENTED_EDGE('',*,*,#2521,.F.);
#874=ORIENTED_EDGE('',*,*,#2518,.F.);
#875=ORIENTED_EDGE('',*,*,#2527,.F.);
#876=ORIENTED_EDGE('',*,*,#2435,.F.);
#877=ORIENTED_EDGE('',*,*,#2437,.T.);
#878=ORIENTED_EDGE('',*,*,#2528,.T.);
#879=ORIENTED_EDGE('',*,*,#2516,.T.);
#880=ORIENTED_EDGE('',*,*,#2520,.T.);
#881=ORIENTED_EDGE('',*,*,#2523,.T.);
#882=ORIENTED_EDGE('',*,*,#2529,.F.);
#883=ORIENTED_EDGE('',*,*,#2529,.T.);
#884=ORIENTED_EDGE('',*,*,#2525,.F.);
#885=ORIENTED_EDGE('',*,*,#2526,.F.);
#886=ORIENTED_EDGE('',*,*,#2434,.T.);
#887=ORIENTED_EDGE('',*,*,#2528,.F.);
#888=ORIENTED_EDGE('',*,*,#2436,.F.);
#889=ORIENTED_EDGE('',*,*,#2527,.T.);
#890=ORIENTED_EDGE('',*,*,#2517,.T.);
#891=ORIENTED_EDGE('',*,*,#2530,.T.);
#892=ORIENTED_EDGE('',*,*,#2531,.F.);
#893=ORIENTED_EDGE('',*,*,#2532,.F.);
#894=ORIENTED_EDGE('',*,*,#2533,.F.);
#895=ORIENTED_EDGE('',*,*,#2534,.T.);
#896=ORIENTED_EDGE('',*,*,#2535,.F.);
#897=ORIENTED_EDGE('',*,*,#2536,.T.);
#898=ORIENTED_EDGE('',*,*,#2537,.F.);
#899=ORIENTED_EDGE('',*,*,#2538,.F.);
#900=ORIENTED_EDGE('',*,*,#2539,.F.);
#901=ORIENTED_EDGE('',*,*,#2540,.T.);
#902=ORIENTED_EDGE('',*,*,#2431,.F.);
#903=ORIENTED_EDGE('',*,*,#2433,.T.);
#904=ORIENTED_EDGE('',*,*,#2541,.F.);
#905=ORIENTED_EDGE('',*,*,#2542,.T.);
#906=ORIENTED_EDGE('',*,*,#2543,.T.);
#907=ORIENTED_EDGE('',*,*,#2544,.T.);
#908=ORIENTED_EDGE('',*,*,#2545,.F.);
#909=ORIENTED_EDGE('',*,*,#2546,.T.);
#910=ORIENTED_EDGE('',*,*,#2547,.F.);
#911=ORIENTED_EDGE('',*,*,#2548,.T.);
#912=ORIENTED_EDGE('',*,*,#2549,.T.);
#913=ORIENTED_EDGE('',*,*,#2550,.T.);
#914=ORIENTED_EDGE('',*,*,#2551,.F.);
#915=ORIENTED_EDGE('',*,*,#2541,.T.);
#916=ORIENTED_EDGE('',*,*,#2432,.F.);
#917=ORIENTED_EDGE('',*,*,#2540,.F.);
#918=ORIENTED_EDGE('',*,*,#2552,.T.);
#919=ORIENTED_EDGE('',*,*,#2542,.F.);
#920=ORIENTED_EDGE('',*,*,#2552,.F.);
#921=ORIENTED_EDGE('',*,*,#2539,.T.);
#922=ORIENTED_EDGE('',*,*,#2553,.T.);
#923=ORIENTED_EDGE('',*,*,#2554,.F.);
#924=ORIENTED_EDGE('',*,*,#2555,.T.);
#925=ORIENTED_EDGE('',*,*,#2556,.T.);
#926=ORIENTED_EDGE('',*,*,#2557,.F.);
#927=ORIENTED_EDGE('',*,*,#2543,.F.);
#928=ORIENTED_EDGE('',*,*,#2553,.F.);
#929=ORIENTED_EDGE('',*,*,#2538,.T.);
#930=ORIENTED_EDGE('',*,*,#2558,.T.);
#931=ORIENTED_EDGE('',*,*,#2544,.F.);
#932=ORIENTED_EDGE('',*,*,#2558,.F.);
#933=ORIENTED_EDGE('',*,*,#2537,.T.);
#934=ORIENTED_EDGE('',*,*,#2559,.T.);
#935=ORIENTED_EDGE('',*,*,#2545,.T.);
#936=ORIENTED_EDGE('',*,*,#2559,.F.);
#937=ORIENTED_EDGE('',*,*,#2536,.F.);
#938=ORIENTED_EDGE('',*,*,#2560,.T.);
#939=ORIENTED_EDGE('',*,*,#2546,.F.);
#940=ORIENTED_EDGE('',*,*,#2560,.F.);
#941=ORIENTED_EDGE('',*,*,#2535,.T.);
#942=ORIENTED_EDGE('',*,*,#2561,.T.);
#943=ORIENTED_EDGE('',*,*,#2547,.T.);
#944=ORIENTED_EDGE('',*,*,#2561,.F.);
#945=ORIENTED_EDGE('',*,*,#2534,.F.);
#946=ORIENTED_EDGE('',*,*,#2562,.T.);
#947=ORIENTED_EDGE('',*,*,#2548,.F.);
#948=ORIENTED_EDGE('',*,*,#2562,.F.);
#949=ORIENTED_EDGE('',*,*,#2533,.T.);
#950=ORIENTED_EDGE('',*,*,#2563,.T.);
#951=ORIENTED_EDGE('',*,*,#2564,.F.);
#952=ORIENTED_EDGE('',*,*,#2565,.T.);
#953=ORIENTED_EDGE('',*,*,#2566,.T.);
#954=ORIENTED_EDGE('',*,*,#2567,.F.);
#955=ORIENTED_EDGE('',*,*,#2549,.F.);
#956=ORIENTED_EDGE('',*,*,#2563,.F.);
#957=ORIENTED_EDGE('',*,*,#2532,.T.);
#958=ORIENTED_EDGE('',*,*,#2568,.T.);
#959=ORIENTED_EDGE('',*,*,#2550,.F.);
#960=ORIENTED_EDGE('',*,*,#2568,.F.);
#961=ORIENTED_EDGE('',*,*,#2531,.T.);
#962=ORIENTED_EDGE('',*,*,#2569,.T.);
#963=ORIENTED_EDGE('',*,*,#2551,.T.);
#964=ORIENTED_EDGE('',*,*,#2569,.F.);
#965=ORIENTED_EDGE('',*,*,#2530,.F.);
#966=ORIENTED_EDGE('',*,*,#2430,.T.);
#967=ORIENTED_EDGE('',*,*,#2570,.T.);
#968=ORIENTED_EDGE('',*,*,#2571,.F.);
#969=ORIENTED_EDGE('',*,*,#2572,.F.);
#970=ORIENTED_EDGE('',*,*,#2573,.F.);
#971=ORIENTED_EDGE('',*,*,#2574,.T.);
#972=ORIENTED_EDGE('',*,*,#2575,.F.);
#973=ORIENTED_EDGE('',*,*,#2576,.T.);
#974=ORIENTED_EDGE('',*,*,#2577,.F.);
#975=ORIENTED_EDGE('',*,*,#2578,.F.);
#976=ORIENTED_EDGE('',*,*,#2579,.T.);
#977=ORIENTED_EDGE('',*,*,#2580,.F.);
#978=ORIENTED_EDGE('',*,*,#2581,.F.);
#979=ORIENTED_EDGE('',*,*,#2426,.F.);
#980=ORIENTED_EDGE('',*,*,#2327,.T.);
#981=ORIENTED_EDGE('',*,*,#2582,.T.);
#982=ORIENTED_EDGE('',*,*,#2583,.F.);
#983=ORIENTED_EDGE('',*,*,#2570,.F.);
#984=ORIENTED_EDGE('',*,*,#2425,.T.);
#985=ORIENTED_EDGE('',*,*,#2245,.F.);
#986=ORIENTED_EDGE('',*,*,#2427,.F.);
#987=ORIENTED_EDGE('',*,*,#2581,.T.);
#988=ORIENTED_EDGE('',*,*,#2584,.T.);
#989=ORIENTED_EDGE('',*,*,#2585,.F.);
#990=ORIENTED_EDGE('',*,*,#2586,.F.);
#991=ORIENTED_EDGE('',*,*,#2587,.F.);
#992=ORIENTED_EDGE('',*,*,#2571,.T.);
#993=ORIENTED_EDGE('',*,*,#2583,.T.);
#994=ORIENTED_EDGE('',*,*,#2588,.F.);
#995=ORIENTED_EDGE('',*,*,#2589,.F.);
#996=ORIENTED_EDGE('',*,*,#2572,.T.);
#997=ORIENTED_EDGE('',*,*,#2587,.T.);
#998=ORIENTED_EDGE('',*,*,#2590,.F.);
#999=ORIENTED_EDGE('',*,*,#2591,.F.);
#1000=ORIENTED_EDGE('',*,*,#2573,.T.);
#1001=ORIENTED_EDGE('',*,*,#2589,.T.);
#1002=ORIENTED_EDGE('',*,*,#2592,.T.);
#1003=ORIENTED_EDGE('',*,*,#2593,.F.);
#1004=ORIENTED_EDGE('',*,*,#2574,.F.);
#1005=ORIENTED_EDGE('',*,*,#2591,.T.);
#1006=ORIENTED_EDGE('',*,*,#2593,.T.);
#1007=ORIENTED_EDGE('',*,*,#2594,.F.);
#1008=ORIENTED_EDGE('',*,*,#2595,.F.);
#1009=ORIENTED_EDGE('',*,*,#2596,.T.);
#1010=ORIENTED_EDGE('',*,*,#2597,.T.);
#1011=ORIENTED_EDGE('',*,*,#2246,.F.);
#1012=ORIENTED_EDGE('',*,*,#2598,.F.);
#1013=ORIENTED_EDGE('',*,*,#2599,.F.);
#1014=ORIENTED_EDGE('',*,*,#2575,.T.);
#1015=ORIENTED_EDGE('',*,*,#2600,.T.);
#1016=ORIENTED_EDGE('',*,*,#2601,.F.);
#1017=ORIENTED_EDGE('',*,*,#2576,.F.);
#1018=ORIENTED_EDGE('',*,*,#2599,.T.);
#1019=ORIENTED_EDGE('',*,*,#2602,.F.);
#1020=ORIENTED_EDGE('',*,*,#2603,.F.);
#1021=ORIENTED_EDGE('',*,*,#2577,.T.);
#1022=ORIENTED_EDGE('',*,*,#2601,.T.);
#1023=ORIENTED_EDGE('',*,*,#2604,.F.);
#1024=ORIENTED_EDGE('',*,*,#2605,.F.);
#1025=ORIENTED_EDGE('',*,*,#2578,.T.);
#1026=ORIENTED_EDGE('',*,*,#2603,.T.);
#1027=ORIENTED_EDGE('',*,*,#2606,.T.);
#1028=ORIENTED_EDGE('',*,*,#2607,.F.);
#1029=ORIENTED_EDGE('',*,*,#2579,.F.);
#1030=ORIENTED_EDGE('',*,*,#2605,.T.);
#1031=ORIENTED_EDGE('',*,*,#2608,.F.);
#1032=ORIENTED_EDGE('',*,*,#2584,.F.);
#1033=ORIENTED_EDGE('',*,*,#2580,.T.);
#1034=ORIENTED_EDGE('',*,*,#2607,.T.);
#1035=ORIENTED_EDGE('',*,*,#2609,.F.);
#1036=ORIENTED_EDGE('',*,*,#2610,.F.);
#1037=ORIENTED_EDGE('',*,*,#2611,.F.);
#1038=ORIENTED_EDGE('',*,*,#2612,.F.);
#1039=ORIENTED_EDGE('',*,*,#2613,.T.);
#1040=ORIENTED_EDGE('',*,*,#2423,.F.);
#1041=ORIENTED_EDGE('',*,*,#2614,.T.);
#1042=ORIENTED_EDGE('',*,*,#2325,.T.);
#1043=ORIENTED_EDGE('',*,*,#2424,.F.);
#1044=ORIENTED_EDGE('',*,*,#2613,.F.);
#1045=ORIENTED_EDGE('',*,*,#2615,.T.);
#1046=ORIENTED_EDGE('',*,*,#2616,.F.);
#1047=ORIENTED_EDGE('',*,*,#2615,.F.);
#1048=ORIENTED_EDGE('',*,*,#2612,.T.);
#1049=ORIENTED_EDGE('',*,*,#2617,.T.);
#1050=ORIENTED_EDGE('',*,*,#2618,.F.);
#1051=ORIENTED_EDGE('',*,*,#2617,.F.);
#1052=ORIENTED_EDGE('',*,*,#2611,.T.);
#1053=ORIENTED_EDGE('',*,*,#2619,.T.);
#1054=ORIENTED_EDGE('',*,*,#2620,.F.);
#1055=ORIENTED_EDGE('',*,*,#2619,.F.);
#1056=ORIENTED_EDGE('',*,*,#2610,.T.);
#1057=ORIENTED_EDGE('',*,*,#2621,.T.);
#1058=ORIENTED_EDGE('',*,*,#2622,.F.);
#1059=ORIENTED_EDGE('',*,*,#2621,.F.);
#1060=ORIENTED_EDGE('',*,*,#2609,.T.);
#1061=ORIENTED_EDGE('',*,*,#2422,.T.);
#1062=ORIENTED_EDGE('',*,*,#2276,.F.);
#1063=ORIENTED_EDGE('',*,*,#2623,.F.);
#1064=ORIENTED_EDGE('',*,*,#2624,.F.);
#1065=ORIENTED_EDGE('',*,*,#2625,.T.);
#1066=ORIENTED_EDGE('',*,*,#2626,.T.);
#1067=ORIENTED_EDGE('',*,*,#2627,.T.);
#1068=ORIENTED_EDGE('',*,*,#2626,.F.);
#1069=ORIENTED_EDGE('',*,*,#2628,.F.);
#1070=ORIENTED_EDGE('',*,*,#2629,.T.);
#1071=ORIENTED_EDGE('',*,*,#2630,.F.);
#1072=ORIENTED_EDGE('',*,*,#2629,.F.);
#1073=ORIENTED_EDGE('',*,*,#2631,.T.);
#1074=ORIENTED_EDGE('',*,*,#2632,.T.);
#1075=ORIENTED_EDGE('',*,*,#2633,.F.);
#1076=ORIENTED_EDGE('',*,*,#2632,.F.);
#1077=ORIENTED_EDGE('',*,*,#2634,.T.);
#1078=ORIENTED_EDGE('',*,*,#2635,.T.);
#1079=ORIENTED_EDGE('',*,*,#2636,.T.);
#1080=ORIENTED_EDGE('',*,*,#2635,.F.);
#1081=ORIENTED_EDGE('',*,*,#2637,.F.);
#1082=ORIENTED_EDGE('',*,*,#2638,.T.);
#1083=ORIENTED_EDGE('',*,*,#2639,.F.);
#1084=ORIENTED_EDGE('',*,*,#2638,.F.);
#1085=ORIENTED_EDGE('',*,*,#2640,.T.);
#1086=ORIENTED_EDGE('',*,*,#2641,.T.);
#1087=ORIENTED_EDGE('',*,*,#2642,.T.);
#1088=ORIENTED_EDGE('',*,*,#2641,.F.);
#1089=ORIENTED_EDGE('',*,*,#2643,.F.);
#1090=ORIENTED_EDGE('',*,*,#2644,.T.);
#1091=ORIENTED_EDGE('',*,*,#2645,.F.);
#1092=ORIENTED_EDGE('',*,*,#2644,.F.);
#1093=ORIENTED_EDGE('',*,*,#2646,.T.);
#1094=ORIENTED_EDGE('',*,*,#2647,.T.);
#1095=ORIENTED_EDGE('',*,*,#2648,.F.);
#1096=ORIENTED_EDGE('',*,*,#2647,.F.);
#1097=ORIENTED_EDGE('',*,*,#2649,.T.);
#1098=ORIENTED_EDGE('',*,*,#2650,.T.);
#1099=ORIENTED_EDGE('',*,*,#2651,.F.);
#1100=ORIENTED_EDGE('',*,*,#2650,.F.);
#1101=ORIENTED_EDGE('',*,*,#2652,.T.);
#1102=ORIENTED_EDGE('',*,*,#2653,.T.);
#1103=ORIENTED_EDGE('',*,*,#2654,.T.);
#1104=ORIENTED_EDGE('',*,*,#2652,.F.);
#1105=ORIENTED_EDGE('',*,*,#2649,.F.);
#1106=ORIENTED_EDGE('',*,*,#2646,.F.);
#1107=ORIENTED_EDGE('',*,*,#2643,.T.);
#1108=ORIENTED_EDGE('',*,*,#2640,.F.);
#1109=ORIENTED_EDGE('',*,*,#2637,.T.);
#1110=ORIENTED_EDGE('',*,*,#2634,.F.);
#1111=ORIENTED_EDGE('',*,*,#2631,.F.);
#1112=ORIENTED_EDGE('',*,*,#2628,.T.);
#1113=ORIENTED_EDGE('',*,*,#2625,.F.);
#1114=ORIENTED_EDGE('',*,*,#2655,.F.);
#1115=ORIENTED_EDGE('',*,*,#2418,.F.);
#1116=ORIENTED_EDGE('',*,*,#2420,.T.);
#1117=ORIENTED_EDGE('',*,*,#2656,.T.);
#1118=ORIENTED_EDGE('',*,*,#2623,.T.);
#1119=ORIENTED_EDGE('',*,*,#2627,.F.);
#1120=ORIENTED_EDGE('',*,*,#2630,.T.);
#1121=ORIENTED_EDGE('',*,*,#2633,.T.);
#1122=ORIENTED_EDGE('',*,*,#2636,.F.);
#1123=ORIENTED_EDGE('',*,*,#2639,.T.);
#1124=ORIENTED_EDGE('',*,*,#2642,.F.);
#1125=ORIENTED_EDGE('',*,*,#2645,.T.);
#1126=ORIENTED_EDGE('',*,*,#2648,.T.);
#1127=ORIENTED_EDGE('',*,*,#2651,.T.);
#1128=ORIENTED_EDGE('',*,*,#2657,.F.);
#1129=ORIENTED_EDGE('',*,*,#2657,.T.);
#1130=ORIENTED_EDGE('',*,*,#2653,.F.);
#1131=ORIENTED_EDGE('',*,*,#2654,.F.);
#1132=ORIENTED_EDGE('',*,*,#2417,.T.);
#1133=ORIENTED_EDGE('',*,*,#2656,.F.);
#1134=ORIENTED_EDGE('',*,*,#2419,.F.);
#1135=ORIENTED_EDGE('',*,*,#2655,.T.);
#1136=ORIENTED_EDGE('',*,*,#2624,.T.);
#1137=ORIENTED_EDGE('',*,*,#2658,.F.);
#1138=ORIENTED_EDGE('',*,*,#2659,.F.);
#1139=ORIENTED_EDGE('',*,*,#2660,.F.);
#1140=ORIENTED_EDGE('',*,*,#2661,.F.);
#1141=ORIENTED_EDGE('',*,*,#2662,.T.);
#1142=ORIENTED_EDGE('',*,*,#2414,.F.);
#1143=ORIENTED_EDGE('',*,*,#2416,.T.);
#1144=ORIENTED_EDGE('',*,*,#2663,.F.);
#1145=ORIENTED_EDGE('',*,*,#2664,.T.);
#1146=ORIENTED_EDGE('',*,*,#2665,.T.);
#1147=ORIENTED_EDGE('',*,*,#2666,.T.);
#1148=ORIENTED_EDGE('',*,*,#2667,.T.);
#1149=ORIENTED_EDGE('',*,*,#2663,.T.);
#1150=ORIENTED_EDGE('',*,*,#2415,.F.);
#1151=ORIENTED_EDGE('',*,*,#2662,.F.);
#1152=ORIENTED_EDGE('',*,*,#2668,.T.);
#1153=ORIENTED_EDGE('',*,*,#2664,.F.);
#1154=ORIENTED_EDGE('',*,*,#2668,.F.);
#1155=ORIENTED_EDGE('',*,*,#2661,.T.);
#1156=ORIENTED_EDGE('',*,*,#2669,.T.);
#1157=ORIENTED_EDGE('',*,*,#2665,.F.);
#1158=ORIENTED_EDGE('',*,*,#2669,.F.);
#1159=ORIENTED_EDGE('',*,*,#2660,.T.);
#1160=ORIENTED_EDGE('',*,*,#2670,.T.);
#1161=ORIENTED_EDGE('',*,*,#2666,.F.);
#1162=ORIENTED_EDGE('',*,*,#2670,.F.);
#1163=ORIENTED_EDGE('',*,*,#2659,.T.);
#1164=ORIENTED_EDGE('',*,*,#2671,.T.);
#1165=ORIENTED_EDGE('',*,*,#2667,.F.);
#1166=ORIENTED_EDGE('',*,*,#2671,.F.);
#1167=ORIENTED_EDGE('',*,*,#2658,.T.);
#1168=ORIENTED_EDGE('',*,*,#2413,.T.);
#1169=ORIENTED_EDGE('',*,*,#2672,.F.);
#1170=ORIENTED_EDGE('',*,*,#2673,.F.);
#1171=ORIENTED_EDGE('',*,*,#2674,.T.);
#1172=ORIENTED_EDGE('',*,*,#2675,.T.);
#1173=ORIENTED_EDGE('',*,*,#2676,.T.);
#1174=ORIENTED_EDGE('',*,*,#2677,.T.);
#1175=ORIENTED_EDGE('',*,*,#2678,.T.);
#1176=ORIENTED_EDGE('',*,*,#2405,.T.);
#1177=ORIENTED_EDGE('',*,*,#2679,.F.);
#1178=ORIENTED_EDGE('',*,*,#2352,.T.);
#1179=ORIENTED_EDGE('',*,*,#2138,.T.);
#1180=ORIENTED_EDGE('',*,*,#2392,.F.);
#1181=ORIENTED_EDGE('',*,*,#2680,.T.);
#1182=ORIENTED_EDGE('',*,*,#2678,.F.);
#1183=ORIENTED_EDGE('',*,*,#2681,.T.);
#1184=ORIENTED_EDGE('',*,*,#2681,.F.);
#1185=ORIENTED_EDGE('',*,*,#2677,.F.);
#1186=ORIENTED_EDGE('',*,*,#2682,.T.);
#1187=ORIENTED_EDGE('',*,*,#2393,.F.);
#1188=ORIENTED_EDGE('',*,*,#2682,.F.);
#1189=ORIENTED_EDGE('',*,*,#2676,.F.);
#1190=ORIENTED_EDGE('',*,*,#2683,.T.);
#1191=ORIENTED_EDGE('',*,*,#2394,.F.);
#1192=ORIENTED_EDGE('',*,*,#2683,.F.);
#1193=ORIENTED_EDGE('',*,*,#2675,.F.);
#1194=ORIENTED_EDGE('',*,*,#2684,.T.);
#1195=ORIENTED_EDGE('',*,*,#2395,.F.);
#1196=ORIENTED_EDGE('',*,*,#2684,.F.);
#1197=ORIENTED_EDGE('',*,*,#2674,.F.);
#1198=ORIENTED_EDGE('',*,*,#2685,.T.);
#1199=ORIENTED_EDGE('',*,*,#2396,.F.);
#1200=ORIENTED_EDGE('',*,*,#2397,.T.);
#1201=ORIENTED_EDGE('',*,*,#2685,.F.);
#1202=ORIENTED_EDGE('',*,*,#2673,.T.);
#1203=ORIENTED_EDGE('',*,*,#2686,.T.);
#1204=ORIENTED_EDGE('',*,*,#2687,.T.);
#1205=ORIENTED_EDGE('',*,*,#2688,.T.);
#1206=ORIENTED_EDGE('',*,*,#2349,.T.);
#1207=ORIENTED_EDGE('',*,*,#2689,.T.);
#1208=ORIENTED_EDGE('',*,*,#2398,.F.);
#1209=ORIENTED_EDGE('',*,*,#2686,.F.);
#1210=ORIENTED_EDGE('',*,*,#2672,.T.);
#1211=ORIENTED_EDGE('',*,*,#2680,.F.);
#1212=ORIENTED_EDGE('',*,*,#2391,.F.);
#1213=ORIENTED_EDGE('',*,*,#2690,.F.);
#1214=ORIENTED_EDGE('',*,*,#2399,.T.);
#1215=ORIENTED_EDGE('',*,*,#2689,.F.);
#1216=ORIENTED_EDGE('',*,*,#2358,.T.);
#1217=ORIENTED_EDGE('',*,*,#2691,.T.);
#1218=ORIENTED_EDGE('',*,*,#2691,.F.);
#1219=ORIENTED_EDGE('',*,*,#2357,.F.);
#1220=ORIENTED_EDGE('',*,*,#2692,.T.);
#1221=ORIENTED_EDGE('',*,*,#2400,.F.);
#1222=ORIENTED_EDGE('',*,*,#2401,.T.);
#1223=ORIENTED_EDGE('',*,*,#2692,.F.);
#1224=ORIENTED_EDGE('',*,*,#2356,.T.);
#1225=ORIENTED_EDGE('',*,*,#2693,.T.);
#1226=ORIENTED_EDGE('',*,*,#2693,.F.);
#1227=ORIENTED_EDGE('',*,*,#2355,.F.);
#1228=ORIENTED_EDGE('',*,*,#2694,.T.);
#1229=ORIENTED_EDGE('',*,*,#2402,.F.);
#1230=ORIENTED_EDGE('',*,*,#2403,.T.);
#1231=ORIENTED_EDGE('',*,*,#2694,.F.);
#1232=ORIENTED_EDGE('',*,*,#2354,.T.);
#1233=ORIENTED_EDGE('',*,*,#2695,.T.);
#1234=ORIENTED_EDGE('',*,*,#2695,.F.);
#1235=ORIENTED_EDGE('',*,*,#2353,.F.);
#1236=ORIENTED_EDGE('',*,*,#2679,.T.);
#1237=ORIENTED_EDGE('',*,*,#2404,.F.);
#1238=ORIENTED_EDGE('',*,*,#2696,.F.);
#1239=ORIENTED_EDGE('',*,*,#2697,.F.);
#1240=ORIENTED_EDGE('',*,*,#2698,.T.);
#1241=ORIENTED_EDGE('',*,*,#2410,.F.);
#1242=ORIENTED_EDGE('',*,*,#2699,.F.);
#1243=ORIENTED_EDGE('',*,*,#2700,.F.);
#1244=ORIENTED_EDGE('',*,*,#2696,.T.);
#1245=ORIENTED_EDGE('',*,*,#2409,.F.);
#1246=ORIENTED_EDGE('',*,*,#2701,.F.);
#1247=ORIENTED_EDGE('',*,*,#2702,.F.);
#1248=ORIENTED_EDGE('',*,*,#2699,.T.);
#1249=ORIENTED_EDGE('',*,*,#2408,.F.);
#1250=ORIENTED_EDGE('',*,*,#2703,.F.);
#1251=ORIENTED_EDGE('',*,*,#2704,.F.);
#1252=ORIENTED_EDGE('',*,*,#2701,.T.);
#1253=ORIENTED_EDGE('',*,*,#2407,.F.);
#1254=ORIENTED_EDGE('',*,*,#2698,.F.);
#1255=ORIENTED_EDGE('',*,*,#2705,.F.);
#1256=ORIENTED_EDGE('',*,*,#2134,.T.);
#1257=ORIENTED_EDGE('',*,*,#2411,.F.);
#1258=ORIENTED_EDGE('',*,*,#2406,.T.);
#1259=ORIENTED_EDGE('',*,*,#2136,.F.);
#1260=ORIENTED_EDGE('',*,*,#2706,.T.);
#1261=ORIENTED_EDGE('',*,*,#2703,.T.);
#1262=ORIENTED_EDGE('',*,*,#2705,.T.);
#1263=ORIENTED_EDGE('',*,*,#2697,.T.);
#1264=ORIENTED_EDGE('',*,*,#2700,.T.);
#1265=ORIENTED_EDGE('',*,*,#2702,.T.);
#1266=ORIENTED_EDGE('',*,*,#2704,.T.);
#1267=ORIENTED_EDGE('',*,*,#2706,.F.);
#1268=ORIENTED_EDGE('',*,*,#2135,.F.);
#1269=ORIENTED_EDGE('',*,*,#2360,.F.);
#1270=ORIENTED_EDGE('',*,*,#2707,.T.);
#1271=ORIENTED_EDGE('',*,*,#2388,.F.);
#1272=ORIENTED_EDGE('',*,*,#2708,.F.);
#1273=ORIENTED_EDGE('',*,*,#2709,.F.);
#1274=ORIENTED_EDGE('',*,*,#2361,.F.);
#1275=ORIENTED_EDGE('',*,*,#2708,.T.);
#1276=ORIENTED_EDGE('',*,*,#2387,.F.);
#1277=ORIENTED_EDGE('',*,*,#2710,.F.);
#1278=ORIENTED_EDGE('',*,*,#2362,.F.);
#1279=ORIENTED_EDGE('',*,*,#2709,.T.);
#1280=ORIENTED_EDGE('',*,*,#2386,.F.);
#1281=ORIENTED_EDGE('',*,*,#2711,.F.);
#1282=ORIENTED_EDGE('',*,*,#2363,.F.);
#1283=ORIENTED_EDGE('',*,*,#2710,.T.);
#1284=ORIENTED_EDGE('',*,*,#2385,.F.);
#1285=ORIENTED_EDGE('',*,*,#2712,.F.);
#1286=ORIENTED_EDGE('',*,*,#2364,.F.);
#1287=ORIENTED_EDGE('',*,*,#2711,.T.);
#1288=ORIENTED_EDGE('',*,*,#2384,.F.);
#1289=ORIENTED_EDGE('',*,*,#2383,.T.);
#1290=ORIENTED_EDGE('',*,*,#2713,.F.);
#1291=ORIENTED_EDGE('',*,*,#2365,.T.);
#1292=ORIENTED_EDGE('',*,*,#2712,.T.);
#1293=ORIENTED_EDGE('',*,*,#2339,.T.);
#1294=ORIENTED_EDGE('',*,*,#2714,.T.);
#1295=ORIENTED_EDGE('',*,*,#2715,.F.);
#1296=ORIENTED_EDGE('',*,*,#2716,.F.);
#1297=ORIENTED_EDGE('',*,*,#2389,.F.);
#1298=ORIENTED_EDGE('',*,*,#2707,.F.);
#1299=ORIENTED_EDGE('',*,*,#2359,.T.);
#1300=ORIENTED_EDGE('',*,*,#2713,.T.);
#1301=ORIENTED_EDGE('',*,*,#2382,.F.);
#1302=ORIENTED_EDGE('',*,*,#2717,.F.);
#1303=ORIENTED_EDGE('',*,*,#2381,.T.);
#1304=ORIENTED_EDGE('',*,*,#2718,.F.);
#1305=ORIENTED_EDGE('',*,*,#2340,.T.);
#1306=ORIENTED_EDGE('',*,*,#2717,.T.);
#1307=ORIENTED_EDGE('',*,*,#2719,.F.);
#1308=ORIENTED_EDGE('',*,*,#2341,.F.);
#1309=ORIENTED_EDGE('',*,*,#2718,.T.);
#1310=ORIENTED_EDGE('',*,*,#2380,.F.);
#1311=ORIENTED_EDGE('',*,*,#2379,.T.);
#1312=ORIENTED_EDGE('',*,*,#2720,.F.);
#1313=ORIENTED_EDGE('',*,*,#2342,.T.);
#1314=ORIENTED_EDGE('',*,*,#2719,.T.);
#1315=ORIENTED_EDGE('',*,*,#2721,.F.);
#1316=ORIENTED_EDGE('',*,*,#2343,.F.);
#1317=ORIENTED_EDGE('',*,*,#2720,.T.);
#1318=ORIENTED_EDGE('',*,*,#2378,.F.);
#1319=ORIENTED_EDGE('',*,*,#2377,.T.);
#1320=ORIENTED_EDGE('',*,*,#2722,.F.);
#1321=ORIENTED_EDGE('',*,*,#2344,.T.);
#1322=ORIENTED_EDGE('',*,*,#2721,.T.);
#1323=ORIENTED_EDGE('',*,*,#2723,.F.);
#1324=ORIENTED_EDGE('',*,*,#2345,.F.);
#1325=ORIENTED_EDGE('',*,*,#2722,.T.);
#1326=ORIENTED_EDGE('',*,*,#2376,.F.);
#1327=ORIENTED_EDGE('',*,*,#2375,.T.);
#1328=ORIENTED_EDGE('',*,*,#2724,.F.);
#1329=ORIENTED_EDGE('',*,*,#2346,.T.);
#1330=ORIENTED_EDGE('',*,*,#2723,.T.);
#1331=ORIENTED_EDGE('',*,*,#2725,.T.);
#1332=ORIENTED_EDGE('',*,*,#2726,.T.);
#1333=ORIENTED_EDGE('',*,*,#2347,.T.);
#1334=ORIENTED_EDGE('',*,*,#2724,.T.);
#1335=ORIENTED_EDGE('',*,*,#2374,.F.);
#1336=ORIENTED_EDGE('',*,*,#2727,.F.);
#1337=ORIENTED_EDGE('',*,*,#2728,.T.);
#1338=ORIENTED_EDGE('',*,*,#2729,.F.);
#1339=ORIENTED_EDGE('',*,*,#2367,.F.);
#1340=ORIENTED_EDGE('',*,*,#2730,.F.);
#1341=ORIENTED_EDGE('',*,*,#2373,.T.);
#1342=ORIENTED_EDGE('',*,*,#2731,.F.);
#1343=ORIENTED_EDGE('',*,*,#2732,.T.);
#1344=ORIENTED_EDGE('',*,*,#2727,.T.);
#1345=ORIENTED_EDGE('',*,*,#2733,.F.);
#1346=ORIENTED_EDGE('',*,*,#2734,.F.);
#1347=ORIENTED_EDGE('',*,*,#2731,.T.);
#1348=ORIENTED_EDGE('',*,*,#2372,.F.);
#1349=ORIENTED_EDGE('',*,*,#2735,.F.);
#1350=ORIENTED_EDGE('',*,*,#2736,.F.);
#1351=ORIENTED_EDGE('',*,*,#2733,.T.);
#1352=ORIENTED_EDGE('',*,*,#2371,.F.);
#1353=ORIENTED_EDGE('',*,*,#2737,.F.);
#1354=ORIENTED_EDGE('',*,*,#2738,.F.);
#1355=ORIENTED_EDGE('',*,*,#2735,.T.);
#1356=ORIENTED_EDGE('',*,*,#2370,.F.);
#1357=ORIENTED_EDGE('',*,*,#2739,.F.);
#1358=ORIENTED_EDGE('',*,*,#2740,.F.);
#1359=ORIENTED_EDGE('',*,*,#2737,.T.);
#1360=ORIENTED_EDGE('',*,*,#2369,.F.);
#1361=ORIENTED_EDGE('',*,*,#2368,.F.);
#1362=ORIENTED_EDGE('',*,*,#2729,.T.);
#1363=ORIENTED_EDGE('',*,*,#2741,.F.);
#1364=ORIENTED_EDGE('',*,*,#2739,.T.);
#1365=ORIENTED_EDGE('',*,*,#2728,.F.);
#1366=ORIENTED_EDGE('',*,*,#2732,.F.);
#1367=ORIENTED_EDGE('',*,*,#2734,.T.);
#1368=ORIENTED_EDGE('',*,*,#2736,.T.);
#1369=ORIENTED_EDGE('',*,*,#2738,.T.);
#1370=ORIENTED_EDGE('',*,*,#2740,.T.);
#1371=ORIENTED_EDGE('',*,*,#2741,.T.);
#1372=ORIENTED_EDGE('',*,*,#2215,.F.);
#1373=ORIENTED_EDGE('',*,*,#2742,.T.);
#1374=ORIENTED_EDGE('',*,*,#2220,.T.);
#1375=ORIENTED_EDGE('',*,*,#2743,.T.);
#1376=ORIENTED_EDGE('',*,*,#2390,.T.);
#1377=ORIENTED_EDGE('',*,*,#2716,.T.);
#1378=ORIENTED_EDGE('',*,*,#2744,.T.);
#1379=ORIENTED_EDGE('',*,*,#2745,.T.);
#1380=ORIENTED_EDGE('',*,*,#2746,.T.);
#1381=ORIENTED_EDGE('',*,*,#2747,.T.);
#1382=ORIENTED_EDGE('',*,*,#2690,.T.);
#1383=ORIENTED_EDGE('',*,*,#2715,.T.);
#1384=ORIENTED_EDGE('',*,*,#2748,.T.);
#1385=ORIENTED_EDGE('',*,*,#2749,.F.);
#1386=ORIENTED_EDGE('',*,*,#2744,.F.);
#1387=ORIENTED_EDGE('',*,*,#2749,.T.);
#1388=ORIENTED_EDGE('',*,*,#2750,.T.);
#1389=ORIENTED_EDGE('',*,*,#2751,.F.);
#1390=ORIENTED_EDGE('',*,*,#2745,.F.);
#1391=ORIENTED_EDGE('',*,*,#2751,.T.);
#1392=ORIENTED_EDGE('',*,*,#2752,.T.);
#1393=ORIENTED_EDGE('',*,*,#2753,.F.);
#1394=ORIENTED_EDGE('',*,*,#2746,.F.);
#1395=ORIENTED_EDGE('',*,*,#2753,.T.);
#1396=ORIENTED_EDGE('',*,*,#2754,.T.);
#1397=ORIENTED_EDGE('',*,*,#2687,.F.);
#1398=ORIENTED_EDGE('',*,*,#2747,.F.);
#1399=ORIENTED_EDGE('',*,*,#2229,.F.);
#1400=ORIENTED_EDGE('',*,*,#2755,.T.);
#1401=ORIENTED_EDGE('',*,*,#2234,.T.);
#1402=ORIENTED_EDGE('',*,*,#2756,.T.);
#1403=ORIENTED_EDGE('',*,*,#2366,.T.);
#1404=ORIENTED_EDGE('',*,*,#2269,.T.);
#1405=ORIENTED_EDGE('',*,*,#2757,.F.);
#1406=ORIENTED_EDGE('',*,*,#2758,.T.);
#1407=ORIENTED_EDGE('',*,*,#2759,.T.);
#1408=ORIENTED_EDGE('',*,*,#2760,.T.);
#1409=ORIENTED_EDGE('',*,*,#2761,.T.);
#1410=ORIENTED_EDGE('',*,*,#2730,.T.);
#1411=ORIENTED_EDGE('',*,*,#2762,.T.);
#1412=ORIENTED_EDGE('',*,*,#2763,.T.);
#1413=ORIENTED_EDGE('',*,*,#2764,.F.);
#1414=ORIENTED_EDGE('',*,*,#2758,.F.);
#1415=ORIENTED_EDGE('',*,*,#2764,.T.);
#1416=ORIENTED_EDGE('',*,*,#2765,.T.);
#1417=ORIENTED_EDGE('',*,*,#2766,.F.);
#1418=ORIENTED_EDGE('',*,*,#2759,.F.);
#1419=ORIENTED_EDGE('',*,*,#2766,.T.);
#1420=ORIENTED_EDGE('',*,*,#2767,.T.);
#1421=ORIENTED_EDGE('',*,*,#2768,.F.);
#1422=ORIENTED_EDGE('',*,*,#2760,.F.);
#1423=ORIENTED_EDGE('',*,*,#2768,.T.);
#1424=ORIENTED_EDGE('',*,*,#2769,.T.);
#1425=ORIENTED_EDGE('',*,*,#2725,.F.);
#1426=ORIENTED_EDGE('',*,*,#2761,.F.);
#1427=ORIENTED_EDGE('',*,*,#2338,.F.);
#1428=ORIENTED_EDGE('',*,*,#2450,.F.);
#1429=ORIENTED_EDGE('',*,*,#2770,.F.);
#1430=ORIENTED_EDGE('',*,*,#2714,.F.);
#1431=ORIENTED_EDGE('',*,*,#2770,.T.);
#1432=ORIENTED_EDGE('',*,*,#2449,.F.);
#1433=ORIENTED_EDGE('',*,*,#2771,.F.);
#1434=ORIENTED_EDGE('',*,*,#2748,.F.);
#1435=ORIENTED_EDGE('',*,*,#2771,.T.);
#1436=ORIENTED_EDGE('',*,*,#2448,.F.);
#1437=ORIENTED_EDGE('',*,*,#2772,.F.);
#1438=ORIENTED_EDGE('',*,*,#2750,.F.);
#1439=ORIENTED_EDGE('',*,*,#2772,.T.);
#1440=ORIENTED_EDGE('',*,*,#2447,.F.);
#1441=ORIENTED_EDGE('',*,*,#2773,.F.);
#1442=ORIENTED_EDGE('',*,*,#2752,.F.);
#1443=ORIENTED_EDGE('',*,*,#2773,.T.);
#1444=ORIENTED_EDGE('',*,*,#2446,.F.);
#1445=ORIENTED_EDGE('',*,*,#2774,.F.);
#1446=ORIENTED_EDGE('',*,*,#2754,.F.);
#1447=ORIENTED_EDGE('',*,*,#2774,.T.);
#1448=ORIENTED_EDGE('',*,*,#2445,.F.);
#1449=ORIENTED_EDGE('',*,*,#2350,.F.);
#1450=ORIENTED_EDGE('',*,*,#2688,.F.);
#1451=ORIENTED_EDGE('',*,*,#2348,.F.);
#1452=ORIENTED_EDGE('',*,*,#2726,.F.);
#1453=ORIENTED_EDGE('',*,*,#2775,.F.);
#1454=ORIENTED_EDGE('',*,*,#2451,.F.);
#1455=ORIENTED_EDGE('',*,*,#2775,.T.);
#1456=ORIENTED_EDGE('',*,*,#2769,.F.);
#1457=ORIENTED_EDGE('',*,*,#2776,.F.);
#1458=ORIENTED_EDGE('',*,*,#2452,.F.);
#1459=ORIENTED_EDGE('',*,*,#2776,.T.);
#1460=ORIENTED_EDGE('',*,*,#2767,.F.);
#1461=ORIENTED_EDGE('',*,*,#2777,.F.);
#1462=ORIENTED_EDGE('',*,*,#2453,.F.);
#1463=ORIENTED_EDGE('',*,*,#2777,.T.);
#1464=ORIENTED_EDGE('',*,*,#2765,.F.);
#1465=ORIENTED_EDGE('',*,*,#2778,.F.);
#1466=ORIENTED_EDGE('',*,*,#2454,.F.);
#1467=ORIENTED_EDGE('',*,*,#2273,.F.);
#1468=ORIENTED_EDGE('',*,*,#2455,.F.);
#1469=ORIENTED_EDGE('',*,*,#2778,.T.);
#1470=ORIENTED_EDGE('',*,*,#2763,.F.);
#1471=ORIENTED_EDGE('',*,*,#2779,.F.);
#1472=ORIENTED_EDGE('',*,*,#2284,.T.);
#1473=ORIENTED_EDGE('',*,*,#2780,.F.);
#1474=ORIENTED_EDGE('',*,*,#2781,.F.);
#1475=ORIENTED_EDGE('',*,*,#2782,.T.);
#1476=ORIENTED_EDGE('',*,*,#2283,.T.);
#1477=ORIENTED_EDGE('',*,*,#2783,.F.);
#1478=ORIENTED_EDGE('',*,*,#2784,.F.);
#1479=ORIENTED_EDGE('',*,*,#2780,.T.);
#1480=ORIENTED_EDGE('',*,*,#2282,.T.);
#1481=ORIENTED_EDGE('',*,*,#2785,.F.);
#1482=ORIENTED_EDGE('',*,*,#2786,.F.);
#1483=ORIENTED_EDGE('',*,*,#2783,.T.);
#1484=ORIENTED_EDGE('',*,*,#2281,.T.);
#1485=ORIENTED_EDGE('',*,*,#2331,.F.);
#1486=ORIENTED_EDGE('',*,*,#2787,.F.);
#1487=ORIENTED_EDGE('',*,*,#2785,.T.);
#1488=ORIENTED_EDGE('',*,*,#2295,.T.);
#1489=ORIENTED_EDGE('',*,*,#2788,.F.);
#1490=ORIENTED_EDGE('',*,*,#2789,.F.);
#1491=ORIENTED_EDGE('',*,*,#2335,.T.);
#1492=ORIENTED_EDGE('',*,*,#2294,.T.);
#1493=ORIENTED_EDGE('',*,*,#2790,.F.);
#1494=ORIENTED_EDGE('',*,*,#2791,.F.);
#1495=ORIENTED_EDGE('',*,*,#2788,.T.);
#1496=ORIENTED_EDGE('',*,*,#2293,.F.);
#1497=ORIENTED_EDGE('',*,*,#2792,.F.);
#1498=ORIENTED_EDGE('',*,*,#2793,.T.);
#1499=ORIENTED_EDGE('',*,*,#2790,.T.);
#1500=ORIENTED_EDGE('',*,*,#2292,.T.);
#1501=ORIENTED_EDGE('',*,*,#2794,.F.);
#1502=ORIENTED_EDGE('',*,*,#2795,.F.);
#1503=ORIENTED_EDGE('',*,*,#2792,.T.);
#1504=ORIENTED_EDGE('',*,*,#2291,.T.);
#1505=ORIENTED_EDGE('',*,*,#2796,.F.);
#1506=ORIENTED_EDGE('',*,*,#2797,.F.);
#1507=ORIENTED_EDGE('',*,*,#2794,.T.);
#1508=ORIENTED_EDGE('',*,*,#2290,.T.);
#1509=ORIENTED_EDGE('',*,*,#2798,.F.);
#1510=ORIENTED_EDGE('',*,*,#2799,.F.);
#1511=ORIENTED_EDGE('',*,*,#2796,.T.);
#1512=ORIENTED_EDGE('',*,*,#2289,.T.);
#1513=ORIENTED_EDGE('',*,*,#2800,.F.);
#1514=ORIENTED_EDGE('',*,*,#2801,.F.);
#1515=ORIENTED_EDGE('',*,*,#2798,.T.);
#1516=ORIENTED_EDGE('',*,*,#2288,.T.);
#1517=ORIENTED_EDGE('',*,*,#2802,.F.);
#1518=ORIENTED_EDGE('',*,*,#2803,.F.);
#1519=ORIENTED_EDGE('',*,*,#2800,.T.);
#1520=ORIENTED_EDGE('',*,*,#2287,.F.);
#1521=ORIENTED_EDGE('',*,*,#2804,.F.);
#1522=ORIENTED_EDGE('',*,*,#2805,.T.);
#1523=ORIENTED_EDGE('',*,*,#2802,.T.);
#1524=ORIENTED_EDGE('',*,*,#2286,.T.);
#1525=ORIENTED_EDGE('',*,*,#2806,.F.);
#1526=ORIENTED_EDGE('',*,*,#2807,.F.);
#1527=ORIENTED_EDGE('',*,*,#2804,.T.);
#1528=ORIENTED_EDGE('',*,*,#2285,.T.);
#1529=ORIENTED_EDGE('',*,*,#2782,.F.);
#1530=ORIENTED_EDGE('',*,*,#2808,.F.);
#1531=ORIENTED_EDGE('',*,*,#2806,.T.);
#1532=ORIENTED_EDGE('',*,*,#2330,.T.);
#1533=ORIENTED_EDGE('',*,*,#2809,.T.);
#1534=ORIENTED_EDGE('',*,*,#2810,.F.);
#1535=ORIENTED_EDGE('',*,*,#2811,.F.);
#1536=ORIENTED_EDGE('',*,*,#2336,.T.);
#1537=ORIENTED_EDGE('',*,*,#2789,.T.);
#1538=ORIENTED_EDGE('',*,*,#2791,.T.);
#1539=ORIENTED_EDGE('',*,*,#2793,.F.);
#1540=ORIENTED_EDGE('',*,*,#2795,.T.);
#1541=ORIENTED_EDGE('',*,*,#2797,.T.);
#1542=ORIENTED_EDGE('',*,*,#2799,.T.);
#1543=ORIENTED_EDGE('',*,*,#2801,.T.);
#1544=ORIENTED_EDGE('',*,*,#2803,.T.);
#1545=ORIENTED_EDGE('',*,*,#2805,.F.);
#1546=ORIENTED_EDGE('',*,*,#2807,.T.);
#1547=ORIENTED_EDGE('',*,*,#2808,.T.);
#1548=ORIENTED_EDGE('',*,*,#2781,.T.);
#1549=ORIENTED_EDGE('',*,*,#2784,.T.);
#1550=ORIENTED_EDGE('',*,*,#2786,.T.);
#1551=ORIENTED_EDGE('',*,*,#2787,.T.);
#1552=ORIENTED_EDGE('',*,*,#2303,.T.);
#1553=ORIENTED_EDGE('',*,*,#2812,.F.);
#1554=ORIENTED_EDGE('',*,*,#2813,.F.);
#1555=ORIENTED_EDGE('',*,*,#2814,.T.);
#1556=ORIENTED_EDGE('',*,*,#2302,.T.);
#1557=ORIENTED_EDGE('',*,*,#2815,.F.);
#1558=ORIENTED_EDGE('',*,*,#2816,.F.);
#1559=ORIENTED_EDGE('',*,*,#2812,.T.);
#1560=ORIENTED_EDGE('',*,*,#2301,.T.);
#1561=ORIENTED_EDGE('',*,*,#2817,.F.);
#1562=ORIENTED_EDGE('',*,*,#2818,.F.);
#1563=ORIENTED_EDGE('',*,*,#2815,.T.);
#1564=ORIENTED_EDGE('',*,*,#2300,.T.);
#1565=ORIENTED_EDGE('',*,*,#2319,.F.);
#1566=ORIENTED_EDGE('',*,*,#2819,.F.);
#1567=ORIENTED_EDGE('',*,*,#2817,.T.);
#1568=ORIENTED_EDGE('',*,*,#2314,.T.);
#1569=ORIENTED_EDGE('',*,*,#2820,.F.);
#1570=ORIENTED_EDGE('',*,*,#2821,.F.);
#1571=ORIENTED_EDGE('',*,*,#2323,.T.);
#1572=ORIENTED_EDGE('',*,*,#2313,.T.);
#1573=ORIENTED_EDGE('',*,*,#2822,.F.);
#1574=ORIENTED_EDGE('',*,*,#2823,.F.);
#1575=ORIENTED_EDGE('',*,*,#2820,.T.);
#1576=ORIENTED_EDGE('',*,*,#2312,.F.);
#1577=ORIENTED_EDGE('',*,*,#2824,.F.);
#1578=ORIENTED_EDGE('',*,*,#2825,.T.);
#1579=ORIENTED_EDGE('',*,*,#2822,.T.);
#1580=ORIENTED_EDGE('',*,*,#2311,.T.);
#1581=ORIENTED_EDGE('',*,*,#2826,.F.);
#1582=ORIENTED_EDGE('',*,*,#2827,.F.);
#1583=ORIENTED_EDGE('',*,*,#2824,.T.);
#1584=ORIENTED_EDGE('',*,*,#2310,.T.);
#1585=ORIENTED_EDGE('',*,*,#2828,.F.);
#1586=ORIENTED_EDGE('',*,*,#2829,.F.);
#1587=ORIENTED_EDGE('',*,*,#2826,.T.);
#1588=ORIENTED_EDGE('',*,*,#2309,.T.);
#1589=ORIENTED_EDGE('',*,*,#2830,.F.);
#1590=ORIENTED_EDGE('',*,*,#2831,.F.);
#1591=ORIENTED_EDGE('',*,*,#2828,.T.);
#1592=ORIENTED_EDGE('',*,*,#2308,.T.);
#1593=ORIENTED_EDGE('',*,*,#2832,.F.);
#1594=ORIENTED_EDGE('',*,*,#2833,.F.);
#1595=ORIENTED_EDGE('',*,*,#2830,.T.);
#1596=ORIENTED_EDGE('',*,*,#2307,.T.);
#1597=ORIENTED_EDGE('',*,*,#2834,.F.);
#1598=ORIENTED_EDGE('',*,*,#2835,.F.);
#1599=ORIENTED_EDGE('',*,*,#2832,.T.);
#1600=ORIENTED_EDGE('',*,*,#2306,.F.);
#1601=ORIENTED_EDGE('',*,*,#2836,.F.);
#1602=ORIENTED_EDGE('',*,*,#2837,.T.);
#1603=ORIENTED_EDGE('',*,*,#2834,.T.);
#1604=ORIENTED_EDGE('',*,*,#2305,.T.);
#1605=ORIENTED_EDGE('',*,*,#2838,.F.);
#1606=ORIENTED_EDGE('',*,*,#2839,.F.);
#1607=ORIENTED_EDGE('',*,*,#2836,.T.);
#1608=ORIENTED_EDGE('',*,*,#2304,.T.);
#1609=ORIENTED_EDGE('',*,*,#2814,.F.);
#1610=ORIENTED_EDGE('',*,*,#2840,.F.);
#1611=ORIENTED_EDGE('',*,*,#2838,.T.);
#1612=ORIENTED_EDGE('',*,*,#2318,.T.);
#1613=ORIENTED_EDGE('',*,*,#2841,.T.);
#1614=ORIENTED_EDGE('',*,*,#2842,.F.);
#1615=ORIENTED_EDGE('',*,*,#2843,.F.);
#1616=ORIENTED_EDGE('',*,*,#2324,.T.);
#1617=ORIENTED_EDGE('',*,*,#2821,.T.);
#1618=ORIENTED_EDGE('',*,*,#2823,.T.);
#1619=ORIENTED_EDGE('',*,*,#2825,.F.);
#1620=ORIENTED_EDGE('',*,*,#2827,.T.);
#1621=ORIENTED_EDGE('',*,*,#2829,.T.);
#1622=ORIENTED_EDGE('',*,*,#2831,.T.);
#1623=ORIENTED_EDGE('',*,*,#2833,.T.);
#1624=ORIENTED_EDGE('',*,*,#2835,.T.);
#1625=ORIENTED_EDGE('',*,*,#2837,.F.);
#1626=ORIENTED_EDGE('',*,*,#2839,.T.);
#1627=ORIENTED_EDGE('',*,*,#2840,.T.);
#1628=ORIENTED_EDGE('',*,*,#2813,.T.);
#1629=ORIENTED_EDGE('',*,*,#2816,.T.);
#1630=ORIENTED_EDGE('',*,*,#2818,.T.);
#1631=ORIENTED_EDGE('',*,*,#2819,.T.);
#1632=ORIENTED_EDGE('',*,*,#2332,.T.);
#1633=ORIENTED_EDGE('',*,*,#2280,.T.);
#1634=ORIENTED_EDGE('',*,*,#2261,.F.);
#1635=ORIENTED_EDGE('',*,*,#2844,.F.);
#1636=ORIENTED_EDGE('',*,*,#2845,.F.);
#1637=ORIENTED_EDGE('',*,*,#2334,.T.);
#1638=ORIENTED_EDGE('',*,*,#2846,.T.);
#1639=ORIENTED_EDGE('',*,*,#2847,.F.);
#1640=ORIENTED_EDGE('',*,*,#2265,.F.);
#1641=ORIENTED_EDGE('',*,*,#2296,.F.);
#1642=ORIENTED_EDGE('',*,*,#2333,.T.);
#1643=ORIENTED_EDGE('',*,*,#2811,.T.);
#1644=ORIENTED_EDGE('',*,*,#2848,.F.);
#1645=ORIENTED_EDGE('',*,*,#2846,.F.);
#1646=ORIENTED_EDGE('',*,*,#2329,.T.);
#1647=ORIENTED_EDGE('',*,*,#2845,.T.);
#1648=ORIENTED_EDGE('',*,*,#2849,.F.);
#1649=ORIENTED_EDGE('',*,*,#2809,.F.);
#1650=ORIENTED_EDGE('',*,*,#2320,.T.);
#1651=ORIENTED_EDGE('',*,*,#2299,.T.);
#1652=ORIENTED_EDGE('',*,*,#2850,.F.);
#1653=ORIENTED_EDGE('',*,*,#2851,.F.);
#1654=ORIENTED_EDGE('',*,*,#2322,.T.);
#1655=ORIENTED_EDGE('',*,*,#2852,.T.);
#1656=ORIENTED_EDGE('',*,*,#2853,.F.);
#1657=ORIENTED_EDGE('',*,*,#2315,.F.);
#1658=ORIENTED_EDGE('',*,*,#2321,.T.);
#1659=ORIENTED_EDGE('',*,*,#2843,.T.);
#1660=ORIENTED_EDGE('',*,*,#2854,.F.);
#1661=ORIENTED_EDGE('',*,*,#2852,.F.);
#1662=ORIENTED_EDGE('',*,*,#2317,.T.);
#1663=ORIENTED_EDGE('',*,*,#2851,.T.);
#1664=ORIENTED_EDGE('',*,*,#2855,.F.);
#1665=ORIENTED_EDGE('',*,*,#2841,.F.);
#1666=ORIENTED_EDGE('',*,*,#2854,.T.);
#1667=ORIENTED_EDGE('',*,*,#2842,.T.);
#1668=ORIENTED_EDGE('',*,*,#2855,.T.);
#1669=ORIENTED_EDGE('',*,*,#2850,.T.);
#1670=ORIENTED_EDGE('',*,*,#2316,.T.);
#1671=ORIENTED_EDGE('',*,*,#2853,.T.);
#1672=ORIENTED_EDGE('',*,*,#2457,.F.);
#1673=ORIENTED_EDGE('',*,*,#2476,.T.);
#1674=ORIENTED_EDGE('',*,*,#2473,.F.);
#1675=ORIENTED_EDGE('',*,*,#2470,.T.);
#1676=ORIENTED_EDGE('',*,*,#2467,.T.);
#1677=ORIENTED_EDGE('',*,*,#2460,.T.);
#1678=ORIENTED_EDGE('',*,*,#2484,.F.);
#1679=ORIENTED_EDGE('',*,*,#2481,.T.);
#1680=ORIENTED_EDGE('',*,*,#2500,.F.);
#1681=ORIENTED_EDGE('',*,*,#2497,.T.);
#1682=ORIENTED_EDGE('',*,*,#2494,.T.);
#1683=ORIENTED_EDGE('',*,*,#2487,.T.);
#1684=ORIENTED_EDGE('',*,*,#2582,.F.);
#1685=ORIENTED_EDGE('',*,*,#2856,.T.);
#1686=ORIENTED_EDGE('',*,*,#2857,.F.);
#1687=ORIENTED_EDGE('',*,*,#2858,.T.);
#1688=ORIENTED_EDGE('',*,*,#2859,.F.);
#1689=ORIENTED_EDGE('',*,*,#2594,.T.);
#1690=ORIENTED_EDGE('',*,*,#2592,.F.);
#1691=ORIENTED_EDGE('',*,*,#2590,.T.);
#1692=ORIENTED_EDGE('',*,*,#2588,.T.);
#1693=ORIENTED_EDGE('',*,*,#2586,.T.);
#1694=ORIENTED_EDGE('',*,*,#2480,.T.);
#1695=ORIENTED_EDGE('',*,*,#2508,.T.);
#1696=ORIENTED_EDGE('',*,*,#2509,.T.);
#1697=ORIENTED_EDGE('',*,*,#2511,.T.);
#1698=ORIENTED_EDGE('',*,*,#2513,.T.);
#1699=ORIENTED_EDGE('',*,*,#2515,.F.);
#1700=ORIENTED_EDGE('',*,*,#2614,.F.);
#1701=ORIENTED_EDGE('',*,*,#2616,.T.);
#1702=ORIENTED_EDGE('',*,*,#2618,.T.);
#1703=ORIENTED_EDGE('',*,*,#2620,.T.);
#1704=ORIENTED_EDGE('',*,*,#2622,.T.);
#1705=ORIENTED_EDGE('',*,*,#2860,.T.);
#1706=ORIENTED_EDGE('',*,*,#2598,.T.);
#1707=ORIENTED_EDGE('',*,*,#2585,.T.);
#1708=ORIENTED_EDGE('',*,*,#2608,.T.);
#1709=ORIENTED_EDGE('',*,*,#2606,.F.);
#1710=ORIENTED_EDGE('',*,*,#2604,.T.);
#1711=ORIENTED_EDGE('',*,*,#2602,.T.);
#1712=ORIENTED_EDGE('',*,*,#2600,.F.);
#1713=ORIENTED_EDGE('',*,*,#2861,.F.);
#1714=ORIENTED_EDGE('',*,*,#2862,.T.);
#1715=ORIENTED_EDGE('',*,*,#2863,.T.);
#1716=ORIENTED_EDGE('',*,*,#2864,.T.);
#1717=ORIENTED_EDGE('',*,*,#2865,.F.);
#1718=ORIENTED_EDGE('',*,*,#2866,.T.);
#1719=ORIENTED_EDGE('',*,*,#2244,.T.);
#1720=ORIENTED_EDGE('',*,*,#2779,.T.);
#1721=ORIENTED_EDGE('',*,*,#2762,.F.);
#1722=ORIENTED_EDGE('',*,*,#2757,.T.);
#1723=ORIENTED_EDGE('',*,*,#2867,.T.);
#1724=ORIENTED_EDGE('',*,*,#2247,.F.);
#1725=ORIENTED_EDGE('',*,*,#2597,.F.);
#1726=ORIENTED_EDGE('',*,*,#2868,.T.);
#1727=ORIENTED_EDGE('',*,*,#2477,.T.);
#1728=ORIENTED_EDGE('',*,*,#2259,.F.);
#1729=ORIENTED_EDGE('',*,*,#2479,.F.);
#1730=ORIENTED_EDGE('',*,*,#2869,.T.);
#1731=ORIENTED_EDGE('',*,*,#2870,.T.);
#1732=ORIENTED_EDGE('',*,*,#2260,.F.);
#1733=ORIENTED_EDGE('',*,*,#2870,.F.);
#1734=ORIENTED_EDGE('',*,*,#2871,.T.);
#1735=ORIENTED_EDGE('',*,*,#2872,.T.);
#1736=ORIENTED_EDGE('',*,*,#2266,.F.);
#1737=ORIENTED_EDGE('',*,*,#2873,.F.);
#1738=ORIENTED_EDGE('',*,*,#2267,.F.);
#1739=ORIENTED_EDGE('',*,*,#2872,.F.);
#1740=ORIENTED_EDGE('',*,*,#2874,.T.);
#1741=ORIENTED_EDGE('',*,*,#2875,.T.);
#1742=ORIENTED_EDGE('',*,*,#2876,.F.);
#1743=ORIENTED_EDGE('',*,*,#2867,.F.);
#1744=ORIENTED_EDGE('',*,*,#2268,.F.);
#1745=ORIENTED_EDGE('',*,*,#2875,.F.);
#1746=ORIENTED_EDGE('',*,*,#2877,.T.);
#1747=ORIENTED_EDGE('',*,*,#2878,.T.);
#1748=ORIENTED_EDGE('',*,*,#2879,.F.);
#1749=ORIENTED_EDGE('',*,*,#2864,.F.);
#1750=ORIENTED_EDGE('',*,*,#2880,.T.);
#1751=ORIENTED_EDGE('',*,*,#2881,.F.);
#1752=ORIENTED_EDGE('',*,*,#2882,.F.);
#1753=ORIENTED_EDGE('',*,*,#2883,.F.);
#1754=ORIENTED_EDGE('',*,*,#2884,.F.);
#1755=ORIENTED_EDGE('',*,*,#2885,.F.);
#1756=ORIENTED_EDGE('',*,*,#2878,.F.);
#1757=ORIENTED_EDGE('',*,*,#2886,.T.);
#1758=ORIENTED_EDGE('',*,*,#2240,.T.);
#1759=ORIENTED_EDGE('',*,*,#2887,.T.);
#1760=ORIENTED_EDGE('',*,*,#2274,.F.);
#1761=ORIENTED_EDGE('',*,*,#2242,.F.);
#1762=ORIENTED_EDGE('',*,*,#2888,.T.);
#1763=ORIENTED_EDGE('',*,*,#2889,.T.);
#1764=ORIENTED_EDGE('',*,*,#2275,.F.);
#1765=ORIENTED_EDGE('',*,*,#2889,.F.);
#1766=ORIENTED_EDGE('',*,*,#2890,.T.);
#1767=ORIENTED_EDGE('',*,*,#2891,.T.);
#1768=ORIENTED_EDGE('',*,*,#2856,.F.);
#1769=ORIENTED_EDGE('',*,*,#2326,.F.);
#1770=ORIENTED_EDGE('',*,*,#2860,.F.);
#1771=ORIENTED_EDGE('',*,*,#2857,.T.);
#1772=ORIENTED_EDGE('',*,*,#2891,.F.);
#1773=ORIENTED_EDGE('',*,*,#2892,.F.);
#1774=ORIENTED_EDGE('',*,*,#2893,.T.);
#1775=ORIENTED_EDGE('',*,*,#2858,.F.);
#1776=ORIENTED_EDGE('',*,*,#2893,.F.);
#1777=ORIENTED_EDGE('',*,*,#2894,.T.);
#1778=ORIENTED_EDGE('',*,*,#2895,.T.);
#1779=ORIENTED_EDGE('',*,*,#2859,.T.);
#1780=ORIENTED_EDGE('',*,*,#2895,.F.);
#1781=ORIENTED_EDGE('',*,*,#2896,.F.);
#1782=ORIENTED_EDGE('',*,*,#2595,.T.);
#1783=ORIENTED_EDGE('',*,*,#2596,.F.);
#1784=ORIENTED_EDGE('',*,*,#2896,.T.);
#1785=ORIENTED_EDGE('',*,*,#2894,.F.);
#1786=ORIENTED_EDGE('',*,*,#2892,.T.);
#1787=ORIENTED_EDGE('',*,*,#2890,.F.);
#1788=ORIENTED_EDGE('',*,*,#2888,.F.);
#1789=ORIENTED_EDGE('',*,*,#2241,.F.);
#1790=ORIENTED_EDGE('',*,*,#2886,.F.);
#1791=ORIENTED_EDGE('',*,*,#2877,.F.);
#1792=ORIENTED_EDGE('',*,*,#2874,.F.);
#1793=ORIENTED_EDGE('',*,*,#2871,.F.);
#1794=ORIENTED_EDGE('',*,*,#2869,.F.);
#1795=ORIENTED_EDGE('',*,*,#2478,.F.);
#1796=ORIENTED_EDGE('',*,*,#2868,.F.);
#1797=ORIENTED_EDGE('',*,*,#2873,.T.);
#1798=ORIENTED_EDGE('',*,*,#2847,.T.);
#1799=ORIENTED_EDGE('',*,*,#2848,.T.);
#1800=ORIENTED_EDGE('',*,*,#2810,.T.);
#1801=ORIENTED_EDGE('',*,*,#2849,.T.);
#1802=ORIENTED_EDGE('',*,*,#2844,.T.);
#1803=ORIENTED_EDGE('',*,*,#2897,.T.);
#1804=ORIENTED_EDGE('',*,*,#2898,.F.);
#1805=ORIENTED_EDGE('',*,*,#2238,.T.);
#1806=ORIENTED_EDGE('',*,*,#2866,.F.);
#1807=ORIENTED_EDGE('',*,*,#2239,.F.);
#1808=ORIENTED_EDGE('',*,*,#2898,.T.);
#1809=ORIENTED_EDGE('',*,*,#2899,.T.);
#1810=ORIENTED_EDGE('',*,*,#2887,.F.);
#1811=ORIENTED_EDGE('',*,*,#2879,.T.);
#1812=ORIENTED_EDGE('',*,*,#2885,.T.);
#1813=ORIENTED_EDGE('',*,*,#2899,.F.);
#1814=ORIENTED_EDGE('',*,*,#2897,.F.);
#1815=ORIENTED_EDGE('',*,*,#2865,.T.);
#1816=ORIENTED_EDGE('',*,*,#2900,.T.);
#1817=ORIENTED_EDGE('',*,*,#2901,.T.);
#1818=ORIENTED_EDGE('',*,*,#2902,.T.);
#1819=ORIENTED_EDGE('',*,*,#2903,.T.);
#1820=ORIENTED_EDGE('',*,*,#2904,.T.);
#1821=ORIENTED_EDGE('',*,*,#2905,.F.);
#1822=ORIENTED_EDGE('',*,*,#2862,.F.);
#1823=ORIENTED_EDGE('',*,*,#2861,.T.);
#1824=ORIENTED_EDGE('',*,*,#2876,.T.);
#1825=ORIENTED_EDGE('',*,*,#2906,.F.);
#1826=ORIENTED_EDGE('',*,*,#2900,.F.);
#1827=ORIENTED_EDGE('',*,*,#2884,.T.);
#1828=ORIENTED_EDGE('',*,*,#2907,.F.);
#1829=ORIENTED_EDGE('',*,*,#2901,.F.);
#1830=ORIENTED_EDGE('',*,*,#2906,.T.);
#1831=ORIENTED_EDGE('',*,*,#2883,.T.);
#1832=ORIENTED_EDGE('',*,*,#2908,.F.);
#1833=ORIENTED_EDGE('',*,*,#2902,.F.);
#1834=ORIENTED_EDGE('',*,*,#2907,.T.);
#1835=ORIENTED_EDGE('',*,*,#2882,.T.);
#1836=ORIENTED_EDGE('',*,*,#2909,.F.);
#1837=ORIENTED_EDGE('',*,*,#2903,.F.);
#1838=ORIENTED_EDGE('',*,*,#2908,.T.);
#1839=ORIENTED_EDGE('',*,*,#2881,.T.);
#1840=ORIENTED_EDGE('',*,*,#2910,.F.);
#1841=ORIENTED_EDGE('',*,*,#2904,.F.);
#1842=ORIENTED_EDGE('',*,*,#2909,.T.);
#1843=ORIENTED_EDGE('',*,*,#2863,.F.);
#1844=ORIENTED_EDGE('',*,*,#2905,.T.);
#1845=ORIENTED_EDGE('',*,*,#2910,.T.);
#1846=ORIENTED_EDGE('',*,*,#2880,.F.);
#1847=ORIENTED_EDGE('',*,*,#2911,.T.);
#1848=ORIENTED_EDGE('',*,*,#2912,.F.);
#1849=ORIENTED_EDGE('',*,*,#2913,.F.);
#1850=ORIENTED_EDGE('',*,*,#2557,.T.);
#1851=ORIENTED_EDGE('',*,*,#2914,.T.);
#1852=ORIENTED_EDGE('',*,*,#2915,.F.);
#1853=ORIENTED_EDGE('',*,*,#2916,.F.);
#1854=ORIENTED_EDGE('',*,*,#2912,.T.);
#1855=ORIENTED_EDGE('',*,*,#2917,.T.);
#1856=ORIENTED_EDGE('',*,*,#2555,.F.);
#1857=ORIENTED_EDGE('',*,*,#2918,.F.);
#1858=ORIENTED_EDGE('',*,*,#2915,.T.);
#1859=ORIENTED_EDGE('',*,*,#2913,.T.);
#1860=ORIENTED_EDGE('',*,*,#2916,.T.);
#1861=ORIENTED_EDGE('',*,*,#2918,.T.);
#1862=ORIENTED_EDGE('',*,*,#2554,.T.);
#1863=ORIENTED_EDGE('',*,*,#2911,.F.);
#1864=ORIENTED_EDGE('',*,*,#2556,.F.);
#1865=ORIENTED_EDGE('',*,*,#2917,.F.);
#1866=ORIENTED_EDGE('',*,*,#2914,.F.);
#1867=ORIENTED_EDGE('',*,*,#2919,.T.);
#1868=ORIENTED_EDGE('',*,*,#2920,.F.);
#1869=ORIENTED_EDGE('',*,*,#2921,.F.);
#1870=ORIENTED_EDGE('',*,*,#2493,.T.);
#1871=ORIENTED_EDGE('',*,*,#2922,.T.);
#1872=ORIENTED_EDGE('',*,*,#2923,.F.);
#1873=ORIENTED_EDGE('',*,*,#2924,.F.);
#1874=ORIENTED_EDGE('',*,*,#2920,.T.);
#1875=ORIENTED_EDGE('',*,*,#2925,.T.);
#1876=ORIENTED_EDGE('',*,*,#2491,.F.);
#1877=ORIENTED_EDGE('',*,*,#2926,.F.);
#1878=ORIENTED_EDGE('',*,*,#2923,.T.);
#1879=ORIENTED_EDGE('',*,*,#2921,.T.);
#1880=ORIENTED_EDGE('',*,*,#2924,.T.);
#1881=ORIENTED_EDGE('',*,*,#2926,.T.);
#1882=ORIENTED_EDGE('',*,*,#2490,.T.);
#1883=ORIENTED_EDGE('',*,*,#2919,.F.);
#1884=ORIENTED_EDGE('',*,*,#2492,.F.);
#1885=ORIENTED_EDGE('',*,*,#2925,.F.);
#1886=ORIENTED_EDGE('',*,*,#2922,.F.);
#1887=ORIENTED_EDGE('',*,*,#2927,.T.);
#1888=ORIENTED_EDGE('',*,*,#2928,.F.);
#1889=ORIENTED_EDGE('',*,*,#2929,.F.);
#1890=ORIENTED_EDGE('',*,*,#2567,.T.);
#1891=ORIENTED_EDGE('',*,*,#2930,.T.);
#1892=ORIENTED_EDGE('',*,*,#2931,.F.);
#1893=ORIENTED_EDGE('',*,*,#2932,.F.);
#1894=ORIENTED_EDGE('',*,*,#2928,.T.);
#1895=ORIENTED_EDGE('',*,*,#2933,.T.);
#1896=ORIENTED_EDGE('',*,*,#2565,.F.);
#1897=ORIENTED_EDGE('',*,*,#2934,.F.);
#1898=ORIENTED_EDGE('',*,*,#2931,.T.);
#1899=ORIENTED_EDGE('',*,*,#2929,.T.);
#1900=ORIENTED_EDGE('',*,*,#2932,.T.);
#1901=ORIENTED_EDGE('',*,*,#2934,.T.);
#1902=ORIENTED_EDGE('',*,*,#2564,.T.);
#1903=ORIENTED_EDGE('',*,*,#2927,.F.);
#1904=ORIENTED_EDGE('',*,*,#2566,.F.);
#1905=ORIENTED_EDGE('',*,*,#2933,.F.);
#1906=ORIENTED_EDGE('',*,*,#2930,.F.);
#1907=ORIENTED_EDGE('',*,*,#2935,.T.);
#1908=ORIENTED_EDGE('',*,*,#2936,.F.);
#1909=ORIENTED_EDGE('',*,*,#2937,.F.);
#1910=ORIENTED_EDGE('',*,*,#2466,.T.);
#1911=ORIENTED_EDGE('',*,*,#2938,.T.);
#1912=ORIENTED_EDGE('',*,*,#2939,.F.);
#1913=ORIENTED_EDGE('',*,*,#2940,.F.);
#1914=ORIENTED_EDGE('',*,*,#2936,.T.);
#1915=ORIENTED_EDGE('',*,*,#2941,.T.);
#1916=ORIENTED_EDGE('',*,*,#2464,.F.);
#1917=ORIENTED_EDGE('',*,*,#2942,.F.);
#1918=ORIENTED_EDGE('',*,*,#2939,.T.);
#1919=ORIENTED_EDGE('',*,*,#2937,.T.);
#1920=ORIENTED_EDGE('',*,*,#2940,.T.);
#1921=ORIENTED_EDGE('',*,*,#2942,.T.);
#1922=ORIENTED_EDGE('',*,*,#2463,.T.);
#1923=ORIENTED_EDGE('',*,*,#2935,.F.);
#1924=ORIENTED_EDGE('',*,*,#2465,.F.);
#1925=ORIENTED_EDGE('',*,*,#2941,.F.);
#1926=ORIENTED_EDGE('',*,*,#2938,.F.);
#1927=ORIENTED_EDGE('',*,*,#2755,.F.);
#1928=ORIENTED_EDGE('',*,*,#2228,.F.);
#1929=ORIENTED_EDGE('',*,*,#2943,.T.);
#1930=ORIENTED_EDGE('',*,*,#2235,.T.);
#1931=ORIENTED_EDGE('',*,*,#2756,.F.);
#1932=ORIENTED_EDGE('',*,*,#2233,.T.);
#1933=ORIENTED_EDGE('',*,*,#2944,.F.);
#1934=ORIENTED_EDGE('',*,*,#2230,.F.);
#1935=ORIENTED_EDGE('',*,*,#2232,.T.);
#1936=ORIENTED_EDGE('',*,*,#2945,.F.);
#1937=ORIENTED_EDGE('',*,*,#2224,.F.);
#1938=ORIENTED_EDGE('',*,*,#2944,.T.);
#1939=ORIENTED_EDGE('',*,*,#2945,.T.);
#1940=ORIENTED_EDGE('',*,*,#2231,.T.);
#1941=ORIENTED_EDGE('',*,*,#2201,.T.);
#1942=ORIENTED_EDGE('',*,*,#2946,.T.);
#1943=ORIENTED_EDGE('',*,*,#2947,.F.);
#1944=ORIENTED_EDGE('',*,*,#2948,.F.);
#1945=ORIENTED_EDGE('',*,*,#2205,.T.);
#1946=ORIENTED_EDGE('',*,*,#2225,.F.);
#1947=ORIENTED_EDGE('',*,*,#2947,.T.);
#1948=ORIENTED_EDGE('',*,*,#2949,.T.);
#1949=ORIENTED_EDGE('',*,*,#2188,.F.);
#1950=ORIENTED_EDGE('',*,*,#2950,.F.);
#1951=ORIENTED_EDGE('',*,*,#2237,.T.);
#1952=ORIENTED_EDGE('',*,*,#2951,.F.);
#1953=ORIENTED_EDGE('',*,*,#2226,.F.);
#1954=ORIENTED_EDGE('',*,*,#2203,.T.);
#1955=ORIENTED_EDGE('',*,*,#2236,.T.);
#1956=ORIENTED_EDGE('',*,*,#2943,.F.);
#1957=ORIENTED_EDGE('',*,*,#2227,.F.);
#1958=ORIENTED_EDGE('',*,*,#2951,.T.);
#1959=ORIENTED_EDGE('',*,*,#2742,.F.);
#1960=ORIENTED_EDGE('',*,*,#2214,.F.);
#1961=ORIENTED_EDGE('',*,*,#2952,.T.);
#1962=ORIENTED_EDGE('',*,*,#2221,.T.);
#1963=ORIENTED_EDGE('',*,*,#2743,.F.);
#1964=ORIENTED_EDGE('',*,*,#2219,.T.);
#1965=ORIENTED_EDGE('',*,*,#2953,.F.);
#1966=ORIENTED_EDGE('',*,*,#2216,.F.);
#1967=ORIENTED_EDGE('',*,*,#2218,.T.);
#1968=ORIENTED_EDGE('',*,*,#2954,.F.);
#1969=ORIENTED_EDGE('',*,*,#2210,.F.);
#1970=ORIENTED_EDGE('',*,*,#2953,.T.);
#1971=ORIENTED_EDGE('',*,*,#2954,.T.);
#1972=ORIENTED_EDGE('',*,*,#2217,.T.);
#1973=ORIENTED_EDGE('',*,*,#2173,.T.);
#1974=ORIENTED_EDGE('',*,*,#2955,.T.);
#1975=ORIENTED_EDGE('',*,*,#2956,.F.);
#1976=ORIENTED_EDGE('',*,*,#2957,.F.);
#1977=ORIENTED_EDGE('',*,*,#2177,.T.);
#1978=ORIENTED_EDGE('',*,*,#2211,.F.);
#1979=ORIENTED_EDGE('',*,*,#2956,.T.);
#1980=ORIENTED_EDGE('',*,*,#2958,.T.);
#1981=ORIENTED_EDGE('',*,*,#2160,.F.);
#1982=ORIENTED_EDGE('',*,*,#2959,.F.);
#1983=ORIENTED_EDGE('',*,*,#2223,.T.);
#1984=ORIENTED_EDGE('',*,*,#2960,.F.);
#1985=ORIENTED_EDGE('',*,*,#2212,.F.);
#1986=ORIENTED_EDGE('',*,*,#2175,.T.);
#1987=ORIENTED_EDGE('',*,*,#2222,.T.);
#1988=ORIENTED_EDGE('',*,*,#2952,.F.);
#1989=ORIENTED_EDGE('',*,*,#2213,.F.);
#1990=ORIENTED_EDGE('',*,*,#2960,.T.);
#1991=ORIENTED_EDGE('',*,*,#2946,.F.);
#1992=ORIENTED_EDGE('',*,*,#2200,.F.);
#1993=ORIENTED_EDGE('',*,*,#2961,.F.);
#1994=ORIENTED_EDGE('',*,*,#2189,.F.);
#1995=ORIENTED_EDGE('',*,*,#2949,.F.);
#1996=ORIENTED_EDGE('',*,*,#2206,.T.);
#1997=ORIENTED_EDGE('',*,*,#2948,.T.);
#1998=ORIENTED_EDGE('',*,*,#2950,.T.);
#1999=ORIENTED_EDGE('',*,*,#2187,.T.);
#2000=ORIENTED_EDGE('',*,*,#2962,.T.);
#2001=ORIENTED_EDGE('',*,*,#2955,.F.);
#2002=ORIENTED_EDGE('',*,*,#2172,.F.);
#2003=ORIENTED_EDGE('',*,*,#2963,.F.);
#2004=ORIENTED_EDGE('',*,*,#2161,.F.);
#2005=ORIENTED_EDGE('',*,*,#2958,.F.);
#2006=ORIENTED_EDGE('',*,*,#2178,.T.);
#2007=ORIENTED_EDGE('',*,*,#2957,.T.);
#2008=ORIENTED_EDGE('',*,*,#2959,.T.);
#2009=ORIENTED_EDGE('',*,*,#2159,.T.);
#2010=ORIENTED_EDGE('',*,*,#2964,.T.);
#2011=ORIENTED_EDGE('',*,*,#2192,.T.);
#2012=ORIENTED_EDGE('',*,*,#2191,.T.);
#2013=ORIENTED_EDGE('',*,*,#2965,.T.);
#2014=ORIENTED_EDGE('',*,*,#2198,.T.);
#2015=ORIENTED_EDGE('',*,*,#2197,.T.);
#2016=ORIENTED_EDGE('',*,*,#2966,.F.);
#2017=ORIENTED_EDGE('',*,*,#2183,.T.);
#2018=ORIENTED_EDGE('',*,*,#2967,.T.);
#2019=ORIENTED_EDGE('',*,*,#2209,.F.);
#2020=ORIENTED_EDGE('',*,*,#2194,.T.);
#2021=ORIENTED_EDGE('',*,*,#2965,.F.);
#2022=ORIENTED_EDGE('',*,*,#2190,.T.);
#2023=ORIENTED_EDGE('',*,*,#2185,.T.);
#2024=ORIENTED_EDGE('',*,*,#2193,.T.);
#2025=ORIENTED_EDGE('',*,*,#2966,.T.);
#2026=ORIENTED_EDGE('',*,*,#2196,.T.);
#2027=ORIENTED_EDGE('',*,*,#2208,.F.);
#2028=ORIENTED_EDGE('',*,*,#2968,.F.);
#2029=ORIENTED_EDGE('',*,*,#2182,.T.);
#2030=ORIENTED_EDGE('',*,*,#2961,.T.);
#2031=ORIENTED_EDGE('',*,*,#2199,.F.);
#2032=ORIENTED_EDGE('',*,*,#2967,.F.);
#2033=ORIENTED_EDGE('',*,*,#2186,.T.);
#2034=ORIENTED_EDGE('',*,*,#2968,.T.);
#2035=ORIENTED_EDGE('',*,*,#2207,.F.);
#2036=ORIENTED_EDGE('',*,*,#2962,.F.);
#2037=ORIENTED_EDGE('',*,*,#2164,.T.);
#2038=ORIENTED_EDGE('',*,*,#2163,.T.);
#2039=ORIENTED_EDGE('',*,*,#2969,.T.);
#2040=ORIENTED_EDGE('',*,*,#2170,.T.);
#2041=ORIENTED_EDGE('',*,*,#2169,.T.);
#2042=ORIENTED_EDGE('',*,*,#2970,.F.);
#2043=ORIENTED_EDGE('',*,*,#2155,.T.);
#2044=ORIENTED_EDGE('',*,*,#2971,.T.);
#2045=ORIENTED_EDGE('',*,*,#2181,.F.);
#2046=ORIENTED_EDGE('',*,*,#2166,.T.);
#2047=ORIENTED_EDGE('',*,*,#2969,.F.);
#2048=ORIENTED_EDGE('',*,*,#2162,.T.);
#2049=ORIENTED_EDGE('',*,*,#2157,.T.);
#2050=ORIENTED_EDGE('',*,*,#2165,.T.);
#2051=ORIENTED_EDGE('',*,*,#2970,.T.);
#2052=ORIENTED_EDGE('',*,*,#2168,.T.);
#2053=ORIENTED_EDGE('',*,*,#2180,.F.);
#2054=ORIENTED_EDGE('',*,*,#2972,.F.);
#2055=ORIENTED_EDGE('',*,*,#2154,.T.);
#2056=ORIENTED_EDGE('',*,*,#2963,.T.);
#2057=ORIENTED_EDGE('',*,*,#2171,.F.);
#2058=ORIENTED_EDGE('',*,*,#2971,.F.);
#2059=ORIENTED_EDGE('',*,*,#2158,.T.);
#2060=ORIENTED_EDGE('',*,*,#2972,.T.);
#2061=ORIENTED_EDGE('',*,*,#2179,.F.);
#2062=ORIENTED_EDGE('',*,*,#2964,.F.);
#2063=ORIENTED_EDGE('',*,*,#2973,.F.);
#2064=ORIENTED_EDGE('',*,*,#2133,.T.);
#2065=ORIENTED_EDGE('',*,*,#2973,.T.);
#2066=ORIENTED_EDGE('',*,*,#2150,.T.);
#2067=ORIENTED_EDGE('',*,*,#2974,.F.);
#2068=ORIENTED_EDGE('',*,*,#2975,.F.);
#2069=ORIENTED_EDGE('',*,*,#2976,.T.);
#2070=ORIENTED_EDGE('',*,*,#2149,.T.);
#2071=ORIENTED_EDGE('',*,*,#2977,.F.);
#2072=ORIENTED_EDGE('',*,*,#2978,.F.);
#2073=ORIENTED_EDGE('',*,*,#2974,.T.);
#2074=ORIENTED_EDGE('',*,*,#2153,.T.);
#2075=ORIENTED_EDGE('',*,*,#2979,.F.);
#2076=ORIENTED_EDGE('',*,*,#2980,.F.);
#2077=ORIENTED_EDGE('',*,*,#2977,.T.);
#2078=ORIENTED_EDGE('',*,*,#2152,.T.);
#2079=ORIENTED_EDGE('',*,*,#2981,.F.);
#2080=ORIENTED_EDGE('',*,*,#2982,.F.);
#2081=ORIENTED_EDGE('',*,*,#2979,.T.);
#2082=ORIENTED_EDGE('',*,*,#2151,.T.);
#2083=ORIENTED_EDGE('',*,*,#2976,.F.);
#2084=ORIENTED_EDGE('',*,*,#2983,.F.);
#2085=ORIENTED_EDGE('',*,*,#2981,.T.);
#2086=ORIENTED_EDGE('',*,*,#2975,.T.);
#2087=ORIENTED_EDGE('',*,*,#2978,.T.);
#2088=ORIENTED_EDGE('',*,*,#2980,.T.);
#2089=ORIENTED_EDGE('',*,*,#2982,.T.);
#2090=ORIENTED_EDGE('',*,*,#2983,.T.);
#2091=ORIENTED_EDGE('',*,*,#2127,.T.);
#2092=ORIENTED_EDGE('',*,*,#2984,.F.);
#2093=ORIENTED_EDGE('',*,*,#2985,.F.);
#2094=ORIENTED_EDGE('',*,*,#2986,.T.);
#2095=ORIENTED_EDGE('',*,*,#2126,.T.);
#2096=ORIENTED_EDGE('',*,*,#2987,.F.);
#2097=ORIENTED_EDGE('',*,*,#2988,.F.);
#2098=ORIENTED_EDGE('',*,*,#2984,.T.);
#2099=ORIENTED_EDGE('',*,*,#2132,.T.);
#2100=ORIENTED_EDGE('',*,*,#2989,.F.);
#2101=ORIENTED_EDGE('',*,*,#2990,.F.);
#2102=ORIENTED_EDGE('',*,*,#2987,.T.);
#2103=ORIENTED_EDGE('',*,*,#2131,.T.);
#2104=ORIENTED_EDGE('',*,*,#2991,.F.);
#2105=ORIENTED_EDGE('',*,*,#2992,.F.);
#2106=ORIENTED_EDGE('',*,*,#2989,.T.);
#2107=ORIENTED_EDGE('',*,*,#2130,.T.);
#2108=ORIENTED_EDGE('',*,*,#2993,.F.);
#2109=ORIENTED_EDGE('',*,*,#2994,.F.);
#2110=ORIENTED_EDGE('',*,*,#2991,.T.);
#2111=ORIENTED_EDGE('',*,*,#2129,.T.);
#2112=ORIENTED_EDGE('',*,*,#2995,.F.);
#2113=ORIENTED_EDGE('',*,*,#2996,.F.);
#2114=ORIENTED_EDGE('',*,*,#2993,.T.);
#2115=ORIENTED_EDGE('',*,*,#2128,.T.);
#2116=ORIENTED_EDGE('',*,*,#2986,.F.);
#2117=ORIENTED_EDGE('',*,*,#2997,.F.);
#2118=ORIENTED_EDGE('',*,*,#2995,.T.);
#2119=ORIENTED_EDGE('',*,*,#2985,.T.);
#2120=ORIENTED_EDGE('',*,*,#2988,.T.);
#2121=ORIENTED_EDGE('',*,*,#2990,.T.);
#2122=ORIENTED_EDGE('',*,*,#2992,.T.);
#2123=ORIENTED_EDGE('',*,*,#2994,.T.);
#2124=ORIENTED_EDGE('',*,*,#2996,.T.);
#2125=ORIENTED_EDGE('',*,*,#2997,.T.);
#2126=EDGE_CURVE('',#2998,#2999,#3573,.T.);
#2127=EDGE_CURVE('',#3000,#2998,#3574,.T.);
#2128=EDGE_CURVE('',#3001,#3000,#182,.T.);
#2129=EDGE_CURVE('',#3002,#3001,#3575,.T.);
#2130=EDGE_CURVE('',#3003,#3002,#183,.T.);
#2131=EDGE_CURVE('',#3004,#3003,#3576,.T.);
#2132=EDGE_CURVE('',#2999,#3004,#184,.T.);
#2133=EDGE_CURVE('',#3005,#3005,#185,.T.);
#2134=EDGE_CURVE('',#3006,#3007,#3577,.T.);
#2135=EDGE_CURVE('',#3006,#3008,#3578,.T.);
#2136=EDGE_CURVE('',#3008,#3009,#3579,.T.);
#2137=EDGE_CURVE('',#3009,#3010,#3580,.T.);
#2138=EDGE_CURVE('',#3011,#3010,#3581,.T.);
#2139=EDGE_CURVE('',#3011,#3012,#3582,.T.);
#2140=EDGE_CURVE('',#3012,#3013,#3583,.T.);
#2141=EDGE_CURVE('',#3013,#3014,#186,.T.);
#2142=EDGE_CURVE('',#3014,#3015,#3584,.T.);
#2143=EDGE_CURVE('',#3015,#3016,#187,.T.);
#2144=EDGE_CURVE('',#3016,#3017,#3585,.T.);
#2145=EDGE_CURVE('',#3017,#3018,#188,.T.);
#2146=EDGE_CURVE('',#3018,#3019,#3586,.T.);
#2147=EDGE_CURVE('',#3019,#3020,#189,.T.);
#2148=EDGE_CURVE('',#3020,#3007,#3587,.T.);
#2149=EDGE_CURVE('',#3021,#3022,#3588,.T.);
#2150=EDGE_CURVE('',#3023,#3021,#3589,.T.);
#2151=EDGE_CURVE('',#3024,#3023,#3590,.T.);
#2152=EDGE_CURVE('',#3025,#3024,#3591,.T.);
#2153=EDGE_CURVE('',#3022,#3025,#3592,.T.);
#2154=EDGE_CURVE('',#3026,#3027,#150,.T.);
#2155=EDGE_CURVE('',#3028,#3026,#151,.T.);
#2156=EDGE_CURVE('',#3029,#3028,#3593,.T.);
#2157=EDGE_CURVE('',#3030,#3029,#152,.T.);
#2158=EDGE_CURVE('',#3031,#3030,#153,.T.);
#2159=EDGE_CURVE('',#3032,#3031,#3594,.T.);
#2160=EDGE_CURVE('',#3032,#3033,#3595,.T.);
#2161=EDGE_CURVE('',#3033,#3027,#3596,.T.);
#2162=EDGE_CURVE('',#3034,#3028,#14,.T.);
#2163=EDGE_CURVE('',#3035,#3034,#15,.F.);
#2164=EDGE_CURVE('',#3036,#3035,#16,.T.);
#2165=EDGE_CURVE('',#3029,#3036,#17,.T.);
#2166=EDGE_CURVE('',#3037,#3038,#18,.T.);
#2167=EDGE_CURVE('',#3039,#3037,#3597,.T.);
#2168=EDGE_CURVE('',#3040,#3039,#19,.T.);
#2169=EDGE_CURVE('',#3041,#3040,#20,.F.);
#2170=EDGE_CURVE('',#3038,#3041,#21,.T.);
#2171=EDGE_CURVE('',#3042,#3043,#190,.T.);
#2172=EDGE_CURVE('',#3043,#3044,#3598,.T.);
#2173=EDGE_CURVE('',#3045,#3044,#3599,.T.);
#2174=EDGE_CURVE('',#3045,#3046,#3600,.T.);
#2175=EDGE_CURVE('',#3047,#3046,#3601,.T.);
#2176=EDGE_CURVE('',#3048,#3047,#3602,.T.);
#2177=EDGE_CURVE('',#3049,#3048,#3603,.T.);
#2178=EDGE_CURVE('',#3050,#3049,#3604,.T.);
#2179=EDGE_CURVE('',#3050,#3051,#191,.T.);
#2180=EDGE_CURVE('',#3051,#3039,#192,.T.);
#2181=EDGE_CURVE('',#3037,#3042,#193,.T.);
#2182=EDGE_CURVE('',#3052,#3053,#154,.T.);
#2183=EDGE_CURVE('',#3054,#3052,#155,.T.);
#2184=EDGE_CURVE('',#3055,#3054,#3605,.T.);
#2185=EDGE_CURVE('',#3056,#3055,#156,.T.);
#2186=EDGE_CURVE('',#3057,#3056,#157,.T.);
#2187=EDGE_CURVE('',#3058,#3057,#3606,.T.);
#2188=EDGE_CURVE('',#3058,#3059,#3607,.T.);
#2189=EDGE_CURVE('',#3059,#3053,#3608,.T.);
#2190=EDGE_CURVE('',#3060,#3054,#22,.T.);
#2191=EDGE_CURVE('',#3061,#3060,#23,.F.);
#2192=EDGE_CURVE('',#3062,#3061,#24,.T.);
#2193=EDGE_CURVE('',#3055,#3062,#25,.T.);
#2194=EDGE_CURVE('',#3063,#3064,#26,.T.);
#2195=EDGE_CURVE('',#3065,#3063,#3609,.T.);
#2196=EDGE_CURVE('',#3066,#3065,#27,.T.);
#2197=EDGE_CURVE('',#3067,#3066,#28,.F.);
#2198=EDGE_CURVE('',#3064,#3067,#29,.T.);
#2199=EDGE_CURVE('',#3068,#3069,#194,.T.);
#2200=EDGE_CURVE('',#3069,#3070,#3610,.T.);
#2201=EDGE_CURVE('',#3071,#3070,#3611,.T.);
#2202=EDGE_CURVE('',#3071,#3072,#3612,.T.);
#2203=EDGE_CURVE('',#3073,#3072,#3613,.T.);
#2204=EDGE_CURVE('',#3074,#3073,#3614,.T.);
#2205=EDGE_CURVE('',#3075,#3074,#3615,.T.);
#2206=EDGE_CURVE('',#3076,#3075,#3616,.T.);
#2207=EDGE_CURVE('',#3076,#3077,#195,.T.);
#2208=EDGE_CURVE('',#3077,#3065,#196,.T.);
#2209=EDGE_CURVE('',#3063,#3068,#197,.T.);
#2210=EDGE_CURVE('',#3078,#3079,#3617,.T.);
#2211=EDGE_CURVE('',#3079,#3048,#3618,.T.);
#2212=EDGE_CURVE('',#3047,#3080,#198,.T.);
#2213=EDGE_CURVE('',#3080,#3081,#3619,.T.);
#2214=EDGE_CURVE('',#3081,#3082,#199,.T.);
#2215=EDGE_CURVE('',#3082,#3083,#3620,.T.);
#2216=EDGE_CURVE('',#3083,#3078,#3621,.T.);
#2217=EDGE_CURVE('',#3084,#3045,#3622,.T.);
#2218=EDGE_CURVE('',#3085,#3084,#3623,.T.);
#2219=EDGE_CURVE('',#3086,#3085,#3624,.T.);
#2220=EDGE_CURVE('',#3087,#3086,#3625,.T.);
#2221=EDGE_CURVE('',#3088,#3087,#200,.T.);
#2222=EDGE_CURVE('',#3089,#3088,#3626,.T.);
#2223=EDGE_CURVE('',#3046,#3089,#201,.T.);
#2224=EDGE_CURVE('',#3090,#3091,#3627,.T.);
#2225=EDGE_CURVE('',#3091,#3074,#3628,.T.);
#2226=EDGE_CURVE('',#3073,#3092,#202,.T.);
#2227=EDGE_CURVE('',#3092,#3093,#3629,.T.);
#2228=EDGE_CURVE('',#3093,#3094,#203,.T.);
#2229=EDGE_CURVE('',#3094,#3095,#3630,.T.);
#2230=EDGE_CURVE('',#3095,#3090,#3631,.T.);
#2231=EDGE_CURVE('',#3096,#3071,#3632,.T.);
#2232=EDGE_CURVE('',#3097,#3096,#3633,.T.);
#2233=EDGE_CURVE('',#3098,#3097,#3634,.T.);
#2234=EDGE_CURVE('',#3099,#3098,#3635,.T.);
#2235=EDGE_CURVE('',#3100,#3099,#204,.T.);
#2236=EDGE_CURVE('',#3101,#3100,#3636,.T.);
#2237=EDGE_CURVE('',#3072,#3101,#205,.T.);
#2238=EDGE_CURVE('',#3102,#3103,#3637,.T.);
#2239=EDGE_CURVE('',#3102,#3104,#3638,.T.);
#2240=EDGE_CURVE('',#3105,#3104,#3639,.T.);
#2241=EDGE_CURVE('',#3105,#3106,#3640,.T.);
#2242=EDGE_CURVE('',#3106,#3107,#3641,.T.);
#2243=EDGE_CURVE('',#3108,#3107,#3642,.T.);
#2244=EDGE_CURVE('',#3103,#3108,#3643,.T.);
#2245=EDGE_CURVE('',#3109,#3110,#3644,.T.);
#2246=EDGE_CURVE('',#3110,#3111,#3645,.T.);
#2247=EDGE_CURVE('',#3111,#3112,#206,.T.);
#2248=EDGE_CURVE('',#3112,#3113,#3646,.T.);
#2249=EDGE_CURVE('',#3114,#3113,#207,.T.);
#2250=EDGE_CURVE('',#3115,#3114,#3647,.T.);
#2251=EDGE_CURVE('',#3116,#3115,#208,.T.);
#2252=EDGE_CURVE('',#3109,#3116,#3648,.T.);
#2253=EDGE_CURVE('',#3117,#3118,#209,.T.);
#2254=EDGE_CURVE('',#3117,#3119,#3649,.T.);
#2255=EDGE_CURVE('',#3120,#3119,#210,.T.);
#2256=EDGE_CURVE('',#3118,#3120,#3650,.T.);
#2257=EDGE_CURVE('',#3121,#3122,#3651,.T.);
#2258=EDGE_CURVE('',#3122,#3123,#3652,.T.);
#2259=EDGE_CURVE('',#3123,#3124,#211,.T.);
#2260=EDGE_CURVE('',#3124,#3125,#3653,.T.);
#2261=EDGE_CURVE('',#3125,#3126,#3654,.T.);
#2262=EDGE_CURVE('',#3127,#3126,#3655,.T.);
#2263=EDGE_CURVE('',#3128,#3127,#212,.T.);
#2264=EDGE_CURVE('',#3121,#3128,#3656,.T.);
#2265=EDGE_CURVE('',#3129,#3130,#3657,.T.);
#2266=EDGE_CURVE('',#3130,#3131,#3658,.T.);
#2267=EDGE_CURVE('',#3131,#3132,#213,.T.);
#2268=EDGE_CURVE('',#3132,#3133,#3659,.T.);
#2269=EDGE_CURVE('',#3134,#3133,#3660,.T.);
#2270=EDGE_CURVE('',#3135,#3134,#3661,.T.);
#2271=EDGE_CURVE('',#3136,#3135,#214,.T.);
#2272=EDGE_CURVE('',#3129,#3136,#3662,.T.);
#2273=EDGE_CURVE('',#3137,#3108,#3663,.F.);
#2274=EDGE_CURVE('',#3107,#3138,#215,.T.);
#2275=EDGE_CURVE('',#3138,#3139,#3664,.T.);
#2276=EDGE_CURVE('',#3139,#3140,#3665,.T.);
#2277=EDGE_CURVE('',#3141,#3140,#3666,.T.);
#2278=EDGE_CURVE('',#3142,#3141,#216,.T.);
#2279=EDGE_CURVE('',#3137,#3142,#3667,.T.);
#2280=EDGE_CURVE('',#3143,#3126,#3668,.T.);
#2281=EDGE_CURVE('',#3144,#3143,#217,.T.);
#2282=EDGE_CURVE('',#3145,#3144,#3669,.T.);
#2283=EDGE_CURVE('',#3146,#3145,#218,.T.);
#2284=EDGE_CURVE('',#3147,#3146,#3670,.T.);
#2285=EDGE_CURVE('',#3148,#3147,#219,.T.);
#2286=EDGE_CURVE('',#3149,#3148,#3671,.T.);
#2287=EDGE_CURVE('',#3149,#3150,#220,.T.);
#2288=EDGE_CURVE('',#3151,#3150,#3672,.T.);
#2289=EDGE_CURVE('',#3152,#3151,#221,.T.);
#2290=EDGE_CURVE('',#3153,#3152,#3673,.T.);
#2291=EDGE_CURVE('',#3154,#3153,#222,.T.);
#2292=EDGE_CURVE('',#3155,#3154,#3674,.T.);
#2293=EDGE_CURVE('',#3155,#3156,#223,.T.);
#2294=EDGE_CURVE('',#3157,#3156,#3675,.T.);
#2295=EDGE_CURVE('',#3158,#3157,#224,.T.);
#2296=EDGE_CURVE('',#3158,#3129,#3676,.T.);
#2297=EDGE_CURVE('',#3019,#3136,#3677,.T.);
#2298=EDGE_CURVE('',#3018,#3127,#3678,.T.);
#2299=EDGE_CURVE('',#3159,#3160,#3679,.T.);
#2300=EDGE_CURVE('',#3161,#3159,#225,.T.);
#2301=EDGE_CURVE('',#3162,#3161,#3680,.T.);
#2302=EDGE_CURVE('',#3163,#3162,#226,.T.);
#2303=EDGE_CURVE('',#3164,#3163,#3681,.T.);
#2304=EDGE_CURVE('',#3165,#3164,#227,.T.);
#2305=EDGE_CURVE('',#3166,#3165,#3682,.T.);
#2306=EDGE_CURVE('',#3166,#3167,#228,.T.);
#2307=EDGE_CURVE('',#3168,#3167,#3683,.T.);
#2308=EDGE_CURVE('',#3169,#3168,#229,.T.);
#2309=EDGE_CURVE('',#3170,#3169,#3684,.T.);
#2310=EDGE_CURVE('',#3171,#3170,#230,.T.);
#2311=EDGE_CURVE('',#3172,#3171,#3685,.T.);
#2312=EDGE_CURVE('',#3172,#3173,#231,.T.);
#2313=EDGE_CURVE('',#3174,#3173,#3686,.T.);
#2314=EDGE_CURVE('',#3175,#3174,#232,.T.);
#2315=EDGE_CURVE('',#3175,#3176,#3687,.T.);
#2316=EDGE_CURVE('',#3160,#3176,#3688,.T.);
#2317=EDGE_CURVE('',#3177,#3178,#3689,.T.);
#2318=EDGE_CURVE('',#3179,#3177,#3690,.T.);
#2319=EDGE_CURVE('',#3179,#3159,#3691,.T.);
#2320=EDGE_CURVE('',#3178,#3159,#3692,.T.);
#2321=EDGE_CURVE('',#3180,#3181,#3693,.T.);
#2322=EDGE_CURVE('',#3175,#3180,#3694,.T.);
#2323=EDGE_CURVE('',#3182,#3175,#3695,.T.);
#2324=EDGE_CURVE('',#3181,#3182,#3696,.T.);
#2325=EDGE_CURVE('',#3183,#3184,#233,.T.);
#2326=EDGE_CURVE('',#3183,#3185,#3697,.T.);
#2327=EDGE_CURVE('',#3186,#3185,#234,.T.);
#2328=EDGE_CURVE('',#3184,#3186,#3698,.T.);
#2329=EDGE_CURVE('',#3187,#3188,#3699,.T.);
#2330=EDGE_CURVE('',#3189,#3187,#3700,.T.);
#2331=EDGE_CURVE('',#3189,#3143,#3701,.T.);
#2332=EDGE_CURVE('',#3188,#3143,#3702,.T.);
#2333=EDGE_CURVE('',#3190,#3191,#3703,.T.);
#2334=EDGE_CURVE('',#3158,#3190,#3704,.T.);
#2335=EDGE_CURVE('',#3192,#3158,#3705,.T.);
#2336=EDGE_CURVE('',#3191,#3192,#3706,.T.);
#2337=EDGE_CURVE('',#3193,#3194,#3707,.T.);
#2338=EDGE_CURVE('',#3194,#3195,#3708,.F.);
#2339=EDGE_CURVE('',#3196,#3195,#3709,.T.);
#2340=EDGE_CURVE('',#3197,#3196,#235,.T.);
#2341=EDGE_CURVE('',#3197,#3198,#3710,.T.);
#2342=EDGE_CURVE('',#3199,#3198,#236,.T.);
#2343=EDGE_CURVE('',#3199,#3200,#3711,.T.);
#2344=EDGE_CURVE('',#3201,#3200,#237,.T.);
#2345=EDGE_CURVE('',#3201,#3202,#3712,.T.);
#2346=EDGE_CURVE('',#3203,#3202,#238,.T.);
#2347=EDGE_CURVE('',#3204,#3203,#3713,.T.);
#2348=EDGE_CURVE('',#3204,#3193,#3714,.F.);
#2349=EDGE_CURVE('',#3205,#3206,#3715,.T.);
#2350=EDGE_CURVE('',#3205,#3207,#3716,.F.);
#2351=EDGE_CURVE('',#3207,#3012,#3717,.T.);
#2352=EDGE_CURVE('',#3208,#3011,#239,.T.);
#2353=EDGE_CURVE('',#3208,#3209,#3718,.T.);
#2354=EDGE_CURVE('',#3210,#3209,#240,.T.);
#2355=EDGE_CURVE('',#3210,#3211,#3719,.T.);
#2356=EDGE_CURVE('',#3212,#3211,#241,.T.);
#2357=EDGE_CURVE('',#3212,#3213,#3720,.T.);
#2358=EDGE_CURVE('',#3206,#3213,#242,.T.);
#2359=EDGE_CURVE('',#3214,#3215,#3721,.T.);
#2360=EDGE_CURVE('',#3214,#3216,#3722,.T.);
#2361=EDGE_CURVE('',#3216,#3217,#243,.T.);
#2362=EDGE_CURVE('',#3217,#3218,#3723,.T.);
#2363=EDGE_CURVE('',#3218,#3219,#244,.T.);
#2364=EDGE_CURVE('',#3219,#3220,#3724,.T.);
#2365=EDGE_CURVE('',#3215,#3220,#245,.T.);
#2366=EDGE_CURVE('',#3221,#3134,#3725,.T.);
#2367=EDGE_CURVE('',#3221,#3222,#3726,.T.);
#2368=EDGE_CURVE('',#3222,#3223,#3727,.T.);
#2369=EDGE_CURVE('',#3223,#3224,#158,.T.);
#2370=EDGE_CURVE('',#3224,#3225,#3728,.T.);
#2371=EDGE_CURVE('',#3225,#3226,#159,.T.);
#2372=EDGE_CURVE('',#3226,#3227,#3729,.T.);
#2373=EDGE_CURVE('',#3228,#3227,#160,.T.);
#2374=EDGE_CURVE('',#3228,#3229,#3730,.T.);
#2375=EDGE_CURVE('',#3230,#3229,#161,.T.);
#2376=EDGE_CURVE('',#3230,#3231,#3731,.T.);
#2377=EDGE_CURVE('',#3232,#3231,#162,.T.);
#2378=EDGE_CURVE('',#3232,#3233,#3732,.T.);
#2379=EDGE_CURVE('',#3234,#3233,#163,.T.);
#2380=EDGE_CURVE('',#3234,#3235,#3733,.T.);
#2381=EDGE_CURVE('',#3236,#3235,#164,.T.);
#2382=EDGE_CURVE('',#3236,#3237,#3734,.T.);
#2383=EDGE_CURVE('',#3238,#3237,#165,.T.);
#2384=EDGE_CURVE('',#3238,#3239,#3735,.T.);
#2385=EDGE_CURVE('',#3239,#3240,#166,.T.);
#2386=EDGE_CURVE('',#3240,#3241,#3736,.T.);
#2387=EDGE_CURVE('',#3241,#3242,#167,.T.);
#2388=EDGE_CURVE('',#3242,#3243,#3737,.T.);
#2389=EDGE_CURVE('',#3243,#3244,#3738,.T.);
#2390=EDGE_CURVE('',#3245,#3244,#3739,.T.);
#2391=EDGE_CURVE('',#3245,#3246,#3740,.T.);
#2392=EDGE_CURVE('',#3246,#3247,#3741,.T.);
#2393=EDGE_CURVE('',#3247,#3248,#168,.T.);
#2394=EDGE_CURVE('',#3248,#3249,#3742,.T.);
#2395=EDGE_CURVE('',#3249,#3250,#169,.T.);
#2396=EDGE_CURVE('',#3250,#3251,#3743,.T.);
#2397=EDGE_CURVE('',#3252,#3251,#170,.T.);
#2398=EDGE_CURVE('',#3252,#3253,#3744,.T.);
#2399=EDGE_CURVE('',#3254,#3253,#171,.T.);
#2400=EDGE_CURVE('',#3254,#3255,#3745,.T.);
#2401=EDGE_CURVE('',#3256,#3255,#172,.T.);
#2402=EDGE_CURVE('',#3256,#3257,#3746,.T.);
#2403=EDGE_CURVE('',#3258,#3257,#173,.T.);
#2404=EDGE_CURVE('',#3258,#3259,#3747,.T.);
#2405=EDGE_CURVE('',#3010,#3259,#174,.T.);
#2406=EDGE_CURVE('',#3260,#3009,#175,.T.);
#2407=EDGE_CURVE('',#3260,#3261,#3748,.T.);
#2408=EDGE_CURVE('',#3261,#3262,#176,.T.);
#2409=EDGE_CURVE('',#3262,#3263,#3749,.T.);
#2410=EDGE_CURVE('',#3263,#3264,#177,.T.);
#2411=EDGE_CURVE('',#3264,#3007,#3750,.T.);
#2412=EDGE_CURVE('',#3020,#3135,#3751,.T.);
#2413=EDGE_CURVE('',#3265,#3266,#3752,.T.);
#2414=EDGE_CURVE('',#3265,#3267,#3753,.T.);
#2415=EDGE_CURVE('',#3267,#3268,#3754,.T.);
#2416=EDGE_CURVE('',#3266,#3268,#3755,.T.);
#2417=EDGE_CURVE('',#3269,#3270,#3756,.T.);
#2418=EDGE_CURVE('',#3269,#3271,#3757,.T.);
#2419=EDGE_CURVE('',#3271,#3272,#3758,.T.);
#2420=EDGE_CURVE('',#3270,#3272,#3759,.T.);
#2421=EDGE_CURVE('',#3014,#3141,#3760,.T.);
#2422=EDGE_CURVE('',#3273,#3140,#3761,.T.);
#2423=EDGE_CURVE('',#3273,#3274,#3762,.T.);
#2424=EDGE_CURVE('',#3274,#3184,#3763,.T.);
#2425=EDGE_CURVE('',#3275,#3186,#3764,.T.);
#2426=EDGE_CURVE('',#3275,#3276,#3765,.T.);
#2427=EDGE_CURVE('',#3276,#3109,#3766,.T.);
#2428=EDGE_CURVE('',#3015,#3116,#3767,.T.);
#2429=EDGE_CURVE('',#3016,#3115,#3768,.T.);
#2430=EDGE_CURVE('',#3277,#3278,#3769,.T.);
#2431=EDGE_CURVE('',#3277,#3279,#3770,.T.);
#2432=EDGE_CURVE('',#3279,#3280,#3771,.T.);
#2433=EDGE_CURVE('',#3278,#3280,#3772,.T.);
#2434=EDGE_CURVE('',#3281,#3282,#3773,.T.);
#2435=EDGE_CURVE('',#3281,#3283,#3774,.T.);
#2436=EDGE_CURVE('',#3283,#3284,#3775,.T.);
#2437=EDGE_CURVE('',#3282,#3284,#3776,.T.);
#2438=EDGE_CURVE('',#3285,#3114,#3777,.T.);
#2439=EDGE_CURVE('',#3285,#3286,#3778,.T.);
#2440=EDGE_CURVE('',#3286,#3118,#3779,.T.);
#2441=EDGE_CURVE('',#3287,#3120,#3780,.T.);
#2442=EDGE_CURVE('',#3287,#3288,#3781,.T.);
#2443=EDGE_CURVE('',#3288,#3121,#3782,.T.);
#2444=EDGE_CURVE('',#3017,#3128,#3783,.T.);
#2445=EDGE_CURVE('',#3207,#3289,#3784,.T.);
#2446=EDGE_CURVE('',#3289,#3290,#3785,.T.);
#2447=EDGE_CURVE('',#3290,#3291,#3786,.T.);
#2448=EDGE_CURVE('',#3291,#3292,#246,.T.);
#2449=EDGE_CURVE('',#3292,#3293,#3787,.T.);
#2450=EDGE_CURVE('',#3293,#3194,#3788,.T.);
#2451=EDGE_CURVE('',#3193,#3294,#3789,.T.);
#2452=EDGE_CURVE('',#3294,#3295,#3790,.T.);
#2453=EDGE_CURVE('',#3295,#3296,#3791,.T.);
#2454=EDGE_CURVE('',#3296,#3297,#247,.T.);
#2455=EDGE_CURVE('',#3297,#3137,#3792,.T.);
#2456=EDGE_CURVE('',#3013,#3142,#3793,.T.);
#2457=EDGE_CURVE('',#3113,#3298,#248,.T.);
#2458=EDGE_CURVE('',#3299,#3298,#3794,.T.);
#2459=EDGE_CURVE('',#3285,#3299,#249,.T.);
#2460=EDGE_CURVE('',#3300,#3298,#250,.T.);
#2461=EDGE_CURVE('',#3301,#3300,#3795,.T.);
#2462=EDGE_CURVE('',#3301,#3299,#251,.T.);
#2463=EDGE_CURVE('',#3302,#3303,#3796,.T.);
#2464=EDGE_CURVE('',#3302,#3304,#3797,.T.);
#2465=EDGE_CURVE('',#3304,#3305,#3798,.T.);
#2466=EDGE_CURVE('',#3303,#3305,#3799,.T.);
#2467=EDGE_CURVE('',#3306,#3300,#3800,.T.);
#2468=EDGE_CURVE('',#3307,#3306,#3801,.T.);
#2469=EDGE_CURVE('',#3307,#3301,#3802,.T.);
#2470=EDGE_CURVE('',#3308,#3306,#252,.T.);
#2471=EDGE_CURVE('',#3309,#3308,#3803,.T.);
#2472=EDGE_CURVE('',#3309,#3307,#253,.T.);
#2473=EDGE_CURVE('',#3308,#3310,#254,.T.);
#2474=EDGE_CURVE('',#3311,#3310,#3804,.T.);
#2475=EDGE_CURVE('',#3309,#3311,#255,.T.);
#2476=EDGE_CURVE('',#3113,#3310,#3805,.T.);
#2477=EDGE_CURVE('',#3312,#3112,#3806,.T.);
#2478=EDGE_CURVE('',#3312,#3313,#3807,.T.);
#2479=EDGE_CURVE('',#3313,#3123,#3808,.T.);
#2480=EDGE_CURVE('',#3119,#3122,#3809,.T.);
#2481=EDGE_CURVE('',#3314,#3117,#3810,.T.);
#2482=EDGE_CURVE('',#3315,#3314,#3811,.T.);
#2483=EDGE_CURVE('',#3315,#3311,#3812,.T.);
#2484=EDGE_CURVE('',#3314,#3316,#256,.T.);
#2485=EDGE_CURVE('',#3317,#3316,#3813,.T.);
#2486=EDGE_CURVE('',#3315,#3317,#257,.T.);
#2487=EDGE_CURVE('',#3318,#3316,#258,.T.);
#2488=EDGE_CURVE('',#3319,#3318,#3814,.T.);
#2489=EDGE_CURVE('',#3319,#3317,#259,.T.);
#2490=EDGE_CURVE('',#3320,#3321,#3815,.T.);
#2491=EDGE_CURVE('',#3320,#3322,#3816,.T.);
#2492=EDGE_CURVE('',#3322,#3323,#3817,.T.);
#2493=EDGE_CURVE('',#3321,#3323,#3818,.T.);
#2494=EDGE_CURVE('',#3324,#3318,#3819,.T.);
#2495=EDGE_CURVE('',#3325,#3324,#3820,.T.);
#2496=EDGE_CURVE('',#3325,#3319,#3821,.T.);
#2497=EDGE_CURVE('',#3326,#3324,#260,.T.);
#2498=EDGE_CURVE('',#3327,#3326,#3822,.T.);
#2499=EDGE_CURVE('',#3327,#3325,#261,.T.);
#2500=EDGE_CURVE('',#3326,#3117,#262,.T.);
#2501=EDGE_CURVE('',#3327,#3286,#263,.T.);
#2502=EDGE_CURVE('',#3287,#3328,#264,.T.);
#2503=EDGE_CURVE('',#3329,#3328,#265,.T.);
#2504=EDGE_CURVE('',#3330,#3329,#3823,.T.);
#2505=EDGE_CURVE('',#3331,#3330,#266,.T.);
#2506=EDGE_CURVE('',#3288,#3331,#3824,.T.);
#2507=EDGE_CURVE('',#3331,#3332,#3825,.T.);
#2508=EDGE_CURVE('',#3122,#3332,#3826,.T.);
#2509=EDGE_CURVE('',#3332,#3333,#267,.T.);
#2510=EDGE_CURVE('',#3330,#3333,#3827,.T.);
#2511=EDGE_CURVE('',#3333,#3334,#3828,.T.);
#2512=EDGE_CURVE('',#3329,#3334,#3829,.T.);
#2513=EDGE_CURVE('',#3334,#3335,#268,.T.);
#2514=EDGE_CURVE('',#3328,#3335,#3830,.T.);
#2515=EDGE_CURVE('',#3119,#3335,#269,.T.);
#2516=EDGE_CURVE('',#3336,#3337,#270,.T.);
#2517=EDGE_CURVE('',#3338,#3336,#3831,.T.);
#2518=EDGE_CURVE('',#3338,#3339,#271,.T.);
#2519=EDGE_CURVE('',#3339,#3337,#3832,.T.);
#2520=EDGE_CURVE('',#3337,#3340,#3833,.T.);
#2521=EDGE_CURVE('',#3339,#3341,#3834,.T.);
#2522=EDGE_CURVE('',#3341,#3340,#3835,.T.);
#2523=EDGE_CURVE('',#3340,#3342,#272,.T.);
#2524=EDGE_CURVE('',#3341,#3343,#273,.T.);
#2525=EDGE_CURVE('',#3343,#3342,#3836,.T.);
#2526=EDGE_CURVE('',#3281,#3343,#274,.T.);
#2527=EDGE_CURVE('',#3283,#3338,#3837,.T.);
#2528=EDGE_CURVE('',#3284,#3336,#3838,.T.);
#2529=EDGE_CURVE('',#3282,#3342,#275,.T.);
#2530=EDGE_CURVE('',#3277,#3344,#276,.T.);
#2531=EDGE_CURVE('',#3345,#3344,#277,.T.);
#2532=EDGE_CURVE('',#3346,#3345,#3839,.T.);
#2533=EDGE_CURVE('',#3347,#3346,#278,.T.);
#2534=EDGE_CURVE('',#3347,#3348,#279,.T.);
#2535=EDGE_CURVE('',#3349,#3348,#3840,.T.);
#2536=EDGE_CURVE('',#3349,#3350,#280,.T.);
#2537=EDGE_CURVE('',#3351,#3350,#281,.T.);
#2538=EDGE_CURVE('',#3352,#3351,#3841,.T.);
#2539=EDGE_CURVE('',#3353,#3352,#282,.T.);
#2540=EDGE_CURVE('',#3353,#3279,#283,.T.);
#2541=EDGE_CURVE('',#3354,#3280,#284,.T.);
#2542=EDGE_CURVE('',#3354,#3355,#285,.T.);
#2543=EDGE_CURVE('',#3355,#3356,#3842,.T.);
#2544=EDGE_CURVE('',#3356,#3357,#286,.T.);
#2545=EDGE_CURVE('',#3358,#3357,#287,.T.);
#2546=EDGE_CURVE('',#3358,#3359,#3843,.T.);
#2547=EDGE_CURVE('',#3360,#3359,#288,.T.);
#2548=EDGE_CURVE('',#3360,#3361,#289,.T.);
#2549=EDGE_CURVE('',#3361,#3362,#3844,.T.);
#2550=EDGE_CURVE('',#3362,#3363,#290,.T.);
#2551=EDGE_CURVE('',#3278,#3363,#291,.T.);
#2552=EDGE_CURVE('',#3353,#3354,#3845,.T.);
#2553=EDGE_CURVE('',#3352,#3355,#3846,.T.);
#2554=EDGE_CURVE('',#3364,#3365,#3847,.T.);
#2555=EDGE_CURVE('',#3364,#3366,#3848,.T.);
#2556=EDGE_CURVE('',#3366,#3367,#3849,.T.);
#2557=EDGE_CURVE('',#3365,#3367,#3850,.T.);
#2558=EDGE_CURVE('',#3351,#3356,#3851,.T.);
#2559=EDGE_CURVE('',#3350,#3357,#3852,.T.);
#2560=EDGE_CURVE('',#3349,#3358,#3853,.T.);
#2561=EDGE_CURVE('',#3348,#3359,#3854,.T.);
#2562=EDGE_CURVE('',#3347,#3360,#3855,.T.);
#2563=EDGE_CURVE('',#3346,#3361,#3856,.T.);
#2564=EDGE_CURVE('',#3368,#3369,#3857,.T.);
#2565=EDGE_CURVE('',#3368,#3370,#3858,.T.);
#2566=EDGE_CURVE('',#3370,#3371,#3859,.T.);
#2567=EDGE_CURVE('',#3369,#3371,#3860,.T.);
#2568=EDGE_CURVE('',#3345,#3362,#3861,.T.);
#2569=EDGE_CURVE('',#3344,#3363,#3862,.T.);
#2570=EDGE_CURVE('',#3275,#3372,#292,.T.);
#2571=EDGE_CURVE('',#3373,#3372,#293,.T.);
#2572=EDGE_CURVE('',#3374,#3373,#3863,.T.);
#2573=EDGE_CURVE('',#3375,#3374,#294,.T.);
#2574=EDGE_CURVE('',#3375,#3376,#295,.T.);
#2575=EDGE_CURVE('',#3377,#3376,#3864,.T.);
#2576=EDGE_CURVE('',#3377,#3378,#296,.T.);
#2577=EDGE_CURVE('',#3379,#3378,#3865,.T.);
#2578=EDGE_CURVE('',#3380,#3379,#3866,.T.);
#2579=EDGE_CURVE('',#3380,#3381,#297,.T.);
#2580=EDGE_CURVE('',#3382,#3381,#298,.T.);
#2581=EDGE_CURVE('',#3276,#3382,#3867,.T.);
#2582=EDGE_CURVE('',#3185,#3383,#299,.T.);
#2583=EDGE_CURVE('',#3372,#3383,#3868,.T.);
#2584=EDGE_CURVE('',#3382,#3384,#3869,.T.);
#2585=EDGE_CURVE('',#3110,#3384,#3870,.T.);
#2586=EDGE_CURVE('',#3385,#3383,#300,.T.);
#2587=EDGE_CURVE('',#3373,#3385,#3871,.T.);
#2588=EDGE_CURVE('',#3386,#3385,#3872,.T.);
#2589=EDGE_CURVE('',#3374,#3386,#3873,.T.);
#2590=EDGE_CURVE('',#3387,#3386,#301,.T.);
#2591=EDGE_CURVE('',#3375,#3387,#3874,.T.);
#2592=EDGE_CURVE('',#3387,#3388,#302,.T.);
#2593=EDGE_CURVE('',#3376,#3388,#3875,.T.);
#2594=EDGE_CURVE('',#3389,#3388,#3876,.T.);
#2595=EDGE_CURVE('',#3390,#3389,#3877,.T.);
#2596=EDGE_CURVE('',#3390,#3391,#3878,.T.);
#2597=EDGE_CURVE('',#3391,#3111,#3879,.T.);
#2598=EDGE_CURVE('',#3392,#3110,#3880,.T.);
#2599=EDGE_CURVE('',#3377,#3392,#3881,.T.);
#2600=EDGE_CURVE('',#3392,#3393,#303,.T.);
#2601=EDGE_CURVE('',#3378,#3393,#3882,.T.);
#2602=EDGE_CURVE('',#3394,#3393,#3883,.T.);
#2603=EDGE_CURVE('',#3379,#3394,#3884,.T.);
#2604=EDGE_CURVE('',#3395,#3394,#3885,.T.);
#2605=EDGE_CURVE('',#3380,#3395,#3886,.T.);
#2606=EDGE_CURVE('',#3395,#3396,#304,.T.);
#2607=EDGE_CURVE('',#3381,#3396,#3887,.T.);
#2608=EDGE_CURVE('',#3384,#3396,#305,.T.);
#2609=EDGE_CURVE('',#3397,#3273,#3888,.T.);
#2610=EDGE_CURVE('',#3398,#3397,#306,.T.);
#2611=EDGE_CURVE('',#3399,#3398,#3889,.T.);
#2612=EDGE_CURVE('',#3400,#3399,#307,.T.);
#2613=EDGE_CURVE('',#3400,#3274,#308,.T.);
#2614=EDGE_CURVE('',#3401,#3183,#309,.T.);
#2615=EDGE_CURVE('',#3400,#3401,#3890,.T.);
#2616=EDGE_CURVE('',#3401,#3402,#310,.T.);
#2617=EDGE_CURVE('',#3399,#3402,#3891,.T.);
#2618=EDGE_CURVE('',#3402,#3403,#3892,.T.);
#2619=EDGE_CURVE('',#3398,#3403,#3893,.T.);
#2620=EDGE_CURVE('',#3403,#3404,#311,.T.);
#2621=EDGE_CURVE('',#3397,#3404,#3894,.T.);
#2622=EDGE_CURVE('',#3404,#3139,#3895,.T.);
#2623=EDGE_CURVE('',#3405,#3406,#312,.T.);
#2624=EDGE_CURVE('',#3407,#3405,#3896,.T.);
#2625=EDGE_CURVE('',#3407,#3408,#313,.T.);
#2626=EDGE_CURVE('',#3408,#3406,#3897,.T.);
#2627=EDGE_CURVE('',#3409,#3406,#314,.T.);
#2628=EDGE_CURVE('',#3410,#3408,#315,.T.);
#2629=EDGE_CURVE('',#3410,#3409,#3898,.T.);
#2630=EDGE_CURVE('',#3409,#3411,#3899,.T.);
#2631=EDGE_CURVE('',#3410,#3412,#3900,.T.);
#2632=EDGE_CURVE('',#3412,#3411,#3901,.T.);
#2633=EDGE_CURVE('',#3411,#3413,#3902,.T.);
#2634=EDGE_CURVE('',#3412,#3414,#3903,.T.);
#2635=EDGE_CURVE('',#3414,#3413,#3904,.T.);
#2636=EDGE_CURVE('',#3415,#3413,#316,.T.);
#2637=EDGE_CURVE('',#3416,#3414,#317,.T.);
#2638=EDGE_CURVE('',#3416,#3415,#3905,.T.);
#2639=EDGE_CURVE('',#3415,#3417,#3906,.T.);
#2640=EDGE_CURVE('',#3416,#3418,#3907,.T.);
#2641=EDGE_CURVE('',#3418,#3417,#3908,.T.);
#2642=EDGE_CURVE('',#3419,#3417,#318,.T.);
#2643=EDGE_CURVE('',#3420,#3418,#319,.T.);
#2644=EDGE_CURVE('',#3420,#3419,#3909,.T.);
#2645=EDGE_CURVE('',#3419,#3421,#320,.T.);
#2646=EDGE_CURVE('',#3420,#3422,#321,.T.);
#2647=EDGE_CURVE('',#3422,#3421,#3910,.T.);
#2648=EDGE_CURVE('',#3421,#3423,#3911,.T.);
#2649=EDGE_CURVE('',#3422,#3424,#3912,.T.);
#2650=EDGE_CURVE('',#3424,#3423,#3913,.T.);
#2651=EDGE_CURVE('',#3423,#3425,#322,.T.);
#2652=EDGE_CURVE('',#3424,#3426,#323,.T.);
#2653=EDGE_CURVE('',#3426,#3425,#3914,.T.);
#2654=EDGE_CURVE('',#3269,#3426,#324,.T.);
#2655=EDGE_CURVE('',#3271,#3407,#3915,.T.);
#2656=EDGE_CURVE('',#3272,#3405,#3916,.T.);
#2657=EDGE_CURVE('',#3270,#3425,#325,.T.);
#2658=EDGE_CURVE('',#3427,#3265,#3917,.T.);
#2659=EDGE_CURVE('',#3428,#3427,#326,.T.);
#2660=EDGE_CURVE('',#3429,#3428,#3918,.T.);
#2661=EDGE_CURVE('',#3430,#3429,#327,.T.);
#2662=EDGE_CURVE('',#3430,#3267,#328,.T.);
#2663=EDGE_CURVE('',#3431,#3268,#329,.T.);
#2664=EDGE_CURVE('',#3431,#3432,#330,.T.);
#2665=EDGE_CURVE('',#3432,#3433,#3919,.T.);
#2666=EDGE_CURVE('',#3433,#3434,#331,.T.);
#2667=EDGE_CURVE('',#3434,#3266,#3920,.T.);
#2668=EDGE_CURVE('',#3430,#3431,#3921,.T.);
#2669=EDGE_CURVE('',#3429,#3432,#3922,.T.);
#2670=EDGE_CURVE('',#3428,#3433,#3923,.T.);
#2671=EDGE_CURVE('',#3427,#3434,#3924,.T.);
#2672=EDGE_CURVE('',#3435,#3436,#3925,.T.);
#2673=EDGE_CURVE('',#3437,#3435,#332,.T.);
#2674=EDGE_CURVE('',#3437,#3438,#3926,.T.);
#2675=EDGE_CURVE('',#3438,#3439,#333,.T.);
#2676=EDGE_CURVE('',#3439,#3440,#3927,.T.);
#2677=EDGE_CURVE('',#3440,#3441,#334,.T.);
#2678=EDGE_CURVE('',#3441,#3436,#3928,.T.);
#2679=EDGE_CURVE('',#3208,#3259,#3929,.T.);
#2680=EDGE_CURVE('',#3246,#3436,#3930,.T.);
#2681=EDGE_CURVE('',#3441,#3247,#3931,.T.);
#2682=EDGE_CURVE('',#3440,#3248,#3932,.T.);
#2683=EDGE_CURVE('',#3439,#3249,#3933,.T.);
#2684=EDGE_CURVE('',#3438,#3250,#3934,.T.);
#2685=EDGE_CURVE('',#3437,#3251,#3935,.T.);
#2686=EDGE_CURVE('',#3435,#3252,#3936,.T.);
#2687=EDGE_CURVE('',#3442,#3443,#3937,.T.);
#2688=EDGE_CURVE('',#3443,#3205,#3938,.T.);
#2689=EDGE_CURVE('',#3206,#3253,#3939,.T.);
#2690=EDGE_CURVE('',#3442,#3245,#3940,.T.);
#2691=EDGE_CURVE('',#3213,#3254,#3941,.T.);
#2692=EDGE_CURVE('',#3212,#3255,#3942,.T.);
#2693=EDGE_CURVE('',#3211,#3256,#3943,.T.);
#2694=EDGE_CURVE('',#3210,#3257,#3944,.T.);
#2695=EDGE_CURVE('',#3209,#3258,#3945,.T.);
#2696=EDGE_CURVE('',#3444,#3263,#3946,.T.);
#2697=EDGE_CURVE('',#3445,#3444,#335,.T.);
#2698=EDGE_CURVE('',#3445,#3264,#3947,.T.);
#2699=EDGE_CURVE('',#3446,#3262,#3948,.T.);
#2700=EDGE_CURVE('',#3444,#3446,#3949,.T.);
#2701=EDGE_CURVE('',#3447,#3261,#3950,.T.);
#2702=EDGE_CURVE('',#3446,#3447,#336,.T.);
#2703=EDGE_CURVE('',#3448,#3260,#3951,.T.);
#2704=EDGE_CURVE('',#3447,#3448,#3952,.T.);
#2705=EDGE_CURVE('',#3006,#3445,#3953,.T.);
#2706=EDGE_CURVE('',#3008,#3448,#337,.T.);
#2707=EDGE_CURVE('',#3214,#3243,#3954,.T.);
#2708=EDGE_CURVE('',#3216,#3242,#3955,.T.);
#2709=EDGE_CURVE('',#3217,#3241,#3956,.T.);
#2710=EDGE_CURVE('',#3218,#3240,#3957,.T.);
#2711=EDGE_CURVE('',#3219,#3239,#3958,.T.);
#2712=EDGE_CURVE('',#3220,#3238,#3959,.T.);
#2713=EDGE_CURVE('',#3215,#3237,#3960,.T.);
#2714=EDGE_CURVE('',#3195,#3449,#3961,.T.);
#2715=EDGE_CURVE('',#3450,#3449,#3962,.T.);
#2716=EDGE_CURVE('',#3244,#3450,#3963,.T.);
#2717=EDGE_CURVE('',#3196,#3236,#3964,.T.);
#2718=EDGE_CURVE('',#3197,#3235,#3965,.T.);
#2719=EDGE_CURVE('',#3198,#3234,#3966,.T.);
#2720=EDGE_CURVE('',#3199,#3233,#3967,.T.);
#2721=EDGE_CURVE('',#3200,#3232,#3968,.T.);
#2722=EDGE_CURVE('',#3201,#3231,#3969,.T.);
#2723=EDGE_CURVE('',#3202,#3230,#3970,.T.);
#2724=EDGE_CURVE('',#3203,#3229,#3971,.T.);
#2725=EDGE_CURVE('',#3451,#3452,#3972,.T.);
#2726=EDGE_CURVE('',#3452,#3204,#3973,.T.);
#2727=EDGE_CURVE('',#3453,#3228,#3974,.T.);
#2728=EDGE_CURVE('',#3453,#3454,#3975,.T.);
#2729=EDGE_CURVE('',#3222,#3454,#3976,.T.);
#2730=EDGE_CURVE('',#3451,#3221,#3977,.T.);
#2731=EDGE_CURVE('',#3455,#3227,#3978,.T.);
#2732=EDGE_CURVE('',#3455,#3453,#338,.T.);
#2733=EDGE_CURVE('',#3456,#3226,#3979,.T.);
#2734=EDGE_CURVE('',#3455,#3456,#3980,.T.);
#2735=EDGE_CURVE('',#3457,#3225,#3981,.T.);
#2736=EDGE_CURVE('',#3456,#3457,#339,.T.);
#2737=EDGE_CURVE('',#3458,#3224,#3982,.T.);
#2738=EDGE_CURVE('',#3457,#3458,#3983,.T.);
#2739=EDGE_CURVE('',#3459,#3223,#3984,.T.);
#2740=EDGE_CURVE('',#3458,#3459,#340,.T.);
#2741=EDGE_CURVE('',#3459,#3454,#3985,.T.);
#2742=EDGE_CURVE('',#3082,#3087,#3986,.T.);
#2743=EDGE_CURVE('',#3086,#3083,#3987,.T.);
#2744=EDGE_CURVE('',#3450,#3460,#3988,.T.);
#2745=EDGE_CURVE('',#3460,#3461,#341,.T.);
#2746=EDGE_CURVE('',#3461,#3462,#3989,.T.);
#2747=EDGE_CURVE('',#3462,#3442,#3990,.T.);
#2748=EDGE_CURVE('',#3449,#3463,#3991,.T.);
#2749=EDGE_CURVE('',#3460,#3463,#3992,.T.);
#2750=EDGE_CURVE('',#3463,#3464,#342,.F.);
#2751=EDGE_CURVE('',#3461,#3464,#3993,.T.);
#2752=EDGE_CURVE('',#3464,#3465,#3994,.T.);
#2753=EDGE_CURVE('',#3462,#3465,#3995,.T.);
#2754=EDGE_CURVE('',#3465,#3443,#3996,.T.);
#2755=EDGE_CURVE('',#3094,#3099,#3997,.T.);
#2756=EDGE_CURVE('',#3098,#3095,#3998,.T.);
#2757=EDGE_CURVE('',#3466,#3133,#3999,.T.);
#2758=EDGE_CURVE('',#3466,#3467,#4000,.T.);
#2759=EDGE_CURVE('',#3467,#3468,#343,.T.);
#2760=EDGE_CURVE('',#3468,#3469,#4001,.T.);
#2761=EDGE_CURVE('',#3469,#3451,#4002,.T.);
#2762=EDGE_CURVE('',#3466,#3470,#4003,.T.);
#2763=EDGE_CURVE('',#3470,#3471,#4004,.T.);
#2764=EDGE_CURVE('',#3467,#3471,#4005,.T.);
#2765=EDGE_CURVE('',#3471,#3472,#344,.F.);
#2766=EDGE_CURVE('',#3468,#3472,#4006,.T.);
#2767=EDGE_CURVE('',#3472,#3473,#4007,.T.);
#2768=EDGE_CURVE('',#3469,#3473,#4008,.T.);
#2769=EDGE_CURVE('',#3473,#3452,#4009,.T.);
#2770=EDGE_CURVE('',#3449,#3293,#4010,.F.);
#2771=EDGE_CURVE('',#3463,#3292,#4011,.T.);
#2772=EDGE_CURVE('',#3464,#3291,#4012,.T.);
#2773=EDGE_CURVE('',#3465,#3290,#4013,.F.);
#2774=EDGE_CURVE('',#3443,#3289,#4014,.F.);
#2775=EDGE_CURVE('',#3294,#3452,#4015,.F.);
#2776=EDGE_CURVE('',#3295,#3473,#4016,.F.);
#2777=EDGE_CURVE('',#3296,#3472,#4017,.T.);
#2778=EDGE_CURVE('',#3297,#3471,#4018,.T.);
#2779=EDGE_CURVE('',#3108,#3470,#4019,.F.);
#2780=EDGE_CURVE('',#3474,#3146,#4020,.T.);
#2781=EDGE_CURVE('',#3475,#3474,#4021,.T.);
#2782=EDGE_CURVE('',#3475,#3147,#4022,.T.);
#2783=EDGE_CURVE('',#3476,#3145,#4023,.T.);
#2784=EDGE_CURVE('',#3474,#3476,#345,.T.);
#2785=EDGE_CURVE('',#3477,#3144,#4024,.T.);
#2786=EDGE_CURVE('',#3476,#3477,#4025,.T.);
#2787=EDGE_CURVE('',#3477,#3189,#346,.T.);
#2788=EDGE_CURVE('',#3478,#3157,#4026,.T.);
#2789=EDGE_CURVE('',#3192,#3478,#347,.T.);
#2790=EDGE_CURVE('',#3479,#3156,#4027,.T.);
#2791=EDGE_CURVE('',#3478,#3479,#4028,.T.);
#2792=EDGE_CURVE('',#3480,#3155,#4029,.T.);
#2793=EDGE_CURVE('',#3480,#3479,#348,.T.);
#2794=EDGE_CURVE('',#3481,#3154,#4030,.T.);
#2795=EDGE_CURVE('',#3480,#3481,#4031,.T.);
#2796=EDGE_CURVE('',#3482,#3153,#4032,.T.);
#2797=EDGE_CURVE('',#3481,#3482,#349,.T.);
#2798=EDGE_CURVE('',#3483,#3152,#4033,.T.);
#2799=EDGE_CURVE('',#3482,#3483,#4034,.T.);
#2800=EDGE_CURVE('',#3484,#3151,#4035,.T.);
#2801=EDGE_CURVE('',#3483,#3484,#350,.T.);
#2802=EDGE_CURVE('',#3485,#3150,#4036,.T.);
#2803=EDGE_CURVE('',#3484,#3485,#4037,.T.);
#2804=EDGE_CURVE('',#3486,#3149,#4038,.T.);
#2805=EDGE_CURVE('',#3486,#3485,#351,.T.);
#2806=EDGE_CURVE('',#3487,#3148,#4039,.T.);
#2807=EDGE_CURVE('',#3486,#3487,#4040,.T.);
#2808=EDGE_CURVE('',#3487,#3475,#352,.T.);
#2809=EDGE_CURVE('',#3187,#3488,#4041,.T.);
#2810=EDGE_CURVE('',#3489,#3488,#4042,.T.);
#2811=EDGE_CURVE('',#3191,#3489,#4043,.T.);
#2812=EDGE_CURVE('',#3490,#3163,#4044,.T.);
#2813=EDGE_CURVE('',#3491,#3490,#4045,.T.);
#2814=EDGE_CURVE('',#3491,#3164,#4046,.T.);
#2815=EDGE_CURVE('',#3492,#3162,#4047,.T.);
#2816=EDGE_CURVE('',#3490,#3492,#353,.T.);
#2817=EDGE_CURVE('',#3493,#3161,#4048,.T.);
#2818=EDGE_CURVE('',#3492,#3493,#4049,.T.);
#2819=EDGE_CURVE('',#3493,#3179,#354,.T.);
#2820=EDGE_CURVE('',#3494,#3174,#4050,.T.);
#2821=EDGE_CURVE('',#3182,#3494,#355,.T.);
#2822=EDGE_CURVE('',#3495,#3173,#4051,.T.);
#2823=EDGE_CURVE('',#3494,#3495,#4052,.T.);
#2824=EDGE_CURVE('',#3496,#3172,#4053,.T.);
#2825=EDGE_CURVE('',#3496,#3495,#356,.T.);
#2826=EDGE_CURVE('',#3497,#3171,#4054,.T.);
#2827=EDGE_CURVE('',#3496,#3497,#4055,.T.);
#2828=EDGE_CURVE('',#3498,#3170,#4056,.T.);
#2829=EDGE_CURVE('',#3497,#3498,#357,.T.);
#2830=EDGE_CURVE('',#3499,#3169,#4057,.T.);
#2831=EDGE_CURVE('',#3498,#3499,#4058,.T.);
#2832=EDGE_CURVE('',#3500,#3168,#4059,.T.);
#2833=EDGE_CURVE('',#3499,#3500,#358,.T.);
#2834=EDGE_CURVE('',#3501,#3167,#4060,.T.);
#2835=EDGE_CURVE('',#3500,#3501,#4061,.T.);
#2836=EDGE_CURVE('',#3502,#3166,#4062,.T.);
#2837=EDGE_CURVE('',#3502,#3501,#359,.T.);
#2838=EDGE_CURVE('',#3503,#3165,#4063,.T.);
#2839=EDGE_CURVE('',#3502,#3503,#4064,.T.);
#2840=EDGE_CURVE('',#3503,#3491,#360,.T.);
#2841=EDGE_CURVE('',#3177,#3504,#4065,.T.);
#2842=EDGE_CURVE('',#3505,#3504,#4066,.T.);
#2843=EDGE_CURVE('',#3181,#3505,#4067,.T.);
#2844=EDGE_CURVE('',#3506,#3125,#4068,.T.);
#2845=EDGE_CURVE('',#3188,#3506,#4069,.T.);
#2846=EDGE_CURVE('',#3190,#3507,#4070,.T.);
#2847=EDGE_CURVE('',#3130,#3507,#4071,.T.);
#2848=EDGE_CURVE('',#3507,#3489,#4072,.T.);
#2849=EDGE_CURVE('',#3488,#3506,#4073,.T.);
#2850=EDGE_CURVE('',#3508,#3160,#4074,.T.);
#2851=EDGE_CURVE('',#3178,#3508,#4075,.T.);
#2852=EDGE_CURVE('',#3180,#3509,#4076,.T.);
#2853=EDGE_CURVE('',#3176,#3509,#4077,.T.);
#2854=EDGE_CURVE('',#3509,#3505,#4078,.T.);
#2855=EDGE_CURVE('',#3504,#3508,#4079,.T.);
#2856=EDGE_CURVE('',#3185,#3510,#4080,.T.);
#2857=EDGE_CURVE('',#3511,#3510,#361,.T.);
#2858=EDGE_CURVE('',#3511,#3512,#4081,.T.);
#2859=EDGE_CURVE('',#3389,#3512,#362,.T.);
#2860=EDGE_CURVE('',#3139,#3183,#4082,.T.);
#2861=EDGE_CURVE('',#3513,#3514,#4083,.T.);
#2862=EDGE_CURVE('',#3513,#3515,#4084,.T.);
#2863=EDGE_CURVE('',#3515,#3516,#4085,.T.);
#2864=EDGE_CURVE('',#3516,#3517,#4086,.T.);
#2865=EDGE_CURVE('',#3518,#3517,#4087,.T.);
#2866=EDGE_CURVE('',#3518,#3103,#4088,.T.);
#2867=EDGE_CURVE('',#3133,#3514,#4089,.T.);
#2868=EDGE_CURVE('',#3391,#3312,#363,.T.);
#2869=EDGE_CURVE('',#3313,#3519,#364,.T.);
#2870=EDGE_CURVE('',#3519,#3124,#4090,.T.);
#2871=EDGE_CURVE('',#3519,#3520,#4091,.T.);
#2872=EDGE_CURVE('',#3520,#3131,#4092,.T.);
#2873=EDGE_CURVE('',#3125,#3130,#4093,.T.);
#2874=EDGE_CURVE('',#3520,#3521,#365,.T.);
#2875=EDGE_CURVE('',#3521,#3132,#4094,.T.);
#2876=EDGE_CURVE('',#3514,#3522,#4095,.T.);
#2877=EDGE_CURVE('',#3521,#3523,#4096,.T.);
#2878=EDGE_CURVE('',#3523,#3524,#4097,.T.);
#2879=EDGE_CURVE('',#3517,#3524,#4098,.T.);
#2880=EDGE_CURVE('',#3516,#3525,#178,.T.);
#2881=EDGE_CURVE('',#3526,#3525,#4099,.T.);
#2882=EDGE_CURVE('',#3527,#3526,#179,.T.);
#2883=EDGE_CURVE('',#3528,#3527,#4100,.T.);
#2884=EDGE_CURVE('',#3522,#3528,#180,.T.);
#2885=EDGE_CURVE('',#3524,#3529,#181,.F.);
#2886=EDGE_CURVE('',#3523,#3105,#366,.T.);
#2887=EDGE_CURVE('',#3104,#3529,#30,.F.);
#2888=EDGE_CURVE('',#3106,#3530,#367,.T.);
#2889=EDGE_CURVE('',#3530,#3138,#4101,.T.);
#2890=EDGE_CURVE('',#3530,#3531,#4102,.T.);
#2891=EDGE_CURVE('',#3531,#3510,#4103,.T.);
#2892=EDGE_CURVE('',#3532,#3531,#368,.T.);
#2893=EDGE_CURVE('',#3532,#3511,#4104,.T.);
#2894=EDGE_CURVE('',#3532,#3533,#4105,.T.);
#2895=EDGE_CURVE('',#3533,#3512,#4106,.T.);
#2896=EDGE_CURVE('',#3390,#3533,#369,.T.);
#2897=EDGE_CURVE('',#3518,#3534,#4107,.T.);
#2898=EDGE_CURVE('',#3102,#3534,#370,.T.);
#2899=EDGE_CURVE('',#3534,#3529,#4108,.T.);
#2900=EDGE_CURVE('',#3513,#3535,#4109,.T.);
#2901=EDGE_CURVE('',#3535,#3536,#371,.T.);
#2902=EDGE_CURVE('',#3536,#3537,#4110,.T.);
#2903=EDGE_CURVE('',#3537,#3538,#372,.T.);
#2904=EDGE_CURVE('',#3538,#3539,#4111,.T.);
#2905=EDGE_CURVE('',#3515,#3539,#373,.T.);
#2906=EDGE_CURVE('',#3535,#3522,#4112,.T.);
#2907=EDGE_CURVE('',#3536,#3528,#4113,.T.);
#2908=EDGE_CURVE('',#3537,#3527,#4114,.T.);
#2909=EDGE_CURVE('',#3538,#3526,#4115,.T.);
#2910=EDGE_CURVE('',#3539,#3525,#4116,.T.);
#2911=EDGE_CURVE('',#3367,#3540,#4117,.T.);
#2912=EDGE_CURVE('',#3541,#3540,#4118,.T.);
#2913=EDGE_CURVE('',#3365,#3541,#4119,.T.);
#2914=EDGE_CURVE('',#3540,#3542,#4120,.T.);
#2915=EDGE_CURVE('',#3543,#3542,#4121,.T.);
#2916=EDGE_CURVE('',#3541,#3543,#4122,.T.);
#2917=EDGE_CURVE('',#3542,#3366,#4123,.T.);
#2918=EDGE_CURVE('',#3543,#3364,#4124,.T.);
#2919=EDGE_CURVE('',#3323,#3544,#4125,.T.);
#2920=EDGE_CURVE('',#3545,#3544,#4126,.T.);
#2921=EDGE_CURVE('',#3321,#3545,#4127,.T.);
#2922=EDGE_CURVE('',#3544,#3546,#4128,.T.);
#2923=EDGE_CURVE('',#3547,#3546,#4129,.T.);
#2924=EDGE_CURVE('',#3545,#3547,#4130,.T.);
#2925=EDGE_CURVE('',#3546,#3322,#4131,.T.);
#2926=EDGE_CURVE('',#3547,#3320,#4132,.T.);
#2927=EDGE_CURVE('',#3371,#3548,#4133,.T.);
#2928=EDGE_CURVE('',#3549,#3548,#4134,.T.);
#2929=EDGE_CURVE('',#3369,#3549,#4135,.T.);
#2930=EDGE_CURVE('',#3548,#3550,#4136,.T.);
#2931=EDGE_CURVE('',#3551,#3550,#4137,.T.);
#2932=EDGE_CURVE('',#3549,#3551,#4138,.T.);
#2933=EDGE_CURVE('',#3550,#3370,#4139,.T.);
#2934=EDGE_CURVE('',#3551,#3368,#4140,.T.);
#2935=EDGE_CURVE('',#3305,#3552,#4141,.T.);
#2936=EDGE_CURVE('',#3553,#3552,#4142,.T.);
#2937=EDGE_CURVE('',#3303,#3553,#4143,.T.);
#2938=EDGE_CURVE('',#3552,#3554,#4144,.T.);
#2939=EDGE_CURVE('',#3555,#3554,#4145,.T.);
#2940=EDGE_CURVE('',#3553,#3555,#4146,.T.);
#2941=EDGE_CURVE('',#3554,#3304,#4147,.T.);
#2942=EDGE_CURVE('',#3555,#3302,#4148,.T.);
#2943=EDGE_CURVE('',#3093,#3100,#4149,.T.);
#2944=EDGE_CURVE('',#3090,#3097,#4150,.T.);
#2945=EDGE_CURVE('',#3091,#3096,#4151,.T.);
#2946=EDGE_CURVE('',#3070,#3556,#4152,.T.);
#2947=EDGE_CURVE('',#3557,#3556,#4153,.T.);
#2948=EDGE_CURVE('',#3075,#3557,#4154,.T.);
#2949=EDGE_CURVE('',#3556,#3059,#374,.T.);
#2950=EDGE_CURVE('',#3557,#3058,#375,.T.);
#2951=EDGE_CURVE('',#3092,#3101,#4155,.T.);
#2952=EDGE_CURVE('',#3081,#3088,#4156,.T.);
#2953=EDGE_CURVE('',#3078,#3085,#4157,.T.);
#2954=EDGE_CURVE('',#3079,#3084,#4158,.T.);
#2955=EDGE_CURVE('',#3044,#3558,#4159,.T.);
#2956=EDGE_CURVE('',#3559,#3558,#4160,.T.);
#2957=EDGE_CURVE('',#3049,#3559,#4161,.T.);
#2958=EDGE_CURVE('',#3558,#3033,#376,.T.);
#2959=EDGE_CURVE('',#3559,#3032,#377,.T.);
#2960=EDGE_CURVE('',#3080,#3089,#4162,.T.);
#2961=EDGE_CURVE('',#3053,#3069,#4163,.T.);
#2962=EDGE_CURVE('',#3057,#3076,#4164,.T.);
#2963=EDGE_CURVE('',#3027,#3043,#4165,.T.);
#2964=EDGE_CURVE('',#3031,#3050,#4166,.T.);
#2965=EDGE_CURVE('',#3060,#3064,#4167,.T.);
#2966=EDGE_CURVE('',#3062,#3066,#4168,.T.);
#2967=EDGE_CURVE('',#3052,#3068,#4169,.T.);
#2968=EDGE_CURVE('',#3056,#3077,#4170,.T.);
#2969=EDGE_CURVE('',#3034,#3038,#4171,.T.);
#2970=EDGE_CURVE('',#3036,#3040,#4172,.T.);
#2971=EDGE_CURVE('',#3026,#3042,#4173,.T.);
#2972=EDGE_CURVE('',#3030,#3051,#4174,.T.);
#2973=EDGE_CURVE('',#3560,#3560,#378,.T.);
#2974=EDGE_CURVE('',#3561,#3021,#4175,.T.);
#2975=EDGE_CURVE('',#3562,#3561,#4176,.T.);
#2976=EDGE_CURVE('',#3562,#3023,#4177,.T.);
#2977=EDGE_CURVE('',#3563,#3022,#4178,.T.);
#2978=EDGE_CURVE('',#3561,#3563,#4179,.T.);
#2979=EDGE_CURVE('',#3564,#3025,#4180,.T.);
#2980=EDGE_CURVE('',#3563,#3564,#4181,.T.);
#2981=EDGE_CURVE('',#3565,#3024,#4182,.T.);
#2982=EDGE_CURVE('',#3564,#3565,#4183,.T.);
#2983=EDGE_CURVE('',#3565,#3562,#4184,.T.);
#2984=EDGE_CURVE('',#3566,#2998,#4185,.T.);
#2985=EDGE_CURVE('',#3567,#3566,#4186,.T.);
#2986=EDGE_CURVE('',#3567,#3000,#4187,.T.);
#2987=EDGE_CURVE('',#3568,#2999,#4188,.T.);
#2988=EDGE_CURVE('',#3566,#3568,#4189,.T.);
#2989=EDGE_CURVE('',#3569,#3004,#4190,.T.);
#2990=EDGE_CURVE('',#3568,#3569,#379,.T.);
#2991=EDGE_CURVE('',#3570,#3003,#4191,.T.);
#2992=EDGE_CURVE('',#3569,#3570,#4192,.T.);
#2993=EDGE_CURVE('',#3571,#3002,#4193,.T.);
#2994=EDGE_CURVE('',#3570,#3571,#380,.T.);
#2995=EDGE_CURVE('',#3572,#3001,#4194,.T.);
#2996=EDGE_CURVE('',#3571,#3572,#4195,.T.);
#2997=EDGE_CURVE('',#3572,#3567,#381,.T.);
#2998=VERTEX_POINT('',#10456);
#2999=VERTEX_POINT('',#10457);
#3000=VERTEX_POINT('',#10459);
#3001=VERTEX_POINT('',#10461);
#3002=VERTEX_POINT('',#10463);
#3003=VERTEX_POINT('',#10465);
#3004=VERTEX_POINT('',#10467);
#3005=VERTEX_POINT('',#10470);
#3006=VERTEX_POINT('',#10472);
#3007=VERTEX_POINT('',#10473);
#3008=VERTEX_POINT('',#10475);
#3009=VERTEX_POINT('',#10477);
#3010=VERTEX_POINT('',#10479);
#3011=VERTEX_POINT('',#10481);
#3012=VERTEX_POINT('',#10483);
#3013=VERTEX_POINT('',#10485);
#3014=VERTEX_POINT('',#10487);
#3015=VERTEX_POINT('',#10489);
#3016=VERTEX_POINT('',#10491);
#3017=VERTEX_POINT('',#10493);
#3018=VERTEX_POINT('',#10495);
#3019=VERTEX_POINT('',#10497);
#3020=VERTEX_POINT('',#10499);
#3021=VERTEX_POINT('',#10502);
#3022=VERTEX_POINT('',#10503);
#3023=VERTEX_POINT('',#10505);
#3024=VERTEX_POINT('',#10507);
#3025=VERTEX_POINT('',#10509);
#3026=VERTEX_POINT('',#10513);
#3027=VERTEX_POINT('',#10514);
#3028=VERTEX_POINT('',#10516);
#3029=VERTEX_POINT('',#10518);
#3030=VERTEX_POINT('',#10520);
#3031=VERTEX_POINT('',#10522);
#3032=VERTEX_POINT('',#10524);
#3033=VERTEX_POINT('',#10526);
#3034=VERTEX_POINT('',#10533);
#3035=VERTEX_POINT('',#10538);
#3036=VERTEX_POINT('',#10543);
#3037=VERTEX_POINT('',#10553);
#3038=VERTEX_POINT('',#10554);
#3039=VERTEX_POINT('',#10556);
#3040=VERTEX_POINT('',#10561);
#3041=VERTEX_POINT('',#10566);
#3042=VERTEX_POINT('',#10573);
#3043=VERTEX_POINT('',#10574);
#3044=VERTEX_POINT('',#10576);
#3045=VERTEX_POINT('',#10578);
#3046=VERTEX_POINT('',#10580);
#3047=VERTEX_POINT('',#10582);
#3048=VERTEX_POINT('',#10584);
#3049=VERTEX_POINT('',#10586);
#3050=VERTEX_POINT('',#10588);
#3051=VERTEX_POINT('',#10590);
#3052=VERTEX_POINT('',#10595);
#3053=VERTEX_POINT('',#10596);
#3054=VERTEX_POINT('',#10598);
#3055=VERTEX_POINT('',#10600);
#3056=VERTEX_POINT('',#10602);
#3057=VERTEX_POINT('',#10604);
#3058=VERTEX_POINT('',#10606);
#3059=VERTEX_POINT('',#10608);
#3060=VERTEX_POINT('',#10615);
#3061=VERTEX_POINT('',#10620);
#3062=VERTEX_POINT('',#10625);
#3063=VERTEX_POINT('',#10635);
#3064=VERTEX_POINT('',#10636);
#3065=VERTEX_POINT('',#10638);
#3066=VERTEX_POINT('',#10643);
#3067=VERTEX_POINT('',#10648);
#3068=VERTEX_POINT('',#10655);
#3069=VERTEX_POINT('',#10656);
#3070=VERTEX_POINT('',#10658);
#3071=VERTEX_POINT('',#10660);
#3072=VERTEX_POINT('',#10662);
#3073=VERTEX_POINT('',#10664);
#3074=VERTEX_POINT('',#10666);
#3075=VERTEX_POINT('',#10668);
#3076=VERTEX_POINT('',#10670);
#3077=VERTEX_POINT('',#10672);
#3078=VERTEX_POINT('',#10677);
#3079=VERTEX_POINT('',#10678);
#3080=VERTEX_POINT('',#10681);
#3081=VERTEX_POINT('',#10683);
#3082=VERTEX_POINT('',#10685);
#3083=VERTEX_POINT('',#10687);
#3084=VERTEX_POINT('',#10691);
#3085=VERTEX_POINT('',#10693);
#3086=VERTEX_POINT('',#10695);
#3087=VERTEX_POINT('',#10697);
#3088=VERTEX_POINT('',#10699);
#3089=VERTEX_POINT('',#10701);
#3090=VERTEX_POINT('',#10705);
#3091=VERTEX_POINT('',#10706);
#3092=VERTEX_POINT('',#10709);
#3093=VERTEX_POINT('',#10711);
#3094=VERTEX_POINT('',#10713);
#3095=VERTEX_POINT('',#10715);
#3096=VERTEX_POINT('',#10719);
#3097=VERTEX_POINT('',#10721);
#3098=VERTEX_POINT('',#10723);
#3099=VERTEX_POINT('',#10725);
#3100=VERTEX_POINT('',#10727);
#3101=VERTEX_POINT('',#10729);
#3102=VERTEX_POINT('',#10733);
#3103=VERTEX_POINT('',#10734);
#3104=VERTEX_POINT('',#10736);
#3105=VERTEX_POINT('',#10738);
#3106=VERTEX_POINT('',#10740);
#3107=VERTEX_POINT('',#10742);
#3108=VERTEX_POINT('',#10744);
#3109=VERTEX_POINT('',#10748);
#3110=VERTEX_POINT('',#10749);
#3111=VERTEX_POINT('',#10751);
#3112=VERTEX_POINT('',#10753);
#3113=VERTEX_POINT('',#10755);
#3114=VERTEX_POINT('',#10757);
#3115=VERTEX_POINT('',#10759);
#3116=VERTEX_POINT('',#10761);
#3117=VERTEX_POINT('',#10765);
#3118=VERTEX_POINT('',#10766);
#3119=VERTEX_POINT('',#10768);
#3120=VERTEX_POINT('',#10770);
#3121=VERTEX_POINT('',#10774);
#3122=VERTEX_POINT('',#10775);
#3123=VERTEX_POINT('',#10777);
#3124=VERTEX_POINT('',#10779);
#3125=VERTEX_POINT('',#10781);
#3126=VERTEX_POINT('',#10783);
#3127=VERTEX_POINT('',#10785);
#3128=VERTEX_POINT('',#10787);
#3129=VERTEX_POINT('',#10791);
#3130=VERTEX_POINT('',#10792);
#3131=VERTEX_POINT('',#10794);
#3132=VERTEX_POINT('',#10796);
#3133=VERTEX_POINT('',#10798);
#3134=VERTEX_POINT('',#10800);
#3135=VERTEX_POINT('',#10802);
#3136=VERTEX_POINT('',#10804);
#3137=VERTEX_POINT('',#10808);
#3138=VERTEX_POINT('',#10810);
#3139=VERTEX_POINT('',#10812);
#3140=VERTEX_POINT('',#10814);
#3141=VERTEX_POINT('',#10816);
#3142=VERTEX_POINT('',#10818);
#3143=VERTEX_POINT('',#10822);
#3144=VERTEX_POINT('',#10824);
#3145=VERTEX_POINT('',#10826);
#3146=VERTEX_POINT('',#10828);
#3147=VERTEX_POINT('',#10830);
#3148=VERTEX_POINT('',#10832);
#3149=VERTEX_POINT('',#10834);
#3150=VERTEX_POINT('',#10836);
#3151=VERTEX_POINT('',#10838);
#3152=VERTEX_POINT('',#10840);
#3153=VERTEX_POINT('',#10842);
#3154=VERTEX_POINT('',#10844);
#3155=VERTEX_POINT('',#10846);
#3156=VERTEX_POINT('',#10848);
#3157=VERTEX_POINT('',#10850);
#3158=VERTEX_POINT('',#10852);
#3159=VERTEX_POINT('',#10857);
#3160=VERTEX_POINT('',#10858);
#3161=VERTEX_POINT('',#10860);
#3162=VERTEX_POINT('',#10862);
#3163=VERTEX_POINT('',#10864);
#3164=VERTEX_POINT('',#10866);
#3165=VERTEX_POINT('',#10868);
#3166=VERTEX_POINT('',#10870);
#3167=VERTEX_POINT('',#10872);
#3168=VERTEX_POINT('',#10874);
#3169=VERTEX_POINT('',#10876);
#3170=VERTEX_POINT('',#10878);
#3171=VERTEX_POINT('',#10880);
#3172=VERTEX_POINT('',#10882);
#3173=VERTEX_POINT('',#10884);
#3174=VERTEX_POINT('',#10886);
#3175=VERTEX_POINT('',#10888);
#3176=VERTEX_POINT('',#10890);
#3177=VERTEX_POINT('',#10894);
#3178=VERTEX_POINT('',#10895);
#3179=VERTEX_POINT('',#10897);
#3180=VERTEX_POINT('',#10902);
#3181=VERTEX_POINT('',#10903);
#3182=VERTEX_POINT('',#10906);
#3183=VERTEX_POINT('',#10910);
#3184=VERTEX_POINT('',#10911);
#3185=VERTEX_POINT('',#10913);
#3186=VERTEX_POINT('',#10915);
#3187=VERTEX_POINT('',#10919);
#3188=VERTEX_POINT('',#10920);
#3189=VERTEX_POINT('',#10922);
#3190=VERTEX_POINT('',#10927);
#3191=VERTEX_POINT('',#10928);
#3192=VERTEX_POINT('',#10931);
#3193=VERTEX_POINT('',#10935);
#3194=VERTEX_POINT('',#10936);
#3195=VERTEX_POINT('',#10938);
#3196=VERTEX_POINT('',#10940);
#3197=VERTEX_POINT('',#10942);
#3198=VERTEX_POINT('',#10944);
#3199=VERTEX_POINT('',#10946);
#3200=VERTEX_POINT('',#10948);
#3201=VERTEX_POINT('',#10950);
#3202=VERTEX_POINT('',#10952);
#3203=VERTEX_POINT('',#10954);
#3204=VERTEX_POINT('',#10956);
#3205=VERTEX_POINT('',#10960);
#3206=VERTEX_POINT('',#10961);
#3207=VERTEX_POINT('',#10963);
#3208=VERTEX_POINT('',#10966);
#3209=VERTEX_POINT('',#10968);
#3210=VERTEX_POINT('',#10970);
#3211=VERTEX_POINT('',#10972);
#3212=VERTEX_POINT('',#10974);
#3213=VERTEX_POINT('',#10976);
#3214=VERTEX_POINT('',#10980);
#3215=VERTEX_POINT('',#10981);
#3216=VERTEX_POINT('',#10983);
#3217=VERTEX_POINT('',#10985);
#3218=VERTEX_POINT('',#10987);
#3219=VERTEX_POINT('',#10989);
#3220=VERTEX_POINT('',#10991);
#3221=VERTEX_POINT('',#10995);
#3222=VERTEX_POINT('',#10997);
#3223=VERTEX_POINT('',#10999);
#3224=VERTEX_POINT('',#11001);
#3225=VERTEX_POINT('',#11003);
#3226=VERTEX_POINT('',#11005);
#3227=VERTEX_POINT('',#11007);
#3228=VERTEX_POINT('',#11009);
#3229=VERTEX_POINT('',#11011);
#3230=VERTEX_POINT('',#11013);
#3231=VERTEX_POINT('',#11015);
#3232=VERTEX_POINT('',#11017);
#3233=VERTEX_POINT('',#11019);
#3234=VERTEX_POINT('',#11021);
#3235=VERTEX_POINT('',#11023);
#3236=VERTEX_POINT('',#11025);
#3237=VERTEX_POINT('',#11027);
#3238=VERTEX_POINT('',#11029);
#3239=VERTEX_POINT('',#11031);
#3240=VERTEX_POINT('',#11033);
#3241=VERTEX_POINT('',#11035);
#3242=VERTEX_POINT('',#11037);
#3243=VERTEX_POINT('',#11039);
#3244=VERTEX_POINT('',#11041);
#3245=VERTEX_POINT('',#11043);
#3246=VERTEX_POINT('',#11045);
#3247=VERTEX_POINT('',#11047);
#3248=VERTEX_POINT('',#11049);
#3249=VERTEX_POINT('',#11051);
#3250=VERTEX_POINT('',#11053);
#3251=VERTEX_POINT('',#11055);
#3252=VERTEX_POINT('',#11057);
#3253=VERTEX_POINT('',#11059);
#3254=VERTEX_POINT('',#11061);
#3255=VERTEX_POINT('',#11063);
#3256=VERTEX_POINT('',#11065);
#3257=VERTEX_POINT('',#11067);
#3258=VERTEX_POINT('',#11069);
#3259=VERTEX_POINT('',#11071);
#3260=VERTEX_POINT('',#11074);
#3261=VERTEX_POINT('',#11076);
#3262=VERTEX_POINT('',#11078);
#3263=VERTEX_POINT('',#11080);
#3264=VERTEX_POINT('',#11082);
#3265=VERTEX_POINT('',#11087);
#3266=VERTEX_POINT('',#11088);
#3267=VERTEX_POINT('',#11090);
#3268=VERTEX_POINT('',#11092);
#3269=VERTEX_POINT('',#11095);
#3270=VERTEX_POINT('',#11096);
#3271=VERTEX_POINT('',#11098);
#3272=VERTEX_POINT('',#11100);
#3273=VERTEX_POINT('',#11104);
#3274=VERTEX_POINT('',#11106);
#3275=VERTEX_POINT('',#11109);
#3276=VERTEX_POINT('',#11111);
#3277=VERTEX_POINT('',#11118);
#3278=VERTEX_POINT('',#11119);
#3279=VERTEX_POINT('',#11121);
#3280=VERTEX_POINT('',#11123);
#3281=VERTEX_POINT('',#11126);
#3282=VERTEX_POINT('',#11127);
#3283=VERTEX_POINT('',#11129);
#3284=VERTEX_POINT('',#11131);
#3285=VERTEX_POINT('',#11134);
#3286=VERTEX_POINT('',#11136);
#3287=VERTEX_POINT('',#11139);
#3288=VERTEX_POINT('',#11141);
#3289=VERTEX_POINT('',#11148);
#3290=VERTEX_POINT('',#11150);
#3291=VERTEX_POINT('',#11152);
#3292=VERTEX_POINT('',#11154);
#3293=VERTEX_POINT('',#11156);
#3294=VERTEX_POINT('',#11159);
#3295=VERTEX_POINT('',#11161);
#3296=VERTEX_POINT('',#11163);
#3297=VERTEX_POINT('',#11165);
#3298=VERTEX_POINT('',#11171);
#3299=VERTEX_POINT('',#11173);
#3300=VERTEX_POINT('',#11177);
#3301=VERTEX_POINT('',#11179);
#3302=VERTEX_POINT('',#11183);
#3303=VERTEX_POINT('',#11184);
#3304=VERTEX_POINT('',#11186);
#3305=VERTEX_POINT('',#11188);
#3306=VERTEX_POINT('',#11191);
#3307=VERTEX_POINT('',#11193);
#3308=VERTEX_POINT('',#11197);
#3309=VERTEX_POINT('',#11199);
#3310=VERTEX_POINT('',#11203);
#3311=VERTEX_POINT('',#11205);
#3312=VERTEX_POINT('',#11210);
#3313=VERTEX_POINT('',#11212);
#3314=VERTEX_POINT('',#11216);
#3315=VERTEX_POINT('',#11218);
#3316=VERTEX_POINT('',#11222);
#3317=VERTEX_POINT('',#11224);
#3318=VERTEX_POINT('',#11228);
#3319=VERTEX_POINT('',#11230);
#3320=VERTEX_POINT('',#11234);
#3321=VERTEX_POINT('',#11235);
#3322=VERTEX_POINT('',#11237);
#3323=VERTEX_POINT('',#11239);
#3324=VERTEX_POINT('',#11242);
#3325=VERTEX_POINT('',#11244);
#3326=VERTEX_POINT('',#11248);
#3327=VERTEX_POINT('',#11250);
#3328=VERTEX_POINT('',#11258);
#3329=VERTEX_POINT('',#11260);
#3330=VERTEX_POINT('',#11262);
#3331=VERTEX_POINT('',#11264);
#3332=VERTEX_POINT('',#11268);
#3333=VERTEX_POINT('',#11272);
#3334=VERTEX_POINT('',#11276);
#3335=VERTEX_POINT('',#11280);
#3336=VERTEX_POINT('',#11286);
#3337=VERTEX_POINT('',#11287);
#3338=VERTEX_POINT('',#11289);
#3339=VERTEX_POINT('',#11291);
#3340=VERTEX_POINT('',#11295);
#3341=VERTEX_POINT('',#11297);
#3342=VERTEX_POINT('',#11301);
#3343=VERTEX_POINT('',#11303);
#3344=VERTEX_POINT('',#11315);
#3345=VERTEX_POINT('',#11317);
#3346=VERTEX_POINT('',#11319);
#3347=VERTEX_POINT('',#11321);
#3348=VERTEX_POINT('',#11323);
#3349=VERTEX_POINT('',#11325);
#3350=VERTEX_POINT('',#11327);
#3351=VERTEX_POINT('',#11329);
#3352=VERTEX_POINT('',#11331);
#3353=VERTEX_POINT('',#11333);
#3354=VERTEX_POINT('',#11337);
#3355=VERTEX_POINT('',#11339);
#3356=VERTEX_POINT('',#11341);
#3357=VERTEX_POINT('',#11343);
#3358=VERTEX_POINT('',#11345);
#3359=VERTEX_POINT('',#11347);
#3360=VERTEX_POINT('',#11349);
#3361=VERTEX_POINT('',#11351);
#3362=VERTEX_POINT('',#11353);
#3363=VERTEX_POINT('',#11355);
#3364=VERTEX_POINT('',#11363);
#3365=VERTEX_POINT('',#11364);
#3366=VERTEX_POINT('',#11366);
#3367=VERTEX_POINT('',#11368);
#3368=VERTEX_POINT('',#11383);
#3369=VERTEX_POINT('',#11384);
#3370=VERTEX_POINT('',#11386);
#3371=VERTEX_POINT('',#11388);
#3372=VERTEX_POINT('',#11396);
#3373=VERTEX_POINT('',#11398);
#3374=VERTEX_POINT('',#11400);
#3375=VERTEX_POINT('',#11402);
#3376=VERTEX_POINT('',#11404);
#3377=VERTEX_POINT('',#11406);
#3378=VERTEX_POINT('',#11408);
#3379=VERTEX_POINT('',#11410);
#3380=VERTEX_POINT('',#11412);
#3381=VERTEX_POINT('',#11414);
#3382=VERTEX_POINT('',#11416);
#3383=VERTEX_POINT('',#11420);
#3384=VERTEX_POINT('',#11424);
#3385=VERTEX_POINT('',#11428);
#3386=VERTEX_POINT('',#11432);
#3387=VERTEX_POINT('',#11436);
#3388=VERTEX_POINT('',#11440);
#3389=VERTEX_POINT('',#11444);
#3390=VERTEX_POINT('',#11446);
#3391=VERTEX_POINT('',#11448);
#3392=VERTEX_POINT('',#11451);
#3393=VERTEX_POINT('',#11455);
#3394=VERTEX_POINT('',#11459);
#3395=VERTEX_POINT('',#11463);
#3396=VERTEX_POINT('',#11467);
#3397=VERTEX_POINT('',#11473);
#3398=VERTEX_POINT('',#11475);
#3399=VERTEX_POINT('',#11477);
#3400=VERTEX_POINT('',#11479);
#3401=VERTEX_POINT('',#11483);
#3402=VERTEX_POINT('',#11487);
#3403=VERTEX_POINT('',#11491);
#3404=VERTEX_POINT('',#11495);
#3405=VERTEX_POINT('',#11501);
#3406=VERTEX_POINT('',#11502);
#3407=VERTEX_POINT('',#11504);
#3408=VERTEX_POINT('',#11506);
#3409=VERTEX_POINT('',#11510);
#3410=VERTEX_POINT('',#11512);
#3411=VERTEX_POINT('',#11516);
#3412=VERTEX_POINT('',#11518);
#3413=VERTEX_POINT('',#11522);
#3414=VERTEX_POINT('',#11524);
#3415=VERTEX_POINT('',#11528);
#3416=VERTEX_POINT('',#11530);
#3417=VERTEX_POINT('',#11534);
#3418=VERTEX_POINT('',#11536);
#3419=VERTEX_POINT('',#11540);
#3420=VERTEX_POINT('',#11542);
#3421=VERTEX_POINT('',#11546);
#3422=VERTEX_POINT('',#11548);
#3423=VERTEX_POINT('',#11552);
#3424=VERTEX_POINT('',#11554);
#3425=VERTEX_POINT('',#11558);
#3426=VERTEX_POINT('',#11560);
#3427=VERTEX_POINT('',#11572);
#3428=VERTEX_POINT('',#11574);
#3429=VERTEX_POINT('',#11576);
#3430=VERTEX_POINT('',#11578);
#3431=VERTEX_POINT('',#11582);
#3432=VERTEX_POINT('',#11584);
#3433=VERTEX_POINT('',#11586);
#3434=VERTEX_POINT('',#11588);
#3435=VERTEX_POINT('',#11601);
#3436=VERTEX_POINT('',#11602);
#3437=VERTEX_POINT('',#11604);
#3438=VERTEX_POINT('',#11606);
#3439=VERTEX_POINT('',#11608);
#3440=VERTEX_POINT('',#11610);
#3441=VERTEX_POINT('',#11612);
#3442=VERTEX_POINT('',#11631);
#3443=VERTEX_POINT('',#11632);
#3444=VERTEX_POINT('',#11649);
#3445=VERTEX_POINT('',#11651);
#3446=VERTEX_POINT('',#11655);
#3447=VERTEX_POINT('',#11659);
#3448=VERTEX_POINT('',#11663);
#3449=VERTEX_POINT('',#11685);
#3450=VERTEX_POINT('',#11687);
#3451=VERTEX_POINT('',#11706);
#3452=VERTEX_POINT('',#11707);
#3453=VERTEX_POINT('',#11710);
#3454=VERTEX_POINT('',#11712);
#3455=VERTEX_POINT('',#11717);
#3456=VERTEX_POINT('',#11721);
#3457=VERTEX_POINT('',#11725);
#3458=VERTEX_POINT('',#11729);
#3459=VERTEX_POINT('',#11733);
#3460=VERTEX_POINT('',#11742);
#3461=VERTEX_POINT('',#11744);
#3462=VERTEX_POINT('',#11746);
#3463=VERTEX_POINT('',#11750);
#3464=VERTEX_POINT('',#11754);
#3465=VERTEX_POINT('',#11758);
#3466=VERTEX_POINT('',#11766);
#3467=VERTEX_POINT('',#11768);
#3468=VERTEX_POINT('',#11770);
#3469=VERTEX_POINT('',#11772);
#3470=VERTEX_POINT('',#11776);
#3471=VERTEX_POINT('',#11778);
#3472=VERTEX_POINT('',#11782);
#3473=VERTEX_POINT('',#11786);
#3474=VERTEX_POINT('',#11813);
#3475=VERTEX_POINT('',#11815);
#3476=VERTEX_POINT('',#11819);
#3477=VERTEX_POINT('',#11823);
#3478=VERTEX_POINT('',#11829);
#3479=VERTEX_POINT('',#11833);
#3480=VERTEX_POINT('',#11837);
#3481=VERTEX_POINT('',#11841);
#3482=VERTEX_POINT('',#11845);
#3483=VERTEX_POINT('',#11849);
#3484=VERTEX_POINT('',#11853);
#3485=VERTEX_POINT('',#11857);
#3486=VERTEX_POINT('',#11861);
#3487=VERTEX_POINT('',#11865);
#3488=VERTEX_POINT('',#11871);
#3489=VERTEX_POINT('',#11873);
#3490=VERTEX_POINT('',#11877);
#3491=VERTEX_POINT('',#11879);
#3492=VERTEX_POINT('',#11883);
#3493=VERTEX_POINT('',#11887);
#3494=VERTEX_POINT('',#11893);
#3495=VERTEX_POINT('',#11897);
#3496=VERTEX_POINT('',#11901);
#3497=VERTEX_POINT('',#11905);
#3498=VERTEX_POINT('',#11909);
#3499=VERTEX_POINT('',#11913);
#3500=VERTEX_POINT('',#11917);
#3501=VERTEX_POINT('',#11921);
#3502=VERTEX_POINT('',#11925);
#3503=VERTEX_POINT('',#11929);
#3504=VERTEX_POINT('',#11935);
#3505=VERTEX_POINT('',#11937);
#3506=VERTEX_POINT('',#11941);
#3507=VERTEX_POINT('',#11945);
#3508=VERTEX_POINT('',#11953);
#3509=VERTEX_POINT('',#11957);
#3510=VERTEX_POINT('',#11968);
#3511=VERTEX_POINT('',#11970);
#3512=VERTEX_POINT('',#11972);
#3513=VERTEX_POINT('',#11980);
#3514=VERTEX_POINT('',#11981);
#3515=VERTEX_POINT('',#11983);
#3516=VERTEX_POINT('',#11985);
#3517=VERTEX_POINT('',#11987);
#3518=VERTEX_POINT('',#11989);
#3519=VERTEX_POINT('',#11996);
#3520=VERTEX_POINT('',#12000);
#3521=VERTEX_POINT('',#12005);
#3522=VERTEX_POINT('',#12009);
#3523=VERTEX_POINT('',#12011);
#3524=VERTEX_POINT('',#12013);
#3525=VERTEX_POINT('',#12016);
#3526=VERTEX_POINT('',#12018);
#3527=VERTEX_POINT('',#12020);
#3528=VERTEX_POINT('',#12022);
#3529=VERTEX_POINT('',#12026);
#3530=VERTEX_POINT('',#12034);
#3531=VERTEX_POINT('',#12038);
#3532=VERTEX_POINT('',#12042);
#3533=VERTEX_POINT('',#12046);
#3534=VERTEX_POINT('',#12054);
#3535=VERTEX_POINT('',#12061);
#3536=VERTEX_POINT('',#12063);
#3537=VERTEX_POINT('',#12065);
#3538=VERTEX_POINT('',#12067);
#3539=VERTEX_POINT('',#12069);
#3540=VERTEX_POINT('',#12084);
#3541=VERTEX_POINT('',#12086);
#3542=VERTEX_POINT('',#12090);
#3543=VERTEX_POINT('',#12092);
#3544=VERTEX_POINT('',#12101);
#3545=VERTEX_POINT('',#12103);
#3546=VERTEX_POINT('',#12107);
#3547=VERTEX_POINT('',#12109);
#3548=VERTEX_POINT('',#12118);
#3549=VERTEX_POINT('',#12120);
#3550=VERTEX_POINT('',#12124);
#3551=VERTEX_POINT('',#12126);
#3552=VERTEX_POINT('',#12135);
#3553=VERTEX_POINT('',#12137);
#3554=VERTEX_POINT('',#12141);
#3555=VERTEX_POINT('',#12143);
#3556=VERTEX_POINT('',#12158);
#3557=VERTEX_POINT('',#12160);
#3558=VERTEX_POINT('',#12176);
#3559=VERTEX_POINT('',#12178);
#3560=VERTEX_POINT('',#12214);
#3561=VERTEX_POINT('',#12218);
#3562=VERTEX_POINT('',#12220);
#3563=VERTEX_POINT('',#12224);
#3564=VERTEX_POINT('',#12228);
#3565=VERTEX_POINT('',#12232);
#3566=VERTEX_POINT('',#12239);
#3567=VERTEX_POINT('',#12241);
#3568=VERTEX_POINT('',#12245);
#3569=VERTEX_POINT('',#12249);
#3570=VERTEX_POINT('',#12253);
#3571=VERTEX_POINT('',#12257);
#3572=VERTEX_POINT('',#12261);
#3573=LINE('',#10455,#4196);
#3574=LINE('',#10458,#4197);
#3575=LINE('',#10462,#4198);
#3576=LINE('',#10466,#4199);
#3577=LINE('',#10471,#4200);
#3578=LINE('',#10474,#4201);
#3579=LINE('',#10476,#4202);
#3580=LINE('',#10478,#4203);
#3581=LINE('',#10480,#4204);
#3582=LINE('',#10482,#4205);
#3583=LINE('',#10484,#4206);
#3584=LINE('',#10488,#4207);
#3585=LINE('',#10492,#4208);
#3586=LINE('',#10496,#4209);
#3587=LINE('',#10500,#4210);
#3588=LINE('',#10501,#4211);
#3589=LINE('',#10504,#4212);
#3590=LINE('',#10506,#4213);
#3591=LINE('',#10508,#4214);
#3592=LINE('',#10510,#4215);
#3593=LINE('',#10517,#4216);
#3594=LINE('',#10523,#4217);
#3595=LINE('',#10525,#4218);
#3596=LINE('',#10527,#4219);
#3597=LINE('',#10555,#4220);
#3598=LINE('',#10575,#4221);
#3599=LINE('',#10577,#4222);
#3600=LINE('',#10579,#4223);
#3601=LINE('',#10581,#4224);
#3602=LINE('',#10583,#4225);
#3603=LINE('',#10585,#4226);
#3604=LINE('',#10587,#4227);
#3605=LINE('',#10599,#4228);
#3606=LINE('',#10605,#4229);
#3607=LINE('',#10607,#4230);
#3608=LINE('',#10609,#4231);
#3609=LINE('',#10637,#4232);
#3610=LINE('',#10657,#4233);
#3611=LINE('',#10659,#4234);
#3612=LINE('',#10661,#4235);
#3613=LINE('',#10663,#4236);
#3614=LINE('',#10665,#4237);
#3615=LINE('',#10667,#4238);
#3616=LINE('',#10669,#4239);
#3617=LINE('',#10676,#4240);
#3618=LINE('',#10679,#4241);
#3619=LINE('',#10682,#4242);
#3620=LINE('',#10686,#4243);
#3621=LINE('',#10688,#4244);
#3622=LINE('',#10690,#4245);
#3623=LINE('',#10692,#4246);
#3624=LINE('',#10694,#4247);
#3625=LINE('',#10696,#4248);
#3626=LINE('',#10700,#4249);
#3627=LINE('',#10704,#4250);
#3628=LINE('',#10707,#4251);
#3629=LINE('',#10710,#4252);
#3630=LINE('',#10714,#4253);
#3631=LINE('',#10716,#4254);
#3632=LINE('',#10718,#4255);
#3633=LINE('',#10720,#4256);
#3634=LINE('',#10722,#4257);
#3635=LINE('',#10724,#4258);
#3636=LINE('',#10728,#4259);
#3637=LINE('',#10732,#4260);
#3638=LINE('',#10735,#4261);
#3639=LINE('',#10737,#4262);
#3640=LINE('',#10739,#4263);
#3641=LINE('',#10741,#4264);
#3642=LINE('',#10743,#4265);
#3643=LINE('',#10745,#4266);
#3644=LINE('',#10747,#4267);
#3645=LINE('',#10750,#4268);
#3646=LINE('',#10754,#4269);
#3647=LINE('',#10758,#4270);
#3648=LINE('',#10762,#4271);
#3649=LINE('',#10767,#4272);
#3650=LINE('',#10771,#4273);
#3651=LINE('',#10773,#4274);
#3652=LINE('',#10776,#4275);
#3653=LINE('',#10780,#4276);
#3654=LINE('',#10782,#4277);
#3655=LINE('',#10784,#4278);
#3656=LINE('',#10788,#4279);
#3657=LINE('',#10790,#4280);
#3658=LINE('',#10793,#4281);
#3659=LINE('',#10797,#4282);
#3660=LINE('',#10799,#4283);
#3661=LINE('',#10801,#4284);
#3662=LINE('',#10805,#4285);
#3663=LINE('',#10807,#4286);
#3664=LINE('',#10811,#4287);
#3665=LINE('',#10813,#4288);
#3666=LINE('',#10815,#4289);
#3667=LINE('',#10819,#4290);
#3668=LINE('',#10821,#4291);
#3669=LINE('',#10825,#4292);
#3670=LINE('',#10829,#4293);
#3671=LINE('',#10833,#4294);
#3672=LINE('',#10837,#4295);
#3673=LINE('',#10841,#4296);
#3674=LINE('',#10845,#4297);
#3675=LINE('',#10849,#4298);
#3676=LINE('',#10853,#4299);
#3677=LINE('',#10854,#4300);
#3678=LINE('',#10855,#4301);
#3679=LINE('',#10856,#4302);
#3680=LINE('',#10861,#4303);
#3681=LINE('',#10865,#4304);
#3682=LINE('',#10869,#4305);
#3683=LINE('',#10873,#4306);
#3684=LINE('',#10877,#4307);
#3685=LINE('',#10881,#4308);
#3686=LINE('',#10885,#4309);
#3687=LINE('',#10889,#4310);
#3688=LINE('',#10891,#4311);
#3689=LINE('',#10893,#4312);
#3690=LINE('',#10896,#4313);
#3691=LINE('',#10898,#4314);
#3692=LINE('',#10899,#4315);
#3693=LINE('',#10901,#4316);
#3694=LINE('',#10904,#4317);
#3695=LINE('',#10905,#4318);
#3696=LINE('',#10907,#4319);
#3697=LINE('',#10912,#4320);
#3698=LINE('',#10916,#4321);
#3699=LINE('',#10918,#4322);
#3700=LINE('',#10921,#4323);
#3701=LINE('',#10923,#4324);
#3702=LINE('',#10924,#4325);
#3703=LINE('',#10926,#4326);
#3704=LINE('',#10929,#4327);
#3705=LINE('',#10930,#4328);
#3706=LINE('',#10932,#4329);
#3707=LINE('',#10934,#4330);
#3708=LINE('',#10937,#4331);
#3709=LINE('',#10939,#4332);
#3710=LINE('',#10943,#4333);
#3711=LINE('',#10947,#4334);
#3712=LINE('',#10951,#4335);
#3713=LINE('',#10955,#4336);
#3714=LINE('',#10957,#4337);
#3715=LINE('',#10959,#4338);
#3716=LINE('',#10962,#4339);
#3717=LINE('',#10964,#4340);
#3718=LINE('',#10967,#4341);
#3719=LINE('',#10971,#4342);
#3720=LINE('',#10975,#4343);
#3721=LINE('',#10979,#4344);
#3722=LINE('',#10982,#4345);
#3723=LINE('',#10986,#4346);
#3724=LINE('',#10990,#4347);
#3725=LINE('',#10994,#4348);
#3726=LINE('',#10996,#4349);
#3727=LINE('',#10998,#4350);
#3728=LINE('',#11002,#4351);
#3729=LINE('',#11006,#4352);
#3730=LINE('',#11010,#4353);
#3731=LINE('',#11014,#4354);
#3732=LINE('',#11018,#4355);
#3733=LINE('',#11022,#4356);
#3734=LINE('',#11026,#4357);
#3735=LINE('',#11030,#4358);
#3736=LINE('',#11034,#4359);
#3737=LINE('',#11038,#4360);
#3738=LINE('',#11040,#4361);
#3739=LINE('',#11042,#4362);
#3740=LINE('',#11044,#4363);
#3741=LINE('',#11046,#4364);
#3742=LINE('',#11050,#4365);
#3743=LINE('',#11054,#4366);
#3744=LINE('',#11058,#4367);
#3745=LINE('',#11062,#4368);
#3746=LINE('',#11066,#4369);
#3747=LINE('',#11070,#4370);
#3748=LINE('',#11075,#4371);
#3749=LINE('',#11079,#4372);
#3750=LINE('',#11083,#4373);
#3751=LINE('',#11084,#4374);
#3752=LINE('',#11086,#4375);
#3753=LINE('',#11089,#4376);
#3754=LINE('',#11091,#4377);
#3755=LINE('',#11093,#4378);
#3756=LINE('',#11094,#4379);
#3757=LINE('',#11097,#4380);
#3758=LINE('',#11099,#4381);
#3759=LINE('',#11101,#4382);
#3760=LINE('',#11102,#4383);
#3761=LINE('',#11103,#4384);
#3762=LINE('',#11105,#4385);
#3763=LINE('',#11107,#4386);
#3764=LINE('',#11108,#4387);
#3765=LINE('',#11110,#4388);
#3766=LINE('',#11112,#4389);
#3767=LINE('',#11113,#4390);
#3768=LINE('',#11115,#4391);
#3769=LINE('',#11117,#4392);
#3770=LINE('',#11120,#4393);
#3771=LINE('',#11122,#4394);
#3772=LINE('',#11124,#4395);
#3773=LINE('',#11125,#4396);
#3774=LINE('',#11128,#4397);
#3775=LINE('',#11130,#4398);
#3776=LINE('',#11132,#4399);
#3777=LINE('',#11133,#4400);
#3778=LINE('',#11135,#4401);
#3779=LINE('',#11137,#4402);
#3780=LINE('',#11138,#4403);
#3781=LINE('',#11140,#4404);
#3782=LINE('',#11142,#4405);
#3783=LINE('',#11143,#4406);
#3784=LINE('',#11147,#4407);
#3785=LINE('',#11149,#4408);
#3786=LINE('',#11151,#4409);
#3787=LINE('',#11155,#4410);
#3788=LINE('',#11157,#4411);
#3789=LINE('',#11158,#4412);
#3790=LINE('',#11160,#4413);
#3791=LINE('',#11162,#4414);
#3792=LINE('',#11166,#4415);
#3793=LINE('',#11167,#4416);
#3794=LINE('',#11172,#4417);
#3795=LINE('',#11178,#4418);
#3796=LINE('',#11182,#4419);
#3797=LINE('',#11185,#4420);
#3798=LINE('',#11187,#4421);
#3799=LINE('',#11189,#4422);
#3800=LINE('',#11190,#4423);
#3801=LINE('',#11192,#4424);
#3802=LINE('',#11194,#4425);
#3803=LINE('',#11198,#4426);
#3804=LINE('',#11204,#4427);
#3805=LINE('',#11208,#4428);
#3806=LINE('',#11209,#4429);
#3807=LINE('',#11211,#4430);
#3808=LINE('',#11213,#4431);
#3809=LINE('',#11214,#4432);
#3810=LINE('',#11215,#4433);
#3811=LINE('',#11217,#4434);
#3812=LINE('',#11219,#4435);
#3813=LINE('',#11223,#4436);
#3814=LINE('',#11229,#4437);
#3815=LINE('',#11233,#4438);
#3816=LINE('',#11236,#4439);
#3817=LINE('',#11238,#4440);
#3818=LINE('',#11240,#4441);
#3819=LINE('',#11241,#4442);
#3820=LINE('',#11243,#4443);
#3821=LINE('',#11245,#4444);
#3822=LINE('',#11249,#4445);
#3823=LINE('',#11261,#4446);
#3824=LINE('',#11265,#4447);
#3825=LINE('',#11267,#4448);
#3826=LINE('',#11269,#4449);
#3827=LINE('',#11273,#4450);
#3828=LINE('',#11275,#4451);
#3829=LINE('',#11277,#4452);
#3830=LINE('',#11281,#4453);
#3831=LINE('',#11288,#4454);
#3832=LINE('',#11292,#4455);
#3833=LINE('',#11294,#4456);
#3834=LINE('',#11296,#4457);
#3835=LINE('',#11298,#4458);
#3836=LINE('',#11304,#4459);
#3837=LINE('',#11307,#4460);
#3838=LINE('',#11309,#4461);
#3839=LINE('',#11318,#4462);
#3840=LINE('',#11324,#4463);
#3841=LINE('',#11330,#4464);
#3842=LINE('',#11340,#4465);
#3843=LINE('',#11346,#4466);
#3844=LINE('',#11352,#4467);
#3845=LINE('',#11358,#4468);
#3846=LINE('',#11360,#4469);
#3847=LINE('',#11362,#4470);
#3848=LINE('',#11365,#4471);
#3849=LINE('',#11367,#4472);
#3850=LINE('',#11369,#4473);
#3851=LINE('',#11370,#4474);
#3852=LINE('',#11372,#4475);
#3853=LINE('',#11374,#4476);
#3854=LINE('',#11376,#4477);
#3855=LINE('',#11378,#4478);
#3856=LINE('',#11380,#4479);
#3857=LINE('',#11382,#4480);
#3858=LINE('',#11385,#4481);
#3859=LINE('',#11387,#4482);
#3860=LINE('',#11389,#4483);
#3861=LINE('',#11390,#4484);
#3862=LINE('',#11392,#4485);
#3863=LINE('',#11399,#4486);
#3864=LINE('',#11405,#4487);
#3865=LINE('',#11409,#4488);
#3866=LINE('',#11411,#4489);
#3867=LINE('',#11417,#4490);
#3868=LINE('',#11421,#4491);
#3869=LINE('',#11423,#4492);
#3870=LINE('',#11425,#4493);
#3871=LINE('',#11429,#4494);
#3872=LINE('',#11431,#4495);
#3873=LINE('',#11433,#4496);
#3874=LINE('',#11437,#4497);
#3875=LINE('',#11441,#4498);
#3876=LINE('',#11443,#4499);
#3877=LINE('',#11445,#4500);
#3878=LINE('',#11447,#4501);
#3879=LINE('',#11449,#4502);
#3880=LINE('',#11450,#4503);
#3881=LINE('',#11452,#4504);
#3882=LINE('',#11456,#4505);
#3883=LINE('',#11458,#4506);
#3884=LINE('',#11460,#4507);
#3885=LINE('',#11462,#4508);
#3886=LINE('',#11464,#4509);
#3887=LINE('',#11468,#4510);
#3888=LINE('',#11472,#4511);
#3889=LINE('',#11476,#4512);
#3890=LINE('',#11484,#4513);
#3891=LINE('',#11488,#4514);
#3892=LINE('',#11490,#4515);
#3893=LINE('',#11492,#4516);
#3894=LINE('',#11496,#4517);
#3895=LINE('',#11498,#4518);
#3896=LINE('',#11503,#4519);
#3897=LINE('',#11507,#4520);
#3898=LINE('',#11513,#4521);
#3899=LINE('',#11515,#4522);
#3900=LINE('',#11517,#4523);
#3901=LINE('',#11519,#4524);
#3902=LINE('',#11521,#4525);
#3903=LINE('',#11523,#4526);
#3904=LINE('',#11525,#4527);
#3905=LINE('',#11531,#4528);
#3906=LINE('',#11533,#4529);
#3907=LINE('',#11535,#4530);
#3908=LINE('',#11537,#4531);
#3909=LINE('',#11543,#4532);
#3910=LINE('',#11549,#4533);
#3911=LINE('',#11551,#4534);
#3912=LINE('',#11553,#4535);
#3913=LINE('',#11555,#4536);
#3914=LINE('',#11561,#4537);
#3915=LINE('',#11564,#4538);
#3916=LINE('',#11566,#4539);
#3917=LINE('',#11571,#4540);
#3918=LINE('',#11575,#4541);
#3919=LINE('',#11585,#4542);
#3920=LINE('',#11589,#4543);
#3921=LINE('',#11591,#4544);
#3922=LINE('',#11593,#4545);
#3923=LINE('',#11595,#4546);
#3924=LINE('',#11597,#4547);
#3925=LINE('',#11600,#4548);
#3926=LINE('',#11605,#4549);
#3927=LINE('',#11609,#4550);
#3928=LINE('',#11613,#4551);
#3929=LINE('',#11615,#4552);
#3930=LINE('',#11617,#4553);
#3931=LINE('',#11618,#4554);
#3932=LINE('',#11620,#4555);
#3933=LINE('',#11622,#4556);
#3934=LINE('',#11624,#4557);
#3935=LINE('',#11626,#4558);
#3936=LINE('',#11628,#4559);
#3937=LINE('',#11630,#4560);
#3938=LINE('',#11633,#4561);
#3939=LINE('',#11634,#4562);
#3940=LINE('',#11635,#4563);
#3941=LINE('',#11637,#4564);
#3942=LINE('',#11639,#4565);
#3943=LINE('',#11641,#4566);
#3944=LINE('',#11643,#4567);
#3945=LINE('',#11645,#4568);
#3946=LINE('',#11648,#4569);
#3947=LINE('',#11652,#4570);
#3948=LINE('',#11654,#4571);
#3949=LINE('',#11656,#4572);
#3950=LINE('',#11658,#4573);
#3951=LINE('',#11662,#4574);
#3952=LINE('',#11664,#4575);
#3953=LINE('',#11666,#4576);
#3954=LINE('',#11671,#4577);
#3955=LINE('',#11672,#4578);
#3956=LINE('',#11674,#4579);
#3957=LINE('',#11676,#4580);
#3958=LINE('',#11678,#4581);
#3959=LINE('',#11680,#4582);
#3960=LINE('',#11682,#4583);
#3961=LINE('',#11684,#4584);
#3962=LINE('',#11686,#4585);
#3963=LINE('',#11688,#4586);
#3964=LINE('',#11689,#4587);
#3965=LINE('',#11691,#4588);
#3966=LINE('',#11693,#4589);
#3967=LINE('',#11695,#4590);
#3968=LINE('',#11697,#4591);
#3969=LINE('',#11699,#4592);
#3970=LINE('',#11701,#4593);
#3971=LINE('',#11703,#4594);
#3972=LINE('',#11705,#4595);
#3973=LINE('',#11708,#4596);
#3974=LINE('',#11709,#4597);
#3975=LINE('',#11711,#4598);
#3976=LINE('',#11713,#4599);
#3977=LINE('',#11714,#4600);
#3978=LINE('',#11716,#4601);
#3979=LINE('',#11720,#4602);
#3980=LINE('',#11722,#4603);
#3981=LINE('',#11724,#4604);
#3982=LINE('',#11728,#4605);
#3983=LINE('',#11730,#4606);
#3984=LINE('',#11732,#4607);
#3985=LINE('',#11736,#4608);
#3986=LINE('',#11739,#4609);
#3987=LINE('',#11740,#4610);
#3988=LINE('',#11741,#4611);
#3989=LINE('',#11745,#4612);
#3990=LINE('',#11747,#4613);
#3991=LINE('',#11749,#4614);
#3992=LINE('',#11751,#4615);
#3993=LINE('',#11755,#4616);
#3994=LINE('',#11757,#4617);
#3995=LINE('',#11759,#4618);
#3996=LINE('',#11761,#4619);
#3997=LINE('',#11763,#4620);
#3998=LINE('',#11764,#4621);
#3999=LINE('',#11765,#4622);
#4000=LINE('',#11767,#4623);
#4001=LINE('',#11771,#4624);
#4002=LINE('',#11773,#4625);
#4003=LINE('',#11775,#4626);
#4004=LINE('',#11777,#4627);
#4005=LINE('',#11779,#4628);
#4006=LINE('',#11783,#4629);
#4007=LINE('',#11785,#4630);
#4008=LINE('',#11787,#4631);
#4009=LINE('',#11789,#4632);
#4010=LINE('',#11791,#4633);
#4011=LINE('',#11793,#4634);
#4012=LINE('',#11795,#4635);
#4013=LINE('',#11797,#4636);
#4014=LINE('',#11799,#4637);
#4015=LINE('',#11802,#4638);
#4016=LINE('',#11804,#4639);
#4017=LINE('',#11806,#4640);
#4018=LINE('',#11808,#4641);
#4019=LINE('',#11810,#4642);
#4020=LINE('',#11812,#4643);
#4021=LINE('',#11814,#4644);
#4022=LINE('',#11816,#4645);
#4023=LINE('',#11818,#4646);
#4024=LINE('',#11822,#4647);
#4025=LINE('',#11824,#4648);
#4026=LINE('',#11828,#4649);
#4027=LINE('',#11832,#4650);
#4028=LINE('',#11834,#4651);
#4029=LINE('',#11836,#4652);
#4030=LINE('',#11840,#4653);
#4031=LINE('',#11842,#4654);
#4032=LINE('',#11844,#4655);
#4033=LINE('',#11848,#4656);
#4034=LINE('',#11850,#4657);
#4035=LINE('',#11852,#4658);
#4036=LINE('',#11856,#4659);
#4037=LINE('',#11858,#4660);
#4038=LINE('',#11860,#4661);
#4039=LINE('',#11864,#4662);
#4040=LINE('',#11866,#4663);
#4041=LINE('',#11870,#4664);
#4042=LINE('',#11872,#4665);
#4043=LINE('',#11874,#4666);
#4044=LINE('',#11876,#4667);
#4045=LINE('',#11878,#4668);
#4046=LINE('',#11880,#4669);
#4047=LINE('',#11882,#4670);
#4048=LINE('',#11886,#4671);
#4049=LINE('',#11888,#4672);
#4050=LINE('',#11892,#4673);
#4051=LINE('',#11896,#4674);
#4052=LINE('',#11898,#4675);
#4053=LINE('',#11900,#4676);
#4054=LINE('',#11904,#4677);
#4055=LINE('',#11906,#4678);
#4056=LINE('',#11908,#4679);
#4057=LINE('',#11912,#4680);
#4058=LINE('',#11914,#4681);
#4059=LINE('',#11916,#4682);
#4060=LINE('',#11920,#4683);
#4061=LINE('',#11922,#4684);
#4062=LINE('',#11924,#4685);
#4063=LINE('',#11928,#4686);
#4064=LINE('',#11930,#4687);
#4065=LINE('',#11934,#4688);
#4066=LINE('',#11936,#4689);
#4067=LINE('',#11938,#4690);
#4068=LINE('',#11940,#4691);
#4069=LINE('',#11942,#4692);
#4070=LINE('',#11944,#4693);
#4071=LINE('',#11946,#4694);
#4072=LINE('',#11948,#4695);
#4073=LINE('',#11950,#4696);
#4074=LINE('',#11952,#4697);
#4075=LINE('',#11954,#4698);
#4076=LINE('',#11956,#4699);
#4077=LINE('',#11958,#4700);
#4078=LINE('',#11960,#4701);
#4079=LINE('',#11962,#4702);
#4080=LINE('',#11967,#4703);
#4081=LINE('',#11971,#4704);
#4082=LINE('',#11976,#4705);
#4083=LINE('',#11979,#4706);
#4084=LINE('',#11982,#4707);
#4085=LINE('',#11984,#4708);
#4086=LINE('',#11986,#4709);
#4087=LINE('',#11988,#4710);
#4088=LINE('',#11990,#4711);
#4089=LINE('',#11991,#4712);
#4090=LINE('',#11997,#4713);
#4091=LINE('',#11999,#4714);
#4092=LINE('',#12001,#4715);
#4093=LINE('',#12002,#4716);
#4094=LINE('',#12006,#4717);
#4095=LINE('',#12008,#4718);
#4096=LINE('',#12010,#4719);
#4097=LINE('',#12012,#4720);
#4098=LINE('',#12014,#4721);
#4099=LINE('',#12017,#4722);
#4100=LINE('',#12021,#4723);
#4101=LINE('',#12035,#4724);
#4102=LINE('',#12037,#4725);
#4103=LINE('',#12039,#4726);
#4104=LINE('',#12043,#4727);
#4105=LINE('',#12045,#4728);
#4106=LINE('',#12047,#4729);
#4107=LINE('',#12053,#4730);
#4108=LINE('',#12057,#4731);
#4109=LINE('',#12060,#4732);
#4110=LINE('',#12064,#4733);
#4111=LINE('',#12068,#4734);
#4112=LINE('',#12072,#4735);
#4113=LINE('',#12074,#4736);
#4114=LINE('',#12076,#4737);
#4115=LINE('',#12078,#4738);
#4116=LINE('',#12080,#4739);
#4117=LINE('',#12083,#4740);
#4118=LINE('',#12085,#4741);
#4119=LINE('',#12087,#4742);
#4120=LINE('',#12089,#4743);
#4121=LINE('',#12091,#4744);
#4122=LINE('',#12093,#4745);
#4123=LINE('',#12095,#4746);
#4124=LINE('',#12096,#4747);
#4125=LINE('',#12100,#4748);
#4126=LINE('',#12102,#4749);
#4127=LINE('',#12104,#4750);
#4128=LINE('',#12106,#4751);
#4129=LINE('',#12108,#4752);
#4130=LINE('',#12110,#4753);
#4131=LINE('',#12112,#4754);
#4132=LINE('',#12113,#4755);
#4133=LINE('',#12117,#4756);
#4134=LINE('',#12119,#4757);
#4135=LINE('',#12121,#4758);
#4136=LINE('',#12123,#4759);
#4137=LINE('',#12125,#4760);
#4138=LINE('',#12127,#4761);
#4139=LINE('',#12129,#4762);
#4140=LINE('',#12130,#4763);
#4141=LINE('',#12134,#4764);
#4142=LINE('',#12136,#4765);
#4143=LINE('',#12138,#4766);
#4144=LINE('',#12140,#4767);
#4145=LINE('',#12142,#4768);
#4146=LINE('',#12144,#4769);
#4147=LINE('',#12146,#4770);
#4148=LINE('',#12147,#4771);
#4149=LINE('',#12151,#4772);
#4150=LINE('',#12153,#4773);
#4151=LINE('',#12155,#4774);
#4152=LINE('',#12157,#4775);
#4153=LINE('',#12159,#4776);
#4154=LINE('',#12161,#4777);
#4155=LINE('',#12166,#4778);
#4156=LINE('',#12169,#4779);
#4157=LINE('',#12171,#4780);
#4158=LINE('',#12173,#4781);
#4159=LINE('',#12175,#4782);
#4160=LINE('',#12177,#4783);
#4161=LINE('',#12179,#4784);
#4162=LINE('',#12184,#4785);
#4163=LINE('',#12187,#4786);
#4164=LINE('',#12189,#4787);
#4165=LINE('',#12191,#4788);
#4166=LINE('',#12193,#4789);
#4167=LINE('',#12195,#4790);
#4168=LINE('',#12196,#4791);
#4169=LINE('',#12198,#4792);
#4170=LINE('',#12200,#4793);
#4171=LINE('',#12204,#4794);
#4172=LINE('',#12205,#4795);
#4173=LINE('',#12207,#4796);
#4174=LINE('',#12209,#4797);
#4175=LINE('',#12217,#4798);
#4176=LINE('',#12219,#4799);
#4177=LINE('',#12221,#4800);
#4178=LINE('',#12223,#4801);
#4179=LINE('',#12225,#4802);
#4180=LINE('',#12227,#4803);
#4181=LINE('',#12229,#4804);
#4182=LINE('',#12231,#4805);
#4183=LINE('',#12233,#4806);
#4184=LINE('',#12235,#4807);
#4185=LINE('',#12238,#4808);
#4186=LINE('',#12240,#4809);
#4187=LINE('',#12242,#4810);
#4188=LINE('',#12244,#4811);
#4189=LINE('',#12246,#4812);
#4190=LINE('',#12248,#4813);
#4191=LINE('',#12252,#4814);
#4192=LINE('',#12254,#4815);
#4193=LINE('',#12256,#4816);
#4194=LINE('',#12260,#4817);
#4195=LINE('',#12262,#4818);
#4196=VECTOR('',#8740,1000.);
#4197=VECTOR('',#8741,1000.);
#4198=VECTOR('',#8744,1000.);
#4199=VECTOR('',#8747,1000.);
#4200=VECTOR('',#8752,1000.);
#4201=VECTOR('',#8753,1000.);
#4202=VECTOR('',#8754,1000.);
#4203=VECTOR('',#8755,1000.);
#4204=VECTOR('',#8756,1000.);
#4205=VECTOR('',#8757,1000.);
#4206=VECTOR('',#8758,1000.);
#4207=VECTOR('',#8761,1000.);
#4208=VECTOR('',#8764,1000.);
#4209=VECTOR('',#8767,1000.);
#4210=VECTOR('',#8770,1000.);
#4211=VECTOR('',#8771,1000.);
#4212=VECTOR('',#8772,1000.);
#4213=VECTOR('',#8773,1000.);
#4214=VECTOR('',#8774,1000.);
#4215=VECTOR('',#8775,1000.);
#4216=VECTOR('',#8782,1000.);
#4217=VECTOR('',#8787,1000.);
#4218=VECTOR('',#8788,1000.);
#4219=VECTOR('',#8789,1000.);
#4220=VECTOR('',#8794,1000.);
#4221=VECTOR('',#8799,1000.);
#4222=VECTOR('',#8800,1000.);
#4223=VECTOR('',#8801,1000.);
#4224=VECTOR('',#8802,1000.);
#4225=VECTOR('',#8803,1000.);
#4226=VECTOR('',#8804,1000.);
#4227=VECTOR('',#8805,1000.);
#4228=VECTOR('',#8818,1000.);
#4229=VECTOR('',#8823,1000.);
#4230=VECTOR('',#8824,1000.);
#4231=VECTOR('',#8825,1000.);
#4232=VECTOR('',#8830,1000.);
#4233=VECTOR('',#8835,1000.);
#4234=VECTOR('',#8836,1000.);
#4235=VECTOR('',#8837,1000.);
#4236=VECTOR('',#8838,1000.);
#4237=VECTOR('',#8839,1000.);
#4238=VECTOR('',#8840,1000.);
#4239=VECTOR('',#8841,1000.);
#4240=VECTOR('',#8850,1000.);
#4241=VECTOR('',#8851,1000.);
#4242=VECTOR('',#8854,1000.);
#4243=VECTOR('',#8857,1000.);
#4244=VECTOR('',#8858,1000.);
#4245=VECTOR('',#8861,1000.);
#4246=VECTOR('',#8862,1000.);
#4247=VECTOR('',#8863,1000.);
#4248=VECTOR('',#8864,1000.);
#4249=VECTOR('',#8867,1000.);
#4250=VECTOR('',#8872,1000.);
#4251=VECTOR('',#8873,1000.);
#4252=VECTOR('',#8876,1000.);
#4253=VECTOR('',#8879,1000.);
#4254=VECTOR('',#8880,1000.);
#4255=VECTOR('',#8883,1000.);
#4256=VECTOR('',#8884,1000.);
#4257=VECTOR('',#8885,1000.);
#4258=VECTOR('',#8886,1000.);
#4259=VECTOR('',#8889,1000.);
#4260=VECTOR('',#8894,1000.);
#4261=VECTOR('',#8895,1000.);
#4262=VECTOR('',#8896,1000.);
#4263=VECTOR('',#8897,1000.);
#4264=VECTOR('',#8898,1000.);
#4265=VECTOR('',#8899,1000.);
#4266=VECTOR('',#8900,1000.);
#4267=VECTOR('',#8903,1000.);
#4268=VECTOR('',#8904,1000.);
#4269=VECTOR('',#8907,1000.);
#4270=VECTOR('',#8910,1000.);
#4271=VECTOR('',#8913,1000.);
#4272=VECTOR('',#8918,1000.);
#4273=VECTOR('',#8921,1000.);
#4274=VECTOR('',#8924,1000.);
#4275=VECTOR('',#8925,1000.);
#4276=VECTOR('',#8928,1000.);
#4277=VECTOR('',#8929,1000.);
#4278=VECTOR('',#8930,1000.);
#4279=VECTOR('',#8933,1000.);
#4280=VECTOR('',#8936,1000.);
#4281=VECTOR('',#8937,1000.);
#4282=VECTOR('',#8940,1000.);
#4283=VECTOR('',#8941,1000.);
#4284=VECTOR('',#8942,1000.);
#4285=VECTOR('',#8945,1000.);
#4286=VECTOR('',#8948,1000.);
#4287=VECTOR('',#8951,1000.);
#4288=VECTOR('',#8952,1000.);
#4289=VECTOR('',#8953,1000.);
#4290=VECTOR('',#8956,1000.);
#4291=VECTOR('',#8959,1000.);
#4292=VECTOR('',#8962,1000.);
#4293=VECTOR('',#8965,1000.);
#4294=VECTOR('',#8968,1000.);
#4295=VECTOR('',#8971,1000.);
#4296=VECTOR('',#8974,1000.);
#4297=VECTOR('',#8977,1000.);
#4298=VECTOR('',#8980,1000.);
#4299=VECTOR('',#8983,1000.);
#4300=VECTOR('',#8984,1000.);
#4301=VECTOR('',#8985,1000.);
#4302=VECTOR('',#8986,1000.);
#4303=VECTOR('',#8989,1000.);
#4304=VECTOR('',#8992,1000.);
#4305=VECTOR('',#8995,1000.);
#4306=VECTOR('',#8998,1000.);
#4307=VECTOR('',#9001,1000.);
#4308=VECTOR('',#9004,1000.);
#4309=VECTOR('',#9007,1000.);
#4310=VECTOR('',#9010,1000.);
#4311=VECTOR('',#9011,1000.);
#4312=VECTOR('',#9014,1000.);
#4313=VECTOR('',#9015,1000.);
#4314=VECTOR('',#9016,1000.);
#4315=VECTOR('',#9017,1000.);
#4316=VECTOR('',#9020,1000.);
#4317=VECTOR('',#9021,1000.);
#4318=VECTOR('',#9022,1000.);
#4319=VECTOR('',#9023,1000.);
#4320=VECTOR('',#9028,1000.);
#4321=VECTOR('',#9031,1000.);
#4322=VECTOR('',#9034,1000.);
#4323=VECTOR('',#9035,1000.);
#4324=VECTOR('',#9036,1000.);
#4325=VECTOR('',#9037,1000.);
#4326=VECTOR('',#9040,1000.);
#4327=VECTOR('',#9041,1000.);
#4328=VECTOR('',#9042,1000.);
#4329=VECTOR('',#9043,1000.);
#4330=VECTOR('',#9046,1000.);
#4331=VECTOR('',#9047,1000.);
#4332=VECTOR('',#9048,1000.);
#4333=VECTOR('',#9051,1000.);
#4334=VECTOR('',#9054,1000.);
#4335=VECTOR('',#9057,1000.);
#4336=VECTOR('',#9060,1000.);
#4337=VECTOR('',#9061,1000.);
#4338=VECTOR('',#9064,1000.);
#4339=VECTOR('',#9065,1000.);
#4340=VECTOR('',#9066,1000.);
#4341=VECTOR('',#9069,1000.);
#4342=VECTOR('',#9072,1000.);
#4343=VECTOR('',#9075,1000.);
#4344=VECTOR('',#9080,1000.);
#4345=VECTOR('',#9081,1000.);
#4346=VECTOR('',#9084,1000.);
#4347=VECTOR('',#9087,1000.);
#4348=VECTOR('',#9092,1000.);
#4349=VECTOR('',#9093,1000.);
#4350=VECTOR('',#9094,1000.);
#4351=VECTOR('',#9097,1000.);
#4352=VECTOR('',#9100,1000.);
#4353=VECTOR('',#9103,1000.);
#4354=VECTOR('',#9106,1000.);
#4355=VECTOR('',#9109,1000.);
#4356=VECTOR('',#9112,1000.);
#4357=VECTOR('',#9115,1000.);
#4358=VECTOR('',#9118,1000.);
#4359=VECTOR('',#9121,1000.);
#4360=VECTOR('',#9124,1000.);
#4361=VECTOR('',#9125,1000.);
#4362=VECTOR('',#9126,1000.);
#4363=VECTOR('',#9127,1000.);
#4364=VECTOR('',#9128,1000.);
#4365=VECTOR('',#9131,1000.);
#4366=VECTOR('',#9134,1000.);
#4367=VECTOR('',#9137,1000.);
#4368=VECTOR('',#9140,1000.);
#4369=VECTOR('',#9143,1000.);
#4370=VECTOR('',#9146,1000.);
#4371=VECTOR('',#9151,1000.);
#4372=VECTOR('',#9154,1000.);
#4373=VECTOR('',#9157,1000.);
#4374=VECTOR('',#9158,1000.);
#4375=VECTOR('',#9161,1000.);
#4376=VECTOR('',#9162,1000.);
#4377=VECTOR('',#9163,1000.);
#4378=VECTOR('',#9164,1000.);
#4379=VECTOR('',#9165,1000.);
#4380=VECTOR('',#9166,1000.);
#4381=VECTOR('',#9167,1000.);
#4382=VECTOR('',#9168,1000.);
#4383=VECTOR('',#9169,1000.);
#4384=VECTOR('',#9170,1000.);
#4385=VECTOR('',#9171,1000.);
#4386=VECTOR('',#9172,1000.);
#4387=VECTOR('',#9173,1000.);
#4388=VECTOR('',#9174,1000.);
#4389=VECTOR('',#9175,1000.);
#4390=VECTOR('',#9176,1000.);
#4391=VECTOR('',#9179,1000.);
#4392=VECTOR('',#9182,1000.);
#4393=VECTOR('',#9183,1000.);
#4394=VECTOR('',#9184,1000.);
#4395=VECTOR('',#9185,1000.);
#4396=VECTOR('',#9186,1000.);
#4397=VECTOR('',#9187,1000.);
#4398=VECTOR('',#9188,1000.);
#4399=VECTOR('',#9189,1000.);
#4400=VECTOR('',#9190,1000.);
#4401=VECTOR('',#9191,1000.);
#4402=VECTOR('',#9192,1000.);
#4403=VECTOR('',#9193,1000.);
#4404=VECTOR('',#9194,1000.);
#4405=VECTOR('',#9195,1000.);
#4406=VECTOR('',#9196,1000.);
#4407=VECTOR('',#9203,1000.);
#4408=VECTOR('',#9204,1000.);
#4409=VECTOR('',#9205,1000.);
#4410=VECTOR('',#9208,1000.);
#4411=VECTOR('',#9209,1000.);
#4412=VECTOR('',#9210,1000.);
#4413=VECTOR('',#9211,1000.);
#4414=VECTOR('',#9212,1000.);
#4415=VECTOR('',#9215,1000.);
#4416=VECTOR('',#9216,1000.);
#4417=VECTOR('',#9223,1000.);
#4418=VECTOR('',#9230,1000.);
#4419=VECTOR('',#9235,1000.);
#4420=VECTOR('',#9236,1000.);
#4421=VECTOR('',#9237,1000.);
#4422=VECTOR('',#9238,1000.);
#4423=VECTOR('',#9239,1000.);
#4424=VECTOR('',#9240,1000.);
#4425=VECTOR('',#9241,1000.);
#4426=VECTOR('',#9246,1000.);
#4427=VECTOR('',#9253,1000.);
#4428=VECTOR('',#9258,1000.);
#4429=VECTOR('',#9259,1000.);
#4430=VECTOR('',#9260,1000.);
#4431=VECTOR('',#9261,1000.);
#4432=VECTOR('',#9262,1000.);
#4433=VECTOR('',#9263,1000.);
#4434=VECTOR('',#9264,1000.);
#4435=VECTOR('',#9265,1000.);
#4436=VECTOR('',#9270,1000.);
#4437=VECTOR('',#9277,1000.);
#4438=VECTOR('',#9282,1000.);
#4439=VECTOR('',#9283,1000.);
#4440=VECTOR('',#9284,1000.);
#4441=VECTOR('',#9285,1000.);
#4442=VECTOR('',#9286,1000.);
#4443=VECTOR('',#9287,1000.);
#4444=VECTOR('',#9288,1000.);
#4445=VECTOR('',#9293,1000.);
#4446=VECTOR('',#9310,1000.);
#4447=VECTOR('',#9313,1000.);
#4448=VECTOR('',#9316,1000.);
#4449=VECTOR('',#9317,1000.);
#4450=VECTOR('',#9322,1000.);
#4451=VECTOR('',#9325,1000.);
#4452=VECTOR('',#9326,1000.);
#4453=VECTOR('',#9331,1000.);
#4454=VECTOR('',#9340,1000.);
#4455=VECTOR('',#9343,1000.);
#4456=VECTOR('',#9346,1000.);
#4457=VECTOR('',#9347,1000.);
#4458=VECTOR('',#9348,1000.);
#4459=VECTOR('',#9355,1000.);
#4460=VECTOR('',#9360,1000.);
#4461=VECTOR('',#9363,1000.);
#4462=VECTOR('',#9376,1000.);
#4463=VECTOR('',#9381,1000.);
#4464=VECTOR('',#9386,1000.);
#4465=VECTOR('',#9397,1000.);
#4466=VECTOR('',#9402,1000.);
#4467=VECTOR('',#9407,1000.);
#4468=VECTOR('',#9414,1000.);
#4469=VECTOR('',#9417,1000.);
#4470=VECTOR('',#9420,1000.);
#4471=VECTOR('',#9421,1000.);
#4472=VECTOR('',#9422,1000.);
#4473=VECTOR('',#9423,1000.);
#4474=VECTOR('',#9424,1000.);
#4475=VECTOR('',#9427,1000.);
#4476=VECTOR('',#9430,1000.);
#4477=VECTOR('',#9433,1000.);
#4478=VECTOR('',#9436,1000.);
#4479=VECTOR('',#9439,1000.);
#4480=VECTOR('',#9442,1000.);
#4481=VECTOR('',#9443,1000.);
#4482=VECTOR('',#9444,1000.);
#4483=VECTOR('',#9445,1000.);
#4484=VECTOR('',#9446,1000.);
#4485=VECTOR('',#9449,1000.);
#4486=VECTOR('',#9458,1000.);
#4487=VECTOR('',#9463,1000.);
#4488=VECTOR('',#9466,1000.);
#4489=VECTOR('',#9467,1000.);
#4490=VECTOR('',#9472,1000.);
#4491=VECTOR('',#9477,1000.);
#4492=VECTOR('',#9480,1000.);
#4493=VECTOR('',#9481,1000.);
#4494=VECTOR('',#9486,1000.);
#4495=VECTOR('',#9489,1000.);
#4496=VECTOR('',#9490,1000.);
#4497=VECTOR('',#9495,1000.);
#4498=VECTOR('',#9500,1000.);
#4499=VECTOR('',#9503,1000.);
#4500=VECTOR('',#9504,1000.);
#4501=VECTOR('',#9505,1000.);
#4502=VECTOR('',#9506,1000.);
#4503=VECTOR('',#9507,1000.);
#4504=VECTOR('',#9508,1000.);
#4505=VECTOR('',#9513,1000.);
#4506=VECTOR('',#9516,1000.);
#4507=VECTOR('',#9517,1000.);
#4508=VECTOR('',#9520,1000.);
#4509=VECTOR('',#9521,1000.);
#4510=VECTOR('',#9526,1000.);
#4511=VECTOR('',#9533,1000.);
#4512=VECTOR('',#9536,1000.);
#4513=VECTOR('',#9545,1000.);
#4514=VECTOR('',#9550,1000.);
#4515=VECTOR('',#9553,1000.);
#4516=VECTOR('',#9554,1000.);
#4517=VECTOR('',#9559,1000.);
#4518=VECTOR('',#9562,1000.);
#4519=VECTOR('',#9567,1000.);
#4520=VECTOR('',#9570,1000.);
#4521=VECTOR('',#9577,1000.);
#4522=VECTOR('',#9580,1000.);
#4523=VECTOR('',#9581,1000.);
#4524=VECTOR('',#9582,1000.);
#4525=VECTOR('',#9585,1000.);
#4526=VECTOR('',#9586,1000.);
#4527=VECTOR('',#9587,1000.);
#4528=VECTOR('',#9594,1000.);
#4529=VECTOR('',#9597,1000.);
#4530=VECTOR('',#9598,1000.);
#4531=VECTOR('',#9599,1000.);
#4532=VECTOR('',#9606,1000.);
#4533=VECTOR('',#9613,1000.);
#4534=VECTOR('',#9616,1000.);
#4535=VECTOR('',#9617,1000.);
#4536=VECTOR('',#9618,1000.);
#4537=VECTOR('',#9625,1000.);
#4538=VECTOR('',#9630,1000.);
#4539=VECTOR('',#9633,1000.);
#4540=VECTOR('',#9642,1000.);
#4541=VECTOR('',#9645,1000.);
#4542=VECTOR('',#9656,1000.);
#4543=VECTOR('',#9659,1000.);
#4544=VECTOR('',#9662,1000.);
#4545=VECTOR('',#9665,1000.);
#4546=VECTOR('',#9668,1000.);
#4547=VECTOR('',#9671,1000.);
#4548=VECTOR('',#9676,1000.);
#4549=VECTOR('',#9679,1000.);
#4550=VECTOR('',#9682,1000.);
#4551=VECTOR('',#9685,1000.);
#4552=VECTOR('',#9688,1000.);
#4553=VECTOR('',#9691,1000.);
#4554=VECTOR('',#9692,1000.);
#4555=VECTOR('',#9695,1000.);
#4556=VECTOR('',#9698,1000.);
#4557=VECTOR('',#9701,1000.);
#4558=VECTOR('',#9704,1000.);
#4559=VECTOR('',#9707,1000.);
#4560=VECTOR('',#9710,1000.);
#4561=VECTOR('',#9711,1000.);
#4562=VECTOR('',#9712,1000.);
#4563=VECTOR('',#9713,1000.);
#4564=VECTOR('',#9716,1000.);
#4565=VECTOR('',#9719,1000.);
#4566=VECTOR('',#9722,1000.);
#4567=VECTOR('',#9725,1000.);
#4568=VECTOR('',#9728,1000.);
#4569=VECTOR('',#9733,1000.);
#4570=VECTOR('',#9736,1000.);
#4571=VECTOR('',#9739,1000.);
#4572=VECTOR('',#9740,1000.);
#4573=VECTOR('',#9743,1000.);
#4574=VECTOR('',#9748,1000.);
#4575=VECTOR('',#9749,1000.);
#4576=VECTOR('',#9752,1000.);
#4577=VECTOR('',#9761,1000.);
#4578=VECTOR('',#9762,1000.);
#4579=VECTOR('',#9765,1000.);
#4580=VECTOR('',#9768,1000.);
#4581=VECTOR('',#9771,1000.);
#4582=VECTOR('',#9774,1000.);
#4583=VECTOR('',#9777,1000.);
#4584=VECTOR('',#9780,1000.);
#4585=VECTOR('',#9781,1000.);
#4586=VECTOR('',#9782,1000.);
#4587=VECTOR('',#9783,1000.);
#4588=VECTOR('',#9786,1000.);
#4589=VECTOR('',#9789,1000.);
#4590=VECTOR('',#9792,1000.);
#4591=VECTOR('',#9795,1000.);
#4592=VECTOR('',#9798,1000.);
#4593=VECTOR('',#9801,1000.);
#4594=VECTOR('',#9804,1000.);
#4595=VECTOR('',#9807,1000.);
#4596=VECTOR('',#9808,1000.);
#4597=VECTOR('',#9809,1000.);
#4598=VECTOR('',#9810,1000.);
#4599=VECTOR('',#9811,1000.);
#4600=VECTOR('',#9812,1000.);
#4601=VECTOR('',#9815,1000.);
#4602=VECTOR('',#9820,1000.);
#4603=VECTOR('',#9821,1000.);
#4604=VECTOR('',#9824,1000.);
#4605=VECTOR('',#9829,1000.);
#4606=VECTOR('',#9830,1000.);
#4607=VECTOR('',#9833,1000.);
#4608=VECTOR('',#9838,1000.);
#4609=VECTOR('',#9843,1000.);
#4610=VECTOR('',#9844,1000.);
#4611=VECTOR('',#9845,1000.);
#4612=VECTOR('',#9848,1000.);
#4613=VECTOR('',#9849,1000.);
#4614=VECTOR('',#9852,1000.);
#4615=VECTOR('',#9853,1000.);
#4616=VECTOR('',#9858,1000.);
#4617=VECTOR('',#9861,1000.);
#4618=VECTOR('',#9862,1000.);
#4619=VECTOR('',#9865,1000.);
#4620=VECTOR('',#9868,1000.);
#4621=VECTOR('',#9869,1000.);
#4622=VECTOR('',#9870,1000.);
#4623=VECTOR('',#9871,1000.);
#4624=VECTOR('',#9874,1000.);
#4625=VECTOR('',#9875,1000.);
#4626=VECTOR('',#9878,1000.);
#4627=VECTOR('',#9879,1000.);
#4628=VECTOR('',#9880,1000.);
#4629=VECTOR('',#9885,1000.);
#4630=VECTOR('',#9888,1000.);
#4631=VECTOR('',#9889,1000.);
#4632=VECTOR('',#9892,1000.);
#4633=VECTOR('',#9895,1000.);
#4634=VECTOR('',#9898,1000.);
#4635=VECTOR('',#9901,1000.);
#4636=VECTOR('',#9904,1000.);
#4637=VECTOR('',#9907,1000.);
#4638=VECTOR('',#9912,1000.);
#4639=VECTOR('',#9915,1000.);
#4640=VECTOR('',#9918,1000.);
#4641=VECTOR('',#9921,1000.);
#4642=VECTOR('',#9924,1000.);
#4643=VECTOR('',#9927,1000.);
#4644=VECTOR('',#9928,1000.);
#4645=VECTOR('',#9929,1000.);
#4646=VECTOR('',#9932,1000.);
#4647=VECTOR('',#9937,1000.);
#4648=VECTOR('',#9938,1000.);
#4649=VECTOR('',#9945,1000.);
#4650=VECTOR('',#9950,1000.);
#4651=VECTOR('',#9951,1000.);
#4652=VECTOR('',#9954,1000.);
#4653=VECTOR('',#9959,1000.);
#4654=VECTOR('',#9960,1000.);
#4655=VECTOR('',#9963,1000.);
#4656=VECTOR('',#9968,1000.);
#4657=VECTOR('',#9969,1000.);
#4658=VECTOR('',#9972,1000.);
#4659=VECTOR('',#9977,1000.);
#4660=VECTOR('',#9978,1000.);
#4661=VECTOR('',#9981,1000.);
#4662=VECTOR('',#9986,1000.);
#4663=VECTOR('',#9987,1000.);
#4664=VECTOR('',#9994,1000.);
#4665=VECTOR('',#9995,1000.);
#4666=VECTOR('',#9996,1000.);
#4667=VECTOR('',#9999,1000.);
#4668=VECTOR('',#10000,1000.);
#4669=VECTOR('',#10001,1000.);
#4670=VECTOR('',#10004,1000.);
#4671=VECTOR('',#10009,1000.);
#4672=VECTOR('',#10010,1000.);
#4673=VECTOR('',#10017,1000.);
#4674=VECTOR('',#10022,1000.);
#4675=VECTOR('',#10023,1000.);
#4676=VECTOR('',#10026,1000.);
#4677=VECTOR('',#10031,1000.);
#4678=VECTOR('',#10032,1000.);
#4679=VECTOR('',#10035,1000.);
#4680=VECTOR('',#10040,1000.);
#4681=VECTOR('',#10041,1000.);
#4682=VECTOR('',#10044,1000.);
#4683=VECTOR('',#10049,1000.);
#4684=VECTOR('',#10050,1000.);
#4685=VECTOR('',#10053,1000.);
#4686=VECTOR('',#10058,1000.);
#4687=VECTOR('',#10059,1000.);
#4688=VECTOR('',#10066,1000.);
#4689=VECTOR('',#10067,1000.);
#4690=VECTOR('',#10068,1000.);
#4691=VECTOR('',#10071,1000.);
#4692=VECTOR('',#10072,1000.);
#4693=VECTOR('',#10075,1000.);
#4694=VECTOR('',#10076,1000.);
#4695=VECTOR('',#10079,1000.);
#4696=VECTOR('',#10082,1000.);
#4697=VECTOR('',#10085,1000.);
#4698=VECTOR('',#10086,1000.);
#4699=VECTOR('',#10089,1000.);
#4700=VECTOR('',#10090,1000.);
#4701=VECTOR('',#10093,1000.);
#4702=VECTOR('',#10096,1000.);
#4703=VECTOR('',#10105,1000.);
#4704=VECTOR('',#10108,1000.);
#4705=VECTOR('',#10115,1000.);
#4706=VECTOR('',#10120,1000.);
#4707=VECTOR('',#10121,1000.);
#4708=VECTOR('',#10122,1000.);
#4709=VECTOR('',#10123,1000.);
#4710=VECTOR('',#10124,1000.);
#4711=VECTOR('',#10125,1000.);
#4712=VECTOR('',#10126,1000.);
#4713=VECTOR('',#10135,1000.);
#4714=VECTOR('',#10138,1000.);
#4715=VECTOR('',#10139,1000.);
#4716=VECTOR('',#10140,1000.);
#4717=VECTOR('',#10145,1000.);
#4718=VECTOR('',#10148,1000.);
#4719=VECTOR('',#10149,1000.);
#4720=VECTOR('',#10150,1000.);
#4721=VECTOR('',#10151,1000.);
#4722=VECTOR('',#10154,1000.);
#4723=VECTOR('',#10157,1000.);
#4724=VECTOR('',#10170,1000.);
#4725=VECTOR('',#10173,1000.);
#4726=VECTOR('',#10174,1000.);
#4727=VECTOR('',#10179,1000.);
#4728=VECTOR('',#10182,1000.);
#4729=VECTOR('',#10183,1000.);
#4730=VECTOR('',#10194,1000.);
#4731=VECTOR('',#10199,1000.);
#4732=VECTOR('',#10204,1000.);
#4733=VECTOR('',#10207,1000.);
#4734=VECTOR('',#10210,1000.);
#4735=VECTOR('',#10215,1000.);
#4736=VECTOR('',#10218,1000.);
#4737=VECTOR('',#10221,1000.);
#4738=VECTOR('',#10224,1000.);
#4739=VECTOR('',#10227,1000.);
#4740=VECTOR('',#10232,1000.);
#4741=VECTOR('',#10233,1000.);
#4742=VECTOR('',#10234,1000.);
#4743=VECTOR('',#10237,1000.);
#4744=VECTOR('',#10238,1000.);
#4745=VECTOR('',#10239,1000.);
#4746=VECTOR('',#10242,1000.);
#4747=VECTOR('',#10243,1000.);
#4748=VECTOR('',#10250,1000.);
#4749=VECTOR('',#10251,1000.);
#4750=VECTOR('',#10252,1000.);
#4751=VECTOR('',#10255,1000.);
#4752=VECTOR('',#10256,1000.);
#4753=VECTOR('',#10257,1000.);
#4754=VECTOR('',#10260,1000.);
#4755=VECTOR('',#10261,1000.);
#4756=VECTOR('',#10268,1000.);
#4757=VECTOR('',#10269,1000.);
#4758=VECTOR('',#10270,1000.);
#4759=VECTOR('',#10273,1000.);
#4760=VECTOR('',#10274,1000.);
#4761=VECTOR('',#10275,1000.);
#4762=VECTOR('',#10278,1000.);
#4763=VECTOR('',#10279,1000.);
#4764=VECTOR('',#10286,1000.);
#4765=VECTOR('',#10287,1000.);
#4766=VECTOR('',#10288,1000.);
#4767=VECTOR('',#10291,1000.);
#4768=VECTOR('',#10292,1000.);
#4769=VECTOR('',#10293,1000.);
#4770=VECTOR('',#10296,1000.);
#4771=VECTOR('',#10297,1000.);
#4772=VECTOR('',#10304,1000.);
#4773=VECTOR('',#10307,1000.);
#4774=VECTOR('',#10310,1000.);
#4775=VECTOR('',#10313,1000.);
#4776=VECTOR('',#10314,1000.);
#4777=VECTOR('',#10315,1000.);
#4778=VECTOR('',#10324,1000.);
#4779=VECTOR('',#10329,1000.);
#4780=VECTOR('',#10332,1000.);
#4781=VECTOR('',#10335,1000.);
#4782=VECTOR('',#10338,1000.);
#4783=VECTOR('',#10339,1000.);
#4784=VECTOR('',#10340,1000.);
#4785=VECTOR('',#10349,1000.);
#4786=VECTOR('',#10354,1000.);
#4787=VECTOR('',#10357,1000.);
#4788=VECTOR('',#10360,1000.);
#4789=VECTOR('',#10363,1000.);
#4790=VECTOR('',#10366,1000.);
#4791=VECTOR('',#10367,1000.);
#4792=VECTOR('',#10370,1000.);
#4793=VECTOR('',#10373,1000.);
#4794=VECTOR('',#10380,1000.);
#4795=VECTOR('',#10381,1000.);
#4796=VECTOR('',#10384,1000.);
#4797=VECTOR('',#10387,1000.);
#4798=VECTOR('',#10400,1000.);
#4799=VECTOR('',#10401,1000.);
#4800=VECTOR('',#10402,1000.);
#4801=VECTOR('',#10405,1000.);
#4802=VECTOR('',#10406,1000.);
#4803=VECTOR('',#10409,1000.);
#4804=VECTOR('',#10410,1000.);
#4805=VECTOR('',#10413,1000.);
#4806=VECTOR('',#10414,1000.);
#4807=VECTOR('',#10417,1000.);
#4808=VECTOR('',#10422,1000.);
#4809=VECTOR('',#10423,1000.);
#4810=VECTOR('',#10424,1000.);
#4811=VECTOR('',#10427,1000.);
#4812=VECTOR('',#10428,1000.);
#4813=VECTOR('',#10431,1000.);
#4814=VECTOR('',#10436,1000.);
#4815=VECTOR('',#10437,1000.);
#4816=VECTOR('',#10440,1000.);
#4817=VECTOR('',#10445,1000.);
#4818=VECTOR('',#10446,1000.);
#4819=EDGE_LOOP('',(#382,#383,#384,#385,#386,#387,#388));
#4820=EDGE_LOOP('',(#389));
#4821=EDGE_LOOP('',(#390,#391,#392,#393,#394,#395,#396,#397,#398,#399,#400,
#401,#402,#403,#404));
#4822=EDGE_LOOP('',(#405,#406,#407,#408,#409));
#4823=EDGE_LOOP('',(#410,#411,#412,#413,#414,#415,#416,#417));
#4824=EDGE_LOOP('',(#418,#419,#420,#421,#422));
#4825=EDGE_LOOP('',(#423,#424,#425,#426,#427));
#4826=EDGE_LOOP('',(#428,#429,#430,#431,#432,#433,#434,#435,#436,#437,#438,
#439));
#4827=EDGE_LOOP('',(#440,#441,#442,#443,#444,#445,#446,#447));
#4828=EDGE_LOOP('',(#448,#449,#450,#451,#452));
#4829=EDGE_LOOP('',(#453,#454,#455,#456,#457));
#4830=EDGE_LOOP('',(#458,#459,#460,#461,#462,#463,#464,#465,#466,#467,#468,
#469));
#4831=EDGE_LOOP('',(#470,#471,#472,#473,#474,#475,#476,#477));
#4832=EDGE_LOOP('',(#478,#479,#480,#481,#482,#483,#484,#485));
#4833=EDGE_LOOP('',(#486,#487,#488,#489,#490,#491,#492,#493));
#4834=EDGE_LOOP('',(#494,#495,#496,#497,#498,#499,#500,#501));
#4835=EDGE_LOOP('',(#502,#503,#504,#505,#506,#507,#508));
#4836=EDGE_LOOP('',(#509,#510,#511,#512,#513,#514,#515,#516));
#4837=EDGE_LOOP('',(#517,#518,#519,#520));
#4838=EDGE_LOOP('',(#521,#522,#523,#524,#525,#526,#527,#528));
#4839=EDGE_LOOP('',(#529,#530,#531,#532,#533,#534,#535,#536));
#4840=EDGE_LOOP('',(#537,#538,#539,#540,#541,#542,#543,#544));
#4841=EDGE_LOOP('',(#545,#546,#547,#548,#549,#550,#551,#552,#553,#554,#555,
#556,#557,#558,#559,#560,#561,#562,#563,#564,#565,#566));
#4842=EDGE_LOOP('',(#567,#568,#569,#570,#571,#572,#573,#574,#575,#576,#577,
#578,#579,#580,#581,#582,#583,#584));
#4843=EDGE_LOOP('',(#585,#586,#587,#588));
#4844=EDGE_LOOP('',(#589,#590,#591,#592));
#4845=EDGE_LOOP('',(#593,#594,#595,#596));
#4846=EDGE_LOOP('',(#597,#598,#599,#600));
#4847=EDGE_LOOP('',(#601,#602,#603,#604));
#4848=EDGE_LOOP('',(#605,#606,#607,#608,#609,#610,#611,#612,#613,#614,#615,
#616));
#4849=EDGE_LOOP('',(#617,#618,#619,#620,#621,#622,#623,#624,#625,#626,#627));
#4850=EDGE_LOOP('',(#628,#629,#630,#631,#632,#633,#634));
#4851=EDGE_LOOP('',(#635,#636,#637,#638,#639,#640,#641,#642,#643,#644,#645,
#646,#647,#648,#649,#650,#651,#652,#653,#654,#655,#656,#657,#658,#659,#660,
#661,#662,#663,#664,#665,#666,#667,#668,#669,#670,#671,#672,#673,#674,#675,
#676,#677,#678,#679,#680,#681,#682,#683,#684));
#4852=EDGE_LOOP('',(#685,#686,#687,#688));
#4853=EDGE_LOOP('',(#689,#690,#691,#692));
#4854=EDGE_LOOP('',(#693,#694,#695,#696,#697,#698,#699,#700,#701,#702,#703,
#704));
#4855=EDGE_LOOP('',(#705,#706,#707,#708));
#4856=EDGE_LOOP('',(#709,#710,#711,#712));
#4857=EDGE_LOOP('',(#713,#714,#715,#716));
#4858=EDGE_LOOP('',(#717,#718,#719,#720,#721,#722,#723,#724,#725,#726,#727,
#728));
#4859=EDGE_LOOP('',(#729,#730,#731,#732));
#4860=EDGE_LOOP('',(#733,#734,#735,#736));
#4861=EDGE_LOOP('',(#737,#738,#739,#740,#741,#742,#743,#744,#745,#746,#747,
#748,#749,#750,#751,#752));
#4862=EDGE_LOOP('',(#753,#754,#755,#756));
#4863=EDGE_LOOP('',(#757,#758,#759,#760,#761));
#4864=EDGE_LOOP('',(#762,#763,#764,#765));
#4865=EDGE_LOOP('',(#766,#767,#768,#769));
#4866=EDGE_LOOP('',(#770,#771,#772,#773));
#4867=EDGE_LOOP('',(#774,#775,#776,#777));
#4868=EDGE_LOOP('',(#778,#779,#780,#781));
#4869=EDGE_LOOP('',(#782,#783,#784,#785,#786,#787,#788,#789,#790,#791,#792,
#793));
#4870=EDGE_LOOP('',(#794,#795,#796,#797));
#4871=EDGE_LOOP('',(#798,#799,#800,#801));
#4872=EDGE_LOOP('',(#802,#803,#804,#805));
#4873=EDGE_LOOP('',(#806,#807,#808,#809));
#4874=EDGE_LOOP('',(#810,#811,#812,#813));
#4875=EDGE_LOOP('',(#814,#815,#816,#817,#818));
#4876=EDGE_LOOP('',(#819,#820,#821,#822,#823,#824,#825,#826,#827,#828,#829,
#830));
#4877=EDGE_LOOP('',(#831,#832,#833,#834,#835,#836));
#4878=EDGE_LOOP('',(#837,#838,#839,#840,#841));
#4879=EDGE_LOOP('',(#842,#843,#844,#845));
#4880=EDGE_LOOP('',(#846,#847,#848,#849));
#4881=EDGE_LOOP('',(#850,#851,#852,#853));
#4882=EDGE_LOOP('',(#854,#855,#856,#857,#858));
#4883=EDGE_LOOP('',(#859,#860,#861,#862));
#4884=EDGE_LOOP('',(#863,#864,#865,#866));
#4885=EDGE_LOOP('',(#867,#868,#869,#870));
#4886=EDGE_LOOP('',(#871,#872,#873,#874,#875,#876));
#4887=EDGE_LOOP('',(#877,#878,#879,#880,#881,#882));
#4888=EDGE_LOOP('',(#883,#884,#885,#886));
#4889=EDGE_LOOP('',(#887,#888,#889,#890));
#4890=EDGE_LOOP('',(#891,#892,#893,#894,#895,#896,#897,#898,#899,#900,#901,
#902));
#4891=EDGE_LOOP('',(#903,#904,#905,#906,#907,#908,#909,#910,#911,#912,#913,
#914));
#4892=EDGE_LOOP('',(#915,#916,#917,#918));
#4893=EDGE_LOOP('',(#919,#920,#921,#922));
#4894=EDGE_LOOP('',(#923,#924,#925,#926));
#4895=EDGE_LOOP('',(#927,#928,#929,#930));
#4896=EDGE_LOOP('',(#931,#932,#933,#934));
#4897=EDGE_LOOP('',(#935,#936,#937,#938));
#4898=EDGE_LOOP('',(#939,#940,#941,#942));
#4899=EDGE_LOOP('',(#943,#944,#945,#946));
#4900=EDGE_LOOP('',(#947,#948,#949,#950));
#4901=EDGE_LOOP('',(#951,#952,#953,#954));
#4902=EDGE_LOOP('',(#955,#956,#957,#958));
#4903=EDGE_LOOP('',(#959,#960,#961,#962));
#4904=EDGE_LOOP('',(#963,#964,#965,#966));
#4905=EDGE_LOOP('',(#967,#968,#969,#970,#971,#972,#973,#974,#975,#976,#977,
#978,#979));
#4906=EDGE_LOOP('',(#980,#981,#982,#983,#984));
#4907=EDGE_LOOP('',(#985,#986,#987,#988,#989));
#4908=EDGE_LOOP('',(#990,#991,#992,#993));
#4909=EDGE_LOOP('',(#994,#995,#996,#997));
#4910=EDGE_LOOP('',(#998,#999,#1000,#1001));
#4911=EDGE_LOOP('',(#1002,#1003,#1004,#1005));
#4912=EDGE_LOOP('',(#1006,#1007,#1008,#1009,#1010,#1011,#1012,#1013,#1014));
#4913=EDGE_LOOP('',(#1015,#1016,#1017,#1018));
#4914=EDGE_LOOP('',(#1019,#1020,#1021,#1022));
#4915=EDGE_LOOP('',(#1023,#1024,#1025,#1026));
#4916=EDGE_LOOP('',(#1027,#1028,#1029,#1030));
#4917=EDGE_LOOP('',(#1031,#1032,#1033,#1034));
#4918=EDGE_LOOP('',(#1035,#1036,#1037,#1038,#1039,#1040));
#4919=EDGE_LOOP('',(#1041,#1042,#1043,#1044,#1045));
#4920=EDGE_LOOP('',(#1046,#1047,#1048,#1049));
#4921=EDGE_LOOP('',(#1050,#1051,#1052,#1053));
#4922=EDGE_LOOP('',(#1054,#1055,#1056,#1057));
#4923=EDGE_LOOP('',(#1058,#1059,#1060,#1061,#1062));
#4924=EDGE_LOOP('',(#1063,#1064,#1065,#1066));
#4925=EDGE_LOOP('',(#1067,#1068,#1069,#1070));
#4926=EDGE_LOOP('',(#1071,#1072,#1073,#1074));
#4927=EDGE_LOOP('',(#1075,#1076,#1077,#1078));
#4928=EDGE_LOOP('',(#1079,#1080,#1081,#1082));
#4929=EDGE_LOOP('',(#1083,#1084,#1085,#1086));
#4930=EDGE_LOOP('',(#1087,#1088,#1089,#1090));
#4931=EDGE_LOOP('',(#1091,#1092,#1093,#1094));
#4932=EDGE_LOOP('',(#1095,#1096,#1097,#1098));
#4933=EDGE_LOOP('',(#1099,#1100,#1101,#1102));
#4934=EDGE_LOOP('',(#1103,#1104,#1105,#1106,#1107,#1108,#1109,#1110,#1111,
#1112,#1113,#1114,#1115));
#4935=EDGE_LOOP('',(#1116,#1117,#1118,#1119,#1120,#1121,#1122,#1123,#1124,
#1125,#1126,#1127,#1128));
#4936=EDGE_LOOP('',(#1129,#1130,#1131,#1132));
#4937=EDGE_LOOP('',(#1133,#1134,#1135,#1136));
#4938=EDGE_LOOP('',(#1137,#1138,#1139,#1140,#1141,#1142));
#4939=EDGE_LOOP('',(#1143,#1144,#1145,#1146,#1147,#1148));
#4940=EDGE_LOOP('',(#1149,#1150,#1151,#1152));
#4941=EDGE_LOOP('',(#1153,#1154,#1155,#1156));
#4942=EDGE_LOOP('',(#1157,#1158,#1159,#1160));
#4943=EDGE_LOOP('',(#1161,#1162,#1163,#1164));
#4944=EDGE_LOOP('',(#1165,#1166,#1167,#1168));
#4945=EDGE_LOOP('',(#1169,#1170,#1171,#1172,#1173,#1174,#1175));
#4946=EDGE_LOOP('',(#1176,#1177,#1178,#1179));
#4947=EDGE_LOOP('',(#1180,#1181,#1182,#1183));
#4948=EDGE_LOOP('',(#1184,#1185,#1186,#1187));
#4949=EDGE_LOOP('',(#1188,#1189,#1190,#1191));
#4950=EDGE_LOOP('',(#1192,#1193,#1194,#1195));
#4951=EDGE_LOOP('',(#1196,#1197,#1198,#1199));
#4952=EDGE_LOOP('',(#1200,#1201,#1202,#1203));
#4953=EDGE_LOOP('',(#1204,#1205,#1206,#1207,#1208,#1209,#1210,#1211,#1212,
#1213));
#4954=EDGE_LOOP('',(#1214,#1215,#1216,#1217));
#4955=EDGE_LOOP('',(#1218,#1219,#1220,#1221));
#4956=EDGE_LOOP('',(#1222,#1223,#1224,#1225));
#4957=EDGE_LOOP('',(#1226,#1227,#1228,#1229));
#4958=EDGE_LOOP('',(#1230,#1231,#1232,#1233));
#4959=EDGE_LOOP('',(#1234,#1235,#1236,#1237));
#4960=EDGE_LOOP('',(#1238,#1239,#1240,#1241));
#4961=EDGE_LOOP('',(#1242,#1243,#1244,#1245));
#4962=EDGE_LOOP('',(#1246,#1247,#1248,#1249));
#4963=EDGE_LOOP('',(#1250,#1251,#1252,#1253));
#4964=EDGE_LOOP('',(#1254,#1255,#1256,#1257));
#4965=EDGE_LOOP('',(#1258,#1259,#1260,#1261));
#4966=EDGE_LOOP('',(#1262,#1263,#1264,#1265,#1266,#1267,#1268));
#4967=EDGE_LOOP('',(#1269,#1270,#1271,#1272));
#4968=EDGE_LOOP('',(#1273,#1274,#1275,#1276));
#4969=EDGE_LOOP('',(#1277,#1278,#1279,#1280));
#4970=EDGE_LOOP('',(#1281,#1282,#1283,#1284));
#4971=EDGE_LOOP('',(#1285,#1286,#1287,#1288));
#4972=EDGE_LOOP('',(#1289,#1290,#1291,#1292));
#4973=EDGE_LOOP('',(#1293,#1294,#1295,#1296,#1297,#1298,#1299,#1300,#1301,
#1302));
#4974=EDGE_LOOP('',(#1303,#1304,#1305,#1306));
#4975=EDGE_LOOP('',(#1307,#1308,#1309,#1310));
#4976=EDGE_LOOP('',(#1311,#1312,#1313,#1314));
#4977=EDGE_LOOP('',(#1315,#1316,#1317,#1318));
#4978=EDGE_LOOP('',(#1319,#1320,#1321,#1322));
#4979=EDGE_LOOP('',(#1323,#1324,#1325,#1326));
#4980=EDGE_LOOP('',(#1327,#1328,#1329,#1330));
#4981=EDGE_LOOP('',(#1331,#1332,#1333,#1334,#1335,#1336,#1337,#1338,#1339,
#1340));
#4982=EDGE_LOOP('',(#1341,#1342,#1343,#1344));
#4983=EDGE_LOOP('',(#1345,#1346,#1347,#1348));
#4984=EDGE_LOOP('',(#1349,#1350,#1351,#1352));
#4985=EDGE_LOOP('',(#1353,#1354,#1355,#1356));
#4986=EDGE_LOOP('',(#1357,#1358,#1359,#1360));
#4987=EDGE_LOOP('',(#1361,#1362,#1363,#1364));
#4988=EDGE_LOOP('',(#1365,#1366,#1367,#1368,#1369,#1370,#1371));
#4989=EDGE_LOOP('',(#1372,#1373,#1374,#1375));
#4990=EDGE_LOOP('',(#1376,#1377,#1378,#1379,#1380,#1381,#1382));
#4991=EDGE_LOOP('',(#1383,#1384,#1385,#1386));
#4992=EDGE_LOOP('',(#1387,#1388,#1389,#1390));
#4993=EDGE_LOOP('',(#1391,#1392,#1393,#1394));
#4994=EDGE_LOOP('',(#1395,#1396,#1397,#1398));
#4995=EDGE_LOOP('',(#1399,#1400,#1401,#1402));
#4996=EDGE_LOOP('',(#1403,#1404,#1405,#1406,#1407,#1408,#1409,#1410));
#4997=EDGE_LOOP('',(#1411,#1412,#1413,#1414));
#4998=EDGE_LOOP('',(#1415,#1416,#1417,#1418));
#4999=EDGE_LOOP('',(#1419,#1420,#1421,#1422));
#5000=EDGE_LOOP('',(#1423,#1424,#1425,#1426));
#5001=EDGE_LOOP('',(#1427,#1428,#1429,#1430));
#5002=EDGE_LOOP('',(#1431,#1432,#1433,#1434));
#5003=EDGE_LOOP('',(#1435,#1436,#1437,#1438));
#5004=EDGE_LOOP('',(#1439,#1440,#1441,#1442));
#5005=EDGE_LOOP('',(#1443,#1444,#1445,#1446));
#5006=EDGE_LOOP('',(#1447,#1448,#1449,#1450));
#5007=EDGE_LOOP('',(#1451,#1452,#1453,#1454));
#5008=EDGE_LOOP('',(#1455,#1456,#1457,#1458));
#5009=EDGE_LOOP('',(#1459,#1460,#1461,#1462));
#5010=EDGE_LOOP('',(#1463,#1464,#1465,#1466));
#5011=EDGE_LOOP('',(#1467,#1468,#1469,#1470,#1471));
#5012=EDGE_LOOP('',(#1472,#1473,#1474,#1475));
#5013=EDGE_LOOP('',(#1476,#1477,#1478,#1479));
#5014=EDGE_LOOP('',(#1480,#1481,#1482,#1483));
#5015=EDGE_LOOP('',(#1484,#1485,#1486,#1487));
#5016=EDGE_LOOP('',(#1488,#1489,#1490,#1491));
#5017=EDGE_LOOP('',(#1492,#1493,#1494,#1495));
#5018=EDGE_LOOP('',(#1496,#1497,#1498,#1499));
#5019=EDGE_LOOP('',(#1500,#1501,#1502,#1503));
#5020=EDGE_LOOP('',(#1504,#1505,#1506,#1507));
#5021=EDGE_LOOP('',(#1508,#1509,#1510,#1511));
#5022=EDGE_LOOP('',(#1512,#1513,#1514,#1515));
#5023=EDGE_LOOP('',(#1516,#1517,#1518,#1519));
#5024=EDGE_LOOP('',(#1520,#1521,#1522,#1523));
#5025=EDGE_LOOP('',(#1524,#1525,#1526,#1527));
#5026=EDGE_LOOP('',(#1528,#1529,#1530,#1531));
#5027=EDGE_LOOP('',(#1532,#1533,#1534,#1535,#1536,#1537,#1538,#1539,#1540,
#1541,#1542,#1543,#1544,#1545,#1546,#1547,#1548,#1549,#1550,#1551));
#5028=EDGE_LOOP('',(#1552,#1553,#1554,#1555));
#5029=EDGE_LOOP('',(#1556,#1557,#1558,#1559));
#5030=EDGE_LOOP('',(#1560,#1561,#1562,#1563));
#5031=EDGE_LOOP('',(#1564,#1565,#1566,#1567));
#5032=EDGE_LOOP('',(#1568,#1569,#1570,#1571));
#5033=EDGE_LOOP('',(#1572,#1573,#1574,#1575));
#5034=EDGE_LOOP('',(#1576,#1577,#1578,#1579));
#5035=EDGE_LOOP('',(#1580,#1581,#1582,#1583));
#5036=EDGE_LOOP('',(#1584,#1585,#1586,#1587));
#5037=EDGE_LOOP('',(#1588,#1589,#1590,#1591));
#5038=EDGE_LOOP('',(#1592,#1593,#1594,#1595));
#5039=EDGE_LOOP('',(#1596,#1597,#1598,#1599));
#5040=EDGE_LOOP('',(#1600,#1601,#1602,#1603));
#5041=EDGE_LOOP('',(#1604,#1605,#1606,#1607));
#5042=EDGE_LOOP('',(#1608,#1609,#1610,#1611));
#5043=EDGE_LOOP('',(#1612,#1613,#1614,#1615,#1616,#1617,#1618,#1619,#1620,
#1621,#1622,#1623,#1624,#1625,#1626,#1627,#1628,#1629,#1630,#1631));
#5044=EDGE_LOOP('',(#1632,#1633,#1634,#1635,#1636));
#5045=EDGE_LOOP('',(#1637,#1638,#1639,#1640,#1641));
#5046=EDGE_LOOP('',(#1642,#1643,#1644,#1645));
#5047=EDGE_LOOP('',(#1646,#1647,#1648,#1649));
#5048=EDGE_LOOP('',(#1650,#1651,#1652,#1653));
#5049=EDGE_LOOP('',(#1654,#1655,#1656,#1657));
#5050=EDGE_LOOP('',(#1658,#1659,#1660,#1661));
#5051=EDGE_LOOP('',(#1662,#1663,#1664,#1665));
#5052=EDGE_LOOP('',(#1666,#1667,#1668,#1669,#1670,#1671));
#5053=EDGE_LOOP('',(#1672,#1673,#1674,#1675,#1676,#1677));
#5054=EDGE_LOOP('',(#1678,#1679,#1680,#1681,#1682,#1683));
#5055=EDGE_LOOP('',(#1684,#1685,#1686,#1687,#1688,#1689,#1690,#1691,#1692,
#1693));
#5056=EDGE_LOOP('',(#1694,#1695,#1696,#1697,#1698,#1699));
#5057=EDGE_LOOP('',(#1700,#1701,#1702,#1703,#1704,#1705));
#5058=EDGE_LOOP('',(#1706,#1707,#1708,#1709,#1710,#1711,#1712));
#5059=EDGE_LOOP('',(#1713,#1714,#1715,#1716,#1717,#1718,#1719,#1720,#1721,
#1722,#1723));
#5060=EDGE_LOOP('',(#1724,#1725,#1726,#1727));
#5061=EDGE_LOOP('',(#1728,#1729,#1730,#1731));
#5062=EDGE_LOOP('',(#1732,#1733,#1734,#1735,#1736,#1737));
#5063=EDGE_LOOP('',(#1738,#1739,#1740,#1741));
#5064=EDGE_LOOP('',(#1742,#1743,#1744,#1745,#1746,#1747,#1748,#1749,#1750,
#1751,#1752,#1753,#1754));
#5065=EDGE_LOOP('',(#1755,#1756,#1757,#1758,#1759));
#5066=EDGE_LOOP('',(#1760,#1761,#1762,#1763));
#5067=EDGE_LOOP('',(#1764,#1765,#1766,#1767,#1768,#1769,#1770));
#5068=EDGE_LOOP('',(#1771,#1772,#1773,#1774));
#5069=EDGE_LOOP('',(#1775,#1776,#1777,#1778));
#5070=EDGE_LOOP('',(#1779,#1780,#1781,#1782));
#5071=EDGE_LOOP('',(#1783,#1784,#1785,#1786,#1787,#1788,#1789,#1790,#1791,
#1792,#1793,#1794,#1795,#1796));
#5072=EDGE_LOOP('',(#1797,#1798,#1799,#1800,#1801,#1802));
#5073=EDGE_LOOP('',(#1803,#1804,#1805,#1806));
#5074=EDGE_LOOP('',(#1807,#1808,#1809,#1810));
#5075=EDGE_LOOP('',(#1811,#1812,#1813,#1814,#1815));
#5076=EDGE_LOOP('',(#1816,#1817,#1818,#1819,#1820,#1821,#1822));
#5077=EDGE_LOOP('',(#1823,#1824,#1825,#1826));
#5078=EDGE_LOOP('',(#1827,#1828,#1829,#1830));
#5079=EDGE_LOOP('',(#1831,#1832,#1833,#1834));
#5080=EDGE_LOOP('',(#1835,#1836,#1837,#1838));
#5081=EDGE_LOOP('',(#1839,#1840,#1841,#1842));
#5082=EDGE_LOOP('',(#1843,#1844,#1845,#1846));
#5083=EDGE_LOOP('',(#1847,#1848,#1849,#1850));
#5084=EDGE_LOOP('',(#1851,#1852,#1853,#1854));
#5085=EDGE_LOOP('',(#1855,#1856,#1857,#1858));
#5086=EDGE_LOOP('',(#1859,#1860,#1861,#1862));
#5087=EDGE_LOOP('',(#1863,#1864,#1865,#1866));
#5088=EDGE_LOOP('',(#1867,#1868,#1869,#1870));
#5089=EDGE_LOOP('',(#1871,#1872,#1873,#1874));
#5090=EDGE_LOOP('',(#1875,#1876,#1877,#1878));
#5091=EDGE_LOOP('',(#1879,#1880,#1881,#1882));
#5092=EDGE_LOOP('',(#1883,#1884,#1885,#1886));
#5093=EDGE_LOOP('',(#1887,#1888,#1889,#1890));
#5094=EDGE_LOOP('',(#1891,#1892,#1893,#1894));
#5095=EDGE_LOOP('',(#1895,#1896,#1897,#1898));
#5096=EDGE_LOOP('',(#1899,#1900,#1901,#1902));
#5097=EDGE_LOOP('',(#1903,#1904,#1905,#1906));
#5098=EDGE_LOOP('',(#1907,#1908,#1909,#1910));
#5099=EDGE_LOOP('',(#1911,#1912,#1913,#1914));
#5100=EDGE_LOOP('',(#1915,#1916,#1917,#1918));
#5101=EDGE_LOOP('',(#1919,#1920,#1921,#1922));
#5102=EDGE_LOOP('',(#1923,#1924,#1925,#1926));
#5103=EDGE_LOOP('',(#1927,#1928,#1929,#1930));
#5104=EDGE_LOOP('',(#1931,#1932,#1933,#1934));
#5105=EDGE_LOOP('',(#1935,#1936,#1937,#1938));
#5106=EDGE_LOOP('',(#1939,#1940,#1941,#1942,#1943,#1944,#1945,#1946));
#5107=EDGE_LOOP('',(#1947,#1948,#1949,#1950));
#5108=EDGE_LOOP('',(#1951,#1952,#1953,#1954));
#5109=EDGE_LOOP('',(#1955,#1956,#1957,#1958));
#5110=EDGE_LOOP('',(#1959,#1960,#1961,#1962));
#5111=EDGE_LOOP('',(#1963,#1964,#1965,#1966));
#5112=EDGE_LOOP('',(#1967,#1968,#1969,#1970));
#5113=EDGE_LOOP('',(#1971,#1972,#1973,#1974,#1975,#1976,#1977,#1978));
#5114=EDGE_LOOP('',(#1979,#1980,#1981,#1982));
#5115=EDGE_LOOP('',(#1983,#1984,#1985,#1986));
#5116=EDGE_LOOP('',(#1987,#1988,#1989,#1990));
#5117=EDGE_LOOP('',(#1991,#1992,#1993,#1994,#1995));
#5118=EDGE_LOOP('',(#1996,#1997,#1998,#1999,#2000));
#5119=EDGE_LOOP('',(#2001,#2002,#2003,#2004,#2005));
#5120=EDGE_LOOP('',(#2006,#2007,#2008,#2009,#2010));
#5121=EDGE_LOOP('',(#2011,#2012,#2013,#2014,#2015,#2016));
#5122=EDGE_LOOP('',(#2017,#2018,#2019,#2020,#2021,#2022));
#5123=EDGE_LOOP('',(#2023,#2024,#2025,#2026,#2027,#2028));
#5124=EDGE_LOOP('',(#2029,#2030,#2031,#2032));
#5125=EDGE_LOOP('',(#2033,#2034,#2035,#2036));
#5126=EDGE_LOOP('',(#2037,#2038,#2039,#2040,#2041,#2042));
#5127=EDGE_LOOP('',(#2043,#2044,#2045,#2046,#2047,#2048));
#5128=EDGE_LOOP('',(#2049,#2050,#2051,#2052,#2053,#2054));
#5129=EDGE_LOOP('',(#2055,#2056,#2057,#2058));
#5130=EDGE_LOOP('',(#2059,#2060,#2061,#2062));
#5131=EDGE_LOOP('',(#2063));
#5132=EDGE_LOOP('',(#2064));
#5133=EDGE_LOOP('',(#2065));
#5134=EDGE_LOOP('',(#2066,#2067,#2068,#2069));
#5135=EDGE_LOOP('',(#2070,#2071,#2072,#2073));
#5136=EDGE_LOOP('',(#2074,#2075,#2076,#2077));
#5137=EDGE_LOOP('',(#2078,#2079,#2080,#2081));
#5138=EDGE_LOOP('',(#2082,#2083,#2084,#2085));
#5139=EDGE_LOOP('',(#2086,#2087,#2088,#2089,#2090));
#5140=EDGE_LOOP('',(#2091,#2092,#2093,#2094));
#5141=EDGE_LOOP('',(#2095,#2096,#2097,#2098));
#5142=EDGE_LOOP('',(#2099,#2100,#2101,#2102));
#5143=EDGE_LOOP('',(#2103,#2104,#2105,#2106));
#5144=EDGE_LOOP('',(#2107,#2108,#2109,#2110));
#5145=EDGE_LOOP('',(#2111,#2112,#2113,#2114));
#5146=EDGE_LOOP('',(#2115,#2116,#2117,#2118));
#5147=EDGE_LOOP('',(#2119,#2120,#2121,#2122,#2123,#2124,#2125));
#5148=FACE_BOUND('',#4819,.T.);
#5149=FACE_BOUND('',#4820,.T.);
#5150=FACE_BOUND('',#4821,.T.);
#5151=FACE_BOUND('',#4822,.T.);
#5152=FACE_BOUND('',#4823,.T.);
#5153=FACE_BOUND('',#4824,.T.);
#5154=FACE_BOUND('',#4825,.T.);
#5155=FACE_BOUND('',#4826,.T.);
#5156=FACE_BOUND('',#4827,.T.);
#5157=FACE_BOUND('',#4828,.T.);
#5158=FACE_BOUND('',#4829,.T.);
#5159=FACE_BOUND('',#4830,.T.);
#5160=FACE_BOUND('',#4831,.T.);
#5161=FACE_BOUND('',#4832,.T.);
#5162=FACE_BOUND('',#4833,.T.);
#5163=FACE_BOUND('',#4834,.T.);
#5164=FACE_BOUND('',#4835,.T.);
#5165=FACE_BOUND('',#4836,.T.);
#5166=FACE_BOUND('',#4837,.T.);
#5167=FACE_BOUND('',#4838,.T.);
#5168=FACE_BOUND('',#4839,.T.);
#5169=FACE_BOUND('',#4840,.T.);
#5170=FACE_BOUND('',#4841,.T.);
#5171=FACE_BOUND('',#4842,.T.);
#5172=FACE_BOUND('',#4843,.T.);
#5173=FACE_BOUND('',#4844,.T.);
#5174=FACE_BOUND('',#4845,.T.);
#5175=FACE_BOUND('',#4846,.T.);
#5176=FACE_BOUND('',#4847,.T.);
#5177=FACE_BOUND('',#4848,.T.);
#5178=FACE_BOUND('',#4849,.T.);
#5179=FACE_BOUND('',#4850,.T.);
#5180=FACE_BOUND('',#4851,.T.);
#5181=FACE_BOUND('',#4852,.T.);
#5182=FACE_BOUND('',#4853,.T.);
#5183=FACE_BOUND('',#4854,.T.);
#5184=FACE_BOUND('',#4855,.T.);
#5185=FACE_BOUND('',#4856,.T.);
#5186=FACE_BOUND('',#4857,.T.);
#5187=FACE_BOUND('',#4858,.T.);
#5188=FACE_BOUND('',#4859,.T.);
#5189=FACE_BOUND('',#4860,.T.);
#5190=FACE_BOUND('',#4861,.T.);
#5191=FACE_BOUND('',#4862,.T.);
#5192=FACE_BOUND('',#4863,.T.);
#5193=FACE_BOUND('',#4864,.T.);
#5194=FACE_BOUND('',#4865,.T.);
#5195=FACE_BOUND('',#4866,.T.);
#5196=FACE_BOUND('',#4867,.T.);
#5197=FACE_BOUND('',#4868,.T.);
#5198=FACE_BOUND('',#4869,.T.);
#5199=FACE_BOUND('',#4870,.T.);
#5200=FACE_BOUND('',#4871,.T.);
#5201=FACE_BOUND('',#4872,.T.);
#5202=FACE_BOUND('',#4873,.T.);
#5203=FACE_BOUND('',#4874,.T.);
#5204=FACE_BOUND('',#4875,.T.);
#5205=FACE_BOUND('',#4876,.T.);
#5206=FACE_BOUND('',#4877,.T.);
#5207=FACE_BOUND('',#4878,.T.);
#5208=FACE_BOUND('',#4879,.T.);
#5209=FACE_BOUND('',#4880,.T.);
#5210=FACE_BOUND('',#4881,.T.);
#5211=FACE_BOUND('',#4882,.T.);
#5212=FACE_BOUND('',#4883,.T.);
#5213=FACE_BOUND('',#4884,.T.);
#5214=FACE_BOUND('',#4885,.T.);
#5215=FACE_BOUND('',#4886,.T.);
#5216=FACE_BOUND('',#4887,.T.);
#5217=FACE_BOUND('',#4888,.T.);
#5218=FACE_BOUND('',#4889,.T.);
#5219=FACE_BOUND('',#4890,.T.);
#5220=FACE_BOUND('',#4891,.T.);
#5221=FACE_BOUND('',#4892,.T.);
#5222=FACE_BOUND('',#4893,.T.);
#5223=FACE_BOUND('',#4894,.T.);
#5224=FACE_BOUND('',#4895,.T.);
#5225=FACE_BOUND('',#4896,.T.);
#5226=FACE_BOUND('',#4897,.T.);
#5227=FACE_BOUND('',#4898,.T.);
#5228=FACE_BOUND('',#4899,.T.);
#5229=FACE_BOUND('',#4900,.T.);
#5230=FACE_BOUND('',#4901,.T.);
#5231=FACE_BOUND('',#4902,.T.);
#5232=FACE_BOUND('',#4903,.T.);
#5233=FACE_BOUND('',#4904,.T.);
#5234=FACE_BOUND('',#4905,.T.);
#5235=FACE_BOUND('',#4906,.T.);
#5236=FACE_BOUND('',#4907,.T.);
#5237=FACE_BOUND('',#4908,.T.);
#5238=FACE_BOUND('',#4909,.T.);
#5239=FACE_BOUND('',#4910,.T.);
#5240=FACE_BOUND('',#4911,.T.);
#5241=FACE_BOUND('',#4912,.T.);
#5242=FACE_BOUND('',#4913,.T.);
#5243=FACE_BOUND('',#4914,.T.);
#5244=FACE_BOUND('',#4915,.T.);
#5245=FACE_BOUND('',#4916,.T.);
#5246=FACE_BOUND('',#4917,.T.);
#5247=FACE_BOUND('',#4918,.T.);
#5248=FACE_BOUND('',#4919,.T.);
#5249=FACE_BOUND('',#4920,.T.);
#5250=FACE_BOUND('',#4921,.T.);
#5251=FACE_BOUND('',#4922,.T.);
#5252=FACE_BOUND('',#4923,.T.);
#5253=FACE_BOUND('',#4924,.T.);
#5254=FACE_BOUND('',#4925,.T.);
#5255=FACE_BOUND('',#4926,.T.);
#5256=FACE_BOUND('',#4927,.T.);
#5257=FACE_BOUND('',#4928,.T.);
#5258=FACE_BOUND('',#4929,.T.);
#5259=FACE_BOUND('',#4930,.T.);
#5260=FACE_BOUND('',#4931,.T.);
#5261=FACE_BOUND('',#4932,.T.);
#5262=FACE_BOUND('',#4933,.T.);
#5263=FACE_BOUND('',#4934,.T.);
#5264=FACE_BOUND('',#4935,.T.);
#5265=FACE_BOUND('',#4936,.T.);
#5266=FACE_BOUND('',#4937,.T.);
#5267=FACE_BOUND('',#4938,.T.);
#5268=FACE_BOUND('',#4939,.T.);
#5269=FACE_BOUND('',#4940,.T.);
#5270=FACE_BOUND('',#4941,.T.);
#5271=FACE_BOUND('',#4942,.T.);
#5272=FACE_BOUND('',#4943,.T.);
#5273=FACE_BOUND('',#4944,.T.);
#5274=FACE_BOUND('',#4945,.T.);
#5275=FACE_BOUND('',#4946,.T.);
#5276=FACE_BOUND('',#4947,.T.);
#5277=FACE_BOUND('',#4948,.T.);
#5278=FACE_BOUND('',#4949,.T.);
#5279=FACE_BOUND('',#4950,.T.);
#5280=FACE_BOUND('',#4951,.T.);
#5281=FACE_BOUND('',#4952,.T.);
#5282=FACE_BOUND('',#4953,.T.);
#5283=FACE_BOUND('',#4954,.T.);
#5284=FACE_BOUND('',#4955,.T.);
#5285=FACE_BOUND('',#4956,.T.);
#5286=FACE_BOUND('',#4957,.T.);
#5287=FACE_BOUND('',#4958,.T.);
#5288=FACE_BOUND('',#4959,.T.);
#5289=FACE_BOUND('',#4960,.T.);
#5290=FACE_BOUND('',#4961,.T.);
#5291=FACE_BOUND('',#4962,.T.);
#5292=FACE_BOUND('',#4963,.T.);
#5293=FACE_BOUND('',#4964,.T.);
#5294=FACE_BOUND('',#4965,.T.);
#5295=FACE_BOUND('',#4966,.T.);
#5296=FACE_BOUND('',#4967,.T.);
#5297=FACE_BOUND('',#4968,.T.);
#5298=FACE_BOUND('',#4969,.T.);
#5299=FACE_BOUND('',#4970,.T.);
#5300=FACE_BOUND('',#4971,.T.);
#5301=FACE_BOUND('',#4972,.T.);
#5302=FACE_BOUND('',#4973,.T.);
#5303=FACE_BOUND('',#4974,.T.);
#5304=FACE_BOUND('',#4975,.T.);
#5305=FACE_BOUND('',#4976,.T.);
#5306=FACE_BOUND('',#4977,.T.);
#5307=FACE_BOUND('',#4978,.T.);
#5308=FACE_BOUND('',#4979,.T.);
#5309=FACE_BOUND('',#4980,.T.);
#5310=FACE_BOUND('',#4981,.T.);
#5311=FACE_BOUND('',#4982,.T.);
#5312=FACE_BOUND('',#4983,.T.);
#5313=FACE_BOUND('',#4984,.T.);
#5314=FACE_BOUND('',#4985,.T.);
#5315=FACE_BOUND('',#4986,.T.);
#5316=FACE_BOUND('',#4987,.T.);
#5317=FACE_BOUND('',#4988,.T.);
#5318=FACE_BOUND('',#4989,.T.);
#5319=FACE_BOUND('',#4990,.T.);
#5320=FACE_BOUND('',#4991,.T.);
#5321=FACE_BOUND('',#4992,.T.);
#5322=FACE_BOUND('',#4993,.T.);
#5323=FACE_BOUND('',#4994,.T.);
#5324=FACE_BOUND('',#4995,.T.);
#5325=FACE_BOUND('',#4996,.T.);
#5326=FACE_BOUND('',#4997,.T.);
#5327=FACE_BOUND('',#4998,.T.);
#5328=FACE_BOUND('',#4999,.T.);
#5329=FACE_BOUND('',#5000,.T.);
#5330=FACE_BOUND('',#5001,.T.);
#5331=FACE_BOUND('',#5002,.T.);
#5332=FACE_BOUND('',#5003,.T.);
#5333=FACE_BOUND('',#5004,.T.);
#5334=FACE_BOUND('',#5005,.T.);
#5335=FACE_BOUND('',#5006,.T.);
#5336=FACE_BOUND('',#5007,.T.);
#5337=FACE_BOUND('',#5008,.T.);
#5338=FACE_BOUND('',#5009,.T.);
#5339=FACE_BOUND('',#5010,.T.);
#5340=FACE_BOUND('',#5011,.T.);
#5341=FACE_BOUND('',#5012,.T.);
#5342=FACE_BOUND('',#5013,.T.);
#5343=FACE_BOUND('',#5014,.T.);
#5344=FACE_BOUND('',#5015,.T.);
#5345=FACE_BOUND('',#5016,.T.);
#5346=FACE_BOUND('',#5017,.T.);
#5347=FACE_BOUND('',#5018,.T.);
#5348=FACE_BOUND('',#5019,.T.);
#5349=FACE_BOUND('',#5020,.T.);
#5350=FACE_BOUND('',#5021,.T.);
#5351=FACE_BOUND('',#5022,.T.);
#5352=FACE_BOUND('',#5023,.T.);
#5353=FACE_BOUND('',#5024,.T.);
#5354=FACE_BOUND('',#5025,.T.);
#5355=FACE_BOUND('',#5026,.T.);
#5356=FACE_BOUND('',#5027,.T.);
#5357=FACE_BOUND('',#5028,.T.);
#5358=FACE_BOUND('',#5029,.T.);
#5359=FACE_BOUND('',#5030,.T.);
#5360=FACE_BOUND('',#5031,.T.);
#5361=FACE_BOUND('',#5032,.T.);
#5362=FACE_BOUND('',#5033,.T.);
#5363=FACE_BOUND('',#5034,.T.);
#5364=FACE_BOUND('',#5035,.T.);
#5365=FACE_BOUND('',#5036,.T.);
#5366=FACE_BOUND('',#5037,.T.);
#5367=FACE_BOUND('',#5038,.T.);
#5368=FACE_BOUND('',#5039,.T.);
#5369=FACE_BOUND('',#5040,.T.);
#5370=FACE_BOUND('',#5041,.T.);
#5371=FACE_BOUND('',#5042,.T.);
#5372=FACE_BOUND('',#5043,.T.);
#5373=FACE_BOUND('',#5044,.T.);
#5374=FACE_BOUND('',#5045,.T.);
#5375=FACE_BOUND('',#5046,.T.);
#5376=FACE_BOUND('',#5047,.T.);
#5377=FACE_BOUND('',#5048,.T.);
#5378=FACE_BOUND('',#5049,.T.);
#5379=FACE_BOUND('',#5050,.T.);
#5380=FACE_BOUND('',#5051,.T.);
#5381=FACE_BOUND('',#5052,.T.);
#5382=FACE_BOUND('',#5053,.T.);
#5383=FACE_BOUND('',#5054,.T.);
#5384=FACE_BOUND('',#5055,.T.);
#5385=FACE_BOUND('',#5056,.T.);
#5386=FACE_BOUND('',#5057,.T.);
#5387=FACE_BOUND('',#5058,.T.);
#5388=FACE_BOUND('',#5059,.T.);
#5389=FACE_BOUND('',#5060,.T.);
#5390=FACE_BOUND('',#5061,.T.);
#5391=FACE_BOUND('',#5062,.T.);
#5392=FACE_BOUND('',#5063,.T.);
#5393=FACE_BOUND('',#5064,.T.);
#5394=FACE_BOUND('',#5065,.T.);
#5395=FACE_BOUND('',#5066,.T.);
#5396=FACE_BOUND('',#5067,.T.);
#5397=FACE_BOUND('',#5068,.T.);
#5398=FACE_BOUND('',#5069,.T.);
#5399=FACE_BOUND('',#5070,.T.);
#5400=FACE_BOUND('',#5071,.T.);
#5401=FACE_BOUND('',#5072,.T.);
#5402=FACE_BOUND('',#5073,.T.);
#5403=FACE_BOUND('',#5074,.T.);
#5404=FACE_BOUND('',#5075,.T.);
#5405=FACE_BOUND('',#5076,.T.);
#5406=FACE_BOUND('',#5077,.T.);
#5407=FACE_BOUND('',#5078,.T.);
#5408=FACE_BOUND('',#5079,.T.);
#5409=FACE_BOUND('',#5080,.T.);
#5410=FACE_BOUND('',#5081,.T.);
#5411=FACE_BOUND('',#5082,.T.);
#5412=FACE_BOUND('',#5083,.T.);
#5413=FACE_BOUND('',#5084,.T.);
#5414=FACE_BOUND('',#5085,.T.);
#5415=FACE_BOUND('',#5086,.T.);
#5416=FACE_BOUND('',#5087,.T.);
#5417=FACE_BOUND('',#5088,.T.);
#5418=FACE_BOUND('',#5089,.T.);
#5419=FACE_BOUND('',#5090,.T.);
#5420=FACE_BOUND('',#5091,.T.);
#5421=FACE_BOUND('',#5092,.T.);
#5422=FACE_BOUND('',#5093,.T.);
#5423=FACE_BOUND('',#5094,.T.);
#5424=FACE_BOUND('',#5095,.T.);
#5425=FACE_BOUND('',#5096,.T.);
#5426=FACE_BOUND('',#5097,.T.);
#5427=FACE_BOUND('',#5098,.T.);
#5428=FACE_BOUND('',#5099,.T.);
#5429=FACE_BOUND('',#5100,.T.);
#5430=FACE_BOUND('',#5101,.T.);
#5431=FACE_BOUND('',#5102,.T.);
#5432=FACE_BOUND('',#5103,.T.);
#5433=FACE_BOUND('',#5104,.T.);
#5434=FACE_BOUND('',#5105,.T.);
#5435=FACE_BOUND('',#5106,.T.);
#5436=FACE_BOUND('',#5107,.T.);
#5437=FACE_BOUND('',#5108,.T.);
#5438=FACE_BOUND('',#5109,.T.);
#5439=FACE_BOUND('',#5110,.T.);
#5440=FACE_BOUND('',#5111,.T.);
#5441=FACE_BOUND('',#5112,.T.);
#5442=FACE_BOUND('',#5113,.T.);
#5443=FACE_BOUND('',#5114,.T.);
#5444=FACE_BOUND('',#5115,.T.);
#5445=FACE_BOUND('',#5116,.T.);
#5446=FACE_BOUND('',#5117,.T.);
#5447=FACE_BOUND('',#5118,.T.);
#5448=FACE_BOUND('',#5119,.T.);
#5449=FACE_BOUND('',#5120,.T.);
#5450=FACE_BOUND('',#5121,.T.);
#5451=FACE_BOUND('',#5122,.T.);
#5452=FACE_BOUND('',#5123,.T.);
#5453=FACE_BOUND('',#5124,.T.);
#5454=FACE_BOUND('',#5125,.T.);
#5455=FACE_BOUND('',#5126,.T.);
#5456=FACE_BOUND('',#5127,.T.);
#5457=FACE_BOUND('',#5128,.T.);
#5458=FACE_BOUND('',#5129,.T.);
#5459=FACE_BOUND('',#5130,.T.);
#5460=FACE_BOUND('',#5131,.T.);
#5461=FACE_BOUND('',#5132,.T.);
#5462=FACE_BOUND('',#5133,.T.);
#5463=FACE_BOUND('',#5134,.T.);
#5464=FACE_BOUND('',#5135,.T.);
#5465=FACE_BOUND('',#5136,.T.);
#5466=FACE_BOUND('',#5137,.T.);
#5467=FACE_BOUND('',#5138,.T.);
#5468=FACE_BOUND('',#5139,.T.);
#5469=FACE_BOUND('',#5140,.T.);
#5470=FACE_BOUND('',#5141,.T.);
#5471=FACE_BOUND('',#5142,.T.);
#5472=FACE_BOUND('',#5143,.T.);
#5473=FACE_BOUND('',#5144,.T.);
#5474=FACE_BOUND('',#5145,.T.);
#5475=FACE_BOUND('',#5146,.T.);
#5476=FACE_BOUND('',#5147,.T.);
#5477=PLANE('',#8190);
#5478=PLANE('',#8199);
#5479=PLANE('',#8206);
#5480=PLANE('',#8211);
#5481=PLANE('',#8218);
#5482=PLANE('',#8223);
#5483=PLANE('',#8226);
#5484=PLANE('',#8229);
#5485=PLANE('',#8232);
#5486=PLANE('',#8235);
#5487=PLANE('',#8236);
#5488=PLANE('',#8240);
#5489=PLANE('',#8243);
#5490=PLANE('',#8246);
#5491=PLANE('',#8249);
#5492=PLANE('',#8252);
#5493=PLANE('',#8269);
#5494=PLANE('',#8270);
#5495=PLANE('',#8271);
#5496=PLANE('',#8274);
#5497=PLANE('',#8275);
#5498=PLANE('',#8276);
#5499=PLANE('',#8281);
#5500=PLANE('',#8286);
#5501=PLANE('',#8290);
#5502=PLANE('',#8311);
#5503=PLANE('',#8313);
#5504=PLANE('',#8316);
#5505=PLANE('',#8326);
#5506=PLANE('',#8333);
#5507=PLANE('',#8340);
#5508=PLANE('',#8347);
#5509=PLANE('',#8348);
#5510=PLANE('',#8352);
#5511=PLANE('',#8355);
#5512=PLANE('',#8363);
#5513=PLANE('',#8367);
#5514=PLANE('',#8369);
#5515=PLANE('',#8372);
#5516=PLANE('',#8373);
#5517=PLANE('',#8382);
#5518=PLANE('',#8393);
#5519=PLANE('',#8396);
#5520=PLANE('',#8399);
#5521=PLANE('',#8402);
#5522=PLANE('',#8412);
#5523=PLANE('',#8415);
#5524=PLANE('',#8420);
#5525=PLANE('',#8423);
#5526=PLANE('',#8424);
#5527=PLANE('',#8429);
#5528=PLANE('',#8437);
#5529=PLANE('',#8440);
#5530=PLANE('',#8447);
#5531=PLANE('',#8448);
#5532=PLANE('',#8452);
#5533=PLANE('',#8459);
#5534=PLANE('',#8463);
#5535=PLANE('',#8465);
#5536=PLANE('',#8468);
#5537=PLANE('',#8469);
#5538=PLANE('',#8473);
#5539=PLANE('',#8479);
#5540=PLANE('',#8481);
#5541=PLANE('',#8482);
#5542=PLANE('',#8487);
#5543=PLANE('',#8489);
#5544=PLANE('',#8491);
#5545=PLANE('',#8493);
#5546=PLANE('',#8495);
#5547=PLANE('',#8497);
#5548=PLANE('',#8499);
#5549=PLANE('',#8502);
#5550=PLANE('',#8505);
#5551=PLANE('',#8506);
#5552=PLANE('',#8509);
#5553=PLANE('',#8510);
#5554=PLANE('',#8512);
#5555=PLANE('',#8514);
#5556=PLANE('',#8516);
#5557=PLANE('',#8518);
#5558=PLANE('',#8520);
#5559=PLANE('',#8522);
#5560=PLANE('',#8524);
#5561=PLANE('',#8527);
#5562=PLANE('',#8530);
#5563=PLANE('',#8533);
#5564=PLANE('',#8534);
#5565=PLANE('',#8535);
#5566=PLANE('',#8537);
#5567=PLANE('',#8540);
#5568=PLANE('',#8541);
#5569=PLANE('',#8542);
#5570=PLANE('',#8544);
#5571=PLANE('',#8547);
#5572=PLANE('',#8548);
#5573=PLANE('',#8549);
#5574=PLANE('',#8550);
#5575=PLANE('',#8552);
#5576=PLANE('',#8553);
#5577=PLANE('',#8554);
#5578=PLANE('',#8555);
#5579=PLANE('',#8556);
#5580=PLANE('',#8557);
#5581=PLANE('',#8559);
#5582=PLANE('',#8560);
#5583=PLANE('',#8563);
#5584=PLANE('',#8568);
#5585=PLANE('',#8571);
#5586=PLANE('',#8574);
#5587=PLANE('',#8577);
#5588=PLANE('',#8580);
#5589=PLANE('',#8583);
#5590=PLANE('',#8584);
#5591=PLANE('',#8587);
#5592=PLANE('',#8592);
#5593=PLANE('',#8595);
#5594=PLANE('',#8598);
#5595=PLANE('',#8601);
#5596=PLANE('',#8604);
#5597=PLANE('',#8607);
#5598=PLANE('',#8608);
#5599=PLANE('',#8609);
#5600=PLANE('',#8610);
#5601=PLANE('',#8611);
#5602=PLANE('',#8612);
#5603=PLANE('',#8613);
#5604=PLANE('',#8614);
#5605=PLANE('',#8615);
#5606=PLANE('',#8616);
#5607=PLANE('',#8617);
#5608=PLANE('',#8618);
#5609=PLANE('',#8619);
#5610=PLANE('',#8622);
#5611=PLANE('',#8623);
#5612=PLANE('',#8624);
#5613=PLANE('',#8625);
#5614=PLANE('',#8630);
#5615=PLANE('',#8633);
#5616=PLANE('',#8642);
#5617=PLANE('',#8645);
#5618=PLANE('',#8648);
#5619=PLANE('',#8649);
#5620=PLANE('',#8650);
#5621=PLANE('',#8653);
#5622=PLANE('',#8654);
#5623=PLANE('',#8658);
#5624=PLANE('',#8660);
#5625=PLANE('',#8662);
#5626=PLANE('',#8664);
#5627=PLANE('',#8665);
#5628=PLANE('',#8666);
#5629=PLANE('',#8667);
#5630=PLANE('',#8668);
#5631=PLANE('',#8669);
#5632=PLANE('',#8670);
#5633=PLANE('',#8671);
#5634=PLANE('',#8672);
#5635=PLANE('',#8673);
#5636=PLANE('',#8674);
#5637=PLANE('',#8675);
#5638=PLANE('',#8676);
#5639=PLANE('',#8677);
#5640=PLANE('',#8678);
#5641=PLANE('',#8679);
#5642=PLANE('',#8680);
#5643=PLANE('',#8681);
#5644=PLANE('',#8682);
#5645=PLANE('',#8683);
#5646=PLANE('',#8685);
#5647=PLANE('',#8686);
#5648=PLANE('',#8687);
#5649=PLANE('',#8692);
#5650=PLANE('',#8694);
#5651=PLANE('',#8695);
#5652=PLANE('',#8696);
#5653=PLANE('',#8701);
#5654=PLANE('',#8702);
#5655=PLANE('',#8703);
#5656=PLANE('',#8704);
#5657=PLANE('',#8705);
#5658=PLANE('',#8718);
#5659=PLANE('',#8719);
#5660=PLANE('',#8720);
#5661=PLANE('',#8721);
#5662=PLANE('',#8722);
#5663=PLANE('',#8723);
#5664=PLANE('',#8724);
#5665=PLANE('',#8725);
#5666=PLANE('',#8726);
#5667=PLANE('',#8729);
#5668=PLANE('',#8732);
#5669=PLANE('',#8735);
#5670=STYLED_ITEM('',(#5984),#7871);
#5671=STYLED_ITEM('',(#5985),#7872);
#5672=STYLED_ITEM('',(#5986),#7873);
#5673=STYLED_ITEM('',(#5987),#7874);
#5674=STYLED_ITEM('',(#5988),#7875);
#5675=STYLED_ITEM('',(#5989),#7876);
#5676=STYLED_ITEM('',(#5990),#7877);
#5677=STYLED_ITEM('',(#5991),#7878);
#5678=STYLED_ITEM('',(#5992),#7879);
#5679=STYLED_ITEM('',(#5993),#7880);
#5680=STYLED_ITEM('',(#5994),#7881);
#5681=STYLED_ITEM('',(#5995),#7882);
#5682=STYLED_ITEM('',(#5996),#7883);
#5683=STYLED_ITEM('',(#5997),#7884);
#5684=STYLED_ITEM('',(#5998),#7885);
#5685=STYLED_ITEM('',(#5999),#7886);
#5686=STYLED_ITEM('',(#6000),#7887);
#5687=STYLED_ITEM('',(#6001),#7888);
#5688=STYLED_ITEM('',(#6002),#7889);
#5689=STYLED_ITEM('',(#6003),#7890);
#5690=STYLED_ITEM('',(#6004),#7891);
#5691=STYLED_ITEM('',(#6005),#7892);
#5692=STYLED_ITEM('',(#6006),#7893);
#5693=STYLED_ITEM('',(#6007),#7894);
#5694=STYLED_ITEM('',(#6008),#7895);
#5695=STYLED_ITEM('',(#6009),#7896);
#5696=STYLED_ITEM('',(#6010),#7897);
#5697=STYLED_ITEM('',(#6011),#7898);
#5698=STYLED_ITEM('',(#6012),#7899);
#5699=STYLED_ITEM('',(#6013),#7900);
#5700=STYLED_ITEM('',(#6014),#7901);
#5701=STYLED_ITEM('',(#6015),#7902);
#5702=STYLED_ITEM('',(#6016),#7903);
#5703=STYLED_ITEM('',(#6017),#7904);
#5704=STYLED_ITEM('',(#6018),#7905);
#5705=STYLED_ITEM('',(#6019),#7906);
#5706=STYLED_ITEM('',(#6020),#7907);
#5707=STYLED_ITEM('',(#6021),#7908);
#5708=STYLED_ITEM('',(#6022),#7909);
#5709=STYLED_ITEM('',(#6023),#7910);
#5710=STYLED_ITEM('',(#6024),#7911);
#5711=STYLED_ITEM('',(#6025),#7912);
#5712=STYLED_ITEM('',(#6026),#7913);
#5713=STYLED_ITEM('',(#6027),#7914);
#5714=STYLED_ITEM('',(#6028),#7915);
#5715=STYLED_ITEM('',(#6029),#7916);
#5716=STYLED_ITEM('',(#6030),#7917);
#5717=STYLED_ITEM('',(#6031),#7918);
#5718=STYLED_ITEM('',(#6032),#7919);
#5719=STYLED_ITEM('',(#6033),#7920);
#5720=STYLED_ITEM('',(#6034),#7921);
#5721=STYLED_ITEM('',(#6035),#7922);
#5722=STYLED_ITEM('',(#6036),#7923);
#5723=STYLED_ITEM('',(#6037),#7924);
#5724=STYLED_ITEM('',(#6038),#7925);
#5725=STYLED_ITEM('',(#6039),#7926);
#5726=STYLED_ITEM('',(#6040),#7927);
#5727=STYLED_ITEM('',(#6041),#7928);
#5728=STYLED_ITEM('',(#6042),#7929);
#5729=STYLED_ITEM('',(#6043),#7930);
#5730=STYLED_ITEM('',(#6044),#7931);
#5731=STYLED_ITEM('',(#6045),#7932);
#5732=STYLED_ITEM('',(#6046),#7933);
#5733=STYLED_ITEM('',(#6047),#7934);
#5734=STYLED_ITEM('',(#6048),#7935);
#5735=STYLED_ITEM('',(#6049),#7936);
#5736=STYLED_ITEM('',(#6050),#7937);
#5737=STYLED_ITEM('',(#6051),#7938);
#5738=STYLED_ITEM('',(#6052),#7939);
#5739=STYLED_ITEM('',(#6053),#7940);
#5740=STYLED_ITEM('',(#6054),#7941);
#5741=STYLED_ITEM('',(#6055),#7942);
#5742=STYLED_ITEM('',(#6056),#7943);
#5743=STYLED_ITEM('',(#6057),#7944);
#5744=STYLED_ITEM('',(#6058),#7945);
#5745=STYLED_ITEM('',(#6059),#7946);
#5746=STYLED_ITEM('',(#6060),#7947);
#5747=STYLED_ITEM('',(#6061),#7948);
#5748=STYLED_ITEM('',(#6062),#7949);
#5749=STYLED_ITEM('',(#6063),#7950);
#5750=STYLED_ITEM('',(#6064),#7951);
#5751=STYLED_ITEM('',(#6065),#7952);
#5752=STYLED_ITEM('',(#6066),#7953);
#5753=STYLED_ITEM('',(#6067),#7954);
#5754=STYLED_ITEM('',(#6068),#7955);
#5755=STYLED_ITEM('',(#6069),#7956);
#5756=STYLED_ITEM('',(#6070),#7957);
#5757=STYLED_ITEM('',(#6071),#7958);
#5758=STYLED_ITEM('',(#6072),#7959);
#5759=STYLED_ITEM('',(#6073),#7960);
#5760=STYLED_ITEM('',(#6074),#7961);
#5761=STYLED_ITEM('',(#6075),#7962);
#5762=STYLED_ITEM('',(#6076),#7963);
#5763=STYLED_ITEM('',(#6077),#7964);
#5764=STYLED_ITEM('',(#6078),#7965);
#5765=STYLED_ITEM('',(#6079),#7966);
#5766=STYLED_ITEM('',(#6080),#7967);
#5767=STYLED_ITEM('',(#6081),#7968);
#5768=STYLED_ITEM('',(#6082),#7969);
#5769=STYLED_ITEM('',(#6083),#7970);
#5770=STYLED_ITEM('',(#6084),#7971);
#5771=STYLED_ITEM('',(#6085),#7972);
#5772=STYLED_ITEM('',(#6086),#7973);
#5773=STYLED_ITEM('',(#6087),#7974);
#5774=STYLED_ITEM('',(#6088),#7975);
#5775=STYLED_ITEM('',(#6089),#7976);
#5776=STYLED_ITEM('',(#6090),#7977);
#5777=STYLED_ITEM('',(#6091),#7978);
#5778=STYLED_ITEM('',(#6092),#7979);
#5779=STYLED_ITEM('',(#6093),#7980);
#5780=STYLED_ITEM('',(#6094),#7981);
#5781=STYLED_ITEM('',(#6095),#7982);
#5782=STYLED_ITEM('',(#6096),#7983);
#5783=STYLED_ITEM('',(#6097),#7984);
#5784=STYLED_ITEM('',(#6098),#7985);
#5785=STYLED_ITEM('',(#6099),#7986);
#5786=STYLED_ITEM('',(#6100),#7987);
#5787=STYLED_ITEM('',(#6101),#7988);
#5788=STYLED_ITEM('',(#6102),#7989);
#5789=STYLED_ITEM('',(#6103),#7990);
#5790=STYLED_ITEM('',(#6104),#7991);
#5791=STYLED_ITEM('',(#6105),#7992);
#5792=STYLED_ITEM('',(#6106),#7993);
#5793=STYLED_ITEM('',(#6107),#7994);
#5794=STYLED_ITEM('',(#6108),#7995);
#5795=STYLED_ITEM('',(#6109),#7996);
#5796=STYLED_ITEM('',(#6110),#7997);
#5797=STYLED_ITEM('',(#6111),#7998);
#5798=STYLED_ITEM('',(#6112),#7999);
#5799=STYLED_ITEM('',(#6113),#8000);
#5800=STYLED_ITEM('',(#6114),#8001);
#5801=STYLED_ITEM('',(#6115),#8002);
#5802=STYLED_ITEM('',(#6116),#8003);
#5803=STYLED_ITEM('',(#6117),#8004);
#5804=STYLED_ITEM('',(#6118),#8005);
#5805=STYLED_ITEM('',(#6119),#8006);
#5806=STYLED_ITEM('',(#6120),#8007);
#5807=STYLED_ITEM('',(#6121),#8008);
#5808=STYLED_ITEM('',(#6122),#8009);
#5809=STYLED_ITEM('',(#6123),#8010);
#5810=STYLED_ITEM('',(#6124),#8011);
#5811=STYLED_ITEM('',(#6125),#8012);
#5812=STYLED_ITEM('',(#6126),#8013);
#5813=STYLED_ITEM('',(#6127),#8014);
#5814=STYLED_ITEM('',(#6128),#8015);
#5815=STYLED_ITEM('',(#6129),#8016);
#5816=STYLED_ITEM('',(#6130),#8017);
#5817=STYLED_ITEM('',(#6131),#8018);
#5818=STYLED_ITEM('',(#6132),#8019);
#5819=STYLED_ITEM('',(#6133),#8020);
#5820=STYLED_ITEM('',(#6134),#8021);
#5821=STYLED_ITEM('',(#6135),#8022);
#5822=STYLED_ITEM('',(#6136),#8023);
#5823=STYLED_ITEM('',(#6137),#8024);
#5824=STYLED_ITEM('',(#6138),#8025);
#5825=STYLED_ITEM('',(#6139),#8026);
#5826=STYLED_ITEM('',(#6140),#8027);
#5827=STYLED_ITEM('',(#6141),#8028);
#5828=STYLED_ITEM('',(#6142),#8029);
#5829=STYLED_ITEM('',(#6143),#8030);
#5830=STYLED_ITEM('',(#6144),#8031);
#5831=STYLED_ITEM('',(#6145),#8032);
#5832=STYLED_ITEM('',(#6146),#8033);
#5833=STYLED_ITEM('',(#6147),#8034);
#5834=STYLED_ITEM('',(#6148),#8035);
#5835=STYLED_ITEM('',(#6149),#8036);
#5836=STYLED_ITEM('',(#6150),#8037);
#5837=STYLED_ITEM('',(#6151),#8038);
#5838=STYLED_ITEM('',(#6152),#8039);
#5839=STYLED_ITEM('',(#6153),#8040);
#5840=STYLED_ITEM('',(#6154),#8041);
#5841=STYLED_ITEM('',(#6155),#8042);
#5842=STYLED_ITEM('',(#6156),#8043);
#5843=STYLED_ITEM('',(#6157),#8044);
#5844=STYLED_ITEM('',(#6158),#8045);
#5845=STYLED_ITEM('',(#6159),#8046);
#5846=STYLED_ITEM('',(#6160),#8047);
#5847=STYLED_ITEM('',(#6161),#8048);
#5848=STYLED_ITEM('',(#6162),#8049);
#5849=STYLED_ITEM('',(#6163),#8050);
#5850=STYLED_ITEM('',(#6164),#8051);
#5851=STYLED_ITEM('',(#6165),#8052);
#5852=STYLED_ITEM('',(#6166),#8053);
#5853=STYLED_ITEM('',(#6167),#8054);
#5854=STYLED_ITEM('',(#6168),#8055);
#5855=STYLED_ITEM('',(#6169),#8056);
#5856=STYLED_ITEM('',(#6170),#8057);
#5857=STYLED_ITEM('',(#6171),#8058);
#5858=STYLED_ITEM('',(#6172),#8059);
#5859=STYLED_ITEM('',(#6173),#8060);
#5860=STYLED_ITEM('',(#6174),#8061);
#5861=STYLED_ITEM('',(#6175),#8062);
#5862=STYLED_ITEM('',(#6176),#8063);
#5863=STYLED_ITEM('',(#6177),#8064);
#5864=STYLED_ITEM('',(#6178),#8065);
#5865=STYLED_ITEM('',(#6179),#8066);
#5866=STYLED_ITEM('',(#6180),#8067);
#5867=STYLED_ITEM('',(#6181),#8068);
#5868=STYLED_ITEM('',(#6182),#8069);
#5869=STYLED_ITEM('',(#6183),#8070);
#5870=STYLED_ITEM('',(#6184),#8071);
#5871=STYLED_ITEM('',(#6185),#8072);
#5872=STYLED_ITEM('',(#6186),#8073);
#5873=STYLED_ITEM('',(#6187),#8074);
#5874=STYLED_ITEM('',(#6188),#8075);
#5875=STYLED_ITEM('',(#6189),#8076);
#5876=STYLED_ITEM('',(#6190),#8077);
#5877=STYLED_ITEM('',(#6191),#8078);
#5878=STYLED_ITEM('',(#6192),#8079);
#5879=STYLED_ITEM('',(#6193),#8080);
#5880=STYLED_ITEM('',(#6194),#8081);
#5881=STYLED_ITEM('',(#6195),#8082);
#5882=STYLED_ITEM('',(#6196),#8083);
#5883=STYLED_ITEM('',(#6197),#8084);
#5884=STYLED_ITEM('',(#6198),#8085);
#5885=STYLED_ITEM('',(#6199),#8086);
#5886=STYLED_ITEM('',(#6200),#8087);
#5887=STYLED_ITEM('',(#6201),#8088);
#5888=STYLED_ITEM('',(#6202),#8089);
#5889=STYLED_ITEM('',(#6203),#8090);
#5890=STYLED_ITEM('',(#6204),#8091);
#5891=STYLED_ITEM('',(#6205),#8092);
#5892=STYLED_ITEM('',(#6206),#8093);
#5893=STYLED_ITEM('',(#6207),#8094);
#5894=STYLED_ITEM('',(#6208),#8095);
#5895=STYLED_ITEM('',(#6209),#8096);
#5896=STYLED_ITEM('',(#6210),#8097);
#5897=STYLED_ITEM('',(#6211),#8098);
#5898=STYLED_ITEM('',(#6212),#8099);
#5899=STYLED_ITEM('',(#6213),#8100);
#5900=STYLED_ITEM('',(#6214),#8101);
#5901=STYLED_ITEM('',(#6215),#8102);
#5902=STYLED_ITEM('',(#6216),#8103);
#5903=STYLED_ITEM('',(#6217),#8104);
#5904=STYLED_ITEM('',(#6218),#8105);
#5905=STYLED_ITEM('',(#6219),#8106);
#5906=STYLED_ITEM('',(#6220),#8107);
#5907=STYLED_ITEM('',(#6221),#8108);
#5908=STYLED_ITEM('',(#6222),#8109);
#5909=STYLED_ITEM('',(#6223),#8110);
#5910=STYLED_ITEM('',(#6224),#8111);
#5911=STYLED_ITEM('',(#6225),#8112);
#5912=STYLED_ITEM('',(#6226),#8113);
#5913=STYLED_ITEM('',(#6227),#8114);
#5914=STYLED_ITEM('',(#6228),#8115);
#5915=STYLED_ITEM('',(#6229),#8116);
#5916=STYLED_ITEM('',(#6230),#8117);
#5917=STYLED_ITEM('',(#6231),#8118);
#5918=STYLED_ITEM('',(#6232),#8119);
#5919=STYLED_ITEM('',(#6233),#8120);
#5920=STYLED_ITEM('',(#6234),#8121);
#5921=STYLED_ITEM('',(#6235),#8122);
#5922=STYLED_ITEM('',(#6236),#8123);
#5923=STYLED_ITEM('',(#6237),#8124);
#5924=STYLED_ITEM('',(#6238),#8125);
#5925=STYLED_ITEM('',(#6239),#8126);
#5926=STYLED_ITEM('',(#6240),#8127);
#5927=STYLED_ITEM('',(#6241),#8128);
#5928=STYLED_ITEM('',(#6242),#8129);
#5929=STYLED_ITEM('',(#6243),#8130);
#5930=STYLED_ITEM('',(#6244),#8131);
#5931=STYLED_ITEM('',(#6245),#8132);
#5932=STYLED_ITEM('',(#6246),#8133);
#5933=STYLED_ITEM('',(#6247),#8134);
#5934=STYLED_ITEM('',(#6248),#8135);
#5935=STYLED_ITEM('',(#6249),#8136);
#5936=STYLED_ITEM('',(#6250),#8137);
#5937=STYLED_ITEM('',(#6251),#8138);
#5938=STYLED_ITEM('',(#6252),#8139);
#5939=STYLED_ITEM('',(#6253),#8140);
#5940=STYLED_ITEM('',(#6254),#8141);
#5941=STYLED_ITEM('',(#6255),#8142);
#5942=STYLED_ITEM('',(#6256),#8143);
#5943=STYLED_ITEM('',(#6257),#8144);
#5944=STYLED_ITEM('',(#6258),#8145);
#5945=STYLED_ITEM('',(#6259),#8146);
#5946=STYLED_ITEM('',(#6260),#8147);
#5947=STYLED_ITEM('',(#6261),#8148);
#5948=STYLED_ITEM('',(#6262),#8149);
#5949=STYLED_ITEM('',(#6263),#8150);
#5950=STYLED_ITEM('',(#6264),#8151);
#5951=STYLED_ITEM('',(#6265),#8152);
#5952=STYLED_ITEM('',(#6266),#8153);
#5953=STYLED_ITEM('',(#6267),#8154);
#5954=STYLED_ITEM('',(#6268),#8155);
#5955=STYLED_ITEM('',(#6269),#8156);
#5956=STYLED_ITEM('',(#6270),#8157);
#5957=STYLED_ITEM('',(#6271),#8158);
#5958=STYLED_ITEM('',(#6272),#8159);
#5959=STYLED_ITEM('',(#6273),#8160);
#5960=STYLED_ITEM('',(#6274),#8161);
#5961=STYLED_ITEM('',(#6275),#8162);
#5962=STYLED_ITEM('',(#6276),#8163);
#5963=STYLED_ITEM('',(#6277),#8164);
#5964=STYLED_ITEM('',(#6278),#8165);
#5965=STYLED_ITEM('',(#6279),#8166);
#5966=STYLED_ITEM('',(#6280),#8167);
#5967=STYLED_ITEM('',(#6281),#8168);
#5968=STYLED_ITEM('',(#6282),#8169);
#5969=STYLED_ITEM('',(#6283),#8170);
#5970=STYLED_ITEM('',(#6284),#8171);
#5971=STYLED_ITEM('',(#6285),#8172);
#5972=STYLED_ITEM('',(#6286),#8173);
#5973=STYLED_ITEM('',(#6287),#8174);
#5974=STYLED_ITEM('',(#6288),#8175);
#5975=STYLED_ITEM('',(#6289),#8176);
#5976=STYLED_ITEM('',(#6290),#8177);
#5977=STYLED_ITEM('',(#6291),#8178);
#5978=STYLED_ITEM('',(#6292),#8179);
#5979=STYLED_ITEM('',(#6293),#8180);
#5980=STYLED_ITEM('',(#6294),#8181);
#5981=STYLED_ITEM('',(#6295),#8182);
#5982=STYLED_ITEM('',(#6296),#8183);
#5983=STYLED_ITEM('',(#6297),#8184);
#5984=PRESENTATION_STYLE_ASSIGNMENT((#6298));
#5985=PRESENTATION_STYLE_ASSIGNMENT((#6299));
#5986=PRESENTATION_STYLE_ASSIGNMENT((#6300));
#5987=PRESENTATION_STYLE_ASSIGNMENT((#6301));
#5988=PRESENTATION_STYLE_ASSIGNMENT((#6302));
#5989=PRESENTATION_STYLE_ASSIGNMENT((#6303));
#5990=PRESENTATION_STYLE_ASSIGNMENT((#6304));
#5991=PRESENTATION_STYLE_ASSIGNMENT((#6305));
#5992=PRESENTATION_STYLE_ASSIGNMENT((#6306));
#5993=PRESENTATION_STYLE_ASSIGNMENT((#6307));
#5994=PRESENTATION_STYLE_ASSIGNMENT((#6308));
#5995=PRESENTATION_STYLE_ASSIGNMENT((#6309));
#5996=PRESENTATION_STYLE_ASSIGNMENT((#6310));
#5997=PRESENTATION_STYLE_ASSIGNMENT((#6311));
#5998=PRESENTATION_STYLE_ASSIGNMENT((#6312));
#5999=PRESENTATION_STYLE_ASSIGNMENT((#6313));
#6000=PRESENTATION_STYLE_ASSIGNMENT((#6314));
#6001=PRESENTATION_STYLE_ASSIGNMENT((#6315));
#6002=PRESENTATION_STYLE_ASSIGNMENT((#6316));
#6003=PRESENTATION_STYLE_ASSIGNMENT((#6317));
#6004=PRESENTATION_STYLE_ASSIGNMENT((#6318));
#6005=PRESENTATION_STYLE_ASSIGNMENT((#6319));
#6006=PRESENTATION_STYLE_ASSIGNMENT((#6320));
#6007=PRESENTATION_STYLE_ASSIGNMENT((#6321));
#6008=PRESENTATION_STYLE_ASSIGNMENT((#6322));
#6009=PRESENTATION_STYLE_ASSIGNMENT((#6323));
#6010=PRESENTATION_STYLE_ASSIGNMENT((#6324));
#6011=PRESENTATION_STYLE_ASSIGNMENT((#6325));
#6012=PRESENTATION_STYLE_ASSIGNMENT((#6326));
#6013=PRESENTATION_STYLE_ASSIGNMENT((#6327));
#6014=PRESENTATION_STYLE_ASSIGNMENT((#6328));
#6015=PRESENTATION_STYLE_ASSIGNMENT((#6329));
#6016=PRESENTATION_STYLE_ASSIGNMENT((#6330));
#6017=PRESENTATION_STYLE_ASSIGNMENT((#6331));
#6018=PRESENTATION_STYLE_ASSIGNMENT((#6332));
#6019=PRESENTATION_STYLE_ASSIGNMENT((#6333));
#6020=PRESENTATION_STYLE_ASSIGNMENT((#6334));
#6021=PRESENTATION_STYLE_ASSIGNMENT((#6335));
#6022=PRESENTATION_STYLE_ASSIGNMENT((#6336));
#6023=PRESENTATION_STYLE_ASSIGNMENT((#6337));
#6024=PRESENTATION_STYLE_ASSIGNMENT((#6338));
#6025=PRESENTATION_STYLE_ASSIGNMENT((#6339));
#6026=PRESENTATION_STYLE_ASSIGNMENT((#6340));
#6027=PRESENTATION_STYLE_ASSIGNMENT((#6341));
#6028=PRESENTATION_STYLE_ASSIGNMENT((#6342));
#6029=PRESENTATION_STYLE_ASSIGNMENT((#6343));
#6030=PRESENTATION_STYLE_ASSIGNMENT((#6344));
#6031=PRESENTATION_STYLE_ASSIGNMENT((#6345));
#6032=PRESENTATION_STYLE_ASSIGNMENT((#6346));
#6033=PRESENTATION_STYLE_ASSIGNMENT((#6347));
#6034=PRESENTATION_STYLE_ASSIGNMENT((#6348));
#6035=PRESENTATION_STYLE_ASSIGNMENT((#6349));
#6036=PRESENTATION_STYLE_ASSIGNMENT((#6350));
#6037=PRESENTATION_STYLE_ASSIGNMENT((#6351));
#6038=PRESENTATION_STYLE_ASSIGNMENT((#6352));
#6039=PRESENTATION_STYLE_ASSIGNMENT((#6353));
#6040=PRESENTATION_STYLE_ASSIGNMENT((#6354));
#6041=PRESENTATION_STYLE_ASSIGNMENT((#6355));
#6042=PRESENTATION_STYLE_ASSIGNMENT((#6356));
#6043=PRESENTATION_STYLE_ASSIGNMENT((#6357));
#6044=PRESENTATION_STYLE_ASSIGNMENT((#6358));
#6045=PRESENTATION_STYLE_ASSIGNMENT((#6359));
#6046=PRESENTATION_STYLE_ASSIGNMENT((#6360));
#6047=PRESENTATION_STYLE_ASSIGNMENT((#6361));
#6048=PRESENTATION_STYLE_ASSIGNMENT((#6362));
#6049=PRESENTATION_STYLE_ASSIGNMENT((#6363));
#6050=PRESENTATION_STYLE_ASSIGNMENT((#6364));
#6051=PRESENTATION_STYLE_ASSIGNMENT((#6365));
#6052=PRESENTATION_STYLE_ASSIGNMENT((#6366));
#6053=PRESENTATION_STYLE_ASSIGNMENT((#6367));
#6054=PRESENTATION_STYLE_ASSIGNMENT((#6368));
#6055=PRESENTATION_STYLE_ASSIGNMENT((#6369));
#6056=PRESENTATION_STYLE_ASSIGNMENT((#6370));
#6057=PRESENTATION_STYLE_ASSIGNMENT((#6371));
#6058=PRESENTATION_STYLE_ASSIGNMENT((#6372));
#6059=PRESENTATION_STYLE_ASSIGNMENT((#6373));
#6060=PRESENTATION_STYLE_ASSIGNMENT((#6374));
#6061=PRESENTATION_STYLE_ASSIGNMENT((#6375));
#6062=PRESENTATION_STYLE_ASSIGNMENT((#6376));
#6063=PRESENTATION_STYLE_ASSIGNMENT((#6377));
#6064=PRESENTATION_STYLE_ASSIGNMENT((#6378));
#6065=PRESENTATION_STYLE_ASSIGNMENT((#6379));
#6066=PRESENTATION_STYLE_ASSIGNMENT((#6380));
#6067=PRESENTATION_STYLE_ASSIGNMENT((#6381));
#6068=PRESENTATION_STYLE_ASSIGNMENT((#6382));
#6069=PRESENTATION_STYLE_ASSIGNMENT((#6383));
#6070=PRESENTATION_STYLE_ASSIGNMENT((#6384));
#6071=PRESENTATION_STYLE_ASSIGNMENT((#6385));
#6072=PRESENTATION_STYLE_ASSIGNMENT((#6386));
#6073=PRESENTATION_STYLE_ASSIGNMENT((#6387));
#6074=PRESENTATION_STYLE_ASSIGNMENT((#6388));
#6075=PRESENTATION_STYLE_ASSIGNMENT((#6389));
#6076=PRESENTATION_STYLE_ASSIGNMENT((#6390));
#6077=PRESENTATION_STYLE_ASSIGNMENT((#6391));
#6078=PRESENTATION_STYLE_ASSIGNMENT((#6392));
#6079=PRESENTATION_STYLE_ASSIGNMENT((#6393));
#6080=PRESENTATION_STYLE_ASSIGNMENT((#6394));
#6081=PRESENTATION_STYLE_ASSIGNMENT((#6395));
#6082=PRESENTATION_STYLE_ASSIGNMENT((#6396));
#6083=PRESENTATION_STYLE_ASSIGNMENT((#6397));
#6084=PRESENTATION_STYLE_ASSIGNMENT((#6398));
#6085=PRESENTATION_STYLE_ASSIGNMENT((#6399));
#6086=PRESENTATION_STYLE_ASSIGNMENT((#6400));
#6087=PRESENTATION_STYLE_ASSIGNMENT((#6401));
#6088=PRESENTATION_STYLE_ASSIGNMENT((#6402));
#6089=PRESENTATION_STYLE_ASSIGNMENT((#6403));
#6090=PRESENTATION_STYLE_ASSIGNMENT((#6404));
#6091=PRESENTATION_STYLE_ASSIGNMENT((#6405));
#6092=PRESENTATION_STYLE_ASSIGNMENT((#6406));
#6093=PRESENTATION_STYLE_ASSIGNMENT((#6407));
#6094=PRESENTATION_STYLE_ASSIGNMENT((#6408));
#6095=PRESENTATION_STYLE_ASSIGNMENT((#6409));
#6096=PRESENTATION_STYLE_ASSIGNMENT((#6410));
#6097=PRESENTATION_STYLE_ASSIGNMENT((#6411));
#6098=PRESENTATION_STYLE_ASSIGNMENT((#6412));
#6099=PRESENTATION_STYLE_ASSIGNMENT((#6413));
#6100=PRESENTATION_STYLE_ASSIGNMENT((#6414));
#6101=PRESENTATION_STYLE_ASSIGNMENT((#6415));
#6102=PRESENTATION_STYLE_ASSIGNMENT((#6416));
#6103=PRESENTATION_STYLE_ASSIGNMENT((#6417));
#6104=PRESENTATION_STYLE_ASSIGNMENT((#6418));
#6105=PRESENTATION_STYLE_ASSIGNMENT((#6419));
#6106=PRESENTATION_STYLE_ASSIGNMENT((#6420));
#6107=PRESENTATION_STYLE_ASSIGNMENT((#6421));
#6108=PRESENTATION_STYLE_ASSIGNMENT((#6422));
#6109=PRESENTATION_STYLE_ASSIGNMENT((#6423));
#6110=PRESENTATION_STYLE_ASSIGNMENT((#6424));
#6111=PRESENTATION_STYLE_ASSIGNMENT((#6425));
#6112=PRESENTATION_STYLE_ASSIGNMENT((#6426));
#6113=PRESENTATION_STYLE_ASSIGNMENT((#6427));
#6114=PRESENTATION_STYLE_ASSIGNMENT((#6428));
#6115=PRESENTATION_STYLE_ASSIGNMENT((#6429));
#6116=PRESENTATION_STYLE_ASSIGNMENT((#6430));
#6117=PRESENTATION_STYLE_ASSIGNMENT((#6431));
#6118=PRESENTATION_STYLE_ASSIGNMENT((#6432));
#6119=PRESENTATION_STYLE_ASSIGNMENT((#6433));
#6120=PRESENTATION_STYLE_ASSIGNMENT((#6434));
#6121=PRESENTATION_STYLE_ASSIGNMENT((#6435));
#6122=PRESENTATION_STYLE_ASSIGNMENT((#6436));
#6123=PRESENTATION_STYLE_ASSIGNMENT((#6437));
#6124=PRESENTATION_STYLE_ASSIGNMENT((#6438));
#6125=PRESENTATION_STYLE_ASSIGNMENT((#6439));
#6126=PRESENTATION_STYLE_ASSIGNMENT((#6440));
#6127=PRESENTATION_STYLE_ASSIGNMENT((#6441));
#6128=PRESENTATION_STYLE_ASSIGNMENT((#6442));
#6129=PRESENTATION_STYLE_ASSIGNMENT((#6443));
#6130=PRESENTATION_STYLE_ASSIGNMENT((#6444));
#6131=PRESENTATION_STYLE_ASSIGNMENT((#6445));
#6132=PRESENTATION_STYLE_ASSIGNMENT((#6446));
#6133=PRESENTATION_STYLE_ASSIGNMENT((#6447));
#6134=PRESENTATION_STYLE_ASSIGNMENT((#6448));
#6135=PRESENTATION_STYLE_ASSIGNMENT((#6449));
#6136=PRESENTATION_STYLE_ASSIGNMENT((#6450));
#6137=PRESENTATION_STYLE_ASSIGNMENT((#6451));
#6138=PRESENTATION_STYLE_ASSIGNMENT((#6452));
#6139=PRESENTATION_STYLE_ASSIGNMENT((#6453));
#6140=PRESENTATION_STYLE_ASSIGNMENT((#6454));
#6141=PRESENTATION_STYLE_ASSIGNMENT((#6455));
#6142=PRESENTATION_STYLE_ASSIGNMENT((#6456));
#6143=PRESENTATION_STYLE_ASSIGNMENT((#6457));
#6144=PRESENTATION_STYLE_ASSIGNMENT((#6458));
#6145=PRESENTATION_STYLE_ASSIGNMENT((#6459));
#6146=PRESENTATION_STYLE_ASSIGNMENT((#6460));
#6147=PRESENTATION_STYLE_ASSIGNMENT((#6461));
#6148=PRESENTATION_STYLE_ASSIGNMENT((#6462));
#6149=PRESENTATION_STYLE_ASSIGNMENT((#6463));
#6150=PRESENTATION_STYLE_ASSIGNMENT((#6464));
#6151=PRESENTATION_STYLE_ASSIGNMENT((#6465));
#6152=PRESENTATION_STYLE_ASSIGNMENT((#6466));
#6153=PRESENTATION_STYLE_ASSIGNMENT((#6467));
#6154=PRESENTATION_STYLE_ASSIGNMENT((#6468));
#6155=PRESENTATION_STYLE_ASSIGNMENT((#6469));
#6156=PRESENTATION_STYLE_ASSIGNMENT((#6470));
#6157=PRESENTATION_STYLE_ASSIGNMENT((#6471));
#6158=PRESENTATION_STYLE_ASSIGNMENT((#6472));
#6159=PRESENTATION_STYLE_ASSIGNMENT((#6473));
#6160=PRESENTATION_STYLE_ASSIGNMENT((#6474));
#6161=PRESENTATION_STYLE_ASSIGNMENT((#6475));
#6162=PRESENTATION_STYLE_ASSIGNMENT((#6476));
#6163=PRESENTATION_STYLE_ASSIGNMENT((#6477));
#6164=PRESENTATION_STYLE_ASSIGNMENT((#6478));
#6165=PRESENTATION_STYLE_ASSIGNMENT((#6479));
#6166=PRESENTATION_STYLE_ASSIGNMENT((#6480));
#6167=PRESENTATION_STYLE_ASSIGNMENT((#6481));
#6168=PRESENTATION_STYLE_ASSIGNMENT((#6482));
#6169=PRESENTATION_STYLE_ASSIGNMENT((#6483));
#6170=PRESENTATION_STYLE_ASSIGNMENT((#6484));
#6171=PRESENTATION_STYLE_ASSIGNMENT((#6485));
#6172=PRESENTATION_STYLE_ASSIGNMENT((#6486));
#6173=PRESENTATION_STYLE_ASSIGNMENT((#6487));
#6174=PRESENTATION_STYLE_ASSIGNMENT((#6488));
#6175=PRESENTATION_STYLE_ASSIGNMENT((#6489));
#6176=PRESENTATION_STYLE_ASSIGNMENT((#6490));
#6177=PRESENTATION_STYLE_ASSIGNMENT((#6491));
#6178=PRESENTATION_STYLE_ASSIGNMENT((#6492));
#6179=PRESENTATION_STYLE_ASSIGNMENT((#6493));
#6180=PRESENTATION_STYLE_ASSIGNMENT((#6494));
#6181=PRESENTATION_STYLE_ASSIGNMENT((#6495));
#6182=PRESENTATION_STYLE_ASSIGNMENT((#6496));
#6183=PRESENTATION_STYLE_ASSIGNMENT((#6497));
#6184=PRESENTATION_STYLE_ASSIGNMENT((#6498));
#6185=PRESENTATION_STYLE_ASSIGNMENT((#6499));
#6186=PRESENTATION_STYLE_ASSIGNMENT((#6500));
#6187=PRESENTATION_STYLE_ASSIGNMENT((#6501));
#6188=PRESENTATION_STYLE_ASSIGNMENT((#6502));
#6189=PRESENTATION_STYLE_ASSIGNMENT((#6503));
#6190=PRESENTATION_STYLE_ASSIGNMENT((#6504));
#6191=PRESENTATION_STYLE_ASSIGNMENT((#6505));
#6192=PRESENTATION_STYLE_ASSIGNMENT((#6506));
#6193=PRESENTATION_STYLE_ASSIGNMENT((#6507));
#6194=PRESENTATION_STYLE_ASSIGNMENT((#6508));
#6195=PRESENTATION_STYLE_ASSIGNMENT((#6509));
#6196=PRESENTATION_STYLE_ASSIGNMENT((#6510));
#6197=PRESENTATION_STYLE_ASSIGNMENT((#6511));
#6198=PRESENTATION_STYLE_ASSIGNMENT((#6512));
#6199=PRESENTATION_STYLE_ASSIGNMENT((#6513));
#6200=PRESENTATION_STYLE_ASSIGNMENT((#6514));
#6201=PRESENTATION_STYLE_ASSIGNMENT((#6515));
#6202=PRESENTATION_STYLE_ASSIGNMENT((#6516));
#6203=PRESENTATION_STYLE_ASSIGNMENT((#6517));
#6204=PRESENTATION_STYLE_ASSIGNMENT((#6518));
#6205=PRESENTATION_STYLE_ASSIGNMENT((#6519));
#6206=PRESENTATION_STYLE_ASSIGNMENT((#6520));
#6207=PRESENTATION_STYLE_ASSIGNMENT((#6521));
#6208=PRESENTATION_STYLE_ASSIGNMENT((#6522));
#6209=PRESENTATION_STYLE_ASSIGNMENT((#6523));
#6210=PRESENTATION_STYLE_ASSIGNMENT((#6524));
#6211=PRESENTATION_STYLE_ASSIGNMENT((#6525));
#6212=PRESENTATION_STYLE_ASSIGNMENT((#6526));
#6213=PRESENTATION_STYLE_ASSIGNMENT((#6527));
#6214=PRESENTATION_STYLE_ASSIGNMENT((#6528));
#6215=PRESENTATION_STYLE_ASSIGNMENT((#6529));
#6216=PRESENTATION_STYLE_ASSIGNMENT((#6530));
#6217=PRESENTATION_STYLE_ASSIGNMENT((#6531));
#6218=PRESENTATION_STYLE_ASSIGNMENT((#6532));
#6219=PRESENTATION_STYLE_ASSIGNMENT((#6533));
#6220=PRESENTATION_STYLE_ASSIGNMENT((#6534));
#6221=PRESENTATION_STYLE_ASSIGNMENT((#6535));
#6222=PRESENTATION_STYLE_ASSIGNMENT((#6536));
#6223=PRESENTATION_STYLE_ASSIGNMENT((#6537));
#6224=PRESENTATION_STYLE_ASSIGNMENT((#6538));
#6225=PRESENTATION_STYLE_ASSIGNMENT((#6539));
#6226=PRESENTATION_STYLE_ASSIGNMENT((#6540));
#6227=PRESENTATION_STYLE_ASSIGNMENT((#6541));
#6228=PRESENTATION_STYLE_ASSIGNMENT((#6542));
#6229=PRESENTATION_STYLE_ASSIGNMENT((#6543));
#6230=PRESENTATION_STYLE_ASSIGNMENT((#6544));
#6231=PRESENTATION_STYLE_ASSIGNMENT((#6545));
#6232=PRESENTATION_STYLE_ASSIGNMENT((#6546));
#6233=PRESENTATION_STYLE_ASSIGNMENT((#6547));
#6234=PRESENTATION_STYLE_ASSIGNMENT((#6548));
#6235=PRESENTATION_STYLE_ASSIGNMENT((#6549));
#6236=PRESENTATION_STYLE_ASSIGNMENT((#6550));
#6237=PRESENTATION_STYLE_ASSIGNMENT((#6551));
#6238=PRESENTATION_STYLE_ASSIGNMENT((#6552));
#6239=PRESENTATION_STYLE_ASSIGNMENT((#6553));
#6240=PRESENTATION_STYLE_ASSIGNMENT((#6554));
#6241=PRESENTATION_STYLE_ASSIGNMENT((#6555));
#6242=PRESENTATION_STYLE_ASSIGNMENT((#6556));
#6243=PRESENTATION_STYLE_ASSIGNMENT((#6557));
#6244=PRESENTATION_STYLE_ASSIGNMENT((#6558));
#6245=PRESENTATION_STYLE_ASSIGNMENT((#6559));
#6246=PRESENTATION_STYLE_ASSIGNMENT((#6560));
#6247=PRESENTATION_STYLE_ASSIGNMENT((#6561));
#6248=PRESENTATION_STYLE_ASSIGNMENT((#6562));
#6249=PRESENTATION_STYLE_ASSIGNMENT((#6563));
#6250=PRESENTATION_STYLE_ASSIGNMENT((#6564));
#6251=PRESENTATION_STYLE_ASSIGNMENT((#6565));
#6252=PRESENTATION_STYLE_ASSIGNMENT((#6566));
#6253=PRESENTATION_STYLE_ASSIGNMENT((#6567));
#6254=PRESENTATION_STYLE_ASSIGNMENT((#6568));
#6255=PRESENTATION_STYLE_ASSIGNMENT((#6569));
#6256=PRESENTATION_STYLE_ASSIGNMENT((#6570));
#6257=PRESENTATION_STYLE_ASSIGNMENT((#6571));
#6258=PRESENTATION_STYLE_ASSIGNMENT((#6572));
#6259=PRESENTATION_STYLE_ASSIGNMENT((#6573));
#6260=PRESENTATION_STYLE_ASSIGNMENT((#6574));
#6261=PRESENTATION_STYLE_ASSIGNMENT((#6575));
#6262=PRESENTATION_STYLE_ASSIGNMENT((#6576));
#6263=PRESENTATION_STYLE_ASSIGNMENT((#6577));
#6264=PRESENTATION_STYLE_ASSIGNMENT((#6578));
#6265=PRESENTATION_STYLE_ASSIGNMENT((#6579));
#6266=PRESENTATION_STYLE_ASSIGNMENT((#6580));
#6267=PRESENTATION_STYLE_ASSIGNMENT((#6581));
#6268=PRESENTATION_STYLE_ASSIGNMENT((#6582));
#6269=PRESENTATION_STYLE_ASSIGNMENT((#6583));
#6270=PRESENTATION_STYLE_ASSIGNMENT((#6584));
#6271=PRESENTATION_STYLE_ASSIGNMENT((#6585));
#6272=PRESENTATION_STYLE_ASSIGNMENT((#6586));
#6273=PRESENTATION_STYLE_ASSIGNMENT((#6587));
#6274=PRESENTATION_STYLE_ASSIGNMENT((#6588));
#6275=PRESENTATION_STYLE_ASSIGNMENT((#6589));
#6276=PRESENTATION_STYLE_ASSIGNMENT((#6590));
#6277=PRESENTATION_STYLE_ASSIGNMENT((#6591));
#6278=PRESENTATION_STYLE_ASSIGNMENT((#6592));
#6279=PRESENTATION_STYLE_ASSIGNMENT((#6593));
#6280=PRESENTATION_STYLE_ASSIGNMENT((#6594));
#6281=PRESENTATION_STYLE_ASSIGNMENT((#6595));
#6282=PRESENTATION_STYLE_ASSIGNMENT((#6596));
#6283=PRESENTATION_STYLE_ASSIGNMENT((#6597));
#6284=PRESENTATION_STYLE_ASSIGNMENT((#6598));
#6285=PRESENTATION_STYLE_ASSIGNMENT((#6599));
#6286=PRESENTATION_STYLE_ASSIGNMENT((#6600));
#6287=PRESENTATION_STYLE_ASSIGNMENT((#6601));
#6288=PRESENTATION_STYLE_ASSIGNMENT((#6602));
#6289=PRESENTATION_STYLE_ASSIGNMENT((#6603));
#6290=PRESENTATION_STYLE_ASSIGNMENT((#6604));
#6291=PRESENTATION_STYLE_ASSIGNMENT((#6605));
#6292=PRESENTATION_STYLE_ASSIGNMENT((#6606));
#6293=PRESENTATION_STYLE_ASSIGNMENT((#6607));
#6294=PRESENTATION_STYLE_ASSIGNMENT((#6608));
#6295=PRESENTATION_STYLE_ASSIGNMENT((#6609));
#6296=PRESENTATION_STYLE_ASSIGNMENT((#6610));
#6297=PRESENTATION_STYLE_ASSIGNMENT((#6611));
#6298=SURFACE_STYLE_USAGE(.BOTH.,#6612);
#6299=SURFACE_STYLE_USAGE(.BOTH.,#6613);
#6300=SURFACE_STYLE_USAGE(.BOTH.,#6614);
#6301=SURFACE_STYLE_USAGE(.BOTH.,#6615);
#6302=SURFACE_STYLE_USAGE(.BOTH.,#6616);
#6303=SURFACE_STYLE_USAGE(.BOTH.,#6617);
#6304=SURFACE_STYLE_USAGE(.BOTH.,#6618);
#6305=SURFACE_STYLE_USAGE(.BOTH.,#6619);
#6306=SURFACE_STYLE_USAGE(.BOTH.,#6620);
#6307=SURFACE_STYLE_USAGE(.BOTH.,#6621);
#6308=SURFACE_STYLE_USAGE(.BOTH.,#6622);
#6309=SURFACE_STYLE_USAGE(.BOTH.,#6623);
#6310=SURFACE_STYLE_USAGE(.BOTH.,#6624);
#6311=SURFACE_STYLE_USAGE(.BOTH.,#6625);
#6312=SURFACE_STYLE_USAGE(.BOTH.,#6626);
#6313=SURFACE_STYLE_USAGE(.BOTH.,#6627);
#6314=SURFACE_STYLE_USAGE(.BOTH.,#6628);
#6315=SURFACE_STYLE_USAGE(.BOTH.,#6629);
#6316=SURFACE_STYLE_USAGE(.BOTH.,#6630);
#6317=SURFACE_STYLE_USAGE(.BOTH.,#6631);
#6318=SURFACE_STYLE_USAGE(.BOTH.,#6632);
#6319=SURFACE_STYLE_USAGE(.BOTH.,#6633);
#6320=SURFACE_STYLE_USAGE(.BOTH.,#6634);
#6321=SURFACE_STYLE_USAGE(.BOTH.,#6635);
#6322=SURFACE_STYLE_USAGE(.BOTH.,#6636);
#6323=SURFACE_STYLE_USAGE(.BOTH.,#6637);
#6324=SURFACE_STYLE_USAGE(.BOTH.,#6638);
#6325=SURFACE_STYLE_USAGE(.BOTH.,#6639);
#6326=SURFACE_STYLE_USAGE(.BOTH.,#6640);
#6327=SURFACE_STYLE_USAGE(.BOTH.,#6641);
#6328=SURFACE_STYLE_USAGE(.BOTH.,#6642);
#6329=SURFACE_STYLE_USAGE(.BOTH.,#6643);
#6330=SURFACE_STYLE_USAGE(.BOTH.,#6644);
#6331=SURFACE_STYLE_USAGE(.BOTH.,#6645);
#6332=SURFACE_STYLE_USAGE(.BOTH.,#6646);
#6333=SURFACE_STYLE_USAGE(.BOTH.,#6647);
#6334=SURFACE_STYLE_USAGE(.BOTH.,#6648);
#6335=SURFACE_STYLE_USAGE(.BOTH.,#6649);
#6336=SURFACE_STYLE_USAGE(.BOTH.,#6650);
#6337=SURFACE_STYLE_USAGE(.BOTH.,#6651);
#6338=SURFACE_STYLE_USAGE(.BOTH.,#6652);
#6339=SURFACE_STYLE_USAGE(.BOTH.,#6653);
#6340=SURFACE_STYLE_USAGE(.BOTH.,#6654);
#6341=SURFACE_STYLE_USAGE(.BOTH.,#6655);
#6342=SURFACE_STYLE_USAGE(.BOTH.,#6656);
#6343=SURFACE_STYLE_USAGE(.BOTH.,#6657);
#6344=SURFACE_STYLE_USAGE(.BOTH.,#6658);
#6345=SURFACE_STYLE_USAGE(.BOTH.,#6659);
#6346=SURFACE_STYLE_USAGE(.BOTH.,#6660);
#6347=SURFACE_STYLE_USAGE(.BOTH.,#6661);
#6348=SURFACE_STYLE_USAGE(.BOTH.,#6662);
#6349=SURFACE_STYLE_USAGE(.BOTH.,#6663);
#6350=SURFACE_STYLE_USAGE(.BOTH.,#6664);
#6351=SURFACE_STYLE_USAGE(.BOTH.,#6665);
#6352=SURFACE_STYLE_USAGE(.BOTH.,#6666);
#6353=SURFACE_STYLE_USAGE(.BOTH.,#6667);
#6354=SURFACE_STYLE_USAGE(.BOTH.,#6668);
#6355=SURFACE_STYLE_USAGE(.BOTH.,#6669);
#6356=SURFACE_STYLE_USAGE(.BOTH.,#6670);
#6357=SURFACE_STYLE_USAGE(.BOTH.,#6671);
#6358=SURFACE_STYLE_USAGE(.BOTH.,#6672);
#6359=SURFACE_STYLE_USAGE(.BOTH.,#6673);
#6360=SURFACE_STYLE_USAGE(.BOTH.,#6674);
#6361=SURFACE_STYLE_USAGE(.BOTH.,#6675);
#6362=SURFACE_STYLE_USAGE(.BOTH.,#6676);
#6363=SURFACE_STYLE_USAGE(.BOTH.,#6677);
#6364=SURFACE_STYLE_USAGE(.BOTH.,#6678);
#6365=SURFACE_STYLE_USAGE(.BOTH.,#6679);
#6366=SURFACE_STYLE_USAGE(.BOTH.,#6680);
#6367=SURFACE_STYLE_USAGE(.BOTH.,#6681);
#6368=SURFACE_STYLE_USAGE(.BOTH.,#6682);
#6369=SURFACE_STYLE_USAGE(.BOTH.,#6683);
#6370=SURFACE_STYLE_USAGE(.BOTH.,#6684);
#6371=SURFACE_STYLE_USAGE(.BOTH.,#6685);
#6372=SURFACE_STYLE_USAGE(.BOTH.,#6686);
#6373=SURFACE_STYLE_USAGE(.BOTH.,#6687);
#6374=SURFACE_STYLE_USAGE(.BOTH.,#6688);
#6375=SURFACE_STYLE_USAGE(.BOTH.,#6689);
#6376=SURFACE_STYLE_USAGE(.BOTH.,#6690);
#6377=SURFACE_STYLE_USAGE(.BOTH.,#6691);
#6378=SURFACE_STYLE_USAGE(.BOTH.,#6692);
#6379=SURFACE_STYLE_USAGE(.BOTH.,#6693);
#6380=SURFACE_STYLE_USAGE(.BOTH.,#6694);
#6381=SURFACE_STYLE_USAGE(.BOTH.,#6695);
#6382=SURFACE_STYLE_USAGE(.BOTH.,#6696);
#6383=SURFACE_STYLE_USAGE(.BOTH.,#6697);
#6384=SURFACE_STYLE_USAGE(.BOTH.,#6698);
#6385=SURFACE_STYLE_USAGE(.BOTH.,#6699);
#6386=SURFACE_STYLE_USAGE(.BOTH.,#6700);
#6387=SURFACE_STYLE_USAGE(.BOTH.,#6701);
#6388=SURFACE_STYLE_USAGE(.BOTH.,#6702);
#6389=SURFACE_STYLE_USAGE(.BOTH.,#6703);
#6390=SURFACE_STYLE_USAGE(.BOTH.,#6704);
#6391=SURFACE_STYLE_USAGE(.BOTH.,#6705);
#6392=SURFACE_STYLE_USAGE(.BOTH.,#6706);
#6393=SURFACE_STYLE_USAGE(.BOTH.,#6707);
#6394=SURFACE_STYLE_USAGE(.BOTH.,#6708);
#6395=SURFACE_STYLE_USAGE(.BOTH.,#6709);
#6396=SURFACE_STYLE_USAGE(.BOTH.,#6710);
#6397=SURFACE_STYLE_USAGE(.BOTH.,#6711);
#6398=SURFACE_STYLE_USAGE(.BOTH.,#6712);
#6399=SURFACE_STYLE_USAGE(.BOTH.,#6713);
#6400=SURFACE_STYLE_USAGE(.BOTH.,#6714);
#6401=SURFACE_STYLE_USAGE(.BOTH.,#6715);
#6402=SURFACE_STYLE_USAGE(.BOTH.,#6716);
#6403=SURFACE_STYLE_USAGE(.BOTH.,#6717);
#6404=SURFACE_STYLE_USAGE(.BOTH.,#6718);
#6405=SURFACE_STYLE_USAGE(.BOTH.,#6719);
#6406=SURFACE_STYLE_USAGE(.BOTH.,#6720);
#6407=SURFACE_STYLE_USAGE(.BOTH.,#6721);
#6408=SURFACE_STYLE_USAGE(.BOTH.,#6722);
#6409=SURFACE_STYLE_USAGE(.BOTH.,#6723);
#6410=SURFACE_STYLE_USAGE(.BOTH.,#6724);
#6411=SURFACE_STYLE_USAGE(.BOTH.,#6725);
#6412=SURFACE_STYLE_USAGE(.BOTH.,#6726);
#6413=SURFACE_STYLE_USAGE(.BOTH.,#6727);
#6414=SURFACE_STYLE_USAGE(.BOTH.,#6728);
#6415=SURFACE_STYLE_USAGE(.BOTH.,#6729);
#6416=SURFACE_STYLE_USAGE(.BOTH.,#6730);
#6417=SURFACE_STYLE_USAGE(.BOTH.,#6731);
#6418=SURFACE_STYLE_USAGE(.BOTH.,#6732);
#6419=SURFACE_STYLE_USAGE(.BOTH.,#6733);
#6420=SURFACE_STYLE_USAGE(.BOTH.,#6734);
#6421=SURFACE_STYLE_USAGE(.BOTH.,#6735);
#6422=SURFACE_STYLE_USAGE(.BOTH.,#6736);
#6423=SURFACE_STYLE_USAGE(.BOTH.,#6737);
#6424=SURFACE_STYLE_USAGE(.BOTH.,#6738);
#6425=SURFACE_STYLE_USAGE(.BOTH.,#6739);
#6426=SURFACE_STYLE_USAGE(.BOTH.,#6740);
#6427=SURFACE_STYLE_USAGE(.BOTH.,#6741);
#6428=SURFACE_STYLE_USAGE(.BOTH.,#6742);
#6429=SURFACE_STYLE_USAGE(.BOTH.,#6743);
#6430=SURFACE_STYLE_USAGE(.BOTH.,#6744);
#6431=SURFACE_STYLE_USAGE(.BOTH.,#6745);
#6432=SURFACE_STYLE_USAGE(.BOTH.,#6746);
#6433=SURFACE_STYLE_USAGE(.BOTH.,#6747);
#6434=SURFACE_STYLE_USAGE(.BOTH.,#6748);
#6435=SURFACE_STYLE_USAGE(.BOTH.,#6749);
#6436=SURFACE_STYLE_USAGE(.BOTH.,#6750);
#6437=SURFACE_STYLE_USAGE(.BOTH.,#6751);
#6438=SURFACE_STYLE_USAGE(.BOTH.,#6752);
#6439=SURFACE_STYLE_USAGE(.BOTH.,#6753);
#6440=SURFACE_STYLE_USAGE(.BOTH.,#6754);
#6441=SURFACE_STYLE_USAGE(.BOTH.,#6755);
#6442=SURFACE_STYLE_USAGE(.BOTH.,#6756);
#6443=SURFACE_STYLE_USAGE(.BOTH.,#6757);
#6444=SURFACE_STYLE_USAGE(.BOTH.,#6758);
#6445=SURFACE_STYLE_USAGE(.BOTH.,#6759);
#6446=SURFACE_STYLE_USAGE(.BOTH.,#6760);
#6447=SURFACE_STYLE_USAGE(.BOTH.,#6761);
#6448=SURFACE_STYLE_USAGE(.BOTH.,#6762);
#6449=SURFACE_STYLE_USAGE(.BOTH.,#6763);
#6450=SURFACE_STYLE_USAGE(.BOTH.,#6764);
#6451=SURFACE_STYLE_USAGE(.BOTH.,#6765);
#6452=SURFACE_STYLE_USAGE(.BOTH.,#6766);
#6453=SURFACE_STYLE_USAGE(.BOTH.,#6767);
#6454=SURFACE_STYLE_USAGE(.BOTH.,#6768);
#6455=SURFACE_STYLE_USAGE(.BOTH.,#6769);
#6456=SURFACE_STYLE_USAGE(.BOTH.,#6770);
#6457=SURFACE_STYLE_USAGE(.BOTH.,#6771);
#6458=SURFACE_STYLE_USAGE(.BOTH.,#6772);
#6459=SURFACE_STYLE_USAGE(.BOTH.,#6773);
#6460=SURFACE_STYLE_USAGE(.BOTH.,#6774);
#6461=SURFACE_STYLE_USAGE(.BOTH.,#6775);
#6462=SURFACE_STYLE_USAGE(.BOTH.,#6776);
#6463=SURFACE_STYLE_USAGE(.BOTH.,#6777);
#6464=SURFACE_STYLE_USAGE(.BOTH.,#6778);
#6465=SURFACE_STYLE_USAGE(.BOTH.,#6779);
#6466=SURFACE_STYLE_USAGE(.BOTH.,#6780);
#6467=SURFACE_STYLE_USAGE(.BOTH.,#6781);
#6468=SURFACE_STYLE_USAGE(.BOTH.,#6782);
#6469=SURFACE_STYLE_USAGE(.BOTH.,#6783);
#6470=SURFACE_STYLE_USAGE(.BOTH.,#6784);
#6471=SURFACE_STYLE_USAGE(.BOTH.,#6785);
#6472=SURFACE_STYLE_USAGE(.BOTH.,#6786);
#6473=SURFACE_STYLE_USAGE(.BOTH.,#6787);
#6474=SURFACE_STYLE_USAGE(.BOTH.,#6788);
#6475=SURFACE_STYLE_USAGE(.BOTH.,#6789);
#6476=SURFACE_STYLE_USAGE(.BOTH.,#6790);
#6477=SURFACE_STYLE_USAGE(.BOTH.,#6791);
#6478=SURFACE_STYLE_USAGE(.BOTH.,#6792);
#6479=SURFACE_STYLE_USAGE(.BOTH.,#6793);
#6480=SURFACE_STYLE_USAGE(.BOTH.,#6794);
#6481=SURFACE_STYLE_USAGE(.BOTH.,#6795);
#6482=SURFACE_STYLE_USAGE(.BOTH.,#6796);
#6483=SURFACE_STYLE_USAGE(.BOTH.,#6797);
#6484=SURFACE_STYLE_USAGE(.BOTH.,#6798);
#6485=SURFACE_STYLE_USAGE(.BOTH.,#6799);
#6486=SURFACE_STYLE_USAGE(.BOTH.,#6800);
#6487=SURFACE_STYLE_USAGE(.BOTH.,#6801);
#6488=SURFACE_STYLE_USAGE(.BOTH.,#6802);
#6489=SURFACE_STYLE_USAGE(.BOTH.,#6803);
#6490=SURFACE_STYLE_USAGE(.BOTH.,#6804);
#6491=SURFACE_STYLE_USAGE(.BOTH.,#6805);
#6492=SURFACE_STYLE_USAGE(.BOTH.,#6806);
#6493=SURFACE_STYLE_USAGE(.BOTH.,#6807);
#6494=SURFACE_STYLE_USAGE(.BOTH.,#6808);
#6495=SURFACE_STYLE_USAGE(.BOTH.,#6809);
#6496=SURFACE_STYLE_USAGE(.BOTH.,#6810);
#6497=SURFACE_STYLE_USAGE(.BOTH.,#6811);
#6498=SURFACE_STYLE_USAGE(.BOTH.,#6812);
#6499=SURFACE_STYLE_USAGE(.BOTH.,#6813);
#6500=SURFACE_STYLE_USAGE(.BOTH.,#6814);
#6501=SURFACE_STYLE_USAGE(.BOTH.,#6815);
#6502=SURFACE_STYLE_USAGE(.BOTH.,#6816);
#6503=SURFACE_STYLE_USAGE(.BOTH.,#6817);
#6504=SURFACE_STYLE_USAGE(.BOTH.,#6818);
#6505=SURFACE_STYLE_USAGE(.BOTH.,#6819);
#6506=SURFACE_STYLE_USAGE(.BOTH.,#6820);
#6507=SURFACE_STYLE_USAGE(.BOTH.,#6821);
#6508=SURFACE_STYLE_USAGE(.BOTH.,#6822);
#6509=SURFACE_STYLE_USAGE(.BOTH.,#6823);
#6510=SURFACE_STYLE_USAGE(.BOTH.,#6824);
#6511=SURFACE_STYLE_USAGE(.BOTH.,#6825);
#6512=SURFACE_STYLE_USAGE(.BOTH.,#6826);
#6513=SURFACE_STYLE_USAGE(.BOTH.,#6827);
#6514=SURFACE_STYLE_USAGE(.BOTH.,#6828);
#6515=SURFACE_STYLE_USAGE(.BOTH.,#6829);
#6516=SURFACE_STYLE_USAGE(.BOTH.,#6830);
#6517=SURFACE_STYLE_USAGE(.BOTH.,#6831);
#6518=SURFACE_STYLE_USAGE(.BOTH.,#6832);
#6519=SURFACE_STYLE_USAGE(.BOTH.,#6833);
#6520=SURFACE_STYLE_USAGE(.BOTH.,#6834);
#6521=SURFACE_STYLE_USAGE(.BOTH.,#6835);
#6522=SURFACE_STYLE_USAGE(.BOTH.,#6836);
#6523=SURFACE_STYLE_USAGE(.BOTH.,#6837);
#6524=SURFACE_STYLE_USAGE(.BOTH.,#6838);
#6525=SURFACE_STYLE_USAGE(.BOTH.,#6839);
#6526=SURFACE_STYLE_USAGE(.BOTH.,#6840);
#6527=SURFACE_STYLE_USAGE(.BOTH.,#6841);
#6528=SURFACE_STYLE_USAGE(.BOTH.,#6842);
#6529=SURFACE_STYLE_USAGE(.BOTH.,#6843);
#6530=SURFACE_STYLE_USAGE(.BOTH.,#6844);
#6531=SURFACE_STYLE_USAGE(.BOTH.,#6845);
#6532=SURFACE_STYLE_USAGE(.BOTH.,#6846);
#6533=SURFACE_STYLE_USAGE(.BOTH.,#6847);
#6534=SURFACE_STYLE_USAGE(.BOTH.,#6848);
#6535=SURFACE_STYLE_USAGE(.BOTH.,#6849);
#6536=SURFACE_STYLE_USAGE(.BOTH.,#6850);
#6537=SURFACE_STYLE_USAGE(.BOTH.,#6851);
#6538=SURFACE_STYLE_USAGE(.BOTH.,#6852);
#6539=SURFACE_STYLE_USAGE(.BOTH.,#6853);
#6540=SURFACE_STYLE_USAGE(.BOTH.,#6854);
#6541=SURFACE_STYLE_USAGE(.BOTH.,#6855);
#6542=SURFACE_STYLE_USAGE(.BOTH.,#6856);
#6543=SURFACE_STYLE_USAGE(.BOTH.,#6857);
#6544=SURFACE_STYLE_USAGE(.BOTH.,#6858);
#6545=SURFACE_STYLE_USAGE(.BOTH.,#6859);
#6546=SURFACE_STYLE_USAGE(.BOTH.,#6860);
#6547=SURFACE_STYLE_USAGE(.BOTH.,#6861);
#6548=SURFACE_STYLE_USAGE(.BOTH.,#6862);
#6549=SURFACE_STYLE_USAGE(.BOTH.,#6863);
#6550=SURFACE_STYLE_USAGE(.BOTH.,#6864);
#6551=SURFACE_STYLE_USAGE(.BOTH.,#6865);
#6552=SURFACE_STYLE_USAGE(.BOTH.,#6866);
#6553=SURFACE_STYLE_USAGE(.BOTH.,#6867);
#6554=SURFACE_STYLE_USAGE(.BOTH.,#6868);
#6555=SURFACE_STYLE_USAGE(.BOTH.,#6869);
#6556=SURFACE_STYLE_USAGE(.BOTH.,#6870);
#6557=SURFACE_STYLE_USAGE(.BOTH.,#6871);
#6558=SURFACE_STYLE_USAGE(.BOTH.,#6872);
#6559=SURFACE_STYLE_USAGE(.BOTH.,#6873);
#6560=SURFACE_STYLE_USAGE(.BOTH.,#6874);
#6561=SURFACE_STYLE_USAGE(.BOTH.,#6875);
#6562=SURFACE_STYLE_USAGE(.BOTH.,#6876);
#6563=SURFACE_STYLE_USAGE(.BOTH.,#6877);
#6564=SURFACE_STYLE_USAGE(.BOTH.,#6878);
#6565=SURFACE_STYLE_USAGE(.BOTH.,#6879);
#6566=SURFACE_STYLE_USAGE(.BOTH.,#6880);
#6567=SURFACE_STYLE_USAGE(.BOTH.,#6881);
#6568=SURFACE_STYLE_USAGE(.BOTH.,#6882);
#6569=SURFACE_STYLE_USAGE(.BOTH.,#6883);
#6570=SURFACE_STYLE_USAGE(.BOTH.,#6884);
#6571=SURFACE_STYLE_USAGE(.BOTH.,#6885);
#6572=SURFACE_STYLE_USAGE(.BOTH.,#6886);
#6573=SURFACE_STYLE_USAGE(.BOTH.,#6887);
#6574=SURFACE_STYLE_USAGE(.BOTH.,#6888);
#6575=SURFACE_STYLE_USAGE(.BOTH.,#6889);
#6576=SURFACE_STYLE_USAGE(.BOTH.,#6890);
#6577=SURFACE_STYLE_USAGE(.BOTH.,#6891);
#6578=SURFACE_STYLE_USAGE(.BOTH.,#6892);
#6579=SURFACE_STYLE_USAGE(.BOTH.,#6893);
#6580=SURFACE_STYLE_USAGE(.BOTH.,#6894);
#6581=SURFACE_STYLE_USAGE(.BOTH.,#6895);
#6582=SURFACE_STYLE_USAGE(.BOTH.,#6896);
#6583=SURFACE_STYLE_USAGE(.BOTH.,#6897);
#6584=SURFACE_STYLE_USAGE(.BOTH.,#6898);
#6585=SURFACE_STYLE_USAGE(.BOTH.,#6899);
#6586=SURFACE_STYLE_USAGE(.BOTH.,#6900);
#6587=SURFACE_STYLE_USAGE(.BOTH.,#6901);
#6588=SURFACE_STYLE_USAGE(.BOTH.,#6902);
#6589=SURFACE_STYLE_USAGE(.BOTH.,#6903);
#6590=SURFACE_STYLE_USAGE(.BOTH.,#6904);
#6591=SURFACE_STYLE_USAGE(.BOTH.,#6905);
#6592=SURFACE_STYLE_USAGE(.BOTH.,#6906);
#6593=SURFACE_STYLE_USAGE(.BOTH.,#6907);
#6594=SURFACE_STYLE_USAGE(.BOTH.,#6908);
#6595=SURFACE_STYLE_USAGE(.BOTH.,#6909);
#6596=SURFACE_STYLE_USAGE(.BOTH.,#6910);
#6597=SURFACE_STYLE_USAGE(.BOTH.,#6911);
#6598=SURFACE_STYLE_USAGE(.BOTH.,#6912);
#6599=SURFACE_STYLE_USAGE(.BOTH.,#6913);
#6600=SURFACE_STYLE_USAGE(.BOTH.,#6914);
#6601=SURFACE_STYLE_USAGE(.BOTH.,#6915);
#6602=SURFACE_STYLE_USAGE(.BOTH.,#6916);
#6603=SURFACE_STYLE_USAGE(.BOTH.,#6917);
#6604=SURFACE_STYLE_USAGE(.BOTH.,#6918);
#6605=SURFACE_STYLE_USAGE(.BOTH.,#6919);
#6606=SURFACE_STYLE_USAGE(.BOTH.,#6920);
#6607=SURFACE_STYLE_USAGE(.BOTH.,#6921);
#6608=SURFACE_STYLE_USAGE(.BOTH.,#6922);
#6609=SURFACE_STYLE_USAGE(.BOTH.,#6923);
#6610=SURFACE_STYLE_USAGE(.BOTH.,#6924);
#6611=SURFACE_STYLE_USAGE(.BOTH.,#6925);
#6612=SURFACE_SIDE_STYLE('',(#6926));
#6613=SURFACE_SIDE_STYLE('',(#6927));
#6614=SURFACE_SIDE_STYLE('',(#6928));
#6615=SURFACE_SIDE_STYLE('',(#6929));
#6616=SURFACE_SIDE_STYLE('',(#6930));
#6617=SURFACE_SIDE_STYLE('',(#6931));
#6618=SURFACE_SIDE_STYLE('',(#6932));
#6619=SURFACE_SIDE_STYLE('',(#6933));
#6620=SURFACE_SIDE_STYLE('',(#6934));
#6621=SURFACE_SIDE_STYLE('',(#6935));
#6622=SURFACE_SIDE_STYLE('',(#6936));
#6623=SURFACE_SIDE_STYLE('',(#6937));
#6624=SURFACE_SIDE_STYLE('',(#6938));
#6625=SURFACE_SIDE_STYLE('',(#6939));
#6626=SURFACE_SIDE_STYLE('',(#6940));
#6627=SURFACE_SIDE_STYLE('',(#6941));
#6628=SURFACE_SIDE_STYLE('',(#6942));
#6629=SURFACE_SIDE_STYLE('',(#6943));
#6630=SURFACE_SIDE_STYLE('',(#6944));
#6631=SURFACE_SIDE_STYLE('',(#6945));
#6632=SURFACE_SIDE_STYLE('',(#6946));
#6633=SURFACE_SIDE_STYLE('',(#6947));
#6634=SURFACE_SIDE_STYLE('',(#6948));
#6635=SURFACE_SIDE_STYLE('',(#6949));
#6636=SURFACE_SIDE_STYLE('',(#6950));
#6637=SURFACE_SIDE_STYLE('',(#6951));
#6638=SURFACE_SIDE_STYLE('',(#6952));
#6639=SURFACE_SIDE_STYLE('',(#6953));
#6640=SURFACE_SIDE_STYLE('',(#6954));
#6641=SURFACE_SIDE_STYLE('',(#6955));
#6642=SURFACE_SIDE_STYLE('',(#6956));
#6643=SURFACE_SIDE_STYLE('',(#6957));
#6644=SURFACE_SIDE_STYLE('',(#6958));
#6645=SURFACE_SIDE_STYLE('',(#6959));
#6646=SURFACE_SIDE_STYLE('',(#6960));
#6647=SURFACE_SIDE_STYLE('',(#6961));
#6648=SURFACE_SIDE_STYLE('',(#6962));
#6649=SURFACE_SIDE_STYLE('',(#6963));
#6650=SURFACE_SIDE_STYLE('',(#6964));
#6651=SURFACE_SIDE_STYLE('',(#6965));
#6652=SURFACE_SIDE_STYLE('',(#6966));
#6653=SURFACE_SIDE_STYLE('',(#6967));
#6654=SURFACE_SIDE_STYLE('',(#6968));
#6655=SURFACE_SIDE_STYLE('',(#6969));
#6656=SURFACE_SIDE_STYLE('',(#6970));
#6657=SURFACE_SIDE_STYLE('',(#6971));
#6658=SURFACE_SIDE_STYLE('',(#6972));
#6659=SURFACE_SIDE_STYLE('',(#6973));
#6660=SURFACE_SIDE_STYLE('',(#6974));
#6661=SURFACE_SIDE_STYLE('',(#6975));
#6662=SURFACE_SIDE_STYLE('',(#6976));
#6663=SURFACE_SIDE_STYLE('',(#6977));
#6664=SURFACE_SIDE_STYLE('',(#6978));
#6665=SURFACE_SIDE_STYLE('',(#6979));
#6666=SURFACE_SIDE_STYLE('',(#6980));
#6667=SURFACE_SIDE_STYLE('',(#6981));
#6668=SURFACE_SIDE_STYLE('',(#6982));
#6669=SURFACE_SIDE_STYLE('',(#6983));
#6670=SURFACE_SIDE_STYLE('',(#6984));
#6671=SURFACE_SIDE_STYLE('',(#6985));
#6672=SURFACE_SIDE_STYLE('',(#6986));
#6673=SURFACE_SIDE_STYLE('',(#6987));
#6674=SURFACE_SIDE_STYLE('',(#6988));
#6675=SURFACE_SIDE_STYLE('',(#6989));
#6676=SURFACE_SIDE_STYLE('',(#6990));
#6677=SURFACE_SIDE_STYLE('',(#6991));
#6678=SURFACE_SIDE_STYLE('',(#6992));
#6679=SURFACE_SIDE_STYLE('',(#6993));
#6680=SURFACE_SIDE_STYLE('',(#6994));
#6681=SURFACE_SIDE_STYLE('',(#6995));
#6682=SURFACE_SIDE_STYLE('',(#6996));
#6683=SURFACE_SIDE_STYLE('',(#6997));
#6684=SURFACE_SIDE_STYLE('',(#6998));
#6685=SURFACE_SIDE_STYLE('',(#6999));
#6686=SURFACE_SIDE_STYLE('',(#7000));
#6687=SURFACE_SIDE_STYLE('',(#7001));
#6688=SURFACE_SIDE_STYLE('',(#7002));
#6689=SURFACE_SIDE_STYLE('',(#7003));
#6690=SURFACE_SIDE_STYLE('',(#7004));
#6691=SURFACE_SIDE_STYLE('',(#7005));
#6692=SURFACE_SIDE_STYLE('',(#7006));
#6693=SURFACE_SIDE_STYLE('',(#7007));
#6694=SURFACE_SIDE_STYLE('',(#7008));
#6695=SURFACE_SIDE_STYLE('',(#7009));
#6696=SURFACE_SIDE_STYLE('',(#7010));
#6697=SURFACE_SIDE_STYLE('',(#7011));
#6698=SURFACE_SIDE_STYLE('',(#7012));
#6699=SURFACE_SIDE_STYLE('',(#7013));
#6700=SURFACE_SIDE_STYLE('',(#7014));
#6701=SURFACE_SIDE_STYLE('',(#7015));
#6702=SURFACE_SIDE_STYLE('',(#7016));
#6703=SURFACE_SIDE_STYLE('',(#7017));
#6704=SURFACE_SIDE_STYLE('',(#7018));
#6705=SURFACE_SIDE_STYLE('',(#7019));
#6706=SURFACE_SIDE_STYLE('',(#7020));
#6707=SURFACE_SIDE_STYLE('',(#7021));
#6708=SURFACE_SIDE_STYLE('',(#7022));
#6709=SURFACE_SIDE_STYLE('',(#7023));
#6710=SURFACE_SIDE_STYLE('',(#7024));
#6711=SURFACE_SIDE_STYLE('',(#7025));
#6712=SURFACE_SIDE_STYLE('',(#7026));
#6713=SURFACE_SIDE_STYLE('',(#7027));
#6714=SURFACE_SIDE_STYLE('',(#7028));
#6715=SURFACE_SIDE_STYLE('',(#7029));
#6716=SURFACE_SIDE_STYLE('',(#7030));
#6717=SURFACE_SIDE_STYLE('',(#7031));
#6718=SURFACE_SIDE_STYLE('',(#7032));
#6719=SURFACE_SIDE_STYLE('',(#7033));
#6720=SURFACE_SIDE_STYLE('',(#7034));
#6721=SURFACE_SIDE_STYLE('',(#7035));
#6722=SURFACE_SIDE_STYLE('',(#7036));
#6723=SURFACE_SIDE_STYLE('',(#7037));
#6724=SURFACE_SIDE_STYLE('',(#7038));
#6725=SURFACE_SIDE_STYLE('',(#7039));
#6726=SURFACE_SIDE_STYLE('',(#7040));
#6727=SURFACE_SIDE_STYLE('',(#7041));
#6728=SURFACE_SIDE_STYLE('',(#7042));
#6729=SURFACE_SIDE_STYLE('',(#7043));
#6730=SURFACE_SIDE_STYLE('',(#7044));
#6731=SURFACE_SIDE_STYLE('',(#7045));
#6732=SURFACE_SIDE_STYLE('',(#7046));
#6733=SURFACE_SIDE_STYLE('',(#7047));
#6734=SURFACE_SIDE_STYLE('',(#7048));
#6735=SURFACE_SIDE_STYLE('',(#7049));
#6736=SURFACE_SIDE_STYLE('',(#7050));
#6737=SURFACE_SIDE_STYLE('',(#7051));
#6738=SURFACE_SIDE_STYLE('',(#7052));
#6739=SURFACE_SIDE_STYLE('',(#7053));
#6740=SURFACE_SIDE_STYLE('',(#7054));
#6741=SURFACE_SIDE_STYLE('',(#7055));
#6742=SURFACE_SIDE_STYLE('',(#7056));
#6743=SURFACE_SIDE_STYLE('',(#7057));
#6744=SURFACE_SIDE_STYLE('',(#7058));
#6745=SURFACE_SIDE_STYLE('',(#7059));
#6746=SURFACE_SIDE_STYLE('',(#7060));
#6747=SURFACE_SIDE_STYLE('',(#7061));
#6748=SURFACE_SIDE_STYLE('',(#7062));
#6749=SURFACE_SIDE_STYLE('',(#7063));
#6750=SURFACE_SIDE_STYLE('',(#7064));
#6751=SURFACE_SIDE_STYLE('',(#7065));
#6752=SURFACE_SIDE_STYLE('',(#7066));
#6753=SURFACE_SIDE_STYLE('',(#7067));
#6754=SURFACE_SIDE_STYLE('',(#7068));
#6755=SURFACE_SIDE_STYLE('',(#7069));
#6756=SURFACE_SIDE_STYLE('',(#7070));
#6757=SURFACE_SIDE_STYLE('',(#7071));
#6758=SURFACE_SIDE_STYLE('',(#7072));
#6759=SURFACE_SIDE_STYLE('',(#7073));
#6760=SURFACE_SIDE_STYLE('',(#7074));
#6761=SURFACE_SIDE_STYLE('',(#7075));
#6762=SURFACE_SIDE_STYLE('',(#7076));
#6763=SURFACE_SIDE_STYLE('',(#7077));
#6764=SURFACE_SIDE_STYLE('',(#7078));
#6765=SURFACE_SIDE_STYLE('',(#7079));
#6766=SURFACE_SIDE_STYLE('',(#7080));
#6767=SURFACE_SIDE_STYLE('',(#7081));
#6768=SURFACE_SIDE_STYLE('',(#7082));
#6769=SURFACE_SIDE_STYLE('',(#7083));
#6770=SURFACE_SIDE_STYLE('',(#7084));
#6771=SURFACE_SIDE_STYLE('',(#7085));
#6772=SURFACE_SIDE_STYLE('',(#7086));
#6773=SURFACE_SIDE_STYLE('',(#7087));
#6774=SURFACE_SIDE_STYLE('',(#7088));
#6775=SURFACE_SIDE_STYLE('',(#7089));
#6776=SURFACE_SIDE_STYLE('',(#7090));
#6777=SURFACE_SIDE_STYLE('',(#7091));
#6778=SURFACE_SIDE_STYLE('',(#7092));
#6779=SURFACE_SIDE_STYLE('',(#7093));
#6780=SURFACE_SIDE_STYLE('',(#7094));
#6781=SURFACE_SIDE_STYLE('',(#7095));
#6782=SURFACE_SIDE_STYLE('',(#7096));
#6783=SURFACE_SIDE_STYLE('',(#7097));
#6784=SURFACE_SIDE_STYLE('',(#7098));
#6785=SURFACE_SIDE_STYLE('',(#7099));
#6786=SURFACE_SIDE_STYLE('',(#7100));
#6787=SURFACE_SIDE_STYLE('',(#7101));
#6788=SURFACE_SIDE_STYLE('',(#7102));
#6789=SURFACE_SIDE_STYLE('',(#7103));
#6790=SURFACE_SIDE_STYLE('',(#7104));
#6791=SURFACE_SIDE_STYLE('',(#7105));
#6792=SURFACE_SIDE_STYLE('',(#7106));
#6793=SURFACE_SIDE_STYLE('',(#7107));
#6794=SURFACE_SIDE_STYLE('',(#7108));
#6795=SURFACE_SIDE_STYLE('',(#7109));
#6796=SURFACE_SIDE_STYLE('',(#7110));
#6797=SURFACE_SIDE_STYLE('',(#7111));
#6798=SURFACE_SIDE_STYLE('',(#7112));
#6799=SURFACE_SIDE_STYLE('',(#7113));
#6800=SURFACE_SIDE_STYLE('',(#7114));
#6801=SURFACE_SIDE_STYLE('',(#7115));
#6802=SURFACE_SIDE_STYLE('',(#7116));
#6803=SURFACE_SIDE_STYLE('',(#7117));
#6804=SURFACE_SIDE_STYLE('',(#7118));
#6805=SURFACE_SIDE_STYLE('',(#7119));
#6806=SURFACE_SIDE_STYLE('',(#7120));
#6807=SURFACE_SIDE_STYLE('',(#7121));
#6808=SURFACE_SIDE_STYLE('',(#7122));
#6809=SURFACE_SIDE_STYLE('',(#7123));
#6810=SURFACE_SIDE_STYLE('',(#7124));
#6811=SURFACE_SIDE_STYLE('',(#7125));
#6812=SURFACE_SIDE_STYLE('',(#7126));
#6813=SURFACE_SIDE_STYLE('',(#7127));
#6814=SURFACE_SIDE_STYLE('',(#7128));
#6815=SURFACE_SIDE_STYLE('',(#7129));
#6816=SURFACE_SIDE_STYLE('',(#7130));
#6817=SURFACE_SIDE_STYLE('',(#7131));
#6818=SURFACE_SIDE_STYLE('',(#7132));
#6819=SURFACE_SIDE_STYLE('',(#7133));
#6820=SURFACE_SIDE_STYLE('',(#7134));
#6821=SURFACE_SIDE_STYLE('',(#7135));
#6822=SURFACE_SIDE_STYLE('',(#7136));
#6823=SURFACE_SIDE_STYLE('',(#7137));
#6824=SURFACE_SIDE_STYLE('',(#7138));
#6825=SURFACE_SIDE_STYLE('',(#7139));
#6826=SURFACE_SIDE_STYLE('',(#7140));
#6827=SURFACE_SIDE_STYLE('',(#7141));
#6828=SURFACE_SIDE_STYLE('',(#7142));
#6829=SURFACE_SIDE_STYLE('',(#7143));
#6830=SURFACE_SIDE_STYLE('',(#7144));
#6831=SURFACE_SIDE_STYLE('',(#7145));
#6832=SURFACE_SIDE_STYLE('',(#7146));
#6833=SURFACE_SIDE_STYLE('',(#7147));
#6834=SURFACE_SIDE_STYLE('',(#7148));
#6835=SURFACE_SIDE_STYLE('',(#7149));
#6836=SURFACE_SIDE_STYLE('',(#7150));
#6837=SURFACE_SIDE_STYLE('',(#7151));
#6838=SURFACE_SIDE_STYLE('',(#7152));
#6839=SURFACE_SIDE_STYLE('',(#7153));
#6840=SURFACE_SIDE_STYLE('',(#7154));
#6841=SURFACE_SIDE_STYLE('',(#7155));
#6842=SURFACE_SIDE_STYLE('',(#7156));
#6843=SURFACE_SIDE_STYLE('',(#7157));
#6844=SURFACE_SIDE_STYLE('',(#7158));
#6845=SURFACE_SIDE_STYLE('',(#7159));
#6846=SURFACE_SIDE_STYLE('',(#7160));
#6847=SURFACE_SIDE_STYLE('',(#7161));
#6848=SURFACE_SIDE_STYLE('',(#7162));
#6849=SURFACE_SIDE_STYLE('',(#7163));
#6850=SURFACE_SIDE_STYLE('',(#7164));
#6851=SURFACE_SIDE_STYLE('',(#7165));
#6852=SURFACE_SIDE_STYLE('',(#7166));
#6853=SURFACE_SIDE_STYLE('',(#7167));
#6854=SURFACE_SIDE_STYLE('',(#7168));
#6855=SURFACE_SIDE_STYLE('',(#7169));
#6856=SURFACE_SIDE_STYLE('',(#7170));
#6857=SURFACE_SIDE_STYLE('',(#7171));
#6858=SURFACE_SIDE_STYLE('',(#7172));
#6859=SURFACE_SIDE_STYLE('',(#7173));
#6860=SURFACE_SIDE_STYLE('',(#7174));
#6861=SURFACE_SIDE_STYLE('',(#7175));
#6862=SURFACE_SIDE_STYLE('',(#7176));
#6863=SURFACE_SIDE_STYLE('',(#7177));
#6864=SURFACE_SIDE_STYLE('',(#7178));
#6865=SURFACE_SIDE_STYLE('',(#7179));
#6866=SURFACE_SIDE_STYLE('',(#7180));
#6867=SURFACE_SIDE_STYLE('',(#7181));
#6868=SURFACE_SIDE_STYLE('',(#7182));
#6869=SURFACE_SIDE_STYLE('',(#7183));
#6870=SURFACE_SIDE_STYLE('',(#7184));
#6871=SURFACE_SIDE_STYLE('',(#7185));
#6872=SURFACE_SIDE_STYLE('',(#7186));
#6873=SURFACE_SIDE_STYLE('',(#7187));
#6874=SURFACE_SIDE_STYLE('',(#7188));
#6875=SURFACE_SIDE_STYLE('',(#7189));
#6876=SURFACE_SIDE_STYLE('',(#7190));
#6877=SURFACE_SIDE_STYLE('',(#7191));
#6878=SURFACE_SIDE_STYLE('',(#7192));
#6879=SURFACE_SIDE_STYLE('',(#7193));
#6880=SURFACE_SIDE_STYLE('',(#7194));
#6881=SURFACE_SIDE_STYLE('',(#7195));
#6882=SURFACE_SIDE_STYLE('',(#7196));
#6883=SURFACE_SIDE_STYLE('',(#7197));
#6884=SURFACE_SIDE_STYLE('',(#7198));
#6885=SURFACE_SIDE_STYLE('',(#7199));
#6886=SURFACE_SIDE_STYLE('',(#7200));
#6887=SURFACE_SIDE_STYLE('',(#7201));
#6888=SURFACE_SIDE_STYLE('',(#7202));
#6889=SURFACE_SIDE_STYLE('',(#7203));
#6890=SURFACE_SIDE_STYLE('',(#7204));
#6891=SURFACE_SIDE_STYLE('',(#7205));
#6892=SURFACE_SIDE_STYLE('',(#7206));
#6893=SURFACE_SIDE_STYLE('',(#7207));
#6894=SURFACE_SIDE_STYLE('',(#7208));
#6895=SURFACE_SIDE_STYLE('',(#7209));
#6896=SURFACE_SIDE_STYLE('',(#7210));
#6897=SURFACE_SIDE_STYLE('',(#7211));
#6898=SURFACE_SIDE_STYLE('',(#7212));
#6899=SURFACE_SIDE_STYLE('',(#7213));
#6900=SURFACE_SIDE_STYLE('',(#7214));
#6901=SURFACE_SIDE_STYLE('',(#7215));
#6902=SURFACE_SIDE_STYLE('',(#7216));
#6903=SURFACE_SIDE_STYLE('',(#7217));
#6904=SURFACE_SIDE_STYLE('',(#7218));
#6905=SURFACE_SIDE_STYLE('',(#7219));
#6906=SURFACE_SIDE_STYLE('',(#7220));
#6907=SURFACE_SIDE_STYLE('',(#7221));
#6908=SURFACE_SIDE_STYLE('',(#7222));
#6909=SURFACE_SIDE_STYLE('',(#7223));
#6910=SURFACE_SIDE_STYLE('',(#7224));
#6911=SURFACE_SIDE_STYLE('',(#7225));
#6912=SURFACE_SIDE_STYLE('',(#7226));
#6913=SURFACE_SIDE_STYLE('',(#7227));
#6914=SURFACE_SIDE_STYLE('',(#7228));
#6915=SURFACE_SIDE_STYLE('',(#7229));
#6916=SURFACE_SIDE_STYLE('',(#7230));
#6917=SURFACE_SIDE_STYLE('',(#7231));
#6918=SURFACE_SIDE_STYLE('',(#7232));
#6919=SURFACE_SIDE_STYLE('',(#7233));
#6920=SURFACE_SIDE_STYLE('',(#7234));
#6921=SURFACE_SIDE_STYLE('',(#7235));
#6922=SURFACE_SIDE_STYLE('',(#7236));
#6923=SURFACE_SIDE_STYLE('',(#7237));
#6924=SURFACE_SIDE_STYLE('',(#7238));
#6925=SURFACE_SIDE_STYLE('',(#7239));
#6926=SURFACE_STYLE_FILL_AREA(#7240);
#6927=SURFACE_STYLE_FILL_AREA(#7241);
#6928=SURFACE_STYLE_FILL_AREA(#7242);
#6929=SURFACE_STYLE_FILL_AREA(#7243);
#6930=SURFACE_STYLE_FILL_AREA(#7244);
#6931=SURFACE_STYLE_FILL_AREA(#7245);
#6932=SURFACE_STYLE_FILL_AREA(#7246);
#6933=SURFACE_STYLE_FILL_AREA(#7247);
#6934=SURFACE_STYLE_FILL_AREA(#7248);
#6935=SURFACE_STYLE_FILL_AREA(#7249);
#6936=SURFACE_STYLE_FILL_AREA(#7250);
#6937=SURFACE_STYLE_FILL_AREA(#7251);
#6938=SURFACE_STYLE_FILL_AREA(#7252);
#6939=SURFACE_STYLE_FILL_AREA(#7253);
#6940=SURFACE_STYLE_FILL_AREA(#7254);
#6941=SURFACE_STYLE_FILL_AREA(#7255);
#6942=SURFACE_STYLE_FILL_AREA(#7256);
#6943=SURFACE_STYLE_FILL_AREA(#7257);
#6944=SURFACE_STYLE_FILL_AREA(#7258);
#6945=SURFACE_STYLE_FILL_AREA(#7259);
#6946=SURFACE_STYLE_FILL_AREA(#7260);
#6947=SURFACE_STYLE_FILL_AREA(#7261);
#6948=SURFACE_STYLE_FILL_AREA(#7262);
#6949=SURFACE_STYLE_FILL_AREA(#7263);
#6950=SURFACE_STYLE_FILL_AREA(#7264);
#6951=SURFACE_STYLE_FILL_AREA(#7265);
#6952=SURFACE_STYLE_FILL_AREA(#7266);
#6953=SURFACE_STYLE_FILL_AREA(#7267);
#6954=SURFACE_STYLE_FILL_AREA(#7268);
#6955=SURFACE_STYLE_FILL_AREA(#7269);
#6956=SURFACE_STYLE_FILL_AREA(#7270);
#6957=SURFACE_STYLE_FILL_AREA(#7271);
#6958=SURFACE_STYLE_FILL_AREA(#7272);
#6959=SURFACE_STYLE_FILL_AREA(#7273);
#6960=SURFACE_STYLE_FILL_AREA(#7274);
#6961=SURFACE_STYLE_FILL_AREA(#7275);
#6962=SURFACE_STYLE_FILL_AREA(#7276);
#6963=SURFACE_STYLE_FILL_AREA(#7277);
#6964=SURFACE_STYLE_FILL_AREA(#7278);
#6965=SURFACE_STYLE_FILL_AREA(#7279);
#6966=SURFACE_STYLE_FILL_AREA(#7280);
#6967=SURFACE_STYLE_FILL_AREA(#7281);
#6968=SURFACE_STYLE_FILL_AREA(#7282);
#6969=SURFACE_STYLE_FILL_AREA(#7283);
#6970=SURFACE_STYLE_FILL_AREA(#7284);
#6971=SURFACE_STYLE_FILL_AREA(#7285);
#6972=SURFACE_STYLE_FILL_AREA(#7286);
#6973=SURFACE_STYLE_FILL_AREA(#7287);
#6974=SURFACE_STYLE_FILL_AREA(#7288);
#6975=SURFACE_STYLE_FILL_AREA(#7289);
#6976=SURFACE_STYLE_FILL_AREA(#7290);
#6977=SURFACE_STYLE_FILL_AREA(#7291);
#6978=SURFACE_STYLE_FILL_AREA(#7292);
#6979=SURFACE_STYLE_FILL_AREA(#7293);
#6980=SURFACE_STYLE_FILL_AREA(#7294);
#6981=SURFACE_STYLE_FILL_AREA(#7295);
#6982=SURFACE_STYLE_FILL_AREA(#7296);
#6983=SURFACE_STYLE_FILL_AREA(#7297);
#6984=SURFACE_STYLE_FILL_AREA(#7298);
#6985=SURFACE_STYLE_FILL_AREA(#7299);
#6986=SURFACE_STYLE_FILL_AREA(#7300);
#6987=SURFACE_STYLE_FILL_AREA(#7301);
#6988=SURFACE_STYLE_FILL_AREA(#7302);
#6989=SURFACE_STYLE_FILL_AREA(#7303);
#6990=SURFACE_STYLE_FILL_AREA(#7304);
#6991=SURFACE_STYLE_FILL_AREA(#7305);
#6992=SURFACE_STYLE_FILL_AREA(#7306);
#6993=SURFACE_STYLE_FILL_AREA(#7307);
#6994=SURFACE_STYLE_FILL_AREA(#7308);
#6995=SURFACE_STYLE_FILL_AREA(#7309);
#6996=SURFACE_STYLE_FILL_AREA(#7310);
#6997=SURFACE_STYLE_FILL_AREA(#7311);
#6998=SURFACE_STYLE_FILL_AREA(#7312);
#6999=SURFACE_STYLE_FILL_AREA(#7313);
#7000=SURFACE_STYLE_FILL_AREA(#7314);
#7001=SURFACE_STYLE_FILL_AREA(#7315);
#7002=SURFACE_STYLE_FILL_AREA(#7316);
#7003=SURFACE_STYLE_FILL_AREA(#7317);
#7004=SURFACE_STYLE_FILL_AREA(#7318);
#7005=SURFACE_STYLE_FILL_AREA(#7319);
#7006=SURFACE_STYLE_FILL_AREA(#7320);
#7007=SURFACE_STYLE_FILL_AREA(#7321);
#7008=SURFACE_STYLE_FILL_AREA(#7322);
#7009=SURFACE_STYLE_FILL_AREA(#7323);
#7010=SURFACE_STYLE_FILL_AREA(#7324);
#7011=SURFACE_STYLE_FILL_AREA(#7325);
#7012=SURFACE_STYLE_FILL_AREA(#7326);
#7013=SURFACE_STYLE_FILL_AREA(#7327);
#7014=SURFACE_STYLE_FILL_AREA(#7328);
#7015=SURFACE_STYLE_FILL_AREA(#7329);
#7016=SURFACE_STYLE_FILL_AREA(#7330);
#7017=SURFACE_STYLE_FILL_AREA(#7331);
#7018=SURFACE_STYLE_FILL_AREA(#7332);
#7019=SURFACE_STYLE_FILL_AREA(#7333);
#7020=SURFACE_STYLE_FILL_AREA(#7334);
#7021=SURFACE_STYLE_FILL_AREA(#7335);
#7022=SURFACE_STYLE_FILL_AREA(#7336);
#7023=SURFACE_STYLE_FILL_AREA(#7337);
#7024=SURFACE_STYLE_FILL_AREA(#7338);
#7025=SURFACE_STYLE_FILL_AREA(#7339);
#7026=SURFACE_STYLE_FILL_AREA(#7340);
#7027=SURFACE_STYLE_FILL_AREA(#7341);
#7028=SURFACE_STYLE_FILL_AREA(#7342);
#7029=SURFACE_STYLE_FILL_AREA(#7343);
#7030=SURFACE_STYLE_FILL_AREA(#7344);
#7031=SURFACE_STYLE_FILL_AREA(#7345);
#7032=SURFACE_STYLE_FILL_AREA(#7346);
#7033=SURFACE_STYLE_FILL_AREA(#7347);
#7034=SURFACE_STYLE_FILL_AREA(#7348);
#7035=SURFACE_STYLE_FILL_AREA(#7349);
#7036=SURFACE_STYLE_FILL_AREA(#7350);
#7037=SURFACE_STYLE_FILL_AREA(#7351);
#7038=SURFACE_STYLE_FILL_AREA(#7352);
#7039=SURFACE_STYLE_FILL_AREA(#7353);
#7040=SURFACE_STYLE_FILL_AREA(#7354);
#7041=SURFACE_STYLE_FILL_AREA(#7355);
#7042=SURFACE_STYLE_FILL_AREA(#7356);
#7043=SURFACE_STYLE_FILL_AREA(#7357);
#7044=SURFACE_STYLE_FILL_AREA(#7358);
#7045=SURFACE_STYLE_FILL_AREA(#7359);
#7046=SURFACE_STYLE_FILL_AREA(#7360);
#7047=SURFACE_STYLE_FILL_AREA(#7361);
#7048=SURFACE_STYLE_FILL_AREA(#7362);
#7049=SURFACE_STYLE_FILL_AREA(#7363);
#7050=SURFACE_STYLE_FILL_AREA(#7364);
#7051=SURFACE_STYLE_FILL_AREA(#7365);
#7052=SURFACE_STYLE_FILL_AREA(#7366);
#7053=SURFACE_STYLE_FILL_AREA(#7367);
#7054=SURFACE_STYLE_FILL_AREA(#7368);
#7055=SURFACE_STYLE_FILL_AREA(#7369);
#7056=SURFACE_STYLE_FILL_AREA(#7370);
#7057=SURFACE_STYLE_FILL_AREA(#7371);
#7058=SURFACE_STYLE_FILL_AREA(#7372);
#7059=SURFACE_STYLE_FILL_AREA(#7373);
#7060=SURFACE_STYLE_FILL_AREA(#7374);
#7061=SURFACE_STYLE_FILL_AREA(#7375);
#7062=SURFACE_STYLE_FILL_AREA(#7376);
#7063=SURFACE_STYLE_FILL_AREA(#7377);
#7064=SURFACE_STYLE_FILL_AREA(#7378);
#7065=SURFACE_STYLE_FILL_AREA(#7379);
#7066=SURFACE_STYLE_FILL_AREA(#7380);
#7067=SURFACE_STYLE_FILL_AREA(#7381);
#7068=SURFACE_STYLE_FILL_AREA(#7382);
#7069=SURFACE_STYLE_FILL_AREA(#7383);
#7070=SURFACE_STYLE_FILL_AREA(#7384);
#7071=SURFACE_STYLE_FILL_AREA(#7385);
#7072=SURFACE_STYLE_FILL_AREA(#7386);
#7073=SURFACE_STYLE_FILL_AREA(#7387);
#7074=SURFACE_STYLE_FILL_AREA(#7388);
#7075=SURFACE_STYLE_FILL_AREA(#7389);
#7076=SURFACE_STYLE_FILL_AREA(#7390);
#7077=SURFACE_STYLE_FILL_AREA(#7391);
#7078=SURFACE_STYLE_FILL_AREA(#7392);
#7079=SURFACE_STYLE_FILL_AREA(#7393);
#7080=SURFACE_STYLE_FILL_AREA(#7394);
#7081=SURFACE_STYLE_FILL_AREA(#7395);
#7082=SURFACE_STYLE_FILL_AREA(#7396);
#7083=SURFACE_STYLE_FILL_AREA(#7397);
#7084=SURFACE_STYLE_FILL_AREA(#7398);
#7085=SURFACE_STYLE_FILL_AREA(#7399);
#7086=SURFACE_STYLE_FILL_AREA(#7400);
#7087=SURFACE_STYLE_FILL_AREA(#7401);
#7088=SURFACE_STYLE_FILL_AREA(#7402);
#7089=SURFACE_STYLE_FILL_AREA(#7403);
#7090=SURFACE_STYLE_FILL_AREA(#7404);
#7091=SURFACE_STYLE_FILL_AREA(#7405);
#7092=SURFACE_STYLE_FILL_AREA(#7406);
#7093=SURFACE_STYLE_FILL_AREA(#7407);
#7094=SURFACE_STYLE_FILL_AREA(#7408);
#7095=SURFACE_STYLE_FILL_AREA(#7409);
#7096=SURFACE_STYLE_FILL_AREA(#7410);
#7097=SURFACE_STYLE_FILL_AREA(#7411);
#7098=SURFACE_STYLE_FILL_AREA(#7412);
#7099=SURFACE_STYLE_FILL_AREA(#7413);
#7100=SURFACE_STYLE_FILL_AREA(#7414);
#7101=SURFACE_STYLE_FILL_AREA(#7415);
#7102=SURFACE_STYLE_FILL_AREA(#7416);
#7103=SURFACE_STYLE_FILL_AREA(#7417);
#7104=SURFACE_STYLE_FILL_AREA(#7418);
#7105=SURFACE_STYLE_FILL_AREA(#7419);
#7106=SURFACE_STYLE_FILL_AREA(#7420);
#7107=SURFACE_STYLE_FILL_AREA(#7421);
#7108=SURFACE_STYLE_FILL_AREA(#7422);
#7109=SURFACE_STYLE_FILL_AREA(#7423);
#7110=SURFACE_STYLE_FILL_AREA(#7424);
#7111=SURFACE_STYLE_FILL_AREA(#7425);
#7112=SURFACE_STYLE_FILL_AREA(#7426);
#7113=SURFACE_STYLE_FILL_AREA(#7427);
#7114=SURFACE_STYLE_FILL_AREA(#7428);
#7115=SURFACE_STYLE_FILL_AREA(#7429);
#7116=SURFACE_STYLE_FILL_AREA(#7430);
#7117=SURFACE_STYLE_FILL_AREA(#7431);
#7118=SURFACE_STYLE_FILL_AREA(#7432);
#7119=SURFACE_STYLE_FILL_AREA(#7433);
#7120=SURFACE_STYLE_FILL_AREA(#7434);
#7121=SURFACE_STYLE_FILL_AREA(#7435);
#7122=SURFACE_STYLE_FILL_AREA(#7436);
#7123=SURFACE_STYLE_FILL_AREA(#7437);
#7124=SURFACE_STYLE_FILL_AREA(#7438);
#7125=SURFACE_STYLE_FILL_AREA(#7439);
#7126=SURFACE_STYLE_FILL_AREA(#7440);
#7127=SURFACE_STYLE_FILL_AREA(#7441);
#7128=SURFACE_STYLE_FILL_AREA(#7442);
#7129=SURFACE_STYLE_FILL_AREA(#7443);
#7130=SURFACE_STYLE_FILL_AREA(#7444);
#7131=SURFACE_STYLE_FILL_AREA(#7445);
#7132=SURFACE_STYLE_FILL_AREA(#7446);
#7133=SURFACE_STYLE_FILL_AREA(#7447);
#7134=SURFACE_STYLE_FILL_AREA(#7448);
#7135=SURFACE_STYLE_FILL_AREA(#7449);
#7136=SURFACE_STYLE_FILL_AREA(#7450);
#7137=SURFACE_STYLE_FILL_AREA(#7451);
#7138=SURFACE_STYLE_FILL_AREA(#7452);
#7139=SURFACE_STYLE_FILL_AREA(#7453);
#7140=SURFACE_STYLE_FILL_AREA(#7454);
#7141=SURFACE_STYLE_FILL_AREA(#7455);
#7142=SURFACE_STYLE_FILL_AREA(#7456);
#7143=SURFACE_STYLE_FILL_AREA(#7457);
#7144=SURFACE_STYLE_FILL_AREA(#7458);
#7145=SURFACE_STYLE_FILL_AREA(#7459);
#7146=SURFACE_STYLE_FILL_AREA(#7460);
#7147=SURFACE_STYLE_FILL_AREA(#7461);
#7148=SURFACE_STYLE_FILL_AREA(#7462);
#7149=SURFACE_STYLE_FILL_AREA(#7463);
#7150=SURFACE_STYLE_FILL_AREA(#7464);
#7151=SURFACE_STYLE_FILL_AREA(#7465);
#7152=SURFACE_STYLE_FILL_AREA(#7466);
#7153=SURFACE_STYLE_FILL_AREA(#7467);
#7154=SURFACE_STYLE_FILL_AREA(#7468);
#7155=SURFACE_STYLE_FILL_AREA(#7469);
#7156=SURFACE_STYLE_FILL_AREA(#7470);
#7157=SURFACE_STYLE_FILL_AREA(#7471);
#7158=SURFACE_STYLE_FILL_AREA(#7472);
#7159=SURFACE_STYLE_FILL_AREA(#7473);
#7160=SURFACE_STYLE_FILL_AREA(#7474);
#7161=SURFACE_STYLE_FILL_AREA(#7475);
#7162=SURFACE_STYLE_FILL_AREA(#7476);
#7163=SURFACE_STYLE_FILL_AREA(#7477);
#7164=SURFACE_STYLE_FILL_AREA(#7478);
#7165=SURFACE_STYLE_FILL_AREA(#7479);
#7166=SURFACE_STYLE_FILL_AREA(#7480);
#7167=SURFACE_STYLE_FILL_AREA(#7481);
#7168=SURFACE_STYLE_FILL_AREA(#7482);
#7169=SURFACE_STYLE_FILL_AREA(#7483);
#7170=SURFACE_STYLE_FILL_AREA(#7484);
#7171=SURFACE_STYLE_FILL_AREA(#7485);
#7172=SURFACE_STYLE_FILL_AREA(#7486);
#7173=SURFACE_STYLE_FILL_AREA(#7487);
#7174=SURFACE_STYLE_FILL_AREA(#7488);
#7175=SURFACE_STYLE_FILL_AREA(#7489);
#7176=SURFACE_STYLE_FILL_AREA(#7490);
#7177=SURFACE_STYLE_FILL_AREA(#7491);
#7178=SURFACE_STYLE_FILL_AREA(#7492);
#7179=SURFACE_STYLE_FILL_AREA(#7493);
#7180=SURFACE_STYLE_FILL_AREA(#7494);
#7181=SURFACE_STYLE_FILL_AREA(#7495);
#7182=SURFACE_STYLE_FILL_AREA(#7496);
#7183=SURFACE_STYLE_FILL_AREA(#7497);
#7184=SURFACE_STYLE_FILL_AREA(#7498);
#7185=SURFACE_STYLE_FILL_AREA(#7499);
#7186=SURFACE_STYLE_FILL_AREA(#7500);
#7187=SURFACE_STYLE_FILL_AREA(#7501);
#7188=SURFACE_STYLE_FILL_AREA(#7502);
#7189=SURFACE_STYLE_FILL_AREA(#7503);
#7190=SURFACE_STYLE_FILL_AREA(#7504);
#7191=SURFACE_STYLE_FILL_AREA(#7505);
#7192=SURFACE_STYLE_FILL_AREA(#7506);
#7193=SURFACE_STYLE_FILL_AREA(#7507);
#7194=SURFACE_STYLE_FILL_AREA(#7508);
#7195=SURFACE_STYLE_FILL_AREA(#7509);
#7196=SURFACE_STYLE_FILL_AREA(#7510);
#7197=SURFACE_STYLE_FILL_AREA(#7511);
#7198=SURFACE_STYLE_FILL_AREA(#7512);
#7199=SURFACE_STYLE_FILL_AREA(#7513);
#7200=SURFACE_STYLE_FILL_AREA(#7514);
#7201=SURFACE_STYLE_FILL_AREA(#7515);
#7202=SURFACE_STYLE_FILL_AREA(#7516);
#7203=SURFACE_STYLE_FILL_AREA(#7517);
#7204=SURFACE_STYLE_FILL_AREA(#7518);
#7205=SURFACE_STYLE_FILL_AREA(#7519);
#7206=SURFACE_STYLE_FILL_AREA(#7520);
#7207=SURFACE_STYLE_FILL_AREA(#7521);
#7208=SURFACE_STYLE_FILL_AREA(#7522);
#7209=SURFACE_STYLE_FILL_AREA(#7523);
#7210=SURFACE_STYLE_FILL_AREA(#7524);
#7211=SURFACE_STYLE_FILL_AREA(#7525);
#7212=SURFACE_STYLE_FILL_AREA(#7526);
#7213=SURFACE_STYLE_FILL_AREA(#7527);
#7214=SURFACE_STYLE_FILL_AREA(#7528);
#7215=SURFACE_STYLE_FILL_AREA(#7529);
#7216=SURFACE_STYLE_FILL_AREA(#7530);
#7217=SURFACE_STYLE_FILL_AREA(#7531);
#7218=SURFACE_STYLE_FILL_AREA(#7532);
#7219=SURFACE_STYLE_FILL_AREA(#7533);
#7220=SURFACE_STYLE_FILL_AREA(#7534);
#7221=SURFACE_STYLE_FILL_AREA(#7535);
#7222=SURFACE_STYLE_FILL_AREA(#7536);
#7223=SURFACE_STYLE_FILL_AREA(#7537);
#7224=SURFACE_STYLE_FILL_AREA(#7538);
#7225=SURFACE_STYLE_FILL_AREA(#7539);
#7226=SURFACE_STYLE_FILL_AREA(#7540);
#7227=SURFACE_STYLE_FILL_AREA(#7541);
#7228=SURFACE_STYLE_FILL_AREA(#7542);
#7229=SURFACE_STYLE_FILL_AREA(#7543);
#7230=SURFACE_STYLE_FILL_AREA(#7544);
#7231=SURFACE_STYLE_FILL_AREA(#7545);
#7232=SURFACE_STYLE_FILL_AREA(#7546);
#7233=SURFACE_STYLE_FILL_AREA(#7547);
#7234=SURFACE_STYLE_FILL_AREA(#7548);
#7235=SURFACE_STYLE_FILL_AREA(#7549);
#7236=SURFACE_STYLE_FILL_AREA(#7550);
#7237=SURFACE_STYLE_FILL_AREA(#7551);
#7238=SURFACE_STYLE_FILL_AREA(#7552);
#7239=SURFACE_STYLE_FILL_AREA(#7553);
#7240=FILL_AREA_STYLE('',(#7554));
#7241=FILL_AREA_STYLE('',(#7555));
#7242=FILL_AREA_STYLE('',(#7556));
#7243=FILL_AREA_STYLE('',(#7557));
#7244=FILL_AREA_STYLE('',(#7558));
#7245=FILL_AREA_STYLE('',(#7559));
#7246=FILL_AREA_STYLE('',(#7560));
#7247=FILL_AREA_STYLE('',(#7561));
#7248=FILL_AREA_STYLE('',(#7562));
#7249=FILL_AREA_STYLE('',(#7563));
#7250=FILL_AREA_STYLE('',(#7564));
#7251=FILL_AREA_STYLE('',(#7565));
#7252=FILL_AREA_STYLE('',(#7566));
#7253=FILL_AREA_STYLE('',(#7567));
#7254=FILL_AREA_STYLE('',(#7568));
#7255=FILL_AREA_STYLE('',(#7569));
#7256=FILL_AREA_STYLE('',(#7570));
#7257=FILL_AREA_STYLE('',(#7571));
#7258=FILL_AREA_STYLE('',(#7572));
#7259=FILL_AREA_STYLE('',(#7573));
#7260=FILL_AREA_STYLE('',(#7574));
#7261=FILL_AREA_STYLE('',(#7575));
#7262=FILL_AREA_STYLE('',(#7576));
#7263=FILL_AREA_STYLE('',(#7577));
#7264=FILL_AREA_STYLE('',(#7578));
#7265=FILL_AREA_STYLE('',(#7579));
#7266=FILL_AREA_STYLE('',(#7580));
#7267=FILL_AREA_STYLE('',(#7581));
#7268=FILL_AREA_STYLE('',(#7582));
#7269=FILL_AREA_STYLE('',(#7583));
#7270=FILL_AREA_STYLE('',(#7584));
#7271=FILL_AREA_STYLE('',(#7585));
#7272=FILL_AREA_STYLE('',(#7586));
#7273=FILL_AREA_STYLE('',(#7587));
#7274=FILL_AREA_STYLE('',(#7588));
#7275=FILL_AREA_STYLE('',(#7589));
#7276=FILL_AREA_STYLE('',(#7590));
#7277=FILL_AREA_STYLE('',(#7591));
#7278=FILL_AREA_STYLE('',(#7592));
#7279=FILL_AREA_STYLE('',(#7593));
#7280=FILL_AREA_STYLE('',(#7594));
#7281=FILL_AREA_STYLE('',(#7595));
#7282=FILL_AREA_STYLE('',(#7596));
#7283=FILL_AREA_STYLE('',(#7597));
#7284=FILL_AREA_STYLE('',(#7598));
#7285=FILL_AREA_STYLE('',(#7599));
#7286=FILL_AREA_STYLE('',(#7600));
#7287=FILL_AREA_STYLE('',(#7601));
#7288=FILL_AREA_STYLE('',(#7602));
#7289=FILL_AREA_STYLE('',(#7603));
#7290=FILL_AREA_STYLE('',(#7604));
#7291=FILL_AREA_STYLE('',(#7605));
#7292=FILL_AREA_STYLE('',(#7606));
#7293=FILL_AREA_STYLE('',(#7607));
#7294=FILL_AREA_STYLE('',(#7608));
#7295=FILL_AREA_STYLE('',(#7609));
#7296=FILL_AREA_STYLE('',(#7610));
#7297=FILL_AREA_STYLE('',(#7611));
#7298=FILL_AREA_STYLE('',(#7612));
#7299=FILL_AREA_STYLE('',(#7613));
#7300=FILL_AREA_STYLE('',(#7614));
#7301=FILL_AREA_STYLE('',(#7615));
#7302=FILL_AREA_STYLE('',(#7616));
#7303=FILL_AREA_STYLE('',(#7617));
#7304=FILL_AREA_STYLE('',(#7618));
#7305=FILL_AREA_STYLE('',(#7619));
#7306=FILL_AREA_STYLE('',(#7620));
#7307=FILL_AREA_STYLE('',(#7621));
#7308=FILL_AREA_STYLE('',(#7622));
#7309=FILL_AREA_STYLE('',(#7623));
#7310=FILL_AREA_STYLE('',(#7624));
#7311=FILL_AREA_STYLE('',(#7625));
#7312=FILL_AREA_STYLE('',(#7626));
#7313=FILL_AREA_STYLE('',(#7627));
#7314=FILL_AREA_STYLE('',(#7628));
#7315=FILL_AREA_STYLE('',(#7629));
#7316=FILL_AREA_STYLE('',(#7630));
#7317=FILL_AREA_STYLE('',(#7631));
#7318=FILL_AREA_STYLE('',(#7632));
#7319=FILL_AREA_STYLE('',(#7633));
#7320=FILL_AREA_STYLE('',(#7634));
#7321=FILL_AREA_STYLE('',(#7635));
#7322=FILL_AREA_STYLE('',(#7636));
#7323=FILL_AREA_STYLE('',(#7637));
#7324=FILL_AREA_STYLE('',(#7638));
#7325=FILL_AREA_STYLE('',(#7639));
#7326=FILL_AREA_STYLE('',(#7640));
#7327=FILL_AREA_STYLE('',(#7641));
#7328=FILL_AREA_STYLE('',(#7642));
#7329=FILL_AREA_STYLE('',(#7643));
#7330=FILL_AREA_STYLE('',(#7644));
#7331=FILL_AREA_STYLE('',(#7645));
#7332=FILL_AREA_STYLE('',(#7646));
#7333=FILL_AREA_STYLE('',(#7647));
#7334=FILL_AREA_STYLE('',(#7648));
#7335=FILL_AREA_STYLE('',(#7649));
#7336=FILL_AREA_STYLE('',(#7650));
#7337=FILL_AREA_STYLE('',(#7651));
#7338=FILL_AREA_STYLE('',(#7652));
#7339=FILL_AREA_STYLE('',(#7653));
#7340=FILL_AREA_STYLE('',(#7654));
#7341=FILL_AREA_STYLE('',(#7655));
#7342=FILL_AREA_STYLE('',(#7656));
#7343=FILL_AREA_STYLE('',(#7657));
#7344=FILL_AREA_STYLE('',(#7658));
#7345=FILL_AREA_STYLE('',(#7659));
#7346=FILL_AREA_STYLE('',(#7660));
#7347=FILL_AREA_STYLE('',(#7661));
#7348=FILL_AREA_STYLE('',(#7662));
#7349=FILL_AREA_STYLE('',(#7663));
#7350=FILL_AREA_STYLE('',(#7664));
#7351=FILL_AREA_STYLE('',(#7665));
#7352=FILL_AREA_STYLE('',(#7666));
#7353=FILL_AREA_STYLE('',(#7667));
#7354=FILL_AREA_STYLE('',(#7668));
#7355=FILL_AREA_STYLE('',(#7669));
#7356=FILL_AREA_STYLE('',(#7670));
#7357=FILL_AREA_STYLE('',(#7671));
#7358=FILL_AREA_STYLE('',(#7672));
#7359=FILL_AREA_STYLE('',(#7673));
#7360=FILL_AREA_STYLE('',(#7674));
#7361=FILL_AREA_STYLE('',(#7675));
#7362=FILL_AREA_STYLE('',(#7676));
#7363=FILL_AREA_STYLE('',(#7677));
#7364=FILL_AREA_STYLE('',(#7678));
#7365=FILL_AREA_STYLE('',(#7679));
#7366=FILL_AREA_STYLE('',(#7680));
#7367=FILL_AREA_STYLE('',(#7681));
#7368=FILL_AREA_STYLE('',(#7682));
#7369=FILL_AREA_STYLE('',(#7683));
#7370=FILL_AREA_STYLE('',(#7684));
#7371=FILL_AREA_STYLE('',(#7685));
#7372=FILL_AREA_STYLE('',(#7686));
#7373=FILL_AREA_STYLE('',(#7687));
#7374=FILL_AREA_STYLE('',(#7688));
#7375=FILL_AREA_STYLE('',(#7689));
#7376=FILL_AREA_STYLE('',(#7690));
#7377=FILL_AREA_STYLE('',(#7691));
#7378=FILL_AREA_STYLE('',(#7692));
#7379=FILL_AREA_STYLE('',(#7693));
#7380=FILL_AREA_STYLE('',(#7694));
#7381=FILL_AREA_STYLE('',(#7695));
#7382=FILL_AREA_STYLE('',(#7696));
#7383=FILL_AREA_STYLE('',(#7697));
#7384=FILL_AREA_STYLE('',(#7698));
#7385=FILL_AREA_STYLE('',(#7699));
#7386=FILL_AREA_STYLE('',(#7700));
#7387=FILL_AREA_STYLE('',(#7701));
#7388=FILL_AREA_STYLE('',(#7702));
#7389=FILL_AREA_STYLE('',(#7703));
#7390=FILL_AREA_STYLE('',(#7704));
#7391=FILL_AREA_STYLE('',(#7705));
#7392=FILL_AREA_STYLE('',(#7706));
#7393=FILL_AREA_STYLE('',(#7707));
#7394=FILL_AREA_STYLE('',(#7708));
#7395=FILL_AREA_STYLE('',(#7709));
#7396=FILL_AREA_STYLE('',(#7710));
#7397=FILL_AREA_STYLE('',(#7711));
#7398=FILL_AREA_STYLE('',(#7712));
#7399=FILL_AREA_STYLE('',(#7713));
#7400=FILL_AREA_STYLE('',(#7714));
#7401=FILL_AREA_STYLE('',(#7715));
#7402=FILL_AREA_STYLE('',(#7716));
#7403=FILL_AREA_STYLE('',(#7717));
#7404=FILL_AREA_STYLE('',(#7718));
#7405=FILL_AREA_STYLE('',(#7719));
#7406=FILL_AREA_STYLE('',(#7720));
#7407=FILL_AREA_STYLE('',(#7721));
#7408=FILL_AREA_STYLE('',(#7722));
#7409=FILL_AREA_STYLE('',(#7723));
#7410=FILL_AREA_STYLE('',(#7724));
#7411=FILL_AREA_STYLE('',(#7725));
#7412=FILL_AREA_STYLE('',(#7726));
#7413=FILL_AREA_STYLE('',(#7727));
#7414=FILL_AREA_STYLE('',(#7728));
#7415=FILL_AREA_STYLE('',(#7729));
#7416=FILL_AREA_STYLE('',(#7730));
#7417=FILL_AREA_STYLE('',(#7731));
#7418=FILL_AREA_STYLE('',(#7732));
#7419=FILL_AREA_STYLE('',(#7733));
#7420=FILL_AREA_STYLE('',(#7734));
#7421=FILL_AREA_STYLE('',(#7735));
#7422=FILL_AREA_STYLE('',(#7736));
#7423=FILL_AREA_STYLE('',(#7737));
#7424=FILL_AREA_STYLE('',(#7738));
#7425=FILL_AREA_STYLE('',(#7739));
#7426=FILL_AREA_STYLE('',(#7740));
#7427=FILL_AREA_STYLE('',(#7741));
#7428=FILL_AREA_STYLE('',(#7742));
#7429=FILL_AREA_STYLE('',(#7743));
#7430=FILL_AREA_STYLE('',(#7744));
#7431=FILL_AREA_STYLE('',(#7745));
#7432=FILL_AREA_STYLE('',(#7746));
#7433=FILL_AREA_STYLE('',(#7747));
#7434=FILL_AREA_STYLE('',(#7748));
#7435=FILL_AREA_STYLE('',(#7749));
#7436=FILL_AREA_STYLE('',(#7750));
#7437=FILL_AREA_STYLE('',(#7751));
#7438=FILL_AREA_STYLE('',(#7752));
#7439=FILL_AREA_STYLE('',(#7753));
#7440=FILL_AREA_STYLE('',(#7754));
#7441=FILL_AREA_STYLE('',(#7755));
#7442=FILL_AREA_STYLE('',(#7756));
#7443=FILL_AREA_STYLE('',(#7757));
#7444=FILL_AREA_STYLE('',(#7758));
#7445=FILL_AREA_STYLE('',(#7759));
#7446=FILL_AREA_STYLE('',(#7760));
#7447=FILL_AREA_STYLE('',(#7761));
#7448=FILL_AREA_STYLE('',(#7762));
#7449=FILL_AREA_STYLE('',(#7763));
#7450=FILL_AREA_STYLE('',(#7764));
#7451=FILL_AREA_STYLE('',(#7765));
#7452=FILL_AREA_STYLE('',(#7766));
#7453=FILL_AREA_STYLE('',(#7767));
#7454=FILL_AREA_STYLE('',(#7768));
#7455=FILL_AREA_STYLE('',(#7769));
#7456=FILL_AREA_STYLE('',(#7770));
#7457=FILL_AREA_STYLE('',(#7771));
#7458=FILL_AREA_STYLE('',(#7772));
#7459=FILL_AREA_STYLE('',(#7773));
#7460=FILL_AREA_STYLE('',(#7774));
#7461=FILL_AREA_STYLE('',(#7775));
#7462=FILL_AREA_STYLE('',(#7776));
#7463=FILL_AREA_STYLE('',(#7777));
#7464=FILL_AREA_STYLE('',(#7778));
#7465=FILL_AREA_STYLE('',(#7779));
#7466=FILL_AREA_STYLE('',(#7780));
#7467=FILL_AREA_STYLE('',(#7781));
#7468=FILL_AREA_STYLE('',(#7782));
#7469=FILL_AREA_STYLE('',(#7783));
#7470=FILL_AREA_STYLE('',(#7784));
#7471=FILL_AREA_STYLE('',(#7785));
#7472=FILL_AREA_STYLE('',(#7786));
#7473=FILL_AREA_STYLE('',(#7787));
#7474=FILL_AREA_STYLE('',(#7788));
#7475=FILL_AREA_STYLE('',(#7789));
#7476=FILL_AREA_STYLE('',(#7790));
#7477=FILL_AREA_STYLE('',(#7791));
#7478=FILL_AREA_STYLE('',(#7792));
#7479=FILL_AREA_STYLE('',(#7793));
#7480=FILL_AREA_STYLE('',(#7794));
#7481=FILL_AREA_STYLE('',(#7795));
#7482=FILL_AREA_STYLE('',(#7796));
#7483=FILL_AREA_STYLE('',(#7797));
#7484=FILL_AREA_STYLE('',(#7798));
#7485=FILL_AREA_STYLE('',(#7799));
#7486=FILL_AREA_STYLE('',(#7800));
#7487=FILL_AREA_STYLE('',(#7801));
#7488=FILL_AREA_STYLE('',(#7802));
#7489=FILL_AREA_STYLE('',(#7803));
#7490=FILL_AREA_STYLE('',(#7804));
#7491=FILL_AREA_STYLE('',(#7805));
#7492=FILL_AREA_STYLE('',(#7806));
#7493=FILL_AREA_STYLE('',(#7807));
#7494=FILL_AREA_STYLE('',(#7808));
#7495=FILL_AREA_STYLE('',(#7809));
#7496=FILL_AREA_STYLE('',(#7810));
#7497=FILL_AREA_STYLE('',(#7811));
#7498=FILL_AREA_STYLE('',(#7812));
#7499=FILL_AREA_STYLE('',(#7813));
#7500=FILL_AREA_STYLE('',(#7814));
#7501=FILL_AREA_STYLE('',(#7815));
#7502=FILL_AREA_STYLE('',(#7816));
#7503=FILL_AREA_STYLE('',(#7817));
#7504=FILL_AREA_STYLE('',(#7818));
#7505=FILL_AREA_STYLE('',(#7819));
#7506=FILL_AREA_STYLE('',(#7820));
#7507=FILL_AREA_STYLE('',(#7821));
#7508=FILL_AREA_STYLE('',(#7822));
#7509=FILL_AREA_STYLE('',(#7823));
#7510=FILL_AREA_STYLE('',(#7824));
#7511=FILL_AREA_STYLE('',(#7825));
#7512=FILL_AREA_STYLE('',(#7826));
#7513=FILL_AREA_STYLE('',(#7827));
#7514=FILL_AREA_STYLE('',(#7828));
#7515=FILL_AREA_STYLE('',(#7829));
#7516=FILL_AREA_STYLE('',(#7830));
#7517=FILL_AREA_STYLE('',(#7831));
#7518=FILL_AREA_STYLE('',(#7832));
#7519=FILL_AREA_STYLE('',(#7833));
#7520=FILL_AREA_STYLE('',(#7834));
#7521=FILL_AREA_STYLE('',(#7835));
#7522=FILL_AREA_STYLE('',(#7836));
#7523=FILL_AREA_STYLE('',(#7837));
#7524=FILL_AREA_STYLE('',(#7838));
#7525=FILL_AREA_STYLE('',(#7839));
#7526=FILL_AREA_STYLE('',(#7840));
#7527=FILL_AREA_STYLE('',(#7841));
#7528=FILL_AREA_STYLE('',(#7842));
#7529=FILL_AREA_STYLE('',(#7843));
#7530=FILL_AREA_STYLE('',(#7844));
#7531=FILL_AREA_STYLE('',(#7845));
#7532=FILL_AREA_STYLE('',(#7846));
#7533=FILL_AREA_STYLE('',(#7847));
#7534=FILL_AREA_STYLE('',(#7848));
#7535=FILL_AREA_STYLE('',(#7849));
#7536=FILL_AREA_STYLE('',(#7850));
#7537=FILL_AREA_STYLE('',(#7851));
#7538=FILL_AREA_STYLE('',(#7852));
#7539=FILL_AREA_STYLE('',(#7853));
#7540=FILL_AREA_STYLE('',(#7854));
#7541=FILL_AREA_STYLE('',(#7855));
#7542=FILL_AREA_STYLE('',(#7856));
#7543=FILL_AREA_STYLE('',(#7857));
#7544=FILL_AREA_STYLE('',(#7858));
#7545=FILL_AREA_STYLE('',(#7859));
#7546=FILL_AREA_STYLE('',(#7860));
#7547=FILL_AREA_STYLE('',(#7861));
#7548=FILL_AREA_STYLE('',(#7862));
#7549=FILL_AREA_STYLE('',(#7863));
#7550=FILL_AREA_STYLE('',(#7864));
#7551=FILL_AREA_STYLE('',(#7865));
#7552=FILL_AREA_STYLE('',(#7866));
#7553=FILL_AREA_STYLE('',(#7867));
#7554=FILL_AREA_STYLE_COLOUR('',#7868);
#7555=FILL_AREA_STYLE_COLOUR('',#7869);
#7556=FILL_AREA_STYLE_COLOUR('',#7869);
#7557=FILL_AREA_STYLE_COLOUR('',#7869);
#7558=FILL_AREA_STYLE_COLOUR('',#7869);
#7559=FILL_AREA_STYLE_COLOUR('',#7869);
#7560=FILL_AREA_STYLE_COLOUR('',#7869);
#7561=FILL_AREA_STYLE_COLOUR('',#7869);
#7562=FILL_AREA_STYLE_COLOUR('',#7869);
#7563=FILL_AREA_STYLE_COLOUR('',#7869);
#7564=FILL_AREA_STYLE_COLOUR('',#7869);
#7565=FILL_AREA_STYLE_COLOUR('',#7869);
#7566=FILL_AREA_STYLE_COLOUR('',#7869);
#7567=FILL_AREA_STYLE_COLOUR('',#7868);
#7568=FILL_AREA_STYLE_COLOUR('',#7868);
#7569=FILL_AREA_STYLE_COLOUR('',#7868);
#7570=FILL_AREA_STYLE_COLOUR('',#7868);
#7571=FILL_AREA_STYLE_COLOUR('',#7868);
#7572=FILL_AREA_STYLE_COLOUR('',#7868);
#7573=FILL_AREA_STYLE_COLOUR('',#7868);
#7574=FILL_AREA_STYLE_COLOUR('',#7868);
#7575=FILL_AREA_STYLE_COLOUR('',#7868);
#7576=FILL_AREA_STYLE_COLOUR('',#7868);
#7577=FILL_AREA_STYLE_COLOUR('',#7868);
#7578=FILL_AREA_STYLE_COLOUR('',#7868);
#7579=FILL_AREA_STYLE_COLOUR('',#7868);
#7580=FILL_AREA_STYLE_COLOUR('',#7868);
#7581=FILL_AREA_STYLE_COLOUR('',#7868);
#7582=FILL_AREA_STYLE_COLOUR('',#7868);
#7583=FILL_AREA_STYLE_COLOUR('',#7868);
#7584=FILL_AREA_STYLE_COLOUR('',#7868);
#7585=FILL_AREA_STYLE_COLOUR('',#7868);
#7586=FILL_AREA_STYLE_COLOUR('',#7868);
#7587=FILL_AREA_STYLE_COLOUR('',#7868);
#7588=FILL_AREA_STYLE_COLOUR('',#7868);
#7589=FILL_AREA_STYLE_COLOUR('',#7868);
#7590=FILL_AREA_STYLE_COLOUR('',#7868);
#7591=FILL_AREA_STYLE_COLOUR('',#7868);
#7592=FILL_AREA_STYLE_COLOUR('',#7868);
#7593=FILL_AREA_STYLE_COLOUR('',#7868);
#7594=FILL_AREA_STYLE_COLOUR('',#7868);
#7595=FILL_AREA_STYLE_COLOUR('',#7868);
#7596=FILL_AREA_STYLE_COLOUR('',#7868);
#7597=FILL_AREA_STYLE_COLOUR('',#7868);
#7598=FILL_AREA_STYLE_COLOUR('',#7868);
#7599=FILL_AREA_STYLE_COLOUR('',#7868);
#7600=FILL_AREA_STYLE_COLOUR('',#7868);
#7601=FILL_AREA_STYLE_COLOUR('',#7868);
#7602=FILL_AREA_STYLE_COLOUR('',#7868);
#7603=FILL_AREA_STYLE_COLOUR('',#7868);
#7604=FILL_AREA_STYLE_COLOUR('',#7868);
#7605=FILL_AREA_STYLE_COLOUR('',#7868);
#7606=FILL_AREA_STYLE_COLOUR('',#7868);
#7607=FILL_AREA_STYLE_COLOUR('',#7868);
#7608=FILL_AREA_STYLE_COLOUR('',#7868);
#7609=FILL_AREA_STYLE_COLOUR('',#7868);
#7610=FILL_AREA_STYLE_COLOUR('',#7868);
#7611=FILL_AREA_STYLE_COLOUR('',#7868);
#7612=FILL_AREA_STYLE_COLOUR('',#7868);
#7613=FILL_AREA_STYLE_COLOUR('',#7868);
#7614=FILL_AREA_STYLE_COLOUR('',#7868);
#7615=FILL_AREA_STYLE_COLOUR('',#7868);
#7616=FILL_AREA_STYLE_COLOUR('',#7868);
#7617=FILL_AREA_STYLE_COLOUR('',#7868);
#7618=FILL_AREA_STYLE_COLOUR('',#7868);
#7619=FILL_AREA_STYLE_COLOUR('',#7868);
#7620=FILL_AREA_STYLE_COLOUR('',#7868);
#7621=FILL_AREA_STYLE_COLOUR('',#7868);
#7622=FILL_AREA_STYLE_COLOUR('',#7868);
#7623=FILL_AREA_STYLE_COLOUR('',#7868);
#7624=FILL_AREA_STYLE_COLOUR('',#7868);
#7625=FILL_AREA_STYLE_COLOUR('',#7868);
#7626=FILL_AREA_STYLE_COLOUR('',#7868);
#7627=FILL_AREA_STYLE_COLOUR('',#7868);
#7628=FILL_AREA_STYLE_COLOUR('',#7868);
#7629=FILL_AREA_STYLE_COLOUR('',#7868);
#7630=FILL_AREA_STYLE_COLOUR('',#7868);
#7631=FILL_AREA_STYLE_COLOUR('',#7868);
#7632=FILL_AREA_STYLE_COLOUR('',#7868);
#7633=FILL_AREA_STYLE_COLOUR('',#7868);
#7634=FILL_AREA_STYLE_COLOUR('',#7868);
#7635=FILL_AREA_STYLE_COLOUR('',#7868);
#7636=FILL_AREA_STYLE_COLOUR('',#7868);
#7637=FILL_AREA_STYLE_COLOUR('',#7868);
#7638=FILL_AREA_STYLE_COLOUR('',#7868);
#7639=FILL_AREA_STYLE_COLOUR('',#7868);
#7640=FILL_AREA_STYLE_COLOUR('',#7868);
#7641=FILL_AREA_STYLE_COLOUR('',#7868);
#7642=FILL_AREA_STYLE_COLOUR('',#7868);
#7643=FILL_AREA_STYLE_COLOUR('',#7868);
#7644=FILL_AREA_STYLE_COLOUR('',#7868);
#7645=FILL_AREA_STYLE_COLOUR('',#7868);
#7646=FILL_AREA_STYLE_COLOUR('',#7868);
#7647=FILL_AREA_STYLE_COLOUR('',#7868);
#7648=FILL_AREA_STYLE_COLOUR('',#7868);
#7649=FILL_AREA_STYLE_COLOUR('',#7868);
#7650=FILL_AREA_STYLE_COLOUR('',#7868);
#7651=FILL_AREA_STYLE_COLOUR('',#7868);
#7652=FILL_AREA_STYLE_COLOUR('',#7868);
#7653=FILL_AREA_STYLE_COLOUR('',#7868);
#7654=FILL_AREA_STYLE_COLOUR('',#7868);
#7655=FILL_AREA_STYLE_COLOUR('',#7868);
#7656=FILL_AREA_STYLE_COLOUR('',#7868);
#7657=FILL_AREA_STYLE_COLOUR('',#7868);
#7658=FILL_AREA_STYLE_COLOUR('',#7868);
#7659=FILL_AREA_STYLE_COLOUR('',#7868);
#7660=FILL_AREA_STYLE_COLOUR('',#7868);
#7661=FILL_AREA_STYLE_COLOUR('',#7868);
#7662=FILL_AREA_STYLE_COLOUR('',#7868);
#7663=FILL_AREA_STYLE_COLOUR('',#7868);
#7664=FILL_AREA_STYLE_COLOUR('',#7868);
#7665=FILL_AREA_STYLE_COLOUR('',#7868);
#7666=FILL_AREA_STYLE_COLOUR('',#7868);
#7667=FILL_AREA_STYLE_COLOUR('',#7868);
#7668=FILL_AREA_STYLE_COLOUR('',#7868);
#7669=FILL_AREA_STYLE_COLOUR('',#7868);
#7670=FILL_AREA_STYLE_COLOUR('',#7868);
#7671=FILL_AREA_STYLE_COLOUR('',#7868);
#7672=FILL_AREA_STYLE_COLOUR('',#7868);
#7673=FILL_AREA_STYLE_COLOUR('',#7868);
#7674=FILL_AREA_STYLE_COLOUR('',#7868);
#7675=FILL_AREA_STYLE_COLOUR('',#7868);
#7676=FILL_AREA_STYLE_COLOUR('',#7868);
#7677=FILL_AREA_STYLE_COLOUR('',#7868);
#7678=FILL_AREA_STYLE_COLOUR('',#7868);
#7679=FILL_AREA_STYLE_COLOUR('',#7868);
#7680=FILL_AREA_STYLE_COLOUR('',#7868);
#7681=FILL_AREA_STYLE_COLOUR('',#7868);
#7682=FILL_AREA_STYLE_COLOUR('',#7868);
#7683=FILL_AREA_STYLE_COLOUR('',#7868);
#7684=FILL_AREA_STYLE_COLOUR('',#7868);
#7685=FILL_AREA_STYLE_COLOUR('',#7868);
#7686=FILL_AREA_STYLE_COLOUR('',#7868);
#7687=FILL_AREA_STYLE_COLOUR('',#7868);
#7688=FILL_AREA_STYLE_COLOUR('',#7868);
#7689=FILL_AREA_STYLE_COLOUR('',#7868);
#7690=FILL_AREA_STYLE_COLOUR('',#7868);
#7691=FILL_AREA_STYLE_COLOUR('',#7868);
#7692=FILL_AREA_STYLE_COLOUR('',#7868);
#7693=FILL_AREA_STYLE_COLOUR('',#7868);
#7694=FILL_AREA_STYLE_COLOUR('',#7868);
#7695=FILL_AREA_STYLE_COLOUR('',#7868);
#7696=FILL_AREA_STYLE_COLOUR('',#7868);
#7697=FILL_AREA_STYLE_COLOUR('',#7868);
#7698=FILL_AREA_STYLE_COLOUR('',#7868);
#7699=FILL_AREA_STYLE_COLOUR('',#7868);
#7700=FILL_AREA_STYLE_COLOUR('',#7868);
#7701=FILL_AREA_STYLE_COLOUR('',#7868);
#7702=FILL_AREA_STYLE_COLOUR('',#7868);
#7703=FILL_AREA_STYLE_COLOUR('',#7868);
#7704=FILL_AREA_STYLE_COLOUR('',#7868);
#7705=FILL_AREA_STYLE_COLOUR('',#7868);
#7706=FILL_AREA_STYLE_COLOUR('',#7868);
#7707=FILL_AREA_STYLE_COLOUR('',#7868);
#7708=FILL_AREA_STYLE_COLOUR('',#7868);
#7709=FILL_AREA_STYLE_COLOUR('',#7868);
#7710=FILL_AREA_STYLE_COLOUR('',#7868);
#7711=FILL_AREA_STYLE_COLOUR('',#7868);
#7712=FILL_AREA_STYLE_COLOUR('',#7868);
#7713=FILL_AREA_STYLE_COLOUR('',#7868);
#7714=FILL_AREA_STYLE_COLOUR('',#7868);
#7715=FILL_AREA_STYLE_COLOUR('',#7868);
#7716=FILL_AREA_STYLE_COLOUR('',#7868);
#7717=FILL_AREA_STYLE_COLOUR('',#7868);
#7718=FILL_AREA_STYLE_COLOUR('',#7868);
#7719=FILL_AREA_STYLE_COLOUR('',#7868);
#7720=FILL_AREA_STYLE_COLOUR('',#7868);
#7721=FILL_AREA_STYLE_COLOUR('',#7868);
#7722=FILL_AREA_STYLE_COLOUR('',#7868);
#7723=FILL_AREA_STYLE_COLOUR('',#7868);
#7724=FILL_AREA_STYLE_COLOUR('',#7868);
#7725=FILL_AREA_STYLE_COLOUR('',#7868);
#7726=FILL_AREA_STYLE_COLOUR('',#7868);
#7727=FILL_AREA_STYLE_COLOUR('',#7868);
#7728=FILL_AREA_STYLE_COLOUR('',#7868);
#7729=FILL_AREA_STYLE_COLOUR('',#7868);
#7730=FILL_AREA_STYLE_COLOUR('',#7868);
#7731=FILL_AREA_STYLE_COLOUR('',#7868);
#7732=FILL_AREA_STYLE_COLOUR('',#7868);
#7733=FILL_AREA_STYLE_COLOUR('',#7868);
#7734=FILL_AREA_STYLE_COLOUR('',#7868);
#7735=FILL_AREA_STYLE_COLOUR('',#7868);
#7736=FILL_AREA_STYLE_COLOUR('',#7868);
#7737=FILL_AREA_STYLE_COLOUR('',#7868);
#7738=FILL_AREA_STYLE_COLOUR('',#7868);
#7739=FILL_AREA_STYLE_COLOUR('',#7868);
#7740=FILL_AREA_STYLE_COLOUR('',#7868);
#7741=FILL_AREA_STYLE_COLOUR('',#7868);
#7742=FILL_AREA_STYLE_COLOUR('',#7868);
#7743=FILL_AREA_STYLE_COLOUR('',#7868);
#7744=FILL_AREA_STYLE_COLOUR('',#7868);
#7745=FILL_AREA_STYLE_COLOUR('',#7868);
#7746=FILL_AREA_STYLE_COLOUR('',#7868);
#7747=FILL_AREA_STYLE_COLOUR('',#7868);
#7748=FILL_AREA_STYLE_COLOUR('',#7868);
#7749=FILL_AREA_STYLE_COLOUR('',#7868);
#7750=FILL_AREA_STYLE_COLOUR('',#7868);
#7751=FILL_AREA_STYLE_COLOUR('',#7868);
#7752=FILL_AREA_STYLE_COLOUR('',#7868);
#7753=FILL_AREA_STYLE_COLOUR('',#7868);
#7754=FILL_AREA_STYLE_COLOUR('',#7868);
#7755=FILL_AREA_STYLE_COLOUR('',#7868);
#7756=FILL_AREA_STYLE_COLOUR('',#7868);
#7757=FILL_AREA_STYLE_COLOUR('',#7868);
#7758=FILL_AREA_STYLE_COLOUR('',#7868);
#7759=FILL_AREA_STYLE_COLOUR('',#7868);
#7760=FILL_AREA_STYLE_COLOUR('',#7868);
#7761=FILL_AREA_STYLE_COLOUR('',#7868);
#7762=FILL_AREA_STYLE_COLOUR('',#7868);
#7763=FILL_AREA_STYLE_COLOUR('',#7868);
#7764=FILL_AREA_STYLE_COLOUR('',#7868);
#7765=FILL_AREA_STYLE_COLOUR('',#7868);
#7766=FILL_AREA_STYLE_COLOUR('',#7868);
#7767=FILL_AREA_STYLE_COLOUR('',#7868);
#7768=FILL_AREA_STYLE_COLOUR('',#7868);
#7769=FILL_AREA_STYLE_COLOUR('',#7868);
#7770=FILL_AREA_STYLE_COLOUR('',#7868);
#7771=FILL_AREA_STYLE_COLOUR('',#7868);
#7772=FILL_AREA_STYLE_COLOUR('',#7868);
#7773=FILL_AREA_STYLE_COLOUR('',#7868);
#7774=FILL_AREA_STYLE_COLOUR('',#7868);
#7775=FILL_AREA_STYLE_COLOUR('',#7868);
#7776=FILL_AREA_STYLE_COLOUR('',#7868);
#7777=FILL_AREA_STYLE_COLOUR('',#7868);
#7778=FILL_AREA_STYLE_COLOUR('',#7868);
#7779=FILL_AREA_STYLE_COLOUR('',#7868);
#7780=FILL_AREA_STYLE_COLOUR('',#7868);
#7781=FILL_AREA_STYLE_COLOUR('',#7868);
#7782=FILL_AREA_STYLE_COLOUR('',#7868);
#7783=FILL_AREA_STYLE_COLOUR('',#7868);
#7784=FILL_AREA_STYLE_COLOUR('',#7868);
#7785=FILL_AREA_STYLE_COLOUR('',#7868);
#7786=FILL_AREA_STYLE_COLOUR('',#7868);
#7787=FILL_AREA_STYLE_COLOUR('',#7868);
#7788=FILL_AREA_STYLE_COLOUR('',#7868);
#7789=FILL_AREA_STYLE_COLOUR('',#7868);
#7790=FILL_AREA_STYLE_COLOUR('',#7868);
#7791=FILL_AREA_STYLE_COLOUR('',#7868);
#7792=FILL_AREA_STYLE_COLOUR('',#7868);
#7793=FILL_AREA_STYLE_COLOUR('',#7868);
#7794=FILL_AREA_STYLE_COLOUR('',#7868);
#7795=FILL_AREA_STYLE_COLOUR('',#7868);
#7796=FILL_AREA_STYLE_COLOUR('',#7868);
#7797=FILL_AREA_STYLE_COLOUR('',#7868);
#7798=FILL_AREA_STYLE_COLOUR('',#7868);
#7799=FILL_AREA_STYLE_COLOUR('',#7868);
#7800=FILL_AREA_STYLE_COLOUR('',#7868);
#7801=FILL_AREA_STYLE_COLOUR('',#7868);
#7802=FILL_AREA_STYLE_COLOUR('',#7868);
#7803=FILL_AREA_STYLE_COLOUR('',#7868);
#7804=FILL_AREA_STYLE_COLOUR('',#7870);
#7805=FILL_AREA_STYLE_COLOUR('',#7870);
#7806=FILL_AREA_STYLE_COLOUR('',#7870);
#7807=FILL_AREA_STYLE_COLOUR('',#7870);
#7808=FILL_AREA_STYLE_COLOUR('',#7870);
#7809=FILL_AREA_STYLE_COLOUR('',#7870);
#7810=FILL_AREA_STYLE_COLOUR('',#7870);
#7811=FILL_AREA_STYLE_COLOUR('',#7870);
#7812=FILL_AREA_STYLE_COLOUR('',#7870);
#7813=FILL_AREA_STYLE_COLOUR('',#7870);
#7814=FILL_AREA_STYLE_COLOUR('',#7870);
#7815=FILL_AREA_STYLE_COLOUR('',#7870);
#7816=FILL_AREA_STYLE_COLOUR('',#7870);
#7817=FILL_AREA_STYLE_COLOUR('',#7870);
#7818=FILL_AREA_STYLE_COLOUR('',#7870);
#7819=FILL_AREA_STYLE_COLOUR('',#7870);
#7820=FILL_AREA_STYLE_COLOUR('',#7870);
#7821=FILL_AREA_STYLE_COLOUR('',#7870);
#7822=FILL_AREA_STYLE_COLOUR('',#7870);
#7823=FILL_AREA_STYLE_COLOUR('',#7870);
#7824=FILL_AREA_STYLE_COLOUR('',#7869);
#7825=FILL_AREA_STYLE_COLOUR('',#7869);
#7826=FILL_AREA_STYLE_COLOUR('',#7869);
#7827=FILL_AREA_STYLE_COLOUR('',#7869);
#7828=FILL_AREA_STYLE_COLOUR('',#7869);
#7829=FILL_AREA_STYLE_COLOUR('',#7869);
#7830=FILL_AREA_STYLE_COLOUR('',#7869);
#7831=FILL_AREA_STYLE_COLOUR('',#7869);
#7832=FILL_AREA_STYLE_COLOUR('',#7869);
#7833=FILL_AREA_STYLE_COLOUR('',#7869);
#7834=FILL_AREA_STYLE_COLOUR('',#7869);
#7835=FILL_AREA_STYLE_COLOUR('',#7869);
#7836=FILL_AREA_STYLE_COLOUR('',#7869);
#7837=FILL_AREA_STYLE_COLOUR('',#7869);
#7838=FILL_AREA_STYLE_COLOUR('',#7869);
#7839=FILL_AREA_STYLE_COLOUR('',#7869);
#7840=FILL_AREA_STYLE_COLOUR('',#7869);
#7841=FILL_AREA_STYLE_COLOUR('',#7869);
#7842=FILL_AREA_STYLE_COLOUR('',#7869);
#7843=FILL_AREA_STYLE_COLOUR('',#7869);
#7844=FILL_AREA_STYLE_COLOUR('',#7869);
#7845=FILL_AREA_STYLE_COLOUR('',#7869);
#7846=FILL_AREA_STYLE_COLOUR('',#7869);
#7847=FILL_AREA_STYLE_COLOUR('',#7869);
#7848=FILL_AREA_STYLE_COLOUR('',#7869);
#7849=FILL_AREA_STYLE_COLOUR('',#7869);
#7850=FILL_AREA_STYLE_COLOUR('',#7869);
#7851=FILL_AREA_STYLE_COLOUR('',#7869);
#7852=FILL_AREA_STYLE_COLOUR('',#7868);
#7853=FILL_AREA_STYLE_COLOUR('',#7868);
#7854=FILL_AREA_STYLE_COLOUR('',#7868);
#7855=FILL_AREA_STYLE_COLOUR('',#7868);
#7856=FILL_AREA_STYLE_COLOUR('',#7868);
#7857=FILL_AREA_STYLE_COLOUR('',#7868);
#7858=FILL_AREA_STYLE_COLOUR('',#7868);
#7859=FILL_AREA_STYLE_COLOUR('',#7868);
#7860=FILL_AREA_STYLE_COLOUR('',#7868);
#7861=FILL_AREA_STYLE_COLOUR('',#7868);
#7862=FILL_AREA_STYLE_COLOUR('',#7868);
#7863=FILL_AREA_STYLE_COLOUR('',#7868);
#7864=FILL_AREA_STYLE_COLOUR('',#7868);
#7865=FILL_AREA_STYLE_COLOUR('',#7868);
#7866=FILL_AREA_STYLE_COLOUR('',#7868);
#7867=FILL_AREA_STYLE_COLOUR('',#7868);
#7868=COLOUR_RGB('',0.560000002384186,0.569999992847443,0.569999992847443);
#7869=COLOUR_RGB('',0.88999998569489,0.43000000715256,0.070000000298023);
#7870=COLOUR_RGB('',0.77999997138977,0.77999997138977,0.77999997138977);
#7871=ADVANCED_FACE('',(#5148,#5149,#5150,#5151),#5477,.T.);
#7872=ADVANCED_FACE('',(#5152),#5478,.F.);
#7873=ADVANCED_FACE('',(#5153),#31,.T.);
#7874=ADVANCED_FACE('',(#5154),#32,.T.);
#7875=ADVANCED_FACE('',(#5155),#5479,.F.);
#7876=ADVANCED_FACE('',(#5156),#5480,.F.);
#7877=ADVANCED_FACE('',(#5157),#33,.T.);
#7878=ADVANCED_FACE('',(#5158),#34,.T.);
#7879=ADVANCED_FACE('',(#5159),#5481,.F.);
#7880=ADVANCED_FACE('',(#5160),#5482,.T.);
#7881=ADVANCED_FACE('',(#5161),#5483,.F.);
#7882=ADVANCED_FACE('',(#5162),#5484,.T.);
#7883=ADVANCED_FACE('',(#5163),#5485,.F.);
#7884=ADVANCED_FACE('',(#5164),#5486,.T.);
#7885=ADVANCED_FACE('',(#5165),#5487,.F.);
#7886=ADVANCED_FACE('',(#5166),#5488,.F.);
#7887=ADVANCED_FACE('',(#5167),#5489,.F.);
#7888=ADVANCED_FACE('',(#5168),#5490,.F.);
#7889=ADVANCED_FACE('',(#5169),#5491,.F.);
#7890=ADVANCED_FACE('',(#5170,#5171),#5492,.F.);
#7891=ADVANCED_FACE('',(#5172),#5493,.F.);
#7892=ADVANCED_FACE('',(#5173),#5494,.F.);
#7893=ADVANCED_FACE('',(#5174),#5495,.F.);
#7894=ADVANCED_FACE('',(#5175),#5496,.F.);
#7895=ADVANCED_FACE('',(#5176),#5497,.F.);
#7896=ADVANCED_FACE('',(#5177),#5498,.T.);
#7897=ADVANCED_FACE('',(#5178),#5499,.T.);
#7898=ADVANCED_FACE('',(#5179),#5500,.T.);
#7899=ADVANCED_FACE('',(#5180),#5501,.F.);
#7900=ADVANCED_FACE('',(#5181,#5182,#5183),#5502,.F.);
#7901=ADVANCED_FACE('',(#5184),#35,.T.);
#7902=ADVANCED_FACE('',(#5185,#5186,#5187),#5503,.F.);
#7903=ADVANCED_FACE('',(#5188),#36,.T.);
#7904=ADVANCED_FACE('',(#5189),#37,.T.);
#7905=ADVANCED_FACE('',(#5190),#5504,.F.);
#7906=ADVANCED_FACE('',(#5191),#38,.T.);
#7907=ADVANCED_FACE('',(#5192),#39,.T.);
#7908=ADVANCED_FACE('',(#5193),#40,.F.);
#7909=ADVANCED_FACE('',(#5194,#5195),#5505,.T.);
#7910=ADVANCED_FACE('',(#5196),#41,.F.);
#7911=ADVANCED_FACE('',(#5197),#42,.T.);
#7912=ADVANCED_FACE('',(#5198),#5506,.T.);
#7913=ADVANCED_FACE('',(#5199),#43,.T.);
#7914=ADVANCED_FACE('',(#5200),#44,.F.);
#7915=ADVANCED_FACE('',(#5201,#5202),#5507,.T.);
#7916=ADVANCED_FACE('',(#5203),#45,.F.);
#7917=ADVANCED_FACE('',(#5204),#46,.T.);
#7918=ADVANCED_FACE('',(#5205),#5508,.F.);
#7919=ADVANCED_FACE('',(#5206),#5509,.F.);
#7920=ADVANCED_FACE('',(#5207),#5510,.T.);
#7921=ADVANCED_FACE('',(#5208),#47,.F.);
#7922=ADVANCED_FACE('',(#5209),#5511,.T.);
#7923=ADVANCED_FACE('',(#5210),#48,.F.);
#7924=ADVANCED_FACE('',(#5211),#49,.T.);
#7925=ADVANCED_FACE('',(#5212),#50,.F.);
#7926=ADVANCED_FACE('',(#5213),#5512,.T.);
#7927=ADVANCED_FACE('',(#5214),#51,.F.);
#7928=ADVANCED_FACE('',(#5215),#5513,.F.);
#7929=ADVANCED_FACE('',(#5216),#5514,.T.);
#7930=ADVANCED_FACE('',(#5217),#52,.T.);
#7931=ADVANCED_FACE('',(#5218),#5515,.T.);
#7932=ADVANCED_FACE('',(#5219),#5516,.F.);
#7933=ADVANCED_FACE('',(#5220),#5517,.T.);
#7934=ADVANCED_FACE('',(#5221),#53,.T.);
#7935=ADVANCED_FACE('',(#5222),#54,.F.);
#7936=ADVANCED_FACE('',(#5223,#5224),#5518,.T.);
#7937=ADVANCED_FACE('',(#5225),#55,.F.);
#7938=ADVANCED_FACE('',(#5226),#56,.T.);
#7939=ADVANCED_FACE('',(#5227),#5519,.T.);
#7940=ADVANCED_FACE('',(#5228),#57,.T.);
#7941=ADVANCED_FACE('',(#5229),#58,.F.);
#7942=ADVANCED_FACE('',(#5230,#5231),#5520,.T.);
#7943=ADVANCED_FACE('',(#5232),#59,.F.);
#7944=ADVANCED_FACE('',(#5233),#60,.T.);
#7945=ADVANCED_FACE('',(#5234),#5521,.F.);
#7946=ADVANCED_FACE('',(#5235),#61,.T.);
#7947=ADVANCED_FACE('',(#5236),#5522,.T.);
#7948=ADVANCED_FACE('',(#5237),#62,.F.);
#7949=ADVANCED_FACE('',(#5238),#5523,.T.);
#7950=ADVANCED_FACE('',(#5239),#63,.F.);
#7951=ADVANCED_FACE('',(#5240),#64,.T.);
#7952=ADVANCED_FACE('',(#5241),#5524,.T.);
#7953=ADVANCED_FACE('',(#5242),#65,.T.);
#7954=ADVANCED_FACE('',(#5243),#5525,.T.);
#7955=ADVANCED_FACE('',(#5244),#5526,.T.);
#7956=ADVANCED_FACE('',(#5245),#66,.T.);
#7957=ADVANCED_FACE('',(#5246),#67,.F.);
#7958=ADVANCED_FACE('',(#5247),#5527,.F.);
#7959=ADVANCED_FACE('',(#5248),#68,.T.);
#7960=ADVANCED_FACE('',(#5249),#69,.F.);
#7961=ADVANCED_FACE('',(#5250),#5528,.T.);
#7962=ADVANCED_FACE('',(#5251),#70,.F.);
#7963=ADVANCED_FACE('',(#5252),#5529,.T.);
#7964=ADVANCED_FACE('',(#5253),#71,.F.);
#7965=ADVANCED_FACE('',(#5254),#72,.T.);
#7966=ADVANCED_FACE('',(#5255),#5530,.T.);
#7967=ADVANCED_FACE('',(#5256),#5531,.T.);
#7968=ADVANCED_FACE('',(#5257),#73,.T.);
#7969=ADVANCED_FACE('',(#5258),#5532,.T.);
#7970=ADVANCED_FACE('',(#5259),#74,.T.);
#7971=ADVANCED_FACE('',(#5260),#75,.F.);
#7972=ADVANCED_FACE('',(#5261),#5533,.T.);
#7973=ADVANCED_FACE('',(#5262),#76,.F.);
#7974=ADVANCED_FACE('',(#5263),#5534,.F.);
#7975=ADVANCED_FACE('',(#5264),#5535,.T.);
#7976=ADVANCED_FACE('',(#5265),#77,.T.);
#7977=ADVANCED_FACE('',(#5266),#5536,.T.);
#7978=ADVANCED_FACE('',(#5267),#5537,.F.);
#7979=ADVANCED_FACE('',(#5268),#5538,.T.);
#7980=ADVANCED_FACE('',(#5269),#78,.T.);
#7981=ADVANCED_FACE('',(#5270),#79,.F.);
#7982=ADVANCED_FACE('',(#5271),#5539,.T.);
#7983=ADVANCED_FACE('',(#5272),#80,.F.);
#7984=ADVANCED_FACE('',(#5273),#5540,.T.);
#7985=ADVANCED_FACE('',(#5274),#5541,.T.);
#7986=ADVANCED_FACE('',(#5275),#81,.T.);
#7987=ADVANCED_FACE('',(#5276),#5542,.F.);
#7988=ADVANCED_FACE('',(#5277),#82,.F.);
#7989=ADVANCED_FACE('',(#5278),#5543,.F.);
#7990=ADVANCED_FACE('',(#5279),#83,.F.);
#7991=ADVANCED_FACE('',(#5280),#5544,.F.);
#7992=ADVANCED_FACE('',(#5281),#84,.T.);
#7993=ADVANCED_FACE('',(#5282),#5545,.F.);
#7994=ADVANCED_FACE('',(#5283),#85,.T.);
#7995=ADVANCED_FACE('',(#5284),#5546,.F.);
#7996=ADVANCED_FACE('',(#5285),#86,.T.);
#7997=ADVANCED_FACE('',(#5286),#5547,.F.);
#7998=ADVANCED_FACE('',(#5287),#87,.T.);
#7999=ADVANCED_FACE('',(#5288),#5548,.F.);
#8000=ADVANCED_FACE('',(#5289),#88,.F.);
#8001=ADVANCED_FACE('',(#5290),#5549,.F.);
#8002=ADVANCED_FACE('',(#5291),#89,.F.);
#8003=ADVANCED_FACE('',(#5292),#5550,.F.);
#8004=ADVANCED_FACE('',(#5293),#5551,.F.);
#8005=ADVANCED_FACE('',(#5294),#90,.T.);
#8006=ADVANCED_FACE('',(#5295),#5552,.T.);
#8007=ADVANCED_FACE('',(#5296),#5553,.F.);
#8008=ADVANCED_FACE('',(#5297),#91,.F.);
#8009=ADVANCED_FACE('',(#5298),#5554,.F.);
#8010=ADVANCED_FACE('',(#5299),#92,.F.);
#8011=ADVANCED_FACE('',(#5300),#5555,.F.);
#8012=ADVANCED_FACE('',(#5301),#93,.T.);
#8013=ADVANCED_FACE('',(#5302),#5556,.F.);
#8014=ADVANCED_FACE('',(#5303),#94,.T.);
#8015=ADVANCED_FACE('',(#5304),#5557,.F.);
#8016=ADVANCED_FACE('',(#5305),#95,.T.);
#8017=ADVANCED_FACE('',(#5306),#5558,.F.);
#8018=ADVANCED_FACE('',(#5307),#96,.T.);
#8019=ADVANCED_FACE('',(#5308),#5559,.F.);
#8020=ADVANCED_FACE('',(#5309),#97,.T.);
#8021=ADVANCED_FACE('',(#5310),#5560,.F.);
#8022=ADVANCED_FACE('',(#5311),#98,.T.);
#8023=ADVANCED_FACE('',(#5312),#5561,.F.);
#8024=ADVANCED_FACE('',(#5313),#99,.F.);
#8025=ADVANCED_FACE('',(#5314),#5562,.F.);
#8026=ADVANCED_FACE('',(#5315),#100,.F.);
#8027=ADVANCED_FACE('',(#5316),#5563,.F.);
#8028=ADVANCED_FACE('',(#5317),#5564,.T.);
#8029=ADVANCED_FACE('',(#5318,#5319),#5565,.T.);
#8030=ADVANCED_FACE('',(#5320),#5566,.F.);
#8031=ADVANCED_FACE('',(#5321),#101,.F.);
#8032=ADVANCED_FACE('',(#5322),#5567,.F.);
#8033=ADVANCED_FACE('',(#5323),#5568,.F.);
#8034=ADVANCED_FACE('',(#5324,#5325),#5569,.T.);
#8035=ADVANCED_FACE('',(#5326),#5570,.F.);
#8036=ADVANCED_FACE('',(#5327),#102,.F.);
#8037=ADVANCED_FACE('',(#5328),#5571,.F.);
#8038=ADVANCED_FACE('',(#5329),#5572,.F.);
#8039=ADVANCED_FACE('',(#5330),#5573,.F.);
#8040=ADVANCED_FACE('',(#5331),#5574,.F.);
#8041=ADVANCED_FACE('',(#5332),#12,.F.);
#8042=ADVANCED_FACE('',(#5333),#5575,.F.);
#8043=ADVANCED_FACE('',(#5334),#5576,.F.);
#8044=ADVANCED_FACE('',(#5335),#5577,.F.);
#8045=ADVANCED_FACE('',(#5336),#5578,.F.);
#8046=ADVANCED_FACE('',(#5337),#5579,.F.);
#8047=ADVANCED_FACE('',(#5338),#5580,.F.);
#8048=ADVANCED_FACE('',(#5339),#13,.F.);
#8049=ADVANCED_FACE('',(#5340),#5581,.F.);
#8050=ADVANCED_FACE('',(#5341),#5582,.F.);
#8051=ADVANCED_FACE('',(#5342),#103,.F.);
#8052=ADVANCED_FACE('',(#5343),#5583,.F.);
#8053=ADVANCED_FACE('',(#5344),#104,.F.);
#8054=ADVANCED_FACE('',(#5345),#105,.F.);
#8055=ADVANCED_FACE('',(#5346),#5584,.F.);
#8056=ADVANCED_FACE('',(#5347),#106,.T.);
#8057=ADVANCED_FACE('',(#5348),#5585,.F.);
#8058=ADVANCED_FACE('',(#5349),#107,.F.);
#8059=ADVANCED_FACE('',(#5350),#5586,.F.);
#8060=ADVANCED_FACE('',(#5351),#108,.F.);
#8061=ADVANCED_FACE('',(#5352),#5587,.F.);
#8062=ADVANCED_FACE('',(#5353),#109,.T.);
#8063=ADVANCED_FACE('',(#5354),#5588,.F.);
#8064=ADVANCED_FACE('',(#5355),#110,.F.);
#8065=ADVANCED_FACE('',(#5356),#5589,.T.);
#8066=ADVANCED_FACE('',(#5357),#5590,.F.);
#8067=ADVANCED_FACE('',(#5358),#111,.F.);
#8068=ADVANCED_FACE('',(#5359),#5591,.F.);
#8069=ADVANCED_FACE('',(#5360),#112,.F.);
#8070=ADVANCED_FACE('',(#5361),#113,.F.);
#8071=ADVANCED_FACE('',(#5362),#5592,.F.);
#8072=ADVANCED_FACE('',(#5363),#114,.T.);
#8073=ADVANCED_FACE('',(#5364),#5593,.F.);
#8074=ADVANCED_FACE('',(#5365),#115,.F.);
#8075=ADVANCED_FACE('',(#5366),#5594,.F.);
#8076=ADVANCED_FACE('',(#5367),#116,.F.);
#8077=ADVANCED_FACE('',(#5368),#5595,.F.);
#8078=ADVANCED_FACE('',(#5369),#117,.T.);
#8079=ADVANCED_FACE('',(#5370),#5596,.F.);
#8080=ADVANCED_FACE('',(#5371),#118,.F.);
#8081=ADVANCED_FACE('',(#5372),#5597,.T.);
#8082=ADVANCED_FACE('',(#5373),#5598,.T.);
#8083=ADVANCED_FACE('',(#5374),#5599,.T.);
#8084=ADVANCED_FACE('',(#5375),#5600,.T.);
#8085=ADVANCED_FACE('',(#5376),#5601,.T.);
#8086=ADVANCED_FACE('',(#5377),#5602,.T.);
#8087=ADVANCED_FACE('',(#5378),#5603,.T.);
#8088=ADVANCED_FACE('',(#5379),#5604,.T.);
#8089=ADVANCED_FACE('',(#5380),#5605,.T.);
#8090=ADVANCED_FACE('',(#5381),#5606,.T.);
#8091=ADVANCED_FACE('',(#5382),#5607,.T.);
#8092=ADVANCED_FACE('',(#5383),#5608,.T.);
#8093=ADVANCED_FACE('',(#5384),#5609,.T.);
#8094=ADVANCED_FACE('',(#5385),#5610,.T.);
#8095=ADVANCED_FACE('',(#5386),#5611,.T.);
#8096=ADVANCED_FACE('',(#5387),#5612,.T.);
#8097=ADVANCED_FACE('',(#5388),#5613,.T.);
#8098=ADVANCED_FACE('',(#5389),#119,.T.);
#8099=ADVANCED_FACE('',(#5390),#120,.T.);
#8100=ADVANCED_FACE('',(#5391),#5614,.T.);
#8101=ADVANCED_FACE('',(#5392),#121,.T.);
#8102=ADVANCED_FACE('',(#5393),#5615,.T.);
#8103=ADVANCED_FACE('',(#5394),#122,.T.);
#8104=ADVANCED_FACE('',(#5395),#123,.T.);
#8105=ADVANCED_FACE('',(#5396),#5616,.T.);
#8106=ADVANCED_FACE('',(#5397),#124,.F.);
#8107=ADVANCED_FACE('',(#5398),#5617,.T.);
#8108=ADVANCED_FACE('',(#5399),#125,.F.);
#8109=ADVANCED_FACE('',(#5400),#5618,.F.);
#8110=ADVANCED_FACE('',(#5401),#5619,.T.);
#8111=ADVANCED_FACE('',(#5402),#5620,.T.);
#8112=ADVANCED_FACE('',(#5403),#126,.T.);
#8113=ADVANCED_FACE('',(#5404),#5621,.F.);
#8114=ADVANCED_FACE('',(#5405),#5622,.T.);
#8115=ADVANCED_FACE('',(#5406),#5623,.F.);
#8116=ADVANCED_FACE('',(#5407),#127,.F.);
#8117=ADVANCED_FACE('',(#5408),#5624,.F.);
#8118=ADVANCED_FACE('',(#5409),#128,.F.);
#8119=ADVANCED_FACE('',(#5410),#5625,.F.);
#8120=ADVANCED_FACE('',(#5411),#129,.T.);
#8121=ADVANCED_FACE('',(#5412),#5626,.F.);
#8122=ADVANCED_FACE('',(#5413),#5627,.F.);
#8123=ADVANCED_FACE('',(#5414),#5628,.F.);
#8124=ADVANCED_FACE('',(#5415),#5629,.T.);
#8125=ADVANCED_FACE('',(#5416),#5630,.F.);
#8126=ADVANCED_FACE('',(#5417),#5631,.F.);
#8127=ADVANCED_FACE('',(#5418),#5632,.F.);
#8128=ADVANCED_FACE('',(#5419),#5633,.F.);
#8129=ADVANCED_FACE('',(#5420),#5634,.T.);
#8130=ADVANCED_FACE('',(#5421),#5635,.F.);
#8131=ADVANCED_FACE('',(#5422),#5636,.F.);
#8132=ADVANCED_FACE('',(#5423),#5637,.F.);
#8133=ADVANCED_FACE('',(#5424),#5638,.F.);
#8134=ADVANCED_FACE('',(#5425),#5639,.T.);
#8135=ADVANCED_FACE('',(#5426),#5640,.F.);
#8136=ADVANCED_FACE('',(#5427),#5641,.F.);
#8137=ADVANCED_FACE('',(#5428),#5642,.F.);
#8138=ADVANCED_FACE('',(#5429),#5643,.F.);
#8139=ADVANCED_FACE('',(#5430),#5644,.T.);
#8140=ADVANCED_FACE('',(#5431),#5645,.F.);
#8141=ADVANCED_FACE('',(#5432),#130,.T.);
#8142=ADVANCED_FACE('',(#5433),#5646,.F.);
#8143=ADVANCED_FACE('',(#5434),#5647,.F.);
#8144=ADVANCED_FACE('',(#5435),#5648,.F.);
#8145=ADVANCED_FACE('',(#5436),#131,.T.);
#8146=ADVANCED_FACE('',(#5437),#132,.T.);
#8147=ADVANCED_FACE('',(#5438),#5649,.F.);
#8148=ADVANCED_FACE('',(#5439),#133,.T.);
#8149=ADVANCED_FACE('',(#5440),#5650,.F.);
#8150=ADVANCED_FACE('',(#5441),#5651,.F.);
#8151=ADVANCED_FACE('',(#5442),#5652,.F.);
#8152=ADVANCED_FACE('',(#5443),#134,.T.);
#8153=ADVANCED_FACE('',(#5444),#135,.T.);
#8154=ADVANCED_FACE('',(#5445),#5653,.F.);
#8155=ADVANCED_FACE('',(#5446),#5654,.F.);
#8156=ADVANCED_FACE('',(#5447),#5655,.T.);
#8157=ADVANCED_FACE('',(#5448),#5656,.F.);
#8158=ADVANCED_FACE('',(#5449),#5657,.T.);
#8159=ADVANCED_FACE('',(#5450),#136,.T.);
#8160=ADVANCED_FACE('',(#5451),#137,.T.);
#8161=ADVANCED_FACE('',(#5452),#138,.T.);
#8162=ADVANCED_FACE('',(#5453),#139,.T.);
#8163=ADVANCED_FACE('',(#5454),#140,.T.);
#8164=ADVANCED_FACE('',(#5455),#141,.T.);
#8165=ADVANCED_FACE('',(#5456),#142,.T.);
#8166=ADVANCED_FACE('',(#5457),#143,.T.);
#8167=ADVANCED_FACE('',(#5458),#144,.T.);
#8168=ADVANCED_FACE('',(#5459),#145,.T.);
#8169=ADVANCED_FACE('',(#5460,#5461),#146,.T.);
#8170=ADVANCED_FACE('',(#5462),#5658,.T.);
#8171=ADVANCED_FACE('',(#5463),#5659,.F.);
#8172=ADVANCED_FACE('',(#5464),#5660,.F.);
#8173=ADVANCED_FACE('',(#5465),#5661,.F.);
#8174=ADVANCED_FACE('',(#5466),#5662,.F.);
#8175=ADVANCED_FACE('',(#5467),#5663,.F.);
#8176=ADVANCED_FACE('',(#5468),#5664,.T.);
#8177=ADVANCED_FACE('',(#5469),#5665,.F.);
#8178=ADVANCED_FACE('',(#5470),#5666,.F.);
#8179=ADVANCED_FACE('',(#5471),#147,.T.);
#8180=ADVANCED_FACE('',(#5472),#5667,.F.);
#8181=ADVANCED_FACE('',(#5473),#148,.T.);
#8182=ADVANCED_FACE('',(#5474),#5668,.F.);
#8183=ADVANCED_FACE('',(#5475),#149,.T.);
#8184=ADVANCED_FACE('',(#5476),#5669,.T.);
#8185=CLOSED_SHELL('',(#7871,#7872,#7873,#7874,#7875,#7876,#7877,#7878,
#7879,#7880,#7881,#7882,#7883,#7884,#7885,#7886,#7887,#7888,#7889,#7890,
#7891,#7892,#7893,#7894,#7895,#7896,#7897,#7898,#7899,#7900,#7901,#7902,
#7903,#7904,#7905,#7906,#7907,#7908,#7909,#7910,#7911,#7912,#7913,#7914,
#7915,#7916,#7917,#7918,#7919,#7920,#7921,#7922,#7923,#7924,#7925,#7926,
#7927,#7928,#7929,#7930,#7931,#7932,#7933,#7934,#7935,#7936,#7937,#7938,
#7939,#7940,#7941,#7942,#7943,#7944,#7945,#7946,#7947,#7948,#7949,#7950,
#7951,#7952,#7953,#7954,#7955,#7956,#7957,#7958,#7959,#7960,#7961,#7962,
#7963,#7964,#7965,#7966,#7967,#7968,#7969,#7970,#7971,#7972,#7973,#7974,
#7975,#7976,#7977,#7978,#7979,#7980,#7981,#7982,#7983,#7984,#7985,#7986,
#7987,#7988,#7989,#7990,#7991,#7992,#7993,#7994,#7995,#7996,#7997,#7998,
#7999,#8000,#8001,#8002,#8003,#8004,#8005,#8006,#8007,#8008,#8009,#8010,
#8011,#8012,#8013,#8014,#8015,#8016,#8017,#8018,#8019,#8020,#8021,#8022,
#8023,#8024,#8025,#8026,#8027,#8028,#8029,#8030,#8031,#8032,#8033,#8034,
#8035,#8036,#8037,#8038,#8039,#8040,#8041,#8042,#8043,#8044,#8045,#8046,
#8047,#8048,#8049,#8050,#8051,#8052,#8053,#8054,#8055,#8056,#8057,#8058,
#8059,#8060,#8061,#8062,#8063,#8064,#8065,#8066,#8067,#8068,#8069,#8070,
#8071,#8072,#8073,#8074,#8075,#8076,#8077,#8078,#8079,#8080,#8081,#8082,
#8083,#8084,#8085,#8086,#8087,#8088,#8089,#8090,#8091,#8092,#8093,#8094,
#8095,#8096,#8097,#8098,#8099,#8100,#8101,#8102,#8103,#8104,#8105,#8106,
#8107,#8108,#8109,#8110,#8111,#8112,#8113,#8114,#8115,#8116,#8117,#8118,
#8119,#8120,#8121,#8122,#8123,#8124,#8125,#8126,#8127,#8128,#8129,#8130,
#8131,#8132,#8133,#8134,#8135,#8136,#8137,#8138,#8139,#8140,#8141,#8142,
#8143,#8144,#8145,#8146,#8147,#8148,#8149,#8150,#8151,#8152,#8153,#8154,
#8155,#8156,#8157,#8158,#8159,#8160,#8161,#8162,#8163,#8164,#8165,#8166,
#8167,#8168,#8169,#8170,#8171,#8172,#8173,#8174,#8175,#8176,#8177,#8178,
#8179,#8180,#8181,#8182,#8183,#8184));
#8186=MANIFOLD_SOLID_BREP('2601-1102',#8185);
#8187=SHAPE_DEFINITION_REPRESENTATION(#12272,#8188);
#8188=SHAPE_REPRESENTATION('2601-1102',(#8189),#12267);
#8189=AXIS2_PLACEMENT_3D('',#10453,#8736,#8737);
#8190=AXIS2_PLACEMENT_3D('',#10454,#8738,#8739);
#8191=AXIS2_PLACEMENT_3D('',#10460,#8742,#8743);
#8192=AXIS2_PLACEMENT_3D('',#10464,#8745,#8746);
#8193=AXIS2_PLACEMENT_3D('',#10468,#8748,#8749);
#8194=AXIS2_PLACEMENT_3D('',#10469,#8750,#8751);
#8195=AXIS2_PLACEMENT_3D('',#10486,#8759,#8760);
#8196=AXIS2_PLACEMENT_3D('',#10490,#8762,#8763);
#8197=AXIS2_PLACEMENT_3D('',#10494,#8765,#8766);
#8198=AXIS2_PLACEMENT_3D('',#10498,#8768,#8769);
#8199=AXIS2_PLACEMENT_3D('',#10511,#8776,#8777);
#8200=AXIS2_PLACEMENT_3D('',#10512,#8778,#8779);
#8201=AXIS2_PLACEMENT_3D('',#10515,#8780,#8781);
#8202=AXIS2_PLACEMENT_3D('',#10519,#8783,#8784);
#8203=AXIS2_PLACEMENT_3D('',#10521,#8785,#8786);
#8204=AXIS2_PLACEMENT_3D('',#10528,#8790,#8791);
#8205=AXIS2_PLACEMENT_3D('',#10548,#8792,#8793);
#8206=AXIS2_PLACEMENT_3D('',#10571,#8795,#8796);
#8207=AXIS2_PLACEMENT_3D('',#10572,#8797,#8798);
#8208=AXIS2_PLACEMENT_3D('',#10589,#8806,#8807);
#8209=AXIS2_PLACEMENT_3D('',#10591,#8808,#8809);
#8210=AXIS2_PLACEMENT_3D('',#10592,#8810,#8811);
#8211=AXIS2_PLACEMENT_3D('',#10593,#8812,#8813);
#8212=AXIS2_PLACEMENT_3D('',#10594,#8814,#8815);
#8213=AXIS2_PLACEMENT_3D('',#10597,#8816,#8817);
#8214=AXIS2_PLACEMENT_3D('',#10601,#8819,#8820);
#8215=AXIS2_PLACEMENT_3D('',#10603,#8821,#8822);
#8216=AXIS2_PLACEMENT_3D('',#10610,#8826,#8827);
#8217=AXIS2_PLACEMENT_3D('',#10630,#8828,#8829);
#8218=AXIS2_PLACEMENT_3D('',#10653,#8831,#8832);
#8219=AXIS2_PLACEMENT_3D('',#10654,#8833,#8834);
#8220=AXIS2_PLACEMENT_3D('',#10671,#8842,#8843);
#8221=AXIS2_PLACEMENT_3D('',#10673,#8844,#8845);
#8222=AXIS2_PLACEMENT_3D('',#10674,#8846,#8847);
#8223=AXIS2_PLACEMENT_3D('',#10675,#8848,#8849);
#8224=AXIS2_PLACEMENT_3D('',#10680,#8852,#8853);
#8225=AXIS2_PLACEMENT_3D('',#10684,#8855,#8856);
#8226=AXIS2_PLACEMENT_3D('',#10689,#8859,#8860);
#8227=AXIS2_PLACEMENT_3D('',#10698,#8865,#8866);
#8228=AXIS2_PLACEMENT_3D('',#10702,#8868,#8869);
#8229=AXIS2_PLACEMENT_3D('',#10703,#8870,#8871);
#8230=AXIS2_PLACEMENT_3D('',#10708,#8874,#8875);
#8231=AXIS2_PLACEMENT_3D('',#10712,#8877,#8878);
#8232=AXIS2_PLACEMENT_3D('',#10717,#8881,#8882);
#8233=AXIS2_PLACEMENT_3D('',#10726,#8887,#8888);
#8234=AXIS2_PLACEMENT_3D('',#10730,#8890,#8891);
#8235=AXIS2_PLACEMENT_3D('',#10731,#8892,#8893);
#8236=AXIS2_PLACEMENT_3D('',#10746,#8901,#8902);
#8237=AXIS2_PLACEMENT_3D('',#10752,#8905,#8906);
#8238=AXIS2_PLACEMENT_3D('',#10756,#8908,#8909);
#8239=AXIS2_PLACEMENT_3D('',#10760,#8911,#8912);
#8240=AXIS2_PLACEMENT_3D('',#10763,#8914,#8915);
#8241=AXIS2_PLACEMENT_3D('',#10764,#8916,#8917);
#8242=AXIS2_PLACEMENT_3D('',#10769,#8919,#8920);
#8243=AXIS2_PLACEMENT_3D('',#10772,#8922,#8923);
#8244=AXIS2_PLACEMENT_3D('',#10778,#8926,#8927);
#8245=AXIS2_PLACEMENT_3D('',#10786,#8931,#8932);
#8246=AXIS2_PLACEMENT_3D('',#10789,#8934,#8935);
#8247=AXIS2_PLACEMENT_3D('',#10795,#8938,#8939);
#8248=AXIS2_PLACEMENT_3D('',#10803,#8943,#8944);
#8249=AXIS2_PLACEMENT_3D('',#10806,#8946,#8947);
#8250=AXIS2_PLACEMENT_3D('',#10809,#8949,#8950);
#8251=AXIS2_PLACEMENT_3D('',#10817,#8954,#8955);
#8252=AXIS2_PLACEMENT_3D('',#10820,#8957,#8958);
#8253=AXIS2_PLACEMENT_3D('',#10823,#8960,#8961);
#8254=AXIS2_PLACEMENT_3D('',#10827,#8963,#8964);
#8255=AXIS2_PLACEMENT_3D('',#10831,#8966,#8967);
#8256=AXIS2_PLACEMENT_3D('',#10835,#8969,#8970);
#8257=AXIS2_PLACEMENT_3D('',#10839,#8972,#8973);
#8258=AXIS2_PLACEMENT_3D('',#10843,#8975,#8976);
#8259=AXIS2_PLACEMENT_3D('',#10847,#8978,#8979);
#8260=AXIS2_PLACEMENT_3D('',#10851,#8981,#8982);
#8261=AXIS2_PLACEMENT_3D('',#10859,#8987,#8988);
#8262=AXIS2_PLACEMENT_3D('',#10863,#8990,#8991);
#8263=AXIS2_PLACEMENT_3D('',#10867,#8993,#8994);
#8264=AXIS2_PLACEMENT_3D('',#10871,#8996,#8997);
#8265=AXIS2_PLACEMENT_3D('',#10875,#8999,#9000);
#8266=AXIS2_PLACEMENT_3D('',#10879,#9002,#9003);
#8267=AXIS2_PLACEMENT_3D('',#10883,#9005,#9006);
#8268=AXIS2_PLACEMENT_3D('',#10887,#9008,#9009);
#8269=AXIS2_PLACEMENT_3D('',#10892,#9012,#9013);
#8270=AXIS2_PLACEMENT_3D('',#10900,#9018,#9019);
#8271=AXIS2_PLACEMENT_3D('',#10908,#9024,#9025);
#8272=AXIS2_PLACEMENT_3D('',#10909,#9026,#9027);
#8273=AXIS2_PLACEMENT_3D('',#10914,#9029,#9030);
#8274=AXIS2_PLACEMENT_3D('',#10917,#9032,#9033);
#8275=AXIS2_PLACEMENT_3D('',#10925,#9038,#9039);
#8276=AXIS2_PLACEMENT_3D('',#10933,#9044,#9045);
#8277=AXIS2_PLACEMENT_3D('',#10941,#9049,#9050);
#8278=AXIS2_PLACEMENT_3D('',#10945,#9052,#9053);
#8279=AXIS2_PLACEMENT_3D('',#10949,#9055,#9056);
#8280=AXIS2_PLACEMENT_3D('',#10953,#9058,#9059);
#8281=AXIS2_PLACEMENT_3D('',#10958,#9062,#9063);
#8282=AXIS2_PLACEMENT_3D('',#10965,#9067,#9068);
#8283=AXIS2_PLACEMENT_3D('',#10969,#9070,#9071);
#8284=AXIS2_PLACEMENT_3D('',#10973,#9073,#9074);
#8285=AXIS2_PLACEMENT_3D('',#10977,#9076,#9077);
#8286=AXIS2_PLACEMENT_3D('',#10978,#9078,#9079);
#8287=AXIS2_PLACEMENT_3D('',#10984,#9082,#9083);
#8288=AXIS2_PLACEMENT_3D('',#10988,#9085,#9086);
#8289=AXIS2_PLACEMENT_3D('',#10992,#9088,#9089);
#8290=AXIS2_PLACEMENT_3D('',#10993,#9090,#9091);
#8291=AXIS2_PLACEMENT_3D('',#11000,#9095,#9096);
#8292=AXIS2_PLACEMENT_3D('',#11004,#9098,#9099);
#8293=AXIS2_PLACEMENT_3D('',#11008,#9101,#9102);
#8294=AXIS2_PLACEMENT_3D('',#11012,#9104,#9105);
#8295=AXIS2_PLACEMENT_3D('',#11016,#9107,#9108);
#8296=AXIS2_PLACEMENT_3D('',#11020,#9110,#9111);
#8297=AXIS2_PLACEMENT_3D('',#11024,#9113,#9114);
#8298=AXIS2_PLACEMENT_3D('',#11028,#9116,#9117);
#8299=AXIS2_PLACEMENT_3D('',#11032,#9119,#9120);
#8300=AXIS2_PLACEMENT_3D('',#11036,#9122,#9123);
#8301=AXIS2_PLACEMENT_3D('',#11048,#9129,#9130);
#8302=AXIS2_PLACEMENT_3D('',#11052,#9132,#9133);
#8303=AXIS2_PLACEMENT_3D('',#11056,#9135,#9136);
#8304=AXIS2_PLACEMENT_3D('',#11060,#9138,#9139);
#8305=AXIS2_PLACEMENT_3D('',#11064,#9141,#9142);
#8306=AXIS2_PLACEMENT_3D('',#11068,#9144,#9145);
#8307=AXIS2_PLACEMENT_3D('',#11072,#9147,#9148);
#8308=AXIS2_PLACEMENT_3D('',#11073,#9149,#9150);
#8309=AXIS2_PLACEMENT_3D('',#11077,#9152,#9153);
#8310=AXIS2_PLACEMENT_3D('',#11081,#9155,#9156);
#8311=AXIS2_PLACEMENT_3D('',#11085,#9159,#9160);
#8312=AXIS2_PLACEMENT_3D('',#11114,#9177,#9178);
#8313=AXIS2_PLACEMENT_3D('',#11116,#9180,#9181);
#8314=AXIS2_PLACEMENT_3D('',#11144,#9197,#9198);
#8315=AXIS2_PLACEMENT_3D('',#11145,#9199,#9200);
#8316=AXIS2_PLACEMENT_3D('',#11146,#9201,#9202);
#8317=AXIS2_PLACEMENT_3D('',#11153,#9206,#9207);
#8318=AXIS2_PLACEMENT_3D('',#11164,#9213,#9214);
#8319=AXIS2_PLACEMENT_3D('',#11168,#9217,#9218);
#8320=AXIS2_PLACEMENT_3D('',#11169,#9219,#9220);
#8321=AXIS2_PLACEMENT_3D('',#11170,#9221,#9222);
#8322=AXIS2_PLACEMENT_3D('',#11174,#9224,#9225);
#8323=AXIS2_PLACEMENT_3D('',#11175,#9226,#9227);
#8324=AXIS2_PLACEMENT_3D('',#11176,#9228,#9229);
#8325=AXIS2_PLACEMENT_3D('',#11180,#9231,#9232);
#8326=AXIS2_PLACEMENT_3D('',#11181,#9233,#9234);
#8327=AXIS2_PLACEMENT_3D('',#11195,#9242,#9243);
#8328=AXIS2_PLACEMENT_3D('',#11196,#9244,#9245);
#8329=AXIS2_PLACEMENT_3D('',#11200,#9247,#9248);
#8330=AXIS2_PLACEMENT_3D('',#11201,#9249,#9250);
#8331=AXIS2_PLACEMENT_3D('',#11202,#9251,#9252);
#8332=AXIS2_PLACEMENT_3D('',#11206,#9254,#9255);
#8333=AXIS2_PLACEMENT_3D('',#11207,#9256,#9257);
#8334=AXIS2_PLACEMENT_3D('',#11220,#9266,#9267);
#8335=AXIS2_PLACEMENT_3D('',#11221,#9268,#9269);
#8336=AXIS2_PLACEMENT_3D('',#11225,#9271,#9272);
#8337=AXIS2_PLACEMENT_3D('',#11226,#9273,#9274);
#8338=AXIS2_PLACEMENT_3D('',#11227,#9275,#9276);
#8339=AXIS2_PLACEMENT_3D('',#11231,#9278,#9279);
#8340=AXIS2_PLACEMENT_3D('',#11232,#9280,#9281);
#8341=AXIS2_PLACEMENT_3D('',#11246,#9289,#9290);
#8342=AXIS2_PLACEMENT_3D('',#11247,#9291,#9292);
#8343=AXIS2_PLACEMENT_3D('',#11251,#9294,#9295);
#8344=AXIS2_PLACEMENT_3D('',#11252,#9296,#9297);
#8345=AXIS2_PLACEMENT_3D('',#11253,#9298,#9299);
#8346=AXIS2_PLACEMENT_3D('',#11254,#9300,#9301);
#8347=AXIS2_PLACEMENT_3D('',#11255,#9302,#9303);
#8348=AXIS2_PLACEMENT_3D('',#11256,#9304,#9305);
#8349=AXIS2_PLACEMENT_3D('',#11257,#9306,#9307);
#8350=AXIS2_PLACEMENT_3D('',#11259,#9308,#9309);
#8351=AXIS2_PLACEMENT_3D('',#11263,#9311,#9312);
#8352=AXIS2_PLACEMENT_3D('',#11266,#9314,#9315);
#8353=AXIS2_PLACEMENT_3D('',#11270,#9318,#9319);
#8354=AXIS2_PLACEMENT_3D('',#11271,#9320,#9321);
#8355=AXIS2_PLACEMENT_3D('',#11274,#9323,#9324);
#8356=AXIS2_PLACEMENT_3D('',#11278,#9327,#9328);
#8357=AXIS2_PLACEMENT_3D('',#11279,#9329,#9330);
#8358=AXIS2_PLACEMENT_3D('',#11282,#9332,#9333);
#8359=AXIS2_PLACEMENT_3D('',#11283,#9334,#9335);
#8360=AXIS2_PLACEMENT_3D('',#11284,#9336,#9337);
#8361=AXIS2_PLACEMENT_3D('',#11285,#9338,#9339);
#8362=AXIS2_PLACEMENT_3D('',#11290,#9341,#9342);
#8363=AXIS2_PLACEMENT_3D('',#11293,#9344,#9345);
#8364=AXIS2_PLACEMENT_3D('',#11299,#9349,#9350);
#8365=AXIS2_PLACEMENT_3D('',#11300,#9351,#9352);
#8366=AXIS2_PLACEMENT_3D('',#11302,#9353,#9354);
#8367=AXIS2_PLACEMENT_3D('',#11305,#9356,#9357);
#8368=AXIS2_PLACEMENT_3D('',#11306,#9358,#9359);
#8369=AXIS2_PLACEMENT_3D('',#11308,#9361,#9362);
#8370=AXIS2_PLACEMENT_3D('',#11310,#9364,#9365);
#8371=AXIS2_PLACEMENT_3D('',#11311,#9366,#9367);
#8372=AXIS2_PLACEMENT_3D('',#11312,#9368,#9369);
#8373=AXIS2_PLACEMENT_3D('',#11313,#9370,#9371);
#8374=AXIS2_PLACEMENT_3D('',#11314,#9372,#9373);
#8375=AXIS2_PLACEMENT_3D('',#11316,#9374,#9375);
#8376=AXIS2_PLACEMENT_3D('',#11320,#9377,#9378);
#8377=AXIS2_PLACEMENT_3D('',#11322,#9379,#9380);
#8378=AXIS2_PLACEMENT_3D('',#11326,#9382,#9383);
#8379=AXIS2_PLACEMENT_3D('',#11328,#9384,#9385);
#8380=AXIS2_PLACEMENT_3D('',#11332,#9387,#9388);
#8381=AXIS2_PLACEMENT_3D('',#11334,#9389,#9390);
#8382=AXIS2_PLACEMENT_3D('',#11335,#9391,#9392);
#8383=AXIS2_PLACEMENT_3D('',#11336,#9393,#9394);
#8384=AXIS2_PLACEMENT_3D('',#11338,#9395,#9396);
#8385=AXIS2_PLACEMENT_3D('',#11342,#9398,#9399);
#8386=AXIS2_PLACEMENT_3D('',#11344,#9400,#9401);
#8387=AXIS2_PLACEMENT_3D('',#11348,#9403,#9404);
#8388=AXIS2_PLACEMENT_3D('',#11350,#9405,#9406);
#8389=AXIS2_PLACEMENT_3D('',#11354,#9408,#9409);
#8390=AXIS2_PLACEMENT_3D('',#11356,#9410,#9411);
#8391=AXIS2_PLACEMENT_3D('',#11357,#9412,#9413);
#8392=AXIS2_PLACEMENT_3D('',#11359,#9415,#9416);
#8393=AXIS2_PLACEMENT_3D('',#11361,#9418,#9419);
#8394=AXIS2_PLACEMENT_3D('',#11371,#9425,#9426);
#8395=AXIS2_PLACEMENT_3D('',#11373,#9428,#9429);
#8396=AXIS2_PLACEMENT_3D('',#11375,#9431,#9432);
#8397=AXIS2_PLACEMENT_3D('',#11377,#9434,#9435);
#8398=AXIS2_PLACEMENT_3D('',#11379,#9437,#9438);
#8399=AXIS2_PLACEMENT_3D('',#11381,#9440,#9441);
#8400=AXIS2_PLACEMENT_3D('',#11391,#9447,#9448);
#8401=AXIS2_PLACEMENT_3D('',#11393,#9450,#9451);
#8402=AXIS2_PLACEMENT_3D('',#11394,#9452,#9453);
#8403=AXIS2_PLACEMENT_3D('',#11395,#9454,#9455);
#8404=AXIS2_PLACEMENT_3D('',#11397,#9456,#9457);
#8405=AXIS2_PLACEMENT_3D('',#11401,#9459,#9460);
#8406=AXIS2_PLACEMENT_3D('',#11403,#9461,#9462);
#8407=AXIS2_PLACEMENT_3D('',#11407,#9464,#9465);
#8408=AXIS2_PLACEMENT_3D('',#11413,#9468,#9469);
#8409=AXIS2_PLACEMENT_3D('',#11415,#9470,#9471);
#8410=AXIS2_PLACEMENT_3D('',#11418,#9473,#9474);
#8411=AXIS2_PLACEMENT_3D('',#11419,#9475,#9476);
#8412=AXIS2_PLACEMENT_3D('',#11422,#9478,#9479);
#8413=AXIS2_PLACEMENT_3D('',#11426,#9482,#9483);
#8414=AXIS2_PLACEMENT_3D('',#11427,#9484,#9485);
#8415=AXIS2_PLACEMENT_3D('',#11430,#9487,#9488);
#8416=AXIS2_PLACEMENT_3D('',#11434,#9491,#9492);
#8417=AXIS2_PLACEMENT_3D('',#11435,#9493,#9494);
#8418=AXIS2_PLACEMENT_3D('',#11438,#9496,#9497);
#8419=AXIS2_PLACEMENT_3D('',#11439,#9498,#9499);
#8420=AXIS2_PLACEMENT_3D('',#11442,#9501,#9502);
#8421=AXIS2_PLACEMENT_3D('',#11453,#9509,#9510);
#8422=AXIS2_PLACEMENT_3D('',#11454,#9511,#9512);
#8423=AXIS2_PLACEMENT_3D('',#11457,#9514,#9515);
#8424=AXIS2_PLACEMENT_3D('',#11461,#9518,#9519);
#8425=AXIS2_PLACEMENT_3D('',#11465,#9522,#9523);
#8426=AXIS2_PLACEMENT_3D('',#11466,#9524,#9525);
#8427=AXIS2_PLACEMENT_3D('',#11469,#9527,#9528);
#8428=AXIS2_PLACEMENT_3D('',#11470,#9529,#9530);
#8429=AXIS2_PLACEMENT_3D('',#11471,#9531,#9532);
#8430=AXIS2_PLACEMENT_3D('',#11474,#9534,#9535);
#8431=AXIS2_PLACEMENT_3D('',#11478,#9537,#9538);
#8432=AXIS2_PLACEMENT_3D('',#11480,#9539,#9540);
#8433=AXIS2_PLACEMENT_3D('',#11481,#9541,#9542);
#8434=AXIS2_PLACEMENT_3D('',#11482,#9543,#9544);
#8435=AXIS2_PLACEMENT_3D('',#11485,#9546,#9547);
#8436=AXIS2_PLACEMENT_3D('',#11486,#9548,#9549);
#8437=AXIS2_PLACEMENT_3D('',#11489,#9551,#9552);
#8438=AXIS2_PLACEMENT_3D('',#11493,#9555,#9556);
#8439=AXIS2_PLACEMENT_3D('',#11494,#9557,#9558);
#8440=AXIS2_PLACEMENT_3D('',#11497,#9560,#9561);
#8441=AXIS2_PLACEMENT_3D('',#11499,#9563,#9564);
#8442=AXIS2_PLACEMENT_3D('',#11500,#9565,#9566);
#8443=AXIS2_PLACEMENT_3D('',#11505,#9568,#9569);
#8444=AXIS2_PLACEMENT_3D('',#11508,#9571,#9572);
#8445=AXIS2_PLACEMENT_3D('',#11509,#9573,#9574);
#8446=AXIS2_PLACEMENT_3D('',#11511,#9575,#9576);
#8447=AXIS2_PLACEMENT_3D('',#11514,#9578,#9579);
#8448=AXIS2_PLACEMENT_3D('',#11520,#9583,#9584);
#8449=AXIS2_PLACEMENT_3D('',#11526,#9588,#9589);
#8450=AXIS2_PLACEMENT_3D('',#11527,#9590,#9591);
#8451=AXIS2_PLACEMENT_3D('',#11529,#9592,#9593);
#8452=AXIS2_PLACEMENT_3D('',#11532,#9595,#9596);
#8453=AXIS2_PLACEMENT_3D('',#11538,#9600,#9601);
#8454=AXIS2_PLACEMENT_3D('',#11539,#9602,#9603);
#8455=AXIS2_PLACEMENT_3D('',#11541,#9604,#9605);
#8456=AXIS2_PLACEMENT_3D('',#11544,#9607,#9608);
#8457=AXIS2_PLACEMENT_3D('',#11545,#9609,#9610);
#8458=AXIS2_PLACEMENT_3D('',#11547,#9611,#9612);
#8459=AXIS2_PLACEMENT_3D('',#11550,#9614,#9615);
#8460=AXIS2_PLACEMENT_3D('',#11556,#9619,#9620);
#8461=AXIS2_PLACEMENT_3D('',#11557,#9621,#9622);
#8462=AXIS2_PLACEMENT_3D('',#11559,#9623,#9624);
#8463=AXIS2_PLACEMENT_3D('',#11562,#9626,#9627);
#8464=AXIS2_PLACEMENT_3D('',#11563,#9628,#9629);
#8465=AXIS2_PLACEMENT_3D('',#11565,#9631,#9632);
#8466=AXIS2_PLACEMENT_3D('',#11567,#9634,#9635);
#8467=AXIS2_PLACEMENT_3D('',#11568,#9636,#9637);
#8468=AXIS2_PLACEMENT_3D('',#11569,#9638,#9639);
#8469=AXIS2_PLACEMENT_3D('',#11570,#9640,#9641);
#8470=AXIS2_PLACEMENT_3D('',#11573,#9643,#9644);
#8471=AXIS2_PLACEMENT_3D('',#11577,#9646,#9647);
#8472=AXIS2_PLACEMENT_3D('',#11579,#9648,#9649);
#8473=AXIS2_PLACEMENT_3D('',#11580,#9650,#9651);
#8474=AXIS2_PLACEMENT_3D('',#11581,#9652,#9653);
#8475=AXIS2_PLACEMENT_3D('',#11583,#9654,#9655);
#8476=AXIS2_PLACEMENT_3D('',#11587,#9657,#9658);
#8477=AXIS2_PLACEMENT_3D('',#11590,#9660,#9661);
#8478=AXIS2_PLACEMENT_3D('',#11592,#9663,#9664);
#8479=AXIS2_PLACEMENT_3D('',#11594,#9666,#9667);
#8480=AXIS2_PLACEMENT_3D('',#11596,#9669,#9670);
#8481=AXIS2_PLACEMENT_3D('',#11598,#9672,#9673);
#8482=AXIS2_PLACEMENT_3D('',#11599,#9674,#9675);
#8483=AXIS2_PLACEMENT_3D('',#11603,#9677,#9678);
#8484=AXIS2_PLACEMENT_3D('',#11607,#9680,#9681);
#8485=AXIS2_PLACEMENT_3D('',#11611,#9683,#9684);
#8486=AXIS2_PLACEMENT_3D('',#11614,#9686,#9687);
#8487=AXIS2_PLACEMENT_3D('',#11616,#9689,#9690);
#8488=AXIS2_PLACEMENT_3D('',#11619,#9693,#9694);
#8489=AXIS2_PLACEMENT_3D('',#11621,#9696,#9697);
#8490=AXIS2_PLACEMENT_3D('',#11623,#9699,#9700);
#8491=AXIS2_PLACEMENT_3D('',#11625,#9702,#9703);
#8492=AXIS2_PLACEMENT_3D('',#11627,#9705,#9706);
#8493=AXIS2_PLACEMENT_3D('',#11629,#9708,#9709);
#8494=AXIS2_PLACEMENT_3D('',#11636,#9714,#9715);
#8495=AXIS2_PLACEMENT_3D('',#11638,#9717,#9718);
#8496=AXIS2_PLACEMENT_3D('',#11640,#9720,#9721);
#8497=AXIS2_PLACEMENT_3D('',#11642,#9723,#9724);
#8498=AXIS2_PLACEMENT_3D('',#11644,#9726,#9727);
#8499=AXIS2_PLACEMENT_3D('',#11646,#9729,#9730);
#8500=AXIS2_PLACEMENT_3D('',#11647,#9731,#9732);
#8501=AXIS2_PLACEMENT_3D('',#11650,#9734,#9735);
#8502=AXIS2_PLACEMENT_3D('',#11653,#9737,#9738);
#8503=AXIS2_PLACEMENT_3D('',#11657,#9741,#9742);
#8504=AXIS2_PLACEMENT_3D('',#11660,#9744,#9745);
#8505=AXIS2_PLACEMENT_3D('',#11661,#9746,#9747);
#8506=AXIS2_PLACEMENT_3D('',#11665,#9750,#9751);
#8507=AXIS2_PLACEMENT_3D('',#11667,#9753,#9754);
#8508=AXIS2_PLACEMENT_3D('',#11668,#9755,#9756);
#8509=AXIS2_PLACEMENT_3D('',#11669,#9757,#9758);
#8510=AXIS2_PLACEMENT_3D('',#11670,#9759,#9760);
#8511=AXIS2_PLACEMENT_3D('',#11673,#9763,#9764);
#8512=AXIS2_PLACEMENT_3D('',#11675,#9766,#9767);
#8513=AXIS2_PLACEMENT_3D('',#11677,#9769,#9770);
#8514=AXIS2_PLACEMENT_3D('',#11679,#9772,#9773);
#8515=AXIS2_PLACEMENT_3D('',#11681,#9775,#9776);
#8516=AXIS2_PLACEMENT_3D('',#11683,#9778,#9779);
#8517=AXIS2_PLACEMENT_3D('',#11690,#9784,#9785);
#8518=AXIS2_PLACEMENT_3D('',#11692,#9787,#9788);
#8519=AXIS2_PLACEMENT_3D('',#11694,#9790,#9791);
#8520=AXIS2_PLACEMENT_3D('',#11696,#9793,#9794);
#8521=AXIS2_PLACEMENT_3D('',#11698,#9796,#9797);
#8522=AXIS2_PLACEMENT_3D('',#11700,#9799,#9800);
#8523=AXIS2_PLACEMENT_3D('',#11702,#9802,#9803);
#8524=AXIS2_PLACEMENT_3D('',#11704,#9805,#9806);
#8525=AXIS2_PLACEMENT_3D('',#11715,#9813,#9814);
#8526=AXIS2_PLACEMENT_3D('',#11718,#9816,#9817);
#8527=AXIS2_PLACEMENT_3D('',#11719,#9818,#9819);
#8528=AXIS2_PLACEMENT_3D('',#11723,#9822,#9823);
#8529=AXIS2_PLACEMENT_3D('',#11726,#9825,#9826);
#8530=AXIS2_PLACEMENT_3D('',#11727,#9827,#9828);
#8531=AXIS2_PLACEMENT_3D('',#11731,#9831,#9832);
#8532=AXIS2_PLACEMENT_3D('',#11734,#9834,#9835);
#8533=AXIS2_PLACEMENT_3D('',#11735,#9836,#9837);
#8534=AXIS2_PLACEMENT_3D('',#11737,#9839,#9840);
#8535=AXIS2_PLACEMENT_3D('',#11738,#9841,#9842);
#8536=AXIS2_PLACEMENT_3D('',#11743,#9846,#9847);
#8537=AXIS2_PLACEMENT_3D('',#11748,#9850,#9851);
#8538=AXIS2_PLACEMENT_3D('',#11752,#9854,#9855);
#8539=AXIS2_PLACEMENT_3D('',#11753,#9856,#9857);
#8540=AXIS2_PLACEMENT_3D('',#11756,#9859,#9860);
#8541=AXIS2_PLACEMENT_3D('',#11760,#9863,#9864);
#8542=AXIS2_PLACEMENT_3D('',#11762,#9866,#9867);
#8543=AXIS2_PLACEMENT_3D('',#11769,#9872,#9873);
#8544=AXIS2_PLACEMENT_3D('',#11774,#9876,#9877);
#8545=AXIS2_PLACEMENT_3D('',#11780,#9881,#9882);
#8546=AXIS2_PLACEMENT_3D('',#11781,#9883,#9884);
#8547=AXIS2_PLACEMENT_3D('',#11784,#9886,#9887);
#8548=AXIS2_PLACEMENT_3D('',#11788,#9890,#9891);
#8549=AXIS2_PLACEMENT_3D('',#11790,#9893,#9894);
#8550=AXIS2_PLACEMENT_3D('',#11792,#9896,#9897);
#8551=AXIS2_PLACEMENT_3D('',#11794,#9899,#9900);
#8552=AXIS2_PLACEMENT_3D('',#11796,#9902,#9903);
#8553=AXIS2_PLACEMENT_3D('',#11798,#9905,#9906);
#8554=AXIS2_PLACEMENT_3D('',#11800,#9908,#9909);
#8555=AXIS2_PLACEMENT_3D('',#11801,#9910,#9911);
#8556=AXIS2_PLACEMENT_3D('',#11803,#9913,#9914);
#8557=AXIS2_PLACEMENT_3D('',#11805,#9916,#9917);
#8558=AXIS2_PLACEMENT_3D('',#11807,#9919,#9920);
#8559=AXIS2_PLACEMENT_3D('',#11809,#9922,#9923);
#8560=AXIS2_PLACEMENT_3D('',#11811,#9925,#9926);
#8561=AXIS2_PLACEMENT_3D('',#11817,#9930,#9931);
#8562=AXIS2_PLACEMENT_3D('',#11820,#9933,#9934);
#8563=AXIS2_PLACEMENT_3D('',#11821,#9935,#9936);
#8564=AXIS2_PLACEMENT_3D('',#11825,#9939,#9940);
#8565=AXIS2_PLACEMENT_3D('',#11826,#9941,#9942);
#8566=AXIS2_PLACEMENT_3D('',#11827,#9943,#9944);
#8567=AXIS2_PLACEMENT_3D('',#11830,#9946,#9947);
#8568=AXIS2_PLACEMENT_3D('',#11831,#9948,#9949);
#8569=AXIS2_PLACEMENT_3D('',#11835,#9952,#9953);
#8570=AXIS2_PLACEMENT_3D('',#11838,#9955,#9956);
#8571=AXIS2_PLACEMENT_3D('',#11839,#9957,#9958);
#8572=AXIS2_PLACEMENT_3D('',#11843,#9961,#9962);
#8573=AXIS2_PLACEMENT_3D('',#11846,#9964,#9965);
#8574=AXIS2_PLACEMENT_3D('',#11847,#9966,#9967);
#8575=AXIS2_PLACEMENT_3D('',#11851,#9970,#9971);
#8576=AXIS2_PLACEMENT_3D('',#11854,#9973,#9974);
#8577=AXIS2_PLACEMENT_3D('',#11855,#9975,#9976);
#8578=AXIS2_PLACEMENT_3D('',#11859,#9979,#9980);
#8579=AXIS2_PLACEMENT_3D('',#11862,#9982,#9983);
#8580=AXIS2_PLACEMENT_3D('',#11863,#9984,#9985);
#8581=AXIS2_PLACEMENT_3D('',#11867,#9988,#9989);
#8582=AXIS2_PLACEMENT_3D('',#11868,#9990,#9991);
#8583=AXIS2_PLACEMENT_3D('',#11869,#9992,#9993);
#8584=AXIS2_PLACEMENT_3D('',#11875,#9997,#9998);
#8585=AXIS2_PLACEMENT_3D('',#11881,#10002,#10003);
#8586=AXIS2_PLACEMENT_3D('',#11884,#10005,#10006);
#8587=AXIS2_PLACEMENT_3D('',#11885,#10007,#10008);
#8588=AXIS2_PLACEMENT_3D('',#11889,#10011,#10012);
#8589=AXIS2_PLACEMENT_3D('',#11890,#10013,#10014);
#8590=AXIS2_PLACEMENT_3D('',#11891,#10015,#10016);
#8591=AXIS2_PLACEMENT_3D('',#11894,#10018,#10019);
#8592=AXIS2_PLACEMENT_3D('',#11895,#10020,#10021);
#8593=AXIS2_PLACEMENT_3D('',#11899,#10024,#10025);
#8594=AXIS2_PLACEMENT_3D('',#11902,#10027,#10028);
#8595=AXIS2_PLACEMENT_3D('',#11903,#10029,#10030);
#8596=AXIS2_PLACEMENT_3D('',#11907,#10033,#10034);
#8597=AXIS2_PLACEMENT_3D('',#11910,#10036,#10037);
#8598=AXIS2_PLACEMENT_3D('',#11911,#10038,#10039);
#8599=AXIS2_PLACEMENT_3D('',#11915,#10042,#10043);
#8600=AXIS2_PLACEMENT_3D('',#11918,#10045,#10046);
#8601=AXIS2_PLACEMENT_3D('',#11919,#10047,#10048);
#8602=AXIS2_PLACEMENT_3D('',#11923,#10051,#10052);
#8603=AXIS2_PLACEMENT_3D('',#11926,#10054,#10055);
#8604=AXIS2_PLACEMENT_3D('',#11927,#10056,#10057);
#8605=AXIS2_PLACEMENT_3D('',#11931,#10060,#10061);
#8606=AXIS2_PLACEMENT_3D('',#11932,#10062,#10063);
#8607=AXIS2_PLACEMENT_3D('',#11933,#10064,#10065);
#8608=AXIS2_PLACEMENT_3D('',#11939,#10069,#10070);
#8609=AXIS2_PLACEMENT_3D('',#11943,#10073,#10074);
#8610=AXIS2_PLACEMENT_3D('',#11947,#10077,#10078);
#8611=AXIS2_PLACEMENT_3D('',#11949,#10080,#10081);
#8612=AXIS2_PLACEMENT_3D('',#11951,#10083,#10084);
#8613=AXIS2_PLACEMENT_3D('',#11955,#10087,#10088);
#8614=AXIS2_PLACEMENT_3D('',#11959,#10091,#10092);
#8615=AXIS2_PLACEMENT_3D('',#11961,#10094,#10095);
#8616=AXIS2_PLACEMENT_3D('',#11963,#10097,#10098);
#8617=AXIS2_PLACEMENT_3D('',#11964,#10099,#10100);
#8618=AXIS2_PLACEMENT_3D('',#11965,#10101,#10102);
#8619=AXIS2_PLACEMENT_3D('',#11966,#10103,#10104);
#8620=AXIS2_PLACEMENT_3D('',#11969,#10106,#10107);
#8621=AXIS2_PLACEMENT_3D('',#11973,#10109,#10110);
#8622=AXIS2_PLACEMENT_3D('',#11974,#10111,#10112);
#8623=AXIS2_PLACEMENT_3D('',#11975,#10113,#10114);
#8624=AXIS2_PLACEMENT_3D('',#11977,#10116,#10117);
#8625=AXIS2_PLACEMENT_3D('',#11978,#10118,#10119);
#8626=AXIS2_PLACEMENT_3D('',#11992,#10127,#10128);
#8627=AXIS2_PLACEMENT_3D('',#11993,#10129,#10130);
#8628=AXIS2_PLACEMENT_3D('',#11994,#10131,#10132);
#8629=AXIS2_PLACEMENT_3D('',#11995,#10133,#10134);
#8630=AXIS2_PLACEMENT_3D('',#11998,#10136,#10137);
#8631=AXIS2_PLACEMENT_3D('',#12003,#10141,#10142);
#8632=AXIS2_PLACEMENT_3D('',#12004,#10143,#10144);
#8633=AXIS2_PLACEMENT_3D('',#12007,#10146,#10147);
#8634=AXIS2_PLACEMENT_3D('',#12015,#10152,#10153);
#8635=AXIS2_PLACEMENT_3D('',#12019,#10155,#10156);
#8636=AXIS2_PLACEMENT_3D('',#12023,#10158,#10159);
#8637=AXIS2_PLACEMENT_3D('',#12024,#10160,#10161);
#8638=AXIS2_PLACEMENT_3D('',#12025,#10162,#10163);
#8639=AXIS2_PLACEMENT_3D('',#12027,#10164,#10165);
#8640=AXIS2_PLACEMENT_3D('',#12032,#10166,#10167);
#8641=AXIS2_PLACEMENT_3D('',#12033,#10168,#10169);
#8642=AXIS2_PLACEMENT_3D('',#12036,#10171,#10172);
#8643=AXIS2_PLACEMENT_3D('',#12040,#10175,#10176);
#8644=AXIS2_PLACEMENT_3D('',#12041,#10177,#10178);
#8645=AXIS2_PLACEMENT_3D('',#12044,#10180,#10181);
#8646=AXIS2_PLACEMENT_3D('',#12048,#10184,#10185);
#8647=AXIS2_PLACEMENT_3D('',#12049,#10186,#10187);
#8648=AXIS2_PLACEMENT_3D('',#12050,#10188,#10189);
#8649=AXIS2_PLACEMENT_3D('',#12051,#10190,#10191);
#8650=AXIS2_PLACEMENT_3D('',#12052,#10192,#10193);
#8651=AXIS2_PLACEMENT_3D('',#12055,#10195,#10196);
#8652=AXIS2_PLACEMENT_3D('',#12056,#10197,#10198);
#8653=AXIS2_PLACEMENT_3D('',#12058,#10200,#10201);
#8654=AXIS2_PLACEMENT_3D('',#12059,#10202,#10203);
#8655=AXIS2_PLACEMENT_3D('',#12062,#10205,#10206);
#8656=AXIS2_PLACEMENT_3D('',#12066,#10208,#10209);
#8657=AXIS2_PLACEMENT_3D('',#12070,#10211,#10212);
#8658=AXIS2_PLACEMENT_3D('',#12071,#10213,#10214);
#8659=AXIS2_PLACEMENT_3D('',#12073,#10216,#10217);
#8660=AXIS2_PLACEMENT_3D('',#12075,#10219,#10220);
#8661=AXIS2_PLACEMENT_3D('',#12077,#10222,#10223);
#8662=AXIS2_PLACEMENT_3D('',#12079,#10225,#10226);
#8663=AXIS2_PLACEMENT_3D('',#12081,#10228,#10229);
#8664=AXIS2_PLACEMENT_3D('',#12082,#10230,#10231);
#8665=AXIS2_PLACEMENT_3D('',#12088,#10235,#10236);
#8666=AXIS2_PLACEMENT_3D('',#12094,#10240,#10241);
#8667=AXIS2_PLACEMENT_3D('',#12097,#10244,#10245);
#8668=AXIS2_PLACEMENT_3D('',#12098,#10246,#10247);
#8669=AXIS2_PLACEMENT_3D('',#12099,#10248,#10249);
#8670=AXIS2_PLACEMENT_3D('',#12105,#10253,#10254);
#8671=AXIS2_PLACEMENT_3D('',#12111,#10258,#10259);
#8672=AXIS2_PLACEMENT_3D('',#12114,#10262,#10263);
#8673=AXIS2_PLACEMENT_3D('',#12115,#10264,#10265);
#8674=AXIS2_PLACEMENT_3D('',#12116,#10266,#10267);
#8675=AXIS2_PLACEMENT_3D('',#12122,#10271,#10272);
#8676=AXIS2_PLACEMENT_3D('',#12128,#10276,#10277);
#8677=AXIS2_PLACEMENT_3D('',#12131,#10280,#10281);
#8678=AXIS2_PLACEMENT_3D('',#12132,#10282,#10283);
#8679=AXIS2_PLACEMENT_3D('',#12133,#10284,#10285);
#8680=AXIS2_PLACEMENT_3D('',#12139,#10289,#10290);
#8681=AXIS2_PLACEMENT_3D('',#12145,#10294,#10295);
#8682=AXIS2_PLACEMENT_3D('',#12148,#10298,#10299);
#8683=AXIS2_PLACEMENT_3D('',#12149,#10300,#10301);
#8684=AXIS2_PLACEMENT_3D('',#12150,#10302,#10303);
#8685=AXIS2_PLACEMENT_3D('',#12152,#10305,#10306);
#8686=AXIS2_PLACEMENT_3D('',#12154,#10308,#10309);
#8687=AXIS2_PLACEMENT_3D('',#12156,#10311,#10312);
#8688=AXIS2_PLACEMENT_3D('',#12162,#10316,#10317);
#8689=AXIS2_PLACEMENT_3D('',#12163,#10318,#10319);
#8690=AXIS2_PLACEMENT_3D('',#12164,#10320,#10321);
#8691=AXIS2_PLACEMENT_3D('',#12165,#10322,#10323);
#8692=AXIS2_PLACEMENT_3D('',#12167,#10325,#10326);
#8693=AXIS2_PLACEMENT_3D('',#12168,#10327,#10328);
#8694=AXIS2_PLACEMENT_3D('',#12170,#10330,#10331);
#8695=AXIS2_PLACEMENT_3D('',#12172,#10333,#10334);
#8696=AXIS2_PLACEMENT_3D('',#12174,#10336,#10337);
#8697=AXIS2_PLACEMENT_3D('',#12180,#10341,#10342);
#8698=AXIS2_PLACEMENT_3D('',#12181,#10343,#10344);
#8699=AXIS2_PLACEMENT_3D('',#12182,#10345,#10346);
#8700=AXIS2_PLACEMENT_3D('',#12183,#10347,#10348);
#8701=AXIS2_PLACEMENT_3D('',#12185,#10350,#10351);
#8702=AXIS2_PLACEMENT_3D('',#12186,#10352,#10353);
#8703=AXIS2_PLACEMENT_3D('',#12188,#10355,#10356);
#8704=AXIS2_PLACEMENT_3D('',#12190,#10358,#10359);
#8705=AXIS2_PLACEMENT_3D('',#12192,#10361,#10362);
#8706=AXIS2_PLACEMENT_3D('',#12194,#10364,#10365);
#8707=AXIS2_PLACEMENT_3D('',#12197,#10368,#10369);
#8708=AXIS2_PLACEMENT_3D('',#12199,#10371,#10372);
#8709=AXIS2_PLACEMENT_3D('',#12201,#10374,#10375);
#8710=AXIS2_PLACEMENT_3D('',#12202,#10376,#10377);
#8711=AXIS2_PLACEMENT_3D('',#12203,#10378,#10379);
#8712=AXIS2_PLACEMENT_3D('',#12206,#10382,#10383);
#8713=AXIS2_PLACEMENT_3D('',#12208,#10385,#10386);
#8714=AXIS2_PLACEMENT_3D('',#12210,#10388,#10389);
#8715=AXIS2_PLACEMENT_3D('',#12211,#10390,#10391);
#8716=AXIS2_PLACEMENT_3D('',#12212,#10392,#10393);
#8717=AXIS2_PLACEMENT_3D('',#12213,#10394,#10395);
#8718=AXIS2_PLACEMENT_3D('',#12215,#10396,#10397);
#8719=AXIS2_PLACEMENT_3D('',#12216,#10398,#10399);
#8720=AXIS2_PLACEMENT_3D('',#12222,#10403,#10404);
#8721=AXIS2_PLACEMENT_3D('',#12226,#10407,#10408);
#8722=AXIS2_PLACEMENT_3D('',#12230,#10411,#10412);
#8723=AXIS2_PLACEMENT_3D('',#12234,#10415,#10416);
#8724=AXIS2_PLACEMENT_3D('',#12236,#10418,#10419);
#8725=AXIS2_PLACEMENT_3D('',#12237,#10420,#10421);
#8726=AXIS2_PLACEMENT_3D('',#12243,#10425,#10426);
#8727=AXIS2_PLACEMENT_3D('',#12247,#10429,#10430);
#8728=AXIS2_PLACEMENT_3D('',#12250,#10432,#10433);
#8729=AXIS2_PLACEMENT_3D('',#12251,#10434,#10435);
#8730=AXIS2_PLACEMENT_3D('',#12255,#10438,#10439);
#8731=AXIS2_PLACEMENT_3D('',#12258,#10441,#10442);
#8732=AXIS2_PLACEMENT_3D('',#12259,#10443,#10444);
#8733=AXIS2_PLACEMENT_3D('',#12263,#10447,#10448);
#8734=AXIS2_PLACEMENT_3D('',#12264,#10449,#10450);
#8735=AXIS2_PLACEMENT_3D('',#12265,#10451,#10452);
#8736=DIRECTION('',(0.,0.,1.));
#8737=DIRECTION('',(1.,0.,0.));
#8738=DIRECTION('',(0.,0.,1.));
#8739=DIRECTION('',(1.,0.,0.));
#8740=DIRECTION('',(0.,-1.,0.));
#8741=DIRECTION('',(-1.,0.,0.));
#8742=DIRECTION('',(0.,0.,1.));
#8743=DIRECTION('',(1.,0.,0.));
#8744=DIRECTION('',(-0.707106781186547,0.707106781186547,0.));
#8745=DIRECTION('',(0.,0.,1.));
#8746=DIRECTION('',(1.,0.,0.));
#8747=DIRECTION('',(1.,0.,0.));
#8748=DIRECTION('',(0.,0.,1.));
#8749=DIRECTION('',(1.,0.,0.));
#8750=DIRECTION('',(0.,0.,1.));
#8751=DIRECTION('',(1.,0.,0.));
#8752=DIRECTION('',(1.,0.,0.));
#8753=DIRECTION('',(0.,1.,0.));
#8754=DIRECTION('',(1.,0.,0.));
#8755=DIRECTION('',(-0.766044443118978,0.642787609686539,0.));
#8756=DIRECTION('',(1.,0.,0.));
#8757=DIRECTION('',(0.,1.,0.));
#8758=DIRECTION('',(-1.,0.,0.));
#8759=DIRECTION('',(0.,0.,1.));
#8760=DIRECTION('',(1.,0.,0.));
#8761=DIRECTION('',(0.,-1.,0.));
#8762=DIRECTION('',(0.,0.,1.));
#8763=DIRECTION('',(1.,0.,0.));
#8764=DIRECTION('',(1.,0.,0.));
#8765=DIRECTION('',(0.,0.,1.));
#8766=DIRECTION('',(1.,0.,0.));
#8767=DIRECTION('',(0.,1.,0.));
#8768=DIRECTION('',(0.,0.,1.));
#8769=DIRECTION('',(1.,0.,0.));
#8770=DIRECTION('',(-0.766044443118978,0.642787609686539,0.));
#8771=DIRECTION('',(0.,-1.,0.));
#8772=DIRECTION('',(-1.,0.,0.));
#8773=DIRECTION('',(0.460525155199833,0.887646653476579,0.));
#8774=DIRECTION('',(-1.44560289664734E-16,1.,0.));
#8775=DIRECTION('',(1.,0.,0.));
#8776=DIRECTION('',(-0.373797330327324,0.927510407402615,0.));
#8777=DIRECTION('',(-0.927510407402615,-0.373797330327324,0.));
#8778=DIRECTION('',(-0.373797330327324,0.927510407402615,0.));
#8779=DIRECTION('',(0.927510407402615,0.373797330327324,0.));
#8780=DIRECTION('',(-0.373797330327324,0.927510407402615,0.));
#8781=DIRECTION('',(0.927510407402615,0.373797330327324,0.));
#8782=DIRECTION('',(0.,0.,-1.));
#8783=DIRECTION('',(-0.373797330327324,0.927510407402615,0.));
#8784=DIRECTION('',(0.927510407402615,0.373797330327324,0.));
#8785=DIRECTION('',(-0.373797330327324,0.927510407402615,0.));
#8786=DIRECTION('',(0.927510407402615,0.373797330327324,0.));
#8787=DIRECTION('',(0.927510407402615,0.373797330327324,0.));
#8788=DIRECTION('',(0.,0.,-1.));
#8789=DIRECTION('',(0.927510407402615,0.373797330327324,0.));
#8790=DIRECTION('',(0.,0.,-1.));
#8791=DIRECTION('',(-1.,0.,0.));
#8792=DIRECTION('',(0.,0.,-1.));
#8793=DIRECTION('',(-1.,0.,0.));
#8794=DIRECTION('',(0.,0.,-1.));
#8795=DIRECTION('',(0.,-1.,0.));
#8796=DIRECTION('',(0.,0.,-1.));
#8797=DIRECTION('',(0.,1.,0.));
#8798=DIRECTION('',(1.,0.,0.));
#8799=DIRECTION('',(-1.,0.,0.));
#8800=DIRECTION('',(0.,0.,-1.));
#8801=DIRECTION('',(-1.,0.,0.));
#8802=DIRECTION('',(0.,0.,-1.));
#8803=DIRECTION('',(-1.,0.,0.));
#8804=DIRECTION('',(0.,0.,-1.));
#8805=DIRECTION('',(-1.,0.,0.));
#8806=DIRECTION('',(0.,1.,0.));
#8807=DIRECTION('',(1.,0.,0.));
#8808=DIRECTION('',(0.,1.,0.));
#8809=DIRECTION('',(1.,0.,0.));
#8810=DIRECTION('',(0.,1.,0.));
#8811=DIRECTION('',(1.,0.,0.));
#8812=DIRECTION('',(-0.373797330327324,0.927510407402615,0.));
#8813=DIRECTION('',(-0.927510407402615,-0.373797330327324,0.));
#8814=DIRECTION('',(-0.373797330327324,0.927510407402615,0.));
#8815=DIRECTION('',(0.927510407402615,0.373797330327324,0.));
#8816=DIRECTION('',(-0.373797330327324,0.927510407402615,0.));
#8817=DIRECTION('',(0.927510407402615,0.373797330327324,0.));
#8818=DIRECTION('',(0.,0.,-1.));
#8819=DIRECTION('',(-0.373797330327324,0.927510407402615,0.));
#8820=DIRECTION('',(0.927510407402615,0.373797330327324,0.));
#8821=DIRECTION('',(-0.373797330327324,0.927510407402615,0.));
#8822=DIRECTION('',(0.927510407402615,0.373797330327324,0.));
#8823=DIRECTION('',(0.927510407402615,0.373797330327324,0.));
#8824=DIRECTION('',(0.,0.,-1.));
#8825=DIRECTION('',(0.927510407402615,0.373797330327324,0.));
#8826=DIRECTION('',(0.,0.,-1.));
#8827=DIRECTION('',(-1.,0.,0.));
#8828=DIRECTION('',(0.,0.,-1.));
#8829=DIRECTION('',(-1.,0.,0.));
#8830=DIRECTION('',(0.,0.,-1.));
#8831=DIRECTION('',(0.,-1.,0.));
#8832=DIRECTION('',(0.,0.,-1.));
#8833=DIRECTION('',(0.,1.,0.));
#8834=DIRECTION('',(1.,0.,0.));
#8835=DIRECTION('',(-1.,0.,0.));
#8836=DIRECTION('',(0.,0.,-1.));
#8837=DIRECTION('',(-1.,0.,0.));
#8838=DIRECTION('',(0.,0.,-1.));
#8839=DIRECTION('',(-1.,0.,0.));
#8840=DIRECTION('',(0.,0.,-1.));
#8841=DIRECTION('',(-1.,0.,0.));
#8842=DIRECTION('',(0.,1.,0.));
#8843=DIRECTION('',(1.,0.,0.));
#8844=DIRECTION('',(0.,1.,0.));
#8845=DIRECTION('',(1.,0.,0.));
#8846=DIRECTION('',(0.,1.,0.));
#8847=DIRECTION('',(1.,0.,0.));
#8848=DIRECTION('',(0.,0.,1.));
#8849=DIRECTION('',(1.,0.,0.));
#8850=DIRECTION('',(1.,0.,0.));
#8851=DIRECTION('',(-0.766044443118978,0.642787609686539,0.));
#8852=DIRECTION('',(0.,0.,1.));
#8853=DIRECTION('',(1.,0.,0.));
#8854=DIRECTION('',(-0.882947592858927,-0.469471562785891,0.));
#8855=DIRECTION('',(0.,0.,1.));
#8856=DIRECTION('',(1.,0.,0.));
#8857=DIRECTION('',(1.,0.,0.));
#8858=DIRECTION('',(0.,1.,0.));
#8859=DIRECTION('',(0.,0.,1.));
#8860=DIRECTION('',(1.,0.,0.));
#8861=DIRECTION('',(-0.766044443118978,0.642787609686539,0.));
#8862=DIRECTION('',(1.,0.,0.));
#8863=DIRECTION('',(0.,1.,0.));
#8864=DIRECTION('',(1.,0.,0.));
#8865=DIRECTION('',(0.,0.,1.));
#8866=DIRECTION('',(1.,0.,0.));
#8867=DIRECTION('',(-0.882947592858927,-0.469471562785891,0.));
#8868=DIRECTION('',(0.,0.,1.));
#8869=DIRECTION('',(1.,0.,0.));
#8870=DIRECTION('',(0.,0.,1.));
#8871=DIRECTION('',(1.,0.,0.));
#8872=DIRECTION('',(1.,0.,0.));
#8873=DIRECTION('',(-0.766044443118978,0.642787609686539,0.));
#8874=DIRECTION('',(0.,0.,1.));
#8875=DIRECTION('',(1.,0.,0.));
#8876=DIRECTION('',(-0.882947592858927,-0.469471562785891,0.));
#8877=DIRECTION('',(0.,0.,1.));
#8878=DIRECTION('',(1.,0.,0.));
#8879=DIRECTION('',(1.,0.,0.));
#8880=DIRECTION('',(0.,1.,0.));
#8881=DIRECTION('',(0.,0.,1.));
#8882=DIRECTION('',(1.,0.,0.));
#8883=DIRECTION('',(-0.766044443118978,0.642787609686539,0.));
#8884=DIRECTION('',(1.,0.,0.));
#8885=DIRECTION('',(0.,1.,0.));
#8886=DIRECTION('',(1.,0.,0.));
#8887=DIRECTION('',(0.,0.,1.));
#8888=DIRECTION('',(1.,0.,0.));
#8889=DIRECTION('',(-0.882947592858927,-0.469471562785891,0.));
#8890=DIRECTION('',(0.,0.,1.));
#8891=DIRECTION('',(1.,0.,0.));
#8892=DIRECTION('',(0.,1.,0.));
#8893=DIRECTION('',(0.,0.,1.));
#8894=DIRECTION('',(0.,0.,1.));
#8895=DIRECTION('',(1.,0.,0.));
#8896=DIRECTION('',(0.,0.,1.));
#8897=DIRECTION('',(-1.,0.,0.));
#8898=DIRECTION('',(0.,0.,1.));
#8899=DIRECTION('',(-1.,0.,0.));
#8900=DIRECTION('',(-1.,0.,0.));
#8901=DIRECTION('',(0.,0.,1.));
#8902=DIRECTION('',(1.,0.,0.));
#8903=DIRECTION('',(1.,0.,0.));
#8904=DIRECTION('',(0.,-1.,0.));
#8905=DIRECTION('',(0.,0.,1.));
#8906=DIRECTION('',(1.,0.,0.));
#8907=DIRECTION('',(1.,0.,0.));
#8908=DIRECTION('',(0.,0.,1.));
#8909=DIRECTION('',(1.,0.,0.));
#8910=DIRECTION('',(1.,0.,0.));
#8911=DIRECTION('',(0.,0.,1.));
#8912=DIRECTION('',(1.,0.,0.));
#8913=DIRECTION('',(0.,-1.,0.));
#8914=DIRECTION('',(0.,0.,1.));
#8915=DIRECTION('',(1.,0.,0.));
#8916=DIRECTION('',(0.,0.,1.));
#8917=DIRECTION('',(1.,0.,0.));
#8918=DIRECTION('',(1.,0.,0.));
#8919=DIRECTION('',(0.,0.,1.));
#8920=DIRECTION('',(1.,0.,0.));
#8921=DIRECTION('',(1.,0.,0.));
#8922=DIRECTION('',(0.,0.,1.));
#8923=DIRECTION('',(1.,0.,0.));
#8924=DIRECTION('',(0.,1.,0.));
#8925=DIRECTION('',(1.,0.,0.));
#8926=DIRECTION('',(0.,0.,1.));
#8927=DIRECTION('',(1.,0.,0.));
#8928=DIRECTION('',(0.,1.,0.));
#8929=DIRECTION('',(0.928476690885259,-0.371390676354104,0.));
#8930=DIRECTION('',(0.,1.,0.));
#8931=DIRECTION('',(0.,0.,1.));
#8932=DIRECTION('',(1.,0.,0.));
#8933=DIRECTION('',(1.,0.,0.));
#8934=DIRECTION('',(0.,0.,1.));
#8935=DIRECTION('',(1.,0.,0.));
#8936=DIRECTION('',(-0.928476690885259,-0.371390676354105,0.));
#8937=DIRECTION('',(0.,1.,0.));
#8938=DIRECTION('',(0.,0.,1.));
#8939=DIRECTION('',(1.,0.,0.));
#8940=DIRECTION('',(-0.766044443118978,0.64278760968654,0.));
#8941=DIRECTION('',(-1.,0.,0.));
#8942=DIRECTION('',(-0.766044443118978,0.642787609686539,0.));
#8943=DIRECTION('',(0.,0.,1.));
#8944=DIRECTION('',(1.,0.,0.));
#8945=DIRECTION('',(0.,1.,0.));
#8946=DIRECTION('',(0.,0.,1.));
#8947=DIRECTION('',(1.,0.,0.));
#8948=DIRECTION('',(-0.707106781186548,0.707106781186548,0.));
#8949=DIRECTION('',(0.,0.,1.));
#8950=DIRECTION('',(1.,0.,0.));
#8951=DIRECTION('',(0.,-1.,0.));
#8952=DIRECTION('',(-1.,0.,0.));
#8953=DIRECTION('',(0.,-1.,0.));
#8954=DIRECTION('',(0.,0.,1.));
#8955=DIRECTION('',(1.,0.,0.));
#8956=DIRECTION('',(-1.,0.,0.));
#8957=DIRECTION('',(-1.,0.,0.));
#8958=DIRECTION('',(0.,0.,1.));
#8959=DIRECTION('',(0.,0.,-1.));
#8960=DIRECTION('',(1.,0.,0.));
#8961=DIRECTION('',(0.,0.,-1.));
#8962=DIRECTION('',(0.,0.,-1.));
#8963=DIRECTION('',(1.,0.,0.));
#8964=DIRECTION('',(0.,0.,-1.));
#8965=DIRECTION('',(0.,-1.,0.));
#8966=DIRECTION('',(1.,0.,0.));
#8967=DIRECTION('',(0.,0.,-1.));
#8968=DIRECTION('',(0.,0.,1.));
#8969=DIRECTION('',(1.,0.,0.));
#8970=DIRECTION('',(0.,0.,-1.));
#8971=DIRECTION('',(0.,-1.,0.));
#8972=DIRECTION('',(1.,0.,0.));
#8973=DIRECTION('',(0.,0.,-1.));
#8974=DIRECTION('',(0.,0.,1.));
#8975=DIRECTION('',(1.,0.,0.));
#8976=DIRECTION('',(0.,0.,-1.));
#8977=DIRECTION('',(0.,1.,0.));
#8978=DIRECTION('',(1.,0.,0.));
#8979=DIRECTION('',(0.,0.,-1.));
#8980=DIRECTION('',(0.,0.,1.));
#8981=DIRECTION('',(1.,0.,0.));
#8982=DIRECTION('',(0.,0.,-1.));
#8983=DIRECTION('',(0.,0.,-1.));
#8984=DIRECTION('',(0.,0.,-1.));
#8985=DIRECTION('',(0.,0.,-1.));
#8986=DIRECTION('',(0.,0.,-1.));
#8987=DIRECTION('',(1.,0.,0.));
#8988=DIRECTION('',(0.,0.,-1.));
#8989=DIRECTION('',(0.,0.,-1.));
#8990=DIRECTION('',(1.,0.,0.));
#8991=DIRECTION('',(0.,0.,-1.));
#8992=DIRECTION('',(0.,-1.,0.));
#8993=DIRECTION('',(1.,0.,0.));
#8994=DIRECTION('',(0.,0.,-1.));
#8995=DIRECTION('',(0.,0.,1.));
#8996=DIRECTION('',(1.,0.,0.));
#8997=DIRECTION('',(0.,0.,-1.));
#8998=DIRECTION('',(0.,-1.,0.));
#8999=DIRECTION('',(1.,0.,0.));
#9000=DIRECTION('',(0.,0.,-1.));
#9001=DIRECTION('',(0.,0.,1.));
#9002=DIRECTION('',(1.,0.,0.));
#9003=DIRECTION('',(0.,0.,-1.));
#9004=DIRECTION('',(0.,1.,0.));
#9005=DIRECTION('',(1.,0.,0.));
#9006=DIRECTION('',(0.,0.,-1.));
#9007=DIRECTION('',(0.,0.,1.));
#9008=DIRECTION('',(1.,0.,0.));
#9009=DIRECTION('',(0.,0.,-1.));
#9010=DIRECTION('',(0.,0.,-1.));
#9011=DIRECTION('',(0.,1.,0.));
#9012=DIRECTION('',(0.,0.,-1.));
#9013=DIRECTION('',(-1.,0.,0.));
#9014=DIRECTION('',(1.,0.,0.));
#9015=DIRECTION('',(0.,1.,0.));
#9016=DIRECTION('',(1.,0.,0.));
#9017=DIRECTION('',(0.928476690885259,-0.371390676354104,0.));
#9018=DIRECTION('',(0.,0.,-1.));
#9019=DIRECTION('',(-1.,0.,0.));
#9020=DIRECTION('',(-1.,0.,0.));
#9021=DIRECTION('',(-0.928476690885259,-0.371390676354105,0.));
#9022=DIRECTION('',(1.,0.,0.));
#9023=DIRECTION('',(0.,1.,0.));
#9024=DIRECTION('',(0.,0.,1.));
#9025=DIRECTION('',(1.,0.,0.));
#9026=DIRECTION('',(0.,0.,1.));
#9027=DIRECTION('',(1.,0.,0.));
#9028=DIRECTION('',(0.,-1.,0.));
#9029=DIRECTION('',(0.,0.,1.));
#9030=DIRECTION('',(1.,0.,0.));
#9031=DIRECTION('',(0.,-1.,0.));
#9032=DIRECTION('',(0.,0.,-1.));
#9033=DIRECTION('',(-1.,0.,0.));
#9034=DIRECTION('',(1.,0.,0.));
#9035=DIRECTION('',(0.,1.,0.));
#9036=DIRECTION('',(1.,0.,0.));
#9037=DIRECTION('',(0.928476690885259,-0.371390676354104,0.));
#9038=DIRECTION('',(0.,0.,-1.));
#9039=DIRECTION('',(-1.,0.,0.));
#9040=DIRECTION('',(-1.,0.,0.));
#9041=DIRECTION('',(-0.928476690885259,-0.371390676354105,0.));
#9042=DIRECTION('',(1.,0.,0.));
#9043=DIRECTION('',(0.,1.,0.));
#9044=DIRECTION('',(1.,0.,0.));
#9045=DIRECTION('',(0.,0.,-1.));
#9046=DIRECTION('',(0.,0.,1.));
#9047=DIRECTION('',(0.,0.707106781186548,-0.707106781186547));
#9048=DIRECTION('',(0.,1.,0.));
#9049=DIRECTION('',(1.,0.,0.));
#9050=DIRECTION('',(0.,0.,-1.));
#9051=DIRECTION('',(0.,0.768221279597376,-0.640184399664479));
#9052=DIRECTION('',(1.,0.,0.));
#9053=DIRECTION('',(0.,0.,-1.));
#9054=DIRECTION('',(0.,0.,-1.));
#9055=DIRECTION('',(1.,0.,0.));
#9056=DIRECTION('',(0.,0.,-1.));
#9057=DIRECTION('',(0.,-0.768221279597378,-0.640184399664477));
#9058=DIRECTION('',(1.,0.,0.));
#9059=DIRECTION('',(0.,0.,-1.));
#9060=DIRECTION('',(0.,-1.,0.));
#9061=DIRECTION('',(0.,-0.707106781186548,-0.707106781186547));
#9062=DIRECTION('',(1.,0.,0.));
#9063=DIRECTION('',(0.,0.,-1.));
#9064=DIRECTION('',(0.,-1.,0.));
#9065=DIRECTION('',(0.,-0.707106781186549,-0.707106781186546));
#9066=DIRECTION('',(0.,0.,1.));
#9067=DIRECTION('',(1.,0.,0.));
#9068=DIRECTION('',(0.,0.,-1.));
#9069=DIRECTION('',(0.,0.768221279597376,-0.640184399664479));
#9070=DIRECTION('',(1.,0.,0.));
#9071=DIRECTION('',(0.,0.,-1.));
#9072=DIRECTION('',(0.,0.,-1.));
#9073=DIRECTION('',(1.,0.,0.));
#9074=DIRECTION('',(0.,0.,-1.));
#9075=DIRECTION('',(0.,-0.768221279597378,-0.640184399664477));
#9076=DIRECTION('',(1.,0.,0.));
#9077=DIRECTION('',(0.,0.,-1.));
#9078=DIRECTION('',(1.,0.,0.));
#9079=DIRECTION('',(0.,0.,-1.));
#9080=DIRECTION('',(0.,1.,0.));
#9081=DIRECTION('',(0.,0.,-1.));
#9082=DIRECTION('',(1.,0.,0.));
#9083=DIRECTION('',(0.,0.,-1.));
#9084=DIRECTION('',(0.,1.,0.));
#9085=DIRECTION('',(1.,0.,0.));
#9086=DIRECTION('',(0.,0.,-1.));
#9087=DIRECTION('',(0.,0.447213595499958,0.894427190999916));
#9088=DIRECTION('',(1.,0.,0.));
#9089=DIRECTION('',(0.,0.,-1.));
#9090=DIRECTION('',(-0.64278760968654,-0.766044443118978,0.));
#9091=DIRECTION('',(0.766044443118978,-0.64278760968654,0.));
#9092=DIRECTION('',(0.,0.,-1.));
#9093=DIRECTION('',(-0.766044443118978,0.64278760968654,0.));
#9094=DIRECTION('',(0.,0.,1.));
#9095=DIRECTION('',(-0.64278760968654,-0.766044443118978,0.));
#9096=DIRECTION('',(0.766044443118978,-0.64278760968654,0.));
#9097=DIRECTION('',(-0.766044443118978,0.64278760968654,0.));
#9098=DIRECTION('',(-0.64278760968654,-0.766044443118978,0.));
#9099=DIRECTION('',(0.766044443118978,-0.64278760968654,0.));
#9100=DIRECTION('',(-0.470337492520395,0.39466001650271,-0.78932003300544));
#9101=DIRECTION('',(-0.64278760968654,-0.766044443118978,0.));
#9102=DIRECTION('',(0.766044443118978,-0.64278760968654,0.));
#9103=DIRECTION('',(-0.766044443118978,0.64278760968654,0.));
#9104=DIRECTION('',(-0.64278760968654,-0.766044443118978,0.));
#9105=DIRECTION('',(0.766044443118978,-0.64278760968654,0.));
#9106=DIRECTION('',(-0.675269119253221,0.566618068910784,0.472181724092317));
#9107=DIRECTION('',(-0.64278760968654,-0.766044443118978,0.));
#9108=DIRECTION('',(0.766044443118978,-0.64278760968654,0.));
#9109=DIRECTION('',(0.,0.,1.));
#9110=DIRECTION('',(-0.64278760968654,-0.766044443118978,0.));
#9111=DIRECTION('',(0.766044443118978,-0.64278760968654,0.));
#9112=DIRECTION('',(0.67526911925322,-0.566618068910784,0.472181724092319));
#9113=DIRECTION('',(-0.64278760968654,-0.766044443118978,0.));
#9114=DIRECTION('',(0.766044443118978,-0.64278760968654,0.));
#9115=DIRECTION('',(0.766044443118978,-0.64278760968654,0.));
#9116=DIRECTION('',(-0.64278760968654,-0.766044443118978,0.));
#9117=DIRECTION('',(0.766044443118978,-0.64278760968654,0.));
#9118=DIRECTION('',(0.470337492520402,-0.394660016502716,-0.789320033005432));
#9119=DIRECTION('',(-0.64278760968654,-0.766044443118978,0.));
#9120=DIRECTION('',(0.766044443118978,-0.64278760968654,0.));
#9121=DIRECTION('',(0.766044443118978,-0.64278760968654,0.));
#9122=DIRECTION('',(-0.64278760968654,-0.766044443118978,0.));
#9123=DIRECTION('',(0.766044443118978,-0.64278760968654,0.));
#9124=DIRECTION('',(0.,0.,1.));
#9125=DIRECTION('',(0.766044443118978,-0.64278760968654,0.));
#9126=DIRECTION('',(0.,0.,-1.));
#9127=DIRECTION('',(-0.766044443118978,0.64278760968654,0.));
#9128=DIRECTION('',(0.,0.,1.));
#9129=DIRECTION('',(-0.64278760968654,-0.766044443118978,0.));
#9130=DIRECTION('',(0.766044443118978,-0.64278760968654,0.));
#9131=DIRECTION('',(-0.766044443118978,0.64278760968654,0.));
#9132=DIRECTION('',(-0.64278760968654,-0.766044443118978,0.));
#9133=DIRECTION('',(0.766044443118978,-0.64278760968654,0.));
#9134=DIRECTION('',(-0.470337492520395,0.39466001650271,-0.78932003300544));
#9135=DIRECTION('',(-0.64278760968654,-0.766044443118978,0.));
#9136=DIRECTION('',(0.766044443118978,-0.64278760968654,0.));
#9137=DIRECTION('',(-0.766044443118978,0.64278760968654,0.));
#9138=DIRECTION('',(-0.64278760968654,-0.766044443118978,0.));
#9139=DIRECTION('',(0.766044443118978,-0.64278760968654,0.));
#9140=DIRECTION('',(-0.675269119253221,0.566618068910784,0.472181724092317));
#9141=DIRECTION('',(-0.64278760968654,-0.766044443118978,0.));
#9142=DIRECTION('',(0.766044443118978,-0.64278760968654,0.));
#9143=DIRECTION('',(0.,0.,1.));
#9144=DIRECTION('',(-0.64278760968654,-0.766044443118978,0.));
#9145=DIRECTION('',(0.766044443118978,-0.64278760968654,0.));
#9146=DIRECTION('',(0.67526911925322,-0.566618068910784,0.472181724092319));
#9147=DIRECTION('',(-0.64278760968654,-0.766044443118978,0.));
#9148=DIRECTION('',(0.766044443118978,-0.64278760968654,0.));
#9149=DIRECTION('',(-0.64278760968654,-0.766044443118978,0.));
#9150=DIRECTION('',(0.766044443118978,-0.64278760968654,0.));
#9151=DIRECTION('',(0.470337492520402,-0.394660016502716,-0.789320033005432));
#9152=DIRECTION('',(-0.64278760968654,-0.766044443118978,0.));
#9153=DIRECTION('',(0.766044443118978,-0.64278760968654,0.));
#9154=DIRECTION('',(0.766044443118978,-0.64278760968654,0.));
#9155=DIRECTION('',(-0.64278760968654,-0.766044443118978,0.));
#9156=DIRECTION('',(0.766044443118978,-0.64278760968654,0.));
#9157=DIRECTION('',(0.,0.,1.));
#9158=DIRECTION('',(0.,0.,-1.));
#9159=DIRECTION('',(1.,0.,0.));
#9160=DIRECTION('',(0.,0.,-1.));
#9161=DIRECTION('',(0.,0.,-1.));
#9162=DIRECTION('',(0.,-1.,0.));
#9163=DIRECTION('',(0.,0.,-1.));
#9164=DIRECTION('',(0.,-1.,0.));
#9165=DIRECTION('',(0.,0.,-1.));
#9166=DIRECTION('',(0.,-1.,0.));
#9167=DIRECTION('',(0.,0.,-1.));
#9168=DIRECTION('',(0.,-1.,0.));
#9169=DIRECTION('',(0.,0.,-1.));
#9170=DIRECTION('',(0.,0.,-1.));
#9171=DIRECTION('',(0.,-1.,0.));
#9172=DIRECTION('',(0.,0.,-1.));
#9173=DIRECTION('',(0.,0.,-1.));
#9174=DIRECTION('',(0.,-1.,0.));
#9175=DIRECTION('',(0.,0.,-1.));
#9176=DIRECTION('',(0.,0.,-1.));
#9177=DIRECTION('',(0.,0.,-1.));
#9178=DIRECTION('',(-1.,0.,0.));
#9179=DIRECTION('',(0.,0.,-1.));
#9180=DIRECTION('',(0.,1.,0.));
#9181=DIRECTION('',(0.,0.,1.));
#9182=DIRECTION('',(0.,0.,-1.));
#9183=DIRECTION('',(1.,0.,0.));
#9184=DIRECTION('',(0.,0.,-1.));
#9185=DIRECTION('',(1.,0.,0.));
#9186=DIRECTION('',(0.,0.,-1.));
#9187=DIRECTION('',(1.,0.,0.));
#9188=DIRECTION('',(0.,0.,-1.));
#9189=DIRECTION('',(1.,0.,0.));
#9190=DIRECTION('',(0.,0.,-1.));
#9191=DIRECTION('',(1.,0.,0.));
#9192=DIRECTION('',(0.,0.,-1.));
#9193=DIRECTION('',(0.,0.,-1.));
#9194=DIRECTION('',(1.,0.,0.));
#9195=DIRECTION('',(0.,0.,-1.));
#9196=DIRECTION('',(0.,0.,-1.));
#9197=DIRECTION('',(0.,0.,-1.));
#9198=DIRECTION('',(-1.,0.,0.));
#9199=DIRECTION('',(0.,0.,-1.));
#9200=DIRECTION('',(-1.,0.,0.));
#9201=DIRECTION('',(0.,-1.,0.));
#9202=DIRECTION('',(0.,0.,-1.));
#9203=DIRECTION('',(-1.,0.,0.));
#9204=DIRECTION('',(0.,0.,-1.));
#9205=DIRECTION('',(-1.,0.,0.));
#9206=DIRECTION('',(0.,-1.,0.));
#9207=DIRECTION('',(0.,0.,-1.));
#9208=DIRECTION('',(0.,0.,-1.));
#9209=DIRECTION('',(1.,0.,0.));
#9210=DIRECTION('',(-1.,0.,0.));
#9211=DIRECTION('',(0.,0.,-1.));
#9212=DIRECTION('',(-1.,0.,0.));
#9213=DIRECTION('',(0.,-1.,0.));
#9214=DIRECTION('',(0.,0.,-1.));
#9215=DIRECTION('',(0.,0.,-1.));
#9216=DIRECTION('',(0.,0.,-1.));
#9217=DIRECTION('',(0.,0.,-1.));
#9218=DIRECTION('',(-1.,0.,0.));
#9219=DIRECTION('',(0.,0.,-1.));
#9220=DIRECTION('',(-1.,0.,0.));
#9221=DIRECTION('',(0.,0.,1.));
#9222=DIRECTION('',(1.,0.,0.));
#9223=DIRECTION('',(0.,0.,-1.));
#9224=DIRECTION('',(0.,0.,1.));
#9225=DIRECTION('',(1.,0.,0.));
#9226=DIRECTION('',(0.,0.,-1.));
#9227=DIRECTION('',(-1.,0.,0.));
#9228=DIRECTION('',(0.,0.,1.));
#9229=DIRECTION('',(1.,0.,0.));
#9230=DIRECTION('',(0.,0.,-1.));
#9231=DIRECTION('',(0.,0.,1.));
#9232=DIRECTION('',(1.,0.,0.));
#9233=DIRECTION('',(0.,-1.,0.));
#9234=DIRECTION('',(0.,0.,-1.));
#9235=DIRECTION('',(0.,-2.16840434497101E-16,1.));
#9236=DIRECTION('',(-1.,0.,0.));
#9237=DIRECTION('',(0.,-2.16840434497101E-16,1.));
#9238=DIRECTION('',(-1.,0.,0.));
#9239=DIRECTION('',(-1.,0.,0.));
#9240=DIRECTION('',(0.,0.,-1.));
#9241=DIRECTION('',(-1.,0.,0.));
#9242=DIRECTION('',(0.,0.,-1.));
#9243=DIRECTION('',(-1.,0.,0.));
#9244=DIRECTION('',(0.,0.,1.));
#9245=DIRECTION('',(1.,0.,0.));
#9246=DIRECTION('',(0.,0.,-1.));
#9247=DIRECTION('',(0.,0.,1.));
#9248=DIRECTION('',(1.,0.,0.));
#9249=DIRECTION('',(0.,0.,-1.));
#9250=DIRECTION('',(-1.,0.,0.));
#9251=DIRECTION('',(0.,0.,1.));
#9252=DIRECTION('',(1.,0.,0.));
#9253=DIRECTION('',(0.,0.,-1.));
#9254=DIRECTION('',(0.,0.,1.));
#9255=DIRECTION('',(1.,0.,0.));
#9256=DIRECTION('',(0.,-1.,0.));
#9257=DIRECTION('',(0.,0.,-1.));
#9258=DIRECTION('',(1.,0.,0.));
#9259=DIRECTION('',(0.,0.,1.));
#9260=DIRECTION('',(1.,0.,0.));
#9261=DIRECTION('',(0.,0.,1.));
#9262=DIRECTION('',(1.,0.,0.));
#9263=DIRECTION('',(1.,0.,0.));
#9264=DIRECTION('',(0.,0.,-1.));
#9265=DIRECTION('',(-1.,0.,0.));
#9266=DIRECTION('',(0.,0.,-1.));
#9267=DIRECTION('',(-1.,0.,0.));
#9268=DIRECTION('',(0.,0.,1.));
#9269=DIRECTION('',(1.,0.,0.));
#9270=DIRECTION('',(0.,0.,-1.));
#9271=DIRECTION('',(0.,0.,1.));
#9272=DIRECTION('',(1.,0.,0.));
#9273=DIRECTION('',(0.,0.,-1.));
#9274=DIRECTION('',(-1.,0.,0.));
#9275=DIRECTION('',(0.,0.,1.));
#9276=DIRECTION('',(1.,0.,0.));
#9277=DIRECTION('',(0.,0.,-1.));
#9278=DIRECTION('',(0.,0.,1.));
#9279=DIRECTION('',(1.,0.,0.));
#9280=DIRECTION('',(0.,-1.,0.));
#9281=DIRECTION('',(0.,0.,-1.));
#9282=DIRECTION('',(0.,-2.16840434497101E-16,1.));
#9283=DIRECTION('',(-1.,0.,0.));
#9284=DIRECTION('',(0.,-2.16840434497101E-16,1.));
#9285=DIRECTION('',(-1.,0.,0.));
#9286=DIRECTION('',(-1.,0.,0.));
#9287=DIRECTION('',(0.,0.,-1.));
#9288=DIRECTION('',(-1.,0.,0.));
#9289=DIRECTION('',(0.,0.,-1.));
#9290=DIRECTION('',(-1.,0.,0.));
#9291=DIRECTION('',(0.,0.,1.));
#9292=DIRECTION('',(1.,0.,0.));
#9293=DIRECTION('',(0.,0.,-1.));
#9294=DIRECTION('',(0.,0.,1.));
#9295=DIRECTION('',(1.,0.,0.));
#9296=DIRECTION('',(0.,0.,-1.));
#9297=DIRECTION('',(-1.,0.,0.));
#9298=DIRECTION('',(0.,0.,1.));
#9299=DIRECTION('',(1.,0.,0.));
#9300=DIRECTION('',(0.,0.,1.));
#9301=DIRECTION('',(1.,0.,0.));
#9302=DIRECTION('',(0.,0.,1.));
#9303=DIRECTION('',(1.,0.,0.));
#9304=DIRECTION('',(0.,0.,1.));
#9305=DIRECTION('',(1.,0.,0.));
#9306=DIRECTION('',(0.,0.,1.));
#9307=DIRECTION('',(1.,0.,0.));
#9308=DIRECTION('',(0.,0.,1.));
#9309=DIRECTION('',(1.,0.,0.));
#9310=DIRECTION('',(-1.,0.,0.));
#9311=DIRECTION('',(0.,0.,1.));
#9312=DIRECTION('',(1.,0.,0.));
#9313=DIRECTION('',(0.,1.,0.));
#9314=DIRECTION('',(-1.,0.,0.));
#9315=DIRECTION('',(0.,0.,1.));
#9316=DIRECTION('',(0.,0.,-1.));
#9317=DIRECTION('',(0.,1.,0.));
#9318=DIRECTION('',(0.,0.,-1.));
#9319=DIRECTION('',(-1.,0.,0.));
#9320=DIRECTION('',(0.,0.,1.));
#9321=DIRECTION('',(1.,0.,0.));
#9322=DIRECTION('',(0.,0.,-1.));
#9323=DIRECTION('',(0.,-1.,0.));
#9324=DIRECTION('',(0.,0.,-1.));
#9325=DIRECTION('',(-1.,0.,0.));
#9326=DIRECTION('',(0.,0.,-1.));
#9327=DIRECTION('',(0.,0.,-1.));
#9328=DIRECTION('',(-1.,0.,0.));
#9329=DIRECTION('',(0.,0.,1.));
#9330=DIRECTION('',(1.,0.,0.));
#9331=DIRECTION('',(0.,0.,-1.));
#9332=DIRECTION('',(0.,0.,-1.));
#9333=DIRECTION('',(-1.,0.,0.));
#9334=DIRECTION('',(0.,0.,1.));
#9335=DIRECTION('',(1.,0.,0.));
#9336=DIRECTION('',(0.,0.,-1.));
#9337=DIRECTION('',(-1.,0.,0.));
#9338=DIRECTION('',(0.,0.,1.));
#9339=DIRECTION('',(1.,0.,0.));
#9340=DIRECTION('',(0.,0.,-1.));
#9341=DIRECTION('',(0.,0.,1.));
#9342=DIRECTION('',(1.,0.,0.));
#9343=DIRECTION('',(0.,0.,-1.));
#9344=DIRECTION('',(0.,-1.,0.));
#9345=DIRECTION('',(0.,0.,-1.));
#9346=DIRECTION('',(-1.,0.,0.));
#9347=DIRECTION('',(-1.,0.,0.));
#9348=DIRECTION('',(0.,0.,-1.));
#9349=DIRECTION('',(0.,0.,-1.));
#9350=DIRECTION('',(-1.,0.,0.));
#9351=DIRECTION('',(0.,0.,1.));
#9352=DIRECTION('',(1.,0.,0.));
#9353=DIRECTION('',(0.,0.,1.));
#9354=DIRECTION('',(1.,0.,0.));
#9355=DIRECTION('',(0.,0.,-1.));
#9356=DIRECTION('',(0.,0.,1.));
#9357=DIRECTION('',(1.,0.,0.));
#9358=DIRECTION('',(0.,0.,1.));
#9359=DIRECTION('',(1.,0.,0.));
#9360=DIRECTION('',(0.,1.,0.));
#9361=DIRECTION('',(0.,0.,1.));
#9362=DIRECTION('',(1.,0.,0.));
#9363=DIRECTION('',(0.,1.,0.));
#9364=DIRECTION('',(0.,0.,1.));
#9365=DIRECTION('',(1.,0.,0.));
#9366=DIRECTION('',(0.,0.,-1.));
#9367=DIRECTION('',(-1.,0.,0.));
#9368=DIRECTION('',(-1.,0.,0.));
#9369=DIRECTION('',(0.,0.,1.));
#9370=DIRECTION('',(0.,0.,1.));
#9371=DIRECTION('',(1.,0.,0.));
#9372=DIRECTION('',(0.,0.,1.));
#9373=DIRECTION('',(1.,0.,0.));
#9374=DIRECTION('',(0.,0.,1.));
#9375=DIRECTION('',(1.,0.,0.));
#9376=DIRECTION('',(-1.,0.,0.));
#9377=DIRECTION('',(0.,0.,1.));
#9378=DIRECTION('',(1.,0.,0.));
#9379=DIRECTION('',(0.,0.,1.));
#9380=DIRECTION('',(1.,0.,0.));
#9381=DIRECTION('',(-1.,0.,0.));
#9382=DIRECTION('',(0.,0.,1.));
#9383=DIRECTION('',(1.,0.,0.));
#9384=DIRECTION('',(0.,0.,1.));
#9385=DIRECTION('',(1.,0.,0.));
#9386=DIRECTION('',(-1.,0.,0.));
#9387=DIRECTION('',(0.,0.,1.));
#9388=DIRECTION('',(1.,0.,0.));
#9389=DIRECTION('',(0.,0.,1.));
#9390=DIRECTION('',(1.,0.,0.));
#9391=DIRECTION('',(0.,0.,1.));
#9392=DIRECTION('',(1.,0.,0.));
#9393=DIRECTION('',(0.,0.,1.));
#9394=DIRECTION('',(1.,0.,0.));
#9395=DIRECTION('',(0.,0.,1.));
#9396=DIRECTION('',(1.,0.,0.));
#9397=DIRECTION('',(-1.,0.,0.));
#9398=DIRECTION('',(0.,0.,1.));
#9399=DIRECTION('',(1.,0.,0.));
#9400=DIRECTION('',(0.,0.,1.));
#9401=DIRECTION('',(1.,0.,0.));
#9402=DIRECTION('',(-1.,0.,0.));
#9403=DIRECTION('',(0.,0.,1.));
#9404=DIRECTION('',(1.,0.,0.));
#9405=DIRECTION('',(0.,0.,1.));
#9406=DIRECTION('',(1.,0.,0.));
#9407=DIRECTION('',(-1.,0.,0.));
#9408=DIRECTION('',(0.,0.,1.));
#9409=DIRECTION('',(1.,0.,0.));
#9410=DIRECTION('',(0.,0.,1.));
#9411=DIRECTION('',(1.,0.,0.));
#9412=DIRECTION('',(0.,0.,-1.));
#9413=DIRECTION('',(-1.,0.,0.));
#9414=DIRECTION('',(0.,0.,-1.));
#9415=DIRECTION('',(0.,0.,-1.));
#9416=DIRECTION('',(-1.,0.,0.));
#9417=DIRECTION('',(0.,0.,-1.));
#9418=DIRECTION('',(0.,-1.,0.));
#9419=DIRECTION('',(0.,0.,-1.));
#9420=DIRECTION('',(0.,-2.16840434497101E-16,1.));
#9421=DIRECTION('',(-1.,0.,0.));
#9422=DIRECTION('',(0.,-2.16840434497101E-16,1.));
#9423=DIRECTION('',(-1.,0.,0.));
#9424=DIRECTION('',(0.,0.,-1.));
#9425=DIRECTION('',(0.,0.,-1.));
#9426=DIRECTION('',(-1.,0.,0.));
#9427=DIRECTION('',(0.,0.,-1.));
#9428=DIRECTION('',(0.,0.,-1.));
#9429=DIRECTION('',(-1.,0.,0.));
#9430=DIRECTION('',(0.,0.,-1.));
#9431=DIRECTION('',(0.,-1.,0.));
#9432=DIRECTION('',(0.,0.,-1.));
#9433=DIRECTION('',(0.,0.,-1.));
#9434=DIRECTION('',(0.,0.,-1.));
#9435=DIRECTION('',(-1.,0.,0.));
#9436=DIRECTION('',(0.,0.,-1.));
#9437=DIRECTION('',(0.,0.,-1.));
#9438=DIRECTION('',(-1.,0.,0.));
#9439=DIRECTION('',(0.,0.,-1.));
#9440=DIRECTION('',(0.,-1.,0.));
#9441=DIRECTION('',(0.,0.,-1.));
#9442=DIRECTION('',(0.,-2.16840434497101E-16,1.));
#9443=DIRECTION('',(-1.,0.,0.));
#9444=DIRECTION('',(0.,-2.16840434497101E-16,1.));
#9445=DIRECTION('',(-1.,0.,0.));
#9446=DIRECTION('',(0.,0.,-1.));
#9447=DIRECTION('',(0.,0.,-1.));
#9448=DIRECTION('',(-1.,0.,0.));
#9449=DIRECTION('',(0.,0.,-1.));
#9450=DIRECTION('',(0.,0.,-1.));
#9451=DIRECTION('',(-1.,0.,0.));
#9452=DIRECTION('',(0.,0.,1.));
#9453=DIRECTION('',(1.,0.,0.));
#9454=DIRECTION('',(0.,0.,1.));
#9455=DIRECTION('',(1.,0.,0.));
#9456=DIRECTION('',(0.,0.,1.));
#9457=DIRECTION('',(1.,0.,0.));
#9458=DIRECTION('',(0.,1.,0.));
#9459=DIRECTION('',(0.,0.,1.));
#9460=DIRECTION('',(1.,0.,0.));
#9461=DIRECTION('',(0.,0.,1.));
#9462=DIRECTION('',(1.,0.,0.));
#9463=DIRECTION('',(0.,1.,0.));
#9464=DIRECTION('',(0.,0.,1.));
#9465=DIRECTION('',(1.,0.,0.));
#9466=DIRECTION('',(-0.794388486098415,0.607410020623852,0.));
#9467=DIRECTION('',(0.,1.,0.));
#9468=DIRECTION('',(0.,0.,1.));
#9469=DIRECTION('',(1.,0.,0.));
#9470=DIRECTION('',(0.,0.,1.));
#9471=DIRECTION('',(1.,0.,0.));
#9472=DIRECTION('',(1.,0.,0.));
#9473=DIRECTION('',(0.,0.,-1.));
#9474=DIRECTION('',(-1.,0.,0.));
#9475=DIRECTION('',(0.,0.,1.));
#9476=DIRECTION('',(1.,0.,0.));
#9477=DIRECTION('',(0.,0.,-1.));
#9478=DIRECTION('',(0.,1.,0.));
#9479=DIRECTION('',(0.,0.,1.));
#9480=DIRECTION('',(0.,0.,-1.));
#9481=DIRECTION('',(1.,0.,0.));
#9482=DIRECTION('',(0.,0.,-1.));
#9483=DIRECTION('',(-1.,0.,0.));
#9484=DIRECTION('',(0.,0.,1.));
#9485=DIRECTION('',(1.,0.,0.));
#9486=DIRECTION('',(0.,0.,-1.));
#9487=DIRECTION('',(-1.,0.,0.));
#9488=DIRECTION('',(0.,0.,1.));
#9489=DIRECTION('',(0.,1.,0.));
#9490=DIRECTION('',(0.,0.,-1.));
#9491=DIRECTION('',(0.,0.,-1.));
#9492=DIRECTION('',(-1.,0.,0.));
#9493=DIRECTION('',(0.,0.,1.));
#9494=DIRECTION('',(1.,0.,0.));
#9495=DIRECTION('',(0.,0.,-1.));
#9496=DIRECTION('',(0.,0.,-1.));
#9497=DIRECTION('',(-1.,0.,0.));
#9498=DIRECTION('',(0.,0.,1.));
#9499=DIRECTION('',(1.,0.,0.));
#9500=DIRECTION('',(0.,0.,-1.));
#9501=DIRECTION('',(-1.,0.,0.));
#9502=DIRECTION('',(0.,0.,1.));
#9503=DIRECTION('',(0.,-1.,0.));
#9504=DIRECTION('',(0.,0.,1.));
#9505=DIRECTION('',(0.,-1.,0.));
#9506=DIRECTION('',(0.,0.,1.));
#9507=DIRECTION('',(0.,-1.,0.));
#9508=DIRECTION('',(0.,0.,-1.));
#9509=DIRECTION('',(0.,0.,-1.));
#9510=DIRECTION('',(-1.,0.,0.));
#9511=DIRECTION('',(0.,0.,1.));
#9512=DIRECTION('',(1.,0.,0.));
#9513=DIRECTION('',(0.,0.,-1.));
#9514=DIRECTION('',(-0.607410020623852,-0.794388486098415,0.));
#9515=DIRECTION('',(0.794388486098415,-0.607410020623852,0.));
#9516=DIRECTION('',(-0.794388486098415,0.607410020623852,0.));
#9517=DIRECTION('',(0.,0.,-1.));
#9518=DIRECTION('',(-1.,0.,0.));
#9519=DIRECTION('',(0.,0.,1.));
#9520=DIRECTION('',(0.,1.,0.));
#9521=DIRECTION('',(0.,0.,-1.));
#9522=DIRECTION('',(0.,0.,-1.));
#9523=DIRECTION('',(-1.,0.,0.));
#9524=DIRECTION('',(0.,0.,1.));
#9525=DIRECTION('',(1.,0.,0.));
#9526=DIRECTION('',(0.,0.,-1.));
#9527=DIRECTION('',(0.,0.,-1.));
#9528=DIRECTION('',(-1.,0.,0.));
#9529=DIRECTION('',(0.,0.,1.));
#9530=DIRECTION('',(1.,0.,0.));
#9531=DIRECTION('',(0.,0.,1.));
#9532=DIRECTION('',(1.,0.,0.));
#9533=DIRECTION('',(-1.,0.,0.));
#9534=DIRECTION('',(0.,0.,1.));
#9535=DIRECTION('',(1.,0.,0.));
#9536=DIRECTION('',(0.,1.,0.));
#9537=DIRECTION('',(0.,0.,1.));
#9538=DIRECTION('',(1.,0.,0.));
#9539=DIRECTION('',(0.,0.,1.));
#9540=DIRECTION('',(1.,0.,0.));
#9541=DIRECTION('',(0.,0.,-1.));
#9542=DIRECTION('',(-1.,0.,0.));
#9543=DIRECTION('',(0.,0.,1.));
#9544=DIRECTION('',(1.,0.,0.));
#9545=DIRECTION('',(0.,0.,-1.));
#9546=DIRECTION('',(0.,0.,-1.));
#9547=DIRECTION('',(-1.,0.,0.));
#9548=DIRECTION('',(0.,0.,1.));
#9549=DIRECTION('',(1.,0.,0.));
#9550=DIRECTION('',(0.,0.,-1.));
#9551=DIRECTION('',(-1.,0.,0.));
#9552=DIRECTION('',(0.,0.,1.));
#9553=DIRECTION('',(0.,1.,0.));
#9554=DIRECTION('',(0.,0.,-1.));
#9555=DIRECTION('',(0.,0.,-1.));
#9556=DIRECTION('',(-1.,0.,0.));
#9557=DIRECTION('',(0.,0.,1.));
#9558=DIRECTION('',(1.,0.,0.));
#9559=DIRECTION('',(0.,0.,-1.));
#9560=DIRECTION('',(0.,-1.,0.));
#9561=DIRECTION('',(0.,0.,-1.));
#9562=DIRECTION('',(-1.,0.,0.));
#9563=DIRECTION('',(0.,0.,-1.));
#9564=DIRECTION('',(-1.,0.,0.));
#9565=DIRECTION('',(0.,0.,1.));
#9566=DIRECTION('',(1.,0.,0.));
#9567=DIRECTION('',(0.,0.,-1.));
#9568=DIRECTION('',(0.,0.,1.));
#9569=DIRECTION('',(1.,0.,0.));
#9570=DIRECTION('',(0.,0.,-1.));
#9571=DIRECTION('',(0.,0.,-1.));
#9572=DIRECTION('',(-1.,0.,0.));
#9573=DIRECTION('',(0.,0.,1.));
#9574=DIRECTION('',(1.,0.,0.));
#9575=DIRECTION('',(0.,0.,1.));
#9576=DIRECTION('',(1.,0.,0.));
#9577=DIRECTION('',(0.,0.,-1.));
#9578=DIRECTION('',(-1.,0.,0.));
#9579=DIRECTION('',(0.,0.,1.));
#9580=DIRECTION('',(0.,1.,0.));
#9581=DIRECTION('',(0.,1.,0.));
#9582=DIRECTION('',(0.,0.,-1.));
#9583=DIRECTION('',(-0.607410020623852,-0.794388486098415,0.));
#9584=DIRECTION('',(0.794388486098415,-0.607410020623852,0.));
#9585=DIRECTION('',(-0.794388486098415,0.607410020623852,0.));
#9586=DIRECTION('',(-0.794388486098415,0.607410020623852,0.));
#9587=DIRECTION('',(0.,0.,-1.));
#9588=DIRECTION('',(0.,0.,-1.));
#9589=DIRECTION('',(-1.,0.,0.));
#9590=DIRECTION('',(0.,0.,1.));
#9591=DIRECTION('',(1.,0.,0.));
#9592=DIRECTION('',(0.,0.,1.));
#9593=DIRECTION('',(1.,0.,0.));
#9594=DIRECTION('',(0.,0.,-1.));
#9595=DIRECTION('',(-1.,0.,0.));
#9596=DIRECTION('',(0.,0.,1.));
#9597=DIRECTION('',(0.,1.,0.));
#9598=DIRECTION('',(0.,1.,0.));
#9599=DIRECTION('',(0.,0.,-1.));
#9600=DIRECTION('',(0.,0.,-1.));
#9601=DIRECTION('',(-1.,0.,0.));
#9602=DIRECTION('',(0.,0.,1.));
#9603=DIRECTION('',(1.,0.,0.));
#9604=DIRECTION('',(0.,0.,1.));
#9605=DIRECTION('',(1.,0.,0.));
#9606=DIRECTION('',(0.,0.,-1.));
#9607=DIRECTION('',(0.,0.,-1.));
#9608=DIRECTION('',(-1.,0.,0.));
#9609=DIRECTION('',(0.,0.,1.));
#9610=DIRECTION('',(1.,0.,0.));
#9611=DIRECTION('',(0.,0.,1.));
#9612=DIRECTION('',(1.,0.,0.));
#9613=DIRECTION('',(0.,0.,-1.));
#9614=DIRECTION('',(-1.,0.,0.));
#9615=DIRECTION('',(0.,0.,1.));
#9616=DIRECTION('',(0.,1.,0.));
#9617=DIRECTION('',(0.,1.,0.));
#9618=DIRECTION('',(0.,0.,-1.));
#9619=DIRECTION('',(0.,0.,-1.));
#9620=DIRECTION('',(-1.,0.,0.));
#9621=DIRECTION('',(0.,0.,1.));
#9622=DIRECTION('',(1.,0.,0.));
#9623=DIRECTION('',(0.,0.,1.));
#9624=DIRECTION('',(1.,0.,0.));
#9625=DIRECTION('',(0.,0.,-1.));
#9626=DIRECTION('',(0.,0.,1.));
#9627=DIRECTION('',(1.,0.,0.));
#9628=DIRECTION('',(0.,0.,1.));
#9629=DIRECTION('',(1.,0.,0.));
#9630=DIRECTION('',(1.,0.,0.));
#9631=DIRECTION('',(0.,0.,1.));
#9632=DIRECTION('',(1.,0.,0.));
#9633=DIRECTION('',(1.,0.,0.));
#9634=DIRECTION('',(0.,0.,1.));
#9635=DIRECTION('',(1.,0.,0.));
#9636=DIRECTION('',(0.,0.,-1.));
#9637=DIRECTION('',(-1.,0.,0.));
#9638=DIRECTION('',(0.,1.,0.));
#9639=DIRECTION('',(0.,0.,1.));
#9640=DIRECTION('',(0.,0.,1.));
#9641=DIRECTION('',(1.,0.,0.));
#9642=DIRECTION('',(-1.,0.,0.));
#9643=DIRECTION('',(0.,0.,1.));
#9644=DIRECTION('',(1.,0.,0.));
#9645=DIRECTION('',(0.,1.,0.));
#9646=DIRECTION('',(0.,0.,1.));
#9647=DIRECTION('',(1.,0.,0.));
#9648=DIRECTION('',(0.,0.,1.));
#9649=DIRECTION('',(1.,0.,0.));
#9650=DIRECTION('',(0.,0.,1.));
#9651=DIRECTION('',(1.,0.,0.));
#9652=DIRECTION('',(0.,0.,1.));
#9653=DIRECTION('',(1.,0.,0.));
#9654=DIRECTION('',(0.,0.,1.));
#9655=DIRECTION('',(1.,0.,0.));
#9656=DIRECTION('',(0.,1.,0.));
#9657=DIRECTION('',(0.,0.,1.));
#9658=DIRECTION('',(1.,0.,0.));
#9659=DIRECTION('',(-1.,0.,0.));
#9660=DIRECTION('',(0.,0.,-1.));
#9661=DIRECTION('',(-1.,0.,0.));
#9662=DIRECTION('',(0.,0.,-1.));
#9663=DIRECTION('',(0.,0.,-1.));
#9664=DIRECTION('',(-1.,0.,0.));
#9665=DIRECTION('',(0.,0.,-1.));
#9666=DIRECTION('',(-1.,0.,0.));
#9667=DIRECTION('',(0.,0.,1.));
#9668=DIRECTION('',(0.,0.,-1.));
#9669=DIRECTION('',(0.,0.,-1.));
#9670=DIRECTION('',(-1.,0.,0.));
#9671=DIRECTION('',(0.,0.,-1.));
#9672=DIRECTION('',(0.,-1.,0.));
#9673=DIRECTION('',(0.,0.,-1.));
#9674=DIRECTION('',(1.,0.,0.));
#9675=DIRECTION('',(0.,0.,-1.));
#9676=DIRECTION('',(0.,-1.,0.));
#9677=DIRECTION('',(1.,0.,0.));
#9678=DIRECTION('',(0.,0.,-1.));
#9679=DIRECTION('',(0.,-0.447213595499949,0.89442719099992));
#9680=DIRECTION('',(1.,0.,0.));
#9681=DIRECTION('',(0.,0.,-1.));
#9682=DIRECTION('',(0.,-1.,0.));
#9683=DIRECTION('',(1.,0.,0.));
#9684=DIRECTION('',(0.,0.,-1.));
#9685=DIRECTION('',(0.,0.,-1.));
#9686=DIRECTION('',(1.,0.,0.));
#9687=DIRECTION('',(0.,0.,-1.));
#9688=DIRECTION('',(1.,0.,0.));
#9689=DIRECTION('',(0.,-1.,0.));
#9690=DIRECTION('',(0.,0.,-1.));
#9691=DIRECTION('',(-1.,0.,0.));
#9692=DIRECTION('',(1.,0.,0.));
#9693=DIRECTION('',(1.,0.,0.));
#9694=DIRECTION('',(0.,0.,-1.));
#9695=DIRECTION('',(1.,0.,0.));
#9696=DIRECTION('',(0.,0.,1.));
#9697=DIRECTION('',(1.,0.,0.));
#9698=DIRECTION('',(1.,0.,0.));
#9699=DIRECTION('',(1.,0.,0.));
#9700=DIRECTION('',(0.,0.,-1.));
#9701=DIRECTION('',(1.,0.,0.));
#9702=DIRECTION('',(0.,0.89442719099992,0.447213595499949));
#9703=DIRECTION('',(0.,-0.447213595499949,0.89442719099992));
#9704=DIRECTION('',(1.,0.,0.));
#9705=DIRECTION('',(1.,0.,0.));
#9706=DIRECTION('',(0.,0.,-1.));
#9707=DIRECTION('',(1.,0.,0.));
#9708=DIRECTION('',(0.,0.,1.));
#9709=DIRECTION('',(1.,0.,0.));
#9710=DIRECTION('',(0.,1.,0.));
#9711=DIRECTION('',(1.,0.,0.));
#9712=DIRECTION('',(1.,0.,0.));
#9713=DIRECTION('',(1.,0.,0.));
#9714=DIRECTION('',(1.,0.,0.));
#9715=DIRECTION('',(0.,0.,-1.));
#9716=DIRECTION('',(1.,0.,0.));
#9717=DIRECTION('',(0.,-0.640184399664477,0.768221279597378));
#9718=DIRECTION('',(0.,-0.768221279597378,-0.640184399664477));
#9719=DIRECTION('',(1.,0.,0.));
#9720=DIRECTION('',(1.,0.,0.));
#9721=DIRECTION('',(0.,0.,-1.));
#9722=DIRECTION('',(1.,0.,0.));
#9723=DIRECTION('',(0.,-1.,0.));
#9724=DIRECTION('',(0.,0.,-1.));
#9725=DIRECTION('',(1.,0.,0.));
#9726=DIRECTION('',(1.,0.,0.));
#9727=DIRECTION('',(0.,0.,-1.));
#9728=DIRECTION('',(1.,0.,0.));
#9729=DIRECTION('',(0.,-0.640184399664479,-0.768221279597377));
#9730=DIRECTION('',(0.,0.768221279597376,-0.640184399664479));
#9731=DIRECTION('',(1.,0.,0.));
#9732=DIRECTION('',(0.,0.,-1.));
#9733=DIRECTION('',(1.,0.,0.));
#9734=DIRECTION('',(1.,0.,0.));
#9735=DIRECTION('',(0.,0.,-1.));
#9736=DIRECTION('',(1.,0.,0.));
#9737=DIRECTION('',(0.,0.,-1.));
#9738=DIRECTION('',(-1.,0.,0.));
#9739=DIRECTION('',(1.,0.,0.));
#9740=DIRECTION('',(0.,1.,0.));
#9741=DIRECTION('',(1.,0.,0.));
#9742=DIRECTION('',(0.,0.,-1.));
#9743=DIRECTION('',(1.,0.,0.));
#9744=DIRECTION('',(1.,0.,0.));
#9745=DIRECTION('',(0.,0.,-1.));
#9746=DIRECTION('',(0.,0.894427190999916,-0.447213595499958));
#9747=DIRECTION('',(0.,0.447213595499958,0.894427190999916));
#9748=DIRECTION('',(1.,0.,0.));
#9749=DIRECTION('',(0.,0.447213595499958,0.894427190999916));
#9750=DIRECTION('',(0.,-1.,0.));
#9751=DIRECTION('',(0.,0.,-1.));
#9752=DIRECTION('',(0.,0.,-1.));
#9753=DIRECTION('',(1.,0.,0.));
#9754=DIRECTION('',(0.,0.,-1.));
#9755=DIRECTION('',(1.,0.,0.));
#9756=DIRECTION('',(0.,0.,-1.));
#9757=DIRECTION('',(1.,0.,0.));
#9758=DIRECTION('',(0.,0.,-1.));
#9759=DIRECTION('',(0.,-1.,0.));
#9760=DIRECTION('',(0.,0.,-1.));
#9761=DIRECTION('',(1.,0.,0.));
#9762=DIRECTION('',(1.,0.,0.));
#9763=DIRECTION('',(1.,0.,0.));
#9764=DIRECTION('',(0.,0.,-1.));
#9765=DIRECTION('',(1.,0.,0.));
#9766=DIRECTION('',(0.,0.,-1.));
#9767=DIRECTION('',(-1.,0.,0.));
#9768=DIRECTION('',(1.,0.,0.));
#9769=DIRECTION('',(1.,0.,0.));
#9770=DIRECTION('',(0.,0.,-1.));
#9771=DIRECTION('',(1.,0.,0.));
#9772=DIRECTION('',(0.,0.894427190999916,-0.447213595499958));
#9773=DIRECTION('',(0.,0.447213595499958,0.894427190999916));
#9774=DIRECTION('',(1.,0.,0.));
#9775=DIRECTION('',(1.,0.,0.));
#9776=DIRECTION('',(0.,0.,-1.));
#9777=DIRECTION('',(1.,0.,0.));
#9778=DIRECTION('',(0.,0.,-1.));
#9779=DIRECTION('',(-1.,0.,0.));
#9780=DIRECTION('',(-1.,0.,0.));
#9781=DIRECTION('',(0.,1.,0.));
#9782=DIRECTION('',(-1.,0.,0.));
#9783=DIRECTION('',(1.,0.,0.));
#9784=DIRECTION('',(1.,0.,0.));
#9785=DIRECTION('',(0.,0.,-1.));
#9786=DIRECTION('',(1.,0.,0.));
#9787=DIRECTION('',(0.,-0.640184399664479,-0.768221279597377));
#9788=DIRECTION('',(0.,0.768221279597376,-0.640184399664479));
#9789=DIRECTION('',(1.,0.,0.));
#9790=DIRECTION('',(1.,0.,0.));
#9791=DIRECTION('',(0.,0.,-1.));
#9792=DIRECTION('',(1.,0.,0.));
#9793=DIRECTION('',(0.,-1.,0.));
#9794=DIRECTION('',(0.,0.,-1.));
#9795=DIRECTION('',(1.,0.,0.));
#9796=DIRECTION('',(1.,0.,0.));
#9797=DIRECTION('',(0.,0.,-1.));
#9798=DIRECTION('',(1.,0.,0.));
#9799=DIRECTION('',(0.,-0.640184399664477,0.768221279597378));
#9800=DIRECTION('',(0.,-0.768221279597378,-0.640184399664477));
#9801=DIRECTION('',(1.,0.,0.));
#9802=DIRECTION('',(1.,0.,0.));
#9803=DIRECTION('',(0.,0.,-1.));
#9804=DIRECTION('',(1.,0.,0.));
#9805=DIRECTION('',(0.,0.,1.));
#9806=DIRECTION('',(1.,0.,0.));
#9807=DIRECTION('',(0.,1.,0.));
#9808=DIRECTION('',(1.,0.,0.));
#9809=DIRECTION('',(1.,0.,0.));
#9810=DIRECTION('',(0.,-1.,0.));
#9811=DIRECTION('',(-1.,0.,0.));
#9812=DIRECTION('',(1.,0.,0.));
#9813=DIRECTION('',(1.,0.,0.));
#9814=DIRECTION('',(0.,0.,-1.));
#9815=DIRECTION('',(1.,0.,0.));
#9816=DIRECTION('',(1.,0.,0.));
#9817=DIRECTION('',(0.,0.,-1.));
#9818=DIRECTION('',(0.,0.89442719099992,0.447213595499949));
#9819=DIRECTION('',(0.,-0.447213595499949,0.89442719099992));
#9820=DIRECTION('',(1.,0.,0.));
#9821=DIRECTION('',(0.,-0.447213595499949,0.89442719099992));
#9822=DIRECTION('',(1.,0.,0.));
#9823=DIRECTION('',(0.,0.,-1.));
#9824=DIRECTION('',(1.,0.,0.));
#9825=DIRECTION('',(1.,0.,0.));
#9826=DIRECTION('',(0.,0.,-1.));
#9827=DIRECTION('',(0.,0.,1.));
#9828=DIRECTION('',(1.,0.,0.));
#9829=DIRECTION('',(1.,0.,0.));
#9830=DIRECTION('',(0.,-1.,0.));
#9831=DIRECTION('',(1.,0.,0.));
#9832=DIRECTION('',(0.,0.,-1.));
#9833=DIRECTION('',(1.,0.,0.));
#9834=DIRECTION('',(1.,0.,0.));
#9835=DIRECTION('',(0.,0.,-1.));
#9836=DIRECTION('',(0.,-1.,0.));
#9837=DIRECTION('',(0.,0.,-1.));
#9838=DIRECTION('',(0.,0.,-1.));
#9839=DIRECTION('',(1.,0.,0.));
#9840=DIRECTION('',(0.,0.,-1.));
#9841=DIRECTION('',(0.,1.,0.));
#9842=DIRECTION('',(0.,0.,1.));
#9843=DIRECTION('',(0.,0.,-1.));
#9844=DIRECTION('',(0.,0.,1.));
#9845=DIRECTION('',(0.,0.,1.));
#9846=DIRECTION('',(0.,1.,0.));
#9847=DIRECTION('',(1.,0.,0.));
#9848=DIRECTION('',(1.,0.,0.));
#9849=DIRECTION('',(0.,0.,1.));
#9850=DIRECTION('',(-1.,0.,0.));
#9851=DIRECTION('',(0.,0.,1.));
#9852=DIRECTION('',(0.,0.,1.));
#9853=DIRECTION('',(0.,1.,0.));
#9854=DIRECTION('',(0.,1.,0.));
#9855=DIRECTION('',(0.,0.,1.));
#9856=DIRECTION('',(0.,-1.,0.));
#9857=DIRECTION('',(0.,0.,-1.));
#9858=DIRECTION('',(0.,1.,0.));
#9859=DIRECTION('',(0.,0.,1.));
#9860=DIRECTION('',(1.,0.,0.));
#9861=DIRECTION('',(1.,0.,0.));
#9862=DIRECTION('',(0.,1.,0.));
#9863=DIRECTION('',(-1.,0.,0.));
#9864=DIRECTION('',(0.,0.,1.));
#9865=DIRECTION('',(0.,0.,1.));
#9866=DIRECTION('',(0.,1.,0.));
#9867=DIRECTION('',(0.,0.,1.));
#9868=DIRECTION('',(0.,0.,-1.));
#9869=DIRECTION('',(0.,0.,1.));
#9870=DIRECTION('',(1.,0.,0.));
#9871=DIRECTION('',(0.,0.,1.));
#9872=DIRECTION('',(0.,1.,0.));
#9873=DIRECTION('',(1.,0.,0.));
#9874=DIRECTION('',(1.,0.,0.));
#9875=DIRECTION('',(0.,0.,1.));
#9876=DIRECTION('',(-1.,0.,0.));
#9877=DIRECTION('',(0.,0.,1.));
#9878=DIRECTION('',(0.,1.,0.));
#9879=DIRECTION('',(0.,0.,1.));
#9880=DIRECTION('',(0.,1.,0.));
#9881=DIRECTION('',(0.,1.,0.));
#9882=DIRECTION('',(0.,0.,1.));
#9883=DIRECTION('',(0.,-1.,0.));
#9884=DIRECTION('',(0.,0.,-1.));
#9885=DIRECTION('',(0.,1.,0.));
#9886=DIRECTION('',(0.,0.,1.));
#9887=DIRECTION('',(1.,0.,0.));
#9888=DIRECTION('',(1.,0.,0.));
#9889=DIRECTION('',(0.,1.,0.));
#9890=DIRECTION('',(-1.,0.,0.));
#9891=DIRECTION('',(0.,0.,1.));
#9892=DIRECTION('',(0.,0.,1.));
#9893=DIRECTION('',(0.,-0.707106781186547,-0.707106781186548));
#9894=DIRECTION('',(-1.,0.,0.));
#9895=DIRECTION('',(0.577350269189626,-0.577350269189626,0.577350269189625));
#9896=DIRECTION('',(-0.707106781186547,-0.707106781186547,0.));
#9897=DIRECTION('',(0.,0.,1.));
#9898=DIRECTION('',(-0.707106781186547,0.707106781186547,6.13317366673348E-15));
#9899=DIRECTION('',(0.,1.,0.));
#9900=DIRECTION('',(0.,0.,1.));
#9901=DIRECTION('',(0.,0.707106781186549,0.707106781186546));
#9902=DIRECTION('',(0.,-0.707106781186546,0.707106781186549));
#9903=DIRECTION('',(1.,0.,0.));
#9904=DIRECTION('',(0.577350269189625,-0.577350269189628,-0.577350269189625));
#9905=DIRECTION('',(-0.707106781186549,-0.707106781186546,0.));
#9906=DIRECTION('',(0.,0.,1.));
#9907=DIRECTION('',(0.577350269189625,-0.577350269189628,-0.577350269189625));
#9908=DIRECTION('',(0.,-0.707106781186546,0.707106781186549));
#9909=DIRECTION('',(1.,0.,0.));
#9910=DIRECTION('',(0.,-0.707106781186547,0.707106781186548));
#9911=DIRECTION('',(1.,0.,0.));
#9912=DIRECTION('',(-0.577350269189625,0.577350269189627,0.577350269189626));
#9913=DIRECTION('',(-0.707106781186549,-0.707106781186546,0.));
#9914=DIRECTION('',(0.,0.,1.));
#9915=DIRECTION('',(-0.577350269189625,0.577350269189627,0.577350269189626));
#9916=DIRECTION('',(0.,-0.707106781186547,0.707106781186548));
#9917=DIRECTION('',(1.,0.,0.));
#9918=DIRECTION('',(6.13317366673349E-15,-0.707106781186548,-0.707106781186547));
#9919=DIRECTION('',(0.,1.,0.));
#9920=DIRECTION('',(0.,0.,1.));
#9921=DIRECTION('',(0.707106781186547,-0.707106781186547,0.));
#9922=DIRECTION('',(-0.707106781186547,-0.707106781186547,0.));
#9923=DIRECTION('',(0.,0.,1.));
#9924=DIRECTION('',(-0.707106781186548,0.707106781186548,0.));
#9925=DIRECTION('',(0.,0.,1.));
#9926=DIRECTION('',(1.,0.,0.));
#9927=DIRECTION('',(1.,0.,0.));
#9928=DIRECTION('',(0.,-1.,0.));
#9929=DIRECTION('',(1.,0.,0.));
#9930=DIRECTION('',(1.,0.,0.));
#9931=DIRECTION('',(0.,0.,-1.));
#9932=DIRECTION('',(1.,0.,0.));
#9933=DIRECTION('',(1.,0.,0.));
#9934=DIRECTION('',(0.,0.,-1.));
#9935=DIRECTION('',(0.,-1.,0.));
#9936=DIRECTION('',(0.,0.,-1.));
#9937=DIRECTION('',(1.,0.,0.));
#9938=DIRECTION('',(0.,0.,-1.));
#9939=DIRECTION('',(1.,0.,0.));
#9940=DIRECTION('',(0.,0.,-1.));
#9941=DIRECTION('',(1.,0.,0.));
#9942=DIRECTION('',(0.,0.,-1.));
#9943=DIRECTION('',(1.,0.,0.));
#9944=DIRECTION('',(0.,0.,-1.));
#9945=DIRECTION('',(1.,0.,0.));
#9946=DIRECTION('',(1.,0.,0.));
#9947=DIRECTION('',(0.,0.,-1.));
#9948=DIRECTION('',(0.,1.,0.));
#9949=DIRECTION('',(0.,0.,1.));
#9950=DIRECTION('',(1.,0.,0.));
#9951=DIRECTION('',(0.,0.,1.));
#9952=DIRECTION('',(1.,0.,0.));
#9953=DIRECTION('',(0.,0.,-1.));
#9954=DIRECTION('',(1.,0.,0.));
#9955=DIRECTION('',(1.,0.,0.));
#9956=DIRECTION('',(0.,0.,-1.));
#9957=DIRECTION('',(0.,0.,-1.));
#9958=DIRECTION('',(-1.,0.,0.));
#9959=DIRECTION('',(1.,0.,0.));
#9960=DIRECTION('',(0.,1.,0.));
#9961=DIRECTION('',(1.,0.,0.));
#9962=DIRECTION('',(0.,0.,-1.));
#9963=DIRECTION('',(1.,0.,0.));
#9964=DIRECTION('',(1.,0.,0.));
#9965=DIRECTION('',(0.,0.,-1.));
#9966=DIRECTION('',(0.,1.,0.));
#9967=DIRECTION('',(0.,0.,1.));
#9968=DIRECTION('',(1.,0.,0.));
#9969=DIRECTION('',(0.,0.,1.));
#9970=DIRECTION('',(1.,0.,0.));
#9971=DIRECTION('',(0.,0.,-1.));
#9972=DIRECTION('',(1.,0.,0.));
#9973=DIRECTION('',(1.,0.,0.));
#9974=DIRECTION('',(0.,0.,-1.));
#9975=DIRECTION('',(0.,0.,1.));
#9976=DIRECTION('',(1.,0.,0.));
#9977=DIRECTION('',(1.,0.,0.));
#9978=DIRECTION('',(0.,-1.,0.));
#9979=DIRECTION('',(1.,0.,0.));
#9980=DIRECTION('',(0.,0.,-1.));
#9981=DIRECTION('',(1.,0.,0.));
#9982=DIRECTION('',(1.,0.,0.));
#9983=DIRECTION('',(0.,0.,-1.));
#9984=DIRECTION('',(0.,1.,0.));
#9985=DIRECTION('',(0.,0.,1.));
#9986=DIRECTION('',(1.,0.,0.));
#9987=DIRECTION('',(0.,0.,1.));
#9988=DIRECTION('',(1.,0.,0.));
#9989=DIRECTION('',(0.,0.,-1.));
#9990=DIRECTION('',(1.,0.,0.));
#9991=DIRECTION('',(0.,0.,-1.));
#9992=DIRECTION('',(1.,0.,0.));
#9993=DIRECTION('',(0.,0.,-1.));
#9994=DIRECTION('',(0.,0.,-1.));
#9995=DIRECTION('',(0.,-1.,0.));
#9996=DIRECTION('',(0.,0.,-1.));
#9997=DIRECTION('',(0.,0.,1.));
#9998=DIRECTION('',(1.,0.,0.));
#9999=DIRECTION('',(1.,0.,0.));
#10000=DIRECTION('',(0.,-1.,0.));
#10001=DIRECTION('',(1.,0.,0.));
#10002=DIRECTION('',(1.,0.,0.));
#10003=DIRECTION('',(0.,0.,-1.));
#10004=DIRECTION('',(1.,0.,0.));
#10005=DIRECTION('',(1.,0.,0.));
#10006=DIRECTION('',(0.,0.,-1.));
#10007=DIRECTION('',(0.,-1.,0.));
#10008=DIRECTION('',(0.,0.,-1.));
#10009=DIRECTION('',(1.,0.,0.));
#10010=DIRECTION('',(0.,0.,-1.));
#10011=DIRECTION('',(1.,0.,0.));
#10012=DIRECTION('',(0.,0.,-1.));
#10013=DIRECTION('',(1.,0.,0.));
#10014=DIRECTION('',(0.,0.,-1.));
#10015=DIRECTION('',(1.,0.,0.));
#10016=DIRECTION('',(0.,0.,-1.));
#10017=DIRECTION('',(1.,0.,0.));
#10018=DIRECTION('',(1.,0.,0.));
#10019=DIRECTION('',(0.,0.,-1.));
#10020=DIRECTION('',(0.,1.,0.));
#10021=DIRECTION('',(0.,0.,1.));
#10022=DIRECTION('',(1.,0.,0.));
#10023=DIRECTION('',(0.,0.,1.));
#10024=DIRECTION('',(1.,0.,0.));
#10025=DIRECTION('',(0.,0.,-1.));
#10026=DIRECTION('',(1.,0.,0.));
#10027=DIRECTION('',(1.,0.,0.));
#10028=DIRECTION('',(0.,0.,-1.));
#10029=DIRECTION('',(0.,0.,-1.));
#10030=DIRECTION('',(-1.,0.,0.));
#10031=DIRECTION('',(1.,0.,0.));
#10032=DIRECTION('',(0.,1.,0.));
#10033=DIRECTION('',(1.,0.,0.));
#10034=DIRECTION('',(0.,0.,-1.));
#10035=DIRECTION('',(1.,0.,0.));
#10036=DIRECTION('',(1.,0.,0.));
#10037=DIRECTION('',(0.,0.,-1.));
#10038=DIRECTION('',(0.,1.,0.));
#10039=DIRECTION('',(0.,0.,1.));
#10040=DIRECTION('',(1.,0.,0.));
#10041=DIRECTION('',(0.,0.,1.));
#10042=DIRECTION('',(1.,0.,0.));
#10043=DIRECTION('',(0.,0.,-1.));
#10044=DIRECTION('',(1.,0.,0.));
#10045=DIRECTION('',(1.,0.,0.));
#10046=DIRECTION('',(0.,0.,-1.));
#10047=DIRECTION('',(0.,0.,1.));
#10048=DIRECTION('',(1.,0.,0.));
#10049=DIRECTION('',(1.,0.,0.));
#10050=DIRECTION('',(0.,-1.,0.));
#10051=DIRECTION('',(1.,0.,0.));
#10052=DIRECTION('',(0.,0.,-1.));
#10053=DIRECTION('',(1.,0.,0.));
#10054=DIRECTION('',(1.,0.,0.));
#10055=DIRECTION('',(0.,0.,-1.));
#10056=DIRECTION('',(0.,1.,0.));
#10057=DIRECTION('',(0.,0.,1.));
#10058=DIRECTION('',(1.,0.,0.));
#10059=DIRECTION('',(0.,0.,1.));
#10060=DIRECTION('',(1.,0.,0.));
#10061=DIRECTION('',(0.,0.,-1.));
#10062=DIRECTION('',(1.,0.,0.));
#10063=DIRECTION('',(0.,0.,-1.));
#10064=DIRECTION('',(1.,0.,0.));
#10065=DIRECTION('',(0.,0.,-1.));
#10066=DIRECTION('',(0.,0.,-1.));
#10067=DIRECTION('',(0.,-1.,0.));
#10068=DIRECTION('',(0.,0.,-1.));
#10069=DIRECTION('',(0.371390676354104,0.928476690885259,0.));
#10070=DIRECTION('',(-0.928476690885259,0.371390676354104,0.));
#10071=DIRECTION('',(0.928476690885259,-0.371390676354104,0.));
#10072=DIRECTION('',(0.,0.,-1.));
#10073=DIRECTION('',(0.371390676354105,-0.928476690885259,0.));
#10074=DIRECTION('',(0.928476690885259,0.371390676354105,0.));
#10075=DIRECTION('',(0.,0.,-1.));
#10076=DIRECTION('',(-0.928476690885259,-0.371390676354105,0.));
#10077=DIRECTION('',(0.,-1.,0.));
#10078=DIRECTION('',(0.,0.,-1.));
#10079=DIRECTION('',(-1.,0.,0.));
#10080=DIRECTION('',(0.,1.,0.));
#10081=DIRECTION('',(0.,0.,1.));
#10082=DIRECTION('',(1.,0.,0.));
#10083=DIRECTION('',(0.371390676354104,0.928476690885259,0.));
#10084=DIRECTION('',(-0.928476690885259,0.371390676354104,0.));
#10085=DIRECTION('',(0.928476690885259,-0.371390676354104,0.));
#10086=DIRECTION('',(0.,0.,-1.));
#10087=DIRECTION('',(0.371390676354105,-0.928476690885259,0.));
#10088=DIRECTION('',(0.928476690885259,0.371390676354105,0.));
#10089=DIRECTION('',(0.,0.,-1.));
#10090=DIRECTION('',(-0.928476690885259,-0.371390676354105,0.));
#10091=DIRECTION('',(0.,-1.,0.));
#10092=DIRECTION('',(0.,0.,-1.));
#10093=DIRECTION('',(-1.,0.,0.));
#10094=DIRECTION('',(0.,1.,0.));
#10095=DIRECTION('',(0.,0.,1.));
#10096=DIRECTION('',(1.,0.,0.));
#10097=DIRECTION('',(0.,0.,1.));
#10098=DIRECTION('',(1.,0.,0.));
#10099=DIRECTION('',(0.,0.,1.));
#10100=DIRECTION('',(1.,0.,0.));
#10101=DIRECTION('',(0.,0.,1.));
#10102=DIRECTION('',(1.,0.,0.));
#10103=DIRECTION('',(0.,0.,1.));
#10104=DIRECTION('',(1.,0.,0.));
#10105=DIRECTION('',(0.,-1.,0.));
#10106=DIRECTION('',(0.,0.,1.));
#10107=DIRECTION('',(1.,0.,0.));
#10108=DIRECTION('',(0.,-1.,0.));
#10109=DIRECTION('',(0.,0.,1.));
#10110=DIRECTION('',(1.,0.,0.));
#10111=DIRECTION('',(0.,0.,1.));
#10112=DIRECTION('',(1.,0.,0.));
#10113=DIRECTION('',(0.,0.,1.));
#10114=DIRECTION('',(1.,0.,0.));
#10115=DIRECTION('',(0.,-1.,0.));
#10116=DIRECTION('',(0.,0.,1.));
#10117=DIRECTION('',(1.,0.,0.));
#10118=DIRECTION('',(0.,0.,1.));
#10119=DIRECTION('',(1.,0.,0.));
#10120=DIRECTION('',(1.,0.,0.));
#10121=DIRECTION('',(0.,1.,0.));
#10122=DIRECTION('',(1.,0.,0.));
#10123=DIRECTION('',(-0.766044443118978,0.64278760968654,0.));
#10124=DIRECTION('',(1.,0.,0.));
#10125=DIRECTION('',(0.,1.,0.));
#10126=DIRECTION('',(-0.766044443118978,0.64278760968654,0.));
#10127=DIRECTION('',(0.,0.,1.));
#10128=DIRECTION('',(1.,0.,0.));
#10129=DIRECTION('',(0.,0.,1.));
#10130=DIRECTION('',(1.,0.,0.));
#10131=DIRECTION('',(0.,0.,1.));
#10132=DIRECTION('',(1.,0.,0.));
#10133=DIRECTION('',(0.,0.,1.));
#10134=DIRECTION('',(1.,0.,0.));
#10135=DIRECTION('',(0.,0.,1.));
#10136=DIRECTION('',(1.,0.,0.));
#10137=DIRECTION('',(0.,0.,-1.));
#10138=DIRECTION('',(0.,1.,0.));
#10139=DIRECTION('',(0.,0.,1.));
#10140=DIRECTION('',(0.,1.,0.));
#10141=DIRECTION('',(0.,0.,1.));
#10142=DIRECTION('',(1.,0.,0.));
#10143=DIRECTION('',(0.,0.,1.));
#10144=DIRECTION('',(1.,0.,0.));
#10145=DIRECTION('',(0.,0.,1.));
#10146=DIRECTION('',(0.642787609686539,0.766044443118978,0.));
#10147=DIRECTION('',(-0.766044443118978,0.64278760968654,0.));
#10148=DIRECTION('',(0.,0.,-1.));
#10149=DIRECTION('',(-0.766044443118978,0.64278760968654,0.));
#10150=DIRECTION('',(0.,0.,1.));
#10151=DIRECTION('',(-0.701377404754921,0.588525521645933,-0.402128644180733));
#10152=DIRECTION('',(0.642787609686539,0.766044443118978,0.));
#10153=DIRECTION('',(0.766044443118978,-0.64278760968654,0.));
#10154=DIRECTION('',(-0.581650945794099,0.488063094089745,0.650750792119667));
#10155=DIRECTION('',(0.642787609686539,0.766044443118978,0.));
#10156=DIRECTION('',(0.766044443118978,-0.64278760968654,0.));
#10157=DIRECTION('',(-0.766044443118978,0.64278760968654,0.));
#10158=DIRECTION('',(0.642787609686539,0.766044443118978,0.));
#10159=DIRECTION('',(0.766044443118978,-0.64278760968654,0.));
#10160=DIRECTION('',(0.,0.,1.));
#10161=DIRECTION('',(1.,0.,0.));
#10162=DIRECTION('',(0.,-0.564161371551654,-0.825664548620659));
#10163=DIRECTION('',(0.,-0.825664548620659,0.564161371551655));
#10164=DIRECTION('',(0.,0.,1.));
#10165=DIRECTION('',(1.,0.,0.));
#10166=DIRECTION('',(0.,0.,1.));
#10167=DIRECTION('',(1.,0.,0.));
#10168=DIRECTION('',(0.,0.,1.));
#10169=DIRECTION('',(1.,0.,0.));
#10170=DIRECTION('',(0.,0.,1.));
#10171=DIRECTION('',(-1.,0.,0.));
#10172=DIRECTION('',(0.,0.,1.));
#10173=DIRECTION('',(0.,-1.,0.));
#10174=DIRECTION('',(0.,0.,1.));
#10175=DIRECTION('',(0.,0.,1.));
#10176=DIRECTION('',(1.,0.,0.));
#10177=DIRECTION('',(0.,0.,1.));
#10178=DIRECTION('',(1.,0.,0.));
#10179=DIRECTION('',(0.,0.,1.));
#10180=DIRECTION('',(-1.,0.,0.));
#10181=DIRECTION('',(0.,0.,1.));
#10182=DIRECTION('',(0.,-1.,0.));
#10183=DIRECTION('',(0.,0.,1.));
#10184=DIRECTION('',(0.,0.,1.));
#10185=DIRECTION('',(1.,0.,0.));
#10186=DIRECTION('',(0.,0.,1.));
#10187=DIRECTION('',(1.,0.,0.));
#10188=DIRECTION('',(0.,0.,1.));
#10189=DIRECTION('',(1.,0.,0.));
#10190=DIRECTION('',(0.,0.,1.));
#10191=DIRECTION('',(1.,0.,0.));
#10192=DIRECTION('',(1.,0.,0.));
#10193=DIRECTION('',(0.,0.,-1.));
#10194=DIRECTION('',(0.,0.825664548620659,-0.564161371551655));
#10195=DIRECTION('',(1.,0.,0.));
#10196=DIRECTION('',(0.,0.,-1.));
#10197=DIRECTION('',(1.,0.,0.));
#10198=DIRECTION('',(0.,0.,-1.));
#10199=DIRECTION('',(1.,0.,0.));
#10200=DIRECTION('',(0.,-0.564161371551654,-0.825664548620659));
#10201=DIRECTION('',(0.,0.825664548620659,-0.564161371551655));
#10202=DIRECTION('',(1.,0.,0.));
#10203=DIRECTION('',(0.,0.,-1.));
#10204=DIRECTION('',(0.,0.,-1.));
#10205=DIRECTION('',(1.,0.,0.));
#10206=DIRECTION('',(0.,0.,-1.));
#10207=DIRECTION('',(0.,1.,0.));
#10208=DIRECTION('',(1.,0.,0.));
#10209=DIRECTION('',(0.,0.,-1.));
#10210=DIRECTION('',(0.,0.599999999999996,0.800000000000003));
#10211=DIRECTION('',(1.,0.,0.));
#10212=DIRECTION('',(0.,0.,-1.));
#10213=DIRECTION('',(0.,-1.,0.));
#10214=DIRECTION('',(0.,0.,-1.));
#10215=DIRECTION('',(1.,0.,0.));
#10216=DIRECTION('',(1.,0.,0.));
#10217=DIRECTION('',(0.,0.,-1.));
#10218=DIRECTION('',(1.,0.,0.));
#10219=DIRECTION('',(0.,0.,-1.));
#10220=DIRECTION('',(-1.,0.,0.));
#10221=DIRECTION('',(1.,0.,0.));
#10222=DIRECTION('',(1.,0.,0.));
#10223=DIRECTION('',(0.,0.,-1.));
#10224=DIRECTION('',(1.,0.,0.));
#10225=DIRECTION('',(0.,0.800000000000003,-0.599999999999996));
#10226=DIRECTION('',(0.,0.599999999999996,0.800000000000003));
#10227=DIRECTION('',(1.,0.,0.));
#10228=DIRECTION('',(1.,0.,0.));
#10229=DIRECTION('',(0.,0.,-1.));
#10230=DIRECTION('',(0.,0.,-1.));
#10231=DIRECTION('',(-1.,0.,0.));
#10232=DIRECTION('',(0.,-1.,0.));
#10233=DIRECTION('',(-1.,0.,0.));
#10234=DIRECTION('',(0.,-1.,0.));
#10235=DIRECTION('',(0.,1.,0.));
#10236=DIRECTION('',(0.,0.,1.));
#10237=DIRECTION('',(0.,0.,-1.));
#10238=DIRECTION('',(-1.,0.,0.));
#10239=DIRECTION('',(0.,0.,-1.));
#10240=DIRECTION('',(0.,0.,1.));
#10241=DIRECTION('',(1.,0.,0.));
#10242=DIRECTION('',(0.,1.,0.));
#10243=DIRECTION('',(0.,1.,0.));
#10244=DIRECTION('',(1.,0.,0.));
#10245=DIRECTION('',(0.,0.,-1.));
#10246=DIRECTION('',(1.,0.,0.));
#10247=DIRECTION('',(0.,0.,-1.));
#10248=DIRECTION('',(0.,0.,-1.));
#10249=DIRECTION('',(-1.,0.,0.));
#10250=DIRECTION('',(0.,-1.,0.));
#10251=DIRECTION('',(-1.,0.,0.));
#10252=DIRECTION('',(0.,-1.,0.));
#10253=DIRECTION('',(0.,1.,0.));
#10254=DIRECTION('',(0.,0.,1.));
#10255=DIRECTION('',(0.,0.,-1.));
#10256=DIRECTION('',(-1.,0.,0.));
#10257=DIRECTION('',(0.,0.,-1.));
#10258=DIRECTION('',(0.,0.,1.));
#10259=DIRECTION('',(1.,0.,0.));
#10260=DIRECTION('',(0.,1.,0.));
#10261=DIRECTION('',(0.,1.,0.));
#10262=DIRECTION('',(1.,0.,0.));
#10263=DIRECTION('',(0.,0.,-1.));
#10264=DIRECTION('',(1.,0.,0.));
#10265=DIRECTION('',(0.,0.,-1.));
#10266=DIRECTION('',(0.,0.,-1.));
#10267=DIRECTION('',(-1.,0.,0.));
#10268=DIRECTION('',(0.,-1.,0.));
#10269=DIRECTION('',(-1.,0.,0.));
#10270=DIRECTION('',(0.,-1.,0.));
#10271=DIRECTION('',(0.,1.,0.));
#10272=DIRECTION('',(0.,0.,1.));
#10273=DIRECTION('',(0.,0.,-1.));
#10274=DIRECTION('',(-1.,0.,0.));
#10275=DIRECTION('',(0.,0.,-1.));
#10276=DIRECTION('',(0.,0.,1.));
#10277=DIRECTION('',(1.,0.,0.));
#10278=DIRECTION('',(0.,1.,0.));
#10279=DIRECTION('',(0.,1.,0.));
#10280=DIRECTION('',(1.,0.,0.));
#10281=DIRECTION('',(0.,0.,-1.));
#10282=DIRECTION('',(1.,0.,0.));
#10283=DIRECTION('',(0.,0.,-1.));
#10284=DIRECTION('',(0.,0.,-1.));
#10285=DIRECTION('',(-1.,0.,0.));
#10286=DIRECTION('',(0.,-1.,0.));
#10287=DIRECTION('',(-1.,0.,0.));
#10288=DIRECTION('',(0.,-1.,0.));
#10289=DIRECTION('',(0.,1.,0.));
#10290=DIRECTION('',(0.,0.,1.));
#10291=DIRECTION('',(0.,0.,-1.));
#10292=DIRECTION('',(-1.,0.,0.));
#10293=DIRECTION('',(0.,0.,-1.));
#10294=DIRECTION('',(0.,0.,1.));
#10295=DIRECTION('',(1.,0.,0.));
#10296=DIRECTION('',(0.,1.,0.));
#10297=DIRECTION('',(0.,1.,0.));
#10298=DIRECTION('',(1.,0.,0.));
#10299=DIRECTION('',(0.,0.,-1.));
#10300=DIRECTION('',(1.,0.,0.));
#10301=DIRECTION('',(0.,0.,-1.));
#10302=DIRECTION('',(0.,0.,-1.));
#10303=DIRECTION('',(-1.,0.,0.));
#10304=DIRECTION('',(0.,0.,-1.));
#10305=DIRECTION('',(-1.,0.,0.));
#10306=DIRECTION('',(0.,0.,1.));
#10307=DIRECTION('',(0.,0.,-1.));
#10308=DIRECTION('',(0.,1.,0.));
#10309=DIRECTION('',(0.,0.,1.));
#10310=DIRECTION('',(0.,0.,-1.));
#10311=DIRECTION('',(0.642787609686538,0.766044443118979,0.));
#10312=DIRECTION('',(-0.766044443118979,0.642787609686538,0.));
#10313=DIRECTION('',(0.766044443118978,-0.642787609686539,0.));
#10314=DIRECTION('',(0.,0.,-1.));
#10315=DIRECTION('',(0.766044443118978,-0.642787609686539,0.));
#10316=DIRECTION('',(0.,0.,-1.));
#10317=DIRECTION('',(-1.,0.,0.));
#10318=DIRECTION('',(0.,0.,1.));
#10319=DIRECTION('',(1.,0.,0.));
#10320=DIRECTION('',(0.,0.,1.));
#10321=DIRECTION('',(1.,0.,0.));
#10322=DIRECTION('',(0.,0.,-1.));
#10323=DIRECTION('',(-1.,0.,0.));
#10324=DIRECTION('',(0.,0.,-1.));
#10325=DIRECTION('',(0.469471562785891,-0.882947592858927,0.));
#10326=DIRECTION('',(0.882947592858927,0.469471562785891,0.));
#10327=DIRECTION('',(0.,0.,-1.));
#10328=DIRECTION('',(-1.,0.,0.));
#10329=DIRECTION('',(0.,0.,-1.));
#10330=DIRECTION('',(-1.,0.,0.));
#10331=DIRECTION('',(0.,0.,1.));
#10332=DIRECTION('',(0.,0.,-1.));
#10333=DIRECTION('',(0.,1.,0.));
#10334=DIRECTION('',(0.,0.,1.));
#10335=DIRECTION('',(0.,0.,-1.));
#10336=DIRECTION('',(0.642787609686538,0.766044443118979,0.));
#10337=DIRECTION('',(-0.766044443118979,0.642787609686538,0.));
#10338=DIRECTION('',(0.766044443118978,-0.642787609686539,0.));
#10339=DIRECTION('',(0.,0.,-1.));
#10340=DIRECTION('',(0.766044443118978,-0.642787609686539,0.));
#10341=DIRECTION('',(0.,0.,-1.));
#10342=DIRECTION('',(-1.,0.,0.));
#10343=DIRECTION('',(0.,0.,1.));
#10344=DIRECTION('',(1.,0.,0.));
#10345=DIRECTION('',(0.,0.,1.));
#10346=DIRECTION('',(1.,0.,0.));
#10347=DIRECTION('',(0.,0.,-1.));
#10348=DIRECTION('',(-1.,0.,0.));
#10349=DIRECTION('',(0.,0.,-1.));
#10350=DIRECTION('',(0.469471562785891,-0.882947592858927,0.));
#10351=DIRECTION('',(0.882947592858927,0.469471562785891,0.));
#10352=DIRECTION('',(0.,0.,1.));
#10353=DIRECTION('',(1.,0.,0.));
#10354=DIRECTION('',(0.,1.,0.));
#10355=DIRECTION('',(0.,0.,1.));
#10356=DIRECTION('',(1.,0.,0.));
#10357=DIRECTION('',(0.,1.,0.));
#10358=DIRECTION('',(0.,0.,1.));
#10359=DIRECTION('',(1.,0.,0.));
#10360=DIRECTION('',(0.,1.,0.));
#10361=DIRECTION('',(0.,0.,1.));
#10362=DIRECTION('',(1.,0.,0.));
#10363=DIRECTION('',(0.,1.,0.));
#10364=DIRECTION('',(0.,1.,0.));
#10365=DIRECTION('',(0.,0.,1.));
#10366=DIRECTION('',(0.,1.,0.));
#10367=DIRECTION('',(0.,1.,0.));
#10368=DIRECTION('',(0.,1.,0.));
#10369=DIRECTION('',(0.,0.,1.));
#10370=DIRECTION('',(0.,1.,0.));
#10371=DIRECTION('',(0.,1.,0.));
#10372=DIRECTION('',(0.,0.,1.));
#10373=DIRECTION('',(0.,1.,0.));
#10374=DIRECTION('',(0.,1.,0.));
#10375=DIRECTION('',(0.,0.,1.));
#10376=DIRECTION('',(0.,1.,0.));
#10377=DIRECTION('',(0.,0.,1.));
#10378=DIRECTION('',(0.,1.,0.));
#10379=DIRECTION('',(0.,0.,1.));
#10380=DIRECTION('',(0.,1.,0.));
#10381=DIRECTION('',(0.,1.,0.));
#10382=DIRECTION('',(0.,1.,0.));
#10383=DIRECTION('',(0.,0.,1.));
#10384=DIRECTION('',(0.,1.,0.));
#10385=DIRECTION('',(0.,1.,0.));
#10386=DIRECTION('',(0.,0.,1.));
#10387=DIRECTION('',(0.,1.,0.));
#10388=DIRECTION('',(0.,1.,0.));
#10389=DIRECTION('',(0.,0.,1.));
#10390=DIRECTION('',(0.,1.,0.));
#10391=DIRECTION('',(0.,0.,1.));
#10392=DIRECTION('',(0.,0.,-1.));
#10393=DIRECTION('',(-1.,0.,0.));
#10394=DIRECTION('',(0.,0.,1.));
#10395=DIRECTION('',(1.,0.,0.));
#10396=DIRECTION('',(0.,0.,1.));
#10397=DIRECTION('',(1.,0.,0.));
#10398=DIRECTION('',(0.,-1.,0.));
#10399=DIRECTION('',(0.,0.,-1.));
#10400=DIRECTION('',(0.,0.,-1.));
#10401=DIRECTION('',(-1.,0.,0.));
#10402=DIRECTION('',(0.,0.,-1.));
#10403=DIRECTION('',(1.,0.,0.));
#10404=DIRECTION('',(0.,0.,-1.));
#10405=DIRECTION('',(0.,0.,-1.));
#10406=DIRECTION('',(0.,-1.,0.));
#10407=DIRECTION('',(0.,1.,0.));
#10408=DIRECTION('',(0.,0.,1.));
#10409=DIRECTION('',(0.,0.,-1.));
#10410=DIRECTION('',(1.,0.,0.));
#10411=DIRECTION('',(-1.,-1.44560289664734E-16,0.));
#10412=DIRECTION('',(1.44560289664734E-16,-1.,0.));
#10413=DIRECTION('',(0.,0.,-1.));
#10414=DIRECTION('',(-1.44560289664734E-16,1.,0.));
#10415=DIRECTION('',(-0.887646653476579,0.460525155199833,0.));
#10416=DIRECTION('',(-0.460525155199833,-0.887646653476579,0.));
#10417=DIRECTION('',(0.460525155199833,0.887646653476579,0.));
#10418=DIRECTION('',(0.,0.,1.));
#10419=DIRECTION('',(1.,0.,0.));
#10420=DIRECTION('',(0.,-1.,0.));
#10421=DIRECTION('',(0.,0.,-1.));
#10422=DIRECTION('',(0.,0.,-1.));
#10423=DIRECTION('',(-1.,0.,0.));
#10424=DIRECTION('',(0.,0.,-1.));
#10425=DIRECTION('',(1.,0.,0.));
#10426=DIRECTION('',(0.,0.,-1.));
#10427=DIRECTION('',(0.,0.,-1.));
#10428=DIRECTION('',(0.,-1.,0.));
#10429=DIRECTION('',(0.,0.,-1.));
#10430=DIRECTION('',(-1.,0.,0.));
#10431=DIRECTION('',(0.,0.,-1.));
#10432=DIRECTION('',(0.,0.,1.));
#10433=DIRECTION('',(1.,0.,0.));
#10434=DIRECTION('',(0.,1.,0.));
#10435=DIRECTION('',(0.,0.,1.));
#10436=DIRECTION('',(0.,0.,-1.));
#10437=DIRECTION('',(1.,0.,0.));
#10438=DIRECTION('',(0.,0.,-1.));
#10439=DIRECTION('',(-1.,0.,0.));
#10440=DIRECTION('',(0.,0.,-1.));
#10441=DIRECTION('',(0.,0.,1.));
#10442=DIRECTION('',(1.,0.,0.));
#10443=DIRECTION('',(-0.707106781186548,-0.707106781186548,0.));
#10444=DIRECTION('',(0.707106781186548,-0.707106781186548,0.));
#10445=DIRECTION('',(0.,0.,-1.));
#10446=DIRECTION('',(-0.707106781186547,0.707106781186547,0.));
#10447=DIRECTION('',(0.,0.,-1.));
#10448=DIRECTION('',(-1.,0.,0.));
#10449=DIRECTION('',(0.,0.,1.));
#10450=DIRECTION('',(1.,0.,0.));
#10451=DIRECTION('',(0.,0.,1.));
#10452=DIRECTION('',(1.,0.,0.));
#10453=CARTESIAN_POINT('',(0.,0.,0.));
#10454=CARTESIAN_POINT('',(-8.85,0.300000000000002,7.));
#10455=CARTESIAN_POINT('',(-5.7,8.15,7.));
#10456=CARTESIAN_POINT('',(-5.7,8.15,7.));
#10457=CARTESIAN_POINT('',(-5.7,7.65,7.));
#10458=CARTESIAN_POINT('',(-4.89974169979695,8.15,7.));
#10459=CARTESIAN_POINT('',(-4.89974169979695,8.15,7.));
#10460=CARTESIAN_POINT('',(-4.89974169979695,6.55000000000001,7.));
#10461=CARTESIAN_POINT('',(-3.76837084989848,7.68137084989848,7.));
#10462=CARTESIAN_POINT('',(-3.49306601717798,7.40606601717798,7.));
#10463=CARTESIAN_POINT('',(-3.49306601717798,7.40606601717798,7.));
#10464=CARTESIAN_POINT('',(-3.59913203435597,7.3,7.));
#10465=CARTESIAN_POINT('',(-3.59913203435597,7.15,7.));
#10466=CARTESIAN_POINT('',(-5.2,7.15,7.));
#10467=CARTESIAN_POINT('',(-5.2,7.15,7.));
#10468=CARTESIAN_POINT('',(-5.2,7.65,7.));
#10469=CARTESIAN_POINT('',(-3.75,9.7,7.));
#10470=CARTESIAN_POINT('',(-3.3,9.7,7.));
#10471=CARTESIAN_POINT('',(-8.85,11.75,7.));
#10472=CARTESIAN_POINT('',(-0.25,11.75,7.));
#10473=CARTESIAN_POINT('',(2.84731745555216,11.75,7.));
#10474=CARTESIAN_POINT('',(-0.25,0.300000000000002,7.));
#10475=CARTESIAN_POINT('',(-0.25,12.3427050983125,7.));
#10476=CARTESIAN_POINT('',(-0.25,12.3427050983125,7.));
#10477=CARTESIAN_POINT('',(2.14095902528935,12.3427050983125,7.));
#10478=CARTESIAN_POINT('',(5.24283628290596,9.73992103548919,7.));
#10479=CARTESIAN_POINT('',(2.13739876700856,12.3456925097228,7.));
#10480=CARTESIAN_POINT('',(-0.25,12.3456925097228,7.));
#10481=CARTESIAN_POINT('',(-0.25,12.3456925097228,7.));
#10482=CARTESIAN_POINT('',(-0.25,0.300000000000002,7.));
#10483=CARTESIAN_POINT('',(-0.25,12.75,7.));
#10484=CARTESIAN_POINT('',(1.65556386295795,12.75,7.));
#10485=CARTESIAN_POINT('',(-8.85,12.75,7.));
#10486=CARTESIAN_POINT('',(-8.85,12.45,7.));
#10487=CARTESIAN_POINT('',(-9.15,12.45,7.));
#10488=CARTESIAN_POINT('',(-9.15,12.45,7.));
#10489=CARTESIAN_POINT('',(-9.15,0.300000000000002,7.));
#10490=CARTESIAN_POINT('',(-8.85,0.300000000000002,7.));
#10491=CARTESIAN_POINT('',(-8.85,5.42101086242752E-17,7.));
#10492=CARTESIAN_POINT('',(-8.85,0.,7.));
#10493=CARTESIAN_POINT('',(5.05,0.,7.));
#10494=CARTESIAN_POINT('',(5.05,0.3,7.));
#10495=CARTESIAN_POINT('',(5.35,0.3,7.));
#10496=CARTESIAN_POINT('',(5.35,0.3,7.));
#10497=CARTESIAN_POINT('',(5.35,9.5101077025535,7.));
#10498=CARTESIAN_POINT('',(5.04999999999999,9.5101077025535,7.));
#10499=CARTESIAN_POINT('',(5.24283628290596,9.73992103548919,7.));
#10500=CARTESIAN_POINT('',(5.24283628290596,9.73992103548919,7.));
#10501=CARTESIAN_POINT('',(-1.7,4.65,7.));
#10502=CARTESIAN_POINT('',(-1.7,4.65,7.));
#10503=CARTESIAN_POINT('',(-1.7,2.1,7.));
#10504=CARTESIAN_POINT('',(0.0338685344140399,4.65,7.));
#10505=CARTESIAN_POINT('',(0.0338685344140399,4.65,7.));
#10506=CARTESIAN_POINT('',(-0.9,2.85,7.));
#10507=CARTESIAN_POINT('',(-0.899999999999999,2.85,7.));
#10508=CARTESIAN_POINT('',(-0.9,2.1,7.));
#10509=CARTESIAN_POINT('',(-0.9,2.1,7.));
#10510=CARTESIAN_POINT('',(-1.7,2.1,7.));
#10511=CARTESIAN_POINT('',(4.86689866516366,10.4862447962987,6.15));
#10512=CARTESIAN_POINT('',(5.99999999999999,10.9428976279777,6.30000000000005));
#10513=CARTESIAN_POINT('',(7.02738724796294,11.3569464703797,3.48140541355747));
#10514=CARTESIAN_POINT('',(6.,10.9428976279777,3.3));
#10515=CARTESIAN_POINT('',(6.89040228156788,11.3017399580595,3.85721802508313));
#10516=CARTESIAN_POINT('',(7.2421391990982,11.4434939693364,3.66674193512361));
#10517=CARTESIAN_POINT('',(7.2421391990982,11.4434939693364,6.15));
#10518=CARTESIAN_POINT('',(7.2421391990982,11.4434939693364,6.03325806487639));
#10519=CARTESIAN_POINT('',(6.89040228156788,11.3017399580595,5.84278197491686));
#10520=CARTESIAN_POINT('',(7.02738725903099,11.3569464748403,6.21859458240819));
#10521=CARTESIAN_POINT('',(6.,10.9428976279777,3.39999999999996));
#10522=CARTESIAN_POINT('',(6.,10.9428976279777,6.4));
#10523=CARTESIAN_POINT('',(4.86689866516366,10.4862447962987,6.4));
#10524=CARTESIAN_POINT('',(4.86689866516366,10.4862447962987,6.4));
#10525=CARTESIAN_POINT('',(4.86689866516366,10.4862447962987,6.15));
#10526=CARTESIAN_POINT('',(4.86689866516366,10.4862447962987,3.3));
#10527=CARTESIAN_POINT('',(4.86689866516366,10.4862447962987,3.3));
#10528=CARTESIAN_POINT('',(7.13,11.7217470915571,6.15));
#10529=CARTESIAN_POINT('',(7.27489143062219,11.4590562593375,3.7469089399655));
#10530=CARTESIAN_POINT('',(7.2668464005653,11.4546188912554,3.71886748936882));
#10531=CARTESIAN_POINT('',(7.25593434472431,11.4490535712183,3.69221632406367));
#10532=CARTESIAN_POINT('',(7.2421391990982,11.4434939693364,3.66674193512361));
#10533=CARTESIAN_POINT('',(7.27489143062219,11.4590562593375,3.7469089399655));
#10534=CARTESIAN_POINT('',(7.27489143062219,11.4590562593375,3.7469089399655));
#10535=CARTESIAN_POINT('',(7.37955014003908,11.5167824845215,4.11170327975862));
#10536=CARTESIAN_POINT('',(7.43,11.6207684643735,4.48127289923233));
#10537=CARTESIAN_POINT('',(7.43,11.7217470915571,4.85));
#10538=CARTESIAN_POINT('',(7.43,11.7217470915571,4.85));
#10539=CARTESIAN_POINT('',(7.27489142396431,11.4590562556652,5.95309108324096));
#10540=CARTESIAN_POINT('',(7.3795501379131,11.5167824798893,5.58829673595774));
#10541=CARTESIAN_POINT('',(7.43,11.620768462226,5.21872710860892));
#10542=CARTESIAN_POINT('',(7.43,11.7217470915571,4.85));
#10543=CARTESIAN_POINT('',(7.27489142396431,11.4590562556652,5.95309108324096));
#10544=CARTESIAN_POINT('',(7.2421391990982,11.4434939693364,6.03325806487639));
#10545=CARTESIAN_POINT('',(7.25593434087371,11.4490535696665,6.00778368304693));
#10546=CARTESIAN_POINT('',(7.26684639449084,11.4546188881709,5.98113252541923));
#10547=CARTESIAN_POINT('',(7.27489142396431,11.4590562556652,5.95309108324096));
#10548=CARTESIAN_POINT('',(7.13,12.45,6.15));
#10549=CARTESIAN_POINT('',(7.13,12.75,3.5369167086292));
#10550=CARTESIAN_POINT('',(7.2008481725317,12.75,3.58991386980735));
#10551=CARTESIAN_POINT('',(7.25083616118162,12.7259589100349,3.66306280827458));
#10552=CARTESIAN_POINT('',(7.2748914306222,12.7126908322197,3.74690893996551));
#10553=CARTESIAN_POINT('',(7.13,12.75,3.5369167086292));
#10554=CARTESIAN_POINT('',(7.27489143062219,12.7126908322197,3.7469089399655));
#10555=CARTESIAN_POINT('',(7.13,12.75,6.15));
#10556=CARTESIAN_POINT('',(7.13,12.75,6.16308329137079));
#10557=CARTESIAN_POINT('',(7.27489142396431,12.7126908358919,5.95309108324096));
#10558=CARTESIAN_POINT('',(7.25077388977485,12.7259932560519,6.03715422343039));
#10559=CARTESIAN_POINT('',(7.20096645083328,12.75,6.10999765346857));
#10560=CARTESIAN_POINT('',(7.13,12.75,6.1630832913708));
#10561=CARTESIAN_POINT('',(7.27489142396431,12.7126908358919,5.95309108324096));
#10562=CARTESIAN_POINT('',(7.27489142396431,12.7126908358919,5.95309108324096));
#10563=CARTESIAN_POINT('',(7.37955013791309,12.6549646116678,5.58829673595774));
#10564=CARTESIAN_POINT('',(7.43,12.5509786293329,5.21872710860843));
#10565=CARTESIAN_POINT('',(7.43,12.45,4.85));
#10566=CARTESIAN_POINT('',(7.43,12.45,4.85));
#10567=CARTESIAN_POINT('',(7.27489143062219,12.7126908322197,3.7469089399655));
#10568=CARTESIAN_POINT('',(7.37955014003908,12.6549646070356,4.11170327975862));
#10569=CARTESIAN_POINT('',(7.43,12.5509786271853,4.48127289923279));
#10570=CARTESIAN_POINT('',(7.43,12.45,4.85));
#10571=CARTESIAN_POINT('',(7.13,12.75,6.15));
#10572=CARTESIAN_POINT('',(5.99999999999999,12.75,6.30000000000005));
#10573=CARTESIAN_POINT('',(7.02738724796294,12.75,3.48140541355747));
#10574=CARTESIAN_POINT('',(6.,12.75,3.3));
#10575=CARTESIAN_POINT('',(7.13,12.75,3.3));
#10576=CARTESIAN_POINT('',(1.75698161990021,12.75,3.3));
#10577=CARTESIAN_POINT('',(1.75698161990021,12.75,6.4));
#10578=CARTESIAN_POINT('',(1.75698161990021,12.75,3.55));
#10579=CARTESIAN_POINT('',(7.13,12.75,3.55));
#10580=CARTESIAN_POINT('',(-1.9,12.75,3.55));
#10581=CARTESIAN_POINT('',(-1.9,12.75,6.15));
#10582=CARTESIAN_POINT('',(-1.9,12.75,6.15));
#10583=CARTESIAN_POINT('',(7.13,12.75,6.15));
#10584=CARTESIAN_POINT('',(1.75698161990022,12.75,6.15));
#10585=CARTESIAN_POINT('',(1.75698161990021,12.75,6.4));
#10586=CARTESIAN_POINT('',(1.75698161990021,12.75,6.4));
#10587=CARTESIAN_POINT('',(7.13,12.75,6.4));
#10588=CARTESIAN_POINT('',(6.,12.75,6.4));
#10589=CARTESIAN_POINT('',(6.,12.75,3.39999999999996));
#10590=CARTESIAN_POINT('',(7.02738725903099,12.75,6.21859458240819));
#10591=CARTESIAN_POINT('',(6.89040228156788,12.75,5.84278197491686));
#10592=CARTESIAN_POINT('',(6.89040228156788,12.75,3.85721802508313));
#10593=CARTESIAN_POINT('',(4.86689866516366,10.4862447962987,2.65));
#10594=CARTESIAN_POINT('',(5.99999999999999,10.9428976279777,2.80000000000005));
#10595=CARTESIAN_POINT('',(7.02738724796294,11.3569464703797,-0.0185945864425315));
#10596=CARTESIAN_POINT('',(6.,10.9428976279777,-0.2));
#10597=CARTESIAN_POINT('',(6.89040228156788,11.3017399580595,0.357218025083134));
#10598=CARTESIAN_POINT('',(7.2421391990982,11.4434939693364,0.166741935123608));
#10599=CARTESIAN_POINT('',(7.2421391990982,11.4434939693364,2.65));
#10600=CARTESIAN_POINT('',(7.2421391990982,11.4434939693364,2.53325806487639));
#10601=CARTESIAN_POINT('',(6.89040228156788,11.3017399580595,2.34278197491686));
#10602=CARTESIAN_POINT('',(7.02738725903099,11.3569464748403,2.71859458240819));
#10603=CARTESIAN_POINT('',(6.,10.9428976279777,-0.100000000000037));
#10604=CARTESIAN_POINT('',(6.,10.9428976279777,2.9));
#10605=CARTESIAN_POINT('',(4.86689866516366,10.4862447962987,2.9));
#10606=CARTESIAN_POINT('',(4.86689866516366,10.4862447962987,2.9));
#10607=CARTESIAN_POINT('',(4.86689866516366,10.4862447962987,2.65));
#10608=CARTESIAN_POINT('',(4.86689866516366,10.4862447962987,-0.2));
#10609=CARTESIAN_POINT('',(4.86689866516366,10.4862447962987,-0.2));
#10610=CARTESIAN_POINT('',(7.13,11.7217470915571,2.65));
#10611=CARTESIAN_POINT('',(7.27489143062219,11.4590562593375,0.246908939965501));
#10612=CARTESIAN_POINT('',(7.2668464005653,11.4546188912554,0.218867489368819));
#10613=CARTESIAN_POINT('',(7.25593434472431,11.4490535712183,0.19221632406367));
#10614=CARTESIAN_POINT('',(7.2421391990982,11.4434939693364,0.166741935123608));
#10615=CARTESIAN_POINT('',(7.27489143062219,11.4590562593375,0.246908939965501));
#10616=CARTESIAN_POINT('',(7.27489143062219,11.4590562593375,0.246908939965502));
#10617=CARTESIAN_POINT('',(7.37955014003908,11.5167824845215,0.611703279758624));
#10618=CARTESIAN_POINT('',(7.43,11.6207684643735,0.981272899232328));
#10619=CARTESIAN_POINT('',(7.43,11.7217470915571,1.35));
#10620=CARTESIAN_POINT('',(7.43,11.7217470915571,1.35));
#10621=CARTESIAN_POINT('',(7.27489142396431,11.4590562556652,2.45309108324096));
#10622=CARTESIAN_POINT('',(7.3795501379131,11.5167824798893,2.08829673595774));
#10623=CARTESIAN_POINT('',(7.43,11.620768462226,1.71872710860892));
#10624=CARTESIAN_POINT('',(7.43,11.7217470915571,1.35));
#10625=CARTESIAN_POINT('',(7.27489142396431,11.4590562556652,2.45309108324096));
#10626=CARTESIAN_POINT('',(7.2421391990982,11.4434939693364,2.53325806487639));
#10627=CARTESIAN_POINT('',(7.25593434087371,11.4490535696665,2.50778368304693));
#10628=CARTESIAN_POINT('',(7.26684639449084,11.4546188881709,2.48113252541923));
#10629=CARTESIAN_POINT('',(7.27489142396431,11.4590562556652,2.45309108324096));
#10630=CARTESIAN_POINT('',(7.13,12.45,2.65));
#10631=CARTESIAN_POINT('',(7.13,12.75,0.0369167086292039));
#10632=CARTESIAN_POINT('',(7.2008481725317,12.75,0.0899138698073458));
#10633=CARTESIAN_POINT('',(7.25083616118162,12.7259589100349,0.163062808274581));
#10634=CARTESIAN_POINT('',(7.2748914306222,12.7126908322197,0.246908939965506));
#10635=CARTESIAN_POINT('',(7.13,12.75,0.0369167086292046));
#10636=CARTESIAN_POINT('',(7.27489143062219,12.7126908322197,0.246908939965501));
#10637=CARTESIAN_POINT('',(7.13,12.75,2.65));
#10638=CARTESIAN_POINT('',(7.13,12.75,2.66308329137079));
#10639=CARTESIAN_POINT('',(7.27489142396431,12.7126908358919,2.45309108324096));
#10640=CARTESIAN_POINT('',(7.25077388977485,12.7259932560519,2.53715422343039));
#10641=CARTESIAN_POINT('',(7.20096645083328,12.75,2.60999765346857));
#10642=CARTESIAN_POINT('',(7.13,12.75,2.66308329137079));
#10643=CARTESIAN_POINT('',(7.27489142396431,12.7126908358919,2.45309108324096));
#10644=CARTESIAN_POINT('',(7.27489142396431,12.7126908358919,2.45309108324096));
#10645=CARTESIAN_POINT('',(7.37955013791309,12.6549646116678,2.08829673595774));
#10646=CARTESIAN_POINT('',(7.43,12.5509786293329,1.71872710860843));
#10647=CARTESIAN_POINT('',(7.43,12.45,1.35));
#10648=CARTESIAN_POINT('',(7.43,12.45,1.35));
#10649=CARTESIAN_POINT('',(7.27489143062219,12.7126908322197,0.246908939965502));
#10650=CARTESIAN_POINT('',(7.37955014003908,12.6549646070356,0.611703279758624));
#10651=CARTESIAN_POINT('',(7.43,12.5509786271853,0.981272899232786));
#10652=CARTESIAN_POINT('',(7.43,12.45,1.35));
#10653=CARTESIAN_POINT('',(7.13,12.75,2.65));
#10654=CARTESIAN_POINT('',(5.99999999999999,12.75,2.80000000000005));
#10655=CARTESIAN_POINT('',(7.02738724796294,12.75,-0.0185945864425315));
#10656=CARTESIAN_POINT('',(6.,12.75,-0.2));
#10657=CARTESIAN_POINT('',(7.13,12.75,-0.2));
#10658=CARTESIAN_POINT('',(1.75698161990021,12.75,-0.2));
#10659=CARTESIAN_POINT('',(1.75698161990021,12.75,2.9));
#10660=CARTESIAN_POINT('',(1.75698161990021,12.75,0.0500000000000001));
#10661=CARTESIAN_POINT('',(7.13,12.75,0.0499999999999999));
#10662=CARTESIAN_POINT('',(-1.9,12.75,0.0499999999999999));
#10663=CARTESIAN_POINT('',(-1.9,12.75,2.65));
#10664=CARTESIAN_POINT('',(-1.9,12.75,2.65));
#10665=CARTESIAN_POINT('',(7.13,12.75,2.65));
#10666=CARTESIAN_POINT('',(1.75698161990022,12.75,2.65));
#10667=CARTESIAN_POINT('',(1.75698161990021,12.75,2.9));
#10668=CARTESIAN_POINT('',(1.75698161990021,12.75,2.9));
#10669=CARTESIAN_POINT('',(7.13,12.75,2.9));
#10670=CARTESIAN_POINT('',(6.,12.75,2.9));
#10671=CARTESIAN_POINT('',(6.,12.75,-0.100000000000037));
#10672=CARTESIAN_POINT('',(7.02738725903099,12.75,2.71859458240819));
#10673=CARTESIAN_POINT('',(6.89040228156788,12.75,2.34278197491686));
#10674=CARTESIAN_POINT('',(6.89040228156788,12.75,0.357218025083134));
#10675=CARTESIAN_POINT('',(-4.895,10.3840442623117,6.15));
#10676=CARTESIAN_POINT('',(-0.695000000000002,11.,6.15));
#10677=CARTESIAN_POINT('',(-0.695000000000002,11.,6.15));
#10678=CARTESIAN_POINT('',(3.84255040694008,11.,6.15));
#10679=CARTESIAN_POINT('',(-0.981555656255095,15.0479056183872,6.15));
#10680=CARTESIAN_POINT('',(-1.89999999999998,11.7499999999999,6.15));
#10681=CARTESIAN_POINT('',(-2.36947156278589,12.6329475928589,6.15));
#10682=CARTESIAN_POINT('',(-2.36947156278589,12.6329475928589,6.15));
#10683=CARTESIAN_POINT('',(-5.27057725022872,11.0904023365988,6.15));
#10684=CARTESIAN_POINT('',(-4.895,10.3840442623117,6.15));
#10685=CARTESIAN_POINT('',(-5.50638341222714,10.9,6.15));
#10686=CARTESIAN_POINT('',(-6.7,10.9,6.15));
#10687=CARTESIAN_POINT('',(-0.695000000000002,10.9,6.15));
#10688=CARTESIAN_POINT('',(-0.695000000000002,4.68662635703336,6.15));
#10689=CARTESIAN_POINT('',(-4.895,10.3840442623117,3.55));
#10690=CARTESIAN_POINT('',(-0.981555656255095,15.0479056183872,3.55));
#10691=CARTESIAN_POINT('',(3.84255040694008,11.,3.55));
#10692=CARTESIAN_POINT('',(-0.695000000000002,11.,3.55));
#10693=CARTESIAN_POINT('',(-0.695000000000002,11.,3.55));
#10694=CARTESIAN_POINT('',(-0.695000000000002,4.68662635703336,3.55));
#10695=CARTESIAN_POINT('',(-0.695000000000002,10.9,3.55));
#10696=CARTESIAN_POINT('',(-6.7,10.9,3.55));
#10697=CARTESIAN_POINT('',(-5.50638341222714,10.9,3.55));
#10698=CARTESIAN_POINT('',(-4.895,10.3840442623117,3.55));
#10699=CARTESIAN_POINT('',(-5.27057725022872,11.0904023365988,3.55));
#10700=CARTESIAN_POINT('',(-2.36947156278589,12.6329475928589,3.55));
#10701=CARTESIAN_POINT('',(-2.36947156278589,12.6329475928589,3.55));
#10702=CARTESIAN_POINT('',(-1.89999999999998,11.7499999999999,3.55));
#10703=CARTESIAN_POINT('',(-4.895,10.3840442623117,2.65));
#10704=CARTESIAN_POINT('',(-0.695000000000002,11.,2.65));
#10705=CARTESIAN_POINT('',(-0.695000000000002,11.,2.65));
#10706=CARTESIAN_POINT('',(3.84255040694008,11.,2.65));
#10707=CARTESIAN_POINT('',(-0.981555656255095,15.0479056183872,2.65));
#10708=CARTESIAN_POINT('',(-1.89999999999998,11.7499999999999,2.65));
#10709=CARTESIAN_POINT('',(-2.36947156278589,12.6329475928589,2.65));
#10710=CARTESIAN_POINT('',(-2.36947156278589,12.6329475928589,2.65));
#10711=CARTESIAN_POINT('',(-5.27057725022872,11.0904023365988,2.65));
#10712=CARTESIAN_POINT('',(-4.895,10.3840442623117,2.65));
#10713=CARTESIAN_POINT('',(-5.50638341222714,10.9,2.65));
#10714=CARTESIAN_POINT('',(-6.7,10.9,2.65));
#10715=CARTESIAN_POINT('',(-0.695000000000002,10.9,2.65));
#10716=CARTESIAN_POINT('',(-0.695000000000002,4.68662635703336,2.65));
#10717=CARTESIAN_POINT('',(-4.895,10.3840442623117,0.0499999999999999));
#10718=CARTESIAN_POINT('',(-0.981555656255095,15.0479056183872,0.0499999999999999));
#10719=CARTESIAN_POINT('',(3.84255040694008,11.,0.0499999999999999));
#10720=CARTESIAN_POINT('',(-0.695000000000002,11.,0.0499999999999999));
#10721=CARTESIAN_POINT('',(-0.695000000000002,11.,0.0499999999999999));
#10722=CARTESIAN_POINT('',(-0.695000000000002,4.68662635703336,0.0499999999999999));
#10723=CARTESIAN_POINT('',(-0.695000000000002,10.9,0.0499999999999999));
#10724=CARTESIAN_POINT('',(-6.7,10.9,0.0499999999999999));
#10725=CARTESIAN_POINT('',(-5.50638341222714,10.9,0.0499999999999999));
#10726=CARTESIAN_POINT('',(-4.895,10.3840442623117,0.0499999999999999));
#10727=CARTESIAN_POINT('',(-5.27057725022872,11.0904023365988,0.0499999999999999));
#10728=CARTESIAN_POINT('',(-2.36947156278589,12.6329475928589,0.0499999999999999));
#10729=CARTESIAN_POINT('',(-2.36947156278589,12.6329475928589,0.0499999999999999));
#10730=CARTESIAN_POINT('',(-1.89999999999998,11.7499999999999,0.0499999999999999));
#10731=CARTESIAN_POINT('',(1.5059604723078,12.65,-1.5));
#10732=CARTESIAN_POINT('',(-0.25,12.65,-0.25));
#10733=CARTESIAN_POINT('',(-0.25,12.65,-0.25));
#10734=CARTESIAN_POINT('',(-0.25,12.65,0.));
#10735=CARTESIAN_POINT('',(-0.25,12.65,-0.25));
#10736=CARTESIAN_POINT('',(1.5059604723078,12.65,-0.25));
#10737=CARTESIAN_POINT('',(1.5059604723078,12.65,-1.5));
#10738=CARTESIAN_POINT('',(1.5059604723078,12.65,-1.5));
#10739=CARTESIAN_POINT('',(1.5059604723078,12.65,-1.5));
#10740=CARTESIAN_POINT('',(-8.75,12.65,-1.5));
#10741=CARTESIAN_POINT('',(-8.75,12.65,-1.5));
#10742=CARTESIAN_POINT('',(-8.75,12.65,0.));
#10743=CARTESIAN_POINT('',(1.5059604723078,12.65,0.));
#10744=CARTESIAN_POINT('',(-7.1,12.65,0.));
#10745=CARTESIAN_POINT('',(1.5059604723078,12.65,0.));
#10746=CARTESIAN_POINT('',(-8.85,0.300000000000002,0.));
#10747=CARTESIAN_POINT('',(-9.15,0.8,0.));
#10748=CARTESIAN_POINT('',(-9.15,0.8,0.));
#10749=CARTESIAN_POINT('',(-9.05,0.8,0.));
#10750=CARTESIAN_POINT('',(-9.05,6.8,0.));
#10751=CARTESIAN_POINT('',(-9.05,0.4,0.));
#10752=CARTESIAN_POINT('',(-8.75,0.400000000000001,0.));
#10753=CARTESIAN_POINT('',(-8.75,0.1,0.));
#10754=CARTESIAN_POINT('',(-8.75,0.1,0.));
#10755=CARTESIAN_POINT('',(-7.21411010564593,0.1,0.));
#10756=CARTESIAN_POINT('',(-7.65,1.,0.));
#10757=CARTESIAN_POINT('',(-7.65,0.,0.));
#10758=CARTESIAN_POINT('',(-8.85,0.,0.));
#10759=CARTESIAN_POINT('',(-8.85,5.42101086242752E-17,0.));
#10760=CARTESIAN_POINT('',(-8.85,0.300000000000002,0.));
#10761=CARTESIAN_POINT('',(-9.15,0.300000000000002,0.));
#10762=CARTESIAN_POINT('',(-9.15,12.45,0.));
#10763=CARTESIAN_POINT('',(-8.85,0.300000000000002,0.));
#10764=CARTESIAN_POINT('',(1.7,0.9,0.));
#10765=CARTESIAN_POINT('',(0.739531364385072,0.1,0.));
#10766=CARTESIAN_POINT('',(0.832532421355126,0.,0.));
#10767=CARTESIAN_POINT('',(-8.75,0.1,0.));
#10768=CARTESIAN_POINT('',(2.66046863561493,0.1,0.));
#10769=CARTESIAN_POINT('',(1.7,0.899999999999999,0.));
#10770=CARTESIAN_POINT('',(2.56746757864488,0.,0.));
#10771=CARTESIAN_POINT('',(-8.85,0.,0.));
#10772=CARTESIAN_POINT('',(-8.85,0.300000000000002,0.));
#10773=CARTESIAN_POINT('',(4.75,0.,0.));
#10774=CARTESIAN_POINT('',(4.75,0.,0.));
#10775=CARTESIAN_POINT('',(4.75,0.0999999999999993,0.));
#10776=CARTESIAN_POINT('',(-8.75,0.1,0.));
#10777=CARTESIAN_POINT('',(4.95,0.1,0.));
#10778=CARTESIAN_POINT('',(4.95,0.4,0.));
#10779=CARTESIAN_POINT('',(5.25,0.4,0.));
#10780=CARTESIAN_POINT('',(5.25,0.4,0.));
#10781=CARTESIAN_POINT('',(5.25,2.24,0.));
#10782=CARTESIAN_POINT('',(4.85,2.4,0.));
#10783=CARTESIAN_POINT('',(5.35,2.2,0.));
#10784=CARTESIAN_POINT('',(5.35,0.3,0.));
#10785=CARTESIAN_POINT('',(5.35,0.3,0.));
#10786=CARTESIAN_POINT('',(5.05,0.3,0.));
#10787=CARTESIAN_POINT('',(5.05,0.,0.));
#10788=CARTESIAN_POINT('',(-8.85,0.,0.));
#10789=CARTESIAN_POINT('',(-8.85,0.300000000000002,0.));
#10790=CARTESIAN_POINT('',(5.35,4.6,0.));
#10791=CARTESIAN_POINT('',(5.35,4.6,0.));
#10792=CARTESIAN_POINT('',(5.25,4.56,0.));
#10793=CARTESIAN_POINT('',(5.25,0.4,0.));
#10794=CARTESIAN_POINT('',(5.25,9.4601077025535,0.));
#10795=CARTESIAN_POINT('',(4.94999999999999,9.4601077025535,0.));
#10796=CARTESIAN_POINT('',(5.14283628290596,9.6899210354892,0.));
#10797=CARTESIAN_POINT('',(5.14283628290596,9.68992103548919,0.));
#10798=CARTESIAN_POINT('',(3.70072032962753,10.9,0.));
#10799=CARTESIAN_POINT('',(5.35,10.9,0.));
#10800=CARTESIAN_POINT('',(3.86030800925724,10.9,0.));
#10801=CARTESIAN_POINT('',(5.24283628290596,9.73992103548919,0.));
#10802=CARTESIAN_POINT('',(5.24283628290596,9.73992103548919,0.));
#10803=CARTESIAN_POINT('',(5.04999999999999,9.5101077025535,0.));
#10804=CARTESIAN_POINT('',(5.35,9.5101077025535,0.));
#10805=CARTESIAN_POINT('',(5.35,0.3,0.));
#10806=CARTESIAN_POINT('',(-8.85,0.300000000000002,0.));
#10807=CARTESIAN_POINT('',(-7.,12.55,0.));
#10808=CARTESIAN_POINT('',(-7.2,12.75,0.));
#10809=CARTESIAN_POINT('',(-8.75,12.35,0.));
#10810=CARTESIAN_POINT('',(-9.05,12.35,0.));
#10811=CARTESIAN_POINT('',(-9.05,12.35,0.));
#10812=CARTESIAN_POINT('',(-9.05,12.15,0.));
#10813=CARTESIAN_POINT('',(-8.1,12.15,0.));
#10814=CARTESIAN_POINT('',(-9.15,12.15,0.));
#10815=CARTESIAN_POINT('',(-9.15,12.45,0.));
#10816=CARTESIAN_POINT('',(-9.15,12.45,0.));
#10817=CARTESIAN_POINT('',(-8.85,12.45,0.));
#10818=CARTESIAN_POINT('',(-8.85,12.75,0.));
#10819=CARTESIAN_POINT('',(1.65556386295795,12.75,0.));
#10820=CARTESIAN_POINT('',(5.35,0.3,7.));
#10821=CARTESIAN_POINT('',(5.35,2.2,0.3));
#10822=CARTESIAN_POINT('',(5.35,2.2,0.2));
#10823=CARTESIAN_POINT('',(5.35,2.2,0.8));
#10824=CARTESIAN_POINT('',(5.35,1.6,0.8));
#10825=CARTESIAN_POINT('',(5.35,1.6,2.5));
#10826=CARTESIAN_POINT('',(5.35,1.6,2.5));
#10827=CARTESIAN_POINT('',(5.35,2.2,2.5));
#10828=CARTESIAN_POINT('',(5.35,2.2,3.1));
#10829=CARTESIAN_POINT('',(5.35,4.6,3.1));
#10830=CARTESIAN_POINT('',(5.35,4.6,3.1));
#10831=CARTESIAN_POINT('',(5.35,4.6,2.5));
#10832=CARTESIAN_POINT('',(5.35,5.2,2.5));
#10833=CARTESIAN_POINT('',(5.35,5.2,2.4));
#10834=CARTESIAN_POINT('',(5.35,5.2,2.4));
#10835=CARTESIAN_POINT('',(5.35,5.35,2.4));
#10836=CARTESIAN_POINT('',(5.35,5.35,2.25));
#10837=CARTESIAN_POINT('',(5.35,6.4,2.25));
#10838=CARTESIAN_POINT('',(5.35,6.4,2.25));
#10839=CARTESIAN_POINT('',(5.35,6.4,1.95));
#10840=CARTESIAN_POINT('',(5.35,6.7,1.95));
#10841=CARTESIAN_POINT('',(5.35,6.7,1.35));
#10842=CARTESIAN_POINT('',(5.35,6.7,1.35));
#10843=CARTESIAN_POINT('',(5.35,6.4,1.35));
#10844=CARTESIAN_POINT('',(5.35,6.4,1.05));
#10845=CARTESIAN_POINT('',(5.35,5.35,1.05));
#10846=CARTESIAN_POINT('',(5.35,5.35,1.05));
#10847=CARTESIAN_POINT('',(5.35,5.35,0.900000000000001));
#10848=CARTESIAN_POINT('',(5.35,5.2,0.9));
#10849=CARTESIAN_POINT('',(5.35,5.2,0.8));
#10850=CARTESIAN_POINT('',(5.35,5.2,0.8));
#10851=CARTESIAN_POINT('',(5.35,4.6,0.800000000000001));
#10852=CARTESIAN_POINT('',(5.35,4.6,0.2));
#10853=CARTESIAN_POINT('',(5.35,4.6,0.3));
#10854=CARTESIAN_POINT('',(5.35,9.5101077025535,7.));
#10855=CARTESIAN_POINT('',(5.35,0.3,7.));
#10856=CARTESIAN_POINT('',(5.35,2.2,3.8));
#10857=CARTESIAN_POINT('',(5.35,2.2,3.7));
#10858=CARTESIAN_POINT('',(5.35,2.2,3.5));
#10859=CARTESIAN_POINT('',(5.35,2.2,4.3));
#10860=CARTESIAN_POINT('',(5.35,1.6,4.3));
#10861=CARTESIAN_POINT('',(5.35,1.6,6.));
#10862=CARTESIAN_POINT('',(5.35,1.6,6.));
#10863=CARTESIAN_POINT('',(5.35,2.2,6.));
#10864=CARTESIAN_POINT('',(5.35,2.2,6.6));
#10865=CARTESIAN_POINT('',(5.35,4.6,6.6));
#10866=CARTESIAN_POINT('',(5.35,4.6,6.6));
#10867=CARTESIAN_POINT('',(5.35,4.6,6.));
#10868=CARTESIAN_POINT('',(5.35,5.2,6.));
#10869=CARTESIAN_POINT('',(5.35,5.2,5.9));
#10870=CARTESIAN_POINT('',(5.35,5.2,5.9));
#10871=CARTESIAN_POINT('',(5.35,5.35,5.9));
#10872=CARTESIAN_POINT('',(5.35,5.35,5.75));
#10873=CARTESIAN_POINT('',(5.35,6.4,5.75));
#10874=CARTESIAN_POINT('',(5.35,6.4,5.75));
#10875=CARTESIAN_POINT('',(5.35,6.4,5.45));
#10876=CARTESIAN_POINT('',(5.35,6.7,5.45));
#10877=CARTESIAN_POINT('',(5.35,6.7,4.85));
#10878=CARTESIAN_POINT('',(5.35,6.7,4.85));
#10879=CARTESIAN_POINT('',(5.35,6.4,4.85));
#10880=CARTESIAN_POINT('',(5.35,6.4,4.55));
#10881=CARTESIAN_POINT('',(5.35,5.35,4.55));
#10882=CARTESIAN_POINT('',(5.35,5.35,4.55));
#10883=CARTESIAN_POINT('',(5.35,5.35,4.4));
#10884=CARTESIAN_POINT('',(5.35,5.2,4.4));
#10885=CARTESIAN_POINT('',(5.35,5.2,4.3));
#10886=CARTESIAN_POINT('',(5.35,5.2,4.3));
#10887=CARTESIAN_POINT('',(5.35,4.6,4.3));
#10888=CARTESIAN_POINT('',(5.35,4.6,3.7));
#10889=CARTESIAN_POINT('',(5.35,4.6,3.8));
#10890=CARTESIAN_POINT('',(5.35,4.6,3.5));
#10891=CARTESIAN_POINT('',(5.35,2.2,3.5));
#10892=CARTESIAN_POINT('',(3.35,2.2,3.7));
#10893=CARTESIAN_POINT('',(3.35,2.4,3.7));
#10894=CARTESIAN_POINT('',(3.35,2.4,3.7));
#10895=CARTESIAN_POINT('',(4.85,2.4,3.7));
#10896=CARTESIAN_POINT('',(3.35,2.2,3.7));
#10897=CARTESIAN_POINT('',(3.35,2.2,3.7));
#10898=CARTESIAN_POINT('',(3.35,2.2,3.7));
#10899=CARTESIAN_POINT('',(3.62586206896552,2.88965517241379,3.7));
#10900=CARTESIAN_POINT('',(3.35,2.2,3.7));
#10901=CARTESIAN_POINT('',(3.35,4.4,3.7));
#10902=CARTESIAN_POINT('',(4.85,4.4,3.7));
#10903=CARTESIAN_POINT('',(3.35,4.4,3.7));
#10904=CARTESIAN_POINT('',(2.79827586206896,3.57931034482758,3.7));
#10905=CARTESIAN_POINT('',(3.35,4.6,3.7));
#10906=CARTESIAN_POINT('',(3.35,4.6,3.7));
#10907=CARTESIAN_POINT('',(3.35,2.2,3.7));
#10908=CARTESIAN_POINT('',(-8.85,0.300000000000002,0.));
#10909=CARTESIAN_POINT('',(-8.05,10.,0.));
#10910=CARTESIAN_POINT('',(-9.05,10.75,0.));
#10911=CARTESIAN_POINT('',(-9.15,10.5937171043519,0.));
#10912=CARTESIAN_POINT('',(-9.05,12.35,0.));
#10913=CARTESIAN_POINT('',(-9.05,9.25,0.));
#10914=CARTESIAN_POINT('',(-8.05,10.,0.));
#10915=CARTESIAN_POINT('',(-9.15,9.40628289564811,0.));
#10916=CARTESIAN_POINT('',(-9.15,12.45,0.));
#10917=CARTESIAN_POINT('',(3.35,2.2,0.2));
#10918=CARTESIAN_POINT('',(3.35,2.4,0.2));
#10919=CARTESIAN_POINT('',(3.35,2.4,0.2));
#10920=CARTESIAN_POINT('',(4.85,2.4,0.2));
#10921=CARTESIAN_POINT('',(3.35,2.2,0.2));
#10922=CARTESIAN_POINT('',(3.35,2.2,0.2));
#10923=CARTESIAN_POINT('',(3.35,2.2,0.2));
#10924=CARTESIAN_POINT('',(3.62586206896552,2.88965517241379,0.2));
#10925=CARTESIAN_POINT('',(3.35,2.2,0.2));
#10926=CARTESIAN_POINT('',(3.35,4.4,0.2));
#10927=CARTESIAN_POINT('',(4.85,4.4,0.2));
#10928=CARTESIAN_POINT('',(3.35,4.4,0.2));
#10929=CARTESIAN_POINT('',(2.79827586206896,3.57931034482758,0.2));
#10930=CARTESIAN_POINT('',(3.35,4.6,0.2));
#10931=CARTESIAN_POINT('',(3.35,4.6,0.2));
#10932=CARTESIAN_POINT('',(3.35,2.2,0.2));
#10933=CARTESIAN_POINT('',(-0.25,11.9,3.45));
#10934=CARTESIAN_POINT('',(-0.25,12.75,7.));
#10935=CARTESIAN_POINT('',(-0.25,12.75,2.9));
#10936=CARTESIAN_POINT('',(-0.25,12.75,3.3));
#10937=CARTESIAN_POINT('',(-0.25,12.25,3.8));
#10938=CARTESIAN_POINT('',(-0.25,12.55,3.5));
#10939=CARTESIAN_POINT('',(-0.25,11.9,3.5));
#10940=CARTESIAN_POINT('',(-0.25,12.3456925097228,3.5));
#10941=CARTESIAN_POINT('',(-0.25,12.3456925097228,3.35));
#10942=CARTESIAN_POINT('',(-0.25,12.4417201696725,3.46523319193961));
#10943=CARTESIAN_POINT('',(-0.25,12.4417201696725,3.46523319193961));
#10944=CARTESIAN_POINT('',(-0.25,12.6460276599497,3.29497695004194));
#10945=CARTESIAN_POINT('',(-0.25,12.55,3.17974375810233));
#10946=CARTESIAN_POINT('',(-0.25,12.7,3.17974375810234));
#10947=CARTESIAN_POINT('',(-0.25,12.7,3.17974375810234));
#10948=CARTESIAN_POINT('',(-0.25,12.7,3.02025624189767));
#10949=CARTESIAN_POINT('',(-0.25,12.55,3.02025624189767));
#10950=CARTESIAN_POINT('',(-0.25,12.6460276599497,2.90502304995806));
#10951=CARTESIAN_POINT('',(-0.25,12.6460276599497,2.90502304995806));
#10952=CARTESIAN_POINT('',(-0.25,12.4417201696725,2.7347668080604));
#10953=CARTESIAN_POINT('',(-0.25,12.3456925097228,2.85000000000001));
#10954=CARTESIAN_POINT('',(-0.25,12.3456925097228,2.7));
#10955=CARTESIAN_POINT('',(-0.25,11.9,2.7));
#10956=CARTESIAN_POINT('',(-0.25,12.55,2.7));
#10957=CARTESIAN_POINT('',(-0.25,12.6,2.75));
#10958=CARTESIAN_POINT('',(-0.25,11.9,6.95));
#10959=CARTESIAN_POINT('',(-0.25,11.9,6.2));
#10960=CARTESIAN_POINT('',(-0.25,12.55,6.2));
#10961=CARTESIAN_POINT('',(-0.25,12.3456925097228,6.2));
#10962=CARTESIAN_POINT('',(-0.25,12.6,6.25));
#10963=CARTESIAN_POINT('',(-0.25,12.75,6.4));
#10964=CARTESIAN_POINT('',(-0.25,12.75,7.));
#10965=CARTESIAN_POINT('',(-0.25,12.3456925097228,6.85));
#10966=CARTESIAN_POINT('',(-0.25,12.4417201696725,6.96523319193961));
#10967=CARTESIAN_POINT('',(-0.25,12.4417201696725,6.96523319193961));
#10968=CARTESIAN_POINT('',(-0.25,12.6460276599497,6.79497695004194));
#10969=CARTESIAN_POINT('',(-0.25,12.55,6.67974375810233));
#10970=CARTESIAN_POINT('',(-0.25,12.7,6.67974375810234));
#10971=CARTESIAN_POINT('',(-0.25,12.7,6.67974375810234));
#10972=CARTESIAN_POINT('',(-0.25,12.7,6.52025624189767));
#10973=CARTESIAN_POINT('',(-0.25,12.55,6.52025624189767));
#10974=CARTESIAN_POINT('',(-0.25,12.6460276599497,6.40502304995806));
#10975=CARTESIAN_POINT('',(-0.25,12.6460276599497,6.40502304995806));
#10976=CARTESIAN_POINT('',(-0.25,12.4417201696725,6.2347668080604));
#10977=CARTESIAN_POINT('',(-0.25,12.3456925097228,6.35000000000001));
#10978=CARTESIAN_POINT('',(-0.25,11.9,3.45));
#10979=CARTESIAN_POINT('',(-0.25,11.9,3.5));
#10980=CARTESIAN_POINT('',(-0.25,11.75,3.5));
#10981=CARTESIAN_POINT('',(-0.25,12.3427050983125,3.5));
#10982=CARTESIAN_POINT('',(-0.25,11.75,4.));
#10983=CARTESIAN_POINT('',(-0.25,11.75,3.45));
#10984=CARTESIAN_POINT('',(-0.25,11.9,3.45));
#10985=CARTESIAN_POINT('',(-0.25,11.9,3.3));
#10986=CARTESIAN_POINT('',(-0.25,11.9,3.3));
#10987=CARTESIAN_POINT('',(-0.25,12.0572949016875,3.3));
#10988=CARTESIAN_POINT('',(-0.25,12.0572949016875,3.45));
#10989=CARTESIAN_POINT('',(-0.25,12.1914589803375,3.38291796067501));
#10990=CARTESIAN_POINT('',(-0.25,12.1914589803375,3.38291796067501));
#10991=CARTESIAN_POINT('',(-0.25,12.2085410196625,3.417082039325));
#10992=CARTESIAN_POINT('',(-0.25,12.3427050983125,3.34999999999999));
#10993=CARTESIAN_POINT('',(5.24283628290596,9.73992103548919,7.));
#10994=CARTESIAN_POINT('',(3.86030800925724,10.9,7.));
#10995=CARTESIAN_POINT('',(3.86030800925724,10.9,2.7));
#10996=CARTESIAN_POINT('',(5.24283628290596,9.73992103548919,2.7));
#10997=CARTESIAN_POINT('',(2.84731745555216,11.75,2.7));
#10998=CARTESIAN_POINT('',(2.84731745555216,11.75,7.));
#10999=CARTESIAN_POINT('',(2.84731745555216,11.75,2.75));
#11000=CARTESIAN_POINT('',(2.66855441666303,11.9,2.75));
#11001=CARTESIAN_POINT('',(2.66855441666303,11.9,2.9));
#11002=CARTESIAN_POINT('',(5.24283628290596,9.73992103548919,2.9));
#11003=CARTESIAN_POINT('',(2.48109765248018,12.0572949016875,2.9));
#11004=CARTESIAN_POINT('',(2.48109765248018,12.0572949016875,2.75));
#11005=CARTESIAN_POINT('',(2.32120712975197,12.1914589803375,2.81708203932499));
#11006=CARTESIAN_POINT('',(4.97547995257489,9.96425963366291,7.27148073267428));
#11007=CARTESIAN_POINT('',(2.30084954801757,12.2085410196625,2.782917960675));
#11008=CARTESIAN_POINT('',(2.14095902528935,12.3427050983125,2.85000000000001));
#11009=CARTESIAN_POINT('',(2.14095902528936,12.3427050983125,2.7));
#11010=CARTESIAN_POINT('',(5.24283628290596,9.73992103548919,2.7));
#11011=CARTESIAN_POINT('',(2.13739876700855,12.3456925097228,2.7));
#11012=CARTESIAN_POINT('',(2.13739876700855,12.3456925097228,2.85000000000001));
#11013=CARTESIAN_POINT('',(2.02295745827512,12.4417201696725,2.7347668080604));
#11014=CARTESIAN_POINT('',(3.16497784890277,11.4834512810999,1.93620940091657));
#11015=CARTESIAN_POINT('',(1.77947327274336,12.6460276599497,2.90502304995806));
#11016=CARTESIAN_POINT('',(1.8939145814768,12.55,3.02025624189767));
#11017=CARTESIAN_POINT('',(1.71515154258766,12.7,3.02025624189767));
#11018=CARTESIAN_POINT('',(1.71515154258766,12.7,7.));
#11019=CARTESIAN_POINT('',(1.71515154258766,12.7,3.17974375810234));
#11020=CARTESIAN_POINT('',(1.8939145814768,12.55,3.17974375810233));
#11021=CARTESIAN_POINT('',(1.77947327274336,12.6460276599497,3.29497695004194));
#11022=CARTESIAN_POINT('',(5.652005797154,9.39658704699468,6.00284412750443));
#11023=CARTESIAN_POINT('',(2.02295745827512,12.4417201696725,3.46523319193961));
#11024=CARTESIAN_POINT('',(2.13739876700856,12.3456925097228,3.35));
#11025=CARTESIAN_POINT('',(2.13739876700855,12.3456925097228,3.5));
#11026=CARTESIAN_POINT('',(5.24283628290596,9.73992103548919,3.5));
#11027=CARTESIAN_POINT('',(2.14095902528935,12.3427050983125,3.5));
#11028=CARTESIAN_POINT('',(2.14095902528935,12.3427050983125,3.34999999999999));
#11029=CARTESIAN_POINT('',(2.30084954801757,12.2085410196625,3.417082039325));
#11030=CARTESIAN_POINT('',(2.07975487263974,12.3940614802273,3.78812296045459));
#11031=CARTESIAN_POINT('',(2.32120712975197,12.1914589803375,3.382917960675));
#11032=CARTESIAN_POINT('',(2.48109765248018,12.0572949016875,3.45));
#11033=CARTESIAN_POINT('',(2.48109765248018,12.0572949016875,3.3));
#11034=CARTESIAN_POINT('',(5.24283628290596,9.73992103548919,3.3));
#11035=CARTESIAN_POINT('',(2.66855441666303,11.9,3.3));
#11036=CARTESIAN_POINT('',(2.66855441666303,11.9,3.45));
#11037=CARTESIAN_POINT('',(2.84731745555216,11.75,3.45));
#11038=CARTESIAN_POINT('',(2.84731745555216,11.75,7.));
#11039=CARTESIAN_POINT('',(2.84731745555216,11.75,3.5));
#11040=CARTESIAN_POINT('',(5.24283628290596,9.73992103548919,3.5));
#11041=CARTESIAN_POINT('',(3.86030800925724,10.9,3.5));
#11042=CARTESIAN_POINT('',(3.86030800925724,10.9,7.));
#11043=CARTESIAN_POINT('',(3.86030800925724,10.9,6.2));
#11044=CARTESIAN_POINT('',(5.24283628290596,9.73992103548919,6.2));
#11045=CARTESIAN_POINT('',(2.84731745555216,11.75,6.2));
#11046=CARTESIAN_POINT('',(2.84731745555216,11.75,7.));
#11047=CARTESIAN_POINT('',(2.84731745555216,11.75,6.25));
#11048=CARTESIAN_POINT('',(2.66855441666303,11.9,6.25));
#11049=CARTESIAN_POINT('',(2.66855441666303,11.9,6.4));
#11050=CARTESIAN_POINT('',(5.24283628290596,9.73992103548919,6.4));
#11051=CARTESIAN_POINT('',(2.48109765248018,12.0572949016875,6.4));
#11052=CARTESIAN_POINT('',(2.48109765248018,12.0572949016875,6.25));
#11053=CARTESIAN_POINT('',(2.32120712975197,12.1914589803375,6.31708203932499));
#11054=CARTESIAN_POINT('',(3.67611613465526,11.0545553340444,8.5908893319113));
#11055=CARTESIAN_POINT('',(2.30084954801757,12.2085410196625,6.282917960675));
#11056=CARTESIAN_POINT('',(2.14095902528935,12.3427050983125,6.35000000000001));
#11057=CARTESIAN_POINT('',(2.14095902528936,12.3427050983125,6.2));
#11058=CARTESIAN_POINT('',(5.24283628290596,9.73992103548919,6.2));
#11059=CARTESIAN_POINT('',(2.13739876700855,12.3456925097228,6.2));
#11060=CARTESIAN_POINT('',(2.13739876700855,12.3456925097228,6.35000000000001));
#11061=CARTESIAN_POINT('',(2.02295745827512,12.4417201696725,6.2347668080604));
#11062=CARTESIAN_POINT('',(4.28095192824627,10.5470378427193,4.65586486893279));
#11063=CARTESIAN_POINT('',(1.77947327274336,12.6460276599497,6.40502304995806));
#11064=CARTESIAN_POINT('',(1.8939145814768,12.55,6.52025624189767));
#11065=CARTESIAN_POINT('',(1.71515154258766,12.7,6.52025624189767));
#11066=CARTESIAN_POINT('',(1.71515154258766,12.7,7.));
#11067=CARTESIAN_POINT('',(1.71515154258766,12.7,6.67974375810234));
#11068=CARTESIAN_POINT('',(1.8939145814768,12.55,6.67974375810233));
#11069=CARTESIAN_POINT('',(1.77947327274336,12.6460276599497,6.79497695004194));
#11070=CARTESIAN_POINT('',(4.53603171781049,10.3330004853752,8.72249959552065));
#11071=CARTESIAN_POINT('',(2.02295745827512,12.4417201696725,6.9652331919396));
#11072=CARTESIAN_POINT('',(2.13739876700856,12.3456925097228,6.85));
#11073=CARTESIAN_POINT('',(2.14095902528935,12.3427050983125,6.84999999999999));
#11074=CARTESIAN_POINT('',(2.30084954801757,12.2085410196625,6.917082039325));
#11075=CARTESIAN_POINT('',(3.37911869055938,11.3037657798458,5.10753155969165));
#11076=CARTESIAN_POINT('',(2.32120712975197,12.1914589803375,6.882917960675));
#11077=CARTESIAN_POINT('',(2.48109765248018,12.0572949016875,6.95));
#11078=CARTESIAN_POINT('',(2.48109765248018,12.0572949016875,6.8));
#11079=CARTESIAN_POINT('',(5.24283628290596,9.73992103548919,6.8));
#11080=CARTESIAN_POINT('',(2.66855441666303,11.9,6.8));
#11081=CARTESIAN_POINT('',(2.66855441666303,11.9,6.95));
#11082=CARTESIAN_POINT('',(2.84731745555216,11.75,6.95));
#11083=CARTESIAN_POINT('',(2.84731745555216,11.75,7.));
#11084=CARTESIAN_POINT('',(5.24283628290596,9.73992103548919,7.));
#11085=CARTESIAN_POINT('',(-9.15,12.45,7.));
#11086=CARTESIAN_POINT('',(-9.15,12.15,6.35));
#11087=CARTESIAN_POINT('',(-9.15,12.15,6.35));
#11088=CARTESIAN_POINT('',(-9.15,12.15,3.5));
#11089=CARTESIAN_POINT('',(-9.15,12.45,6.35));
#11090=CARTESIAN_POINT('',(-9.15,10.5937171043519,6.35));
#11091=CARTESIAN_POINT('',(-9.15,10.5937171043519,6.35));
#11092=CARTESIAN_POINT('',(-9.15,10.5937171043519,3.5));
#11093=CARTESIAN_POINT('',(-9.15,12.45,3.5));
#11094=CARTESIAN_POINT('',(-9.15,9.40628289564811,6.35));
#11095=CARTESIAN_POINT('',(-9.15,9.40628289564811,6.35));
#11096=CARTESIAN_POINT('',(-9.15,9.40628289564811,3.5));
#11097=CARTESIAN_POINT('',(-9.15,12.45,6.35));
#11098=CARTESIAN_POINT('',(-9.15,0.8,6.35));
#11099=CARTESIAN_POINT('',(-9.15,0.8,6.35));
#11100=CARTESIAN_POINT('',(-9.15,0.8,3.5));
#11101=CARTESIAN_POINT('',(-9.15,12.45,3.5));
#11102=CARTESIAN_POINT('',(-9.15,12.45,7.));
#11103=CARTESIAN_POINT('',(-9.15,12.15,2.85));
#11104=CARTESIAN_POINT('',(-9.15,12.15,2.85));
#11105=CARTESIAN_POINT('',(-9.15,12.45,2.85));
#11106=CARTESIAN_POINT('',(-9.15,10.5937171043519,2.85));
#11107=CARTESIAN_POINT('',(-9.15,10.5937171043519,2.85));
#11108=CARTESIAN_POINT('',(-9.15,9.40628289564811,2.85));
#11109=CARTESIAN_POINT('',(-9.15,9.40628289564811,2.85));
#11110=CARTESIAN_POINT('',(-9.15,12.45,2.85));
#11111=CARTESIAN_POINT('',(-9.15,0.8,2.85));
#11112=CARTESIAN_POINT('',(-9.15,0.8,2.85));
#11113=CARTESIAN_POINT('',(-9.15,0.300000000000002,7.));
#11114=CARTESIAN_POINT('',(-8.85,0.300000000000002,7.));
#11115=CARTESIAN_POINT('',(-8.85,5.42101086242752E-17,7.));
#11116=CARTESIAN_POINT('',(-8.85,0.,7.));
#11117=CARTESIAN_POINT('',(-7.65,6.50521303491303E-16,6.35));
#11118=CARTESIAN_POINT('',(-7.65,6.50521303491303E-16,6.35));
#11119=CARTESIAN_POINT('',(-7.65,0.,3.5));
#11120=CARTESIAN_POINT('',(-8.85,0.,6.35));
#11121=CARTESIAN_POINT('',(0.832532421355126,0.,6.35));
#11122=CARTESIAN_POINT('',(0.832532421355126,0.,6.35));
#11123=CARTESIAN_POINT('',(0.832532421355126,0.,3.5));
#11124=CARTESIAN_POINT('',(-8.85,0.,3.5));
#11125=CARTESIAN_POINT('',(2.56746757864487,5.42101086242752E-16,6.35));
#11126=CARTESIAN_POINT('',(2.56746757864487,5.42101086242752E-16,6.35));
#11127=CARTESIAN_POINT('',(2.56746757864487,0.,3.5));
#11128=CARTESIAN_POINT('',(-8.85,0.,6.35));
#11129=CARTESIAN_POINT('',(4.75,0.,6.35));
#11130=CARTESIAN_POINT('',(4.75,0.,6.35));
#11131=CARTESIAN_POINT('',(4.75,0.,3.5));
#11132=CARTESIAN_POINT('',(-8.85,0.,3.5));
#11133=CARTESIAN_POINT('',(-7.65,6.50521303491303E-16,2.85));
#11134=CARTESIAN_POINT('',(-7.65,6.50521303491303E-16,2.85));
#11135=CARTESIAN_POINT('',(-8.85,0.,2.85));
#11136=CARTESIAN_POINT('',(0.832532421355126,0.,2.85));
#11137=CARTESIAN_POINT('',(0.832532421355126,0.,2.85));
#11138=CARTESIAN_POINT('',(2.56746757864487,5.42101086242752E-16,2.85));
#11139=CARTESIAN_POINT('',(2.56746757864487,5.42101086242752E-16,2.85));
#11140=CARTESIAN_POINT('',(-8.85,0.,2.85));
#11141=CARTESIAN_POINT('',(4.75,0.,2.85));
#11142=CARTESIAN_POINT('',(4.75,0.,2.85));
#11143=CARTESIAN_POINT('',(5.05,0.,7.));
#11144=CARTESIAN_POINT('',(5.05,0.3,7.));
#11145=CARTESIAN_POINT('',(5.04999999999999,9.5101077025535,7.));
#11146=CARTESIAN_POINT('',(1.65556386295795,12.75,7.));
#11147=CARTESIAN_POINT('',(1.65556386295795,12.75,6.4));
#11148=CARTESIAN_POINT('',(-5.9,12.75,6.4));
#11149=CARTESIAN_POINT('',(-5.9,12.75,7.));
#11150=CARTESIAN_POINT('',(-5.9,12.75,4.8));
#11151=CARTESIAN_POINT('',(1.65556386295795,12.75,4.8));
#11152=CARTESIAN_POINT('',(-6.7,12.75,4.8));
#11153=CARTESIAN_POINT('',(-6.7,12.75,4.3));
#11154=CARTESIAN_POINT('',(-7.2,12.75,4.3));
#11155=CARTESIAN_POINT('',(-7.2,12.75,7.));
#11156=CARTESIAN_POINT('',(-7.2,12.75,3.3));
#11157=CARTESIAN_POINT('',(1.65556386295795,12.75,3.3));
#11158=CARTESIAN_POINT('',(1.65556386295795,12.75,2.9));
#11159=CARTESIAN_POINT('',(-5.9,12.75,2.9));
#11160=CARTESIAN_POINT('',(-5.9,12.75,7.));
#11161=CARTESIAN_POINT('',(-5.9,12.75,1.3));
#11162=CARTESIAN_POINT('',(1.65556386295795,12.75,1.3));
#11163=CARTESIAN_POINT('',(-6.7,12.75,1.3));
#11164=CARTESIAN_POINT('',(-6.7,12.75,0.799999999999997));
#11165=CARTESIAN_POINT('',(-7.2,12.75,0.8));
#11166=CARTESIAN_POINT('',(-7.2,12.75,7.));
#11167=CARTESIAN_POINT('',(-8.85,12.75,7.));
#11168=CARTESIAN_POINT('',(-8.85,12.45,7.));
#11169=CARTESIAN_POINT('',(-7.65,1.,2.85));
#11170=CARTESIAN_POINT('',(-7.65,1.,0.));
#11171=CARTESIAN_POINT('',(-6.65094562668904,1.04347826086957,0.));
#11172=CARTESIAN_POINT('',(-6.65094562668904,1.04347826086957,2.85));
#11173=CARTESIAN_POINT('',(-6.65094562668904,1.04347826086957,2.85));
#11174=CARTESIAN_POINT('',(-7.65,1.,2.85));
#11175=CARTESIAN_POINT('',(-6.5010874706924,1.05,2.85));
#11176=CARTESIAN_POINT('',(-6.5010874706924,1.05,0.));
#11177=CARTESIAN_POINT('',(-6.50108747069239,1.2,0.));
#11178=CARTESIAN_POINT('',(-6.50108747069239,1.2,2.85));
#11179=CARTESIAN_POINT('',(-6.50108747069239,1.2,2.85));
#11180=CARTESIAN_POINT('',(-6.5010874706924,1.05,2.85));
#11181=CARTESIAN_POINT('',(-4.04910685796332,1.2,2.85));
#11182=CARTESIAN_POINT('',(-4.75,1.2,0.56));
#11183=CARTESIAN_POINT('',(-4.75,1.2,0.56));
#11184=CARTESIAN_POINT('',(-4.75,1.2,1.56));
#11185=CARTESIAN_POINT('',(-4.75,1.2,0.56));
#11186=CARTESIAN_POINT('',(-5.25,1.2,0.56));
#11187=CARTESIAN_POINT('',(-5.25,1.2,0.56));
#11188=CARTESIAN_POINT('',(-5.25,1.2,1.56));
#11189=CARTESIAN_POINT('',(-4.75,1.2,1.56));
#11190=CARTESIAN_POINT('',(-4.04910685796332,1.2,0.));
#11191=CARTESIAN_POINT('',(-4.04910685796332,1.2,0.));
#11192=CARTESIAN_POINT('',(-4.04910685796332,1.2,2.85));
#11193=CARTESIAN_POINT('',(-4.04910685796332,1.2,2.85));
#11194=CARTESIAN_POINT('',(-4.04910685796332,1.2,2.85));
#11195=CARTESIAN_POINT('',(-4.04910685796332,1.05,2.85));
#11196=CARTESIAN_POINT('',(-4.04910685796332,1.05,0.));
#11197=CARTESIAN_POINT('',(-3.89920255175297,1.04464285714286,0.));
#11198=CARTESIAN_POINT('',(-3.89920255175297,1.04464285714286,2.85));
#11199=CARTESIAN_POINT('',(-3.89920255175297,1.04464285714286,2.85));
#11200=CARTESIAN_POINT('',(-4.04910685796332,1.05,2.85));
#11201=CARTESIAN_POINT('',(-2.65,1.,2.85));
#11202=CARTESIAN_POINT('',(-2.65,1.,0.));
#11203=CARTESIAN_POINT('',(-3.51746757864487,0.1,0.));
#11204=CARTESIAN_POINT('',(-3.51746757864487,0.1,2.85));
#11205=CARTESIAN_POINT('',(-3.51746757864487,0.1,2.85));
#11206=CARTESIAN_POINT('',(-2.65,1.,2.85));
#11207=CARTESIAN_POINT('',(-1.78253242135513,0.1,2.85));
#11208=CARTESIAN_POINT('',(-8.75,0.1,0.));
#11209=CARTESIAN_POINT('',(-8.75,0.0999999999999993,-1.5));
#11210=CARTESIAN_POINT('',(-8.75,0.0999999999999993,-1.5));
#11211=CARTESIAN_POINT('',(-8.75,0.1,-1.5));
#11212=CARTESIAN_POINT('',(4.95,0.1,-1.5));
#11213=CARTESIAN_POINT('',(4.95,0.1,-1.5));
#11214=CARTESIAN_POINT('',(-8.75,0.1,0.));
#11215=CARTESIAN_POINT('',(-8.75,0.1,0.));
#11216=CARTESIAN_POINT('',(-1.78253242135513,0.1,0.));
#11217=CARTESIAN_POINT('',(-1.78253242135513,0.1,2.85));
#11218=CARTESIAN_POINT('',(-1.78253242135513,0.1,2.85));
#11219=CARTESIAN_POINT('',(-1.78253242135513,0.1,2.85));
#11220=CARTESIAN_POINT('',(-2.65,1.,2.85));
#11221=CARTESIAN_POINT('',(-2.65,1.,0.));
#11222=CARTESIAN_POINT('',(-1.40079744842304,1.04464286206781,0.));
#11223=CARTESIAN_POINT('',(-1.40079744842304,1.04464286206781,2.85));
#11224=CARTESIAN_POINT('',(-1.40079744842304,1.04464286206781,2.85));
#11225=CARTESIAN_POINT('',(-2.65,1.,2.85));
#11226=CARTESIAN_POINT('',(-1.25089314203668,1.05,2.85));
#11227=CARTESIAN_POINT('',(-1.25089314203668,1.05,0.));
#11228=CARTESIAN_POINT('',(-1.25089314203668,1.2,0.));
#11229=CARTESIAN_POINT('',(-1.25089314203668,1.2,2.85));
#11230=CARTESIAN_POINT('',(-1.25089314203668,1.2,2.85));
#11231=CARTESIAN_POINT('',(-1.25089314203668,1.05,2.85));
#11232=CARTESIAN_POINT('',(0.308058909292494,1.2,2.85));
#11233=CARTESIAN_POINT('',(0.25,1.2,0.56));
#11234=CARTESIAN_POINT('',(0.25,1.2,0.56));
#11235=CARTESIAN_POINT('',(0.25,1.2,1.56));
#11236=CARTESIAN_POINT('',(0.25,1.2,0.56));
#11237=CARTESIAN_POINT('',(-0.25,1.2,0.56));
#11238=CARTESIAN_POINT('',(-0.25,1.2,0.56));
#11239=CARTESIAN_POINT('',(-0.25,1.2,1.56));
#11240=CARTESIAN_POINT('',(0.25,1.2,1.56));
#11241=CARTESIAN_POINT('',(0.308058909292494,1.2,0.));
#11242=CARTESIAN_POINT('',(0.308058909292494,1.2,0.));
#11243=CARTESIAN_POINT('',(0.308058909292494,1.2,2.85));
#11244=CARTESIAN_POINT('',(0.308058909292494,1.2,2.85));
#11245=CARTESIAN_POINT('',(0.308058909292494,1.2,2.85));
#11246=CARTESIAN_POINT('',(0.308058909292495,1.05,2.85));
#11247=CARTESIAN_POINT('',(0.308058909292495,1.05,0.));
#11248=CARTESIAN_POINT('',(0.457195454725441,1.03392857142857,0.));
#11249=CARTESIAN_POINT('',(0.457195454725441,1.03392857142857,2.85));
#11250=CARTESIAN_POINT('',(0.457195454725441,1.03392857142857,2.85));
#11251=CARTESIAN_POINT('',(0.308058909292495,1.05,2.85));
#11252=CARTESIAN_POINT('',(1.7,0.9,2.85));
#11253=CARTESIAN_POINT('',(1.7,0.9,0.));
#11254=CARTESIAN_POINT('',(1.7,0.9,2.85));
#11255=CARTESIAN_POINT('',(4.6,1.05,2.85));
#11256=CARTESIAN_POINT('',(4.6,1.05,2.85));
#11257=CARTESIAN_POINT('',(1.7,0.899999999999999,2.85));
#11258=CARTESIAN_POINT('',(2.94280454423757,1.03392858105145,2.85));
#11259=CARTESIAN_POINT('',(3.0919410907075,1.05,2.85));
#11260=CARTESIAN_POINT('',(3.0919410907075,1.2,2.85));
#11261=CARTESIAN_POINT('',(4.6,1.2,2.85));
#11262=CARTESIAN_POINT('',(4.6,1.2,2.85));
#11263=CARTESIAN_POINT('',(4.6,1.05,2.85));
#11264=CARTESIAN_POINT('',(4.75,1.05,2.85));
#11265=CARTESIAN_POINT('',(4.75,0.,2.85));
#11266=CARTESIAN_POINT('',(4.75,0.,2.85));
#11267=CARTESIAN_POINT('',(4.75,1.05,2.85));
#11268=CARTESIAN_POINT('',(4.75,1.05,0.));
#11269=CARTESIAN_POINT('',(4.75,0.,0.));
#11270=CARTESIAN_POINT('',(4.6,1.05,2.85));
#11271=CARTESIAN_POINT('',(4.6,1.05,0.));
#11272=CARTESIAN_POINT('',(4.6,1.2,0.));
#11273=CARTESIAN_POINT('',(4.6,1.2,2.85));
#11274=CARTESIAN_POINT('',(4.6,1.2,2.85));
#11275=CARTESIAN_POINT('',(4.6,1.2,0.));
#11276=CARTESIAN_POINT('',(3.0919410907075,1.2,0.));
#11277=CARTESIAN_POINT('',(3.0919410907075,1.2,2.85));
#11278=CARTESIAN_POINT('',(3.0919410907075,1.05,2.85));
#11279=CARTESIAN_POINT('',(3.0919410907075,1.05,0.));
#11280=CARTESIAN_POINT('',(2.94280454423757,1.03392858105145,0.));
#11281=CARTESIAN_POINT('',(2.94280454423757,1.03392858105145,2.85));
#11282=CARTESIAN_POINT('',(1.7,0.899999999999999,2.85));
#11283=CARTESIAN_POINT('',(1.7,0.899999999999999,0.));
#11284=CARTESIAN_POINT('',(4.6,1.05,6.35));
#11285=CARTESIAN_POINT('',(4.6,1.05,3.5));
#11286=CARTESIAN_POINT('',(4.75,1.05,3.5));
#11287=CARTESIAN_POINT('',(4.6,1.2,3.5));
#11288=CARTESIAN_POINT('',(4.75,1.05,6.35));
#11289=CARTESIAN_POINT('',(4.75,1.05,6.35));
#11290=CARTESIAN_POINT('',(4.6,1.05,6.35));
#11291=CARTESIAN_POINT('',(4.6,1.2,6.35));
#11292=CARTESIAN_POINT('',(4.6,1.2,6.35));
#11293=CARTESIAN_POINT('',(4.6,1.2,6.35));
#11294=CARTESIAN_POINT('',(4.6,1.2,3.5));
#11295=CARTESIAN_POINT('',(3.0919410907075,1.2,3.5));
#11296=CARTESIAN_POINT('',(4.6,1.2,6.35));
#11297=CARTESIAN_POINT('',(3.0919410907075,1.2,6.35));
#11298=CARTESIAN_POINT('',(3.0919410907075,1.2,6.35));
#11299=CARTESIAN_POINT('',(3.0919410907075,1.05,6.35));
#11300=CARTESIAN_POINT('',(3.0919410907075,1.05,3.5));
#11301=CARTESIAN_POINT('',(2.94280454423757,1.03392858105145,3.5));
#11302=CARTESIAN_POINT('',(3.0919410907075,1.05,6.35));
#11303=CARTESIAN_POINT('',(2.94280454423757,1.03392858105145,6.35));
#11304=CARTESIAN_POINT('',(2.94280454423757,1.03392858105145,6.35));
#11305=CARTESIAN_POINT('',(4.6,1.05,6.35));
#11306=CARTESIAN_POINT('',(1.7,0.899999999999999,6.35));
#11307=CARTESIAN_POINT('',(4.75,0.,6.35));
#11308=CARTESIAN_POINT('',(4.6,1.05,3.5));
#11309=CARTESIAN_POINT('',(4.75,0.,3.5));
#11310=CARTESIAN_POINT('',(1.7,0.899999999999999,3.5));
#11311=CARTESIAN_POINT('',(1.7,0.899999999999999,6.35));
#11312=CARTESIAN_POINT('',(4.75,0.,6.35));
#11313=CARTESIAN_POINT('',(4.6,1.05,6.35));
#11314=CARTESIAN_POINT('',(-7.65,1.,6.35));
#11315=CARTESIAN_POINT('',(-6.65094562668904,1.04347826086957,6.35));
#11316=CARTESIAN_POINT('',(-6.5010874706924,1.05,6.35));
#11317=CARTESIAN_POINT('',(-6.50108747069239,1.2,6.35));
#11318=CARTESIAN_POINT('',(-4.04910685796332,1.2,6.35));
#11319=CARTESIAN_POINT('',(-4.04910685796332,1.2,6.35));
#11320=CARTESIAN_POINT('',(-4.04910685796332,1.05,6.35));
#11321=CARTESIAN_POINT('',(-3.89920255175297,1.04464285714286,6.35));
#11322=CARTESIAN_POINT('',(-2.65,1.,6.35));
#11323=CARTESIAN_POINT('',(-3.51746757864487,0.1,6.35));
#11324=CARTESIAN_POINT('',(-1.78253242135513,0.1,6.35));
#11325=CARTESIAN_POINT('',(-1.78253242135513,0.1,6.35));
#11326=CARTESIAN_POINT('',(-2.65,1.,6.35));
#11327=CARTESIAN_POINT('',(-1.40079744842304,1.04464286206781,6.35));
#11328=CARTESIAN_POINT('',(-1.25089314203668,1.05,6.35));
#11329=CARTESIAN_POINT('',(-1.25089314203668,1.2,6.35));
#11330=CARTESIAN_POINT('',(0.308058909292494,1.2,6.35));
#11331=CARTESIAN_POINT('',(0.308058909292494,1.2,6.35));
#11332=CARTESIAN_POINT('',(0.308058909292495,1.05,6.35));
#11333=CARTESIAN_POINT('',(0.457195454725441,1.03392857142857,6.35));
#11334=CARTESIAN_POINT('',(1.7,0.9,6.35));
#11335=CARTESIAN_POINT('',(4.6,1.05,3.5));
#11336=CARTESIAN_POINT('',(1.7,0.9,3.5));
#11337=CARTESIAN_POINT('',(0.457195454725441,1.03392857142857,3.5));
#11338=CARTESIAN_POINT('',(0.308058909292495,1.05,3.5));
#11339=CARTESIAN_POINT('',(0.308058909292494,1.2,3.5));
#11340=CARTESIAN_POINT('',(0.308058909292494,1.2,3.5));
#11341=CARTESIAN_POINT('',(-1.25089314203668,1.2,3.5));
#11342=CARTESIAN_POINT('',(-1.25089314203668,1.05,3.5));
#11343=CARTESIAN_POINT('',(-1.40079744842304,1.04464286206781,3.5));
#11344=CARTESIAN_POINT('',(-2.65,1.,3.5));
#11345=CARTESIAN_POINT('',(-1.78253242135513,0.1,3.5));
#11346=CARTESIAN_POINT('',(-1.78253242135513,0.1,3.5));
#11347=CARTESIAN_POINT('',(-3.51746757864487,0.1,3.5));
#11348=CARTESIAN_POINT('',(-2.65,1.,3.5));
#11349=CARTESIAN_POINT('',(-3.89920255175297,1.04464285714286,3.5));
#11350=CARTESIAN_POINT('',(-4.04910685796332,1.05,3.5));
#11351=CARTESIAN_POINT('',(-4.04910685796332,1.2,3.5));
#11352=CARTESIAN_POINT('',(-4.04910685796332,1.2,3.5));
#11353=CARTESIAN_POINT('',(-6.50108747069239,1.2,3.5));
#11354=CARTESIAN_POINT('',(-6.5010874706924,1.05,3.5));
#11355=CARTESIAN_POINT('',(-6.65094562668904,1.04347826086957,3.5));
#11356=CARTESIAN_POINT('',(-7.65,1.,3.5));
#11357=CARTESIAN_POINT('',(1.7,0.9,6.35));
#11358=CARTESIAN_POINT('',(0.457195454725441,1.03392857142857,6.35));
#11359=CARTESIAN_POINT('',(0.308058909292495,1.05,6.35));
#11360=CARTESIAN_POINT('',(0.308058909292494,1.2,6.35));
#11361=CARTESIAN_POINT('',(0.308058909292494,1.2,6.35));
#11362=CARTESIAN_POINT('',(0.25,1.2,4.06));
#11363=CARTESIAN_POINT('',(0.25,1.2,4.06));
#11364=CARTESIAN_POINT('',(0.25,1.2,5.06));
#11365=CARTESIAN_POINT('',(0.25,1.2,4.06));
#11366=CARTESIAN_POINT('',(-0.25,1.2,4.06));
#11367=CARTESIAN_POINT('',(-0.25,1.2,4.06));
#11368=CARTESIAN_POINT('',(-0.25,1.2,5.06));
#11369=CARTESIAN_POINT('',(0.25,1.2,5.06));
#11370=CARTESIAN_POINT('',(-1.25089314203668,1.2,6.35));
#11371=CARTESIAN_POINT('',(-1.25089314203668,1.05,6.35));
#11372=CARTESIAN_POINT('',(-1.40079744842304,1.04464286206781,6.35));
#11373=CARTESIAN_POINT('',(-2.65,1.,6.35));
#11374=CARTESIAN_POINT('',(-1.78253242135513,0.1,6.35));
#11375=CARTESIAN_POINT('',(-1.78253242135513,0.1,6.35));
#11376=CARTESIAN_POINT('',(-3.51746757864487,0.1,6.35));
#11377=CARTESIAN_POINT('',(-2.65,1.,6.35));
#11378=CARTESIAN_POINT('',(-3.89920255175297,1.04464285714286,6.35));
#11379=CARTESIAN_POINT('',(-4.04910685796332,1.05,6.35));
#11380=CARTESIAN_POINT('',(-4.04910685796332,1.2,6.35));
#11381=CARTESIAN_POINT('',(-4.04910685796332,1.2,6.35));
#11382=CARTESIAN_POINT('',(-4.75,1.2,4.06));
#11383=CARTESIAN_POINT('',(-4.75,1.2,4.06));
#11384=CARTESIAN_POINT('',(-4.75,1.2,5.06));
#11385=CARTESIAN_POINT('',(-4.75,1.2,4.06));
#11386=CARTESIAN_POINT('',(-5.25,1.2,4.06));
#11387=CARTESIAN_POINT('',(-5.25,1.2,4.06));
#11388=CARTESIAN_POINT('',(-5.25,1.2,5.06));
#11389=CARTESIAN_POINT('',(-4.75,1.2,5.06));
#11390=CARTESIAN_POINT('',(-6.50108747069239,1.2,6.35));
#11391=CARTESIAN_POINT('',(-6.5010874706924,1.05,6.35));
#11392=CARTESIAN_POINT('',(-6.65094562668904,1.04347826086957,6.35));
#11393=CARTESIAN_POINT('',(-7.65,1.,6.35));
#11394=CARTESIAN_POINT('',(-8.79891252930761,0.950000000000003,2.85));
#11395=CARTESIAN_POINT('',(-8.05,10.,2.85));
#11396=CARTESIAN_POINT('',(-8.09464284296642,8.75079744774041,2.85));
#11397=CARTESIAN_POINT('',(-8.1,8.60089314203668,2.85));
#11398=CARTESIAN_POINT('',(-7.95,8.60089314203668,2.85));
#11399=CARTESIAN_POINT('',(-7.95,6.59910685796332,2.85));
#11400=CARTESIAN_POINT('',(-7.95,6.59910685796332,2.85));
#11401=CARTESIAN_POINT('',(-8.1,6.59910685796333,2.85));
#11402=CARTESIAN_POINT('',(-8.09464285714286,6.44920255175297,2.85));
#11403=CARTESIAN_POINT('',(-8.05,5.20000000000001,2.85));
#11404=CARTESIAN_POINT('',(-9.05,5.95,2.85));
#11405=CARTESIAN_POINT('',(-9.05,4.45,2.85));
#11406=CARTESIAN_POINT('',(-9.05,4.45,2.85));
#11407=CARTESIAN_POINT('',(-8.04999999999994,5.20000000000007,2.85));
#11408=CARTESIAN_POINT('',(-8.80926252577981,4.20701439237698,2.85));
#11409=CARTESIAN_POINT('',(-7.95,3.55,2.85));
#11410=CARTESIAN_POINT('',(-7.95,3.55,2.85));
#11411=CARTESIAN_POINT('',(-7.95,1.95393920141695,2.85));
#11412=CARTESIAN_POINT('',(-7.95,1.95393920141695,2.85));
#11413=CARTESIAN_POINT('',(-7.64999999999999,0.999999999999996,2.85));
#11414=CARTESIAN_POINT('',(-8.64905437392772,0.956521753302503,2.85));
#11415=CARTESIAN_POINT('',(-8.79891252930761,0.950000000000003,2.85));
#11416=CARTESIAN_POINT('',(-8.79891252930761,0.8,2.85));
#11417=CARTESIAN_POINT('',(-9.15,0.8,2.85));
#11418=CARTESIAN_POINT('',(-8.05,10.,2.85));
#11419=CARTESIAN_POINT('',(-8.05,10.,0.));
#11420=CARTESIAN_POINT('',(-8.09464284296642,8.75079744774041,0.));
#11421=CARTESIAN_POINT('',(-8.09464284296642,8.75079744774041,2.85));
#11422=CARTESIAN_POINT('',(-9.15,0.8,2.85));
#11423=CARTESIAN_POINT('',(-8.79891252930761,0.8,2.85));
#11424=CARTESIAN_POINT('',(-8.79891252930761,0.8,0.));
#11425=CARTESIAN_POINT('',(-9.15,0.8,0.));
#11426=CARTESIAN_POINT('',(-8.1,8.60089314203668,2.85));
#11427=CARTESIAN_POINT('',(-8.1,8.60089314203668,0.));
#11428=CARTESIAN_POINT('',(-7.95,8.60089314203668,0.));
#11429=CARTESIAN_POINT('',(-7.95,8.60089314203668,2.85));
#11430=CARTESIAN_POINT('',(-7.95,6.59910685796332,2.85));
#11431=CARTESIAN_POINT('',(-7.95,6.59910685796332,0.));
#11432=CARTESIAN_POINT('',(-7.95,6.59910685796332,0.));
#11433=CARTESIAN_POINT('',(-7.95,6.59910685796332,2.85));
#11434=CARTESIAN_POINT('',(-8.1,6.59910685796333,2.85));
#11435=CARTESIAN_POINT('',(-8.1,6.59910685796333,0.));
#11436=CARTESIAN_POINT('',(-8.09464285714286,6.44920255175297,0.));
#11437=CARTESIAN_POINT('',(-8.09464285714286,6.44920255175297,2.85));
#11438=CARTESIAN_POINT('',(-8.05,5.20000000000001,2.85));
#11439=CARTESIAN_POINT('',(-8.05,5.20000000000001,0.));
#11440=CARTESIAN_POINT('',(-9.05,5.95,0.));
#11441=CARTESIAN_POINT('',(-9.05,5.95,2.85));
#11442=CARTESIAN_POINT('',(-9.05,4.45,2.85));
#11443=CARTESIAN_POINT('',(-9.05,6.8,0.));
#11444=CARTESIAN_POINT('',(-9.05,6.8,0.));
#11445=CARTESIAN_POINT('',(-9.05,6.8,-1.5));
#11446=CARTESIAN_POINT('',(-9.05,6.8,-1.5));
#11447=CARTESIAN_POINT('',(-9.05,6.8,-1.5));
#11448=CARTESIAN_POINT('',(-9.05,0.4,-1.5));
#11449=CARTESIAN_POINT('',(-9.05,0.4,-1.5));
#11450=CARTESIAN_POINT('',(-9.05,6.8,0.));
#11451=CARTESIAN_POINT('',(-9.05,4.45,0.));
#11452=CARTESIAN_POINT('',(-9.05,4.45,2.85));
#11453=CARTESIAN_POINT('',(-8.04999999999994,5.20000000000007,2.85));
#11454=CARTESIAN_POINT('',(-8.04999999999994,5.20000000000007,0.));
#11455=CARTESIAN_POINT('',(-8.80926252577981,4.20701439237698,0.));
#11456=CARTESIAN_POINT('',(-8.80926252577981,4.20701439237698,2.85));
#11457=CARTESIAN_POINT('',(-7.95,3.55,2.85));
#11458=CARTESIAN_POINT('',(-7.95,3.55,0.));
#11459=CARTESIAN_POINT('',(-7.95,3.55,0.));
#11460=CARTESIAN_POINT('',(-7.95,3.55,2.85));
#11461=CARTESIAN_POINT('',(-7.95,1.95393920141695,2.85));
#11462=CARTESIAN_POINT('',(-7.95,1.95393920141695,0.));
#11463=CARTESIAN_POINT('',(-7.95,1.95393920141695,0.));
#11464=CARTESIAN_POINT('',(-7.95,1.95393920141695,2.85));
#11465=CARTESIAN_POINT('',(-7.64999999999999,0.999999999999996,2.85));
#11466=CARTESIAN_POINT('',(-7.64999999999999,0.999999999999996,0.));
#11467=CARTESIAN_POINT('',(-8.64905437392772,0.956521753302503,0.));
#11468=CARTESIAN_POINT('',(-8.64905437392772,0.956521753302503,2.85));
#11469=CARTESIAN_POINT('',(-8.79891252930761,0.950000000000003,2.85));
#11470=CARTESIAN_POINT('',(-8.79891252930761,0.950000000000003,0.));
#11471=CARTESIAN_POINT('',(-8.79891252930761,0.950000000000003,2.85));
#11472=CARTESIAN_POINT('',(-8.1,12.15,2.85));
#11473=CARTESIAN_POINT('',(-8.1,12.15,2.85));
#11474=CARTESIAN_POINT('',(-8.1,12.,2.85));
#11475=CARTESIAN_POINT('',(-7.95,12.,2.85));
#11476=CARTESIAN_POINT('',(-7.95,11.3991068579633,2.85));
#11477=CARTESIAN_POINT('',(-7.95,11.3991068579633,2.85));
#11478=CARTESIAN_POINT('',(-8.1,11.3991068579633,2.85));
#11479=CARTESIAN_POINT('',(-8.09464285714286,11.249202551753,2.85));
#11480=CARTESIAN_POINT('',(-8.05,10.,2.85));
#11481=CARTESIAN_POINT('',(-8.05,10.,2.85));
#11482=CARTESIAN_POINT('',(-8.05,10.,0.));
#11483=CARTESIAN_POINT('',(-8.09464285714286,11.249202551753,0.));
#11484=CARTESIAN_POINT('',(-8.09464285714286,11.249202551753,2.85));
#11485=CARTESIAN_POINT('',(-8.1,11.3991068579633,2.85));
#11486=CARTESIAN_POINT('',(-8.1,11.3991068579633,0.));
#11487=CARTESIAN_POINT('',(-7.95,11.3991068579633,0.));
#11488=CARTESIAN_POINT('',(-7.95,11.3991068579633,2.85));
#11489=CARTESIAN_POINT('',(-7.95,11.3991068579633,2.85));
#11490=CARTESIAN_POINT('',(-7.95,11.3991068579633,0.));
#11491=CARTESIAN_POINT('',(-7.95,12.,0.));
#11492=CARTESIAN_POINT('',(-7.95,12.,2.85));
#11493=CARTESIAN_POINT('',(-8.1,12.,2.85));
#11494=CARTESIAN_POINT('',(-8.1,12.,0.));
#11495=CARTESIAN_POINT('',(-8.1,12.15,0.));
#11496=CARTESIAN_POINT('',(-8.1,12.15,2.85));
#11497=CARTESIAN_POINT('',(-8.1,12.15,2.85));
#11498=CARTESIAN_POINT('',(-8.1,12.15,0.));
#11499=CARTESIAN_POINT('',(-8.79891252930761,0.950000000000003,6.35));
#11500=CARTESIAN_POINT('',(-8.79891252930761,0.950000000000003,3.5));
#11501=CARTESIAN_POINT('',(-8.79891252930761,0.8,3.5));
#11502=CARTESIAN_POINT('',(-8.64905437392772,0.956521753302503,3.5));
#11503=CARTESIAN_POINT('',(-8.79891252930761,0.8,6.35));
#11504=CARTESIAN_POINT('',(-8.79891252930761,0.8,6.35));
#11505=CARTESIAN_POINT('',(-8.79891252930761,0.950000000000003,6.35));
#11506=CARTESIAN_POINT('',(-8.64905437392772,0.956521753302503,6.35));
#11507=CARTESIAN_POINT('',(-8.64905437392772,0.956521753302503,6.35));
#11508=CARTESIAN_POINT('',(-7.64999999999999,0.999999999999996,6.35));
#11509=CARTESIAN_POINT('',(-7.64999999999999,0.999999999999996,3.5));
#11510=CARTESIAN_POINT('',(-7.95,1.95393920141695,3.5));
#11511=CARTESIAN_POINT('',(-7.64999999999999,0.999999999999996,6.35));
#11512=CARTESIAN_POINT('',(-7.95,1.95393920141695,6.35));
#11513=CARTESIAN_POINT('',(-7.95,1.95393920141695,6.35));
#11514=CARTESIAN_POINT('',(-7.95,1.95393920141695,6.35));
#11515=CARTESIAN_POINT('',(-7.95,1.95393920141695,3.5));
#11516=CARTESIAN_POINT('',(-7.95,3.55,3.5));
#11517=CARTESIAN_POINT('',(-7.95,1.95393920141695,6.35));
#11518=CARTESIAN_POINT('',(-7.95,3.55,6.35));
#11519=CARTESIAN_POINT('',(-7.95,3.55,6.35));
#11520=CARTESIAN_POINT('',(-7.95,3.55,6.35));
#11521=CARTESIAN_POINT('',(-7.95,3.55,3.5));
#11522=CARTESIAN_POINT('',(-8.80926252577981,4.20701439237698,3.5));
#11523=CARTESIAN_POINT('',(-7.95,3.55,6.35));
#11524=CARTESIAN_POINT('',(-8.80926252577981,4.20701439237698,6.35));
#11525=CARTESIAN_POINT('',(-8.80926252577981,4.20701439237698,6.35));
#11526=CARTESIAN_POINT('',(-8.04999999999994,5.20000000000007,6.35));
#11527=CARTESIAN_POINT('',(-8.04999999999994,5.20000000000007,3.5));
#11528=CARTESIAN_POINT('',(-9.05,4.45,3.5));
#11529=CARTESIAN_POINT('',(-8.04999999999994,5.20000000000007,6.35));
#11530=CARTESIAN_POINT('',(-9.05,4.45,6.35));
#11531=CARTESIAN_POINT('',(-9.05,4.45,6.35));
#11532=CARTESIAN_POINT('',(-9.05,4.45,6.35));
#11533=CARTESIAN_POINT('',(-9.05,4.45,3.5));
#11534=CARTESIAN_POINT('',(-9.05,5.95,3.5));
#11535=CARTESIAN_POINT('',(-9.05,4.45,6.35));
#11536=CARTESIAN_POINT('',(-9.05,5.95,6.35));
#11537=CARTESIAN_POINT('',(-9.05,5.95,6.35));
#11538=CARTESIAN_POINT('',(-8.05,5.20000000000001,6.35));
#11539=CARTESIAN_POINT('',(-8.05,5.20000000000001,3.5));
#11540=CARTESIAN_POINT('',(-8.09464285714286,6.44920255175297,3.5));
#11541=CARTESIAN_POINT('',(-8.05,5.20000000000001,6.35));
#11542=CARTESIAN_POINT('',(-8.09464285714286,6.44920255175297,6.35));
#11543=CARTESIAN_POINT('',(-8.09464285714286,6.44920255175297,6.35));
#11544=CARTESIAN_POINT('',(-8.1,6.59910685796333,6.35));
#11545=CARTESIAN_POINT('',(-8.1,6.59910685796333,3.5));
#11546=CARTESIAN_POINT('',(-7.95,6.59910685796332,3.5));
#11547=CARTESIAN_POINT('',(-8.1,6.59910685796333,6.35));
#11548=CARTESIAN_POINT('',(-7.95,6.59910685796332,6.35));
#11549=CARTESIAN_POINT('',(-7.95,6.59910685796332,6.35));
#11550=CARTESIAN_POINT('',(-7.95,6.59910685796332,6.35));
#11551=CARTESIAN_POINT('',(-7.95,6.59910685796332,3.5));
#11552=CARTESIAN_POINT('',(-7.95,8.60089314203668,3.5));
#11553=CARTESIAN_POINT('',(-7.95,6.59910685796332,6.35));
#11554=CARTESIAN_POINT('',(-7.95,8.60089314203668,6.35));
#11555=CARTESIAN_POINT('',(-7.95,8.60089314203668,6.35));
#11556=CARTESIAN_POINT('',(-8.1,8.60089314203668,6.35));
#11557=CARTESIAN_POINT('',(-8.1,8.60089314203668,3.5));
#11558=CARTESIAN_POINT('',(-8.09464284296642,8.75079744774041,3.5));
#11559=CARTESIAN_POINT('',(-8.1,8.60089314203668,6.35));
#11560=CARTESIAN_POINT('',(-8.09464284296642,8.75079744774041,6.35));
#11561=CARTESIAN_POINT('',(-8.09464284296642,8.75079744774041,6.35));
#11562=CARTESIAN_POINT('',(-8.79891252930761,0.950000000000003,6.35));
#11563=CARTESIAN_POINT('',(-8.05,10.,6.35));
#11564=CARTESIAN_POINT('',(-9.15,0.8,6.35));
#11565=CARTESIAN_POINT('',(-8.79891252930761,0.950000000000003,3.5));
#11566=CARTESIAN_POINT('',(-9.15,0.8,3.5));
#11567=CARTESIAN_POINT('',(-8.05,10.,3.5));
#11568=CARTESIAN_POINT('',(-8.05,10.,6.35));
#11569=CARTESIAN_POINT('',(-9.15,0.8,6.35));
#11570=CARTESIAN_POINT('',(-8.79891252930761,0.950000000000003,6.35));
#11571=CARTESIAN_POINT('',(-8.1,12.15,6.35));
#11572=CARTESIAN_POINT('',(-8.1,12.15,6.35));
#11573=CARTESIAN_POINT('',(-8.1,12.,6.35));
#11574=CARTESIAN_POINT('',(-7.95,12.,6.35));
#11575=CARTESIAN_POINT('',(-7.95,11.3991068579633,6.35));
#11576=CARTESIAN_POINT('',(-7.95,11.3991068579633,6.35));
#11577=CARTESIAN_POINT('',(-8.1,11.3991068579633,6.35));
#11578=CARTESIAN_POINT('',(-8.09464285714286,11.249202551753,6.35));
#11579=CARTESIAN_POINT('',(-8.05,10.,6.35));
#11580=CARTESIAN_POINT('',(-8.79891252930761,0.950000000000003,3.5));
#11581=CARTESIAN_POINT('',(-8.05,10.,3.5));
#11582=CARTESIAN_POINT('',(-8.09464285714286,11.249202551753,3.5));
#11583=CARTESIAN_POINT('',(-8.1,11.3991068579633,3.5));
#11584=CARTESIAN_POINT('',(-7.95,11.3991068579633,3.5));
#11585=CARTESIAN_POINT('',(-7.95,11.3991068579633,3.5));
#11586=CARTESIAN_POINT('',(-7.95,12.,3.5));
#11587=CARTESIAN_POINT('',(-8.1,12.,3.5));
#11588=CARTESIAN_POINT('',(-8.1,12.15,3.5));
#11589=CARTESIAN_POINT('',(-8.1,12.15,3.5));
#11590=CARTESIAN_POINT('',(-8.05,10.,6.35));
#11591=CARTESIAN_POINT('',(-8.09464285714286,11.249202551753,6.35));
#11592=CARTESIAN_POINT('',(-8.1,11.3991068579633,6.35));
#11593=CARTESIAN_POINT('',(-7.95,11.3991068579633,6.35));
#11594=CARTESIAN_POINT('',(-7.95,11.3991068579633,6.35));
#11595=CARTESIAN_POINT('',(-7.95,12.,6.35));
#11596=CARTESIAN_POINT('',(-8.1,12.,6.35));
#11597=CARTESIAN_POINT('',(-8.1,12.15,6.35));
#11598=CARTESIAN_POINT('',(-8.1,12.15,6.35));
#11599=CARTESIAN_POINT('',(-0.25,11.9,6.95));
#11600=CARTESIAN_POINT('',(-0.25,11.9,6.2));
#11601=CARTESIAN_POINT('',(-0.25,12.3427050983125,6.2));
#11602=CARTESIAN_POINT('',(-0.25,11.75,6.2));
#11603=CARTESIAN_POINT('',(-0.25,12.3427050983125,6.35000000000001));
#11604=CARTESIAN_POINT('',(-0.25,12.2085410196625,6.282917960675));
#11605=CARTESIAN_POINT('',(-0.25,12.2085410196625,6.282917960675));
#11606=CARTESIAN_POINT('',(-0.25,12.1914589803375,6.31708203932499));
#11607=CARTESIAN_POINT('',(-0.25,12.0572949016875,6.25));
#11608=CARTESIAN_POINT('',(-0.25,12.0572949016875,6.4));
#11609=CARTESIAN_POINT('',(-0.25,12.0572949016875,6.4));
#11610=CARTESIAN_POINT('',(-0.25,11.9,6.4));
#11611=CARTESIAN_POINT('',(-0.25,11.9,6.25));
#11612=CARTESIAN_POINT('',(-0.25,11.75,6.25));
#11613=CARTESIAN_POINT('',(-0.25,11.75,6.25));
#11614=CARTESIAN_POINT('',(-0.25,12.3456925097228,6.85));
#11615=CARTESIAN_POINT('',(-0.25,12.4417201696725,6.96523319193961));
#11616=CARTESIAN_POINT('',(-0.25,11.75,6.25));
#11617=CARTESIAN_POINT('',(-0.25,11.75,6.2));
#11618=CARTESIAN_POINT('',(-0.25,11.75,6.25));
#11619=CARTESIAN_POINT('',(-0.25,11.9,6.25));
#11620=CARTESIAN_POINT('',(-0.25,11.9,6.4));
#11621=CARTESIAN_POINT('',(-0.25,12.0572949016875,6.4));
#11622=CARTESIAN_POINT('',(-0.25,12.0572949016875,6.4));
#11623=CARTESIAN_POINT('',(-0.25,12.0572949016875,6.25));
#11624=CARTESIAN_POINT('',(-0.25,12.1914589803375,6.31708203932499));
#11625=CARTESIAN_POINT('',(-0.25,12.2085410196625,6.282917960675));
#11626=CARTESIAN_POINT('',(-0.25,12.2085410196625,6.282917960675));
#11627=CARTESIAN_POINT('',(-0.25,12.3427050983125,6.35000000000001));
#11628=CARTESIAN_POINT('',(-0.25,12.3427050983125,6.2));
#11629=CARTESIAN_POINT('',(-0.25,12.3456925097228,6.2));
#11630=CARTESIAN_POINT('',(-5.7,10.9,6.2));
#11631=CARTESIAN_POINT('',(-5.7,10.9,6.2));
#11632=CARTESIAN_POINT('',(-5.7,12.55,6.2));
#11633=CARTESIAN_POINT('',(-0.25,12.55,6.2));
#11634=CARTESIAN_POINT('',(-0.25,12.3456925097228,6.2));
#11635=CARTESIAN_POINT('',(-5.7,10.9,6.2));
#11636=CARTESIAN_POINT('',(-0.25,12.3456925097228,6.35000000000001));
#11637=CARTESIAN_POINT('',(-0.25,12.4417201696725,6.2347668080604));
#11638=CARTESIAN_POINT('',(-0.25,12.6460276599497,6.40502304995806));
#11639=CARTESIAN_POINT('',(-0.25,12.6460276599497,6.40502304995806));
#11640=CARTESIAN_POINT('',(-0.25,12.55,6.52025624189767));
#11641=CARTESIAN_POINT('',(-0.25,12.7,6.52025624189767));
#11642=CARTESIAN_POINT('',(-0.25,12.7,6.67974375810234));
#11643=CARTESIAN_POINT('',(-0.25,12.7,6.67974375810234));
#11644=CARTESIAN_POINT('',(-0.25,12.55,6.67974375810233));
#11645=CARTESIAN_POINT('',(-0.25,12.6460276599497,6.79497695004194));
#11646=CARTESIAN_POINT('',(-0.25,12.4417201696725,6.96523319193961));
#11647=CARTESIAN_POINT('',(-0.25,11.9,6.95));
#11648=CARTESIAN_POINT('',(-0.25,11.9,6.8));
#11649=CARTESIAN_POINT('',(-0.25,11.9,6.8));
#11650=CARTESIAN_POINT('',(-0.25,11.9,6.95));
#11651=CARTESIAN_POINT('',(-0.25,11.75,6.95));
#11652=CARTESIAN_POINT('',(-0.25,11.75,6.95));
#11653=CARTESIAN_POINT('',(-0.25,11.9,6.8));
#11654=CARTESIAN_POINT('',(-0.25,12.0572949016875,6.8));
#11655=CARTESIAN_POINT('',(-0.25,12.0572949016875,6.8));
#11656=CARTESIAN_POINT('',(-0.25,11.9,6.8));
#11657=CARTESIAN_POINT('',(-0.25,12.0572949016875,6.95));
#11658=CARTESIAN_POINT('',(-0.25,12.1914589803375,6.88291796067501));
#11659=CARTESIAN_POINT('',(-0.25,12.1914589803375,6.88291796067501));
#11660=CARTESIAN_POINT('',(-0.25,12.0572949016875,6.95));
#11661=CARTESIAN_POINT('',(-0.25,12.1914589803375,6.88291796067501));
#11662=CARTESIAN_POINT('',(-0.25,12.2085410196625,6.917082039325));
#11663=CARTESIAN_POINT('',(-0.25,12.2085410196625,6.917082039325));
#11664=CARTESIAN_POINT('',(-0.25,12.1914589803375,6.88291796067501));
#11665=CARTESIAN_POINT('',(-0.25,11.75,7.5));
#11666=CARTESIAN_POINT('',(-0.25,11.75,7.5));
#11667=CARTESIAN_POINT('',(-0.25,12.3427050983125,6.84999999999999));
#11668=CARTESIAN_POINT('',(-0.25,12.3427050983125,6.84999999999999));
#11669=CARTESIAN_POINT('',(-0.25,11.9,6.95));
#11670=CARTESIAN_POINT('',(-0.25,11.75,4.));
#11671=CARTESIAN_POINT('',(-0.25,11.75,3.5));
#11672=CARTESIAN_POINT('',(-0.25,11.75,3.45));
#11673=CARTESIAN_POINT('',(-0.25,11.9,3.45));
#11674=CARTESIAN_POINT('',(-0.25,11.9,3.3));
#11675=CARTESIAN_POINT('',(-0.25,11.9,3.3));
#11676=CARTESIAN_POINT('',(-0.25,12.0572949016875,3.3));
#11677=CARTESIAN_POINT('',(-0.25,12.0572949016875,3.45));
#11678=CARTESIAN_POINT('',(-0.25,12.1914589803375,3.38291796067501));
#11679=CARTESIAN_POINT('',(-0.25,12.1914589803375,3.38291796067501));
#11680=CARTESIAN_POINT('',(-0.25,12.2085410196625,3.417082039325));
#11681=CARTESIAN_POINT('',(-0.25,12.3427050983125,3.34999999999999));
#11682=CARTESIAN_POINT('',(-0.25,12.3427050983125,3.5));
#11683=CARTESIAN_POINT('',(-0.25,12.3427050983125,3.5));
#11684=CARTESIAN_POINT('',(-0.25,12.55,3.5));
#11685=CARTESIAN_POINT('',(-7.,12.55,3.5));
#11686=CARTESIAN_POINT('',(-7.,10.9,3.5));
#11687=CARTESIAN_POINT('',(-7.,10.9,3.5));
#11688=CARTESIAN_POINT('',(5.35,10.9,3.5));
#11689=CARTESIAN_POINT('',(-0.25,12.3456925097228,3.5));
#11690=CARTESIAN_POINT('',(-0.25,12.3456925097228,3.35));
#11691=CARTESIAN_POINT('',(-0.25,12.4417201696725,3.46523319193961));
#11692=CARTESIAN_POINT('',(-0.25,12.4417201696725,3.46523319193961));
#11693=CARTESIAN_POINT('',(-0.25,12.6460276599497,3.29497695004194));
#11694=CARTESIAN_POINT('',(-0.25,12.55,3.17974375810233));
#11695=CARTESIAN_POINT('',(-0.25,12.7,3.17974375810234));
#11696=CARTESIAN_POINT('',(-0.25,12.7,3.17974375810234));
#11697=CARTESIAN_POINT('',(-0.25,12.7,3.02025624189767));
#11698=CARTESIAN_POINT('',(-0.25,12.55,3.02025624189767));
#11699=CARTESIAN_POINT('',(-0.25,12.6460276599497,2.90502304995806));
#11700=CARTESIAN_POINT('',(-0.25,12.6460276599497,2.90502304995806));
#11701=CARTESIAN_POINT('',(-0.25,12.4417201696725,2.7347668080604));
#11702=CARTESIAN_POINT('',(-0.25,12.3456925097228,2.85000000000001));
#11703=CARTESIAN_POINT('',(-0.25,12.3456925097228,2.7));
#11704=CARTESIAN_POINT('',(-0.25,12.3456925097228,2.7));
#11705=CARTESIAN_POINT('',(-5.7,10.9,2.7));
#11706=CARTESIAN_POINT('',(-5.7,10.9,2.7));
#11707=CARTESIAN_POINT('',(-5.7,12.55,2.7));
#11708=CARTESIAN_POINT('',(-0.25,12.55,2.7));
#11709=CARTESIAN_POINT('',(-0.25,12.3427050983125,2.7));
#11710=CARTESIAN_POINT('',(-0.25,12.3427050983125,2.7));
#11711=CARTESIAN_POINT('',(-0.25,11.9,2.7));
#11712=CARTESIAN_POINT('',(-0.25,11.75,2.7));
#11713=CARTESIAN_POINT('',(-0.25,11.75,2.7));
#11714=CARTESIAN_POINT('',(-5.7,10.9,2.7));
#11715=CARTESIAN_POINT('',(-0.25,12.3427050983125,2.85000000000001));
#11716=CARTESIAN_POINT('',(-0.25,12.2085410196625,2.782917960675));
#11717=CARTESIAN_POINT('',(-0.25,12.2085410196625,2.782917960675));
#11718=CARTESIAN_POINT('',(-0.25,12.3427050983125,2.85000000000001));
#11719=CARTESIAN_POINT('',(-0.25,12.2085410196625,2.782917960675));
#11720=CARTESIAN_POINT('',(-0.25,12.1914589803375,2.81708203932499));
#11721=CARTESIAN_POINT('',(-0.25,12.1914589803375,2.81708203932499));
#11722=CARTESIAN_POINT('',(-0.25,12.2085410196625,2.782917960675));
#11723=CARTESIAN_POINT('',(-0.25,12.0572949016875,2.75));
#11724=CARTESIAN_POINT('',(-0.25,12.0572949016875,2.9));
#11725=CARTESIAN_POINT('',(-0.25,12.0572949016875,2.9));
#11726=CARTESIAN_POINT('',(-0.25,12.0572949016875,2.75));
#11727=CARTESIAN_POINT('',(-0.25,12.0572949016875,2.9));
#11728=CARTESIAN_POINT('',(-0.25,11.9,2.9));
#11729=CARTESIAN_POINT('',(-0.25,11.9,2.9));
#11730=CARTESIAN_POINT('',(-0.25,12.0572949016875,2.9));
#11731=CARTESIAN_POINT('',(-0.25,11.9,2.75));
#11732=CARTESIAN_POINT('',(-0.25,11.75,2.75));
#11733=CARTESIAN_POINT('',(-0.25,11.75,2.75));
#11734=CARTESIAN_POINT('',(-0.25,11.9,2.75));
#11735=CARTESIAN_POINT('',(-0.25,11.75,2.75));
#11736=CARTESIAN_POINT('',(-0.25,11.75,2.75));
#11737=CARTESIAN_POINT('',(-0.25,11.9,3.45));
#11738=CARTESIAN_POINT('',(-6.7,10.9,4.3));
#11739=CARTESIAN_POINT('',(-5.50638341222714,10.9,6.15));
#11740=CARTESIAN_POINT('',(-0.695000000000002,10.9,4.3));
#11741=CARTESIAN_POINT('',(-7.,10.9,3.5));
#11742=CARTESIAN_POINT('',(-7.,10.9,4.3));
#11743=CARTESIAN_POINT('',(-6.7,10.9,4.3));
#11744=CARTESIAN_POINT('',(-6.7,10.9,4.6));
#11745=CARTESIAN_POINT('',(-6.7,10.9,4.6));
#11746=CARTESIAN_POINT('',(-5.7,10.9,4.6));
#11747=CARTESIAN_POINT('',(-5.7,10.9,4.6));
#11748=CARTESIAN_POINT('',(-7.,10.9,3.5));
#11749=CARTESIAN_POINT('',(-7.,12.55,3.5));
#11750=CARTESIAN_POINT('',(-7.,12.55,4.3));
#11751=CARTESIAN_POINT('',(-7.,10.9,4.3));
#11752=CARTESIAN_POINT('',(-6.7,10.9,4.3));
#11753=CARTESIAN_POINT('',(-6.7,12.55,4.3));
#11754=CARTESIAN_POINT('',(-6.7,12.55,4.6));
#11755=CARTESIAN_POINT('',(-6.7,10.9,4.6));
#11756=CARTESIAN_POINT('',(-6.7,10.9,4.6));
#11757=CARTESIAN_POINT('',(-6.7,12.55,4.6));
#11758=CARTESIAN_POINT('',(-5.7,12.55,4.6));
#11759=CARTESIAN_POINT('',(-5.7,10.9,4.6));
#11760=CARTESIAN_POINT('',(-5.7,10.9,4.6));
#11761=CARTESIAN_POINT('',(-5.7,12.55,4.6));
#11762=CARTESIAN_POINT('',(-6.7,10.9,0.799999999999997));
#11763=CARTESIAN_POINT('',(-5.50638341222714,10.9,2.65));
#11764=CARTESIAN_POINT('',(-0.695000000000002,10.9,0.799999999999997));
#11765=CARTESIAN_POINT('',(-6.7,10.9,0.));
#11766=CARTESIAN_POINT('',(-7.,10.9,0.));
#11767=CARTESIAN_POINT('',(-7.,10.9,0.));
#11768=CARTESIAN_POINT('',(-7.,10.9,0.8));
#11769=CARTESIAN_POINT('',(-6.7,10.9,0.799999999999997));
#11770=CARTESIAN_POINT('',(-6.7,10.9,1.1));
#11771=CARTESIAN_POINT('',(-6.7,10.9,1.1));
#11772=CARTESIAN_POINT('',(-5.7,10.9,1.1));
#11773=CARTESIAN_POINT('',(-5.7,10.9,1.1));
#11774=CARTESIAN_POINT('',(-7.,10.9,0.));
#11775=CARTESIAN_POINT('',(-7.,10.9,0.));
#11776=CARTESIAN_POINT('',(-7.,12.55,0.));
#11777=CARTESIAN_POINT('',(-7.,12.55,0.));
#11778=CARTESIAN_POINT('',(-7.,12.55,0.8));
#11779=CARTESIAN_POINT('',(-7.,10.9,0.8));
#11780=CARTESIAN_POINT('',(-6.7,10.9,0.799999999999997));
#11781=CARTESIAN_POINT('',(-6.7,12.55,0.799999999999997));
#11782=CARTESIAN_POINT('',(-6.7,12.55,1.1));
#11783=CARTESIAN_POINT('',(-6.7,10.9,1.1));
#11784=CARTESIAN_POINT('',(-6.7,10.9,1.1));
#11785=CARTESIAN_POINT('',(-6.7,12.55,1.1));
#11786=CARTESIAN_POINT('',(-5.7,12.55,1.1));
#11787=CARTESIAN_POINT('',(-5.7,10.9,1.1));
#11788=CARTESIAN_POINT('',(-5.7,10.9,1.1));
#11789=CARTESIAN_POINT('',(-5.7,12.55,1.1));
#11790=CARTESIAN_POINT('',(-0.25,12.55,3.5));
#11791=CARTESIAN_POINT('',(-7.,12.55,3.5));
#11792=CARTESIAN_POINT('',(-7.,12.55,3.5));
#11793=CARTESIAN_POINT('',(-7.,12.55,4.3));
#11794=CARTESIAN_POINT('',(-6.7,12.55,4.3));
#11795=CARTESIAN_POINT('',(-6.7,12.55,4.6));
#11796=CARTESIAN_POINT('',(-6.7,12.55,4.6));
#11797=CARTESIAN_POINT('',(-6.03333333333333,12.8833333333333,4.93333333333333));
#11798=CARTESIAN_POINT('',(-5.7,12.55,4.6));
#11799=CARTESIAN_POINT('',(-3.88333333333334,10.7333333333333,4.38333333333334));
#11800=CARTESIAN_POINT('',(-0.25,12.55,6.2));
#11801=CARTESIAN_POINT('',(-0.25,12.55,2.7));
#11802=CARTESIAN_POINT('',(-5.16666666666667,12.0166666666667,2.16666666666667));
#11803=CARTESIAN_POINT('',(-5.7,12.55,1.1));
#11804=CARTESIAN_POINT('',(-5.7,12.55,1.1));
#11805=CARTESIAN_POINT('',(-6.7,12.55,1.1));
#11806=CARTESIAN_POINT('',(-6.7,12.75,1.3));
#11807=CARTESIAN_POINT('',(-6.7,12.55,0.799999999999997));
#11808=CARTESIAN_POINT('',(-7.2,12.75,0.8));
#11809=CARTESIAN_POINT('',(-7.,12.55,0.));
#11810=CARTESIAN_POINT('',(-7.,12.55,0.));
#11811=CARTESIAN_POINT('',(3.35,4.6,3.1));
#11812=CARTESIAN_POINT('',(3.35,2.2,3.1));
#11813=CARTESIAN_POINT('',(3.35,2.2,3.1));
#11814=CARTESIAN_POINT('',(3.35,4.6,3.1));
#11815=CARTESIAN_POINT('',(3.35,4.6,3.1));
#11816=CARTESIAN_POINT('',(3.35,4.6,3.1));
#11817=CARTESIAN_POINT('',(3.35,2.2,2.5));
#11818=CARTESIAN_POINT('',(3.35,1.6,2.5));
#11819=CARTESIAN_POINT('',(3.35,1.6,2.5));
#11820=CARTESIAN_POINT('',(3.35,2.2,2.5));
#11821=CARTESIAN_POINT('',(3.35,1.6,2.5));
#11822=CARTESIAN_POINT('',(3.35,1.6,0.8));
#11823=CARTESIAN_POINT('',(3.35,1.6,0.8));
#11824=CARTESIAN_POINT('',(3.35,1.6,2.5));
#11825=CARTESIAN_POINT('',(3.35,2.2,0.8));
#11826=CARTESIAN_POINT('',(3.35,2.2,0.8));
#11827=CARTESIAN_POINT('',(3.35,4.6,0.800000000000001));
#11828=CARTESIAN_POINT('',(3.35,5.2,0.8));
#11829=CARTESIAN_POINT('',(3.35,5.2,0.8));
#11830=CARTESIAN_POINT('',(3.35,4.6,0.800000000000001));
#11831=CARTESIAN_POINT('',(3.35,5.2,0.8));
#11832=CARTESIAN_POINT('',(3.35,5.2,0.9));
#11833=CARTESIAN_POINT('',(3.35,5.2,0.9));
#11834=CARTESIAN_POINT('',(3.35,5.2,0.8));
#11835=CARTESIAN_POINT('',(3.35,5.35,0.900000000000001));
#11836=CARTESIAN_POINT('',(3.35,5.35,1.05));
#11837=CARTESIAN_POINT('',(3.35,5.35,1.05));
#11838=CARTESIAN_POINT('',(3.35,5.35,0.900000000000001));
#11839=CARTESIAN_POINT('',(3.35,5.35,1.05));
#11840=CARTESIAN_POINT('',(3.35,6.4,1.05));
#11841=CARTESIAN_POINT('',(3.35,6.4,1.05));
#11842=CARTESIAN_POINT('',(3.35,5.35,1.05));
#11843=CARTESIAN_POINT('',(3.35,6.4,1.35));
#11844=CARTESIAN_POINT('',(3.35,6.7,1.35));
#11845=CARTESIAN_POINT('',(3.35,6.7,1.35));
#11846=CARTESIAN_POINT('',(3.35,6.4,1.35));
#11847=CARTESIAN_POINT('',(3.35,6.7,1.35));
#11848=CARTESIAN_POINT('',(3.35,6.7,1.95));
#11849=CARTESIAN_POINT('',(3.35,6.7,1.95));
#11850=CARTESIAN_POINT('',(3.35,6.7,1.35));
#11851=CARTESIAN_POINT('',(3.35,6.4,1.95));
#11852=CARTESIAN_POINT('',(3.35,6.4,2.25));
#11853=CARTESIAN_POINT('',(3.35,6.4,2.25));
#11854=CARTESIAN_POINT('',(3.35,6.4,1.95));
#11855=CARTESIAN_POINT('',(3.35,6.4,2.25));
#11856=CARTESIAN_POINT('',(3.35,5.35,2.25));
#11857=CARTESIAN_POINT('',(3.35,5.35,2.25));
#11858=CARTESIAN_POINT('',(3.35,6.4,2.25));
#11859=CARTESIAN_POINT('',(3.35,5.35,2.4));
#11860=CARTESIAN_POINT('',(3.35,5.2,2.4));
#11861=CARTESIAN_POINT('',(3.35,5.2,2.4));
#11862=CARTESIAN_POINT('',(3.35,5.35,2.4));
#11863=CARTESIAN_POINT('',(3.35,5.2,2.4));
#11864=CARTESIAN_POINT('',(3.35,5.2,2.5));
#11865=CARTESIAN_POINT('',(3.35,5.2,2.5));
#11866=CARTESIAN_POINT('',(3.35,5.2,2.4));
#11867=CARTESIAN_POINT('',(3.35,4.6,2.5));
#11868=CARTESIAN_POINT('',(3.35,4.6,2.5));
#11869=CARTESIAN_POINT('',(3.35,2.2,2.5));
#11870=CARTESIAN_POINT('',(3.35,2.4,0.3));
#11871=CARTESIAN_POINT('',(3.35,2.4,0.));
#11872=CARTESIAN_POINT('',(3.35,4.4,0.));
#11873=CARTESIAN_POINT('',(3.35,4.4,0.));
#11874=CARTESIAN_POINT('',(3.35,4.4,0.3));
#11875=CARTESIAN_POINT('',(3.35,4.6,6.6));
#11876=CARTESIAN_POINT('',(3.35,2.2,6.6));
#11877=CARTESIAN_POINT('',(3.35,2.2,6.6));
#11878=CARTESIAN_POINT('',(3.35,4.6,6.6));
#11879=CARTESIAN_POINT('',(3.35,4.6,6.6));
#11880=CARTESIAN_POINT('',(3.35,4.6,6.6));
#11881=CARTESIAN_POINT('',(3.35,2.2,6.));
#11882=CARTESIAN_POINT('',(3.35,1.6,6.));
#11883=CARTESIAN_POINT('',(3.35,1.6,6.));
#11884=CARTESIAN_POINT('',(3.35,2.2,6.));
#11885=CARTESIAN_POINT('',(3.35,1.6,6.));
#11886=CARTESIAN_POINT('',(3.35,1.6,4.3));
#11887=CARTESIAN_POINT('',(3.35,1.6,4.3));
#11888=CARTESIAN_POINT('',(3.35,1.6,6.));
#11889=CARTESIAN_POINT('',(3.35,2.2,4.3));
#11890=CARTESIAN_POINT('',(3.35,2.2,4.3));
#11891=CARTESIAN_POINT('',(3.35,4.6,4.3));
#11892=CARTESIAN_POINT('',(3.35,5.2,4.3));
#11893=CARTESIAN_POINT('',(3.35,5.2,4.3));
#11894=CARTESIAN_POINT('',(3.35,4.6,4.3));
#11895=CARTESIAN_POINT('',(3.35,5.2,4.3));
#11896=CARTESIAN_POINT('',(3.35,5.2,4.4));
#11897=CARTESIAN_POINT('',(3.35,5.2,4.4));
#11898=CARTESIAN_POINT('',(3.35,5.2,4.3));
#11899=CARTESIAN_POINT('',(3.35,5.35,4.4));
#11900=CARTESIAN_POINT('',(3.35,5.35,4.55));
#11901=CARTESIAN_POINT('',(3.35,5.35,4.55));
#11902=CARTESIAN_POINT('',(3.35,5.35,4.4));
#11903=CARTESIAN_POINT('',(3.35,5.35,4.55));
#11904=CARTESIAN_POINT('',(3.35,6.4,4.55));
#11905=CARTESIAN_POINT('',(3.35,6.4,4.55));
#11906=CARTESIAN_POINT('',(3.35,5.35,4.55));
#11907=CARTESIAN_POINT('',(3.35,6.4,4.85));
#11908=CARTESIAN_POINT('',(3.35,6.7,4.85));
#11909=CARTESIAN_POINT('',(3.35,6.7,4.85));
#11910=CARTESIAN_POINT('',(3.35,6.4,4.85));
#11911=CARTESIAN_POINT('',(3.35,6.7,4.85));
#11912=CARTESIAN_POINT('',(3.35,6.7,5.45));
#11913=CARTESIAN_POINT('',(3.35,6.7,5.45));
#11914=CARTESIAN_POINT('',(3.35,6.7,4.85));
#11915=CARTESIAN_POINT('',(3.35,6.4,5.45));
#11916=CARTESIAN_POINT('',(3.35,6.4,5.75));
#11917=CARTESIAN_POINT('',(3.35,6.4,5.75));
#11918=CARTESIAN_POINT('',(3.35,6.4,5.45));
#11919=CARTESIAN_POINT('',(3.35,6.4,5.75));
#11920=CARTESIAN_POINT('',(3.35,5.35,5.75));
#11921=CARTESIAN_POINT('',(3.35,5.35,5.75));
#11922=CARTESIAN_POINT('',(3.35,6.4,5.75));
#11923=CARTESIAN_POINT('',(3.35,5.35,5.9));
#11924=CARTESIAN_POINT('',(3.35,5.2,5.9));
#11925=CARTESIAN_POINT('',(3.35,5.2,5.9));
#11926=CARTESIAN_POINT('',(3.35,5.35,5.9));
#11927=CARTESIAN_POINT('',(3.35,5.2,5.9));
#11928=CARTESIAN_POINT('',(3.35,5.2,6.));
#11929=CARTESIAN_POINT('',(3.35,5.2,6.));
#11930=CARTESIAN_POINT('',(3.35,5.2,5.9));
#11931=CARTESIAN_POINT('',(3.35,4.6,6.));
#11932=CARTESIAN_POINT('',(3.35,4.6,6.));
#11933=CARTESIAN_POINT('',(3.35,2.2,6.));
#11934=CARTESIAN_POINT('',(3.35,2.4,3.8));
#11935=CARTESIAN_POINT('',(3.35,2.4,3.5));
#11936=CARTESIAN_POINT('',(3.35,4.4,3.5));
#11937=CARTESIAN_POINT('',(3.35,4.4,3.5));
#11938=CARTESIAN_POINT('',(3.35,4.4,3.8));
#11939=CARTESIAN_POINT('',(4.85,2.4,0.3));
#11940=CARTESIAN_POINT('',(4.85,2.4,0.));
#11941=CARTESIAN_POINT('',(4.85,2.4,0.));
#11942=CARTESIAN_POINT('',(4.85,2.4,0.3));
#11943=CARTESIAN_POINT('',(5.35,4.6,0.3));
#11944=CARTESIAN_POINT('',(4.85,4.4,0.3));
#11945=CARTESIAN_POINT('',(4.85,4.4,0.));
#11946=CARTESIAN_POINT('',(5.35,4.6,0.));
#11947=CARTESIAN_POINT('',(4.85,4.4,0.3));
#11948=CARTESIAN_POINT('',(4.85,4.4,0.));
#11949=CARTESIAN_POINT('',(3.35,2.4,0.3));
#11950=CARTESIAN_POINT('',(3.35,2.4,0.));
#11951=CARTESIAN_POINT('',(4.85,2.4,3.8));
#11952=CARTESIAN_POINT('',(4.85,2.4,3.5));
#11953=CARTESIAN_POINT('',(4.85,2.4,3.5));
#11954=CARTESIAN_POINT('',(4.85,2.4,3.8));
#11955=CARTESIAN_POINT('',(5.35,4.6,3.8));
#11956=CARTESIAN_POINT('',(4.85,4.4,3.8));
#11957=CARTESIAN_POINT('',(4.85,4.4,3.5));
#11958=CARTESIAN_POINT('',(5.35,4.6,3.5));
#11959=CARTESIAN_POINT('',(4.85,4.4,3.8));
#11960=CARTESIAN_POINT('',(4.85,4.4,3.5));
#11961=CARTESIAN_POINT('',(3.35,2.4,3.8));
#11962=CARTESIAN_POINT('',(3.35,2.4,3.5));
#11963=CARTESIAN_POINT('',(0.,0.,3.5));
#11964=CARTESIAN_POINT('',(-8.75,0.400000000000001,0.));
#11965=CARTESIAN_POINT('',(-8.75,0.400000000000001,0.));
#11966=CARTESIAN_POINT('',(-8.75,0.400000000000001,0.));
#11967=CARTESIAN_POINT('',(-9.05,12.35,0.));
#11968=CARTESIAN_POINT('',(-9.05,8.5,0.));
#11969=CARTESIAN_POINT('',(-9.05,8.3,0.));
#11970=CARTESIAN_POINT('',(-8.85,8.3,0.));
#11971=CARTESIAN_POINT('',(-8.85,8.3,0.));
#11972=CARTESIAN_POINT('',(-8.85,7.,0.));
#11973=CARTESIAN_POINT('',(-9.05,7.,0.));
#11974=CARTESIAN_POINT('',(-8.75,0.400000000000001,0.));
#11975=CARTESIAN_POINT('',(-8.75,0.400000000000001,0.));
#11976=CARTESIAN_POINT('',(-9.05,12.35,0.));
#11977=CARTESIAN_POINT('',(-8.75,0.400000000000001,0.));
#11978=CARTESIAN_POINT('',(-8.75,0.400000000000001,0.));
#11979=CARTESIAN_POINT('',(-8.75,11.75,0.));
#11980=CARTESIAN_POINT('',(-0.25,11.75,0.));
#11981=CARTESIAN_POINT('',(2.68772977592245,11.75,0.));
#11982=CARTESIAN_POINT('',(-0.25,0.400000000000001,0.));
#11983=CARTESIAN_POINT('',(-0.25,12.35,7.04731412115578E-16));
#11984=CARTESIAN_POINT('',(-0.25,12.35,7.04731412115578E-16));
#11985=CARTESIAN_POINT('',(1.97267762036592,12.35,3.52365706057789E-16));
#11986=CARTESIAN_POINT('',(5.14283628290596,9.68992103548919,0.));
#11987=CARTESIAN_POINT('',(1.91308994073621,12.4,0.));
#11988=CARTESIAN_POINT('',(-0.25,12.4,0.));
#11989=CARTESIAN_POINT('',(-0.25,12.4,0.));
#11990=CARTESIAN_POINT('',(-0.25,0.400000000000001,0.));
#11991=CARTESIAN_POINT('',(5.14283628290596,9.68992103548919,0.));
#11992=CARTESIAN_POINT('',(-8.75,0.400000000000001,-1.5));
#11993=CARTESIAN_POINT('',(-8.75,0.400000000000001,-1.5));
#11994=CARTESIAN_POINT('',(4.95,0.4,-1.5));
#11995=CARTESIAN_POINT('',(4.95,0.4,-1.5));
#11996=CARTESIAN_POINT('',(5.25,0.4,-1.5));
#11997=CARTESIAN_POINT('',(5.25,0.4,-1.5));
#11998=CARTESIAN_POINT('',(5.25,0.4,-1.5));
#11999=CARTESIAN_POINT('',(5.25,0.4,-1.5));
#12000=CARTESIAN_POINT('',(5.25,9.4601077025535,-1.5));
#12001=CARTESIAN_POINT('',(5.25,9.4601077025535,-1.5));
#12002=CARTESIAN_POINT('',(5.25,0.4,0.));
#12003=CARTESIAN_POINT('',(4.94999999999999,9.4601077025535,-1.5));
#12004=CARTESIAN_POINT('',(4.94999999999999,9.4601077025535,-1.5));
#12005=CARTESIAN_POINT('',(5.14283628290596,9.68992103548919,-1.5));
#12006=CARTESIAN_POINT('',(5.14283628290596,9.68992103548919,-1.5));
#12007=CARTESIAN_POINT('',(5.14283628290596,9.68992103548919,-1.5));
#12008=CARTESIAN_POINT('',(2.68772977592245,11.75,-1.5));
#12009=CARTESIAN_POINT('',(2.68772977592245,11.75,-0.05));
#12010=CARTESIAN_POINT('',(5.14283628290596,9.68992103548919,-1.5));
#12011=CARTESIAN_POINT('',(1.69879675521376,12.5798133329357,-1.5));
#12012=CARTESIAN_POINT('',(1.69879675521376,12.5798133329357,-1.5));
#12013=CARTESIAN_POINT('',(1.69879675521376,12.5798133329357,-0.122863136974628));
#12014=CARTESIAN_POINT('',(4.19749633191617,10.4831554397019,1.30974456635652));
#12015=CARTESIAN_POINT('',(1.97267762036593,12.35,-0.149999999999994));
#12016=CARTESIAN_POINT('',(2.11568805147723,12.23,-0.0600000000000011));
#12017=CARTESIAN_POINT('',(4.4059639937556,10.30823030154,-2.62235959794666));
#12018=CARTESIAN_POINT('',(2.18719326703288,12.17,-0.139999999999999));
#12019=CARTESIAN_POINT('',(2.33020369814419,12.05,-0.0499999999999968));
#12020=CARTESIAN_POINT('',(2.33020369814419,12.05,-0.2));
#12021=CARTESIAN_POINT('',(5.14283628290596,9.68992103548919,-0.2));
#12022=CARTESIAN_POINT('',(2.50896673703332,11.9,-0.2));
#12023=CARTESIAN_POINT('',(2.50896673703332,11.9,-0.05));
#12024=CARTESIAN_POINT('',(1.5059604723078,12.35,-1.5));
#12025=CARTESIAN_POINT('',(1.5059604723078,12.35,0.0341640786499936));
#12026=CARTESIAN_POINT('',(1.69291362709337,12.5846242057327,-0.126150317706901));
#12027=CARTESIAN_POINT('',(1.5059604723078,12.35,-1.5));
#12028=CARTESIAN_POINT('',(1.69291362709337,12.5846242057327,-0.126150317706901));
#12029=CARTESIAN_POINT('',(1.63540342053874,12.630449462825,-0.157461871455975));
#12030=CARTESIAN_POINT('',(1.57027806252897,12.65,-0.204521100150463));
#12031=CARTESIAN_POINT('',(1.5059604723078,12.65,-0.249999999999989));
#12032=CARTESIAN_POINT('',(-8.75,12.35,-1.5));
#12033=CARTESIAN_POINT('',(-8.75,12.35,-1.5));
#12034=CARTESIAN_POINT('',(-9.05,12.35,-1.5));
#12035=CARTESIAN_POINT('',(-9.05,12.35,-1.5));
#12036=CARTESIAN_POINT('',(-9.05,12.35,-1.5));
#12037=CARTESIAN_POINT('',(-9.05,12.35,-1.5));
#12038=CARTESIAN_POINT('',(-9.05,8.5,-1.5));
#12039=CARTESIAN_POINT('',(-9.05,8.5,-1.5));
#12040=CARTESIAN_POINT('',(-9.05,8.3,-1.5));
#12041=CARTESIAN_POINT('',(-9.05,8.3,-1.5));
#12042=CARTESIAN_POINT('',(-8.85,8.3,-1.5));
#12043=CARTESIAN_POINT('',(-8.85,8.3,-1.5));
#12044=CARTESIAN_POINT('',(-8.85,8.3,-1.5));
#12045=CARTESIAN_POINT('',(-8.85,8.3,-1.5));
#12046=CARTESIAN_POINT('',(-8.85,7.,-1.5));
#12047=CARTESIAN_POINT('',(-8.85,7.,-1.5));
#12048=CARTESIAN_POINT('',(-9.05,7.,-1.5));
#12049=CARTESIAN_POINT('',(-9.05,7.,-1.5));
#12050=CARTESIAN_POINT('',(-8.75,0.400000000000001,-1.5));
#12051=CARTESIAN_POINT('',(-8.75,0.400000000000001,0.));
#12052=CARTESIAN_POINT('',(-0.25,11.9,-0.05));
#12053=CARTESIAN_POINT('',(-0.25,12.4,0.));
#12054=CARTESIAN_POINT('',(-0.25,12.5846242057327,-0.126150317706901));
#12055=CARTESIAN_POINT('',(-0.25,12.5,-0.249999999999989));
#12056=CARTESIAN_POINT('',(-0.25,12.5,-0.249999999999989));
#12057=CARTESIAN_POINT('',(-0.25,12.5846242057327,-0.126150317706901));
#12058=CARTESIAN_POINT('',(-0.25,12.4,0.));
#12059=CARTESIAN_POINT('',(-0.25,11.9,-0.05));
#12060=CARTESIAN_POINT('',(-0.25,11.75,0.1));
#12061=CARTESIAN_POINT('',(-0.25,11.75,-0.05));
#12062=CARTESIAN_POINT('',(-0.25,11.9,-0.05));
#12063=CARTESIAN_POINT('',(-0.25,11.9,-0.199999999999999));
#12064=CARTESIAN_POINT('',(-0.25,11.9,-0.2));
#12065=CARTESIAN_POINT('',(-0.25,12.05,-0.2));
#12066=CARTESIAN_POINT('',(-0.25,12.05,-0.0499999999999968));
#12067=CARTESIAN_POINT('',(-0.25,12.17,-0.139999999999999));
#12068=CARTESIAN_POINT('',(-0.25,12.17,-0.139999999999999));
#12069=CARTESIAN_POINT('',(-0.25,12.23,-0.0600000000000011));
#12070=CARTESIAN_POINT('',(-0.25,12.35,-0.149999999999994));
#12071=CARTESIAN_POINT('',(-0.25,11.75,0.1));
#12072=CARTESIAN_POINT('',(-0.25,11.75,-0.05));
#12073=CARTESIAN_POINT('',(-0.25,11.9,-0.05));
#12074=CARTESIAN_POINT('',(-0.25,11.9,-0.199999999999999));
#12075=CARTESIAN_POINT('',(-0.25,11.9,-0.2));
#12076=CARTESIAN_POINT('',(-0.25,12.05,-0.2));
#12077=CARTESIAN_POINT('',(-0.25,12.05,-0.0499999999999968));
#12078=CARTESIAN_POINT('',(-0.25,12.17,-0.139999999999999));
#12079=CARTESIAN_POINT('',(-0.25,12.17,-0.139999999999999));
#12080=CARTESIAN_POINT('',(-0.25,12.23,-0.0600000000000011));
#12081=CARTESIAN_POINT('',(-0.25,12.35,-0.149999999999994));
#12082=CARTESIAN_POINT('',(0.25,1.2,5.06));
#12083=CARTESIAN_POINT('',(-0.25,1.2,5.06));
#12084=CARTESIAN_POINT('',(-0.25,-3.6,5.06));
#12085=CARTESIAN_POINT('',(0.25,-3.6,5.06));
#12086=CARTESIAN_POINT('',(0.25,-3.6,5.06));
#12087=CARTESIAN_POINT('',(0.25,1.2,5.06));
#12088=CARTESIAN_POINT('',(0.25,-3.6,5.06));
#12089=CARTESIAN_POINT('',(-0.25,-3.6,5.06));
#12090=CARTESIAN_POINT('',(-0.25,-3.6,4.06));
#12091=CARTESIAN_POINT('',(0.25,-3.6,4.06));
#12092=CARTESIAN_POINT('',(0.25,-3.6,4.06));
#12093=CARTESIAN_POINT('',(0.25,-3.6,5.06));
#12094=CARTESIAN_POINT('',(0.25,-3.6,4.06));
#12095=CARTESIAN_POINT('',(-0.25,-3.6,4.06));
#12096=CARTESIAN_POINT('',(0.25,-3.6,4.06));
#12097=CARTESIAN_POINT('',(0.25,0.,0.));
#12098=CARTESIAN_POINT('',(-0.25,0.,0.));
#12099=CARTESIAN_POINT('',(0.25,1.2,1.56));
#12100=CARTESIAN_POINT('',(-0.25,1.2,1.56));
#12101=CARTESIAN_POINT('',(-0.25,-3.6,1.56));
#12102=CARTESIAN_POINT('',(0.25,-3.6,1.56));
#12103=CARTESIAN_POINT('',(0.25,-3.6,1.56));
#12104=CARTESIAN_POINT('',(0.25,1.2,1.56));
#12105=CARTESIAN_POINT('',(0.25,-3.6,1.56));
#12106=CARTESIAN_POINT('',(-0.25,-3.6,1.56));
#12107=CARTESIAN_POINT('',(-0.25,-3.6,0.56));
#12108=CARTESIAN_POINT('',(0.25,-3.6,0.56));
#12109=CARTESIAN_POINT('',(0.25,-3.6,0.56));
#12110=CARTESIAN_POINT('',(0.25,-3.6,1.56));
#12111=CARTESIAN_POINT('',(0.25,-3.6,0.56));
#12112=CARTESIAN_POINT('',(-0.25,-3.6,0.56));
#12113=CARTESIAN_POINT('',(0.25,-3.6,0.56));
#12114=CARTESIAN_POINT('',(0.25,0.,-3.5));
#12115=CARTESIAN_POINT('',(-0.25,0.,-3.5));
#12116=CARTESIAN_POINT('',(-4.75,1.2,5.06));
#12117=CARTESIAN_POINT('',(-5.25,1.2,5.06));
#12118=CARTESIAN_POINT('',(-5.25,-3.6,5.06));
#12119=CARTESIAN_POINT('',(-4.75,-3.6,5.06));
#12120=CARTESIAN_POINT('',(-4.75,-3.6,5.06));
#12121=CARTESIAN_POINT('',(-4.75,1.2,5.06));
#12122=CARTESIAN_POINT('',(-4.75,-3.6,5.06));
#12123=CARTESIAN_POINT('',(-5.25,-3.6,5.06));
#12124=CARTESIAN_POINT('',(-5.25,-3.6,4.06));
#12125=CARTESIAN_POINT('',(-4.75,-3.6,4.06));
#12126=CARTESIAN_POINT('',(-4.75,-3.6,4.06));
#12127=CARTESIAN_POINT('',(-4.75,-3.6,5.06));
#12128=CARTESIAN_POINT('',(-4.75,-3.6,4.06));
#12129=CARTESIAN_POINT('',(-5.25,-3.6,4.06));
#12130=CARTESIAN_POINT('',(-4.75,-3.6,4.06));
#12131=CARTESIAN_POINT('',(-4.75,0.,0.));
#12132=CARTESIAN_POINT('',(-5.25,0.,0.));
#12133=CARTESIAN_POINT('',(-4.75,1.2,1.56));
#12134=CARTESIAN_POINT('',(-5.25,1.2,1.56));
#12135=CARTESIAN_POINT('',(-5.25,-3.6,1.56));
#12136=CARTESIAN_POINT('',(-4.75,-3.6,1.56));
#12137=CARTESIAN_POINT('',(-4.75,-3.6,1.56));
#12138=CARTESIAN_POINT('',(-4.75,1.2,1.56));
#12139=CARTESIAN_POINT('',(-4.75,-3.6,1.56));
#12140=CARTESIAN_POINT('',(-5.25,-3.6,1.56));
#12141=CARTESIAN_POINT('',(-5.25,-3.6,0.56));
#12142=CARTESIAN_POINT('',(-4.75,-3.6,0.56));
#12143=CARTESIAN_POINT('',(-4.75,-3.6,0.56));
#12144=CARTESIAN_POINT('',(-4.75,-3.6,1.56));
#12145=CARTESIAN_POINT('',(-4.75,-3.6,0.56));
#12146=CARTESIAN_POINT('',(-5.25,-3.6,0.56));
#12147=CARTESIAN_POINT('',(-4.75,-3.6,0.56));
#12148=CARTESIAN_POINT('',(-4.75,0.,-3.5));
#12149=CARTESIAN_POINT('',(-5.25,0.,-3.5));
#12150=CARTESIAN_POINT('',(-4.895,10.3840442623117,2.65));
#12151=CARTESIAN_POINT('',(-5.27057725022872,11.0904023365988,2.65));
#12152=CARTESIAN_POINT('',(-0.695000000000002,4.68662635703336,2.65));
#12153=CARTESIAN_POINT('',(-0.695000000000002,11.,2.65));
#12154=CARTESIAN_POINT('',(-0.695000000000002,11.,2.65));
#12155=CARTESIAN_POINT('',(3.84255040694008,11.,2.65));
#12156=CARTESIAN_POINT('',(3.84255040694008,11.,2.65));
#12157=CARTESIAN_POINT('',(1.75698161990021,12.75,-0.2));
#12158=CARTESIAN_POINT('',(4.35860619515673,10.5669777784405,-0.2));
#12159=CARTESIAN_POINT('',(4.35860619515673,10.5669777784405,2.65));
#12160=CARTESIAN_POINT('',(4.35860619515673,10.5669777784405,2.9));
#12161=CARTESIAN_POINT('',(1.75698161990021,12.75,2.9));
#12162=CARTESIAN_POINT('',(4.68,10.95,2.65));
#12163=CARTESIAN_POINT('',(4.68,10.95,-0.2));
#12164=CARTESIAN_POINT('',(4.68,10.95,2.9));
#12165=CARTESIAN_POINT('',(-1.89999999999998,11.7499999999999,2.65));
#12166=CARTESIAN_POINT('',(-2.36947156278589,12.6329475928589,2.65));
#12167=CARTESIAN_POINT('',(-2.36947156278589,12.6329475928589,2.65));
#12168=CARTESIAN_POINT('',(-4.895,10.3840442623117,6.15));
#12169=CARTESIAN_POINT('',(-5.27057725022872,11.0904023365988,6.15));
#12170=CARTESIAN_POINT('',(-0.695000000000002,4.68662635703336,6.15));
#12171=CARTESIAN_POINT('',(-0.695000000000002,11.,6.15));
#12172=CARTESIAN_POINT('',(-0.695000000000002,11.,6.15));
#12173=CARTESIAN_POINT('',(3.84255040694008,11.,6.15));
#12174=CARTESIAN_POINT('',(3.84255040694008,11.,6.15));
#12175=CARTESIAN_POINT('',(1.75698161990021,12.75,3.3));
#12176=CARTESIAN_POINT('',(4.35860619515673,10.5669777784405,3.3));
#12177=CARTESIAN_POINT('',(4.35860619515673,10.5669777784405,6.15));
#12178=CARTESIAN_POINT('',(4.35860619515673,10.5669777784405,6.4));
#12179=CARTESIAN_POINT('',(1.75698161990021,12.75,6.4));
#12180=CARTESIAN_POINT('',(4.68,10.95,6.15));
#12181=CARTESIAN_POINT('',(4.68,10.95,3.3));
#12182=CARTESIAN_POINT('',(4.68,10.95,6.4));
#12183=CARTESIAN_POINT('',(-1.89999999999998,11.7499999999999,6.15));
#12184=CARTESIAN_POINT('',(-2.36947156278589,12.6329475928589,6.15));
#12185=CARTESIAN_POINT('',(-2.36947156278589,12.6329475928589,6.15));
#12186=CARTESIAN_POINT('',(4.68,10.95,-0.2));
#12187=CARTESIAN_POINT('',(5.99999999999999,10.75,-0.2));
#12188=CARTESIAN_POINT('',(4.68,10.95,2.9));
#12189=CARTESIAN_POINT('',(6.,10.75,2.9));
#12190=CARTESIAN_POINT('',(4.68,10.95,3.3));
#12191=CARTESIAN_POINT('',(5.99999999999999,10.75,3.3));
#12192=CARTESIAN_POINT('',(4.68,10.95,6.4));
#12193=CARTESIAN_POINT('',(6.,10.75,6.4));
#12194=CARTESIAN_POINT('',(3.43,10.75,1.35));
#12195=CARTESIAN_POINT('',(7.27489143062219,10.75,0.246908939965501));
#12196=CARTESIAN_POINT('',(7.27489142396431,10.75,2.45309108324096));
#12197=CARTESIAN_POINT('',(6.89040228156788,10.75,0.357218025083134));
#12198=CARTESIAN_POINT('',(7.02738724796294,10.75,-0.0185945864425315));
#12199=CARTESIAN_POINT('',(6.89040228156788,10.75,2.34278197491686));
#12200=CARTESIAN_POINT('',(7.02738725903099,10.75,2.71859458240819));
#12201=CARTESIAN_POINT('',(5.99999999999999,10.75,2.80000000000005));
#12202=CARTESIAN_POINT('',(6.,10.75,-0.100000000000037));
#12203=CARTESIAN_POINT('',(3.43,10.75,4.85));
#12204=CARTESIAN_POINT('',(7.27489143062219,10.75,3.7469089399655));
#12205=CARTESIAN_POINT('',(7.27489142396431,10.75,5.95309108324096));
#12206=CARTESIAN_POINT('',(6.89040228156788,10.75,3.85721802508313));
#12207=CARTESIAN_POINT('',(7.02738724796294,10.75,3.48140541355747));
#12208=CARTESIAN_POINT('',(6.89040228156788,10.75,5.84278197491686));
#12209=CARTESIAN_POINT('',(7.02738725903099,10.75,6.21859458240819));
#12210=CARTESIAN_POINT('',(5.99999999999999,10.75,6.30000000000005));
#12211=CARTESIAN_POINT('',(6.,10.75,3.39999999999996));
#12212=CARTESIAN_POINT('',(-3.75,9.7,7.75));
#12213=CARTESIAN_POINT('',(-3.75,9.7,7.75));
#12214=CARTESIAN_POINT('',(-3.3,9.7,7.75));
#12215=CARTESIAN_POINT('',(-3.75,9.7,7.75));
#12216=CARTESIAN_POINT('',(0.0338685344140399,4.65,7.55));
#12217=CARTESIAN_POINT('',(-1.7,4.65,7.55));
#12218=CARTESIAN_POINT('',(-1.7,4.65,7.55));
#12219=CARTESIAN_POINT('',(0.0338685344140399,4.65,7.55));
#12220=CARTESIAN_POINT('',(0.0338685344140399,4.65,7.55));
#12221=CARTESIAN_POINT('',(0.0338685344140399,4.65,7.55));
#12222=CARTESIAN_POINT('',(-1.7,4.65,7.55));
#12223=CARTESIAN_POINT('',(-1.7,2.1,7.55));
#12224=CARTESIAN_POINT('',(-1.7,2.1,7.55));
#12225=CARTESIAN_POINT('',(-1.7,4.65,7.55));
#12226=CARTESIAN_POINT('',(-1.7,2.1,7.55));
#12227=CARTESIAN_POINT('',(-0.9,2.1,7.55));
#12228=CARTESIAN_POINT('',(-0.9,2.1,7.55));
#12229=CARTESIAN_POINT('',(-1.7,2.1,7.55));
#12230=CARTESIAN_POINT('',(-0.9,2.1,7.55));
#12231=CARTESIAN_POINT('',(-0.9,2.85,7.55));
#12232=CARTESIAN_POINT('',(-0.9,2.85,7.55));
#12233=CARTESIAN_POINT('',(-0.9,2.1,7.55));
#12234=CARTESIAN_POINT('',(-0.9,2.85,7.55));
#12235=CARTESIAN_POINT('',(-0.9,2.85,7.55));
#12236=CARTESIAN_POINT('',(0.,0.,7.55));
#12237=CARTESIAN_POINT('',(-4.89974169979695,8.15,7.55));
#12238=CARTESIAN_POINT('',(-5.7,8.15,7.55));
#12239=CARTESIAN_POINT('',(-5.7,8.15,7.55));
#12240=CARTESIAN_POINT('',(-4.89974169979695,8.15,7.55));
#12241=CARTESIAN_POINT('',(-4.89974169979695,8.15,7.55));
#12242=CARTESIAN_POINT('',(-4.89974169979695,8.15,7.55));
#12243=CARTESIAN_POINT('',(-5.7,8.15,7.55));
#12244=CARTESIAN_POINT('',(-5.7,7.65,7.55));
#12245=CARTESIAN_POINT('',(-5.7,7.65,7.55));
#12246=CARTESIAN_POINT('',(-5.7,8.15,7.55));
#12247=CARTESIAN_POINT('',(-5.2,7.65,7.55));
#12248=CARTESIAN_POINT('',(-5.2,7.15,7.55));
#12249=CARTESIAN_POINT('',(-5.2,7.15,7.55));
#12250=CARTESIAN_POINT('',(-5.2,7.65,7.55));
#12251=CARTESIAN_POINT('',(-5.2,7.15,7.55));
#12252=CARTESIAN_POINT('',(-3.59913203435597,7.15,7.55));
#12253=CARTESIAN_POINT('',(-3.59913203435597,7.15,7.55));
#12254=CARTESIAN_POINT('',(-5.2,7.15,7.55));
#12255=CARTESIAN_POINT('',(-3.59913203435597,7.3,7.55));
#12256=CARTESIAN_POINT('',(-3.49306601717798,7.40606601717798,7.55));
#12257=CARTESIAN_POINT('',(-3.49306601717798,7.40606601717798,7.55));
#12258=CARTESIAN_POINT('',(-3.59913203435597,7.3,7.55));
#12259=CARTESIAN_POINT('',(-3.49306601717798,7.40606601717798,7.55));
#12260=CARTESIAN_POINT('',(-3.76837084989848,7.68137084989848,7.55));
#12261=CARTESIAN_POINT('',(-3.76837084989848,7.68137084989848,7.55));
#12262=CARTESIAN_POINT('',(-3.49306601717798,7.40606601717798,7.55));
#12263=CARTESIAN_POINT('',(-4.89974169979695,6.55000000000001,7.55));
#12264=CARTESIAN_POINT('',(-4.89974169979695,6.55000000000001,7.55));
#12265=CARTESIAN_POINT('',(-5.2,7.65,7.55));
#12266=MECHANICAL_DESIGN_GEOMETRIC_PRESENTATION_REPRESENTATION('',(#5670,
#5671,#5672,#5673,#5674,#5675,#5676,#5677,#5678,#5679,#5680,#5681,#5682,
#5683,#5684,#5685,#5686,#5687,#5688,#5689,#5690,#5691,#5692,#5693,#5694,
#5695,#5696,#5697,#5698,#5699,#5700,#5701,#5702,#5703,#5704,#5705,#5706,
#5707,#5708,#5709,#5710,#5711,#5712,#5713,#5714,#5715,#5716,#5717,#5718,
#5719,#5720,#5721,#5722,#5723,#5724,#5725,#5726,#5727,#5728,#5729,#5730,
#5731,#5732,#5733,#5734,#5735,#5736,#5737,#5738,#5739,#5740,#5741,#5742,
#5743,#5744,#5745,#5746,#5747,#5748,#5749,#5750,#5751,#5752,#5753,#5754,
#5755,#5756,#5757,#5758,#5759,#5760,#5761,#5762,#5763,#5764,#5765,#5766,
#5767,#5768,#5769,#5770,#5771,#5772,#5773,#5774,#5775,#5776,#5777,#5778,
#5779,#5780,#5781,#5782,#5783,#5784,#5785,#5786,#5787,#5788,#5789,#5790,
#5791,#5792,#5793,#5794,#5795,#5796,#5797,#5798,#5799,#5800,#5801,#5802,
#5803,#5804,#5805,#5806,#5807,#5808,#5809,#5810,#5811,#5812,#5813,#5814,
#5815,#5816,#5817,#5818,#5819,#5820,#5821,#5822,#5823,#5824,#5825,#5826,
#5827,#5828,#5829,#5830,#5831,#5832,#5833,#5834,#5835,#5836,#5837,#5838,
#5839,#5840,#5841,#5842,#5843,#5844,#5845,#5846,#5847,#5848,#5849,#5850,
#5851,#5852,#5853,#5854,#5855,#5856,#5857,#5858,#5859,#5860,#5861,#5862,
#5863,#5864,#5865,#5866,#5867,#5868,#5869,#5870,#5871,#5872,#5873,#5874,
#5875,#5876,#5877,#5878,#5879,#5880,#5881,#5882,#5883,#5884,#5885,#5886,
#5887,#5888,#5889,#5890,#5891,#5892,#5893,#5894,#5895,#5896,#5897,#5898,
#5899,#5900,#5901,#5902,#5903,#5904,#5905,#5906,#5907,#5908,#5909,#5910,
#5911,#5912,#5913,#5914,#5915,#5916,#5917,#5918,#5919,#5920,#5921,#5922,
#5923,#5924,#5925,#5926,#5927,#5928,#5929,#5930,#5931,#5932,#5933,#5934,
#5935,#5936,#5937,#5938,#5939,#5940,#5941,#5942,#5943,#5944,#5945,#5946,
#5947,#5948,#5949,#5950,#5951,#5952,#5953,#5954,#5955,#5956,#5957,#5958,
#5959,#5960,#5961,#5962,#5963,#5964,#5965,#5966,#5967,#5968,#5969,#5970,
#5971,#5972,#5973,#5974,#5975,#5976,#5977,#5978,#5979,#5980,#5981,#5982,
#5983),#12267);
#12267=(
GEOMETRIC_REPRESENTATION_CONTEXT(3)
GLOBAL_UNCERTAINTY_ASSIGNED_CONTEXT((#12268))
GLOBAL_UNIT_ASSIGNED_CONTEXT((#12271,#12270,#12269))
REPRESENTATION_CONTEXT('2601-1102','TOP_LEVEL_ASSEMBLY_PART')
);
#12268=UNCERTAINTY_MEASURE_WITH_UNIT(LENGTH_MEASURE(1.E-5),#12271,
'DISTANCE_ACCURACY_VALUE','Maximum Tolerance applied to model');
#12269=(
NAMED_UNIT(*)
SI_UNIT($,.STERADIAN.)
SOLID_ANGLE_UNIT()
);
#12270=(
NAMED_UNIT(*)
PLANE_ANGLE_UNIT()
SI_UNIT($,.RADIAN.)
);
#12271=(
LENGTH_UNIT()
NAMED_UNIT(*)
SI_UNIT(.MILLI.,.METRE.)
);
#12272=PRODUCT_DEFINITION_SHAPE('','',#12273);
#12273=PRODUCT_DEFINITION('','',#12275,#12274);
#12274=PRODUCT_DEFINITION_CONTEXT('',#12281,'design');
#12275=PRODUCT_DEFINITION_FORMATION_WITH_SPECIFIED_SOURCE('','',#12277,
 .NOT_KNOWN.);
#12276=PRODUCT_RELATED_PRODUCT_CATEGORY('','',(#12277));
#12277=PRODUCT('2601-1102','2601-1102','2601-1102',(#12279));
#12278=PRODUCT_CATEGORY('','');
#12279=PRODUCT_CONTEXT('',#12281,'mechanical');
#12280=APPLICATION_PROTOCOL_DEFINITION('international standard',
'ap242_managed_model_based_3d_engineering',2011,#12281);
#12281=APPLICATION_CONTEXT('managed model based 3d engineering');
ENDSEC;
END-ISO-10303-21;
