ISO-10303-21;
HEADER;
FILE_DESCRIPTION (( 'STEP AP214' ),
    '1' );
FILE_NAME ('74LVCH2T45GN.STEP',
    '2022-05-05T03:31:20',
    ( '' ),
    ( '' ),
    'SwSTEP 2.0',
    'SolidWorks 2016',
    '' );
FILE_SCHEMA (( 'AUTOMOTIVE_DESIGN' ));
ENDSEC;

DATA;
#1 = EDGE_CURVE ( 'NONE', #4634, #4401, #2608, .T. ) ;
#2 = EDGE_LOOP ( 'NONE', ( #3826, #578, #4502, #947 ) ) ;
#3 = CARTESIAN_POINT ( 'NONE',  ( -0.3749999999999998900, 0.1250000000000000000, 0.4999999999999997800 ) ) ;
#4 = LINE ( 'NONE', #78, #3791 ) ;
#5 = CARTESIAN_POINT ( 'NONE',  ( -0.07499999999999938700, 0.0000000000000000000, 0.1145751311064591400 ) ) ;
#6 = DIRECTION ( 'NONE',  ( 0.0000000000000000000, 0.0000000000000000000, -1.000000000000000000 ) ) ;
#7 = VERTEX_POINT ( 'NONE', #4603 ) ;
#8 = ORIENTED_EDGE ( 'NONE', *, *, #4109, .T. ) ;
#9 = VECTOR ( 'NONE', #2734, 1000.000000000000000 ) ;
#10 = FACE_OUTER_BOUND ( 'NONE', #2617, .T. ) ;
#11 = ORIENTED_EDGE ( 'NONE', *, *, #2433, .T. ) ;
#12 = ORIENTED_EDGE ( 'NONE', *, *, #4379, .F. ) ;
#13 = CARTESIAN_POINT ( 'NONE',  ( -0.2250000000000000100, -0.03999999999999999400, 0.4145751311064590500 ) ) ;
#14 = CARTESIAN_POINT ( 'NONE',  ( -0.2250000000000000100, 0.02000000000000000000, 0.4145751311064590500 ) ) ;
#15 = CARTESIAN_POINT ( 'NONE',  ( 0.2250000000000000600, 0.02000000000000000000, 0.4145751311064590500 ) ) ;
#16 = ADVANCED_FACE ( 'NONE', ( #2844 ), #3898, .F. ) ;
#17 = ADVANCED_FACE ( 'NONE', ( #1072 ), #3883, .F. ) ;
#18 = EDGE_LOOP ( 'NONE', ( #3025, #1974, #4279, #1254 ) ) ;
#19 = ORIENTED_EDGE ( 'NONE', *, *, #4667, .F. ) ;
#20 = CARTESIAN_POINT ( 'NONE',  ( 0.07499999999999998300, 0.0000000000000000000, -0.4145751311064591600 ) ) ;
#21 =( NAMED_UNIT ( * ) PLANE_ANGLE_UNIT ( ) SI_UNIT ( $, .RADIAN. ) );
#22 = FACE_OUTER_BOUND ( 'NONE', #4066, .T. ) ;
#23 = ORIENTED_EDGE ( 'NONE', *, *, #351, .T. ) ;
#24 = DIRECTION ( 'NONE',  ( 1.000000000000000000, 0.0000000000000000000, 9.035018104045794000E-016 ) ) ;
#25 = CARTESIAN_POINT ( 'NONE',  ( -0.4500000000000000100, -0.03999999999999999400, 0.1145751311064590700 ) ) ;
#26 = EDGE_CURVE ( 'NONE', #3968, #1952, #3970, .T. ) ;
#27 = DIRECTION ( 'NONE',  ( 0.0000000000000000000, -0.0000000000000000000, -1.000000000000000000 ) ) ;
#28 = EDGE_LOOP ( 'NONE', ( #1293, #1206, #533, #1203 ) ) ;
#29 = SURFACE_SIDE_STYLE ('',( #4510 ) ) ;
#30 = CARTESIAN_POINT ( 'NONE',  ( -0.07499999999999992800, 0.1250000000000000000, -0.4980000000000001600 ) ) ;
#31 = CARTESIAN_POINT ( 'NONE',  ( 0.5250000000000000200, 0.02000000000000000000, -0.1145751311064591400 ) ) ;
#32 = EDGE_CURVE ( 'NONE', #4606, #1192, #3405, .T. ) ;
#33 = ORIENTED_EDGE ( 'NONE', *, *, #1471, .F. ) ;
#34 = CARTESIAN_POINT ( 'NONE',  ( -0.07500000000000003900, -0.03999999999999999400, -0.1145751311064591400 ) ) ;
#35 = ORIENTED_EDGE ( 'NONE', *, *, #3886, .T. ) ;
#36 = CARTESIAN_POINT ( 'NONE',  ( 0.5250000000000000200, 0.02000000000000000000, 0.4145751311064590500 ) ) ;
#37 = ORIENTED_EDGE ( 'NONE', *, *, #1386, .T. ) ;
#38 = CARTESIAN_POINT ( 'NONE',  ( -0.5999000000000001000, 0.1250000000000000000, 0.1145751311064590700 ) ) ;
#39 = CARTESIAN_POINT ( 'NONE',  ( -0.5250000000000000200, 0.1250000000000000000, -0.4980000000000001600 ) ) ;
#40 = CARTESIAN_POINT ( 'NONE',  ( 0.5250000000000000200, -0.03999999999999999400, -0.4145751311064591600 ) ) ;
#41 = VECTOR ( 'NONE', #528, 1000.000000000000000 ) ;
#42 = EDGE_CURVE ( 'NONE', #1793, #4557, #1482, .T. ) ;
#43 = FILL_AREA_STYLE_COLOUR ( '', #3922 ) ;
#44 = ADVANCED_FACE ( 'NONE', ( #3675 ), #3682, .F. ) ;
#45 = ADVANCED_FACE ( 'NONE', ( #2613 ), #4168, .F. ) ;
#46 = ORIENTED_EDGE ( 'NONE', *, *, #1585, .F. ) ;
#47 = DIRECTION ( 'NONE',  ( -1.000000000000000000, -0.0000000000000000000, -0.0000000000000000000 ) ) ;
#48 = VECTOR ( 'NONE', #3529, 1000.000000000000000 ) ;
#49 = DIRECTION ( 'NONE',  ( 0.0000000000000000000, -0.0000000000000000000, -1.000000000000000000 ) ) ;
#50 = FACE_OUTER_BOUND ( 'NONE', #3913, .T. ) ;
#51 = LINE ( 'NONE', #1328, #2983 ) ;
#52 = CARTESIAN_POINT ( 'NONE',  ( 0.5250000000000000200, 0.1250000000000000000, 0.4998999999999998400 ) ) ;
#53 = LINE ( 'NONE', #653, #916 ) ;
#54 = LINE ( 'NONE', #941, #2028 ) ;
#55 = VERTEX_POINT ( 'NONE', #3574 ) ;
#56 = VERTEX_POINT ( 'NONE', #3497 ) ;
#57 = PLANE ( 'NONE',  #2457 ) ;
#58 = CARTESIAN_POINT ( 'NONE',  ( 0.07499999999999998300, 0.1250000000000000000, -0.5000000000000002200 ) ) ;
#59 = VECTOR ( 'NONE', #2362, 1000.000000000000000 ) ;
#60 = LINE ( 'NONE', #2644, #4674 ) ;
#61 = EDGE_CURVE ( 'NONE', #2782, #1713, #666, .T. ) ;
#63 = LINE ( 'NONE', #2519, #1918 ) ;
#62 = PRODUCT_CONTEXT ( 'NONE', #2987, 'mechanical' ) ;
#64 = CARTESIAN_POINT ( 'NONE',  ( -0.5250000000000000200, -0.03999999999999999400, 0.1895751311064590200 ) ) ;
#65 =( NAMED_UNIT ( * ) SI_UNIT ( $, .STERADIAN. ) SOLID_ANGLE_UNIT ( ) );
#66 = DIRECTION ( 'NONE',  ( 1.000000000000000000, -0.0000000000000000000, 9.035018104045794000E-016 ) ) ;
#67 = FACE_OUTER_BOUND ( 'NONE', #1615, .T. ) ;
#68 = ORIENTED_EDGE ( 'NONE', *, *, #1275, .F. ) ;
#69 = ORIENTED_EDGE ( 'NONE', *, *, #3223, .T. ) ;
#70 =( GEOMETRIC_REPRESENTATION_CONTEXT ( 3 ) GLOBAL_UNCERTAINTY_ASSIGNED_CONTEXT ( ( #291 ) ) GLOBAL_UNIT_ASSIGNED_CONTEXT ( ( #2525, #1766, #4101 ) ) REPRESENTATION_CONTEXT ( 'NONE', 'WORKASPACE' ) );
#71 = CARTESIAN_POINT ( 'NONE',  ( -0.5999000000000001000, 0.1250000000000000000, 0.4145751311064590500 ) ) ;
#72 = UNCERTAINTY_MEASURE_WITH_UNIT (LENGTH_MEASURE( 1.000000000000000100E-005 ), #1158, 'distance_accuracy_value', 'NONE');
#73 = VERTEX_POINT ( 'NONE', #3473 ) ;
#74 = LINE ( 'NONE', #3586, #2895 ) ;
#75 = CARTESIAN_POINT ( 'NONE',  ( -0.5999000000000001000, 0.1250000000000001900, -0.1145751311064591600 ) ) ;
#76 = FACE_OUTER_BOUND ( 'NONE', #1855, .T. ) ;
#77 = ORIENTED_EDGE ( 'NONE', *, *, #373, .T. ) ;
#78 = CARTESIAN_POINT ( 'NONE',  ( 0.3750000000000000000, 0.02000000000000000000, -0.1145751311064591400 ) ) ;
#79 = UNCERTAINTY_MEASURE_WITH_UNIT (LENGTH_MEASURE( 1.000000000000000100E-005 ), #3953, 'distance_accuracy_value', 'NONE');
#80 = EDGE_LOOP ( 'NONE', ( #1533, #3747, #4278, #4276 ) ) ;
#81 = SURFACE_STYLE_FILL_AREA ( #791 ) ;
#82 = ORIENTED_EDGE ( 'NONE', *, *, #3386, .T. ) ;
#83 = DIRECTION ( 'NONE',  ( -1.000000000000000000, -0.0000000000000000000, -0.0000000000000000000 ) ) ;
#84 = CARTESIAN_POINT ( 'NONE',  ( -0.5250000000000000200, 0.02000000000000000000, 0.4145751311064590500 ) ) ;
#85 = AXIS2_PLACEMENT_3D ( 'NONE', #263, #608, #623 ) ;
#86 = ORIENTED_EDGE ( 'NONE', *, *, #3182, .T. ) ;
#87 = CARTESIAN_POINT ( 'NONE',  ( 0.3750000000000000000, -0.03999999999999999400, -0.1145751311064591400 ) ) ;
#88 = EDGE_LOOP ( 'NONE', ( #2740, #2264, #46, #1379 ) ) ;
#89 = DIRECTION ( 'NONE',  ( 0.0000000000000000000, 0.0000000000000000000, -1.000000000000000000 ) ) ;
#90 = ORIENTED_EDGE ( 'NONE', *, *, #1213, .T. ) ;
#91 = ADVANCED_FACE ( 'NONE', ( #22 ), #3447, .F. ) ;
#92 = ADVANCED_FACE ( 'NONE', ( #1249 ), #3476, .F. ) ;
#93 = EDGE_CURVE ( 'NONE', #3414, #4046, #548, .T. ) ;
#94 = ORIENTED_EDGE ( 'NONE', *, *, #4028, .F. ) ;
#95 = MECHANICAL_DESIGN_GEOMETRIC_PRESENTATION_REPRESENTATION (  '', ( #4113 ), #348 ) ;
#96 = PLANE ( 'NONE',  #3673 ) ;
#97 = DIRECTION ( 'NONE',  ( -0.0000000000000000000, -0.0000000000000000000, 1.000000000000000000 ) ) ;
#98 = AXIS2_PLACEMENT_3D ( 'NONE', #1325, #1314, #1308 ) ;
#99 = CARTESIAN_POINT ( 'NONE',  ( -0.3750000000000000000, 0.02000000000000000000, -0.1145751311064591400 ) ) ;
#100 = ORIENTED_EDGE ( 'NONE', *, *, #2060, .F. ) ;
#101 = ORIENTED_EDGE ( 'NONE', *, *, #1365, .F. ) ;
#102 = CARTESIAN_POINT ( 'NONE',  ( -0.3749999999999993300, 0.02000000000000000000, 0.1145751311064591400 ) ) ;
#103 = EDGE_CURVE ( 'NONE', #368, #251, #2118, .T. ) ;
#104 = FILL_AREA_STYLE_COLOUR ( '', #3656 ) ;
#105 = LINE ( 'NONE', #1081, #3895 ) ;
#106 = CARTESIAN_POINT ( 'NONE',  ( 0.5250000000000000200, 0.1250000000000000000, 0.4998999999999998400 ) ) ;
#107 = AXIS2_PLACEMENT_3D ( 'NONE', #4545, #3440, #3834 ) ;
#108 = ORIENTED_EDGE ( 'NONE', *, *, #2736, .T. ) ;
#109 = PLANE ( 'NONE',  #455 ) ;
#110 = PLANE ( 'NONE',  #3083 ) ;
#111 = LINE ( 'NONE', #2783, #3771 ) ;
#112 = CARTESIAN_POINT ( 'NONE',  ( 0.2249999999999999500, 0.02000000000000000000, -0.4145751311064591600 ) ) ;
#113 = VECTOR ( 'NONE', #1834, 1000.000000000000000 ) ;
#114 = VECTOR ( 'NONE', #3896, 1000.000000000000000 ) ;
#115 = CARTESIAN_POINT ( 'NONE',  ( 0.07499999999999998300, 0.02000000000000000000, -0.1145751311064591400 ) ) ;
#116 = CARTESIAN_POINT ( 'NONE',  ( -0.3749999999999993300, 0.0000000000000000000, 0.1145751311064591400 ) ) ;
#117 = LINE ( 'NONE', #2055, #1970 ) ;
#118 = FACE_OUTER_BOUND ( 'NONE', #1663, .T. ) ;
#119 = DIRECTION ( 'NONE',  ( -1.000000000000000000, -0.0000000000000000000, -0.0000000000000000000 ) ) ;
#120 = AXIS2_PLACEMENT_3D ( 'NONE', #1253, #321, #2176 ) ;
#121 = DIRECTION ( 'NONE',  ( -1.807003620809174600E-015, -0.0000000000000000000, 1.000000000000000000 ) ) ;
#122 = EDGE_CURVE ( 'NONE', #2468, #2989, #1936, .T. ) ;
#123 = LINE ( 'NONE', #1567, #4627 ) ;
#124 = EDGE_LOOP ( 'NONE', ( #206, #2866, #2227, #3293 ) ) ;
#125 = ORIENTED_EDGE ( 'NONE', *, *, #4474, .T. ) ;
#126 = DIRECTION ( 'NONE',  ( 1.000000000000000000, -0.0000000000000000000, 0.0000000000000000000 ) ) ;
#127 = EDGE_LOOP ( 'NONE', ( #1078, #3136, #1466, #1999 ) ) ;
#128 = EDGE_CURVE ( 'NONE', #1223, #1288, #4035, .T. ) ;
#129 = ORIENTED_EDGE ( 'NONE', *, *, #2932, .T. ) ;
#130 = ORIENTED_EDGE ( 'NONE', *, *, #3517, .F. ) ;
#131 = PLANE ( 'NONE',  #2624 ) ;
#132 = CARTESIAN_POINT ( 'NONE',  ( 0.2250000000000000600, 0.1250000000000000000, -0.5000000000000002200 ) ) ;
#133 = CARTESIAN_POINT ( 'NONE',  ( 0.07499999999999998300, 0.1250000000000000000, 0.4998999999999998400 ) ) ;
#134 = ORIENTED_EDGE ( 'NONE', *, *, #26, .F. ) ;
#135 = FACE_OUTER_BOUND ( 'NONE', #3624, .T. ) ;
#136 = VECTOR ( 'NONE', #3226, 1000.000000000000000 ) ;
#137 = ORIENTED_EDGE ( 'NONE', *, *, #2794, .F. ) ;
#138 = EDGE_CURVE ( 'NONE', #1137, #3177, #3806, .T. ) ;
#139 = FILL_AREA_STYLE_COLOUR ( '', #4298 ) ;
#140 = DIRECTION ( 'NONE',  ( 0.0000000000000000000, 0.0000000000000000000, -1.000000000000000000 ) ) ;
#141 = EDGE_CURVE ( 'NONE', #1996, #1074, #3184, .T. ) ;
#142 = SURFACE_STYLE_FILL_AREA ( #1369 ) ;
#143 = EDGE_LOOP ( 'NONE', ( #2342, #2374, #3300, #1944 ) ) ;
#144 = CARTESIAN_POINT ( 'NONE',  ( 0.5999999999999998700, 0.1250000000000000000, 0.4145751311064590500 ) ) ;
#145 = CARTESIAN_POINT ( 'NONE',  ( -0.3750000000000000000, -0.0000000000000000000, -0.4145751311064591600 ) ) ;
#146 = EDGE_LOOP ( 'NONE', ( #876, #2396, #1636, #2097 ) ) ;
#147 = ADVANCED_FACE ( 'NONE', ( #1124 ), #2754, .F. ) ;
#148 = CARTESIAN_POINT ( 'NONE',  ( 0.5250000000000000200, 0.1250000000000000000, -0.5000000000000002200 ) ) ;
#149 = CARTESIAN_POINT ( 'NONE',  ( -0.3750000000000000000, 0.02000000000000000000, -0.4145751311064591600 ) ) ;
#150 = VERTEX_POINT ( 'NONE', #2790 ) ;
#151 = AXIS2_PLACEMENT_3D ( 'NONE', #1524, #1654, #1682 ) ;
#152 = VERTEX_POINT ( 'NONE', #2695 ) ;
#153 = DIRECTION ( 'NONE',  ( -1.000000000000000000, 0.0000000000000000000, -0.0000000000000000000 ) ) ;
#154 = CARTESIAN_POINT ( 'NONE',  ( 0.07499999999999998300, 0.02000000000000000000, -0.1145751311064591400 ) ) ;
#155 = ORIENTED_EDGE ( 'NONE', *, *, #2185, .F. ) ;
#156 = DIRECTION ( 'NONE',  ( -0.0000000000000000000, 1.000000000000000000, -0.0000000000000000000 ) ) ;
#157 = DIRECTION ( 'NONE',  ( 0.0000000000000000000, -1.000000000000000000, 0.0000000000000000000 ) ) ;
#158 = DIRECTION ( 'NONE',  ( 1.000000000000000000, 0.0000000000000000000, 0.0000000000000000000 ) ) ;
#159 = EDGE_CURVE ( 'NONE', #1073, #2435, #4320, .T. ) ;
#160 = EDGE_LOOP ( 'NONE', ( #3856, #4538, #326, #4675 ) ) ;
#161 = EDGE_LOOP ( 'NONE', ( #4034, #155, #2523, #4546 ) ) ;
#162 = DIRECTION ( 'NONE',  ( -0.0000000000000000000, -0.0000000000000000000, 1.000000000000000000 ) ) ;
#163 = COLOUR_RGB ( '',0.7529411764705882200, 0.7529411764705882200, 0.0000000000000000000 ) ;
#164 = DIRECTION ( 'NONE',  ( -0.0000000000000000000, 0.0000000000000000000, 1.000000000000000000 ) ) ;
#165 = AXIS2_PLACEMENT_3D ( 'NONE', #265, #204, #200 ) ;
#166 = EDGE_LOOP ( 'NONE', ( #2714, #1750, #3360, #598 ) ) ;
#167 = LINE ( 'NONE', #613, #2019 ) ;
#168 = ADVANCED_FACE ( 'NONE', ( #4539 ), #665, .F. ) ;
#169 = DIRECTION ( 'NONE',  ( 0.0000000000000000000, 0.0000000000000000000, 1.000000000000000000 ) ) ;
#170 = DIRECTION ( 'NONE',  ( 0.0000000000000000000, 0.0000000000000000000, -1.000000000000000000 ) ) ;
#171 = VECTOR ( 'NONE', #1549, 1000.000000000000000 ) ;
#172 = LINE ( 'NONE', #1079, #3832 ) ;
#173 = CARTESIAN_POINT ( 'NONE',  ( -0.5250000000000000200, 0.02000000000000000000, -0.1145751311064591400 ) ) ;
#174 = DIRECTION ( 'NONE',  ( 0.0000000000000000000, 0.0000000000000000000, 1.000000000000000000 ) ) ;
#175 =( NAMED_UNIT ( * ) PLANE_ANGLE_UNIT ( ) SI_UNIT ( $, .RADIAN. ) );
#176 = LINE ( 'NONE', #4628, #1042 ) ;
#177 = FACE_OUTER_BOUND ( 'NONE', #124, .T. ) ;
#178 = VERTEX_POINT ( 'NONE', #2391 ) ;
#179 = VERTEX_POINT ( 'NONE', #2385 ) ;
#180 = CARTESIAN_POINT ( 'NONE',  ( -0.07499999999999992800, 0.1250000000000000000, 0.4998999999999998400 ) ) ;
#181 = CARTESIAN_POINT ( 'NONE',  ( 0.5250000000000005800, 0.02000000000000000000, 0.1145751311064591400 ) ) ;
#182 = DIRECTION ( 'NONE',  ( 0.7071067811865477900, 0.0000000000000000000, -0.7071067811865473500 ) ) ;
#183 = VECTOR ( 'NONE', #1965, 1000.000000000000000 ) ;
#184 = ORIENTED_EDGE ( 'NONE', *, *, #3969, .T. ) ;
#186 = ORIENTED_EDGE ( 'NONE', *, *, #3766, .T. ) ;
#185 = DIRECTION ( 'NONE',  ( -1.000000000000000000, 0.0000000000000000000, 0.0000000000000000000 ) ) ;
#187 = CARTESIAN_POINT ( 'NONE',  ( -0.07499999999999938700, -0.03999999999999999400, 0.1145751311064591400 ) ) ;
#188 = ADVANCED_FACE ( 'NONE', ( #4479 ), #2410, .F. ) ;
#189 = VECTOR ( 'NONE', #2607, 1000.000000000000000 ) ;
#190 = FACE_OUTER_BOUND ( 'NONE', #2467, .T. ) ;
#191 = EDGE_LOOP ( 'NONE', ( #249, #1016, #841, #1593 ) ) ;
#192 = CARTESIAN_POINT ( 'NONE',  ( -0.5250000000000000200, -0.0000000000000000000, -0.4145751311064591600 ) ) ;
#193 = EDGE_CURVE ( 'NONE', #4710, #2134, #2503, .T. ) ;
#194 = DIRECTION ( 'NONE',  ( 0.0000000000000000000, -1.000000000000000000, 0.0000000000000000000 ) ) ;
#195 = DIRECTION ( 'NONE',  ( 0.0000000000000000000, 0.0000000000000000000, -1.000000000000000000 ) ) ;
#196 = ORIENTED_EDGE ( 'NONE', *, *, #1606, .T. ) ;
#197 = FACE_OUTER_BOUND ( 'NONE', #2825, .T. ) ;
#198 = LINE ( 'NONE', #777, #3965 ) ;
#199 = VERTEX_POINT ( 'NONE', #2154 ) ;
#200 = DIRECTION ( 'NONE',  ( 0.0000000000000000000, 0.0000000000000000000, 1.000000000000000000 ) ) ;
#201 = VERTEX_POINT ( 'NONE', #2616 ) ;
#202 = ADVANCED_FACE ( 'NONE', ( #4425 ), #2285, .F. ) ;
#203 = AXIS2_PLACEMENT_3D ( 'NONE', #3324, #3247, #3202 ) ;
#204 = DIRECTION ( 'NONE',  ( -1.000000000000000000, 0.0000000000000000000, 0.0000000000000000000 ) ) ;
#205 = ORIENTED_EDGE ( 'NONE', *, *, #4720, .F. ) ;
#206 = ORIENTED_EDGE ( 'NONE', *, *, #2751, .T. ) ;
#207 = EDGE_CURVE ( 'NONE', #251, #2782, #1526, .T. ) ;
#208 = DIRECTION ( 'NONE',  ( -1.000000000000000000, 0.0000000000000000000, -9.035018104045833500E-016 ) ) ;
#209 = DIRECTION ( 'NONE',  ( 0.0000000000000000000, -1.000000000000000000, 0.0000000000000000000 ) ) ;
#210 = SURFACE_STYLE_FILL_AREA ( #1407 ) ;
#211 = ORIENTED_EDGE ( 'NONE', *, *, #4366, .F. ) ;
#212 = CARTESIAN_POINT ( 'NONE',  ( -0.2250000000000000100, 0.02000000000000000000, 0.1145751311064590100 ) ) ;
#213 = DIRECTION ( 'NONE',  ( -1.807003620809174600E-015, -0.0000000000000000000, 1.000000000000000000 ) ) ;
#214 = EDGE_CURVE ( 'NONE', #405, #3491, #4317, .T. ) ;
#215 = ORIENTED_EDGE ( 'NONE', *, *, #4297, .F. ) ;
#216 = CARTESIAN_POINT ( 'NONE',  ( 0.3750000000000000000, 0.02000000000000000000, 0.4145751311064590500 ) ) ;
#217 = CARTESIAN_POINT ( 'NONE',  ( 0.2250000000000000600, 0.07500000000000001100, 0.4998999999999998400 ) ) ;
#218 = EDGE_LOOP ( 'NONE', ( #19, #620, #745, #1246 ) ) ;
#219 = CARTESIAN_POINT ( 'NONE',  ( -0.6000000000000000900, 0.1250000000000000000, -0.4145751311064591600 ) ) ;
#220 = DIRECTION ( 'NONE',  ( 1.000000000000000000, 0.0000000000000000000, 0.0000000000000000000 ) ) ;
#221 = PLANE ( 'NONE',  #327 ) ;
#222 = DIRECTION ( 'NONE',  ( 0.0000000000000000000, 0.0000000000000000000, 1.000000000000000000 ) ) ;
#223 = ORIENTED_EDGE ( 'NONE', *, *, #1705, .T. ) ;
#224 = ORIENTED_EDGE ( 'NONE', *, *, #480, .F. ) ;
#225 = VERTEX_POINT ( 'NONE', #2073 ) ;
#226 = EDGE_CURVE ( 'NONE', #3811, #56, #436, .T. ) ;
#227 = LINE ( 'NONE', #704, #1445 ) ;
#228 = AXIS2_PLACEMENT_3D ( 'NONE', #3620, #716, #3278 ) ;
#229 = ADVANCED_BREP_SHAPE_REPRESENTATION ( '74LVCH2T45GN', ( #4660, #3471, #2158, #4328, #441, #2993, #1297, #926, #3830, #4261 ), #1378 ) ;
#230 = VECTOR ( 'NONE', #3542, 1000.000000000000000 ) ;
#231 =( GEOMETRIC_REPRESENTATION_CONTEXT ( 3 ) GLOBAL_UNCERTAINTY_ASSIGNED_CONTEXT ( ( #2854 ) ) GLOBAL_UNIT_ASSIGNED_CONTEXT ( ( #4441, #2277, #65 ) ) REPRESENTATION_CONTEXT ( 'NONE', 'WORKASPACE' ) );
#232 = EDGE_CURVE ( 'NONE', #3799, #3755, #3342, .T. ) ;
#233 = LINE ( 'NONE', #4017, #113 ) ;
#234 = VECTOR ( 'NONE', #1383, 1000.000000000000000 ) ;
#235 = PLANE ( 'NONE',  #3424 ) ;
#236 = PLANE ( 'NONE',  #4351 ) ;
#237 = CARTESIAN_POINT ( 'NONE',  ( 0.5979999999999997500, 0.1250000000000000000, 0.1145751311064590700 ) ) ;
#238 = VECTOR ( 'NONE', #557, 1000.000000000000000 ) ;
#239 = LINE ( 'NONE', #1860, #3045 ) ;
#240 = ORIENTED_EDGE ( 'NONE', *, *, #3150, .F. ) ;
#241 =( LENGTH_UNIT ( ) NAMED_UNIT ( * ) SI_UNIT ( .MILLI., .METRE. ) );
#242 = DIRECTION ( 'NONE',  ( 0.0000000000000000000, 0.0000000000000000000, -1.000000000000000000 ) ) ;
#243 = LINE ( 'NONE', #116, #356 ) ;
#244 = LINE ( 'NONE', #2267, #3908 ) ;
#245 = ORIENTED_EDGE ( 'NONE', *, *, #1523, .F. ) ;
#246 = DIRECTION ( 'NONE',  ( -0.0000000000000000000, -6.324512672832108900E-016, -1.000000000000000000 ) ) ;
#247 = PLANE ( 'NONE',  #165 ) ;
#248 = AXIS2_PLACEMENT_3D ( 'NONE', #2390, #2180, #2167 ) ;
#249 = ORIENTED_EDGE ( 'NONE', *, *, #714, .T. ) ;
#250 = CARTESIAN_POINT ( 'NONE',  ( 0.3750000000000000000, 0.1250000000000000000, 0.4998999999999998400 ) ) ;
#251 = VERTEX_POINT ( 'NONE', #2003 ) ;
#252 = PRODUCT_RELATED_PRODUCT_CATEGORY ( 'part', '', ( #4015 ) ) ;
#253 = ORIENTED_EDGE ( 'NONE', *, *, #3912, .T. ) ;
#254 = EDGE_CURVE ( 'NONE', #1457, #3977, #1302, .T. ) ;
#255 = VECTOR ( 'NONE', #828, 1000.000000000000000 ) ;
#256 = PLANE ( 'NONE',  #1089 ) ;
#257 = LINE ( 'NONE', #720, #4026 ) ;
#258 = VERTEX_POINT ( 'NONE', #1923 ) ;
#259 = EDGE_CURVE ( 'NONE', #3938, #2855, #2274, .T. ) ;
#260 = PLANE ( 'NONE',  #658 ) ;
#261 = AXIS2_PLACEMENT_3D ( 'NONE', #3608, #2187, #4699 ) ;
#262 = FACE_OUTER_BOUND ( 'NONE', #4187, .T. ) ;
#263 = CARTESIAN_POINT ( 'NONE',  ( 0.3750000000000000000, 0.1250000000000000000, -0.5000000000000002200 ) ) ;
#264 = ORIENTED_EDGE ( 'NONE', *, *, #2451, .T. ) ;
#265 = CARTESIAN_POINT ( 'NONE',  ( 0.3750000000000000000, 0.02000000000000000000, 0.4145751311064590500 ) ) ;
#266 = DIRECTION ( 'NONE',  ( -0.0000000000000000000, -1.000000000000000000, -0.0000000000000000000 ) ) ;
#267 = CARTESIAN_POINT ( 'NONE',  ( 0.5999999999999998700, 0.3100000000000000000, 0.4999999999999997800 ) ) ;
#268 = EDGE_CURVE ( 'NONE', #3894, #3629, #4097, .T. ) ;
#269 = ORIENTED_EDGE ( 'NONE', *, *, #3280, .F. ) ;
#270 = ORIENTED_EDGE ( 'NONE', *, *, #3950, .F. ) ;
#271 = DIRECTION ( 'NONE',  ( -0.0000000000000000000, 1.000000000000000000, -0.0000000000000000000 ) ) ;
#272 = VERTEX_POINT ( 'NONE', #1646 ) ;
#273 =( NAMED_UNIT ( * ) PLANE_ANGLE_UNIT ( ) SI_UNIT ( $, .RADIAN. ) );
#274 = CARTESIAN_POINT ( 'NONE',  ( 0.2249999999999999500, 0.02000000000000000000, -0.1145751311064591400 ) ) ;
#275 = CARTESIAN_POINT ( 'NONE',  ( 0.2250000000000000600, 0.1250000000000000000, 0.4999999999999997800 ) ) ;
#276 = VERTEX_POINT ( 'NONE', #1704 ) ;
#277 = DIRECTION ( 'NONE',  ( 1.807003620809175000E-015, 0.0000000000000000000, -1.000000000000000000 ) ) ;
#278 = CARTESIAN_POINT ( 'NONE',  ( -0.07500000000000003900, -0.03999999999999999400, -0.1145751311064591400 ) ) ;
#279 = CARTESIAN_POINT ( 'NONE',  ( 0.5979999999999997500, 0.07500000000000001100, -0.1145751311064591400 ) ) ;
#280 = ORIENTED_EDGE ( 'NONE', *, *, #560, .F. ) ;
#281 = LINE ( 'NONE', #4180, #3941 ) ;
#282 = EDGE_CURVE ( 'NONE', #4710, #4582, #1191, .T. ) ;
#283 = ORIENTED_EDGE ( 'NONE', *, *, #2418, .T. ) ;
#284 = DIRECTION ( 'NONE',  ( 0.0000000000000000000, -1.000000000000000000, 0.0000000000000000000 ) ) ;
#285 = DIRECTION ( 'NONE',  ( -1.000000000000000000, -0.0000000000000000000, -0.0000000000000000000 ) ) ;
#286 = LINE ( 'NONE', #1710, #4057 ) ;
#287 = ORIENTED_EDGE ( 'NONE', *, *, #4366, .T. ) ;
#288 = CARTESIAN_POINT ( 'NONE',  ( -0.4500000000000000100, -0.03999999999999999400, 0.1145751311064590700 ) ) ;
#289 = EDGE_CURVE ( 'NONE', #1074, #4188, #2170, .T. ) ;
#290 = CARTESIAN_POINT ( 'NONE',  ( 0.0000000000000000000, 0.02000000000000000000, 0.0000000000000000000 ) ) ;
#291 = UNCERTAINTY_MEASURE_WITH_UNIT (LENGTH_MEASURE( 1.000000000000000100E-005 ), #2525, 'distance_accuracy_value', 'NONE');
#292 = LINE ( 'NONE', #1908, #3945 ) ;
#293 = CARTESIAN_POINT ( 'NONE',  ( -0.07500000000000003900, 0.02000000000000000000, -0.1145751311064591400 ) ) ;
#294 = DIRECTION ( 'NONE',  ( 0.0000000000000000000, -1.000000000000000000, 0.0000000000000000000 ) ) ;
#295 = AXIS2_PLACEMENT_3D ( 'NONE', #726, #3643, #1109 ) ;
#296 = ADVANCED_FACE ( 'NONE', ( #1069 ), #1513, .T. ) ;
#297 = VECTOR ( 'NONE', #47, 1000.000000000000000 ) ;
#298 = ORIENTED_EDGE ( 'NONE', *, *, #159, .T. ) ;
#299 = EDGE_CURVE ( 'NONE', #4473, #651, #1698, .T. ) ;
#300 = LINE ( 'NONE', #2315, #183 ) ;
#301 = ORIENTED_EDGE ( 'NONE', *, *, #1, .F. ) ;
#302 = ORIENTED_EDGE ( 'NONE', *, *, #3020, .F. ) ;
#303 = CARTESIAN_POINT ( 'NONE',  ( 0.5999999999999998700, 0.1250000000000001900, -0.1145751311064591600 ) ) ;
#304 = ORIENTED_EDGE ( 'NONE', *, *, #1547, .T. ) ;
#305 = LINE ( 'NONE', #3212, #3222 ) ;
#306 = ORIENTED_EDGE ( 'NONE', *, *, #3812, .F. ) ;
#307 = VERTEX_POINT ( 'NONE', #1544 ) ;
#308 = DIRECTION ( 'NONE',  ( 9.035018104045833500E-016, 0.0000000000000000000, -1.000000000000000000 ) ) ;
#309 = AXIS2_PLACEMENT_3D ( 'NONE', #2220, #4301, #1721 ) ;
#310 = ORIENTED_EDGE ( 'NONE', *, *, #3500, .T. ) ;
#311 = FACE_OUTER_BOUND ( 'NONE', #2150, .T. ) ;
#312 = DIRECTION ( 'NONE',  ( 0.0000000000000000000, 0.0000000000000000000, -1.000000000000000000 ) ) ;
#313 = FACE_OUTER_BOUND ( 'NONE', #3289, .T. ) ;
#314 = CARTESIAN_POINT ( 'NONE',  ( -0.07499999999999992800, 0.1250000000000000000, 0.4998999999999998400 ) ) ;
#315 = ORIENTED_EDGE ( 'NONE', *, *, #2618, .T. ) ;
#316 = FACE_OUTER_BOUND ( 'NONE', #751, .T. ) ;
#317 = ORIENTED_EDGE ( 'NONE', *, *, #1933, .F. ) ;
#318 = ORIENTED_EDGE ( 'NONE', *, *, #2905, .T. ) ;
#319 = DIRECTION ( 'NONE',  ( -1.000000000000000000, 0.0000000000000000000, 0.0000000000000000000 ) ) ;
#320 = DIRECTION ( 'NONE',  ( -1.000000000000000000, -0.0000000000000000000, -0.0000000000000000000 ) ) ;
#321 = DIRECTION ( 'NONE',  ( -0.0000000000000000000, 1.000000000000000000, -0.0000000000000000000 ) ) ;
#322 = EDGE_CURVE ( 'NONE', #3160, #332, #2670, .T. ) ;
#323 = VECTOR ( 'NONE', #1737, 1000.000000000000000 ) ;
#324 = ADVANCED_FACE ( 'NONE', ( #4478 ), #1032, .F. ) ;
#325 = ADVANCED_FACE ( 'NONE', ( #2553 ), #1277, .F. ) ;
#326 = ORIENTED_EDGE ( 'NONE', *, *, #2901, .F. ) ;
#327 = AXIS2_PLACEMENT_3D ( 'NONE', #3477, #3144, #957 ) ;
#328 = PRODUCT_DEFINITION_SHAPE ( 'NONE', 'NONE',  #4491 ) ;
#329 = VERTEX_POINT ( 'NONE', #985 ) ;
#330 = CARTESIAN_POINT ( 'NONE',  ( 0.07499999999999998300, 0.02000000000000000000, 0.4145751311064590500 ) ) ;
#331 = DIRECTION ( 'NONE',  ( -0.0000000000000000000, 0.0000000000000000000, -1.000000000000000000 ) ) ;
#332 = VERTEX_POINT ( 'NONE', #912 ) ;
#333 = DIRECTION ( 'NONE',  ( 0.0000000000000000000, -1.000000000000000000, -0.0000000000000000000 ) ) ;
#334 = CARTESIAN_POINT ( 'NONE',  ( -0.6000000000000000900, 0.3100000000000000000, 0.4999999999999997800 ) ) ;
#335 =( NAMED_UNIT ( * ) PLANE_ANGLE_UNIT ( ) SI_UNIT ( $, .RADIAN. ) );
#336 = ORIENTED_EDGE ( 'NONE', *, *, #2363, .F. ) ;
#337 = LINE ( 'NONE', #1850, #2292 ) ;
#338 = DIRECTION ( 'NONE',  ( 1.000000000000000000, 0.0000000000000000000, 0.0000000000000000000 ) ) ;
#339 = VERTEX_POINT ( 'NONE', #971 ) ;
#340 = ORIENTED_EDGE ( 'NONE', *, *, #4153, .T. ) ;
#341 = VECTOR ( 'NONE', #1052, 1000.000000000000000 ) ;
#342 = ADVANCED_FACE ( 'NONE', ( #711 ), #928, .T. ) ;
#343 = ADVANCED_FACE ( 'NONE', ( #1579 ), #894, .T. ) ;
#344 = VERTEX_POINT ( 'NONE', #832 ) ;
#345 = SURFACE_STYLE_FILL_AREA ( #3433 ) ;
#346 = VECTOR ( 'NONE', #3189, 1000.000000000000000 ) ;
#347 = EDGE_CURVE ( 'NONE', #2862, #1350, #4371, .T. ) ;
#348 =( GEOMETRIC_REPRESENTATION_CONTEXT ( 3 ) GLOBAL_UNCERTAINTY_ASSIGNED_CONTEXT ( ( #938 ) ) GLOBAL_UNIT_ASSIGNED_CONTEXT ( ( #993, #3534, #1367 ) ) REPRESENTATION_CONTEXT ( 'NONE', 'WORKASPACE' ) );
#349 = LINE ( 'NONE', #4712, #2089 ) ;
#350 = VECTOR ( 'NONE', #2075, 1000.000000000000000 ) ;
#351 = EDGE_CURVE ( 'NONE', #900, #391, #601, .T. ) ;
#352 = FACE_OUTER_BOUND ( 'NONE', #3817, .T. ) ;
#353 = ORIENTED_EDGE ( 'NONE', *, *, #1028, .F. ) ;
#354 = DIRECTION ( 'NONE',  ( 0.0000000000000000000, -1.000000000000000000, 2.710505431213751700E-016 ) ) ;
#355 = CARTESIAN_POINT ( 'NONE',  ( -0.07499999999999992800, 0.0000000000000000000, 0.4145751311064590500 ) ) ;
#356 = VECTOR ( 'NONE', #66, 1000.000000000000000 ) ;
#357 = LINE ( 'NONE', #875, #3163 ) ;
#358 = ORIENTED_EDGE ( 'NONE', *, *, #3171, .F. ) ;
#359 = VECTOR ( 'NONE', #1423, 1000.000000000000000 ) ;
#360 = CARTESIAN_POINT ( 'NONE',  ( 0.2249999999999999500, -0.03999999999999999400, -0.4145751311064591600 ) ) ;
#361 = LINE ( 'NONE', #2694, #2326 ) ;
#362 = EDGE_LOOP ( 'NONE', ( #4036, #2207, #1545, #2542 ) ) ;
#363 = ORIENTED_EDGE ( 'NONE', *, *, #2649, .T. ) ;
#364 = ADVANCED_FACE ( 'NONE', ( #4262 ), #611, .F. ) ;
#365 = ORIENTED_EDGE ( 'NONE', *, *, #2560, .T. ) ;
#366 = FACE_OUTER_BOUND ( 'NONE', #2800, .T. ) ;
#367 = LINE ( 'NONE', #4050, #3394 ) ;
#368 = VERTEX_POINT ( 'NONE', #565 ) ;
#369 = MECHANICAL_DESIGN_GEOMETRIC_PRESENTATION_REPRESENTATION (  '', ( #4607 ), #614 ) ;
#370 =( NAMED_UNIT ( * ) SI_UNIT ( $, .STERADIAN. ) SOLID_ANGLE_UNIT ( ) );
#371 = CARTESIAN_POINT ( 'NONE',  ( -0.4533896235159318200, 0.3099000000000000100, 0.3572429355358508500 ) ) ;
#372 = LINE ( 'NONE', #440, #3183 ) ;
#373 = EDGE_CURVE ( 'NONE', #4582, #4487, #2452, .T. ) ;
#374 = ORIENTED_EDGE ( 'NONE', *, *, #2179, .F. ) ;
#375 = ORIENTED_EDGE ( 'NONE', *, *, #3766, .F. ) ;
#376 = CARTESIAN_POINT ( 'NONE',  ( -0.5250000000000000200, 0.02000000000000000000, -0.1145751311064591400 ) ) ;
#377 = EDGE_CURVE ( 'NONE', #4215, #1192, #3286, .T. ) ;
#378 = DIRECTION ( 'NONE',  ( -1.000000000000000000, 0.0000000000000000000, 0.0000000000000000000 ) ) ;
#379 = CARTESIAN_POINT ( 'NONE',  ( 0.0000000000000000000, 0.02000000000000000000, 0.0000000000000000000 ) ) ;
#380 = CLOSED_SHELL ( 'NONE', ( #1859, #3098, #4364, #3828, #3243, #1413, #1566 ) ) ;
#381 = CARTESIAN_POINT ( 'NONE',  ( 0.0000000000000000000, 0.3100000000000000000, 0.0000000000000000000 ) ) ;
#382 = STYLED_ITEM ( 'NONE', ( #2377 ), #1070 ) ;
#383 = EDGE_CURVE ( 'NONE', #880, #3696, #372, .T. ) ;
#384 = DIRECTION ( 'NONE',  ( 1.000000000000000000, -0.0000000000000000000, 9.035018104045833500E-016 ) ) ;
#385 = ORIENTED_EDGE ( 'NONE', *, *, #2060, .T. ) ;
#386 = CARTESIAN_POINT ( 'NONE',  ( 0.2249999999999999500, 0.0000000000000000000, -0.1145751311064591400 ) ) ;
#387 = EDGE_CURVE ( 'NONE', #2630, #3755, #2339, .T. ) ;
#388 = ORIENTED_EDGE ( 'NONE', *, *, #4325, .T. ) ;
#389 = ADVANCED_FACE ( 'NONE', ( #4154 ), #247, .F. ) ;
#390 = ADVANCED_FACE ( 'NONE', ( #262 ), #260, .F. ) ;
#391 = VERTEX_POINT ( 'NONE', #181 ) ;
#392 = ORIENTED_EDGE ( 'NONE', *, *, #2660, .T. ) ;
#393 = CARTESIAN_POINT ( 'NONE',  ( -0.3750000000000000000, -0.03999999999999999400, -0.1145751311064591400 ) ) ;
#394 = PLANE ( 'NONE',  #1734 ) ;
#395 = LINE ( 'NONE', #4533, #4175 ) ;
#396 = ORIENTED_EDGE ( 'NONE', *, *, #1826, .F. ) ;
#397 =( LENGTH_UNIT ( ) NAMED_UNIT ( * ) SI_UNIT ( .MILLI., .METRE. ) );
#398 = LINE ( 'NONE', #4594, #4179 ) ;
#399 = DIRECTION ( 'NONE',  ( 0.0000000000000000000, -1.000000000000000000, -0.0000000000000000000 ) ) ;
#400 = DIRECTION ( 'NONE',  ( -0.0000000000000000000, 1.000000000000000000, -0.0000000000000000000 ) ) ;
#401 = LINE ( 'NONE', #1535, #2242 ) ;
#402 = EDGE_CURVE ( 'NONE', #1003, #339, #2216, .T. ) ;
#403 = DIRECTION ( 'NONE',  ( -0.0000000000000000000, -0.0000000000000000000, 1.000000000000000000 ) ) ;
#404 = LINE ( 'NONE', #544, #4185 ) ;
#405 = VERTEX_POINT ( 'NONE', #144 ) ;
#406 = DIRECTION ( 'NONE',  ( 0.0000000000000000000, 0.0000000000000000000, 1.000000000000000000 ) ) ;
#407 =( LENGTH_UNIT ( ) NAMED_UNIT ( * ) SI_UNIT ( .MILLI., .METRE. ) );
#408 = ORIENTED_EDGE ( 'NONE', *, *, #3088, .F. ) ;
#409 = DIRECTION ( 'NONE',  ( 0.0000000000000000000, 1.000000000000000000, -6.324512672832108900E-016 ) ) ;
#410 = DIRECTION ( 'NONE',  ( 0.0000000000000000000, 0.0000000000000000000, -1.000000000000000000 ) ) ;
#411 = AXIS2_PLACEMENT_3D ( 'NONE', #3050, #4503, #2344 ) ;
#412 = ADVANCED_FACE ( 'NONE', ( #1123 ), #1669, .F. ) ;
#413 = ADVANCED_FACE ( 'NONE', ( #3063 ), #2126, .T. ) ;
#414 = DIRECTION ( 'NONE',  ( 1.000000000000000000, -0.0000000000000000000, 9.035018104045794000E-016 ) ) ;
#415 = LINE ( 'NONE', #2051, #4071 ) ;
#416 = VECTOR ( 'NONE', #1197, 1000.000000000000000 ) ;
#417 = ORIENTED_EDGE ( 'NONE', *, *, #4019, .F. ) ;
#418 = VERTEX_POINT ( 'NONE', #1270 ) ;
#419 = CARTESIAN_POINT ( 'NONE',  ( 0.07499999999999998300, 0.02000000000000000000, -0.1145751311064591400 ) ) ;
#420 = DIRECTION ( 'NONE',  ( 0.0000000000000000000, 0.0000000000000000000, -1.000000000000000000 ) ) ;
#421 = VECTOR ( 'NONE', #4417, 1000.000000000000000 ) ;
#422 = ORIENTED_EDGE ( 'NONE', *, *, #1447, .T. ) ;
#423 = CARTESIAN_POINT ( 'NONE',  ( -0.2250000000000000100, 0.07500000000000001100, 0.4999999999999997800 ) ) ;
#424 = EDGE_LOOP ( 'NONE', ( #2973, #2211, #1460, #3866 ) ) ;
#425 = LINE ( 'NONE', #4598, #2261 ) ;
#426 = VERTEX_POINT ( 'NONE', #3859 ) ;
#427 = ORIENTED_EDGE ( 'NONE', *, *, #4498, .F. ) ;
#428 = CARTESIAN_POINT ( 'NONE',  ( 0.5250000000000000200, 0.1250000000000000000, -0.5000000000000002200 ) ) ;
#429 = DIRECTION ( 'NONE',  ( 1.000000000000000000, 0.0000000000000000000, 0.0000000000000000000 ) ) ;
#430 = AXIS2_PLACEMENT_3D ( 'NONE', #2483, #2850, #3192 ) ;
#431 = VECTOR ( 'NONE', #3176, 1000.000000000000000 ) ;
#432 = EDGE_LOOP ( 'NONE', ( #3684, #2352, #2138, #1744 ) ) ;
#433 = ORIENTED_EDGE ( 'NONE', *, *, #2516, .T. ) ;
#434 = VECTOR ( 'NONE', #406, 1000.000000000000000 ) ;
#435 = DIRECTION ( 'NONE',  ( 0.0000000000000000000, -0.0000000000000000000, 1.000000000000000000 ) ) ;
#436 = LINE ( 'NONE', #2006, #4213 ) ;
#437 = ORIENTED_EDGE ( 'NONE', *, *, #1868, .F. ) ;
#438 = ORIENTED_EDGE ( 'NONE', *, *, #3240, .T. ) ;
#439 = DIRECTION ( 'NONE',  ( 1.000000000000000000, 0.0000000000000000000, 0.0000000000000000000 ) ) ;
#440 = CARTESIAN_POINT ( 'NONE',  ( -0.07500000000000003900, -0.03999999999999999400, -0.4145751311064591600 ) ) ;
#441 = MANIFOLD_SOLID_BREP ( 'Boss-Extrude2[5]', #2550 ) ;
#442 = ADVANCED_FACE ( 'NONE', ( #2393 ), #879, .F. ) ;
#443 = EDGE_CURVE ( 'NONE', #3177, #1821, #3230, .T. ) ;
#444 = VERTEX_POINT ( 'NONE', #2421 ) ;
#445 = APPLICATION_PROTOCOL_DEFINITION ( 'draft international standard', 'automotive_design', 1998, #2637 ) ;
#446 = SURFACE_SIDE_STYLE ('',( #878 ) ) ;
#447 = SURFACE_SIDE_STYLE ('',( #749 ) ) ;
#448 = ORIENTED_EDGE ( 'NONE', *, *, #2531, .F. ) ;
#449 = ORIENTED_EDGE ( 'NONE', *, *, #873, .T. ) ;
#450 = CARTESIAN_POINT ( 'NONE',  ( -0.5999000000000001000, 0.1250000000000000000, 0.1145751311064590700 ) ) ;
#451 = EDGE_CURVE ( 'NONE', #900, #1404, #4206, .T. ) ;
#452 = SURFACE_STYLE_USAGE ( .BOTH. , #1405 ) ;
#453 = EDGE_LOOP ( 'NONE', ( #3194, #494, #4405, #2334 ) ) ;
#454 = DIRECTION ( 'NONE',  ( 1.000000000000000000, 0.0000000000000000000, -0.0000000000000000000 ) ) ;
#455 = AXIS2_PLACEMENT_3D ( 'NONE', #901, #3084, #1266 ) ;
#456 = DIRECTION ( 'NONE',  ( -0.0000000000000000000, 1.000000000000000000, -2.710505431213751200E-016 ) ) ;
#457 = LINE ( 'NONE', #13, #3142 ) ;
#458 = EDGE_CURVE ( 'NONE', #2171, #815, #2270, .T. ) ;
#459 = ORIENTED_EDGE ( 'NONE', *, *, #2813, .T. ) ;
#460 = VECTOR ( 'NONE', #2880, 1000.000000000000000 ) ;
#461 = CARTESIAN_POINT ( 'NONE',  ( -0.5250000000000000200, 0.02000000000000000000, -0.1145751311064591400 ) ) ;
#462 = DIRECTION ( 'NONE',  ( -0.0000000000000000000, -1.000000000000000000, -0.0000000000000000000 ) ) ;
#463 = FACE_OUTER_BOUND ( 'NONE', #3881, .T. ) ;
#464 = ADVANCED_FACE ( 'NONE', ( #316 ), #4535, .F. ) ;
#465 = FACE_OUTER_BOUND ( 'NONE', #3101, .T. ) ;
#466 = PLANE ( 'NONE',  #2914 ) ;
#467 = AXIS2_PLACEMENT_3D ( 'NONE', #290, #2893, #682 ) ;
#468 = DIRECTION ( 'NONE',  ( 0.0000000000000000000, 0.0000000000000000000, -1.000000000000000000 ) ) ;
#469 = VECTOR ( 'NONE', #3266, 1000.000000000000000 ) ;
#470 = LINE ( 'NONE', #99, #2306 ) ;
#471 = DIRECTION ( 'NONE',  ( -0.0000000000000000000, 0.0000000000000000000, 1.000000000000000000 ) ) ;
#472 = LINE ( 'NONE', #2298, #4130 ) ;
#473 = ORIENTED_EDGE ( 'NONE', *, *, #2288, .F. ) ;
#474 = EDGE_CURVE ( 'NONE', #405, #178, #2778, .T. ) ;
#475 = LINE ( 'NONE', #1910, #2318 ) ;
#476 = DIRECTION ( 'NONE',  ( -0.0000000000000000000, 0.0000000000000000000, 1.000000000000000000 ) ) ;
#477 = DIRECTION ( 'NONE',  ( 1.000000000000000000, -0.0000000000000000000, 9.035018104045833500E-016 ) ) ;
#478 = FACE_OUTER_BOUND ( 'NONE', #160, .T. ) ;
#479 = ORIENTED_EDGE ( 'NONE', *, *, #3493, .T. ) ;
#480 = EDGE_CURVE ( 'NONE', #1821, #329, #3737, .T. ) ;
#481 = ORIENTED_EDGE ( 'NONE', *, *, #2094, .F. ) ;
#482 = LINE ( 'NONE', #3249, #3276 ) ;
#483 = FACE_OUTER_BOUND ( 'NONE', #1000, .T. ) ;
#484 = CARTESIAN_POINT ( 'NONE',  ( -0.07499999999999992800, -0.03999999999999999400, 0.4145751311064590500 ) ) ;
#485 = ORIENTED_EDGE ( 'NONE', *, *, #1386, .F. ) ;
#486 = CARTESIAN_POINT ( 'NONE',  ( 0.3750000000000000000, 0.1250000000000000000, 0.4998999999999998400 ) ) ;
#487 = VECTOR ( 'NONE', #2621, 1000.000000000000000 ) ;
#488 = CARTESIAN_POINT ( 'NONE',  ( -0.5250000000000000200, 0.1250000000000000000, -0.5000000000000002200 ) ) ;
#489 = VERTEX_POINT ( 'NONE', #3217 ) ;
#490 = VECTOR ( 'NONE', #512, 1000.000000000000000 ) ;
#491 = DIRECTION ( 'NONE',  ( 1.000000000000000000, 0.0000000000000000000, 0.0000000000000000000 ) ) ;
#492 = VERTEX_POINT ( 'NONE', #2466 ) ;
#493 = DIRECTION ( 'NONE',  ( 1.000000000000000000, 0.0000000000000000000, 0.0000000000000000000 ) ) ;
#494 = ORIENTED_EDGE ( 'NONE', *, *, #891, .F. ) ;
#495 =( NAMED_UNIT ( * ) PLANE_ANGLE_UNIT ( ) SI_UNIT ( $, .RADIAN. ) );
#496 = CARTESIAN_POINT ( 'NONE',  ( -0.3750000000000000000, -0.03999999999999999400, -0.4145751311064591600 ) ) ;
#497 = PLANE ( 'NONE',  #1432 ) ;
#498 = EDGE_CURVE ( 'NONE', #3253, #4606, #3617, .T. ) ;
#499 = CARTESIAN_POINT ( 'NONE',  ( 0.07499999999999998300, -0.03999999999999999400, -0.4145751311064591600 ) ) ;
#500 = ORIENTED_EDGE ( 'NONE', *, *, #1764, .T. ) ;
#501 = VERTEX_POINT ( 'NONE', #4196 ) ;
#502 = DIRECTION ( 'NONE',  ( -0.0000000000000000000, 1.000000000000000000, -0.0000000000000000000 ) ) ;
#503 = PLANE ( 'NONE',  #3864 ) ;
#504 = EDGE_LOOP ( 'NONE', ( #3250, #3265, #3657, #1076 ) ) ;
#505 = ORIENTED_EDGE ( 'NONE', *, *, #1577, .F. ) ;
#506 = EDGE_CURVE ( 'NONE', #4146, #3848, #1810, .T. ) ;
#507 = DIRECTION ( 'NONE',  ( -1.000000000000000000, 0.0000000000000000000, 0.0000000000000000000 ) ) ;
#508 = ADVANCED_FACE ( 'NONE', ( #706 ), #1295, .F. ) ;
#509 = VECTOR ( 'NONE', #2268, 1000.000000000000000 ) ;
#510 = CARTESIAN_POINT ( 'NONE',  ( -0.3750000000000000000, 0.02000000000000000000, -0.4145751311064591600 ) ) ;
#511 =( LENGTH_UNIT ( ) NAMED_UNIT ( * ) SI_UNIT ( .MILLI., .METRE. ) );
#512 = DIRECTION ( 'NONE',  ( -0.0000000000000000000, -0.0000000000000000000, 1.000000000000000000 ) ) ;
#513 = VECTOR ( 'NONE', #4233, 1000.000000000000000 ) ;
#514 = CARTESIAN_POINT ( 'NONE',  ( -0.3749999999999998900, 0.07500000000000001100, -0.5000000000000002200 ) ) ;
#515 = PRESENTATION_STYLE_ASSIGNMENT (( #699 ) ) ;
#516 = ORIENTED_EDGE ( 'NONE', *, *, #4667, .T. ) ;
#517 = PLANE ( 'NONE',  #3358 ) ;
#518 = VECTOR ( 'NONE', #4610, 1000.000000000000000 ) ;
#519 = LINE ( 'NONE', #2726, #2244 ) ;
#520 = CARTESIAN_POINT ( 'NONE',  ( -0.3749999999999993300, -0.03999999999999999400, 0.1145751311064591400 ) ) ;
#521 = EDGE_CURVE ( 'NONE', #562, #3012, #826, .T. ) ;
#522 = SURFACE_STYLE_FILL_AREA ( #869 ) ;
#523 = VERTEX_POINT ( 'NONE', #1121 ) ;
#524 = PLANE ( 'NONE',  #295 ) ;
#525 = ORIENTED_EDGE ( 'NONE', *, *, #632, .T. ) ;
#526 = VERTEX_POINT ( 'NONE', #1104 ) ;
#527 = DIRECTION ( 'NONE',  ( 1.000000000000000000, 0.0000000000000000000, 0.0000000000000000000 ) ) ;
#528 = DIRECTION ( 'NONE',  ( -0.0000000000000000000, 1.000000000000000000, -0.0000000000000000000 ) ) ;
#529 = FACE_OUTER_BOUND ( 'NONE', #4645, .T. ) ;
#530 = EDGE_CURVE ( 'NONE', #845, #1026, #2667, .T. ) ;
#531 = CARTESIAN_POINT ( 'NONE',  ( -0.5999000000000001000, 0.1250000000000000000, 0.1145751311064590700 ) ) ;
#532 = CARTESIAN_POINT ( 'NONE',  ( -0.5999000000000001000, 0.07500000000000001100, -0.4145751311064591600 ) ) ;
#533 = ORIENTED_EDGE ( 'NONE', *, *, #4153, .F. ) ;
#534 = EDGE_LOOP ( 'NONE', ( #3752, #4732, #2493, #836, #3931 ) ) ;
#535 = VECTOR ( 'NONE', #4058, 1000.000000000000000 ) ;
#536 = ORIENTED_EDGE ( 'NONE', *, *, #976, .T. ) ;
#537 = ORIENTED_EDGE ( 'NONE', *, *, #940, .F. ) ;
#538 = DIRECTION ( 'NONE',  ( 1.000000000000000000, 0.0000000000000000000, 0.0000000000000000000 ) ) ;
#539 = DIRECTION ( 'NONE',  ( -0.0000000000000000000, -0.0000000000000000000, 1.000000000000000000 ) ) ;
#540 = FILL_AREA_STYLE_COLOUR ( '', #4346 ) ;
#541 = EDGE_CURVE ( 'NONE', #815, #2056, #2549, .T. ) ;
#542 = ORIENTED_EDGE ( 'NONE', *, *, #1846, .T. ) ;
#543 = VERTEX_POINT ( 'NONE', #4018 ) ;
#544 = CARTESIAN_POINT ( 'NONE',  ( -0.6000000000000000900, 0.1250000000000001900, -0.1145751311064591600 ) ) ;
#545 = DIRECTION ( 'NONE',  ( 1.000000000000000000, 0.0000000000000000000, -0.0000000000000000000 ) ) ;
#546 = VECTOR ( 'NONE', #2087, 1000.000000000000000 ) ;
#547 = CARTESIAN_POINT ( 'NONE',  ( -0.2250000000000000100, 0.07500000000000001100, 0.4998999999999998400 ) ) ;
#548 = LINE ( 'NONE', #3075, #2165 ) ;
#549 = ORIENTED_EDGE ( 'NONE', *, *, #4534, .T. ) ;
#550 = DIRECTION ( 'NONE',  ( -0.0000000000000000000, 2.710505431213751700E-016, 1.000000000000000000 ) ) ;
#551 = DIRECTION ( 'NONE',  ( 0.0000000000000000000, -0.0000000000000000000, 1.000000000000000000 ) ) ;
#552 = DIRECTION ( 'NONE',  ( 0.0000000000000000000, 0.0000000000000000000, -1.000000000000000000 ) ) ;
#553 = ORIENTED_EDGE ( 'NONE', *, *, #4051, .F. ) ;
#554 = DIRECTION ( 'NONE',  ( -1.000000000000000000, -0.0000000000000000000, -0.0000000000000000000 ) ) ;
#555 = ADVANCED_FACE ( 'NONE', ( #2448 ), #3241, .F. ) ;
#556 = ORIENTED_EDGE ( 'NONE', *, *, #443, .T. ) ;
#557 = DIRECTION ( 'NONE',  ( 1.000000000000000000, 0.0000000000000000000, 0.0000000000000000000 ) ) ;
#558 = CARTESIAN_POINT ( 'NONE',  ( 0.2250000000000005900, 0.02000000000000000000, 0.1145751311064591400 ) ) ;
#559 = CARTESIAN_POINT ( 'NONE',  ( -0.07499999999999992800, 0.02000000000000000000, 0.4145751311064590500 ) ) ;
#560 = EDGE_CURVE ( 'NONE', #2476, #3811, #1474, .T. ) ;
#561 = VERTEX_POINT ( 'NONE', #1484 ) ;
#562 = VERTEX_POINT ( 'NONE', #1178 ) ;
#563 = DIRECTION ( 'NONE',  ( 1.000000000000000000, 0.0000000000000000000, 0.0000000000000000000 ) ) ;
#564 = CARTESIAN_POINT ( 'NONE',  ( 0.5250000000000000200, 0.02000000000000000000, -0.1145751311064591400 ) ) ;
#565 = CARTESIAN_POINT ( 'NONE',  ( -0.3749999999999998900, 0.07500000000000001100, 0.4998999999999998400 ) ) ;
#566 = ORIENTED_EDGE ( 'NONE', *, *, #2995, .T. ) ;
#567 = DIRECTION ( 'NONE',  ( 1.000000000000000000, 0.0000000000000000000, 0.0000000000000000000 ) ) ;
#568 = PLANE ( 'NONE',  #2098 ) ;
#569 = CARTESIAN_POINT ( 'NONE',  ( 0.5999999999999998700, 0.3100000000000000000, 0.4999999999999997800 ) ) ;
#570 = PLANE ( 'NONE',  #2471 ) ;
#571 = DIRECTION ( 'NONE',  ( -1.000000000000000000, -0.0000000000000000000, -0.0000000000000000000 ) ) ;
#572 = VECTOR ( 'NONE', #4484, 1000.000000000000000 ) ;
#573 = LINE ( 'NONE', #274, #2304 ) ;
#574 = PLANE ( 'NONE',  #2592 ) ;
#575 = DIRECTION ( 'NONE',  ( -1.000000000000000000, -0.0000000000000000000, -0.0000000000000000000 ) ) ;
#576 = CARTESIAN_POINT ( 'NONE',  ( 0.3750000000000000000, 0.1250000000000000000, -0.5000000000000002200 ) ) ;
#577 = FACE_OUTER_BOUND ( 'NONE', #3743, .T. ) ;
#578 = ORIENTED_EDGE ( 'NONE', *, *, #377, .F. ) ;
#579 = CARTESIAN_POINT ( 'NONE',  ( -0.5999000000000001000, 0.1250000000000001900, -0.1145751311064591600 ) ) ;
#580 = AXIS2_PLACEMENT_3D ( 'NONE', #4281, #2805, #2823 ) ;
#581 = LINE ( 'NONE', #4573, #3904 ) ;
#582 = LINE ( 'NONE', #2029, #4347 ) ;
#583 = CARTESIAN_POINT ( 'NONE',  ( 0.5999999999999998700, 0.1250000000000000000, -0.4145751311064591600 ) ) ;
#584 = VECTOR ( 'NONE', #2530, 1000.000000000000000 ) ;
#585 = VECTOR ( 'NONE', #1131, 1000.000000000000000 ) ;
#586 = CARTESIAN_POINT ( 'NONE',  ( 0.3750000000000000000, -0.03999999999999999400, 0.4145751311064590500 ) ) ;
#587 = DIRECTION ( 'NONE',  ( 0.0000000000000000000, 0.0000000000000000000, 1.000000000000000000 ) ) ;
#588 = ORIENTED_EDGE ( 'NONE', *, *, #621, .T. ) ;
#589 = LINE ( 'NONE', #4649, #359 ) ;
#590 = EDGE_CURVE ( 'NONE', #4526, #2780, #4258, .T. ) ;
#591 = FACE_BOUND ( 'NONE', #2387, .T. ) ;
#592 = CARTESIAN_POINT ( 'NONE',  ( 0.5250000000000005800, -0.03999999999999999400, 0.1145751311064591400 ) ) ;
#593 = ORIENTED_EDGE ( 'NONE', *, *, #3133, .F. ) ;
#594 = PLANE ( 'NONE',  #85 ) ;
#595 = AXIS2_PLACEMENT_3D ( 'NONE', #1211, #1020, #998 ) ;
#596 = DIRECTION ( 'NONE',  ( 1.000000000000000000, 0.0000000000000000000, 0.0000000000000000000 ) ) ;
#597 = VECTOR ( 'NONE', #2188, 1000.000000000000000 ) ;
#598 = ORIENTED_EDGE ( 'NONE', *, *, #3805, .T. ) ;
#599 = EDGE_CURVE ( 'NONE', #3940, #3118, #3282, .T. ) ;
#600 = AXIS2_PLACEMENT_3D ( 'NONE', #4406, #4424, #27 ) ;
#601 = LINE ( 'NONE', #592, #3399 ) ;
#602 = ORIENTED_EDGE ( 'NONE', *, *, #1741, .F. ) ;
#603 = CARTESIAN_POINT ( 'NONE',  ( 0.3750000000000000000, 0.02000000000000000000, -0.1145751311064591400 ) ) ;
#604 = CARTESIAN_POINT ( 'NONE',  ( -0.6000000000000000900, 0.3100000000000000000, 0.4999999999999997800 ) ) ;
#605 = CARTESIAN_POINT ( 'NONE',  ( -0.2250000000000000100, 0.02000000000000000000, -0.1145751311064591400 ) ) ;
#606 = VERTEX_POINT ( 'NONE', #1853 ) ;
#607 = CARTESIAN_POINT ( 'NONE',  ( -0.5999000000000001000, 0.07500000000000001100, 0.1145751311064590700 ) ) ;
#608 = DIRECTION ( 'NONE',  ( -0.0000000000000000000, 1.000000000000000000, 0.0000000000000000000 ) ) ;
#609 = EDGE_LOOP ( 'NONE', ( #1941, #1102, #2214, #211 ) ) ;
#610 = CARTESIAN_POINT ( 'NONE',  ( -0.07499999999999992800, 0.1250000000000000000, 0.4998999999999998400 ) ) ;
#611 = PLANE ( 'NONE',  #4413 ) ;
#612 = DIRECTION ( 'NONE',  ( 0.0000000000000000000, 0.0000000000000000000, -1.000000000000000000 ) ) ;
#613 = CARTESIAN_POINT ( 'NONE',  ( -0.07499999999999992800, 0.07500000000000001100, -0.5000000000000002200 ) ) ;
#614 =( GEOMETRIC_REPRESENTATION_CONTEXT ( 3 ) GLOBAL_UNCERTAINTY_ASSIGNED_CONTEXT ( ( #3979 ) ) GLOBAL_UNIT_ASSIGNED_CONTEXT ( ( #2657, #335, #1550 ) ) REPRESENTATION_CONTEXT ( 'NONE', 'WORKASPACE' ) );
#615 = ORIENTED_EDGE ( 'NONE', *, *, #128, .T. ) ;
#616 = EDGE_CURVE ( 'NONE', #3664, #2340, #4151, .T. ) ;
#617 = SURFACE_SIDE_STYLE ('',( #2484 ) ) ;
#618 = CARTESIAN_POINT ( 'NONE',  ( -0.5250000000000000200, 0.02000000000000000000, -0.1145751311064591400 ) ) ;
#619 = ORIENTED_EDGE ( 'NONE', *, *, #4164, .F. ) ;
#620 = ORIENTED_EDGE ( 'NONE', *, *, #2905, .F. ) ;
#621 = EDGE_CURVE ( 'NONE', #4188, #2039, #367, .T. ) ;
#622 = VECTOR ( 'NONE', #2596, 1000.000000000000000 ) ;
#623 = DIRECTION ( 'NONE',  ( 0.0000000000000000000, -0.0000000000000000000, 1.000000000000000000 ) ) ;
#624 = VERTEX_POINT ( 'NONE', #3284 ) ;
#625 = DIRECTION ( 'NONE',  ( 0.0000000000000000000, 0.0000000000000000000, -1.000000000000000000 ) ) ;
#626 = AXIS2_PLACEMENT_3D ( 'NONE', #2423, #3878, #1690 ) ;
#627 = LINE ( 'NONE', #2412, #4393 ) ;
#628 = CARTESIAN_POINT ( 'NONE',  ( -0.5250000000000000200, 0.02000000000000000000, -0.1145751311064591400 ) ) ;
#629 = FACE_OUTER_BOUND ( 'NONE', #1753, .T. ) ;
#630 = AXIS2_PLACEMENT_3D ( 'NONE', #3736, #4177, #1619 ) ;
#631 = DIRECTION ( 'NONE',  ( -1.000000000000000000, 0.0000000000000000000, 0.0000000000000000000 ) ) ;
#632 = EDGE_CURVE ( 'NONE', #4487, #1421, #257, .T. ) ;
#633 = EDGE_CURVE ( 'NONE', #1793, #1981, #2333, .T. ) ;
#634 = VECTOR ( 'NONE', #2108, 1000.000000000000000 ) ;
#635 = DIRECTION ( 'NONE',  ( 1.000000000000000000, 0.0000000000000000000, -0.0000000000000000000 ) ) ;
#636 = CARTESIAN_POINT ( 'NONE',  ( -0.6000000000000000900, 0.1250000000000000000, 0.4145751311064590500 ) ) ;
#637 = LINE ( 'NONE', #3519, #1611 ) ;
#638 = VECTOR ( 'NONE', #2628, 1000.000000000000000 ) ;
#639 = EDGE_LOOP ( 'NONE', ( #1333, #4586, #2688, #2966 ) ) ;
#640 = FILL_AREA_STYLE ('',( #3273 ) ) ;
#641 = UNCERTAINTY_MEASURE_WITH_UNIT (LENGTH_MEASURE( 1.000000000000000100E-005 ), #715, 'distance_accuracy_value', 'NONE');
#642 = ORIENTED_EDGE ( 'NONE', *, *, #2587, .T. ) ;
#643 = FILL_AREA_STYLE_COLOUR ( '', #1607 ) ;
#644 = AXIS2_PLACEMENT_3D ( 'NONE', #2282, #2300, #2337 ) ;
#645 = DIRECTION ( 'NONE',  ( -0.0000000000000000000, 1.000000000000000000, -0.0000000000000000000 ) ) ;
#646 = ORIENTED_EDGE ( 'NONE', *, *, #4600, .F. ) ;
#647 = PLANE ( 'NONE',  #3257 ) ;
#648 = PLANE ( 'NONE',  #430 ) ;
#649 = CARTESIAN_POINT ( 'NONE',  ( 0.3750000000000000000, 0.02000000000000000000, 0.1145751311064590100 ) ) ;
#650 = FACE_OUTER_BOUND ( 'NONE', #3391, .T. ) ;
#651 = VERTEX_POINT ( 'NONE', #995 ) ;
#652 = LINE ( 'NONE', #3506, #2494 ) ;
#653 = CARTESIAN_POINT ( 'NONE',  ( 0.5250000000000005800, 0.02000000000000000000, 0.1145751311064591400 ) ) ;
#654 = EDGE_CURVE ( 'NONE', #2417, #1232, #1117, .T. ) ;
#655 = ORIENTED_EDGE ( 'NONE', *, *, #268, .F. ) ;
#656 = AXIS2_PLACEMENT_3D ( 'NONE', #3756, #1580, #4133 ) ;
#657 = DIRECTION ( 'NONE',  ( -0.0000000000000000000, 0.0000000000000000000, 1.000000000000000000 ) ) ;
#658 = AXIS2_PLACEMENT_3D ( 'NONE', #293, #126, #89 ) ;
#659 = PRESENTATION_STYLE_ASSIGNMENT (( #3404 ) ) ;
#660 = VERTEX_POINT ( 'NONE', #3942 ) ;
#661 = FILL_AREA_STYLE ('',( #643 ) ) ;
#662 = DIRECTION ( 'NONE',  ( 0.0000000000000000000, 0.0000000000000000000, 1.000000000000000000 ) ) ;
#663 = CARTESIAN_POINT ( 'NONE',  ( -0.4533896235159318200, 0.3099000000000000100, 0.2825242827490595000 ) ) ;
#664 = CARTESIAN_POINT ( 'NONE',  ( -0.2250000000000000100, 0.02000000000000000000, -0.4145751311064591600 ) ) ;
#665 = CYLINDRICAL_SURFACE ( 'NONE', #2658, 0.07471865278679135100 ) ;
#666 = LINE ( 'NONE', #3513, #4092 ) ;
#667 = ORIENTED_EDGE ( 'NONE', *, *, #2499, .F. ) ;
#668 = VERTEX_POINT ( 'NONE', #4292 ) ;
#669 = CARTESIAN_POINT ( 'NONE',  ( 0.07499999999999998300, 0.1250000000000000000, 0.4998999999999998400 ) ) ;
#670 = ORIENTED_EDGE ( 'NONE', *, *, #4120, .T. ) ;
#671 = EDGE_LOOP ( 'NONE', ( #3113, #1303, #353, #304 ) ) ;
#672 = DIRECTION ( 'NONE',  ( -0.0000000000000000000, 1.000000000000000000, -0.0000000000000000000 ) ) ;
#673 = CARTESIAN_POINT ( 'NONE',  ( 0.5250000000000000200, 0.1250000000000000000, 0.4999999999999997800 ) ) ;
#674 = ORIENTED_EDGE ( 'NONE', *, *, #4720, .T. ) ;
#675 = PLANE ( 'NONE',  #3991 ) ;
#676 = ADVANCED_FACE ( 'NONE', ( #3060 ), #1492, .T. ) ;
#677 = ORIENTED_EDGE ( 'NONE', *, *, #214, .T. ) ;
#678 = EDGE_CURVE ( 'NONE', #152, #526, #2113, .T. ) ;
#679 = CARTESIAN_POINT ( 'NONE',  ( 0.0000000000000000000, -0.03999999999999999400, 0.0000000000000000000 ) ) ;
#680 = CARTESIAN_POINT ( 'NONE',  ( 0.07499999999999998300, 0.02000000000000000000, -0.4145751311064591600 ) ) ;
#681 = AXIS2_PLACEMENT_3D ( 'NONE', #3462, #3153, #3141 ) ;
#682 = DIRECTION ( 'NONE',  ( 0.0000000000000000000, 0.0000000000000000000, -1.000000000000000000 ) ) ;
#683 = FACE_OUTER_BOUND ( 'NONE', #639, .T. ) ;
#684 = VECTOR ( 'NONE', #1440, 1000.000000000000000 ) ;
#685 = EDGE_CURVE ( 'NONE', #2217, #3414, #1240, .T. ) ;
#686 = SURFACE_SIDE_STYLE ('',( #3316 ) ) ;
#687 = DIRECTION ( 'NONE',  ( 0.0000000000000000000, -0.0000000000000000000, -1.000000000000000000 ) ) ;
#688 = VECTOR ( 'NONE', #2009, 1000.000000000000000 ) ;
#689 = EDGE_CURVE ( 'NONE', #1985, #3302, #1989, .T. ) ;
#690 = VECTOR ( 'NONE', #3437, 1000.000000000000000 ) ;
#691 = VECTOR ( 'NONE', #948, 1000.000000000000000 ) ;
#692 = VERTEX_POINT ( 'NONE', #2490 ) ;
#693 = CARTESIAN_POINT ( 'NONE',  ( -0.07500000000000003900, 0.02000000000000000000, -0.4145751311064591600 ) ) ;
#694 = ORIENTED_EDGE ( 'NONE', *, *, #322, .F. ) ;
#695 = CARTESIAN_POINT ( 'NONE',  ( 0.07499999999999998300, -0.03999999999999999400, 0.1145751311064590100 ) ) ;
#696 = ADVANCED_FACE ( 'NONE', ( #2840 ), #3626, .F. ) ;
#697 = ADVANCED_FACE ( 'NONE', ( #10 ), #3268, .T. ) ;
#698 = VECTOR ( 'NONE', #3689, 1000.000000000000000 ) ;
#699 = SURFACE_STYLE_USAGE ( .BOTH. , #686 ) ;
#700 = FACE_OUTER_BOUND ( 'NONE', #3211, .T. ) ;
#701 = VERTEX_POINT ( 'NONE', #1776 ) ;
#702 = FACE_OUTER_BOUND ( 'NONE', #1703, .T. ) ;
#703 = FACE_BOUND ( 'NONE', #1476, .T. ) ;
#704 = CARTESIAN_POINT ( 'NONE',  ( -0.2250000000000000100, 0.07500000000000001100, -0.5000000000000002200 ) ) ;
#705 = ORIENTED_EDGE ( 'NONE', *, *, #2666, .F. ) ;
#706 = FACE_OUTER_BOUND ( 'NONE', #1465, .T. ) ;
#707 = ORIENTED_EDGE ( 'NONE', *, *, #4275, .T. ) ;
#708 = CARTESIAN_POINT ( 'NONE',  ( 0.2249999999999999500, 0.02000000000000000000, -0.1145751311064591400 ) ) ;
#709 = CARTESIAN_POINT ( 'NONE',  ( -0.5999000000000001000, 0.07500000000000001100, 0.4145751311064590500 ) ) ;
#710 = EDGE_CURVE ( 'NONE', #2125, #3279, #2949, .T. ) ;
#711 = FACE_OUTER_BOUND ( 'NONE', #166, .T. ) ;
#712 = CARTESIAN_POINT ( 'NONE',  ( -0.3750000000000000000, 0.02000000000000000000, -0.4145751311064591600 ) ) ;
#713 = VERTEX_POINT ( 'NONE', #4630 ) ;
#714 = EDGE_CURVE ( 'NONE', #2056, #3105, #2719, .T. ) ;
#715 =( LENGTH_UNIT ( ) NAMED_UNIT ( * ) SI_UNIT ( .MILLI., .METRE. ) );
#716 = DIRECTION ( 'NONE',  ( -0.0000000000000000000, 2.710505431213751200E-016, 1.000000000000000000 ) ) ;
#717 = ADVANCED_FACE ( 'NONE', ( #4638 ), #1086, .F. ) ;
#718 = ORIENTED_EDGE ( 'NONE', *, *, #1402, .T. ) ;
#719 = DIRECTION ( 'NONE',  ( 1.000000000000000000, 0.0000000000000000000, 0.0000000000000000000 ) ) ;
#720 = CARTESIAN_POINT ( 'NONE',  ( -0.6000000000000000900, 0.07500000000000001100, -0.4145751311064591600 ) ) ;
#721 = ORIENTED_EDGE ( 'NONE', *, *, #2132, .F. ) ;
#722 = AXIS2_PLACEMENT_3D ( 'NONE', #1754, #1659, #1645 ) ;
#723 =( LENGTH_UNIT ( ) NAMED_UNIT ( * ) SI_UNIT ( .MILLI., .METRE. ) );
#724 = EDGE_LOOP ( 'NONE', ( #3572, #4661, #3627, #1115 ) ) ;
#725 = VERTEX_POINT ( 'NONE', #2817 ) ;
#726 = CARTESIAN_POINT ( 'NONE',  ( -0.5999000000000001000, 0.0000000000000000000, 0.0000000000000000000 ) ) ;
#727 = DIRECTION ( 'NONE',  ( 0.0000000000000000000, 0.0000000000000000000, 1.000000000000000000 ) ) ;
#728 = VECTOR ( 'NONE', #3305, 1000.000000000000000 ) ;
#729 = EDGE_CURVE ( 'NONE', #1074, #329, #762, .T. ) ;
#730 = ORIENTED_EDGE ( 'NONE', *, *, #976, .F. ) ;
#731 = LINE ( 'NONE', #4217, #2575 ) ;
#732 = VECTOR ( 'NONE', #4419, 1000.000000000000000 ) ;
#733 = CARTESIAN_POINT ( 'NONE',  ( -0.3749999999999998900, 0.1250000000000000000, -0.5000000000000002200 ) ) ;
#734 = PLANE ( 'NONE',  #1251 ) ;
#735 = AXIS2_PLACEMENT_3D ( 'NONE', #1468, #4369, #2198 ) ;
#736 = ADVANCED_FACE ( 'NONE', ( #3669 ), #1715, .F. ) ;
#737 = VECTOR ( 'NONE', #3705, 1000.000000000000000 ) ;
#738 = ADVANCED_FACE ( 'NONE', ( #2603 ), #1729, .T. ) ;
#739 = LINE ( 'NONE', #2537, #634 ) ;
#740 = ORIENTED_EDGE ( 'NONE', *, *, #2335, .F. ) ;
#741 = CARTESIAN_POINT ( 'NONE',  ( 0.07499999999999998300, 0.07500000000000001100, 0.4998999999999998400 ) ) ;
#742 = EDGE_CURVE ( 'NONE', #368, #1241, #2263, .T. ) ;
#743 = FACE_OUTER_BOUND ( 'NONE', #4044, .T. ) ;
#744 = VECTOR ( 'NONE', #1877, 1000.000000000000000 ) ;
#745 = ORIENTED_EDGE ( 'NONE', *, *, #2801, .F. ) ;
#746 = DIRECTION ( 'NONE',  ( 0.0000000000000000000, -1.000000000000000000, 0.0000000000000000000 ) ) ;
#747 = CARTESIAN_POINT ( 'NONE',  ( -0.6000000000000000900, 0.07500000000000001100, -0.4145751311064591600 ) ) ;
#748 = CARTESIAN_POINT ( 'NONE',  ( 0.5999999999999998700, 0.07500000000000001100, 0.1145751311064590700 ) ) ;
#749 = SURFACE_STYLE_FILL_AREA ( #3783 ) ;
#750 = VERTEX_POINT ( 'NONE', #3551 ) ;
#751 = EDGE_LOOP ( 'NONE', ( #3874, #2384, #4009, #1633 ) ) ;
#753 = PRESENTATION_STYLE_ASSIGNMENT (( #2563 ) ) ;
#752 = DIRECTION ( 'NONE',  ( -0.0000000000000000000, 0.0000000000000000000, -1.000000000000000000 ) ) ;
#754 = DIRECTION ( 'NONE',  ( 0.0000000000000000000, 0.0000000000000000000, 1.000000000000000000 ) ) ;
#755 = CARTESIAN_POINT ( 'NONE',  ( 0.5250000000000000200, 0.0000000000000000000, -0.1145751311064591400 ) ) ;
#756 = VECTOR ( 'NONE', #1269, 1000.000000000000000 ) ;
#757 = ORIENTED_EDGE ( 'NONE', *, *, #3517, .T. ) ;
#758 = EDGE_LOOP ( 'NONE', ( #2558, #2583, #1572, #549 ) ) ;
#759 = DIRECTION ( 'NONE',  ( 0.0000000000000000000, -1.000000000000000000, 0.0000000000000000000 ) ) ;
#760 = ORIENTED_EDGE ( 'NONE', *, *, #4706, .T. ) ;
#761 = VECTOR ( 'NONE', #2796, 1000.000000000000000 ) ;
#762 = LINE ( 'NONE', #2477, #3560 ) ;
#763 = DIRECTION ( 'NONE',  ( -0.0000000000000000000, -1.000000000000000000, -0.0000000000000000000 ) ) ;
#764 = EDGE_LOOP ( 'NONE', ( #1932, #1182, #301, #3998 ) ) ;
#765 = PLANE ( 'NONE',  #1282 ) ;
#766 = CARTESIAN_POINT ( 'NONE',  ( -0.3749999999999993300, -0.03999999999999999400, 0.1145751311064591400 ) ) ;
#767 = DIRECTION ( 'NONE',  ( 0.0000000000000000000, -1.000000000000000000, 0.0000000000000000000 ) ) ;
#768 = ADVANCED_FACE ( 'NONE', ( #313 ), #4001, .F. ) ;
#769 = ADVANCED_FACE ( 'NONE', ( #1291 ), #4067, .F. ) ;
#770 = EDGE_CURVE ( 'NONE', #526, #660, #2161, .T. ) ;
#771 = EDGE_LOOP ( 'NONE', ( #1979, #968, #280, #883 ) ) ;
#772 = VERTEX_POINT ( 'NONE', #30 ) ;
#773 = VECTOR ( 'NONE', #3094, 1000.000000000000000 ) ;
#774 = ORIENTED_EDGE ( 'NONE', *, *, #3605, .F. ) ;
#775 = FILL_AREA_STYLE_COLOUR ( '', #4212 ) ;
#776 =( NAMED_UNIT ( * ) SI_UNIT ( $, .STERADIAN. ) SOLID_ANGLE_UNIT ( ) );
#777 = CARTESIAN_POINT ( 'NONE',  ( 0.2250000000000000600, -0.03999999999999999400, 0.4145751311064590500 ) ) ;
#778 = DIRECTION ( 'NONE',  ( -0.0000000000000000000, -1.000000000000000000, -0.0000000000000000000 ) ) ;
#779 = EDGE_CURVE ( 'NONE', #1981, #1151, #198, .T. ) ;
#780 = VERTEX_POINT ( 'NONE', #1401 ) ;
#781 = DIRECTION ( 'NONE',  ( -0.0000000000000000000, 1.000000000000000000, 0.0000000000000000000 ) ) ;
#782 = CARTESIAN_POINT ( 'NONE',  ( 0.07499999999999998300, -0.03999999999999999400, 0.4145751311064590500 ) ) ;
#783 = AXIS2_PLACEMENT_3D ( 'NONE', #3294, #1845, #2577 ) ;
#784 = CARTESIAN_POINT ( 'NONE',  ( 0.5250000000000000200, 0.0000000000000000000, 0.4145751311064590500 ) ) ;
#785 = VERTEX_POINT ( 'NONE', #2570 ) ;
#786 = CARTESIAN_POINT ( 'NONE',  ( 0.5999999999999998700, 0.07500000000000001100, 0.4145751311064590500 ) ) ;
#787 = EDGE_CURVE ( 'NONE', #1985, #3583, #2049, .T. ) ;
#788 = CARTESIAN_POINT ( 'NONE',  ( 0.3750000000000000000, 0.02000000000000000000, -0.4145751311064591600 ) ) ;
#789 = ORIENTED_EDGE ( 'NONE', *, *, #3950, .T. ) ;
#790 = ORIENTED_EDGE ( 'NONE', *, *, #1309, .F. ) ;
#791 = FILL_AREA_STYLE ('',( #775 ) ) ;
#792 = CARTESIAN_POINT ( 'NONE',  ( 0.3750000000000000000, 0.1250000000000000000, -0.4980000000000001600 ) ) ;
#793 = PLANE ( 'NONE',  #1459 ) ;
#794 = FACE_OUTER_BOUND ( 'NONE', #2671, .T. ) ;
#795 = ORIENTED_EDGE ( 'NONE', *, *, #2233, .F. ) ;
#796 = ADVANCED_FACE ( 'NONE', ( #76 ), #4378, .F. ) ;
#797 = AXIS2_PLACEMENT_3D ( 'NONE', #381, #2230, #4715 ) ;
#798 = VECTOR ( 'NONE', #4639, 1000.000000000000000 ) ;
#799 = CARTESIAN_POINT ( 'NONE',  ( -0.2250000000000000100, -0.03999999999999999400, 0.1145751311064590100 ) ) ;
#800 =( NAMED_UNIT ( * ) PLANE_ANGLE_UNIT ( ) SI_UNIT ( $, .RADIAN. ) );
#801 = CARTESIAN_POINT ( 'NONE',  ( 0.5250000000000000200, 0.02000000000000000000, 0.4145751311064590500 ) ) ;
#802 = LINE ( 'NONE', #1582, #4565 ) ;
#803 = VECTOR ( 'NONE', #2807, 1000.000000000000000 ) ;
#804 = ORIENTED_EDGE ( 'NONE', *, *, #3489, .F. ) ;
#805 = EDGE_CURVE ( 'NONE', #178, #3079, #3111, .T. ) ;
#806 = COLOUR_RGB ( '',1.000000000000000000, 1.000000000000000000, 1.000000000000000000 ) ;
#807 = VECTOR ( 'NONE', #3757, 1000.000000000000000 ) ;
#808 = CARTESIAN_POINT ( 'NONE',  ( 0.2250000000000005900, 0.0000000000000000000, 0.1145751311064591400 ) ) ;
#809 = AXIS2_PLACEMENT_3D ( 'NONE', #1007, #3928, #1739 ) ;
#810 = AXIS2_PLACEMENT_3D ( 'NONE', #4330, #3120, #3876 ) ;
#811 = DIRECTION ( 'NONE',  ( 0.0000000000000000000, -0.0000000000000000000, -1.000000000000000000 ) ) ;
#812 = LINE ( 'NONE', #2707, #4574 ) ;
#813 = LINE ( 'NONE', #1951, #4575 ) ;
#814 = VERTEX_POINT ( 'NONE', #2518 ) ;
#815 = VERTEX_POINT ( 'NONE', #1058 ) ;
#816 = FACE_OUTER_BOUND ( 'NONE', #88, .T. ) ;
#817 = VERTEX_POINT ( 'NONE', #1795 ) ;
#818 = CARTESIAN_POINT ( 'NONE',  ( -0.6000000000000000900, 0.3100000000000000000, 0.4999999999999997800 ) ) ;
#819 = ADVANCED_FACE ( 'NONE', ( #944, #3858, #1184 ), #2502, .F. ) ;
#820 = EDGE_LOOP ( 'NONE', ( #2454, #4635 ) ) ;
#821 = LINE ( 'NONE', #1051, #1686 ) ;
#822 = LINE ( 'NONE', #680, #4584 ) ;
#823 = ORIENTED_EDGE ( 'NONE', *, *, #3103, .T. ) ;
#824 = CARTESIAN_POINT ( 'NONE',  ( -0.6000000000000000900, 0.1250000000000000000, 0.1145751311064590700 ) ) ;
#825 = DIRECTION ( 'NONE',  ( 0.0000000000000000000, 0.0000000000000000000, -1.000000000000000000 ) ) ;
#826 = LINE ( 'NONE', #755, #3508 ) ;
#827 = ORIENTED_EDGE ( 'NONE', *, *, #3712, .T. ) ;
#828 = DIRECTION ( 'NONE',  ( -0.0000000000000000000, 1.000000000000000000, -0.0000000000000000000 ) ) ;
#829 = VECTOR ( 'NONE', #3769, 1000.000000000000000 ) ;
#830 = EDGE_LOOP ( 'NONE', ( #3019, #870, #3533, #2504 ) ) ;
#831 = DIRECTION ( 'NONE',  ( 0.0000000000000000000, -0.0000000000000000000, 1.000000000000000000 ) ) ;
#832 = CARTESIAN_POINT ( 'NONE',  ( -0.2250000000000000100, -0.03999999999999999400, -0.1145751311064591400 ) ) ;
#833 = EDGE_LOOP ( 'NONE', ( #108, #3523, #4195, #1883 ) ) ;
#834 = EDGE_CURVE ( 'NONE', #2855, #7, #3008, .T. ) ;
#835 = CARTESIAN_POINT ( 'NONE',  ( 0.07499999999999998300, 0.02000000000000000000, -0.4145751311064591600 ) ) ;
#836 = ORIENTED_EDGE ( 'NONE', *, *, #1962, .T. ) ;
#837 = EDGE_CURVE ( 'NONE', #201, #55, #4689, .T. ) ;
#838 = DIRECTION ( 'NONE',  ( -0.0000000000000000000, -1.000000000000000000, -0.0000000000000000000 ) ) ;
#839 = ORIENTED_EDGE ( 'NONE', *, *, #4297, .T. ) ;
#840 = CARTESIAN_POINT ( 'NONE',  ( 0.07499999999999998300, 0.0000000000000000000, -0.1145751311064591400 ) ) ;
#841 = ORIENTED_EDGE ( 'NONE', *, *, #873, .F. ) ;
#842 = SURFACE_STYLE_USAGE ( .BOTH. , #2058 ) ;
#843 = DIRECTION ( 'NONE',  ( 0.0000000000000000000, 0.0000000000000000000, -1.000000000000000000 ) ) ;
#844 = EDGE_LOOP ( 'NONE', ( #2821, #1060, #2378, #1537 ) ) ;
#845 = VERTEX_POINT ( 'NONE', #334 ) ;
#846 = LINE ( 'NONE', #4390, #728 ) ;
#847 = CARTESIAN_POINT ( 'NONE',  ( 0.3750000000000000000, 0.02000000000000000000, 0.4145751311064590500 ) ) ;
#848 = ORIENTED_EDGE ( 'NONE', *, *, #3323, .F. ) ;
#849 = PLANE ( 'NONE',  #411 ) ;
#850 = LINE ( 'NONE', #2022, #2811 ) ;
#851 = LINE ( 'NONE', #2447, #3640 ) ;
#852 = CARTESIAN_POINT ( 'NONE',  ( 0.0000000000000000000, 0.02000000000000000000, 0.0000000000000000000 ) ) ;
#853 = LINE ( 'NONE', #2585, #2814 ) ;
#854 = EDGE_CURVE ( 'NONE', #3678, #4322, #822, .T. ) ;
#855 = LINE ( 'NONE', #3155, #2815 ) ;
#856 = DIRECTION ( 'NONE',  ( 0.0000000000000000000, -1.000000000000000000, -0.0000000000000000000 ) ) ;
#857 = LINE ( 'NONE', #3872, #4622 ) ;
#858 = LINE ( 'NONE', #4730, #638 ) ;
#859 = VERTEX_POINT ( 'NONE', #2465 ) ;
#860 = ORIENTED_EDGE ( 'NONE', *, *, #3819, .T. ) ;
#861 = EDGE_CURVE ( 'NONE', #4526, #3444, #1806, .T. ) ;
#862 = CARTESIAN_POINT ( 'NONE',  ( 0.5250000000000005800, -0.03999999999999999400, 0.1145751311064591400 ) ) ;
#863 = CARTESIAN_POINT ( 'NONE',  ( -0.3749999999999998900, 0.1250000000000000000, -0.5000000000000002200 ) ) ;
#864 = FACE_OUTER_BOUND ( 'NONE', #1180, .T. ) ;
#865 = EDGE_LOOP ( 'NONE', ( #388, #3721, #3252, #4360 ) ) ;
#866 = EDGE_LOOP ( 'NONE', ( #2375, #1712, #94, #1831 ) ) ;
#867 = PRESENTATION_LAYER_ASSIGNMENT (  '', '', ( #382 ) ) ;
#868 = EDGE_CURVE ( 'NONE', #3662, #1421, #3612, .T. ) ;
#869 = FILL_AREA_STYLE ('',( #139 ) ) ;
#870 = ORIENTED_EDGE ( 'NONE', *, *, #621, .F. ) ;
#871 = SURFACE_STYLE_FILL_AREA ( #640 ) ;
#872 = LINE ( 'NONE', #1187, #2713 ) ;
#873 = EDGE_CURVE ( 'NONE', #815, #4348, #3732, .T. ) ;
#874 = ORIENTED_EDGE ( 'NONE', *, *, #1773, .F. ) ;
#875 = CARTESIAN_POINT ( 'NONE',  ( -0.07499999999999938700, -0.03999999999999999400, 0.1145751311064591400 ) ) ;
#876 = ORIENTED_EDGE ( 'NONE', *, *, #940, .T. ) ;
#877 = LINE ( 'NONE', #2663, #2718 ) ;
#878 = SURFACE_STYLE_FILL_AREA ( #2586 ) ;
#879 = PLANE ( 'NONE',  #4091 ) ;
#880 = VERTEX_POINT ( 'NONE', #4447 ) ;
#881 = DIRECTION ( 'NONE',  ( 0.0000000000000000000, 0.0000000000000000000, 1.000000000000000000 ) ) ;
#882 = PLANE ( 'NONE',  #4563 ) ;
#883 = ORIENTED_EDGE ( 'NONE', *, *, #3463, .T. ) ;
#884 = CARTESIAN_POINT ( 'NONE',  ( -0.6000000000000000900, 0.3100000000000000000, -0.5000000000000002200 ) ) ;
#885 = ORIENTED_EDGE ( 'NONE', *, *, #4375, .F. ) ;
#886 = DIRECTION ( 'NONE',  ( 0.0000000000000000000, 0.0000000000000000000, -1.000000000000000000 ) ) ;
#887 = CARTESIAN_POINT ( 'NONE',  ( 0.0000000000000000000, 0.02000000000000000000, 0.0000000000000000000 ) ) ;
#888 = DIRECTION ( 'NONE',  ( -1.000000000000000000, 0.0000000000000000000, 0.0000000000000000000 ) ) ;
#889 = VERTEX_POINT ( 'NONE', #3751 ) ;
#890 = CARTESIAN_POINT ( 'NONE',  ( 0.0000000000000000000, 0.02000000000000000000, 0.0000000000000000000 ) ) ;
#891 = EDGE_CURVE ( 'NONE', #1713, #3214, #2546, .T. ) ;
#892 = VERTEX_POINT ( 'NONE', #3833 ) ;
#893 = DIRECTION ( 'NONE',  ( 0.0000000000000000000, 1.000000000000000000, 0.0000000000000000000 ) ) ;
#894 = PLANE ( 'NONE',  #2091 ) ;
#895 = AXIS2_PLACEMENT_3D ( 'NONE', #3422, #1997, #4518 ) ;
#896 = EDGE_LOOP ( 'NONE', ( #1319, #1858, #1987, #4299 ) ) ;
#897 = CARTESIAN_POINT ( 'NONE',  ( 0.2250000000000000600, 0.07500000000000001100, 0.4999999999999997800 ) ) ;
#898 = STYLED_ITEM ( 'NONE', ( #2116 ), #413 ) ;
#899 = ORIENTED_EDGE ( 'NONE', *, *, #2910, .F. ) ;
#900 = VERTEX_POINT ( 'NONE', #4126 ) ;
#901 = CARTESIAN_POINT ( 'NONE',  ( 0.0000000000000000000, -0.03999999999999999400, 0.0000000000000000000 ) ) ;
#902 = ADVANCED_FACE ( 'NONE', ( #1687, #3503, #4359, #703, #3390, #591, #2443, #1470, #483 ), #3119, .F. ) ;
#903 = VECTOR ( 'NONE', #3458, 1000.000000000000000 ) ;
#904 = CARTESIAN_POINT ( 'NONE',  ( -0.5250000000000000200, 0.1250000000000000000, 0.4998999999999998400 ) ) ;
#905 = CARTESIAN_POINT ( 'NONE',  ( -0.2250000000000000100, 0.07500000000000001100, -0.5000000000000002200 ) ) ;
#906 = CARTESIAN_POINT ( 'NONE',  ( -0.5250000000000000200, -0.0000000000000000000, -0.1145751311064591400 ) ) ;
#907 = CARTESIAN_POINT ( 'NONE',  ( 0.0000000000000000000, 0.02000000000000000000, 0.0000000000000000000 ) ) ;
#908 = VECTOR ( 'NONE', #4273, 1000.000000000000000 ) ;
#909 = DIRECTION ( 'NONE',  ( 1.000000000000000000, 0.0000000000000000000, 0.0000000000000000000 ) ) ;
#910 = ADVANCED_FACE ( 'NONE', ( #4255 ), #2725, .F. ) ;
#911 =( NAMED_UNIT ( * ) PLANE_ANGLE_UNIT ( ) SI_UNIT ( $, .RADIAN. ) );
#912 = CARTESIAN_POINT ( 'NONE',  ( -0.2250000000000000100, 0.02000000000000000000, 0.4145751311064590500 ) ) ;
#913 = AXIS2_PLACEMENT_3D ( 'NONE', #38, #420, #1881 ) ;
#914 = VECTOR ( 'NONE', #4467, 1000.000000000000000 ) ;
#915 = VECTOR ( 'NONE', #1066, 1000.000000000000000 ) ;
#916 = VECTOR ( 'NONE', #2133, 1000.000000000000000 ) ;
#917 = LINE ( 'NONE', #2245, #3595 ) ;
#918 = DIRECTION ( 'NONE',  ( -1.000000000000000000, 0.0000000000000000000, -1.807003620809174600E-015 ) ) ;
#919 = PLANE ( 'NONE',  #3927 ) ;
#920 = CARTESIAN_POINT ( 'NONE',  ( 0.5999999999999998700, 0.1250000000000000000, 0.1145751311064590700 ) ) ;
#921 = EDGE_CURVE ( 'NONE', #1307, #307, #361, .T. ) ;
#922 = LINE ( 'NONE', #2348, #2760 ) ;
#923 = LINE ( 'NONE', #1226, #416 ) ;
#924 = FILL_AREA_STYLE ('',( #2710 ) ) ;
#925 = CARTESIAN_POINT ( 'NONE',  ( -0.5250000000000000200, 0.1250000000000000000, 0.4999999999999997800 ) ) ;
#926 = MANIFOLD_SOLID_BREP ( 'Boss-Extrude2[8]', #1825 ) ;
#927 = ORIENTED_EDGE ( 'NONE', *, *, #4011, .F. ) ;
#928 = PLANE ( 'NONE',  #1584 ) ;
#929 = AXIS2_PLACEMENT_3D ( 'NONE', #484, #3765, #1589 ) ;
#930 = FILL_AREA_STYLE ('',( #1658 ) ) ;
#931 = EDGE_LOOP ( 'NONE', ( #184, #4225, #3671, #90 ) ) ;
#932 = FACE_OUTER_BOUND ( 'NONE', #942, .T. ) ;
#933 = SURFACE_STYLE_FILL_AREA ( #924 ) ;
#934 = STYLED_ITEM ( 'NONE', ( #1973 ), #168 ) ;
#935 =( NAMED_UNIT ( * ) SI_UNIT ( $, .STERADIAN. ) SOLID_ANGLE_UNIT ( ) );
#936 = DIRECTION ( 'NONE',  ( 0.0000000000000000000, 0.0000000000000000000, -1.000000000000000000 ) ) ;
#937 = ORIENTED_EDGE ( 'NONE', *, *, #4085, .T. ) ;
#938 = UNCERTAINTY_MEASURE_WITH_UNIT (LENGTH_MEASURE( 1.000000000000000100E-005 ), #993, 'distance_accuracy_value', 'NONE');
#939 = CARTESIAN_POINT ( 'NONE',  ( -0.2250000000000000100, -0.03999999999999999400, -0.4145751311064591600 ) ) ;
#940 = EDGE_CURVE ( 'NONE', #201, #2862, #4, .T. ) ;
#941 = CARTESIAN_POINT ( 'NONE',  ( -0.2250000000000000100, 0.02000000000000000000, -0.1145751311064591400 ) ) ;
#942 = EDGE_LOOP ( 'NONE', ( #422, #1412, #2066, #2635 ) ) ;
#943 = VECTOR ( 'NONE', #312, 1000.000000000000000 ) ;
#944 = FACE_BOUND ( 'NONE', #218, .T. ) ;
#945 = CARTESIAN_POINT ( 'NONE',  ( 0.5250000000000000200, 0.1250000000000000000, -0.4980000000000001600 ) ) ;
#946 = AXIS2_PLACEMENT_3D ( 'NONE', #4186, #1283, #3728 ) ;
#947 = ORIENTED_EDGE ( 'NONE', *, *, #498, .T. ) ;
#948 = DIRECTION ( 'NONE',  ( -0.0000000000000000000, 1.000000000000000000, -0.0000000000000000000 ) ) ;
#949 = CARTESIAN_POINT ( 'NONE',  ( 0.2250000000000000600, 0.02000000000000000000, 0.4145751311064590500 ) ) ;
#950 = CARTESIAN_POINT ( 'NONE',  ( 0.5999999999999998700, 0.1250000000000001900, -0.1145751311064591600 ) ) ;
#951 = EDGE_CURVE ( 'NONE', #1581, #225, #4144, .T. ) ;
#952 = ORIENTED_EDGE ( 'NONE', *, *, #1741, .T. ) ;
#953 = DIRECTION ( 'NONE',  ( 0.0000000000000000000, -1.000000000000000000, 0.0000000000000000000 ) ) ;
#954 = ORIENTED_EDGE ( 'NONE', *, *, #2206, .F. ) ;
#955 = ORIENTED_EDGE ( 'NONE', *, *, #779, .F. ) ;
#956 = DIRECTION ( 'NONE',  ( 0.0000000000000000000, 0.0000000000000000000, 1.000000000000000000 ) ) ;
#957 = DIRECTION ( 'NONE',  ( 0.0000000000000000000, 0.0000000000000000000, -1.000000000000000000 ) ) ;
#958 = ORIENTED_EDGE ( 'NONE', *, *, #2123, .F. ) ;
#959 = AXIS2_PLACEMENT_3D ( 'NONE', #4691, #2874, #3172 ) ;
#960 = CARTESIAN_POINT ( 'NONE',  ( -0.5999000000000001000, 0.07500000000000001100, -0.4145751311064591600 ) ) ;
#961 = ORIENTED_EDGE ( 'NONE', *, *, #1792, .F. ) ;
#962 = CARTESIAN_POINT ( 'NONE',  ( -0.3749999999999998900, -0.03999999999999999400, 0.4145751311064590500 ) ) ;
#963 = CARTESIAN_POINT ( 'NONE',  ( 0.07499999999999998300, 0.02000000000000000000, 0.1145751311064590100 ) ) ;
#964 = ORIENTED_EDGE ( 'NONE', *, *, #299, .F. ) ;
#965 = DIRECTION ( 'NONE',  ( -1.000000000000000000, 0.0000000000000000000, 0.0000000000000000000 ) ) ;
#966 = EDGE_CURVE ( 'NONE', #624, #1457, #3277, .T. ) ;
#967 = ORIENTED_EDGE ( 'NONE', *, *, #1439, .T. ) ;
#968 = ORIENTED_EDGE ( 'NONE', *, *, #2269, .F. ) ;
#969 = CARTESIAN_POINT ( 'NONE',  ( -0.6000000000000000900, 0.07500000000000001100, 0.4145751311064590500 ) ) ;
#970 = CARTESIAN_POINT ( 'NONE',  ( 0.07499999999999998300, 0.07500000000000001100, 0.4998999999999998400 ) ) ;
#971 = CARTESIAN_POINT ( 'NONE',  ( 0.07499999999999998300, 0.1250000000000000000, -0.4980000000000001600 ) ) ;
#972 = AXIS2_PLACEMENT_3D ( 'NONE', #4030, #2222, #6 ) ;
#973 = EDGE_LOOP ( 'NONE', ( #1186, #967, #3555, #4327 ) ) ;
#974 = DIRECTION ( 'NONE',  ( -0.0000000000000000000, 1.000000000000000000, -0.0000000000000000000 ) ) ;
#975 = AXIS2_PLACEMENT_3D ( 'NONE', #3345, #2990, #429 ) ;
#976 = EDGE_CURVE ( 'NONE', #3662, #817, #872, .T. ) ;
#977 = CIRCLE ( 'NONE', #4704, 0.07471865278679135100 ) ;
#978 = DIRECTION ( 'NONE',  ( 1.000000000000000000, -0.0000000000000000000, 9.035018104045833500E-016 ) ) ;
#979 = DIRECTION ( 'NONE',  ( 0.0000000000000000000, -0.0000000000000000000, 1.000000000000000000 ) ) ;
#980 = LINE ( 'NONE', #2083, #1833 ) ;
#981 = DIRECTION ( 'NONE',  ( 0.0000000000000000000, 0.0000000000000000000, -1.000000000000000000 ) ) ;
#982 = VECTOR ( 'NONE', #2941, 1000.000000000000000 ) ;
#983 = CARTESIAN_POINT ( 'NONE',  ( -0.5250000000000000200, 0.02000000000000000000, 0.4145751311064590500 ) ) ;
#984 = VECTOR ( 'NONE', #242, 1000.000000000000000 ) ;
#985 = CARTESIAN_POINT ( 'NONE',  ( -0.5250000000000000200, 0.0000000000000000000, 0.1895751311064590200 ) ) ;
#986 = AXIS2_PLACEMENT_3D ( 'NONE', #1425, #893, #4288 ) ;
#987 = LINE ( 'NONE', #950, #2818 ) ;
#988 = VECTOR ( 'NONE', #2959, 1000.000000000000000 ) ;
#989 = ORIENTED_EDGE ( 'NONE', *, *, #3636, .T. ) ;
#990 = ORIENTED_EDGE ( 'NONE', *, *, #1856, .F. ) ;
#991 = EDGE_CURVE ( 'NONE', #1952, #845, #3661, .T. ) ;
#992 = FACE_OUTER_BOUND ( 'NONE', #4462, .T. ) ;
#993 =( LENGTH_UNIT ( ) NAMED_UNIT ( * ) SI_UNIT ( .MILLI., .METRE. ) );
#994 = ORIENTED_EDGE ( 'NONE', *, *, #921, .F. ) ;
#995 = CARTESIAN_POINT ( 'NONE',  ( -0.4533896235159318200, 0.3100000000000000000, 0.4319615883226422000 ) ) ;
#996 = VERTEX_POINT ( 'NONE', #2632 ) ;
#997 = ORIENTED_EDGE ( 'NONE', *, *, #4356, .T. ) ;
#998 = DIRECTION ( 'NONE',  ( 0.0000000000000000000, 0.0000000000000000000, -1.000000000000000000 ) ) ;
#999 = ORIENTED_EDGE ( 'NONE', *, *, #3134, .T. ) ;
#1000 = EDGE_LOOP ( 'NONE', ( #1600, #3670, #3897, #417 ) ) ;
#1001 = CARTESIAN_POINT ( 'NONE',  ( -0.4500000000000000100, 0.0000000000000000000, 0.1145751311064590700 ) ) ;
#1002 = DIRECTION ( 'NONE',  ( 0.0000000000000000000, -1.000000000000000000, 0.0000000000000000000 ) ) ;
#1003 = VERTEX_POINT ( 'NONE', #1920 ) ;
#1004 = LINE ( 'NONE', #1902, #3797 ) ;
#1005 = CARTESIAN_POINT ( 'NONE',  ( -0.5250000000000000200, -0.03999999999999999400, -0.4145751311064591600 ) ) ;
#1006 = VECTOR ( 'NONE', #3688, 1000.000000000000000 ) ;
#1007 = CARTESIAN_POINT ( 'NONE',  ( 0.0000000000000000000, -0.03999999999999999400, 0.0000000000000000000 ) ) ;
#1008 = DIRECTION ( 'NONE',  ( 0.0000000000000000000, 0.0000000000000000000, 1.000000000000000000 ) ) ;
#1009 = CARTESIAN_POINT ( 'NONE',  ( -0.5250000000000000200, -0.03999999999999999400, 0.4145751311064590500 ) ) ;
#1010 = ORIENTED_EDGE ( 'NONE', *, *, #3171, .T. ) ;
#1011 = EDGE_CURVE ( 'NONE', #889, #4042, #3552, .T. ) ;
#1012 = ORIENTED_EDGE ( 'NONE', *, *, #1773, .T. ) ;
#1013 = VERTEX_POINT ( 'NONE', #3058 ) ;
#1014 = DIRECTION ( 'NONE',  ( -1.807003620809174600E-015, 0.0000000000000000000, 1.000000000000000000 ) ) ;
#1015 = DIRECTION ( 'NONE',  ( -0.0000000000000000000, 1.000000000000000000, 0.0000000000000000000 ) ) ;
#1016 = ORIENTED_EDGE ( 'NONE', *, *, #1547, .F. ) ;
#1017 = CARTESIAN_POINT ( 'NONE',  ( -0.2250000000000000100, 0.1250000000000000000, 0.4999999999999997800 ) ) ;
#1018 = ORIENTED_EDGE ( 'NONE', *, *, #2451, .F. ) ;
#1019 = DIRECTION ( 'NONE',  ( 0.0000000000000000000, -0.0000000000000000000, -1.000000000000000000 ) ) ;
#1020 = DIRECTION ( 'NONE',  ( 1.000000000000000000, 0.0000000000000000000, 0.0000000000000000000 ) ) ;
#1021 = CARTESIAN_POINT ( 'NONE',  ( -0.5250000000000000200, -0.0000000000000000000, -0.1145751311064591400 ) ) ;
#1022 = ORIENTED_EDGE ( 'NONE', *, *, #4589, .T. ) ;
#1023 = EDGE_CURVE ( 'NONE', #307, #3302, #1743, .T. ) ;
#1024 = FILL_AREA_STYLE_COLOUR ( '', #806 ) ;
#1025 = CARTESIAN_POINT ( 'NONE',  ( -0.07500000000000003900, 0.02000000000000000000, -0.4145751311064591600 ) ) ;
#1026 = VERTEX_POINT ( 'NONE', #3385 ) ;
#1027 = ORIENTED_EDGE ( 'NONE', *, *, #3285, .T. ) ;
#1028 = EDGE_CURVE ( 'NONE', #4348, #199, #4411, .T. ) ;
#1029 = LINE ( 'NONE', #3445, #41 ) ;
#1030 = CARTESIAN_POINT ( 'NONE',  ( 0.0000000000000000000, 0.0000000000000000000, -0.4980000000000001600 ) ) ;
#1031 = PLANE ( 'NONE',  #1565 ) ;
#1032 = PLANE ( 'NONE',  #595 ) ;
#1033 = CARTESIAN_POINT ( 'NONE',  ( 0.3750000000000000000, 0.02000000000000000000, -0.4145751311064591600 ) ) ;
#1034 = DIRECTION ( 'NONE',  ( -1.000000000000000000, 0.0000000000000000000, -0.0000000000000000000 ) ) ;
#1035 = LINE ( 'NONE', #2114, #2870 ) ;
#1036 = EDGE_CURVE ( 'NONE', #3441, #225, #2833, .T. ) ;
#1037 = VECTOR ( 'NONE', #83, 1000.000000000000000 ) ;
#1038 = VECTOR ( 'NONE', #1692, 1000.000000000000000 ) ;
#1039 = PLANE ( 'NONE',  #3524 ) ;
#1040 = DIRECTION ( 'NONE',  ( 1.000000000000000000, 0.0000000000000000000, 0.0000000000000000000 ) ) ;
#1041 = ADVANCED_FACE ( 'NONE', ( #650 ), #1258, .F. ) ;
#1042 = VECTOR ( 'NONE', #1014, 1000.000000000000000 ) ;
#1043 = LINE ( 'NONE', #3127, #1907 ) ;
#1044 = ORIENTED_EDGE ( 'NONE', *, *, #2653, .T. ) ;
#1045 = ORIENTED_EDGE ( 'NONE', *, *, #3892, .T. ) ;
#1046 = LINE ( 'NONE', #4493, #3846 ) ;
#1047 = VECTOR ( 'NONE', #4521, 1000.000000000000000 ) ;
#1048 = CARTESIAN_POINT ( 'NONE',  ( 0.5250000000000000200, 0.07500000000000001100, -0.5000000000000002200 ) ) ;
#1049 = CARTESIAN_POINT ( 'NONE',  ( -0.07500000000000003900, -0.03999999999999999400, -0.4145751311064591600 ) ) ;
#1050 = STYLED_ITEM ( 'NONE', ( #3168 ), #2957 ) ;
#1051 = CARTESIAN_POINT ( 'NONE',  ( -0.6000000000000000900, 0.1250000000000000000, -0.4145751311064591600 ) ) ;
#1052 = DIRECTION ( 'NONE',  ( -0.0000000000000000000, 1.000000000000000000, -0.0000000000000000000 ) ) ;
#1053 = FACE_OUTER_BOUND ( 'NONE', #3231, .T. ) ;
#1054 = LINE ( 'NONE', #2680, #3958 ) ;
#1055 = ORIENTED_EDGE ( 'NONE', *, *, #2579, .F. ) ;
#1056 = LINE ( 'NONE', #3576, #2048 ) ;
#1057 = CARTESIAN_POINT ( 'NONE',  ( -0.5999000000000001000, 0.07500000000000001100, -0.1145751311064591400 ) ) ;
#1058 = CARTESIAN_POINT ( 'NONE',  ( -0.5999000000000001000, 0.07500000000000001100, 0.4145751311064590500 ) ) ;
#1059 = VECTOR ( 'NONE', #3672, 1000.000000000000000 ) ;
#1060 = ORIENTED_EDGE ( 'NONE', *, *, #4506, .F. ) ;
#1061 = EDGE_CURVE ( 'NONE', #3279, #1707, #2491, .T. ) ;
#1062 = ORIENTED_EDGE ( 'NONE', *, *, #299, .T. ) ;
#1063 = STYLED_ITEM ( 'NONE', ( #3587 ), #4328 ) ;
#1064 = EDGE_LOOP ( 'NONE', ( #2472, #2594, #2294, #3400 ) ) ;
#1065 = EDGE_LOOP ( 'NONE', ( #2681, #500, #4549, #1842 ) ) ;
#1066 = DIRECTION ( 'NONE',  ( 0.0000000000000000000, -1.000000000000000000, 0.0000000000000000000 ) ) ;
#1067 = DIRECTION ( 'NONE',  ( -1.807003620809174600E-015, 0.0000000000000000000, 1.000000000000000000 ) ) ;
#1068 = PLANE ( 'NONE',  #3575 ) ;
#1069 = FACE_OUTER_BOUND ( 'NONE', #820, .T. ) ;
#1070 = ADVANCED_FACE ( 'NONE', ( #529 ), #1668, .T. ) ;
#1071 = ADVANCED_FACE ( 'NONE', ( #190 ), #574, .F. ) ;
#1072 = FACE_OUTER_BOUND ( 'NONE', #4436, .T. ) ;
#1073 = VERTEX_POINT ( 'NONE', #2737 ) ;
#1074 = VERTEX_POINT ( 'NONE', #4576 ) ;
#1075 = CARTESIAN_POINT ( 'NONE',  ( -0.07499999999999938700, 0.02000000000000000000, 0.1145751311064591400 ) ) ;
#1076 = ORIENTED_EDGE ( 'NONE', *, *, #3580, .T. ) ;
#1077 = AXIS2_PLACEMENT_3D ( 'NONE', #3843, #3823, #3813 ) ;
#1078 = ORIENTED_EDGE ( 'NONE', *, *, #4626, .T. ) ;
#1079 = CARTESIAN_POINT ( 'NONE',  ( -0.2250000000000000100, 0.02000000000000000000, 0.4145751311064590500 ) ) ;
#1080 = EDGE_LOOP ( 'NONE', ( #2720, #3089, #3464, #1299 ) ) ;
#1081 = CARTESIAN_POINT ( 'NONE',  ( 0.5250000000000000200, -0.03999999999999999400, -0.1145751311064591400 ) ) ;
#1082 = UNCERTAINTY_MEASURE_WITH_UNIT (LENGTH_MEASURE( 1.000000000000000100E-005 ), #2142, 'distance_accuracy_value', 'NONE');
#1083 = ORIENTED_EDGE ( 'NONE', *, *, #1023, .T. ) ;
#1084 = EDGE_LOOP ( 'NONE', ( #2347, #3031, #1108, #2449 ) ) ;
#1085 = PLANE ( 'NONE',  #735 ) ;
#1086 = PLANE ( 'NONE',  #3745 ) ;
#1087 = EDGE_CURVE ( 'NONE', #2487, #3160, #1054, .T. ) ;
#1088 = LINE ( 'NONE', #1096, #3763 ) ;
#1089 = AXIS2_PLACEMENT_3D ( 'NONE', #1728, #4277, #2120 ) ;
#1090 = ADVANCED_FACE ( 'NONE', ( #3851 ), #110, .T. ) ;
#1091 = ORIENTED_EDGE ( 'NONE', *, *, #3873, .T. ) ;
#1092 = AXIS2_PLACEMENT_3D ( 'NONE', #1049, #965, #956 ) ;
#1093 =( NAMED_UNIT ( * ) SI_UNIT ( $, .STERADIAN. ) SOLID_ANGLE_UNIT ( ) );
#1094 = VECTOR ( 'NONE', #1934, 1000.000000000000000 ) ;
#1095 = EDGE_CURVE ( 'NONE', #2780, #1823, #2043, .T. ) ;
#1096 = CARTESIAN_POINT ( 'NONE',  ( -0.2250000000000000100, 0.1250000000000000000, 0.4998999999999998400 ) ) ;
#1097 = AXIS2_PLACEMENT_3D ( 'NONE', #748, #4165, #2351 ) ;
#1098 = LINE ( 'NONE', #4377, #2925 ) ;
#1099 = LINE ( 'NONE', #3879, #984 ) ;
#1100 = LINE ( 'NONE', #2416, #4723 ) ;
#1101 = LINE ( 'NONE', #2610, #2096 ) ;
#1102 = ORIENTED_EDGE ( 'NONE', *, *, #4543, .F. ) ;
#1103 = VERTEX_POINT ( 'NONE', #2364 ) ;
#1104 = CARTESIAN_POINT ( 'NONE',  ( 0.07499999999999998300, 0.02000000000000000000, 0.4145751311064590500 ) ) ;
#1105 = FACE_OUTER_BOUND ( 'NONE', #3450, .T. ) ;
#1106 = VECTOR ( 'NONE', #3130, 1000.000000000000000 ) ;
#1107 = CARTESIAN_POINT ( 'NONE',  ( 0.07499999999999998300, 0.1250000000000000000, 0.4998999999999998400 ) ) ;
#1108 = ORIENTED_EDGE ( 'NONE', *, *, #2428, .F. ) ;
#1109 = DIRECTION ( 'NONE',  ( 0.0000000000000000000, 0.0000000000000000000, 1.000000000000000000 ) ) ;
#1110 = DIRECTION ( 'NONE',  ( -0.0000000000000000000, 1.000000000000000000, -0.0000000000000000000 ) ) ;
#1111 = ORIENTED_EDGE ( 'NONE', *, *, #891, .T. ) ;
#1112 = ADVANCED_FACE ( 'NONE', ( #1919 ), #3304, .F. ) ;
#1113 = ADVANCED_FACE ( 'NONE', ( #67 ), #524, .T. ) ;
#1114 = EDGE_CURVE ( 'NONE', #4363, #4634, #4353, .T. ) ;
#1115 = ORIENTED_EDGE ( 'NONE', *, *, #2579, .T. ) ;
#1116 = FACE_OUTER_BOUND ( 'NONE', #3296, .T. ) ;
#1117 = LINE ( 'NONE', #2545, #136 ) ;
#1118 = VERTEX_POINT ( 'NONE', #2951 ) ;
#1119 = DIRECTION ( 'NONE',  ( 0.0000000000000000000, 0.0000000000000000000, -1.000000000000000000 ) ) ;
#1120 = DIRECTION ( 'NONE',  ( -1.000000000000000000, 0.0000000000000000000, 0.0000000000000000000 ) ) ;
#1121 = CARTESIAN_POINT ( 'NONE',  ( 0.07499999999999998300, 0.02000000000000000000, 0.1145751311064590100 ) ) ;
#1122 = EDGE_CURVE ( 'NONE', #1873, #1026, #2438, .T. ) ;
#1123 = FACE_OUTER_BOUND ( 'NONE', #3667, .T. ) ;
#1124 = FACE_OUTER_BOUND ( 'NONE', #504, .T. ) ;
#1125 = ORIENTED_EDGE ( 'NONE', *, *, #530, .T. ) ;
#1126 = DIRECTION ( 'NONE',  ( -0.0000000000000000000, 0.0000000000000000000, -1.000000000000000000 ) ) ;
#1127 = AXIS2_PLACEMENT_3D ( 'NONE', #733, #3297, #1119 ) ;
#1128 = MECHANICAL_DESIGN_GEOMETRIC_PRESENTATION_REPRESENTATION (  '', ( #382 ), #1382 ) ;
#1129 = ORIENTED_EDGE ( 'NONE', *, *, #4325, .F. ) ;
#1130 = EDGE_CURVE ( 'NONE', #2669, #3924, #3384, .T. ) ;
#1131 = DIRECTION ( 'NONE',  ( 1.000000000000000000, -0.0000000000000000000, 9.035018104045833500E-016 ) ) ;
#1132 = EDGE_CURVE ( 'NONE', #3583, #561, #2541, .T. ) ;
#1133 = ORIENTED_EDGE ( 'NONE', *, *, #3315, .F. ) ;
#1134 = CARTESIAN_POINT ( 'NONE',  ( -0.5250000000000000200, 0.02000000000000000000, -0.1145751311064591400 ) ) ;
#1135 = CARTESIAN_POINT ( 'NONE',  ( -0.5250000000000000200, -0.03999999999999999400, 0.4145751311064590500 ) ) ;
#1136 = CARTESIAN_POINT ( 'NONE',  ( -0.07500000000000003900, 0.02000000000000000000, -0.1145751311064591400 ) ) ;
#1137 = VERTEX_POINT ( 'NONE', #3073 ) ;
#1138 = VERTEX_POINT ( 'NONE', #4166 ) ;
#1139 = ADVANCED_FACE ( 'NONE', ( #478 ), #4402, .F. ) ;
#1140 = ADVANCED_FACE ( 'NONE', ( #1343 ), #765, .F. ) ;
#1141 = AXIS2_PLACEMENT_3D ( 'NONE', #1917, #2415, #2631 ) ;
#1142 = DIRECTION ( 'NONE',  ( 0.0000000000000000000, -0.0000000000000000000, 1.000000000000000000 ) ) ;
#1143 = ORIENTED_EDGE ( 'NONE', *, *, #1471, .T. ) ;
#1144 = DIRECTION ( 'NONE',  ( 0.0000000000000000000, -0.0000000000000000000, 1.000000000000000000 ) ) ;
#1145 = ORIENTED_EDGE ( 'NONE', *, *, #1188, .T. ) ;
#1146 = PLANE ( 'NONE',  #913 ) ;
#1147 = CARTESIAN_POINT ( 'NONE',  ( 0.2250000000000000600, 0.02000000000000000000, 0.4145751311064590500 ) ) ;
#1148 = DIRECTION ( 'NONE',  ( 1.000000000000000000, 0.0000000000000000000, 0.0000000000000000000 ) ) ;
#1149 = VECTOR ( 'NONE', #3092, 1000.000000000000000 ) ;
#1150 = UNCERTAINTY_MEASURE_WITH_UNIT (LENGTH_MEASURE( 1.000000000000000100E-005 ), #2470, 'distance_accuracy_value', 'NONE');
#1151 = VERTEX_POINT ( 'NONE', #1147 ) ;
#1152 = EDGE_CURVE ( 'NONE', #1363, #426, #357, .T. ) ;
#1153 = CARTESIAN_POINT ( 'NONE',  ( 0.2250000000000000600, 0.1250000000000000000, 0.4998999999999998400 ) ) ;
#1154 = VECTOR ( 'NONE', #974, 1000.000000000000000 ) ;
#1155 = DIRECTION ( 'NONE',  ( -0.0000000000000000000, -1.000000000000000000, -0.0000000000000000000 ) ) ;
#1156 = CARTESIAN_POINT ( 'NONE',  ( 0.07499999999999998300, 0.07500000000000001100, -0.5000000000000002200 ) ) ;
#1157 = CARTESIAN_POINT ( 'NONE',  ( 0.3750000000000000000, 0.1250000000000000000, -0.5000000000000002200 ) ) ;
#1158 =( LENGTH_UNIT ( ) NAMED_UNIT ( * ) SI_UNIT ( .MILLI., .METRE. ) );
#1159 = PLANE ( 'NONE',  #2891 ) ;
#1160 = LINE ( 'NONE', #3356, #171 ) ;
#1161 = FACE_OUTER_BOUND ( 'NONE', #2122, .T. ) ;
#1162 = AXIS2_PLACEMENT_3D ( 'NONE', #3061, #308, #2366 ) ;
#1163 = CARTESIAN_POINT ( 'NONE',  ( -0.2250000000000000100, -0.03999999999999999400, 0.4145751311064590500 ) ) ;
#1164 = VERTEX_POINT ( 'NONE', #1866 ) ;
#1165 = DIRECTION ( 'NONE',  ( -0.0000000000000000000, 0.0000000000000000000, 1.000000000000000000 ) ) ;
#1166 = DIRECTION ( 'NONE',  ( 1.000000000000000000, 0.0000000000000000000, 0.0000000000000000000 ) ) ;
#1167 = LINE ( 'NONE', #3196, #3947 ) ;
#1168 = FACE_OUTER_BOUND ( 'NONE', #2659, .T. ) ;
#1169 = ORIENTED_EDGE ( 'NONE', *, *, #193, .T. ) ;
#1170 = DIRECTION ( 'NONE',  ( 9.035018104045796000E-016, 0.0000000000000000000, -1.000000000000000000 ) ) ;
#1171 = DIRECTION ( 'NONE',  ( -0.0000000000000000000, 0.0000000000000000000, 1.000000000000000000 ) ) ;
#1172 = LINE ( 'NONE', #960, #2996 ) ;
#1173 = VERTEX_POINT ( 'NONE', #2221 ) ;
#1174 = EDGE_LOOP ( 'NONE', ( #3228, #4093, #3992, #4311 ) ) ;
#1176 = VECTOR ( 'NONE', #3693, 1000.000000000000000 ) ;
#1175 = SURFACE_STYLE_USAGE ( .BOTH. , #3344 ) ;
#1177 = CARTESIAN_POINT ( 'NONE',  ( 0.2249999999999999500, 0.02000000000000000000, -0.1145751311064591400 ) ) ;
#1178 = CARTESIAN_POINT ( 'NONE',  ( 0.5250000000000000200, 0.0000000000000000000, -0.4145751311064591600 ) ) ;
#1179 = CARTESIAN_POINT ( 'NONE',  ( -0.3749999999999993300, -0.03999999999999999400, 0.1145751311064591400 ) ) ;
#1180 = EDGE_LOOP ( 'NONE', ( #245, #1768, #3082, #505 ) ) ;
#1181 = CARTESIAN_POINT ( 'NONE',  ( 0.07499999999999998300, 0.1250000000000000000, -0.5000000000000002200 ) ) ;
#1182 = ORIENTED_EDGE ( 'NONE', *, *, #4120, .F. ) ;
#1183 = VECTOR ( 'NONE', #4663, 1000.000000000000000 ) ;
#1184 = FACE_OUTER_BOUND ( 'NONE', #4326, .T. ) ;
#1185 = DIRECTION ( 'NONE',  ( 1.000000000000000000, -0.0000000000000000000, 1.807003620809175000E-015 ) ) ;
#1186 = ORIENTED_EDGE ( 'NONE', *, *, #633, .T. ) ;
#1187 = CARTESIAN_POINT ( 'NONE',  ( -0.5999000000000001000, 0.1250000000000001900, -0.1145751311064591600 ) ) ;
#1188 = EDGE_CURVE ( 'NONE', #3629, #2780, #2319, .T. ) ;
#1189 = VERTEX_POINT ( 'NONE', #4061 ) ;
#1190 = EDGE_LOOP ( 'NONE', ( #3381, #2135, #3962, #205 ) ) ;
#1191 = LINE ( 'NONE', #1638, #3976 ) ;
#1192 = VERTEX_POINT ( 'NONE', #39 ) ;
#1193 = DIRECTION ( 'NONE',  ( 0.7071067811865477900, 0.0000000000000000000, -0.7071067811865473500 ) ) ;
#1194 = AXIS2_PLACEMENT_3D ( 'NONE', #2860, #2739, #2730 ) ;
#1195 = EDGE_CURVE ( 'NONE', #4466, #4102, #4013, .T. ) ;
#1196 = ORIENTED_EDGE ( 'NONE', *, *, #3413, .F. ) ;
#1197 = DIRECTION ( 'NONE',  ( 0.0000000000000000000, -1.000000000000000000, 0.0000000000000000000 ) ) ;
#1198 = DIRECTION ( 'NONE',  ( 1.807003620809175000E-015, 0.0000000000000000000, -1.000000000000000000 ) ) ;
#1199 =( LENGTH_UNIT ( ) NAMED_UNIT ( * ) SI_UNIT ( .MILLI., .METRE. ) );
#1200 = ORIENTED_EDGE ( 'NONE', *, *, #3018, .T. ) ;
#1201 = EDGE_CURVE ( 'NONE', #1189, #1232, #2204, .T. ) ;
#1202 = CARTESIAN_POINT ( 'NONE',  ( -0.07499999999999992800, 0.02000000000000000000, 0.4145751311064590500 ) ) ;
#1203 = ORIENTED_EDGE ( 'NONE', *, *, #1087, .T. ) ;
#1204 = ORIENTED_EDGE ( 'NONE', *, *, #3103, .F. ) ;
#1205 = CARTESIAN_POINT ( 'NONE',  ( 0.3750000000000000000, 0.1250000000000000000, -0.5000000000000002200 ) ) ;
#1206 = ORIENTED_EDGE ( 'NONE', *, *, #4701, .F. ) ;
#1207 = ORIENTED_EDGE ( 'NONE', *, *, #4672, .F. ) ;
#1208 = DIRECTION ( 'NONE',  ( -0.0000000000000000000, 0.0000000000000000000, -1.000000000000000000 ) ) ;
#1209 = LINE ( 'NONE', #2184, #3148 ) ;
#1210 = PLANE ( 'NONE',  #2611 ) ;
#1211 = CARTESIAN_POINT ( 'NONE',  ( 0.3750000000000000000, -0.03999999999999999400, 0.4145751311064590500 ) ) ;
#1212 = LINE ( 'NONE', #3446, #3035 ) ;
#1213 = EDGE_CURVE ( 'NONE', #73, #3201, #2100, .T. ) ;
#1214 = CARTESIAN_POINT ( 'NONE',  ( -0.6000000000000000900, 0.0000000000000000000, -0.5000000000000002200 ) ) ;
#1215 = VECTOR ( 'NONE', #719, 1000.000000000000000 ) ;
#1216 = VECTOR ( 'NONE', #2130, 1000.000000000000000 ) ;
#1217 = DIRECTION ( 'NONE',  ( 0.0000000000000000000, -1.000000000000000000, 0.0000000000000000000 ) ) ;
#1218 = DIRECTION ( 'NONE',  ( 0.7071067811865473500, 0.0000000000000000000, 0.7071067811865477900 ) ) ;
#1219 = LINE ( 'NONE', #192, #238 ) ;
#1220 = VECTOR ( 'NONE', #1899, 1000.000000000000000 ) ;
#1221 = EDGE_CURVE ( 'NONE', #329, #2039, #244, .T. ) ;
#1222 = CARTESIAN_POINT ( 'NONE',  ( -0.3749999999999998900, -0.03999999999999999400, 0.4145751311064590500 ) ) ;
#1223 = VERTEX_POINT ( 'NONE', #3767 ) ;
#1224 = ORIENTED_EDGE ( 'NONE', *, *, #2363, .T. ) ;
#1225 = CARTESIAN_POINT ( 'NONE',  ( -0.07499999999999992800, 0.1250000000000000000, -0.5000000000000002200 ) ) ;
#1226 = CARTESIAN_POINT ( 'NONE',  ( 0.07499999999999998300, 0.1250000000000000000, 0.4999999999999997800 ) ) ;
#1227 = COLOUR_RGB ( '',1.000000000000000000, 1.000000000000000000, 1.000000000000000000 ) ;
#1228 = VECTOR ( 'NONE', #119, 1000.000000000000000 ) ;
#1229 = ORIENTED_EDGE ( 'NONE', *, *, #4345, .T. ) ;
#1230 = CARTESIAN_POINT ( 'NONE',  ( 0.3750000000000000000, 0.1250000000000000000, 0.4998999999999998400 ) ) ;
#1231 = DIRECTION ( 'NONE',  ( -1.000000000000000000, 0.0000000000000000000, 0.0000000000000000000 ) ) ;
#1232 = VERTEX_POINT ( 'NONE', #2704 ) ;
#1233 = COLOUR_RGB ( '',1.000000000000000000, 1.000000000000000000, 1.000000000000000000 ) ;
#1234 = ORIENTED_EDGE ( 'NONE', *, *, #1346, .F. ) ;
#1235 = DIRECTION ( 'NONE',  ( 0.0000000000000000000, 0.0000000000000000000, 1.000000000000000000 ) ) ;
#1236 = DIRECTION ( 'NONE',  ( -1.000000000000000000, 0.0000000000000000000, 0.0000000000000000000 ) ) ;
#1237 = PLANE ( 'NONE',  #3396 ) ;
#1238 = AXIS2_PLACEMENT_3D ( 'NONE', #579, #550, #354 ) ;
#1239 = LINE ( 'NONE', #496, #255 ) ;
#1240 = LINE ( 'NONE', #3569, #1006 ) ;
#1241 = VERTEX_POINT ( 'NONE', #2978 ) ;
#1242 = CARTESIAN_POINT ( 'NONE',  ( 0.5979999999999997500, 0.0000000000000000000, 0.0000000000000000000 ) ) ;
#1243 = CARTESIAN_POINT ( 'NONE',  ( 0.5250000000000000200, 0.02000000000000000000, -0.4145751311064591600 ) ) ;
#1244 = DIRECTION ( 'NONE',  ( -0.0000000000000000000, 0.0000000000000000000, 1.000000000000000000 ) ) ;
#1245 = VECTOR ( 'NONE', #527, 1000.000000000000000 ) ;
#1246 = ORIENTED_EDGE ( 'NONE', *, *, #714, .F. ) ;
#1247 = CARTESIAN_POINT ( 'NONE',  ( 0.0000000000000000000, 0.0000000000000000000, 0.4998999999999998400 ) ) ;
#1248 = DIRECTION ( 'NONE',  ( -0.0000000000000000000, -1.000000000000000000, -0.0000000000000000000 ) ) ;
#1249 = FACE_OUTER_BOUND ( 'NONE', #362, .T. ) ;
#1250 = ORIENTED_EDGE ( 'NONE', *, *, #2747, .F. ) ;
#1251 = AXIS2_PLACEMENT_3D ( 'NONE', #360, #1120, #3651 ) ;
#1252 = DIRECTION ( 'NONE',  ( 0.0000000000000000000, 0.0000000000000000000, -1.000000000000000000 ) ) ;
#1253 = CARTESIAN_POINT ( 'NONE',  ( -0.4533896235159318200, 0.3099000000000000100, 0.3572429355358508500 ) ) ;
#1254 = ORIENTED_EDGE ( 'NONE', *, *, #3531, .T. ) ;
#1255 = EDGE_CURVE ( 'NONE', #3339, #3118, #1978, .T. ) ;
#1256 = SURFACE_STYLE_USAGE ( .BOTH. , #3426 ) ;
#1257 = VERTEX_POINT ( 'NONE', #4125 ) ;
#1258 = PLANE ( 'NONE',  #630 ) ;
#1259 = DIRECTION ( 'NONE',  ( -0.0000000000000000000, -0.0000000000000000000, 1.000000000000000000 ) ) ;
#1260 = VERTEX_POINT ( 'NONE', #1634 ) ;
#1261 = VERTEX_POINT ( 'NONE', #3380 ) ;
#1262 = CARTESIAN_POINT ( 'NONE',  ( -0.07500000000000003900, -0.03999999999999999400, -0.4145751311064591600 ) ) ;
#1263 = FACE_OUTER_BOUND ( 'NONE', #4305, .T. ) ;
#1264 = SURFACE_SIDE_STYLE ('',( #345 ) ) ;
#1265 = LINE ( 'NONE', #2093, #2360 ) ;
#1266 = DIRECTION ( 'NONE',  ( 0.0000000000000000000, -0.0000000000000000000, -1.000000000000000000 ) ) ;
#1267 = LINE ( 'NONE', #792, #2146 ) ;
#1268 = EDGE_CURVE ( 'NONE', #2907, #780, #2824, .T. ) ;
#1269 = DIRECTION ( 'NONE',  ( 0.0000000000000000000, 0.0000000000000000000, 1.000000000000000000 ) ) ;
#1270 = CARTESIAN_POINT ( 'NONE',  ( 0.07499999999999998300, 0.07500000000000001100, -0.5000000000000002200 ) ) ;
#1271 = CARTESIAN_POINT ( 'NONE',  ( -0.07499999999999998300, 0.07500000000000001100, -0.5000000000000002200 ) ) ;
#1272 = VECTOR ( 'NONE', #403, 1000.000000000000000 ) ;
#1273 = ORIENTED_EDGE ( 'NONE', *, *, #2683, .F. ) ;
#1274 = ADVANCED_FACE ( 'NONE', ( #992 ), #1947, .F. ) ;
#1275 = EDGE_CURVE ( 'NONE', #3990, #1307, #4731, .T. ) ;
#1276 = DIRECTION ( 'NONE',  ( -0.0000000000000000000, -1.000000000000000000, -0.0000000000000000000 ) ) ;
#1277 = PLANE ( 'NONE',  #1092 ) ;
#1278 = DIRECTION ( 'NONE',  ( 0.0000000000000000000, 0.0000000000000000000, -1.000000000000000000 ) ) ;
#1279 = EDGE_CURVE ( 'NONE', #3491, #701, #123, .T. ) ;
#1280 = LINE ( 'NONE', #583, #3213 ) ;
#1281 = ORIENTED_EDGE ( 'NONE', *, *, #2356, .T. ) ;
#1282 = AXIS2_PLACEMENT_3D ( 'NONE', #4389, #399, #3321 ) ;
#1283 = DIRECTION ( 'NONE',  ( -0.7071067811865473500, 0.0000000000000000000, -0.7071067811865477900 ) ) ;
#1284 = VECTOR ( 'NONE', #2262, 1000.000000000000000 ) ;
#1285 = ADVANCED_FACE ( 'NONE', ( #864 ), #4140, .F. ) ;
#1286 = PLANE ( 'NONE',  #4398 ) ;
#1287 = FILL_AREA_STYLE ('',( #540 ) ) ;
#1288 = VERTEX_POINT ( 'NONE', #2676 ) ;
#1289 = EDGE_CURVE ( 'NONE', #1232, #3556, #3325, .T. ) ;
#1290 = LINE ( 'NONE', #2141, #943 ) ;
#1291 = FACE_OUTER_BOUND ( 'NONE', #1839, .T. ) ;
#1292 = CARTESIAN_POINT ( 'NONE',  ( -0.4533896235159318200, 0.3099000000000000100, 0.4319615883226422000 ) ) ;
#1293 = ORIENTED_EDGE ( 'NONE', *, *, #322, .T. ) ;
#1294 = DIRECTION ( 'NONE',  ( -1.000000000000000000, -0.0000000000000000000, -0.0000000000000000000 ) ) ;
#1295 = PLANE ( 'NONE',  #1317 ) ;
#1296 = SURFACE_STYLE_FILL_AREA ( #2406 ) ;
#1297 = MANIFOLD_SOLID_BREP ( 'Boss-Extrude2[7]', #4733 ) ;
#1298 = CARTESIAN_POINT ( 'NONE',  ( -0.07499999999999992800, 0.0000000000000000000, 0.4145751311064590500 ) ) ;
#1299 = ORIENTED_EDGE ( 'NONE', *, *, #4600, .T. ) ;
#1300 = AXIS2_PLACEMENT_3D ( 'NONE', #1497, #3362, #1900 ) ;
#1301 = SHAPE_DEFINITION_REPRESENTATION ( #328, #229 ) ;
#1302 = LINE ( 'NONE', #1884, #323 ) ;
#1303 = ORIENTED_EDGE ( 'NONE', *, *, #1606, .F. ) ;
#1304 = DIRECTION ( 'NONE',  ( -1.000000000000000000, 0.0000000000000000000, 0.0000000000000000000 ) ) ;
#1305 = EDGE_CURVE ( 'NONE', #4557, #1151, #2035, .T. ) ;
#1306 = SURFACE_SIDE_STYLE ('',( #933 ) ) ;
#1307 = VERTEX_POINT ( 'NONE', #3069 ) ;
#1308 = DIRECTION ( 'NONE',  ( 0.0000000000000000000, -0.0000000000000000000, 1.000000000000000000 ) ) ;
#1309 = EDGE_CURVE ( 'NONE', #1457, #1223, #2373, .T. ) ;
#1310 = DIRECTION ( 'NONE',  ( 0.0000000000000000000, 0.0000000000000000000, -1.000000000000000000 ) ) ;
#1311 = SURFACE_STYLE_USAGE ( .BOTH. , #3475 ) ;
#1312 = ADVANCED_FACE ( 'NONE', ( #3847 ), #2053, .F. ) ;
#1313 = EDGE_LOOP ( 'NONE', ( #4167, #1605, #69, #4532 ) ) ;
#1314 = DIRECTION ( 'NONE',  ( 0.0000000000000000000, 1.000000000000000000, 0.0000000000000000000 ) ) ;
#1315 = AXIS2_PLACEMENT_3D ( 'NONE', #3191, #2482, #277 ) ;
#1316 = VERTEX_POINT ( 'NONE', #2414 ) ;
#1317 = AXIS2_PLACEMENT_3D ( 'NONE', #2970, #409, #1876 ) ;
#1318 = DIRECTION ( 'NONE',  ( -1.000000000000000000, -0.0000000000000000000, -0.0000000000000000000 ) ) ;
#1319 = ORIENTED_EDGE ( 'NONE', *, *, #1599, .T. ) ;
#1320 = DIRECTION ( 'NONE',  ( -0.0000000000000000000, -1.000000000000000000, -0.0000000000000000000 ) ) ;
#1321 = LINE ( 'NONE', #4407, #434 ) ;
#1322 = CARTESIAN_POINT ( 'NONE',  ( -0.3749999999999998900, 0.02000000000000000000, 0.4145751311064590500 ) ) ;
#1323 = EDGE_LOOP ( 'NONE', ( #677, #2231, #2497, #3326 ) ) ;
#1324 = EDGE_LOOP ( 'NONE', ( #3792, #1018, #990, #1540 ) ) ;
#1325 = CARTESIAN_POINT ( 'NONE',  ( -0.4533896235159318200, 0.3099000000000000100, 0.3572429355358508500 ) ) ;
#1326 = LINE ( 'NONE', #2156, #341 ) ;
#1327 = PLANE ( 'NONE',  #626 ) ;
#1328 = CARTESIAN_POINT ( 'NONE',  ( -0.2250000000000000100, 0.1250000000000000000, -0.4980000000000001600 ) ) ;
#1329 = STYLED_ITEM ( 'NONE', ( #515 ), #2158 ) ;
#1330 = CARTESIAN_POINT ( 'NONE',  ( -0.3749999999999998900, 0.02000000000000000000, 0.4145751311064590500 ) ) ;
#1331 = FACE_OUTER_BOUND ( 'NONE', #2183, .T. ) ;
#1332 = LINE ( 'NONE', #3573, #2427 ) ;
#1333 = ORIENTED_EDGE ( 'NONE', *, *, #93, .T. ) ;
#1334 = VECTOR ( 'NONE', #3987, 1000.000000000000000 ) ;
#1335 = FACE_BOUND ( 'NONE', #1323, .T. ) ;
#1336 = CARTESIAN_POINT ( 'NONE',  ( -0.07500000000000003900, 0.02000000000000000000, -0.1145751311064591400 ) ) ;
#1337 = LINE ( 'NONE', #2674, #2931 ) ;
#1338 = VERTEX_POINT ( 'NONE', #486 ) ;
#1339 = EDGE_CURVE ( 'NONE', #3299, #2927, #60, .T. ) ;
#1340 =( NAMED_UNIT ( * ) SI_UNIT ( $, .STERADIAN. ) SOLID_ANGLE_UNIT ( ) );
#1341 = CARTESIAN_POINT ( 'NONE',  ( 0.3750000000000000000, 0.07500000000000001100, 0.4998999999999998400 ) ) ;
#1342 = LINE ( 'NONE', #835, #3162 ) ;
#1343 = FACE_OUTER_BOUND ( 'NONE', #4055, .T. ) ;
#1344 =( NAMED_UNIT ( * ) PLANE_ANGLE_UNIT ( ) SI_UNIT ( $, .RADIAN. ) );
#1345 = CARTESIAN_POINT ( 'NONE',  ( 0.07499999999999998300, 0.07500000000000001100, -0.4980000000000001600 ) ) ;
#1346 = EDGE_CURVE ( 'NONE', #2246, #4466, #923, .T. ) ;
#1347 = EDGE_LOOP ( 'NONE', ( #2063, #4520, #1062, #4380 ) ) ;
#1348 = SURFACE_STYLE_FILL_AREA ( #1863 ) ;
#1349 = COLOUR_RGB ( '',0.7529411764705882200, 0.7529411764705882200, 0.0000000000000000000 ) ;
#1350 = VERTEX_POINT ( 'NONE', #1573 ) ;
#1351 = ORIENTED_EDGE ( 'NONE', *, *, #2555, .T. ) ;
#1352 = CARTESIAN_POINT ( 'NONE',  ( 0.5979999999999997500, 0.07500000000000001100, 0.1145751311064590700 ) ) ;
#1353 = DIRECTION ( 'NONE',  ( 0.0000000000000000000, -1.000000000000000000, -0.0000000000000000000 ) ) ;
#1354 = VECTOR ( 'NONE', #1909, 1000.000000000000000 ) ;
#1355 = ORIENTED_EDGE ( 'NONE', *, *, #1846, .F. ) ;
#1356 =( LENGTH_UNIT ( ) NAMED_UNIT ( * ) SI_UNIT ( .MILLI., .METRE. ) );
#1357 = CARTESIAN_POINT ( 'NONE',  ( 0.07499999999999998300, 0.02000000000000000000, 0.1145751311064590100 ) ) ;
#1358 = VECTOR ( 'NONE', #575, 1000.000000000000000 ) ;
#1359 = VERTEX_POINT ( 'NONE', #712 ) ;
#1360 = SURFACE_STYLE_USAGE ( .BOTH. , #1376 ) ;
#1361 = PLANE ( 'NONE',  #4074 ) ;
#1362 = DIRECTION ( 'NONE',  ( -0.0000000000000000000, -0.0000000000000000000, 1.000000000000000000 ) ) ;
#1363 = VERTEX_POINT ( 'NONE', #2679 ) ;
#1364 = AXIS2_PLACEMENT_3D ( 'NONE', #4486, #3611, #3759 ) ;
#1365 = EDGE_CURVE ( 'NONE', #4711, #4385, #813, .T. ) ;
#1366 = ORIENTED_EDGE ( 'NONE', *, *, #3610, .T. ) ;
#1367 =( NAMED_UNIT ( * ) SI_UNIT ( $, .STERADIAN. ) SOLID_ANGLE_UNIT ( ) );
#1368 = DIRECTION ( 'NONE',  ( 0.0000000000000000000, 0.0000000000000000000, 1.000000000000000000 ) ) ;
#1369 = FILL_AREA_STYLE ('',( #43 ) ) ;
#1370 = EDGE_CURVE ( 'NONE', #2568, #900, #1791, .T. ) ;
#1371 = ORIENTED_EDGE ( 'NONE', *, *, #2555, .F. ) ;
#1372 = PLANE ( 'NONE',  #3729 ) ;
#1373 = ORIENTED_EDGE ( 'NONE', *, *, #2172, .T. ) ;
#1374 = PLANE ( 'NONE',  #580 ) ;
#1375 = CARTESIAN_POINT ( 'NONE',  ( 0.2250000000000000600, 0.07500000000000001100, -0.4980000000000001600 ) ) ;
#1376 = SURFACE_SIDE_STYLE ('',( #210 ) ) ;
#1377 = CARTESIAN_POINT ( 'NONE',  ( 0.5999999999999998700, 0.1250000000000000000, 0.1145751311064590700 ) ) ;
#1378 =( GEOMETRIC_REPRESENTATION_CONTEXT ( 3 ) GLOBAL_UNCERTAINTY_ASSIGNED_CONTEXT ( ( #2641 ) ) GLOBAL_UNIT_ASSIGNED_CONTEXT ( ( #3686, #4427, #2252 ) ) REPRESENTATION_CONTEXT ( 'NONE', 'WORKASPACE' ) );
#1379 = ORIENTED_EDGE ( 'NONE', *, *, #4684, .F. ) ;
#1380 = PLANE ( 'NONE',  #1315 ) ;
#1381 = DIRECTION ( 'NONE',  ( 1.000000000000000000, 0.0000000000000000000, -0.0000000000000000000 ) ) ;
#1382 =( GEOMETRIC_REPRESENTATION_CONTEXT ( 3 ) GLOBAL_UNCERTAINTY_ASSIGNED_CONTEXT ( ( #3972 ) ) GLOBAL_UNIT_ASSIGNED_CONTEXT ( ( #4210, #3417, #2001 ) ) REPRESENTATION_CONTEXT ( 'NONE', 'WORKASPACE' ) );
#1383 = DIRECTION ( 'NONE',  ( 1.000000000000000000, 0.0000000000000000000, 9.035018104045833500E-016 ) ) ;
#1384 = EDGE_CURVE ( 'NONE', #1013, #660, #3598, .T. ) ;
#1385 = LINE ( 'NONE', #1262, #4052 ) ;
#1386 = EDGE_CURVE ( 'NONE', #150, #2685, #2761, .T. ) ;
#1387 = CARTESIAN_POINT ( 'NONE',  ( 0.0000000000000000000, 0.02000000000000000000, 0.0000000000000000000 ) ) ;
#1388 = CARTESIAN_POINT ( 'NONE',  ( 0.0000000000000000000, 0.02000000000000000000, 0.0000000000000000000 ) ) ;
#1389 = LINE ( 'NONE', #1695, #2478 ) ;
#1390 = DIRECTION ( 'NONE',  ( -9.035018104045794000E-016, 0.0000000000000000000, 1.000000000000000000 ) ) ;
#1391 = VECTOR ( 'NONE', #3313, 1000.000000000000000 ) ;
#1392 = PLANE ( 'NONE',  #3034 ) ;
#1393 = CARTESIAN_POINT ( 'NONE',  ( 0.5999999999999998700, 0.1250000000000000000, 0.4145751311064590500 ) ) ;
#1394 = LINE ( 'NONE', #1888, #1272 ) ;
#1395 = EDGE_LOOP ( 'NONE', ( #4160, #1849, #4260, #2074 ) ) ;
#1396 = VECTOR ( 'NONE', #3888, 1000.000000000000000 ) ;
#1397 = VECTOR ( 'NONE', #507, 1000.000000000000000 ) ;
#1398 = ORIENTED_EDGE ( 'NONE', *, *, #1764, .F. ) ;
#1399 = EDGE_LOOP ( 'NONE', ( #1200, #336, #1844, #1700 ) ) ;
#1400 = DIRECTION ( 'NONE',  ( -0.0000000000000000000, -6.324512672832108900E-016, -1.000000000000000000 ) ) ;
#1401 = CARTESIAN_POINT ( 'NONE',  ( -0.5250000000000000200, -0.03999999999999999400, 0.4145751311064590500 ) ) ;
#1402 = EDGE_CURVE ( 'NONE', #1984, #3299, #1915, .T. ) ;
#1403 = VECTOR ( 'NONE', #981, 1000.000000000000000 ) ;
#1404 = VERTEX_POINT ( 'NONE', #2281 ) ;
#1405 = SURFACE_SIDE_STYLE ('',( #1348 ) ) ;
#1406 = PRESENTATION_LAYER_ASSIGNMENT (  '', '', ( #898 ) ) ;
#1407 = FILL_AREA_STYLE ('',( #1441 ) ) ;
#1408 = ORIENTED_EDGE ( 'NONE', *, *, #3960, .T. ) ;
#1409 = VECTOR ( 'NONE', #4460, 1000.000000000000000 ) ;
#1410 = DIRECTION ( 'NONE',  ( 0.0000000000000000000, -1.000000000000000000, 0.0000000000000000000 ) ) ;
#1411 = VERTEX_POINT ( 'NONE', #2011 ) ;
#1412 = ORIENTED_EDGE ( 'NONE', *, *, #2420, .F. ) ;
#1413 = ADVANCED_FACE ( 'NONE', ( #2535 ), #109, .T. ) ;
#1414 = ADVANCED_FACE ( 'NONE', ( #1558 ), #3453, .F. ) ;
#1415 = VECTOR ( 'NONE', #1067, 1000.000000000000000 ) ;
#1416 = EDGE_LOOP ( 'NONE', ( #2229, #4234, #2834, #1366 ) ) ;
#1417 = SURFACE_STYLE_USAGE ( .BOTH. , #3578 ) ;
#1418 = DIRECTION ( 'NONE',  ( -0.0000000000000000000, 1.000000000000000000, -0.0000000000000000000 ) ) ;
#1419 = LINE ( 'NONE', #2968, #3235 ) ;
#1420 = VECTOR ( 'NONE', #2018, 1000.000000000000000 ) ;
#1421 = VERTEX_POINT ( 'NONE', #3467 ) ;
#1422 = AXIS2_PLACEMENT_3D ( 'NONE', #1903, #2785, #2355 ) ;
#1423 = DIRECTION ( 'NONE',  ( -1.000000000000000000, 0.0000000000000000000, 0.0000000000000000000 ) ) ;
#1424 = EDGE_LOOP ( 'NONE', ( #1431, #3032, #1799, #937 ) ) ;
#1425 = CARTESIAN_POINT ( 'NONE',  ( -0.4533896235159318200, 0.3099000000000000100, 0.3572429355358508500 ) ) ;
#1426 = DIRECTION ( 'NONE',  ( -0.0000000000000000000, 1.000000000000000000, -0.0000000000000000000 ) ) ;
#1427 = DIRECTION ( 'NONE',  ( 0.0000000000000000000, 0.0000000000000000000, -1.000000000000000000 ) ) ;
#1428 = ORIENTED_EDGE ( 'NONE', *, *, #4289, .T. ) ;
#1429 = EDGE_CURVE ( 'NONE', #73, #996, #1676, .T. ) ;
#1430 = DIRECTION ( 'NONE',  ( -0.0000000000000000000, 0.0000000000000000000, 1.000000000000000000 ) ) ;
#1431 = ORIENTED_EDGE ( 'NONE', *, *, #259, .T. ) ;
#1432 = AXIS2_PLACEMENT_3D ( 'NONE', #3056, #3416, #1244 ) ;
#1433 = ORIENTED_EDGE ( 'NONE', *, *, #1887, .T. ) ;
#1434 = ADVANCED_FACE ( 'NONE', ( #2434 ), #3114, .F. ) ;
#1435 = PRESENTATION_LAYER_ASSIGNMENT (  '', '', ( #934 ) ) ;
#1436 = VECTOR ( 'NONE', #2776, 1000.000000000000000 ) ;
#1437 = PLANE ( 'NONE',  #959 ) ;
#1438 = ORIENTED_EDGE ( 'NONE', *, *, #3836, .T. ) ;
#1439 = EDGE_CURVE ( 'NONE', #1981, #1411, #582, .T. ) ;
#1440 = DIRECTION ( 'NONE',  ( -0.0000000000000000000, -0.0000000000000000000, 1.000000000000000000 ) ) ;
#1441 = FILL_AREA_STYLE_COLOUR ( '', #2062 ) ;
#1442 = UNCERTAINTY_MEASURE_WITH_UNIT (LENGTH_MEASURE( 1.000000000000000100E-005 ), #3802, 'distance_accuracy_value', 'NONE');
#1443 = CARTESIAN_POINT ( 'NONE',  ( 0.5250000000000000200, -0.03999999999999999400, 0.4145751311064590500 ) ) ;
#1444 = DIRECTION ( 'NONE',  ( 0.0000000000000000000, 0.0000000000000000000, 1.000000000000000000 ) ) ;
#1445 = VECTOR ( 'NONE', #4343, 1000.000000000000000 ) ;
#1446 = AXIS2_PLACEMENT_3D ( 'NONE', #187, #918, #4220 ) ;
#1447 = EDGE_CURVE ( 'NONE', #1823, #3870, #1456, .T. ) ;
#1448 = UNCERTAINTY_MEASURE_WITH_UNIT (LENGTH_MEASURE( 1.000000000000000100E-005 ), #1626, 'distance_accuracy_value', 'NONE');
#1449 = FACE_OUTER_BOUND ( 'NONE', #3401, .T. ) ;
#1450 = VECTOR ( 'NONE', #246, 1000.000000000000000 ) ;
#1451 = PLANE ( 'NONE',  #261 ) ;
#1452 = DIRECTION ( 'NONE',  ( 0.0000000000000000000, -1.000000000000000000, -0.0000000000000000000 ) ) ;
#1453 = FACE_OUTER_BOUND ( 'NONE', #2069, .T. ) ;
#1454 = FACE_OUTER_BOUND ( 'NONE', #4282, .T. ) ;
#1455 = ORIENTED_EDGE ( 'NONE', *, *, #2924, .T. ) ;
#1456 = LINE ( 'NONE', #102, #4248 ) ;
#1457 = VERTEX_POINT ( 'NONE', #3317 ) ;
#1458 = CARTESIAN_POINT ( 'NONE',  ( -0.6000000000000000900, 0.1250000000000000000, -0.4145751311064591600 ) ) ;
#1459 = AXIS2_PLACEMENT_3D ( 'NONE', #31, #2991, #410 ) ;
#1460 = ORIENTED_EDGE ( 'NONE', *, *, #1130, .T. ) ;
#1461 = CARTESIAN_POINT ( 'NONE',  ( -0.5250000000000000200, 0.02000000000000000000, -0.1145751311064591400 ) ) ;
#1462 = ADVANCED_FACE ( 'NONE', ( #3264 ), #2629, .F. ) ;
#1463 = LINE ( 'NONE', #1894, #2540 ) ;
#1464 = VECTOR ( 'NONE', #1501, 1000.000000000000000 ) ;
#1465 = EDGE_LOOP ( 'NONE', ( #3735, #481, #795, #3760 ) ) ;
#1466 = ORIENTED_EDGE ( 'NONE', *, *, #4350, .F. ) ;
#1467 = VECTOR ( 'NONE', #3937, 1000.000000000000000 ) ;
#1468 = CARTESIAN_POINT ( 'NONE',  ( 0.3750000000000000000, 0.07500000000000001100, 0.4998999999999998400 ) ) ;
#1469 = CARTESIAN_POINT ( 'NONE',  ( 0.2250000000000000600, 0.1250000000000000000, -0.5000000000000002200 ) ) ;
#1470 = FACE_BOUND ( 'NONE', #2898, .T. ) ;
#1471 = EDGE_CURVE ( 'NONE', #4188, #1118, #2311, .T. ) ;
#1472 = ORIENTED_EDGE ( 'NONE', *, *, #3772, .F. ) ;
#1473 = AXIS2_PLACEMENT_3D ( 'NONE', #2234, #1148, #3680 ) ;
#1474 = LINE ( 'NONE', #3520, #597 ) ;
#1475 = AXIS2_PLACEMENT_3D ( 'NONE', #1388, #1353, #3167 ) ;
#1476 = EDGE_LOOP ( 'NONE', ( #2693, #4075, #1527, #1761 ) ) ;
#1477 = EDGE_CURVE ( 'NONE', #3924, #3553, #472, .T. ) ;
#1478 = CARTESIAN_POINT ( 'NONE',  ( 0.2249999999999999500, 0.0000000000000000000, -0.1145751311064591400 ) ) ;
#1479 = DIRECTION ( 'NONE',  ( -1.000000000000000000, -0.0000000000000000000, -0.0000000000000000000 ) ) ;
#1480 = VECTOR ( 'NONE', #596, 1000.000000000000000 ) ;
#1481 = ORIENTED_EDGE ( 'NONE', *, *, #4684, .T. ) ;
#1482 = LINE ( 'NONE', #3738, #829 ) ;
#1483 = ORIENTED_EDGE ( 'NONE', *, *, #3500, .F. ) ;
#1484 = CARTESIAN_POINT ( 'NONE',  ( -0.07500000000000003900, -0.0000000000000000000, -0.1145751311064591400 ) ) ;
#1485 = ADVANCED_FACE ( 'NONE', ( #3159 ), #2258, .T. ) ;
#1486 = ADVANCED_FACE ( 'NONE', ( #352 ), #466, .F. ) ;
#1487 = ORIENTED_EDGE ( 'NONE', *, *, #2794, .T. ) ;
#1488 = ORIENTED_EDGE ( 'NONE', *, *, #1289, .F. ) ;
#1489 = PLANE ( 'NONE',  #972 ) ;
#1490 = ORIENTED_EDGE ( 'NONE', *, *, #3367, .F. ) ;
#1491 = ORIENTED_EDGE ( 'NONE', *, *, #2869, .F. ) ;
#1492 = PLANE ( 'NONE',  #2296 ) ;
#1493 = VECTOR ( 'NONE', #2247, 1000.000000000000000 ) ;
#1494 = STYLED_ITEM ( 'NONE', ( #3539 ), #3830 ) ;
#1495 = ORIENTED_EDGE ( 'NONE', *, *, #1954, .F. ) ;
#1496 = DIRECTION ( 'NONE',  ( -1.000000000000000000, 0.0000000000000000000, 0.0000000000000000000 ) ) ;
#1497 = CARTESIAN_POINT ( 'NONE',  ( -0.5250000000000000200, 0.02000000000000000000, -0.4145751311064591600 ) ) ;
#1498 = VECTOR ( 'NONE', #2425, 1000.000000000000000 ) ;
#1499 = EDGE_CURVE ( 'NONE', #2260, #201, #2196, .T. ) ;
#1500 = ORIENTED_EDGE ( 'NONE', *, *, #805, .T. ) ;
#1501 = DIRECTION ( 'NONE',  ( 0.0000000000000000000, 0.0000000000000000000, 1.000000000000000000 ) ) ;
#1502 = DIRECTION ( 'NONE',  ( 0.0000000000000000000, -1.000000000000000000, 0.0000000000000000000 ) ) ;
#1503 = FACE_OUTER_BOUND ( 'NONE', #4434, .T. ) ;
#1504 = PRESENTATION_STYLE_ASSIGNMENT (( #3186 ) ) ;
#1505 = LINE ( 'NONE', #2404, #1612 ) ;
#1506 = FILL_AREA_STYLE_COLOUR ( '', #3773 ) ;
#1507 = DIRECTION ( 'NONE',  ( -0.0000000000000000000, -1.000000000000000000, -0.0000000000000000000 ) ) ;
#1508 = DIRECTION ( 'NONE',  ( -1.000000000000000000, 0.0000000000000000000, -0.0000000000000000000 ) ) ;
#1509 = DIRECTION ( 'NONE',  ( 1.000000000000000000, 0.0000000000000000000, -0.0000000000000000000 ) ) ;
#1510 = VECTOR ( 'NONE', #4099, 1000.000000000000000 ) ;
#1511 = DIRECTION ( 'NONE',  ( -0.0000000000000000000, 1.000000000000000000, -0.0000000000000000000 ) ) ;
#1512 = ORIENTED_EDGE ( 'NONE', *, *, #2179, .T. ) ;
#1513 = PLANE ( 'NONE',  #98 ) ;
#1514 = EDGE_CURVE ( 'NONE', #4215, #73, #239, .T. ) ;
#1515 = ORIENTED_EDGE ( 'NONE', *, *, #1822, .F. ) ;
#1516 = LINE ( 'NONE', #4239, #1409 ) ;
#1517 = EDGE_LOOP ( 'NONE', ( #1273, #958, #1371, #2461 ) ) ;
#1518 = SURFACE_SIDE_STYLE ('',( #2203 ) ) ;
#1519 = ADVANCED_FACE ( 'NONE', ( #4008 ), #2310, .F. ) ;
#1520 = CARTESIAN_POINT ( 'NONE',  ( -0.6000000000000000900, 0.0000000000000000000, -0.5000000000000002200 ) ) ;
#1521 = ORIENTED_EDGE ( 'NONE', *, *, #4127, .T. ) ;
#1522 = DIRECTION ( 'NONE',  ( 0.0000000000000000000, -1.000000000000000000, 0.0000000000000000000 ) ) ;
#1523 = EDGE_CURVE ( 'NONE', #1173, #276, #1101, .T. ) ;
#1524 = CARTESIAN_POINT ( 'NONE',  ( -0.2250000000000000100, -0.03999999999999999400, -0.4145751311064591600 ) ) ;
#1525 = STYLED_ITEM ( 'NONE', ( #2709 ), #1285 ) ;
#1526 = LINE ( 'NONE', #2076, #546 ) ;
#1527 = ORIENTED_EDGE ( 'NONE', *, *, #3836, .F. ) ;
#1528 = ORIENTED_EDGE ( 'NONE', *, *, #282, .F. ) ;
#1529 = DIRECTION ( 'NONE',  ( 1.000000000000000000, 0.0000000000000000000, 0.0000000000000000000 ) ) ;
#1530 = CARTESIAN_POINT ( 'NONE',  ( -0.5250000000000000200, -0.03999999999999999400, -0.4145751311064591600 ) ) ;
#1531 = EDGE_CURVE ( 'NONE', #344, #606, #1337, .T. ) ;
#1532 = CARTESIAN_POINT ( 'NONE',  ( -0.5250000000000000200, 0.0000000000000000000, 0.4145751311064590500 ) ) ;
#1533 = ORIENTED_EDGE ( 'NONE', *, *, #834, .T. ) ;
#1534 =( NAMED_UNIT ( * ) PLANE_ANGLE_UNIT ( ) SI_UNIT ( $, .RADIAN. ) );
#1535 = CARTESIAN_POINT ( 'NONE',  ( -0.2250000000000000100, -0.0000000000000000000, -0.1145751311064591400 ) ) ;
#1536 = DIRECTION ( 'NONE',  ( -1.000000000000000000, 0.0000000000000000000, 0.0000000000000000000 ) ) ;
#1537 = ORIENTED_EDGE ( 'NONE', *, *, #3254, .T. ) ;
#1538 = PRESENTATION_LAYER_ASSIGNMENT (  '', '', ( #1050 ) ) ;
#1539 = CARTESIAN_POINT ( 'NONE',  ( -0.3749999999999993300, 0.0000000000000000000, 0.1145751311064591400 ) ) ;
#1540 = ORIENTED_EDGE ( 'NONE', *, *, #1275, .T. ) ;
#1541 = DIRECTION ( 'NONE',  ( -0.0000000000000000000, 1.000000000000000000, -0.0000000000000000000 ) ) ;
#1542 = ORIENTED_EDGE ( 'NONE', *, *, #3548, .F. ) ;
#1543 = CARTESIAN_POINT ( 'NONE',  ( 0.5250000000000000200, -0.03999999999999999400, -0.4145751311064591600 ) ) ;
#1544 = CARTESIAN_POINT ( 'NONE',  ( -0.2250000000000000100, 0.0000000000000000000, -0.4145751311064591600 ) ) ;
#1545 = ORIENTED_EDGE ( 'NONE', *, *, #3134, .F. ) ;
#1546 = ORIENTED_EDGE ( 'NONE', *, *, #3004, .T. ) ;
#1547 = EDGE_CURVE ( 'NONE', #4348, #3105, #3905, .T. ) ;
#1548 = EDGE_CURVE ( 'NONE', #1192, #3201, #1971, .T. ) ;
#1549 = DIRECTION ( 'NONE',  ( 1.000000000000000000, 0.0000000000000000000, 0.0000000000000000000 ) ) ;
#1550 =( NAMED_UNIT ( * ) SI_UNIT ( $, .STERADIAN. ) SOLID_ANGLE_UNIT ( ) );
#1551 = PRESENTATION_LAYER_ASSIGNMENT (  '', '', ( #1063 ) ) ;
#1552 = LINE ( 'NONE', #1214, #572 ) ;
#1553 = VECTOR ( 'NONE', #1719, 1000.000000000000000 ) ;
#1554 = LINE ( 'NONE', #4228, #4245 ) ;
#1555 = CARTESIAN_POINT ( 'NONE',  ( -0.6000000000000000900, 0.3100000000000000000, -0.5000000000000002200 ) ) ;
#1556 = DIRECTION ( 'NONE',  ( -1.000000000000000000, -0.0000000000000000000, -0.0000000000000000000 ) ) ;
#1557 = LINE ( 'NONE', #904, #4457 ) ;
#1558 = FACE_OUTER_BOUND ( 'NONE', #830, .T. ) ;
#1559 = ORIENTED_EDGE ( 'NONE', *, *, #2086, .T. ) ;
#1560 = LINE ( 'NONE', #2640, #3383 ) ;
#1561 = CARTESIAN_POINT ( 'NONE',  ( -0.5250000000000000200, 0.07500000000000001100, -0.5000000000000002200 ) ) ;
#1562 = DIRECTION ( 'NONE',  ( -0.0000000000000000000, 1.000000000000000000, -0.0000000000000000000 ) ) ;
#1563 = VECTOR ( 'NONE', #384, 1000.000000000000000 ) ;
#1564 = EDGE_LOOP ( 'NONE', ( #1083, #3354, #1398, #264 ) ) ;
#1565 = AXIS2_PLACEMENT_3D ( 'NONE', #3140, #3261, #3935 ) ;
#1566 = ADVANCED_FACE ( 'NONE', ( #118 ), #4070, .F. ) ;
#1567 = CARTESIAN_POINT ( 'NONE',  ( 0.5999999999999998700, 0.1250000000000000000, 0.1145751311064590700 ) ) ;
#1568 = ORIENTED_EDGE ( 'NONE', *, *, #2147, .F. ) ;
#1569 = LINE ( 'NONE', #1738, #4463 ) ;
#1570 = VECTOR ( 'NONE', #194, 1000.000000000000000 ) ;
#1571 = DIRECTION ( 'NONE',  ( 1.000000000000000000, 0.0000000000000000000, 0.0000000000000000000 ) ) ;
#1572 = ORIENTED_EDGE ( 'NONE', *, *, #3819, .F. ) ;
#1573 = CARTESIAN_POINT ( 'NONE',  ( 0.5250000000000000200, 0.02000000000000000000, -0.4145751311064591600 ) ) ;
#1574 = DIRECTION ( 'NONE',  ( -0.0000000000000000000, 1.000000000000000000, 0.0000000000000000000 ) ) ;
#1575 = VECTOR ( 'NONE', #320, 1000.000000000000000 ) ;
#1576 = ORIENTED_EDGE ( 'NONE', *, *, #1666, .T. ) ;
#1577 = EDGE_CURVE ( 'NONE', #276, #1995, #4724, .T. ) ;
#1578 = AXIS2_PLACEMENT_3D ( 'NONE', #605, #2839, #635 ) ;
#1579 = FACE_OUTER_BOUND ( 'NONE', #1065, .T. ) ;
#1580 = DIRECTION ( 'NONE',  ( 0.0000000000000000000, 1.000000000000000000, 0.0000000000000000000 ) ) ;
#1581 = VERTEX_POINT ( 'NONE', #4056 ) ;
#1582 = CARTESIAN_POINT ( 'NONE',  ( -0.5250000000000000200, 0.07500000000000001100, -0.4980000000000001600 ) ) ;
#1583 = CARTESIAN_POINT ( 'NONE',  ( 0.2250000000000000600, 0.07500000000000001100, -0.5000000000000002200 ) ) ;
#1584 = AXIS2_PLACEMENT_3D ( 'NONE', #907, #856, #843 ) ;
#1585 = EDGE_CURVE ( 'NONE', #2408, #523, #3649, .T. ) ;
#1586 = ORIENTED_EDGE ( 'NONE', *, *, #1618, .F. ) ;
#1587 = CARTESIAN_POINT ( 'NONE',  ( 0.5250000000000000200, 0.0000000000000000000, 0.4145751311064590500 ) ) ;
#1588 = CARTESIAN_POINT ( 'NONE',  ( 0.5250000000000000200, 0.02000000000000000000, -0.1145751311064591400 ) ) ;
#1589 = DIRECTION ( 'NONE',  ( -1.000000000000000000, 0.0000000000000000000, 0.0000000000000000000 ) ) ;
#1590 = AXIS2_PLACEMENT_3D ( 'NONE', #1986, #2762, #208 ) ;
#1591 = VERTEX_POINT ( 'NONE', #20 ) ;
#1592 = CARTESIAN_POINT ( 'NONE',  ( 0.5250000000000000200, 0.1250000000000000000, -0.5000000000000002200 ) ) ;
#1593 = ORIENTED_EDGE ( 'NONE', *, *, #541, .T. ) ;
#1594 = CARTESIAN_POINT ( 'NONE',  ( 0.5979999999999997500, 0.1250000000000000000, 0.1145751311064590700 ) ) ;
#1595 = VERTEX_POINT ( 'NONE', #4022 ) ;
#1596 = DIRECTION ( 'NONE',  ( 0.0000000000000000000, 0.0000000000000000000, 1.000000000000000000 ) ) ;
#1597 = LINE ( 'NONE', #40, #4391 ) ;
#1598 = CARTESIAN_POINT ( 'NONE',  ( 0.07499999999999998300, 0.0000000000000000000, -0.1145751311064591400 ) ) ;
#1599 = EDGE_CURVE ( 'NONE', #3253, #4215, #1841, .T. ) ;
#1600 = ORIENTED_EDGE ( 'NONE', *, *, #1339, .F. ) ;
#1601 = CARTESIAN_POINT ( 'NONE',  ( 0.07499999999999998300, 0.07500000000000001100, 0.4999999999999997800 ) ) ;
#1602 = DIRECTION ( 'NONE',  ( 0.0000000000000000000, -1.000000000000000000, 0.0000000000000000000 ) ) ;
#1603 = VECTOR ( 'NONE', #3126, 1000.000000000000000 ) ;
#1604 = FACE_BOUND ( 'NONE', #453, .T. ) ;
#1605 = ORIENTED_EDGE ( 'NONE', *, *, #3308, .T. ) ;
#1606 = EDGE_CURVE ( 'NONE', #199, #3949, #4623, .T. ) ;
#1607 = COLOUR_RGB ( '',0.7529411764705882200, 0.7529411764705882200, 0.0000000000000000000 ) ;
#1608 = EDGE_LOOP ( 'NONE', ( #1794, #2729, #396, #839 ) ) ;
#1609 = CARTESIAN_POINT ( 'NONE',  ( -0.5250000000000000200, -0.03999999999999999400, 0.1895751311064590200 ) ) ;
#1610 = AXIS2_PLACEMENT_3D ( 'NONE', #393, #752, #3312 ) ;
#1611 = VECTOR ( 'NONE', #978, 1000.000000000000000 ) ;
#1612 = VECTOR ( 'NONE', #157, 1000.000000000000000 ) ;
#1613 =( NAMED_UNIT ( * ) PLANE_ANGLE_UNIT ( ) SI_UNIT ( $, .RADIAN. ) );
#1614 = EDGE_LOOP ( 'NONE', ( #2368, #137, #3807, #3338 ) ) ;
#1615 = EDGE_LOOP ( 'NONE', ( #4652, #4264, #536, #999 ) ) ;
#1616 = DIRECTION ( 'NONE',  ( -1.000000000000000000, -0.0000000000000000000, -0.0000000000000000000 ) ) ;
#1617 = CARTESIAN_POINT ( 'NONE',  ( 0.3750000000000000000, 0.07500000000000001100, -0.4980000000000001600 ) ) ;
#1618 = EDGE_CURVE ( 'NONE', #3556, #1699, #4515, .T. ) ;
#1619 = DIRECTION ( 'NONE',  ( -0.0000000000000000000, 0.0000000000000000000, 1.000000000000000000 ) ) ;
#1620 = EDGE_LOOP ( 'NONE', ( #1428, #642, #365, #1022 ) ) ;
#1621 = EDGE_LOOP ( 'NONE', ( #952, #269, #4641, #2341 ) ) ;
#1622 = CARTESIAN_POINT ( 'NONE',  ( -0.4500000000000000100, 0.02000000000000000000, 0.1145751311064590700 ) ) ;
#1623 = DIRECTION ( 'NONE',  ( -0.0000000000000000000, 1.000000000000000000, -0.0000000000000000000 ) ) ;
#1624 = VECTOR ( 'NONE', #4495, 1000.000000000000000 ) ;
#1625 = ORIENTED_EDGE ( 'NONE', *, *, #1639, .T. ) ;
#1626 =( LENGTH_UNIT ( ) NAMED_UNIT ( * ) SI_UNIT ( .MILLI., .METRE. ) );
#1627 = DIRECTION ( 'NONE',  ( 1.000000000000000000, 0.0000000000000000000, 0.0000000000000000000 ) ) ;
#1628 = AXIS2_PLACEMENT_3D ( 'NONE', #3086, #3115, #3165 ) ;
#1629 = ORIENTED_EDGE ( 'NONE', *, *, #3280, .T. ) ;
#1630 = LINE ( 'NONE', #3713, #4416 ) ;
#1631 = COLOUR_RGB ( '',1.000000000000000000, 1.000000000000000000, 1.000000000000000000 ) ;
#1632 = ORIENTED_EDGE ( 'NONE', *, *, #4701, .T. ) ;
#1633 = ORIENTED_EDGE ( 'NONE', *, *, #93, .F. ) ;
#1634 = CARTESIAN_POINT ( 'NONE',  ( 0.5999999999999998700, 0.07500000000000001100, -0.1145751311064590900 ) ) ;
#1635 = PLANE ( 'NONE',  #151 ) ;
#1636 = ORIENTED_EDGE ( 'NONE', *, *, #2499, .T. ) ;
#1637 = SURFACE_SIDE_STYLE ('',( #3169 ) ) ;
#1638 = CARTESIAN_POINT ( 'NONE',  ( -0.5999000000000001000, 0.1250000000000000000, -0.4145751311064591600 ) ) ;
#1639 = EDGE_CURVE ( 'NONE', #3491, #3079, #858, .T. ) ;
#1640 = VECTOR ( 'NONE', #2168, 1000.000000000000000 ) ;
#1641 = CARTESIAN_POINT ( 'NONE',  ( -0.3749999999999998900, 0.1250000000000000000, -0.4980000000000001600 ) ) ;
#1642 = ORIENTED_EDGE ( 'NONE', *, *, #3223, .F. ) ;
#1643 = EDGE_LOOP ( 'NONE', ( #2915, #3934, #4149, #3781 ) ) ;
#1644 = ADVANCED_FACE ( 'NONE', ( #3546 ), #2243, .F. ) ;
#1645 = DIRECTION ( 'NONE',  ( 1.000000000000000000, 0.0000000000000000000, 0.0000000000000000000 ) ) ;
#1646 = CARTESIAN_POINT ( 'NONE',  ( -0.5250000000000000200, 0.02000000000000000000, -0.4145751311064591600 ) ) ;
#1647 = AXIS2_PLACEMENT_3D ( 'NONE', #3048, #3408, #1235 ) ;
#1648 = UNCERTAINTY_MEASURE_WITH_UNIT (LENGTH_MEASURE( 1.000000000000000100E-005 ), #511, 'distance_accuracy_value', 'NONE');
#1649 = CARTESIAN_POINT ( 'NONE',  ( 0.3750000000000000000, 0.07500000000000001100, 0.4999999999999997800 ) ) ;
#1650 = MECHANICAL_DESIGN_GEOMETRIC_PRESENTATION_REPRESENTATION (  '', ( #898 ), #1897 ) ;
#1651 = ORIENTED_EDGE ( 'NONE', *, *, #4164, .T. ) ;
#1652 = CARTESIAN_POINT ( 'NONE',  ( -0.5250000000000000200, 0.07500000000000001100, -0.5000000000000002200 ) ) ;
#1653 = ORIENTED_EDGE ( 'NONE', *, *, #2587, .F. ) ;
#1654 = DIRECTION ( 'NONE',  ( -0.0000000000000000000, 0.0000000000000000000, 1.000000000000000000 ) ) ;
#1655 = SURFACE_STYLE_USAGE ( .BOTH. , #3829 ) ;
#1656 = CARTESIAN_POINT ( 'NONE',  ( 0.3750000000000000000, 0.0000000000000000000, 0.1145751311064590100 ) ) ;
#1657 = VERTEX_POINT ( 'NONE', #4211 ) ;
#1658 = FILL_AREA_STYLE_COLOUR ( '', #163 ) ;
#1659 = DIRECTION ( 'NONE',  ( -0.0000000000000000000, 0.0000000000000000000, 1.000000000000000000 ) ) ;
#1660 = DIRECTION ( 'NONE',  ( 0.7071067811865477900, -0.0000000000000000000, -0.7071067811865473500 ) ) ;
#1661 = ORIENTED_EDGE ( 'NONE', *, *, #1822, .T. ) ;
#1662 = DIRECTION ( 'NONE',  ( -1.000000000000000000, 0.0000000000000000000, 0.0000000000000000000 ) ) ;
#1663 = EDGE_LOOP ( 'NONE', ( #3547, #2721, #4647, #2218, #3665 ) ) ;
#1664 = ADVANCED_FACE ( 'NONE', ( #2485 ), #3855, .F. ) ;
#1665 = CIRCLE ( 'NONE', #656, 0.07471865278679135100 ) ;
#1666 = EDGE_CURVE ( 'NONE', #1338, #2002, #1505, .T. ) ;
#1667 = LINE ( 'NONE', #2369, #4451 ) ;
#1668 = PLANE ( 'NONE',  #2129 ) ;
#1669 = PLANE ( 'NONE',  #1162 ) ;
#1670 =( NAMED_UNIT ( * ) PLANE_ANGLE_UNIT ( ) SI_UNIT ( $, .RADIAN. ) );
#1671 = VECTOR ( 'NONE', #1310, 1000.000000000000000 ) ;
#1672 = MECHANICAL_DESIGN_GEOMETRIC_PRESENTATION_REPRESENTATION (  '', ( #934 ), #1931 ) ;
#1673 = PLANE ( 'NONE',  #722 ) ;
#1674 = EDGE_CURVE ( 'NONE', #701, #4540, #4400, .T. ) ;
#1675 = LINE ( 'NONE', #3087, #3487 ) ;
#1676 = LINE ( 'NONE', #1652, #3379 ) ;
#1677 = EDGE_LOOP ( 'NONE', ( #4021, #2522, #4132, #4173 ) ) ;
#1678 = ORIENTED_EDGE ( 'NONE', *, *, #32, .F. ) ;
#1679 = CARTESIAN_POINT ( 'NONE',  ( 0.3750000000000000000, 0.02000000000000000000, -0.4145751311064591600 ) ) ;
#1680 = DIRECTION ( 'NONE',  ( 0.7071067811865477900, -0.0000000000000000000, -0.7071067811865473500 ) ) ;
#1681 = FACE_OUTER_BOUND ( 'NONE', #2232, .T. ) ;
#1682 = DIRECTION ( 'NONE',  ( 1.000000000000000000, 0.0000000000000000000, 0.0000000000000000000 ) ) ;
#1683 = CARTESIAN_POINT ( 'NONE',  ( -0.2250000000000000100, 0.07500000000000001100, 0.4998999999999998400 ) ) ;
#1684 = EDGE_LOOP ( 'NONE', ( #3584, #3550, #449, #2266 ) ) ;
#1685 = EDGE_CURVE ( 'NONE', #4707, #4102, #3432, .T. ) ;
#1686 = VECTOR ( 'NONE', #1410, 1000.000000000000000 ) ;
#1687 = FACE_BOUND ( 'NONE', #3740, .T. ) ;
#1688 = DIRECTION ( 'NONE',  ( -0.0000000000000000000, 1.000000000000000000, -0.0000000000000000000 ) ) ;
#1689 = CLOSED_SHELL ( 'NONE', ( #3287, #1940, #3589, #819, #2513, #2936, #902, #2389, #4541, #1414, #1939, #2554, #4338, #2767, #696, #3093, #3332, #676, #2514, #4319, #1787, #389, #697, #3983, #2599, #4053, #202, #3708, #2900, #2532, #147, #4032, #3030, #4365, #3615, #390, #4337, #343, #364, #1886, #412, #4571, #342, #769, #1813, #3077, #2937, #1485, #17, #92, #2295, #16, #1113, #1829, #736, #4657, #2202, #3653, #1814, #508, #4403, #2600, #1285, #2871, #796, #2271, #1785, #3288, #3307, #2899, #4471, #1992, #1070, #2573, #910, #4522, #3739, #3614, #3654, #2981, #1912, #2163, #738, #1041, #1274, #44, #3588, #413, #168, #296, #188, #555, #4681, #3956, #91, #3955, #2030, #4082, #4002, #464, #3374, #1519, #717, #3841, #4081, #2958, #1312, #1830, #1071, #2957 ) ) ;
#1690 = DIRECTION ( 'NONE',  ( -1.000000000000000000, 0.0000000000000000000, 0.0000000000000000000 ) ) ;
#1691 = CARTESIAN_POINT ( 'NONE',  ( -0.07500000000000003900, 0.02000000000000000000, -0.4145751311064591600 ) ) ;
#1692 = DIRECTION ( 'NONE',  ( -0.0000000000000000000, -0.0000000000000000000, 1.000000000000000000 ) ) ;
#1693 = DIRECTION ( 'NONE',  ( -0.0000000000000000000, 1.000000000000000000, -0.0000000000000000000 ) ) ;
#1694 = VECTOR ( 'NONE', #4550, 1000.000000000000000 ) ;
#1695 = CARTESIAN_POINT ( 'NONE',  ( -0.5250000000000000200, 0.02000000000000000000, -0.4145751311064591600 ) ) ;
#1696 = ORIENTED_EDGE ( 'NONE', *, *, #1954, .T. ) ;
#1697 = CARTESIAN_POINT ( 'NONE',  ( 0.07499999999999998300, 0.07500000000000001100, -0.5000000000000002200 ) ) ;
#1698 = LINE ( 'NONE', #1292, #3621 ) ;
#1699 = VERTEX_POINT ( 'NONE', #1656 ) ;
#1700 = ORIENTED_EDGE ( 'NONE', *, *, #2269, .T. ) ;
#1701 = DIRECTION ( 'NONE',  ( -1.000000000000000000, -0.0000000000000000000, -0.0000000000000000000 ) ) ;
#1702 = DIRECTION ( 'NONE',  ( 1.000000000000000000, 0.0000000000000000000, 0.0000000000000000000 ) ) ;
#1703 = EDGE_LOOP ( 'NONE', ( #3052, #4709, #2562, #2976 ) ) ;
#1704 = CARTESIAN_POINT ( 'NONE',  ( 0.5979999999999997500, 0.07500000000000001100, -0.4145751311064591600 ) ) ;
#1705 = EDGE_CURVE ( 'NONE', #1421, #1164, #404, .T. ) ;
#1706 = DIRECTION ( 'NONE',  ( -0.0000000000000000000, 1.000000000000000000, -0.0000000000000000000 ) ) ;
#1707 = VERTEX_POINT ( 'NONE', #906 ) ;
#1708 = PLANE ( 'NONE',  #1238 ) ;
#1709 = CARTESIAN_POINT ( 'NONE',  ( -0.5250000000000000200, -0.03999999999999999400, 0.1895751311064590200 ) ) ;
#1710 = CARTESIAN_POINT ( 'NONE',  ( 0.5250000000000005800, 0.02000000000000000000, 0.1145751311064591400 ) ) ;
#1711 = EDGE_CURVE ( 'NONE', #660, #3206, #519, .T. ) ;
#1712 = ORIENTED_EDGE ( 'NONE', *, *, #3377, .F. ) ;
#1713 = VERTEX_POINT ( 'NONE', #925 ) ;
#1714 = CARTESIAN_POINT ( 'NONE',  ( 0.2250000000000000600, 0.02000000000000000000, 0.4145751311064590500 ) ) ;
#1715 = PLANE ( 'NONE',  #4247 ) ;
#1716 = ORIENTED_EDGE ( 'NONE', *, *, #1122, .T. ) ;
#1717 = LINE ( 'NONE', #3663, #3532 ) ;
#1718 = ORIENTED_EDGE ( 'NONE', *, *, #1924, .T. ) ;
#1719 = DIRECTION ( 'NONE',  ( -0.0000000000000000000, -0.0000000000000000000, 1.000000000000000000 ) ) ;
#1720 = SURFACE_SIDE_STYLE ('',( #1296 ) ) ;
#1721 = DIRECTION ( 'NONE',  ( 1.000000000000000000, 0.0000000000000000000, -0.0000000000000000000 ) ) ;
#1722 = CARTESIAN_POINT ( 'NONE',  ( -0.07500000000000003900, -0.03999999999999999400, -0.1145751311064591400 ) ) ;
#1723 = LINE ( 'NONE', #1298, #4504 ) ;
#1724 = LINE ( 'NONE', #2612, #3537 ) ;
#1725 = FACE_OUTER_BOUND ( 'NONE', #4073, .T. ) ;
#1726 = VECTOR ( 'NONE', #3923, 1000.000000000000000 ) ;
#1727 = ORIENTED_EDGE ( 'NONE', *, *, #4218, .T. ) ;
#1728 = CARTESIAN_POINT ( 'NONE',  ( 0.0000000000000000000, 0.0000000000000000000, 0.4998999999999998400 ) ) ;
#1729 = PLANE ( 'NONE',  #975 ) ;
#1730 = VECTOR ( 'NONE', #3507, 1000.000000000000000 ) ;
#1731 = VECTOR ( 'NONE', #2994, 1000.000000000000000 ) ;
#1732 = VERTEX_POINT ( 'NONE', #2365 ) ;
#1733 = ORIENTED_EDGE ( 'NONE', *, *, #4019, .T. ) ;
#1734 = AXIS2_PLACEMENT_3D ( 'NONE', #1135, #4049, #1875 ) ;
#1735 = CARTESIAN_POINT ( 'NONE',  ( 0.07499999999999998300, -0.03999999999999999400, 0.4145751311064590500 ) ) ;
#1736 = PRESENTATION_STYLE_ASSIGNMENT (( #3744 ) ) ;
#1737 = DIRECTION ( 'NONE',  ( 1.000000000000000000, 0.0000000000000000000, 0.0000000000000000000 ) ) ;
#1738 = CARTESIAN_POINT ( 'NONE',  ( 0.07499999999999998300, -0.03999999999999999400, 0.1145751311064590100 ) ) ;
#1739 = DIRECTION ( 'NONE',  ( 0.0000000000000000000, 0.0000000000000000000, -1.000000000000000000 ) ) ;
#1740 = CARTESIAN_POINT ( 'NONE',  ( -0.5250000000000000200, 0.0000000000000000000, 0.4145751311064590500 ) ) ;
#1741 = EDGE_CURVE ( 'NONE', #1657, #2246, #3319, .T. ) ;
#1742 = COLOUR_RGB ( '',0.7529411764705882200, 0.7529411764705882200, 0.0000000000000000000 ) ;
#1743 = LINE ( 'NONE', #3028, #4523 ) ;
#1744 = ORIENTED_EDGE ( 'NONE', *, *, #3701, .T. ) ;
#1745 = ORIENTED_EDGE ( 'NONE', *, *, #3642, .F. ) ;
#1746 = EDGE_LOOP ( 'NONE', ( #315, #4200, #2224, #3571, #1143 ) ) ;
#1747 = VECTOR ( 'NONE', #3695, 1000.000000000000000 ) ;
#1748 = CARTESIAN_POINT ( 'NONE',  ( -0.4500000000000000100, -0.03999999999999999400, 0.1145751311064590700 ) ) ;
#1749 = VECTOR ( 'NONE', #1418, 1000.000000000000000 ) ;
#1750 = ORIENTED_EDGE ( 'NONE', *, *, #4249, .T. ) ;
#1751 = COLOUR_RGB ( '',0.7529411764705882200, 0.7529411764705882200, 0.0000000000000000000 ) ;
#1752 = COLOUR_RGB ( '',1.000000000000000000, 1.000000000000000000, 1.000000000000000000 ) ;
#1753 = EDGE_LOOP ( 'NONE', ( #3187, #1758, #2329, #1125 ) ) ;
#1754 = CARTESIAN_POINT ( 'NONE',  ( 0.5999999999999998700, 0.1250000000000000000, 0.4145751311064590500 ) ) ;
#1755 = CARTESIAN_POINT ( 'NONE',  ( 0.5250000000000000200, 0.1250000000000000000, 0.4999999999999997800 ) ) ;
#1756 = DIRECTION ( 'NONE',  ( -0.0000000000000000000, -0.0000000000000000000, -1.000000000000000000 ) ) ;
#1757 = SURFACE_SIDE_STYLE ('',( #2748 ) ) ;
#1758 = ORIENTED_EDGE ( 'NONE', *, *, #1402, .F. ) ;
#1759 = ORIENTED_EDGE ( 'NONE', *, *, #4446, .F. ) ;
#1760 = EDGE_CURVE ( 'NONE', #2002, #4105, #1394, .T. ) ;
#1761 = ORIENTED_EDGE ( 'NONE', *, *, #3255, .F. ) ;
#1762 = ADVANCED_FACE ( 'NONE', ( #3210 ), #1872, .T. ) ;
#1763 = ORIENTED_EDGE ( 'NONE', *, *, #3521, .F. ) ;
#1764 = EDGE_CURVE ( 'NONE', #1595, #1985, #2149, .T. ) ;
#1765 = CARTESIAN_POINT ( 'NONE',  ( -0.2250000000000000100, 0.1250000000000000000, -0.5000000000000002200 ) ) ;
#1766 =( NAMED_UNIT ( * ) PLANE_ANGLE_UNIT ( ) SI_UNIT ( $, .RADIAN. ) );
#1767 = CARTESIAN_POINT ( 'NONE',  ( -0.4500000000000000100, 0.02000000000000000000, 0.1145751311064590700 ) ) ;
#1768 = ORIENTED_EDGE ( 'NONE', *, *, #3632, .F. ) ;
#1769 = DIRECTION ( 'NONE',  ( 0.0000000000000000000, 1.000000000000000000, 0.0000000000000000000 ) ) ;
#1770 = AXIS2_PLACEMENT_3D ( 'NONE', #4121, #4475, #2312 ) ;
#1771 = ORIENTED_EDGE ( 'NONE', *, *, #1023, .F. ) ;
#1772 = LINE ( 'NONE', #576, #4231 ) ;
#1773 = EDGE_CURVE ( 'NONE', #4707, #2724, #4065, .T. ) ;
#1774 = ORIENTED_EDGE ( 'NONE', *, *, #3644, .F. ) ;
#1775 =( NAMED_UNIT ( * ) PLANE_ANGLE_UNIT ( ) SI_UNIT ( $, .RADIAN. ) );
#1776 = CARTESIAN_POINT ( 'NONE',  ( 0.5999999999999998700, 0.07500000000000001100, 0.1145751311064590700 ) ) ;
#1777 = FACE_OUTER_BOUND ( 'NONE', #1746, .T. ) ;
#1778 = DIRECTION ( 'NONE',  ( 1.000000000000000000, 0.0000000000000000000, 9.035018104045833500E-016 ) ) ;
#1779 = LINE ( 'NONE', #132, #2642 ) ;
#1780 = FACE_OUTER_BOUND ( 'NONE', #1818, .T. ) ;
#1781 = CARTESIAN_POINT ( 'NONE',  ( 0.2250000000000000600, 0.07500000000000001100, -0.5000000000000002200 ) ) ;
#1782 = SURFACE_STYLE_USAGE ( .BOTH. , #1720 ) ;
#1783 = MECHANICAL_DESIGN_GEOMETRIC_PRESENTATION_REPRESENTATION (  '', ( #1050 ), #2047 ) ;
#1784 = CARTESIAN_POINT ( 'NONE',  ( -0.3749999999999998900, -0.03999999999999999400, 0.4145751311064590500 ) ) ;
#1785 = ADVANCED_FACE ( 'NONE', ( #1168 ), #4404, .F. ) ;
#1786 = VECTOR ( 'NONE', #2867, 1000.000000000000000 ) ;
#1787 = ADVANCED_FACE ( 'NONE', ( #2985 ), #1869, .F. ) ;
#1788 = FACE_OUTER_BOUND ( 'NONE', #1064, .T. ) ;
#1789 = UNCERTAINTY_MEASURE_WITH_UNIT (LENGTH_MEASURE( 1.000000000000000100E-005 ), #3862, 'distance_accuracy_value', 'NONE');
#1790 = FACE_OUTER_BOUND ( 'NONE', #1614, .T. ) ;
#1791 = LINE ( 'NONE', #4095, #3720 ) ;
#1792 = EDGE_CURVE ( 'NONE', #3583, #3990, #54, .T. ) ;
#1793 = VERTEX_POINT ( 'NONE', #3480 ) ;
#1794 = ORIENTED_EDGE ( 'NONE', *, *, #4614, .T. ) ;
#1795 = CARTESIAN_POINT ( 'NONE',  ( -0.5999000000000001000, 0.1250000000000001900, -0.1145751311064591600 ) ) ;
#1796 = DIRECTION ( 'NONE',  ( 0.0000000000000000000, 0.0000000000000000000, 1.000000000000000000 ) ) ;
#1797 = EDGE_CURVE ( 'NONE', #1118, #2940, #1043, .T. ) ;
#1798 = LINE ( 'NONE', #3776, #2889 ) ;
#1799 = ORIENTED_EDGE ( 'NONE', *, *, #159, .F. ) ;
#1800 = MECHANICAL_DESIGN_GEOMETRIC_PRESENTATION_REPRESENTATION (  '', ( #1063 ), #2064 ) ;
#1801 = CARTESIAN_POINT ( 'NONE',  ( -0.2250000000000000100, 0.02000000000000000000, 0.4145751311064590500 ) ) ;
#1802 = AXIS2_PLACEMENT_3D ( 'NONE', #3635, #1015, #979 ) ;
#1803 = PLANE ( 'NONE',  #1077 ) ;
#1804 = EDGE_LOOP ( 'NONE', ( #1455, #8, #4221, #4703 ) ) ;
#1805 = VECTOR ( 'NONE', #294, 1000.000000000000000 ) ;
#1806 = LINE ( 'NONE', #1748, #2662 ) ;
#1807 = ORIENTED_EDGE ( 'NONE', *, *, #4263, .F. ) ;
#1808 = CARTESIAN_POINT ( 'NONE',  ( 0.3750000000000000000, 0.0000000000000000000, -0.1145751311064591400 ) ) ;
#1809 = VERTEX_POINT ( 'NONE', #278 ) ;
#1810 = LINE ( 'NONE', #1592, #4470 ) ;
#1811 = ORIENTED_EDGE ( 'NONE', *, *, #1305, .T. ) ;
#1812 = DIRECTION ( 'NONE',  ( 1.000000000000000000, 0.0000000000000000000, -0.0000000000000000000 ) ) ;
#1813 = ADVANCED_FACE ( 'NONE', ( #177 ), #568, .F. ) ;
#1814 = ADVANCED_FACE ( 'NONE', ( #3839 ), #648, .F. ) ;
#1815 = ORIENTED_EDGE ( 'NONE', *, *, #138, .F. ) ;
#1816 = PRESENTATION_LAYER_ASSIGNMENT (  '', '', ( #1329 ) ) ;
#1817 = CARTESIAN_POINT ( 'NONE',  ( -0.5250000000000000200, -0.03999999999999999400, -0.4145751311064591600 ) ) ;
#1818 = EDGE_LOOP ( 'NONE', ( #1696, #3122, #2705, #823 ) ) ;
#1819 = CARTESIAN_POINT ( 'NONE',  ( 0.5250000000000000200, 0.02000000000000000000, -0.1145751311064591400 ) ) ;
#1820 = DIRECTION ( 'NONE',  ( -0.0000000000000000000, 1.000000000000000000, -0.0000000000000000000 ) ) ;
#1821 = VERTEX_POINT ( 'NONE', #1740 ) ;
#1822 = EDGE_CURVE ( 'NONE', #2515, #4363, #2882, .T. ) ;
#1823 = VERTEX_POINT ( 'NONE', #4287 ) ;
#1824 = STYLED_ITEM ( 'NONE', ( #3594 ), #3653 ) ;
#1825 = CLOSED_SHELL ( 'NONE', ( #1434, #3353, #1644, #2144, #2145, #2042 ) ) ;
#1826 = EDGE_CURVE ( 'NONE', #4540, #405, #3716, .T. ) ;
#1827 = DIRECTION ( 'NONE',  ( -1.000000000000000000, -0.0000000000000000000, -0.0000000000000000000 ) ) ;
#1828 = VECTOR ( 'NONE', #1479, 1000.000000000000000 ) ;
#1829 = ADVANCED_FACE ( 'NONE', ( #4671 ), #1146, .F. ) ;
#1830 = ADVANCED_FACE ( 'NONE', ( #4569 ), #2977, .F. ) ;
#1831 = ORIENTED_EDGE ( 'NONE', *, *, #4161, .T. ) ;
#1832 = LINE ( 'NONE', #3107, #3770 ) ;
#1833 = VECTOR ( 'NONE', #2314, 1000.000000000000000 ) ;
#1834 = DIRECTION ( 'NONE',  ( 0.0000000000000000000, 0.0000000000000000000, -1.000000000000000000 ) ) ;
#1835 = DIRECTION ( 'NONE',  ( -1.807003620809174600E-015, 0.0000000000000000000, 1.000000000000000000 ) ) ;
#1836 = VECTOR ( 'NONE', #2226, 1000.000000000000000 ) ;
#1837 = LINE ( 'NONE', #3174, #1726 ) ;
#1838 = DIRECTION ( 'NONE',  ( -1.000000000000000000, 0.0000000000000000000, 0.0000000000000000000 ) ) ;
#1839 = EDGE_LOOP ( 'NONE', ( #3613, #3006, #2885, #3066 ) ) ;
#1840 = FACE_BOUND ( 'NONE', #3986, .T. ) ;
#1841 = LINE ( 'NONE', #3727, #744 ) ;
#1842 = ORIENTED_EDGE ( 'NONE', *, *, #1792, .T. ) ;
#1843 = AXIS2_PLACEMENT_3D ( 'NONE', #3800, #2781, #2067 ) ;
#1844 = ORIENTED_EDGE ( 'NONE', *, *, #226, .F. ) ;
#1845 = DIRECTION ( 'NONE',  ( -9.035018104045833500E-016, 0.0000000000000000000, 1.000000000000000000 ) ) ;
#1846 = EDGE_CURVE ( 'NONE', #785, #368, #917, .T. ) ;
#1847 = VECTOR ( 'NONE', #3749, 1000.000000000000000 ) ;
#1848 = ORIENTED_EDGE ( 'NONE', *, *, #1933, .T. ) ;
#1849 = ORIENTED_EDGE ( 'NONE', *, *, #2564, .F. ) ;
#1851 = VECTOR ( 'NONE', #1778, 1000.000000000000000 ) ;
#1850 = CARTESIAN_POINT ( 'NONE',  ( 0.2250000000000000600, 0.02000000000000000000, 0.4145751311064590500 ) ) ;
#1852 = CARTESIAN_POINT ( 'NONE',  ( -0.07499999999999992800, 0.07500000000000001100, 0.4998999999999998400 ) ) ;
#1853 = CARTESIAN_POINT ( 'NONE',  ( -0.2250000000000000100, 0.02000000000000000000, -0.1145751311064591400 ) ) ;
#1854 = VECTOR ( 'NONE', #156, 1000.000000000000000 ) ;
#1855 = EDGE_LOOP ( 'NONE', ( #1500, #2902, #2536, #4131 ) ) ;
#1856 = EDGE_CURVE ( 'NONE', #3990, #1595, #2646, .T. ) ;
#1857 = ORIENTED_EDGE ( 'NONE', *, *, #3470, .F. ) ;
#1858 = ORIENTED_EDGE ( 'NONE', *, *, #1514, .T. ) ;
#1859 = ADVANCED_FACE ( 'NONE', ( #1788 ), #3434, .F. ) ;
#1860 = CARTESIAN_POINT ( 'NONE',  ( -0.5250000000000000200, 0.1250000000000000000, -0.5000000000000002200 ) ) ;
#1861 = ORIENTED_EDGE ( 'NONE', *, *, #2995, .F. ) ;
#1862 = LINE ( 'NONE', #3486, #1747 ) ;
#1863 = FILL_AREA_STYLE ('',( #2506 ) ) ;
#1864 = VECTOR ( 'NONE', #4654, 1000.000000000000000 ) ;
#1865 = EDGE_LOOP ( 'NONE', ( #3138, #340, #2107, #1546 ) ) ;
#1866 = CARTESIAN_POINT ( 'NONE',  ( -0.6000000000000000900, 0.1250000000000001900, -0.1145751311064591600 ) ) ;
#1867 = DIRECTION ( 'NONE',  ( -1.000000000000000000, -0.0000000000000000000, -0.0000000000000000000 ) ) ;
#1868 = EDGE_CURVE ( 'NONE', #2859, #2016, #3483, .T. ) ;
#1869 = PLANE ( 'NONE',  #1590 ) ;
#1870 = ORIENTED_EDGE ( 'NONE', *, *, #4045, .T. ) ;
#1871 = ORIENTED_EDGE ( 'NONE', *, *, #4224, .F. ) ;
#1872 = PLANE ( 'NONE',  #600 ) ;
#1873 = VERTEX_POINT ( 'NONE', #1520 ) ;
#1874 = CARTESIAN_POINT ( 'NONE',  ( -0.07499999999999992800, 0.02000000000000000000, 0.4145751311064590500 ) ) ;
#1875 = DIRECTION ( 'NONE',  ( 0.0000000000000000000, 0.0000000000000000000, -1.000000000000000000 ) ) ;
#1876 = DIRECTION ( 'NONE',  ( 0.0000000000000000000, 6.324512672832108900E-016, 1.000000000000000000 ) ) ;
#1877 = DIRECTION ( 'NONE',  ( -1.000000000000000000, -0.0000000000000000000, -0.0000000000000000000 ) ) ;
#1878 = EDGE_LOOP ( 'NONE', ( #1949, #1807, #1774, #1632 ) ) ;
#1879 = DIRECTION ( 'NONE',  ( -0.0000000000000000000, 1.000000000000000000, -0.0000000000000000000 ) ) ;
#1880 = CARTESIAN_POINT ( 'NONE',  ( -0.2250000000000000100, -0.03999999999999999400, -0.4145751311064591600 ) ) ;
#1881 = DIRECTION ( 'NONE',  ( -1.000000000000000000, 0.0000000000000000000, -0.0000000000000000000 ) ) ;
#1882 = DIRECTION ( 'NONE',  ( 0.0000000000000000000, -0.0000000000000000000, 1.000000000000000000 ) ) ;
#1883 = ORIENTED_EDGE ( 'NONE', *, *, #1760, .T. ) ;
#1884 = CARTESIAN_POINT ( 'NONE',  ( 0.3750000000000000000, -0.03999999999999999400, -0.4145751311064591600 ) ) ;
#1885 = ORIENTED_EDGE ( 'NONE', *, *, #1439, .F. ) ;
#1886 = ADVANCED_FACE ( 'NONE', ( #2533 ), #1896, .F. ) ;
#1887 = EDGE_CURVE ( 'NONE', #3279, #3733, #4344, .T. ) ;
#1888 = CARTESIAN_POINT ( 'NONE',  ( 0.3750000000000000000, 0.07500000000000001100, 0.4998999999999998400 ) ) ;
#1889 = EDGE_LOOP ( 'NONE', ( #2115, #1491, #473, #2353 ) ) ;
#1890 = ORIENTED_EDGE ( 'NONE', *, *, #4356, .F. ) ;
#1891 = CARTESIAN_POINT ( 'NONE',  ( 0.0000000000000000000, 0.0000000000000000000, 0.0000000000000000000 ) ) ;
#1892 = DIRECTION ( 'NONE',  ( -1.000000000000000000, -0.0000000000000000000, -0.0000000000000000000 ) ) ;
#1893 = CARTESIAN_POINT ( 'NONE',  ( -0.4500000000000000100, -0.03999999999999999400, 0.1145751311064590700 ) ) ;
#1894 = CARTESIAN_POINT ( 'NONE',  ( 0.5999999999999998700, 0.07500000000000001100, -0.4145751311064591600 ) ) ;
#1895 = LINE ( 'NONE', #2040, #3699 ) ;
#1896 = PLANE ( 'NONE',  #2411 ) ;
#1897 =( GEOMETRIC_REPRESENTATION_CONTEXT ( 3 ) GLOBAL_UNCERTAINTY_ASSIGNED_CONTEXT ( ( #3330 ) ) GLOBAL_UNIT_ASSIGNED_CONTEXT ( ( #241, #175, #2045 ) ) REPRESENTATION_CONTEXT ( 'NONE', 'WORKASPACE' ) );
#1898 = ORIENTED_EDGE ( 'NONE', *, *, #3146, .F. ) ;
#1899 = DIRECTION ( 'NONE',  ( -1.000000000000000000, -0.0000000000000000000, -0.0000000000000000000 ) ) ;
#1900 = DIRECTION ( 'NONE',  ( -1.000000000000000000, 0.0000000000000000000, -0.0000000000000000000 ) ) ;
#1901 = COLOUR_RGB ( '',0.7529411764705882200, 0.7529411764705882200, 0.0000000000000000000 ) ;
#1902 = CARTESIAN_POINT ( 'NONE',  ( 0.2249999999999999500, -0.03999999999999999400, -0.4145751311064591600 ) ) ;
#1903 = CARTESIAN_POINT ( 'NONE',  ( -0.07499999999999992800, 0.1250000000000000000, -0.5000000000000002200 ) ) ;
#1904 = FACE_OUTER_BOUND ( 'NONE', #1804, .T. ) ;
#1905 = LINE ( 'NONE', #2409, #803 ) ;
#1906 = LINE ( 'NONE', #4309, #3715 ) ;
#1907 = VECTOR ( 'NONE', #266, 1000.000000000000000 ) ;
#1908 = CARTESIAN_POINT ( 'NONE',  ( -0.07499999999999992800, 0.02000000000000000000, 0.4145751311064590500 ) ) ;
#1909 = DIRECTION ( 'NONE',  ( -0.0000000000000000000, -0.0000000000000000000, 1.000000000000000000 ) ) ;
#1910 = CARTESIAN_POINT ( 'NONE',  ( 0.2250000000000000600, 0.1250000000000000000, -0.5000000000000002200 ) ) ;
#1911 = AXIS2_PLACEMENT_3D ( 'NONE', #288, #1390, #4294 ) ;
#1912 = ADVANCED_FACE ( 'NONE', ( #577 ), #1159, .F. ) ;
#1913 = CARTESIAN_POINT ( 'NONE',  ( 0.3750000000000000000, 0.02000000000000000000, -0.1145751311064591400 ) ) ;
#1914 = FACE_OUTER_BOUND ( 'NONE', #4016, .T. ) ;
#1915 = LINE ( 'NONE', #569, #3488 ) ;
#1916 = PLANE ( 'NONE',  #2763 ) ;
#1917 = CARTESIAN_POINT ( 'NONE',  ( 0.3750000000000000000, 0.1250000000000000000, 0.4998999999999998400 ) ) ;
#1918 = VECTOR ( 'NONE', #2971, 1000.000000000000000 ) ;
#1919 = FACE_OUTER_BOUND ( 'NONE', #2864, .T. ) ;
#1920 = CARTESIAN_POINT ( 'NONE',  ( 0.07499999999999998300, 0.1250000000000000000, -0.5000000000000002200 ) ) ;
#1921 = CARTESIAN_POINT ( 'NONE',  ( -0.2250000000000000100, 0.02000000000000000000, 0.4145751311064590500 ) ) ;
#1922 = ORIENTED_EDGE ( 'NONE', *, *, #1797, .F. ) ;
#1923 = CARTESIAN_POINT ( 'NONE',  ( 0.07499999999999998300, -0.03999999999999999400, -0.1145751311064591400 ) ) ;
#1924 = EDGE_CURVE ( 'NONE', #4042, #4209, #2431, .T. ) ;
#1925 = EDGE_LOOP ( 'NONE', ( #4250, #655, #2405, #2769 ) ) ;
#1926 = FACE_OUTER_BOUND ( 'NONE', #3485, .T. ) ;
#1927 = VECTOR ( 'NONE', #3593, 1000.000000000000000 ) ;
#1928 = AXIS2_PLACEMENT_3D ( 'NONE', #852, #1983, #4509 ) ;
#1929 = ORIENTED_EDGE ( 'NONE', *, *, #4729, .F. ) ;
#1930 = CARTESIAN_POINT ( 'NONE',  ( -0.3750000000000000000, 0.02000000000000000000, -0.1145751311064591400 ) ) ;
#1931 =( GEOMETRIC_REPRESENTATION_CONTEXT ( 3 ) GLOBAL_UNCERTAINTY_ASSIGNED_CONTEXT ( ( #1150 ) ) GLOBAL_UNIT_ASSIGNED_CONTEXT ( ( #2470, #2456, #2450 ) ) REPRESENTATION_CONTEXT ( 'NONE', 'WORKASPACE' ) );
#1932 = ORIENTED_EDGE ( 'NONE', *, *, #3960, .F. ) ;
#1933 = EDGE_CURVE ( 'NONE', #1316, #276, #1554, .T. ) ;
#1934 = DIRECTION ( 'NONE',  ( -0.0000000000000000000, 1.000000000000000000, -0.0000000000000000000 ) ) ;
#1935 = AXIS2_PLACEMENT_3D ( 'NONE', #34, #1126, #1838 ) ;
#1936 = LINE ( 'NONE', #3125, #3566 ) ;
#1937 = ORIENTED_EDGE ( 'NONE', *, *, #868, .F. ) ;
#1938 = EDGE_CURVE ( 'NONE', #2125, #501, #470, .T. ) ;
#1939 = ADVANCED_FACE ( 'NONE', ( #1454 ), #517, .F. ) ;
#1940 = ADVANCED_FACE ( 'NONE', ( #1335, #3156, #3263 ), #503, .F. ) ;
#1941 = ORIENTED_EDGE ( 'NONE', *, *, #387, .F. ) ;
#1942 = CARTESIAN_POINT ( 'NONE',  ( 0.2249999999999999500, -0.03999999999999999400, -0.4145751311064591600 ) ) ;
#1943 = DIRECTION ( 'NONE',  ( -0.0000000000000000000, -0.0000000000000000000, 1.000000000000000000 ) ) ;
#1944 = ORIENTED_EDGE ( 'NONE', *, *, #1370, .T. ) ;
#1945 = EDGE_LOOP ( 'NONE', ( #4271, #4354, #2082, #385 ) ) ;
#1946 = DIRECTION ( 'NONE',  ( -0.0000000000000000000, 1.000000000000000000, -0.0000000000000000000 ) ) ;
#1947 = PLANE ( 'NONE',  #1770 ) ;
#1948 = AXIS2_PLACEMENT_3D ( 'NONE', #1179, #4455, #4442 ) ;
#1949 = ORIENTED_EDGE ( 'NONE', *, *, #3812, .T. ) ;
#1950 = DIRECTION ( 'NONE',  ( -1.000000000000000000, 0.0000000000000000000, 0.0000000000000000000 ) ) ;
#1951 = CARTESIAN_POINT ( 'NONE',  ( -0.5250000000000000200, -0.03999999999999999400, -0.1145751311064591400 ) ) ;
#1952 = VERTEX_POINT ( 'NONE', #884 ) ;
#1953 = ORIENTED_EDGE ( 'NONE', *, *, #685, .F. ) ;
#1954 = EDGE_CURVE ( 'NONE', #4209, #391, #4124, .T. ) ;
#1955 = FACE_OUTER_BOUND ( 'NONE', #3801, .T. ) ;
#1956 = CARTESIAN_POINT ( 'NONE',  ( -0.5250000000000000200, 0.02000000000000000000, -0.4145751311064591600 ) ) ;
#1957 = CARTESIAN_POINT ( 'NONE',  ( 0.5999999999999998700, 0.3100000000000000000, -0.5000000000000002200 ) ) ;
#1958 = DIRECTION ( 'NONE',  ( 1.000000000000000000, 0.0000000000000000000, 0.0000000000000000000 ) ) ;
#1959 = AXIS2_PLACEMENT_3D ( 'NONE', #4422, #1170, #3698 ) ;
#1960 = VECTOR ( 'NONE', #3871, 1000.000000000000000 ) ;
#1961 = AXIS2_PLACEMENT_3D ( 'NONE', #376, #1536, #4429 ) ;
#1962 = EDGE_CURVE ( 'NONE', #780, #3894, #2195, .T. ) ;
#1963 = FILL_AREA_STYLE ('',( #104 ) ) ;
#1964 = DIRECTION ( 'NONE',  ( 1.000000000000000000, 0.0000000000000000000, 0.0000000000000000000 ) ) ;
#1965 = DIRECTION ( 'NONE',  ( -1.000000000000000000, -0.0000000000000000000, -0.0000000000000000000 ) ) ;
#1966 = FACE_OUTER_BOUND ( 'NONE', #3742, .T. ) ;
#1967 = LINE ( 'NONE', #2453, #4616 ) ;
#1968 = DIRECTION ( 'NONE',  ( 0.0000000000000000000, -0.0000000000000000000, -1.000000000000000000 ) ) ;
#1969 = CARTESIAN_POINT ( 'NONE',  ( -0.07499999999999992800, 0.07500000000000001100, 0.4998999999999998400 ) ) ;
#1970 = VECTOR ( 'NONE', #213, 1000.000000000000000 ) ;
#1971 = LINE ( 'NONE', #2974, #3779 ) ;
#1972 = ORIENTED_EDGE ( 'NONE', *, *, #1152, .T. ) ;
#1973 = PRESENTATION_STYLE_ASSIGNMENT (( #2481 ) ) ;
#1974 = ORIENTED_EDGE ( 'NONE', *, *, #1531, .F. ) ;
#1975 = CARTESIAN_POINT ( 'NONE',  ( 0.5250000000000000200, 0.07500000000000001100, -0.4980000000000001600 ) ) ;
#1976 = DIRECTION ( 'NONE',  ( -0.0000000000000000000, -0.0000000000000000000, 1.000000000000000000 ) ) ;
#1977 = DIRECTION ( 'NONE',  ( -0.0000000000000000000, 0.0000000000000000000, 1.000000000000000000 ) ) ;
#1978 = LINE ( 'NONE', #4507, #1228 ) ;
#1979 = ORIENTED_EDGE ( 'NONE', *, *, #2185, .T. ) ;
#1980 = AXIS2_PLACEMENT_3D ( 'NONE', #4676, #4222, #2749 ) ;
#1981 = VERTEX_POINT ( 'NONE', #2830 ) ;
#1982 = EDGE_LOOP ( 'NONE', ( #3198, #2717, #3117, #3348 ) ) ;
#1983 = DIRECTION ( 'NONE',  ( 0.0000000000000000000, -1.000000000000000000, -0.0000000000000000000 ) ) ;
#1984 = VERTEX_POINT ( 'NONE', #267 ) ;
#1985 = VERTEX_POINT ( 'NONE', #3205 ) ;
#1986 = CARTESIAN_POINT ( 'NONE',  ( 0.5250000000000005800, 0.02000000000000000000, 0.1145751311064591400 ) ) ;
#1987 = ORIENTED_EDGE ( 'NONE', *, *, #1429, .T. ) ;
#1988 = FACE_OUTER_BOUND ( 'NONE', #2820, .T. ) ;
#1989 = LINE ( 'NONE', #1025, #3798 ) ;
#1990 = DIRECTION ( 'NONE',  ( 0.0000000000000000000, -1.000000000000000000, 0.0000000000000000000 ) ) ;
#1991 = ORIENTED_EDGE ( 'NONE', *, *, #4672, .T. ) ;
#1992 = ADVANCED_FACE ( 'NONE', ( #2090 ), #2851, .F. ) ;
#1993 = PRESENTATION_LAYER_ASSIGNMENT (  '', '', ( #1494 ) ) ;
#1994 = DIRECTION ( 'NONE',  ( -1.000000000000000000, 0.0000000000000000000, -1.807003620809174600E-015 ) ) ;
#1995 = VERTEX_POINT ( 'NONE', #279 ) ;
#1996 = VERTEX_POINT ( 'NONE', #983 ) ;
#1997 = DIRECTION ( 'NONE',  ( 0.0000000000000000000, -1.000000000000000000, 0.0000000000000000000 ) ) ;
#1998 = EDGE_CURVE ( 'NONE', #3275, #523, #3040, .T. ) ;
#1999 = ORIENTED_EDGE ( 'NONE', *, *, #4062, .T. ) ;
#2000 = CARTESIAN_POINT ( 'NONE',  ( -0.07499999999999938700, -0.03999999999999999400, 0.1145751311064591400 ) ) ;
#2001 =( NAMED_UNIT ( * ) SI_UNIT ( $, .STERADIAN. ) SOLID_ANGLE_UNIT ( ) );
#2002 = VERTEX_POINT ( 'NONE', #1341 ) ;
#2003 = CARTESIAN_POINT ( 'NONE',  ( -0.3749999999999998900, 0.1250000000000000000, 0.4998999999999998400 ) ) ;
#2004 = DIRECTION ( 'NONE',  ( 0.0000000000000000000, 0.0000000000000000000, 1.000000000000000000 ) ) ;
#2005 = ORIENTED_EDGE ( 'NONE', *, *, #1618, .T. ) ;
#2006 = CARTESIAN_POINT ( 'NONE',  ( -0.2250000000000000100, 0.1250000000000000000, -0.5000000000000002200 ) ) ;
#2007 = UNCERTAINTY_MEASURE_WITH_UNIT (LENGTH_MEASURE( 1.000000000000000100E-005 ), #1199, 'distance_accuracy_value', 'NONE');
#2008 =( NAMED_UNIT ( * ) SI_UNIT ( $, .STERADIAN. ) SOLID_ANGLE_UNIT ( ) );
#2009 = DIRECTION ( 'NONE',  ( 0.0000000000000000000, 0.0000000000000000000, -1.000000000000000000 ) ) ;
#2010 = ORIENTED_EDGE ( 'NONE', *, *, #2774, .F. ) ;
#2011 = CARTESIAN_POINT ( 'NONE',  ( 0.07499999999999998300, -0.03999999999999999400, 0.4145751311064590500 ) ) ;
#2012 = VECTOR ( 'NONE', #4547, 1000.000000000000000 ) ;
#2013 = PLANE ( 'NONE',  #1141 ) ;
#2014 = PLANE ( 'NONE',  #2422 ) ;
#2015 = EDGE_CURVE ( 'NONE', #1404, #750, #4004, .T. ) ;
#2016 = VERTEX_POINT ( 'NONE', #2788 ) ;
#2017 = CARTESIAN_POINT ( 'NONE',  ( -0.5999000000000001000, 0.1250000000000000000, 0.1145751311064590700 ) ) ;
#2018 = DIRECTION ( 'NONE',  ( -0.0000000000000000000, -0.0000000000000000000, 1.000000000000000000 ) ) ;
#2019 = VECTOR ( 'NONE', #1362, 1000.000000000000000 ) ;
#2020 = AXIS2_PLACEMENT_3D ( 'NONE', #3835, #4199, #3926 ) ;
#2021 = CARTESIAN_POINT ( 'NONE',  ( 0.5250000000000005800, 0.0000000000000000000, 0.1145751311064591400 ) ) ;
#2022 = CARTESIAN_POINT ( 'NONE',  ( 0.5250000000000000200, 0.07500000000000001100, 0.4998999999999998400 ) ) ;
#2023 = LINE ( 'NONE', #1942, #914 ) ;
#2024 = LINE ( 'NONE', #531, #915 ) ;
#2025 = EDGE_CURVE ( 'NONE', #258, #1581, #1099, .T. ) ;
#2026 = PRESENTATION_LAYER_ASSIGNMENT (  '', '', ( #1525 ) ) ;
#2027 = VECTOR ( 'NONE', #1400, 1000.000000000000000 ) ;
#2028 = VECTOR ( 'NONE', #1318, 1000.000000000000000 ) ;
#2029 = CARTESIAN_POINT ( 'NONE',  ( 0.2250000000000000600, -0.03999999999999999400, 0.4145751311064590500 ) ) ;
#2030 = ADVANCED_FACE ( 'NONE', ( #2926 ), #594, .F. ) ;
#2031 = CARTESIAN_POINT ( 'NONE',  ( 0.2249999999999999500, 0.02000000000000000000, -0.4145751311064591600 ) ) ;
#2032 =( NAMED_UNIT ( * ) PLANE_ANGLE_UNIT ( ) SI_UNIT ( $, .RADIAN. ) );
#2033 = EDGE_CURVE ( 'NONE', #3696, #4690, #3774, .T. ) ;
#2034 = FACE_OUTER_BOUND ( 'NONE', #28, .T. ) ;
#2035 = LINE ( 'NONE', #2361, #1047 ) ;
#2036 = CARTESIAN_POINT ( 'NONE',  ( 0.0000000000000000000, 0.0000000000000000000, 0.0000000000000000000 ) ) ;
#2037 = CARTESIAN_POINT ( 'NONE',  ( 0.07499999999999998300, 0.1250000000000000000, 0.4999999999999997800 ) ) ;
#2038 = EDGE_LOOP ( 'NONE', ( #2943, #4098, #2735, #1373 ) ) ;
#2039 = VERTEX_POINT ( 'NONE', #1001 ) ;
#2040 = CARTESIAN_POINT ( 'NONE',  ( -0.5250000000000000200, 0.02000000000000000000, 0.4145751311064590500 ) ) ;
#2041 = VECTOR ( 'NONE', #3290, 1000.000000000000000 ) ;
#2042 = ADVANCED_FACE ( 'NONE', ( #4722 ), #1374, .F. ) ;
#2043 = LINE ( 'NONE', #2963, #3001 ) ;
#2044 = DIRECTION ( 'NONE',  ( -0.0000000000000000000, 1.000000000000000000, -0.0000000000000000000 ) ) ;
#2045 =( NAMED_UNIT ( * ) SI_UNIT ( $, .STERADIAN. ) SOLID_ANGLE_UNIT ( ) );
#2046 = CARTESIAN_POINT ( 'NONE',  ( -0.5250000000000000200, 0.02000000000000000000, -0.4145751311064591600 ) ) ;
#2047 =( GEOMETRIC_REPRESENTATION_CONTEXT ( 3 ) GLOBAL_UNCERTAINTY_ASSIGNED_CONTEXT ( ( #4527 ) ) GLOBAL_UNIT_ASSIGNED_CONTEXT ( ( #723, #273, #4659 ) ) REPRESENTATION_CONTEXT ( 'NONE', 'WORKASPACE' ) );
#2048 = VECTOR ( 'NONE', #4284, 1000.000000000000000 ) ;
#2049 = LINE ( 'NONE', #1136, #1059 ) ;
#2050 = EDGE_LOOP ( 'NONE', ( #2786, #317, #3310, #3498 ) ) ;
#2051 = CARTESIAN_POINT ( 'NONE',  ( 0.3750000000000000000, 0.02000000000000000000, 0.1145751311064590100 ) ) ;
#2052 = EDGE_LOOP ( 'NONE', ( #4444, #3057, #35, #11 ) ) ;
#2053 = PLANE ( 'NONE',  #4679 ) ;
#2054 = PLANE ( 'NONE',  #644 ) ;
#2055 = CARTESIAN_POINT ( 'NONE',  ( 0.2250000000000000600, 0.02000000000000000000, 0.4145751311064590500 ) ) ;
#2056 = VERTEX_POINT ( 'NONE', #969 ) ;
#2057 = EDGE_CURVE ( 'NONE', #150, #258, #1967, .T. ) ;
#2058 = SURFACE_SIDE_STYLE ('',( #4304 ) ) ;
#2059 = DIRECTION ( 'NONE',  ( -0.0000000000000000000, -0.0000000000000000000, -1.000000000000000000 ) ) ;
#2060 = EDGE_CURVE ( 'NONE', #258, #3441, #855, .T. ) ;
#2061 = CARTESIAN_POINT ( 'NONE',  ( -0.5250000000000000200, 0.02000000000000000000, -0.1145751311064591400 ) ) ;
#2062 = COLOUR_RGB ( '',1.000000000000000000, 1.000000000000000000, 1.000000000000000000 ) ;
#2063 = ORIENTED_EDGE ( 'NONE', *, *, #2916, .F. ) ;
#2064 =( GEOMETRIC_REPRESENTATION_CONTEXT ( 3 ) GLOBAL_UNCERTAINTY_ASSIGNED_CONTEXT ( ( #1082 ) ) GLOBAL_UNIT_ASSIGNED_CONTEXT ( ( #2142, #4650, #2496 ) ) REPRESENTATION_CONTEXT ( 'NONE', 'WORKASPACE' ) );
#2065 = CARTESIAN_POINT ( 'NONE',  ( -0.5250000000000000200, 0.07500000000000001100, 0.4998999999999998400 ) ) ;
#2066 = ORIENTED_EDGE ( 'NONE', *, *, #4528, .F. ) ;
#2067 = DIRECTION ( 'NONE',  ( -0.0000000000000000000, 0.0000000000000000000, 1.000000000000000000 ) ) ;
#2068 = DIRECTION ( 'NONE',  ( -1.000000000000000000, 0.0000000000000000000, 0.0000000000000000000 ) ) ;
#2069 = EDGE_LOOP ( 'NONE', ( #4014, #358, #3023, #1629 ) ) ;
#2070 = CARTESIAN_POINT ( 'NONE',  ( 0.3750000000000000000, -0.03999999999999999400, 0.1145751311064590100 ) ) ;
#2071 = CARTESIAN_POINT ( 'NONE',  ( 0.2250000000000005900, 0.0000000000000000000, 0.1145751311064591400 ) ) ;
#2072 = ORIENTED_EDGE ( 'NONE', *, *, #4028, .T. ) ;
#2073 = CARTESIAN_POINT ( 'NONE',  ( 0.07499999999999998300, 0.02000000000000000000, -0.4145751311064591600 ) ) ;
#2074 = ORIENTED_EDGE ( 'NONE', *, *, #951, .T. ) ;
#2075 = DIRECTION ( 'NONE',  ( 0.0000000000000000000, 0.0000000000000000000, 1.000000000000000000 ) ) ;
#2076 = CARTESIAN_POINT ( 'NONE',  ( -0.3749999999999998900, 0.1250000000000000000, 0.4998999999999998400 ) ) ;
#2077 = MECHANICAL_DESIGN_GEOMETRIC_PRESENTATION_REPRESENTATION (  '', ( #1329 ), #2309 ) ;
#2078 = ORIENTED_EDGE ( 'NONE', *, *, #4448, .T. ) ;
#2079 = CARTESIAN_POINT ( 'NONE',  ( -0.5250000000000000200, 0.1250000000000000000, -0.5000000000000002200 ) ) ;
#2080 = ORIENTED_EDGE ( 'NONE', *, *, #226, .T. ) ;
#2081 = VECTOR ( 'NONE', #4708, 1000.000000000000000 ) ;
#2082 = ORIENTED_EDGE ( 'NONE', *, *, #2025, .F. ) ;
#2083 = CARTESIAN_POINT ( 'NONE',  ( 0.07499999999999998300, 0.02000000000000000000, -0.1145751311064591400 ) ) ;
#2084 = DIRECTION ( 'NONE',  ( 0.0000000000000000000, -1.000000000000000000, 0.0000000000000000000 ) ) ;
#2085 = FACE_OUTER_BOUND ( 'NONE', #4256, .T. ) ;
#2086 = EDGE_CURVE ( 'NONE', #2297, #692, #1837, .T. ) ;
#2087 = DIRECTION ( 'NONE',  ( -0.0000000000000000000, -0.0000000000000000000, 1.000000000000000000 ) ) ;
#2088 = AXIS2_PLACEMENT_3D ( 'NONE', #1387, #284, #2856 ) ;
#2089 = VECTOR ( 'NONE', #4000, 1000.000000000000000 ) ;
#2090 = FACE_OUTER_BOUND ( 'NONE', #2119, .T. ) ;
#2091 = AXIS2_PLACEMENT_3D ( 'NONE', #890, #767, #687 ) ;
#2092 = DIRECTION ( 'NONE',  ( -1.000000000000000000, 0.0000000000000000000, -0.0000000000000000000 ) ) ;
#2093 = CARTESIAN_POINT ( 'NONE',  ( -0.2250000000000000100, 0.02000000000000000000, 0.4145751311064590500 ) ) ;
#2094 = EDGE_CURVE ( 'NONE', #1261, #1173, #2700, .T. ) ;
#2095 = VECTOR ( 'NONE', #1304, 1000.000000000000000 ) ;
#2096 = VECTOR ( 'NONE', #2279, 1000.000000000000000 ) ;
#2097 = ORIENTED_EDGE ( 'NONE', *, *, #1499, .T. ) ;
#2098 = AXIS2_PLACEMENT_3D ( 'NONE', #628, #1008, #1381 ) ;
#2099 = PRESENTATION_STYLE_ASSIGNMENT (( #2716 ) ) ;
#2100 = LINE ( 'NONE', #4238, #1106 ) ;
#2101 = ORIENTED_EDGE ( 'NONE', *, *, #26, .T. ) ;
#2102 = DIRECTION ( 'NONE',  ( 1.000000000000000000, 0.0000000000000000000, 0.0000000000000000000 ) ) ;
#2103 = CARTESIAN_POINT ( 'NONE',  ( 0.07499999999999998300, -0.03999999999999999400, 0.1145751311064590100 ) ) ;
#2104 = ORIENTED_EDGE ( 'NONE', *, *, #2259, .F. ) ;
#2105 = DIRECTION ( 'NONE',  ( 0.0000000000000000000, 0.0000000000000000000, -1.000000000000000000 ) ) ;
#2106 = CARTESIAN_POINT ( 'NONE',  ( -0.07500000000000003900, -0.0000000000000000000, -0.4145751311064591600 ) ) ;
#2107 = ORIENTED_EDGE ( 'NONE', *, *, #3644, .T. ) ;
#2108 = DIRECTION ( 'NONE',  ( 0.0000000000000000000, 0.0000000000000000000, -1.000000000000000000 ) ) ;
#2109 = CARTESIAN_POINT ( 'NONE',  ( 0.07499999999999998300, 0.02000000000000000000, -0.4145751311064591600 ) ) ;
#2110 = ORIENTED_EDGE ( 'NONE', *, *, #3038, .F. ) ;
#2111 = LINE ( 'NONE', #1880, #2948 ) ;
#2112 = PLANE ( 'NONE',  #309 ) ;
#2113 = LINE ( 'NONE', #15, #3919 ) ;
#2114 = CARTESIAN_POINT ( 'NONE',  ( 0.5999999999999998700, 0.07500000000000001100, 0.4145751311064590500 ) ) ;
#2115 = ORIENTED_EDGE ( 'NONE', *, *, #632, .F. ) ;
#2116 = PRESENTATION_STYLE_ASSIGNMENT (( #3418 ) ) ;
#2117 = EDGE_CURVE ( 'NONE', #750, #4042, #3646, .T. ) ;
#2118 = LINE ( 'NONE', #3029, #773 ) ;
#2119 = EDGE_LOOP ( 'NONE', ( #86, #2419, #1355, #1651 ) ) ;
#2120 = DIRECTION ( 'NONE',  ( 1.000000000000000000, 0.0000000000000000000, 0.0000000000000000000 ) ) ;
#2121 = DIRECTION ( 'NONE',  ( 0.0000000000000000000, 0.0000000000000000000, -1.000000000000000000 ) ) ;
#2122 = EDGE_LOOP ( 'NONE', ( #3761, #4103, #1861, #1010 ) ) ;
#2123 = EDGE_CURVE ( 'NONE', #2444, #1591, #739, .T. ) ;
#2124 = DIRECTION ( 'NONE',  ( -0.0000000000000000000, 1.000000000000000000, -0.0000000000000000000 ) ) ;
#2125 = VERTEX_POINT ( 'NONE', #3925 ) ;
#2126 = PLANE ( 'NONE',  #2627 ) ;
#2127 = DIRECTION ( 'NONE',  ( -0.0000000000000000000, 0.0000000000000000000, -1.000000000000000000 ) ) ;
#2128 = STYLED_ITEM ( 'NONE', ( #3867 ), #229 ) ;
#2129 = AXIS2_PLACEMENT_3D ( 'NONE', #1247, #3786, #4529 ) ;
#2130 = DIRECTION ( 'NONE',  ( 0.0000000000000000000, 0.0000000000000000000, -1.000000000000000000 ) ) ;
#2131 = ORIENTED_EDGE ( 'NONE', *, *, #254, .T. ) ;
#2132 = EDGE_CURVE ( 'NONE', #2724, #1657, #3428, .T. ) ;
#2133 = DIRECTION ( 'NONE',  ( 1.000000000000000000, -0.0000000000000000000, 9.035018104045833500E-016 ) ) ;
#2134 = VERTEX_POINT ( 'NONE', #219 ) ;
#2135 = ORIENTED_EDGE ( 'NONE', *, *, #805, .F. ) ;
#2136 = CARTESIAN_POINT ( 'NONE',  ( -0.5250000000000000200, -0.03999999999999999400, -0.4145751311064591600 ) ) ;
#2137 = LINE ( 'NONE', #4197, #903 ) ;
#2138 = ORIENTED_EDGE ( 'NONE', *, *, #3805, .F. ) ;
#2139 = DIRECTION ( 'NONE',  ( 1.000000000000000000, -0.0000000000000000000, 9.035018104045833500E-016 ) ) ;
#2140 = AXIS2_PLACEMENT_3D ( 'NONE', #3099, #3397, #3415 ) ;
#2141 = CARTESIAN_POINT ( 'NONE',  ( 0.3750000000000000000, 0.0000000000000000000, -0.1145751311064591400 ) ) ;
#2142 =( LENGTH_UNIT ( ) NAMED_UNIT ( * ) SI_UNIT ( .MILLI., .METRE. ) );
#2143 = LINE ( 'NONE', #250, #3943 ) ;
#2144 = ADVANCED_FACE ( 'NONE', ( #1503 ), #1803, .F. ) ;
#2145 = ADVANCED_FACE ( 'NONE', ( #3541 ), #1031, .T. ) ;
#2146 = VECTOR ( 'NONE', #2638, 1000.000000000000000 ) ;
#2147 = EDGE_CURVE ( 'NONE', #692, #1223, #4290, .T. ) ;
#2148 = FACE_OUTER_BOUND ( 'NONE', #2605, .T. ) ;
#2149 = LINE ( 'NONE', #3309, #3097 ) ;
#2150 = EDGE_LOOP ( 'NONE', ( #3173, #100, #3722, #37 ) ) ;
#2151 = ORIENTED_EDGE ( 'NONE', *, *, #2356, .F. ) ;
#2152 = AXIS2_PLACEMENT_3D ( 'NONE', #3064, #3421, #1252 ) ;
#2153 = VECTOR ( 'NONE', #3482, 1000.000000000000000 ) ;
#2154 = CARTESIAN_POINT ( 'NONE',  ( -0.5999000000000001000, 0.1250000000000000000, 0.1145751311064590700 ) ) ;
#2155 = PLANE ( 'NONE',  #4552 ) ;
#2156 = CARTESIAN_POINT ( 'NONE',  ( -0.3749999999999998900, 0.1250000000000000000, -0.5000000000000002200 ) ) ;
#2157 = LINE ( 'NONE', #1735, #2041 ) ;
#2158 = MANIFOLD_SOLID_BREP ( 'Boss-Extrude2[3]', #3449 ) ;
#2159 = ORIENTED_EDGE ( 'NONE', *, *, #347, .F. ) ;
#2160 = VECTOR ( 'NONE', #1701, 1000.000000000000000 ) ;
#2161 = LINE ( 'NONE', #4409, #4084 ) ;
#2162 = EDGE_LOOP ( 'NONE', ( #3501, #4321, #885, #4395 ) ) ;
#2163 = ADVANCED_FACE ( 'NONE', ( #1161 ), #1392, .F. ) ;
#2164 = PRESENTATION_STYLE_ASSIGNMENT (( #1782 ) ) ;
#2165 = VECTOR ( 'NONE', #3043, 1000.000000000000000 ) ;
#2166 = ORIENTED_EDGE ( 'NONE', *, *, #729, .F. ) ;
#2167 = DIRECTION ( 'NONE',  ( 0.0000000000000000000, 0.0000000000000000000, -1.000000000000000000 ) ) ;
#2168 = DIRECTION ( 'NONE',  ( -1.000000000000000000, -0.0000000000000000000, -0.0000000000000000000 ) ) ;
#2169 = DIRECTION ( 'NONE',  ( 0.0000000000000000000, 1.000000000000000000, 0.0000000000000000000 ) ) ;
#2170 = LINE ( 'NONE', #1622, #3451 ) ;
#2171 = VERTEX_POINT ( 'NONE', #3600 ) ;
#2172 = EDGE_CURVE ( 'NONE', #4146, #4046, #3946, .T. ) ;
#2173 = VERTEX_POINT ( 'NONE', #1375 ) ;
#2174 = PLANE ( 'NONE',  #4500 ) ;
#2175 = CARTESIAN_POINT ( 'NONE',  ( 0.3750000000000000000, 0.02000000000000000000, -0.1145751311064591400 ) ) ;
#2176 = DIRECTION ( 'NONE',  ( 0.0000000000000000000, 0.0000000000000000000, 1.000000000000000000 ) ) ;
#2177 = STYLED_ITEM ( 'NONE', ( #3378 ), #3471 ) ;
#2178 = ORIENTED_EDGE ( 'NONE', *, *, #1201, .F. ) ;
#2179 = EDGE_CURVE ( 'NONE', #3014, #3395, #172, .T. ) ;
#2180 = DIRECTION ( 'NONE',  ( 1.000000000000000000, 0.0000000000000000000, 0.0000000000000000000 ) ) ;
#2181 = CARTESIAN_POINT ( 'NONE',  ( -0.5999000000000001000, 0.1250000000000000000, -0.4145751311064591600 ) ) ;
#2182 = DIRECTION ( 'NONE',  ( -1.000000000000000000, 0.0000000000000000000, -0.0000000000000000000 ) ) ;
#2183 = EDGE_LOOP ( 'NONE', ( #2186, #3840, #2664, #23 ) ) ;
#2184 = CARTESIAN_POINT ( 'NONE',  ( -0.07499999999999992800, 0.1250000000000000000, 0.4999999999999997800 ) ) ;
#2185 = EDGE_CURVE ( 'NONE', #772, #725, #51, .T. ) ;
#2186 = ORIENTED_EDGE ( 'NONE', *, *, #3623, .T. ) ;
#2187 = DIRECTION ( 'NONE',  ( 0.0000000000000000000, -1.000000000000000000, 0.0000000000000000000 ) ) ;
#2188 = DIRECTION ( 'NONE',  ( -1.000000000000000000, -0.0000000000000000000, -0.0000000000000000000 ) ) ;
#2189 = LINE ( 'NONE', #4361, #2081 ) ;
#2190 = PRESENTATION_STYLE_ASSIGNMENT (( #3814 ) ) ;
#2191 = VECTOR ( 'NONE', #3274, 1000.000000000000000 ) ;
#2192 = ORIENTED_EDGE ( 'NONE', *, *, #4626, .F. ) ;
#2193 = PLANE ( 'NONE',  #248 ) ;
#2194 = VECTOR ( 'NONE', #3625, 1000.000000000000000 ) ;
#2195 = LINE ( 'NONE', #1009, #1216 ) ;
#2196 = LINE ( 'NONE', #1913, #1220 ) ;
#2197 = EDGE_LOOP ( 'NONE', ( #3042, #2789, #240, #3785 ) ) ;
#2198 = DIRECTION ( 'NONE',  ( 0.0000000000000000000, -0.0000000000000000000, -1.000000000000000000 ) ) ;
#2199 = DIRECTION ( 'NONE',  ( -0.0000000000000000000, -0.0000000000000000000, -1.000000000000000000 ) ) ;
#2200 = EDGE_CURVE ( 'NONE', #199, #2171, #2024, .T. ) ;
#2201 = ADVANCED_FACE ( 'NONE', ( #3710 ), #3233, .F. ) ;
#2202 = ADVANCED_FACE ( 'NONE', ( #4668 ), #3246, .F. ) ;
#2203 = SURFACE_STYLE_FILL_AREA ( #2673 ) ;
#2204 = LINE ( 'NONE', #784, #4137 ) ;
#2205 = ORIENTED_EDGE ( 'NONE', *, *, #3912, .F. ) ;
#2206 = EDGE_CURVE ( 'NONE', #1952, #1873, #2876, .T. ) ;
#2207 = ORIENTED_EDGE ( 'NONE', *, *, #193, .F. ) ;
#2208 = FACE_OUTER_BOUND ( 'NONE', #161, .T. ) ;
#2209 = PRESENTATION_STYLE_ASSIGNMENT (( #2301 ) ) ;
#2210 = CARTESIAN_POINT ( 'NONE',  ( -0.2250000000000000100, 0.1250000000000000000, 0.4999999999999997800 ) ) ;
#2211 = ORIENTED_EDGE ( 'NONE', *, *, #3020, .T. ) ;
#2212 = LINE ( 'NONE', #586, #3059 ) ;
#2213 = VECTOR ( 'NONE', #1835, 1000.000000000000000 ) ;
#2214 = ORIENTED_EDGE ( 'NONE', *, *, #4448, .F. ) ;
#2215 = DIRECTION ( 'NONE',  ( -0.0000000000000000000, -0.0000000000000000000, 1.000000000000000000 ) ) ;
#2216 = LINE ( 'NONE', #58, #4031 ) ;
#2217 = VERTEX_POINT ( 'NONE', #2743 ) ;
#2218 = ORIENTED_EDGE ( 'NONE', *, *, #4218, .F. ) ;
#2219 = ORIENTED_EDGE ( 'NONE', *, *, #103, .T. ) ;
#2220 = CARTESIAN_POINT ( 'NONE',  ( 0.2250000000000000600, 0.02000000000000000000, 0.4145751311064590500 ) ) ;
#2221 = CARTESIAN_POINT ( 'NONE',  ( 0.5979999999999997500, 0.1250000000000000000, -0.4145751311064591600 ) ) ;
#2222 = DIRECTION ( 'NONE',  ( 1.000000000000000000, 0.0000000000000000000, 0.0000000000000000000 ) ) ;
#2223 = ADVANCED_FACE ( 'NONE', ( #1780 ), #2758, .F. ) ;
#2224 = ORIENTED_EDGE ( 'NONE', *, *, #141, .T. ) ;
#2225 = DIRECTION ( 'NONE',  ( -0.0000000000000000000, 1.000000000000000000, -0.0000000000000000000 ) ) ;
#2226 = DIRECTION ( 'NONE',  ( -1.807003620809174600E-015, -0.0000000000000000000, 1.000000000000000000 ) ) ;
#2227 = ORIENTED_EDGE ( 'NONE', *, *, #710, .F. ) ;
#2228 = MECHANICAL_DESIGN_GEOMETRIC_PRESENTATION_REPRESENTATION (  '', ( #1494 ), #2479 ) ;
#2229 = ORIENTED_EDGE ( 'NONE', *, *, #1384, .T. ) ;
#2230 = DIRECTION ( 'NONE',  ( 0.0000000000000000000, 1.000000000000000000, 0.0000000000000000000 ) ) ;
#2231 = ORIENTED_EDGE ( 'NONE', *, *, #1279, .T. ) ;
#2232 = EDGE_LOOP ( 'NONE', ( #615, #4698, #3055, #4368 ) ) ;
#2233 = EDGE_CURVE ( 'NONE', #3650, #1261, #1905, .T. ) ;
#2234 = CARTESIAN_POINT ( 'NONE',  ( 0.5250000000000000200, 0.1250000000000000000, 0.4998999999999998400 ) ) ;
#2235 = VECTOR ( 'NONE', #3003, 1000.000000000000000 ) ;
#2236 = DIRECTION ( 'NONE',  ( -0.0000000000000000000, 1.000000000000000000, -0.0000000000000000000 ) ) ;
#2237 = VECTOR ( 'NONE', #3499, 1000.000000000000000 ) ;
#2238 = CARTESIAN_POINT ( 'NONE',  ( -0.5250000000000000200, -0.03999999999999999400, -0.1145751311064591400 ) ) ;
#2239 = FILL_AREA_STYLE ('',( #1506 ) ) ;
#2240 = CARTESIAN_POINT ( 'NONE',  ( 0.3750000000000000000, -0.03999999999999999400, -0.4145751311064591600 ) ) ;
#2241 = ADVANCED_FACE ( 'NONE', ( #3591 ), #2193, .F. ) ;
#2242 = VECTOR ( 'NONE', #1892, 1000.000000000000000 ) ;
#2243 = PLANE ( 'NONE',  #4362 ) ;
#2244 = VECTOR ( 'NONE', #3685, 1000.000000000000000 ) ;
#2245 = CARTESIAN_POINT ( 'NONE',  ( -0.5250000000000000200, 0.07500000000000001100, 0.4998999999999998400 ) ) ;
#2246 = VERTEX_POINT ( 'NONE', #2440 ) ;
#2247 = DIRECTION ( 'NONE',  ( -1.807003620809174600E-015, 0.0000000000000000000, 1.000000000000000000 ) ) ;
#2248 = CARTESIAN_POINT ( 'NONE',  ( 0.5999999999999998700, 0.1250000000000000000, 0.1145751311064590700 ) ) ;
#2249 = EDGE_CURVE ( 'NONE', #4046, #3339, #1667, .T. ) ;
#2250 = LINE ( 'NONE', #1697, #2153 ) ;
#2251 = EDGE_LOOP ( 'NONE', ( #318, #2010, #3472, #196 ) ) ;
#2253 = LINE ( 'NONE', #2843, #1284 ) ;
#2252 =( NAMED_UNIT ( * ) SI_UNIT ( $, .STERADIAN. ) SOLID_ANGLE_UNIT ( ) );
#2254 = DIRECTION ( 'NONE',  ( 0.0000000000000000000, -1.000000000000000000, 0.0000000000000000000 ) ) ;
#2255 = CARTESIAN_POINT ( 'NONE',  ( 0.3750000000000000000, 0.02000000000000000000, -0.1145751311064591400 ) ) ;
#2256 = CARTESIAN_POINT ( 'NONE',  ( -0.5250000000000000200, 0.07500000000000001100, 0.4999999999999997800 ) ) ;
#2257 = ORIENTED_EDGE ( 'NONE', *, *, #966, .F. ) ;
#2258 = PLANE ( 'NONE',  #2430 ) ;
#2259 = EDGE_CURVE ( 'NONE', #1699, #1189, #4566, .T. ) ;
#2260 = VERTEX_POINT ( 'NONE', #1819 ) ;
#2261 = VECTOR ( 'NONE', #1571, 1000.000000000000000 ) ;
#2262 = DIRECTION ( 'NONE',  ( 0.0000000000000000000, -1.000000000000000000, 0.0000000000000000000 ) ) ;
#2263 = LINE ( 'NONE', #2904, #4202 ) ;
#2264 = ORIENTED_EDGE ( 'NONE', *, *, #2982, .F. ) ;
#2265 = MECHANICAL_DESIGN_GEOMETRIC_PRESENTATION_REPRESENTATION (  '', ( #1525 ), #2512 ) ;
#2266 = ORIENTED_EDGE ( 'NONE', *, *, #1028, .T. ) ;
#2267 = CARTESIAN_POINT ( 'NONE',  ( -0.4500000000000000100, 0.0000000000000000000, 0.1145751311064590700 ) ) ;
#2268 = DIRECTION ( 'NONE',  ( 0.0000000000000000000, -1.000000000000000000, 0.0000000000000000000 ) ) ;
#2269 = EDGE_CURVE ( 'NONE', #3811, #725, #3479, .T. ) ;
#2270 = LINE ( 'NONE', #607, #4090 ) ;
#2271 = ADVANCED_FACE ( 'NONE', ( #2527 ), #1673, .F. ) ;
#2272 = VECTOR ( 'NONE', #3787, 1000.000000000000000 ) ;
#2273 = VERTEX_POINT ( 'NONE', #1781 ) ;
#2274 = LINE ( 'NONE', #1755, #3121 ) ;
#2275 = ORIENTED_EDGE ( 'NONE', *, *, #3914, .F. ) ;
#2276 = DIRECTION ( 'NONE',  ( 1.000000000000000000, 0.0000000000000000000, 0.0000000000000000000 ) ) ;
#2277 =( NAMED_UNIT ( * ) PLANE_ANGLE_UNIT ( ) SI_UNIT ( $, .RADIAN. ) );
#2278 = CARTESIAN_POINT ( 'NONE',  ( 0.07499999999999998300, 0.0000000000000000000, 0.1145751311064590100 ) ) ;
#2279 = DIRECTION ( 'NONE',  ( 0.0000000000000000000, -1.000000000000000000, 0.0000000000000000000 ) ) ;
#2280 = ORIENTED_EDGE ( 'NONE', *, *, #521, .T. ) ;
#2281 = CARTESIAN_POINT ( 'NONE',  ( 0.5250000000000000200, -0.03999999999999999400, 0.4145751311064590500 ) ) ;
#2282 = CARTESIAN_POINT ( 'NONE',  ( -0.2250000000000000100, -0.03999999999999999400, -0.1145751311064591400 ) ) ;
#2283 =( NAMED_UNIT ( * ) SI_UNIT ( $, .STERADIAN. ) SOLID_ANGLE_UNIT ( ) );
#2284 = EDGE_LOOP ( 'NONE', ( #4537, #1234, #602, #3602 ) ) ;
#2285 = PLANE ( 'NONE',  #3373 ) ;
#2286 = EDGE_CURVE ( 'NONE', #668, #4480, #4342, .T. ) ;
#2287 = UNCERTAINTY_MEASURE_WITH_UNIT (LENGTH_MEASURE( 1.000000000000000100E-005 ), #2691, 'distance_accuracy_value', 'NONE');
#2288 = EDGE_CURVE ( 'NONE', #1164, #2134, #3368, .T. ) ;
#2289 = ORIENTED_EDGE ( 'NONE', *, *, #2924, .F. ) ;
#2290 = ORIENTED_EDGE ( 'NONE', *, *, #3455, .T. ) ;
#2291 = CARTESIAN_POINT ( 'NONE',  ( 0.5250000000000000200, -0.03999999999999999400, -0.1145751311064591400 ) ) ;
#2292 = VECTOR ( 'NONE', #4396, 1000.000000000000000 ) ;
#2293 = UNCERTAINTY_MEASURE_WITH_UNIT (LENGTH_MEASURE( 1.000000000000000100E-005 ), #407, 'distance_accuracy_value', 'NONE');
#2294 = ORIENTED_EDGE ( 'NONE', *, *, #861, .F. ) ;
#2295 = ADVANCED_FACE ( 'NONE', ( #465 ), #1708, .F. ) ;
#2296 = AXIS2_PLACEMENT_3D ( 'NONE', #3535, #4370, #3652 ) ;
#2297 = VERTEX_POINT ( 'NONE', #564 ) ;
#2298 = CARTESIAN_POINT ( 'NONE',  ( 0.2250000000000005900, 0.02000000000000000000, 0.1145751311064591400 ) ) ;
#2299 = CIRCLE ( 'NONE', #3024, 0.07471865278679135100 ) ;
#2300 = DIRECTION ( 'NONE',  ( 1.000000000000000000, 0.0000000000000000000, 0.0000000000000000000 ) ) ;
#2301 = SURFACE_STYLE_USAGE ( .BOTH. , #1637 ) ;
#2302 = DIRECTION ( 'NONE',  ( -0.0000000000000000000, 0.0000000000000000000, 1.000000000000000000 ) ) ;
#2303 = VECTOR ( 'NONE', #502, 1000.000000000000000 ) ;
#2304 = VECTOR ( 'NONE', #4694, 1000.000000000000000 ) ;
#2305 = FACE_OUTER_BOUND ( 'NONE', #2052, .T. ) ;
#2306 = VECTOR ( 'NONE', #462, 1000.000000000000000 ) ;
#2307 = CARTESIAN_POINT ( 'NONE',  ( 0.3750000000000000000, 0.1250000000000000000, -0.5000000000000002200 ) ) ;
#2308 = DIRECTION ( 'NONE',  ( 1.000000000000000000, 0.0000000000000000000, 0.0000000000000000000 ) ) ;
#2309 =( GEOMETRIC_REPRESENTATION_CONTEXT ( 3 ) GLOBAL_UNCERTAINTY_ASSIGNED_CONTEXT ( ( #641 ) ) GLOBAL_UNIT_ASSIGNED_CONTEXT ( ( #715, #911, #935 ) ) REPRESENTATION_CONTEXT ( 'NONE', 'WORKASPACE' ) );
#2310 = PLANE ( 'NONE',  #3382 ) ;
#2311 = LINE ( 'NONE', #4432, #4458 ) ;
#2312 = DIRECTION ( 'NONE',  ( 0.0000000000000000000, -0.0000000000000000000, 1.000000000000000000 ) ) ;
#2313 = ORIENTED_EDGE ( 'NONE', *, *, #3564, .F. ) ;
#2314 = DIRECTION ( 'NONE',  ( -1.000000000000000000, -0.0000000000000000000, -0.0000000000000000000 ) ) ;
#2315 = CARTESIAN_POINT ( 'NONE',  ( 0.5999999999999998700, 0.07500000000000001100, -0.1145751311064591400 ) ) ;
#2316 = EDGE_CURVE ( 'NONE', #2685, #3441, #573, .T. ) ;
#2317 = DIRECTION ( 'NONE',  ( -0.0000000000000000000, 1.000000000000000000, -0.0000000000000000000 ) ) ;
#2318 = VECTOR ( 'NONE', #1562, 1000.000000000000000 ) ;
#2319 = LINE ( 'NONE', #4421, #4252 ) ;
#2320 = CARTESIAN_POINT ( 'NONE',  ( 0.0000000000000000000, -0.03999999999999999400, 0.0000000000000000000 ) ) ;
#2321 = VERTEX_POINT ( 'NONE', #610 ) ;
#2322 = DIRECTION ( 'NONE',  ( -1.000000000000000000, 0.0000000000000000000, -0.0000000000000000000 ) ) ;
#2323 = ORIENTED_EDGE ( 'NONE', *, *, #616, .T. ) ;
#2324 = FACE_BOUND ( 'NONE', #3195, .T. ) ;
#2325 = EDGE_CURVE ( 'NONE', #3799, #2321, #4242, .T. ) ;
#2326 = VECTOR ( 'NONE', #4194, 1000.000000000000000 ) ;
#2327 = ORIENTED_EDGE ( 'NONE', *, *, #837, .T. ) ;
#2328 = PRESENTATION_LAYER_ASSIGNMENT (  '', '', ( #1824 ) ) ;
#2329 = ORIENTED_EDGE ( 'NONE', *, *, #3554, .F. ) ;
#2330 = DIRECTION ( 'NONE',  ( 0.0000000000000000000, 0.0000000000000000000, -1.000000000000000000 ) ) ;
#2331 = PLANE ( 'NONE',  #2920 ) ;
#2332 = ORIENTED_EDGE ( 'NONE', *, *, #991, .F. ) ;
#2333 = LINE ( 'NONE', #4728, #2213 ) ;
#2334 = ORIENTED_EDGE ( 'NONE', *, *, #4465, .F. ) ;
#2335 = EDGE_CURVE ( 'NONE', #4725, #3014, #1332, .T. ) ;
#2336 = SURFACE_STYLE_USAGE ( .BOTH. , #4489 ) ;
#2337 = DIRECTION ( 'NONE',  ( 0.0000000000000000000, 0.0000000000000000000, -1.000000000000000000 ) ) ;
#2338 = PLANE ( 'NONE',  #1928 ) ;
#2339 = LINE ( 'NONE', #423, #1245 ) ;
#2340 = VERTEX_POINT ( 'NONE', #3512 ) ;
#2341 = ORIENTED_EDGE ( 'NONE', *, *, #2132, .T. ) ;
#2342 = ORIENTED_EDGE ( 'NONE', *, *, #451, .T. ) ;
#2343 = CARTESIAN_POINT ( 'NONE',  ( -0.07499999999999992800, 0.1250000000000000000, -0.5000000000000002200 ) ) ;
#2344 = DIRECTION ( 'NONE',  ( 0.0000000000000000000, 0.0000000000000000000, -1.000000000000000000 ) ) ;
#2345 = EDGE_LOOP ( 'NONE', ( #1811, #955, #4577, #3861 ) ) ;
#2346 = AXIS2_PLACEMENT_3D ( 'NONE', #1679, #825, #4477 ) ;
#2347 = ORIENTED_EDGE ( 'NONE', *, *, #2316, .F. ) ;
#2348 = CARTESIAN_POINT ( 'NONE',  ( -0.5250000000000000200, 0.1250000000000000000, 0.4998999999999998400 ) ) ;
#2349 = ORIENTED_EDGE ( 'NONE', *, *, #2666, .T. ) ;
#2350 = EDGE_CURVE ( 'NONE', #3848, #3339, #3259, .T. ) ;
#2351 = DIRECTION ( 'NONE',  ( 0.0000000000000000000, -0.0000000000000000000, -1.000000000000000000 ) ) ;
#2352 = ORIENTED_EDGE ( 'NONE', *, *, #3902, .F. ) ;
#2353 = ORIENTED_EDGE ( 'NONE', *, *, #1705, .F. ) ;
#2354 = DIRECTION ( 'NONE',  ( 0.0000000000000000000, 0.0000000000000000000, 1.000000000000000000 ) ) ;
#2355 = DIRECTION ( 'NONE',  ( 0.0000000000000000000, 0.0000000000000000000, -1.000000000000000000 ) ) ;
#2356 = EDGE_CURVE ( 'NONE', #4227, #859, #4118, .T. ) ;
#2357 = LINE ( 'NONE', #4435, #509 ) ;
#2358 = PLANE ( 'NONE',  #4089 ) ;
#2359 = PRESENTATION_LAYER_ASSIGNMENT (  '', '', ( #2128 ) ) ;
#2360 = VECTOR ( 'NONE', #2458, 1000.000000000000000 ) ;
#2361 = CARTESIAN_POINT ( 'NONE',  ( 0.2250000000000005900, 0.02000000000000000000, 0.1145751311064591400 ) ) ;
#2362 = DIRECTION ( 'NONE',  ( -1.807003620809174600E-015, 0.0000000000000000000, 1.000000000000000000 ) ) ;
#2363 = EDGE_CURVE ( 'NONE', #56, #3664, #1212, .T. ) ;
#2364 = CARTESIAN_POINT ( 'NONE',  ( -0.2250000000000000100, 0.02000000000000000000, 0.1145751311064590100 ) ) ;
#2365 = CARTESIAN_POINT ( 'NONE',  ( 0.5979999999999997500, 0.07500000000000001100, 0.4145751311064590500 ) ) ;
#2366 = DIRECTION ( 'NONE',  ( -1.000000000000000000, 0.0000000000000000000, -9.035018104045833500E-016 ) ) ;
#2367 = VECTOR ( 'NONE', #1259, 1000.000000000000000 ) ;
#2368 = ORIENTED_EDGE ( 'NONE', *, *, #3493, .F. ) ;
#2369 = CARTESIAN_POINT ( 'NONE',  ( 0.5250000000000000200, 0.1250000000000000000, -0.4980000000000001600 ) ) ;
#2370 = CARTESIAN_POINT ( 'NONE',  ( -0.5250000000000000200, 0.1250000000000000000, -0.5000000000000002200 ) ) ;
#2371 = CARTESIAN_POINT ( 'NONE',  ( 0.0000000000000000000, 0.0000000000000000000, -0.4980000000000001600 ) ) ;
#2372 = FACE_OUTER_BOUND ( 'NONE', #2380, .T. ) ;
#2373 = LINE ( 'NONE', #2722, #2884 ) ;
#2374 = ORIENTED_EDGE ( 'NONE', *, *, #2015, .T. ) ;
#2375 = ORIENTED_EDGE ( 'NONE', *, *, #3489, .T. ) ;
#2376 = VECTOR ( 'NONE', #4340, 1000.000000000000000 ) ;
#2377 = PRESENTATION_STYLE_ASSIGNMENT (( #842 ) ) ;
#2378 = ORIENTED_EDGE ( 'NONE', *, *, #854, .F. ) ;
#2379 = DIRECTION ( 'NONE',  ( 0.0000000000000000000, -1.000000000000000000, -0.0000000000000000000 ) ) ;
#2380 = EDGE_LOOP ( 'NONE', ( #1111, #619, #2313, #3303 ) ) ;
#2381 = CARTESIAN_POINT ( 'NONE',  ( 0.5250000000000000200, 0.02000000000000000000, 0.4145751311064590500 ) ) ;
#2382 = ORIENTED_EDGE ( 'NONE', *, *, #4609, .F. ) ;
#2383 = LINE ( 'NONE', #4524, #4201 ) ;
#2384 = ORIENTED_EDGE ( 'NONE', *, *, #1255, .F. ) ;
#2385 = CARTESIAN_POINT ( 'NONE',  ( 0.3750000000000000000, 0.02000000000000000000, 0.1145751311064590100 ) ) ;
#2386 = EDGE_CURVE ( 'NONE', #4473, #489, #3152, .T. ) ;
#2387 = EDGE_LOOP ( 'NONE', ( #1586, #1488, #2178, #2104 ) ) ;
#2388 = CARTESIAN_POINT ( 'NONE',  ( 0.5979999999999997500, 0.1250000000000000000, 0.4145751311064590500 ) ) ;
#2389 = ADVANCED_FACE ( 'NONE', ( #2085 ), #3461, .F. ) ;
#2390 = CARTESIAN_POINT ( 'NONE',  ( 0.3750000000000000000, -0.03999999999999999400, -0.1145751311064591400 ) ) ;
#2391 = CARTESIAN_POINT ( 'NONE',  ( 0.5979999999999997500, 0.1250000000000000000, 0.4145751311064590500 ) ) ;
#2392 = STYLED_ITEM ( 'NONE', ( #2190 ), #4081 ) ;
#2393 = FACE_OUTER_BOUND ( 'NONE', #1395, .T. ) ;
#2394 = CARTESIAN_POINT ( 'NONE',  ( -0.5250000000000000200, -0.03999999999999999400, -0.1145751311064591400 ) ) ;
#2395 = STYLED_ITEM ( 'NONE', ( #3565 ), #441 ) ;
#2396 = ORIENTED_EDGE ( 'NONE', *, *, #347, .T. ) ;
#2397 = VECTOR ( 'NONE', #2059, 1000.000000000000000 ) ;
#2398 = VECTOR ( 'NONE', #3017, 1000.000000000000000 ) ;
#2399 = ORIENTED_EDGE ( 'NONE', *, *, #1477, .T. ) ;
#2400 = DIRECTION ( 'NONE',  ( -1.000000000000000000, 0.0000000000000000000, 0.0000000000000000000 ) ) ;
#2401 = ADVANCED_FACE ( 'NONE', ( #3999 ), #570, .F. ) ;
#2402 = CARTESIAN_POINT ( 'NONE',  ( 0.5250000000000000200, 0.02000000000000000000, 0.4145751311064590500 ) ) ;
#2403 = DIRECTION ( 'NONE',  ( 0.0000000000000000000, -1.000000000000000000, 0.0000000000000000000 ) ) ;
#2404 = CARTESIAN_POINT ( 'NONE',  ( 0.3750000000000000000, 0.1250000000000000000, 0.4998999999999998400 ) ) ;
#2405 = ORIENTED_EDGE ( 'NONE', *, *, #1962, .F. ) ;
#2406 = FILL_AREA_STYLE ('',( #3863 ) ) ;
#2407 = CARTESIAN_POINT ( 'NONE',  ( -0.5999000000000001000, 0.1250000000000000000, 0.4145751311064590500 ) ) ;
#2408 = VERTEX_POINT ( 'NONE', #330 ) ;
#2409 = CARTESIAN_POINT ( 'NONE',  ( 0.5999999999999998700, 0.1250000000000000000, -0.4145751311064591600 ) ) ;
#2410 = PLANE ( 'NONE',  #2909 ) ;
#2411 = AXIS2_PLACEMENT_3D ( 'NONE', #3331, #2626, #3692 ) ;
#2412 = CARTESIAN_POINT ( 'NONE',  ( 0.07499999999999998300, -0.03999999999999999400, -0.4145751311064591600 ) ) ;
#2413 = ORIENTED_EDGE ( 'NONE', *, *, #1924, .F. ) ;
#2414 = CARTESIAN_POINT ( 'NONE',  ( 0.5999999999999998700, 0.07500000000000001100, -0.4145751311064591600 ) ) ;
#2415 = DIRECTION ( 'NONE',  ( -1.000000000000000000, 0.0000000000000000000, -0.0000000000000000000 ) ) ;
#2416 = CARTESIAN_POINT ( 'NONE',  ( -0.07500000000000003900, -0.03999999999999999400, -0.1145751311064591400 ) ) ;
#2417 = VERTEX_POINT ( 'NONE', #2402 ) ;
#2418 = EDGE_CURVE ( 'NONE', #1350, #562, #3899, .T. ) ;
#2419 = ORIENTED_EDGE ( 'NONE', *, *, #742, .F. ) ;
#2420 = EDGE_CURVE ( 'NONE', #2907, #3870, #2922, .T. ) ;
#2421 = CARTESIAN_POINT ( 'NONE',  ( -0.5250000000000000200, 0.0000000000000000000, -0.4145751311064591600 ) ) ;
#2422 = AXIS2_PLACEMENT_3D ( 'NONE', #887, #2379, #170 ) ;
#2423 = CARTESIAN_POINT ( 'NONE',  ( 0.5250000000000000200, -0.03999999999999999400, -0.1145751311064591400 ) ) ;
#2424 = DIRECTION ( 'NONE',  ( 0.0000000000000000000, 0.0000000000000000000, 1.000000000000000000 ) ) ;
#2425 = DIRECTION ( 'NONE',  ( -0.0000000000000000000, -0.0000000000000000000, 1.000000000000000000 ) ) ;
#2426 = LINE ( 'NONE', #112, #4241 ) ;
#2427 = VECTOR ( 'NONE', #3525, 1000.000000000000000 ) ;
#2428 = EDGE_CURVE ( 'NONE', #225, #2565, #111, .T. ) ;
#2429 = ORIENTED_EDGE ( 'NONE', *, *, #2747, .T. ) ;
#2430 = AXIS2_PLACEMENT_3D ( 'NONE', #379, #759, #811 ) ;
#2431 = LINE ( 'NONE', #216, #3370 ) ;
#2432 = DIRECTION ( 'NONE',  ( 1.000000000000000000, 0.0000000000000000000, 0.0000000000000000000 ) ) ;
#2433 = EDGE_CURVE ( 'NONE', #3027, #2604, #980, .T. ) ;
#2434 = FACE_OUTER_BOUND ( 'NONE', #4553, .T. ) ;
#2435 = VERTEX_POINT ( 'NONE', #106 ) ;
#2436 = ORIENTED_EDGE ( 'NONE', *, *, #141, .F. ) ;
#2437 = FACE_OUTER_BOUND ( 'NONE', #3796, .T. ) ;
#2438 = LINE ( 'NONE', #4029, #1464 ) ;
#2439 = ORIENTED_EDGE ( 'NONE', *, *, #560, .T. ) ;
#2440 = CARTESIAN_POINT ( 'NONE',  ( 0.07499999999999998300, 0.1250000000000000000, 0.4999999999999997800 ) ) ;
#2441 = AXIS2_PLACEMENT_3D ( 'NONE', #4115, #4088, #4068 ) ;
#2442 = VECTOR ( 'NONE', #4637, 1000.000000000000000 ) ;
#2443 = FACE_BOUND ( 'NONE', #2162, .T. ) ;
#2444 = VERTEX_POINT ( 'NONE', #840 ) ;
#2445 = VERTEX_POINT ( 'NONE', #799 ) ;
#2446 = PLANE ( 'NONE',  #3096 ) ;
#2447 = CARTESIAN_POINT ( 'NONE',  ( -0.2250000000000000100, 0.02000000000000000000, -0.4145751311064591600 ) ) ;
#2448 = FACE_OUTER_BOUND ( 'NONE', #2, .T. ) ;
#2449 = ORIENTED_EDGE ( 'NONE', *, *, #1036, .F. ) ;
#2450 =( NAMED_UNIT ( * ) SI_UNIT ( $, .STERADIAN. ) SOLID_ANGLE_UNIT ( ) );
#2451 = EDGE_CURVE ( 'NONE', #1595, #307, #851, .T. ) ;
#2452 = LINE ( 'NONE', #532, #1358 ) ;
#2453 = CARTESIAN_POINT ( 'NONE',  ( 0.2249999999999999500, -0.03999999999999999400, -0.1145751311064591400 ) ) ;
#2454 = ORIENTED_EDGE ( 'NONE', *, *, #2386, .T. ) ;
#2455 = DIRECTION ( 'NONE',  ( -0.0000000000000000000, -0.0000000000000000000, 1.000000000000000000 ) ) ;
#2456 =( NAMED_UNIT ( * ) PLANE_ANGLE_UNIT ( ) SI_UNIT ( $, .RADIAN. ) );
#2457 = AXIS2_PLACEMENT_3D ( 'NONE', #1530, #2633, #439 ) ;
#2458 = DIRECTION ( 'NONE',  ( 0.0000000000000000000, 0.0000000000000000000, -1.000000000000000000 ) ) ;
#2459 = AXIS2_PLACEMENT_3D ( 'NONE', #2917, #4700, #2798 ) ;
#2460 = EDGE_LOOP ( 'NONE', ( #4041, #4010, #553, #707 ) ) ;
#2461 = ORIENTED_EDGE ( 'NONE', *, *, #2286, .F. ) ;
#2462 = EDGE_CURVE ( 'NONE', #2435, #2855, #4613, .T. ) ;
#2463 = ORIENTED_EDGE ( 'NONE', *, *, #1268, .F. ) ;
#2464 = FILL_AREA_STYLE_COLOUR ( '', #4293 ) ;
#2465 = CARTESIAN_POINT ( 'NONE',  ( -0.3750000000000000000, 0.02000000000000000000, -0.1145751311064591400 ) ) ;
#2466 = CARTESIAN_POINT ( 'NONE',  ( 0.5979999999999997500, 0.1250000000000001900, -0.1145751311064591600 ) ) ;
#2467 = EDGE_LOOP ( 'NONE', ( #2323, #2589, #12, #1224 ) ) ;
#2468 = VERTEX_POINT ( 'NONE', #4145 ) ;
#2469 = DIRECTION ( 'NONE',  ( 1.000000000000000000, 0.0000000000000000000, 9.035018104045833500E-016 ) ) ;
#2470 =( LENGTH_UNIT ( ) NAMED_UNIT ( * ) SI_UNIT ( .MILLI., .METRE. ) );
#2471 = AXIS2_PLACEMENT_3D ( 'NONE', #782, #1964, #468 ) ;
#2472 = ORIENTED_EDGE ( 'NONE', *, *, #1095, .T. ) ;
#2473 = DIRECTION ( 'NONE',  ( -1.000000000000000000, -0.0000000000000000000, -0.0000000000000000000 ) ) ;
#2474 = DIRECTION ( 'NONE',  ( -0.0000000000000000000, -1.000000000000000000, -0.0000000000000000000 ) ) ;
#2475 = FACE_OUTER_BOUND ( 'NONE', #3530, .T. ) ;
#2476 = VERTEX_POINT ( 'NONE', #1225 ) ;
#2477 = CARTESIAN_POINT ( 'NONE',  ( -0.5250000000000000200, 0.02000000000000000000, 0.1895751311064590200 ) ) ;
#2478 = VECTOR ( 'NONE', #4246, 1000.000000000000000 ) ;
#2479 =( GEOMETRIC_REPRESENTATION_CONTEXT ( 3 ) GLOBAL_UNCERTAINTY_ASSIGNED_CONTEXT ( ( #2293 ) ) GLOBAL_UNIT_ASSIGNED_CONTEXT ( ( #407, #2969, #776 ) ) REPRESENTATION_CONTEXT ( 'NONE', 'WORKASPACE' ) );
#2480 = VECTOR ( 'NONE', #2455, 1000.000000000000000 ) ;
#2481 = SURFACE_STYLE_USAGE ( .BOTH. , #2492 ) ;
#2482 = DIRECTION ( 'NONE',  ( 1.000000000000000000, -0.0000000000000000000, 1.807003620809175000E-015 ) ) ;
#2483 = CARTESIAN_POINT ( 'NONE',  ( 0.5999999999999998700, 0.1250000000000000000, -0.4145751311064591600 ) ) ;
#2484 = SURFACE_STYLE_FILL_AREA ( #2816 ) ;
#2485 = FACE_OUTER_BOUND ( 'NONE', #1945, .T. ) ;
#2486 = ORIENTED_EDGE ( 'NONE', *, *, #3323, .T. ) ;
#2487 = VERTEX_POINT ( 'NONE', #4542 ) ;
#2488 = ORIENTED_EDGE ( 'NONE', *, *, #4624, .F. ) ;
#2489 = PLANE ( 'NONE',  #2088 ) ;
#2490 = CARTESIAN_POINT ( 'NONE',  ( 0.3750000000000000000, 0.02000000000000000000, -0.1145751311064591400 ) ) ;
#2491 = LINE ( 'NONE', #173, #1510 ) ;
#2492 = SURFACE_SIDE_STYLE ('',( #2934 ) ) ;
#2493 = ORIENTED_EDGE ( 'NONE', *, *, #1268, .T. ) ;
#2494 = VECTOR ( 'NONE', #3803, 1000.000000000000000 ) ;
#2495 = DIRECTION ( 'NONE',  ( 0.0000000000000000000, -1.000000000000000000, 0.0000000000000000000 ) ) ;
#2496 =( NAMED_UNIT ( * ) SI_UNIT ( $, .STERADIAN. ) SOLID_ANGLE_UNIT ( ) );
#2497 = ORIENTED_EDGE ( 'NONE', *, *, #1674, .T. ) ;
#2498 = UNCERTAINTY_MEASURE_WITH_UNIT (LENGTH_MEASURE( 1.000000000000000100E-005 ), #1356, 'distance_accuracy_value', 'NONE');
#2499 = EDGE_CURVE ( 'NONE', #1350, #2260, #2697, .T. ) ;
#2500 = ORIENTED_EDGE ( 'NONE', *, *, #3564, .T. ) ;
#2501 = CARTESIAN_POINT ( 'NONE',  ( -0.2250000000000000100, -0.03999999999999999400, 0.4145751311064590500 ) ) ;
#2502 = PLANE ( 'NONE',  #2929 ) ;
#2503 = LINE ( 'NONE', #2181, #1640 ) ;
#2504 = ORIENTED_EDGE ( 'NONE', *, *, #729, .T. ) ;
#2505 = AXIS2_PLACEMENT_3D ( 'NONE', #3844, #4063, #3981 ) ;
#2506 = FILL_AREA_STYLE_COLOUR ( '', #1233 ) ;
#2507 = EDGE_CURVE ( 'NONE', #2016, #4227, #1724, .T. ) ;
#2508 = ORIENTED_EDGE ( 'NONE', *, *, #2842, .T. ) ;
#2509 = FILL_AREA_STYLE ('',( #2682 ) ) ;
#2510 = DIRECTION ( 'NONE',  ( -1.000000000000000000, 0.0000000000000000000, 0.0000000000000000000 ) ) ;
#2511 = CARTESIAN_POINT ( 'NONE',  ( -0.5999000000000001000, 0.1250000000000000000, 0.4145751311064590500 ) ) ;
#2512 =( GEOMETRIC_REPRESENTATION_CONTEXT ( 3 ) GLOBAL_UNCERTAINTY_ASSIGNED_CONTEXT ( ( #2287 ) ) GLOBAL_UNIT_ASSIGNED_CONTEXT ( ( #2691, #495, #3054 ) ) REPRESENTATION_CONTEXT ( 'NONE', 'WORKASPACE' ) );
#2513 = ADVANCED_FACE ( 'NONE', ( #4505, #4717, #2576, #1604, #629 ), #4106, .F. ) ;
#2514 = ADVANCED_FACE ( 'NONE', ( #4394 ), #235, .F. ) ;
#2515 = VERTEX_POINT ( 'NONE', #212 ) ;
#2516 = EDGE_CURVE ( 'NONE', #2604, #2444, #4150, .T. ) ;
#2517 = CARTESIAN_POINT ( 'NONE',  ( -0.5999000000000001000, 0.0000000000000000000, 0.0000000000000000000 ) ) ;
#2518 = CARTESIAN_POINT ( 'NONE',  ( -0.6000000000000000900, 0.07500000000000001100, 0.1145751311064591400 ) ) ;
#2519 = CARTESIAN_POINT ( 'NONE',  ( -0.2250000000000000100, 0.02000000000000000000, 0.1145751311064590100 ) ) ;
#2520 = EDGE_LOOP ( 'NONE', ( #1733, #954, #134, #2793 ) ) ;
#2521 = PLANE ( 'NONE',  #467 ) ;
#2522 = ORIENTED_EDGE ( 'NONE', *, *, #3531, .F. ) ;
#2523 = ORIENTED_EDGE ( 'NONE', *, *, #3619, .F. ) ;
#2524 = DIRECTION ( 'NONE',  ( -9.035018104045833500E-016, 0.0000000000000000000, 1.000000000000000000 ) ) ;
#2525 =( LENGTH_UNIT ( ) NAMED_UNIT ( * ) SI_UNIT ( .MILLI., .METRE. ) );
#2526 = COLOUR_RGB ( '',1.000000000000000000, 1.000000000000000000, 1.000000000000000000 ) ;
#2527 = FACE_OUTER_BOUND ( 'NONE', #1608, .T. ) ;
#2528 = EDGE_CURVE ( 'NONE', #2016, #1359, #1239, .T. ) ;
#2529 = CARTESIAN_POINT ( 'NONE',  ( -0.5999000000000001000, 0.07500000000000001100, -0.1145751311064591400 ) ) ;
#2530 = DIRECTION ( 'NONE',  ( -0.0000000000000000000, -0.0000000000000000000, 1.000000000000000000 ) ) ;
#2531 = EDGE_CURVE ( 'NONE', #750, #2568, #2212, .T. ) ;
#2532 = ADVANCED_FACE ( 'NONE', ( #1116 ), #919, .F. ) ;
#2533 = FACE_OUTER_BOUND ( 'NONE', #432, .T. ) ;
#2534 = SURFACE_STYLE_FILL_AREA ( #1287 ) ;
#2535 = FACE_OUTER_BOUND ( 'NONE', #534, .T. ) ;
#2536 = ORIENTED_EDGE ( 'NONE', *, *, #214, .F. ) ;
#2537 = CARTESIAN_POINT ( 'NONE',  ( 0.07499999999999998300, 0.0000000000000000000, -0.1145751311064591400 ) ) ;
#2538 = CARTESIAN_POINT ( 'NONE',  ( 0.07499999999999998300, 0.1250000000000000000, 0.4998999999999998400 ) ) ;
#2539 = CARTESIAN_POINT ( 'NONE',  ( -0.5250000000000000200, 0.02000000000000000000, 0.4145751311064590500 ) ) ;
#2540 = VECTOR ( 'NONE', #1796, 1000.000000000000000 ) ;
#2541 = LINE ( 'NONE', #2595, #3271 ) ;
#2542 = ORIENTED_EDGE ( 'NONE', *, *, #3047, .T. ) ;
#2543 = LINE ( 'NONE', #2847, #4358 ) ;
#2544 = CARTESIAN_POINT ( 'NONE',  ( -0.5250000000000000200, 0.02000000000000000000, -0.4145751311064591600 ) ) ;
#2545 = CARTESIAN_POINT ( 'NONE',  ( 0.5250000000000000200, 0.02000000000000000000, 0.4145751311064590500 ) ) ;
#2546 = LINE ( 'NONE', #3808, #1570 ) ;
#2547 = ORIENTED_EDGE ( 'NONE', *, *, #1132, .F. ) ;
#2548 = ORIENTED_EDGE ( 'NONE', *, *, #373, .F. ) ;
#2549 = LINE ( 'NONE', #709, #1575 ) ;
#2550 = CLOSED_SHELL ( 'NONE', ( #4680, #2241, #3221, #4562, #4204, #768 ) ) ;
#2551 = CARTESIAN_POINT ( 'NONE',  ( 0.3750000000000000000, -0.03999999999999999400, 0.1145751311064590100 ) ) ;
#2552 = PLANE ( 'NONE',  #228 ) ;
#2553 = FACE_OUTER_BOUND ( 'NONE', #1677, .T. ) ;
#2554 = ADVANCED_FACE ( 'NONE', ( #135 ), #1286, .F. ) ;
#2555 = EDGE_CURVE ( 'NONE', #4480, #2444, #3917, .T. ) ;
#2556 = ADVANCED_FACE ( 'NONE', ( #366 ), #1635, .F. ) ;
#2557 = ORIENTED_EDGE ( 'NONE', *, *, #2433, .F. ) ;
#2558 = ORIENTED_EDGE ( 'NONE', *, *, #4392, .T. ) ;
#2559 = CARTESIAN_POINT ( 'NONE',  ( -0.2250000000000000100, 0.1250000000000000000, -0.5000000000000002200 ) ) ;
#2560 = EDGE_CURVE ( 'NONE', #4155, #880, #2111, .T. ) ;
#2561 = MECHANICAL_DESIGN_GEOMETRIC_PRESENTATION_REPRESENTATION (  '', ( #1824 ), #2804 ) ;
#2562 = ORIENTED_EDGE ( 'NONE', *, *, #2015, .F. ) ;
#2563 = SURFACE_STYLE_USAGE ( .BOTH. , #3301 ) ;
#2564 = EDGE_CURVE ( 'NONE', #1138, #2565, #1004, .T. ) ;
#2565 = VERTEX_POINT ( 'NONE', #2031 ) ;
#2566 = CARTESIAN_POINT ( 'NONE',  ( -0.3749999999999998900, 0.1250000000000000000, 0.4999999999999997800 ) ) ;
#2567 = EDGE_LOOP ( 'NONE', ( #1483, #408, #306, #694 ) ) ;
#2568 = VERTEX_POINT ( 'NONE', #2070 ) ;
#2569 = CARTESIAN_POINT ( 'NONE',  ( -0.2250000000000000100, 0.1250000000000000000, 0.4998999999999998400 ) ) ;
#2570 = CARTESIAN_POINT ( 'NONE',  ( -0.5250000000000000200, 0.07500000000000001100, 0.4998999999999998400 ) ) ;
#2571 = LINE ( 'NONE', #4043, #622 ) ;
#2572 = ADVANCED_FACE ( 'NONE', ( #1988 ), #2054, .F. ) ;
#2573 = ADVANCED_FACE ( 'NONE', ( #2838 ), #2013, .F. ) ;
#2574 = DIRECTION ( 'NONE',  ( -0.0000000000000000000, 1.000000000000000000, 0.0000000000000000000 ) ) ;
#2575 = VECTOR ( 'NONE', #4564, 1000.000000000000000 ) ;
#2576 = FACE_BOUND ( 'NONE', #2960, .T. ) ;
#2577 = DIRECTION ( 'NONE',  ( 1.000000000000000000, 0.0000000000000000000, 9.035018104045833500E-016 ) ) ;
#2578 = CARTESIAN_POINT ( 'NONE',  ( 0.07499999999999998300, 0.1250000000000000000, -0.4980000000000001600 ) ) ;
#2579 = EDGE_CURVE ( 'NONE', #2260, #3012, #4636, .T. ) ;
#2580 = VECTOR ( 'NONE', #4283, 1000.000000000000000 ) ;
#2581 = FACE_BOUND ( 'NONE', #3410, .T. ) ;
#2582 = VECTOR ( 'NONE', #4414, 1000.000000000000000 ) ;
#2583 = ORIENTED_EDGE ( 'NONE', *, *, #4388, .F. ) ;
#2584 = PLANE ( 'NONE',  #1610 ) ;
#2585 = CARTESIAN_POINT ( 'NONE',  ( 0.5250000000000000200, -0.03999999999999999400, -0.4145751311064591600 ) ) ;
#2586 = FILL_AREA_STYLE ('',( #3609 ) ) ;
#2587 = EDGE_CURVE ( 'NONE', #344, #4155, #877, .T. ) ;
#2588 = DIRECTION ( 'NONE',  ( 0.0000000000000000000, -0.0000000000000000000, 1.000000000000000000 ) ) ;
#2589 = ORIENTED_EDGE ( 'NONE', *, *, #4275, .F. ) ;
#2590 = ORIENTED_EDGE ( 'NONE', *, *, #4051, .T. ) ;
#2591 = MECHANICAL_DESIGN_GEOMETRIC_PRESENTATION_REPRESENTATION (  '', ( #2128 ), #2848 ) ;
#2592 = AXIS2_PLACEMENT_3D ( 'NONE', #905, #2403, #3854 ) ;
#2593 = VECTOR ( 'NONE', #3016, 1000.000000000000000 ) ;
#2594 = ORIENTED_EDGE ( 'NONE', *, *, #3291, .F. ) ;
#2595 = CARTESIAN_POINT ( 'NONE',  ( -0.07500000000000003900, 0.02000000000000000000, -0.1145751311064591400 ) ) ;
#2596 = DIRECTION ( 'NONE',  ( -0.0000000000000000000, -1.000000000000000000, -0.0000000000000000000 ) ) ;
#2597 = EDGE_CURVE ( 'NONE', #2604, #3678, #3668, .T. ) ;
#2598 = DIRECTION ( 'NONE',  ( -0.0000000000000000000, 1.000000000000000000, -0.0000000000000000000 ) ) ;
#2599 = ADVANCED_FACE ( 'NONE', ( #3558 ), #3026, .F. ) ;
#2600 = ADVANCED_FACE ( 'NONE', ( #4530 ), #2998, .F. ) ;
#2601 = EDGE_LOOP ( 'NONE', ( #1727, #2382, #2463, #2953 ) ) ;
#2602 = LINE ( 'NONE', #3677, #535 ) ;
#2603 = FACE_OUTER_BOUND ( 'NONE', #4357, .T. ) ;
#2604 = VERTEX_POINT ( 'NONE', #3336 ) ;
#2605 = EDGE_LOOP ( 'NONE', ( #4139, #68, #961, #2837 ) ) ;
#2606 = SURFACE_STYLE_USAGE ( .BOTH. , #29 ) ;
#2607 = DIRECTION ( 'NONE',  ( -0.0000000000000000000, -0.0000000000000000000, 1.000000000000000000 ) ) ;
#2608 = LINE ( 'NONE', #3824, #3065 ) ;
#2609 = ORIENTED_EDGE ( 'NONE', *, *, #2774, .T. ) ;
#2610 = CARTESIAN_POINT ( 'NONE',  ( 0.5979999999999997500, 0.1250000000000000000, -0.4145751311064591600 ) ) ;
#2611 = AXIS2_PLACEMENT_3D ( 'NONE', #4492, #4476, #1950 ) ;
#2612 = CARTESIAN_POINT ( 'NONE',  ( -0.3750000000000000000, -0.03999999999999999400, -0.4145751311064591600 ) ) ;
#2613 = FACE_OUTER_BOUND ( 'NONE', #2345, .T. ) ;
#2614 = ORIENTED_EDGE ( 'NONE', *, *, #4109, .F. ) ;
#2615 = DIRECTION ( 'NONE',  ( -1.807003620809174600E-015, -0.0000000000000000000, 1.000000000000000000 ) ) ;
#2616 = CARTESIAN_POINT ( 'NONE',  ( 0.3750000000000000000, 0.02000000000000000000, -0.1145751311064591400 ) ) ;
#2617 = EDGE_LOOP ( 'NONE', ( #129, #186, #989, #3438 ) ) ;
#2618 = EDGE_CURVE ( 'NONE', #1118, #1137, #1862, .T. ) ;
#2619 = APPLICATION_PROTOCOL_DEFINITION ( 'draft international standard', 'automotive_design', 1998, #2987 ) ;
#2620 = CARTESIAN_POINT ( 'NONE',  ( 0.3750000000000000000, -0.03999999999999999400, -0.1145751311064591400 ) ) ;
#2621 = DIRECTION ( 'NONE',  ( -0.0000000000000000000, 1.000000000000000000, -0.0000000000000000000 ) ) ;
#2622 = CARTESIAN_POINT ( 'NONE',  ( -0.3749999999999998900, 0.0000000000000000000, 0.4145751311064590500 ) ) ;
#2623 = ORIENTED_EDGE ( 'NONE', *, *, #207, .T. ) ;
#2624 = AXIS2_PLACEMENT_3D ( 'NONE', #862, #1994, #4516 ) ;
#2625 = ORIENTED_EDGE ( 'NONE', *, *, #3315, .T. ) ;
#2626 = DIRECTION ( 'NONE',  ( 1.000000000000000000, -0.0000000000000000000, 1.807003620809175000E-015 ) ) ;
#2627 = AXIS2_PLACEMENT_3D ( 'NONE', #4300, #1171, #220 ) ;
#2628 = DIRECTION ( 'NONE',  ( -1.000000000000000000, -0.0000000000000000000, -0.0000000000000000000 ) ) ;
#2629 = PLANE ( 'NONE',  #1935 ) ;
#2630 = VERTEX_POINT ( 'NONE', #3734 ) ;
#2631 = DIRECTION ( 'NONE',  ( -0.0000000000000000000, 0.0000000000000000000, 1.000000000000000000 ) ) ;
#2632 = CARTESIAN_POINT ( 'NONE',  ( -0.3749999999999998900, 0.07500000000000001100, -0.5000000000000002200 ) ) ;
#2633 = DIRECTION ( 'NONE',  ( -0.0000000000000000000, 0.0000000000000000000, 1.000000000000000000 ) ) ;
#2634 = DIRECTION ( 'NONE',  ( -0.0000000000000000000, 1.000000000000000000, -0.0000000000000000000 ) ) ;
#2635 = ORIENTED_EDGE ( 'NONE', *, *, #3291, .T. ) ;
#2636 = ORIENTED_EDGE ( 'NONE', *, *, #4498, .T. ) ;
#2637 = APPLICATION_CONTEXT ( 'automotive_design' ) ;
#2638 = DIRECTION ( 'NONE',  ( 0.0000000000000000000, -1.000000000000000000, 0.0000000000000000000 ) ) ;
#2639 = SURFACE_STYLE_USAGE ( .BOTH. , #446 ) ;
#2640 = CARTESIAN_POINT ( 'NONE',  ( -0.5250000000000000200, 0.07500000000000001100, 0.4999999999999997800 ) ) ;
#2641 = UNCERTAINTY_MEASURE_WITH_UNIT (LENGTH_MEASURE( 1.000000000000000100E-005 ), #3686, 'distance_accuracy_value', 'NONE');
#2642 = VECTOR ( 'NONE', #1976, 1000.000000000000000 ) ;
#2643 = VECTOR ( 'NONE', #2139, 1000.000000000000000 ) ;
#2644 = CARTESIAN_POINT ( 'NONE',  ( 0.5999999999999998700, 0.0000000000000000000, -0.5000000000000002200 ) ) ;
#2645 = DIRECTION ( 'NONE',  ( 0.0000000000000000000, 0.0000000000000000000, -1.000000000000000000 ) ) ;
#2646 = LINE ( 'NONE', #4184, #688 ) ;
#2647 = ORIENTED_EDGE ( 'NONE', *, *, #3232, .T. ) ;
#2648 = FILL_AREA_STYLE_COLOUR ( '', #1349 ) ;
#2649 = EDGE_CURVE ( 'NONE', #7, #4105, #1630, .T. ) ;
#2650 = LINE ( 'NONE', #4525, #690 ) ;
#2651 = VECTOR ( 'NONE', #2068, 1000.000000000000000 ) ;
#2652 = EDGE_LOOP ( 'NONE', ( #2944, #1929, #3272, #3821 ) ) ;
#2653 = EDGE_CURVE ( 'NONE', #4558, #3696, #652, .T. ) ;
#2654 = PRESENTATION_LAYER_ASSIGNMENT (  '', '', ( #2177 ) ) ;
#2655 = VECTOR ( 'NONE', #3393, 1000.000000000000000 ) ;
#2656 = DIRECTION ( 'NONE',  ( 0.0000000000000000000, -1.000000000000000000, 0.0000000000000000000 ) ) ;
#2657 =( LENGTH_UNIT ( ) NAMED_UNIT ( * ) SI_UNIT ( .MILLI., .METRE. ) );
#2658 = AXIS2_PLACEMENT_3D ( 'NONE', #2668, #2598, #2424 ) ;
#2659 = EDGE_LOOP ( 'NONE', ( #674, #215, #3419, #253 ) ) ;
#2660 = EDGE_CURVE ( 'NONE', #3690, #562, #2602, .T. ) ;
#2661 = FACE_OUTER_BOUND ( 'NONE', #4581, .T. ) ;
#2662 = VECTOR ( 'NONE', #3209, 1000.000000000000000 ) ;
#2663 = CARTESIAN_POINT ( 'NONE',  ( -0.2250000000000000100, -0.03999999999999999400, -0.1145751311064591400 ) ) ;
#2664 = ORIENTED_EDGE ( 'NONE', *, *, #451, .F. ) ;
#2665 = FILL_AREA_STYLE ('',( #2648 ) ) ;
#2666 = EDGE_CURVE ( 'NONE', #4578, #501, #3442, .T. ) ;
#2667 = LINE ( 'NONE', #818, #4367 ) ;
#2668 = CARTESIAN_POINT ( 'NONE',  ( -0.4533896235159318200, 0.3099000000000000100, 0.3572429355358508500 ) ) ;
#2669 = VERTEX_POINT ( 'NONE', #4189 ) ;
#2670 = LINE ( 'NONE', #1202, #3510 ) ;
#2671 = EDGE_LOOP ( 'NONE', ( #1559, #3392, #2732, #3327 ) ) ;
#2672 = DIRECTION ( 'NONE',  ( -1.000000000000000000, 0.0000000000000000000, -0.0000000000000000000 ) ) ;
#2673 = FILL_AREA_STYLE ('',( #2888 ) ) ;
#2674 = CARTESIAN_POINT ( 'NONE',  ( -0.2250000000000000100, -0.03999999999999999400, -0.1145751311064591400 ) ) ;
#2675 = ORIENTED_EDGE ( 'NONE', *, *, #4729, .T. ) ;
#2676 = CARTESIAN_POINT ( 'NONE',  ( 0.5250000000000000200, 0.02000000000000000000, -0.4145751311064591600 ) ) ;
#2677 = CARTESIAN_POINT ( 'NONE',  ( 0.5250000000000005800, 0.02000000000000000000, 0.1145751311064591400 ) ) ;
#2678 = PLANE ( 'NONE',  #929 ) ;
#2679 = CARTESIAN_POINT ( 'NONE',  ( -0.07499999999999938700, -0.03999999999999999400, 0.1145751311064591400 ) ) ;
#2680 = CARTESIAN_POINT ( 'NONE',  ( -0.07499999999999992800, -0.03999999999999999400, 0.4145751311064590500 ) ) ;
#2681 = ORIENTED_EDGE ( 'NONE', *, *, #1856, .T. ) ;
#2682 = FILL_AREA_STYLE_COLOUR ( '', #4726 ) ;
#2683 = EDGE_CURVE ( 'NONE', #1591, #668, #1516, .T. ) ;
#2684 = ORIENTED_EDGE ( 'NONE', *, *, #2751, .F. ) ;
#2685 = VERTEX_POINT ( 'NONE', #4508 ) ;
#2686 = PLANE ( 'NONE',  #1647 ) ;
#2687 = CARTESIAN_POINT ( 'NONE',  ( 0.5250000000000000200, -0.03999999999999999400, -0.4145751311064591600 ) ) ;
#2688 = ORIENTED_EDGE ( 'NONE', *, *, #4595, .F. ) ;
#2689 = ORIENTED_EDGE ( 'NONE', *, *, #4595, .T. ) ;
#2690 = EDGE_CURVE ( 'NONE', #418, #4232, #2383, .T. ) ;
#2691 =( LENGTH_UNIT ( ) NAMED_UNIT ( * ) SI_UNIT ( .MILLI., .METRE. ) );
#2692 = VECTOR ( 'NONE', #1502, 1000.000000000000000 ) ;
#2693 = ORIENTED_EDGE ( 'NONE', *, *, #1711, .F. ) ;
#2694 = CARTESIAN_POINT ( 'NONE',  ( -0.2250000000000000100, -0.0000000000000000000, -0.1145751311064591400 ) ) ;
#2695 = CARTESIAN_POINT ( 'NONE',  ( 0.2250000000000000600, 0.02000000000000000000, 0.4145751311064590500 ) ) ;
#2696 = VECTOR ( 'NONE', #552, 1000.000000000000000 ) ;
#2697 = LINE ( 'NONE', #1588, #732 ) ;
#2698 = PLANE ( 'NONE',  #2152 ) ;
#2699 = FACE_OUTER_BOUND ( 'NONE', #1925, .T. ) ;
#2700 = LINE ( 'NONE', #4257, #4511 ) ;
#2701 = CARTESIAN_POINT ( 'NONE',  ( 0.07499999999999998300, 0.07500000000000001100, 0.4998999999999998400 ) ) ;
#2702 = FACE_BOUND ( 'NONE', #4443, .T. ) ;
#2703 = VECTOR ( 'NONE', #3746, 1000.000000000000000 ) ;
#2704 = CARTESIAN_POINT ( 'NONE',  ( 0.5250000000000000200, 0.0000000000000000000, 0.4145751311064590500 ) ) ;
#2705 = ORIENTED_EDGE ( 'NONE', *, *, #1370, .F. ) ;
#2706 = EDGE_LOOP ( 'NONE', ( #2952, #1490, #1642, #1848 ) ) ;
#2707 = CARTESIAN_POINT ( 'NONE',  ( 0.2250000000000000600, 0.1250000000000000000, -0.4980000000000001600 ) ) ;
#2708 = FACE_OUTER_BOUND ( 'NONE', #1190, .T. ) ;
#2709 = PRESENTATION_STYLE_ASSIGNMENT (( #2336 ) ) ;
#2710 = FILL_AREA_STYLE_COLOUR ( '', #4683 ) ;
#2711 = VERTEX_POINT ( 'NONE', #4572 ) ;
#2712 = LINE ( 'NONE', #3978, #421 ) ;
#2713 = VECTOR ( 'NONE', #456, 1000.000000000000000 ) ;
#2714 = ORIENTED_EDGE ( 'NONE', *, *, #2335, .T. ) ;
#2715 = FILL_AREA_STYLE_COLOUR ( '', #2526 ) ;
#2716 = SURFACE_STYLE_USAGE ( .BOTH. , #1518 ) ;
#2717 = ORIENTED_EDGE ( 'NONE', *, *, #4624, .T. ) ;
#2718 = VECTOR ( 'NONE', #2645, 1000.000000000000000 ) ;
#2719 = LINE ( 'NONE', #636, #1749 ) ;
#2720 = ORIENTED_EDGE ( 'NONE', *, *, #1585, .T. ) ;
#2721 = ORIENTED_EDGE ( 'NONE', *, *, #1188, .F. ) ;
#2722 = CARTESIAN_POINT ( 'NONE',  ( 0.3750000000000000000, -0.03999999999999999400, -0.4145751311064591600 ) ) ;
#2723 = CARTESIAN_POINT ( 'NONE',  ( 0.5250000000000000200, 0.02000000000000000000, -0.1145751311064591400 ) ) ;
#2724 = VERTEX_POINT ( 'NONE', #4587 ) ;
#2725 = PLANE ( 'NONE',  #3911 ) ;
#2726 = CARTESIAN_POINT ( 'NONE',  ( 0.07499999999999998300, 0.0000000000000000000, 0.4145751311064590500 ) ) ;
#2727 = CARTESIAN_POINT ( 'NONE',  ( 0.5250000000000000200, 0.1250000000000000000, 0.4998999999999998400 ) ) ;
#2728 = CARTESIAN_POINT ( 'NONE',  ( 0.3750000000000000000, 0.07500000000000001100, -0.5000000000000002200 ) ) ;
#2729 = ORIENTED_EDGE ( 'NONE', *, *, #474, .F. ) ;
#2730 = DIRECTION ( 'NONE',  ( -1.000000000000000000, 0.0000000000000000000, -9.035018104045833500E-016 ) ) ;
#2731 = DIRECTION ( 'NONE',  ( 1.000000000000000000, 0.0000000000000000000, 0.0000000000000000000 ) ) ;
#2732 = ORIENTED_EDGE ( 'NONE', *, *, #4474, .F. ) ;
#2733 = EDGE_LOOP ( 'NONE', ( #2349, #2791, #3112, #4697 ) ) ;
#2734 = DIRECTION ( 'NONE',  ( -0.0000000000000000000, -1.000000000000000000, -0.0000000000000000000 ) ) ;
#2735 = ORIENTED_EDGE ( 'NONE', *, *, #506, .F. ) ;
#2736 = EDGE_CURVE ( 'NONE', #4105, #3938, #425, .T. ) ;
#2737 = CARTESIAN_POINT ( 'NONE',  ( 0.5250000000000000200, 0.07500000000000001100, 0.4998999999999998400 ) ) ;
#2738 = DIRECTION ( 'NONE',  ( -0.0000000000000000000, 1.000000000000000000, -2.710505431213751200E-016 ) ) ;
#2739 = DIRECTION ( 'NONE',  ( 9.035018104045833500E-016, 0.0000000000000000000, -1.000000000000000000 ) ) ;
#2740 = ORIENTED_EDGE ( 'NONE', *, *, #1305, .F. ) ;
#2741 = VERTEX_POINT ( 'NONE', #3363 ) ;
#2742 = ADVANCED_FACE ( 'NONE', ( #311 ), #1210, .F. ) ;
#2743 = CARTESIAN_POINT ( 'NONE',  ( 0.3750000000000000000, 0.07500000000000001100, -0.5000000000000002200 ) ) ;
#2744 = SURFACE_SIDE_STYLE ('',( #4536 ) ) ;
#2745 = FACE_OUTER_BOUND ( 'NONE', #191, .T. ) ;
#2746 = CARTESIAN_POINT ( 'NONE',  ( 0.5250000000000002400, 0.07500000000000001100, -0.5000000000000002200 ) ) ;
#2747 = EDGE_CURVE ( 'NONE', #606, #4558, #4083, .T. ) ;
#2748 = SURFACE_STYLE_FILL_AREA ( #3939 ) ;
#2749 = DIRECTION ( 'NONE',  ( 1.807003620809175000E-015, 0.0000000000000000000, -1.000000000000000000 ) ) ;
#2750 = CARTESIAN_POINT ( 'NONE',  ( -0.3750000000000000000, 0.02000000000000000000, -0.1145751311064591400 ) ) ;
#2751 = EDGE_CURVE ( 'NONE', #501, #1707, #4308, .T. ) ;
#2752 = LINE ( 'NONE', #4485, #2875 ) ;
#2753 = VECTOR ( 'NONE', #2912, 1000.000000000000000 ) ;
#2754 = PLANE ( 'NONE',  #1194 ) ;
#2755 = DIRECTION ( 'NONE',  ( -0.0000000000000000000, 0.0000000000000000000, 1.000000000000000000 ) ) ;
#2756 = SURFACE_STYLE_FILL_AREA ( #3208 ) ;
#2757 = VECTOR ( 'NONE', #2474, 1000.000000000000000 ) ;
#2758 = PLANE ( 'NONE',  #4488 ) ;
#2759 = CARTESIAN_POINT ( 'NONE',  ( -0.07499999999999992800, -0.03999999999999999400, 0.4145751311064590500 ) ) ;
#2760 = VECTOR ( 'NONE', #4163, 1000.000000000000000 ) ;
#2761 = LINE ( 'NONE', #3484, #691 ) ;
#2762 = DIRECTION ( 'NONE',  ( 9.035018104045833500E-016, 0.0000000000000000000, -1.000000000000000000 ) ) ;
#2763 = AXIS2_PLACEMENT_3D ( 'NONE', #1030, #657, #338 ) ;
#2764 = PLANE ( 'NONE',  #2346 ) ;
#2765 = DIRECTION ( 'NONE',  ( 0.0000000000000000000, -0.0000000000000000000, 1.000000000000000000 ) ) ;
#2766 = LINE ( 'NONE', #4171, #4682 ) ;
#2767 = ADVANCED_FACE ( 'NONE', ( #197 ), #2446, .F. ) ;
#2768 = VERTEX_POINT ( 'NONE', #2677 ) ;
#2769 = ORIENTED_EDGE ( 'NONE', *, *, #4609, .T. ) ;
#2770 = EDGE_CURVE ( 'NONE', #2724, #3350, #3110, .T. ) ;
#2771 = CLOSED_SHELL ( 'NONE', ( #4054, #2872, #324, #2223, #1762, #3631 ) ) ;
#2772 = LINE ( 'NONE', #1021, #4583 ) ;
#2773 = VECTOR ( 'NONE', #2868, 1000.000000000000000 ) ;
#2774 = EDGE_CURVE ( 'NONE', #2171, #814, #3963, .T. ) ;
#2775 = EDGE_LOOP ( 'NONE', ( #4169, #4208, #3490, #3920 ) ) ;
#2776 = DIRECTION ( 'NONE',  ( 0.0000000000000000000, 0.0000000000000000000, 1.000000000000000000 ) ) ;
#2777 = AXIS2_PLACEMENT_3D ( 'NONE', #664, #3220, #1034 ) ;
#2778 = LINE ( 'NONE', #1393, #4692 ) ;
#2779 = AXIS2_PLACEMENT_3D ( 'NONE', #2255, #1368, #1812 ) ;
#2780 = VERTEX_POINT ( 'NONE', #1767 ) ;
#2781 = DIRECTION ( 'NONE',  ( -1.000000000000000000, 0.0000000000000000000, -0.0000000000000000000 ) ) ;
#2782 = VERTEX_POINT ( 'NONE', #3 ) ;
#2783 = CARTESIAN_POINT ( 'NONE',  ( 0.07499999999999998300, 0.02000000000000000000, -0.4145751311064591600 ) ) ;
#2784 = CARTESIAN_POINT ( 'NONE',  ( -0.5250000000000000200, 0.1250000000000000000, 0.4998999999999998400 ) ) ;
#2785 = DIRECTION ( 'NONE',  ( 1.000000000000000000, 0.0000000000000000000, 0.0000000000000000000 ) ) ;
#2786 = ORIENTED_EDGE ( 'NONE', *, *, #1523, .T. ) ;
#2787 = DIRECTION ( 'NONE',  ( 0.0000000000000000000, 0.0000000000000000000, -1.000000000000000000 ) ) ;
#2788 = CARTESIAN_POINT ( 'NONE',  ( -0.3750000000000000000, -0.03999999999999999400, -0.4145751311064591600 ) ) ;
#2789 = ORIENTED_EDGE ( 'NONE', *, *, #599, .F. ) ;
#2790 = CARTESIAN_POINT ( 'NONE',  ( 0.2249999999999999500, -0.03999999999999999400, -0.1145751311064591400 ) ) ;
#2791 = ORIENTED_EDGE ( 'NONE', *, *, #1938, .F. ) ;
#2792 = DIRECTION ( 'NONE',  ( -1.000000000000000000, 0.0000000000000000000, 0.0000000000000000000 ) ) ;
#2793 = ORIENTED_EDGE ( 'NONE', *, *, #3748, .T. ) ;
#2794 = EDGE_CURVE ( 'NONE', #1359, #859, #1056, .T. ) ;
#2795 = DIRECTION ( 'NONE',  ( 0.0000000000000000000, 0.0000000000000000000, -1.000000000000000000 ) ) ;
#2796 = DIRECTION ( 'NONE',  ( 0.0000000000000000000, 0.0000000000000000000, -1.000000000000000000 ) ) ;
#2797 = CARTESIAN_POINT ( 'NONE',  ( -0.6000000000000000900, 0.3100000000000000000, -0.5000000000000002200 ) ) ;
#2798 = DIRECTION ( 'NONE',  ( 0.0000000000000000000, -0.0000000000000000000, 1.000000000000000000 ) ) ;
#2799 = ORIENTED_EDGE ( 'NONE', *, *, #1087, .F. ) ;
#2800 = EDGE_LOOP ( 'NONE', ( #1044, #3062, #3980, #3930 ) ) ;
#2801 = EDGE_CURVE ( 'NONE', #3105, #3949, #74, .T. ) ;
#2802 = DIRECTION ( 'NONE',  ( -0.0000000000000000000, -1.000000000000000000, -0.0000000000000000000 ) ) ;
#2803 = LINE ( 'NONE', #2566, #4608 ) ;
#2804 =( GEOMETRIC_REPRESENTATION_CONTEXT ( 3 ) GLOBAL_UNCERTAINTY_ASSIGNED_CONTEXT ( ( #79 ) ) GLOBAL_UNIT_ASSIGNED_CONTEXT ( ( #3953, #1775, #4323 ) ) REPRESENTATION_CONTEXT ( 'NONE', 'WORKASPACE' ) );
#2805 = DIRECTION ( 'NONE',  ( 0.0000000000000000000, -1.000000000000000000, 0.0000000000000000000 ) ) ;
#2806 = ORIENTED_EDGE ( 'NONE', *, *, #3701, .F. ) ;
#2807 = DIRECTION ( 'NONE',  ( -0.0000000000000000000, -6.324512672832108900E-016, -1.000000000000000000 ) ) ;
#2808 = CARTESIAN_POINT ( 'NONE',  ( -0.3749999999999998900, 0.02000000000000000000, 0.4145751311064590500 ) ) ;
#2809 = CARTESIAN_POINT ( 'NONE',  ( -0.3749999999999998900, 0.07500000000000001100, -0.4980000000000001600 ) ) ;
#2810 = DIRECTION ( 'NONE',  ( -1.000000000000000000, -0.0000000000000000000, -0.0000000000000000000 ) ) ;
#2811 = VECTOR ( 'NONE', #4551, 1000.000000000000000 ) ;
#2812 = VECTOR ( 'NONE', #539, 1000.000000000000000 ) ;
#2813 = EDGE_CURVE ( 'NONE', #55, #3690, #1290, .T. ) ;
#2814 = VECTOR ( 'NONE', #754, 1000.000000000000000 ) ;
#2815 = VECTOR ( 'NONE', #4270, 1000.000000000000000 ) ;
#2816 = FILL_AREA_STYLE ('',( #2464 ) ) ;
#2817 = CARTESIAN_POINT ( 'NONE',  ( -0.2250000000000000100, 0.1250000000000000000, -0.4980000000000001600 ) ) ;
#2818 = VECTOR ( 'NONE', #571, 1000.000000000000000 ) ;
#2819 = VECTOR ( 'NONE', #4445, 1000.000000000000000 ) ;
#2820 = EDGE_LOOP ( 'NONE', ( #2429, #2110, #1653, #3694 ) ) ;
#2821 = ORIENTED_EDGE ( 'NONE', *, *, #2683, .T. ) ;
#2822 = DIRECTION ( 'NONE',  ( -0.0000000000000000000, -0.0000000000000000000, 1.000000000000000000 ) ) ;
#2823 = DIRECTION ( 'NONE',  ( 0.0000000000000000000, -0.0000000000000000000, -1.000000000000000000 ) ) ;
#2824 = LINE ( 'NONE', #1222, #1847 ) ;
#2825 = EDGE_LOOP ( 'NONE', ( #459, #3633, #537, #2327 ) ) ;
#2826 = CARTESIAN_POINT ( 'NONE',  ( -0.6000000000000000900, 0.3100000000000000000, -0.5000000000000002200 ) ) ;
#2827 = DIRECTION ( 'NONE',  ( -1.000000000000000000, 0.0000000000000000000, 0.0000000000000000000 ) ) ;
#2828 = ORIENTED_EDGE ( 'NONE', *, *, #3748, .F. ) ;
#2829 = PLANE ( 'NONE',  #809 ) ;
#2830 = CARTESIAN_POINT ( 'NONE',  ( 0.2250000000000000600, -0.03999999999999999400, 0.4145751311064590500 ) ) ;
#2831 = ORIENTED_EDGE ( 'NONE', *, *, #3367, .T. ) ;
#2832 = LINE ( 'NONE', #741, #2376 ) ;
#2833 = LINE ( 'NONE', #4481, #1624 ) ;
#2834 = ORIENTED_EDGE ( 'NONE', *, *, #678, .F. ) ;
#2835 = EDGE_LOOP ( 'NONE', ( #2005, #1133, #375, #2675 ) ) ;
#2836 = EDGE_CURVE ( 'NONE', #4102, #1657, #3857, .T. ) ;
#2837 = ORIENTED_EDGE ( 'NONE', *, *, #1132, .T. ) ;
#2838 = FACE_OUTER_BOUND ( 'NONE', #4593, .T. ) ;
#2839 = DIRECTION ( 'NONE',  ( 0.0000000000000000000, 0.0000000000000000000, 1.000000000000000000 ) ) ;
#2840 = FACE_OUTER_BOUND ( 'NONE', #724, .T. ) ;
#2841 = ORIENTED_EDGE ( 'NONE', *, *, #4207, .T. ) ;
#2842 = EDGE_CURVE ( 'NONE', #3350, #4426, #4686, .T. ) ;
#2843 = CARTESIAN_POINT ( 'NONE',  ( -0.2250000000000000100, 0.1250000000000000000, -0.4980000000000001600 ) ) ;
#2844 = FACE_OUTER_BOUND ( 'NONE', #3549, .T. ) ;
#2845 = ORIENTED_EDGE ( 'NONE', *, *, #2597, .F. ) ;
#2846 = DIRECTION ( 'NONE',  ( 0.0000000000000000000, -0.0000000000000000000, -1.000000000000000000 ) ) ;
#2847 = CARTESIAN_POINT ( 'NONE',  ( -0.6000000000000000900, 0.1250000000000000000, 0.1145751311064590700 ) ) ;
#2848 =( GEOMETRIC_REPRESENTATION_CONTEXT ( 3 ) GLOBAL_UNCERTAINTY_ASSIGNED_CONTEXT ( ( #4129 ) ) GLOBAL_UNIT_ASSIGNED_CONTEXT ( ( #3704, #1534, #4087 ) ) REPRESENTATION_CONTEXT ( 'NONE', 'WORKASPACE' ) );
#2849 = CARTESIAN_POINT ( 'NONE',  ( 0.07499999999999998300, 0.1250000000000000000, -0.4980000000000001600 ) ) ;
#2850 = DIRECTION ( 'NONE',  ( 0.0000000000000000000, 0.0000000000000000000, -1.000000000000000000 ) ) ;
#2851 = PLANE ( 'NONE',  #4339 ) ;
#2852 = ORIENTED_EDGE ( 'NONE', *, *, #3636, .F. ) ;
#2853 = EDGE_CURVE ( 'NONE', #1707, #444, #2772, .T. ) ;
#2854 = UNCERTAINTY_MEASURE_WITH_UNIT (LENGTH_MEASURE( 1.000000000000000100E-005 ), #4441, 'distance_accuracy_value', 'NONE');
#2855 = VERTEX_POINT ( 'NONE', #673 ) ;
#2856 = DIRECTION ( 'NONE',  ( 0.0000000000000000000, -0.0000000000000000000, -1.000000000000000000 ) ) ;
#2857 = DIRECTION ( 'NONE',  ( -0.0000000000000000000, -1.000000000000000000, -0.0000000000000000000 ) ) ;
#2858 = ORIENTED_EDGE ( 'NONE', *, *, #2206, .T. ) ;
#2859 = VERTEX_POINT ( 'NONE', #1005 ) ;
#2860 = CARTESIAN_POINT ( 'NONE',  ( 0.2250000000000005900, 0.02000000000000000000, 0.1145751311064591400 ) ) ;
#2861 = DIRECTION ( 'NONE',  ( 0.0000000000000000000, -0.0000000000000000000, 1.000000000000000000 ) ) ;
#2862 = VERTEX_POINT ( 'NONE', #1033 ) ;
#2863 = CARTESIAN_POINT ( 'NONE',  ( 0.0000000000000000000, 0.02000000000000000000, 0.0000000000000000000 ) ) ;
#2864 = EDGE_LOOP ( 'NONE', ( #1487, #2151, #4497, #3932 ) ) ;
#2865 = VECTOR ( 'NONE', #909, 1000.000000000000000 ) ;
#2866 = ORIENTED_EDGE ( 'NONE', *, *, #1061, .F. ) ;
#2867 = DIRECTION ( 'NONE',  ( 0.0000000000000000000, 0.0000000000000000000, -1.000000000000000000 ) ) ;
#2868 = DIRECTION ( 'NONE',  ( -0.0000000000000000000, -1.000000000000000000, -0.0000000000000000000 ) ) ;
#2869 = EDGE_CURVE ( 'NONE', #2134, #4487, #821, .T. ) ;
#2870 = VECTOR ( 'NONE', #2473, 1000.000000000000000 ) ;
#2871 = ADVANCED_FACE ( 'NONE', ( #1926 ), #1068, .F. ) ;
#2872 = ADVANCED_FACE ( 'NONE', ( #702 ), #1361, .F. ) ;
#2873 = PRESENTATION_LAYER_ASSIGNMENT (  '', '', ( #2392 ) ) ;
#2874 = DIRECTION ( 'NONE',  ( 1.000000000000000000, -0.0000000000000000000, 0.0000000000000000000 ) ) ;
#2875 = VECTOR ( 'NONE', #2330, 1000.000000000000000 ) ;
#2876 = LINE ( 'NONE', #2826, #2753 ) ;
#2877 = PRESENTATION_LAYER_ASSIGNMENT (  '', '', ( #2395 ) ) ;
#2878 = DIRECTION ( 'NONE',  ( 0.0000000000000000000, -1.000000000000000000, 0.0000000000000000000 ) ) ;
#2879 = DIRECTION ( 'NONE',  ( -0.0000000000000000000, 1.000000000000000000, 0.0000000000000000000 ) ) ;
#2880 = DIRECTION ( 'NONE',  ( -0.0000000000000000000, -0.0000000000000000000, 1.000000000000000000 ) ) ;
#2881 = LINE ( 'NONE', #3568, #2027 ) ;
#2882 = LINE ( 'NONE', #3543, #2757 ) ;
#2883 = FACE_OUTER_BOUND ( 'NONE', #1084, .T. ) ;
#2884 = VECTOR ( 'NONE', #4570, 1000.000000000000000 ) ;
#2885 = ORIENTED_EDGE ( 'NONE', *, *, #1887, .F. ) ;
#2886 = DIRECTION ( 'NONE',  ( 0.0000000000000000000, 0.0000000000000000000, 1.000000000000000000 ) ) ;
#2887 = ORIENTED_EDGE ( 'NONE', *, *, #1666, .F. ) ;
#2888 = FILL_AREA_STYLE_COLOUR ( '', #1227 ) ;
#2889 = VECTOR ( 'NONE', #3975, 1000.000000000000000 ) ;
#2890 = PRESENTATION_STYLE_ASSIGNMENT (( #3768 ) ) ;
#2891 = AXIS2_PLACEMENT_3D ( 'NONE', #4431, #3860, #3474 ) ;
#2892 = VERTEX_POINT ( 'NONE', #2809 ) ;
#2893 = DIRECTION ( 'NONE',  ( 0.0000000000000000000, -1.000000000000000000, -0.0000000000000000000 ) ) ;
#2894 = CARTESIAN_POINT ( 'NONE',  ( -0.5250000000000000200, 0.02000000000000000000, 0.4145751311064590500 ) ) ;
#2895 = VECTOR ( 'NONE', #1756, 1000.000000000000000 ) ;
#2896 = VECTOR ( 'NONE', #285, 1000.000000000000000 ) ;
#2897 = DIRECTION ( 'NONE',  ( -1.000000000000000000, 0.0000000000000000000, 0.0000000000000000000 ) ) ;
#2898 = EDGE_LOOP ( 'NONE', ( #3658, #3343, #4172, #3080, #224 ) ) ;
#2899 = ADVANCED_FACE ( 'NONE', ( #2661 ), #2155, .F. ) ;
#2900 = ADVANCED_FACE ( 'NONE', ( #3502 ), #2112, .F. ) ;
#2901 = EDGE_CURVE ( 'NONE', #3275, #1793, #1569, .T. ) ;
#2902 = ORIENTED_EDGE ( 'NONE', *, *, #1639, .F. ) ;
#2903 = DIRECTION ( 'NONE',  ( 0.0000000000000000000, 0.0000000000000000000, -1.000000000000000000 ) ) ;
#2904 = CARTESIAN_POINT ( 'NONE',  ( -0.3749999999999998900, 0.07500000000000001100, 0.4998999999999998400 ) ) ;
#2905 = EDGE_CURVE ( 'NONE', #3949, #814, #2543, .T. ) ;
#2906 = MECHANICAL_DESIGN_GEOMETRIC_PRESENTATION_REPRESENTATION (  '', ( #2177 ), #3137 ) ;
#2907 = VERTEX_POINT ( 'NONE', #3909 ) ;
#2908 = ORIENTED_EDGE ( 'NONE', *, *, #1514, .F. ) ;
#2909 = AXIS2_PLACEMENT_3D ( 'NONE', #2370, #2322, #2302 ) ;
#2910 = EDGE_CURVE ( 'NONE', #4690, #606, #3607, .T. ) ;
#2911 = ORIENTED_EDGE ( 'NONE', *, *, #3554, .T. ) ;
#2912 = DIRECTION ( 'NONE',  ( -0.0000000000000000000, -1.000000000000000000, -0.0000000000000000000 ) ) ;
#2913 = DIRECTION ( 'NONE',  ( -1.000000000000000000, -0.0000000000000000000, -0.0000000000000000000 ) ) ;
#2914 = AXIS2_PLACEMENT_3D ( 'NONE', #4094, #1208, #1496 ) ;
#2915 = ORIENTED_EDGE ( 'NONE', *, *, #4465, .T. ) ;
#2916 = EDGE_CURVE ( 'NONE', #489, #3842, #3389, .T. ) ;
#2917 = CARTESIAN_POINT ( 'NONE',  ( 0.5999999999999998700, 0.1250000000000000000, 0.1145751311064590700 ) ) ;
#2918 = ORIENTED_EDGE ( 'NONE', *, *, #232, .F. ) ;
#2919 = EDGE_LOOP ( 'NONE', ( #3518, #2101, #4047, #2911 ) ) ;
#2920 = AXIS2_PLACEMENT_3D ( 'NONE', #2240, #1977, #1958 ) ;
#2921 = LINE ( 'NONE', #2210, #1828 ) ;
#2922 = LINE ( 'NONE', #962, #1094 ) ;
#2923 = CARTESIAN_POINT ( 'NONE',  ( 0.3750000000000000000, 0.07500000000000001100, 0.4998999999999998400 ) ) ;
#2924 = EDGE_CURVE ( 'NONE', #4227, #4711, #482, .T. ) ;
#2925 = VECTOR ( 'NONE', #4727, 1000.000000000000000 ) ;
#2926 = FACE_OUTER_BOUND ( 'NONE', #2197, .T. ) ;
#2927 = VERTEX_POINT ( 'NONE', #4315 ) ;
#2928 = AXIS2_PLACEMENT_3D ( 'NONE', #1543, #4513, #2354 ) ;
#2929 = AXIS2_PLACEMENT_3D ( 'NONE', #4611, #1040, #4266 ) ;
#2930 = VECTOR ( 'NONE', #3149, 1000.000000000000000 ) ;
#2931 = VECTOR ( 'NONE', #1946, 1000.000000000000000 ) ;
#2932 = EDGE_CURVE ( 'NONE', #2417, #1257, #589, .T. ) ;
#2933 = ORIENTED_EDGE ( 'NONE', *, *, #1797, .T. ) ;
#2934 = SURFACE_STYLE_FILL_AREA ( #2509 ) ;
#2935 = DIRECTION ( 'NONE',  ( 0.0000000000000000000, 1.000000000000000000, 0.0000000000000000000 ) ) ;
#2936 = ADVANCED_FACE ( 'NONE', ( #2324, #4143 ), #4096, .T. ) ;
#2937 = ADVANCED_FACE ( 'NONE', ( #4254 ), #4025, .F. ) ;
#2938 = SURFACE_STYLE_FILL_AREA ( #1963 ) ;
#2939 = ORIENTED_EDGE ( 'NONE', *, *, #2869, .T. ) ;
#2940 = VERTEX_POINT ( 'NONE', #1539 ) ;
#2941 = DIRECTION ( 'NONE',  ( 0.0000000000000000000, -1.000000000000000000, 0.0000000000000000000 ) ) ;
#2942 = DIRECTION ( 'NONE',  ( -1.000000000000000000, 0.0000000000000000000, 0.0000000000000000000 ) ) ;
#2943 = ORIENTED_EDGE ( 'NONE', *, *, #2249, .T. ) ;
#2944 = ORIENTED_EDGE ( 'NONE', *, *, #1289, .T. ) ;
#2945 = CARTESIAN_POINT ( 'NONE',  ( 0.3750000000000000000, 0.0000000000000000000, 0.4145751311064590500 ) ) ;
#2946 = AXIS2_PLACEMENT_3D ( 'NONE', #604, #140, #153 ) ;
#2947 = ORIENTED_EDGE ( 'NONE', *, *, #2325, .F. ) ;
#2948 = VECTOR ( 'NONE', #1702, 1000.000000000000000 ) ;
#2949 = LINE ( 'NONE', #618, #1864 ) ;
#2950 = EDGE_LOOP ( 'NONE', ( #1027, #1922, #33, #588 ) ) ;
#2951 = CARTESIAN_POINT ( 'NONE',  ( -0.3749999999999993300, 0.02000000000000000000, 0.1145751311064591400 ) ) ;
#2952 = ORIENTED_EDGE ( 'NONE', *, *, #1577, .T. ) ;
#2953 = ORIENTED_EDGE ( 'NONE', *, *, #2420, .T. ) ;
#2954 = DIRECTION ( 'NONE',  ( 0.0000000000000000000, 0.0000000000000000000, -1.000000000000000000 ) ) ;
#2955 = DIRECTION ( 'NONE',  ( 0.0000000000000000000, 0.0000000000000000000, -1.000000000000000000 ) ) ;
#2956 = DIRECTION ( 'NONE',  ( -0.0000000000000000000, -1.000000000000000000, -0.0000000000000000000 ) ) ;
#2957 = ADVANCED_FACE ( 'NONE', ( #2208 ), #1916, .F. ) ;
#2958 = ADVANCED_FACE ( 'NONE', ( #3789 ), #2961, .F. ) ;
#2959 = DIRECTION ( 'NONE',  ( -1.000000000000000000, -0.0000000000000000000, -0.0000000000000000000 ) ) ;
#2960 = EDGE_LOOP ( 'NONE', ( #2967, #3887, #4629, #3281 ) ) ;
#2961 = PLANE ( 'NONE',  #3248 ) ;
#2962 = CARTESIAN_POINT ( 'NONE',  ( 0.07499999999999998300, 0.02000000000000000000, -0.1145751311064591400 ) ) ;
#2963 = CARTESIAN_POINT ( 'NONE',  ( -0.4500000000000000100, 0.02000000000000000000, 0.1145751311064590700 ) ) ;
#2964 = ORIENTED_EDGE ( 'NONE', *, *, #2690, .F. ) ;
#2965 = CARTESIAN_POINT ( 'NONE',  ( 0.3750000000000000000, 0.02000000000000000000, -0.4145751311064591600 ) ) ;
#2966 = ORIENTED_EDGE ( 'NONE', *, *, #685, .T. ) ;
#2967 = ORIENTED_EDGE ( 'NONE', *, *, #2736, .F. ) ;
#2968 = CARTESIAN_POINT ( 'NONE',  ( 0.3750000000000000000, 0.02000000000000000000, 0.4145751311064590500 ) ) ;
#2969 =( NAMED_UNIT ( * ) PLANE_ANGLE_UNIT ( ) SI_UNIT ( $, .RADIAN. ) );
#2970 = CARTESIAN_POINT ( 'NONE',  ( 0.5999999999999998700, 0.1250000000000000000, -0.4145751311064591600 ) ) ;
#2971 = DIRECTION ( 'NONE',  ( 1.000000000000000000, 0.0000000000000000000, 9.035018104045833500E-016 ) ) ;
#2972 = LINE ( 'NONE', #2388, #2012 ) ;
#2973 = ORIENTED_EDGE ( 'NONE', *, *, #678, .T. ) ;
#2974 = CARTESIAN_POINT ( 'NONE',  ( -0.5250000000000000200, 0.1250000000000000000, -0.4980000000000001600 ) ) ;
#2975 = LINE ( 'NONE', #4619, #908 ) ;
#2976 = ORIENTED_EDGE ( 'NONE', *, *, #3718, .T. ) ;
#2977 = PLANE ( 'NONE',  #1422 ) ;
#2978 = CARTESIAN_POINT ( 'NONE',  ( -0.3749999999999998900, 0.07500000000000001100, 0.4999999999999997800 ) ) ;
#2979 = PLANE ( 'NONE',  #1959 ) ;
#2980 = LINE ( 'NONE', #4454, #1037 ) ;
#2981 = ADVANCED_FACE ( 'NONE', ( #4632 ), #1372, .F. ) ;
#2982 = EDGE_CURVE ( 'NONE', #523, #4557, #3660, .T. ) ;
#2983 = VECTOR ( 'NONE', #1294, 1000.000000000000000 ) ;
#2984 = FACE_OUTER_BOUND ( 'NONE', #3046, .T. ) ;
#2985 = FACE_OUTER_BOUND ( 'NONE', #4334, .T. ) ;
#2986 = ORIENTED_EDGE ( 'NONE', *, *, #4543, .T. ) ;
#2987 = APPLICATION_CONTEXT ( 'automotive_design' ) ;
#2988 = CARTESIAN_POINT ( 'NONE',  ( -0.3749999999999998900, 0.02000000000000000000, 0.4145751311064590500 ) ) ;
#2989 = VERTEX_POINT ( 'NONE', #1017 ) ;
#2990 = DIRECTION ( 'NONE',  ( -0.0000000000000000000, 0.0000000000000000000, 1.000000000000000000 ) ) ;
#2991 = DIRECTION ( 'NONE',  ( 1.000000000000000000, -0.0000000000000000000, 0.0000000000000000000 ) ) ;
#2992 = AXIS2_PLACEMENT_3D ( 'NONE', #3753, #3601, #3585 ) ;
#2993 = MANIFOLD_SOLID_BREP ( 'Boss-Extrude2[6]', #2771 ) ;
#2994 = DIRECTION ( 'NONE',  ( -1.000000000000000000, -0.0000000000000000000, -0.0000000000000000000 ) ) ;
#2995 = EDGE_CURVE ( 'NONE', #4426, #4707, #2832, .T. ) ;
#2996 = VECTOR ( 'NONE', #3037, 1000.000000000000000 ) ;
#2997 = ORIENTED_EDGE ( 'NONE', *, *, #2033, .F. ) ;
#2998 = PLANE ( 'NONE',  #2140 ) ;
#2999 = STYLED_ITEM ( 'NONE', ( #4193 ), #1297 ) ;
#3000 = FACE_OUTER_BOUND ( 'NONE', #2733, .T. ) ;
#3001 = VECTOR ( 'NONE', #24, 1000.000000000000000 ) ;
#3002 = DIRECTION ( 'NONE',  ( 0.0000000000000000000, 0.0000000000000000000, -1.000000000000000000 ) ) ;
#3003 = DIRECTION ( 'NONE',  ( -1.807003620809174600E-015, -0.0000000000000000000, 1.000000000000000000 ) ) ;
#3004 = EDGE_CURVE ( 'NONE', #2445, #1363, #2712, .T. ) ;
#3005 = CARTESIAN_POINT ( 'NONE',  ( -0.3749999999999998900, 0.1250000000000000000, -0.5000000000000002200 ) ) ;
#3006 = ORIENTED_EDGE ( 'NONE', *, *, #4161, .F. ) ;
#3007 = VECTOR ( 'NONE', #3559, 1000.000000000000000 ) ;
#3008 = LINE ( 'NONE', #3974, #1927 ) ;
#3009 = ORIENTED_EDGE ( 'NONE', *, *, #3886, .F. ) ;
#3010 = CARTESIAN_POINT ( 'NONE',  ( 0.07499999999999998300, 0.1250000000000000000, -0.5000000000000002200 ) ) ;
#3011 = PRODUCT_DEFINITION_CONTEXT ( 'detailed design', #2637, 'design' ) ;
#3012 = VERTEX_POINT ( 'NONE', #4006 ) ;
#3013 = PRESENTATION_STYLE_ASSIGNMENT (( #1360 ) ) ;
#3014 = VERTEX_POINT ( 'NONE', #1801 ) ;
#3015 = EDGE_LOOP ( 'NONE', ( #125, #3355, #2131, #860 ) ) ;
#3016 = DIRECTION ( 'NONE',  ( -1.000000000000000000, 0.0000000000000000000, 0.0000000000000000000 ) ) ;
#3017 = DIRECTION ( 'NONE',  ( 1.000000000000000000, 0.0000000000000000000, 0.0000000000000000000 ) ) ;
#3018 = EDGE_CURVE ( 'NONE', #725, #3664, #2253, .T. ) ;
#3019 = ORIENTED_EDGE ( 'NONE', *, *, #1221, .T. ) ;
#3020 = EDGE_CURVE ( 'NONE', #526, #2669, #3328, .T. ) ;
#3021 = CARTESIAN_POINT ( 'NONE',  ( 0.2250000000000005900, 0.02000000000000000000, 0.1145751311064591400 ) ) ;
#3022 = DIRECTION ( 'NONE',  ( -1.000000000000000000, -0.0000000000000000000, -0.0000000000000000000 ) ) ;
#3023 = ORIENTED_EDGE ( 'NONE', *, *, #2842, .F. ) ;
#3024 = AXIS2_PLACEMENT_3D ( 'NONE', #4332, #2169, #4678 ) ;
#3025 = ORIENTED_EDGE ( 'NONE', *, *, #2910, .T. ) ;
#3026 = PLANE ( 'NONE',  #1628 ) ;
#3027 = VERTEX_POINT ( 'NONE', #4384 ) ;
#3028 = CARTESIAN_POINT ( 'NONE',  ( -0.2250000000000000100, -0.0000000000000000000, -0.4145751311064591600 ) ) ;
#3029 = CARTESIAN_POINT ( 'NONE',  ( -0.3749999999999998900, 0.1250000000000000000, 0.4998999999999998400 ) ) ;
#3030 = ADVANCED_FACE ( 'NONE', ( #4198 ), #2521, .T. ) ;
#3031 = ORIENTED_EDGE ( 'NONE', *, *, #4045, .F. ) ;
#3032 = ORIENTED_EDGE ( 'NONE', *, *, #2462, .F. ) ;
#3033 = VECTOR ( 'NONE', #2913, 1000.000000000000000 ) ;
#3034 = AXIS2_PLACEMENT_3D ( 'NONE', #970, #1002, #1019 ) ;
#3035 = VECTOR ( 'NONE', #4648, 1000.000000000000000 ) ;
#3036 = CARTESIAN_POINT ( 'NONE',  ( -0.2250000000000000100, 0.02000000000000000000, -0.1145751311064591400 ) ) ;
#3037 = DIRECTION ( 'NONE',  ( 0.0000000000000000000, 0.0000000000000000000, 1.000000000000000000 ) ) ;
#3038 = EDGE_CURVE ( 'NONE', #4155, #4558, #305, .T. ) ;
#3039 = LINE ( 'NONE', #14, #4615 ) ;
#3040 = LINE ( 'NONE', #2103, #3903 ) ;
#3041 = CARTESIAN_POINT ( 'NONE',  ( 0.2250000000000000600, 0.0000000000000000000, 0.4145751311064590500 ) ) ;
#3042 = ORIENTED_EDGE ( 'NONE', *, *, #1255, .T. ) ;
#3043 = DIRECTION ( 'NONE',  ( 1.000000000000000000, 0.0000000000000000000, 0.0000000000000000000 ) ) ;
#3044 = LINE ( 'NONE', #2750, #2095 ) ;
#3045 = VECTOR ( 'NONE', #1522, 1000.000000000000000 ) ;
#3046 = EDGE_LOOP ( 'NONE', ( #4656, #4655, #4412, #789 ) ) ;
#3047 = EDGE_CURVE ( 'NONE', #817, #1164, #3104, .T. ) ;
#3048 = CARTESIAN_POINT ( 'NONE',  ( 0.07499999999999998300, 0.02000000000000000000, 0.4145751311064590500 ) ) ;
#3049 = VECTOR ( 'NONE', #97, 1000.000000000000000 ) ;
#3050 = CARTESIAN_POINT ( 'NONE',  ( 0.0000000000000000000, -0.03999999999999999400, 0.0000000000000000000 ) ) ;
#3051 = VECTOR ( 'NONE', #1529, 1000.000000000000000 ) ;
#3052 = ORIENTED_EDGE ( 'NONE', *, *, #1011, .T. ) ;
#3053 = EDGE_CURVE ( 'NONE', #2859, #272, #4077, .T. ) ;
#3054 =( NAMED_UNIT ( * ) SI_UNIT ( $, .STERADIAN. ) SOLID_ANGLE_UNIT ( ) );
#3055 = ORIENTED_EDGE ( 'NONE', *, *, #254, .F. ) ;
#3056 = CARTESIAN_POINT ( 'NONE',  ( 0.07499999999999998300, 0.1250000000000000000, -0.5000000000000002200 ) ) ;
#3057 = ORIENTED_EDGE ( 'NONE', *, *, #854, .T. ) ;
#3058 = CARTESIAN_POINT ( 'NONE',  ( 0.2250000000000000600, 0.0000000000000000000, 0.4145751311064590500 ) ) ;
#3059 = VECTOR ( 'NONE', #886, 1000.000000000000000 ) ;
#3060 = FACE_OUTER_BOUND ( 'NONE', #146, .T. ) ;
#3061 = CARTESIAN_POINT ( 'NONE',  ( -0.07499999999999938700, 0.02000000000000000000, 0.1145751311064591400 ) ) ;
#3062 = ORIENTED_EDGE ( 'NONE', *, *, #383, .F. ) ;
#3063 = FACE_OUTER_BOUND ( 'NONE', #1982, .T. ) ;
#3064 = CARTESIAN_POINT ( 'NONE',  ( 0.2249999999999999500, 0.02000000000000000000, -0.1145751311064591400 ) ) ;
#3065 = VECTOR ( 'NONE', #4080, 1000.000000000000000 ) ;
#3066 = ORIENTED_EDGE ( 'NONE', *, *, #1061, .T. ) ;
#3067 = CARTESIAN_POINT ( 'NONE',  ( -0.2250000000000000100, 0.02000000000000000000, -0.1145751311064591400 ) ) ;
#3068 = ORIENTED_EDGE ( 'NONE', *, *, #1339, .T. ) ;
#3069 = CARTESIAN_POINT ( 'NONE',  ( -0.2250000000000000100, -0.0000000000000000000, -0.1145751311064591400 ) ) ;
#3070 = DIRECTION ( 'NONE',  ( -0.0000000000000000000, -1.000000000000000000, -0.0000000000000000000 ) ) ;
#3071 = DIRECTION ( 'NONE',  ( -0.0000000000000000000, -1.000000000000000000, -0.0000000000000000000 ) ) ;
#3072 = EDGE_CURVE ( 'NONE', #1411, #3275, #2157, .T. ) ;
#3073 = CARTESIAN_POINT ( 'NONE',  ( -0.3749999999999998900, 0.02000000000000000000, 0.4145751311064590500 ) ) ;
#3074 = ORIENTED_EDGE ( 'NONE', *, *, #689, .T. ) ;
#3075 = CARTESIAN_POINT ( 'NONE',  ( 0.3750000000000000000, 0.07500000000000001100, -0.4980000000000001600 ) ) ;
#3076 = DIRECTION ( 'NONE',  ( -1.000000000000000000, 0.0000000000000000000, 0.0000000000000000000 ) ) ;
#3077 = ADVANCED_FACE ( 'NONE', ( #3000 ), #1437, .F. ) ;
#3078 = EDGE_CURVE ( 'NONE', #2273, #2173, #3850, .T. ) ;
#3079 = VERTEX_POINT ( 'NONE', #4617 ) ;
#3080 = ORIENTED_EDGE ( 'NONE', *, *, #1221, .F. ) ;
#3081 = DIRECTION ( 'NONE',  ( -0.0000000000000000000, -0.0000000000000000000, 1.000000000000000000 ) ) ;
#3082 = ORIENTED_EDGE ( 'NONE', *, *, #3455, .F. ) ;
#3083 = AXIS2_PLACEMENT_3D ( 'NONE', #2320, #746, #1968 ) ;
#3084 = DIRECTION ( 'NONE',  ( 0.0000000000000000000, -1.000000000000000000, 0.0000000000000000000 ) ) ;
#3085 = LINE ( 'NONE', #2728, #1149 ) ;
#3086 = CARTESIAN_POINT ( 'NONE',  ( 0.07499999999999998300, 0.02000000000000000000, -0.1145751311064591400 ) ) ;
#3087 = CARTESIAN_POINT ( 'NONE',  ( -0.07499999999999992800, 0.1250000000000000000, -0.5000000000000002200 ) ) ;
#3088 = EDGE_CURVE ( 'NONE', #1103, #426, #63, .T. ) ;
#3089 = ORIENTED_EDGE ( 'NONE', *, *, #1998, .F. ) ;
#3090 = CARTESIAN_POINT ( 'NONE',  ( -0.3749999999999998900, 0.0000000000000000000, 0.4145751311064590500 ) ) ;
#3091 = LINE ( 'NONE', #1722, #48 ) ;
#3092 = DIRECTION ( 'NONE',  ( 1.000000000000000000, 0.0000000000000000000, 0.0000000000000000000 ) ) ;
#3093 = ADVANCED_FACE ( 'NONE', ( #1053 ), #793, .F. ) ;
#3094 = DIRECTION ( 'NONE',  ( -0.0000000000000000000, 1.000000000000000000, -0.0000000000000000000 ) ) ;
#3095 = LINE ( 'NONE', #3010, #3831 ) ;
#3096 = AXIS2_PLACEMENT_3D ( 'NONE', #603, #378, #3527 ) ;
#3097 = VECTOR ( 'NONE', #3666, 1000.000000000000000 ) ;
#3098 = ADVANCED_FACE ( 'NONE', ( #932 ), #3706, .F. ) ;
#3099 = CARTESIAN_POINT ( 'NONE',  ( 0.5999999999999998700, 0.07500000000000001100, -0.4145751311064591600 ) ) ;
#3100 = FACE_OUTER_BOUND ( 'NONE', #4108, .T. ) ;
#3101 = EDGE_LOOP ( 'NONE', ( #223, #3509, #730, #3730 ) ) ;
#3102 = SURFACE_SIDE_STYLE ('',( #142 ) ) ;
#3103 = EDGE_CURVE ( 'NONE', #2568, #4209, #2766, .T. ) ;
#3104 = LINE ( 'NONE', #75, #1176 ) ;
#3105 = VERTEX_POINT ( 'NONE', #4410 ) ;
#3106 = MECHANICAL_DESIGN_GEOMETRIC_PRESENTATION_REPRESENTATION (  '', ( #2392 ), #3346 ) ;
#3107 = CARTESIAN_POINT ( 'NONE',  ( -0.5250000000000000200, -0.03999999999999999400, 0.1895751311064590200 ) ) ;
#3108 = MECHANICAL_DESIGN_GEOMETRIC_PRESENTATION_REPRESENTATION (  '', ( #2395 ), #3347 ) ;
#3109 = EDGE_LOOP ( 'NONE', ( #1351, #4452, #2557, #827 ) ) ;
#3110 = LINE ( 'NONE', #3964, #3007 ) ;
#3111 = LINE ( 'NONE', #237, #3227 ) ;
#3112 = ORIENTED_EDGE ( 'NONE', *, *, #3232, .F. ) ;
#3113 = ORIENTED_EDGE ( 'NONE', *, *, #2801, .T. ) ;
#3114 = PLANE ( 'NONE',  #1446 ) ;
#3115 = DIRECTION ( 'NONE',  ( 0.0000000000000000000, 0.0000000000000000000, 1.000000000000000000 ) ) ;
#3116 = COLOUR_RGB ( '',1.000000000000000000, 1.000000000000000000, 1.000000000000000000 ) ;
#3117 = ORIENTED_EDGE ( 'NONE', *, *, #2325, .T. ) ;
#3118 = VERTEX_POINT ( 'NONE', #4430 ) ;
#3119 = PLANE ( 'NONE',  #3412 ) ;
#3120 = DIRECTION ( 'NONE',  ( -0.0000000000000000000, 0.0000000000000000000, 1.000000000000000000 ) ) ;
#3121 = VECTOR ( 'NONE', #1693, 1000.000000000000000 ) ;
#3122 = ORIENTED_EDGE ( 'NONE', *, *, #351, .F. ) ;
#3123 = ADVANCED_FACE ( 'NONE', ( #816 ), #4136, .F. ) ;
#3124 = DIRECTION ( 'NONE',  ( 0.0000000000000000000, 0.0000000000000000000, -1.000000000000000000 ) ) ;
#3125 = CARTESIAN_POINT ( 'NONE',  ( -0.2250000000000000100, 0.1250000000000000000, 0.4998999999999998400 ) ) ;
#3126 = DIRECTION ( 'NONE',  ( -1.000000000000000000, 0.0000000000000000000, 0.0000000000000000000 ) ) ;
#3127 = CARTESIAN_POINT ( 'NONE',  ( -0.3749999999999993300, 0.02000000000000000000, 0.1145751311064591400 ) ) ;
#3128 = ORIENTED_EDGE ( 'NONE', *, *, #787, .F. ) ;
#3129 = UNCERTAINTY_MEASURE_WITH_UNIT (LENGTH_MEASURE( 1.000000000000000100E-005 ), #3387, 'distance_accuracy_value', 'NONE');
#3130 = DIRECTION ( 'NONE',  ( -0.0000000000000000000, -0.0000000000000000000, 1.000000000000000000 ) ) ;
#3131 = ORIENTED_EDGE ( 'NONE', *, *, #3053, .F. ) ;
#3132 = UNCERTAINTY_MEASURE_WITH_UNIT (LENGTH_MEASURE( 1.000000000000000100E-005 ), #4205, 'distance_accuracy_value', 'NONE');
#3133 = EDGE_CURVE ( 'NONE', #1260, #3650, #1798, .T. ) ;
#3134 = EDGE_CURVE ( 'NONE', #817, #4710, #3723, .T. ) ;
#3135 =( NAMED_UNIT ( * ) PLANE_ANGLE_UNIT ( ) SI_UNIT ( $, .RADIAN. ) );
#3136 = ORIENTED_EDGE ( 'NONE', *, *, #498, .F. ) ;
#3137 =( GEOMETRIC_REPRESENTATION_CONTEXT ( 3 ) GLOBAL_UNCERTAINTY_ASSIGNED_CONTEXT ( ( #3132 ) ) GLOBAL_UNIT_ASSIGNED_CONTEXT ( ( #4205, #2032, #4556 ) ) REPRESENTATION_CONTEXT ( 'NONE', 'WORKASPACE' ) );
#3138 = ORIENTED_EDGE ( 'NONE', *, *, #3413, .T. ) ;
#3139 = STYLED_ITEM ( 'NONE', ( #3013 ), #296 ) ;
#3140 = CARTESIAN_POINT ( 'NONE',  ( 0.0000000000000000000, -0.03999999999999999400, 0.0000000000000000000 ) ) ;
#3141 = DIRECTION ( 'NONE',  ( 0.0000000000000000000, 6.324512672832109900E-016, 1.000000000000000000 ) ) ;
#3142 = VECTOR ( 'NONE', #2225, 1000.000000000000000 ) ;
#3143 = EDGE_LOOP ( 'NONE', ( #3320, #1495, #2413, #3239 ) ) ;
#3144 = DIRECTION ( 'NONE',  ( 0.0000000000000000000, -1.000000000000000000, -0.0000000000000000000 ) ) ;
#3145 = ORIENTED_EDGE ( 'NONE', *, *, #268, .T. ) ;
#3146 = EDGE_CURVE ( 'NONE', #3457, #2630, #4580, .T. ) ;
#3147 = DIRECTION ( 'NONE',  ( -0.0000000000000000000, -1.000000000000000000, -0.0000000000000000000 ) ) ;
#3148 = VECTOR ( 'NONE', #4696, 1000.000000000000000 ) ;
#3149 = DIRECTION ( 'NONE',  ( 0.0000000000000000000, -1.000000000000000000, 0.0000000000000000000 ) ) ;
#3150 = EDGE_CURVE ( 'NONE', #3848, #3940, #3604, .T. ) ;
#3151 = FACE_OUTER_BOUND ( 'NONE', #3435, .T. ) ;
#3152 = CIRCLE ( 'NONE', #986, 0.07471865278679135100 ) ;
#3153 = DIRECTION ( 'NONE',  ( 0.0000000000000000000, 1.000000000000000000, -6.324512672832109900E-016 ) ) ;
#3154 = FACE_OUTER_BOUND ( 'NONE', #833, .T. ) ;
#3155 = CARTESIAN_POINT ( 'NONE',  ( 0.07499999999999998300, -0.03999999999999999400, -0.1145751311064591400 ) ) ;
#3156 = FACE_BOUND ( 'NONE', #1313, .T. ) ;
#3157 = DIRECTION ( 'NONE',  ( 1.000000000000000000, 0.0000000000000000000, 0.0000000000000000000 ) ) ;
#3158 = CARTESIAN_POINT ( 'NONE',  ( -0.3750000000000000000, -0.03999999999999999400, -0.1145751311064591400 ) ) ;
#3159 = FACE_OUTER_BOUND ( 'NONE', #4355, .T. ) ;
#3160 = VERTEX_POINT ( 'NONE', #3372 ) ;
#3161 = STYLED_ITEM ( 'NONE', ( #2099 ), #3287 ) ;
#3162 = VECTOR ( 'NONE', #778, 1000.000000000000000 ) ;
#3163 = VECTOR ( 'NONE', #3679, 1000.000000000000000 ) ;
#3164 = CARTESIAN_POINT ( 'NONE',  ( -0.2250000000000000100, 0.02000000000000000000, -0.1145751311064591400 ) ) ;
#3165 = DIRECTION ( 'NONE',  ( 1.000000000000000000, 0.0000000000000000000, -0.0000000000000000000 ) ) ;
#3166 = DIRECTION ( 'NONE',  ( 1.000000000000000000, 0.0000000000000000000, -0.0000000000000000000 ) ) ;
#3167 = DIRECTION ( 'NONE',  ( 0.0000000000000000000, 0.0000000000000000000, -1.000000000000000000 ) ) ;
#3168 = PRESENTATION_STYLE_ASSIGNMENT (( #452 ) ) ;
#3169 = SURFACE_STYLE_FILL_AREA ( #2665 ) ;
#3170 = DIRECTION ( 'NONE',  ( -0.0000000000000000000, -0.0000000000000000000, 1.000000000000000000 ) ) ;
#3171 = EDGE_CURVE ( 'NONE', #4426, #4466, #4461, .T. ) ;
#3172 = DIRECTION ( 'NONE',  ( 0.0000000000000000000, 0.0000000000000000000, -1.000000000000000000 ) ) ;
#3173 = ORIENTED_EDGE ( 'NONE', *, *, #2316, .T. ) ;
#3174 = CARTESIAN_POINT ( 'NONE',  ( 0.5250000000000000200, 0.02000000000000000000, -0.1145751311064591400 ) ) ;
#3175 = CARTESIAN_POINT ( 'NONE',  ( -0.5999000000000001000, 0.07500000000000001100, 0.1145751311064590700 ) ) ;
#3176 = DIRECTION ( 'NONE',  ( -1.000000000000000000, 0.0000000000000000000, 0.0000000000000000000 ) ) ;
#3177 = VERTEX_POINT ( 'NONE', #2622 ) ;
#3178 = VECTOR ( 'NONE', #763, 1000.000000000000000 ) ;
#3179 = CARTESIAN_POINT ( 'NONE',  ( -0.5250000000000000200, 0.1250000000000000000, 0.4998999999999998400 ) ) ;
#3180 = VECTOR ( 'NONE', #4039, 1000.000000000000000 ) ;
#3181 = ORIENTED_EDGE ( 'NONE', *, *, #4306, .F. ) ;
#3182 = EDGE_CURVE ( 'NONE', #3214, #1241, #1560, .T. ) ;
#3183 = VECTOR ( 'NONE', #400, 1000.000000000000000 ) ;
#3184 = LINE ( 'NONE', #2894, #4312 ) ;
#3185 = ORIENTED_EDGE ( 'NONE', *, *, #2286, .T. ) ;
#3186 = SURFACE_STYLE_USAGE ( .BOTH. , #617 ) ;
#3187 = ORIENTED_EDGE ( 'NONE', *, *, #3906, .T. ) ;
#3188 = ORIENTED_EDGE ( 'NONE', *, *, #3407, .F. ) ;
#3189 = DIRECTION ( 'NONE',  ( -0.0000000000000000000, 1.000000000000000000, -0.0000000000000000000 ) ) ;
#3190 = CARTESIAN_POINT ( 'NONE',  ( -0.07500000000000003900, 0.02000000000000000000, -0.1145751311064591400 ) ) ;
#3191 = CARTESIAN_POINT ( 'NONE',  ( 0.5250000000000000200, 0.02000000000000000000, 0.4145751311064590500 ) ) ;
#3192 = DIRECTION ( 'NONE',  ( -1.000000000000000000, 0.0000000000000000000, -0.0000000000000000000 ) ) ;
#3193 = DIRECTION ( 'NONE',  ( 0.0000000000000000000, 0.0000000000000000000, 1.000000000000000000 ) ) ;
#3194 = ORIENTED_EDGE ( 'NONE', *, *, #3182, .F. ) ;
#3195 = EDGE_LOOP ( 'NONE', ( #927, #1890 ) ) ;
#3196 = CARTESIAN_POINT ( 'NONE',  ( -0.07499999999999992800, 0.1250000000000000000, -0.4980000000000001600 ) ) ;
#3197 = CARTESIAN_POINT ( 'NONE',  ( -0.5999000000000001000, 0.1250000000000000000, 0.1145751311064590700 ) ) ;
#3198 = ORIENTED_EDGE ( 'NONE', *, *, #3777, .T. ) ;
#3199 = LINE ( 'NONE', #801, #2235 ) ;
#3200 = AXIS2_PLACEMENT_3D ( 'NONE', #1156, #2254, #49 ) ;
#3201 = VERTEX_POINT ( 'NONE', #3357 ) ;
#3202 = DIRECTION ( 'NONE',  ( 1.000000000000000000, 0.0000000000000000000, 0.0000000000000000000 ) ) ;
#3203 = PLANE ( 'NONE',  #2777 ) ;
#3204 = LINE ( 'NONE', #1330, #2237 ) ;
#3205 = CARTESIAN_POINT ( 'NONE',  ( -0.07500000000000003900, 0.02000000000000000000, -0.4145751311064591600 ) ) ;
#3206 = VERTEX_POINT ( 'NONE', #2278 ) ;
#3207 = LINE ( 'NONE', #1177, #4064 ) ;
#3208 = FILL_AREA_STYLE ('',( #1024 ) ) ;
#3209 = DIRECTION ( 'NONE',  ( 1.000000000000000000, 0.0000000000000000000, 9.035018104045794000E-016 ) ) ;
#3210 = FACE_OUTER_BOUND ( 'NONE', #143, .T. ) ;
#3211 = EDGE_LOOP ( 'NONE', ( #479, #101, #2289, #1281 ) ) ;
#3212 = CARTESIAN_POINT ( 'NONE',  ( -0.2250000000000000100, -0.03999999999999999400, -0.4145751311064591600 ) ) ;
#3213 = VECTOR ( 'NONE', #209, 1000.000000000000000 ) ;
#3214 = VERTEX_POINT ( 'NONE', #2256 ) ;
#3215 = ORIENTED_EDGE ( 'NONE', *, *, #3902, .T. ) ;
#3216 = CARTESIAN_POINT ( 'NONE',  ( -0.5250000000000000200, -0.03999999999999999400, -0.1145751311064591400 ) ) ;
#3217 = CARTESIAN_POINT ( 'NONE',  ( -0.4533896235159318200, 0.3099000000000000100, 0.2825242827490595000 ) ) ;
#3218 = CARTESIAN_POINT ( 'NONE',  ( -0.5999000000000001000, 0.07500000000000001100, 0.1145751311064590700 ) ) ;
#3219 = ORIENTED_EDGE ( 'NONE', *, *, #458, .F. ) ;
#3220 = DIRECTION ( 'NONE',  ( 0.0000000000000000000, 0.0000000000000000000, -1.000000000000000000 ) ) ;
#3221 = ADVANCED_FACE ( 'NONE', ( #1681 ), #2331, .F. ) ;
#3222 = VECTOR ( 'NONE', #1879, 1000.000000000000000 ) ;
#3223 = EDGE_CURVE ( 'NONE', #1316, #1260, #1463, .T. ) ;
#3224 = ORIENTED_EDGE ( 'NONE', *, *, #3088, .T. ) ;
#3225 = VECTOR ( 'NONE', #2795, 1000.000000000000000 ) ;
#3226 = DIRECTION ( 'NONE',  ( -0.0000000000000000000, -1.000000000000000000, -0.0000000000000000000 ) ) ;
#3227 = VECTOR ( 'NONE', #2199, 1000.000000000000000 ) ;
#3228 = ORIENTED_EDGE ( 'NONE', *, *, #3407, .T. ) ;
#3229 = STYLED_ITEM ( 'NONE', ( #659 ), #91 ) ;
#3230 = LINE ( 'NONE', #3090, #431 ) ;
#3231 = EDGE_LOOP ( 'NONE', ( #2280, #1055, #667, #283 ) ) ;
#3232 = EDGE_CURVE ( 'NONE', #3267, #2125, #4352, .T. ) ;
#3233 = PLANE ( 'NONE',  #3514 ) ;
#3234 = CARTESIAN_POINT ( 'NONE',  ( 0.5250000000000005800, -0.03999999999999999400, 0.1145751311064591400 ) ) ;
#3235 = VECTOR ( 'NONE', #1155, 1000.000000000000000 ) ;
#3236 = CARTESIAN_POINT ( 'NONE',  ( -0.2250000000000000100, 0.02000000000000000000, -0.1145751311064591400 ) ) ;
#3237 = AXIS2_PLACEMENT_3D ( 'NONE', #1242, #3780, #1596 ) ;
#3238 = VECTOR ( 'NONE', #1688, 1000.000000000000000 ) ;
#3239 = ORIENTED_EDGE ( 'NONE', *, *, #1011, .F. ) ;
#3240 = EDGE_CURVE ( 'NONE', #2273, #2711, #475, .T. ) ;
#3241 = PLANE ( 'NONE',  #1802 ) ;
#3242 = CARTESIAN_POINT ( 'NONE',  ( 0.3750000000000000000, 0.1250000000000000000, -0.5000000000000002200 ) ) ;
#3243 = ADVANCED_FACE ( 'NONE', ( #2437 ), #1237, .F. ) ;
#3244 = ORIENTED_EDGE ( 'NONE', *, *, #138, .T. ) ;
#3245 = ORIENTED_EDGE ( 'NONE', *, *, #3580, .F. ) ;
#3246 = PLANE ( 'NONE',  #4005 ) ;
#3247 = DIRECTION ( 'NONE',  ( -0.0000000000000000000, 0.0000000000000000000, 1.000000000000000000 ) ) ;
#3248 = AXIS2_PLACEMENT_3D ( 'NONE', #4076, #1508, #1165 ) ;
#3249 = CARTESIAN_POINT ( 'NONE',  ( -0.3750000000000000000, -0.03999999999999999400, -0.1145751311064591400 ) ) ;
#3250 = ORIENTED_EDGE ( 'NONE', *, *, #3255, .T. ) ;
#3251 = FACE_OUTER_BOUND ( 'NONE', #127, .T. ) ;
#3252 = ORIENTED_EDGE ( 'NONE', *, *, #4494, .F. ) ;
#3253 = VERTEX_POINT ( 'NONE', #863 ) ;
#3254 = EDGE_CURVE ( 'NONE', #3678, #1591, #1342, .T. ) ;
#3255 = EDGE_CURVE ( 'NONE', #3206, #3553, #3270, .T. ) ;
#3256 = LINE ( 'NONE', #314, #460 ) ;
#3257 = AXIS2_PLACEMENT_3D ( 'NONE', #2863, #1769, #4316 ) ;
#3258 = VECTOR ( 'NONE', #3081, 1000.000000000000000 ) ;
#3259 = LINE ( 'NONE', #3496, #2191 ) ;
#3260 = AXIS2_PLACEMENT_3D ( 'NONE', #4643, #1452, #3954 ) ;
#3261 = DIRECTION ( 'NONE',  ( 0.0000000000000000000, -1.000000000000000000, 0.0000000000000000000 ) ) ;
#3262 = LINE ( 'NONE', #1075, #1334 ) ;
#3263 = FACE_OUTER_BOUND ( 'NONE', #3893, .T. ) ;
#3264 = FACE_OUTER_BOUND ( 'NONE', #18, .T. ) ;
#3265 = ORIENTED_EDGE ( 'NONE', *, *, #1477, .F. ) ;
#3266 = DIRECTION ( 'NONE',  ( -0.0000000000000000000, -1.000000000000000000, -0.0000000000000000000 ) ) ;
#3267 = VERTEX_POINT ( 'NONE', #149 ) ;
#3268 = PLANE ( 'NONE',  #3260 ) ;
#3269 = DIRECTION ( 'NONE',  ( -0.0000000000000000000, 1.000000000000000000, 0.0000000000000000000 ) ) ;
#3270 = LINE ( 'NONE', #808, #4134 ) ;
#3271 = VECTOR ( 'NONE', #3403, 1000.000000000000000 ) ;
#3272 = ORIENTED_EDGE ( 'NONE', *, *, #2932, .F. ) ;
#3273 = FILL_AREA_STYLE_COLOUR ( '', #1742 ) ;
#3274 = DIRECTION ( 'NONE',  ( -0.0000000000000000000, -0.0000000000000000000, 1.000000000000000000 ) ) ;
#3275 = VERTEX_POINT ( 'NONE', #695 ) ;
#3276 = VECTOR ( 'NONE', #2827, 1000.000000000000000 ) ;
#3277 = LINE ( 'NONE', #87, #4633 ) ;
#3278 = DIRECTION ( 'NONE',  ( 0.0000000000000000000, -1.000000000000000000, 2.710505431213751200E-016 ) ) ;
#3279 = VERTEX_POINT ( 'NONE', #461 ) ;
#3280 = EDGE_CURVE ( 'NONE', #3350, #2246, #4012, .T. ) ;
#3281 = ORIENTED_EDGE ( 'NONE', *, *, #259, .F. ) ;
#3282 = LINE ( 'NONE', #1157, #1354 ) ;
#3283 = ORIENTED_EDGE ( 'NONE', *, *, #1711, .T. ) ;
#3284 = CARTESIAN_POINT ( 'NONE',  ( 0.3750000000000000000, -0.03999999999999999400, -0.1145751311064591400 ) ) ;
#3285 = EDGE_CURVE ( 'NONE', #2039, #2940, #243, .T. ) ;
#3286 = LINE ( 'NONE', #488, #490 ) ;
#3287 = ADVANCED_FACE ( 'NONE', ( #1105 ), #4517, .F. ) ;
#3288 = ADVANCED_FACE ( 'NONE', ( #2708 ), #3725, .F. ) ;
#3289 = EDGE_LOOP ( 'NONE', ( #4714, #4601, #3567, #1568 ) ) ;
#3290 = DIRECTION ( 'NONE',  ( 0.0000000000000000000, 0.0000000000000000000, -1.000000000000000000 ) ) ;
#3291 = EDGE_CURVE ( 'NONE', #3444, #1823, #4192, .T. ) ;
#3292 = ORIENTED_EDGE ( 'NONE', *, *, #4306, .T. ) ;
#3293 = ORIENTED_EDGE ( 'NONE', *, *, #1938, .T. ) ;
#3294 = CARTESIAN_POINT ( 'NONE',  ( 0.07499999999999998300, -0.03999999999999999400, 0.1145751311064590100 ) ) ;
#3295 = CARTESIAN_POINT ( 'NONE',  ( 0.07499999999999998300, 0.07500000000000001100, 0.4999999999999997800 ) ) ;
#3296 = EDGE_LOOP ( 'NONE', ( #1438, #4296, #1763, #2399 ) ) ;
#3297 = DIRECTION ( 'NONE',  ( 1.000000000000000000, 0.0000000000000000000, 0.0000000000000000000 ) ) ;
#3298 = DIRECTION ( 'NONE',  ( -0.0000000000000000000, 1.000000000000000000, -0.0000000000000000000 ) ) ;
#3299 = VERTEX_POINT ( 'NONE', #3868 ) ;
#3300 = ORIENTED_EDGE ( 'NONE', *, *, #2531, .T. ) ;
#3301 = SURFACE_SIDE_STYLE ('',( #871 ) ) ;
#3302 = VERTEX_POINT ( 'NONE', #2106 ) ;
#3303 = ORIENTED_EDGE ( 'NONE', *, *, #3470, .T. ) ;
#3304 = PLANE ( 'NONE',  #3562 ) ;
#3305 = DIRECTION ( 'NONE',  ( -1.000000000000000000, 0.0000000000000000000, 0.0000000000000000000 ) ) ;
#3306 = FACE_OUTER_BOUND ( 'NONE', #758, .T. ) ;
#3307 = ADVANCED_FACE ( 'NONE', ( #2372 ), #4585, .F. ) ;
#3308 = EDGE_CURVE ( 'NONE', #1261, #1316, #1280, .T. ) ;
#3309 = CARTESIAN_POINT ( 'NONE',  ( -0.2250000000000000100, 0.02000000000000000000, -0.4145751311064591600 ) ) ;
#3310 = ORIENTED_EDGE ( 'NONE', *, *, #3308, .F. ) ;
#3311 = LINE ( 'NONE', #4605, #1154 ) ;
#3312 = DIRECTION ( 'NONE',  ( -1.000000000000000000, 0.0000000000000000000, 0.0000000000000000000 ) ) ;
#3313 = DIRECTION ( 'NONE',  ( -1.807003620809174600E-015, -0.0000000000000000000, 1.000000000000000000 ) ) ;
#3314 = CARTESIAN_POINT ( 'NONE',  ( -0.2250000000000000100, 0.07500000000000001100, -0.4980000000000001600 ) ) ;
#3315 = EDGE_CURVE ( 'NONE', #179, #1699, #415, .T. ) ;
#3316 = SURFACE_STYLE_FILL_AREA ( #661 ) ;
#3317 = CARTESIAN_POINT ( 'NONE',  ( 0.3750000000000000000, -0.03999999999999999400, -0.4145751311064591600 ) ) ;
#3318 = STYLED_ITEM ( 'NONE', ( #2890 ), #1113 ) ;
#3319 = LINE ( 'NONE', #2037, #297 ) ;
#3320 = ORIENTED_EDGE ( 'NONE', *, *, #3623, .F. ) ;
#3321 = DIRECTION ( 'NONE',  ( 0.0000000000000000000, 0.0000000000000000000, -1.000000000000000000 ) ) ;
#3322 = PLANE ( 'NONE',  #1473 ) ;
#3323 = EDGE_CURVE ( 'NONE', #418, #2273, #2250, .T. ) ;
#3324 = CARTESIAN_POINT ( 'NONE',  ( 0.0000000000000000000, 0.0000000000000000000, -0.4980000000000001600 ) ) ;
#3325 = LINE ( 'NONE', #1587, #1397 ) ;
#3326 = ORIENTED_EDGE ( 'NONE', *, *, #1826, .T. ) ;
#3327 = ORIENTED_EDGE ( 'NONE', *, *, #4388, .T. ) ;
#3328 = LINE ( 'NONE', #3596, #1403 ) ;
#3329 = COLOUR_RGB ( '',1.000000000000000000, 1.000000000000000000, 1.000000000000000000 ) ;
#3330 = UNCERTAINTY_MEASURE_WITH_UNIT (LENGTH_MEASURE( 1.000000000000000100E-005 ), #241, 'distance_accuracy_value', 'NONE');
#3331 = CARTESIAN_POINT ( 'NONE',  ( -0.07499999999999992800, 0.02000000000000000000, 0.4145751311064590500 ) ) ;
#3332 = ADVANCED_FACE ( 'NONE', ( #3100 ), #2764, .F. ) ;
#3333 = CARTESIAN_POINT ( 'NONE',  ( 0.0000000000000000000, 0.02000000000000000000, 0.0000000000000000000 ) ) ;
#3334 = VECTOR ( 'NONE', #3782, 1000.000000000000000 ) ;
#3335 = ORIENTED_EDGE ( 'NONE', *, *, #3712, .F. ) ;
#3336 = CARTESIAN_POINT ( 'NONE',  ( 0.07499999999999998300, 0.02000000000000000000, -0.1145751311064591400 ) ) ;
#3337 = ORIENTED_EDGE ( 'NONE', *, *, #1114, .T. ) ;
#3338 = ORIENTED_EDGE ( 'NONE', *, *, #4706, .F. ) ;
#3339 = VERTEX_POINT ( 'NONE', #945 ) ;
#3340 = VECTOR ( 'NONE', #2954, 1000.000000000000000 ) ;
#3341 = EDGE_CURVE ( 'NONE', #4582, #3662, #1172, .T. ) ;
#3342 = LINE ( 'NONE', #1969, #1420 ) ;
#3343 = ORIENTED_EDGE ( 'NONE', *, *, #3369, .F. ) ;
#3344 = SURFACE_SIDE_STYLE ('',( #81 ) ) ;
#3345 = CARTESIAN_POINT ( 'NONE',  ( 0.0000000000000000000, 0.0000000000000000000, 0.4998999999999998400 ) ) ;
#3346 =( GEOMETRIC_REPRESENTATION_CONTEXT ( 3 ) GLOBAL_UNCERTAINTY_ASSIGNED_CONTEXT ( ( #1448 ) ) GLOBAL_UNIT_ASSIGNED_CONTEXT ( ( #1626, #4182, #2008 ) ) REPRESENTATION_CONTEXT ( 'NONE', 'WORKASPACE' ) );
#3347 =( GEOMETRIC_REPRESENTATION_CONTEXT ( 3 ) GLOBAL_UNCERTAINTY_ASSIGNED_CONTEXT ( ( #4191 ) ) GLOBAL_UNIT_ASSIGNED_CONTEXT ( ( #3809, #3135, #3936 ) ) REPRESENTATION_CONTEXT ( 'NONE', 'WORKASPACE' ) );
#3348 = ORIENTED_EDGE ( 'NONE', *, *, #4437, .T. ) ;
#3349 = DIRECTION ( 'NONE',  ( 1.000000000000000000, 0.0000000000000000000, 0.0000000000000000000 ) ) ;
#3350 = VERTEX_POINT ( 'NONE', #3398 ) ;
#3351 = CARTESIAN_POINT ( 'NONE',  ( -0.2250000000000000100, 0.02000000000000000000, -0.4145751311064591600 ) ) ;
#3352 =( NAMED_UNIT ( * ) SI_UNIT ( $, .STERADIAN. ) SOLID_ANGLE_UNIT ( ) );
#3353 = ADVANCED_FACE ( 'NONE', ( #2034 ), #2678, .F. ) ;
#3354 = ORIENTED_EDGE ( 'NONE', *, *, #689, .F. ) ;
#3355 = ORIENTED_EDGE ( 'NONE', *, *, #966, .T. ) ;
#3356 = CARTESIAN_POINT ( 'NONE',  ( -0.6000000000000000900, 0.0000000000000000000, 0.4999999999999997800 ) ) ;
#3357 = CARTESIAN_POINT ( 'NONE',  ( -0.5250000000000000200, 0.07500000000000001100, -0.4980000000000001600 ) ) ;
#3358 = AXIS2_PLACEMENT_3D ( 'NONE', #84, #185, #222 ) ;
#3359 = EDGE_LOOP ( 'NONE', ( #1771, #994, #4490, #1472 ) ) ;
#3360 = ORIENTED_EDGE ( 'NONE', *, *, #3605, .T. ) ;
#3361 = CARTESIAN_POINT ( 'NONE',  ( 0.5979999999999997500, 0.07500000000000001100, -0.4145751311064591600 ) ) ;
#3362 = DIRECTION ( 'NONE',  ( 0.0000000000000000000, 0.0000000000000000000, -1.000000000000000000 ) ) ;
#3363 = CARTESIAN_POINT ( 'NONE',  ( -0.07499999999999938700, 0.02000000000000000000, 0.1145751311064591400 ) ) ;
#3364 = DIRECTION ( 'NONE',  ( 0.0000000000000000000, 0.0000000000000000000, -1.000000000000000000 ) ) ;
#3365 =( NAMED_UNIT ( * ) PLANE_ANGLE_UNIT ( ) SI_UNIT ( $, .RADIAN. ) );
#3366 = VECTOR ( 'NONE', #491, 1000.000000000000000 ) ;
#3367 = EDGE_CURVE ( 'NONE', #1260, #1995, #300, .T. ) ;
#3368 = LINE ( 'NONE', #1458, #1450 ) ;
#3369 = EDGE_CURVE ( 'NONE', #2940, #3177, #1046, .T. ) ;
#3370 = VECTOR ( 'NONE', #4069, 1000.000000000000000 ) ;
#3371 = CARTESIAN_POINT ( 'NONE',  ( 0.5250000000000000200, 0.07500000000000001100, 0.4999999999999997800 ) ) ;
#3372 = CARTESIAN_POINT ( 'NONE',  ( -0.07499999999999992800, 0.02000000000000000000, 0.4145751311064590500 ) ) ;
#3373 = AXIS2_PLACEMENT_3D ( 'NONE', #2109, #2105, #2092 ) ;
#3374 = ADVANCED_FACE ( 'NONE', ( #1914 ), #497, .F. ) ;
#3375 = ADVANCED_FACE ( 'NONE', ( #2883 ), #2338, .F. ) ;
#3376 = DIRECTION ( 'NONE',  ( 0.0000000000000000000, -1.000000000000000000, 0.0000000000000000000 ) ) ;
#3377 = EDGE_CURVE ( 'NONE', #3267, #4578, #4673, .T. ) ;
#3378 = PRESENTATION_STYLE_ASSIGNMENT (( #1655 ) ) ;
#3379 = VECTOR ( 'NONE', #538, 1000.000000000000000 ) ;
#3380 = CARTESIAN_POINT ( 'NONE',  ( 0.5999999999999998700, 0.1250000000000000000, -0.4145751311064591600 ) ) ;
#3381 = ORIENTED_EDGE ( 'NONE', *, *, #3995, .F. ) ;
#3382 = AXIS2_PLACEMENT_3D ( 'NONE', #1181, #2574, #2588 ) ;
#3383 = VECTOR ( 'NONE', #2308, 1000.000000000000000 ) ;
#3384 = LINE ( 'NONE', #558, #585 ) ;
#3385 = CARTESIAN_POINT ( 'NONE',  ( -0.6000000000000000900, 0.0000000000000000000, 0.4999999999999997800 ) ) ;
#3386 = EDGE_CURVE ( 'NONE', #251, #713, #922, .T. ) ;
#3387 =( LENGTH_UNIT ( ) NAMED_UNIT ( * ) SI_UNIT ( .MILLI., .METRE. ) );
#3388 = EDGE_LOOP ( 'NONE', ( #287, #4381, #2947, #4268 ) ) ;
#3389 = LINE ( 'NONE', #663, #2442 ) ;
#3390 = FACE_BOUND ( 'NONE', #1517, .T. ) ;
#3391 = EDGE_LOOP ( 'NONE', ( #2986, #1898, #3971, #4496 ) ) ;
#3392 = ORIENTED_EDGE ( 'NONE', *, *, #3873, .F. ) ;
#3393 = DIRECTION ( 'NONE',  ( -0.0000000000000000000, -6.324512672832108900E-016, -1.000000000000000000 ) ) ;
#3394 = VECTOR ( 'NONE', #2956, 1000.000000000000000 ) ;
#3395 = VERTEX_POINT ( 'NONE', #3427 ) ;
#3396 = AXIS2_PLACEMENT_3D ( 'NONE', #1609, #1218, #1193 ) ;
#3397 = DIRECTION ( 'NONE',  ( 0.0000000000000000000, -1.000000000000000000, 0.0000000000000000000 ) ) ;
#3398 = CARTESIAN_POINT ( 'NONE',  ( 0.07499999999999998300, 0.1250000000000000000, 0.4998999999999998400 ) ) ;
#3399 = VECTOR ( 'NONE', #672, 1000.000000000000000 ) ;
#3400 = ORIENTED_EDGE ( 'NONE', *, *, #590, .T. ) ;
#3401 = EDGE_LOOP ( 'NONE', ( #3283, #3245, #302, #4219 ) ) ;
#3402 = DIRECTION ( 'NONE',  ( 1.000000000000000000, 0.0000000000000000000, 9.035018104045833500E-016 ) ) ;
#3403 = DIRECTION ( 'NONE',  ( -0.0000000000000000000, -1.000000000000000000, -0.0000000000000000000 ) ) ;
#3404 = SURFACE_STYLE_USAGE ( .BOTH. , #3430 ) ;
#3405 = LINE ( 'NONE', #3921, #2272 ) ;
#3406 = CLOSED_SHELL ( 'NONE', ( #2742, #1664, #442, #3790, #3683, #3375 ) ) ;
#3407 = EDGE_CURVE ( 'NONE', #2173, #4229, #812, .T. ) ;
#3408 = DIRECTION ( 'NONE',  ( -1.000000000000000000, 0.0000000000000000000, 0.0000000000000000000 ) ) ;
#3409 = CARTESIAN_POINT ( 'NONE',  ( -0.2250000000000000100, 0.07500000000000001100, 0.4998999999999998400 ) ) ;
#3410 = EDGE_LOOP ( 'NONE', ( #3557, #3985, #2486, #438 ) ) ;
#3411 = AXIS2_PLACEMENT_3D ( 'NONE', #1921, #3076, #881 ) ;
#3412 = AXIS2_PLACEMENT_3D ( 'NONE', #2036, #4078, #1882 ) ;
#3413 = EDGE_CURVE ( 'NONE', #1363, #2487, #3719, .T. ) ;
#3414 = VERTEX_POINT ( 'NONE', #1617 ) ;
#3415 = DIRECTION ( 'NONE',  ( 0.0000000000000000000, -0.0000000000000000000, -1.000000000000000000 ) ) ;
#3416 = DIRECTION ( 'NONE',  ( -1.000000000000000000, 0.0000000000000000000, -0.0000000000000000000 ) ) ;
#3417 =( NAMED_UNIT ( * ) PLANE_ANGLE_UNIT ( ) SI_UNIT ( $, .RADIAN. ) );
#3418 = SURFACE_STYLE_USAGE ( .BOTH. , #3102 ) ;
#3419 = ORIENTED_EDGE ( 'NONE', *, *, #1674, .F. ) ;
#3420 = LINE ( 'NONE', #766, #1493 ) ;
#3421 = DIRECTION ( 'NONE',  ( 1.000000000000000000, -0.0000000000000000000, 0.0000000000000000000 ) ) ;
#3422 = CARTESIAN_POINT ( 'NONE',  ( 0.3750000000000000000, 0.07500000000000001100, -0.5000000000000002200 ) ) ;
#3423 = CARTESIAN_POINT ( 'NONE',  ( -0.5999000000000001000, 0.1250000000000000000, -0.4145751311064591600 ) ) ;
#3424 = AXIS2_PLACEMENT_3D ( 'NONE', #36, #435, #454 ) ;
#3425 = LINE ( 'NONE', #2046, #513 ) ;
#3426 = SURFACE_SIDE_STYLE ('',( #522 ) ) ;
#3427 = CARTESIAN_POINT ( 'NONE',  ( -0.2250000000000000100, 0.0000000000000000000, 0.4145751311064590500 ) ) ;
#3428 = LINE ( 'NONE', #3961, #2480 ) ;
#3429 = CARTESIAN_POINT ( 'NONE',  ( -0.3750000000000000000, -0.03999999999999999400, -0.4145751311064591600 ) ) ;
#3430 = SURFACE_SIDE_STYLE ('',( #3869 ) ) ;
#3431 = FACE_OUTER_BOUND ( 'NONE', #3504, .T. ) ;
#3432 = LINE ( 'NONE', #3820, #2367 ) ;
#3433 = FILL_AREA_STYLE ('',( #2715 ) ) ;
#3434 = PLANE ( 'NONE',  #1911 ) ;
#3435 = EDGE_LOOP ( 'NONE', ( #427, #1129, #3188, #130 ) ) ;
#3436 = VECTOR ( 'NONE', #4148, 1000.000000000000000 ) ;
#3437 = DIRECTION ( 'NONE',  ( -0.0000000000000000000, 1.000000000000000000, -2.710505431213751200E-016 ) ) ;
#3438 = ORIENTED_EDGE ( 'NONE', *, *, #4559, .T. ) ;
#3439 = DIRECTION ( 'NONE',  ( -0.0000000000000000000, 1.000000000000000000, -0.0000000000000000000 ) ) ;
#3440 = DIRECTION ( 'NONE',  ( 1.000000000000000000, 0.0000000000000000000, 0.0000000000000000000 ) ) ;
#3441 = VERTEX_POINT ( 'NONE', #154 ) ;
#3442 = LINE ( 'NONE', #3890, #3334 ) ;
#3443 = FILL_AREA_STYLE ('',( #3492 ) ) ;
#3444 = VERTEX_POINT ( 'NONE', #520 ) ;
#3445 = CARTESIAN_POINT ( 'NONE',  ( -0.5250000000000000200, -0.03999999999999999400, 0.4145751311064590500 ) ) ;
#3446 = CARTESIAN_POINT ( 'NONE',  ( -0.2250000000000000100, 0.07500000000000001100, -0.5000000000000002200 ) ) ;
#3447 = PLANE ( 'NONE',  #203 ) ;
#3448 = DIRECTION ( 'NONE',  ( 1.000000000000000000, 0.0000000000000000000, 0.0000000000000000000 ) ) ;
#3449 = CLOSED_SHELL ( 'NONE', ( #1462, #2572, #2556, #325, #4318, #1140 ) ) ;
#3450 = EDGE_LOOP ( 'NONE', ( #1759, #3622, #997, #964 ) ) ;
#3451 = VECTOR ( 'NONE', #1660, 1000.000000000000000 ) ;
#3452 = ORIENTED_EDGE ( 'NONE', *, *, #2770, .T. ) ;
#3453 = PLANE ( 'NONE',  #946 ) ;
#3454 = DIRECTION ( 'NONE',  ( -0.0000000000000000000, -0.0000000000000000000, 1.000000000000000000 ) ) ;
#3455 = EDGE_CURVE ( 'NONE', #1995, #492, #2650, .T. ) ;
#3456 = DIRECTION ( 'NONE',  ( 0.0000000000000000000, 0.0000000000000000000, 1.000000000000000000 ) ) ;
#3457 = VERTEX_POINT ( 'NONE', #3804 ) ;
#3458 = DIRECTION ( 'NONE',  ( -0.0000000000000000000, 1.000000000000000000, -0.0000000000000000000 ) ) ;
#3459 = AXIS2_PLACEMENT_3D ( 'NONE', #3700, #3538, #3526 ) ;
#3460 = ORIENTED_EDGE ( 'NONE', *, *, #779, .T. ) ;
#3461 = PLANE ( 'NONE',  #1980 ) ;
#3462 = CARTESIAN_POINT ( 'NONE',  ( -0.5999000000000001000, 0.1250000000000000000, -0.4145751311064591600 ) ) ;
#3463 = EDGE_CURVE ( 'NONE', #2476, #772, #1675, .T. ) ;
#3464 = ORIENTED_EDGE ( 'NONE', *, *, #3072, .F. ) ;
#3465 = PRESENTATION_LAYER_ASSIGNMENT (  '', '', ( #2999 ) ) ;
#3466 = ORIENTED_EDGE ( 'NONE', *, *, #2147, .T. ) ;
#3467 = CARTESIAN_POINT ( 'NONE',  ( -0.6000000000000000900, 0.07500000000000001100, -0.1145751311064591400 ) ) ;
#3468 = ADVANCED_FACE ( 'NONE', ( #1790 ), #2014, .F. ) ;
#3469 = DIRECTION ( 'NONE',  ( -0.0000000000000000000, 1.000000000000000000, -0.0000000000000000000 ) ) ;
#3470 = EDGE_CURVE ( 'NONE', #713, #1713, #1557, .T. ) ;
#3471 = MANIFOLD_SOLID_BREP ( 'Boss-Extrude2[2]', #3915 ) ;
#3472 = ORIENTED_EDGE ( 'NONE', *, *, #2200, .F. ) ;
#3473 = CARTESIAN_POINT ( 'NONE',  ( -0.5250000000000000200, 0.07500000000000001100, -0.5000000000000002200 ) ) ;
#3474 = DIRECTION ( 'NONE',  ( 0.0000000000000000000, 0.0000000000000000000, -1.000000000000000000 ) ) ;
#3475 = SURFACE_SIDE_STYLE ('',( #4554 ) ) ;
#3476 = PLANE ( 'NONE',  #681 ) ;
#3477 = CARTESIAN_POINT ( 'NONE',  ( 0.0000000000000000000, -0.03999999999999999400, 0.0000000000000000000 ) ) ;
#3478 = VECTOR ( 'NONE', #3794, 1000.000000000000000 ) ;
#3479 = LINE ( 'NONE', #1765, #1553 ) ;
#3480 = CARTESIAN_POINT ( 'NONE',  ( 0.2250000000000005900, -0.03999999999999999400, 0.1145751311064591400 ) ) ;
#3481 = STYLED_ITEM ( 'NONE', ( #753 ), #2993 ) ;
#3482 = DIRECTION ( 'NONE',  ( 1.000000000000000000, 0.0000000000000000000, 0.0000000000000000000 ) ) ;
#3483 = LINE ( 'NONE', #2136, #4453 ) ;
#3484 = CARTESIAN_POINT ( 'NONE',  ( 0.2249999999999999500, -0.03999999999999999400, -0.1145751311064591400 ) ) ;
#3485 = EDGE_LOOP ( 'NONE', ( #3563, #2205, #4138, #1625 ) ) ;
#3486 = CARTESIAN_POINT ( 'NONE',  ( -0.3749999999999998900, 0.02000000000000000000, 0.4145751311064590500 ) ) ;
#3487 = VECTOR ( 'NONE', #4190, 1000.000000000000000 ) ;
#3488 = VECTOR ( 'NONE', #1320, 1000.000000000000000 ) ;
#3489 = EDGE_CURVE ( 'NONE', #444, #4578, #1219, .T. ) ;
#3490 = ORIENTED_EDGE ( 'NONE', *, *, #4559, .F. ) ;
#3491 = VERTEX_POINT ( 'NONE', #920 ) ;
#3492 = FILL_AREA_STYLE_COLOUR ( '', #1752 ) ;
#3493 = EDGE_CURVE ( 'NONE', #859, #4385, #3044, .T. ) ;
#3494 = PLANE ( 'NONE',  #1127 ) ;
#3495 = VECTOR ( 'NONE', #3022, 1000.000000000000000 ) ;
#3496 = CARTESIAN_POINT ( 'NONE',  ( 0.5250000000000000200, 0.1250000000000000000, -0.5000000000000002200 ) ) ;
#3497 = CARTESIAN_POINT ( 'NONE',  ( -0.2250000000000000100, 0.07500000000000001100, -0.5000000000000002200 ) ) ;
#3498 = ORIENTED_EDGE ( 'NONE', *, *, #2094, .T. ) ;
#3499 = DIRECTION ( 'NONE',  ( -1.000000000000000000, 0.0000000000000000000, 0.0000000000000000000 ) ) ;
#3500 = EDGE_CURVE ( 'NONE', #426, #3160, #4007, .T. ) ;
#3501 = ORIENTED_EDGE ( 'NONE', *, *, #2660, .F. ) ;
#3502 = FACE_OUTER_BOUND ( 'NONE', #1416, .T. ) ;
#3503 = FACE_BOUND ( 'NONE', #764, .T. ) ;
#3504 = EDGE_LOOP ( 'NONE', ( #1576, #3505, #298, #3516 ) ) ;
#3505 = ORIENTED_EDGE ( 'NONE', *, *, #3741, .T. ) ;
#3506 = CARTESIAN_POINT ( 'NONE',  ( -0.2250000000000000100, 0.02000000000000000000, -0.4145751311064591600 ) ) ;
#3507 = DIRECTION ( 'NONE',  ( -0.0000000000000000000, -1.000000000000000000, -0.0000000000000000000 ) ) ;
#3508 = VECTOR ( 'NONE', #2215, 1000.000000000000000 ) ;
#3509 = ORIENTED_EDGE ( 'NONE', *, *, #3047, .F. ) ;
#3510 = VECTOR ( 'NONE', #1231, 1000.000000000000000 ) ;
#3511 = EDGE_LOOP ( 'NONE', ( #670, #374, #740, #3215 ) ) ;
#3512 = CARTESIAN_POINT ( 'NONE',  ( -0.07499999999999992800, 0.07500000000000001100, -0.4980000000000001600 ) ) ;
#3513 = CARTESIAN_POINT ( 'NONE',  ( -0.5250000000000000200, 0.1250000000000000000, 0.4999999999999997800 ) ) ;
#3514 = AXIS2_PLACEMENT_3D ( 'NONE', #3216, #3157, #3124 ) ;
#3515 = CARTESIAN_POINT ( 'NONE',  ( 0.2250000000000000600, 0.1250000000000000000, -0.4980000000000001600 ) ) ;
#3516 = ORIENTED_EDGE ( 'NONE', *, *, #4269, .T. ) ;
#3517 = EDGE_CURVE ( 'NONE', #4232, #2173, #581, .T. ) ;
#3518 = ORIENTED_EDGE ( 'NONE', *, *, #3642, .T. ) ;
#3519 = CARTESIAN_POINT ( 'NONE',  ( -0.07499999999999938700, 0.02000000000000000000, 0.1145751311064591400 ) ) ;
#3520 = CARTESIAN_POINT ( 'NONE',  ( -0.2250000000000000100, 0.1250000000000000000, -0.5000000000000002200 ) ) ;
#3521 = EDGE_CURVE ( 'NONE', #3924, #152, #117, .T. ) ;
#3522 = DIRECTION ( 'NONE',  ( -1.000000000000000000, -0.0000000000000000000, -0.0000000000000000000 ) ) ;
#3523 = ORIENTED_EDGE ( 'NONE', *, *, #4085, .F. ) ;
#3524 = AXIS2_PLACEMENT_3D ( 'NONE', #2517, #319, #2886 ) ;
#3525 = DIRECTION ( 'NONE',  ( -1.000000000000000000, 0.0000000000000000000, 0.0000000000000000000 ) ) ;
#3526 = DIRECTION ( 'NONE',  ( -1.807003620809174600E-015, 0.0000000000000000000, 1.000000000000000000 ) ) ;
#3527 = DIRECTION ( 'NONE',  ( 0.0000000000000000000, 0.0000000000000000000, 1.000000000000000000 ) ) ;
#3528 = ORIENTED_EDGE ( 'NONE', *, *, #480, .T. ) ;
#3529 = DIRECTION ( 'NONE',  ( -1.000000000000000000, 0.0000000000000000000, 0.0000000000000000000 ) ) ;
#3530 = EDGE_LOOP ( 'NONE', ( #2841, #4596, #437, #3793 ) ) ;
#3531 = EDGE_CURVE ( 'NONE', #1809, #4690, #1100, .T. ) ;
#3532 = VECTOR ( 'NONE', #1867, 1000.000000000000000 ) ;
#3533 = ORIENTED_EDGE ( 'NONE', *, *, #289, .F. ) ;
#3534 =( NAMED_UNIT ( * ) PLANE_ANGLE_UNIT ( ) SI_UNIT ( $, .RADIAN. ) );
#3535 = CARTESIAN_POINT ( 'NONE',  ( 0.0000000000000000000, 0.02000000000000000000, 0.0000000000000000000 ) ) ;
#3536 = LINE ( 'NONE', #2759, #1603 ) ;
#3537 = VECTOR ( 'NONE', #169, 1000.000000000000000 ) ;
#3538 = DIRECTION ( 'NONE',  ( -1.000000000000000000, 0.0000000000000000000, -1.807003620809174600E-015 ) ) ;
#3539 = PRESENTATION_STYLE_ASSIGNMENT (( #2606 ) ) ;
#3540 = DIRECTION ( 'NONE',  ( -1.000000000000000000, 0.0000000000000000000, 0.0000000000000000000 ) ) ;
#3541 = FACE_OUTER_BOUND ( 'NONE', #1865, .T. ) ;
#3542 = DIRECTION ( 'NONE',  ( -0.0000000000000000000, 1.000000000000000000, -0.0000000000000000000 ) ) ;
#3543 = CARTESIAN_POINT ( 'NONE',  ( -0.2250000000000000100, 0.02000000000000000000, 0.1145751311064590100 ) ) ;
#3544 = CARTESIAN_POINT ( 'NONE',  ( -0.5250000000000000200, 0.07500000000000001100, 0.4998999999999998400 ) ) ;
#3545 = FACE_BOUND ( 'NONE', #896, .T. ) ;
#3546 = FACE_OUTER_BOUND ( 'NONE', #1878, .T. ) ;
#3547 = ORIENTED_EDGE ( 'NONE', *, *, #1095, .F. ) ;
#3548 = EDGE_CURVE ( 'NONE', #3650, #492, #987, .T. ) ;
#3549 = EDGE_LOOP ( 'NONE', ( #525, #1937, #4693, #77 ) ) ;
#3550 = ORIENTED_EDGE ( 'NONE', *, *, #458, .T. ) ;
#3551 = CARTESIAN_POINT ( 'NONE',  ( 0.3750000000000000000, -0.03999999999999999400, 0.4145751311064590500 ) ) ;
#3552 = LINE ( 'NONE', #2381, #2593 ) ;
#3553 = VERTEX_POINT ( 'NONE', #2071 ) ;
#3554 = EDGE_CURVE ( 'NONE', #845, #1984, #857, .T. ) ;
#3555 = ORIENTED_EDGE ( 'NONE', *, *, #3072, .T. ) ;
#3556 = VERTEX_POINT ( 'NONE', #4240 ) ;
#3557 = ORIENTED_EDGE ( 'NONE', *, *, #4494, .T. ) ;
#3558 = FACE_OUTER_BOUND ( 'NONE', #3109, .T. ) ;
#3559 = DIRECTION ( 'NONE',  ( -1.000000000000000000, -0.0000000000000000000, -0.0000000000000000000 ) ) ;
#3560 = VECTOR ( 'NONE', #3579, 1000.000000000000000 ) ;
#3561 = FILL_AREA_STYLE_COLOUR ( '', #1901 ) ;
#3562 = AXIS2_PLACEMENT_3D ( 'NONE', #3429, #888, #3456 ) ;
#3563 = ORIENTED_EDGE ( 'NONE', *, *, #3995, .T. ) ;
#3564 = EDGE_CURVE ( 'NONE', #713, #785, #3778, .T. ) ;
#3565 = PRESENTATION_STYLE_ASSIGNMENT (( #4662 ) ) ;
#3566 = VECTOR ( 'NONE', #3170, 1000.000000000000000 ) ;
#3567 = ORIENTED_EDGE ( 'NONE', *, *, #128, .F. ) ;
#3568 = CARTESIAN_POINT ( 'NONE',  ( 0.5979999999999997500, 0.1250000000000000000, -0.4145751311064591600 ) ) ;
#3569 = CARTESIAN_POINT ( 'NONE',  ( 0.3750000000000000000, 0.07500000000000001100, -0.5000000000000002200 ) ) ;
#3570 = ORIENTED_EDGE ( 'NONE', *, *, #2690, .T. ) ;
#3571 = ORIENTED_EDGE ( 'NONE', *, *, #289, .T. ) ;
#3572 = ORIENTED_EDGE ( 'NONE', *, *, #4375, .T. ) ;
#3573 = CARTESIAN_POINT ( 'NONE',  ( -0.07499999999999992800, 0.02000000000000000000, 0.4145751311064590500 ) ) ;
#3574 = CARTESIAN_POINT ( 'NONE',  ( 0.3750000000000000000, 0.0000000000000000000, -0.1145751311064591400 ) ) ;
#3575 = AXIS2_PLACEMENT_3D ( 'NONE', #1377, #1427, #2182 ) ;
#3576 = CARTESIAN_POINT ( 'NONE',  ( -0.3750000000000000000, 0.02000000000000000000, -0.4145751311064591600 ) ) ;
#3577 = ORIENTED_EDGE ( 'NONE', *, *, #2618, .F. ) ;
#3578 = SURFACE_SIDE_STYLE ('',( #2756 ) ) ;
#3579 = DIRECTION ( 'NONE',  ( -0.0000000000000000000, -1.000000000000000000, -0.0000000000000000000 ) ) ;
#3580 = EDGE_CURVE ( 'NONE', #2669, #3206, #3648, .T. ) ;
#3581 = ORIENTED_EDGE ( 'NONE', *, *, #710, .T. ) ;
#3582 = PRESENTATION_STYLE_ASSIGNMENT (( #1311 ) ) ;
#3583 = VERTEX_POINT ( 'NONE', #1336 ) ;
#3584 = ORIENTED_EDGE ( 'NONE', *, *, #2200, .T. ) ;
#3585 = DIRECTION ( 'NONE',  ( 0.0000000000000000000, 0.0000000000000000000, -1.000000000000000000 ) ) ;
#3586 = CARTESIAN_POINT ( 'NONE',  ( -0.6000000000000000900, 0.1250000000000000000, 0.1145751311064590700 ) ) ;
#3587 = PRESENTATION_STYLE_ASSIGNMENT (( #4302 ) ) ;
#3588 = ADVANCED_FACE ( 'NONE', ( #743 ), #3891, .F. ) ;
#3589 = ADVANCED_FACE ( 'NONE', ( #1840, #2581, #2702, #3545, #4514 ), #236, .F. ) ;
#3590 = FACE_OUTER_BOUND ( 'NONE', #4590, .T. ) ;
#3591 = FACE_OUTER_BOUND ( 'NONE', #3994, .T. ) ;
#3592 = DIRECTION ( 'NONE',  ( -1.000000000000000000, 0.0000000000000000000, -0.0000000000000000000 ) ) ;
#3593 = DIRECTION ( 'NONE',  ( -1.000000000000000000, -0.0000000000000000000, -0.0000000000000000000 ) ) ;
#3594 = PRESENTATION_STYLE_ASSIGNMENT (( #1417 ) ) ;
#3595 = VECTOR ( 'NONE', #4060, 1000.000000000000000 ) ;
#3596 = CARTESIAN_POINT ( 'NONE',  ( 0.07499999999999998300, 0.02000000000000000000, 0.4145751311064590500 ) ) ;
#3597 = VECTOR ( 'NONE', #3818, 1000.000000000000000 ) ;
#3598 = LINE ( 'NONE', #3041, #2651 ) ;
#3599 = ORIENTED_EDGE ( 'NONE', *, *, #1365, .T. ) ;
#3600 = CARTESIAN_POINT ( 'NONE',  ( -0.5999000000000001000, 0.07500000000000001100, 0.1145751311064590700 ) ) ;
#3601 = DIRECTION ( 'NONE',  ( 1.000000000000000000, 0.0000000000000000000, 0.0000000000000000000 ) ) ;
#3602 = ORIENTED_EDGE ( 'NONE', *, *, #2836, .F. ) ;
#3603 = DIRECTION ( 'NONE',  ( -1.000000000000000000, 0.0000000000000000000, 0.0000000000000000000 ) ) ;
#3604 = LINE ( 'NONE', #3242, #3495 ) ;
#3605 = EDGE_CURVE ( 'NONE', #2515, #2741, #637, .T. ) ;
#3606 = VERTEX_POINT ( 'NONE', #1352 ) ;
#3607 = LINE ( 'NONE', #3190, #1467 ) ;
#3608 = CARTESIAN_POINT ( 'NONE',  ( 0.0000000000000000000, 0.02000000000000000000, 0.0000000000000000000 ) ) ;
#3609 = FILL_AREA_STYLE_COLOUR ( '', #1631 ) ;
#3610 = EDGE_CURVE ( 'NONE', #152, #1013, #4399, .T. ) ;
#3611 = DIRECTION ( 'NONE',  ( -1.000000000000000000, 0.0000000000000000000, 0.0000000000000000000 ) ) ;
#3612 = LINE ( 'NONE', #2529, #2896 ) ;
#3613 = ORIENTED_EDGE ( 'NONE', *, *, #2853, .T. ) ;
#3614 = ADVANCED_FACE ( 'NONE', ( #3431 ), #256, .T. ) ;
#3615 = ADVANCED_FACE ( 'NONE', ( #2148 ), #4265, .F. ) ;
#3616 = PRESENTATION_LAYER_ASSIGNMENT (  '', '', ( #3139 ) ) ;
#3617 = LINE ( 'NONE', #3005, #1694 ) ;
#3618 = ORIENTED_EDGE ( 'NONE', *, *, #1213, .F. ) ;
#3619 = EDGE_CURVE ( 'NONE', #2340, #772, #1167, .T. ) ;
#3620 = CARTESIAN_POINT ( 'NONE',  ( 0.5999999999999998700, 0.1250000000000001900, -0.1145751311064591600 ) ) ;
#3621 = VECTOR ( 'NONE', #1426, 1000.000000000000000 ) ;
#3622 = ORIENTED_EDGE ( 'NONE', *, *, #2916, .T. ) ;
#3623 = EDGE_CURVE ( 'NONE', #391, #889, #176, .T. ) ;
#3624 = EDGE_LOOP ( 'NONE', ( #556, #3181, #1871, #3244 ) ) ;
#3625 = DIRECTION ( 'NONE',  ( -0.0000000000000000000, 1.000000000000000000, -0.0000000000000000000 ) ) ;
#3626 = PLANE ( 'NONE',  #2779 ) ;
#3627 = ORIENTED_EDGE ( 'NONE', *, *, #1499, .F. ) ;
#3628 = PRESENTATION_LAYER_ASSIGNMENT (  '', '', ( #3161 ) ) ;
#3629 = VERTEX_POINT ( 'NONE', #4291 ) ;
#3630 = CARTESIAN_POINT ( 'NONE',  ( 0.07499999999999998300, 0.07500000000000001100, 0.4998999999999998400 ) ) ;
#3631 = ADVANCED_FACE ( 'NONE', ( #3838 ), #2489, .F. ) ;
#3632 = EDGE_CURVE ( 'NONE', #492, #1173, #2881, .T. ) ;
#3633 = ORIENTED_EDGE ( 'NONE', *, *, #4127, .F. ) ;
#3634 = CARTESIAN_POINT ( 'NONE',  ( -0.07499999999999992800, 0.07500000000000001100, 0.4999999999999997800 ) ) ;
#3635 = CARTESIAN_POINT ( 'NONE',  ( -0.5250000000000000200, 0.1250000000000000000, -0.5000000000000002200 ) ) ;
#3636 = EDGE_CURVE ( 'NONE', #179, #2768, #53, .T. ) ;
#3637 = FACE_OUTER_BOUND ( 'NONE', #1424, .T. ) ;
#3638 = STYLED_ITEM ( 'NONE', ( #3582 ), #4660 ) ;
#3639 = LINE ( 'NONE', #2065, #1498 ) ;
#3640 = VECTOR ( 'NONE', #3070, 1000.000000000000000 ) ;
#3641 = STYLED_ITEM ( 'NONE', ( #2209 ), #926 ) ;
#3642 = EDGE_CURVE ( 'NONE', #1984, #3968, #1906, .T. ) ;
#3643 = DIRECTION ( 'NONE',  ( -1.000000000000000000, 0.0000000000000000000, 0.0000000000000000000 ) ) ;
#3644 = EDGE_CURVE ( 'NONE', #543, #2445, #4670, .T. ) ;
#3645 = LINE ( 'NONE', #4408, #1391 ) ;
#3646 = LINE ( 'NONE', #4602, #2580 ) ;
#3647 = ORIENTED_EDGE ( 'NONE', *, *, #530, .F. ) ;
#3648 = LINE ( 'NONE', #963, #1730 ) ;
#3649 = LINE ( 'NONE', #4456, #2703 ) ;
#3650 = VERTEX_POINT ( 'NONE', #303 ) ;
#3651 = DIRECTION ( 'NONE',  ( 0.0000000000000000000, 0.0000000000000000000, 1.000000000000000000 ) ) ;
#3652 = DIRECTION ( 'NONE',  ( 0.0000000000000000000, -0.0000000000000000000, -1.000000000000000000 ) ) ;
#3653 = ADVANCED_FACE ( 'NONE', ( #4568 ), #1039, .T. ) ;
#3654 = ADVANCED_FACE ( 'NONE', ( #1453 ), #4669, .F. ) ;
#3655 = COLOUR_RGB ( '',1.000000000000000000, 1.000000000000000000, 1.000000000000000000 ) ;
#3656 = COLOUR_RGB ( '',1.000000000000000000, 1.000000000000000000, 1.000000000000000000 ) ;
#3657 = ORIENTED_EDGE ( 'NONE', *, *, #1130, .F. ) ;
#3658 = ORIENTED_EDGE ( 'NONE', *, *, #443, .F. ) ;
#3659 = ORIENTED_EDGE ( 'NONE', *, *, #2123, .T. ) ;
#3660 = LINE ( 'NONE', #1357, #1851 ) ;
#3661 = LINE ( 'NONE', #1555, #756 ) ;
#3662 = VERTEX_POINT ( 'NONE', #1057 ) ;
#3663 = CARTESIAN_POINT ( 'NONE',  ( 0.07499999999999998300, 0.1250000000000000000, -0.5000000000000002200 ) ) ;
#3664 = VERTEX_POINT ( 'NONE', #3973 ) ;
#3665 = ORIENTED_EDGE ( 'NONE', *, *, #1447, .F. ) ;
#3666 = DIRECTION ( 'NONE',  ( 1.000000000000000000, 0.0000000000000000000, 0.0000000000000000000 ) ) ;
#3667 = EDGE_LOOP ( 'NONE', ( #3337, #2806, #774, #1661 ) ) ;
#3668 = LINE ( 'NONE', #2962, #761 ) ;
#3669 = FACE_OUTER_BOUND ( 'NONE', #671, .T. ) ;
#3670 = ORIENTED_EDGE ( 'NONE', *, *, #3906, .F. ) ;
#3671 = ORIENTED_EDGE ( 'NONE', *, *, #1429, .F. ) ;
#3672 = DIRECTION ( 'NONE',  ( -0.0000000000000000000, -0.0000000000000000000, 1.000000000000000000 ) ) ;
#3673 = AXIS2_PLACEMENT_3D ( 'NONE', #2307, #2672, #476 ) ;
#3674 = UNCERTAINTY_MEASURE_WITH_UNIT (LENGTH_MEASURE( 1.000000000000000100E-005 ), #397, 'distance_accuracy_value', 'NONE');
#3675 = FACE_OUTER_BOUND ( 'NONE', #3388, .T. ) ;
#3676 = ORIENTED_EDGE ( 'NONE', *, *, #2418, .F. ) ;
#3677 = CARTESIAN_POINT ( 'NONE',  ( 0.3750000000000000000, 0.0000000000000000000, -0.4145751311064591600 ) ) ;
#3678 = VERTEX_POINT ( 'NONE', #4687 ) ;
#3679 = DIRECTION ( 'NONE',  ( -0.0000000000000000000, 1.000000000000000000, -0.0000000000000000000 ) ) ;
#3680 = DIRECTION ( 'NONE',  ( 0.0000000000000000000, 0.0000000000000000000, -1.000000000000000000 ) ) ;
#3681 = LINE ( 'NONE', #1134, #3340 ) ;
#3682 = PLANE ( 'NONE',  #2992 ) ;
#3683 = ADVANCED_FACE ( 'NONE', ( #2984 ), #2174, .T. ) ;
#3684 = ORIENTED_EDGE ( 'NONE', *, *, #1, .T. ) ;
#3685 = DIRECTION ( 'NONE',  ( 0.0000000000000000000, 0.0000000000000000000, -1.000000000000000000 ) ) ;
#3686 =( LENGTH_UNIT ( ) NAMED_UNIT ( * ) SI_UNIT ( .MILLI., .METRE. ) );
#3687 = CARTESIAN_POINT ( 'NONE',  ( -0.4533896235159318200, 0.3100000000000000000, 0.2825242827490595000 ) ) ;
#3688 = DIRECTION ( 'NONE',  ( -0.0000000000000000000, -0.0000000000000000000, 1.000000000000000000 ) ) ;
#3689 = DIRECTION ( 'NONE',  ( -0.0000000000000000000, -0.0000000000000000000, 1.000000000000000000 ) ) ;
#3690 = VERTEX_POINT ( 'NONE', #4335 ) ;
#3691 = ORIENTED_EDGE ( 'NONE', *, *, #2259, .T. ) ;
#3692 = DIRECTION ( 'NONE',  ( 1.807003620809175000E-015, 0.0000000000000000000, -1.000000000000000000 ) ) ;
#3693 = DIRECTION ( 'NONE',  ( -1.000000000000000000, -0.0000000000000000000, -0.0000000000000000000 ) ) ;
#3694 = ORIENTED_EDGE ( 'NONE', *, *, #1531, .T. ) ;
#3695 = DIRECTION ( 'NONE',  ( -1.807003620809174600E-015, -0.0000000000000000000, 1.000000000000000000 ) ) ;
#3696 = VERTEX_POINT ( 'NONE', #693 ) ;
#3697 = DIRECTION ( 'NONE',  ( 0.7071067811865477900, 0.0000000000000000000, -0.7071067811865473500 ) ) ;
#3698 = DIRECTION ( 'NONE',  ( -1.000000000000000000, 0.0000000000000000000, -9.035018104045796000E-016 ) ) ;
#3699 = VECTOR ( 'NONE', #4214, 1000.000000000000000 ) ;
#3700 = CARTESIAN_POINT ( 'NONE',  ( 0.2250000000000005900, -0.03999999999999999400, 0.1145751311064591400 ) ) ;
#3701 = EDGE_CURVE ( 'NONE', #2741, #4634, #3262, .T. ) ;
#3702 = EDGE_LOOP ( 'NONE', ( #1718, #1204, #448, #4253 ) ) ;
#3703 = LINE ( 'NONE', #2849, #798 ) ;
#3704 =( LENGTH_UNIT ( ) NAMED_UNIT ( * ) SI_UNIT ( .MILLI., .METRE. ) );
#3705 = DIRECTION ( 'NONE',  ( -0.0000000000000000000, 1.000000000000000000, -0.0000000000000000000 ) ) ;
#3706 = PLANE ( 'NONE',  #1948 ) ;
#3707 = PRESENTATION_LAYER_ASSIGNMENT (  '', '', ( #3229 ) ) ;
#3708 = ADVANCED_FACE ( 'NONE', ( #2305 ), #1451, .T. ) ;
#3709 = LINE ( 'NONE', #1956, #3366 ) ;
#3710 = FACE_OUTER_BOUND ( 'NONE', #4631, .T. ) ;
#3711 = DIRECTION ( 'NONE',  ( -0.0000000000000000000, -1.000000000000000000, -0.0000000000000000000 ) ) ;
#3712 = EDGE_CURVE ( 'NONE', #3027, #4480, #4123, .T. ) ;
#3713 = CARTESIAN_POINT ( 'NONE',  ( 0.3750000000000000000, 0.1250000000000000000, 0.4999999999999997800 ) ) ;
#3714 = MECHANICAL_DESIGN_GEOMETRIC_PRESENTATION_REPRESENTATION (  '', ( #2999 ), #3967 ) ;
#3715 = VECTOR ( 'NONE', #4653, 1000.000000000000000 ) ;
#3716 = LINE ( 'NONE', #4274, #807 ) ;
#3717 = PLANE ( 'NONE',  #2928 ) ;
#3718 = EDGE_CURVE ( 'NONE', #1404, #889, #4244, .T. ) ;
#3719 = LINE ( 'NONE', #2000, #59 ) ;
#3720 = VECTOR ( 'NONE', #3402, 1000.000000000000000 ) ;
#3721 = ORIENTED_EDGE ( 'NONE', *, *, #402, .F. ) ;
#3722 = ORIENTED_EDGE ( 'NONE', *, *, #2057, .F. ) ;
#3723 = LINE ( 'NONE', #3423, #2655 ) ;
#3724 = DIRECTION ( 'NONE',  ( -0.0000000000000000000, -1.000000000000000000, -0.0000000000000000000 ) ) ;
#3725 = PLANE ( 'NONE',  #1364 ) ;
#3726 = ORIENTED_EDGE ( 'NONE', *, *, #3969, .F. ) ;
#3727 = CARTESIAN_POINT ( 'NONE',  ( -0.5250000000000000200, 0.1250000000000000000, -0.5000000000000002200 ) ) ;
#3728 = DIRECTION ( 'NONE',  ( -0.7071067811865477900, 0.0000000000000000000, 0.7071067811865473500 ) ) ;
#3729 = AXIS2_PLACEMENT_3D ( 'NONE', #1107, #781, #1142 ) ;
#3730 = ORIENTED_EDGE ( 'NONE', *, *, #868, .T. ) ;
#3731 = VECTOR ( 'NONE', #645, 1000.000000000000000 ) ;
#3732 = LINE ( 'NONE', #4688, #4464 ) ;
#3733 = VERTEX_POINT ( 'NONE', #2544 ) ;
#3734 = CARTESIAN_POINT ( 'NONE',  ( -0.2250000000000000100, 0.07500000000000001100, 0.4999999999999997800 ) ) ;
#3735 = ORIENTED_EDGE ( 'NONE', *, *, #3632, .T. ) ;
#3736 = CARTESIAN_POINT ( 'NONE',  ( -0.2250000000000000100, 0.1250000000000000000, 0.4998999999999998400 ) ) ;
#3737 = LINE ( 'NONE', #1532, #4588 ) ;
#3738 = CARTESIAN_POINT ( 'NONE',  ( 0.2250000000000005900, -0.03999999999999999400, 0.1145751311064591400 ) ) ;
#3739 = ADVANCED_FACE ( 'NONE', ( #3154 ), #1085, .F. ) ;
#3740 = EDGE_LOOP ( 'NONE', ( #804, #4142, #2684, #705 ) ) ;
#3741 = EDGE_CURVE ( 'NONE', #2002, #1073, #4003, .T. ) ;
#3742 = EDGE_LOOP ( 'NONE', ( #1870, #485, #270, #3849 ) ) ;
#3743 = EDGE_LOOP ( 'NONE', ( #4372, #721, #874, #3815 ) ) ;
#3744 = SURFACE_STYLE_USAGE ( .BOTH. , #447 ) ;
#3745 = AXIS2_PLACEMENT_3D ( 'NONE', #1469, #2102, #2121 ) ;
#3746 = DIRECTION ( 'NONE',  ( 0.0000000000000000000, 0.0000000000000000000, -1.000000000000000000 ) ) ;
#3747 = ORIENTED_EDGE ( 'NONE', *, *, #4591, .F. ) ;
#3748 = EDGE_CURVE ( 'NONE', #3968, #2927, #349, .T. ) ;
#3749 = DIRECTION ( 'NONE',  ( -1.000000000000000000, 0.0000000000000000000, 0.0000000000000000000 ) ) ;
#3750 = DIRECTION ( 'NONE',  ( -0.0000000000000000000, -0.0000000000000000000, -1.000000000000000000 ) ) ;
#3751 = CARTESIAN_POINT ( 'NONE',  ( 0.5250000000000000200, 0.02000000000000000000, 0.4145751311064590500 ) ) ;
#3752 = ORIENTED_EDGE ( 'NONE', *, *, #861, .T. ) ;
#3753 = CARTESIAN_POINT ( 'NONE',  ( -0.07499999999999992800, 0.1250000000000000000, 0.4998999999999998400 ) ) ;
#3754 = ORIENTED_EDGE ( 'NONE', *, *, #590, .F. ) ;
#3755 = VERTEX_POINT ( 'NONE', #3634 ) ;
#3756 = CARTESIAN_POINT ( 'NONE',  ( -0.4533896235159318200, 0.3100000000000000000, 0.3572429355358508500 ) ) ;
#3757 = DIRECTION ( 'NONE',  ( -0.0000000000000000000, 1.000000000000000000, -0.0000000000000000000 ) ) ;
#3758 = DIRECTION ( 'NONE',  ( 0.0000000000000000000, -0.0000000000000000000, -1.000000000000000000 ) ) ;
#3759 = DIRECTION ( 'NONE',  ( 0.0000000000000000000, 0.0000000000000000000, 1.000000000000000000 ) ) ;
#3760 = ORIENTED_EDGE ( 'NONE', *, *, #3548, .T. ) ;
#3761 = ORIENTED_EDGE ( 'NONE', *, *, #1195, .T. ) ;
#3762 = DIRECTION ( 'NONE',  ( 0.0000000000000000000, -1.000000000000000000, 0.0000000000000000000 ) ) ;
#3763 = VECTOR ( 'NONE', #1827, 1000.000000000000000 ) ;
#3764 = DIRECTION ( 'NONE',  ( 0.0000000000000000000, -1.000000000000000000, 0.0000000000000000000 ) ) ;
#3765 = DIRECTION ( 'NONE',  ( -0.0000000000000000000, 0.0000000000000000000, -1.000000000000000000 ) ) ;
#3766 = EDGE_CURVE ( 'NONE', #1257, #179, #233, .T. ) ;
#3767 = CARTESIAN_POINT ( 'NONE',  ( 0.3750000000000000000, 0.02000000000000000000, -0.4145751311064591600 ) ) ;
#3768 = SURFACE_STYLE_USAGE ( .BOTH. , #1306 ) ;
#3769 = DIRECTION ( 'NONE',  ( -0.0000000000000000000, 1.000000000000000000, -0.0000000000000000000 ) ) ;
#3770 = VECTOR ( 'NONE', #182, 1000.000000000000000 ) ;
#3771 = VECTOR ( 'NONE', #1166, 1000.000000000000000 ) ;
#3772 = EDGE_CURVE ( 'NONE', #3302, #561, #1098, .T. ) ;
#3773 = COLOUR_RGB ( '',0.2509803921568627400, 0.2509803921568627400, 0.2509803921568627400 ) ;
#3774 = LINE ( 'NONE', #1691, #350 ) ;
#3775 = DIRECTION ( 'NONE',  ( 0.0000000000000000000, 0.0000000000000000000, 1.000000000000000000 ) ) ;
#3776 = CARTESIAN_POINT ( 'NONE',  ( 0.5999999999999998700, 0.1250000000000001900, -0.1145751311064591600 ) ) ;
#3777 = EDGE_CURVE ( 'NONE', #2468, #3457, #3901, .T. ) ;
#3778 = LINE ( 'NONE', #2784, #2930 ) ;
#3779 = VECTOR ( 'NONE', #3376, 1000.000000000000000 ) ;
#3780 = DIRECTION ( 'NONE',  ( -1.000000000000000000, 0.0000000000000000000, 0.0000000000000000000 ) ) ;
#3781 = ORIENTED_EDGE ( 'NONE', *, *, #742, .T. ) ;
#3782 = DIRECTION ( 'NONE',  ( -0.0000000000000000000, -0.0000000000000000000, 1.000000000000000000 ) ) ;
#3783 = FILL_AREA_STYLE ('',( #4519 ) ) ;
#3784 = VECTOR ( 'NONE', #838, 1000.000000000000000 ) ;
#3785 = ORIENTED_EDGE ( 'NONE', *, *, #2350, .T. ) ;
#3786 = DIRECTION ( 'NONE',  ( -0.0000000000000000000, 0.0000000000000000000, 1.000000000000000000 ) ) ;
#3787 = DIRECTION ( 'NONE',  ( -1.000000000000000000, -0.0000000000000000000, -0.0000000000000000000 ) ) ;
#3788 = EDGE_LOOP ( 'NONE', ( #4331, #3618, #2908, #4685 ) ) ;
#3789 = FACE_OUTER_BOUND ( 'NONE', #1399, .T. ) ;
#3790 = ADVANCED_FACE ( 'NONE', ( #1966 ), #734, .F. ) ;
#3791 = VECTOR ( 'NONE', #3364, 1000.000000000000000 ) ;
#3792 = ORIENTED_EDGE ( 'NONE', *, *, #921, .T. ) ;
#3793 = ORIENTED_EDGE ( 'NONE', *, *, #3053, .T. ) ;
#3794 = DIRECTION ( 'NONE',  ( 0.0000000000000000000, -1.000000000000000000, 0.0000000000000000000 ) ) ;
#3795 =( NAMED_UNIT ( * ) SI_UNIT ( $, .STERADIAN. ) SOLID_ANGLE_UNIT ( ) );
#3796 = EDGE_LOOP ( 'NONE', ( #1145, #3754, #3852, #3145 ) ) ;
#3797 = VECTOR ( 'NONE', #1541, 1000.000000000000000 ) ;
#3798 = VECTOR ( 'NONE', #2857, 1000.000000000000000 ) ;
#3799 = VERTEX_POINT ( 'NONE', #1852 ) ;
#3800 = CARTESIAN_POINT ( 'NONE',  ( -0.5250000000000000200, 0.1250000000000000000, 0.4998999999999998400 ) ) ;
#3801 = EDGE_LOOP ( 'NONE', ( #2290, #1542, #593, #2831 ) ) ;
#3802 =( LENGTH_UNIT ( ) NAMED_UNIT ( * ) SI_UNIT ( .MILLI., .METRE. ) );
#3803 = DIRECTION ( 'NONE',  ( 1.000000000000000000, 0.0000000000000000000, 0.0000000000000000000 ) ) ;
#3804 = CARTESIAN_POINT ( 'NONE',  ( -0.2250000000000000100, 0.07500000000000001100, 0.4998999999999998400 ) ) ;
#3805 = EDGE_CURVE ( 'NONE', #2741, #4725, #4721, .T. ) ;
#3806 = LINE ( 'NONE', #2808, #4159 ) ;
#3807 = ORIENTED_EDGE ( 'NONE', *, *, #4207, .F. ) ;
#3808 = CARTESIAN_POINT ( 'NONE',  ( -0.5250000000000000200, 0.1250000000000000000, 0.4999999999999997800 ) ) ;
#3809 =( LENGTH_UNIT ( ) NAMED_UNIT ( * ) SI_UNIT ( .MILLI., .METRE. ) );
#3810 = CARTESIAN_POINT ( 'NONE',  ( -0.5999000000000001000, 0.07500000000000001100, -0.4145751311064591600 ) ) ;
#3811 = VERTEX_POINT ( 'NONE', #2559 ) ;
#3812 = EDGE_CURVE ( 'NONE', #332, #1103, #3039, .T. ) ;
#3813 = DIRECTION ( 'NONE',  ( 1.000000000000000000, 0.0000000000000000000, 9.035018104045833500E-016 ) ) ;
#3814 = SURFACE_STYLE_USAGE ( .BOTH. , #1264 ) ;
#3815 = ORIENTED_EDGE ( 'NONE', *, *, #1685, .T. ) ;
#3816 = PRESENTATION_LAYER_ASSIGNMENT (  '', '', ( #3318 ) ) ;
#3817 = EDGE_LOOP ( 'NONE', ( #1481, #646, #1885, #3460 ) ) ;
#3818 = DIRECTION ( 'NONE',  ( -1.807003620809174600E-015, 0.0000000000000000000, 1.000000000000000000 ) ) ;
#3819 = EDGE_CURVE ( 'NONE', #3977, #3916, #853, .T. ) ;
#3820 = CARTESIAN_POINT ( 'NONE',  ( 0.2250000000000000600, 0.07500000000000001100, 0.4998999999999998400 ) ) ;
#3821 = ORIENTED_EDGE ( 'NONE', *, *, #654, .T. ) ;
#3822 = ORIENTED_EDGE ( 'NONE', *, *, #1760, .F. ) ;
#3823 = DIRECTION ( 'NONE',  ( -9.035018104045833500E-016, 0.0000000000000000000, 1.000000000000000000 ) ) ;
#3824 = CARTESIAN_POINT ( 'NONE',  ( -0.07499999999999992800, 0.0000000000000000000, 0.4145751311064590500 ) ) ;
#3825 = LINE ( 'NONE', #547, #2865 ) ;
#3826 = ORIENTED_EDGE ( 'NONE', *, *, #32, .T. ) ;
#3827 = FACE_OUTER_BOUND ( 'NONE', #2775, .T. ) ;
#3828 = ADVANCED_FACE ( 'NONE', ( #2699 ), #394, .F. ) ;
#3829 = SURFACE_SIDE_STYLE ('',( #2534 ) ) ;
#3830 = MANIFOLD_SOLID_BREP ( 'Cut-Extrude6', #1689 ) ;
#3831 = VECTOR ( 'NONE', #2656, 1000.000000000000000 ) ;
#3832 = VECTOR ( 'NONE', #1276, 1000.000000000000000 ) ;
#3833 = CARTESIAN_POINT ( 'NONE',  ( -0.07499999999999992800, 0.1250000000000000000, 0.4999999999999997800 ) ) ;
#3834 = DIRECTION ( 'NONE',  ( 0.0000000000000000000, 0.0000000000000000000, -1.000000000000000000 ) ) ;
#3835 = CARTESIAN_POINT ( 'NONE',  ( -0.5999000000000001000, 0.07500000000000001100, -0.4145751311064591600 ) ) ;
#3836 = EDGE_CURVE ( 'NONE', #3553, #1013, #3645, .T. ) ;
#3837 = CARTESIAN_POINT ( 'NONE',  ( -0.07499999999999938700, 0.0000000000000000000, 0.1145751311064591400 ) ) ;
#3838 = FACE_OUTER_BOUND ( 'NONE', #3143, .T. ) ;
#3839 = FACE_OUTER_BOUND ( 'NONE', #2050, .T. ) ;
#3840 = ORIENTED_EDGE ( 'NONE', *, *, #3718, .F. ) ;
#3841 = ADVANCED_FACE ( 'NONE', ( #1725 ), #4428, .F. ) ;
#3842 = VERTEX_POINT ( 'NONE', #3687 ) ;
#3843 = CARTESIAN_POINT ( 'NONE',  ( -0.2250000000000000100, -0.03999999999999999400, 0.1145751311064590100 ) ) ;
#3844 = CARTESIAN_POINT ( 'NONE',  ( -0.5999000000000001000, 0.1250000000000000000, -0.4145751311064591600 ) ) ;
#3845 = STYLED_ITEM ( 'NONE', ( #2164 ), #464 ) ;
#3846 = VECTOR ( 'NONE', #121, 1000.000000000000000 ) ;
#3847 = FACE_OUTER_BOUND ( 'NONE', #771, .T. ) ;
#3848 = VERTEX_POINT ( 'NONE', #428 ) ;
#3849 = ORIENTED_EDGE ( 'NONE', *, *, #2564, .T. ) ;
#3850 = LINE ( 'NONE', #1583, #189 ) ;
#3851 = FACE_OUTER_BOUND ( 'NONE', #973, .T. ) ;
#3852 = ORIENTED_EDGE ( 'NONE', *, *, #4111, .F. ) ;
#3853 = CARTESIAN_POINT ( 'NONE',  ( -0.07499999999999938700, 0.02000000000000000000, 0.1145751311064591400 ) ) ;
#3854 = DIRECTION ( 'NONE',  ( 0.0000000000000000000, -0.0000000000000000000, -1.000000000000000000 ) ) ;
#3855 = PLANE ( 'NONE',  #107 ) ;
#3856 = ORIENTED_EDGE ( 'NONE', *, *, #2982, .T. ) ;
#3857 = LINE ( 'NONE', #275, #3731 ) ;
#3858 = FACE_BOUND ( 'NONE', #1889, .T. ) ;
#3859 = CARTESIAN_POINT ( 'NONE',  ( -0.07499999999999938700, 0.02000000000000000000, 0.1145751311064591400 ) ) ;
#3860 = DIRECTION ( 'NONE',  ( 1.000000000000000000, 0.0000000000000000000, 0.0000000000000000000 ) ) ;
#3861 = ORIENTED_EDGE ( 'NONE', *, *, #42, .T. ) ;
#3862 =( LENGTH_UNIT ( ) NAMED_UNIT ( * ) SI_UNIT ( .MILLI., .METRE. ) );
#3863 = FILL_AREA_STYLE_COLOUR ( '', #3116 ) ;
#3864 = AXIS2_PLACEMENT_3D ( 'NONE', #3929, #631, #3193 ) ;
#3865 = CARTESIAN_POINT ( 'NONE',  ( -0.4500000000000000100, 0.02000000000000000000, 0.1145751311064590700 ) ) ;
#3866 = ORIENTED_EDGE ( 'NONE', *, *, #3521, .T. ) ;
#3867 = PRESENTATION_STYLE_ASSIGNMENT (( #1175 ) ) ;
#3868 = CARTESIAN_POINT ( 'NONE',  ( 0.5999999999999998700, 0.0000000000000000000, 0.4999999999999997800 ) ) ;
#3869 = SURFACE_STYLE_FILL_AREA ( #3443 ) ;
#3870 = VERTEX_POINT ( 'NONE', #2988 ) ;
#3871 = DIRECTION ( 'NONE',  ( -0.0000000000000000000, -1.000000000000000000, -0.0000000000000000000 ) ) ;
#3872 = CARTESIAN_POINT ( 'NONE',  ( -0.6000000000000000900, 0.3100000000000000000, 0.4999999999999997800 ) ) ;
#3873 = EDGE_CURVE ( 'NONE', #624, #692, #4183, .T. ) ;
#3874 = ORIENTED_EDGE ( 'NONE', *, *, #3892, .F. ) ;
#3875 = EDGE_CURVE ( 'NONE', #561, #1307, #401, .T. ) ;
#3876 = DIRECTION ( 'NONE',  ( 1.000000000000000000, 0.0000000000000000000, 0.0000000000000000000 ) ) ;
#3877 = AXIS2_PLACEMENT_3D ( 'NONE', #1683, #2084, #4599 ) ;
#3878 = DIRECTION ( 'NONE',  ( -0.0000000000000000000, 0.0000000000000000000, -1.000000000000000000 ) ) ;
#3879 = CARTESIAN_POINT ( 'NONE',  ( 0.07499999999999998300, -0.03999999999999999400, -0.1145751311064591400 ) ) ;
#3880 = MECHANICAL_DESIGN_GEOMETRIC_PRESENTATION_REPRESENTATION (  '', ( #3139 ), #4116 ) ;
#3881 = EDGE_LOOP ( 'NONE', ( #3185, #3335, #3009, #3884 ) ) ;
#3882 = DIRECTION ( 'NONE',  ( -1.000000000000000000, -0.0000000000000000000, -0.0000000000000000000 ) ) ;
#3883 = PLANE ( 'NONE',  #2505 ) ;
#3884 = ORIENTED_EDGE ( 'NONE', *, *, #4506, .T. ) ;
#3885 = CARTESIAN_POINT ( 'NONE',  ( 0.3750000000000000000, 0.02000000000000000000, 0.1145751311064590100 ) ) ;
#3886 = EDGE_CURVE ( 'NONE', #4322, #3027, #3207, .T. ) ;
#3887 = ORIENTED_EDGE ( 'NONE', *, *, #2649, .F. ) ;
#3888 = DIRECTION ( 'NONE',  ( -0.0000000000000000000, 1.000000000000000000, -0.0000000000000000000 ) ) ;
#3889 = AXIS2_PLACEMENT_3D ( 'NONE', #3333, #4104, #4119 ) ;
#3890 = CARTESIAN_POINT ( 'NONE',  ( -0.3750000000000000000, -0.0000000000000000000, -0.1145751311064591400 ) ) ;
#3891 = PLANE ( 'NONE',  #3877 ) ;
#3892 = EDGE_CURVE ( 'NONE', #3118, #3414, #1267, .T. ) ;
#3893 = EDGE_LOOP ( 'NONE', ( #3068, #2828, #1745, #718 ) ) ;
#3894 = VERTEX_POINT ( 'NONE', #64 ) ;
#3895 = VECTOR ( 'NONE', #1820, 1000.000000000000000 ) ;
#3896 = DIRECTION ( 'NONE',  ( -1.000000000000000000, 0.0000000000000000000, 0.0000000000000000000 ) ) ;
#3897 = ORIENTED_EDGE ( 'NONE', *, *, #1122, .F. ) ;
#3898 = PLANE ( 'NONE',  #2020 ) ;
#3899 = LINE ( 'NONE', #1243, #1960 ) ;
#3900 = MECHANICAL_DESIGN_GEOMETRIC_PRESENTATION_REPRESENTATION (  '', ( #3161 ), #4141 ) ;
#3901 = LINE ( 'NONE', #2569, #982 ) ;
#3902 = EDGE_CURVE ( 'NONE', #4725, #4401, #292, .T. ) ;
#3903 = VECTOR ( 'NONE', #1706, 1000.000000000000000 ) ;
#3904 = VECTOR ( 'NONE', #4223, 1000.000000000000000 ) ;
#3905 = LINE ( 'NONE', #71, #988 ) ;
#3906 = EDGE_CURVE ( 'NONE', #1026, #3299, #1160, .T. ) ;
#3907 = CARTESIAN_POINT ( 'NONE',  ( 0.5250000000000000200, -0.03999999999999999400, 0.4145751311064590500 ) ) ;
#3908 = VECTOR ( 'NONE', #1680, 1000.000000000000000 ) ;
#3909 = CARTESIAN_POINT ( 'NONE',  ( -0.3749999999999998900, -0.03999999999999999400, 0.4145751311064590500 ) ) ;
#3910 = AXIS2_PLACEMENT_3D ( 'NONE', #2407, #2755, #563 ) ;
#3911 = AXIS2_PLACEMENT_3D ( 'NONE', #1230, #1574, #831 ) ;
#3912 = EDGE_CURVE ( 'NONE', #701, #3606, #2980, .T. ) ;
#3913 = EDGE_LOOP ( 'NONE', ( #1045, #1953, #1207, #3952 ) ) ;
#3914 = EDGE_CURVE ( 'NONE', #1003, #418, #3095, .T. ) ;
#3915 = CLOSED_SHELL ( 'NONE', ( #4702, #2201, #4548, #1112, #3984, #3468 ) ) ;
#3916 = VERTEX_POINT ( 'NONE', #2291 ) ;
#3917 = LINE ( 'NONE', #1598, #4024 ) ;
#3918 = DIRECTION ( 'NONE',  ( 0.0000000000000000000, 1.000000000000000000, 0.0000000000000000000 ) ) ;
#3919 = VECTOR ( 'NONE', #2942, 1000.000000000000000 ) ;
#3920 = ORIENTED_EDGE ( 'NONE', *, *, #4243, .T. ) ;
#3921 = CARTESIAN_POINT ( 'NONE',  ( -0.5250000000000000200, 0.1250000000000000000, -0.4980000000000001600 ) ) ;
#3922 = COLOUR_RGB ( '',1.000000000000000000, 1.000000000000000000, 1.000000000000000000 ) ;
#3923 = DIRECTION ( 'NONE',  ( -1.000000000000000000, 0.0000000000000000000, 0.0000000000000000000 ) ) ;
#3924 = VERTEX_POINT ( 'NONE', #3021 ) ;
#3925 = CARTESIAN_POINT ( 'NONE',  ( -0.3750000000000000000, 0.02000000000000000000, -0.1145751311064591400 ) ) ;
#3926 = DIRECTION ( 'NONE',  ( 0.0000000000000000000, -0.0000000000000000000, -1.000000000000000000 ) ) ;
#3927 = AXIS2_PLACEMENT_3D ( 'NONE', #949, #1185, #1198 ) ;
#3928 = DIRECTION ( 'NONE',  ( 0.0000000000000000000, -1.000000000000000000, -0.0000000000000000000 ) ) ;
#3929 = CARTESIAN_POINT ( 'NONE',  ( 0.5999999999999998700, 0.3100000000000000000, -0.5000000000000002200 ) ) ;
#3930 = ORIENTED_EDGE ( 'NONE', *, *, #3038, .T. ) ;
#3931 = ORIENTED_EDGE ( 'NONE', *, *, #4111, .T. ) ;
#3932 = ORIENTED_EDGE ( 'NONE', *, *, #2528, .T. ) ;
#3933 = DIRECTION ( 'NONE',  ( -0.0000000000000000000, 1.000000000000000000, -0.0000000000000000000 ) ) ;
#3934 = ORIENTED_EDGE ( 'NONE', *, *, #207, .F. ) ;
#3935 = DIRECTION ( 'NONE',  ( 0.0000000000000000000, -0.0000000000000000000, -1.000000000000000000 ) ) ;
#3936 =( NAMED_UNIT ( * ) SI_UNIT ( $, .STERADIAN. ) SOLID_ANGLE_UNIT ( ) );
#3937 = DIRECTION ( 'NONE',  ( -1.000000000000000000, 0.0000000000000000000, 0.0000000000000000000 ) ) ;
#3938 = VERTEX_POINT ( 'NONE', #3371 ) ;
#3939 = FILL_AREA_STYLE ('',( #3561 ) ) ;
#3940 = VERTEX_POINT ( 'NONE', #1205 ) ;
#3941 = VECTOR ( 'NONE', #1623, 1000.000000000000000 ) ;
#3942 = CARTESIAN_POINT ( 'NONE',  ( 0.07499999999999998300, 0.0000000000000000000, 0.4145751311064590500 ) ) ;
#3943 = VECTOR ( 'NONE', #2810, 1000.000000000000000 ) ;
#3944 = ORIENTED_EDGE ( 'NONE', *, *, #3078, .F. ) ;
#3945 = VECTOR ( 'NONE', #3724, 1000.000000000000000 ) ;
#3946 = LINE ( 'NONE', #1048, #1038 ) ;
#3947 = VECTOR ( 'NONE', #271, 1000.000000000000000 ) ;
#3948 = VECTOR ( 'NONE', #2236, 1000.000000000000000 ) ;
#3949 = VERTEX_POINT ( 'NONE', #824 ) ;
#3950 = EDGE_CURVE ( 'NONE', #1138, #150, #2023, .T. ) ;
#3951 = VECTOR ( 'NONE', #3071, 1000.000000000000000 ) ;
#3952 = ORIENTED_EDGE ( 'NONE', *, *, #599, .T. ) ;
#3953 =( LENGTH_UNIT ( ) NAMED_UNIT ( * ) SI_UNIT ( .MILLI., .METRE. ) );
#3954 = DIRECTION ( 'NONE',  ( 0.0000000000000000000, 0.0000000000000000000, -1.000000000000000000 ) ) ;
#3955 = ADVANCED_FACE ( 'NONE', ( #50 ), #96, .F. ) ;
#3956 = ADVANCED_FACE ( 'NONE', ( #4666 ), #4114, .F. ) ;
#3957 = VECTOR ( 'NONE', #2124, 1000.000000000000000 ) ;
#3958 = VECTOR ( 'NONE', #3439, 1000.000000000000000 ) ;
#3959 = MECHANICAL_DESIGN_GEOMETRIC_PRESENTATION_REPRESENTATION (  '', ( #3229 ), #4216 ) ;
#3960 = EDGE_CURVE ( 'NONE', #3395, #4363, #2752, .T. ) ;
#3961 = CARTESIAN_POINT ( 'NONE',  ( 0.2250000000000000600, 0.1250000000000000000, 0.4998999999999998400 ) ) ;
#3962 = ORIENTED_EDGE ( 'NONE', *, *, #4614, .F. ) ;
#3963 = LINE ( 'NONE', #3218, #1183 ) ;
#3964 = CARTESIAN_POINT ( 'NONE',  ( 0.07499999999999998300, 0.1250000000000000000, 0.4998999999999998400 ) ) ;
#3965 = VECTOR ( 'NONE', #3298, 1000.000000000000000 ) ;
#3966 = PLANE ( 'NONE',  #4469 ) ;
#3967 =( GEOMETRIC_REPRESENTATION_CONTEXT ( 3 ) GLOBAL_UNCERTAINTY_ASSIGNED_CONTEXT ( ( #1442 ) ) GLOBAL_UNIT_ASSIGNED_CONTEXT ( ( #3802, #1613, #4174 ) ) REPRESENTATION_CONTEXT ( 'NONE', 'WORKASPACE' ) );
#3968 = VERTEX_POINT ( 'NONE', #1957 ) ;
#3969 = EDGE_CURVE ( 'NONE', #3201, #2892, #802, .T. ) ;
#3970 = LINE ( 'NONE', #4107, #4033 ) ;
#3971 = ORIENTED_EDGE ( 'NONE', *, *, #3777, .F. ) ;
#3972 = UNCERTAINTY_MEASURE_WITH_UNIT (LENGTH_MEASURE( 1.000000000000000100E-005 ), #4210, 'distance_accuracy_value', 'NONE');
#3973 = CARTESIAN_POINT ( 'NONE',  ( -0.2250000000000000100, 0.07500000000000001100, -0.4980000000000001600 ) ) ;
#3974 = CARTESIAN_POINT ( 'NONE',  ( 0.3750000000000000000, 0.1250000000000000000, 0.4999999999999997800 ) ) ;
#3975 = DIRECTION ( 'NONE',  ( -0.0000000000000000000, 1.000000000000000000, -2.710505431213751200E-016 ) ) ;
#3976 = VECTOR ( 'NONE', #1602, 1000.000000000000000 ) ;
#3977 = VERTEX_POINT ( 'NONE', #2687 ) ;
#3978 = CARTESIAN_POINT ( 'NONE',  ( -0.2250000000000000100, -0.03999999999999999400, 0.1145751311064590100 ) ) ;
#3979 = UNCERTAINTY_MEASURE_WITH_UNIT (LENGTH_MEASURE( 1.000000000000000100E-005 ), #2657, 'distance_accuracy_value', 'NONE');
#3980 = ORIENTED_EDGE ( 'NONE', *, *, #2560, .F. ) ;
#3981 = DIRECTION ( 'NONE',  ( -1.000000000000000000, 0.0000000000000000000, -0.0000000000000000000 ) ) ;
#3982 = PRESENTATION_LAYER_ASSIGNMENT (  '', '', ( #3481 ) ) ;
#3983 = ADVANCED_FACE ( 'NONE', ( #3590 ), #4135, .F. ) ;
#3984 = ADVANCED_FACE ( 'NONE', ( #1904 ), #849, .T. ) ;
#3985 = ORIENTED_EDGE ( 'NONE', *, *, #3914, .T. ) ;
#3986 = EDGE_LOOP ( 'NONE', ( #2439, #2080, #4438, #2590 ) ) ;
#3987 = DIRECTION ( 'NONE',  ( -0.0000000000000000000, -1.000000000000000000, -0.0000000000000000000 ) ) ;
#3988 = DIRECTION ( 'NONE',  ( 0.0000000000000000000, -0.0000000000000000000, 1.000000000000000000 ) ) ;
#3989 = EDGE_CURVE ( 'NONE', #2711, #4229, #1779, .T. ) ;
#3990 = VERTEX_POINT ( 'NONE', #3067 ) ;
#3991 = AXIS2_PLACEMENT_3D ( 'NONE', #1784, #331, #2897 ) ;
#3992 = ORIENTED_EDGE ( 'NONE', *, *, #3240, .F. ) ;
#3993 = STYLED_ITEM ( 'NONE', ( #4531 ), #738 ) ;
#3994 = EDGE_LOOP ( 'NONE', ( #3466, #790, #2257, #1091 ) ) ;
#3995 = EDGE_CURVE ( 'NONE', #3079, #3606, #4450, .T. ) ;
#3996 = CARTESIAN_POINT ( 'NONE',  ( 0.3750000000000000000, 0.02000000000000000000, -0.1145751311064591400 ) ) ;
#3997 = LINE ( 'NONE', #1808, #3033 ) ;
#3998 = ORIENTED_EDGE ( 'NONE', *, *, #1114, .F. ) ;
#3999 = FACE_OUTER_BOUND ( 'NONE', #1080, .T. ) ;
#4000 = DIRECTION ( 'NONE',  ( -0.0000000000000000000, -1.000000000000000000, -0.0000000000000000000 ) ) ;
#4001 = PLANE ( 'NONE',  #1475 ) ;
#4002 = ADVANCED_FACE ( 'NONE', ( #683 ), #4170, .F. ) ;
#4003 = LINE ( 'NONE', #2923, #1215 ) ;
#4004 = LINE ( 'NONE', #3907, #114 ) ;
#4005 = AXIS2_PLACEMENT_3D ( 'NONE', #3175, #2878, #2846 ) ;
#4006 = CARTESIAN_POINT ( 'NONE',  ( 0.5250000000000000200, 0.0000000000000000000, -0.1145751311064591400 ) ) ;
#4007 = LINE ( 'NONE', #3853, #3597 ) ;
#4008 = FACE_OUTER_BOUND ( 'NONE', #865, .T. ) ;
#4009 = ORIENTED_EDGE ( 'NONE', *, *, #2249, .F. ) ;
#4010 = ORIENTED_EDGE ( 'NONE', *, *, #3463, .F. ) ;
#4011 = EDGE_CURVE ( 'NONE', #651, #3842, #1665, .T. ) ;
#4012 = LINE ( 'NONE', #133, #3049 ) ;
#4013 = LINE ( 'NONE', #1601, #3051 ) ;
#4014 = ORIENTED_EDGE ( 'NONE', *, *, #1346, .T. ) ;
#4015 = PRODUCT ( '74LVCH2T45GN', '74LVCH2T45GN', '', ( #62 ) ) ;
#4016 = EDGE_LOOP ( 'NONE', ( #2636, #2964, #2275, #4376 ) ) ;
#4017 = CARTESIAN_POINT ( 'NONE',  ( 0.3750000000000000000, 0.02000000000000000000, 0.4145751311064590500 ) ) ;
#4018 = CARTESIAN_POINT ( 'NONE',  ( -0.2250000000000000100, -0.03999999999999999400, 0.4145751311064590500 ) ) ;
#4019 = EDGE_CURVE ( 'NONE', #2927, #1873, #1552, .T. ) ;
#4020 = AXIS2_PLACEMENT_3D ( 'NONE', #669, #3592, #1430 ) ;
#4021 = ORIENTED_EDGE ( 'NONE', *, *, #2033, .T. ) ;
#4022 = CARTESIAN_POINT ( 'NONE',  ( -0.2250000000000000100, 0.02000000000000000000, -0.4145751311064591600 ) ) ;
#4023 = ORIENTED_EDGE ( 'NONE', *, *, #3386, .F. ) ;
#4024 = VECTOR ( 'NONE', #1616, 1000.000000000000000 ) ;
#4025 = PLANE ( 'NONE',  #1300 ) ;
#4026 = VECTOR ( 'NONE', #4324, 1000.000000000000000 ) ;
#4027 = ORIENTED_EDGE ( 'NONE', *, *, #4591, .T. ) ;
#4028 = EDGE_CURVE ( 'NONE', #3733, #3267, #3709, .T. ) ;
#4029 = CARTESIAN_POINT ( 'NONE',  ( -0.6000000000000000900, 0.0000000000000000000, -0.5000000000000002200 ) ) ;
#4030 = CARTESIAN_POINT ( 'NONE',  ( -0.3749999999999998900, 0.1250000000000000000, 0.4998999999999998400 ) ) ;
#4031 = VECTOR ( 'NONE', #2822, 1000.000000000000000 ) ;
#4032 = ADVANCED_FACE ( 'NONE', ( #1449 ), #2686, .F. ) ;
#4033 = VECTOR ( 'NONE', #4128, 1000.000000000000000 ) ;
#4034 = ORIENTED_EDGE ( 'NONE', *, *, #3018, .F. ) ;
#4035 = LINE ( 'NONE', #2965, #2398 ) ;
#4036 = ORIENTED_EDGE ( 'NONE', *, *, #2288, .T. ) ;
#4037 = CARTESIAN_POINT ( 'NONE',  ( -0.07500000000000003900, 0.02000000000000000000, -0.1145751311064591400 ) ) ;
#4038 = CARTESIAN_POINT ( 'NONE',  ( -0.07499999999999992800, 0.02000000000000000000, 0.4145751311064590500 ) ) ;
#4039 = DIRECTION ( 'NONE',  ( 1.000000000000000000, 0.0000000000000000000, 0.0000000000000000000 ) ) ;
#4040 = DIRECTION ( 'NONE',  ( 1.000000000000000000, 0.0000000000000000000, 0.0000000000000000000 ) ) ;
#4041 = ORIENTED_EDGE ( 'NONE', *, *, #3619, .T. ) ;
#4042 = VERTEX_POINT ( 'NONE', #847 ) ;
#4043 = CARTESIAN_POINT ( 'NONE',  ( 0.2249999999999999500, 0.02000000000000000000, -0.4145751311064591600 ) ) ;
#4044 = EDGE_LOOP ( 'NONE', ( #4642, #2918, #2488, #4415 ) ) ;
#4045 = EDGE_CURVE ( 'NONE', #2565, #2685, #2426, .T. ) ;
#4046 = VERTEX_POINT ( 'NONE', #1975 ) ;
#4047 = ORIENTED_EDGE ( 'NONE', *, *, #991, .T. ) ;
#4048 = CARTESIAN_POINT ( 'NONE',  ( -0.5999000000000001000, 0.1250000000000000000, -0.4145751311064591600 ) ) ;
#4049 = DIRECTION ( 'NONE',  ( 1.000000000000000000, 0.0000000000000000000, 0.0000000000000000000 ) ) ;
#4050 = CARTESIAN_POINT ( 'NONE',  ( -0.4500000000000000100, 0.02000000000000000000, 0.1145751311064590700 ) ) ;
#4051 = EDGE_CURVE ( 'NONE', #4604, #2476, #4341, .T. ) ;
#4052 = VECTOR ( 'NONE', #2004, 1000.000000000000000 ) ;
#4053 = ADVANCED_FACE ( 'NONE', ( #463 ), #2698, .F. ) ;
#4054 = ADVANCED_FACE ( 'NONE', ( #1331 ), #131, .F. ) ;
#4055 = EDGE_LOOP ( 'NONE', ( #899, #2997, #4152, #1250 ) ) ;
#4056 = CARTESIAN_POINT ( 'NONE',  ( 0.07499999999999998300, -0.03999999999999999400, -0.4145751311064591600 ) ) ;
#4057 = VECTOR ( 'NONE', #4259, 1000.000000000000000 ) ;
#4058 = DIRECTION ( 'NONE',  ( 1.000000000000000000, 0.0000000000000000000, 0.0000000000000000000 ) ) ;
#4059 = MECHANICAL_DESIGN_GEOMETRIC_PRESENTATION_REPRESENTATION (  '', ( #3318 ), #4303 ) ;
#4060 = DIRECTION ( 'NONE',  ( 1.000000000000000000, 0.0000000000000000000, 0.0000000000000000000 ) ) ;
#4061 = CARTESIAN_POINT ( 'NONE',  ( 0.5250000000000005800, 0.0000000000000000000, 0.1145751311064591400 ) ) ;
#4062 = EDGE_CURVE ( 'NONE', #996, #2892, #4117, .T. ) ;
#4063 = DIRECTION ( 'NONE',  ( 0.0000000000000000000, 0.0000000000000000000, -1.000000000000000000 ) ) ;
#4064 = VECTOR ( 'NONE', #4440, 1000.000000000000000 ) ;
#4065 = LINE ( 'NONE', #1153, #3948 ) ;
#4066 = EDGE_LOOP ( 'NONE', ( #4651, #1678, #2192, #3726 ) ) ;
#4067 = PLANE ( 'NONE',  #1961 ) ;
#4068 = DIRECTION ( 'NONE',  ( 0.0000000000000000000, -0.0000000000000000000, -1.000000000000000000 ) ) ;
#4069 = DIRECTION ( 'NONE',  ( 0.0000000000000000000, 0.0000000000000000000, -1.000000000000000000 ) ) ;
#4070 = PLANE ( 'NONE',  #3889 ) ;
#4071 = VECTOR ( 'NONE', #3147, 1000.000000000000000 ) ;
#4072 = ORIENTED_EDGE ( 'NONE', *, *, #506, .T. ) ;
#4073 = EDGE_LOOP ( 'NONE', ( #757, #3944, #848, #3570 ) ) ;
#4074 = AXIS2_PLACEMENT_3D ( 'NONE', #1443, #2127, #2510 ) ;
#4075 = ORIENTED_EDGE ( 'NONE', *, *, #1384, .F. ) ;
#4076 = CARTESIAN_POINT ( 'NONE',  ( -0.2250000000000000100, 0.1250000000000000000, -0.5000000000000002200 ) ) ;
#4077 = LINE ( 'NONE', #1817, #3957 ) ;
#4078 = DIRECTION ( 'NONE',  ( 0.0000000000000000000, 1.000000000000000000, 0.0000000000000000000 ) ) ;
#4079 = CARTESIAN_POINT ( 'NONE',  ( 0.2250000000000005900, 0.02000000000000000000, 0.1145751311064591400 ) ) ;
#4080 = DIRECTION ( 'NONE',  ( -1.807003620809174600E-015, -0.0000000000000000000, 1.000000000000000000 ) ) ;
#4081 = ADVANCED_FACE ( 'NONE', ( #3151 ), #2358, .F. ) ;
#4082 = ADVANCED_FACE ( 'NONE', ( #4716 ), #882, .F. ) ;
#4083 = LINE ( 'NONE', #3164, #3225 ) ;
#4084 = VECTOR ( 'NONE', #1507, 1000.000000000000000 ) ;
#4085 = EDGE_CURVE ( 'NONE', #1073, #3938, #850, .T. ) ;
#4086 = ORIENTED_EDGE ( 'NONE', *, *, #4437, .F. ) ;
#4087 =( NAMED_UNIT ( * ) SI_UNIT ( $, .STERADIAN. ) SOLID_ANGLE_UNIT ( ) );
#4088 = DIRECTION ( 'NONE',  ( 0.0000000000000000000, -1.000000000000000000, 0.0000000000000000000 ) ) ;
#4089 = AXIS2_PLACEMENT_3D ( 'NONE', #2371, #164, #2731 ) ;
#4090 = VECTOR ( 'NONE', #662, 1000.000000000000000 ) ;
#4091 = AXIS2_PLACEMENT_3D ( 'NONE', #4482, #471, #158 ) ;
#4092 = VECTOR ( 'NONE', #3522, 1000.000000000000000 ) ;
#4093 = ORIENTED_EDGE ( 'NONE', *, *, #3989, .F. ) ;
#4094 = CARTESIAN_POINT ( 'NONE',  ( 0.2250000000000000600, -0.03999999999999999400, 0.4145751311064590500 ) ) ;
#4095 = CARTESIAN_POINT ( 'NONE',  ( 0.3750000000000000000, -0.03999999999999999400, 0.1145751311064590100 ) ) ;
#4096 = PLANE ( 'NONE',  #797 ) ;
#4097 = LINE ( 'NONE', #1709, #3238 ) ;
#4098 = ORIENTED_EDGE ( 'NONE', *, *, #2350, .F. ) ;
#4099 = DIRECTION ( 'NONE',  ( -0.0000000000000000000, -1.000000000000000000, -0.0000000000000000000 ) ) ;
#4100 = PLANE ( 'NONE',  #3411 ) ;
#4101 =( NAMED_UNIT ( * ) SI_UNIT ( $, .STERADIAN. ) SOLID_ANGLE_UNIT ( ) );
#4102 = VERTEX_POINT ( 'NONE', #897 ) ;
#4103 = ORIENTED_EDGE ( 'NONE', *, *, #1685, .F. ) ;
#4104 = DIRECTION ( 'NONE',  ( 0.0000000000000000000, -1.000000000000000000, 0.0000000000000000000 ) ) ;
#4105 = VERTEX_POINT ( 'NONE', #1649 ) ;
#4106 = PLANE ( 'NONE',  #2946 ) ;
#4107 = CARTESIAN_POINT ( 'NONE',  ( -0.6000000000000000900, 0.3100000000000000000, -0.5000000000000002200 ) ) ;
#4108 = EDGE_LOOP ( 'NONE', ( #392, #3676, #2159, #1521 ) ) ;
#4109 = EDGE_CURVE ( 'NONE', #4711, #2859, #4612, .T. ) ;
#4110 = ORIENTED_EDGE ( 'NONE', *, *, #4249, .F. ) ;
#4111 = EDGE_CURVE ( 'NONE', #3894, #4526, #1832, .T. ) ;
#4112 = FACE_OUTER_BOUND ( 'NONE', #2601, .T. ) ;
#4113 = STYLED_ITEM ( 'NONE', ( #1504 ), #3614 ) ;
#4114 = PLANE ( 'NONE',  #4181 ) ;
#4115 = CARTESIAN_POINT ( 'NONE',  ( 0.0000000000000000000, 0.02000000000000000000, 0.0000000000000000000 ) ) ;
#4116 =( GEOMETRIC_REPRESENTATION_CONTEXT ( 3 ) GLOBAL_UNCERTAINTY_ASSIGNED_CONTEXT ( ( #2498 ) ) GLOBAL_UNIT_ASSIGNED_CONTEXT ( ( #1356, #1344, #1340 ) ) REPRESENTATION_CONTEXT ( 'NONE', 'WORKASPACE' ) );
#4117 = LINE ( 'NONE', #514, #3258 ) ;
#4118 = LINE ( 'NONE', #4272, #230 ) ;
#4119 = DIRECTION ( 'NONE',  ( 0.0000000000000000000, -0.0000000000000000000, -1.000000000000000000 ) ) ;
#4120 = EDGE_CURVE ( 'NONE', #4401, #3395, #1723, .T. ) ;
#4121 = CARTESIAN_POINT ( 'NONE',  ( -0.2250000000000000100, 0.1250000000000000000, 0.4998999999999998400 ) ) ;
#4122 = CARTESIAN_POINT ( 'NONE',  ( -0.5250000000000000200, -0.0000000000000000000, -0.1145751311064591400 ) ) ;
#4123 = LINE ( 'NONE', #708, #469 ) ;
#4124 = LINE ( 'NONE', #649, #234 ) ;
#4125 = CARTESIAN_POINT ( 'NONE',  ( 0.3750000000000000000, 0.02000000000000000000, 0.4145751311064590500 ) ) ;
#4126 = CARTESIAN_POINT ( 'NONE',  ( 0.5250000000000005800, -0.03999999999999999400, 0.1145751311064591400 ) ) ;
#4127 = EDGE_CURVE ( 'NONE', #2862, #3690, #731, .T. ) ;
#4128 = DIRECTION ( 'NONE',  ( -1.000000000000000000, -0.0000000000000000000, -0.0000000000000000000 ) ) ;
#4129 = UNCERTAINTY_MEASURE_WITH_UNIT (LENGTH_MEASURE( 1.000000000000000100E-005 ), #3704, 'distance_accuracy_value', 'NONE');
#4130 = VECTOR ( 'NONE', #3711, 1000.000000000000000 ) ;
#4131 = ORIENTED_EDGE ( 'NONE', *, *, #474, .T. ) ;
#4132 = ORIENTED_EDGE ( 'NONE', *, *, #4589, .F. ) ;
#4133 = DIRECTION ( 'NONE',  ( 0.0000000000000000000, 0.0000000000000000000, 1.000000000000000000 ) ) ;
#4134 = VECTOR ( 'NONE', #477, 1000.000000000000000 ) ;
#4135 = PLANE ( 'NONE',  #4646 ) ;
#4136 = PLANE ( 'NONE',  #2441 ) ;
#4137 = VECTOR ( 'NONE', #2615, 1000.000000000000000 ) ;
#4138 = ORIENTED_EDGE ( 'NONE', *, *, #1279, .F. ) ;
#4139 = ORIENTED_EDGE ( 'NONE', *, *, #3875, .T. ) ;
#4140 = PLANE ( 'NONE',  #3237 ) ;
#4141 =( GEOMETRIC_REPRESENTATION_CONTEXT ( 3 ) GLOBAL_UNCERTAINTY_ASSIGNED_CONTEXT ( ( #72 ) ) GLOBAL_UNIT_ASSIGNED_CONTEXT ( ( #1158, #4468, #3795 ) ) REPRESENTATION_CONTEXT ( 'NONE', 'WORKASPACE' ) );
#4142 = ORIENTED_EDGE ( 'NONE', *, *, #2853, .F. ) ;
#4143 = FACE_OUTER_BOUND ( 'NONE', #2919, .T. ) ;
#4144 = LINE ( 'NONE', #499, #1854 ) ;
#4145 = CARTESIAN_POINT ( 'NONE',  ( -0.2250000000000000100, 0.1250000000000000000, 0.4998999999999998400 ) ) ;
#4146 = VERTEX_POINT ( 'NONE', #2746 ) ;
#4147 = EDGE_CURVE ( 'NONE', #1581, #1138, #627, .T. ) ;
#4148 = DIRECTION ( 'NONE',  ( -0.0000000000000000000, -0.0000000000000000000, -1.000000000000000000 ) ) ;
#4149 = ORIENTED_EDGE ( 'NONE', *, *, #103, .F. ) ;
#4150 = LINE ( 'NONE', #419, #3178 ) ;
#4151 = LINE ( 'NONE', #3314, #3180 ) ;
#4152 = ORIENTED_EDGE ( 'NONE', *, *, #2653, .F. ) ;
#4153 = EDGE_CURVE ( 'NONE', #2487, #543, #3536, .T. ) ;
#4154 = FACE_OUTER_BOUND ( 'NONE', #2835, .T. ) ;
#4155 = VERTEX_POINT ( 'NONE', #939 ) ;
#4156 = DIRECTION ( 'NONE',  ( -0.0000000000000000000, 1.000000000000000000, -0.0000000000000000000 ) ) ;
#4157 = PRESENTATION_LAYER_ASSIGNMENT (  '', '', ( #3638 ) ) ;
#4158 = PRESENTATION_LAYER_ASSIGNMENT (  '', '', ( #3641 ) ) ;
#4159 = VECTOR ( 'NONE', #2802, 1000.000000000000000 ) ;
#4160 = ORIENTED_EDGE ( 'NONE', *, *, #2428, .T. ) ;
#4161 = EDGE_CURVE ( 'NONE', #3733, #444, #3425, .T. ) ;
#4162 = CARTESIAN_POINT ( 'NONE',  ( -0.2250000000000000100, 0.1250000000000000000, -0.5000000000000002200 ) ) ;
#4163 = DIRECTION ( 'NONE',  ( -1.000000000000000000, -0.0000000000000000000, -0.0000000000000000000 ) ) ;
#4164 = EDGE_CURVE ( 'NONE', #785, #3214, #3639, .T. ) ;
#4165 = DIRECTION ( 'NONE',  ( 0.0000000000000000000, -1.000000000000000000, 0.0000000000000000000 ) ) ;
#4166 = CARTESIAN_POINT ( 'NONE',  ( 0.2249999999999999500, -0.03999999999999999400, -0.4145751311064591600 ) ) ;
#4167 = ORIENTED_EDGE ( 'NONE', *, *, #2233, .T. ) ;
#4168 = PLANE ( 'NONE',  #3459 ) ;
#4169 = ORIENTED_EDGE ( 'NONE', *, *, #1201, .T. ) ;
#4170 = PLANE ( 'NONE',  #895 ) ;
#4171 = CARTESIAN_POINT ( 'NONE',  ( 0.3750000000000000000, -0.03999999999999999400, 0.1145751311064590100 ) ) ;
#4172 = ORIENTED_EDGE ( 'NONE', *, *, #3285, .F. ) ;
#4173 = ORIENTED_EDGE ( 'NONE', *, *, #383, .T. ) ;
#4174 =( NAMED_UNIT ( * ) SI_UNIT ( $, .STERADIAN. ) SOLID_ANGLE_UNIT ( ) );
#4175 = VECTOR ( 'NONE', #162, 1000.000000000000000 ) ;
#4176 = DIRECTION ( 'NONE',  ( -0.0000000000000000000, 1.000000000000000000, -0.0000000000000000000 ) ) ;
#4177 = DIRECTION ( 'NONE',  ( -1.000000000000000000, 0.0000000000000000000, -0.0000000000000000000 ) ) ;
#4178 = CARTESIAN_POINT ( 'NONE',  ( 0.5999999999999998700, 0.07500000000000001100, 0.1145751311064590700 ) ) ;
#4179 = VECTOR ( 'NONE', #2792, 1000.000000000000000 ) ;
#4180 = CARTESIAN_POINT ( 'NONE',  ( 0.07499999999999998300, -0.03999999999999999400, 0.4145751311064590500 ) ) ;
#4181 = AXIS2_PLACEMENT_3D ( 'NONE', #1561, #1217, #3758 ) ;
#4182 =( NAMED_UNIT ( * ) PLANE_ANGLE_UNIT ( ) SI_UNIT ( $, .RADIAN. ) );
#4183 = LINE ( 'NONE', #2620, #737 ) ;
#4184 = CARTESIAN_POINT ( 'NONE',  ( -0.2250000000000000100, 0.02000000000000000000, -0.1145751311064591400 ) ) ;
#4185 = VECTOR ( 'NONE', #2738, 1000.000000000000000 ) ;
#4186 = CARTESIAN_POINT ( 'NONE',  ( -0.4500000000000000100, 0.02000000000000000000, 0.1145751311064590700 ) ) ;
#4187 = EDGE_LOOP ( 'NONE', ( #4420, #2547, #3128, #3074 ) ) ;
#4188 = VERTEX_POINT ( 'NONE', #3865 ) ;
#4189 = CARTESIAN_POINT ( 'NONE',  ( 0.07499999999999998300, 0.02000000000000000000, 0.1145751311064590100 ) ) ;
#4190 = DIRECTION ( 'NONE',  ( -0.0000000000000000000, -0.0000000000000000000, 1.000000000000000000 ) ) ;
#4191 = UNCERTAINTY_MEASURE_WITH_UNIT (LENGTH_MEASURE( 1.000000000000000100E-005 ), #3809, 'distance_accuracy_value', 'NONE');
#4192 = LINE ( 'NONE', #4236, #1396 ) ;
#4193 = PRESENTATION_STYLE_ASSIGNMENT (( #1256 ) ) ;
#4194 = DIRECTION ( 'NONE',  ( 0.0000000000000000000, 0.0000000000000000000, -1.000000000000000000 ) ) ;
#4195 = ORIENTED_EDGE ( 'NONE', *, *, #3741, .F. ) ;
#4196 = CARTESIAN_POINT ( 'NONE',  ( -0.3750000000000000000, -0.0000000000000000000, -0.1145751311064591400 ) ) ;
#4197 = CARTESIAN_POINT ( 'NONE',  ( -0.3749999999999998900, 0.1250000000000000000, -0.4980000000000001600 ) ) ;
#4198 = FACE_OUTER_BOUND ( 'NONE', #424, .T. ) ;
#4199 = DIRECTION ( 'NONE',  ( 0.0000000000000000000, -1.000000000000000000, 0.0000000000000000000 ) ) ;
#4200 = ORIENTED_EDGE ( 'NONE', *, *, #4224, .T. ) ;
#4201 = VECTOR ( 'NONE', #4555, 1000.000000000000000 ) ;
#4202 = VECTOR ( 'NONE', #4310, 1000.000000000000000 ) ;
#4203 = ORIENTED_EDGE ( 'NONE', *, *, #3254, .F. ) ;
#4204 = ADVANCED_FACE ( 'NONE', ( #4286 ), #221, .T. ) ;
#4205 =( LENGTH_UNIT ( ) NAMED_UNIT ( * ) SI_UNIT ( .MILLI., .METRE. ) );
#4206 = LINE ( 'NONE', #3234, #1415 ) ;
#4207 = EDGE_CURVE ( 'NONE', #272, #1359, #1389, .T. ) ;
#4208 = ORIENTED_EDGE ( 'NONE', *, *, #654, .F. ) ;
#4209 = VERTEX_POINT ( 'NONE', #3885 ) ;
#4210 =( LENGTH_UNIT ( ) NAMED_UNIT ( * ) SI_UNIT ( .MILLI., .METRE. ) );
#4211 = CARTESIAN_POINT ( 'NONE',  ( 0.2250000000000000600, 0.1250000000000000000, 0.4999999999999997800 ) ) ;
#4212 = COLOUR_RGB ( '',0.7921568627450980000, 0.8196078431372548800, 0.9333333333333333500 ) ;
#4213 = VECTOR ( 'NONE', #1990, 1000.000000000000000 ) ;
#4214 = DIRECTION ( 'NONE',  ( 0.0000000000000000000, 0.0000000000000000000, -1.000000000000000000 ) ) ;
#4215 = VERTEX_POINT ( 'NONE', #2079 ) ;
#4216 =( GEOMETRIC_REPRESENTATION_CONTEXT ( 3 ) GLOBAL_UNCERTAINTY_ASSIGNED_CONTEXT ( ( #3129 ) ) GLOBAL_UNIT_ASSIGNED_CONTEXT ( ( #3387, #3365, #3352 ) ) REPRESENTATION_CONTEXT ( 'NONE', 'WORKASPACE' ) );
#4217 = CARTESIAN_POINT ( 'NONE',  ( 0.3750000000000000000, 0.02000000000000000000, -0.4145751311064591600 ) ) ;
#4218 = EDGE_CURVE ( 'NONE', #3870, #4373, #3204, .T. ) ;
#4219 = ORIENTED_EDGE ( 'NONE', *, *, #770, .T. ) ;
#4220 = DIRECTION ( 'NONE',  ( -1.807003620809174600E-015, 0.0000000000000000000, 1.000000000000000000 ) ) ;
#4221 = ORIENTED_EDGE ( 'NONE', *, *, #1868, .T. ) ;
#4222 = DIRECTION ( 'NONE',  ( 1.000000000000000000, -0.0000000000000000000, 1.807003620809175000E-015 ) ) ;
#4223 = DIRECTION ( 'NONE',  ( 1.000000000000000000, 0.0000000000000000000, 0.0000000000000000000 ) ) ;
#4224 = EDGE_CURVE ( 'NONE', #1137, #1996, #398, .T. ) ;
#4225 = ORIENTED_EDGE ( 'NONE', *, *, #4062, .F. ) ;
#4226 = FILL_AREA_STYLE ('',( #4544 ) ) ;
#4227 = VERTEX_POINT ( 'NONE', #3158 ) ;
#4228 = CARTESIAN_POINT ( 'NONE',  ( 0.5999999999999998700, 0.07500000000000001100, -0.4145751311064591600 ) ) ;
#4229 = VERTEX_POINT ( 'NONE', #3515 ) ;
#4230 =( NAMED_UNIT ( * ) SI_UNIT ( $, .STERADIAN. ) SOLID_ANGLE_UNIT ( ) );
#4231 = VECTOR ( 'NONE', #953, 1000.000000000000000 ) ;
#4232 = VERTEX_POINT ( 'NONE', #1345 ) ;
#4233 = DIRECTION ( 'NONE',  ( -0.0000000000000000000, -1.000000000000000000, -0.0000000000000000000 ) ) ;
#4234 = ORIENTED_EDGE ( 'NONE', *, *, #770, .F. ) ;
#4235 = MECHANICAL_DESIGN_GEOMETRIC_PRESENTATION_REPRESENTATION (  '', ( #3481 ), #4459 ) ;
#4236 = CARTESIAN_POINT ( 'NONE',  ( -0.3749999999999993300, -0.03999999999999999400, 0.1145751311064591400 ) ) ;
#4237 = FACE_OUTER_BOUND ( 'NONE', #1324, .T. ) ;
#4238 = CARTESIAN_POINT ( 'NONE',  ( -0.5250000000000000200, 0.07500000000000001100, -0.5000000000000002200 ) ) ;
#4239 = CARTESIAN_POINT ( 'NONE',  ( 0.07499999999999998300, 0.0000000000000000000, -0.4145751311064591600 ) ) ;
#4240 = CARTESIAN_POINT ( 'NONE',  ( 0.3750000000000000000, 0.0000000000000000000, 0.4145751311064590500 ) ) ;
#4241 = VECTOR ( 'NONE', #4501, 1000.000000000000000 ) ;
#4242 = LINE ( 'NONE', #180, #346 ) ;
#4243 = EDGE_CURVE ( 'NONE', #2768, #1189, #286, .T. ) ;
#4244 = LINE ( 'NONE', #4349, #2194 ) ;
#4245 = VECTOR ( 'NONE', #554, 1000.000000000000000 ) ;
#4246 = DIRECTION ( 'NONE',  ( 1.000000000000000000, 0.0000000000000000000, 0.0000000000000000000 ) ) ;
#4247 = AXIS2_PLACEMENT_3D ( 'NONE', #3197, #3918, #3988 ) ;
#4248 = VECTOR ( 'NONE', #4382, 1000.000000000000000 ) ;
#4249 = EDGE_CURVE ( 'NONE', #3014, #2515, #1265, .T. ) ;
#4250 = ORIENTED_EDGE ( 'NONE', *, *, #4644, .T. ) ;
#4251 = VECTOR ( 'NONE', #1943, 1000.000000000000000 ) ;
#4252 = VECTOR ( 'NONE', #3697, 1000.000000000000000 ) ;
#4253 = ORIENTED_EDGE ( 'NONE', *, *, #2117, .T. ) ;
#4254 = FACE_OUTER_BOUND ( 'NONE', #866, .T. ) ;
#4255 = FACE_OUTER_BOUND ( 'NONE', #80, .T. ) ;
#4256 = EDGE_LOOP ( 'NONE', ( #4483, #1815, #3577, #2933 ) ) ;
#4257 = CARTESIAN_POINT ( 'NONE',  ( 0.5999999999999998700, 0.1250000000000000000, -0.4145751311064591600 ) ) ;
#4258 = LINE ( 'NONE', #1893, #487 ) ;
#4259 = DIRECTION ( 'NONE',  ( -0.0000000000000000000, -1.000000000000000000, -0.0000000000000000000 ) ) ;
#4260 = ORIENTED_EDGE ( 'NONE', *, *, #4147, .F. ) ;
#4261 = AXIS2_PLACEMENT_3D ( 'NONE', #1891, #4439, #2276 ) ;
#4262 = FACE_OUTER_BOUND ( 'NONE', #3511, .T. ) ;
#4263 = EDGE_CURVE ( 'NONE', #2445, #1103, #3311, .T. ) ;
#4264 = ORIENTED_EDGE ( 'NONE', *, *, #3341, .T. ) ;
#4265 = PLANE ( 'NONE',  #1578 ) ;
#4266 = DIRECTION ( 'NONE',  ( 0.0000000000000000000, 0.0000000000000000000, -1.000000000000000000 ) ) ;
#4267 = VECTOR ( 'NONE', #2634, 1000.000000000000000 ) ;
#4268 = ORIENTED_EDGE ( 'NONE', *, *, #232, .T. ) ;
#4269 = EDGE_CURVE ( 'NONE', #2435, #1338, #2143, .T. ) ;
#4270 = DIRECTION ( 'NONE',  ( -0.0000000000000000000, 1.000000000000000000, -0.0000000000000000000 ) ) ;
#4271 = ORIENTED_EDGE ( 'NONE', *, *, #1036, .T. ) ;
#4272 = CARTESIAN_POINT ( 'NONE',  ( -0.3750000000000000000, -0.03999999999999999400, -0.1145751311064591400 ) ) ;
#4273 = DIRECTION ( 'NONE',  ( -0.0000000000000000000, -1.000000000000000000, -0.0000000000000000000 ) ) ;
#4274 = CARTESIAN_POINT ( 'NONE',  ( 0.5999999999999998700, 0.1250000000000000000, 0.4145751311064590500 ) ) ;
#4275 = EDGE_CURVE ( 'NONE', #4604, #2340, #167, .T. ) ;
#4276 = ORIENTED_EDGE ( 'NONE', *, *, #2462, .T. ) ;
#4277 = DIRECTION ( 'NONE',  ( -0.0000000000000000000, 0.0000000000000000000, 1.000000000000000000 ) ) ;
#4278 = ORIENTED_EDGE ( 'NONE', *, *, #4269, .F. ) ;
#4279 = ORIENTED_EDGE ( 'NONE', *, *, #4289, .F. ) ;
#4280 = FACE_OUTER_BOUND ( 'NONE', #2950, .T. ) ;
#4281 = CARTESIAN_POINT ( 'NONE',  ( 0.0000000000000000000, 0.02000000000000000000, 0.0000000000000000000 ) ) ;
#4282 = EDGE_LOOP ( 'NONE', ( #3528, #2166, #2436, #3292 ) ) ;
#4283 = DIRECTION ( 'NONE',  ( -0.0000000000000000000, 1.000000000000000000, -0.0000000000000000000 ) ) ;
#4284 = DIRECTION ( 'NONE',  ( 0.0000000000000000000, 0.0000000000000000000, 1.000000000000000000 ) ) ;
#4285 = CARTESIAN_POINT ( 'NONE',  ( 0.2249999999999999500, 0.02000000000000000000, -0.4145751311064591600 ) ) ;
#4286 = FACE_OUTER_BOUND ( 'NONE', #3015, .T. ) ;
#4287 = CARTESIAN_POINT ( 'NONE',  ( -0.3749999999999993300, 0.02000000000000000000, 0.1145751311064591400 ) ) ;
#4288 = DIRECTION ( 'NONE',  ( 0.0000000000000000000, 0.0000000000000000000, 1.000000000000000000 ) ) ;
#4289 = EDGE_CURVE ( 'NONE', #1809, #344, #3091, .T. ) ;
#4290 = LINE ( 'NONE', #3996, #4397 ) ;
#4291 = CARTESIAN_POINT ( 'NONE',  ( -0.5250000000000000200, 0.02000000000000000000, 0.1895751311064590200 ) ) ;
#4292 = CARTESIAN_POINT ( 'NONE',  ( 0.2249999999999999500, 0.0000000000000000000, -0.4145751311064591600 ) ) ;
#4293 = COLOUR_RGB ( '',1.000000000000000000, 1.000000000000000000, 1.000000000000000000 ) ;
#4294 = DIRECTION ( 'NONE',  ( 1.000000000000000000, 0.0000000000000000000, 9.035018104045794000E-016 ) ) ;
#4295 = VECTOR ( 'NONE', #174, 1000.000000000000000 ) ;
#4296 = ORIENTED_EDGE ( 'NONE', *, *, #3610, .F. ) ;
#4297 = EDGE_CURVE ( 'NONE', #4540, #1732, #1035, .T. ) ;
#4298 = COLOUR_RGB ( '',0.7529411764705882200, 0.7529411764705882200, 0.0000000000000000000 ) ;
#4299 = ORIENTED_EDGE ( 'NONE', *, *, #4350, .T. ) ;
#4300 = CARTESIAN_POINT ( 'NONE',  ( 0.0000000000000000000, 0.0000000000000000000, 0.4998999999999998400 ) ) ;
#4301 = DIRECTION ( 'NONE',  ( 0.0000000000000000000, -0.0000000000000000000, 1.000000000000000000 ) ) ;
#4302 = SURFACE_STYLE_USAGE ( .BOTH. , #1757 ) ;
#4303 =( GEOMETRIC_REPRESENTATION_CONTEXT ( 3 ) GLOBAL_UNCERTAINTY_ASSIGNED_CONTEXT ( ( #1648 ) ) GLOBAL_UNIT_ASSIGNED_CONTEXT ( ( #511, #4512, #370 ) ) REPRESENTATION_CONTEXT ( 'NONE', 'WORKASPACE' ) );
#4304 = SURFACE_STYLE_FILL_AREA ( #4226 ) ;
#4305 = EDGE_LOOP ( 'NONE', ( #1408, #1515, #4110, #1512 ) ) ;
#4306 = EDGE_CURVE ( 'NONE', #1996, #1821, #2975, .T. ) ;
#4307 = ORIENTED_EDGE ( 'NONE', *, *, #4263, .T. ) ;
#4308 = LINE ( 'NONE', #4122, #2160 ) ;
#4309 = CARTESIAN_POINT ( 'NONE',  ( 0.5999999999999998700, 0.3100000000000000000, -0.5000000000000002200 ) ) ;
#4310 = DIRECTION ( 'NONE',  ( -0.0000000000000000000, -0.0000000000000000000, 1.000000000000000000 ) ) ;
#4311 = ORIENTED_EDGE ( 'NONE', *, *, #3078, .T. ) ;
#4312 = VECTOR ( 'NONE', #2787, 1000.000000000000000 ) ;
#4313 = ORIENTED_EDGE ( 'NONE', *, *, #122, .F. ) ;
#4314 = FILL_AREA_STYLE ('',( #4449 ) ) ;
#4315 = CARTESIAN_POINT ( 'NONE',  ( 0.5999999999999998700, 0.0000000000000000000, -0.5000000000000002200 ) ) ;
#4316 = DIRECTION ( 'NONE',  ( 0.0000000000000000000, -0.0000000000000000000, 1.000000000000000000 ) ) ;
#4317 = LINE ( 'NONE', #2248, #2397 ) ;
#4318 = ADVANCED_FACE ( 'NONE', ( #4665 ), #2829, .T. ) ;
#4319 = ADVANCED_FACE ( 'NONE', ( #3827 ), #1380, .F. ) ;
#4320 = LINE ( 'NONE', #2727, #4267 ) ;
#4321 = ORIENTED_EDGE ( 'NONE', *, *, #2813, .F. ) ;
#4322 = VERTEX_POINT ( 'NONE', #4285 ) ;
#4323 =( NAMED_UNIT ( * ) SI_UNIT ( $, .STERADIAN. ) SOLID_ANGLE_UNIT ( ) );
#4324 = DIRECTION ( 'NONE',  ( 0.0000000000000000000, 0.0000000000000000000, 1.000000000000000000 ) ) ;
#4325 = EDGE_CURVE ( 'NONE', #4229, #339, #3703, .T. ) ;
#4326 = EDGE_LOOP ( 'NONE', ( #1716, #3647, #2332, #2858 ) ) ;
#4327 = ORIENTED_EDGE ( 'NONE', *, *, #2901, .T. ) ;
#4328 = MANIFOLD_SOLID_BREP ( 'Boss-Extrude2[4]', #3406 ) ;
#4329 = PRESENTATION_LAYER_ASSIGNMENT (  '', '', ( #3845 ) ) ;
#4330 = CARTESIAN_POINT ( 'NONE',  ( 0.0000000000000000000, 0.0000000000000000000, -0.4980000000000001600 ) ) ;
#4331 = ORIENTED_EDGE ( 'NONE', *, *, #1548, .T. ) ;
#4332 = CARTESIAN_POINT ( 'NONE',  ( -0.4533896235159318200, 0.3100000000000000000, 0.3572429355358508500 ) ) ;
#4333 = ORIENTED_EDGE ( 'NONE', *, *, #1152, .F. ) ;
#4334 = EDGE_LOOP ( 'NONE', ( #3691, #4387, #2852, #2625 ) ) ;
#4335 = CARTESIAN_POINT ( 'NONE',  ( 0.3750000000000000000, 0.0000000000000000000, -0.4145751311064591600 ) ) ;
#4336 = DIRECTION ( 'NONE',  ( 1.000000000000000000, 0.0000000000000000000, 0.0000000000000000000 ) ) ;
#4337 = ADVANCED_FACE ( 'NONE', ( #4560 ), #3203, .F. ) ;
#4338 = ADVANCED_FACE ( 'NONE', ( #1777 ), #647, .F. ) ;
#4339 = AXIS2_PLACEMENT_3D ( 'NONE', #3544, #4621, #4640 ) ;
#4340 = DIRECTION ( 'NONE',  ( 1.000000000000000000, 0.0000000000000000000, 0.0000000000000000000 ) ) ;
#4341 = LINE ( 'NONE', #2343, #2303 ) ;
#4342 = LINE ( 'NONE', #1478, #684 ) ;
#4343 = DIRECTION ( 'NONE',  ( 1.000000000000000000, 0.0000000000000000000, 0.0000000000000000000 ) ) ;
#4344 = LINE ( 'NONE', #2061, #1671 ) ;
#4345 = EDGE_CURVE ( 'NONE', #2321, #892, #3256, .T. ) ;
#4346 = COLOUR_RGB ( '',0.7529411764705882200, 0.7529411764705882200, 0.0000000000000000000 ) ;
#4347 = VECTOR ( 'NONE', #2400, 1000.000000000000000 ) ;
#4348 = VERTEX_POINT ( 'NONE', #2511 ) ;
#4349 = CARTESIAN_POINT ( 'NONE',  ( 0.5250000000000000200, -0.03999999999999999400, 0.4145751311064590500 ) ) ;
#4350 = EDGE_CURVE ( 'NONE', #996, #3253, #1326, .T. ) ;
#4351 = AXIS2_PLACEMENT_3D ( 'NONE', #2797, #587, #3166 ) ;
#4352 = LINE ( 'NONE', #1930, #4251 ) ;
#4353 = LINE ( 'NONE', #5, #1563 ) ;
#4354 = ORIENTED_EDGE ( 'NONE', *, *, #951, .F. ) ;
#4355 = EDGE_LOOP ( 'NONE', ( #1433, #2072, #2647, #3581 ) ) ;
#4356 = EDGE_CURVE ( 'NONE', #3842, #651, #2299, .T. ) ;
#4357 = EDGE_LOOP ( 'NONE', ( #2508, #566, #1012, #3452 ) ) ;
#4358 = VECTOR ( 'NONE', #2495, 1000.000000000000000 ) ;
#4359 = FACE_BOUND ( 'NONE', #3359, .T. ) ;
#4360 = ORIENTED_EDGE ( 'NONE', *, *, #3989, .T. ) ;
#4361 = CARTESIAN_POINT ( 'NONE',  ( 0.5250000000000000200, 0.02000000000000000000, -0.4145751311064591600 ) ) ;
#4362 = AXIS2_PLACEMENT_3D ( 'NONE', #1163, #4040, #195 ) ;
#4363 = VERTEX_POINT ( 'NONE', #4664 ) ;
#4364 = ADVANCED_FACE ( 'NONE', ( #4112 ), #675, .F. ) ;
#4365 = ADVANCED_FACE ( 'NONE', ( #4237 ), #3966, .F. ) ;
#4366 = EDGE_CURVE ( 'NONE', #3755, #892, #1209, .T. ) ;
#4367 = VECTOR ( 'NONE', #1248, 1000.000000000000000 ) ;
#4368 = ORIENTED_EDGE ( 'NONE', *, *, #1309, .T. ) ;
#4369 = DIRECTION ( 'NONE',  ( 0.0000000000000000000, -1.000000000000000000, 0.0000000000000000000 ) ) ;
#4370 = DIRECTION ( 'NONE',  ( 0.0000000000000000000, -1.000000000000000000, 0.0000000000000000000 ) ) ;
#4371 = LINE ( 'NONE', #788, #1480 ) ;
#4372 = ORIENTED_EDGE ( 'NONE', *, *, #2836, .T. ) ;
#4373 = VERTEX_POINT ( 'NONE', #2539 ) ;
#4374 = PRESENTATION_LAYER_ASSIGNMENT (  '', '', ( #4607 ) ) ;
#4375 = EDGE_CURVE ( 'NONE', #3012, #55, #3997, .T. ) ;
#4376 = ORIENTED_EDGE ( 'NONE', *, *, #402, .T. ) ;
#4377 = CARTESIAN_POINT ( 'NONE',  ( -0.07500000000000003900, -0.0000000000000000000, -0.1145751311064591400 ) ) ;
#4378 = PLANE ( 'NONE',  #2459 ) ;
#4379 = EDGE_CURVE ( 'NONE', #56, #4604, #227, .T. ) ;
#4380 = ORIENTED_EDGE ( 'NONE', *, *, #4011, .T. ) ;
#4381 = ORIENTED_EDGE ( 'NONE', *, *, #4345, .F. ) ;
#4382 = DIRECTION ( 'NONE',  ( -1.807003620809174600E-015, 0.0000000000000000000, 1.000000000000000000 ) ) ;
#4383 = MECHANICAL_DESIGN_GEOMETRIC_PRESENTATION_REPRESENTATION (  '', ( #3638 ), #4618 ) ;
#4384 = CARTESIAN_POINT ( 'NONE',  ( 0.2249999999999999500, 0.02000000000000000000, -0.1145751311064591400 ) ) ;
#4385 = VERTEX_POINT ( 'NONE', #1461 ) ;
#4386 = MECHANICAL_DESIGN_GEOMETRIC_PRESENTATION_REPRESENTATION (  '', ( #3641 ), #4620 ) ;
#4387 = ORIENTED_EDGE ( 'NONE', *, *, #4243, .F. ) ;
#4388 = EDGE_CURVE ( 'NONE', #3916, #2297, #105, .T. ) ;
#4389 = CARTESIAN_POINT ( 'NONE',  ( 0.0000000000000000000, 0.02000000000000000000, 0.0000000000000000000 ) ) ;
#4390 = CARTESIAN_POINT ( 'NONE',  ( 0.5250000000000000200, -0.03999999999999999400, -0.1145751311064591400 ) ) ;
#4391 = VECTOR ( 'NONE', #1511, 1000.000000000000000 ) ;
#4392 = EDGE_CURVE ( 'NONE', #1288, #2297, #2189, .T. ) ;
#4393 = VECTOR ( 'NONE', #567, 1000.000000000000000 ) ;
#4394 = FACE_OUTER_BOUND ( 'NONE', #2652, .T. ) ;
#4395 = ORIENTED_EDGE ( 'NONE', *, *, #521, .F. ) ;
#4396 = DIRECTION ( 'NONE',  ( -1.000000000000000000, 0.0000000000000000000, 0.0000000000000000000 ) ) ;
#4397 = VECTOR ( 'NONE', #625, 1000.000000000000000 ) ;
#4398 = AXIS2_PLACEMENT_3D ( 'NONE', #1322, #1144, #1509 ) ;
#4399 = LINE ( 'NONE', #1714, #518 ) ;
#4400 = LINE ( 'NONE', #4178, #4295 ) ;
#4401 = VERTEX_POINT ( 'NONE', #355 ) ;
#4402 = PLANE ( 'NONE',  #783 ) ;
#4403 = ADVANCED_FACE ( 'NONE', ( #1955 ), #2552, .F. ) ;
#4404 = PLANE ( 'NONE',  #1097 ) ;
#4405 = ORIENTED_EDGE ( 'NONE', *, *, #61, .F. ) ;
#4406 = CARTESIAN_POINT ( 'NONE',  ( 0.0000000000000000000, -0.03999999999999999400, 0.0000000000000000000 ) ) ;
#4407 = CARTESIAN_POINT ( 'NONE',  ( 0.5979999999999997500, 0.07500000000000001100, 0.1145751311064590700 ) ) ;
#4408 = CARTESIAN_POINT ( 'NONE',  ( 0.2250000000000000600, 0.0000000000000000000, 0.4145751311064590500 ) ) ;
#4409 = CARTESIAN_POINT ( 'NONE',  ( 0.07499999999999998300, 0.02000000000000000000, 0.4145751311064590500 ) ) ;
#4410 = CARTESIAN_POINT ( 'NONE',  ( -0.6000000000000000900, 0.1250000000000000000, 0.4145751311064590500 ) ) ;
#4411 = LINE ( 'NONE', #2017, #3436 ) ;
#4412 = ORIENTED_EDGE ( 'NONE', *, *, #4147, .T. ) ;
#4413 = AXIS2_PLACEMENT_3D ( 'NONE', #559, #551, #545 ) ;
#4414 = DIRECTION ( 'NONE',  ( 0.0000000000000000000, 0.0000000000000000000, -1.000000000000000000 ) ) ;
#4415 = ORIENTED_EDGE ( 'NONE', *, *, #3146, .T. ) ;
#4416 = VECTOR ( 'NONE', #3764, 1000.000000000000000 ) ;
#4417 = DIRECTION ( 'NONE',  ( 1.000000000000000000, 0.0000000000000000000, 9.035018104045833500E-016 ) ) ;
#4418 = EDGE_LOOP ( 'NONE', ( #516, #4625, #3219, #2609 ) ) ;
#4419 = DIRECTION ( 'NONE',  ( -0.0000000000000000000, -0.0000000000000000000, 1.000000000000000000 ) ) ;
#4420 = ORIENTED_EDGE ( 'NONE', *, *, #3772, .T. ) ;
#4421 = CARTESIAN_POINT ( 'NONE',  ( -0.5250000000000000200, 0.02000000000000000000, 0.1895751311064590200 ) ) ;
#4422 = CARTESIAN_POINT ( 'NONE',  ( -0.3749999999999993300, 0.02000000000000000000, 0.1145751311064591400 ) ) ;
#4423 = ORIENTED_EDGE ( 'NONE', *, *, #3004, .F. ) ;
#4424 = DIRECTION ( 'NONE',  ( 0.0000000000000000000, -1.000000000000000000, 0.0000000000000000000 ) ) ;
#4425 = FACE_OUTER_BOUND ( 'NONE', #844, .T. ) ;
#4426 = VERTEX_POINT ( 'NONE', #3630 ) ;
#4427 =( NAMED_UNIT ( * ) PLANE_ANGLE_UNIT ( ) SI_UNIT ( $, .RADIAN. ) );
#4428 = PLANE ( 'NONE',  #3200 ) ;
#4429 = DIRECTION ( 'NONE',  ( 0.0000000000000000000, 0.0000000000000000000, 1.000000000000000000 ) ) ;
#4430 = CARTESIAN_POINT ( 'NONE',  ( 0.3750000000000000000, 0.1250000000000000000, -0.4980000000000001600 ) ) ;
#4431 = CARTESIAN_POINT ( 'NONE',  ( 0.2250000000000000600, 0.1250000000000000000, 0.4998999999999998400 ) ) ;
#4432 = CARTESIAN_POINT ( 'NONE',  ( -0.3749999999999993300, 0.02000000000000000000, 0.1145751311064591400 ) ) ;
#4433 = ORIENTED_EDGE ( 'NONE', *, *, #3150, .T. ) ;
#4434 = EDGE_LOOP ( 'NONE', ( #3224, #4333, #4423, #4307 ) ) ;
#4435 = CARTESIAN_POINT ( 'NONE',  ( -0.2250000000000000100, 0.1250000000000000000, 0.4999999999999997800 ) ) ;
#4436 = EDGE_LOOP ( 'NONE', ( #2939, #2548, #1528, #1169 ) ) ;
#4437 = EDGE_CURVE ( 'NONE', #2321, #2468, #1088, .T. ) ;
#4438 = ORIENTED_EDGE ( 'NONE', *, *, #4379, .T. ) ;
#4439 = DIRECTION ( 'NONE',  ( 0.0000000000000000000, 0.0000000000000000000, 1.000000000000000000 ) ) ;
#4440 = DIRECTION ( 'NONE',  ( -0.0000000000000000000, -0.0000000000000000000, 1.000000000000000000 ) ) ;
#4441 =( LENGTH_UNIT ( ) NAMED_UNIT ( * ) SI_UNIT ( .MILLI., .METRE. ) );
#4442 = DIRECTION ( 'NONE',  ( -1.807003620809174600E-015, 0.0000000000000000000, 1.000000000000000000 ) ) ;
#4443 = EDGE_LOOP ( 'NONE', ( #4433, #1991, #2689, #4072 ) ) ;
#4444 = ORIENTED_EDGE ( 'NONE', *, *, #2597, .T. ) ;
#4445 = DIRECTION ( 'NONE',  ( 0.0000000000000000000, 0.0000000000000000000, 1.000000000000000000 ) ) ;
#4446 = EDGE_CURVE ( 'NONE', #489, #4473, #977, .T. ) ;
#4447 = CARTESIAN_POINT ( 'NONE',  ( -0.07500000000000003900, -0.03999999999999999400, -0.4145751311064591600 ) ) ;
#4448 = EDGE_CURVE ( 'NONE', #892, #2989, #2921, .T. ) ;
#4449 = FILL_AREA_STYLE_COLOUR ( '', #1751 ) ;
#4450 = LINE ( 'NONE', #1594, #3478 ) ;
#4451 = VECTOR ( 'NONE', #2044, 1000.000000000000000 ) ;
#4452 = ORIENTED_EDGE ( 'NONE', *, *, #2516, .F. ) ;
#4453 = VECTOR ( 'NONE', #1627, 1000.000000000000000 ) ;
#4454 = CARTESIAN_POINT ( 'NONE',  ( 0.5999999999999998700, 0.07500000000000001100, 0.1145751311064590700 ) ) ;
#4455 = DIRECTION ( 'NONE',  ( -1.000000000000000000, 0.0000000000000000000, -1.807003620809174600E-015 ) ) ;
#4456 = CARTESIAN_POINT ( 'NONE',  ( 0.07499999999999998300, 0.02000000000000000000, 0.4145751311064590500 ) ) ;
#4457 = VECTOR ( 'NONE', #3454, 1000.000000000000000 ) ;
#4458 = VECTOR ( 'NONE', #414, 1000.000000000000000 ) ;
#4459 =( GEOMETRIC_REPRESENTATION_CONTEXT ( 3 ) GLOBAL_UNCERTAINTY_ASSIGNED_CONTEXT ( ( #3674 ) ) GLOBAL_UNIT_ASSIGNED_CONTEXT ( ( #397, #21, #1093 ) ) REPRESENTATION_CONTEXT ( 'NONE', 'WORKASPACE' ) );
#4460 = DIRECTION ( 'NONE',  ( 1.000000000000000000, 0.0000000000000000000, 0.0000000000000000000 ) ) ;
#4461 = LINE ( 'NONE', #2701, #584 ) ;
#4462 = EDGE_LOOP ( 'NONE', ( #2078, #4313, #4086, #1229 ) ) ;
#4463 = VECTOR ( 'NONE', #4695, 1000.000000000000000 ) ;
#4464 = VECTOR ( 'NONE', #3933, 1000.000000000000000 ) ;
#4465 = EDGE_CURVE ( 'NONE', #1241, #2782, #2803, .T. ) ;
#4466 = VERTEX_POINT ( 'NONE', #3295 ) ;
#4467 = DIRECTION ( 'NONE',  ( 0.0000000000000000000, 0.0000000000000000000, 1.000000000000000000 ) ) ;
#4468 =( NAMED_UNIT ( * ) PLANE_ANGLE_UNIT ( ) SI_UNIT ( $, .RADIAN. ) );
#4469 = AXIS2_PLACEMENT_3D ( 'NONE', #3236, #3603, #1444 ) ;
#4470 = VECTOR ( 'NONE', #4677, 1000.000000000000000 ) ;
#4471 = ADVANCED_FACE ( 'NONE', ( #4713 ), #1489, .F. ) ;
#4472 = PRESENTATION_LAYER_ASSIGNMENT (  '', '', ( #3993 ) ) ;
#4473 = VERTEX_POINT ( 'NONE', #4719 ) ;
#4474 = EDGE_CURVE ( 'NONE', #3916, #624, #846, .T. ) ;
#4475 = DIRECTION ( 'NONE',  ( -0.0000000000000000000, 1.000000000000000000, 0.0000000000000000000 ) ) ;
#4476 = DIRECTION ( 'NONE',  ( -0.0000000000000000000, 0.0000000000000000000, -1.000000000000000000 ) ) ;
#4477 = DIRECTION ( 'NONE',  ( -1.000000000000000000, 0.0000000000000000000, -0.0000000000000000000 ) ) ;
#4478 = FACE_OUTER_BOUND ( 'NONE', #3702, .T. ) ;
#4479 = FACE_OUTER_BOUND ( 'NONE', #3788, .T. ) ;
#4480 = VERTEX_POINT ( 'NONE', #386 ) ;
#4481 = CARTESIAN_POINT ( 'NONE',  ( 0.07499999999999998300, 0.02000000000000000000, -0.1145751311064591400 ) ) ;
#4482 = CARTESIAN_POINT ( 'NONE',  ( 0.07499999999999998300, -0.03999999999999999400, -0.4145751311064591600 ) ) ;
#4483 = ORIENTED_EDGE ( 'NONE', *, *, #3369, .T. ) ;
#4484 = DIRECTION ( 'NONE',  ( -1.000000000000000000, -0.0000000000000000000, -0.0000000000000000000 ) ) ;
#4485 = CARTESIAN_POINT ( 'NONE',  ( -0.2250000000000000100, 0.0000000000000000000, 0.4145751311064590500 ) ) ;
#4486 = CARTESIAN_POINT ( 'NONE',  ( 0.5979999999999997500, 0.0000000000000000000, 0.0000000000000000000 ) ) ;
#4487 = VERTEX_POINT ( 'NONE', #747 ) ;
#4488 = AXIS2_PLACEMENT_3D ( 'NONE', #2551, #2524, #2469 ) ;
#4489 = SURFACE_SIDE_STYLE ('',( #2938 ) ) ;
#4490 = ORIENTED_EDGE ( 'NONE', *, *, #3875, .F. ) ;
#4491 = PRODUCT_DEFINITION ( 'UNKNOWN', '', #4718, #3011 ) ;
#4492 = CARTESIAN_POINT ( 'NONE',  ( 0.2249999999999999500, -0.03999999999999999400, -0.1145751311064591400 ) ) ;
#4493 = CARTESIAN_POINT ( 'NONE',  ( -0.3749999999999998900, 0.0000000000000000000, 0.4145751311064590500 ) ) ;
#4494 = EDGE_CURVE ( 'NONE', #2711, #1003, #1717, .T. ) ;
#4495 = DIRECTION ( 'NONE',  ( 0.0000000000000000000, 0.0000000000000000000, -1.000000000000000000 ) ) ;
#4496 = ORIENTED_EDGE ( 'NONE', *, *, #122, .T. ) ;
#4497 = ORIENTED_EDGE ( 'NONE', *, *, #2507, .F. ) ;
#4498 = EDGE_CURVE ( 'NONE', #339, #4232, #4499, .T. ) ;
#4499 = LINE ( 'NONE', #2578, #2692 ) ;
#4500 = AXIS2_PLACEMENT_3D ( 'NONE', #679, #333, #2903 ) ;
#4501 = DIRECTION ( 'NONE',  ( 0.0000000000000000000, 0.0000000000000000000, 1.000000000000000000 ) ) ;
#4502 = ORIENTED_EDGE ( 'NONE', *, *, #1599, .F. ) ;
#4503 = DIRECTION ( 'NONE',  ( 0.0000000000000000000, -1.000000000000000000, -0.0000000000000000000 ) ) ;
#4504 = VECTOR ( 'NONE', #1662, 1000.000000000000000 ) ;
#4505 = FACE_BOUND ( 'NONE', #609, .T. ) ;
#4506 = EDGE_CURVE ( 'NONE', #4322, #668, #2571, .T. ) ;
#4507 = CARTESIAN_POINT ( 'NONE',  ( 0.3750000000000000000, 0.1250000000000000000, -0.4980000000000001600 ) ) ;
#4508 = CARTESIAN_POINT ( 'NONE',  ( 0.2249999999999999500, 0.02000000000000000000, -0.1145751311064591400 ) ) ;
#4509 = DIRECTION ( 'NONE',  ( 0.0000000000000000000, 0.0000000000000000000, -1.000000000000000000 ) ) ;
#4510 = SURFACE_STYLE_FILL_AREA ( #2239 ) ;
#4511 = VECTOR ( 'NONE', #3882, 1000.000000000000000 ) ;
#4512 =( NAMED_UNIT ( * ) PLANE_ANGLE_UNIT ( ) SI_UNIT ( $, .RADIAN. ) );
#4513 = DIRECTION ( 'NONE',  ( -1.000000000000000000, 0.0000000000000000000, 0.0000000000000000000 ) ) ;
#4514 = FACE_OUTER_BOUND ( 'NONE', #2520, .T. ) ;
#4515 = LINE ( 'NONE', #2945, #2582 ) ;
#4516 = DIRECTION ( 'NONE',  ( -1.807003620809174600E-015, 0.0000000000000000000, 1.000000000000000000 ) ) ;
#4517 = CYLINDRICAL_SURFACE ( 'NONE', #120, 0.07471865278679135100 ) ;
#4518 = DIRECTION ( 'NONE',  ( 0.0000000000000000000, -0.0000000000000000000, -1.000000000000000000 ) ) ;
#4519 = FILL_AREA_STYLE_COLOUR ( '', #3655 ) ;
#4520 = ORIENTED_EDGE ( 'NONE', *, *, #2386, .F. ) ;
#4521 = DIRECTION ( 'NONE',  ( -1.807003620809174600E-015, 0.0000000000000000000, 1.000000000000000000 ) ) ;
#4522 = ADVANCED_FACE ( 'NONE', ( #3637 ), #3322, .F. ) ;
#4523 = VECTOR ( 'NONE', #3349, 1000.000000000000000 ) ;
#4524 = CARTESIAN_POINT ( 'NONE',  ( 0.07499999999999998300, 0.07500000000000001100, -0.5000000000000002200 ) ) ;
#4525 = CARTESIAN_POINT ( 'NONE',  ( 0.5979999999999997500, 0.1250000000000001900, -0.1145751311064591600 ) ) ;
#4526 = VERTEX_POINT ( 'NONE', #25 ) ;
#4527 = UNCERTAINTY_MEASURE_WITH_UNIT (LENGTH_MEASURE( 1.000000000000000100E-005 ), #723, 'distance_accuracy_value', 'NONE');
#4528 = EDGE_CURVE ( 'NONE', #3444, #2907, #3420, .T. ) ;
#4529 = DIRECTION ( 'NONE',  ( 1.000000000000000000, 0.0000000000000000000, 0.0000000000000000000 ) ) ;
#4530 = FACE_OUTER_BOUND ( 'NONE', #2706, .T. ) ;
#4531 = PRESENTATION_STYLE_ASSIGNMENT (( #2639 ) ) ;
#4532 = ORIENTED_EDGE ( 'NONE', *, *, #3133, .T. ) ;
#4533 = CARTESIAN_POINT ( 'NONE',  ( 0.3750000000000000000, 0.1250000000000000000, 0.4998999999999998400 ) ) ;
#4534 = EDGE_CURVE ( 'NONE', #3977, #1288, #1597, .T. ) ;
#4535 = PLANE ( 'NONE',  #810 ) ;
#4536 = SURFACE_STYLE_FILL_AREA ( #4314 ) ;
#4537 = ORIENTED_EDGE ( 'NONE', *, *, #1195, .F. ) ;
#4538 = ORIENTED_EDGE ( 'NONE', *, *, #42, .F. ) ;
#4539 = FACE_OUTER_BOUND ( 'NONE', #1347, .T. ) ;
#4540 = VERTEX_POINT ( 'NONE', #786 ) ;
#4541 = ADVANCED_FACE ( 'NONE', ( #4280 ), #2979, .F. ) ;
#4542 = CARTESIAN_POINT ( 'NONE',  ( -0.07499999999999992800, -0.03999999999999999400, 0.4145751311064590500 ) ) ;
#4543 = EDGE_CURVE ( 'NONE', #2989, #2630, #2357, .T. ) ;
#4544 = FILL_AREA_STYLE_COLOUR ( '', #3329 ) ;
#4545 = CARTESIAN_POINT ( 'NONE',  ( 0.07499999999999998300, -0.03999999999999999400, -0.1145751311064591400 ) ) ;
#4546 = ORIENTED_EDGE ( 'NONE', *, *, #616, .F. ) ;
#4547 = DIRECTION ( 'NONE',  ( -0.0000000000000000000, 1.000000000000000000, -0.0000000000000000000 ) ) ;
#4548 = ADVANCED_FACE ( 'NONE', ( #2475 ), #57, .F. ) ;
#4549 = ORIENTED_EDGE ( 'NONE', *, *, #787, .T. ) ;
#4550 = DIRECTION ( 'NONE',  ( -0.0000000000000000000, -0.0000000000000000000, 1.000000000000000000 ) ) ;
#4551 = DIRECTION ( 'NONE',  ( -0.0000000000000000000, -0.0000000000000000000, 1.000000000000000000 ) ) ;
#4552 = AXIS2_PLACEMENT_3D ( 'NONE', #3179, #2879, #2861 ) ;
#4553 = EDGE_LOOP ( 'NONE', ( #310, #2799, #1196, #1972 ) ) ;
#4554 = SURFACE_STYLE_FILL_AREA ( #930 ) ;
#4555 = DIRECTION ( 'NONE',  ( -0.0000000000000000000, -0.0000000000000000000, 1.000000000000000000 ) ) ;
#4556 =( NAMED_UNIT ( * ) SI_UNIT ( $, .STERADIAN. ) SOLID_ANGLE_UNIT ( ) );
#4557 = VERTEX_POINT ( 'NONE', #4079 ) ;
#4558 = VERTEX_POINT ( 'NONE', #3351 ) ;
#4559 = EDGE_CURVE ( 'NONE', #2768, #2417, #3199, .T. ) ;
#4560 = FACE_OUTER_BOUND ( 'NONE', #1564, .T. ) ;
#4561 = PLANE ( 'NONE',  #3910 ) ;
#4562 = ADVANCED_FACE ( 'NONE', ( #3306 ), #3717, .F. ) ;
#4563 = AXIS2_PLACEMENT_3D ( 'NONE', #148, #3448, #1278 ) ;
#4564 = DIRECTION ( 'NONE',  ( -0.0000000000000000000, -1.000000000000000000, -0.0000000000000000000 ) ) ;
#4565 = VECTOR ( 'NONE', #493, 1000.000000000000000 ) ;
#4566 = LINE ( 'NONE', #2021, #2643 ) ;
#4567 = MECHANICAL_DESIGN_GEOMETRIC_PRESENTATION_REPRESENTATION (  '', ( #3845 ), #70 ) ;
#4568 = FACE_OUTER_BOUND ( 'NONE', #1684, .T. ) ;
#4569 = FACE_OUTER_BOUND ( 'NONE', #2460, .T. ) ;
#4570 = DIRECTION ( 'NONE',  ( -0.0000000000000000000, 1.000000000000000000, -0.0000000000000000000 ) ) ;
#4571 = ADVANCED_FACE ( 'NONE', ( #1263 ), #4100, .F. ) ;
#4572 = CARTESIAN_POINT ( 'NONE',  ( 0.2250000000000000600, 0.1250000000000000000, -0.5000000000000002200 ) ) ;
#4573 = CARTESIAN_POINT ( 'NONE',  ( 0.07499999999999998300, 0.07500000000000001100, -0.4980000000000001600 ) ) ;
#4574 = VECTOR ( 'NONE', #4176, 1000.000000000000000 ) ;
#4575 = VECTOR ( 'NONE', #2317, 1000.000000000000000 ) ;
#4576 = CARTESIAN_POINT ( 'NONE',  ( -0.5250000000000000200, 0.02000000000000000000, 0.1895751311064590200 ) ) ;
#4577 = ORIENTED_EDGE ( 'NONE', *, *, #633, .F. ) ;
#4578 = VERTEX_POINT ( 'NONE', #145 ) ;
#4579 = CARTESIAN_POINT ( 'NONE',  ( -0.6000000000000000900, 0.07500000000000001100, 0.1145751311064590700 ) ) ;
#4580 = LINE ( 'NONE', #3409, #698 ) ;
#4581 = EDGE_LOOP ( 'NONE', ( #4597, #1857, #4023, #2623 ) ) ;
#4582 = VERTEX_POINT ( 'NONE', #3810 ) ;
#4583 = VECTOR ( 'NONE', #612, 1000.000000000000000 ) ;
#4584 = VECTOR ( 'NONE', #4336, 1000.000000000000000 ) ;
#4585 = PLANE ( 'NONE',  #1843 ) ;
#4586 = ORIENTED_EDGE ( 'NONE', *, *, #2172, .F. ) ;
#4587 = CARTESIAN_POINT ( 'NONE',  ( 0.2250000000000000600, 0.1250000000000000000, 0.4998999999999998400 ) ) ;
#4588 = VECTOR ( 'NONE', #936, 1000.000000000000000 ) ;
#4589 = EDGE_CURVE ( 'NONE', #880, #1809, #1385, .T. ) ;
#4590 = EDGE_LOOP ( 'NONE', ( #3659, #4203, #2845, #433 ) ) ;
#4591 = EDGE_CURVE ( 'NONE', #1338, #7, #395, .T. ) ;
#4592 = PRESENTATION_LAYER_ASSIGNMENT (  '', '', ( #4113 ) ) ;
#4593 = EDGE_LOOP ( 'NONE', ( #363, #3822, #2887, #4027 ) ) ;
#4594 = CARTESIAN_POINT ( 'NONE',  ( -0.3749999999999998900, 0.02000000000000000000, 0.4145751311064590500 ) ) ;
#4595 = EDGE_CURVE ( 'NONE', #2217, #4146, #3085, .T. ) ;
#4596 = ORIENTED_EDGE ( 'NONE', *, *, #2528, .F. ) ;
#4597 = ORIENTED_EDGE ( 'NONE', *, *, #61, .T. ) ;
#4598 = CARTESIAN_POINT ( 'NONE',  ( 0.3750000000000000000, 0.07500000000000001100, 0.4999999999999997800 ) ) ;
#4599 = DIRECTION ( 'NONE',  ( 0.0000000000000000000, -0.0000000000000000000, -1.000000000000000000 ) ) ;
#4600 = EDGE_CURVE ( 'NONE', #1411, #2408, #281, .T. ) ;
#4601 = ORIENTED_EDGE ( 'NONE', *, *, #4392, .F. ) ;
#4602 = CARTESIAN_POINT ( 'NONE',  ( 0.3750000000000000000, -0.03999999999999999400, 0.4145751311064590500 ) ) ;
#4603 = CARTESIAN_POINT ( 'NONE',  ( 0.3750000000000000000, 0.1250000000000000000, 0.4999999999999997800 ) ) ;
#4604 = VERTEX_POINT ( 'NONE', #1271 ) ;
#4605 = CARTESIAN_POINT ( 'NONE',  ( -0.2250000000000000100, -0.03999999999999999400, 0.1145751311064590100 ) ) ;
#4606 = VERTEX_POINT ( 'NONE', #1641 ) ;
#4607 = STYLED_ITEM ( 'NONE', ( #1736 ), #3288 ) ;
#4608 = VECTOR ( 'NONE', #1110, 1000.000000000000000 ) ;
#4609 = EDGE_CURVE ( 'NONE', #780, #4373, #1029, .T. ) ;
#4610 = DIRECTION ( 'NONE',  ( -0.0000000000000000000, -1.000000000000000000, -0.0000000000000000000 ) ) ;
#4611 = CARTESIAN_POINT ( 'NONE',  ( -0.6000000000000000900, 0.3100000000000000000, -0.5000000000000002200 ) ) ;
#4612 = LINE ( 'NONE', #2394, #2696 ) ;
#4613 = LINE ( 'NONE', #52, #2812 ) ;
#4614 = EDGE_CURVE ( 'NONE', #1732, #178, #2972, .T. ) ;
#4615 = VECTOR ( 'NONE', #2955, 1000.000000000000000 ) ;
#4616 = VECTOR ( 'NONE', #3540, 1000.000000000000000 ) ;
#4617 = CARTESIAN_POINT ( 'NONE',  ( 0.5979999999999997500, 0.1250000000000000000, 0.1145751311064590700 ) ) ;
#4618 =( GEOMETRIC_REPRESENTATION_CONTEXT ( 3 ) GLOBAL_UNCERTAINTY_ASSIGNED_CONTEXT ( ( #1789 ) ) GLOBAL_UNIT_ASSIGNED_CONTEXT ( ( #3862, #1670, #4230 ) ) REPRESENTATION_CONTEXT ( 'NONE', 'WORKASPACE' ) );
#4619 = CARTESIAN_POINT ( 'NONE',  ( -0.5250000000000000200, 0.02000000000000000000, 0.4145751311064590500 ) ) ;
#4620 =( GEOMETRIC_REPRESENTATION_CONTEXT ( 3 ) GLOBAL_UNCERTAINTY_ASSIGNED_CONTEXT ( ( #2007 ) ) GLOBAL_UNIT_ASSIGNED_CONTEXT ( ( #1199, #800, #2283 ) ) REPRESENTATION_CONTEXT ( 'NONE', 'WORKASPACE' ) );
#4621 = DIRECTION ( 'NONE',  ( 0.0000000000000000000, -1.000000000000000000, 0.0000000000000000000 ) ) ;
#4622 = VECTOR ( 'NONE', #2432, 1000.000000000000000 ) ;
#4623 = LINE ( 'NONE', #450, #1731 ) ;
#4624 = EDGE_CURVE ( 'NONE', #3457, #3799, #3825, .T. ) ;
#4625 = ORIENTED_EDGE ( 'NONE', *, *, #541, .F. ) ;
#4626 = EDGE_CURVE ( 'NONE', #2892, #4606, #2137, .T. ) ;
#4627 = VECTOR ( 'NONE', #3762, 1000.000000000000000 ) ;
#4628 = CARTESIAN_POINT ( 'NONE',  ( 0.5250000000000005800, 0.02000000000000000000, 0.1145751311064591400 ) ) ;
#4629 = ORIENTED_EDGE ( 'NONE', *, *, #834, .F. ) ;
#4630 = CARTESIAN_POINT ( 'NONE',  ( -0.5250000000000000200, 0.1250000000000000000, 0.4998999999999998400 ) ) ;
#4631 = EDGE_LOOP ( 'NONE', ( #760, #3131, #2614, #3599 ) ) ;
#4632 = FACE_OUTER_BOUND ( 'NONE', #1621, .T. ) ;
#4633 = VECTOR ( 'NONE', #3002, 1000.000000000000000 ) ;
#4634 = VERTEX_POINT ( 'NONE', #3837 ) ;
#4635 = ORIENTED_EDGE ( 'NONE', *, *, #4446, .T. ) ;
#4636 = LINE ( 'NONE', #2723, #9 ) ;
#4637 = DIRECTION ( 'NONE',  ( -0.0000000000000000000, 1.000000000000000000, -0.0000000000000000000 ) ) ;
#4638 = FACE_OUTER_BOUND ( 'NONE', #1174, .T. ) ;
#4639 = DIRECTION ( 'NONE',  ( -1.000000000000000000, -0.0000000000000000000, -0.0000000000000000000 ) ) ;
#4640 = DIRECTION ( 'NONE',  ( 0.0000000000000000000, -0.0000000000000000000, -1.000000000000000000 ) ) ;
#4641 = ORIENTED_EDGE ( 'NONE', *, *, #2770, .F. ) ;
#4642 = ORIENTED_EDGE ( 'NONE', *, *, #387, .T. ) ;
#4643 = CARTESIAN_POINT ( 'NONE',  ( 0.0000000000000000000, 0.02000000000000000000, 0.0000000000000000000 ) ) ;
#4644 = EDGE_CURVE ( 'NONE', #4373, #3629, #1895, .T. ) ;
#4645 = EDGE_LOOP ( 'NONE', ( #2500, #542, #2219, #82 ) ) ;
#4646 = AXIS2_PLACEMENT_3D ( 'NONE', #115, #1236, #3775 ) ;
#4647 = ORIENTED_EDGE ( 'NONE', *, *, #4644, .F. ) ;
#4648 = DIRECTION ( 'NONE',  ( -0.0000000000000000000, -0.0000000000000000000, 1.000000000000000000 ) ) ;
#4649 = CARTESIAN_POINT ( 'NONE',  ( 0.5250000000000000200, 0.02000000000000000000, 0.4145751311064590500 ) ) ;
#4650 =( NAMED_UNIT ( * ) PLANE_ANGLE_UNIT ( ) SI_UNIT ( $, .RADIAN. ) );
#4651 = ORIENTED_EDGE ( 'NONE', *, *, #1548, .F. ) ;
#4652 = ORIENTED_EDGE ( 'NONE', *, *, #282, .T. ) ;
#4653 = DIRECTION ( 'NONE',  ( -0.0000000000000000000, -0.0000000000000000000, -1.000000000000000000 ) ) ;
#4654 = DIRECTION ( 'NONE',  ( -1.000000000000000000, -0.0000000000000000000, -0.0000000000000000000 ) ) ;
#4655 = ORIENTED_EDGE ( 'NONE', *, *, #2025, .T. ) ;
#4656 = ORIENTED_EDGE ( 'NONE', *, *, #2057, .T. ) ;
#4657 = ADVANCED_FACE ( 'NONE', ( #2745 ), #4561, .F. ) ;
#4658 = LINE ( 'NONE', #4579, #1436 ) ;
#4659 =( NAMED_UNIT ( * ) SI_UNIT ( $, .STERADIAN. ) SOLID_ANGLE_UNIT ( ) );
#4660 = MANIFOLD_SOLID_BREP ( 'Boss-Extrude2[1]', #380 ) ;
#4661 = ORIENTED_EDGE ( 'NONE', *, *, #837, .F. ) ;
#4662 = SURFACE_STYLE_USAGE ( .BOTH. , #2744 ) ;
#4663 = DIRECTION ( 'NONE',  ( -1.000000000000000000, -0.0000000000000000000, -0.0000000000000000000 ) ) ;
#4664 = CARTESIAN_POINT ( 'NONE',  ( -0.2250000000000000100, 0.0000000000000000000, 0.1145751311064590100 ) ) ;
#4665 = FACE_OUTER_BOUND ( 'NONE', #1620, .T. ) ;
#4666 = FACE_OUTER_BOUND ( 'NONE', #931, .T. ) ;
#4667 = EDGE_CURVE ( 'NONE', #814, #2056, #4658, .T. ) ;
#4668 = FACE_OUTER_BOUND ( 'NONE', #4418, .T. ) ;
#4669 = PLANE ( 'NONE',  #4020 ) ;
#4670 = LINE ( 'NONE', #2501, #1786 ) ;
#4671 = FACE_OUTER_BOUND ( 'NONE', #2251, .T. ) ;
#4672 = EDGE_CURVE ( 'NONE', #3940, #2217, #1772, .T. ) ;
#4673 = LINE ( 'NONE', #510, #3951 ) ;
#4674 = VECTOR ( 'NONE', #3750, 1000.000000000000000 ) ;
#4675 = ORIENTED_EDGE ( 'NONE', *, *, #1998, .T. ) ;
#4676 = CARTESIAN_POINT ( 'NONE',  ( -0.3749999999999998900, 0.02000000000000000000, 0.4145751311064590500 ) ) ;
#4677 = DIRECTION ( 'NONE',  ( -0.0000000000000000000, 1.000000000000000000, -0.0000000000000000000 ) ) ;
#4678 = DIRECTION ( 'NONE',  ( 0.0000000000000000000, 0.0000000000000000000, 1.000000000000000000 ) ) ;
#4679 = AXIS2_PLACEMENT_3D ( 'NONE', #4162, #3269, #2765 ) ;
#4680 = ADVANCED_FACE ( 'NONE', ( #794 ), #1327, .F. ) ;
#4681 = ADVANCED_FACE ( 'NONE', ( #3251 ), #3494, .F. ) ;
#4682 = VECTOR ( 'NONE', #4156, 1000.000000000000000 ) ;
#4683 = COLOUR_RGB ( '',1.000000000000000000, 1.000000000000000000, 1.000000000000000000 ) ;
#4684 = EDGE_CURVE ( 'NONE', #1151, #2408, #337, .T. ) ;
#4685 = ORIENTED_EDGE ( 'NONE', *, *, #377, .T. ) ;
#4686 = LINE ( 'NONE', #2538, #1805 ) ;
#4687 = CARTESIAN_POINT ( 'NONE',  ( 0.07499999999999998300, 0.02000000000000000000, -0.4145751311064591600 ) ) ;
#4688 = CARTESIAN_POINT ( 'NONE',  ( -0.5999000000000001000, 0.1250000000000000000, 0.4145751311064590500 ) ) ;
#4689 = LINE ( 'NONE', #2175, #2773 ) ;
#4690 = VERTEX_POINT ( 'NONE', #4037 ) ;
#4691 = CARTESIAN_POINT ( 'NONE',  ( -0.3750000000000000000, 0.02000000000000000000, -0.1145751311064591400 ) ) ;
#4692 = VECTOR ( 'NONE', #1556, 1000.000000000000000 ) ;
#4693 = ORIENTED_EDGE ( 'NONE', *, *, #3341, .F. ) ;
#4694 = DIRECTION ( 'NONE',  ( -1.000000000000000000, 0.0000000000000000000, 0.0000000000000000000 ) ) ;
#4695 = DIRECTION ( 'NONE',  ( 1.000000000000000000, 0.0000000000000000000, 9.035018104045833500E-016 ) ) ;
#4696 = DIRECTION ( 'NONE',  ( -0.0000000000000000000, 1.000000000000000000, -0.0000000000000000000 ) ) ;
#4697 = ORIENTED_EDGE ( 'NONE', *, *, #3377, .T. ) ;
#4698 = ORIENTED_EDGE ( 'NONE', *, *, #4534, .F. ) ;
#4699 = DIRECTION ( 'NONE',  ( 0.0000000000000000000, -0.0000000000000000000, -1.000000000000000000 ) ) ;
#4700 = DIRECTION ( 'NONE',  ( 0.0000000000000000000, 1.000000000000000000, 0.0000000000000000000 ) ) ;
#4701 = EDGE_CURVE ( 'NONE', #543, #332, #457, .T. ) ;
#4702 = ADVANCED_FACE ( 'NONE', ( #700 ), #2584, .F. ) ;
#4703 = ORIENTED_EDGE ( 'NONE', *, *, #2507, .T. ) ;
#4704 = AXIS2_PLACEMENT_3D ( 'NONE', #371, #2935, #727 ) ;
#4705 = MECHANICAL_DESIGN_GEOMETRIC_PRESENTATION_REPRESENTATION (  '', ( #3993 ), #231 ) ;
#4706 = EDGE_CURVE ( 'NONE', #4385, #272, #3681, .T. ) ;
#4707 = VERTEX_POINT ( 'NONE', #217 ) ;
#4708 = DIRECTION ( 'NONE',  ( 0.0000000000000000000, 0.0000000000000000000, 1.000000000000000000 ) ) ;
#4709 = ORIENTED_EDGE ( 'NONE', *, *, #2117, .F. ) ;
#4710 = VERTEX_POINT ( 'NONE', #4048 ) ;
#4711 = VERTEX_POINT ( 'NONE', #2238 ) ;
#4712 = CARTESIAN_POINT ( 'NONE',  ( 0.5999999999999998700, 0.3100000000000000000, -0.5000000000000002200 ) ) ;
#4713 = FACE_OUTER_BOUND ( 'NONE', #1643, .T. ) ;
#4714 = ORIENTED_EDGE ( 'NONE', *, *, #2086, .F. ) ;
#4715 = DIRECTION ( 'NONE',  ( 0.0000000000000000000, -0.0000000000000000000, 1.000000000000000000 ) ) ;
#4716 = FACE_OUTER_BOUND ( 'NONE', #2038, .T. ) ;
#4717 = FACE_BOUND ( 'NONE', #2284, .T. ) ;
#4718 = PRODUCT_DEFINITION_FORMATION_WITH_SPECIFIED_SOURCE ( 'ANY', '', #4015, .NOT_KNOWN. ) ;
#4719 = CARTESIAN_POINT ( 'NONE',  ( -0.4533896235159318200, 0.3099000000000000100, 0.4319615883226422000 ) ) ;
#4720 = EDGE_CURVE ( 'NONE', #3606, #1732, #1321, .T. ) ;
#4721 = LINE ( 'NONE', #4038, #1836 ) ;
#4722 = FACE_OUTER_BOUND ( 'NONE', #2567, .T. ) ;
#4723 = VECTOR ( 'NONE', #3469, 1000.000000000000000 ) ;
#4724 = LINE ( 'NONE', #3361, #2819 ) ;
#4725 = VERTEX_POINT ( 'NONE', #1874 ) ;
#4726 = COLOUR_RGB ( '',1.000000000000000000, 1.000000000000000000, 1.000000000000000000 ) ;
#4727 = DIRECTION ( 'NONE',  ( -0.0000000000000000000, -0.0000000000000000000, 1.000000000000000000 ) ) ;
#4728 = CARTESIAN_POINT ( 'NONE',  ( 0.2250000000000005900, -0.03999999999999999400, 0.1145751311064591400 ) ) ;
#4729 = EDGE_CURVE ( 'NONE', #1257, #3556, #1419, .T. ) ;
#4730 = CARTESIAN_POINT ( 'NONE',  ( 0.5999999999999998700, 0.1250000000000000000, 0.1145751311064590700 ) ) ;
#4731 = LINE ( 'NONE', #3036, #3784 ) ;
#4732 = ORIENTED_EDGE ( 'NONE', *, *, #4528, .T. ) ;
#4733 = CLOSED_SHELL ( 'NONE', ( #45, #1486, #2401, #1139, #1090, #3123 ) ) ;
ENDSEC;
END-ISO-10303-21;
