ISO-10303-21;
HEADER;
FILE_DESCRIPTION (( 'STEP AP214' ),
    '1' );
FILE_NAME ('HCM1A4020V2.STEP',
    '2020-08-26T14:23:25',
    ( '' ),
    ( '' ),
    'SwSTEP 2.0',
    'SolidWorks 2016',
    '' );
FILE_SCHEMA (( 'AUTOMOTIVE_DESIGN' ));
ENDSEC;

DATA;
#1 =( LENGTH_UNIT ( ) NAMED_UNIT ( * ) SI_UNIT ( .MILLI., .METRE. ) );
#2 = PRESENTATION_LAYER_ASSIGNMENT (  '', '', ( #2065 ) ) ;
#3 = CARTESIAN_POINT ( 'NONE',  ( -2.200000000000000600, 0.1500000000000023000, 1.000000000000000000 ) ) ;
#4 = VECTOR ( 'NONE', #1228, 1000.000000000000000 ) ;
#5 = PRESENTATION_STYLE_ASSIGNMENT (( #2206 ) ) ;
#6 = SURFACE_STYLE_USAGE ( .BOTH. , #355 ) ;
#7 = SURFACE_STYLE_USAGE ( .BOTH. , #916 ) ;
#8 = DIRECTION ( 'NONE',  ( 1.000000000000000000, -6.776263578034424900E-017, 0.0000000000000000000 ) ) ;
#9 = SURFACE_STYLE_USAGE ( .BOTH. , #2311 ) ;
#10 = EDGE_LOOP ( 'NONE', ( #822, #1924, #199, #1914 ) ) ;
#11 = ADVANCED_FACE ( 'NONE', ( #144 ), #2101, .T. ) ;
#12 = ORIENTED_EDGE ( 'NONE', *, *, #660, .T. ) ;
#13 = DIRECTION ( 'NONE',  ( 0.0000000000000000000, 2.710505431213760100E-016, -1.000000000000000000 ) ) ;
#14 = CARTESIAN_POINT ( 'NONE',  ( -2.200000000000000600, 2.882512403493081500E-015, 1.000000000000000000 ) ) ;
#15 = FILL_AREA_STYLE_COLOUR ( '', #2113 ) ;
#16 =( LENGTH_UNIT ( ) NAMED_UNIT ( * ) SI_UNIT ( .MILLI., .METRE. ) );
#17 =( GEOMETRIC_REPRESENTATION_CONTEXT ( 3 ) GLOBAL_UNCERTAINTY_ASSIGNED_CONTEXT ( ( #2027 ) ) GLOBAL_UNIT_ASSIGNED_CONTEXT ( ( #2080, #1359, #283 ) ) REPRESENTATION_CONTEXT ( 'NONE', 'WORKASPACE' ) );
#18 = FILL_AREA_STYLE ('',( #1808 ) ) ;
#19 = CIRCLE ( 'NONE', #1569, 0.2999999999999999300 ) ;
#20 = ORIENTED_EDGE ( 'NONE', *, *, #269, .T. ) ;
#21 = SURFACE_STYLE_FILL_AREA ( #1821 ) ;
#22 =( NAMED_UNIT ( * ) SI_UNIT ( $, .STERADIAN. ) SOLID_ANGLE_UNIT ( ) );
#23 =( NAMED_UNIT ( * ) PLANE_ANGLE_UNIT ( ) SI_UNIT ( $, .RADIAN. ) );
#24 = VECTOR ( 'NONE', #2135, 1000.000000000000000 ) ;
#25 = ADVANCED_FACE ( 'NONE', ( #67 ), #376, .T. ) ;
#26 = LINE ( 'NONE', #744, #1892 ) ;
#27 = UNCERTAINTY_MEASURE_WITH_UNIT (LENGTH_MEASURE( 1.000000000000000100E-005 ), #426, 'distance_accuracy_value', 'NONE');
#28 = DIRECTION ( 'NONE',  ( 0.0000000000000000000, 0.0000000000000000000, -1.000000000000000000 ) ) ;
#29 = FACE_OUTER_BOUND ( 'NONE', #595, .T. ) ;
#30 = ORIENTED_EDGE ( 'NONE', *, *, #898, .T. ) ;
#31 = DIRECTION ( 'NONE',  ( -0.7071067811865473500, 0.7071067811865477900, 0.0000000000000000000 ) ) ;
#32 = SURFACE_STYLE_FILL_AREA ( #136 ) ;
#33 = CARTESIAN_POINT ( 'NONE',  ( -1.700000000000000200, 0.09999999999999506500, -1.800000000000000500 ) ) ;
#34 = PRESENTATION_LAYER_ASSIGNMENT (  '', '', ( #1162 ) ) ;
#35 = EDGE_CURVE ( 'NONE', #2209, #472, #912, .T. ) ;
#36 = PRESENTATION_STYLE_ASSIGNMENT (( #1079 ) ) ;
#37 =( NAMED_UNIT ( * ) SI_UNIT ( $, .STERADIAN. ) SOLID_ANGLE_UNIT ( ) );
#38 =( GEOMETRIC_REPRESENTATION_CONTEXT ( 3 ) GLOBAL_UNCERTAINTY_ASSIGNED_CONTEXT ( ( #1895 ) ) GLOBAL_UNIT_ASSIGNED_CONTEXT ( ( #389, #1488, #1297 ) ) REPRESENTATION_CONTEXT ( 'NONE', 'WORKASPACE' ) );
#39 =( NAMED_UNIT ( * ) SI_UNIT ( $, .STERADIAN. ) SOLID_ANGLE_UNIT ( ) );
#40 = ORIENTED_EDGE ( 'NONE', *, *, #1207, .F. ) ;
#41 =( LENGTH_UNIT ( ) NAMED_UNIT ( * ) SI_UNIT ( .MILLI., .METRE. ) );
#42 = CIRCLE ( 'NONE', #2047, 0.2000000000000000400 ) ;
#43 =( LENGTH_UNIT ( ) NAMED_UNIT ( * ) SI_UNIT ( .MILLI., .METRE. ) );
#44 =( NAMED_UNIT ( * ) PLANE_ANGLE_UNIT ( ) SI_UNIT ( $, .RADIAN. ) );
#45 = DIRECTION ( 'NONE',  ( -0.0000000000000000000, -0.7071067811865474600, 0.7071067811865475700 ) ) ;
#46 = CARTESIAN_POINT ( 'NONE',  ( -2.200000000000000600, 1.300000000000002700, 0.1999999999999999000 ) ) ;
#47 = PRESENTATION_LAYER_ASSIGNMENT (  '', '', ( #469 ) ) ;
#48 = COLOUR_RGB ( '',1.000000000000000000, 1.000000000000000000, 1.000000000000000000 ) ;
#49 = AXIS2_PLACEMENT_3D ( 'NONE', #409, #1131, #769 ) ;
#50 = CIRCLE ( 'NONE', #699, 0.2999999999999999300 ) ;
#51 = ORIENTED_EDGE ( 'NONE', *, *, #1826, .T. ) ;
#52 = FACE_OUTER_BOUND ( 'NONE', #2337, .T. ) ;
#53 = DIRECTION ( 'NONE',  ( 3.295447332782686200E-017, 0.7071067811865475700, 0.7071067811865474600 ) ) ;
#54 = PRESENTATION_STYLE_ASSIGNMENT (( #576 ) ) ;
#55 = DIRECTION ( 'NONE',  ( 0.0000000000000000000, -0.0000000000000000000, 1.000000000000000000 ) ) ;
#56 = EDGE_CURVE ( 'NONE', #545, #808, #423, .T. ) ;
#57 = ORIENTED_EDGE ( 'NONE', *, *, #63, .F. ) ;
#58 =( LENGTH_UNIT ( ) NAMED_UNIT ( * ) SI_UNIT ( .MILLI., .METRE. ) );
#59 = ORIENTED_EDGE ( 'NONE', *, *, #2057, .F. ) ;
#60 = FILL_AREA_STYLE_COLOUR ( '', #454 ) ;
#61 = DIRECTION ( 'NONE',  ( 0.0000000000000000000, 0.0000000000000000000, -1.000000000000000000 ) ) ;
#62 = SURFACE_STYLE_FILL_AREA ( #869 ) ;
#63 = EDGE_CURVE ( 'NONE', #1654, #190, #2129, .T. ) ;
#64 = DIRECTION ( 'NONE',  ( -0.0000000000000000000, 1.000000000000000000, -0.0000000000000000000 ) ) ;
#65 =( LENGTH_UNIT ( ) NAMED_UNIT ( * ) SI_UNIT ( .MILLI., .METRE. ) );
#66 = SURFACE_SIDE_STYLE ('',( #971 ) ) ;
#67 = FACE_OUTER_BOUND ( 'NONE', #1742, .T. ) ;
#68 = ORIENTED_EDGE ( 'NONE', *, *, #2286, .F. ) ;
#69 = PRESENTATION_LAYER_ASSIGNMENT (  '', '', ( #495 ) ) ;
#70 = EDGE_CURVE ( 'NONE', #949, #625, #2244, .T. ) ;
#71 = DIRECTION ( 'NONE',  ( 4.336808689942017700E-015, -1.000000000000000000, 0.0000000000000000000 ) ) ;
#72 = EDGE_CURVE ( 'NONE', #1818, #1703, #2077, .T. ) ;
#73 = VERTEX_POINT ( 'NONE', #1884 ) ;
#74 = VERTEX_POINT ( 'NONE', #2062 ) ;
#75 = DIRECTION ( 'NONE',  ( 0.0000000000000000000, -0.0000000000000000000, 1.000000000000000000 ) ) ;
#76 = VECTOR ( 'NONE', #1500, 1000.000000000000000 ) ;
#77 = ORIENTED_EDGE ( 'NONE', *, *, #1773, .F. ) ;
#78 = LINE ( 'NONE', #2071, #921 ) ;
#79 = PRESENTATION_LAYER_ASSIGNMENT (  '', '', ( #2214 ) ) ;
#80 = AXIS2_PLACEMENT_3D ( 'NONE', #712, #1801, #2013 ) ;
#81 = DIRECTION ( 'NONE',  ( -1.000000000000000000, 0.0000000000000000000, 0.0000000000000000000 ) ) ;
#82 = ORIENTED_EDGE ( 'NONE', *, *, #524, .T. ) ;
#83 = DIRECTION ( 'NONE',  ( -0.0000000000000000000, -1.000000000000000000, -0.0000000000000000000 ) ) ;
#84 = CARTESIAN_POINT ( 'NONE',  ( 0.9000000000000029100, 0.09999999999999464900, 1.299999999999999200 ) ) ;
#85 =( NAMED_UNIT ( * ) SI_UNIT ( $, .STERADIAN. ) SOLID_ANGLE_UNIT ( ) );
#86 = LINE ( 'NONE', #270, #1951 ) ;
#87 = FACE_OUTER_BOUND ( 'NONE', #599, .T. ) ;
#88 = LINE ( 'NONE', #1931, #4 ) ;
#89 = CARTESIAN_POINT ( 'NONE',  ( 2.000000000000003600, 0.1999999999999946300, 1.199999999999999700 ) ) ;
#90 = MECHANICAL_DESIGN_GEOMETRIC_PRESENTATION_REPRESENTATION (  '', ( #495 ), #1477 ) ;
#91 = ORIENTED_EDGE ( 'NONE', *, *, #622, .T. ) ;
#92 = FILL_AREA_STYLE ('',( #998 ) ) ;
#93 = AXIS2_PLACEMENT_3D ( 'NONE', #2048, #64, #237 ) ;
#94 = UNCERTAINTY_MEASURE_WITH_UNIT (LENGTH_MEASURE( 1.000000000000000100E-005 ), #1185, 'distance_accuracy_value', 'NONE');
#95 = VECTOR ( 'NONE', #2052, 1000.000000000000000 ) ;
#96 = DIRECTION ( 'NONE',  ( 0.0000000000000000000, 0.0000000000000000000, -1.000000000000000000 ) ) ;
#97 = CARTESIAN_POINT ( 'NONE',  ( -1.399999999999999500, 0.1999999999999999000, 1.000000000000000000 ) ) ;
#98 = FILL_AREA_STYLE_COLOUR ( '', #675 ) ;
#99 = LINE ( 'NONE', #2265, #601 ) ;
#100 = ORIENTED_EDGE ( 'NONE', *, *, #2211, .T. ) ;
#101 = PLANE ( 'NONE',  #1108 ) ;
#102 = EDGE_CURVE ( 'NONE', #1654, #1764, #1413, .T. ) ;
#103 = DIRECTION ( 'NONE',  ( 1.000000000000000000, 3.725605184281085300E-015, 0.0000000000000000000 ) ) ;
#104 = UNCERTAINTY_MEASURE_WITH_UNIT (LENGTH_MEASURE( 1.000000000000000100E-005 ), #1615, 'distance_accuracy_value', 'NONE');
#105 = AXIS2_PLACEMENT_3D ( 'NONE', #922, #1675, #208 ) ;
#106 = VERTEX_POINT ( 'NONE', #1157 ) ;
#107 = SURFACE_SIDE_STYLE ('',( #229 ) ) ;
#108 = ORIENTED_EDGE ( 'NONE', *, *, #465, .T. ) ;
#109 =( NAMED_UNIT ( * ) SI_UNIT ( $, .STERADIAN. ) SOLID_ANGLE_UNIT ( ) );
#110 = DIRECTION ( 'NONE',  ( 0.0000000000000000000, 0.0000000000000000000, -1.000000000000000000 ) ) ;
#111 = EDGE_CURVE ( 'NONE', #2111, #1829, #42, .T. ) ;
#112 = EDGE_CURVE ( 'NONE', #1146, #1985, #2316, .T. ) ;
#113 = ORIENTED_EDGE ( 'NONE', *, *, #1400, .F. ) ;
#114 = DIRECTION ( 'NONE',  ( 0.0000000000000000000, 1.000000000000000000, 2.710505431213760100E-016 ) ) ;
#115 =( NAMED_UNIT ( * ) PLANE_ANGLE_UNIT ( ) SI_UNIT ( $, .RADIAN. ) );
#116 = ORIENTED_EDGE ( 'NONE', *, *, #1609, .T. ) ;
#117 = MECHANICAL_DESIGN_GEOMETRIC_PRESENTATION_REPRESENTATION (  '', ( #247 ), #569 ) ;
#118 = CARTESIAN_POINT ( 'NONE',  ( -2.200000000000000600, 0.1500000000000023000, -1.000000000000000000 ) ) ;
#119 = MECHANICAL_DESIGN_GEOMETRIC_PRESENTATION_REPRESENTATION (  '', ( #311 ), #249 ) ;
#120 = ORIENTED_EDGE ( 'NONE', *, *, #1381, .F. ) ;
#121 = VERTEX_POINT ( 'NONE', #2236 ) ;
#122 = CARTESIAN_POINT ( 'NONE',  ( 1.700000000000003500, -5.600000000000007600, -2.100000000000000100 ) ) ;
#123 = DIRECTION ( 'NONE',  ( 0.0000000000000000000, 1.000000000000000000, 0.0000000000000000000 ) ) ;
#124 = VERTEX_POINT ( 'NONE', #428 ) ;
#125 = CARTESIAN_POINT ( 'NONE',  ( -0.7999999999999996000, 0.1999999999999941300, -1.099999999999997900 ) ) ;
#126 = CYLINDRICAL_SURFACE ( 'NONE', #802, 0.2999999999999999300 ) ;
#127 = VECTOR ( 'NONE', #1868, 1000.000000000000000 ) ;
#128 = VERTEX_POINT ( 'NONE', #2076 ) ;
#129 = PRESENTATION_STYLE_ASSIGNMENT (( #9 ) ) ;
#130 = DIRECTION ( 'NONE',  ( -0.0000000000000000000, -1.000000000000000000, -0.0000000000000000000 ) ) ;
#131 =( GEOMETRIC_REPRESENTATION_CONTEXT ( 3 ) GLOBAL_UNCERTAINTY_ASSIGNED_CONTEXT ( ( #1858 ) ) GLOBAL_UNIT_ASSIGNED_CONTEXT ( ( #1750, #1554, #109 ) ) REPRESENTATION_CONTEXT ( 'NONE', 'WORKASPACE' ) );
#132 = UNCERTAINTY_MEASURE_WITH_UNIT (LENGTH_MEASURE( 1.000000000000000100E-005 ), #1127, 'distance_accuracy_value', 'NONE');
#133 = CARTESIAN_POINT ( 'NONE',  ( -1.700000000000000200, -5.600000000000007600, 2.100000000000000100 ) ) ;
#134 = CARTESIAN_POINT ( 'NONE',  ( -2.200000000000000600, 1.300000000000002700, 0.1999999999999999000 ) ) ;
#135 = EDGE_LOOP ( 'NONE', ( #598, #1853, #1721, #1227, #2043, #254, #1091, #2169, #550, #1487, #116, #1897, #188, #1194, #1551, #30 ) ) ;
#136 = FILL_AREA_STYLE ('',( #855 ) ) ;
#137 = PLANE ( 'NONE',  #231 ) ;
#138 =( NAMED_UNIT ( * ) PLANE_ANGLE_UNIT ( ) SI_UNIT ( $, .RADIAN. ) );
#139 = CARTESIAN_POINT ( 'NONE',  ( -1.700000000000000200, -5.600000000000007600, -1.800000000000000500 ) ) ;
#140 = AXIS2_PLACEMENT_3D ( 'NONE', #651, #2300, #1784 ) ;
#141 = ORIENTED_EDGE ( 'NONE', *, *, #961, .T. ) ;
#142 = EDGE_CURVE ( 'NONE', #2008, #2051, #939, .T. ) ;
#143 = DIRECTION ( 'NONE',  ( -1.000000000000000000, 0.0000000000000000000, 0.0000000000000000000 ) ) ;
#144 = FACE_OUTER_BOUND ( 'NONE', #1318, .T. ) ;
#145 = FILL_AREA_STYLE ('',( #492 ) ) ;
#146 = ORIENTED_EDGE ( 'NONE', *, *, #1516, .F. ) ;
#147 = MECHANICAL_DESIGN_GEOMETRIC_PRESENTATION_REPRESENTATION (  '', ( #1589 ), #1716 ) ;
#148 = DIRECTION ( 'NONE',  ( -1.000000000000000000, 0.0000000000000000000, 0.0000000000000000000 ) ) ;
#149 = DIRECTION ( 'NONE',  ( -0.0000000000000000000, -0.0000000000000000000, 1.000000000000000000 ) ) ;
#150 = PRESENTATION_STYLE_ASSIGNMENT (( #1099 ) ) ;
#151 = VECTOR ( 'NONE', #300, 1000.000000000000000 ) ;
#152 = VECTOR ( 'NONE', #1793, 1000.000000000000000 ) ;
#153 =( LENGTH_UNIT ( ) NAMED_UNIT ( * ) SI_UNIT ( .MILLI., .METRE. ) );
#154 = DIRECTION ( 'NONE',  ( 0.0000000000000000000, 0.0000000000000000000, 1.000000000000000000 ) ) ;
#155 = COLOUR_RGB ( '',0.5019607843137254800, 0.5019607843137254800, 0.5019607843137254800 ) ;
#156 = CARTESIAN_POINT ( 'NONE',  ( -2.200000000000000600, 1.300000000000002700, -1.355252715606880500E-016 ) ) ;
#157 = ORIENTED_EDGE ( 'NONE', *, *, #2164, .F. ) ;
#158 = CYLINDRICAL_SURFACE ( 'NONE', #1709, 0.1499999999999999700 ) ;
#159 =( NAMED_UNIT ( * ) PLANE_ANGLE_UNIT ( ) SI_UNIT ( $, .RADIAN. ) );
#160 = ADVANCED_FACE ( 'NONE', ( #447 ), #2259, .T. ) ;
#161 = VERTEX_POINT ( 'NONE', #2095 ) ;
#162 = AXIS2_PLACEMENT_3D ( 'NONE', #2262, #1719, #795 ) ;
#163 = CARTESIAN_POINT ( 'NONE',  ( -2.200000000000000600, 1.300000000000002700, -0.2000000000000001500 ) ) ;
#164 = AXIS2_PLACEMENT_3D ( 'NONE', #1690, #55, #749 ) ;
#165 = PLANE ( 'NONE',  #2231 ) ;
#166 =( LENGTH_UNIT ( ) NAMED_UNIT ( * ) SI_UNIT ( .MILLI., .METRE. ) );
#167 = COLOUR_RGB ( '',0.5019607843137254800, 0.5019607843137254800, 0.5019607843137254800 ) ;
#168 = DIRECTION ( 'NONE',  ( 1.000000000000000000, -4.517509052022936000E-017, 0.0000000000000000000 ) ) ;
#169 = EDGE_CURVE ( 'NONE', #170, #1517, #788, .T. ) ;
#170 = VERTEX_POINT ( 'NONE', #812 ) ;
#171 = CARTESIAN_POINT ( 'NONE',  ( 2.199999999999999700, 1.350000000000003000, 1.000000000000000000 ) ) ;
#172 =( NAMED_UNIT ( * ) SI_UNIT ( $, .STERADIAN. ) SOLID_ANGLE_UNIT ( ) );
#173 = DIRECTION ( 'NONE',  ( 0.0000000000000000000, 0.0000000000000000000, 1.000000000000000000 ) ) ;
#174 = ADVANCED_FACE ( 'NONE', ( #1900 ), #983, .T. ) ;
#175 = DIRECTION ( 'NONE',  ( 1.000000000000000000, 0.0000000000000000000, 0.0000000000000000000 ) ) ;
#176 = UNCERTAINTY_MEASURE_WITH_UNIT (LENGTH_MEASURE( 1.000000000000000100E-005 ), #2012, 'distance_accuracy_value', 'NONE');
#177 = VERTEX_POINT ( 'NONE', #438 ) ;
#178 = SURFACE_STYLE_USAGE ( .BOTH. , #1167 ) ;
#179 = EDGE_CURVE ( 'NONE', #512, #1687, #86, .T. ) ;
#180 = PLANE ( 'NONE',  #1458 ) ;
#181 = ORIENTED_EDGE ( 'NONE', *, *, #329, .T. ) ;
#182 =( NAMED_UNIT ( * ) SI_UNIT ( $, .STERADIAN. ) SOLID_ANGLE_UNIT ( ) );
#183 = DIRECTION ( 'NONE',  ( 1.000000000000000000, -3.725605184281085300E-015, 0.0000000000000000000 ) ) ;
#184 =( LENGTH_UNIT ( ) NAMED_UNIT ( * ) SI_UNIT ( .MILLI., .METRE. ) );
#185 = DIRECTION ( 'NONE',  ( 0.0000000000000000000, 2.710505431213760100E-016, -1.000000000000000000 ) ) ;
#186 = CARTESIAN_POINT ( 'NONE',  ( 1.700000000000003500, 1.800000000000000000, -2.100000000000000100 ) ) ;
#187 = VECTOR ( 'NONE', #835, 1000.000000000000000 ) ;
#188 = ORIENTED_EDGE ( 'NONE', *, *, #593, .T. ) ;
#189 = PRESENTATION_STYLE_ASSIGNMENT (( #398 ) ) ;
#190 = VERTEX_POINT ( 'NONE', #1201 ) ;
#191 =( NAMED_UNIT ( * ) SI_UNIT ( $, .STERADIAN. ) SOLID_ANGLE_UNIT ( ) );
#192 = COLOUR_RGB ( '',1.000000000000000000, 1.000000000000000000, 1.000000000000000000 ) ;
#193 = ADVANCED_FACE ( 'NONE', ( #981 ), #1925, .T. ) ;
#194 = DIRECTION ( 'NONE',  ( 1.000000000000000000, 0.0000000000000000000, 0.0000000000000000000 ) ) ;
#195 = PRESENTATION_LAYER_ASSIGNMENT (  '', '', ( #655 ) ) ;
#196 = DIRECTION ( 'NONE',  ( 0.0000000000000000000, 0.0000000000000000000, -1.000000000000000000 ) ) ;
#197 = EDGE_CURVE ( 'NONE', #731, #1133, #1819, .T. ) ;
#198 =( GEOMETRIC_REPRESENTATION_CONTEXT ( 3 ) GLOBAL_UNCERTAINTY_ASSIGNED_CONTEXT ( ( #943 ) ) GLOBAL_UNIT_ASSIGNED_CONTEXT ( ( #327, #1963, #664 ) ) REPRESENTATION_CONTEXT ( 'NONE', 'WORKASPACE' ) );
#199 = ORIENTED_EDGE ( 'NONE', *, *, #1746, .T. ) ;
#200 = EDGE_CURVE ( 'NONE', #2204, #716, #390, .T. ) ;
#201 = FILL_AREA_STYLE ('',( #380 ) ) ;
#202 = VERTEX_POINT ( 'NONE', #2313 ) ;
#203 = STYLED_ITEM ( 'NONE', ( #720 ), #1257 ) ;
#204 = AXIS2_PLACEMENT_3D ( 'NONE', #205, #547, #183 ) ;
#205 = CARTESIAN_POINT ( 'NONE',  ( -1.400000000000000100, -9.797174393178811400E-017, 1.000000000000000000 ) ) ;
#206 = VECTOR ( 'NONE', #1062, 1000.000000000000000 ) ;
#207 = FILL_AREA_STYLE ('',( #1662 ) ) ;
#208 = DIRECTION ( 'NONE',  ( 0.0000000000000000000, 0.0000000000000000000, 1.000000000000000000 ) ) ;
#209 = ORIENTED_EDGE ( 'NONE', *, *, #111, .F. ) ;
#210 = PLANE ( 'NONE',  #1873 ) ;
#211 = VECTOR ( 'NONE', #2069, 1000.000000000000000 ) ;
#212 = ADVANCED_FACE ( 'NONE', ( #412 ), #475, .T. ) ;
#213 = AXIS2_PLACEMENT_3D ( 'NONE', #1283, #1641, #1291 ) ;
#214 = FILL_AREA_STYLE_COLOUR ( '', #1471 ) ;
#215 =( GEOMETRIC_REPRESENTATION_CONTEXT ( 3 ) GLOBAL_UNCERTAINTY_ASSIGNED_CONTEXT ( ( #449 ) ) GLOBAL_UNIT_ASSIGNED_CONTEXT ( ( #184, #1276, #340 ) ) REPRESENTATION_CONTEXT ( 'NONE', 'WORKASPACE' ) );
#216 = SURFACE_STYLE_FILL_AREA ( #1085 ) ;
#217 = CARTESIAN_POINT ( 'NONE',  ( -2.000000000000000000, 1.300000000000002700, -0.2000000000000001500 ) ) ;
#218 = CARTESIAN_POINT ( 'NONE',  ( 9.320932624214786700E-018, 0.1999999999999947100, -1.199999999999998000 ) ) ;
#219 = LINE ( 'NONE', #1346, #1968 ) ;
#220 = VECTOR ( 'NONE', #652, 1000.000000000000100 ) ;
#221 = ORIENTED_EDGE ( 'NONE', *, *, #2268, .F. ) ;
#222 = EDGE_CURVE ( 'NONE', #731, #512, #277, .T. ) ;
#223 =( NAMED_UNIT ( * ) PLANE_ANGLE_UNIT ( ) SI_UNIT ( $, .RADIAN. ) );
#224 = PRESENTATION_STYLE_ASSIGNMENT (( #1406 ) ) ;
#225 = CARTESIAN_POINT ( 'NONE',  ( 9.550885876906965200E-018, 0.1999999999999940700, 1.199999999999999700 ) ) ;
#226 = DIRECTION ( 'NONE',  ( -4.660466312107517100E-017, -1.000000000000000000, 0.0000000000000000000 ) ) ;
#227 = AXIS2_PLACEMENT_3D ( 'NONE', #316, #1795, #1976 ) ;
#228 = EDGE_CURVE ( 'NONE', #545, #1957, #1310, .T. ) ;
#229 = SURFACE_STYLE_FILL_AREA ( #2267 ) ;
#230 = DIRECTION ( 'NONE',  ( -0.0000000000000000000, -1.000000000000000000, -0.0000000000000000000 ) ) ;
#231 = AXIS2_PLACEMENT_3D ( 'NONE', #1199, #2205, #71 ) ;
#232 = ORIENTED_EDGE ( 'NONE', *, *, #72, .F. ) ;
#233 = ORIENTED_EDGE ( 'NONE', *, *, #836, .T. ) ;
#234 = CARTESIAN_POINT ( 'NONE',  ( -0.7000000000000001800, 0.09999999999999471800, -1.099999999999997900 ) ) ;
#235 =( NAMED_UNIT ( * ) SI_UNIT ( $, .STERADIAN. ) SOLID_ANGLE_UNIT ( ) );
#236 = DIRECTION ( 'NONE',  ( 0.0000000000000000000, 0.0000000000000000000, 1.000000000000000000 ) ) ;
#237 = DIRECTION ( 'NONE',  ( 0.0000000000000000000, 0.0000000000000000000, -1.000000000000000000 ) ) ;
#238 = ORIENTED_EDGE ( 'NONE', *, *, #593, .F. ) ;
#239 = ORIENTED_EDGE ( 'NONE', *, *, #2097, .T. ) ;
#240 = EDGE_CURVE ( 'NONE', #1870, #2334, #762, .T. ) ;
#241 = SURFACE_SIDE_STYLE ('',( #1926 ) ) ;
#242 = EDGE_CURVE ( 'NONE', #900, #2242, #1243, .T. ) ;
#243 = ORIENTED_EDGE ( 'NONE', *, *, #826, .F. ) ;
#244 = SURFACE_SIDE_STYLE ('',( #379 ) ) ;
#245 =( NAMED_UNIT ( * ) SI_UNIT ( $, .STERADIAN. ) SOLID_ANGLE_UNIT ( ) );
#246 = SURFACE_STYLE_FILL_AREA ( #335 ) ;
#247 = STYLED_ITEM ( 'NONE', ( #1271 ), #1659 ) ;
#248 = EDGE_LOOP ( 'NONE', ( #1974, #1550, #1936, #373 ) ) ;
#249 =( GEOMETRIC_REPRESENTATION_CONTEXT ( 3 ) GLOBAL_UNCERTAINTY_ASSIGNED_CONTEXT ( ( #1552 ) ) GLOBAL_UNIT_ASSIGNED_CONTEXT ( ( #16, #23, #1474 ) ) REPRESENTATION_CONTEXT ( 'NONE', 'WORKASPACE' ) );
#250 = EDGE_LOOP ( 'NONE', ( #1138, #729, #2243, #987 ) ) ;
#251 = LINE ( 'NONE', #1098, #1526 ) ;
#252 =( NAMED_UNIT ( * ) SI_UNIT ( $, .STERADIAN. ) SOLID_ANGLE_UNIT ( ) );
#253 = CARTESIAN_POINT ( 'NONE',  ( 2.000000000000003600, 1.500000000000002900, -0.9999999999999995600 ) ) ;
#254 = ORIENTED_EDGE ( 'NONE', *, *, #1917, .F. ) ;
#255 = EDGE_LOOP ( 'NONE', ( #542, #1661, #602, #2255 ) ) ;
#256 = FACE_OUTER_BOUND ( 'NONE', #1150, .T. ) ;
#257 = DIRECTION ( 'NONE',  ( -3.295447332782686200E-017, -0.7071067811865475700, -0.7071067811865474600 ) ) ;
#258 = MECHANICAL_DESIGN_GEOMETRIC_PRESENTATION_REPRESENTATION (  '', ( #303 ), #2128 ) ;
#259 = CARTESIAN_POINT ( 'NONE',  ( 1.884174185206336100E-015, 0.09999999999999469000, -1.299999999999998500 ) ) ;
#260 = DIRECTION ( 'NONE',  ( -0.0000000000000000000, -0.0000000000000000000, -1.000000000000000000 ) ) ;
#261 = ORIENTED_EDGE ( 'NONE', *, *, #1622, .T. ) ;
#262 = CARTESIAN_POINT ( 'NONE',  ( 0.9000000000000029100, 0.09999999999999464900, -1.099999999999997600 ) ) ;
#263 = CARTESIAN_POINT ( 'NONE',  ( 4.890419564799477100E-018, 0.09999999999999469000, 1.299999999999999200 ) ) ;
#264 = CARTESIAN_POINT ( 'NONE',  ( 1.399999999999999200, 0.1999999999999999000, 1.000000000000000000 ) ) ;
#265 = CARTESIAN_POINT ( 'NONE',  ( -2.000000000000000000, 1.300000000000002700, -0.2000000000000001800 ) ) ;
#266 = PRESENTATION_LAYER_ASSIGNMENT (  '', '', ( #1664 ) ) ;
#267 =( GEOMETRIC_REPRESENTATION_CONTEXT ( 3 ) GLOBAL_UNCERTAINTY_ASSIGNED_CONTEXT ( ( #442 ) ) GLOBAL_UNIT_ASSIGNED_CONTEXT ( ( #1281, #2173, #1817 ) ) REPRESENTATION_CONTEXT ( 'NONE', 'WORKASPACE' ) );
#268 =( NAMED_UNIT ( * ) PLANE_ANGLE_UNIT ( ) SI_UNIT ( $, .RADIAN. ) );
#269 = EDGE_CURVE ( 'NONE', #1829, #1003, #657, .T. ) ;
#270 = CARTESIAN_POINT ( 'NONE',  ( -2.050000000000001200, 2.323671625850920400E-015, 1.000000000000000000 ) ) ;
#271 = FACE_OUTER_BOUND ( 'NONE', #1476, .T. ) ;
#272 = VECTOR ( 'NONE', #149, 1000.000000000000000 ) ;
#273 = ORIENTED_EDGE ( 'NONE', *, *, #1746, .F. ) ;
#274 = VECTOR ( 'NONE', #1802, 1000.000000000000000 ) ;
#275 = CARTESIAN_POINT ( 'NONE',  ( -0.8999999999999996900, 0.1999999999999947400, -1.199999999999998000 ) ) ;
#276 = DIRECTION ( 'NONE',  ( -4.660466312107517100E-017, -1.000000000000000000, 0.0000000000000000000 ) ) ;
#277 = CIRCLE ( 'NONE', #737, 0.1499999999999999700 ) ;
#278 = UNCERTAINTY_MEASURE_WITH_UNIT (LENGTH_MEASURE( 1.000000000000000100E-005 ), #1064, 'distance_accuracy_value', 'NONE');
#279 = COLOUR_RGB ( '',0.7921568627450980000, 0.8196078431372548800, 0.9333333333333333500 ) ;
#280 = EDGE_LOOP ( 'NONE', ( #920, #489, #560, #1219 ) ) ;
#281 = CARTESIAN_POINT ( 'NONE',  ( -2.000000000000000000, 1.800000000000000000, -2.100000000000000100 ) ) ;
#282 = VERTEX_POINT ( 'NONE', #1231 ) ;
#283 =( NAMED_UNIT ( * ) SI_UNIT ( $, .STERADIAN. ) SOLID_ANGLE_UNIT ( ) );
#284 = PRESENTATION_LAYER_ASSIGNMENT (  '', '', ( #1313 ) ) ;
#285 = PRESENTATION_LAYER_ASSIGNMENT (  '', '', ( #517 ) ) ;
#286 = CARTESIAN_POINT ( 'NONE',  ( 2.000000000000003600, 1.500000000000002900, 1.000000000000000000 ) ) ;
#287 = PRESENTATION_STYLE_ASSIGNMENT (( #2046 ) ) ;
#288 = EDGE_CURVE ( 'NONE', #1628, #653, #2309, .T. ) ;
#289 = DIRECTION ( 'NONE',  ( 1.000000000000000000, -4.660466312107517100E-017, 0.0000000000000000000 ) ) ;
#290 = ORIENTED_EDGE ( 'NONE', *, *, #1381, .T. ) ;
#291 = DIRECTION ( 'NONE',  ( 0.0000000000000000000, -0.0000000000000000000, -1.000000000000000000 ) ) ;
#292 = LINE ( 'NONE', #1217, #151 ) ;
#293 = VERTEX_POINT ( 'NONE', #1777 ) ;
#294 = DIRECTION ( 'NONE',  ( 1.000000000000000000, -0.0000000000000000000, -0.0000000000000000000 ) ) ;
#295 = CARTESIAN_POINT ( 'NONE',  ( -1.700000000000000200, 1.799999999999999600, 1.800000000000000500 ) ) ;
#296 = CARTESIAN_POINT ( 'NONE',  ( 1.700000000000003500, 1.799999999999999600, 1.800000000000000500 ) ) ;
#297 = ORIENTED_EDGE ( 'NONE', *, *, #1987, .T. ) ;
#298 = ORIENTED_EDGE ( 'NONE', *, *, #228, .T. ) ;
#299 = PRESENTATION_STYLE_ASSIGNMENT (( #1367 ) ) ;
#300 = DIRECTION ( 'NONE',  ( -0.0000000000000000000, -0.0000000000000000000, -1.000000000000000000 ) ) ;
#301 = CIRCLE ( 'NONE', #844, 0.2999999999999999300 ) ;
#302 = LINE ( 'NONE', #491, #587 ) ;
#303 = STYLED_ITEM ( 'NONE', ( #1714 ), #212 ) ;
#304 = EDGE_CURVE ( 'NONE', #1006, #536, #302, .T. ) ;
#305 = MECHANICAL_DESIGN_GEOMETRIC_PRESENTATION_REPRESENTATION (  '', ( #555 ), #267 ) ;
#306 = EDGE_CURVE ( 'NONE', #1344, #1315, #1657, .T. ) ;
#307 = CARTESIAN_POINT ( 'NONE',  ( 0.0000000000000000000, 0.0000000000000000000, -1.000000000000000000 ) ) ;
#308 = ORIENTED_EDGE ( 'NONE', *, *, #524, .F. ) ;
#309 = CARTESIAN_POINT ( 'NONE',  ( 1.700000000000003500, -5.600000000000007600, 2.100000000000000100 ) ) ;
#310 = PRESENTATION_LAYER_ASSIGNMENT (  '', '', ( #2187 ) ) ;
#311 = STYLED_ITEM ( 'NONE', ( #150 ), #883 ) ;
#312 = EDGE_LOOP ( 'NONE', ( #992, #1485, #1949, #1689, #1018 ) ) ;
#313 = SURFACE_STYLE_USAGE ( .BOTH. , #1401 ) ;
#314 = CARTESIAN_POINT ( 'NONE',  ( 0.9000000000000029100, 0.09999999999999464900, 1.099999999999999600 ) ) ;
#315 = CARTESIAN_POINT ( 'NONE',  ( 1.400000000000000100, -9.797174393178811400E-017, 1.000000000000000000 ) ) ;
#316 = CARTESIAN_POINT ( 'NONE',  ( 0.0000000000000000000, 0.0000000000000000000, 0.0000000000000000000 ) ) ;
#317 = COLOUR_RGB ( '',0.5019607843137254800, 0.5019607843137254800, 0.5019607843137254800 ) ;
#318 = LINE ( 'NONE', #403, #2195 ) ;
#319 = LINE ( 'NONE', #1008, #2196 ) ;
#320 = VECTOR ( 'NONE', #733, 1000.000000000000000 ) ;
#321 = ORIENTED_EDGE ( 'NONE', *, *, #684, .F. ) ;
#322 = PRESENTATION_STYLE_ASSIGNMENT (( #178 ) ) ;
#323 = AXIS2_PLACEMENT_3D ( 'NONE', #163, #13, #1459 ) ;
#324 = DIRECTION ( 'NONE',  ( -1.000000000000000000, 0.0000000000000000000, 0.0000000000000000000 ) ) ;
#325 = CARTESIAN_POINT ( 'NONE',  ( 1.999999999999999600, 1.500000000000002700, -1.000000000000000000 ) ) ;
#326 = ORIENTED_EDGE ( 'NONE', *, *, #1209, .F. ) ;
#327 =( LENGTH_UNIT ( ) NAMED_UNIT ( * ) SI_UNIT ( .MILLI., .METRE. ) );
#328 = VECTOR ( 'NONE', #1050, 1000.000000000000000 ) ;
#329 = EDGE_CURVE ( 'NONE', #431, #1344, #1718, .T. ) ;
#330 = LINE ( 'NONE', #281, #1010 ) ;
#331 = DIRECTION ( 'NONE',  ( 0.0000000000000000000, 0.0000000000000000000, 1.000000000000000000 ) ) ;
#332 = ORIENTED_EDGE ( 'NONE', *, *, #1864, .F. ) ;
#333 = LINE ( 'NONE', #1417, #633 ) ;
#334 =( NAMED_UNIT ( * ) PLANE_ANGLE_UNIT ( ) SI_UNIT ( $, .RADIAN. ) );
#335 = FILL_AREA_STYLE ('',( #98 ) ) ;
#336 = EDGE_LOOP ( 'NONE', ( #1334, #667, #1066, #1205 ) ) ;
#337 = STYLED_ITEM ( 'NONE', ( #1056 ), #2324 ) ;
#338 = EDGE_CURVE ( 'NONE', #525, #2237, #1160, .T. ) ;
#339 = CARTESIAN_POINT ( 'NONE',  ( -2.200000000000000600, 1.500000000000002900, 1.000000000000000000 ) ) ;
#340 =( NAMED_UNIT ( * ) SI_UNIT ( $, .STERADIAN. ) SOLID_ANGLE_UNIT ( ) );
#341 = AXIS2_PLACEMENT_3D ( 'NONE', #1855, #1484, #567 ) ;
#342 = CARTESIAN_POINT ( 'NONE',  ( -2.000000000000000000, 0.1999999999999947700, 1.199999999999999700 ) ) ;
#343 = CARTESIAN_POINT ( 'NONE',  ( 2.049999999999999800, 1.350000000000003000, 0.1999999999999998700 ) ) ;
#344 = ORIENTED_EDGE ( 'NONE', *, *, #1004, .T. ) ;
#345 = UNCERTAINTY_MEASURE_WITH_UNIT (LENGTH_MEASURE( 1.000000000000000100E-005 ), #41, 'distance_accuracy_value', 'NONE');
#346 = ORIENTED_EDGE ( 'NONE', *, *, #1864, .T. ) ;
#347 = CARTESIAN_POINT ( 'NONE',  ( 0.9000000000000029100, 0.09999999999999464900, 1.299999999999999200 ) ) ;
#348 = DIRECTION ( 'NONE',  ( 1.000000000000000000, -4.660466312107517100E-017, 0.0000000000000000000 ) ) ;
#349 = ADVANCED_FACE ( 'NONE', ( #690 ), #484, .T. ) ;
#350 = PRESENTATION_STYLE_ASSIGNMENT (( #688 ) ) ;
#351 = VECTOR ( 'NONE', #377, 1000.000000000000000 ) ;
#352 = DIRECTION ( 'NONE',  ( -0.0000000000000000000, 0.0000000000000000000, -1.000000000000000000 ) ) ;
#353 = SURFACE_STYLE_USAGE ( .BOTH. , #1284 ) ;
#354 = VECTOR ( 'NONE', #955, 1000.000000000000000 ) ;
#355 = SURFACE_SIDE_STYLE ('',( #1842 ) ) ;
#356 = ORIENTED_EDGE ( 'NONE', *, *, #2284, .F. ) ;
#357 = EDGE_CURVE ( 'NONE', #1023, #106, #1954, .T. ) ;
#358 = CARTESIAN_POINT ( 'NONE',  ( -1.400000000000000100, -9.797174393178811400E-017, 1.000000000000000000 ) ) ;
#359 = ORIENTED_EDGE ( 'NONE', *, *, #778, .T. ) ;
#360 = PRESENTATION_LAYER_ASSIGNMENT (  '', '', ( #1727 ) ) ;
#361 = MECHANICAL_DESIGN_GEOMETRIC_PRESENTATION_REPRESENTATION (  '', ( #401 ), #1407 ) ;
#362 = PLANE ( 'NONE',  #1943 ) ;
#363 = CARTESIAN_POINT ( 'NONE',  ( -2.000000000000000400, 2.882512403493081500E-015, 1.000000000000000000 ) ) ;
#364 = CARTESIAN_POINT ( 'NONE',  ( 1.700000000000003500, -5.600000000000007600, -1.800000000000000500 ) ) ;
#365 = ORIENTED_EDGE ( 'NONE', *, *, #2021, .T. ) ;
#366 = ADVANCED_FACE ( 'NONE', ( #1850 ), #913, .F. ) ;
#367 = VECTOR ( 'NONE', #2252, 1000.000000000000000 ) ;
#368 = COLOUR_RGB ( '',1.000000000000000000, 1.000000000000000000, 1.000000000000000000 ) ;
#369 = CARTESIAN_POINT ( 'NONE',  ( 1.700000000000003500, 0.09999999999999506500, -1.800000000000000500 ) ) ;
#370 = FILL_AREA_STYLE_COLOUR ( '', #279 ) ;
#371 =( NAMED_UNIT ( * ) PLANE_ANGLE_UNIT ( ) SI_UNIT ( $, .RADIAN. ) );
#372 = VERTEX_POINT ( 'NONE', #2157 ) ;
#373 = ORIENTED_EDGE ( 'NONE', *, *, #2277, .T. ) ;
#374 = PRESENTATION_LAYER_ASSIGNMENT (  '', '', ( #303 ) ) ;
#375 =( NAMED_UNIT ( * ) PLANE_ANGLE_UNIT ( ) SI_UNIT ( $, .RADIAN. ) );
#376 = CYLINDRICAL_SURFACE ( 'NONE', #1296, 0.1499999999999999700 ) ;
#377 = DIRECTION ( 'NONE',  ( -0.0000000000000000000, 1.000000000000000000, 0.0000000000000000000 ) ) ;
#378 = EDGE_LOOP ( 'NONE', ( #1009, #1269, #2105, #1282, #233 ) ) ;
#379 = SURFACE_STYLE_FILL_AREA ( #573 ) ;
#380 = FILL_AREA_STYLE_COLOUR ( '', #1481 ) ;
#381 = ORIENTED_EDGE ( 'NONE', *, *, #1706, .T. ) ;
#382 = SURFACE_STYLE_USAGE ( .BOTH. , #1308 ) ;
#383 = STYLED_ITEM ( 'NONE', ( #2092 ), #366 ) ;
#384 = VECTOR ( 'NONE', #230, 1000.000000000000000 ) ;
#385 = CARTESIAN_POINT ( 'NONE',  ( 2.199999999999999700, 0.2000000000000028700, 1.000000000000000000 ) ) ;
#386 = PRESENTATION_LAYER_ASSIGNMENT (  '', '', ( #793 ) ) ;
#387 = ORIENTED_EDGE ( 'NONE', *, *, #169, .F. ) ;
#388 = MECHANICAL_DESIGN_GEOMETRIC_PRESENTATION_REPRESENTATION (  '', ( #1037 ), #1857 ) ;
#389 =( LENGTH_UNIT ( ) NAMED_UNIT ( * ) SI_UNIT ( .MILLI., .METRE. ) );
#390 = LINE ( 'NONE', #459, #1567 ) ;
#391 = STYLED_ITEM ( 'NONE', ( #1482 ), #1428 ) ;
#392 = CARTESIAN_POINT ( 'NONE',  ( 0.7000000000000036200, 0.09999999999999466300, -1.099999999999997600 ) ) ;
#393 = VECTOR ( 'NONE', #670, 1000.000000000000000 ) ;
#394 = DIRECTION ( 'NONE',  ( 0.0000000000000000000, 0.0000000000000000000, -1.000000000000000000 ) ) ;
#395 = EDGE_LOOP ( 'NONE', ( #108, #854, #359, #261, #1123, #1959, #346, #404, #51, #2303, #857, #141, #1363, #2266, #297, #1197, #2063, #1838, #298, #1920 ) ) ;
#396 = DIRECTION ( 'NONE',  ( 1.000000000000000000, -0.0000000000000000000, -0.0000000000000000000 ) ) ;
#397 = CARTESIAN_POINT ( 'NONE',  ( -2.000000000000000000, 0.09999999999999478800, -1.299999999999997400 ) ) ;
#398 = SURFACE_STYLE_USAGE ( .BOTH. , #244 ) ;
#399 = CARTESIAN_POINT ( 'NONE',  ( 2.049999999999999800, 1.500000000000002900, 1.000000000000000000 ) ) ;
#400 = VERTEX_POINT ( 'NONE', #1831 ) ;
#401 = STYLED_ITEM ( 'NONE', ( #433 ), #899 ) ;
#402 = FACE_OUTER_BOUND ( 'NONE', #703, .T. ) ;
#403 = CARTESIAN_POINT ( 'NONE',  ( 2.000000000000003600, 0.1999999999999866300, -2.100000000000000100 ) ) ;
#404 = ORIENTED_EDGE ( 'NONE', *, *, #1505, .T. ) ;
#405 = EDGE_CURVE ( 'NONE', #716, #2280, #1046, .T. ) ;
#406 =( NAMED_UNIT ( * ) PLANE_ANGLE_UNIT ( ) SI_UNIT ( $, .RADIAN. ) );
#407 = COLOUR_RGB ( '',0.5019607843137254800, 0.5019607843137254800, 0.5019607843137254800 ) ;
#408 = ORIENTED_EDGE ( 'NONE', *, *, #179, .F. ) ;
#409 = CARTESIAN_POINT ( 'NONE',  ( 1.744274361853710800E-015, 0.1999999999999940700, -1.199999999999999100 ) ) ;
#410 = DIRECTION ( 'NONE',  ( 0.0000000000000000000, -0.0000000000000000000, 1.000000000000000000 ) ) ;
#411 = VERTEX_POINT ( 'NONE', #546 ) ;
#412 = FACE_OUTER_BOUND ( 'NONE', #584, .T. ) ;
#413 = PRESENTATION_STYLE_ASSIGNMENT (( #1880 ) ) ;
#414 = UNCERTAINTY_MEASURE_WITH_UNIT (LENGTH_MEASURE( 1.000000000000000100E-005 ), #1611, 'distance_accuracy_value', 'NONE');
#415 = SURFACE_STYLE_FILL_AREA ( #1774 ) ;
#416 = SURFACE_SIDE_STYLE ('',( #1383 ) ) ;
#417 = DIRECTION ( 'NONE',  ( -1.000000000000000000, 0.0000000000000000000, 0.0000000000000000000 ) ) ;
#418 = CARTESIAN_POINT ( 'NONE',  ( -2.200000000000000600, 1.300000000000002700, -1.355252715606880500E-016 ) ) ;
#419 = ORIENTED_EDGE ( 'NONE', *, *, #1454, .T. ) ;
#420 = ORIENTED_EDGE ( 'NONE', *, *, #1917, .T. ) ;
#421 = CARTESIAN_POINT ( 'NONE',  ( 2.000000000000003600, 0.09999999999999460700, 0.0000000000000000000 ) ) ;
#422 = AXIS2_PLACEMENT_3D ( 'NONE', #637, #276, #1005 ) ;
#423 = LINE ( 'NONE', #1702, #1347 ) ;
#424 = EDGE_CURVE ( 'NONE', #2190, #282, #613, .T. ) ;
#425 = AXIS2_PLACEMENT_3D ( 'NONE', #1387, #804, #2213 ) ;
#426 =( LENGTH_UNIT ( ) NAMED_UNIT ( * ) SI_UNIT ( .MILLI., .METRE. ) );
#427 = EDGE_CURVE ( 'NONE', #1687, #2287, #984, .T. ) ;
#428 = CARTESIAN_POINT ( 'NONE',  ( 2.200000000000000600, 1.300000000000002700, 0.1999999999999999000 ) ) ;
#429 = MECHANICAL_DESIGN_GEOMETRIC_PRESENTATION_REPRESENTATION (  '', ( #2187 ), #561 ) ;
#430 = UNCERTAINTY_MEASURE_WITH_UNIT (LENGTH_MEASURE( 1.000000000000000100E-005 ), #1, 'distance_accuracy_value', 'NONE');
#431 = VERTEX_POINT ( 'NONE', #1070 ) ;
#432 =( GEOMETRIC_REPRESENTATION_CONTEXT ( 3 ) GLOBAL_UNCERTAINTY_ASSIGNED_CONTEXT ( ( #176 ) ) GLOBAL_UNIT_ASSIGNED_CONTEXT ( ( #2012, #371, #1473 ) ) REPRESENTATION_CONTEXT ( 'NONE', 'WORKASPACE' ) );
#433 = PRESENTATION_STYLE_ASSIGNMENT (( #1304 ) ) ;
#434 = SURFACE_STYLE_FILL_AREA ( #1652 ) ;
#435 =( NAMED_UNIT ( * ) PLANE_ANGLE_UNIT ( ) SI_UNIT ( $, .RADIAN. ) );
#436 = DIRECTION ( 'NONE',  ( -1.000000000000000000, 9.035018104045872900E-016, 0.0000000000000000000 ) ) ;
#437 = ORIENTED_EDGE ( 'NONE', *, *, #1983, .F. ) ;
#438 = CARTESIAN_POINT ( 'NONE',  ( -2.200000000000000600, 1.350000000000003000, -1.000000000000000000 ) ) ;
#439 = AXIS2_PLACEMENT_3D ( 'NONE', #343, #2332, #175 ) ;
#440 = ORIENTED_EDGE ( 'NONE', *, *, #197, .T. ) ;
#441 = FACE_OUTER_BOUND ( 'NONE', #1816, .T. ) ;
#442 = UNCERTAINTY_MEASURE_WITH_UNIT (LENGTH_MEASURE( 1.000000000000000100E-005 ), #1281, 'distance_accuracy_value', 'NONE');
#443 = ORIENTED_EDGE ( 'NONE', *, *, #1421, .F. ) ;
#444 = CARTESIAN_POINT ( 'NONE',  ( 2.000000000000003600, 0.1999999999999866300, -1.000000000000000000 ) ) ;
#445 = EDGE_CURVE ( 'NONE', #1251, #2273, #1568, .T. ) ;
#446 = FILL_AREA_STYLE_COLOUR ( '', #526 ) ;
#447 = FACE_OUTER_BOUND ( 'NONE', #280, .T. ) ;
#448 = CARTESIAN_POINT ( 'NONE',  ( -2.050000000000000700, 1.500000000000002900, -1.000000000000000000 ) ) ;
#449 = UNCERTAINTY_MEASURE_WITH_UNIT (LENGTH_MEASURE( 1.000000000000000100E-005 ), #184, 'distance_accuracy_value', 'NONE');
#450 = EDGE_CURVE ( 'NONE', #293, #1654, #1069, .T. ) ;
#451 = FILL_AREA_STYLE ('',( #991 ) ) ;
#452 = DIRECTION ( 'NONE',  ( 0.0000000000000000000, -1.000000000000000000, 0.0000000000000000000 ) ) ;
#453 = VECTOR ( 'NONE', #1065, 1000.000000000000000 ) ;
#454 = COLOUR_RGB ( '',0.5019607843137254800, 0.5019607843137254800, 0.5019607843137254800 ) ;
#455 = ORIENTED_EDGE ( 'NONE', *, *, #2155, .F. ) ;
#456 =( GEOMETRIC_REPRESENTATION_CONTEXT ( 3 ) GLOBAL_UNCERTAINTY_ASSIGNED_CONTEXT ( ( #616 ) ) GLOBAL_UNIT_ASSIGNED_CONTEXT ( ( #1164, #1541, #85 ) ) REPRESENTATION_CONTEXT ( 'NONE', 'WORKASPACE' ) );
#457 = CYLINDRICAL_SURFACE ( 'NONE', #631, 0.2000000000000000400 ) ;
#458 =( LENGTH_UNIT ( ) NAMED_UNIT ( * ) SI_UNIT ( .MILLI., .METRE. ) );
#459 = CARTESIAN_POINT ( 'NONE',  ( -2.050000000000000700, 1.500000000000002900, 1.000000000000000000 ) ) ;
#460 = ORIENTED_EDGE ( 'NONE', *, *, #574, .T. ) ;
#461 = CARTESIAN_POINT ( 'NONE',  ( 2.050000000000001200, 2.323671625850920100E-015, 1.000000000000000000 ) ) ;
#462 = EDGE_CURVE ( 'NONE', #282, #604, #1682, .T. ) ;
#463 = ORIENTED_EDGE ( 'NONE', *, *, #2268, .T. ) ;
#464 = VECTOR ( 'NONE', #825, 1000.000000000000000 ) ;
#465 = EDGE_CURVE ( 'NONE', #1143, #170, #1483, .T. ) ;
#466 = CONICAL_SURFACE ( 'NONE', #1106, 0.1999999999999992300, 0.7853981633974480600 ) ;
#467 = CARTESIAN_POINT ( 'NONE',  ( -2.200000000000000600, 1.300000000000002700, -1.355252715606880500E-016 ) ) ;
#468 = FILL_AREA_STYLE_COLOUR ( '', #735 ) ;
#469 = STYLED_ITEM ( 'NONE', ( #2121 ), #1616 ) ;
#470 = CARTESIAN_POINT ( 'NONE',  ( 2.000000000000003600, -3.150000000000007900, -4.549999999999999800 ) ) ;
#471 = AXIS2_PLACEMENT_3D ( 'NONE', #2331, #1836, #2179 ) ;
#472 = VERTEX_POINT ( 'NONE', #723 ) ;
#473 = VERTEX_POINT ( 'NONE', #1092 ) ;
#474 = FILL_AREA_STYLE_COLOUR ( '', #368 ) ;
#475 = PLANE ( 'NONE',  #140 ) ;
#476 = CARTESIAN_POINT ( 'NONE',  ( -0.7999999999999996000, 0.1999999999999947400, 0.0000000000000000000 ) ) ;
#477 = ORIENTED_EDGE ( 'NONE', *, *, #2056, .F. ) ;
#478 = STYLED_ITEM ( 'NONE', ( #1989 ), #535 ) ;
#479 = ORIENTED_EDGE ( 'NONE', *, *, #2057, .T. ) ;
#480 = COLOUR_RGB ( '',1.000000000000000000, 1.000000000000000000, 1.000000000000000000 ) ;
#481 = DIRECTION ( 'NONE',  ( 0.0000000000000000000, 1.000000000000000000, 1.807003620809174400E-016 ) ) ;
#482 = LINE ( 'NONE', #363, #1206 ) ;
#483 = PRESENTATION_STYLE_ASSIGNMENT (( #1642 ) ) ;
#484 = PLANE ( 'NONE',  #1725 ) ;
#485 = FACE_OUTER_BOUND ( 'NONE', #250, .T. ) ;
#486 = LINE ( 'NONE', #704, #557 ) ;
#487 = SURFACE_SIDE_STYLE ('',( #865 ) ) ;
#488 = LINE ( 'NONE', #1494, #1376 ) ;
#489 = ORIENTED_EDGE ( 'NONE', *, *, #2318, .T. ) ;
#490 = FILL_AREA_STYLE_COLOUR ( '', #1953 ) ;
#491 = CARTESIAN_POINT ( 'NONE',  ( 1.744044408601018500E-015, 0.1999999999999947100, -1.199999999999999100 ) ) ;
#492 = FILL_AREA_STYLE_COLOUR ( '', #1486 ) ;
#493 =( NAMED_UNIT ( * ) SI_UNIT ( $, .STERADIAN. ) SOLID_ANGLE_UNIT ( ) );
#494 = SURFACE_STYLE_FILL_AREA ( #1252 ) ;
#495 = STYLED_ITEM ( 'NONE', ( #934 ), #349 ) ;
#496 = AXIS2_PLACEMENT_3D ( 'NONE', #2107, #814, #148 ) ;
#497 = EDGE_CURVE ( 'NONE', #525, #545, #2070, .T. ) ;
#498 = MANIFOLD_SOLID_BREP ( 'Fillet3', #638 ) ;
#499 = ORIENTED_EDGE ( 'NONE', *, *, #1325, .F. ) ;
#500 =( NAMED_UNIT ( * ) SI_UNIT ( $, .STERADIAN. ) SOLID_ANGLE_UNIT ( ) );
#501 = DIRECTION ( 'NONE',  ( 1.000000000000000000, -0.0000000000000000000, -0.0000000000000000000 ) ) ;
#502 =( GEOMETRIC_REPRESENTATION_CONTEXT ( 3 ) GLOBAL_UNCERTAINTY_ASSIGNED_CONTEXT ( ( #681 ) ) GLOBAL_UNIT_ASSIGNED_CONTEXT ( ( #1117, #1508, #235 ) ) REPRESENTATION_CONTEXT ( 'NONE', 'WORKASPACE' ) );
#503 =( NAMED_UNIT ( * ) SI_UNIT ( $, .STERADIAN. ) SOLID_ANGLE_UNIT ( ) );
#504 = COLOUR_RGB ( '',1.000000000000000000, 1.000000000000000000, 1.000000000000000000 ) ;
#505 = DIRECTION ( 'NONE',  ( -3.725605184281085300E-015, -1.000000000000000000, 0.0000000000000000000 ) ) ;
#506 =( NAMED_UNIT ( * ) SI_UNIT ( $, .STERADIAN. ) SOLID_ANGLE_UNIT ( ) );
#507 = SURFACE_SIDE_STYLE ('',( #1756 ) ) ;
#508 = DIRECTION ( 'NONE',  ( -1.000000000000000000, -3.725605184281085300E-015, 0.0000000000000000000 ) ) ;
#509 = COLOUR_RGB ( '',0.5019607843137254800, 0.5019607843137254800, 0.5019607843137254800 ) ;
#510 = VECTOR ( 'NONE', #1724, 1000.000000000000000 ) ;
#511 = CIRCLE ( 'NONE', #586, 0.09999999999999993600 ) ;
#512 = VERTEX_POINT ( 'NONE', #1274 ) ;
#513 = CARTESIAN_POINT ( 'NONE',  ( 4.890419564799477100E-018, 0.09999999999999469000, 0.0000000000000000000 ) ) ;
#514 = FACE_OUTER_BOUND ( 'NONE', #248, .T. ) ;
#515 =( GEOMETRIC_REPRESENTATION_CONTEXT ( 3 ) GLOBAL_UNCERTAINTY_ASSIGNED_CONTEXT ( ( #1697 ) ) GLOBAL_UNIT_ASSIGNED_CONTEXT ( ( #1867, #44, #1319 ) ) REPRESENTATION_CONTEXT ( 'NONE', 'WORKASPACE' ) );
#516 =( LENGTH_UNIT ( ) NAMED_UNIT ( * ) SI_UNIT ( .MILLI., .METRE. ) );
#517 = STYLED_ITEM ( 'NONE', ( #1027 ), #770 ) ;
#518 = DIRECTION ( 'NONE',  ( 1.000000000000000000, -0.0000000000000000000, -0.0000000000000000000 ) ) ;
#519 = SURFACE_STYLE_USAGE ( .BOTH. , #1263 ) ;
#520 = FILL_AREA_STYLE_COLOUR ( '', #1266 ) ;
#521 = ADVANCED_FACE ( 'NONE', ( #817 ), #466, .F. ) ;
#522 = ORIENTED_EDGE ( 'NONE', *, *, #1241, .T. ) ;
#523 = DIRECTION ( 'NONE',  ( -0.0000000000000000000, 0.0000000000000000000, -1.000000000000000000 ) ) ;
#524 = EDGE_CURVE ( 'NONE', #1545, #1251, #692, .T. ) ;
#525 = VERTEX_POINT ( 'NONE', #392 ) ;
#526 = COLOUR_RGB ( '',0.5019607843137254800, 0.5019607843137254800, 0.5019607843137254800 ) ;
#527 = VECTOR ( 'NONE', #1909, 1000.000000000000000 ) ;
#528 = DIRECTION ( 'NONE',  ( 0.0000000000000000000, 0.0000000000000000000, 1.000000000000000000 ) ) ;
#529 = VECTOR ( 'NONE', #130, 1000.000000000000000 ) ;
#530 = CARTESIAN_POINT ( 'NONE',  ( -1.399999999999999500, 0.1999999999999999000, 1.000000000000000000 ) ) ;
#531 = CARTESIAN_POINT ( 'NONE',  ( 2.049999999999999800, 1.350000000000003000, -0.2000000000000000900 ) ) ;
#532 = CARTESIAN_POINT ( 'NONE',  ( 1.400000000000000100, -9.797174393178811400E-017, -1.000000000000000000 ) ) ;
#533 = DIRECTION ( 'NONE',  ( -0.0000000000000000000, -0.0000000000000000000, -1.000000000000000000 ) ) ;
#534 = CARTESIAN_POINT ( 'NONE',  ( -2.000000000000000000, 0.2000000000000022600, 1.000000000000000000 ) ) ;
#535 = ADVANCED_FACE ( 'NONE', ( #936 ), #758, .T. ) ;
#536 = VERTEX_POINT ( 'NONE', #1677 ) ;
#537 =( NAMED_UNIT ( * ) PLANE_ANGLE_UNIT ( ) SI_UNIT ( $, .RADIAN. ) );
#538 = CARTESIAN_POINT ( 'NONE',  ( 0.8000000000000028200, 0.1999999999999940200, 0.0000000000000000000 ) ) ;
#539 = COLOUR_RGB ( '',0.5019607843137254800, 0.5019607843137254800, 0.5019607843137254800 ) ;
#540 =( LENGTH_UNIT ( ) NAMED_UNIT ( * ) SI_UNIT ( .MILLI., .METRE. ) );
#541 = DIRECTION ( 'NONE',  ( -0.0000000000000000000, 1.000000000000000000, 0.0000000000000000000 ) ) ;
#542 = ORIENTED_EDGE ( 'NONE', *, *, #1183, .F. ) ;
#543 = CARTESIAN_POINT ( 'NONE',  ( 4.890419564799477100E-018, 0.09999999999999469000, -2.100000000000000100 ) ) ;
#544 = ADVANCED_FACE ( 'NONE', ( #1685 ), #1822, .T. ) ;
#545 = VERTEX_POINT ( 'NONE', #2202 ) ;
#546 = CARTESIAN_POINT ( 'NONE',  ( 2.049999999999999800, 1.500000000000002900, -0.2000000000000000900 ) ) ;
#547 = DIRECTION ( 'NONE',  ( -3.725605184281085300E-015, -1.000000000000000000, 0.0000000000000000000 ) ) ;
#548 = LINE ( 'NONE', #2203, #76 ) ;
#549 =( GEOMETRIC_REPRESENTATION_CONTEXT ( 3 ) GLOBAL_UNCERTAINTY_ASSIGNED_CONTEXT ( ( #996 ) ) GLOBAL_UNIT_ASSIGNED_CONTEXT ( ( #516, #908, #1970 ) ) REPRESENTATION_CONTEXT ( 'NONE', 'WORKASPACE' ) );
#550 = ORIENTED_EDGE ( 'NONE', *, *, #142, .T. ) ;
#551 = PLANE ( 'NONE',  #1856 ) ;
#552 = UNCERTAINTY_MEASURE_WITH_UNIT (LENGTH_MEASURE( 1.000000000000000100E-005 ), #1375, 'distance_accuracy_value', 'NONE');
#553 = PLANE ( 'NONE',  #80 ) ;
#554 = EDGE_CURVE ( 'NONE', #1957, #1143, #985, .T. ) ;
#555 = STYLED_ITEM ( 'NONE', ( #322 ), #1999 ) ;
#556 = FACE_OUTER_BOUND ( 'NONE', #1374, .T. ) ;
#557 = VECTOR ( 'NONE', #1267, 1000.000000000000000 ) ;
#558 =( GEOMETRIC_REPRESENTATION_CONTEXT ( 3 ) GLOBAL_UNCERTAINTY_ASSIGNED_CONTEXT ( ( #669 ) ) GLOBAL_UNIT_ASSIGNED_CONTEXT ( ( #2039, #978, #245 ) ) REPRESENTATION_CONTEXT ( 'NONE', 'WORKASPACE' ) );
#559 = PLANE ( 'NONE',  #1814 ) ;
#560 = ORIENTED_EDGE ( 'NONE', *, *, #2329, .T. ) ;
#561 =( GEOMETRIC_REPRESENTATION_CONTEXT ( 3 ) GLOBAL_UNCERTAINTY_ASSIGNED_CONTEXT ( ( #1866 ) ) GLOBAL_UNIT_ASSIGNED_CONTEXT ( ( #65, #572, #1854 ) ) REPRESENTATION_CONTEXT ( 'NONE', 'WORKASPACE' ) );
#562 = STYLED_ITEM ( 'NONE', ( #1001 ), #695 ) ;
#563 = CYLINDRICAL_SURFACE ( 'NONE', #105, 0.2999999999999999300 ) ;
#564 = ADVANCED_FACE ( 'NONE', ( #1316 ), #1186, .T. ) ;
#565 = CYLINDRICAL_SURFACE ( 'NONE', #1369, 0.1499999999999999700 ) ;
#566 = VERTEX_POINT ( 'NONE', #1778 ) ;
#567 = DIRECTION ( 'NONE',  ( 1.000000000000000000, -6.776263578034424900E-017, 1.084202172485508000E-015 ) ) ;
#568 = PRESENTATION_STYLE_ASSIGNMENT (( #2102 ) ) ;
#569 =( GEOMETRIC_REPRESENTATION_CONTEXT ( 3 ) GLOBAL_UNCERTAINTY_ASSIGNED_CONTEXT ( ( #1273 ) ) GLOBAL_UNIT_ASSIGNED_CONTEXT ( ( #458, #1020, #1592 ) ) REPRESENTATION_CONTEXT ( 'NONE', 'WORKASPACE' ) );
#570 = ORIENTED_EDGE ( 'NONE', *, *, #1060, .F. ) ;
#571 =( LENGTH_UNIT ( ) NAMED_UNIT ( * ) SI_UNIT ( .MILLI., .METRE. ) );
#572 =( NAMED_UNIT ( * ) PLANE_ANGLE_UNIT ( ) SI_UNIT ( $, .RADIAN. ) );
#573 = FILL_AREA_STYLE ('',( #60 ) ) ;
#574 = EDGE_CURVE ( 'NONE', #566, #1818, #2310, .T. ) ;
#575 = LINE ( 'NONE', #2090, #1581 ) ;
#576 = SURFACE_STYLE_USAGE ( .BOTH. , #2042 ) ;
#577 = FACE_OUTER_BOUND ( 'NONE', #2117, .T. ) ;
#578 = ORIENTED_EDGE ( 'NONE', *, *, #796, .T. ) ;
#579 = COLOUR_RGB ( '',0.5019607843137254800, 0.5019607843137254800, 0.5019607843137254800 ) ;
#580 = FILL_AREA_STYLE_COLOUR ( '', #1715 ) ;
#581 = COLOUR_RGB ( '',0.5019607843137254800, 0.5019607843137254800, 0.5019607843137254800 ) ;
#582 =( NAMED_UNIT ( * ) SI_UNIT ( $, .STERADIAN. ) SOLID_ANGLE_UNIT ( ) );
#583 = EDGE_CURVE ( 'NONE', #2008, #124, #333, .T. ) ;
#584 = EDGE_LOOP ( 'NONE', ( #2034, #91, #77, #1215 ) ) ;
#585 = DIRECTION ( 'NONE',  ( -1.000000000000000000, 3.725605184281085300E-015, 0.0000000000000000000 ) ) ;
#586 = AXIS2_PLACEMENT_3D ( 'NONE', #1997, #505, #1250 ) ;
#587 = VECTOR ( 'NONE', #1054, 1000.000000000000000 ) ;
#588 = ADVANCED_FACE ( 'NONE', ( #441 ), #165, .T. ) ;
#589 = CARTESIAN_POINT ( 'NONE',  ( -1.700000000000000200, 0.09999999999999477400, -2.100000000000000100 ) ) ;
#590 = FILL_AREA_STYLE_COLOUR ( '', #539 ) ;
#591 = SURFACE_STYLE_FILL_AREA ( #145 ) ;
#592 = DIRECTION ( 'NONE',  ( 1.000000000000000000, -4.660466312107517700E-017, 0.0000000000000000000 ) ) ;
#593 = EDGE_CURVE ( 'NONE', #1584, #536, #1153, .T. ) ;
#594 = EDGE_CURVE ( 'NONE', #1829, #2037, #1120, .T. ) ;
#595 = EDGE_LOOP ( 'NONE', ( #1748, #634, #1651, #113, #841, #365, #2290, #1710, #308, #1798 ) ) ;
#596 = CARTESIAN_POINT ( 'NONE',  ( -2.200000000000000600, 1.500000000000002900, 1.000000000000000000 ) ) ;
#597 = DIRECTION ( 'NONE',  ( 0.7071067811865477900, 0.7071067811865473500, 0.0000000000000000000 ) ) ;
#598 = ORIENTED_EDGE ( 'NONE', *, *, #2288, .F. ) ;
#599 = EDGE_LOOP ( 'NONE', ( #1290, #578, #1861, #1380, #1392, #1390, #1577, #321 ) ) ;
#600 = MECHANICAL_DESIGN_GEOMETRIC_PRESENTATION_REPRESENTATION (  '', ( #469 ), #722 ) ;
#601 = VECTOR ( 'NONE', #845, 1000.000000000000000 ) ;
#602 = ORIENTED_EDGE ( 'NONE', *, *, #1254, .F. ) ;
#603 = DIRECTION ( 'NONE',  ( 0.0000000000000000000, 1.000000000000000000, 0.0000000000000000000 ) ) ;
#604 = VERTEX_POINT ( 'NONE', #663 ) ;
#605 = VECTOR ( 'NONE', #1068, 1000.000000000000000 ) ;
#606 = PRESENTATION_STYLE_ASSIGNMENT (( #6 ) ) ;
#607 = ORIENTED_EDGE ( 'NONE', *, *, #200, .F. ) ;
#608 = DIRECTION ( 'NONE',  ( -1.000000000000000000, 4.660466312107517700E-017, 0.0000000000000000000 ) ) ;
#609 = CARTESIAN_POINT ( 'NONE',  ( 2.199999999999999700, 1.350000000000003000, 1.000000000000000000 ) ) ;
#610 = FILL_AREA_STYLE_COLOUR ( '', #1497 ) ;
#611 = MECHANICAL_DESIGN_GEOMETRIC_PRESENTATION_REPRESENTATION (  '', ( #478 ), #1535 ) ;
#612 = CARTESIAN_POINT ( 'NONE',  ( 2.000000000000003600, 1.800000000000000000, 1.800000000000000500 ) ) ;
#613 = CIRCLE ( 'NONE', #791, 0.1499999999999999700 ) ;
#614 =( NAMED_UNIT ( * ) SI_UNIT ( $, .STERADIAN. ) SOLID_ANGLE_UNIT ( ) );
#615 =( NAMED_UNIT ( * ) SI_UNIT ( $, .STERADIAN. ) SOLID_ANGLE_UNIT ( ) );
#616 = UNCERTAINTY_MEASURE_WITH_UNIT (LENGTH_MEASURE( 1.000000000000000100E-005 ), #1164, 'distance_accuracy_value', 'NONE');
#617 = VERTEX_POINT ( 'NONE', #1411 ) ;
#618 = MECHANICAL_DESIGN_GEOMETRIC_PRESENTATION_REPRESENTATION (  '', ( #383 ), #549 ) ;
#619 = MECHANICAL_DESIGN_GEOMETRIC_PRESENTATION_REPRESENTATION (  '', ( #1162 ), #1736 ) ;
#620 = EDGE_LOOP ( 'NONE', ( #937, #1049, #460, #1635 ) ) ;
#621 = DIRECTION ( 'NONE',  ( -4.660466312107517100E-017, -1.000000000000000000, 0.0000000000000000000 ) ) ;
#622 = EDGE_CURVE ( 'NONE', #1517, #372, #1527, .T. ) ;
#623 = VECTOR ( 'NONE', #1910, 1000.000000000000000 ) ;
#624 = LINE ( 'NONE', #1242, #272 ) ;
#625 = VERTEX_POINT ( 'NONE', #880 ) ;
#626 = CARTESIAN_POINT ( 'NONE',  ( -2.000000000000000000, -5.600000000000007600, -1.800000000000000500 ) ) ;
#627 = SURFACE_SIDE_STYLE ('',( #1335 ) ) ;
#628 = VECTOR ( 'NONE', #1938, 1000.000000000000000 ) ;
#629 = ORIENTED_EDGE ( 'NONE', *, *, #826, .T. ) ;
#630 = DIRECTION ( 'NONE',  ( -1.000000000000000000, 0.0000000000000000000, 0.0000000000000000000 ) ) ;
#631 = AXIS2_PLACEMENT_3D ( 'NONE', #467, #294, #1585 ) ;
#632 =( GEOMETRIC_REPRESENTATION_CONTEXT ( 3 ) GLOBAL_UNCERTAINTY_ASSIGNED_CONTEXT ( ( #1011 ) ) GLOBAL_UNIT_ASSIGNED_CONTEXT ( ( #927, #1448, #2192 ) ) REPRESENTATION_CONTEXT ( 'NONE', 'WORKASPACE' ) );
#633 = VECTOR ( 'NONE', #1051, 1000.000000000000000 ) ;
#634 = ORIENTED_EDGE ( 'NONE', *, *, #2098, .T. ) ;
#635 = CARTESIAN_POINT ( 'NONE',  ( -2.050000000000000700, 1.500000000000002900, 1.000000000000000000 ) ) ;
#636 = EDGE_CURVE ( 'NONE', #1998, #170, #1423, .T. ) ;
#637 = CARTESIAN_POINT ( 'NONE',  ( 1.700000000000003500, 0.09999999999999506500, 1.800000000000000500 ) ) ;
#638 = CLOSED_SHELL ( 'NONE', ( #1475, #535, #349, #770, #1288, #366, #899, #1428, #160, #1659, #1845, #1825, #741, #588, #2172, #212, #1112, #695, #713, #1616, #1860, #174, #2183, #2156, #1671, #1257, #1447, #1088, #883, #521, #728, #2338, #1075, #193, #918, #1810, #1999, #1457, #1298, #2324, #544, #1634, #25, #1986, #1279, #760, #564, #11 ) ) ;
#639 = PLANE ( 'NONE',  #1964 ) ;
#640 = EDGE_LOOP ( 'NONE', ( #2084, #2093, #2072, #2227 ) ) ;
#641 = CARTESIAN_POINT ( 'NONE',  ( -2.000000000000000000, 1.500000000000002900, 0.1999999999999999000 ) ) ;
#642 = CARTESIAN_POINT ( 'NONE',  ( -1.399999999999999500, 0.1999999999999999000, 1.000000000000000000 ) ) ;
#643 =( NAMED_UNIT ( * ) PLANE_ANGLE_UNIT ( ) SI_UNIT ( $, .RADIAN. ) );
#644 = CYLINDRICAL_SURFACE ( 'NONE', #496, 0.1499999999999999700 ) ;
#645 = ORIENTED_EDGE ( 'NONE', *, *, #951, .T. ) ;
#646 = VECTOR ( 'NONE', #777, 1000.000000000000000 ) ;
#647 = ORIENTED_EDGE ( 'NONE', *, *, #1365, .T. ) ;
#648 = CIRCLE ( 'NONE', #439, 0.1499999999999999700 ) ;
#649 = SURFACE_STYLE_USAGE ( .BOTH. , #1012 ) ;
#650 = CARTESIAN_POINT ( 'NONE',  ( -2.050000000000001200, 2.323671625850920400E-015, -1.000000000000000000 ) ) ;
#651 = CARTESIAN_POINT ( 'NONE',  ( 2.000000000000003600, -5.600000000000007600, 2.100000000000000100 ) ) ;
#652 = DIRECTION ( 'NONE',  ( -7.666467083416916500E-016, 0.7071067811865474600, 0.7071067811865474600 ) ) ;
#653 = VERTEX_POINT ( 'NONE', #1939 ) ;
#654 = CARTESIAN_POINT ( 'NONE',  ( -2.000000000000000000, -5.600000000000007600, 1.800000000000000500 ) ) ;
#655 = STYLED_ITEM ( 'NONE', ( #2016 ), #174 ) ;
#656 = ORIENTED_EDGE ( 'NONE', *, *, #306, .F. ) ;
#657 = LINE ( 'NONE', #1603, #815 ) ;
#658 = EDGE_CURVE ( 'NONE', #2051, #1783, #947, .T. ) ;
#659 = PRESENTATION_LAYER_ASSIGNMENT (  '', '', ( #1680 ) ) ;
#660 = EDGE_CURVE ( 'NONE', #1985, #1006, #677, .T. ) ;
#661 = DIRECTION ( 'NONE',  ( 0.0000000000000000000, -0.0000000000000000000, 1.000000000000000000 ) ) ;
#662 = CARTESIAN_POINT ( 'NONE',  ( 0.7000000000000036200, 0.09999999999999466300, -1.099999999999997600 ) ) ;
#663 = CARTESIAN_POINT ( 'NONE',  ( 1.400000000000000100, -9.797174393178811400E-017, -1.000000000000000000 ) ) ;
#664 =( NAMED_UNIT ( * ) SI_UNIT ( $, .STERADIAN. ) SOLID_ANGLE_UNIT ( ) );
#665 =( LENGTH_UNIT ( ) NAMED_UNIT ( * ) SI_UNIT ( .MILLI., .METRE. ) );
#666 =( GEOMETRIC_REPRESENTATION_CONTEXT ( 3 ) GLOBAL_UNCERTAINTY_ASSIGNED_CONTEXT ( ( #2299 ) ) GLOBAL_UNIT_ASSIGNED_CONTEXT ( ( #725, #1461, #1292 ) ) REPRESENTATION_CONTEXT ( 'NONE', 'WORKASPACE' ) );
#667 = ORIENTED_EDGE ( 'NONE', *, *, #1747, .T. ) ;
#668 =( LENGTH_UNIT ( ) NAMED_UNIT ( * ) SI_UNIT ( .MILLI., .METRE. ) );
#669 = UNCERTAINTY_MEASURE_WITH_UNIT (LENGTH_MEASURE( 1.000000000000000100E-005 ), #2039, 'distance_accuracy_value', 'NONE');
#670 = DIRECTION ( 'NONE',  ( -0.0000000000000000000, -1.000000000000000000, -0.0000000000000000000 ) ) ;
#671 = DIRECTION ( 'NONE',  ( 0.0000000000000000000, 0.0000000000000000000, -1.000000000000000000 ) ) ;
#672 = APPLICATION_CONTEXT ( 'automotive_design' ) ;
#673 = CARTESIAN_POINT ( 'NONE',  ( 2.200000000000000600, 1.300000000000002700, -0.2000000000000001500 ) ) ;
#674 = LINE ( 'NONE', #532, #453 ) ;
#675 = COLOUR_RGB ( '',1.000000000000000000, 1.000000000000000000, 1.000000000000000000 ) ;
#676 =( GEOMETRIC_REPRESENTATION_CONTEXT ( 3 ) GLOBAL_UNCERTAINTY_ASSIGNED_CONTEXT ( ( #1226 ) ) GLOBAL_UNIT_ASSIGNED_CONTEXT ( ( #2234, #940, #252 ) ) REPRESENTATION_CONTEXT ( 'NONE', 'WORKASPACE' ) );
#677 = LINE ( 'NONE', #1961, #220 ) ;
#678 = DIRECTION ( 'NONE',  ( 4.660466312107517100E-017, 1.000000000000000000, -0.0000000000000000000 ) ) ;
#679 = ORIENTED_EDGE ( 'NONE', *, *, #2098, .F. ) ;
#680 =( NAMED_UNIT ( * ) SI_UNIT ( $, .STERADIAN. ) SOLID_ANGLE_UNIT ( ) );
#681 = UNCERTAINTY_MEASURE_WITH_UNIT (LENGTH_MEASURE( 1.000000000000000100E-005 ), #1117, 'distance_accuracy_value', 'NONE');
#682 = UNCERTAINTY_MEASURE_WITH_UNIT (LENGTH_MEASURE( 1.000000000000000100E-005 ), #1233, 'distance_accuracy_value', 'NONE');
#683 =( NAMED_UNIT ( * ) PLANE_ANGLE_UNIT ( ) SI_UNIT ( $, .RADIAN. ) );
#684 = EDGE_CURVE ( 'NONE', #1087, #1584, #1558, .T. ) ;
#685 = DIRECTION ( 'NONE',  ( 0.0000000000000000000, -0.0000000000000000000, 1.000000000000000000 ) ) ;
#686 = CARTESIAN_POINT ( 'NONE',  ( 2.000000000000003600, 0.1999999999999866300, -2.100000000000000100 ) ) ;
#687 = CARTESIAN_POINT ( 'NONE',  ( -0.8999999999999996900, 0.09999999999999473200, -1.099999999999997900 ) ) ;
#688 = SURFACE_STYLE_USAGE ( .BOTH. , #1247 ) ;
#689 = COLOUR_RGB ( '',1.000000000000000000, 1.000000000000000000, 1.000000000000000000 ) ;
#690 = FACE_OUTER_BOUND ( 'NONE', #1560, .T. ) ;
#691 = PRESENTATION_LAYER_ASSIGNMENT (  '', '', ( #337 ) ) ;
#692 = LINE ( 'NONE', #218, #1852 ) ;
#693 = EDGE_CURVE ( 'NONE', #106, #1366, #2032, .T. ) ;
#694 = CARTESIAN_POINT ( 'NONE',  ( -1.399999999999999500, 0.1999999999999999000, -1.000000000000000000 ) ) ;
#695 = ADVANCED_FACE ( 'NONE', ( #577 ), #1833, .T. ) ;
#696 = EDGE_LOOP ( 'NONE', ( #629, #2220, #929, #238, #1828, #232, #697, #2297, #1643, #792 ) ) ;
#697 = ORIENTED_EDGE ( 'NONE', *, *, #919, .F. ) ;
#698 = CARTESIAN_POINT ( 'NONE',  ( -2.200000000000000600, 1.500000000000002900, -1.000000000000000000 ) ) ;
#699 = AXIS2_PLACEMENT_3D ( 'NONE', #369, #1420, #168 ) ;
#700 = CARTESIAN_POINT ( 'NONE',  ( 0.0000000000000000000, 1.800000000000000000, 0.0000000000000000000 ) ) ;
#701 = CARTESIAN_POINT ( 'NONE',  ( -2.000000000000000400, 2.882512403493081500E-015, -1.000000000000000000 ) ) ;
#702 = CARTESIAN_POINT ( 'NONE',  ( -2.050000000000000700, 1.500000000000002900, 1.000000000000000000 ) ) ;
#703 = EDGE_LOOP ( 'NONE', ( #2094, #717, #1888, #2141 ) ) ;
#704 = CARTESIAN_POINT ( 'NONE',  ( -1.399999999999999500, 0.1999999999999999000, -1.000000000000000000 ) ) ;
#705 = DIRECTION ( 'NONE',  ( 0.0000000000000000000, -0.7071067811865474600, 0.7071067811865476800 ) ) ;
#706 = ORIENTED_EDGE ( 'NONE', *, *, #405, .F. ) ;
#707 = ORIENTED_EDGE ( 'NONE', *, *, #658, .T. ) ;
#708 = FILL_AREA_STYLE_COLOUR ( '', #906 ) ;
#709 = CARTESIAN_POINT ( 'NONE',  ( 0.9000000000000029100, 0.1999999999999913200, 1.099999999999999600 ) ) ;
#710 = EDGE_CURVE ( 'NONE', #2111, #161, #806, .T. ) ;
#711 = FILL_AREA_STYLE_COLOUR ( '', #748 ) ;
#712 = CARTESIAN_POINT ( 'NONE',  ( 0.0000000000000000000, 0.0000000000000000000, 1.000000000000000000 ) ) ;
#713 = ADVANCED_FACE ( 'NONE', ( #719 ), #210, .T. ) ;
#714 = EDGE_CURVE ( 'NONE', #1779, #808, #1470, .T. ) ;
#715 = VECTOR ( 'NONE', #110, 1000.000000000000000 ) ;
#716 = VERTEX_POINT ( 'NONE', #1071 ) ;
#717 = ORIENTED_EDGE ( 'NONE', *, *, #714, .F. ) ;
#718 = CARTESIAN_POINT ( 'NONE',  ( -2.200000000000000600, 1.350000000000003000, 1.000000000000000000 ) ) ;
#719 = FACE_OUTER_BOUND ( 'NONE', #1307, .T. ) ;
#720 = PRESENTATION_STYLE_ASSIGNMENT (( #2191 ) ) ;
#721 = COLOUR_RGB ( '',1.000000000000000000, 1.000000000000000000, 1.000000000000000000 ) ;
#722 =( GEOMETRIC_REPRESENTATION_CONTEXT ( 3 ) GLOBAL_UNCERTAINTY_ASSIGNED_CONTEXT ( ( #552 ) ) GLOBAL_UNIT_ASSIGNED_CONTEXT ( ( #1375, #268, #614 ) ) REPRESENTATION_CONTEXT ( 'NONE', 'WORKASPACE' ) );
#723 = CARTESIAN_POINT ( 'NONE',  ( 2.200000000000000600, 1.350000000000003000, -0.2000000000000001200 ) ) ;
#724 = AXIS2_PLACEMENT_3D ( 'NONE', #2176, #194, #1261 ) ;
#725 =( LENGTH_UNIT ( ) NAMED_UNIT ( * ) SI_UNIT ( .MILLI., .METRE. ) );
#726 = DIRECTION ( 'NONE',  ( -0.0000000000000000000, -2.710505431213760100E-016, 1.000000000000000000 ) ) ;
#727 =( NAMED_UNIT ( * ) PLANE_ANGLE_UNIT ( ) SI_UNIT ( $, .RADIAN. ) );
#728 = ADVANCED_FACE ( 'NONE', ( #1945 ), #362, .F. ) ;
#729 = ORIENTED_EDGE ( 'NONE', *, *, #2056, .T. ) ;
#730 = PLANE ( 'NONE',  #1196 ) ;
#731 = VERTEX_POINT ( 'NONE', #3 ) ;
#732 = CIRCLE ( 'NONE', #856, 0.1499999999999999700 ) ;
#733 = DIRECTION ( 'NONE',  ( 1.000000000000000000, -0.0000000000000000000, -0.0000000000000000000 ) ) ;
#734 = CIRCLE ( 'NONE', #1830, 0.2000000000000000400 ) ;
#735 = COLOUR_RGB ( '',1.000000000000000000, 1.000000000000000000, 1.000000000000000000 ) ;
#736 =( NAMED_UNIT ( * ) PLANE_ANGLE_UNIT ( ) SI_UNIT ( $, .RADIAN. ) );
#737 = AXIS2_PLACEMENT_3D ( 'NONE', #1389, #1236, #324 ) ;
#738 = DIRECTION ( 'NONE',  ( 0.0000000000000000000, 1.000000000000000000, 0.0000000000000000000 ) ) ;
#739 = ORIENTED_EDGE ( 'NONE', *, *, #2253, .T. ) ;
#740 = PRESENTATION_LAYER_ASSIGNMENT (  '', '', ( #1342 ) ) ;
#741 = ADVANCED_FACE ( 'NONE', ( #1889 ), #1109, .T. ) ;
#742 = SURFACE_SIDE_STYLE ('',( #2250 ) ) ;
#743 = ORIENTED_EDGE ( 'NONE', *, *, #240, .F. ) ;
#744 = CARTESIAN_POINT ( 'NONE',  ( -0.8999999999999996900, 0.1999999999999941300, -1.199999999999998000 ) ) ;
#745 = CARTESIAN_POINT ( 'NONE',  ( -2.200000000000000600, 1.500000000000002900, 1.000000000000000000 ) ) ;
#746 = COLOUR_RGB ( '',0.5019607843137254800, 0.5019607843137254800, 0.5019607843137254800 ) ;
#747 = MECHANICAL_DESIGN_GEOMETRIC_PRESENTATION_REPRESENTATION (  '', ( #1664 ), #2241 ) ;
#748 = COLOUR_RGB ( '',1.000000000000000000, 1.000000000000000000, 1.000000000000000000 ) ;
#749 = DIRECTION ( 'NONE',  ( 1.000000000000000000, 0.0000000000000000000, -0.0000000000000000000 ) ) ;
#750 = VECTOR ( 'NONE', #1971, 1000.000000000000000 ) ;
#751 = PRODUCT_DEFINITION_FORMATION_WITH_SPECIFIED_SOURCE ( 'ANY', '', #1878, .NOT_KNOWN. ) ;
#752 = VERTEX_POINT ( 'NONE', #2002 ) ;
#753 = COLOUR_RGB ( '',1.000000000000000000, 1.000000000000000000, 1.000000000000000000 ) ;
#754 = EDGE_CURVE ( 'NONE', #177, #2204, #1701, .T. ) ;
#755 = CARTESIAN_POINT ( 'NONE',  ( -2.200000000000000600, 1.500000000000002900, 1.000000000000000000 ) ) ;
#756 =( GEOMETRIC_REPRESENTATION_CONTEXT ( 3 ) GLOBAL_UNCERTAINTY_ASSIGNED_CONTEXT ( ( #1789 ) ) GLOBAL_UNIT_ASSIGNED_CONTEXT ( ( #1520, #2171, #1052 ) ) REPRESENTATION_CONTEXT ( 'NONE', 'WORKASPACE' ) );
#757 = UNCERTAINTY_MEASURE_WITH_UNIT (LENGTH_MEASURE( 1.000000000000000100E-005 ), #153, 'distance_accuracy_value', 'NONE');
#758 = PLANE ( 'NONE',  #1771 ) ;
#759 = CONICAL_SURFACE ( 'NONE', #1691, 0.1999999999999994300, 0.7853981633974485000 ) ;
#760 = ADVANCED_FACE ( 'NONE', ( #1640 ), #126, .T. ) ;
#761 = SURFACE_STYLE_USAGE ( .BOTH. , #1155 ) ;
#762 = LINE ( 'NONE', #1600, #1735 ) ;
#763 = COLOUR_RGB ( '',1.000000000000000000, 1.000000000000000000, 1.000000000000000000 ) ;
#764 = CARTESIAN_POINT ( 'NONE',  ( -0.7000000000000001800, 0.09999999999999471800, 0.0000000000000000000 ) ) ;
#765 = ORIENTED_EDGE ( 'NONE', *, *, #710, .T. ) ;
#766 = VECTOR ( 'NONE', #1669, 1000.000000000000000 ) ;
#767 = ORIENTED_EDGE ( 'NONE', *, *, #242, .F. ) ;
#768 = DIRECTION ( 'NONE',  ( -3.252606517456513300E-015, -1.000000000000000000, 0.0000000000000000000 ) ) ;
#769 = DIRECTION ( 'NONE',  ( 1.000000000000000000, -4.660466312107517100E-017, 1.445602896647337700E-015 ) ) ;
#770 = ADVANCED_FACE ( 'NONE', ( #2006 ), #553, .F. ) ;
#771 = FILL_AREA_STYLE ('',( #1503 ) ) ;
#772 =( GEOMETRIC_REPRESENTATION_CONTEXT ( 3 ) GLOBAL_UNCERTAINTY_ASSIGNED_CONTEXT ( ( #838 ) ) GLOBAL_UNIT_ASSIGNED_CONTEXT ( ( #1213, #115, #2112 ) ) REPRESENTATION_CONTEXT ( 'NONE', 'WORKASPACE' ) );
#773 = AXIS2_PLACEMENT_3D ( 'NONE', #139, #1403, #154 ) ;
#774 = ORIENTED_EDGE ( 'NONE', *, *, #1579, .F. ) ;
#775 = ORIENTED_EDGE ( 'NONE', *, *, #427, .T. ) ;
#776 = CARTESIAN_POINT ( 'NONE',  ( 2.050000000000000700, 0.1500000000000021300, 1.000000000000000000 ) ) ;
#777 = DIRECTION ( 'NONE',  ( -0.0000000000000000000, 1.000000000000000000, 0.0000000000000000000 ) ) ;
#778 = EDGE_CURVE ( 'NONE', #1517, #1315, #888, .T. ) ;
#779 = LINE ( 'NONE', #1000, #623 ) ;
#780 = CARTESIAN_POINT ( 'NONE',  ( 2.000000000000003600, 1.800000000000000000, 2.100000000000000100 ) ) ;
#781 = LINE ( 'NONE', #1670, #1095 ) ;
#782 = ORIENTED_EDGE ( 'NONE', *, *, #1400, .T. ) ;
#783 = LINE ( 'NONE', #702, #972 ) ;
#784 = CARTESIAN_POINT ( 'NONE',  ( 2.000000000000003600, 0.09999999999999460700, -1.800000000000000500 ) ) ;
#785 = DIRECTION ( 'NONE',  ( 5.782411586589356700E-016, -1.000000000000000000, 0.0000000000000000000 ) ) ;
#786 = ORIENTED_EDGE ( 'NONE', *, *, #2253, .F. ) ;
#787 = ORIENTED_EDGE ( 'NONE', *, *, #1935, .F. ) ;
#788 = CIRCLE ( 'NONE', #422, 0.2999999999999999300 ) ;
#789 = VECTOR ( 'NONE', #1915, 1000.000000000000000 ) ;
#790 = SURFACE_SIDE_STYLE ('',( #1021 ) ) ;
#791 = AXIS2_PLACEMENT_3D ( 'NONE', #2327, #2175, #2188 ) ;
#792 = ORIENTED_EDGE ( 'NONE', *, *, #714, .T. ) ;
#793 = STYLED_ITEM ( 'NONE', ( #950 ), #2156 ) ;
#794 = FILL_AREA_STYLE_COLOUR ( '', #1620 ) ;
#795 = DIRECTION ( 'NONE',  ( -1.000000000000000000, 0.0000000000000000000, 0.0000000000000000000 ) ) ;
#796 = EDGE_CURVE ( 'NONE', #617, #2209, #1174, .T. ) ;
#797 = SURFACE_SIDE_STYLE ('',( #2081 ) ) ;
#798 =( LENGTH_UNIT ( ) NAMED_UNIT ( * ) SI_UNIT ( .MILLI., .METRE. ) );
#799 = PRESENTATION_STYLE_ASSIGNMENT (( #1509 ) ) ;
#800 = UNCERTAINTY_MEASURE_WITH_UNIT (LENGTH_MEASURE( 1.000000000000000100E-005 ), #166, 'distance_accuracy_value', 'NONE');
#801 = STYLED_ITEM ( 'NONE', ( #2041 ), #1457 ) ;
#802 = AXIS2_PLACEMENT_3D ( 'NONE', #364, #541, #173 ) ;
#803 = DIRECTION ( 'NONE',  ( 0.0000000000000000000, 0.0000000000000000000, 1.000000000000000000 ) ) ;
#804 = DIRECTION ( 'NONE',  ( -0.0000000000000000000, -1.000000000000000000, -0.0000000000000000000 ) ) ;
#805 = DIRECTION ( 'NONE',  ( -1.000000000000000000, -3.725605184281085300E-015, 0.0000000000000000000 ) ) ;
#806 = LINE ( 'NONE', #134, #320 ) ;
#807 = DIRECTION ( 'NONE',  ( 1.000000000000000000, -3.794707603699263900E-015, 0.0000000000000000000 ) ) ;
#808 = VERTEX_POINT ( 'NONE', #1440 ) ;
#809 = FACE_OUTER_BOUND ( 'NONE', #830, .T. ) ;
#810 = PRESENTATION_STYLE_ASSIGNMENT (( #1262 ) ) ;
#811 = ORIENTED_EDGE ( 'NONE', *, *, #1320, .F. ) ;
#812 = CARTESIAN_POINT ( 'NONE',  ( 2.000000000000003600, 0.09999999999999460700, 1.800000000000000500 ) ) ;
#813 = MECHANICAL_DESIGN_GEOMETRIC_PRESENTATION_REPRESENTATION (  '', ( #1007 ), #772 ) ;
#814 = DIRECTION ( 'NONE',  ( -0.0000000000000000000, 0.0000000000000000000, -1.000000000000000000 ) ) ;
#815 = VECTOR ( 'NONE', #1960, 1000.000000000000000 ) ;
#816 = VECTOR ( 'NONE', #1130, 1000.000000000000000 ) ;
#817 = FACE_OUTER_BOUND ( 'NONE', #1371, .T. ) ;
#818 = ORIENTED_EDGE ( 'NONE', *, *, #1086, .T. ) ;
#819 = PRESENTATION_STYLE_ASSIGNMENT (( #1245 ) ) ;
#820 = FILL_AREA_STYLE_COLOUR ( '', #689 ) ;
#821 = EDGE_CURVE ( 'NONE', #604, #1703, #674, .T. ) ;
#822 = ORIENTED_EDGE ( 'NONE', *, *, #1014, .F. ) ;
#823 = CARTESIAN_POINT ( 'NONE',  ( 2.200000000000000600, 2.882512403493081500E-015, 1.000000000000000000 ) ) ;
#824 = CARTESIAN_POINT ( 'NONE',  ( -2.000000000000000000, -3.150000000000007900, -4.549999999999999800 ) ) ;
#825 = DIRECTION ( 'NONE',  ( -0.0000000000000000000, -1.000000000000000000, -0.0000000000000000000 ) ) ;
#826 = EDGE_CURVE ( 'NONE', #808, #2237, #1326, .T. ) ;
#827 = ORIENTED_EDGE ( 'NONE', *, *, #1337, .T. ) ;
#828 = DIRECTION ( 'NONE',  ( -0.0000000000000000000, 1.000000000000000000, -0.0000000000000000000 ) ) ;
#829 = VECTOR ( 'NONE', #196, 1000.000000000000000 ) ;
#830 = EDGE_LOOP ( 'NONE', ( #2023, #332, #1026, #679 ) ) ;
#831 = CARTESIAN_POINT ( 'NONE',  ( 1.399999999999999200, 0.1999999999999894900, -1.000000000000000000 ) ) ;
#832 = VECTOR ( 'NONE', #1712, 1000.000000000000000 ) ;
#833 = DIRECTION ( 'NONE',  ( -0.0000000000000000000, -0.0000000000000000000, 1.000000000000000000 ) ) ;
#834 = CIRCLE ( 'NONE', #2264, 0.1999999999999994300 ) ;
#835 = DIRECTION ( 'NONE',  ( 0.0000000000000000000, 0.0000000000000000000, -1.000000000000000000 ) ) ;
#836 = EDGE_CURVE ( 'NONE', #2008, #2242, #1672, .T. ) ;
#837 = ORIENTED_EDGE ( 'NONE', *, *, #622, .F. ) ;
#838 = UNCERTAINTY_MEASURE_WITH_UNIT (LENGTH_MEASURE( 1.000000000000000100E-005 ), #1213, 'distance_accuracy_value', 'NONE');
#839 = CARTESIAN_POINT ( 'NONE',  ( -2.000000000000000400, 1.300000000000002700, -1.355252715606880500E-016 ) ) ;
#840 = DIRECTION ( 'NONE',  ( -5.782411586589356700E-016, 1.000000000000000000, 0.0000000000000000000 ) ) ;
#841 = ORIENTED_EDGE ( 'NONE', *, *, #2040, .F. ) ;
#842 = LINE ( 'NONE', #1737, #367 ) ;
#843 =( LENGTH_UNIT ( ) NAMED_UNIT ( * ) SI_UNIT ( .MILLI., .METRE. ) );
#844 = AXIS2_PLACEMENT_3D ( 'NONE', #1563, #621, #1743 ) ;
#845 = DIRECTION ( 'NONE',  ( 0.0000000000000000000, 0.0000000000000000000, -1.000000000000000000 ) ) ;
#846 = PRESENTATION_LAYER_ASSIGNMENT (  '', '', ( #311 ) ) ;
#847 = VECTOR ( 'NONE', #2282, 1000.000000000000000 ) ;
#848 = COLOUR_RGB ( '',1.000000000000000000, 1.000000000000000000, 1.000000000000000000 ) ;
#849 = DIRECTION ( 'NONE',  ( 1.000000000000000000, -0.0000000000000000000, -0.0000000000000000000 ) ) ;
#850 = CARTESIAN_POINT ( 'NONE',  ( -2.000000000000000000, 1.800000000000000000, -1.800000000000000500 ) ) ;
#851 = ORIENTED_EDGE ( 'NONE', *, *, #2288, .T. ) ;
#852 = DIRECTION ( 'NONE',  ( -1.000000000000000000, 4.660466312107517700E-017, 0.0000000000000000000 ) ) ;
#853 = CARTESIAN_POINT ( 'NONE',  ( -2.000000000000000000, -5.600000000000007600, -2.100000000000000100 ) ) ;
#854 = ORIENTED_EDGE ( 'NONE', *, *, #169, .T. ) ;
#855 = FILL_AREA_STYLE_COLOUR ( '', #2233 ) ;
#856 = AXIS2_PLACEMENT_3D ( 'NONE', #776, #2068, #436 ) ;
#857 = ORIENTED_EDGE ( 'NONE', *, *, #288, .T. ) ;
#858 = FILL_AREA_STYLE ('',( #2144 ) ) ;
#859 =( LENGTH_UNIT ( ) NAMED_UNIT ( * ) SI_UNIT ( .MILLI., .METRE. ) );
#860 = SURFACE_STYLE_FILL_AREA ( #1200 ) ;
#861 = VERTEX_POINT ( 'NONE', #1463 ) ;
#862 = LINE ( 'NONE', #698, #832 ) ;
#863 = PRESENTATION_STYLE_ASSIGNMENT (( #1799 ) ) ;
#864 = ORIENTED_EDGE ( 'NONE', *, *, #424, .F. ) ;
#865 = SURFACE_STYLE_FILL_AREA ( #1396 ) ;
#866 = DIRECTION ( 'NONE',  ( 0.0000000000000000000, 0.0000000000000000000, -1.000000000000000000 ) ) ;
#867 = SURFACE_STYLE_FILL_AREA ( #771 ) ;
#868 = DIRECTION ( 'NONE',  ( 0.7071067811865473500, 0.7071067811865477900, 0.0000000000000000000 ) ) ;
#869 = FILL_AREA_STYLE ('',( #1769 ) ) ;
#870 = ORIENTED_EDGE ( 'NONE', *, *, #338, .T. ) ;
#871 =( NAMED_UNIT ( * ) PLANE_ANGLE_UNIT ( ) SI_UNIT ( $, .RADIAN. ) );
#872 = MECHANICAL_DESIGN_GEOMETRIC_PRESENTATION_REPRESENTATION (  '', ( #655 ), #17 ) ;
#873 =( GEOMETRIC_REPRESENTATION_CONTEXT ( 3 ) GLOBAL_UNCERTAINTY_ASSIGNED_CONTEXT ( ( #1122 ) ) GLOBAL_UNIT_ASSIGNED_CONTEXT ( ( #665, #1033, #2294 ) ) REPRESENTATION_CONTEXT ( 'NONE', 'WORKASPACE' ) );
#874 = EDGE_CURVE ( 'NONE', #2273, #752, #1967, .T. ) ;
#875 = CARTESIAN_POINT ( 'NONE',  ( -2.000000000000000000, 0.09999999999999477400, 0.0000000000000000000 ) ) ;
#876 = AXIS2_PLACEMENT_3D ( 'NONE', #263, #257, #1156 ) ;
#877 = ORIENTED_EDGE ( 'NONE', *, *, #102, .F. ) ;
#878 = CARTESIAN_POINT ( 'NONE',  ( -0.8999999999999996900, 0.1999999999999941000, 1.199999999999999700 ) ) ;
#879 = CARTESIAN_POINT ( 'NONE',  ( -2.050000000000000700, 0.1500000000000023000, -1.000000000000000000 ) ) ;
#880 = CARTESIAN_POINT ( 'NONE',  ( -1.700000000000000200, 1.800000000000000000, -2.100000000000000100 ) ) ;
#881 =( NAMED_UNIT ( * ) SI_UNIT ( $, .STERADIAN. ) SOLID_ANGLE_UNIT ( ) );
#882 = APPLICATION_PROTOCOL_DEFINITION ( 'draft international standard', 'automotive_design', 1998, #2315 ) ;
#883 = ADVANCED_FACE ( 'NONE', ( #997 ), #1453, .F. ) ;
#884 = VERTEX_POINT ( 'NONE', #186 ) ;
#885 = CARTESIAN_POINT ( 'NONE',  ( -2.000000000000000000, 0.09999999999999477400, 1.299999999999999200 ) ) ;
#886 = VECTOR ( 'NONE', #508, 1000.000000000000000 ) ;
#887 =( GEOMETRIC_REPRESENTATION_CONTEXT ( 3 ) GLOBAL_UNCERTAINTY_ASSIGNED_CONTEXT ( ( #800 ) ) GLOBAL_UNIT_ASSIGNED_CONTEXT ( ( #166, #1621, #2151 ) ) REPRESENTATION_CONTEXT ( 'NONE', 'WORKASPACE' ) );
#888 = LINE ( 'NONE', #895, #2138 ) ;
#889 = CARTESIAN_POINT ( 'NONE',  ( -2.200000000000000600, 1.500000000000002900, -0.2000000000000000900 ) ) ;
#890 = MECHANICAL_DESIGN_GEOMETRIC_PRESENTATION_REPRESENTATION (  '', ( #562 ), #1630 ) ;
#891 =( LENGTH_UNIT ( ) NAMED_UNIT ( * ) SI_UNIT ( .MILLI., .METRE. ) );
#892 = DIRECTION ( 'NONE',  ( -3.725605184281085300E-015, -1.000000000000000000, 0.0000000000000000000 ) ) ;
#893 = ORIENTED_EDGE ( 'NONE', *, *, #111, .T. ) ;
#894 =( NAMED_UNIT ( * ) SI_UNIT ( $, .STERADIAN. ) SOLID_ANGLE_UNIT ( ) );
#895 = CARTESIAN_POINT ( 'NONE',  ( 4.890419564799477100E-018, 0.09999999999999469000, 2.100000000000000100 ) ) ;
#896 = CARTESIAN_POINT ( 'NONE',  ( 0.9000000000000031300, 0.09999999999999464900, -1.299999999999997200 ) ) ;
#897 = DIRECTION ( 'NONE',  ( 0.0000000000000000000, 0.0000000000000000000, -1.000000000000000000 ) ) ;
#898 = EDGE_CURVE ( 'NONE', #1466, #2054, #1204, .T. ) ;
#899 = ADVANCED_FACE ( 'NONE', ( #2167 ), #2216, .F. ) ;
#900 = VERTEX_POINT ( 'NONE', #2045 ) ;
#901 = DIRECTION ( 'NONE',  ( 0.0000000000000000000, 0.0000000000000000000, 1.000000000000000000 ) ) ;
#902 =( NAMED_UNIT ( * ) PLANE_ANGLE_UNIT ( ) SI_UNIT ( $, .RADIAN. ) );
#903 = DIRECTION ( 'NONE',  ( 1.000000000000000000, -3.725605184281085300E-015, 0.0000000000000000000 ) ) ;
#904 = EDGE_LOOP ( 'NONE', ( #870, #243, #1760, #1464 ) ) ;
#905 = PRESENTATION_STYLE_ASSIGNMENT (( #761 ) ) ;
#906 = COLOUR_RGB ( '',0.5019607843137254800, 0.5019607843137254800, 0.5019607843137254800 ) ;
#907 = CARTESIAN_POINT ( 'NONE',  ( -0.8999999999999996900, 0.1999999999999947400, 1.199999999999999700 ) ) ;
#908 =( NAMED_UNIT ( * ) PLANE_ANGLE_UNIT ( ) SI_UNIT ( $, .RADIAN. ) );
#909 = ORIENTED_EDGE ( 'NONE', *, *, #450, .T. ) ;
#910 = FILL_AREA_STYLE ('',( #520 ) ) ;
#911 =( LENGTH_UNIT ( ) NAMED_UNIT ( * ) SI_UNIT ( .MILLI., .METRE. ) );
#912 = LINE ( 'NONE', #1331, #1834 ) ;
#913 = PLANE ( 'NONE',  #323 ) ;
#914 = SURFACE_SIDE_STYLE ('',( #1057 ) ) ;
#915 = AXIS2_PLACEMENT_3D ( 'NONE', #879, #352, #1618 ) ;
#916 = SURFACE_SIDE_STYLE ('',( #1523 ) ) ;
#917 =( GEOMETRIC_REPRESENTATION_CONTEXT ( 3 ) GLOBAL_UNCERTAINTY_ASSIGNED_CONTEXT ( ( #278 ) ) GLOBAL_UNIT_ASSIGNED_CONTEXT ( ( #1064, #871, #493 ) ) REPRESENTATION_CONTEXT ( 'NONE', 'WORKASPACE' ) );
#918 = ADVANCED_FACE ( 'NONE', ( #271 ), #1149, .F. ) ;
#919 = EDGE_CURVE ( 'NONE', #1036, #1818, #1776, .T. ) ;
#920 = ORIENTED_EDGE ( 'NONE', *, *, #462, .F. ) ;
#921 = VECTOR ( 'NONE', #260, 1000.000000000000000 ) ;
#922 = CARTESIAN_POINT ( 'NONE',  ( 1.700000000000003500, -5.600000000000007600, 1.800000000000000500 ) ) ;
#923 = COLOUR_RGB ( '',0.5019607843137254800, 0.5019607843137254800, 0.5019607843137254800 ) ;
#924 = PRESENTATION_STYLE_ASSIGNMENT (( #930 ) ) ;
#925 =( GEOMETRIC_REPRESENTATION_CONTEXT ( 3 ) GLOBAL_UNCERTAINTY_ASSIGNED_CONTEXT ( ( #1617 ) ) GLOBAL_UNIT_ASSIGNED_CONTEXT ( ( #911, #2197, #37 ) ) REPRESENTATION_CONTEXT ( 'NONE', 'WORKASPACE' ) );
#926 = AXIS2_PLACEMENT_3D ( 'NONE', #709, #1103, #2166 ) ;
#927 =( LENGTH_UNIT ( ) NAMED_UNIT ( * ) SI_UNIT ( .MILLI., .METRE. ) );
#928 = CARTESIAN_POINT ( 'NONE',  ( 2.000000000000003600, -5.600000000000007600, -1.800000000000000500 ) ) ;
#929 = ORIENTED_EDGE ( 'NONE', *, *, #304, .T. ) ;
#930 = SURFACE_STYLE_USAGE ( .BOTH. , #1289 ) ;
#931 = SURFACE_STYLE_FILL_AREA ( #201 ) ;
#932 = FILL_AREA_STYLE ('',( #1317 ) ) ;
#933 = LINE ( 'NONE', #1212, #1045 ) ;
#934 = PRESENTATION_STYLE_ASSIGNMENT (( #2126 ) ) ;
#935 = DIRECTION ( 'NONE',  ( 1.000000000000000000, -4.517509052022936000E-017, 0.0000000000000000000 ) ) ;
#936 = FACE_OUTER_BOUND ( 'NONE', #1332, .T. ) ;
#937 = ORIENTED_EDGE ( 'NONE', *, *, #821, .F. ) ;
#938 = SURFACE_SIDE_STYLE ('',( #2020 ) ) ;
#939 = CIRCLE ( 'NONE', #1540, 0.2000000000000000900 ) ;
#940 =( NAMED_UNIT ( * ) PLANE_ANGLE_UNIT ( ) SI_UNIT ( $, .RADIAN. ) );
#941 = EDGE_CURVE ( 'NONE', #1626, #1036, #318, .T. ) ;
#942 = DIRECTION ( 'NONE',  ( 0.0000000000000000000, 0.0000000000000000000, 1.000000000000000000 ) ) ;
#943 = UNCERTAINTY_MEASURE_WITH_UNIT (LENGTH_MEASURE( 1.000000000000000100E-005 ), #327, 'distance_accuracy_value', 'NONE');
#944 = FACE_OUTER_BOUND ( 'NONE', #640, .T. ) ;
#945 = SURFACE_SIDE_STYLE ('',( #1849 ) ) ;
#946 =( NAMED_UNIT ( * ) PLANE_ANGLE_UNIT ( ) SI_UNIT ( $, .RADIAN. ) );
#947 = LINE ( 'NONE', #2307, #1891 ) ;
#948 = FACE_OUTER_BOUND ( 'NONE', #336, .T. ) ;
#949 = VERTEX_POINT ( 'NONE', #589 ) ;
#950 = PRESENTATION_STYLE_ASSIGNMENT (( #1824 ) ) ;
#951 = EDGE_CURVE ( 'NONE', #400, #2051, #1468, .T. ) ;
#952 = SURFACE_SIDE_STYLE ('',( #867 ) ) ;
#953 = AXIS2_PLACEMENT_3D ( 'NONE', #33, #226, #935 ) ;
#954 = ORIENTED_EDGE ( 'NONE', *, *, #990, .F. ) ;
#955 = DIRECTION ( 'NONE',  ( 0.0000000000000000000, -1.000000000000000000, -2.710505431213760100E-016 ) ) ;
#956 = CARTESIAN_POINT ( 'NONE',  ( -1.700000000000000200, -5.600000000000007600, 1.800000000000000500 ) ) ;
#957 = ORIENTED_EDGE ( 'NONE', *, *, #1686, .F. ) ;
#958 = PLANE ( 'NONE',  #1751 ) ;
#959 = FACE_OUTER_BOUND ( 'NONE', #1349, .T. ) ;
#960 = EDGE_CURVE ( 'NONE', #1985, #525, #1302, .T. ) ;
#961 = EDGE_CURVE ( 'NONE', #653, #949, #1524, .T. ) ;
#962 = PLANE ( 'NONE',  #2078 ) ;
#963 = CARTESIAN_POINT ( 'NONE',  ( -2.200000000000000600, 1.350000000000003000, 0.1999999999999999000 ) ) ;
#964 = ORIENTED_EDGE ( 'NONE', *, *, #112, .F. ) ;
#965 = ORIENTED_EDGE ( 'NONE', *, *, #288, .F. ) ;
#966 = STYLED_ITEM ( 'NONE', ( #1811 ), #1825 ) ;
#967 = DIRECTION ( 'NONE',  ( -1.000000000000000000, 4.660466312107517100E-017, 0.0000000000000000000 ) ) ;
#968 = SURFACE_STYLE_USAGE ( .BOTH. , #66 ) ;
#969 = CARTESIAN_POINT ( 'NONE',  ( -1.700000000000000200, -5.600000000000007600, -2.100000000000000100 ) ) ;
#970 = ORIENTED_EDGE ( 'NONE', *, *, #1493, .T. ) ;
#971 = SURFACE_STYLE_FILL_AREA ( #2235 ) ;
#972 = VECTOR ( 'NONE', #2163, 1000.000000000000000 ) ;
#973 = DIRECTION ( 'NONE',  ( -1.000000000000000000, 0.0000000000000000000, 0.0000000000000000000 ) ) ;
#974 = CIRCLE ( 'NONE', #1546, 0.2000000000000000400 ) ;
#975 = CARTESIAN_POINT ( 'NONE',  ( 1.700000000000003500, 0.09999999999999460700, 2.100000000000000100 ) ) ;
#976 = PRESENTATION_STYLE_ASSIGNMENT (( #1942 ) ) ;
#977 = PRESENTATION_LAYER_ASSIGNMENT (  '', '', ( #1034 ) ) ;
#978 =( NAMED_UNIT ( * ) PLANE_ANGLE_UNIT ( ) SI_UNIT ( $, .RADIAN. ) );
#979 =( GEOMETRIC_REPRESENTATION_CONTEXT ( 3 ) GLOBAL_UNCERTAINTY_ASSIGNED_CONTEXT ( ( #1479 ) ) GLOBAL_UNIT_ASSIGNED_CONTEXT ( ( #1172, #1732, #1539 ) ) REPRESENTATION_CONTEXT ( 'NONE', 'WORKASPACE' ) );
#980 = VERTEX_POINT ( 'NONE', #1848 ) ;
#981 = FACE_OUTER_BOUND ( 'NONE', #1077, .T. ) ;
#982 = FILL_AREA_STYLE ('',( #2073 ) ) ;
#983 = PLANE ( 'NONE',  #1229 ) ;
#984 = CIRCLE ( 'NONE', #915, 0.1499999999999999700 ) ;
#985 = LINE ( 'NONE', #1538, #766 ) ;
#986 = FILL_AREA_STYLE_COLOUR ( '', #579 ) ;
#987 = ORIENTED_EDGE ( 'NONE', *, *, #1454, .F. ) ;
#988 = MECHANICAL_DESIGN_GEOMETRIC_PRESENTATION_REPRESENTATION (  '', ( #1034 ), #1161 ) ;
#989 = PRODUCT_DEFINITION ( 'UNKNOWN', '', #751, #1937 ) ;
#990 = EDGE_CURVE ( 'NONE', #2334, #1171, #1890, .T. ) ;
#991 = FILL_AREA_STYLE_COLOUR ( '', #2281 ) ;
#992 = ORIENTED_EDGE ( 'NONE', *, *, #1823, .F. ) ;
#993 = SURFACE_SIDE_STYLE ('',( #1303 ) ) ;
#994 = PRESENTATION_LAYER_ASSIGNMENT (  '', '', ( #391 ) ) ;
#995 = DIRECTION ( 'NONE',  ( 0.0000000000000000000, 0.0000000000000000000, -1.000000000000000000 ) ) ;
#996 = UNCERTAINTY_MEASURE_WITH_UNIT (LENGTH_MEASURE( 1.000000000000000100E-005 ), #516, 'distance_accuracy_value', 'NONE');
#997 = FACE_OUTER_BOUND ( 'NONE', #1846, .T. ) ;
#998 = FILL_AREA_STYLE_COLOUR ( '', #1105 ) ;
#999 = LINE ( 'NONE', #1720, #510 ) ;
#1000 = CARTESIAN_POINT ( 'NONE',  ( -2.200000000000000600, 1.500000000000002900, -1.000000000000000000 ) ) ;
#1001 = PRESENTATION_STYLE_ASSIGNMENT (( #1619 ) ) ;
#1002 = LINE ( 'NONE', #1433, #1237 ) ;
#1003 = VERTEX_POINT ( 'NONE', #2031 ) ;
#1004 = EDGE_CURVE ( 'NONE', #1764, #2026, #548, .T. ) ;
#1005 = DIRECTION ( 'NONE',  ( 1.000000000000000000, -4.517509052022936000E-017, 0.0000000000000000000 ) ) ;
#1006 = VERTEX_POINT ( 'NONE', #1876 ) ;
#1007 = STYLED_ITEM ( 'NONE', ( #1705 ), #1671 ) ;
#1008 = CARTESIAN_POINT ( 'NONE',  ( 2.199999999999999700, 1.500000000000002900, -1.000000000000000000 ) ) ;
#1009 = ORIENTED_EDGE ( 'NONE', *, *, #2164, .T. ) ;
#1010 = VECTOR ( 'NONE', #1191, 1000.000000000000000 ) ;
#1011 = UNCERTAINTY_MEASURE_WITH_UNIT (LENGTH_MEASURE( 1.000000000000000100E-005 ), #927, 'distance_accuracy_value', 'NONE');
#1012 = SURFACE_SIDE_STYLE ('',( #415 ) ) ;
#1013 = CARTESIAN_POINT ( 'NONE',  ( 2.199999999999999700, 1.500000000000002900, 1.000000000000000000 ) ) ;
#1014 = EDGE_CURVE ( 'NONE', #1158, #2212, #781, .T. ) ;
#1015 = DIRECTION ( 'NONE',  ( 1.000000000000000000, -3.252606517456513300E-015, 0.0000000000000000000 ) ) ;
#1016 = ORIENTED_EDGE ( 'NONE', *, *, #1609, .F. ) ;
#1017 = CARTESIAN_POINT ( 'NONE',  ( -2.000000000000000000, 1.500000000000002900, -0.2000000000000000900 ) ) ;
#1018 = ORIENTED_EDGE ( 'NONE', *, *, #710, .F. ) ;
#1019 =( NAMED_UNIT ( * ) SI_UNIT ( $, .STERADIAN. ) SOLID_ANGLE_UNIT ( ) );
#1020 =( NAMED_UNIT ( * ) PLANE_ANGLE_UNIT ( ) SI_UNIT ( $, .RADIAN. ) );
#1021 = SURFACE_STYLE_FILL_AREA ( #2246 ) ;
#1022 = DIRECTION ( 'NONE',  ( -0.0000000000000000000, 1.000000000000000000, -0.0000000000000000000 ) ) ;
#1023 = VERTEX_POINT ( 'NONE', #963 ) ;
#1024 = LINE ( 'NONE', #470, #1969 ) ;
#1025 = CARTESIAN_POINT ( 'NONE',  ( -1.700000000000000200, 0.09999999999999477400, 2.100000000000000100 ) ) ;
#1026 = ORIENTED_EDGE ( 'NONE', *, *, #1119, .F. ) ;
#1027 = PRESENTATION_STYLE_ASSIGNMENT (( #7 ) ) ;
#1028 = ORIENTED_EDGE ( 'NONE', *, *, #1564, .F. ) ;
#1029 = DIRECTION ( 'NONE',  ( 1.000000000000000000, 5.782411586589356700E-016, -0.0000000000000000000 ) ) ;
#1030 = PRESENTATION_STYLE_ASSIGNMENT (( #519 ) ) ;
#1031 = LINE ( 'NONE', #1637, #2115 ) ;
#1032 = SURFACE_SIDE_STYLE ('',( #246 ) ) ;
#1033 =( NAMED_UNIT ( * ) PLANE_ANGLE_UNIT ( ) SI_UNIT ( $, .RADIAN. ) );
#1034 = STYLED_ITEM ( 'NONE', ( #36 ), #498 ) ;
#1035 = AXIS2_PLACEMENT_3D ( 'NONE', #2170, #1084, #1277 ) ;
#1036 = VERTEX_POINT ( 'NONE', #2245 ) ;
#1037 = STYLED_ITEM ( 'NONE', ( #799 ), #25 ) ;
#1038 = CARTESIAN_POINT ( 'NONE',  ( -2.200000000000000600, 2.882512403493081500E-015, -1.000000000000000000 ) ) ;
#1039 = FACE_OUTER_BOUND ( 'NONE', #1607, .T. ) ;
#1040 = FILL_AREA_STYLE ('',( #446 ) ) ;
#1041 = AXIS2_PLACEMENT_3D ( 'NONE', #1078, #897, #2142 ) ;
#1042 =( LENGTH_UNIT ( ) NAMED_UNIT ( * ) SI_UNIT ( .MILLI., .METRE. ) );
#1043 = DIRECTION ( 'NONE',  ( -0.0000000000000000000, 0.0000000000000000000, -1.000000000000000000 ) ) ;
#1044 = MECHANICAL_DESIGN_GEOMETRIC_PRESENTATION_REPRESENTATION (  '', ( #2065 ), #1512 ) ;
#1045 = VECTOR ( 'NONE', #661, 1000.000000000000000 ) ;
#1046 = LINE ( 'NONE', #889, #1107 ) ;
#1047 = ORIENTED_EDGE ( 'NONE', *, *, #1272, .T. ) ;
#1048 = CARTESIAN_POINT ( 'NONE',  ( -2.050000000000000700, 1.350000000000003000, 1.000000000000000000 ) ) ;
#1049 = ORIENTED_EDGE ( 'NONE', *, *, #1580, .F. ) ;
#1050 = DIRECTION ( 'NONE',  ( 0.0000000000000000000, 0.0000000000000000000, -1.000000000000000000 ) ) ;
#1051 = DIRECTION ( 'NONE',  ( 1.000000000000000000, -0.0000000000000000000, -0.0000000000000000000 ) ) ;
#1052 =( NAMED_UNIT ( * ) SI_UNIT ( $, .STERADIAN. ) SOLID_ANGLE_UNIT ( ) );
#1053 = MECHANICAL_DESIGN_GEOMETRIC_PRESENTATION_REPRESENTATION (  '', ( #2106 ), #887 ) ;
#1054 = DIRECTION ( 'NONE',  ( 1.000000000000000000, -4.660466312107517700E-017, 1.445602896647337700E-015 ) ) ;
#1055 =( NAMED_UNIT ( * ) PLANE_ANGLE_UNIT ( ) SI_UNIT ( $, .RADIAN. ) );
#1056 = PRESENTATION_STYLE_ASSIGNMENT (( #1224 ) ) ;
#1057 = SURFACE_STYLE_FILL_AREA ( #1275 ) ;
#1058 = ORIENTED_EDGE ( 'NONE', *, *, #338, .F. ) ;
#1059 = LINE ( 'NONE', #421, #1780 ) ;
#1060 = EDGE_CURVE ( 'NONE', #884, #625, #1840, .T. ) ;
#1061 = SURFACE_STYLE_FILL_AREA ( #1321 ) ;
#1062 = DIRECTION ( 'NONE',  ( 0.0000000000000000000, -0.0000000000000000000, 1.000000000000000000 ) ) ;
#1063 = DIRECTION ( 'NONE',  ( 4.660466312107517100E-017, 1.000000000000000000, -0.0000000000000000000 ) ) ;
#1064 =( LENGTH_UNIT ( ) NAMED_UNIT ( * ) SI_UNIT ( .MILLI., .METRE. ) );
#1065 = DIRECTION ( 'NONE',  ( -4.336808689942017700E-015, 1.000000000000000000, 0.0000000000000000000 ) ) ;
#1066 = ORIENTED_EDGE ( 'NONE', *, *, #1708, .F. ) ;
#1067 = EDGE_CURVE ( 'NONE', #293, #124, #1673, .T. ) ;
#1068 = DIRECTION ( 'NONE',  ( 1.000000000000000000, -4.660466312107517700E-017, 0.0000000000000000000 ) ) ;
#1069 = LINE ( 'NONE', #171, #206 ) ;
#1070 = CARTESIAN_POINT ( 'NONE',  ( -2.000000000000000000, 1.800000000000000000, 1.800000000000000500 ) ) ;
#1071 = CARTESIAN_POINT ( 'NONE',  ( -2.050000000000000700, 1.500000000000002900, -0.2000000000000000900 ) ) ;
#1072 = FILL_AREA_STYLE ('',( #1813 ) ) ;
#1073 = PRESENTATION_LAYER_ASSIGNMENT (  '', '', ( #2091 ) ) ;
#1074 =( LENGTH_UNIT ( ) NAMED_UNIT ( * ) SI_UNIT ( .MILLI., .METRE. ) );
#1075 = ADVANCED_FACE ( 'NONE', ( #948 ), #2240, .T. ) ;
#1076 = CARTESIAN_POINT ( 'NONE',  ( -2.000000000000000000, 1.300000000000002700, 0.1999999999999999000 ) ) ;
#1077 = EDGE_LOOP ( 'NONE', ( #1863, #2099, #1187, #82 ) ) ;
#1078 = CARTESIAN_POINT ( 'NONE',  ( 2.000000000000003600, -5.600000000000007600, -2.100000000000000100 ) ) ;
#1079 = SURFACE_STYLE_USAGE ( .BOTH. , #1102 ) ;
#1080 = DIRECTION ( 'NONE',  ( -1.000000000000000000, 0.0000000000000000000, 0.0000000000000000000 ) ) ;
#1081 = DIRECTION ( 'NONE',  ( 0.0000000000000000000, 0.0000000000000000000, -1.000000000000000000 ) ) ;
#1082 = VECTOR ( 'NONE', #785, 1000.000000000000000 ) ;
#1083 = EDGE_CURVE ( 'NONE', #1584, #1703, #219, .T. ) ;
#1084 = DIRECTION ( 'NONE',  ( -3.725605184281085300E-015, -1.000000000000000000, 0.0000000000000000000 ) ) ;
#1085 = FILL_AREA_STYLE ('',( #1294 ) ) ;
#1086 = EDGE_CURVE ( 'NONE', #1133, #1023, #999, .T. ) ;
#1087 = VERTEX_POINT ( 'NONE', #253 ) ;
#1088 = ADVANCED_FACE ( 'NONE', ( #1555 ), #730, .T. ) ;
#1089 = SURFACE_STYLE_FILL_AREA ( #2293 ) ;
#1090 = PRESENTATION_LAYER_ASSIGNMENT (  '', '', ( #1844 ) ) ;
#1091 = ORIENTED_EDGE ( 'NONE', *, *, #242, .T. ) ;
#1092 = CARTESIAN_POINT ( 'NONE',  ( -1.399999999999999500, 0.1999999999999999000, 1.000000000000000000 ) ) ;
#1093 = STYLED_ITEM ( 'NONE', ( #1929 ), #588 ) ;
#1094 = CARTESIAN_POINT ( 'NONE',  ( 2.000000000000003600, 1.300000000000002700, -0.2000000000000001800 ) ) ;
#1095 = VECTOR ( 'NONE', #1882, 1000.000000000000000 ) ;
#1096 = ORIENTED_EDGE ( 'NONE', *, *, #63, .T. ) ;
#1097 = VECTOR ( 'NONE', #585, 1000.000000000000000 ) ;
#1098 = CARTESIAN_POINT ( 'NONE',  ( -2.200000000000000600, 1.500000000000002900, 0.1999999999999999000 ) ) ;
#1099 = SURFACE_STYLE_USAGE ( .BOTH. , #1104 ) ;
#1100 = DIRECTION ( 'NONE',  ( 1.000000000000000000, 0.0000000000000000000, 0.0000000000000000000 ) ) ;
#1101 = ORIENTED_EDGE ( 'NONE', *, *, #70, .F. ) ;
#1102 = SURFACE_SIDE_STYLE ('',( #494 ) ) ;
#1103 = DIRECTION ( 'NONE',  ( -3.725605184281085300E-015, -1.000000000000000000, 0.0000000000000000000 ) ) ;
#1104 = SURFACE_SIDE_STYLE ('',( #216 ) ) ;
#1105 = COLOUR_RGB ( '',1.000000000000000000, 1.000000000000000000, 1.000000000000000000 ) ;
#1106 = AXIS2_PLACEMENT_3D ( 'NONE', #262, #83, #1124 ) ;
#1107 = VECTOR ( 'NONE', #1791, 1000.000000000000000 ) ;
#1108 = AXIS2_PLACEMENT_3D ( 'NONE', #1013, #1029, #840 ) ;
#1109 = PLANE ( 'NONE',  #724 ) ;
#1110 = ORIENTED_EDGE ( 'NONE', *, *, #1564, .T. ) ;
#1111 = SURFACE_SIDE_STYLE ('',( #1583 ) ) ;
#1112 = ADVANCED_FACE ( 'NONE', ( #1730 ), #1796, .T. ) ;
#1113 = ORIENTED_EDGE ( 'NONE', *, *, #1067, .F. ) ;
#1114 = VERTEX_POINT ( 'NONE', #534 ) ;
#1115 = DIRECTION ( 'NONE',  ( 0.0000000000000000000, 0.0000000000000000000, -1.000000000000000000 ) ) ;
#1116 = MECHANICAL_DESIGN_GEOMETRIC_PRESENTATION_REPRESENTATION (  '', ( #1293 ), #1894 ) ;
#1117 =( LENGTH_UNIT ( ) NAMED_UNIT ( * ) SI_UNIT ( .MILLI., .METRE. ) );
#1118 = PRODUCT_RELATED_PRODUCT_CATEGORY ( 'part', '', ( #1878 ) ) ;
#1119 = EDGE_CURVE ( 'NONE', #1870, #202, #1606, .T. ) ;
#1120 = LINE ( 'NONE', #1425, #24 ) ;
#1121 = VECTOR ( 'NONE', #705, 1000.000000000000000 ) ;
#1122 = UNCERTAINTY_MEASURE_WITH_UNIT (LENGTH_MEASURE( 1.000000000000000100E-005 ), #665, 'distance_accuracy_value', 'NONE');
#1123 = ORIENTED_EDGE ( 'NONE', *, *, #1579, .T. ) ;
#1124 = DIRECTION ( 'NONE',  ( 0.0000000000000000000, 0.0000000000000000000, -1.000000000000000000 ) ) ;
#1125 = FILL_AREA_STYLE_COLOUR ( '', #1444 ) ;
#1126 = FACE_OUTER_BOUND ( 'NONE', #1502, .T. ) ;
#1127 =( LENGTH_UNIT ( ) NAMED_UNIT ( * ) SI_UNIT ( .MILLI., .METRE. ) );
#1128 = EDGE_CURVE ( 'NONE', #2237, #1006, #511, .T. ) ;
#1129 = COLOUR_RGB ( '',1.000000000000000000, 1.000000000000000000, 1.000000000000000000 ) ;
#1130 = DIRECTION ( 'NONE',  ( 0.0000000000000000000, -0.0000000000000000000, 1.000000000000000000 ) ) ;
#1131 = DIRECTION ( 'NONE',  ( 1.055150084450075200E-015, 0.7071067811865475700, -0.7071067811865474600 ) ) ;
#1132 = VECTOR ( 'NONE', #2301, 1000.000000000000000 ) ;
#1133 = VERTEX_POINT ( 'NONE', #718 ) ;
#1134 = ORIENTED_EDGE ( 'NONE', *, *, #102, .T. ) ;
#1135 = CARTESIAN_POINT ( 'NONE',  ( 1.399999999999999200, 0.1999999999999894600, 1.000000000000000000 ) ) ;
#1136 = AXIS2_PLACEMENT_3D ( 'NONE', #156, #518, #1081 ) ;
#1137 = PRESENTATION_LAYER_ASSIGNMENT (  '', '', ( #562 ) ) ;
#1138 = ORIENTED_EDGE ( 'NONE', *, *, #693, .F. ) ;
#1139 = FILL_AREA_STYLE ('',( #2215 ) ) ;
#1140 = CARTESIAN_POINT ( 'NONE',  ( -2.000000000000000000, -1.050000000000005800, 2.450000000000000600 ) ) ;
#1141 = ORIENTED_EDGE ( 'NONE', *, *, #2088, .F. ) ;
#1142 = EDGE_CURVE ( 'NONE', #1676, #1133, #1355, .T. ) ;
#1143 = VERTEX_POINT ( 'NONE', #1787 ) ;
#1144 = LINE ( 'NONE', #2137, #886 ) ;
#1145 = CARTESIAN_POINT ( 'NONE',  ( -1.399999999999999500, 0.1999999999999999000, 1.000000000000000000 ) ) ;
#1146 = VERTEX_POINT ( 'NONE', #1650 ) ;
#1147 = PRESENTATION_STYLE_ASSIGNMENT (( #1264 ) ) ;
#1148 =( NAMED_UNIT ( * ) PLANE_ANGLE_UNIT ( ) SI_UNIT ( $, .RADIAN. ) );
#1149 = CONICAL_SURFACE ( 'NONE', #2136, 0.1999999999999994300, 0.7853981633974485000 ) ;
#1150 = EDGE_LOOP ( 'NONE', ( #2153, #326, #954, #743 ) ) ;
#1151 = SURFACE_STYLE_FILL_AREA ( #1835 ) ;
#1152 = COLOUR_RGB ( '',1.000000000000000000, 1.000000000000000000, 1.000000000000000000 ) ;
#1153 = LINE ( 'NONE', #686, #1501 ) ;
#1154 = ORIENTED_EDGE ( 'NONE', *, *, #874, .T. ) ;
#1155 = SURFACE_SIDE_STYLE ('',( #1594 ) ) ;
#1156 = DIRECTION ( 'NONE',  ( -1.000000000000000000, 4.660466312107517100E-017, 0.0000000000000000000 ) ) ;
#1157 = CARTESIAN_POINT ( 'NONE',  ( -2.050000000000000700, 1.500000000000002900, 0.1999999999999999000 ) ) ;
#1158 = VERTEX_POINT ( 'NONE', #694 ) ;
#1159 = LINE ( 'NONE', #122, #529 ) ;
#1160 = LINE ( 'NONE', #662, #1286 ) ;
#1161 =( GEOMETRIC_REPRESENTATION_CONTEXT ( 3 ) GLOBAL_UNCERTAINTY_ASSIGNED_CONTEXT ( ( #430 ) ) GLOBAL_UNIT_ASSIGNED_CONTEXT ( ( #1, #537, #182 ) ) REPRESENTATION_CONTEXT ( 'NONE', 'WORKASPACE' ) );
#1162 = STYLED_ITEM ( 'NONE', ( #350 ), #2338 ) ;
#1163 = EDGE_CURVE ( 'NONE', #949, #74, #1913, .T. ) ;
#1164 =( LENGTH_UNIT ( ) NAMED_UNIT ( * ) SI_UNIT ( .MILLI., .METRE. ) );
#1165 = DIRECTION ( 'NONE',  ( -1.000000000000000000, 0.0000000000000000000, 0.0000000000000000000 ) ) ;
#1166 = EDGE_LOOP ( 'NONE', ( #1412, #209, #765, #499 ) ) ;
#1167 = SURFACE_SIDE_STYLE ('',( #1647 ) ) ;
#1168 = PRESENTATION_LAYER_ASSIGNMENT (  '', '', ( #1574 ) ) ;
#1169 = MECHANICAL_DESIGN_GEOMETRIC_PRESENTATION_REPRESENTATION (  '', ( #1681 ), #432 ) ;
#1170 = SURFACE_STYLE_FILL_AREA ( #1515 ) ;
#1171 = VERTEX_POINT ( 'NONE', #885 ) ;
#1172 =( LENGTH_UNIT ( ) NAMED_UNIT ( * ) SI_UNIT ( .MILLI., .METRE. ) );
#1173 = SURFACE_SIDE_STYLE ('',( #1908 ) ) ;
#1174 = CIRCLE ( 'NONE', #471, 0.1499999999999999700 ) ;
#1175 = VECTOR ( 'NONE', #1763, 1000.000000000000000 ) ;
#1176 = ORIENTED_EDGE ( 'NONE', *, *, #1241, .F. ) ;
#1177 = SURFACE_STYLE_USAGE ( .BOTH. , #1886 ) ;
#1178 = UNCERTAINTY_MEASURE_WITH_UNIT (LENGTH_MEASURE( 1.000000000000000100E-005 ), #843, 'distance_accuracy_value', 'NONE');
#1179 = DIRECTION ( 'NONE',  ( 0.0000000000000000000, 0.0000000000000000000, -1.000000000000000000 ) ) ;
#1180 = AXIS2_PLACEMENT_3D ( 'NONE', #2159, #2328, #1455 ) ;
#1181 = SURFACE_STYLE_USAGE ( .BOTH. , #993 ) ;
#1182 = FILL_AREA_STYLE_COLOUR ( '', #763 ) ;
#1183 = EDGE_CURVE ( 'NONE', #74, #1466, #50, .T. ) ;
#1184 = LINE ( 'NONE', #286, #789 ) ;
#1185 =( LENGTH_UNIT ( ) NAMED_UNIT ( * ) SI_UNIT ( .MILLI., .METRE. ) );
#1186 = CYLINDRICAL_SURFACE ( 'NONE', #773, 0.2999999999999999300 ) ;
#1187 = ORIENTED_EDGE ( 'NONE', *, *, #1272, .F. ) ;
#1188 = ORIENTED_EDGE ( 'NONE', *, *, #2182, .F. ) ;
#1189 = UNCERTAINTY_MEASURE_WITH_UNIT (LENGTH_MEASURE( 1.000000000000000100E-005 ), #1665, 'distance_accuracy_value', 'NONE');
#1190 = AXIS2_PLACEMENT_3D ( 'NONE', #1348, #1625, #807 ) ;
#1191 = DIRECTION ( 'NONE',  ( 0.0000000000000000000, 0.0000000000000000000, 1.000000000000000000 ) ) ;
#1192 = EDGE_CURVE ( 'NONE', #128, #512, #2083, .T. ) ;
#1193 = DIRECTION ( 'NONE',  ( -3.295447332782686200E-017, -0.7071067811865475700, 0.7071067811865474600 ) ) ;
#1194 = ORIENTED_EDGE ( 'NONE', *, *, #2184, .T. ) ;
#1195 =( NAMED_UNIT ( * ) PLANE_ANGLE_UNIT ( ) SI_UNIT ( $, .RADIAN. ) );
#1196 = AXIS2_PLACEMENT_3D ( 'NONE', #513, #1446, #1638 ) ;
#1197 = ORIENTED_EDGE ( 'NONE', *, *, #112, .T. ) ;
#1198 = ORIENTED_EDGE ( 'NONE', *, *, #583, .T. ) ;
#1199 = CARTESIAN_POINT ( 'NONE',  ( 1.400000000000000100, -9.797174393178811400E-017, 1.000000000000000000 ) ) ;
#1200 = FILL_AREA_STYLE ('',( #2100 ) ) ;
#1201 = CARTESIAN_POINT ( 'NONE',  ( 2.200000000000000600, 0.1500000000000021300, 1.000000000000000000 ) ) ;
#1202 = VECTOR ( 'NONE', #2283, 1000.000000000000100 ) ;
#1203 = EDGE_LOOP ( 'NONE', ( #570, #827, #1713, #1767 ) ) ;
#1204 = LINE ( 'NONE', #928, #646 ) ;
#1205 = ORIENTED_EDGE ( 'NONE', *, *, #554, .F. ) ;
#1206 = VECTOR ( 'NONE', #1633, 1000.000000000000000 ) ;
#1207 = EDGE_CURVE ( 'NONE', #2287, #731, #624, .T. ) ;
#1208 = CYLINDRICAL_SURFACE ( 'NONE', #1259, 0.1499999999999999700 ) ;
#1209 = EDGE_CURVE ( 'NONE', #1171, #202, #1002, .T. ) ;
#1210 = VECTOR ( 'NONE', #2319, 1000.000000000000000 ) ;
#1211 = VECTOR ( 'NONE', #2161, 1000.000000000000000 ) ;
#1212 = CARTESIAN_POINT ( 'NONE',  ( -2.000000000000000000, 1.500000000000002900, 1.000000000000000000 ) ) ;
#1213 =( LENGTH_UNIT ( ) NAMED_UNIT ( * ) SI_UNIT ( .MILLI., .METRE. ) );
#1214 = SURFACE_SIDE_STYLE ('',( #1220 ) ) ;
#1215 = ORIENTED_EDGE ( 'NONE', *, *, #306, .T. ) ;
#1216 = PRESENTATION_LAYER_ASSIGNMENT (  '', '', ( #1007 ) ) ;
#1217 = CARTESIAN_POINT ( 'NONE',  ( 2.000000000000003600, 1.800000000000000000, -2.100000000000000100 ) ) ;
#1218 = PRESENTATION_LAYER_ASSIGNMENT (  '', '', ( #1260 ) ) ;
#1219 = ORIENTED_EDGE ( 'NONE', *, *, #1580, .T. ) ;
#1220 = SURFACE_STYLE_FILL_AREA ( #1040 ) ;
#1221 = LINE ( 'NONE', #2257, #2339 ) ;
#1222 = DIRECTION ( 'NONE',  ( -1.000000000000000000, -0.0000000000000000000, 0.0000000000000000000 ) ) ;
#1223 = VECTOR ( 'NONE', #967, 1000.000000000000000 ) ;
#1224 = SURFACE_STYLE_USAGE ( .BOTH. , #1032 ) ;
#1225 = CARTESIAN_POINT ( 'NONE',  ( 2.049999999999999800, 1.350000000000003000, 1.000000000000000000 ) ) ;
#1226 = UNCERTAINTY_MEASURE_WITH_UNIT (LENGTH_MEASURE( 1.000000000000000100E-005 ), #2234, 'distance_accuracy_value', 'NONE');
#1227 = ORIENTED_EDGE ( 'NONE', *, *, #1708, .T. ) ;
#1228 = DIRECTION ( 'NONE',  ( 0.0000000000000000000, 0.0000000000000000000, 1.000000000000000000 ) ) ;
#1229 = AXIS2_PLACEMENT_3D ( 'NONE', #97, #1015, #2269 ) ;
#1230 =( GEOMETRIC_REPRESENTATION_CONTEXT ( 3 ) GLOBAL_UNCERTAINTY_ASSIGNED_CONTEXT ( ( #132 ) ) GLOBAL_UNIT_ASSIGNED_CONTEXT ( ( #1127, #406, #2228 ) ) REPRESENTATION_CONTEXT ( 'NONE', 'WORKASPACE' ) );
#1231 = CARTESIAN_POINT ( 'NONE',  ( 2.050000000000001200, 2.323671625850920100E-015, -1.000000000000000000 ) ) ;
#1232 = ORIENTED_EDGE ( 'NONE', *, *, #2040, .T. ) ;
#1233 =( LENGTH_UNIT ( ) NAMED_UNIT ( * ) SI_UNIT ( .MILLI., .METRE. ) );
#1234 = FILL_AREA_STYLE_COLOUR ( '', #753 ) ;
#1235 = VECTOR ( 'NONE', #1707, 1000.000000000000000 ) ;
#1236 = DIRECTION ( 'NONE',  ( 0.0000000000000000000, -0.0000000000000000000, 1.000000000000000000 ) ) ;
#1237 = VECTOR ( 'NONE', #348, 1000.000000000000000 ) ;
#1238 = ORIENTED_EDGE ( 'NONE', *, *, #222, .T. ) ;
#1239 =( NAMED_UNIT ( * ) PLANE_ANGLE_UNIT ( ) SI_UNIT ( $, .RADIAN. ) );
#1240 = PRESENTATION_LAYER_ASSIGNMENT (  '', '', ( #478 ) ) ;
#1241 = EDGE_CURVE ( 'NONE', #124, #1783, #974, .T. ) ;
#1242 = CARTESIAN_POINT ( 'NONE',  ( -2.200000000000000600, 0.1500000000000023000, 1.000000000000000000 ) ) ;
#1243 = LINE ( 'NONE', #2278, #328 ) ;
#1244 = SURFACE_SIDE_STYLE ('',( #2186 ) ) ;
#1245 = SURFACE_STYLE_USAGE ( .BOTH. , #2314 ) ;
#1246 =( GEOMETRIC_REPRESENTATION_CONTEXT ( 3 ) GLOBAL_UNCERTAINTY_ASSIGNED_CONTEXT ( ( #2271 ) ) GLOBAL_UNIT_ASSIGNED_CONTEXT ( ( #668, #1952, #2275 ) ) REPRESENTATION_CONTEXT ( 'NONE', 'WORKASPACE' ) );
#1247 = SURFACE_SIDE_STYLE ('',( #1089 ) ) ;
#1248 = LINE ( 'NONE', #234, #1336 ) ;
#1249 = SURFACE_STYLE_FILL_AREA ( #2001 ) ;
#1250 = DIRECTION ( 'NONE',  ( 1.000000000000000000, -3.794707603699267900E-015, 0.0000000000000000000 ) ) ;
#1251 = VERTEX_POINT ( 'NONE', #1827 ) ;
#1252 = FILL_AREA_STYLE ('',( #370 ) ) ;
#1253 =( NAMED_UNIT ( * ) PLANE_ANGLE_UNIT ( ) SI_UNIT ( $, .RADIAN. ) );
#1254 = EDGE_CURVE ( 'NONE', #2054, #884, #2033, .T. ) ;
#1255 = PRODUCT_CONTEXT ( 'NONE', #2315, 'mechanical' ) ;
#1256 = CARTESIAN_POINT ( 'NONE',  ( 2.000000000000003600, 1.300000000000002700, 0.1999999999999999000 ) ) ;
#1257 = ADVANCED_FACE ( 'NONE', ( #485 ), #180, .T. ) ;
#1258 = ORIENTED_EDGE ( 'NONE', *, *, #445, .T. ) ;
#1259 = AXIS2_PLACEMENT_3D ( 'NONE', #1723, #96, #630 ) ;
#1260 = STYLED_ITEM ( 'NONE', ( #483 ), #728 ) ;
#1261 = DIRECTION ( 'NONE',  ( 0.0000000000000000000, 0.0000000000000000000, -1.000000000000000000 ) ) ;
#1262 = SURFACE_STYLE_USAGE ( .BOTH. , #507 ) ;
#1263 = SURFACE_SIDE_STYLE ('',( #1151 ) ) ;
#1264 = SURFACE_STYLE_USAGE ( .BOTH. , #1995 ) ;
#1265 = CARTESIAN_POINT ( 'NONE',  ( 1.999999999999999600, 1.500000000000002700, 1.000000000000000000 ) ) ;
#1266 = COLOUR_RGB ( '',1.000000000000000000, 1.000000000000000000, 1.000000000000000000 ) ;
#1267 = DIRECTION ( 'NONE',  ( -1.000000000000000000, 3.725605184281085300E-015, 0.0000000000000000000 ) ) ;
#1268 = VECTOR ( 'NONE', #45, 1000.000000000000000 ) ;
#1269 = ORIENTED_EDGE ( 'NONE', *, *, #1898, .T. ) ;
#1270 = FACE_OUTER_BOUND ( 'NONE', #312, .T. ) ;
#1271 = PRESENTATION_STYLE_ASSIGNMENT (( #1548 ) ) ;
#1272 = EDGE_CURVE ( 'NONE', #1545, #980, #26, .T. ) ;
#1273 = UNCERTAINTY_MEASURE_WITH_UNIT (LENGTH_MEASURE( 1.000000000000000100E-005 ), #458, 'distance_accuracy_value', 'NONE');
#1274 = CARTESIAN_POINT ( 'NONE',  ( -2.050000000000001200, 2.323671625850920400E-015, 1.000000000000000000 ) ) ;
#1275 = FILL_AREA_STYLE ('',( #1631 ) ) ;
#1276 =( NAMED_UNIT ( * ) PLANE_ANGLE_UNIT ( ) SI_UNIT ( $, .RADIAN. ) );
#1277 = DIRECTION ( 'NONE',  ( 1.000000000000000000, -3.794707603699263900E-015, 0.0000000000000000000 ) ) ;
#1278 =( LENGTH_UNIT ( ) NAMED_UNIT ( * ) SI_UNIT ( .MILLI., .METRE. ) );
#1279 = ADVANCED_FACE ( 'NONE', ( #556 ), #563, .T. ) ;
#1280 = ORIENTED_EDGE ( 'NONE', *, *, #142, .F. ) ;
#1281 =( LENGTH_UNIT ( ) NAMED_UNIT ( * ) SI_UNIT ( .MILLI., .METRE. ) );
#1282 = ORIENTED_EDGE ( 'NONE', *, *, #583, .F. ) ;
#1283 = CARTESIAN_POINT ( 'NONE',  ( -2.050000000000000700, 1.350000000000003000, 0.1999999999999998700 ) ) ;
#1284 = SURFACE_SIDE_STYLE ('',( #21 ) ) ;
#1285 = LINE ( 'NONE', #397, #1223 ) ;
#1286 = VECTOR ( 'NONE', #868, 999.9999999999998900 ) ;
#1287 = DIRECTION ( 'NONE',  ( 1.000000000000000000, -0.0000000000000000000, -0.0000000000000000000 ) ) ;
#1288 = ADVANCED_FACE ( 'NONE', ( #87 ), #559, .T. ) ;
#1289 = SURFACE_SIDE_STYLE ('',( #1399 ) ) ;
#1290 = ORIENTED_EDGE ( 'NONE', *, *, #2088, .T. ) ;
#1291 = DIRECTION ( 'NONE',  ( 1.000000000000000000, 0.0000000000000000000, 0.0000000000000000000 ) ) ;
#1292 =( NAMED_UNIT ( * ) SI_UNIT ( $, .STERADIAN. ) SOLID_ANGLE_UNIT ( ) );
#1293 = STYLED_ITEM ( 'NONE', ( #413 ), #521 ) ;
#1294 = FILL_AREA_STYLE_COLOUR ( '', #509 ) ;
#1295 = AXIS2_PLACEMENT_3D ( 'NONE', #2178, #185, #1451 ) ;
#1296 = AXIS2_PLACEMENT_3D ( 'NONE', #2226, #61, #1165 ) ;
#1297 =( NAMED_UNIT ( * ) SI_UNIT ( $, .STERADIAN. ) SOLID_ANGLE_UNIT ( ) );
#1298 = ADVANCED_FACE ( 'NONE', ( #1039 ), #565, .T. ) ;
#1299 = MECHANICAL_DESIGN_GEOMETRIC_PRESENTATION_REPRESENTATION (  '', ( #1574 ), #1695 ) ;
#1300 = MECHANICAL_DESIGN_GEOMETRIC_PRESENTATION_REPRESENTATION (  '', ( #1314 ), #1911 ) ;
#1301 = DIRECTION ( 'NONE',  ( 0.0000000000000000000, 0.0000000000000000000, -1.000000000000000000 ) ) ;
#1302 = CIRCLE ( 'NONE', #341, 0.1999999999999993400 ) ;
#1303 = SURFACE_STYLE_FILL_AREA ( #1590 ) ;
#1304 = SURFACE_STYLE_USAGE ( .BOTH. , #1111 ) ;
#1305 = ORIENTED_EDGE ( 'NONE', *, *, #35, .T. ) ;
#1306 = DIRECTION ( 'NONE',  ( 0.0000000000000000000, 0.0000000000000000000, -1.000000000000000000 ) ) ;
#1307 = EDGE_LOOP ( 'NONE', ( #20, #463, #2150, #1534, #440, #818, #2053, #893 ) ) ;
#1308 = SURFACE_SIDE_STYLE ('',( #1386 ) ) ;
#1309 =( NAMED_UNIT ( * ) SI_UNIT ( $, .STERADIAN. ) SOLID_ANGLE_UNIT ( ) );
#1310 = CIRCLE ( 'NONE', #1352, 0.1999999999999995400 ) ;
#1311 = FACE_OUTER_BOUND ( 'NONE', #696, .T. ) ;
#1312 = CARTESIAN_POINT ( 'NONE',  ( 2.200000000000000600, 1.300000000000002700, -0.2000000000000001800 ) ) ;
#1313 = STYLED_ITEM ( 'NONE', ( #2114 ), #1634 ) ;
#1314 = STYLED_ITEM ( 'NONE', ( #819 ), #564 ) ;
#1315 = VERTEX_POINT ( 'NONE', #1025 ) ;
#1316 = FACE_OUTER_BOUND ( 'NONE', #1322, .T. ) ;
#1317 = FILL_AREA_STYLE_COLOUR ( '', #848 ) ;
#1318 = EDGE_LOOP ( 'NONE', ( #1758, #656, #1357, #2125 ) ) ;
#1319 =( NAMED_UNIT ( * ) SI_UNIT ( $, .STERADIAN. ) SOLID_ANGLE_UNIT ( ) );
#1320 = EDGE_CURVE ( 'NONE', #1676, #1944, #2185, .T. ) ;
#1321 = FILL_AREA_STYLE ('',( #1679 ) ) ;
#1322 = EDGE_LOOP ( 'NONE', ( #2325, #146, #2131, #1101 ) ) ;
#1323 = DIRECTION ( 'NONE',  ( -0.0000000000000000000, -1.000000000000000000, -0.0000000000000000000 ) ) ;
#1324 = PRESENTATION_LAYER_ASSIGNMENT (  '', '', ( #1804 ) ) ;
#1325 = EDGE_CURVE ( 'NONE', #2037, #161, #734, .T. ) ;
#1326 = LINE ( 'NONE', #1841, #829 ) ;
#1327 = ORIENTED_EDGE ( 'NONE', *, *, #2221, .T. ) ;
#1328 = STYLED_ITEM ( 'NONE', ( #129 ), #1112 ) ;
#1329 = FACE_OUTER_BOUND ( 'NONE', #1166, .T. ) ;
#1330 = FILL_AREA_STYLE_COLOUR ( '', #480 ) ;
#1331 = CARTESIAN_POINT ( 'NONE',  ( 2.199999999999999700, 1.350000000000003000, 1.000000000000000000 ) ) ;
#1332 = EDGE_LOOP ( 'NONE', ( #647, #1639, #1141, #1016 ) ) ;
#1333 = EDGE_CURVE ( 'NONE', #2287, #177, #1717, .T. ) ;
#1334 = ORIENTED_EDGE ( 'NONE', *, *, #1570, .T. ) ;
#1335 = SURFACE_STYLE_FILL_AREA ( #92 ) ;
#1336 = VECTOR ( 'NONE', #1507, 1000.000000000000000 ) ;
#1337 = EDGE_CURVE ( 'NONE', #884, #74, #1159, .T. ) ;
#1338 = FILL_AREA_STYLE ('',( #1125 ) ) ;
#1339 = CARTESIAN_POINT ( 'NONE',  ( 2.000000000000003600, 1.800000000000000000, -1.800000000000000500 ) ) ;
#1340 = SURFACE_STYLE_FILL_AREA ( #1904 ) ;
#1341 = CARTESIAN_POINT ( 'NONE',  ( 2.199999999999999700, 1.500000000000002900, 1.000000000000000000 ) ) ;
#1342 = STYLED_ITEM ( 'NONE', ( #606 ), #1860 ) ;
#1343 = AXIS2_PLACEMENT_3D ( 'NONE', #2067, #1115, #973 ) ;
#1344 = VERTEX_POINT ( 'NONE', #1757 ) ;
#1345 = PLANE ( 'NONE',  #1405 ) ;
#1346 = CARTESIAN_POINT ( 'NONE',  ( 2.199999999999999700, 0.2000000000000028700, -1.000000000000000000 ) ) ;
#1347 = VECTOR ( 'NONE', #597, 999.9999999999998900 ) ;
#1348 = CARTESIAN_POINT ( 'NONE',  ( -0.8999999999999996900, 0.1999999999999980400, -1.099999999999997900 ) ) ;
#1349 = EDGE_LOOP ( 'NONE', ( #2218, #1582, #1547, #443 ) ) ;
#1350 = DIRECTION ( 'NONE',  ( 0.0000000000000000000, -0.0000000000000000000, 1.000000000000000000 ) ) ;
#1351 = CARTESIAN_POINT ( 'NONE',  ( -2.000000000000000000, 0.09999999999999477400, -1.299999999999997400 ) ) ;
#1352 = AXIS2_PLACEMENT_3D ( 'NONE', #314, #678, #1576 ) ;
#1353 = EDGE_LOOP ( 'NONE', ( #2285, #1238, #2251, #273, #1232, #1805, #811, #1839 ) ) ;
#1354 =( GEOMETRIC_REPRESENTATION_CONTEXT ( 3 ) GLOBAL_UNCERTAINTY_ASSIGNED_CONTEXT ( ( #2066 ) ) GLOBAL_UNIT_ASSIGNED_CONTEXT ( ( #58, #334, #881 ) ) REPRESENTATION_CONTEXT ( 'NONE', 'WORKASPACE' ) );
#1355 = CIRCLE ( 'NONE', #1975, 0.1499999999999999700 ) ;
#1356 = LINE ( 'NONE', #358, #1608 ) ;
#1357 = ORIENTED_EDGE ( 'NONE', *, *, #329, .F. ) ;
#1358 = SURFACE_STYLE_USAGE ( .BOTH. , #107 ) ;
#1359 =( NAMED_UNIT ( * ) PLANE_ANGLE_UNIT ( ) SI_UNIT ( $, .RADIAN. ) );
#1360 = PRESENTATION_STYLE_ASSIGNMENT (( #1514 ) ) ;
#1361 = STYLED_ITEM ( 'NONE', ( #5 ), #544 ) ;
#1362 = MECHANICAL_DESIGN_GEOMETRIC_PRESENTATION_REPRESENTATION (  '', ( #1680 ), #873 ) ;
#1363 = ORIENTED_EDGE ( 'NONE', *, *, #1163, .T. ) ;
#1364 = SURFACE_SIDE_STYLE ('',( #2274 ) ) ;
#1365 = EDGE_CURVE ( 'NONE', #400, #411, #1903, .T. ) ;
#1366 = VERTEX_POINT ( 'NONE', #641 ) ;
#1367 = SURFACE_STYLE_USAGE ( .BOTH. , #1384 ) ;
#1368 =( NAMED_UNIT ( * ) SI_UNIT ( $, .STERADIAN. ) SOLID_ANGLE_UNIT ( ) );
#1369 = AXIS2_PLACEMENT_3D ( 'NONE', #1048, #1946, #1596 ) ;
#1370 = ADVANCED_BREP_SHAPE_REPRESENTATION ( 'HCM1A4020V2', ( #498, #227 ), #198 ) ;
#1371 = EDGE_LOOP ( 'NONE', ( #12, #2005, #1058, #1693 ) ) ;
#1372 = CARTESIAN_POINT ( 'NONE',  ( -1.400000000000000100, -9.797174393178811400E-017, -1.000000000000000000 ) ) ;
#1373 = LINE ( 'NONE', #654, #2270 ) ;
#1374 = EDGE_LOOP ( 'NONE', ( #387, #1382, #786, #837 ) ) ;
#1375 =( LENGTH_UNIT ( ) NAMED_UNIT ( * ) SI_UNIT ( .MILLI., .METRE. ) );
#1376 = VECTOR ( 'NONE', #592, 1000.000000000000000 ) ;
#1377 = PRESENTATION_LAYER_ASSIGNMENT (  '', '', ( #801 ) ) ;
#1378 = CARTESIAN_POINT ( 'NONE',  ( 0.8000000000000028200, 0.1999999999999946800, -1.099999999999997600 ) ) ;
#1379 = AXIS2_PLACEMENT_3D ( 'NONE', #1653, #1646, #1427 ) ;
#1380 = ORIENTED_EDGE ( 'NONE', *, *, #424, .T. ) ;
#1381 = EDGE_CURVE ( 'NONE', #1783, #472, #1656, .T. ) ;
#1382 = ORIENTED_EDGE ( 'NONE', *, *, #636, .F. ) ;
#1383 = SURFACE_STYLE_FILL_AREA ( #1338 ) ;
#1384 = SURFACE_SIDE_STYLE ('',( #1593 ) ) ;
#1385 = CARTESIAN_POINT ( 'NONE',  ( 2.000000000000003600, 1.500000000000002900, 0.1999999999999999000 ) ) ;
#1386 = SURFACE_STYLE_FILL_AREA ( #932 ) ;
#1387 = CARTESIAN_POINT ( 'NONE',  ( -0.8999999999999996900, 0.09999999999999473200, 1.099999999999999600 ) ) ;
#1388 = EDGE_LOOP ( 'NONE', ( #877, #1490, #2103, #1441 ) ) ;
#1389 = CARTESIAN_POINT ( 'NONE',  ( -2.050000000000000700, 0.1500000000000023000, 1.000000000000000000 ) ) ;
#1390 = ORIENTED_EDGE ( 'NONE', *, *, #821, .T. ) ;
#1391 = DIRECTION ( 'NONE',  ( 0.0000000000000000000, -0.7071067811865474600, -0.7071067811865475700 ) ) ;
#1392 = ORIENTED_EDGE ( 'NONE', *, *, #462, .T. ) ;
#1393 = CARTESIAN_POINT ( 'NONE',  ( -2.200000000000000600, 1.500000000000002900, -0.2000000000000000900 ) ) ;
#1394 = FILL_AREA_STYLE_COLOUR ( '', #48 ) ;
#1395 = ORIENTED_EDGE ( 'NONE', *, *, #1254, .T. ) ;
#1396 = FILL_AREA_STYLE ('',( #1234 ) ) ;
#1397 = PRESENTATION_LAYER_ASSIGNMENT (  '', '', ( #1293 ) ) ;
#1398 =( GEOMETRIC_REPRESENTATION_CONTEXT ( 3 ) GLOBAL_UNCERTAINTY_ASSIGNED_CONTEXT ( ( #2210 ) ) GLOBAL_UNIT_ASSIGNED_CONTEXT ( ( #540, #1462, #172 ) ) REPRESENTATION_CONTEXT ( 'NONE', 'WORKASPACE' ) );
#1399 = SURFACE_STYLE_FILL_AREA ( #1843 ) ;
#1400 = EDGE_CURVE ( 'NONE', #1114, #2334, #88, .T. ) ;
#1401 = SURFACE_SIDE_STYLE ('',( #1928 ) ) ;
#1402 = LINE ( 'NONE', #780, #1504 ) ;
#1403 = DIRECTION ( 'NONE',  ( 0.0000000000000000000, 1.000000000000000000, 0.0000000000000000000 ) ) ;
#1404 = EDGE_LOOP ( 'NONE', ( #1733, #1506, #1327, #2279, #437, #2079, #1874, #775 ) ) ;
#1405 = AXIS2_PLACEMENT_3D ( 'NONE', #596, #2030, #2044 ) ;
#1406 = SURFACE_STYLE_USAGE ( .BOTH. , #1614 ) ;
#1407 =( GEOMETRIC_REPRESENTATION_CONTEXT ( 3 ) GLOBAL_UNCERTAINTY_ASSIGNED_CONTEXT ( ( #345 ) ) GLOBAL_UNIT_ASSIGNED_CONTEXT ( ( #41, #946, #1309 ) ) REPRESENTATION_CONTEXT ( 'NONE', 'WORKASPACE' ) );
#1408 = SHAPE_DEFINITION_REPRESENTATION ( #1978, #1370 ) ;
#1409 =( LENGTH_UNIT ( ) NAMED_UNIT ( * ) SI_UNIT ( .MILLI., .METRE. ) );
#1410 = VECTOR ( 'NONE', #114, 1000.000000000000000 ) ;
#1411 = CARTESIAN_POINT ( 'NONE',  ( 2.049999999999999800, 1.500000000000002900, -1.000000000000000000 ) ) ;
#1412 = ORIENTED_EDGE ( 'NONE', *, *, #594, .F. ) ;
#1413 = CIRCLE ( 'NONE', #1692, 0.1499999999999999700 ) ;
#1414 = MECHANICAL_DESIGN_GEOMETRIC_PRESENTATION_REPRESENTATION (  '', ( #1313 ), #979 ) ;
#1415 = SURFACE_SIDE_STYLE ('',( #1249 ) ) ;
#1416 =( GEOMETRIC_REPRESENTATION_CONTEXT ( 3 ) GLOBAL_UNCERTAINTY_ASSIGNED_CONTEXT ( ( #1658 ) ) GLOBAL_UNIT_ASSIGNED_CONTEXT ( ( #1278, #727, #1815 ) ) REPRESENTATION_CONTEXT ( 'NONE', 'WORKASPACE' ) );
#1417 = CARTESIAN_POINT ( 'NONE',  ( -2.200000000000000600, 1.300000000000002700, 0.1999999999999999000 ) ) ;
#1418 = UNCERTAINTY_MEASURE_WITH_UNIT (LENGTH_MEASURE( 1.000000000000000100E-005 ), #798, 'distance_accuracy_value', 'NONE');
#1419 = CARTESIAN_POINT ( 'NONE',  ( 0.9000000000000029100, 0.09999999999999464900, 1.099999999999999600 ) ) ;
#1420 = DIRECTION ( 'NONE',  ( -4.660466312107517100E-017, -1.000000000000000000, 0.0000000000000000000 ) ) ;
#1421 = EDGE_CURVE ( 'NONE', #752, #2280, #933, .T. ) ;
#1422 = VECTOR ( 'NONE', #1907, 1000.000000000000000 ) ;
#1423 = LINE ( 'NONE', #1948, #750 ) ;
#1424 = CARTESIAN_POINT ( 'NONE',  ( 0.7000000000000035100, 0.09999999999999466300, 0.0000000000000000000 ) ) ;
#1425 = CARTESIAN_POINT ( 'NONE',  ( -2.200000000000000600, 1.300000000000002700, -0.2000000000000001800 ) ) ;
#1426 = EDGE_LOOP ( 'NONE', ( #290, #239, #1591, #645, #707 ) ) ;
#1427 = DIRECTION ( 'NONE',  ( -1.000000000000000000, 0.0000000000000000000, 0.0000000000000000000 ) ) ;
#1428 = ADVANCED_FACE ( 'NONE', ( #2308 ), #137, .T. ) ;
#1429 = DIRECTION ( 'NONE',  ( 0.0000000000000000000, -1.000000000000000000, 0.0000000000000000000 ) ) ;
#1430 = LINE ( 'NONE', #46, #384 ) ;
#1431 = MECHANICAL_DESIGN_GEOMETRIC_PRESENTATION_REPRESENTATION (  '', ( #2317 ), #2208 ) ;
#1432 = PRESENTATION_LAYER_ASSIGNMENT (  '', '', ( #2132 ) ) ;
#1433 = CARTESIAN_POINT ( 'NONE',  ( 4.890419564799477100E-018, 0.09999999999999469000, 1.299999999999999200 ) ) ;
#1434 = VERTEX_POINT ( 'NONE', #1711 ) ;
#1435 = UNCERTAINTY_MEASURE_WITH_UNIT (LENGTH_MEASURE( 1.000000000000000100E-005 ), #859, 'distance_accuracy_value', 'NONE');
#1436 = CARTESIAN_POINT ( 'NONE',  ( 2.000000000000003600, 0.09999999999999460700, 0.0000000000000000000 ) ) ;
#1437 = FILL_AREA_STYLE_COLOUR ( '', #317 ) ;
#1438 = FILL_AREA_STYLE ('',( #1449 ) ) ;
#1439 = MECHANICAL_DESIGN_GEOMETRIC_PRESENTATION_REPRESENTATION (  '', ( #2214 ), #925 ) ;
#1440 = CARTESIAN_POINT ( 'NONE',  ( 0.8000000000000028200, 0.1999999999999946800, 1.099999999999999600 ) ) ;
#1441 = ORIENTED_EDGE ( 'NONE', *, *, #1004, .F. ) ;
#1442 = VECTOR ( 'NONE', #123, 1000.000000000000000 ) ;
#1443 = CARTESIAN_POINT ( 'NONE',  ( -1.400000000000000100, -9.797174393178811400E-017, -1.000000000000000000 ) ) ;
#1444 = COLOUR_RGB ( '',0.5019607843137254800, 0.5019607843137254800, 0.5019607843137254800 ) ;
#1445 = VECTOR ( 'NONE', #849, 1000.000000000000000 ) ;
#1446 = DIRECTION ( 'NONE',  ( -4.660466312107517100E-017, -1.000000000000000000, 0.0000000000000000000 ) ) ;
#1447 = ADVANCED_FACE ( 'NONE', ( #959 ), #1345, .T. ) ;
#1448 =( NAMED_UNIT ( * ) PLANE_ANGLE_UNIT ( ) SI_UNIT ( $, .RADIAN. ) );
#1449 = FILL_AREA_STYLE_COLOUR ( '', #721 ) ;
#1450 = EDGE_CURVE ( 'NONE', #980, #1628, #1285, .T. ) ;
#1451 = DIRECTION ( 'NONE',  ( 0.0000000000000000000, 1.000000000000000000, 2.710505431213760100E-016 ) ) ;
#1452 = VERTEX_POINT ( 'NONE', #1530 ) ;
#1453 = PLANE ( 'NONE',  #49 ) ;
#1454 = EDGE_CURVE ( 'NONE', #1366, #1944, #2258, .T. ) ;
#1455 = DIRECTION ( 'NONE',  ( -1.000000000000000000, 0.0000000000000000000, 0.0000000000000000000 ) ) ;
#1456 = FILL_AREA_STYLE ('',( #1966 ) ) ;
#1457 = ADVANCED_FACE ( 'NONE', ( #256 ), #1875, .F. ) ;
#1458 = AXIS2_PLACEMENT_3D ( 'NONE', #755, #738, #2028 ) ;
#1459 = DIRECTION ( 'NONE',  ( 0.0000000000000000000, 1.000000000000000000, 2.710505431213760100E-016 ) ) ;
#1460 = PRESENTATION_LAYER_ASSIGNMENT (  '', '', ( #1093 ) ) ;
#1461 =( NAMED_UNIT ( * ) PLANE_ANGLE_UNIT ( ) SI_UNIT ( $, .RADIAN. ) );
#1462 =( NAMED_UNIT ( * ) PLANE_ANGLE_UNIT ( ) SI_UNIT ( $, .RADIAN. ) );
#1463 = CARTESIAN_POINT ( 'NONE',  ( 2.050000000000001200, 2.323671625850920100E-015, 1.000000000000000000 ) ) ;
#1464 = ORIENTED_EDGE ( 'NONE', *, *, #497, .F. ) ;
#1465 = EDGE_LOOP ( 'NONE', ( #706, #2000, #1980, #1694, #479 ) ) ;
#1466 = VERTEX_POINT ( 'NONE', #784 ) ;
#1467 = SURFACE_STYLE_FILL_AREA ( #207 ) ;
#1468 = LINE ( 'NONE', #1678, #354 ) ;
#1469 = SURFACE_SIDE_STYLE ('',( #931 ) ) ;
#1470 = CIRCLE ( 'NONE', #926, 0.09999999999999993600 ) ;
#1471 = COLOUR_RGB ( '',0.5019607843137254800, 0.5019607843137254800, 0.5019607843137254800 ) ;
#1472 = FACE_OUTER_BOUND ( 'NONE', #1388, .T. ) ;
#1473 =( NAMED_UNIT ( * ) SI_UNIT ( $, .STERADIAN. ) SOLID_ANGLE_UNIT ( ) );
#1474 =( NAMED_UNIT ( * ) SI_UNIT ( $, .STERADIAN. ) SOLID_ANGLE_UNIT ( ) );
#1475 = ADVANCED_FACE ( 'NONE', ( #1311 ), #962, .T. ) ;
#1476 = EDGE_LOOP ( 'NONE', ( #1047, #1522, #356, #1700 ) ) ;
#1477 =( GEOMETRIC_REPRESENTATION_CONTEXT ( 3 ) GLOBAL_UNCERTAINTY_ASSIGNED_CONTEXT ( ( #757 ) ) GLOBAL_UNIT_ASSIGNED_CONTEXT ( ( #153, #643, #1932 ) ) REPRESENTATION_CONTEXT ( 'NONE', 'WORKASPACE' ) );
#1478 = DIRECTION ( 'NONE',  ( 0.0000000000000000000, -0.7071067811865474600, -0.7071067811865474600 ) ) ;
#1479 = UNCERTAINTY_MEASURE_WITH_UNIT (LENGTH_MEASURE( 1.000000000000000100E-005 ), #1172, 'distance_accuracy_value', 'NONE');
#1480 = PRESENTATION_LAYER_ASSIGNMENT (  '', '', ( #966 ) ) ;
#1481 = COLOUR_RGB ( '',1.000000000000000000, 1.000000000000000000, 1.000000000000000000 ) ;
#1482 = PRESENTATION_STYLE_ASSIGNMENT (( #313 ) ) ;
#1483 = LINE ( 'NONE', #1436, #1544 ) ;
#1484 = DIRECTION ( 'NONE',  ( 4.660466312107517100E-017, 1.000000000000000000, -0.0000000000000000000 ) ) ;
#1485 = ORIENTED_EDGE ( 'NONE', *, *, #357, .T. ) ;
#1486 = COLOUR_RGB ( '',0.5019607843137254800, 0.5019607843137254800, 0.5019607843137254800 ) ;
#1487 = ORIENTED_EDGE ( 'NONE', *, *, #951, .F. ) ;
#1488 =( NAMED_UNIT ( * ) PLANE_ANGLE_UNIT ( ) SI_UNIT ( $, .RADIAN. ) );
#1489 = PRESENTATION_LAYER_ASSIGNMENT (  '', '', ( #1361 ) ) ;
#1490 = ORIENTED_EDGE ( 'NONE', *, *, #450, .F. ) ;
#1491 = DIRECTION ( 'NONE',  ( 0.0000000000000000000, 0.0000000000000000000, -1.000000000000000000 ) ) ;
#1492 = PRESENTATION_LAYER_ASSIGNMENT (  '', '', ( #2086 ) ) ;
#1493 = EDGE_CURVE ( 'NONE', #861, #190, #732, .T. ) ;
#1494 = CARTESIAN_POINT ( 'NONE',  ( 9.320932624214786700E-018, 0.1999999999999947100, 1.199999999999999700 ) ) ;
#1495 = PRESENTATION_LAYER_ASSIGNMENT (  '', '', ( #1589 ) ) ;
#1496 = VECTOR ( 'NONE', #2160, 1000.000000000000000 ) ;
#1497 = COLOUR_RGB ( '',0.5019607843137254800, 0.5019607843137254800, 0.5019607843137254800 ) ;
#1498 = VECTOR ( 'NONE', #1927, 1000.000000000000000 ) ;
#1499 = DIRECTION ( 'NONE',  ( -1.000000000000000000, 4.660466312107517100E-017, 0.0000000000000000000 ) ) ;
#1500 = DIRECTION ( 'NONE',  ( -0.0000000000000000000, 0.0000000000000000000, -1.000000000000000000 ) ) ;
#1501 = VECTOR ( 'NONE', #671, 1000.000000000000000 ) ;
#1502 = EDGE_LOOP ( 'NONE', ( #1198, #522, #1510, #1280 ) ) ;
#1503 = FILL_AREA_STYLE_COLOUR ( '', #407 ) ;
#1504 = VECTOR ( 'NONE', #396, 1000.000000000000000 ) ;
#1505 = EDGE_CURVE ( 'NONE', #73, #1434, #1248, .T. ) ;
#1506 = ORIENTED_EDGE ( 'NONE', *, *, #754, .T. ) ;
#1507 = DIRECTION ( 'NONE',  ( 0.0000000000000000000, 0.0000000000000000000, -1.000000000000000000 ) ) ;
#1508 =( NAMED_UNIT ( * ) PLANE_ANGLE_UNIT ( ) SI_UNIT ( $, .RADIAN. ) );
#1509 = SURFACE_STYLE_USAGE ( .BOTH. , #790 ) ;
#1510 = ORIENTED_EDGE ( 'NONE', *, *, #658, .F. ) ;
#1511 = LINE ( 'NONE', #626, #464 ) ;
#1512 =( GEOMETRIC_REPRESENTATION_CONTEXT ( 3 ) GLOBAL_UNCERTAINTY_ASSIGNED_CONTEXT ( ( #2134 ) ) GLOBAL_UNIT_ASSIGNED_CONTEXT ( ( #1074, #736, #1623 ) ) REPRESENTATION_CONTEXT ( 'NONE', 'WORKASPACE' ) );
#1513 = ORIENTED_EDGE ( 'NONE', *, *, #1142, .F. ) ;
#1514 = SURFACE_STYLE_USAGE ( .BOTH. , #945 ) ;
#1515 = FILL_AREA_STYLE ('',( #590 ) ) ;
#1516 = EDGE_CURVE ( 'NONE', #1666, #653, #1511, .T. ) ;
#1517 = VERTEX_POINT ( 'NONE', #975 ) ;
#1518 = EDGE_LOOP ( 'NONE', ( #1188, #1305, #120, #1176, #1113, #909, #1096, #1941 ) ) ;
#1519 = DIRECTION ( 'NONE',  ( 1.000000000000000000, -3.725605184281085300E-015, 0.0000000000000000000 ) ) ;
#1520 =( LENGTH_UNIT ( ) NAMED_UNIT ( * ) SI_UNIT ( .MILLI., .METRE. ) );
#1521 = SURFACE_SIDE_STYLE ('',( #1170 ) ) ;
#1522 = ORIENTED_EDGE ( 'NONE', *, *, #1826, .F. ) ;
#1523 = SURFACE_STYLE_FILL_AREA ( #910 ) ;
#1524 = CIRCLE ( 'NONE', #953, 0.2999999999999999300 ) ;
#1525 = ORIENTED_EDGE ( 'NONE', *, *, #990, .T. ) ;
#1526 = VECTOR ( 'NONE', #1287, 1000.000000000000000 ) ;
#1527 = LINE ( 'NONE', #309, #152 ) ;
#1528 =( NAMED_UNIT ( * ) SI_UNIT ( $, .STERADIAN. ) SOLID_ANGLE_UNIT ( ) );
#1529 = SURFACE_STYLE_FILL_AREA ( #1456 ) ;
#1530 = CARTESIAN_POINT ( 'NONE',  ( -2.000000000000000000, 0.09999999999999477400, 1.800000000000000500 ) ) ;
#1531 = CIRCLE ( 'NONE', #1556, 0.1999999999999993400 ) ;
#1532 = FILL_AREA_STYLE_COLOUR ( '', #746 ) ;
#1533 = DIRECTION ( 'NONE',  ( -1.000000000000000000, 0.0000000000000000000, 0.0000000000000000000 ) ) ;
#1534 = ORIENTED_EDGE ( 'NONE', *, *, #1207, .T. ) ;
#1535 =( GEOMETRIC_REPRESENTATION_CONTEXT ( 3 ) GLOBAL_UNCERTAINTY_ASSIGNED_CONTEXT ( ( #1950 ) ) GLOBAL_UNIT_ASSIGNED_CONTEXT ( ( #571, #1847, #1528 ) ) REPRESENTATION_CONTEXT ( 'NONE', 'WORKASPACE' ) );
#1536 = PRESENTATION_STYLE_ASSIGNMENT (( #1851 ) ) ;
#1537 = AXIS2_PLACEMENT_3D ( 'NONE', #531, #726, #2003 ) ;
#1538 = CARTESIAN_POINT ( 'NONE',  ( 2.000000000000003600, 0.09999999999999459300, 1.299999999999999200 ) ) ;
#1539 =( NAMED_UNIT ( * ) SI_UNIT ( $, .STERADIAN. ) SOLID_ANGLE_UNIT ( ) );
#1540 = AXIS2_PLACEMENT_3D ( 'NONE', #2089, #1906, #1565 ) ;
#1541 =( NAMED_UNIT ( * ) PLANE_ANGLE_UNIT ( ) SI_UNIT ( $, .RADIAN. ) );
#1542 = VECTOR ( 'NONE', #2296, 1000.000000000000000 ) ;
#1543 = DIRECTION ( 'NONE',  ( 3.725605184281085300E-015, -1.000000000000000000, 0.0000000000000000000 ) ) ;
#1544 = VECTOR ( 'NONE', #528, 1000.000000000000000 ) ;
#1545 = VERTEX_POINT ( 'NONE', #275 ) ;
#1546 = AXIS2_PLACEMENT_3D ( 'NONE', #1627, #1100, #28 ) ;
#1547 = ORIENTED_EDGE ( 'NONE', *, *, #405, .T. ) ;
#1548 = SURFACE_STYLE_USAGE ( .BOTH. , #1364 ) ;
#1549 = DIRECTION ( 'NONE',  ( 0.0000000000000000000, 0.0000000000000000000, -1.000000000000000000 ) ) ;
#1550 = ORIENTED_EDGE ( 'NONE', *, *, #1505, .F. ) ;
#1551 = ORIENTED_EDGE ( 'NONE', *, *, #1987, .F. ) ;
#1552 = UNCERTAINTY_MEASURE_WITH_UNIT (LENGTH_MEASURE( 1.000000000000000100E-005 ), #16, 'distance_accuracy_value', 'NONE');
#1553 = UNCERTAINTY_MEASURE_WITH_UNIT (LENGTH_MEASURE( 1.000000000000000100E-005 ), #1745, 'distance_accuracy_value', 'NONE');
#1554 =( NAMED_UNIT ( * ) PLANE_ANGLE_UNIT ( ) SI_UNIT ( $, .RADIAN. ) );
#1555 = FACE_OUTER_BOUND ( 'NONE', #395, .T. ) ;
#1556 = AXIS2_PLACEMENT_3D ( 'NONE', #1636, #1649, #8 ) ;
#1557 = CARTESIAN_POINT ( 'NONE',  ( 2.200000000000000600, 0.1500000000000021300, 1.000000000000000000 ) ) ;
#1558 = LINE ( 'NONE', #325, #1175 ) ;
#1559 = PRESENTATION_LAYER_ASSIGNMENT (  '', '', ( #401 ) ) ;
#1560 = EDGE_LOOP ( 'NONE', ( #381, #344, #157, #767 ) ) ;
#1561 = VECTOR ( 'NONE', #1429, 1000.000000000000000 ) ;
#1562 = VECTOR ( 'NONE', #768, 1000.000000000000000 ) ;
#1563 = CARTESIAN_POINT ( 'NONE',  ( -1.700000000000000200, 0.09999999999999506500, 1.800000000000000500 ) ) ;
#1564 = EDGE_CURVE ( 'NONE', #1666, #431, #330, .T. ) ;
#1565 = DIRECTION ( 'NONE',  ( 0.0000000000000000000, 1.000000000000000000, 0.0000000000000000000 ) ) ;
#1566 = ORIENTED_EDGE ( 'NONE', *, *, #1421, .T. ) ;
#1567 = VECTOR ( 'NONE', #833, 1000.000000000000000 ) ;
#1568 = LINE ( 'NONE', #1629, #2148 ) ;
#1569 = AXIS2_PLACEMENT_3D ( 'NONE', #296, #828, #1573 ) ;
#1570 = EDGE_CURVE ( 'NONE', #1957, #1779, #2181, .T. ) ;
#1571 =( NAMED_UNIT ( * ) PLANE_ANGLE_UNIT ( ) SI_UNIT ( $, .RADIAN. ) );
#1572 = ORIENTED_EDGE ( 'NONE', *, *, #2184, .F. ) ;
#1573 = DIRECTION ( 'NONE',  ( 0.0000000000000000000, 0.0000000000000000000, -1.000000000000000000 ) ) ;
#1574 = STYLED_ITEM ( 'NONE', ( #1536 ), #1288 ) ;
#1575 = SURFACE_STYLE_USAGE ( .BOTH. , #2276 ) ;
#1576 = DIRECTION ( 'NONE',  ( 1.000000000000000000, -6.776263578034418700E-017, 0.0000000000000000000 ) ) ;
#1577 = ORIENTED_EDGE ( 'NONE', *, *, #1083, .F. ) ;
#1578 = DIRECTION ( 'NONE',  ( 1.000000000000000000, 0.0000000000000000000, -0.0000000000000000000 ) ) ;
#1579 = EDGE_CURVE ( 'NONE', #1452, #1171, #1221, .T. ) ;
#1580 = EDGE_CURVE ( 'NONE', #566, #604, #842, .T. ) ;
#1581 = VECTOR ( 'NONE', #1759, 1000.000000000000100 ) ;
#1582 = ORIENTED_EDGE ( 'NONE', *, *, #200, .T. ) ;
#1583 = SURFACE_STYLE_FILL_AREA ( #2193 ) ;
#1584 = VERTEX_POINT ( 'NONE', #444 ) ;
#1585 = DIRECTION ( 'NONE',  ( 0.0000000000000000000, 0.0000000000000000000, -1.000000000000000000 ) ) ;
#1586 = FACE_OUTER_BOUND ( 'NONE', #1465, .T. ) ;
#1587 = SURFACE_STYLE_FILL_AREA ( #2158 ) ;
#1588 = CARTESIAN_POINT ( 'NONE',  ( -2.200000000000000600, 2.882512403493081500E-015, 1.000000000000000000 ) ) ;
#1589 = STYLED_ITEM ( 'NONE', ( #2238 ), #1298 ) ;
#1590 = FILL_AREA_STYLE ('',( #2272 ) ) ;
#1591 = ORIENTED_EDGE ( 'NONE', *, *, #1365, .F. ) ;
#1592 =( NAMED_UNIT ( * ) SI_UNIT ( $, .STERADIAN. ) SOLID_ANGLE_UNIT ( ) );
#1593 = SURFACE_STYLE_FILL_AREA ( #451 ) ;
#1594 = SURFACE_STYLE_FILL_AREA ( #1683 ) ;
#1595 = DIRECTION ( 'NONE',  ( 0.0000000000000000000, 0.0000000000000000000, -1.000000000000000000 ) ) ;
#1596 = DIRECTION ( 'NONE',  ( -1.000000000000000000, 0.0000000000000000000, 0.0000000000000000000 ) ) ;
#1597 = PRESENTATION_LAYER_ASSIGNMENT (  '', '', ( #2249 ) ) ;
#1598 = ORIENTED_EDGE ( 'NONE', *, *, #1516, .T. ) ;
#1599 = MECHANICAL_DESIGN_GEOMETRIC_PRESENTATION_REPRESENTATION (  '', ( #966 ), #1354 ) ;
#1600 = CARTESIAN_POINT ( 'NONE',  ( 9.320932624214786700E-018, 0.1999999999999947100, 1.199999999999999700 ) ) ;
#1601 = ORIENTED_EDGE ( 'NONE', *, *, #2333, .T. ) ;
#1602 =( NAMED_UNIT ( * ) PLANE_ANGLE_UNIT ( ) SI_UNIT ( $, .RADIAN. ) );
#1603 = CARTESIAN_POINT ( 'NONE',  ( -2.200000000000000600, 1.300000000000002700, -0.2000000000000001500 ) ) ;
#1604 = PRESENTATION_STYLE_ASSIGNMENT (( #2074 ) ) ;
#1605 =( GEOMETRIC_REPRESENTATION_CONTEXT ( 3 ) GLOBAL_UNCERTAINTY_ASSIGNED_CONTEXT ( ( #1962 ) ) GLOBAL_UNIT_ASSIGNED_CONTEXT ( ( #1800, #1984, #894 ) ) REPRESENTATION_CONTEXT ( 'NONE', 'WORKASPACE' ) );
#1606 = LINE ( 'NONE', #878, #1121 ) ;
#1607 = EDGE_LOOP ( 'NONE', ( #957, #607, #1905, #221 ) ) ;
#1608 = VECTOR ( 'NONE', #533, 1000.000000000000000 ) ;
#1609 = EDGE_CURVE ( 'NONE', #400, #1087, #1184, .T. ) ;
#1610 = DIRECTION ( 'NONE',  ( -1.000000000000000000, -3.725605184281085300E-015, 0.0000000000000000000 ) ) ;
#1611 =( LENGTH_UNIT ( ) NAMED_UNIT ( * ) SI_UNIT ( .MILLI., .METRE. ) );
#1612 = PLANE ( 'NONE',  #1872 ) ;
#1613 = PRESENTATION_LAYER_ASSIGNMENT (  '', '', ( #203 ) ) ;
#1614 = SURFACE_SIDE_STYLE ('',( #32 ) ) ;
#1615 =( LENGTH_UNIT ( ) NAMED_UNIT ( * ) SI_UNIT ( .MILLI., .METRE. ) );
#1616 = ADVANCED_FACE ( 'NONE', ( #1655 ), #2087, .F. ) ;
#1617 = UNCERTAINTY_MEASURE_WITH_UNIT (LENGTH_MEASURE( 1.000000000000000100E-005 ), #911, 'distance_accuracy_value', 'NONE');
#1618 = DIRECTION ( 'NONE',  ( -1.000000000000000000, 0.0000000000000000000, 0.0000000000000000000 ) ) ;
#1619 = SURFACE_STYLE_USAGE ( .BOTH. , #914 ) ;
#1620 = COLOUR_RGB ( '',1.000000000000000000, 1.000000000000000000, 1.000000000000000000 ) ;
#1621 =( NAMED_UNIT ( * ) PLANE_ANGLE_UNIT ( ) SI_UNIT ( $, .RADIAN. ) );
#1622 = EDGE_CURVE ( 'NONE', #1315, #1452, #301, .T. ) ;
#1623 =( NAMED_UNIT ( * ) SI_UNIT ( $, .STERADIAN. ) SOLID_ANGLE_UNIT ( ) );
#1624 = ORIENTED_EDGE ( 'NONE', *, *, #1192, .T. ) ;
#1625 = DIRECTION ( 'NONE',  ( -3.725605184281085300E-015, -1.000000000000000000, 0.0000000000000000000 ) ) ;
#1626 = VERTEX_POINT ( 'NONE', #89 ) ;
#1627 = CARTESIAN_POINT ( 'NONE',  ( 2.200000000000000600, 1.300000000000002700, -1.355252715606880500E-016 ) ) ;
#1628 = VERTEX_POINT ( 'NONE', #1351 ) ;
#1629 = CARTESIAN_POINT ( 'NONE',  ( -2.000000000000000000, 0.2000000000000022600, -2.100000000000000100 ) ) ;
#1630 =( GEOMETRIC_REPRESENTATION_CONTEXT ( 3 ) GLOBAL_UNCERTAINTY_ASSIGNED_CONTEXT ( ( #2038 ) ) GLOBAL_UNIT_ASSIGNED_CONTEXT ( ( #891, #902, #22 ) ) REPRESENTATION_CONTEXT ( 'NONE', 'WORKASPACE' ) );
#1631 = FILL_AREA_STYLE_COLOUR ( '', #2199 ) ;
#1632 = ORIENTED_EDGE ( 'NONE', *, *, #222, .F. ) ;
#1633 = DIRECTION ( 'NONE',  ( -0.0000000000000000000, 1.000000000000000000, 0.0000000000000000000 ) ) ;
#1634 = ADVANCED_FACE ( 'NONE', ( #2147 ), #1208, .T. ) ;
#1635 = ORIENTED_EDGE ( 'NONE', *, *, #72, .T. ) ;
#1636 = CARTESIAN_POINT ( 'NONE',  ( -0.8999999999999996900, 0.09999999999999473200, 1.099999999999999600 ) ) ;
#1637 = CARTESIAN_POINT ( 'NONE',  ( 2.049999999999999800, 1.500000000000002900, 1.000000000000000000 ) ) ;
#1638 = DIRECTION ( 'NONE',  ( 1.000000000000000000, -4.660466312107517100E-017, 0.0000000000000000000 ) ) ;
#1639 = ORIENTED_EDGE ( 'NONE', *, *, #1965, .T. ) ;
#1640 = FACE_OUTER_BOUND ( 'NONE', #255, .T. ) ;
#1641 = DIRECTION ( 'NONE',  ( -0.0000000000000000000, 0.0000000000000000000, -1.000000000000000000 ) ) ;
#1642 = SURFACE_STYLE_USAGE ( .BOTH. , #742 ) ;
#1643 = ORIENTED_EDGE ( 'NONE', *, *, #1747, .F. ) ;
#1644 = LINE ( 'NONE', #1688, #1097 ) ;
#1645 = SURFACE_SIDE_STYLE ('',( #434 ) ) ;
#1646 = DIRECTION ( 'NONE',  ( -0.0000000000000000000, 0.0000000000000000000, -1.000000000000000000 ) ) ;
#1647 = SURFACE_STYLE_FILL_AREA ( #1734 ) ;
#1648 = MECHANICAL_DESIGN_GEOMETRIC_PRESENTATION_REPRESENTATION (  '', ( #1361 ), #1883 ) ;
#1649 = DIRECTION ( 'NONE',  ( 4.660466312107517100E-017, 1.000000000000000000, -0.0000000000000000000 ) ) ;
#1650 = CARTESIAN_POINT ( 'NONE',  ( 2.000000000000003600, 0.09999999999999460700, -1.299999999999995600 ) ) ;
#1651 = ORIENTED_EDGE ( 'NONE', *, *, #240, .T. ) ;
#1652 = FILL_AREA_STYLE ('',( #711 ) ) ;
#1653 = CARTESIAN_POINT ( 'NONE',  ( -2.050000000000000700, 1.350000000000003000, -1.000000000000000000 ) ) ;
#1654 = VERTEX_POINT ( 'NONE', #609 ) ;
#1655 = FACE_OUTER_BOUND ( 'NONE', #1353, .T. ) ;
#1656 = LINE ( 'NONE', #673, #1410 ) ;
#1657 = LINE ( 'NONE', #133, #393 ) ;
#1658 = UNCERTAINTY_MEASURE_WITH_UNIT (LENGTH_MEASURE( 1.000000000000000100E-005 ), #1278, 'distance_accuracy_value', 'NONE');
#1659 = ADVANCED_FACE ( 'NONE', ( #1755 ), #101, .T. ) ;
#1660 = FILL_AREA_STYLE_COLOUR ( '', #923 ) ;
#1661 = ORIENTED_EDGE ( 'NONE', *, *, #1337, .F. ) ;
#1662 = FILL_AREA_STYLE_COLOUR ( '', #2248 ) ;
#1663 = PRESENTATION_LAYER_ASSIGNMENT (  '', '', ( #2317 ) ) ;
#1664 = STYLED_ITEM ( 'NONE', ( #568 ), #160 ) ;
#1665 =( LENGTH_UNIT ( ) NAMED_UNIT ( * ) SI_UNIT ( .MILLI., .METRE. ) );
#1666 = VERTEX_POINT ( 'NONE', #850 ) ;
#1667 = MECHANICAL_DESIGN_GEOMETRIC_PRESENTATION_REPRESENTATION (  '', ( #2091 ), #756 ) ;
#1668 = STYLED_ITEM ( 'NONE', ( #189 ), #918 ) ;
#1669 = DIRECTION ( 'NONE',  ( 1.000000000000000000, -4.660466312107517100E-017, -0.0000000000000000000 ) ) ;
#1670 = CARTESIAN_POINT ( 'NONE',  ( -1.399999999999999500, 0.1999999999999999000, -1.000000000000000000 ) ) ;
#1671 = ADVANCED_FACE ( 'NONE', ( #1329 ), #457, .F. ) ;
#1672 = LINE ( 'NONE', #1256, #351 ) ;
#1673 = LINE ( 'NONE', #2061, #2007 ) ;
#1674 = COLOUR_RGB ( '',0.5019607843137254800, 0.5019607843137254800, 0.5019607843137254800 ) ;
#1675 = DIRECTION ( 'NONE',  ( -0.0000000000000000000, 1.000000000000000000, 0.0000000000000000000 ) ) ;
#1676 = VERTEX_POINT ( 'NONE', #635 ) ;
#1677 = CARTESIAN_POINT ( 'NONE',  ( 2.000000000000003600, 0.1999999999999946300, -1.199999999999997100 ) ) ;
#1678 = CARTESIAN_POINT ( 'NONE',  ( 2.000000000000003600, 1.300000000000002700, -0.2000000000000001500 ) ) ;
#1679 = FILL_AREA_STYLE_COLOUR ( '', #581 ) ;
#1680 = STYLED_ITEM ( 'NONE', ( #976 ), #1986 ) ;
#1681 = STYLED_ITEM ( 'NONE', ( #863 ), #713 ) ;
#1682 = LINE ( 'NONE', #1981, #2123 ) ;
#1683 = FILL_AREA_STYLE ('',( #580 ) ) ;
#1684 = CARTESIAN_POINT ( 'NONE',  ( 2.000000000000003600, 1.800000000000000000, -2.100000000000000100 ) ) ;
#1685 = FACE_OUTER_BOUND ( 'NONE', #2049, .T. ) ;
#1686 = EDGE_CURVE ( 'NONE', #716, #1003, #1809, .T. ) ;
#1687 = VERTEX_POINT ( 'NONE', #650 ) ;
#1688 = CARTESIAN_POINT ( 'NONE',  ( -1.399999999999999500, 0.1999999999999999000, 1.000000000000000000 ) ) ;
#1689 = ORIENTED_EDGE ( 'NONE', *, *, #1935, .T. ) ;
#1690 = CARTESIAN_POINT ( 'NONE',  ( -2.200000000000000600, 1.300000000000002700, 0.1999999999999999000 ) ) ;
#1691 = AXIS2_PLACEMENT_3D ( 'NONE', #1419, #2146, #1770 ) ;
#1692 = AXIS2_PLACEMENT_3D ( 'NONE', #2217, #75, #1533 ) ;
#1693 = ORIENTED_EDGE ( 'NONE', *, *, #960, .F. ) ;
#1694 = ORIENTED_EDGE ( 'NONE', *, *, #594, .T. ) ;
#1695 =( GEOMETRIC_REPRESENTATION_CONTEXT ( 3 ) GLOBAL_UNCERTAINTY_ASSIGNED_CONTEXT ( ( #1189 ) ) GLOBAL_UNIT_ASSIGNED_CONTEXT ( ( #1665, #375, #2304 ) ) REPRESENTATION_CONTEXT ( 'NONE', 'WORKASPACE' ) );
#1696 = LINE ( 'NONE', #476, #187 ) ;
#1697 = UNCERTAINTY_MEASURE_WITH_UNIT (LENGTH_MEASURE( 1.000000000000000100E-005 ), #1867, 'distance_accuracy_value', 'NONE');
#1698 = CARTESIAN_POINT ( 'NONE',  ( -2.000000000000000000, 1.500000000000002900, 1.000000000000000000 ) ) ;
#1699 = CARTESIAN_POINT ( 'NONE',  ( -0.8999999999999996900, 0.09999999999999473200, -1.099999999999997900 ) ) ;
#1700 = ORIENTED_EDGE ( 'NONE', *, *, #2060, .F. ) ;
#1701 = CIRCLE ( 'NONE', #1379, 0.1499999999999999700 ) ;
#1702 = CARTESIAN_POINT ( 'NONE',  ( 0.7000000000000035100, 0.09999999999999466300, 1.099999999999999600 ) ) ;
#1703 = VERTEX_POINT ( 'NONE', #831 ) ;
#1704 = LINE ( 'NONE', #217, #1235 ) ;
#1705 = PRESENTATION_STYLE_ASSIGNMENT (( #1575 ) ) ;
#1706 = EDGE_CURVE ( 'NONE', #900, #1764, #1977, .T. ) ;
#1707 = DIRECTION ( 'NONE',  ( 0.0000000000000000000, 1.000000000000000000, 2.710505431213760100E-016 ) ) ;
#1708 = EDGE_CURVE ( 'NONE', #1143, #1626, #1947, .T. ) ;
#1709 = AXIS2_PLACEMENT_3D ( 'NONE', #1225, #1043, #81 ) ;
#1710 = ORIENTED_EDGE ( 'NONE', *, *, #445, .F. ) ;
#1711 = CARTESIAN_POINT ( 'NONE',  ( -0.7000000000000001800, 0.09999999999999471800, -1.099999999999997900 ) ) ;
#1712 = DIRECTION ( 'NONE',  ( 1.000000000000000000, 0.0000000000000000000, 0.0000000000000000000 ) ) ;
#1713 = ORIENTED_EDGE ( 'NONE', *, *, #1163, .F. ) ;
#1714 = PRESENTATION_STYLE_ASSIGNMENT (( #2122 ) ) ;
#1715 = COLOUR_RGB ( '',0.5019607843137254800, 0.5019607843137254800, 0.5019607843137254800 ) ;
#1716 =( GEOMETRIC_REPRESENTATION_CONTEXT ( 3 ) GLOBAL_UNCERTAINTY_ASSIGNED_CONTEXT ( ( #2104 ) ) GLOBAL_UNIT_ASSIGNED_CONTEXT ( ( #1409, #1602, #1019 ) ) REPRESENTATION_CONTEXT ( 'NONE', 'WORKASPACE' ) );
#1717 = LINE ( 'NONE', #1038, #1542 ) ;
#1718 = CIRCLE ( 'NONE', #2305, 0.2999999999999999300 ) ;
#1719 = DIRECTION ( 'NONE',  ( 0.0000000000000000000, 0.0000000000000000000, -1.000000000000000000 ) ) ;
#1720 = CARTESIAN_POINT ( 'NONE',  ( -2.200000000000000600, 1.350000000000003000, 1.000000000000000000 ) ) ;
#1721 = ORIENTED_EDGE ( 'NONE', *, *, #465, .F. ) ;
#1722 =( NAMED_UNIT ( * ) SI_UNIT ( $, .STERADIAN. ) SOLID_ANGLE_UNIT ( ) );
#1723 = CARTESIAN_POINT ( 'NONE',  ( -2.050000000000000700, 1.350000000000003000, 1.000000000000000000 ) ) ;
#1724 = DIRECTION ( 'NONE',  ( 0.0000000000000000000, 0.0000000000000000000, -1.000000000000000000 ) ) ;
#1725 = AXIS2_PLACEMENT_3D ( 'NONE', #339, #1820, #685 ) ;
#1726 = SURFACE_STYLE_USAGE ( .BOTH. , #627 ) ;
#1727 = STYLED_ITEM ( 'NONE', ( #905 ), #1475 ) ;
#1728 = VECTOR ( 'NONE', #417, 1000.000000000000000 ) ;
#1729 = PRESENTATION_STYLE_ASSIGNMENT (( #1181 ) ) ;
#1730 = FACE_OUTER_BOUND ( 'NONE', #1203, .T. ) ;
#1731 = VERTEX_POINT ( 'NONE', #1762 ) ;
#1732 =( NAMED_UNIT ( * ) PLANE_ANGLE_UNIT ( ) SI_UNIT ( $, .RADIAN. ) );
#1733 = ORIENTED_EDGE ( 'NONE', *, *, #1333, .T. ) ;
#1734 = FILL_AREA_STYLE ('',( #986 ) ) ;
#1735 = VECTOR ( 'NONE', #852, 1000.000000000000000 ) ;
#1736 =( GEOMETRIC_REPRESENTATION_CONTEXT ( 3 ) GLOBAL_UNCERTAINTY_ASSIGNED_CONTEXT ( ( #1794 ) ) GLOBAL_UNIT_ASSIGNED_CONTEXT ( ( #1042, #1239, #680 ) ) REPRESENTATION_CONTEXT ( 'NONE', 'WORKASPACE' ) );
#1737 = CARTESIAN_POINT ( 'NONE',  ( 1.400000000000000100, -9.797174393178811400E-017, 1.000000000000000000 ) ) ;
#1738 = MECHANICAL_DESIGN_GEOMETRIC_PRESENTATION_REPRESENTATION (  '', ( #2132 ), #558 ) ;
#1739 = CARTESIAN_POINT ( 'NONE',  ( 4.890419564799477100E-018, 0.09999999999999469000, -1.299999999999997400 ) ) ;
#1740 = CARTESIAN_POINT ( 'NONE',  ( 2.200000000000000600, 0.1500000000000021300, -1.000000000000000000 ) ) ;
#1741 = MECHANICAL_DESIGN_GEOMETRIC_PRESENTATION_REPRESENTATION (  '', ( #203 ), #38 ) ;
#1742 = EDGE_LOOP ( 'NONE', ( #2014, #1933, #864, #68 ) ) ;
#1743 = DIRECTION ( 'NONE',  ( 1.000000000000000000, -4.517509052022936000E-017, 0.0000000000000000000 ) ) ;
#1744 = FILL_AREA_STYLE ('',( #2254 ) ) ;
#1745 =( LENGTH_UNIT ( ) NAMED_UNIT ( * ) SI_UNIT ( .MILLI., .METRE. ) );
#1746 = EDGE_CURVE ( 'NONE', #473, #128, #2143, .T. ) ;
#1747 = EDGE_CURVE ( 'NONE', #1779, #1626, #488, .T. ) ;
#1748 = ORIENTED_EDGE ( 'NONE', *, *, #2277, .F. ) ;
#1749 = CARTESIAN_POINT ( 'NONE',  ( -2.200000000000000600, 1.500000000000002900, 1.000000000000000000 ) ) ;
#1750 =( LENGTH_UNIT ( ) NAMED_UNIT ( * ) SI_UNIT ( .MILLI., .METRE. ) );
#1751 = AXIS2_PLACEMENT_3D ( 'NONE', #764, #2035, #942 ) ;
#1752 = PRESENTATION_LAYER_ASSIGNMENT (  '', '', ( #1314 ) ) ;
#1753 = PRESENTATION_STYLE_ASSIGNMENT (( #968 ) ) ;
#1754 = ORIENTED_EDGE ( 'NONE', *, *, #660, .F. ) ;
#1755 = FACE_OUTER_BOUND ( 'NONE', #1518, .T. ) ;
#1756 = SURFACE_STYLE_FILL_AREA ( #1072 ) ;
#1757 = CARTESIAN_POINT ( 'NONE',  ( -1.700000000000000200, 1.800000000000000000, 2.100000000000000100 ) ) ;
#1758 = ORIENTED_EDGE ( 'NONE', *, *, #1622, .F. ) ;
#1759 = DIRECTION ( 'NONE',  ( 0.7071067811865474600, -0.7071067811865474600, 0.0000000000000000000 ) ) ;
#1760 = ORIENTED_EDGE ( 'NONE', *, *, #56, .F. ) ;
#1761 = PRESENTATION_LAYER_ASSIGNMENT (  '', '', ( #383 ) ) ;
#1762 = CARTESIAN_POINT ( 'NONE',  ( -0.7999999999999996000, 0.1999999999999947400, 1.099999999999999600 ) ) ;
#1763 = DIRECTION ( 'NONE',  ( 5.782411586589356700E-016, -1.000000000000000000, 0.0000000000000000000 ) ) ;
#1764 = VERTEX_POINT ( 'NONE', #399 ) ;
#1765 = ORIENTED_EDGE ( 'NONE', *, *, #304, .F. ) ;
#1766 = CARTESIAN_POINT ( 'NONE',  ( -2.050000000000000700, 1.350000000000003000, -0.2000000000000000900 ) ) ;
#1767 = ORIENTED_EDGE ( 'NONE', *, *, #70, .T. ) ;
#1768 = DIRECTION ( 'NONE',  ( 0.0000000000000000000, 0.0000000000000000000, -1.000000000000000000 ) ) ;
#1769 = FILL_AREA_STYLE_COLOUR ( '', #167 ) ;
#1770 = DIRECTION ( 'NONE',  ( 0.0000000000000000000, 0.0000000000000000000, -1.000000000000000000 ) ) ;
#1771 = AXIS2_PLACEMENT_3D ( 'NONE', #745, #2025, #1350 ) ;
#1772 = MECHANICAL_DESIGN_GEOMETRIC_PRESENTATION_REPRESENTATION (  '', ( #337 ), #917 ) ;
#1773 = EDGE_CURVE ( 'NONE', #1344, #372, #1402, .T. ) ;
#1774 = FILL_AREA_STYLE ('',( #490 ) ) ;
#1775 = ORIENTED_EDGE ( 'NONE', *, *, #1773, .T. ) ;
#1776 = LINE ( 'NONE', #385, #127 ) ;
#1777 = CARTESIAN_POINT ( 'NONE',  ( 2.200000000000000600, 1.350000000000003000, 0.1999999999999999000 ) ) ;
#1778 = CARTESIAN_POINT ( 'NONE',  ( 1.400000000000000100, -9.797174393178811400E-017, 1.000000000000000000 ) ) ;
#1779 = VERTEX_POINT ( 'NONE', #1871 ) ;
#1780 = VECTOR ( 'NONE', #803, 1000.000000000000000 ) ;
#1781 = PRESENTATION_LAYER_ASSIGNMENT (  '', '', ( #1328 ) ) ;
#1782 = MECHANICAL_DESIGN_GEOMETRIC_PRESENTATION_REPRESENTATION (  '', ( #1992 ), #666 ) ;
#1783 = VERTEX_POINT ( 'NONE', #1312 ) ;
#1784 = DIRECTION ( 'NONE',  ( 1.000000000000000000, 0.0000000000000000000, -0.0000000000000000000 ) ) ;
#1785 = DIRECTION ( 'NONE',  ( 1.000000000000000000, -0.0000000000000000000, -0.0000000000000000000 ) ) ;
#1786 = VECTOR ( 'NONE', #1595, 1000.000000000000000 ) ;
#1787 = CARTESIAN_POINT ( 'NONE',  ( 2.000000000000003600, 0.09999999999999460700, 1.299999999999999200 ) ) ;
#1788 = ORIENTED_EDGE ( 'NONE', *, *, #1060, .T. ) ;
#1789 = UNCERTAINTY_MEASURE_WITH_UNIT (LENGTH_MEASURE( 1.000000000000000100E-005 ), #1520, 'distance_accuracy_value', 'NONE');
#1790 = MECHANICAL_DESIGN_GEOMETRIC_PRESENTATION_REPRESENTATION (  '', ( #1727 ), #676 ) ;
#1791 = DIRECTION ( 'NONE',  ( 1.000000000000000000, -0.0000000000000000000, -0.0000000000000000000 ) ) ;
#1792 = PRESENTATION_LAYER_ASSIGNMENT (  '', '', ( #1681 ) ) ;
#1793 = DIRECTION ( 'NONE',  ( -0.0000000000000000000, 1.000000000000000000, 0.0000000000000000000 ) ) ;
#1794 = UNCERTAINTY_MEASURE_WITH_UNIT (LENGTH_MEASURE( 1.000000000000000100E-005 ), #1042, 'distance_accuracy_value', 'NONE');
#1795 = DIRECTION ( 'NONE',  ( 0.0000000000000000000, 0.0000000000000000000, 1.000000000000000000 ) ) ;
#1796 = PLANE ( 'NONE',  #1041 ) ;
#1797 = EDGE_CURVE ( 'NONE', #625, #1666, #1918, .T. ) ;
#1798 = ORIENTED_EDGE ( 'NONE', *, *, #2060, .T. ) ;
#1799 = SURFACE_STYLE_USAGE ( .BOTH. , #2017 ) ;
#1800 =( LENGTH_UNIT ( ) NAMED_UNIT ( * ) SI_UNIT ( .MILLI., .METRE. ) );
#1801 = DIRECTION ( 'NONE',  ( 0.0000000000000000000, 0.0000000000000000000, -1.000000000000000000 ) ) ;
#1802 = DIRECTION ( 'NONE',  ( 5.782411586589356700E-016, -1.000000000000000000, 0.0000000000000000000 ) ) ;
#1803 = LINE ( 'NONE', #824, #1498 ) ;
#1804 = STYLED_ITEM ( 'NONE', ( #224 ), #1370 ) ;
#1805 = ORIENTED_EDGE ( 'NONE', *, *, #2155, .T. ) ;
#1806 = CONICAL_SURFACE ( 'NONE', #425, 0.1999999999999993400, 0.7853981633974479500 ) ;
#1807 = AXIS2_PLACEMENT_3D ( 'NONE', #956, #603, #236 ) ;
#1808 = FILL_AREA_STYLE_COLOUR ( '', #2140 ) ;
#1809 = CIRCLE ( 'NONE', #2149, 0.1499999999999999700 ) ;
#1810 = ADVANCED_FACE ( 'NONE', ( #514 ), #958, .T. ) ;
#1811 = PRESENTATION_STYLE_ASSIGNMENT (( #2219 ) ) ;
#1812 = DIRECTION ( 'NONE',  ( 0.0000000000000000000, 0.0000000000000000000, 1.000000000000000000 ) ) ;
#1813 = FILL_AREA_STYLE_COLOUR ( '', #2229 ) ;
#1814 = AXIS2_PLACEMENT_3D ( 'NONE', #307, #866, #143 ) ;
#1815 =( NAMED_UNIT ( * ) SI_UNIT ( $, .STERADIAN. ) SOLID_ANGLE_UNIT ( ) );
#1816 = EDGE_LOOP ( 'NONE', ( #1028, #1598, #965, #100, #1258, #1154, #1566, #59, #2261, #787, #419, #455, #782, #1525, #774, #1601 ) ) ;
#1817 =( NAMED_UNIT ( * ) SI_UNIT ( $, .STERADIAN. ) SOLID_ANGLE_UNIT ( ) );
#1818 = VERTEX_POINT ( 'NONE', #1135 ) ;
#1819 = LINE ( 'NONE', #1588, #1442 ) ;
#1820 = DIRECTION ( 'NONE',  ( 0.0000000000000000000, 1.000000000000000000, 0.0000000000000000000 ) ) ;
#1821 = FILL_AREA_STYLE ('',( #1437 ) ) ;
#1822 = CYLINDRICAL_SURFACE ( 'NONE', #1343, 0.1499999999999999700 ) ;
#1823 = EDGE_CURVE ( 'NONE', #1023, #2111, #1430, .T. ) ;
#1824 = SURFACE_STYLE_USAGE ( .BOTH. , #1645 ) ;
#1825 = ADVANCED_FACE ( 'NONE', ( #29 ), #1612, .T. ) ;
#1826 = EDGE_CURVE ( 'NONE', #1434, #980, #834, .T. ) ;
#1827 = CARTESIAN_POINT ( 'NONE',  ( -2.000000000000000000, 0.1999999999999947700, -1.199999999999998000 ) ) ;
#1828 = ORIENTED_EDGE ( 'NONE', *, *, #1083, .T. ) ;
#1829 = VERTEX_POINT ( 'NONE', #2168 ) ;
#1830 = AXIS2_PLACEMENT_3D ( 'NONE', #839, #1222, #2124 ) ;
#1831 = CARTESIAN_POINT ( 'NONE',  ( 2.000000000000003600, 1.500000000000002900, -0.2000000000000000900 ) ) ;
#1832 =( GEOMETRIC_REPRESENTATION_CONTEXT ( 3 ) GLOBAL_UNCERTAINTY_ASSIGNED_CONTEXT ( ( #414 ) ) GLOBAL_UNIT_ASSIGNED_CONTEXT ( ( #1611, #1253, #506 ) ) REPRESENTATION_CONTEXT ( 'NONE', 'WORKASPACE' ) );
#1833 = PLANE ( 'NONE',  #204 ) ;
#1834 = VECTOR ( 'NONE', #410, 1000.000000000000000 ) ;
#1835 = FILL_AREA_STYLE ('',( #15 ) ) ;
#1836 = DIRECTION ( 'NONE',  ( -0.0000000000000000000, 0.0000000000000000000, -1.000000000000000000 ) ) ;
#1837 = CARTESIAN_POINT ( 'NONE',  ( 1.700000000000003500, 1.799999999999999600, -1.800000000000000500 ) ) ;
#1838 = ORIENTED_EDGE ( 'NONE', *, *, #497, .T. ) ;
#1839 = ORIENTED_EDGE ( 'NONE', *, *, #1142, .T. ) ;
#1840 = LINE ( 'NONE', #1684, #1728 ) ;
#1841 = CARTESIAN_POINT ( 'NONE',  ( 0.8000000000000028200, 0.1999999999999946800, -0.0000000000000000000 ) ) ;
#1842 = SURFACE_STYLE_FILL_AREA ( #1438 ) ;
#1843 = FILL_AREA_STYLE ('',( #214 ) ) ;
#1844 = STYLED_ITEM ( 'NONE', ( #54 ), #1810 ) ;
#1845 = ADVANCED_FACE ( 'NONE', ( #1126 ), #2201, .F. ) ;
#1846 = EDGE_LOOP ( 'NONE', ( #1572, #1765, #1754, #964 ) ) ;
#1847 =( NAMED_UNIT ( * ) PLANE_ANGLE_UNIT ( ) SI_UNIT ( $, .RADIAN. ) );
#1848 = CARTESIAN_POINT ( 'NONE',  ( -0.8999999999999996900, 0.09999999999999473200, -1.299999999999997400 ) ) ;
#1849 = SURFACE_STYLE_FILL_AREA ( #1139 ) ;
#1850 = FACE_OUTER_BOUND ( 'NONE', #1426, .T. ) ;
#1851 = SURFACE_STYLE_USAGE ( .BOTH. , #1469 ) ;
#1852 = VECTOR ( 'NONE', #608, 1000.000000000000000 ) ;
#1853 = ORIENTED_EDGE ( 'NONE', *, *, #636, .T. ) ;
#1854 =( NAMED_UNIT ( * ) SI_UNIT ( $, .STERADIAN. ) SOLID_ANGLE_UNIT ( ) );
#1855 = CARTESIAN_POINT ( 'NONE',  ( 0.9000000000000029100, 0.09999999999999464900, -1.099999999999997600 ) ) ;
#1856 = AXIS2_PLACEMENT_3D ( 'NONE', #700, #452, #291 ) ;
#1857 =( GEOMETRIC_REPRESENTATION_CONTEXT ( 3 ) GLOBAL_UNCERTAINTY_ASSIGNED_CONTEXT ( ( #1418 ) ) GLOBAL_UNIT_ASSIGNED_CONTEXT ( ( #798, #1148, #582 ) ) REPRESENTATION_CONTEXT ( 'NONE', 'WORKASPACE' ) );
#1858 = UNCERTAINTY_MEASURE_WITH_UNIT (LENGTH_MEASURE( 1.000000000000000100E-005 ), #1750, 'distance_accuracy_value', 'NONE');
#1859 = VECTOR ( 'NONE', #1862, 1000.000000000000000 ) ;
#1860 = ADVANCED_FACE ( 'NONE', ( #1893 ), #1982, .T. ) ;
#1861 = ORIENTED_EDGE ( 'NONE', *, *, #2182, .T. ) ;
#1862 = DIRECTION ( 'NONE',  ( -1.000000000000000000, 4.660466312107517100E-017, -1.445602896647337700E-015 ) ) ;
#1863 = ORIENTED_EDGE ( 'NONE', *, *, #2211, .F. ) ;
#1864 = EDGE_CURVE ( 'NONE', #202, #73, #1531, .T. ) ;
#1865 = EDGE_CURVE ( 'NONE', #128, #2212, #1356, .T. ) ;
#1866 = UNCERTAINTY_MEASURE_WITH_UNIT (LENGTH_MEASURE( 1.000000000000000100E-005 ), #65, 'distance_accuracy_value', 'NONE');
#1867 =( LENGTH_UNIT ( ) NAMED_UNIT ( * ) SI_UNIT ( .MILLI., .METRE. ) );
#1868 = DIRECTION ( 'NONE',  ( -1.000000000000000000, -3.725605184281085300E-015, 0.0000000000000000000 ) ) ;
#1869 = FILL_AREA_STYLE_COLOUR ( '', #1885 ) ;
#1870 = VERTEX_POINT ( 'NONE', #907 ) ;
#1871 = CARTESIAN_POINT ( 'NONE',  ( 0.9000000000000029100, 0.1999999999999946500, 1.199999999999999700 ) ) ;
#1872 = AXIS2_PLACEMENT_3D ( 'NONE', #530, #892, #903 ) ;
#1873 = AXIS2_PLACEMENT_3D ( 'NONE', #14, #1080, #1812 ) ;
#1874 = ORIENTED_EDGE ( 'NONE', *, *, #1934, .T. ) ;
#1875 = PLANE ( 'NONE',  #2340 ) ;
#1876 = CARTESIAN_POINT ( 'NONE',  ( 0.9000000000000030200, 0.1999999999999946500, -1.199999999999997700 ) ) ;
#1877 = COLOUR_RGB ( '',1.000000000000000000, 1.000000000000000000, 1.000000000000000000 ) ;
#1878 = PRODUCT ( 'HCM1A4020V2', 'HCM1A4020V2', '', ( #1255 ) ) ;
#1879 = ORIENTED_EDGE ( 'NONE', *, *, #2329, .F. ) ;
#1880 = SURFACE_STYLE_USAGE ( .BOTH. , #241 ) ;
#1881 = ORIENTED_EDGE ( 'NONE', *, *, #357, .F. ) ;
#1882 = DIRECTION ( 'NONE',  ( -3.252606517456513300E-015, -1.000000000000000000, 0.0000000000000000000 ) ) ;
#1883 =( GEOMETRIC_REPRESENTATION_CONTEXT ( 3 ) GLOBAL_UNCERTAINTY_ASSIGNED_CONTEXT ( ( #2207 ) ) GLOBAL_UNIT_ASSIGNED_CONTEXT ( ( #43, #435, #1722 ) ) REPRESENTATION_CONTEXT ( 'NONE', 'WORKASPACE' ) );
#1884 = CARTESIAN_POINT ( 'NONE',  ( -0.7000000000000001800, 0.09999999999999471800, 1.099999999999999600 ) ) ;
#1885 = COLOUR_RGB ( '',1.000000000000000000, 1.000000000000000000, 1.000000000000000000 ) ;
#1886 = SURFACE_SIDE_STYLE ('',( #1340 ) ) ;
#1887 = FILL_AREA_STYLE ('',( #610 ) ) ;
#1888 = ORIENTED_EDGE ( 'NONE', *, *, #1570, .F. ) ;
#1889 = FACE_OUTER_BOUND ( 'NONE', #135, .T. ) ;
#1890 = LINE ( 'NONE', #1140, #1268 ) ;
#1891 = VECTOR ( 'NONE', #1785, 1000.000000000000000 ) ;
#1892 = VECTOR ( 'NONE', #1478, 1000.000000000000100 ) ;
#1893 = FACE_OUTER_BOUND ( 'NONE', #1404, .T. ) ;
#1894 =( GEOMETRIC_REPRESENTATION_CONTEXT ( 3 ) GLOBAL_UNCERTAINTY_ASSIGNED_CONTEXT ( ( #27 ) ) GLOBAL_UNIT_ASSIGNED_CONTEXT ( ( #426, #223, #39 ) ) REPRESENTATION_CONTEXT ( 'NONE', 'WORKASPACE' ) );
#1895 = UNCERTAINTY_MEASURE_WITH_UNIT (LENGTH_MEASURE( 1.000000000000000100E-005 ), #389, 'distance_accuracy_value', 'NONE');
#1896 = MECHANICAL_DESIGN_GEOMETRIC_PRESENTATION_REPRESENTATION (  '', ( #1804 ), #1921 ) ;
#1897 = ORIENTED_EDGE ( 'NONE', *, *, #684, .T. ) ;
#1898 = EDGE_CURVE ( 'NONE', #2026, #293, #648, .T. ) ;
#1899 = DIRECTION ( 'NONE',  ( -0.0000000000000000000, -1.000000000000000000, -0.0000000000000000000 ) ) ;
#1900 = FACE_OUTER_BOUND ( 'NONE', #10, .T. ) ;
#1901 = CARTESIAN_POINT ( 'NONE',  ( 2.049999999999999800, 1.500000000000002900, 0.1999999999999999000 ) ) ;
#1902 = STYLED_ITEM ( 'NONE', ( #1753 ), #1075 ) ;
#1903 = LINE ( 'NONE', #1393, #1445 ) ;
#1904 = FILL_AREA_STYLE ('',( #1182 ) ) ;
#1905 = ORIENTED_EDGE ( 'NONE', *, *, #754, .F. ) ;
#1906 = DIRECTION ( 'NONE',  ( 1.000000000000000000, 5.782411586589356700E-016, -0.0000000000000000000 ) ) ;
#1907 = DIRECTION ( 'NONE',  ( -0.0000000000000000000, -0.0000000000000000000, 1.000000000000000000 ) ) ;
#1908 = SURFACE_STYLE_FILL_AREA ( #1744 ) ;
#1909 = DIRECTION ( 'NONE',  ( 0.0000000000000000000, 0.7071067811865474600, -0.7071067811865476800 ) ) ;
#1910 = DIRECTION ( 'NONE',  ( 1.000000000000000000, 0.0000000000000000000, 0.0000000000000000000 ) ) ;
#1911 =( GEOMETRIC_REPRESENTATION_CONTEXT ( 3 ) GLOBAL_UNCERTAINTY_ASSIGNED_CONTEXT ( ( #1435 ) ) GLOBAL_UNIT_ASSIGNED_CONTEXT ( ( #859, #1055, #2320 ) ) REPRESENTATION_CONTEXT ( 'NONE', 'WORKASPACE' ) );
#1912 = LINE ( 'NONE', #125, #1202 ) ;
#1913 = LINE ( 'NONE', #543, #605 ) ;
#1914 = ORIENTED_EDGE ( 'NONE', *, *, #1865, .T. ) ;
#1915 = DIRECTION ( 'NONE',  ( 0.0000000000000000000, 0.0000000000000000000, -1.000000000000000000 ) ) ;
#1916 = CIRCLE ( 'NONE', #1035, 0.1000000000000000500 ) ;
#1917 = EDGE_CURVE ( 'NONE', #900, #1036, #2010, .T. ) ;
#1918 = CIRCLE ( 'NONE', #93, 0.2999999999999999300 ) ;
#1919 = CARTESIAN_POINT ( 'NONE',  ( 2.199999999999999700, 1.350000000000003000, -1.000000000000000000 ) ) ;
#1920 = ORIENTED_EDGE ( 'NONE', *, *, #554, .T. ) ;
#1921 =( GEOMETRIC_REPRESENTATION_CONTEXT ( 3 ) GLOBAL_UNCERTAINTY_ASSIGNED_CONTEXT ( ( #682 ) ) GLOBAL_UNIT_ASSIGNED_CONTEXT ( ( #1233, #159, #503 ) ) REPRESENTATION_CONTEXT ( 'NONE', 'WORKASPACE' ) );
#1922 = DIRECTION ( 'NONE',  ( -0.0000000000000000000, -2.710505431213760100E-016, 1.000000000000000000 ) ) ;
#1923 = PRESENTATION_LAYER_ASSIGNMENT (  '', '', ( #1037 ) ) ;
#1924 = ORIENTED_EDGE ( 'NONE', *, *, #2021, .F. ) ;
#1925 = PLANE ( 'NONE',  #2194 ) ;
#1926 = SURFACE_STYLE_FILL_AREA ( #2222 ) ;
#1927 = DIRECTION ( 'NONE',  ( 0.0000000000000000000, 0.7071067811865474600, 0.7071067811865475700 ) ) ;
#1928 = SURFACE_STYLE_FILL_AREA ( #1958 ) ;
#1929 = PRESENTATION_STYLE_ASSIGNMENT (( #2127 ) ) ;
#1930 = MECHANICAL_DESIGN_GEOMETRIC_PRESENTATION_REPRESENTATION (  '', ( #1902 ), #456 ) ;
#1931 = CARTESIAN_POINT ( 'NONE',  ( -2.000000000000000000, 0.2000000000000022600, -2.100000000000000100 ) ) ;
#1932 =( NAMED_UNIT ( * ) SI_UNIT ( $, .STERADIAN. ) SOLID_ANGLE_UNIT ( ) );
#1933 = ORIENTED_EDGE ( 'NONE', *, *, #2318, .F. ) ;
#1934 = EDGE_CURVE ( 'NONE', #2212, #1687, #2085, .T. ) ;
#1935 = EDGE_CURVE ( 'NONE', #1366, #161, #2059, .T. ) ;
#1936 = ORIENTED_EDGE ( 'NONE', *, *, #2223, .F. ) ;
#1937 = PRODUCT_DEFINITION_CONTEXT ( 'detailed design', #672, 'design' ) ;
#1938 = DIRECTION ( 'NONE',  ( 1.000000000000000000, 0.0000000000000000000, 0.0000000000000000000 ) ) ;
#1939 = CARTESIAN_POINT ( 'NONE',  ( -2.000000000000000000, 0.09999999999999477400, -1.800000000000000500 ) ) ;
#1940 = LINE ( 'NONE', #1557, #715 ) ;
#1941 = ORIENTED_EDGE ( 'NONE', *, *, #2286, .T. ) ;
#1942 = SURFACE_STYLE_USAGE ( .BOTH. , #487 ) ;
#1943 = AXIS2_PLACEMENT_3D ( 'NONE', #538, #31, #1301 ) ;
#1944 = VERTEX_POINT ( 'NONE', #2335 ) ;
#1945 = FACE_OUTER_BOUND ( 'NONE', #904, .T. ) ;
#1946 = DIRECTION ( 'NONE',  ( 0.0000000000000000000, 0.0000000000000000000, -1.000000000000000000 ) ) ;
#1947 = LINE ( 'NONE', #2119, #2326 ) ;
#1948 = CARTESIAN_POINT ( 'NONE',  ( 2.000000000000003600, -5.600000000000007600, 1.800000000000000500 ) ) ;
#1949 = ORIENTED_EDGE ( 'NONE', *, *, #693, .T. ) ;
#1950 = UNCERTAINTY_MEASURE_WITH_UNIT (LENGTH_MEASURE( 1.000000000000000100E-005 ), #571, 'distance_accuracy_value', 'NONE');
#1951 = VECTOR ( 'NONE', #1549, 1000.000000000000000 ) ;
#1952 =( NAMED_UNIT ( * ) PLANE_ANGLE_UNIT ( ) SI_UNIT ( $, .RADIAN. ) );
#1953 = COLOUR_RGB ( '',1.000000000000000000, 1.000000000000000000, 1.000000000000000000 ) ;
#1954 = CIRCLE ( 'NONE', #213, 0.1499999999999999700 ) ;
#1955 = PRESENTATION_LAYER_ASSIGNMENT (  '', '', ( #2106 ) ) ;
#1956 = SURFACE_SIDE_STYLE ('',( #62 ) ) ;
#1957 = VERTEX_POINT ( 'NONE', #347 ) ;
#1958 = FILL_AREA_STYLE ('',( #474 ) ) ;
#1959 = ORIENTED_EDGE ( 'NONE', *, *, #1209, .T. ) ;
#1960 = DIRECTION ( 'NONE',  ( 0.0000000000000000000, 1.000000000000000000, 2.710505431213760100E-016 ) ) ;
#1961 = CARTESIAN_POINT ( 'NONE',  ( 0.9000000000000031300, 0.09999999999999464900, -1.299999999999997200 ) ) ;
#1962 = UNCERTAINTY_MEASURE_WITH_UNIT (LENGTH_MEASURE( 1.000000000000000100E-005 ), #1800, 'distance_accuracy_value', 'NONE');
#1963 =( NAMED_UNIT ( * ) PLANE_ANGLE_UNIT ( ) SI_UNIT ( $, .RADIAN. ) );
#1964 = AXIS2_PLACEMENT_3D ( 'NONE', #2082, #2096, #1578 ) ;
#1965 = EDGE_CURVE ( 'NONE', #411, #617, #1031, .T. ) ;
#1966 = FILL_AREA_STYLE_COLOUR ( '', #155 ) ;
#1967 = LINE ( 'NONE', #701, #1496 ) ;
#1968 = VECTOR ( 'NONE', #805, 1000.000000000000000 ) ;
#1969 = VECTOR ( 'NONE', #1391, 1000.000000000000000 ) ;
#1970 =( NAMED_UNIT ( * ) SI_UNIT ( $, .STERADIAN. ) SOLID_ANGLE_UNIT ( ) );
#1971 = DIRECTION ( 'NONE',  ( 0.0000000000000000000, -1.000000000000000000, -0.0000000000000000000 ) ) ;
#1972 = SURFACE_STYLE_FILL_AREA ( #18 ) ;
#1973 = DIRECTION ( 'NONE',  ( 1.000000000000000000, -6.776263578034422400E-017, 0.0000000000000000000 ) ) ;
#1974 = ORIENTED_EDGE ( 'NONE', *, *, #2284, .T. ) ;
#1975 = AXIS2_PLACEMENT_3D ( 'NONE', #2154, #1979, #2336 ) ;
#1976 = DIRECTION ( 'NONE',  ( 1.000000000000000000, 0.0000000000000000000, 0.0000000000000000000 ) ) ;
#1977 = LINE ( 'NONE', #1749, #628 ) ;
#1978 = PRODUCT_DEFINITION_SHAPE ( 'NONE', 'NONE',  #989 ) ;
#1979 = DIRECTION ( 'NONE',  ( 0.0000000000000000000, -0.0000000000000000000, 1.000000000000000000 ) ) ;
#1980 = ORIENTED_EDGE ( 'NONE', *, *, #269, .F. ) ;
#1981 = CARTESIAN_POINT ( 'NONE',  ( 2.200000000000000600, 2.882512403493081500E-015, -1.000000000000000000 ) ) ;
#1982 = PLANE ( 'NONE',  #1180 ) ;
#1983 = EDGE_CURVE ( 'NONE', #1158, #2273, #486, .T. ) ;
#1984 =( NAMED_UNIT ( * ) PLANE_ANGLE_UNIT ( ) SI_UNIT ( $, .RADIAN. ) );
#1985 = VERTEX_POINT ( 'NONE', #896 ) ;
#1986 = ADVANCED_FACE ( 'NONE', ( #1472 ), #158, .T. ) ;
#1987 = EDGE_CURVE ( 'NONE', #1466, #1146, #1059, .T. ) ;
#1988 = CARTESIAN_POINT ( 'NONE',  ( 2.000000000000003600, 1.300000000000002700, 0.1999999999999999000 ) ) ;
#1989 = PRESENTATION_STYLE_ASSIGNMENT (( #382 ) ) ;
#1990 = MECHANICAL_DESIGN_GEOMETRIC_PRESENTATION_REPRESENTATION (  '', ( #1844 ), #1230 ) ;
#1991 = DIRECTION ( 'NONE',  ( 0.0000000000000000000, 0.0000000000000000000, 1.000000000000000000 ) ) ;
#1992 = STYLED_ITEM ( 'NONE', ( #2225 ), #741 ) ;
#1993 = FILL_AREA_STYLE ('',( #1660 ) ) ;
#1994 = PLANE ( 'NONE',  #1295 ) ;
#1995 = SURFACE_SIDE_STYLE ('',( #1467 ) ) ;
#1996 = ORIENTED_EDGE ( 'NONE', *, *, #1797, .T. ) ;
#1997 = CARTESIAN_POINT ( 'NONE',  ( 0.9000000000000029100, 0.1999999999999913200, -1.099999999999997600 ) ) ;
#1998 = VERTEX_POINT ( 'NONE', #612 ) ;
#1999 = ADVANCED_FACE ( 'NONE', ( #809 ), #1806, .F. ) ;
#2000 = ORIENTED_EDGE ( 'NONE', *, *, #1686, .T. ) ;
#2001 = FILL_AREA_STYLE ('',( #468 ) ) ;
#2002 = CARTESIAN_POINT ( 'NONE',  ( -2.000000000000000000, 1.500000000000002900, -1.000000000000000000 ) ) ;
#2003 = DIRECTION ( 'NONE',  ( 0.0000000000000000000, 1.000000000000000000, 1.807003620809174400E-016 ) ) ;
#2004 = PRESENTATION_LAYER_ASSIGNMENT (  '', '', ( #1668 ) ) ;
#2005 = ORIENTED_EDGE ( 'NONE', *, *, #1128, .F. ) ;
#2006 = FACE_OUTER_BOUND ( 'NONE', #2050, .T. ) ;
#2007 = VECTOR ( 'NONE', #1899, 1000.000000000000000 ) ;
#2008 = VERTEX_POINT ( 'NONE', #1988 ) ;
#2009 = CIRCLE ( 'NONE', #1537, 0.1499999999999999700 ) ;
#2010 = LINE ( 'NONE', #1265, #274 ) ;
#2011 = SURFACE_STYLE_USAGE ( .BOTH. , #1415 ) ;
#2012 =( LENGTH_UNIT ( ) NAMED_UNIT ( * ) SI_UNIT ( .MILLI., .METRE. ) );
#2013 = DIRECTION ( 'NONE',  ( -1.000000000000000000, 0.0000000000000000000, 0.0000000000000000000 ) ) ;
#2014 = ORIENTED_EDGE ( 'NONE', *, *, #1493, .F. ) ;
#2015 = DIRECTION ( 'NONE',  ( -0.0000000000000000000, 1.000000000000000000, -0.0000000000000000000 ) ) ;
#2016 = PRESENTATION_STYLE_ASSIGNMENT (( #1726 ) ) ;
#2017 = SURFACE_SIDE_STYLE ('',( #1587 ) ) ;
#2018 = VECTOR ( 'NONE', #1991, 1000.000000000000000 ) ;
#2019 = PRESENTATION_LAYER_ASSIGNMENT (  '', '', ( #555 ) ) ;
#2020 = SURFACE_STYLE_FILL_AREA ( #2029 ) ;
#2021 = EDGE_CURVE ( 'NONE', #473, #1158, #78, .T. ) ;
#2022 = SURFACE_SIDE_STYLE ('',( #1972 ) ) ;
#2023 = ORIENTED_EDGE ( 'NONE', *, *, #2223, .T. ) ;
#2024 = AXIS2_PLACEMENT_3D ( 'NONE', #1837, #2015, #1306 ) ;
#2025 = DIRECTION ( 'NONE',  ( 0.0000000000000000000, 1.000000000000000000, 0.0000000000000000000 ) ) ;
#2026 = VERTEX_POINT ( 'NONE', #1901 ) ;
#2027 = UNCERTAINTY_MEASURE_WITH_UNIT (LENGTH_MEASURE( 1.000000000000000100E-005 ), #2080, 'distance_accuracy_value', 'NONE');
#2028 = DIRECTION ( 'NONE',  ( 0.0000000000000000000, -0.0000000000000000000, 1.000000000000000000 ) ) ;
#2029 = FILL_AREA_STYLE ('',( #794 ) ) ;
#2030 = DIRECTION ( 'NONE',  ( 0.0000000000000000000, 1.000000000000000000, 0.0000000000000000000 ) ) ;
#2031 = CARTESIAN_POINT ( 'NONE',  ( -2.200000000000000600, 1.350000000000003000, -0.2000000000000001200 ) ) ;
#2032 = LINE ( 'NONE', #2291, #2139 ) ;
#2033 = CIRCLE ( 'NONE', #2024, 0.2999999999999999300 ) ;
#2034 = ORIENTED_EDGE ( 'NONE', *, *, #778, .F. ) ;
#2035 = DIRECTION ( 'NONE',  ( -0.7071067811865475700, -0.7071067811865475700, 0.0000000000000000000 ) ) ;
#2036 = MECHANICAL_DESIGN_GEOMETRIC_PRESENTATION_REPRESENTATION (  '', ( #1260 ), #632 ) ;
#2037 = VERTEX_POINT ( 'NONE', #265 ) ;
#2038 = UNCERTAINTY_MEASURE_WITH_UNIT (LENGTH_MEASURE( 1.000000000000000100E-005 ), #891, 'distance_accuracy_value', 'NONE');
#2039 =( LENGTH_UNIT ( ) NAMED_UNIT ( * ) SI_UNIT ( .MILLI., .METRE. ) );
#2040 = EDGE_CURVE ( 'NONE', #473, #1114, #1644, .T. ) ;
#2041 = PRESENTATION_STYLE_ASSIGNMENT (( #2224 ) ) ;
#2042 = SURFACE_SIDE_STYLE ('',( #1061 ) ) ;
#2043 = ORIENTED_EDGE ( 'NONE', *, *, #941, .T. ) ;
#2044 = DIRECTION ( 'NONE',  ( 0.0000000000000000000, -0.0000000000000000000, 1.000000000000000000 ) ) ;
#2045 = CARTESIAN_POINT ( 'NONE',  ( 2.000000000000003600, 1.500000000000002900, 1.000000000000000000 ) ) ;
#2046 = SURFACE_STYLE_USAGE ( .BOTH. , #1521 ) ;
#2047 = AXIS2_PLACEMENT_3D ( 'NONE', #418, #2263, #1179 ) ;
#2048 = CARTESIAN_POINT ( 'NONE',  ( -1.700000000000000200, 1.799999999999999600, -1.800000000000000500 ) ) ;
#2049 = EDGE_LOOP ( 'NONE', ( #1632, #40, #2200, #408 ) ) ;
#2050 = EDGE_LOOP ( 'NONE', ( #1879, #970, #57, #1134, #2180, #420, #2312, #2162 ) ) ;
#2051 = VERTEX_POINT ( 'NONE', #1094 ) ;
#2052 = DIRECTION ( 'NONE',  ( -0.0000000000000000000, -0.0000000000000000000, -1.000000000000000000 ) ) ;
#2053 = ORIENTED_EDGE ( 'NONE', *, *, #1823, .T. ) ;
#2054 = VERTEX_POINT ( 'NONE', #1339 ) ;
#2055 = CIRCLE ( 'NONE', #1190, 0.1000000000000000500 ) ;
#2056 = EDGE_CURVE ( 'NONE', #106, #1676, #783, .T. ) ;
#2057 = EDGE_CURVE ( 'NONE', #2037, #2280, #1704, .T. ) ;
#2058 = MECHANICAL_DESIGN_GEOMETRIC_PRESENTATION_REPRESENTATION (  '', ( #793 ), #1398 ) ;
#2059 = LINE ( 'NONE', #1076, #1561 ) ;
#2060 = EDGE_CURVE ( 'NONE', #1545, #121, #2055, .T. ) ;
#2061 = CARTESIAN_POINT ( 'NONE',  ( 2.200000000000000600, 1.300000000000002700, 0.1999999999999999000 ) ) ;
#2062 = CARTESIAN_POINT ( 'NONE',  ( 1.700000000000003500, 0.09999999999999460700, -2.100000000000000100 ) ) ;
#2063 = ORIENTED_EDGE ( 'NONE', *, *, #960, .T. ) ;
#2064 =( GEOMETRIC_REPRESENTATION_CONTEXT ( 3 ) GLOBAL_UNCERTAINTY_ASSIGNED_CONTEXT ( ( #104 ) ) GLOBAL_UNIT_ASSIGNED_CONTEXT ( ( #1615, #683, #191 ) ) REPRESENTATION_CONTEXT ( 'NONE', 'WORKASPACE' ) );
#2065 = STYLED_ITEM ( 'NONE', ( #1147 ), #760 ) ;
#2066 = UNCERTAINTY_MEASURE_WITH_UNIT (LENGTH_MEASURE( 1.000000000000000100E-005 ), #58, 'distance_accuracy_value', 'NONE');
#2067 = CARTESIAN_POINT ( 'NONE',  ( -2.050000000000000700, 0.1500000000000023000, 1.000000000000000000 ) ) ;
#2068 = DIRECTION ( 'NONE',  ( 0.0000000000000000000, -0.0000000000000000000, 1.000000000000000000 ) ) ;
#2069 = DIRECTION ( 'NONE',  ( 0.0000000000000000000, 1.000000000000000000, 0.0000000000000000000 ) ) ;
#2070 = LINE ( 'NONE', #1424, #2018 ) ;
#2071 = CARTESIAN_POINT ( 'NONE',  ( -1.399999999999999500, 0.1999999999999999000, 1.000000000000000000 ) ) ;
#2072 = ORIENTED_EDGE ( 'NONE', *, *, #796, .F. ) ;
#2073 = FILL_AREA_STYLE_COLOUR ( '', #1152 ) ;
#2074 = SURFACE_STYLE_USAGE ( .BOTH. , #797 ) ;
#2075 = MECHANICAL_DESIGN_GEOMETRIC_PRESENTATION_REPRESENTATION (  '', ( #2249 ), #131 ) ;
#2076 = CARTESIAN_POINT ( 'NONE',  ( -1.400000000000000100, -9.797174393178811400E-017, 1.000000000000000000 ) ) ;
#2077 = LINE ( 'NONE', #264, #95 ) ;
#2078 = AXIS2_PLACEMENT_3D ( 'NONE', #1145, #2239, #1519 ) ;
#2079 = ORIENTED_EDGE ( 'NONE', *, *, #1014, .T. ) ;
#2080 =( LENGTH_UNIT ( ) NAMED_UNIT ( * ) SI_UNIT ( .MILLI., .METRE. ) );
#2081 = SURFACE_STYLE_FILL_AREA ( #1887 ) ;
#2082 = CARTESIAN_POINT ( 'NONE',  ( -2.200000000000000600, 1.300000000000002700, 0.1999999999999999000 ) ) ;
#2083 = LINE ( 'NONE', #2165, #1210 ) ;
#2084 = ORIENTED_EDGE ( 'NONE', *, *, #2097, .F. ) ;
#2085 = LINE ( 'NONE', #1443, #1211 ) ;
#2086 = STYLED_ITEM ( 'NONE', ( #1030 ), #2172 ) ;
#2087 = PLANE ( 'NONE',  #162 ) ;
#2088 = EDGE_CURVE ( 'NONE', #1087, #617, #862, .T. ) ;
#2089 = CARTESIAN_POINT ( 'NONE',  ( 2.000000000000000000, 1.300000000000002700, -1.355252715606880500E-016 ) ) ;
#2090 = CARTESIAN_POINT ( 'NONE',  ( -0.7999999999999996000, 0.1999999999999941300, 1.099999999999999600 ) ) ;
#2091 = STYLED_ITEM ( 'NONE', ( #1604 ), #1088 ) ;
#2092 = PRESENTATION_STYLE_ASSIGNMENT (( #2011 ) ) ;
#2093 = ORIENTED_EDGE ( 'NONE', *, *, #35, .F. ) ;
#2094 = ORIENTED_EDGE ( 'NONE', *, *, #56, .T. ) ;
#2095 = CARTESIAN_POINT ( 'NONE',  ( -2.000000000000000400, 1.300000000000002700, 0.1999999999999999000 ) ) ;
#2096 = DIRECTION ( 'NONE',  ( 0.0000000000000000000, -0.0000000000000000000, 1.000000000000000000 ) ) ;
#2097 = EDGE_CURVE ( 'NONE', #472, #411, #2009, .T. ) ;
#2098 = EDGE_CURVE ( 'NONE', #1731, #1870, #1916, .T. ) ;
#2099 = ORIENTED_EDGE ( 'NONE', *, *, #1450, .F. ) ;
#2100 = FILL_AREA_STYLE_COLOUR ( '', #192 ) ;
#2101 = CYLINDRICAL_SURFACE ( 'NONE', #1807, 0.2999999999999999300 ) ;
#2102 = SURFACE_STYLE_USAGE ( .BOTH. , #1173 ) ;
#2103 = ORIENTED_EDGE ( 'NONE', *, *, #1898, .F. ) ;
#2104 = UNCERTAINTY_MEASURE_WITH_UNIT (LENGTH_MEASURE( 1.000000000000000100E-005 ), #1409, 'distance_accuracy_value', 'NONE');
#2105 = ORIENTED_EDGE ( 'NONE', *, *, #1067, .T. ) ;
#2106 = STYLED_ITEM ( 'NONE', ( #810 ), #1845 ) ;
#2107 = CARTESIAN_POINT ( 'NONE',  ( 2.049999999999999800, 1.350000000000003000, 1.000000000000000000 ) ) ;
#2108 = PRESENTATION_LAYER_ASSIGNMENT (  '', '', ( #1992 ) ) ;
#2109 = LINE ( 'NONE', #461, #1422 ) ;
#2110 = ORIENTED_EDGE ( 'NONE', *, *, #1086, .F. ) ;
#2111 = VERTEX_POINT ( 'NONE', #2330 ) ;
#2112 =( NAMED_UNIT ( * ) SI_UNIT ( $, .STERADIAN. ) SOLID_ANGLE_UNIT ( ) );
#2113 = COLOUR_RGB ( '',0.5019607843137254800, 0.5019607843137254800, 0.5019607843137254800 ) ;
#2114 = PRESENTATION_STYLE_ASSIGNMENT (( #1177 ) ) ;
#2115 = VECTOR ( 'NONE', #523, 1000.000000000000000 ) ;
#2116 = CARTESIAN_POINT ( 'NONE',  ( -2.000000000000000000, 0.2000000000000022600, -1.000000000000000000 ) ) ;
#2117 = EDGE_LOOP ( 'NONE', ( #1624, #2120, #2247, #2174 ) ) ;
#2118 = MECHANICAL_DESIGN_GEOMETRIC_PRESENTATION_REPRESENTATION (  '', ( #1668 ), #502 ) ;
#2119 = CARTESIAN_POINT ( 'NONE',  ( 2.000000000000003600, -1.050000000000005800, 2.450000000000000600 ) ) ;
#2120 = ORIENTED_EDGE ( 'NONE', *, *, #179, .T. ) ;
#2121 = PRESENTATION_STYLE_ASSIGNMENT (( #1358 ) ) ;
#2122 = SURFACE_STYLE_USAGE ( .BOTH. , #1214 ) ;
#2123 = VECTOR ( 'NONE', #1610, 1000.000000000000000 ) ;
#2124 = DIRECTION ( 'NONE',  ( 0.0000000000000000000, 0.0000000000000000000, 1.000000000000000000 ) ) ;
#2125 = ORIENTED_EDGE ( 'NONE', *, *, #2333, .F. ) ;
#2126 = SURFACE_STYLE_USAGE ( .BOTH. , #1244 ) ;
#2127 = SURFACE_STYLE_USAGE ( .BOTH. , #1956 ) ;
#2128 =( GEOMETRIC_REPRESENTATION_CONTEXT ( 3 ) GLOBAL_UNCERTAINTY_ASSIGNED_CONTEXT ( ( #1178 ) ) GLOBAL_UNIT_ASSIGNED_CONTEXT ( ( #843, #138, #500 ) ) REPRESENTATION_CONTEXT ( 'NONE', 'WORKASPACE' ) );
#2129 = LINE ( 'NONE', #1341, #1082 ) ;
#2130 = MECHANICAL_DESIGN_GEOMETRIC_PRESENTATION_REPRESENTATION (  '', ( #2086 ), #1605 ) ;
#2131 = ORIENTED_EDGE ( 'NONE', *, *, #1797, .F. ) ;
#2132 = STYLED_ITEM ( 'NONE', ( #287 ), #11 ) ;
#2133 = CARTESIAN_POINT ( 'NONE',  ( -2.200000000000000600, 1.500000000000002900, 1.000000000000000000 ) ) ;
#2134 = UNCERTAINTY_MEASURE_WITH_UNIT (LENGTH_MEASURE( 1.000000000000000100E-005 ), #1074, 'distance_accuracy_value', 'NONE');
#2135 = DIRECTION ( 'NONE',  ( 1.000000000000000000, -0.0000000000000000000, -0.0000000000000000000 ) ) ;
#2136 = AXIS2_PLACEMENT_3D ( 'NONE', #1699, #1323, #1491 ) ;
#2137 = CARTESIAN_POINT ( 'NONE',  ( 2.200000000000000600, 2.882512403493081500E-015, 1.000000000000000000 ) ) ;
#2138 = VECTOR ( 'NONE', #2323, 1000.000000000000000 ) ;
#2139 = VECTOR ( 'NONE', #501, 1000.000000000000000 ) ;
#2140 = COLOUR_RGB ( '',1.000000000000000000, 1.000000000000000000, 1.000000000000000000 ) ;
#2141 = ORIENTED_EDGE ( 'NONE', *, *, #228, .F. ) ;
#2142 = DIRECTION ( 'NONE',  ( -1.000000000000000000, 0.0000000000000000000, -0.0000000000000000000 ) ) ;
#2143 = LINE ( 'NONE', #642, #1562 ) ;
#2144 = FILL_AREA_STYLE_COLOUR ( '', #1129 ) ;
#2145 = DIRECTION ( 'NONE',  ( -1.000000000000000000, 0.0000000000000000000, 0.0000000000000000000 ) ) ;
#2146 = DIRECTION ( 'NONE',  ( -0.0000000000000000000, -1.000000000000000000, -0.0000000000000000000 ) ) ;
#2147 = FACE_OUTER_BOUND ( 'NONE', #2232, .T. ) ;
#2148 = VECTOR ( 'NONE', #901, 1000.000000000000000 ) ;
#2149 = AXIS2_PLACEMENT_3D ( 'NONE', #1766, #1922, #481 ) ;
#2150 = ORIENTED_EDGE ( 'NONE', *, *, #1333, .F. ) ;
#2151 =( NAMED_UNIT ( * ) SI_UNIT ( $, .STERADIAN. ) SOLID_ANGLE_UNIT ( ) );
#2152 = APPLICATION_PROTOCOL_DEFINITION ( 'draft international standard', 'automotive_design', 1998, #672 ) ;
#2153 = ORIENTED_EDGE ( 'NONE', *, *, #1119, .T. ) ;
#2154 = CARTESIAN_POINT ( 'NONE',  ( -2.050000000000000700, 1.350000000000003000, 1.000000000000000000 ) ) ;
#2155 = EDGE_CURVE ( 'NONE', #1114, #1944, #482, .T. ) ;
#2156 = ADVANCED_FACE ( 'NONE', ( #1586 ), #1994, .F. ) ;
#2157 = CARTESIAN_POINT ( 'NONE',  ( 1.700000000000003500, 1.800000000000000000, 2.100000000000000100 ) ) ;
#2158 = FILL_AREA_STYLE ('',( #1394 ) ) ;
#2159 = CARTESIAN_POINT ( 'NONE',  ( 0.0000000000000000000, 0.0000000000000000000, -1.000000000000000000 ) ) ;
#2160 = DIRECTION ( 'NONE',  ( -0.0000000000000000000, 1.000000000000000000, 0.0000000000000000000 ) ) ;
#2161 = DIRECTION ( 'NONE',  ( -1.000000000000000000, 3.725605184281085300E-015, 0.0000000000000000000 ) ) ;
#2162 = ORIENTED_EDGE ( 'NONE', *, *, #574, .F. ) ;
#2163 = DIRECTION ( 'NONE',  ( -0.0000000000000000000, -0.0000000000000000000, 1.000000000000000000 ) ) ;
#2164 = EDGE_CURVE ( 'NONE', #2242, #2026, #251, .T. ) ;
#2165 = CARTESIAN_POINT ( 'NONE',  ( -1.400000000000000100, -9.797174393178811400E-017, 1.000000000000000000 ) ) ;
#2166 = DIRECTION ( 'NONE',  ( 1.000000000000000000, -3.794707603699267900E-015, 0.0000000000000000000 ) ) ;
#2167 = FACE_OUTER_BOUND ( 'NONE', #378, .T. ) ;
#2168 = CARTESIAN_POINT ( 'NONE',  ( -2.200000000000000600, 1.300000000000002700, -0.2000000000000001800 ) ) ;
#2169 = ORIENTED_EDGE ( 'NONE', *, *, #836, .F. ) ;
#2170 = CARTESIAN_POINT ( 'NONE',  ( -0.8999999999999996900, 0.1999999999999980400, 1.099999999999999600 ) ) ;
#2171 =( NAMED_UNIT ( * ) PLANE_ANGLE_UNIT ( ) SI_UNIT ( $, .RADIAN. ) );
#2172 = ADVANCED_FACE ( 'NONE', ( #52 ), #551, .F. ) ;
#2173 =( NAMED_UNIT ( * ) PLANE_ANGLE_UNIT ( ) SI_UNIT ( $, .RADIAN. ) );
#2174 = ORIENTED_EDGE ( 'NONE', *, *, #1865, .F. ) ;
#2175 = DIRECTION ( 'NONE',  ( -0.0000000000000000000, 0.0000000000000000000, -1.000000000000000000 ) ) ;
#2176 = CARTESIAN_POINT ( 'NONE',  ( 2.000000000000003600, -5.600000000000007600, -2.100000000000000100 ) ) ;
#2177 = AXIS2_PLACEMENT_3D ( 'NONE', #823, #1543, #103 ) ;
#2178 = CARTESIAN_POINT ( 'NONE',  ( -2.200000000000000600, 1.300000000000002700, -0.2000000000000001500 ) ) ;
#2179 = DIRECTION ( 'NONE',  ( -1.000000000000000000, 0.0000000000000000000, 0.0000000000000000000 ) ) ;
#2180 = ORIENTED_EDGE ( 'NONE', *, *, #1706, .F. ) ;
#2181 = LINE ( 'NONE', #84, #527 ) ;
#2182 = EDGE_CURVE ( 'NONE', #2209, #2190, #319, .T. ) ;
#2183 = ADVANCED_FACE ( 'NONE', ( #1270 ), #639, .F. ) ;
#2184 = EDGE_CURVE ( 'NONE', #536, #1146, #1024, .T. ) ;
#2185 = LINE ( 'NONE', #2133, #847 ) ;
#2186 = SURFACE_STYLE_FILL_AREA ( #858 ) ;
#2187 = STYLED_ITEM ( 'NONE', ( #1360 ), #1447 ) ;
#2188 = DIRECTION ( 'NONE',  ( -1.000000000000000000, 0.0000000000000000000, 0.0000000000000000000 ) ) ;
#2189 = MECHANICAL_DESIGN_GEOMETRIC_PRESENTATION_REPRESENTATION (  '', ( #1093 ), #1832 ) ;
#2190 = VERTEX_POINT ( 'NONE', #1740 ) ;
#2191 = SURFACE_STYLE_USAGE ( .BOTH. , #2022 ) ;
#2192 =( NAMED_UNIT ( * ) SI_UNIT ( $, .STERADIAN. ) SOLID_ANGLE_UNIT ( ) );
#2193 = FILL_AREA_STYLE ('',( #1330 ) ) ;
#2194 = AXIS2_PLACEMENT_3D ( 'NONE', #1739, #1193, #289 ) ;
#2195 = VECTOR ( 'NONE', #394, 1000.000000000000000 ) ;
#2196 = VECTOR ( 'NONE', #2260, 1000.000000000000000 ) ;
#2197 =( NAMED_UNIT ( * ) PLANE_ANGLE_UNIT ( ) SI_UNIT ( $, .RADIAN. ) );
#2198 = MECHANICAL_DESIGN_GEOMETRIC_PRESENTATION_REPRESENTATION (  '', ( #1342 ), #215 ) ;
#2199 = COLOUR_RGB ( '',1.000000000000000000, 1.000000000000000000, 1.000000000000000000 ) ;
#2200 = ORIENTED_EDGE ( 'NONE', *, *, #427, .F. ) ;
#2201 = CYLINDRICAL_SURFACE ( 'NONE', #1136, 0.2000000000000000400 ) ;
#2202 = CARTESIAN_POINT ( 'NONE',  ( 0.7000000000000035100, 0.09999999999999466300, 1.099999999999999600 ) ) ;
#2203 = CARTESIAN_POINT ( 'NONE',  ( 2.049999999999999800, 1.500000000000002900, 1.000000000000000000 ) ) ;
#2204 = VERTEX_POINT ( 'NONE', #448 ) ;
#2205 = DIRECTION ( 'NONE',  ( -1.000000000000000000, -4.336808689942017700E-015, 0.0000000000000000000 ) ) ;
#2206 = SURFACE_STYLE_USAGE ( .BOTH. , #938 ) ;
#2207 = UNCERTAINTY_MEASURE_WITH_UNIT (LENGTH_MEASURE( 1.000000000000000100E-005 ), #43, 'distance_accuracy_value', 'NONE');
#2208 =( GEOMETRIC_REPRESENTATION_CONTEXT ( 3 ) GLOBAL_UNCERTAINTY_ASSIGNED_CONTEXT ( ( #1553 ) ) GLOBAL_UNIT_ASSIGNED_CONTEXT ( ( #1745, #1195, #1368 ) ) REPRESENTATION_CONTEXT ( 'NONE', 'WORKASPACE' ) );
#2209 = VERTEX_POINT ( 'NONE', #1919 ) ;
#2210 = UNCERTAINTY_MEASURE_WITH_UNIT (LENGTH_MEASURE( 1.000000000000000100E-005 ), #540, 'distance_accuracy_value', 'NONE');
#2211 = EDGE_CURVE ( 'NONE', #1628, #1251, #1803, .T. ) ;
#2212 = VERTEX_POINT ( 'NONE', #1372 ) ;
#2213 = DIRECTION ( 'NONE',  ( 0.0000000000000000000, 0.0000000000000000000, -1.000000000000000000 ) ) ;
#2214 = STYLED_ITEM ( 'NONE', ( #924 ), #1279 ) ;
#2215 = FILL_AREA_STYLE_COLOUR ( '', #1877 ) ;
#2216 = PLANE ( 'NONE',  #164 ) ;
#2217 = CARTESIAN_POINT ( 'NONE',  ( 2.049999999999999800, 1.350000000000003000, 1.000000000000000000 ) ) ;
#2218 = ORIENTED_EDGE ( 'NONE', *, *, #2221, .F. ) ;
#2219 = SURFACE_STYLE_USAGE ( .BOTH. , #952 ) ;
#2220 = ORIENTED_EDGE ( 'NONE', *, *, #1128, .T. ) ;
#2221 = EDGE_CURVE ( 'NONE', #2204, #752, #779, .T. ) ;
#2222 = FILL_AREA_STYLE ('',( #708 ) ) ;
#2223 = EDGE_CURVE ( 'NONE', #1731, #73, #575, .T. ) ;
#2224 = SURFACE_STYLE_USAGE ( .BOTH. , #416 ) ;
#2225 = PRESENTATION_STYLE_ASSIGNMENT (( #353 ) ) ;
#2226 = CARTESIAN_POINT ( 'NONE',  ( 2.050000000000000700, 0.1500000000000021300, 1.000000000000000000 ) ) ;
#2227 = ORIENTED_EDGE ( 'NONE', *, *, #1965, .F. ) ;
#2228 =( NAMED_UNIT ( * ) SI_UNIT ( $, .STERADIAN. ) SOLID_ANGLE_UNIT ( ) );
#2229 = COLOUR_RGB ( '',1.000000000000000000, 1.000000000000000000, 1.000000000000000000 ) ;
#2230 = MECHANICAL_DESIGN_GEOMETRIC_PRESENTATION_REPRESENTATION (  '', ( #801 ), #515 ) ;
#2231 = AXIS2_PLACEMENT_3D ( 'NONE', #853, #2145, #331 ) ;
#2232 = EDGE_LOOP ( 'NONE', ( #1513, #477, #1881, #2110 ) ) ;
#2233 = COLOUR_RGB ( '',0.7921568627450980000, 0.8196078431372548800, 0.9333333333333333500 ) ;
#2234 =( LENGTH_UNIT ( ) NAMED_UNIT ( * ) SI_UNIT ( .MILLI., .METRE. ) );
#2235 = FILL_AREA_STYLE ('',( #1532 ) ) ;
#2236 = CARTESIAN_POINT ( 'NONE',  ( -0.7999999999999996000, 0.1999999999999947400, -1.099999999999997900 ) ) ;
#2237 = VERTEX_POINT ( 'NONE', #1378 ) ;
#2238 = PRESENTATION_STYLE_ASSIGNMENT (( #649 ) ) ;
#2239 = DIRECTION ( 'NONE',  ( -3.725605184281085300E-015, -1.000000000000000000, 0.0000000000000000000 ) ) ;
#2240 = PLANE ( 'NONE',  #876 ) ;
#2241 =( GEOMETRIC_REPRESENTATION_CONTEXT ( 3 ) GLOBAL_UNCERTAINTY_ASSIGNED_CONTEXT ( ( #94 ) ) GLOBAL_UNIT_ASSIGNED_CONTEXT ( ( #1185, #1571, #615 ) ) REPRESENTATION_CONTEXT ( 'NONE', 'WORKASPACE' ) );
#2242 = VERTEX_POINT ( 'NONE', #1385 ) ;
#2243 = ORIENTED_EDGE ( 'NONE', *, *, #1320, .T. ) ;
#2244 = LINE ( 'NONE', #969, #211 ) ;
#2245 = CARTESIAN_POINT ( 'NONE',  ( 2.000000000000003600, 0.1999999999999866300, 1.000000000000000000 ) ) ;
#2246 = FILL_AREA_STYLE ('',( #1869 ) ) ;
#2247 = ORIENTED_EDGE ( 'NONE', *, *, #1934, .F. ) ;
#2248 = COLOUR_RGB ( '',0.5019607843137254800, 0.5019607843137254800, 0.5019607843137254800 ) ;
#2249 = STYLED_ITEM ( 'NONE', ( #299 ), #193 ) ;
#2250 = SURFACE_STYLE_FILL_AREA ( #1993 ) ;
#2251 = ORIENTED_EDGE ( 'NONE', *, *, #1192, .F. ) ;
#2252 = DIRECTION ( 'NONE',  ( -0.0000000000000000000, -0.0000000000000000000, -1.000000000000000000 ) ) ;
#2253 = EDGE_CURVE ( 'NONE', #372, #1998, #19, .T. ) ;
#2254 = FILL_AREA_STYLE_COLOUR ( '', #504 ) ;
#2255 = ORIENTED_EDGE ( 'NONE', *, *, #898, .F. ) ;
#2256 = MECHANICAL_DESIGN_GEOMETRIC_PRESENTATION_REPRESENTATION (  '', ( #1328 ), #2064 ) ;
#2257 = CARTESIAN_POINT ( 'NONE',  ( -2.000000000000000000, 0.09999999999999477400, 0.0000000000000000000 ) ) ;
#2258 = LINE ( 'NONE', #1698, #816 ) ;
#2259 = PLANE ( 'NONE',  #2177 ) ;
#2260 = DIRECTION ( 'NONE',  ( 5.782411586589356700E-016, -1.000000000000000000, 0.0000000000000000000 ) ) ;
#2261 = ORIENTED_EDGE ( 'NONE', *, *, #1325, .T. ) ;
#2262 = CARTESIAN_POINT ( 'NONE',  ( 0.0000000000000000000, 0.0000000000000000000, 1.000000000000000000 ) ) ;
#2263 = DIRECTION ( 'NONE',  ( 1.000000000000000000, 0.0000000000000000000, 0.0000000000000000000 ) ) ;
#2264 = AXIS2_PLACEMENT_3D ( 'NONE', #687, #1063, #1973 ) ;
#2265 = CARTESIAN_POINT ( 'NONE',  ( -2.200000000000000600, 1.350000000000003000, 1.000000000000000000 ) ) ;
#2266 = ORIENTED_EDGE ( 'NONE', *, *, #1183, .T. ) ;
#2267 = FILL_AREA_STYLE ('',( #820 ) ) ;
#2268 = EDGE_CURVE ( 'NONE', #1003, #177, #99, .T. ) ;
#2269 = DIRECTION ( 'NONE',  ( 3.252606517456513300E-015, 1.000000000000000000, 0.0000000000000000000 ) ) ;
#2270 = VECTOR ( 'NONE', #2322, 1000.000000000000000 ) ;
#2271 = UNCERTAINTY_MEASURE_WITH_UNIT (LENGTH_MEASURE( 1.000000000000000100E-005 ), #668, 'distance_accuracy_value', 'NONE');
#2272 = FILL_AREA_STYLE_COLOUR ( '', #2298 ) ;
#2273 = VERTEX_POINT ( 'NONE', #2116 ) ;
#2274 = SURFACE_STYLE_FILL_AREA ( #982 ) ;
#2275 =( NAMED_UNIT ( * ) SI_UNIT ( $, .STERADIAN. ) SOLID_ANGLE_UNIT ( ) );
#2276 = SURFACE_SIDE_STYLE ('',( #860 ) ) ;
#2277 = EDGE_CURVE ( 'NONE', #1731, #121, #1696, .T. ) ;
#2278 = CARTESIAN_POINT ( 'NONE',  ( 2.000000000000003600, 1.500000000000002900, 1.000000000000000000 ) ) ;
#2279 = ORIENTED_EDGE ( 'NONE', *, *, #874, .F. ) ;
#2280 = VERTEX_POINT ( 'NONE', #1017 ) ;
#2281 = COLOUR_RGB ( '',0.5019607843137254800, 0.5019607843137254800, 0.5019607843137254800 ) ;
#2282 = DIRECTION ( 'NONE',  ( 1.000000000000000000, 0.0000000000000000000, 0.0000000000000000000 ) ) ;
#2283 = DIRECTION ( 'NONE',  ( 0.7071067811865474600, -0.7071067811865474600, 0.0000000000000000000 ) ) ;
#2284 = EDGE_CURVE ( 'NONE', #121, #1434, #1912, .T. ) ;
#2285 = ORIENTED_EDGE ( 'NONE', *, *, #197, .F. ) ;
#2286 = EDGE_CURVE ( 'NONE', #190, #2190, #1940, .T. ) ;
#2287 = VERTEX_POINT ( 'NONE', #118 ) ;
#2288 = EDGE_CURVE ( 'NONE', #1998, #2054, #292, .T. ) ;
#2289 = DIRECTION ( 'NONE',  ( 0.0000000000000000000, 0.7071067811865474600, -0.7071067811865475700 ) ) ;
#2290 = ORIENTED_EDGE ( 'NONE', *, *, #1983, .T. ) ;
#2291 = CARTESIAN_POINT ( 'NONE',  ( -2.200000000000000600, 1.500000000000002900, 0.1999999999999999000 ) ) ;
#2292 = PRESENTATION_LAYER_ASSIGNMENT (  '', '', ( #1902 ) ) ;
#2293 = FILL_AREA_STYLE ('',( #2302 ) ) ;
#2294 =( NAMED_UNIT ( * ) SI_UNIT ( $, .STERADIAN. ) SOLID_ANGLE_UNIT ( ) );
#2295 = MECHANICAL_DESIGN_GEOMETRIC_PRESENTATION_REPRESENTATION (  '', ( #517 ), #1416 ) ;
#2296 = DIRECTION ( 'NONE',  ( 0.0000000000000000000, 1.000000000000000000, 0.0000000000000000000 ) ) ;
#2297 = ORIENTED_EDGE ( 'NONE', *, *, #941, .F. ) ;
#2298 = COLOUR_RGB ( '',1.000000000000000000, 1.000000000000000000, 1.000000000000000000 ) ;
#2299 = UNCERTAINTY_MEASURE_WITH_UNIT (LENGTH_MEASURE( 1.000000000000000100E-005 ), #725, 'distance_accuracy_value', 'NONE');
#2300 = DIRECTION ( 'NONE',  ( 0.0000000000000000000, -0.0000000000000000000, 1.000000000000000000 ) ) ;
#2301 = DIRECTION ( 'NONE',  ( -4.336808689942017700E-015, 1.000000000000000000, 0.0000000000000000000 ) ) ;
#2302 = FILL_AREA_STYLE_COLOUR ( '', #1674 ) ;
#2303 = ORIENTED_EDGE ( 'NONE', *, *, #1450, .T. ) ;
#2304 =( NAMED_UNIT ( * ) SI_UNIT ( $, .STERADIAN. ) SOLID_ANGLE_UNIT ( ) );
#2305 = AXIS2_PLACEMENT_3D ( 'NONE', #295, #1022, #1768 ) ;
#2306 = PRESENTATION_LAYER_ASSIGNMENT (  '', '', ( #247 ) ) ;
#2307 = CARTESIAN_POINT ( 'NONE',  ( -2.200000000000000600, 1.300000000000002700, -0.2000000000000001800 ) ) ;
#2308 = FACE_OUTER_BOUND ( 'NONE', #620, .T. ) ;
#2309 = LINE ( 'NONE', #875, #1786 ) ;
#2310 = LINE ( 'NONE', #315, #1132 ) ;
#2311 = SURFACE_SIDE_STYLE ('',( #1529 ) ) ;
#2312 = ORIENTED_EDGE ( 'NONE', *, *, #919, .T. ) ;
#2313 = CARTESIAN_POINT ( 'NONE',  ( -0.8999999999999996900, 0.09999999999999473200, 1.299999999999999200 ) ) ;
#2314 = SURFACE_SIDE_STYLE ('',( #591 ) ) ;
#2315 = APPLICATION_CONTEXT ( 'automotive_design' ) ;
#2316 = LINE ( 'NONE', #259, #1859 ) ;
#2317 = STYLED_ITEM ( 'NONE', ( #1729 ), #2183 ) ;
#2318 = EDGE_CURVE ( 'NONE', #282, #861, #2109, .T. ) ;
#2319 = DIRECTION ( 'NONE',  ( -1.000000000000000000, 3.725605184281085300E-015, 0.0000000000000000000 ) ) ;
#2320 =( NAMED_UNIT ( * ) SI_UNIT ( $, .STERADIAN. ) SOLID_ANGLE_UNIT ( ) );
#2321 = MECHANICAL_DESIGN_GEOMETRIC_PRESENTATION_REPRESENTATION (  '', ( #391 ), #1246 ) ;
#2322 = DIRECTION ( 'NONE',  ( 0.0000000000000000000, 1.000000000000000000, 0.0000000000000000000 ) ) ;
#2323 = DIRECTION ( 'NONE',  ( -1.000000000000000000, 4.660466312107517700E-017, 0.0000000000000000000 ) ) ;
#2324 = ADVANCED_FACE ( 'NONE', ( #944 ), #644, .T. ) ;
#2325 = ORIENTED_EDGE ( 'NONE', *, *, #961, .F. ) ;
#2326 = VECTOR ( 'NONE', #2289, 1000.000000000000000 ) ;
#2327 = CARTESIAN_POINT ( 'NONE',  ( 2.050000000000000700, 0.1500000000000021300, -1.000000000000000000 ) ) ;
#2328 = DIRECTION ( 'NONE',  ( 0.0000000000000000000, 0.0000000000000000000, -1.000000000000000000 ) ) ;
#2329 = EDGE_CURVE ( 'NONE', #861, #566, #1144, .T. ) ;
#2330 = CARTESIAN_POINT ( 'NONE',  ( -2.200000000000000600, 1.300000000000002700, 0.1999999999999998700 ) ) ;
#2331 = CARTESIAN_POINT ( 'NONE',  ( 2.049999999999999800, 1.350000000000003000, -1.000000000000000000 ) ) ;
#2332 = DIRECTION ( 'NONE',  ( -0.0000000000000000000, 0.0000000000000000000, -1.000000000000000000 ) ) ;
#2333 = EDGE_CURVE ( 'NONE', #1452, #431, #1373, .T. ) ;
#2334 = VERTEX_POINT ( 'NONE', #342 ) ;
#2335 = CARTESIAN_POINT ( 'NONE',  ( -2.000000000000000000, 1.500000000000002900, 1.000000000000000000 ) ) ;
#2336 = DIRECTION ( 'NONE',  ( -1.000000000000000000, 0.0000000000000000000, 0.0000000000000000000 ) ) ;
#2337 = EDGE_LOOP ( 'NONE', ( #1775, #739, #851, #1395, #1788, #1996, #1110, #181 ) ) ;
#2338 = ADVANCED_FACE ( 'NONE', ( #402 ), #759, .F. ) ;
#2339 = VECTOR ( 'NONE', #995, 1000.000000000000000 ) ;
#2340 = AXIS2_PLACEMENT_3D ( 'NONE', #225, #53, #1499 ) ;
ENDSEC;
END-ISO-10303-21;
