ISO-10303-21;
HEADER;
FILE_DESCRIPTION (( 'STEP AP214' ),
    '1' );
FILE_NAME ('DQE8.STEP',
    '2024-05-14T08:00:35',
    ( '' ),
    ( '' ),
    'SwSTEP 2.0',
    'SolidWorks 2021',
    '' );
FILE_SCHEMA (( 'AUTOMOTIVE_DESIGN' ));
ENDSEC;

DATA;
#1 = DIRECTION ( 'NONE',  ( -1.000000000000000000, 0.000000000000000000, -0.000000000000000000 ) ) ;
#2 = LINE ( 'NONE', #220, #286 ) ;
#3 = PLANE ( 'NONE',  #1800 ) ;
#4 = DIRECTION ( 'NONE',  ( 0.000000000000000000, 1.000000000000000000, 0.000000000000000000 ) ) ;
#5 = ADVANCED_FACE ( 'NONE', ( #654 ), #1308, .T. ) ;
#6 = VERTEX_POINT ( 'NONE', #1102 ) ;
#7 = EDGE_LOOP ( 'NONE', ( #1329, #267, #2647, #225 ) ) ;
#8 = PLANE ( 'NONE',  #2566 ) ;
#9 = LINE ( 'NONE', #2450, #1021 ) ;
#10 = SURFACE_SIDE_STYLE ('',( #899 ) ) ;
#11 = VECTOR ( 'NONE', #689, 1000.000000000000000 ) ;
#12 = EDGE_CURVE ( 'NONE', #1993, #2062, #2, .T. ) ;
#13 = ORIENTED_EDGE ( 'NONE', *, *, #883, .F. ) ;
#14 = VECTOR ( 'NONE', #2709, 1000.000000000000000 ) ;
#15 = PLANE ( 'NONE',  #1335 ) ;
#16 = LINE ( 'NONE', #2502, #1342 ) ;
#17 = AXIS2_PLACEMENT_3D ( 'NONE', #205, #1262, #1086 ) ;
#18 = AXIS2_PLACEMENT_3D ( 'NONE', #2306, #2526, #941 ) ;
#19 = CARTESIAN_POINT ( 'NONE',  ( 0.000000000000000000, 0.05000000000000000278, 0.4375000000000049960 ) ) ;
#20 = AXIS2_PLACEMENT_3D ( 'NONE', #668, #858, #1785 ) ;
#21 = CARTESIAN_POINT ( 'NONE',  ( 0.2000000000000060618, 0.000000000000000000, 0.4374999999999968359 ) ) ;
#22 = CARTESIAN_POINT ( 'NONE',  ( -0.1750000000000077049, 0.05000000000000000278, -0.6124999999999983791 ) ) ;
#23 = ORIENTED_EDGE ( 'NONE', *, *, #615, .T. ) ;
#24 = EDGE_LOOP ( 'NONE', ( #100, #719, #1790, #1010 ) ) ;
#25 = ADVANCED_FACE ( 'NONE', ( #1963 ), #874, .T. ) ;
#26 = DIRECTION ( 'NONE',  ( 1.000000000000000000, 0.000000000000000000, -1.171353221365569310E-14 ) ) ;
#27 = FILL_AREA_STYLE ('',( #2029 ) ) ;
#28 = VERTEX_POINT ( 'NONE', #21 ) ;
#29 = CARTESIAN_POINT ( 'NONE',  ( -0.1999999999999990397, 0.4773110997362449703, 0.2625000000000017319 ) ) ;
#30 = EDGE_CURVE ( 'NONE', #2409, #345, #1559, .T. ) ;
#31 = DIRECTION ( 'NONE',  ( 0.000000000000000000, 1.000000000000000000, 0.000000000000000000 ) ) ;
#32 = ORIENTED_EDGE ( 'NONE', *, *, #2545, .F. ) ;
#33 = LINE ( 'NONE', #250, #981 ) ;
#34 = DIRECTION ( 'NONE',  ( 0.000000000000000000, 1.000000000000000000, -0.000000000000000000 ) ) ;
#35 = LINE ( 'NONE', #1560, #1441 ) ;
#36 = ORIENTED_EDGE ( 'NONE', *, *, #713, .F. ) ;
#37 =( NAMED_UNIT ( * ) SI_UNIT ( $, .STERADIAN. ) SOLID_ANGLE_UNIT ( ) );
#38 = DIRECTION ( 'NONE',  ( 0.000000000000000000, 1.000000000000000000, 0.000000000000000000 ) ) ;
#39 = CARTESIAN_POINT ( 'NONE',  ( 0.000000000000000000, 0.05000000000000000278, 0.6125000000000017097 ) ) ;
#40 = FACE_OUTER_BOUND ( 'NONE', #698, .T. ) ;
#41 = CARTESIAN_POINT ( 'NONE',  ( -0.2000000000000006772, 0.05000000000000000278, 0.000000000000000000 ) ) ;
#42 = CARTESIAN_POINT ( 'NONE',  ( -0.5000000000000034417, 0.000000000000000000, -0.2624999999999949596 ) ) ;
#43 = ADVANCED_FACE ( 'NONE', ( #1167 ), #1571, .F. ) ;
#44 = UNCERTAINTY_MEASURE_WITH_UNIT (LENGTH_MEASURE( 1.000000000000000082E-05 ), #1229, 'distance_accuracy_value', 'NONE');
#45 = ADVANCED_FACE ( 'NONE', ( #1400, #693 ), #1616, .T. ) ;
#46 = FACE_OUTER_BOUND ( 'NONE', #1542, .T. ) ;
#47 = DIRECTION ( 'NONE',  ( 1.047444401652940007E-14, -0.000000000000000000, 1.000000000000000000 ) ) ;
#48 = DIRECTION ( 'NONE',  ( 1.000000000000000000, -0.000000000000000000, -1.192004691317674036E-14 ) ) ;
#49 = ORIENTED_EDGE ( 'NONE', *, *, #559, .F. ) ;
#50 = CARTESIAN_POINT ( 'NONE',  ( -0.4999999999999923395, 2.520465053408526224, 0.6125000000000045963 ) ) ;
#51 = LINE ( 'NONE', #2180, #931 ) ;
#52 = DIRECTION ( 'NONE',  ( 1.000000000000000000, 0.000000000000000000, -1.171353221365569152E-14 ) ) ;
#53 = ORIENTED_EDGE ( 'NONE', *, *, #2039, .T. ) ;
#54 = VECTOR ( 'NONE', #1134, 1000.000000000000000 ) ;
#55 = EDGE_LOOP ( 'NONE', ( #2100, #276, #462, #2178 ) ) ;
#56 = DIRECTION ( 'NONE',  ( 1.171353221365569152E-14, -0.000000000000000000, 1.000000000000000000 ) ) ;
#57 = LINE ( 'NONE', #41, #977 ) ;
#58 = AXIS2_PLACEMENT_3D ( 'NONE', #131, #1880, #2743 ) ;
#59 = CARTESIAN_POINT ( 'NONE',  ( 7.332110811570580046E-15, 0.000000000000000000, 0.6999999999999999556 ) ) ;
#60 = ORIENTED_EDGE ( 'NONE', *, *, #149, .F. ) ;
#61 = VECTOR ( 'NONE', #2091, 1000.000000000000000 ) ;
#62 = EDGE_CURVE ( 'NONE', #2046, #1823, #2428, .T. ) ;
#63 = VECTOR ( 'NONE', #437, 1000.000000000000000 ) ;
#64 = DIRECTION ( 'NONE',  ( -1.000000000000000000, 0.000000000000000000, 9.235355819403108608E-15 ) ) ;
#65 = AXIS2_PLACEMENT_3D ( 'NONE', #2809, #413, #387 ) ;
#66 = ADVANCED_FACE ( 'NONE', ( #906 ), #726, .F. ) ;
#67 = DIRECTION ( 'NONE',  ( 1.000000000000000000, -0.000000000000000000, -9.028841119882058191E-15 ) ) ;
#68 = PRESENTATION_LAYER_ASSIGNMENT (  '', '', ( #2534 ) ) ;
#69 = ORIENTED_EDGE ( 'NONE', *, *, #527, .F. ) ;
#70 =( GEOMETRIC_REPRESENTATION_CONTEXT ( 3 ) GLOBAL_UNCERTAINTY_ASSIGNED_CONTEXT ( ( #1306 ) ) GLOBAL_UNIT_ASSIGNED_CONTEXT ( ( #1366, #92, #1176 ) ) REPRESENTATION_CONTEXT ( 'NONE', 'WORKASPACE' ) );
#71 = LINE ( 'NONE', #128, #291 ) ;
#72 = FACE_OUTER_BOUND ( 'NONE', #133, .T. ) ;
#73 = ORIENTED_EDGE ( 'NONE', *, *, #1632, .F. ) ;
#74 = ORIENTED_EDGE ( 'NONE', *, *, #2492, .T. ) ;
#75 = PLANE ( 'NONE',  #336 ) ;
#76 = DIRECTION ( 'NONE',  ( -1.000000000000000000, -0.000000000000000000, 1.047444401652940007E-14 ) ) ;
#77 = CARTESIAN_POINT ( 'NONE',  ( -0.3207826455877751393, 0.3499999999999999778, -0.5423021424633100995 ) ) ;
#78 = ORIENTED_EDGE ( 'NONE', *, *, #807, .T. ) ;
#79 = DIRECTION ( 'NONE',  ( 9.235355819403108608E-15, 0.000000000000000000, 1.000000000000000000 ) ) ;
#80 = CARTESIAN_POINT ( 'NONE',  ( 0.2000000000000075051, 0.000000000000000000, 0.6124999999999976019 ) ) ;
#81 = ORIENTED_EDGE ( 'NONE', *, *, #904, .T. ) ;
#82 = EDGE_CURVE ( 'NONE', #2168, #2529, #1352, .T. ) ;
#83 = CARTESIAN_POINT ( 'NONE',  ( -0.5000000000000004441, 0.4773110997362449703, 0.08750000000000505984 ) ) ;
#84 = CARTESIAN_POINT ( 'NONE',  ( 0.4999999999999967804, 0.1299999999999999767, -0.4375000000000041633 ) ) ;
#85 = ORIENTED_EDGE ( 'NONE', *, *, #1236, .T. ) ;
#86 = VERTEX_POINT ( 'NONE', #1604 ) ;
#87 = EDGE_CURVE ( 'NONE', #1339, #2409, #2460, .T. ) ;
#88 = CARTESIAN_POINT ( 'NONE',  ( -0.4999999999999913403, 0.1299999999999998934, 0.7000000000000045075 ) ) ;
#89 = CARTESIAN_POINT ( 'NONE',  ( -0.5000000000000058842, 0.000000000000000000, 0.000000000000000000 ) ) ;
#90 = CARTESIAN_POINT ( 'NONE',  ( 0.1999999999999991784, 0.04999999999999999584, -0.2625000000000022871 ) ) ;
#91 = ORIENTED_EDGE ( 'NONE', *, *, #386, .T. ) ;
#92 =( NAMED_UNIT ( * ) PLANE_ANGLE_UNIT ( ) SI_UNIT ( $, .RADIAN. ) );
#93 = CARTESIAN_POINT ( 'NONE',  ( -0.3207826455877751393, 0.4000000000000000222, -0.5423021424633100995 ) ) ;
#94 = PLANE ( 'NONE',  #1495 ) ;
#95 = EDGE_LOOP ( 'NONE', ( #1192, #1642, #2157, #841 ) ) ;
#96 =( NAMED_UNIT ( * ) SI_UNIT ( $, .STERADIAN. ) SOLID_ANGLE_UNIT ( ) );
#97 = LINE ( 'NONE', #743, #1631 ) ;
#98 = EDGE_CURVE ( 'NONE', #1847, #2383, #712, .T. ) ;
#99 = ORIENTED_EDGE ( 'NONE', *, *, #1875, .T. ) ;
#100 = ORIENTED_EDGE ( 'NONE', *, *, #1635, .T. ) ;
#101 = LINE ( 'NONE', #1826, #108 ) ;
#102 = ADVANCED_FACE ( 'NONE', ( #46 ), #917, .F. ) ;
#103 = DIRECTION ( 'NONE',  ( 0.000000000000000000, 1.000000000000000000, 0.000000000000000000 ) ) ;
#104 = ORIENTED_EDGE ( 'NONE', *, *, #969, .T. ) ;
#105 = VECTOR ( 'NONE', #1830, 1000.000000000000000 ) ;
#106 = CARTESIAN_POINT ( 'NONE',  ( -0.3207826455877751393, 0.4000000000000000222, -0.5423021424633100995 ) ) ;
#107 = SURFACE_SIDE_STYLE ('',( #1426 ) ) ;
#108 = VECTOR ( 'NONE', #999, 1000.000000000000000 ) ;
#109 = DIRECTION ( 'NONE',  ( 0.000000000000000000, -1.000000000000000000, 0.000000000000000000 ) ) ;
#110 = VECTOR ( 'NONE', #1697, 1000.000000000000000 ) ;
#111 = DIRECTION ( 'NONE',  ( -0.000000000000000000, -0.000000000000000000, -1.000000000000000000 ) ) ;
#112 = VECTOR ( 'NONE', #566, 1000.000000000000000 ) ;
#113 = EDGE_LOOP ( 'NONE', ( #2815, #2151, #568, #2086 ) ) ;
#114 = LINE ( 'NONE', #1820, #837 ) ;
#115 = CARTESIAN_POINT ( 'NONE',  ( 0.1999999999999986511, 0.000000000000000000, 0.3499999999999999778 ) ) ;
#116 = ORIENTED_EDGE ( 'NONE', *, *, #2053, .F. ) ;
#117 = VECTOR ( 'NONE', #67, 1000.000000000000000 ) ;
#118 = EDGE_CURVE ( 'NONE', #260, #1379, #947, .T. ) ;
#119 = CARTESIAN_POINT ( 'NONE',  ( -0.1999999999999994837, 0.000000000000000000, 0.2625000000000017319 ) ) ;
#120 = LINE ( 'NONE', #988, #480 ) ;
#121 = AXIS2_PLACEMENT_3D ( 'NONE', #2777, #2735, #1247 ) ;
#122 = ORIENTED_EDGE ( 'NONE', *, *, #1470, .T. ) ;
#123 = EDGE_CURVE ( 'NONE', #2516, #2190, #2260, .T. ) ;
#124 = CARTESIAN_POINT ( 'NONE',  ( 0.5000000000000004441, 0.1299999999999999767, -0.08750000000000424105 ) ) ;
#125 = PLANE ( 'NONE',  #616 ) ;
#126 = CARTESIAN_POINT ( 'NONE',  ( -0.3207826455877751393, 0.4000000000000000222, -0.5423021424633100995 ) ) ;
#127 = VERTEX_POINT ( 'NONE', #2687 ) ;
#128 = CARTESIAN_POINT ( 'NONE',  ( 7.332110811570580046E-15, 0.1300000000000000044, 0.2625000000000017319 ) ) ;
#129 = CARTESIAN_POINT ( 'NONE',  ( 0.000000000000000000, 0.1300000000000000044, 0.000000000000000000 ) ) ;
#130 = ORIENTED_EDGE ( 'NONE', *, *, #1592, .F. ) ;
#131 = CARTESIAN_POINT ( 'NONE',  ( -0.1999999999999990952, 0.4773110997362449703, 0.2625000000000017319 ) ) ;
#132 = PRESENTATION_STYLE_ASSIGNMENT (( #1409 ) ) ;
#133 = EDGE_LOOP ( 'NONE', ( #1043, #930, #2148, #1253 ) ) ;
#134 = CARTESIAN_POINT ( 'NONE',  ( 0.2000000000000043687, 0.1300000000000000044, 0.2624999999999975686 ) ) ;
#135 = ADVANCED_FACE ( 'NONE', ( #2007 ), #2446, .T. ) ;
#136 = LINE ( 'NONE', #1003, #1618 ) ;
#137 = DIRECTION ( 'NONE',  ( 1.000000000000000000, -0.000000000000000000, 0.000000000000000000 ) ) ;
#138 = EDGE_CURVE ( 'NONE', #1532, #1993, #1844, .T. ) ;
#139 = VERTEX_POINT ( 'NONE', #1799 ) ;
#140 = PLANE ( 'NONE',  #2608 ) ;
#141 = CARTESIAN_POINT ( 'NONE',  ( -0.5000000000000011102, 0.05000000000000003747, -0.08749999999999687195 ) ) ;
#142 = ORIENTED_EDGE ( 'NONE', *, *, #1358, .F. ) ;
#143 = FACE_OUTER_BOUND ( 'NONE', #2550, .T. ) ;
#144 = CARTESIAN_POINT ( 'NONE',  ( 0.5000000000000004441, 0.4773110997362449703, -0.08750000000000605904 ) ) ;
#145 = ORIENTED_EDGE ( 'NONE', *, *, #1786, .F. ) ;
#146 = LINE ( 'NONE', #1231, #2384 ) ;
#147 = AXIS2_PLACEMENT_3D ( 'NONE', #59, #2005, #2241 ) ;
#148 = CARTESIAN_POINT ( 'NONE',  ( 0.000000000000000000, 0.4000000000000000222, 0.7000000000000045075 ) ) ;
#149 = EDGE_CURVE ( 'NONE', #28, #1403, #2659, .T. ) ;
#150 = CARTESIAN_POINT ( 'NONE',  ( 0.1999999999999955702, 0.1300000000000000044, -0.6125000000000022649 ) ) ;
#151 = VECTOR ( 'NONE', #987, 1000.000000000000000 ) ;
#152 = EDGE_LOOP ( 'NONE', ( #185, #1566, #359, #202 ) ) ;
#153 = VECTOR ( 'NONE', #1707, 1000.000000000000000 ) ;
#154 = EDGE_CURVE ( 'NONE', #658, #1035, #543, .T. ) ;
#155 = DIRECTION ( 'NONE',  ( -1.047444401652940007E-14, -0.000000000000000000, -1.000000000000000000 ) ) ;
#156 = LINE ( 'NONE', #1685, #2711 ) ;
#157 = VECTOR ( 'NONE', #554, 1000.000000000000000 ) ;
#158 = ORIENTED_EDGE ( 'NONE', *, *, #2297, .T. ) ;
#159 = VERTEX_POINT ( 'NONE', #1815 ) ;
#160 = VECTOR ( 'NONE', #717, 1000.000000000000000 ) ;
#161 = CARTESIAN_POINT ( 'NONE',  ( -0.5000000000000065503, 2.520465053408526224, -0.6999999999999957367 ) ) ;
#162 = PLANE ( 'NONE',  #661 ) ;
#163 = ORIENTED_EDGE ( 'NONE', *, *, #1399, .F. ) ;
#164 = VECTOR ( 'NONE', #470, 1000.000000000000000 ) ;
#165 = DIRECTION ( 'NONE',  ( -1.192004691317674036E-14, 0.000000000000000000, -1.000000000000000000 ) ) ;
#166 = COLOUR_RGB ( '',1.000000000000000000, 1.000000000000000000, 1.000000000000000000 ) ;
#167 =( LENGTH_UNIT ( ) NAMED_UNIT ( * ) SI_UNIT ( .MILLI., .METRE. ) );
#168 = CARTESIAN_POINT ( 'NONE',  ( -0.1750000000000068445, 0.1300000000000000044, -0.6124999999999976019 ) ) ;
#169 = ORIENTED_EDGE ( 'NONE', *, *, #2399, .T. ) ;
#170 = DIRECTION ( 'NONE',  ( 0.000000000000000000, 1.000000000000000000, -0.000000000000000000 ) ) ;
#171 = DIRECTION ( 'NONE',  ( 1.000000000000000000, 0.000000000000000000, -1.171353221365569152E-14 ) ) ;
#172 = ADVANCED_FACE ( 'NONE', ( #252 ), #1121, .T. ) ;
#173 = EDGE_LOOP ( 'NONE', ( #1039, #939, #2099, #871 ) ) ;
#174 = ORIENTED_EDGE ( 'NONE', *, *, #865, .F. ) ;
#175 = PLANE ( 'NONE',  #789 ) ;
#176 = EDGE_CURVE ( 'NONE', #1961, #558, #993, .T. ) ;
#177 = ORIENTED_EDGE ( 'NONE', *, *, #1819, .T. ) ;
#178 = LINE ( 'NONE', #629, #1627 ) ;
#179 = PRESENTATION_STYLE_ASSIGNMENT (( #2121 ) ) ;
#180 = CARTESIAN_POINT ( 'NONE',  ( 0.5000000000000058842, 0.4773110997362449703, 0.4374999999999945599 ) ) ;
#181 = ORIENTED_EDGE ( 'NONE', *, *, #649, .T. ) ;
#182 = LINE ( 'NONE', #2138, #924 ) ;
#183 = DIRECTION ( 'NONE',  ( 1.000000000000000000, 0.000000000000000000, -1.047444401652940007E-14 ) ) ;
#184 = EDGE_LOOP ( 'NONE', ( #512, #1646 ) ) ;
#185 = ORIENTED_EDGE ( 'NONE', *, *, #1578, .T. ) ;
#186 = CARTESIAN_POINT ( 'NONE',  ( 0.2000000000000002054, 0.000000000000000000, -0.08750000000000256184 ) ) ;
#187 = EDGE_CURVE ( 'NONE', #879, #333, #354, .T. ) ;
#188 = ORIENTED_EDGE ( 'NONE', *, *, #386, .F. ) ;
#189 = ADVANCED_FACE ( 'NONE', ( #337 ), #125, .F. ) ;
#190 = CARTESIAN_POINT ( 'NONE',  ( 0.1999999999999970690, 0.4773110997362449703, -0.4375000000000024980 ) ) ;
#191 = DIRECTION ( 'NONE',  ( 1.000000000000000000, 0.000000000000000000, -1.171353221365569310E-14 ) ) ;
#192 = VECTOR ( 'NONE', #2493, 1000.000000000000000 ) ;
#193 = ORIENTED_EDGE ( 'NONE', *, *, #2721, .T. ) ;
#194 = VECTOR ( 'NONE', #648, 1000.000000000000000 ) ;
#195 = DIRECTION ( 'NONE',  ( -1.000000000000000000, -0.000000000000000000, 1.047444401652940007E-14 ) ) ;
#196 = LINE ( 'NONE', #1239, #435 ) ;
#197 = ORIENTED_EDGE ( 'NONE', *, *, #405, .F. ) ;
#198 = VECTOR ( 'NONE', #2431, 1000.000000000000000 ) ;
#199 = ORIENTED_EDGE ( 'NONE', *, *, #1319, .F. ) ;
#200 = CARTESIAN_POINT ( 'NONE',  ( 0.000000000000000000, 0.05000000000000000278, -0.2625000000000022871 ) ) ;
#201 = VECTOR ( 'NONE', #519, 1000.000000000000000 ) ;
#202 = ORIENTED_EDGE ( 'NONE', *, *, #312, .F. ) ;
#203 = ADVANCED_FACE ( 'NONE', ( #2286 ), #1863, .F. ) ;
#204 = AXIS2_PLACEMENT_3D ( 'NONE', #2113, #1906, #623 ) ;
#205 = CARTESIAN_POINT ( 'NONE',  ( -0.3207826455877751393, 0.3499999999999999778, -0.5423021424633100995 ) ) ;
#206 = VECTOR ( 'NONE', #2581, 1000.000000000000000 ) ;
#207 = EDGE_CURVE ( 'NONE', #1674, #1563, #1414, .T. ) ;
#208 =( GEOMETRIC_REPRESENTATION_CONTEXT ( 3 ) GLOBAL_UNCERTAINTY_ASSIGNED_CONTEXT ( ( #278 ) ) GLOBAL_UNIT_ASSIGNED_CONTEXT ( ( #2816, #441, #1398 ) ) REPRESENTATION_CONTEXT ( 'NONE', 'WORKASPACE' ) );
#209 = LINE ( 'NONE', #892, #2387 ) ;
#210 = ORIENTED_EDGE ( 'NONE', *, *, #659, .F. ) ;
#211 = CARTESIAN_POINT ( 'NONE',  ( 0.5000000000000076605, 0.4773110997362449703, 0.6124999999999940492 ) ) ;
#212 = LINE ( 'NONE', #266, #1985 ) ;
#213 = ORIENTED_EDGE ( 'NONE', *, *, #1508, .T. ) ;
#214 = ORIENTED_EDGE ( 'NONE', *, *, #2132, .T. ) ;
#215 = DIRECTION ( 'NONE',  ( -1.000000000000000000, 0.000000000000000000, 9.235355819403108608E-15 ) ) ;
#216 = VERTEX_POINT ( 'NONE', #1873 ) ;
#217 = PLANE ( 'NONE',  #840 ) ;
#218 = EDGE_CURVE ( 'NONE', #2266, #1379, #1846, .T. ) ;
#219 = UNCERTAINTY_MEASURE_WITH_UNIT (LENGTH_MEASURE( 1.000000000000000082E-05 ), #2236, 'distance_accuracy_value', 'NONE');
#220 = CARTESIAN_POINT ( 'NONE',  ( -0.5000000000000022204, 0.4773110997362449703, -0.08749999999999537315 ) ) ;
#221 = DIRECTION ( 'NONE',  ( 0.7071067811865547892, 0.000000000000000000, 0.7071067811865402453 ) ) ;
#222 = ADVANCED_FACE ( 'NONE', ( #2722 ), #573, .T. ) ;
#223 = DIRECTION ( 'NONE',  ( 1.047444401652940007E-14, 0.000000000000000000, 1.000000000000000000 ) ) ;
#224 = ORIENTED_EDGE ( 'NONE', *, *, #2292, .F. ) ;
#225 = ORIENTED_EDGE ( 'NONE', *, *, #1735, .T. ) ;
#226 = DIRECTION ( 'NONE',  ( 1.000000000000000000, 0.000000000000000000, -1.171353221365569152E-14 ) ) ;
#227 = DIRECTION ( 'NONE',  ( 1.047444401652940007E-14, -0.000000000000000000, 1.000000000000000000 ) ) ;
#228 = LINE ( 'NONE', #284, #2806 ) ;
#229 = VERTEX_POINT ( 'NONE', #768 ) ;
#230 = CARTESIAN_POINT ( 'NONE',  ( 0.4999999999999967804, 0.000000000000000000, 0.000000000000000000 ) ) ;
#231 = LINE ( 'NONE', #928, #2660 ) ;
#232 = DIRECTION ( 'NONE',  ( 1.000000000000000000, -0.000000000000000000, -1.192004691317674036E-14 ) ) ;
#233 = ORIENTED_EDGE ( 'NONE', *, *, #1670, .T. ) ;
#234 = EDGE_CURVE ( 'NONE', #28, #2393, #136, .T. ) ;
#235 = CARTESIAN_POINT ( 'NONE',  ( -0.3207826455877751393, 0.4000000000000000222, -0.4813517633253158734 ) ) ;
#236 = ORIENTED_EDGE ( 'NONE', *, *, #1074, .F. ) ;
#237 = ORIENTED_EDGE ( 'NONE', *, *, #915, .T. ) ;
#238 = ADVANCED_FACE ( 'NONE', ( #2064 ), #1649, .T. ) ;
#239 = AXIS2_PLACEMENT_3D ( 'NONE', #1884, #2314, #2748 ) ;
#240 = CARTESIAN_POINT ( 'NONE',  ( -0.5000000000000039968, 0.4773110997362449703, -0.2624999999999949596 ) ) ;
#241 =( NAMED_UNIT ( * ) SI_UNIT ( $, .STERADIAN. ) SOLID_ANGLE_UNIT ( ) );
#242 = VECTOR ( 'NONE', #943, 1000.000000000000000 ) ;
#243 = ORIENTED_EDGE ( 'NONE', *, *, #1415, .F. ) ;
#244 = AXIS2_PLACEMENT_3D ( 'NONE', #2540, #1504, #2755 ) ;
#245 = CARTESIAN_POINT ( 'NONE',  ( -0.4999999999999967804, 0.4773110997362449703, 0.4375000000000049960 ) ) ;
#246 = DIRECTION ( 'NONE',  ( 1.000000000000000000, 0.000000000000000000, -1.047444401652940007E-14 ) ) ;
#247 = ORIENTED_EDGE ( 'NONE', *, *, #1615, .F. ) ;
#248 = VECTOR ( 'NONE', #478, 1000.000000000000000 ) ;
#249 = VECTOR ( 'NONE', #314, 1000.000000000000000 ) ;
#250 = CARTESIAN_POINT ( 'NONE',  ( 0.5000000000000086597, 0.1299999999999998934, 0.6999999999999942935 ) ) ;
#251 = VECTOR ( 'NONE', #232, 1000.000000000000000 ) ;
#252 = FACE_OUTER_BOUND ( 'NONE', #2370, .T. ) ;
#253 = CARTESIAN_POINT ( 'NONE',  ( 0.1999999999999970690, 0.05000000000000000278, 0.000000000000000000 ) ) ;
#254 = DIRECTION ( 'NONE',  ( 0.7071067811865550112, -0.000000000000000000, 0.7071067811865401342 ) ) ;
#255 = PRODUCT_DEFINITION_FORMATION_WITH_SPECIFIED_SOURCE ( 'ANY', '', #397, .NOT_KNOWN. ) ;
#256 = ORIENTED_EDGE ( 'NONE', *, *, #118, .F. ) ;
#257 = CARTESIAN_POINT ( 'NONE',  ( -0.1750000000000060119, 0.1300000000000000044, -0.6124999999999967137 ) ) ;
#258 = PRESENTATION_STYLE_ASSIGNMENT (( #2465 ) ) ;
#259 = ADVANCED_FACE ( 'NONE', ( #1679 ), #2537, .F. ) ;
#260 = VERTEX_POINT ( 'NONE', #1234 ) ;
#261 = DIRECTION ( 'NONE',  ( -9.028841119882058191E-15, 0.000000000000000000, -1.000000000000000000 ) ) ;
#262 = CARTESIAN_POINT ( 'NONE',  ( 0.2000000000000080602, 0.05000000000000000278, 0.000000000000000000 ) ) ;
#263 = DIRECTION ( 'NONE',  ( 1.000000000000000000, -0.000000000000000000, 0.000000000000000000 ) ) ;
#264 = CARTESIAN_POINT ( 'NONE',  ( -0.3207826455877751393, 0.4000000000000000222, -0.4813517633253158734 ) ) ;
#265 = DIRECTION ( 'NONE',  ( 1.047444401652940007E-14, -0.000000000000000000, 1.000000000000000000 ) ) ;
#266 = CARTESIAN_POINT ( 'NONE',  ( -0.3207826455877751393, 0.3499999999999999778, -0.4813517633253158734 ) ) ;
#267 = ORIENTED_EDGE ( 'NONE', *, *, #2173, .T. ) ;
#268 = SURFACE_STYLE_FILL_AREA ( #1326 ) ;
#269 = PLANE ( 'NONE',  #758 ) ;
#270 = VERTEX_POINT ( 'NONE', #2273 ) ;
#271 = EDGE_LOOP ( 'NONE', ( #2556, #1601, #1360, #1921 ) ) ;
#272 = EDGE_CURVE ( 'NONE', #2083, #86, #2106, .T. ) ;
#273 = CARTESIAN_POINT ( 'NONE',  ( 0.2000000000000042855, 0.4773110997362449703, 0.2624999999999975686 ) ) ;
#274 = DIRECTION ( 'NONE',  ( -0.000000000000000000, -0.000000000000000000, -1.000000000000000000 ) ) ;
#275 = FACE_OUTER_BOUND ( 'NONE', #2320, .T. ) ;
#276 = ORIENTED_EDGE ( 'NONE', *, *, #468, .T. ) ;
#277 = ADVANCED_FACE ( 'NONE', ( #603 ), #1428, .T. ) ;
#278 = UNCERTAINTY_MEASURE_WITH_UNIT (LENGTH_MEASURE( 1.000000000000000082E-05 ), #2816, 'distance_accuracy_value', 'NONE');
#279 = DIRECTION ( 'NONE',  ( 1.047444401652940007E-14, -0.000000000000000000, 1.000000000000000000 ) ) ;
#280 = LINE ( 'NONE', #1874, #1726 ) ;
#281 = ORIENTED_EDGE ( 'NONE', *, *, #1555, .T. ) ;
#282 = FACE_OUTER_BOUND ( 'NONE', #588, .T. ) ;
#283 = FACE_OUTER_BOUND ( 'NONE', #152, .T. ) ;
#284 = CARTESIAN_POINT ( 'NONE',  ( 0.2000000000000007050, 0.1300000000000000044, -0.08750000000000249245 ) ) ;
#285 = ORIENTED_EDGE ( 'NONE', *, *, #1721, .F. ) ;
#286 = VECTOR ( 'NONE', #682, 1000.000000000000000 ) ;
#287 = DIRECTION ( 'NONE',  ( 0.000000000000000000, -0.000000000000000000, -1.000000000000000000 ) ) ;
#288 = CARTESIAN_POINT ( 'NONE',  ( -0.1999999999999970690, 0.1300000000000000044, 0.4375000000000018319 ) ) ;
#289 = CARTESIAN_POINT ( 'NONE',  ( -0.5000000000000072164, 0.000000000000000000, -0.6124999999999949374 ) ) ;
#290 = VERTEX_POINT ( 'NONE', #2548 ) ;
#291 = VECTOR ( 'NONE', #996, 1000.000000000000000 ) ;
#292 = CARTESIAN_POINT ( 'NONE',  ( -0.2000000000000007050, 0.4773110997362449703, 0.08750000000000189571 ) ) ;
#293 = VECTOR ( 'NONE', #612, 1000.000000000000000 ) ;
#294 = ADVANCED_FACE ( 'NONE', ( #1190 ), #1828, .T. ) ;
#295 = DIRECTION ( 'NONE',  ( 0.000000000000000000, 1.000000000000000000, 0.000000000000000000 ) ) ;
#296 = VECTOR ( 'NONE', #1126, 1000.000000000000000 ) ;
#297 = CARTESIAN_POINT ( 'NONE',  ( 0.5000000000000079936, 0.05000000000000004441, 0.6124999999999941602 ) ) ;
#298 = ADVANCED_FACE ( 'NONE', ( #1187 ), #2061, .T. ) ;
#299 = COLOUR_RGB ( '',0.7921568627450980005, 0.8196078431372548767, 0.9333333333333333481 ) ;
#300 = ORIENTED_EDGE ( 'NONE', *, *, #2112, .F. ) ;
#301 = CARTESIAN_POINT ( 'NONE',  ( 7.332110811570580046E-15, 0.000000000000000000, 0.08749999999999459599 ) ) ;
#302 = DIRECTION ( 'NONE',  ( 0.000000000000000000, 0.000000000000000000, 1.000000000000000000 ) ) ;
#303 = ORIENTED_EDGE ( 'NONE', *, *, #1650, .F. ) ;
#304 = VERTEX_POINT ( 'NONE', #90 ) ;
#305 = CARTESIAN_POINT ( 'NONE',  ( -0.2000000000000006772, 0.000000000000000000, 0.08750000000000267286 ) ) ;
#306 = DIRECTION ( 'NONE',  ( -1.000000000000000000, 0.000000000000000000, 1.192004691317674036E-14 ) ) ;
#307 = VERTEX_POINT ( 'NONE', #289 ) ;
#308 = DIRECTION ( 'NONE',  ( 1.000000000000000000, -0.000000000000000000, -9.028841119882058191E-15 ) ) ;
#309 = ADVANCED_FACE ( 'NONE', ( #914 ), #2503, .F. ) ;
#310 = CARTESIAN_POINT ( 'NONE',  ( -0.2000000000000006772, 0.1300000000000000044, 0.08750000000000345002 ) ) ;
#311 = EDGE_LOOP ( 'NONE', ( #1804, #2031, #2089, #2419 ) ) ;
#312 = EDGE_CURVE ( 'NONE', #229, #509, #1841, .T. ) ;
#313 = CARTESIAN_POINT ( 'NONE',  ( 3.666055405785290023E-15, 0.000000000000000000, -0.2625000000000053957 ) ) ;
#314 = DIRECTION ( 'NONE',  ( 0.000000000000000000, 0.000000000000000000, 1.000000000000000000 ) ) ;
#315 = PRODUCT_CONTEXT ( 'NONE', #1427, 'mechanical' ) ;
#316 = ORIENTED_EDGE ( 'NONE', *, *, #2243, .F. ) ;
#317 = LINE ( 'NONE', #88, #1245 ) ;
#318 = FACE_OUTER_BOUND ( 'NONE', #2311, .T. ) ;
#319 = DIRECTION ( 'NONE',  ( -1.192004691317674036E-14, 0.000000000000000000, -1.000000000000000000 ) ) ;
#320 = ORIENTED_EDGE ( 'NONE', *, *, #1596, .T. ) ;
#321 = CARTESIAN_POINT ( 'NONE',  ( -0.3207826455877751393, 0.3499999999999999778, -0.5423021424633100995 ) ) ;
#322 = FILL_AREA_STYLE_COLOUR ( '', #2391 ) ;
#323 = DIRECTION ( 'NONE',  ( -1.000000000000000000, 0.000000000000000000, 9.235355819403107030E-15 ) ) ;
#324 = LINE ( 'NONE', #2274, #932 ) ;
#325 = EDGE_CURVE ( 'NONE', #390, #86, #2698, .T. ) ;
#326 = VERTEX_POINT ( 'NONE', #1613 ) ;
#327 = SURFACE_STYLE_USAGE ( .BOTH. , #1386 ) ;
#328 = CARTESIAN_POINT ( 'NONE',  ( -0.2000000000000027867, 0.1300000000000000044, -0.08749999999999828748 ) ) ;
#329 = EDGE_CURVE ( 'NONE', #2668, #1324, #1131, .T. ) ;
#330 = VERTEX_POINT ( 'NONE', #42 ) ;
#331 = CARTESIAN_POINT ( 'NONE',  ( 0.000000000000000000, 0.1300000000000000044, 0.000000000000000000 ) ) ;
#332 = CLOSED_SHELL ( 'NONE', ( #1340, #1129, #2772, #860, #2522, #2006 ) ) ;
#333 = VERTEX_POINT ( 'NONE', #751 ) ;
#334 = AXIS2_PLACEMENT_3D ( 'NONE', #2454, #261, #2214 ) ;
#335 = CARTESIAN_POINT ( 'NONE',  ( -0.4999999999999963363, 0.1300000000000000044, 0.4375000000000049960 ) ) ;
#336 = AXIS2_PLACEMENT_3D ( 'NONE', #2729, #1439, #1185 ) ;
#337 = FACE_OUTER_BOUND ( 'NONE', #643, .T. ) ;
#338 = VECTOR ( 'NONE', #195, 1000.000000000000000 ) ;
#339 = DIRECTION ( 'NONE',  ( 0.000000000000000000, 0.000000000000000000, 1.000000000000000000 ) ) ;
#340 = VECTOR ( 'NONE', #690, 1000.000000000000000 ) ;
#341 = ORIENTED_EDGE ( 'NONE', *, *, #1375, .F. ) ;
#342 =( LENGTH_UNIT ( ) NAMED_UNIT ( * ) SI_UNIT ( .MILLI., .METRE. ) );
#343 = FACE_OUTER_BOUND ( 'NONE', #986, .T. ) ;
#344 = AXIS2_PLACEMENT_3D ( 'NONE', #1806, #701, #1580 ) ;
#345 = VERTEX_POINT ( 'NONE', #1795 ) ;
#346 = VECTOR ( 'NONE', #1305, 1000.000000000000000 ) ;
#347 = CARTESIAN_POINT ( 'NONE',  ( -0.4999999999999986122, 0.000000000000000000, 0.6999999999999999556 ) ) ;
#348 = ADVANCED_FACE ( 'NONE', ( #521 ), #2656, .T. ) ;
#349 = CARTESIAN_POINT ( 'NONE',  ( 0.4999999999999971689, 0.05000000000000004441, -0.4375000000000060507 ) ) ;
#350 = ORIENTED_EDGE ( 'NONE', *, *, #2140, .T. ) ;
#351 = ADVANCED_FACE ( 'NONE', ( #708 ), #1364, .F. ) ;
#352 = CARTESIAN_POINT ( 'NONE',  ( -0.2000000000000043410, 0.1300000000000000044, 0.3499999999999999778 ) ) ;
#353 =( NAMED_UNIT ( * ) SI_UNIT ( $, .STERADIAN. ) SOLID_ANGLE_UNIT ( ) );
#354 = LINE ( 'NONE', #2081, #1481 ) ;
#355 = FACE_OUTER_BOUND ( 'NONE', #715, .T. ) ;
#356 = ORIENTED_EDGE ( 'NONE', *, *, #272, .F. ) ;
#357 = DIRECTION ( 'NONE',  ( -1.000000000000000000, 0.000000000000000000, 1.047444401652940007E-14 ) ) ;
#358 = CARTESIAN_POINT ( 'NONE',  ( -0.5000000000000022204, 0.000000000000000000, -0.08749999999999620581 ) ) ;
#359 = ORIENTED_EDGE ( 'NONE', *, *, #665, .T. ) ;
#360 = VERTEX_POINT ( 'NONE', #2269 ) ;
#361 = CARTESIAN_POINT ( 'NONE',  ( 0.5000000000000072164, 0.1300000000000000044, 0.6124999999999941602 ) ) ;
#362 = DIRECTION ( 'NONE',  ( -9.028841119882058191E-15, 0.000000000000000000, -1.000000000000000000 ) ) ;
#363 = ORIENTED_EDGE ( 'NONE', *, *, #82, .F. ) ;
#364 = ADVANCED_FACE ( 'NONE', ( #2036 ), #2229, .T. ) ;
#365 = DIRECTION ( 'NONE',  ( 0.000000000000000000, -1.000000000000000000, 0.000000000000000000 ) ) ;
#366 = CARTESIAN_POINT ( 'NONE',  ( -0.2000000000000031475, 0.000000000000000000, -0.08749999999999827360 ) ) ;
#367 = ADVANCED_FACE ( 'NONE', ( #275 ), #1144, .F. ) ;
#368 = CARTESIAN_POINT ( 'NONE',  ( 0.000000000000000000, 0.1300000000000000044, 0.000000000000000000 ) ) ;
#369 = DIRECTION ( 'NONE',  ( -1.047444401652940007E-14, 0.000000000000000000, -1.000000000000000000 ) ) ;
#370 = EDGE_LOOP ( 'NONE', ( #1818, #1080, #2152, #1370 ) ) ;
#371 = CARTESIAN_POINT ( 'NONE',  ( -0.5000000000000022204, 0.000000000000000000, 0.3499999999999999778 ) ) ;
#372 = PLANE ( 'NONE',  #885 ) ;
#373 = ORIENTED_EDGE ( 'NONE', *, *, #1853, .T. ) ;
#374 = CARTESIAN_POINT ( 'NONE',  ( 0.5000000000000077716, 0.1299999999999999767, 0.6124999999999958256 ) ) ;
#375 = ORIENTED_EDGE ( 'NONE', *, *, #1910, .F. ) ;
#376 = LINE ( 'NONE', #870, #1487 ) ;
#377 =( NAMED_UNIT ( * ) SI_UNIT ( $, .STERADIAN. ) SOLID_ANGLE_UNIT ( ) );
#378 = VECTOR ( 'NONE', #1018, 1000.000000000000000 ) ;
#379 = EDGE_CURVE ( 'NONE', #2533, #2775, #1394, .T. ) ;
#380 = DIRECTION ( 'NONE',  ( 1.047444401652940007E-14, -0.000000000000000000, 1.000000000000000000 ) ) ;
#381 =( GEOMETRIC_REPRESENTATION_CONTEXT ( 3 ) GLOBAL_UNCERTAINTY_ASSIGNED_CONTEXT ( ( #2643 ) ) GLOBAL_UNIT_ASSIGNED_CONTEXT ( ( #2621, #2179, #2665 ) ) REPRESENTATION_CONTEXT ( 'NONE', 'WORKASPACE' ) );
#382 = ORIENTED_EDGE ( 'NONE', *, *, #830, .F. ) ;
#383 = VECTOR ( 'NONE', #2026, 1000.000000000000000 ) ;
#384 = CARTESIAN_POINT ( 'NONE',  ( 7.332110811570580046E-15, 0.000000000000000000, 0.6999999999999999556 ) ) ;
#385 = APPLICATION_CONTEXT ( 'automotive_design' ) ;
#386 = EDGE_CURVE ( 'NONE', #1108, #1773, #2716, .T. ) ;
#387 = DIRECTION ( 'NONE',  ( 0.000000000000000000, 0.000000000000000000, 1.000000000000000000 ) ) ;
#388 = VECTOR ( 'NONE', #1991, 1000.000000000000000 ) ;
#389 = EDGE_LOOP ( 'NONE', ( #2185, #2412, #1106, #2751 ) ) ;
#390 = VERTEX_POINT ( 'NONE', #1812 ) ;
#391 = VECTOR ( 'NONE', #645, 1000.000000000000000 ) ;
#392 = CARTESIAN_POINT ( 'NONE',  ( 0.1999999999999970690, 0.1300000000000000044, -0.4375000000000024980 ) ) ;
#393 = DIRECTION ( 'NONE',  ( -0.000000000000000000, 0.000000000000000000, 1.000000000000000000 ) ) ;
#394 = ORIENTED_EDGE ( 'NONE', *, *, #830, .T. ) ;
#395 = AXIS2_PLACEMENT_3D ( 'NONE', #1977, #2186, #2200 ) ;
#396 = LINE ( 'NONE', #2586, #2612 ) ;
#397 = PRODUCT ( 'DQE8', 'DQE8', '', ( #315 ) ) ;
#398 = CARTESIAN_POINT ( 'NONE',  ( -0.4999999999999997780, 0.05000000000000004441, 0.08750000000000503209 ) ) ;
#399 = ORIENTED_EDGE ( 'NONE', *, *, #118, .T. ) ;
#400 = EDGE_CURVE ( 'NONE', #2565, #868, #2671, .T. ) ;
#401 = CARTESIAN_POINT ( 'NONE',  ( -0.1999999999999970690, 0.000000000000000000, 1.050000000000000044 ) ) ;
#402 = PLANE ( 'NONE',  #1447 ) ;
#403 = ORIENTED_EDGE ( 'NONE', *, *, #1578, .F. ) ;
#404 = ORIENTED_EDGE ( 'NONE', *, *, #1910, .T. ) ;
#405 = EDGE_CURVE ( 'NONE', #1379, #2266, #1796, .T. ) ;
#406 = LINE ( 'NONE', #2365, #1288 ) ;
#407 = LINE ( 'NONE', #2143, #2613 ) ;
#408 = EDGE_LOOP ( 'NONE', ( #1132, #1436, #1502, #2651 ) ) ;
#409 = LINE ( 'NONE', #1484, #2757 ) ;
#410 = CYLINDRICAL_SURFACE ( 'NONE', #20, 0.06095037913799421225 ) ;
#411 = ORIENTED_EDGE ( 'NONE', *, *, #523, .F. ) ;
#412 = DIRECTION ( 'NONE',  ( -9.028841119882058191E-15, 0.000000000000000000, -1.000000000000000000 ) ) ;
#413 = DIRECTION ( 'NONE',  ( -0.000000000000000000, -1.000000000000000000, -0.000000000000000000 ) ) ;
#414 = EDGE_CURVE ( 'NONE', #2364, #2708, #2153, .T. ) ;
#415 = ORIENTED_EDGE ( 'NONE', *, *, #1236, .F. ) ;
#416 = ORIENTED_EDGE ( 'NONE', *, *, #12, .F. ) ;
#417 = CARTESIAN_POINT ( 'NONE',  ( 0.000000000000000000, 0.05000000000000000278, 0.2625000000000017319 ) ) ;
#418 = FILL_AREA_STYLE ('',( #1700 ) ) ;
#419 = EDGE_CURVE ( 'NONE', #863, #1344, #1376, .T. ) ;
#420 = EDGE_LOOP ( 'NONE', ( #1562, #316, #963, #199 ) ) ;
#421 = CARTESIAN_POINT ( 'NONE',  ( 0.2000000000000059786, 0.1300000000000000044, 0.4374999999999976130 ) ) ;
#422 = CARTESIAN_POINT ( 'NONE',  ( -0.5000000000000065503, 0.05000000000000009992, -0.6999999999999984013 ) ) ;
#423 = VECTOR ( 'NONE', #1206, 1000.000000000000000 ) ;
#424 = ORIENTED_EDGE ( 'NONE', *, *, #1951, .T. ) ;
#425 = AXIS2_PLACEMENT_3D ( 'NONE', #1710, #1271, #2133 ) ;
#426 = LINE ( 'NONE', #683, #1388 ) ;
#427 = CARTESIAN_POINT ( 'NONE',  ( -0.1750000000000077049, 0.1300000000000000044, -0.6124999999999983791 ) ) ;
#428 = ORIENTED_EDGE ( 'NONE', *, *, #2451, .T. ) ;
#429 =( GEOMETRIC_REPRESENTATION_CONTEXT ( 3 ) GLOBAL_UNCERTAINTY_ASSIGNED_CONTEXT ( ( #1603 ) ) GLOBAL_UNIT_ASSIGNED_CONTEXT ( ( #342, #1193, #96 ) ) REPRESENTATION_CONTEXT ( 'NONE', 'WORKASPACE' ) );
#430 = ORIENTED_EDGE ( 'NONE', *, *, #1686, .F. ) ;
#431 = CARTESIAN_POINT ( 'NONE',  ( -0.1999999999999970690, 0.1300000000000000044, 0.4375000000000034417 ) ) ;
#432 =( NAMED_UNIT ( * ) SI_UNIT ( $, .STERADIAN. ) SOLID_ANGLE_UNIT ( ) );
#433 = VECTOR ( 'NONE', #2424, 1000.000000000000000 ) ;
#434 = EDGE_LOOP ( 'NONE', ( #404, #1741, #620, #2546 ) ) ;
#435 = VECTOR ( 'NONE', #1064, 1000.000000000000000 ) ;
#436 = EDGE_CURVE ( 'NONE', #1563, #1049, #1793, .T. ) ;
#437 = DIRECTION ( 'NONE',  ( -1.000000000000000000, -0.000000000000000000, 1.047444401652940007E-14 ) ) ;
#438 = VECTOR ( 'NONE', #2345, 1000.000000000000000 ) ;
#439 = ORIENTED_EDGE ( 'NONE', *, *, #619, .T. ) ;
#440 = VECTOR ( 'NONE', #1232, 1000.000000000000000 ) ;
#441 =( NAMED_UNIT ( * ) PLANE_ANGLE_UNIT ( ) SI_UNIT ( $, .RADIAN. ) );
#442 = ORIENTED_EDGE ( 'NONE', *, *, #1307, .T. ) ;
#443 = DIRECTION ( 'NONE',  ( 0.000000000000000000, 1.000000000000000000, -0.000000000000000000 ) ) ;
#444 = CARTESIAN_POINT ( 'NONE',  ( -0.2000000000000080602, 0.1300000000000000044, -0.6124999999999981570 ) ) ;
#445 = ORIENTED_EDGE ( 'NONE', *, *, #2507, .F. ) ;
#446 = VERTEX_POINT ( 'NONE', #676 ) ;
#447 = PRESENTATION_STYLE_ASSIGNMENT (( #1082 ) ) ;
#448 = CARTESIAN_POINT ( 'NONE',  ( -0.5000000000000067724, 0.05000000000000004441, -0.6124999999999949374 ) ) ;
#449 = VERTEX_POINT ( 'NONE', #2653 ) ;
#450 = LINE ( 'NONE', #902, #875 ) ;
#451 = LINE ( 'NONE', #2016, #1292 ) ;
#452 = EDGE_CURVE ( 'NONE', #1993, #2533, #450, .T. ) ;
#453 = FACE_OUTER_BOUND ( 'NONE', #2593, .T. ) ;
#454 = EDGE_CURVE ( 'NONE', #492, #1284, #477, .T. ) ;
#455 = DIRECTION ( 'NONE',  ( 0.000000000000000000, -0.000000000000000000, -1.000000000000000000 ) ) ;
#456 = CARTESIAN_POINT ( 'NONE',  ( 1.099816621735587165E-14, 0.1300000000000000044, 0.4374999999999945599 ) ) ;
#457 = CARTESIAN_POINT ( 'NONE',  ( -0.2000000000000043687, 0.000000000000000000, -0.2624999999999973466 ) ) ;
#458 = ORIENTED_EDGE ( 'NONE', *, *, #544, .F. ) ;
#459 = LINE ( 'NONE', #1805, #2478 ) ;
#460 = DIRECTION ( 'NONE',  ( -1.000000000000000000, 0.000000000000000000, -0.000000000000000000 ) ) ;
#461 = APPLICATION_PROTOCOL_DEFINITION ( 'draft international standard', 'automotive_design', 1998, #1427 ) ;
#462 = ORIENTED_EDGE ( 'NONE', *, *, #889, .F. ) ;
#463 = DIRECTION ( 'NONE',  ( -1.000000000000000000, -0.000000000000000000, -0.000000000000000000 ) ) ;
#464 = CARTESIAN_POINT ( 'NONE',  ( -0.5000000000000058842, 0.4773110997362449703, -0.4374999999999955591 ) ) ;
#465 = EDGE_LOOP ( 'NONE', ( #2523, #2672, #1141, #2161 ) ) ;
#466 = CARTESIAN_POINT ( 'NONE',  ( 0.000000000000000000, 0.4000000000000000222, -0.7000000000000063949 ) ) ;
#467 = VERTEX_POINT ( 'NONE', #2239 ) ;
#468 = EDGE_CURVE ( 'NONE', #1462, #159, #2183, .T. ) ;
#469 = LINE ( 'NONE', #2204, #1936 ) ;
#470 = DIRECTION ( 'NONE',  ( -0.000000000000000000, -0.000000000000000000, -1.000000000000000000 ) ) ;
#471 = VERTEX_POINT ( 'NONE', #2003 ) ;
#472 = AXIS2_PLACEMENT_3D ( 'NONE', #2489, #1588, #2257 ) ;
#473 = ADVANCED_FACE ( 'NONE', ( #40 ), #869, .T. ) ;
#474 = FACE_OUTER_BOUND ( 'NONE', #1706, .T. ) ;
#475 = ORIENTED_EDGE ( 'NONE', *, *, #1088, .T. ) ;
#476 = VECTOR ( 'NONE', #2189, 1000.000000000000000 ) ;
#477 = LINE ( 'NONE', #2826, #1103 ) ;
#478 = DIRECTION ( 'NONE',  ( -1.078421606581097254E-14, 0.000000000000000000, -1.000000000000000000 ) ) ;
#479 = VERTEX_POINT ( 'NONE', #1973 ) ;
#480 = VECTOR ( 'NONE', #774, 1000.000000000000000 ) ;
#481 = AXIS2_PLACEMENT_3D ( 'NONE', #881, #674, #867 ) ;
#482 = SURFACE_SIDE_STYLE ('',( #2427 ) ) ;
#483 = AXIS2_PLACEMENT_3D ( 'NONE', #126, #2675, #727 ) ;
#484 = DIRECTION ( 'NONE',  ( 1.000000000000000000, 0.000000000000000000, -1.047444401652940007E-14 ) ) ;
#485 = CARTESIAN_POINT ( 'NONE',  ( 0.1999999999999949596, 0.4773110997362449703, -0.6125000000000022649 ) ) ;
#486 = ADVANCED_FACE ( 'NONE', ( #927 ), #15, .F. ) ;
#487 = ORIENTED_EDGE ( 'NONE', *, *, #2429, .F. ) ;
#488 =( LENGTH_UNIT ( ) NAMED_UNIT ( * ) SI_UNIT ( .MILLI., .METRE. ) );
#489 = CARTESIAN_POINT ( 'NONE',  ( -0.4999999999999973910, 0.05000000000000003053, 0.2625000000000038414 ) ) ;
#490 = CARTESIAN_POINT ( 'NONE',  ( -0.5000000000000011102, 0.1299999999999999489, -0.08749999999999619194 ) ) ;
#491 = EDGE_CURVE ( 'NONE', #1773, #1244, #664, .T. ) ;
#492 = VERTEX_POINT ( 'NONE', #706 ) ;
#493 = CARTESIAN_POINT ( 'NONE',  ( -0.4999999999999973910, 0.1299999999999999489, 0.2625000000000038414 ) ) ;
#494 = DIRECTION ( 'NONE',  ( 1.000000000000000000, 0.000000000000000000, -1.171353221365569310E-14 ) ) ;
#495 = DIRECTION ( 'NONE',  ( -9.028841119882058191E-15, 0.000000000000000000, -1.000000000000000000 ) ) ;
#496 = ORIENTED_EDGE ( 'NONE', *, *, #731, .T. ) ;
#497 = PRESENTATION_STYLE_ASSIGNMENT (( #2445 ) ) ;
#498 = CARTESIAN_POINT ( 'NONE',  ( -0.5000000000000022204, 0.1300000000000000044, -0.08749999999999559519 ) ) ;
#499 = CARTESIAN_POINT ( 'NONE',  ( 0.2000000000000023148, 0.1300000000000000044, 0.08749999999999769074 ) ) ;
#500 = ORIENTED_EDGE ( 'NONE', *, *, #1919, .T. ) ;
#501 = CARTESIAN_POINT ( 'NONE',  ( -0.4999999999999913403, 2.520465053408526224, 0.7000000000000045075 ) ) ;
#502 = DIRECTION ( 'NONE',  ( -1.000000000000000000, -0.000000000000000000, 1.047444401652940007E-14 ) ) ;
#503 = ORIENTED_EDGE ( 'NONE', *, *, #1992, .T. ) ;
#504 = EDGE_LOOP ( 'NONE', ( #2619, #2251, #2739, #214 ) ) ;
#505 = DIRECTION ( 'NONE',  ( 0.000000000000000000, 1.000000000000000000, 0.000000000000000000 ) ) ;
#506 = EDGE_CURVE ( 'NONE', #2686, #2083, #1768, .T. ) ;
#507 = DIRECTION ( 'NONE',  ( 1.047444401652940007E-14, -0.000000000000000000, 1.000000000000000000 ) ) ;
#508 = DIRECTION ( 'NONE',  ( 0.000000000000000000, 0.000000000000000000, -1.000000000000000000 ) ) ;
#509 = VERTEX_POINT ( 'NONE', #1346 ) ;
#510 = DIRECTION ( 'NONE',  ( -0.000000000000000000, -1.000000000000000000, 0.000000000000000000 ) ) ;
#511 = DIRECTION ( 'NONE',  ( 0.000000000000000000, 0.000000000000000000, -1.000000000000000000 ) ) ;
#512 = ORIENTED_EDGE ( 'NONE', *, *, #414, .T. ) ;
#513 = LINE ( 'NONE', #1877, #524 ) ;
#514 = LINE ( 'NONE', #2056, #576 ) ;
#515 = ORIENTED_EDGE ( 'NONE', *, *, #2661, .F. ) ;
#516 = VECTOR ( 'NONE', #308, 1000.000000000000000 ) ;
#517 = ORIENTED_EDGE ( 'NONE', *, *, #1195, .F. ) ;
#518 = LINE ( 'NONE', #2087, #2795 ) ;
#519 = DIRECTION ( 'NONE',  ( 0.000000000000000000, -0.000000000000000000, -1.000000000000000000 ) ) ;
#520 = VECTOR ( 'NONE', #1535, 1000.000000000000000 ) ;
#521 = FACE_OUTER_BOUND ( 'NONE', #2233, .T. ) ;
#522 = VERTEX_POINT ( 'NONE', #1959 ) ;
#523 = EDGE_CURVE ( 'NONE', #290, #1687, #1752, .T. ) ;
#524 = VECTOR ( 'NONE', #2678, 1000.000000000000000 ) ;
#525 = SURFACE_STYLE_USAGE ( .BOTH. , #738 ) ;
#526 = VECTOR ( 'NONE', #1554, 1000.000000000000000 ) ;
#527 = EDGE_CURVE ( 'NONE', #2588, #2373, #2423, .T. ) ;
#528 = DIRECTION ( 'NONE',  ( -0.000000000000000000, 0.000000000000000000, 1.000000000000000000 ) ) ;
#529 = DIRECTION ( 'NONE',  ( 0.000000000000000000, 1.000000000000000000, -0.000000000000000000 ) ) ;
#530 = VECTOR ( 'NONE', #2052, 1000.000000000000000 ) ;
#531 = ORIENTED_EDGE ( 'NONE', *, *, #1219, .F. ) ;
#532 = VECTOR ( 'NONE', #1602, 1000.000000000000000 ) ;
#533 = CARTESIAN_POINT ( 'NONE',  ( -0.4999999999999946709, 0.1299999999999999767, 0.4375000000000049405 ) ) ;
#534 = DIRECTION ( 'NONE',  ( 0.000000000000000000, -1.000000000000000000, 0.000000000000000000 ) ) ;
#535 = ORIENTED_EDGE ( 'NONE', *, *, #646, .T. ) ;
#536 = DIRECTION ( 'NONE',  ( -0.000000000000000000, -1.000000000000000000, -0.000000000000000000 ) ) ;
#537 = CARTESIAN_POINT ( 'NONE',  ( 0.2000000000000033418, 0.1300000000000000044, 0.2624999999999975686 ) ) ;
#538 = DIRECTION ( 'NONE',  ( -1.000000000000000000, 0.000000000000000000, 1.192004691317674036E-14 ) ) ;
#539 = EDGE_LOOP ( 'NONE', ( #1533, #1739 ) ) ;
#540 = CARTESIAN_POINT ( 'NONE',  ( 3.666055405785290023E-15, 0.000000000000000000, -0.2624999999999950151 ) ) ;
#541 = ADVANCED_FACE ( 'NONE', ( #1540 ), #1116, .F. ) ;
#542 = LINE ( 'NONE', #2766, #2765 ) ;
#543 = LINE ( 'NONE', #935, #1664 ) ;
#544 = EDGE_CURVE ( 'NONE', #2773, #1946, #1128, .T. ) ;
#545 = LINE ( 'NONE', #1169, #846 ) ;
#546 = VERTEX_POINT ( 'NONE', #1990 ) ;
#547 = PLANE ( 'NONE',  #753 ) ;
#548 = LINE ( 'NONE', #2291, #1252 ) ;
#549 = ORIENTED_EDGE ( 'NONE', *, *, #2680, .T. ) ;
#550 = ORIENTED_EDGE ( 'NONE', *, *, #2366, .F. ) ;
#551 = CARTESIAN_POINT ( 'NONE',  ( 0.2000000000000059786, 0.1300000000000000044, 1.050000000000000044 ) ) ;
#552 = DIRECTION ( 'NONE',  ( 0.000000000000000000, -0.000000000000000000, -1.000000000000000000 ) ) ;
#553 = EDGE_LOOP ( 'NONE', ( #704, #2109, #1406, #32 ) ) ;
#554 = DIRECTION ( 'NONE',  ( 1.000000000000000000, 0.000000000000000000, 0.000000000000000000 ) ) ;
#555 = CARTESIAN_POINT ( 'NONE',  ( -0.1000000000000069306, 0.05000000000000000278, 0.000000000000000000 ) ) ;
#556 = DIRECTION ( 'NONE',  ( 0.000000000000000000, -1.000000000000000000, 0.000000000000000000 ) ) ;
#557 = FACE_OUTER_BOUND ( 'NONE', #647, .T. ) ;
#558 = VERTEX_POINT ( 'NONE', #493 ) ;
#559 = EDGE_CURVE ( 'NONE', #1823, #577, #1361, .T. ) ;
#560 = CARTESIAN_POINT ( 'NONE',  ( 0.5000000000000041078, 0.1299999999999999767, 0.2624999999999957923 ) ) ;
#561 = CARTESIAN_POINT ( 'NONE',  ( -0.4999999999999986122, 0.1300000000000000044, 0.2625000000000038414 ) ) ;
#562 = ORIENTED_EDGE ( 'NONE', *, *, #2472, .T. ) ;
#563 = ORIENTED_EDGE ( 'NONE', *, *, #646, .F. ) ;
#564 = ADVANCED_FACE ( 'NONE', ( #2226 ), #2410, .T. ) ;
#565 = LINE ( 'NONE', #2514, #1798 ) ;
#566 = DIRECTION ( 'NONE',  ( -0.000000000000000000, -1.000000000000000000, -0.000000000000000000 ) ) ;
#567 = AXIS2_PLACEMENT_3D ( 'NONE', #77, #2457, #508 ) ;
#568 = ORIENTED_EDGE ( 'NONE', *, *, #1375, .T. ) ;
#569 = VECTOR ( 'NONE', #287, 1000.000000000000000 ) ;
#570 = PLANE ( 'NONE',  #572 ) ;
#571 = FILL_AREA_STYLE_COLOUR ( '', #1259 ) ;
#572 = AXIS2_PLACEMENT_3D ( 'NONE', #1647, #365, #1861 ) ;
#573 = PLANE ( 'NONE',  #1712 ) ;
#574 = MECHANICAL_DESIGN_GEOMETRIC_PRESENTATION_REPRESENTATION (  '', ( #1443 ), #1158 ) ;
#575 = LINE ( 'NONE', #1939, #438 ) ;
#576 = VECTOR ( 'NONE', #965, 1000.000000000000000 ) ;
#577 = VERTEX_POINT ( 'NONE', #119 ) ;
#578 = PLANE ( 'NONE',  #1851 ) ;
#579 = DIRECTION ( 'NONE',  ( -1.078421606581097254E-14, 0.000000000000000000, -1.000000000000000000 ) ) ;
#580 = VECTOR ( 'NONE', #1743, 1000.000000000000000 ) ;
#581 = EDGE_CURVE ( 'NONE', #1284, #989, #565, .T. ) ;
#582 = ORIENTED_EDGE ( 'NONE', *, *, #2721, .F. ) ;
#583 = ORIENTED_EDGE ( 'NONE', *, *, #1054, .F. ) ;
#584 = VECTOR ( 'NONE', #111, 1000.000000000000000 ) ;
#585 = LINE ( 'NONE', #1159, #242 ) ;
#586 = FILL_AREA_STYLE ('',( #1612 ) ) ;
#587 = EDGE_CURVE ( 'NONE', #1240, #2103, #101, .T. ) ;
#588 = EDGE_LOOP ( 'NONE', ( #2115, #2171, #728, #995 ) ) ;
#589 = CARTESIAN_POINT ( 'NONE',  ( 0.2000000000000023148, 0.1300000000000000044, 0.08749999999999769074 ) ) ;
#590 = DIRECTION ( 'NONE',  ( 0.000000000000000000, 1.000000000000000000, 0.000000000000000000 ) ) ;
#591 = CARTESIAN_POINT ( 'NONE',  ( 0.000000000000000000, 0.1300000000000000044, 0.000000000000000000 ) ) ;
#592 = CARTESIAN_POINT ( 'NONE',  ( -0.5000000000000022204, 0.4773110997362449703, -0.08749999999999559519 ) ) ;
#593 = ORIENTED_EDGE ( 'NONE', *, *, #587, .F. ) ;
#594 = DIRECTION ( 'NONE',  ( 1.000000000000000000, 0.000000000000000000, -1.047444401652940007E-14 ) ) ;
#595 = CARTESIAN_POINT ( 'NONE',  ( -0.1750000000000077049, 0.1300000000000000044, -0.6124999999999983791 ) ) ;
#596 = ORIENTED_EDGE ( 'NONE', *, *, #1750, .F. ) ;
#597 = EDGE_LOOP ( 'NONE', ( #237, #1699, #1727, #2041 ) ) ;
#598 = LINE ( 'NONE', #161, #1848 ) ;
#599 = SURFACE_STYLE_USAGE ( .BOTH. , #1711 ) ;
#600 = VERTEX_POINT ( 'NONE', #2501 ) ;
#601 = ADVANCED_FACE ( 'NONE', ( #1838 ), #956, .F. ) ;
#602 = DIRECTION ( 'NONE',  ( -0.000000000000000000, -0.000000000000000000, -1.000000000000000000 ) ) ;
#603 = FACE_OUTER_BOUND ( 'NONE', #724, .T. ) ;
#604 = EDGE_CURVE ( 'NONE', #1879, #1914, #2683, .T. ) ;
#605 = DIRECTION ( 'NONE',  ( -0.000000000000000000, -1.000000000000000000, 0.000000000000000000 ) ) ;
#606 = ORIENTED_EDGE ( 'NONE', *, *, #2188, .F. ) ;
#607 = FACE_OUTER_BOUND ( 'NONE', #173, .T. ) ;
#608 = CARTESIAN_POINT ( 'NONE',  ( -0.1999999999999970690, 0.1300000000000000044, 0.4375000000000018319 ) ) ;
#609 = ORIENTED_EDGE ( 'NONE', *, *, #544, .T. ) ;
#610 = ORIENTED_EDGE ( 'NONE', *, *, #1023, .T. ) ;
#611 = CARTESIAN_POINT ( 'NONE',  ( 0.1999999999999965139, 0.000000000000000000, -0.4375000000000025535 ) ) ;
#612 = DIRECTION ( 'NONE',  ( 1.000000000000000000, 0.000000000000000000, 0.000000000000000000 ) ) ;
#613 = EDGE_LOOP ( 'NONE', ( #285, #2307, #158, #2329 ) ) ;
#614 = DIRECTION ( 'NONE',  ( -0.000000000000000000, -1.000000000000000000, -0.000000000000000000 ) ) ;
#615 = EDGE_CURVE ( 'NONE', #1108, #2504, #1610, .T. ) ;
#616 = AXIS2_PLACEMENT_3D ( 'NONE', #591, #109, #978 ) ;
#617 = PLANE ( 'NONE',  #1257 ) ;
#618 = VECTOR ( 'NONE', #2193, 1000.000000000000000 ) ;
#619 = EDGE_CURVE ( 'NONE', #1136, #684, #1392, .T. ) ;
#620 = ORIENTED_EDGE ( 'NONE', *, *, #633, .T. ) ;
#621 = VECTOR ( 'NONE', #221, 1000.000000000000000 ) ;
#622 = DIRECTION ( 'NONE',  ( 0.7071067811865401342, 0.000000000000000000, -0.7071067811865550112 ) ) ;
#623 = DIRECTION ( 'NONE',  ( 9.235355819403108608E-15, 0.000000000000000000, 1.000000000000000000 ) ) ;
#624 = ORIENTED_EDGE ( 'NONE', *, *, #1670, .F. ) ;
#625 = VECTOR ( 'NONE', #393, 1000.000000000000000 ) ;
#626 = CARTESIAN_POINT ( 'NONE',  ( -0.1000000000000061395, 0.04999999999999999584, -0.4374999999999992228 ) ) ;
#627 = VERTEX_POINT ( 'NONE', #1198 ) ;
#628 = VECTOR ( 'NONE', #263, 1000.000000000000000 ) ;
#629 = CARTESIAN_POINT ( 'NONE',  ( 7.332110811570580046E-15, 0.000000000000000000, 0.2625000000000017319 ) ) ;
#630 = FACE_OUTER_BOUND ( 'NONE', #662, .T. ) ;
#631 = EDGE_CURVE ( 'NONE', #640, #1911, #2074, .T. ) ;
#632 = CARTESIAN_POINT ( 'NONE',  ( 0.000000000000000000, 0.05000000000000000278, -0.6124999999999949374 ) ) ;
#633 = EDGE_CURVE ( 'NONE', #360, #1469, #518, .T. ) ;
#634 = PLANE ( 'NONE',  #244 ) ;
#635 = DIRECTION ( 'NONE',  ( -9.028841119882058191E-15, 0.000000000000000000, -1.000000000000000000 ) ) ;
#636 = ORIENTED_EDGE ( 'NONE', *, *, #138, .T. ) ;
#637 = VERTEX_POINT ( 'NONE', #2033 ) ;
#638 = CARTESIAN_POINT ( 'NONE',  ( 0.5000000000000004441, 0.4773110997362449703, -0.08750000000000594802 ) ) ;
#639 = SURFACE_STYLE_FILL_AREA ( #418 ) ;
#640 = VERTEX_POINT ( 'NONE', #1172 ) ;
#641 = DIRECTION ( 'NONE',  ( -1.000000000000000000, -0.000000000000000000, -0.000000000000000000 ) ) ;
#642 = LINE ( 'NONE', #2587, #2080 ) ;
#643 = EDGE_LOOP ( 'NONE', ( #1510, #1549, #1625, #1808 ) ) ;
#644 = CARTESIAN_POINT ( 'NONE',  ( 0.5000000000000004441, 0.000000000000000000, 0.3499999999999999778 ) ) ;
#645 = DIRECTION ( 'NONE',  ( -0.000000000000000000, -1.000000000000000000, -0.000000000000000000 ) ) ;
#646 = EDGE_CURVE ( 'NONE', #2509, #1532, #968, .T. ) ;
#647 = EDGE_LOOP ( 'NONE', ( #2490, #1274, #2219, #1031 ) ) ;
#648 = DIRECTION ( 'NONE',  ( -0.000000000000000000, 0.000000000000000000, 1.000000000000000000 ) ) ;
#649 = EDGE_CURVE ( 'NONE', #747, #449, #2714, .T. ) ;
#650 = ORIENTED_EDGE ( 'NONE', *, *, #1399, .T. ) ;
#651 = DIRECTION ( 'NONE',  ( -0.000000000000000000, -1.000000000000000000, -0.000000000000000000 ) ) ;
#652 = UNCERTAINTY_MEASURE_WITH_UNIT (LENGTH_MEASURE( 1.000000000000000082E-05 ), #488, 'distance_accuracy_value', 'NONE');
#653 = AXIS2_PLACEMENT_3D ( 'NONE', #2443, #1410, #552 ) ;
#654 = FACE_OUTER_BOUND ( 'NONE', #2014, .T. ) ;
#655 = AXIS2_PLACEMENT_3D ( 'NONE', #2584, #2595, #1930 ) ;
#656 = LINE ( 'NONE', #1546, #1718 ) ;
#657 = VERTEX_POINT ( 'NONE', #305 ) ;
#658 = VERTEX_POINT ( 'NONE', #2047 ) ;
#659 = EDGE_CURVE ( 'NONE', #2677, #921, #317, .T. ) ;
#660 = DIRECTION ( 'NONE',  ( -0.000000000000000000, -0.000000000000000000, -1.000000000000000000 ) ) ;
#661 = AXIS2_PLACEMENT_3D ( 'NONE', #1070, #215, #1041 ) ;
#662 = EDGE_LOOP ( 'NONE', ( #675, #1496, #496, #1552 ) ) ;
#663 = VECTOR ( 'NONE', #2541, 1000.000000000000000 ) ;
#664 = LINE ( 'NONE', #1085, #11 ) ;
#665 = EDGE_CURVE ( 'NONE', #2131, #509, #763, .T. ) ;
#666 = DIRECTION ( 'NONE',  ( 1.000000000000000000, 0.000000000000000000, -1.047444401652940007E-14 ) ) ;
#667 = VECTOR ( 'NONE', #2082, 1000.000000000000000 ) ;
#668 = CARTESIAN_POINT ( 'NONE',  ( -0.3207826455877751393, 0.3499999999999999778, -0.5423021424633100995 ) ) ;
#669 = CARTESIAN_POINT ( 'NONE',  ( 0.000000000000000000, 0.1300000000000000044, 0.000000000000000000 ) ) ;
#670 = LINE ( 'NONE', #253, #2380 ) ;
#671 = DIRECTION ( 'NONE',  ( 1.000000000000000000, 0.000000000000000000, -1.171353221365569152E-14 ) ) ;
#672 = ORIENTED_EDGE ( 'NONE', *, *, #767, .T. ) ;
#673 = EDGE_LOOP ( 'NONE', ( #213, #2270, #893, #2367 ) ) ;
#674 = DIRECTION ( 'NONE',  ( 1.000000000000000000, 0.000000000000000000, -1.047444401652940007E-14 ) ) ;
#675 = ORIENTED_EDGE ( 'NONE', *, *, #2759, .F. ) ;
#676 = CARTESIAN_POINT ( 'NONE',  ( 0.4999999999999986122, 0.05000000000000003747, -0.2625000000000039524 ) ) ;
#677 = FACE_OUTER_BOUND ( 'NONE', #946, .T. ) ;
#678 = ADVANCED_FACE ( 'NONE', ( #2694 ), #75, .T. ) ;
#679 = CARTESIAN_POINT ( 'NONE',  ( 0.000000000000000000, 0.05000000000000000278, 0.2624999999999939049 ) ) ;
#680 = UNCERTAINTY_MEASURE_WITH_UNIT (LENGTH_MEASURE( 1.000000000000000082E-05 ), #1045, 'distance_accuracy_value', 'NONE');
#681 = ADVANCED_FACE ( 'NONE', ( #2295 ), #1628, .F. ) ;
#682 = DIRECTION ( 'NONE',  ( -0.000000000000000000, -1.000000000000000000, -0.000000000000000000 ) ) ;
#683 = CARTESIAN_POINT ( 'NONE',  ( 1.099816621735587165E-14, 0.000000000000000000, 0.6124999999999976019 ) ) ;
#684 = VERTEX_POINT ( 'NONE', #1455 ) ;
#685 = ORIENTED_EDGE ( 'NONE', *, *, #2642, .F. ) ;
#686 = SURFACE_STYLE_USAGE ( .BOTH. , #1777 ) ;
#687 = CARTESIAN_POINT ( 'NONE',  ( -0.5000000000000000000, 0.000000000000000000, 0.08750000000000503209 ) ) ;
#688 = ORIENTED_EDGE ( 'NONE', *, *, #817, .F. ) ;
#689 = DIRECTION ( 'NONE',  ( 0.000000000000000000, 1.000000000000000000, 0.000000000000000000 ) ) ;
#690 = DIRECTION ( 'NONE',  ( -1.047444401652940007E-14, -0.000000000000000000, -1.000000000000000000 ) ) ;
#691 = EDGE_CURVE ( 'NONE', #1687, #1324, #786, .T. ) ;
#692 = LINE ( 'NONE', #2598, #346 ) ;
#693 = FACE_OUTER_BOUND ( 'NONE', #2130, .T. ) ;
#694 = DIRECTION ( 'NONE',  ( 1.000000000000000000, 0.000000000000000000, -1.047444401652940007E-14 ) ) ;
#695 = EDGE_CURVE ( 'NONE', #1454, #1989, #585, .T. ) ;
#696 = CARTESIAN_POINT ( 'NONE',  ( -0.5000000000000076605, 0.4773110997362449703, -0.6124999999999949374 ) ) ;
#697 = CLOSED_SHELL ( 'NONE', ( #802, #1783, #2127, #2207, #66, #259 ) ) ;
#698 = EDGE_LOOP ( 'NONE', ( #998, #2791, #394, #181 ) ) ;
#699 = VECTOR ( 'NONE', #56, 1000.000000000000000 ) ;
#700 = CARTESIAN_POINT ( 'NONE',  ( -0.1000000000000069167, 0.1300000000000000044, -0.5374999999999990896 ) ) ;
#701 = DIRECTION ( 'NONE',  ( -1.192004691317674036E-14, 0.000000000000000000, -1.000000000000000000 ) ) ;
#702 = DIRECTION ( 'NONE',  ( -1.000000000000000000, 0.000000000000000000, -0.000000000000000000 ) ) ;
#703 = STYLED_ITEM ( 'NONE', ( #1153 ), #887 ) ;
#704 = ORIENTED_EDGE ( 'NONE', *, *, #2019, .F. ) ;
#705 = VECTOR ( 'NONE', #1089, 1000.000000000000000 ) ;
#706 = CARTESIAN_POINT ( 'NONE',  ( -0.1999999999999958200, 0.1300000000000000044, 0.6125000000000017097 ) ) ;
#707 = LINE ( 'NONE', #888, #248 ) ;
#708 = FACE_OUTER_BOUND ( 'NONE', #2072, .T. ) ;
#709 = VECTOR ( 'NONE', #991, 1000.000000000000000 ) ;
#710 = VECTOR ( 'NONE', #1256, 1000.000000000000000 ) ;
#711 = AXIS2_PLACEMENT_3D ( 'NONE', #592, #2316, #369 ) ;
#712 = LINE ( 'NONE', #2704, #2110 ) ;
#713 = EDGE_CURVE ( 'NONE', #788, #1731, #733, .T. ) ;
#714 = LINE ( 'NONE', #776, #1527 ) ;
#715 = EDGE_LOOP ( 'NONE', ( #1312, #503, #1151, #982 ) ) ;
#716 = EDGE_CURVE ( 'NONE', #1140, #1667, #406, .T. ) ;
#717 = DIRECTION ( 'NONE',  ( -0.000000000000000000, -1.000000000000000000, -0.000000000000000000 ) ) ;
#718 =( NAMED_UNIT ( * ) PLANE_ANGLE_UNIT ( ) SI_UNIT ( $, .RADIAN. ) );
#719 = ORIENTED_EDGE ( 'NONE', *, *, #1488, .F. ) ;
#720 = ORIENTED_EDGE ( 'NONE', *, *, #2362, .T. ) ;
#721 = DIRECTION ( 'NONE',  ( -1.078421606581097254E-14, 0.000000000000000000, -1.000000000000000000 ) ) ;
#722 = DIRECTION ( 'NONE',  ( 1.047444401652940007E-14, 0.000000000000000000, 1.000000000000000000 ) ) ;
#723 = DIRECTION ( 'NONE',  ( -0.000000000000000000, -1.000000000000000000, 0.000000000000000000 ) ) ;
#724 = EDGE_LOOP ( 'NONE', ( #2254, #1776, #1829, #606 ) ) ;
#725 = FILL_AREA_STYLE_COLOUR ( '', #1811 ) ;
#726 = PLANE ( 'NONE',  #746 ) ;
#727 = DIRECTION ( 'NONE',  ( 0.000000000000000000, 0.000000000000000000, -1.000000000000000000 ) ) ;
#728 = ORIENTED_EDGE ( 'NONE', *, *, #400, .F. ) ;
#729 = CARTESIAN_POINT ( 'NONE',  ( 0.1999999999999986511, 0.4773110997362449703, -0.2625000000000022871 ) ) ;
#730 = CARTESIAN_POINT ( 'NONE',  ( -0.5000000000000058842, 0.000000000000000000, -0.4374999999999964473 ) ) ;
#731 = EDGE_CURVE ( 'NONE', #270, #737, #2336, .T. ) ;
#732 = VERTEX_POINT ( 'NONE', #626 ) ;
#733 = LINE ( 'NONE', #2353, #2521 ) ;
#734 = CARTESIAN_POINT ( 'NONE',  ( 0.1999999999999987066, 0.000000000000000000, -0.2625000000000030642 ) ) ;
#735 = EDGE_CURVE ( 'NONE', #1773, #1914, #844, .T. ) ;
#736 = CARTESIAN_POINT ( 'NONE',  ( 0.2000000000000043687, 0.4773110997362449703, 0.2624999999999975686 ) ) ;
#737 = VERTEX_POINT ( 'NONE', #361 ) ;
#738 = SURFACE_SIDE_STYLE ('',( #2272 ) ) ;
#739 = DIRECTION ( 'NONE',  ( 1.000000000000000000, 0.000000000000000000, -1.047444401652940007E-14 ) ) ;
#740 = LINE ( 'NONE', #1382, #1449 ) ;
#741 = ORIENTED_EDGE ( 'NONE', *, *, #1503, .T. ) ;
#742 = DIRECTION ( 'NONE',  ( -1.000000000000000000, 0.000000000000000000, 1.047444401652940007E-14 ) ) ;
#743 = CARTESIAN_POINT ( 'NONE',  ( 0.2000000000000023148, 0.4773110997362449703, 0.08749999999999767686 ) ) ;
#744 = DIRECTION ( 'NONE',  ( 1.000000000000000000, 0.000000000000000000, 0.000000000000000000 ) ) ;
#745 = VERTEX_POINT ( 'NONE', #186 ) ;
#746 = AXIS2_PLACEMENT_3D ( 'NONE', #1590, #279, #484 ) ;
#747 = VERTEX_POINT ( 'NONE', #1228 ) ;
#748 = EDGE_CURVE ( 'NONE', #479, #2275, #1497, .T. ) ;
#749 = CARTESIAN_POINT ( 'NONE',  ( -0.1000000000000058759, 0.4773110997362449703, -0.4374999999999992228 ) ) ;
#750 = STYLED_ITEM ( 'NONE', ( #2011 ), #866 ) ;
#751 = CARTESIAN_POINT ( 'NONE',  ( -0.4999999999999948930, 0.000000000000000000, 0.6125000000000039302 ) ) ;
#752 = VERTEX_POINT ( 'NONE', #816 ) ;
#753 = AXIS2_PLACEMENT_3D ( 'NONE', #1404, #1419, #2277 ) ;
#754 = ADVANCED_FACE ( 'NONE', ( #1509 ), #175, .T. ) ;
#755 = LINE ( 'NONE', #1634, #532 ) ;
#756 = CIRCLE ( 'NONE', #1719, 0.06095037913799421225 ) ;
#757 = CARTESIAN_POINT ( 'NONE',  ( 0.1999999999999986511, 0.1300000000000000044, 0.3499999999999999778 ) ) ;
#758 = AXIS2_PLACEMENT_3D ( 'NONE', #2395, #26, #1791 ) ;
#759 = DIRECTION ( 'NONE',  ( 1.047444401652940007E-14, -0.000000000000000000, 1.000000000000000000 ) ) ;
#760 = CIRCLE ( 'NONE', #483, 0.06095037913799426776 ) ;
#761 = EDGE_LOOP ( 'NONE', ( #1241, #1865, #2592, #1507 ) ) ;
#762 = CARTESIAN_POINT ( 'NONE',  ( -0.5000000000000022204, 0.1300000000000000044, -0.08749999999999621969 ) ) ;
#763 = LINE ( 'NONE', #551, #151 ) ;
#764 = CARTESIAN_POINT ( 'NONE',  ( 0.000000000000000000, 0.05000000000000000278, -0.2624999999999949596 ) ) ;
#765 = ORIENTED_EDGE ( 'NONE', *, *, #1825, .T. ) ;
#766 = CARTESIAN_POINT ( 'NONE',  ( 0.2000000000000023148, 0.1300000000000000044, 0.08749999999999769074 ) ) ;
#767 = EDGE_CURVE ( 'NONE', #2686, #2664, #598, .T. ) ;
#768 = CARTESIAN_POINT ( 'NONE',  ( 0.2000000000000080602, 0.05000000000000000971, 0.6124999999999967137 ) ) ;
#769 = PLANE ( 'NONE',  #2435 ) ;
#770 = ADVANCED_FACE ( 'NONE', ( #1051 ), #1030, .F. ) ;
#771 = VERTEX_POINT ( 'NONE', #611 ) ;
#772 = CARTESIAN_POINT ( 'NONE',  ( -0.3207826455877751393, 0.4000000000000000222, -0.5423021424633100995 ) ) ;
#773 = CARTESIAN_POINT ( 'NONE',  ( -0.4999999999999913403, 0.05000000000000012768, 0.7000000000000045075 ) ) ;
#774 = DIRECTION ( 'NONE',  ( -1.000000000000000000, 0.000000000000000000, -0.000000000000000000 ) ) ;
#775 = ORIENTED_EDGE ( 'NONE', *, *, #916, .F. ) ;
#776 = CARTESIAN_POINT ( 'NONE',  ( -0.4999999999999948930, 0.1300000000000000044, 0.6125000000000043743 ) ) ;
#777 = CARTESIAN_POINT ( 'NONE',  ( -0.2000000000000006772, 0.1300000000000000044, 0.08750000000000270062 ) ) ;
#778 = DIRECTION ( 'NONE',  ( -1.078421606581097254E-14, 0.000000000000000000, -1.000000000000000000 ) ) ;
#779 = EDGE_CURVE ( 'NONE', #304, #446, #1909, .T. ) ;
#780 = DIRECTION ( 'NONE',  ( -0.000000000000000000, -1.000000000000000000, -0.000000000000000000 ) ) ;
#781 = ORIENTED_EDGE ( 'NONE', *, *, #1988, .T. ) ;
#782 = ADVANCED_FACE ( 'NONE', ( #1467 ), #1069, .T. ) ;
#783 = PLANE ( 'NONE',  #1203 ) ;
#784 = FACE_OUTER_BOUND ( 'NONE', #184, .T. ) ;
#785 = VERTEX_POINT ( 'NONE', #1918 ) ;
#786 = LINE ( 'NONE', #1671, #922 ) ;
#787 = AXIS2_PLACEMENT_3D ( 'NONE', #1474, #2519, #794 ) ;
#788 = VERTEX_POINT ( 'NONE', #827 ) ;
#789 = AXIS2_PLACEMENT_3D ( 'NONE', #2116, #1947, #2783 ) ;
#790 = ADVANCED_BREP_SHAPE_REPRESENTATION ( 'DQE8', ( #1784, #2762, #887, #2754, #2725, #2780, #1817, #2731, #866, #822, #1350 ), #1301 ) ;
#791 = LINE ( 'NONE', #540, #157 ) ;
#792 = FILL_AREA_STYLE_COLOUR ( '', #166 ) ;
#793 = VECTOR ( 'NONE', #602, 1000.000000000000000 ) ;
#794 = DIRECTION ( 'NONE',  ( 0.000000000000000000, 0.000000000000000000, -1.000000000000000000 ) ) ;
#795 = CARTESIAN_POINT ( 'NONE',  ( -0.2000000000000027867, 0.1300000000000000044, -0.08749999999999828748 ) ) ;
#796 = PRODUCT_DEFINITION ( 'UNKNOWN', '', #255, #2050 ) ;
#797 = VECTOR ( 'NONE', #2794, 1000.000000000000000 ) ;
#798 = EDGE_LOOP ( 'NONE', ( #836, #2224, #1744, #775 ) ) ;
#799 = CARTESIAN_POINT ( 'NONE',  ( 0.1999999999999949596, 0.1300000000000000044, -0.6125000000000022649 ) ) ;
#800 = LINE ( 'NONE', #839, #206 ) ;
#801 = AXIS2_PLACEMENT_3D ( 'NONE', #795, #2520, #821 ) ;
#802 = ADVANCED_FACE ( 'NONE', ( #143 ), #2554, .F. ) ;
#803 = ORIENTED_EDGE ( 'NONE', *, *, #12, .T. ) ;
#804 = ORIENTED_EDGE ( 'NONE', *, *, #1323, .T. ) ;
#805 = AXIS2_PLACEMENT_3D ( 'NONE', #292, #1589, #1413 ) ;
#806 = PLANE ( 'NONE',  #1982 ) ;
#807 = EDGE_CURVE ( 'NONE', #895, #492, #2812, .T. ) ;
#808 = ORIENTED_EDGE ( 'NONE', *, *, #325, .T. ) ;
#809 = CARTESIAN_POINT ( 'NONE',  ( -0.4999999999999913403, 0.1299999999999998934, 0.7000000000000045075 ) ) ;
#810 = DIRECTION ( 'NONE',  ( 9.235355819403107030E-15, 0.000000000000000000, 1.000000000000000000 ) ) ;
#811 = LINE ( 'NONE', #2789, #1762 ) ;
#812 = ORIENTED_EDGE ( 'NONE', *, *, #1184, .F. ) ;
#813 = LINE ( 'NONE', #401, #110 ) ;
#814 = CARTESIAN_POINT ( 'NONE',  ( -0.1999999999999990952, 0.1300000000000000044, 0.2625000000000017319 ) ) ;
#815 = ORIENTED_EDGE ( 'NONE', *, *, #1147, .F. ) ;
#816 = CARTESIAN_POINT ( 'NONE',  ( -0.1000000000000069028, 0.1300000000000000044, -0.5374999999999990896 ) ) ;
#817 = EDGE_CURVE ( 'NONE', #2237, #1961, #1729, .T. ) ;
#818 = ORIENTED_EDGE ( 'NONE', *, *, #187, .F. ) ;
#819 = EDGE_CURVE ( 'NONE', #771, #1462, #1011, .T. ) ;
#820 = CARTESIAN_POINT ( 'NONE',  ( -0.1000000000000069028, 0.04999999999999999584, -0.5374999999999990896 ) ) ;
#821 = DIRECTION ( 'NONE',  ( 9.235355819403107030E-15, 0.000000000000000000, 1.000000000000000000 ) ) ;
#822 = MANIFOLD_SOLID_BREP ( 'LPattern3[6]', #1754 ) ;
#823 = ORIENTED_EDGE ( 'NONE', *, *, #123, .F. ) ;
#824 = PLANE ( 'NONE',  #2022 ) ;
#825 = FACE_OUTER_BOUND ( 'NONE', #1577, .T. ) ;
#826 = ORIENTED_EDGE ( 'NONE', *, *, #904, .F. ) ;
#827 = CARTESIAN_POINT ( 'NONE',  ( -0.1999999999999958200, 0.1300000000000000044, 0.6125000000000017097 ) ) ;
#828 = CARTESIAN_POINT ( 'NONE',  ( 1.099816621735587165E-14, 0.1300000000000000044, 1.050000000000000044 ) ) ;
#829 = ORIENTED_EDGE ( 'NONE', *, *, #975, .T. ) ;
#830 = EDGE_CURVE ( 'NONE', #1522, #747, #1518, .T. ) ;
#831 = PLANE ( 'NONE',  #2527 ) ;
#832 = EDGE_CURVE ( 'NONE', #2373, #1284, #1313, .T. ) ;
#833 = AXIS2_PLACEMENT_3D ( 'NONE', #972, #1378, #538 ) ;
#834 = CARTESIAN_POINT ( 'NONE',  ( -0.4999999999999986122, 0.1300000000000000044, 0.2625000000000045075 ) ) ;
#835 = VECTOR ( 'NONE', #536, 1000.000000000000000 ) ;
#836 = ORIENTED_EDGE ( 'NONE', *, *, #731, .F. ) ;
#837 = VECTOR ( 'NONE', #2511, 1000.000000000000000 ) ;
#838 = CARTESIAN_POINT ( 'NONE',  ( 0.4999999999999967804, 0.1300000000000000044, -0.4375000000000061617 ) ) ;
#839 = CARTESIAN_POINT ( 'NONE',  ( 0.1999999999999949596, 0.000000000000000000, 0.000000000000000000 ) ) ;
#840 = AXIS2_PLACEMENT_3D ( 'NONE', #847, #2160, #1073 ) ;
#841 = ORIENTED_EDGE ( 'NONE', *, *, #491, .F. ) ;
#842 = ORIENTED_EDGE ( 'NONE', *, *, #2528, .F. ) ;
#843 = VECTOR ( 'NONE', #1341, 1000.000000000000000 ) ;
#844 = LINE ( 'NONE', #2101, #2655 ) ;
#845 = ORIENTED_EDGE ( 'NONE', *, *, #506, .T. ) ;
#846 = VECTOR ( 'NONE', #1416, 1000.000000000000000 ) ;
#847 = CARTESIAN_POINT ( 'NONE',  ( 0.2000000000000007050, 0.1300000000000000044, -0.08750000000000249245 ) ) ;
#848 = AXIS2_PLACEMENT_3D ( 'NONE', #2000, #52, #2438 ) ;
#849 = EDGE_CURVE ( 'NONE', #290, #2668, #1579, .T. ) ;
#850 = LINE ( 'NONE', #19, #628 ) ;
#851 = ORIENTED_EDGE ( 'NONE', *, *, #2640, .T. ) ;
#852 = DIRECTION ( 'NONE',  ( 1.000000000000000000, -0.000000000000000000, 0.000000000000000000 ) ) ;
#853 = LINE ( 'NONE', #427, #2385 ) ;
#854 = EDGE_LOOP ( 'NONE', ( #60, #1837, #1067, #1832 ) ) ;
#855 = ORIENTED_EDGE ( 'NONE', *, *, #1282, .F. ) ;
#856 = CARTESIAN_POINT ( 'NONE',  ( 3.666055405785290023E-15, 0.1300000000000000044, 0.3499999999999999778 ) ) ;
#857 = EDGE_LOOP ( 'NONE', ( #2352, #1482, #1630, #2415, #382 ) ) ;
#858 = DIRECTION ( 'NONE',  ( 0.000000000000000000, 1.000000000000000000, 0.000000000000000000 ) ) ;
#859 = ORIENTED_EDGE ( 'NONE', *, *, #138, .F. ) ;
#860 = ADVANCED_FACE ( 'NONE', ( #1969 ), #8, .F. ) ;
#861 = LINE ( 'NONE', #22, #621 ) ;
#862 = LINE ( 'NONE', #696, #2164 ) ;
#863 = VERTEX_POINT ( 'NONE', #2634 ) ;
#864 = ORIENTED_EDGE ( 'NONE', *, *, #581, .T. ) ;
#865 = EDGE_CURVE ( 'NONE', #1748, #446, #1094, .T. ) ;
#866 = MANIFOLD_SOLID_BREP ( 'LPattern3[3]', #2330 ) ;
#867 = DIRECTION ( 'NONE',  ( -1.047444401652940007E-14, 0.000000000000000000, -1.000000000000000000 ) ) ;
#868 = VERTEX_POINT ( 'NONE', #1355 ) ;
#869 = PLANE ( 'NONE',  #2156 ) ;
#870 = CARTESIAN_POINT ( 'NONE',  ( -0.1750000000000077049, 0.1300000000000000044, -0.6124999999999983791 ) ) ;
#871 = ORIENTED_EDGE ( 'NONE', *, *, #1233, .F. ) ;
#872 = CARTESIAN_POINT ( 'NONE',  ( -0.4999999999999986122, 0.4773110997362449703, 0.2625000000000046185 ) ) ;
#873 = AXIS2_PLACEMENT_3D ( 'NONE', #2247, #64, #79 ) ;
#874 = PLANE ( 'NONE',  #1287 ) ;
#875 = VECTOR ( 'NONE', #2015, 1000.000000000000000 ) ;
#876 = LINE ( 'NONE', #1104, #2799 ) ;
#877 = LINE ( 'NONE', #908, #1490 ) ;
#878 = VECTOR ( 'NONE', #2055, 1000.000000000000000 ) ;
#879 = VERTEX_POINT ( 'NONE', #2220 ) ;
#880 = FILL_AREA_STYLE_COLOUR ( '', #2378 ) ;
#881 = CARTESIAN_POINT ( 'NONE',  ( -0.1000000000000069167, 0.1300000000000000044, -0.5374999999999990896 ) ) ;
#882 = VECTOR ( 'NONE', #2597, 1000.000000000000000 ) ;
#883 = EDGE_CURVE ( 'NONE', #1911, #657, #459, .T. ) ;
#884 = ORIENTED_EDGE ( 'NONE', *, *, #936, .T. ) ;
#885 = AXIS2_PLACEMENT_3D ( 'NONE', #814, #635, #2361 ) ;
#886 = CARTESIAN_POINT ( 'NONE',  ( -0.2000000000000027867, 0.4773110997362449703, -0.08749999999999828748 ) ) ;
#887 = MANIFOLD_SOLID_BREP ( 'Cut-Extrude3', #1013 ) ;
#888 = CARTESIAN_POINT ( 'NONE',  ( -0.4999999999999913403, 0.05000000000000012768, 0.7000000000000045075 ) ) ;
#889 = EDGE_CURVE ( 'NONE', #2578, #159, #1212, .T. ) ;
#890 = VECTOR ( 'NONE', #605, 1000.000000000000000 ) ;
#891 = VECTOR ( 'NONE', #1315, 1000.000000000000000 ) ;
#892 = CARTESIAN_POINT ( 'NONE',  ( 0.1999999999999970135, 0.4773110997362449703, -0.4375000000000024980 ) ) ;
#893 = ORIENTED_EDGE ( 'NONE', *, *, #883, .T. ) ;
#894 = CARTESIAN_POINT ( 'NONE',  ( 3.666055405785290023E-15, 0.1300000000000000044, -0.08749999999999827360 ) ) ;
#895 = VERTEX_POINT ( 'NONE', #431 ) ;
#896 = ORIENTED_EDGE ( 'NONE', *, *, #1632, .T. ) ;
#897 = CARTESIAN_POINT ( 'NONE',  ( 0.2000000000000080602, 0.4773110997362449703, 0.6124999999999976019 ) ) ;
#898 = CARTESIAN_POINT ( 'NONE',  ( -0.5000000000000017764, 2.520465053408526224, -0.2624999999999950706 ) ) ;
#899 = SURFACE_STYLE_FILL_AREA ( #27 ) ;
#900 = ORIENTED_EDGE ( 'NONE', *, *, #82, .T. ) ;
#901 = ADVANCED_FACE ( 'NONE', ( #282 ), #2234, .F. ) ;
#902 = CARTESIAN_POINT ( 'NONE',  ( -0.2000000000000027867, 0.1300000000000000044, -0.08749999999999828748 ) ) ;
#903 = CARTESIAN_POINT ( 'NONE',  ( 0.2000000000000043410, 0.1300000000000000044, 0.2624999999999965694 ) ) ;
#904 = EDGE_CURVE ( 'NONE', #600, #1713, #1849, .T. ) ;
#905 = LINE ( 'NONE', #466, #580 ) ;
#906 = FACE_OUTER_BOUND ( 'NONE', #1751, .T. ) ;
#907 = DIRECTION ( 'NONE',  ( -1.000000000000000000, -0.000000000000000000, -0.000000000000000000 ) ) ;
#908 = CARTESIAN_POINT ( 'NONE',  ( 0.5000000000000086597, 0.05000000000000012768, 0.6999999999999942935 ) ) ;
#909 = ORIENTED_EDGE ( 'NONE', *, *, #218, .F. ) ;
#910 = PLANE ( 'NONE',  #344 ) ;
#911 = DIRECTION ( 'NONE',  ( 0.000000000000000000, -1.000000000000000000, 0.000000000000000000 ) ) ;
#912 = CARTESIAN_POINT ( 'NONE',  ( 0.2000000000000007050, 0.1300000000000000044, -0.08750000000000249245 ) ) ;
#913 = CARTESIAN_POINT ( 'NONE',  ( 0.1999999999999970690, 0.1300000000000000044, -0.4375000000000024980 ) ) ;
#914 = FACE_OUTER_BOUND ( 'NONE', #857, .T. ) ;
#915 = EDGE_CURVE ( 'NONE', #345, #558, #71, .T. ) ;
#916 = EDGE_CURVE ( 'NONE', #737, #216, #114, .T. ) ;
#917 = PLANE ( 'NONE',  #873 ) ;
#918 = CARTESIAN_POINT ( 'NONE',  ( 0.2000000000000059786, 0.1300000000000000044, 0.4374999999999976130 ) ) ;
#919 = LINE ( 'NONE', #980, #1118 ) ;
#920 = AXIS2_PLACEMENT_3D ( 'NONE', #1174, #505, #1553 ) ;
#921 = VERTEX_POINT ( 'NONE', #1640 ) ;
#922 = VECTOR ( 'NONE', #2486, 1000.000000000000000 ) ;
#923 = DIRECTION ( 'NONE',  ( 1.000000000000000000, -0.000000000000000000, 0.000000000000000000 ) ) ;
#924 = VECTOR ( 'NONE', #1047, 1000.000000000000000 ) ;
#925 = ORIENTED_EDGE ( 'NONE', *, *, #1503, .F. ) ;
#926 = ORIENTED_EDGE ( 'NONE', *, *, #969, .F. ) ;
#927 = FACE_OUTER_BOUND ( 'NONE', #2347, .T. ) ;
#928 = CARTESIAN_POINT ( 'NONE',  ( -0.4999999999999997780, 2.520465053408526224, -0.08749999999999534539 ) ) ;
#929 = CARTESIAN_POINT ( 'NONE',  ( -0.2000000000000027311, 0.4773110997362449703, -0.08749999999999828748 ) ) ;
#930 = ORIENTED_EDGE ( 'NONE', *, *, #1539, .T. ) ;
#931 = VECTOR ( 'NONE', #2211, 1000.000000000000000 ) ;
#932 = VECTOR ( 'NONE', #1429, 1000.000000000000000 ) ;
#933 = LINE ( 'NONE', #555, #1119 ) ;
#934 = PRESENTATION_LAYER_ASSIGNMENT (  '', '', ( #1682 ) ) ;
#935 = CARTESIAN_POINT ( 'NONE',  ( 7.332110811570580046E-15, 0.1300000000000000044, 0.08749999999999459599 ) ) ;
#936 = EDGE_CURVE ( 'NONE', #2588, #2083, #513, .T. ) ;
#937 = CARTESIAN_POINT ( 'NONE',  ( -0.1999999999999953482, 0.1300000000000000044, 0.6125000000000017097 ) ) ;
#938 = STYLED_ITEM ( 'NONE', ( #497 ), #2754 ) ;
#939 = ORIENTED_EDGE ( 'NONE', *, *, #1853, .F. ) ;
#940 = ADVANCED_FACE ( 'NONE', ( #2449 ), #1866, .F. ) ;
#941 = DIRECTION ( 'NONE',  ( 0.000000000000000000, 0.000000000000000000, 1.000000000000000000 ) ) ;
#942 = EDGE_LOOP ( 'NONE', ( #1277, #2561, #1979, #609 ) ) ;
#943 = DIRECTION ( 'NONE',  ( 1.000000000000000000, -0.000000000000000000, -1.192004691317674036E-14 ) ) ;
#944 = LINE ( 'NONE', #288, #1980 ) ;
#945 = CARTESIAN_POINT ( 'NONE',  ( 0.5000000000000086597, 2.520465053408526224, 0.6999999999999942935 ) ) ;
#946 = EDGE_LOOP ( 'NONE', ( #1658, #596, #2513, #1904 ) ) ;
#947 = LINE ( 'NONE', #264, #105 ) ;
#948 = CARTESIAN_POINT ( 'NONE',  ( 7.332110811570580046E-15, 0.1300000000000000044, 0.6999999999999999556 ) ) ;
#949 = EDGE_CURVE ( 'NONE', #868, #2169, #1621, .T. ) ;
#950 = VERTEX_POINT ( 'NONE', #560 ) ;
#951 = DIRECTION ( 'NONE',  ( -1.000000000000000000, 0.000000000000000000, 1.047444401652940007E-14 ) ) ;
#952 = LINE ( 'NONE', #115, #249 ) ;
#953 = ADVANCED_FACE ( 'NONE', ( #2463 ), #1433, .F. ) ;
#954 = VERTEX_POINT ( 'NONE', #2690 ) ;
#955 = ORIENTED_EDGE ( 'NONE', *, *, #2695, .F. ) ;
#956 = PLANE ( 'NONE',  #1437 ) ;
#957 = FACE_OUTER_BOUND ( 'NONE', #1479, .T. ) ;
#958 = CARTESIAN_POINT ( 'NONE',  ( 0.2000000000000080602, 0.1300000000000000044, 0.6124999999999976019 ) ) ;
#959 = ORIENTED_EDGE ( 'NONE', *, *, #691, .F. ) ;
#960 = DIRECTION ( 'NONE',  ( 0.000000000000000000, 0.000000000000000000, 1.000000000000000000 ) ) ;
#961 = DIRECTION ( 'NONE',  ( 0.000000000000000000, 0.000000000000000000, 1.000000000000000000 ) ) ;
#962 = CARTESIAN_POINT ( 'NONE',  ( 0.2000000000000023148, 0.4773110997362449703, 0.08749999999999769074 ) ) ;
#963 = ORIENTED_EDGE ( 'NONE', *, *, #949, .F. ) ;
#964 = LINE ( 'NONE', #729, #14 ) ;
#965 = DIRECTION ( 'NONE',  ( -0.000000000000000000, 0.000000000000000000, 1.000000000000000000 ) ) ;
#966 = ORIENTED_EDGE ( 'NONE', *, *, #2676, .F. ) ;
#967 = VECTOR ( 'NONE', #1423, 1000.000000000000000 ) ;
#968 = LINE ( 'NONE', #2281, #2476 ) ;
#969 = EDGE_CURVE ( 'NONE', #1713, #1563, #964, .T. ) ;
#970 = LINE ( 'NONE', #1856, #293 ) ;
#971 = PRESENTATION_LAYER_ASSIGNMENT (  '', '', ( #1526 ) ) ;
#972 = CARTESIAN_POINT ( 'NONE',  ( 0.2000000000000043687, 0.1300000000000000044, 0.2624999999999975686 ) ) ;
#973 = ORIENTED_EDGE ( 'NONE', *, *, #659, .T. ) ;
#974 = AXIS2_PLACEMENT_3D ( 'NONE', #501, #2726, #742 ) ;
#975 = EDGE_CURVE ( 'NONE', #1911, #1946, #1607, .T. ) ;
#976 = DIRECTION ( 'NONE',  ( 1.000000000000000000, 0.000000000000000000, -1.047444401652940007E-14 ) ) ;
#977 = VECTOR ( 'NONE', #1160, 1000.000000000000000 ) ;
#978 = DIRECTION ( 'NONE',  ( 0.000000000000000000, -0.000000000000000000, -1.000000000000000000 ) ) ;
#979 = VECTOR ( 'NONE', #38, 1000.000000000000000 ) ;
#980 = CARTESIAN_POINT ( 'NONE',  ( -0.2000000000000080602, 0.1300000000000000044, -0.6124999999999981570 ) ) ;
#981 = VECTOR ( 'NONE', #1994, 1000.000000000000000 ) ;
#982 = ORIENTED_EDGE ( 'NONE', *, *, #1539, .F. ) ;
#983 = STYLED_ITEM ( 'NONE', ( #258 ), #790 ) ;
#984 = DIRECTION ( 'NONE',  ( -1.000000000000000000, 0.000000000000000000, -0.000000000000000000 ) ) ;
#985 = ORIENTED_EDGE ( 'NONE', *, *, #2752, .F. ) ;
#986 = EDGE_LOOP ( 'NONE', ( #303, #177, #1723, #1179 ) ) ;
#987 = DIRECTION ( 'NONE',  ( 0.000000000000000000, 0.000000000000000000, 1.000000000000000000 ) ) ;
#988 = CARTESIAN_POINT ( 'NONE',  ( 0.000000000000000000, 0.05000000000000000278, -0.4375000000000061617 ) ) ;
#989 = VERTEX_POINT ( 'NONE', #533 ) ;
#990 = ADVANCED_FACE ( 'NONE', ( #2497 ), #547, .T. ) ;
#991 = DIRECTION ( 'NONE',  ( 0.000000000000000000, -1.000000000000000000, 0.000000000000000000 ) ) ;
#992 = EDGE_CURVE ( 'NONE', #2578, #2481, #1024, .T. ) ;
#993 = LINE ( 'NONE', #1660, #423 ) ;
#994 = PLANE ( 'NONE',  #2343 ) ;
#995 = ORIENTED_EDGE ( 'NONE', *, *, #1702, .F. ) ;
#996 = DIRECTION ( 'NONE',  ( -1.000000000000000000, -0.000000000000000000, -0.000000000000000000 ) ) ;
#997 = LINE ( 'NONE', #2085, #2760 ) ;
#998 = ORIENTED_EDGE ( 'NONE', *, *, #2803, .F. ) ;
#999 = DIRECTION ( 'NONE',  ( -0.000000000000000000, -1.000000000000000000, -0.000000000000000000 ) ) ;
#1000 = DIRECTION ( 'NONE',  ( -0.000000000000000000, -1.000000000000000000, -0.000000000000000000 ) ) ;
#1001 = EDGE_LOOP ( 'NONE', ( #99, #1858, #500, #2758 ) ) ;
#1002 = DIRECTION ( 'NONE',  ( -0.000000000000000000, -0.000000000000000000, -1.000000000000000000 ) ) ;
#1003 = CARTESIAN_POINT ( 'NONE',  ( 0.2000000000000059786, 0.000000000000000000, 1.050000000000000044 ) ) ;
#1004 = ADVANCED_FACE ( 'NONE', ( #1224 ), #1905, .F. ) ;
#1005 = LINE ( 'NONE', #2749, #1072 ) ;
#1006 = EDGE_LOOP ( 'NONE', ( #562, #116, #1014, #1491 ) ) ;
#1007 = CARTESIAN_POINT ( 'NONE',  ( -0.1750000000000077049, 0.1300000000000000044, -0.6124999999999983791 ) ) ;
#1008 = CARTESIAN_POINT ( 'NONE',  ( 0.2000000000000007050, 0.4773110997362449703, -0.08750000000000249245 ) ) ;
#1009 = ORIENTED_EDGE ( 'NONE', *, *, #2472, .F. ) ;
#1010 = ORIENTED_EDGE ( 'NONE', *, *, #87, .F. ) ;
#1011 = LINE ( 'NONE', #2823, #618 ) ;
#1012 = DIRECTION ( 'NONE',  ( -1.000000000000000000, 0.000000000000000000, 1.047444401652940007E-14 ) ) ;
#1013 = CLOSED_SHELL ( 'NONE', ( #2605, #45, #1435, #1249, #2174, #940, #203, #2075, #2376, #364, #2434, #1380, #678, #1520, #990, #782, #2057, #1521, #1964, #2107, #1418, #348, #1835, #294, #2212, #25, #1764, #1690, #754, #5, #564, #222, #2227, #1648, #1473, #2589, #1872, #277, #238, #2557, #1860, #1076 ) ) ;
#1014 = ORIENTED_EDGE ( 'NONE', *, *, #419, .T. ) ;
#1015 = CARTESIAN_POINT ( 'NONE',  ( -0.3207826455877751393, 0.4000000000000000222, -0.6032525216013043812 ) ) ;
#1016 =( NAMED_UNIT ( * ) PLANE_ANGLE_UNIT ( ) SI_UNIT ( $, .RADIAN. ) );
#1017 = VECTOR ( 'NONE', #1745, 1000.000000000000000 ) ;
#1018 = DIRECTION ( 'NONE',  ( 1.000000000000000000, -0.000000000000000000, 0.000000000000000000 ) ) ;
#1019 = AXIS2_PLACEMENT_3D ( 'NONE', #106, #2547, #1871 ) ;
#1020 = CARTESIAN_POINT ( 'NONE',  ( 0.2000000000000059786, 0.4773110997362449703, 0.4374999999999976130 ) ) ;
#1021 = VECTOR ( 'NONE', #502, 1000.000000000000000 ) ;
#1022 = ORIENTED_EDGE ( 'NONE', *, *, #506, .F. ) ;
#1023 = EDGE_CURVE ( 'NONE', #2131, #1643, #182, .T. ) ;
#1024 = LINE ( 'NONE', #799, #338 ) ;
#1025 = CARTESIAN_POINT ( 'NONE',  ( 0.2000000000000023703, 0.000000000000000000, 0.08749999999999692746 ) ) ;
#1026 = VECTOR ( 'NONE', #2287, 1000.000000000000000 ) ;
#1027 = ORIENTED_EDGE ( 'NONE', *, *, #1875, .F. ) ;
#1028 = EDGE_CURVE ( 'NONE', #785, #2578, #1255, .T. ) ;
#1029 =( GEOMETRIC_REPRESENTATION_CONTEXT ( 3 ) GLOBAL_UNCERTAINTY_ASSIGNED_CONTEXT ( ( #680 ) ) GLOBAL_UNIT_ASSIGNED_CONTEXT ( ( #1045, #1016, #241 ) ) REPRESENTATION_CONTEXT ( 'NONE', 'WORKASPACE' ) );
#1030 = PLANE ( 'NONE',  #425 ) ;
#1031 = ORIENTED_EDGE ( 'NONE', *, *, #1430, .F. ) ;
#1032 = DIRECTION ( 'NONE',  ( -0.000000000000000000, -1.000000000000000000, 0.000000000000000000 ) ) ;
#1033 = SURFACE_SIDE_STYLE ('',( #2357 ) ) ;
#1034 = CARTESIAN_POINT ( 'NONE',  ( 0.5000000000000022204, 0.1300000000000000044, 0.08749999999999534539 ) ) ;
#1035 = VERTEX_POINT ( 'NONE', #1477 ) ;
#1036 = FACE_OUTER_BOUND ( 'NONE', #1597, .T. ) ;
#1037 = DIRECTION ( 'NONE',  ( -1.000000000000000000, 0.000000000000000000, 1.192004691317674036E-14 ) ) ;
#1038 = ADVANCED_FACE ( 'NONE', ( #1036 ), #140, .T. ) ;
#1039 = ORIENTED_EDGE ( 'NONE', *, *, #187, .T. ) ;
#1040 = DIRECTION ( 'NONE',  ( -0.000000000000000000, -1.000000000000000000, -0.000000000000000000 ) ) ;
#1041 = DIRECTION ( 'NONE',  ( 9.235355819403108608E-15, 0.000000000000000000, 1.000000000000000000 ) ) ;
#1042 = ADVANCED_FACE ( 'NONE', ( #2128 ), #783, .F. ) ;
#1043 = ORIENTED_EDGE ( 'NONE', *, *, #916, .T. ) ;
#1044 = PLANE ( 'NONE',  #2203 ) ;
#1045 =( LENGTH_UNIT ( ) NAMED_UNIT ( * ) SI_UNIT ( .MILLI., .METRE. ) );
#1046 = CARTESIAN_POINT ( 'NONE',  ( 0.1999999999999996780, 0.1300000000000000044, -0.08750000000000250633 ) ) ;
#1047 = DIRECTION ( 'NONE',  ( -0.000000000000000000, -1.000000000000000000, -0.000000000000000000 ) ) ;
#1048 = CARTESIAN_POINT ( 'NONE',  ( 0.2000000000000023148, 0.1300000000000000044, 0.6999999999999999556 ) ) ;
#1049 = VERTEX_POINT ( 'NONE', #2793 ) ;
#1050 = ORIENTED_EDGE ( 'NONE', *, *, #2312, .F. ) ;
#1051 = FACE_OUTER_BOUND ( 'NONE', #1226, .T. ) ;
#1052 = LINE ( 'NONE', #2798, #1897 ) ;
#1053 = ORIENTED_EDGE ( 'NONE', *, *, #2429, .T. ) ;
#1054 = EDGE_CURVE ( 'NONE', #2775, #2062, #2305, .T. ) ;
#1055 = CARTESIAN_POINT ( 'NONE',  ( 0.1999999999999949873, 0.1300000000000000044, -0.6125000000000030420 ) ) ;
#1056 = VECTOR ( 'NONE', #103, 1000.000000000000000 ) ;
#1057 = VECTOR ( 'NONE', #2397, 1000.000000000000000 ) ;
#1058 = ADVANCED_FACE ( 'NONE', ( #1452 ), #2097, .F. ) ;
#1059 = LINE ( 'NONE', #1695, #2123 ) ;
#1060 = AXIS2_PLACEMENT_3D ( 'NONE', #384, #170, #1915 ) ;
#1061 = ORIENTED_EDGE ( 'NONE', *, *, #2661, .T. ) ;
#1062 = AXIS2_PLACEMENT_3D ( 'NONE', #464, #246, #2654 ) ;
#1063 = FACE_OUTER_BOUND ( 'NONE', #408, .T. ) ;
#1064 = DIRECTION ( 'NONE',  ( 0.000000000000000000, 0.000000000000000000, 1.000000000000000000 ) ) ;
#1065 = VECTOR ( 'NONE', #1032, 1000.000000000000000 ) ;
#1066 = ORIENTED_EDGE ( 'NONE', *, *, #2413, .F. ) ;
#1067 = ORIENTED_EDGE ( 'NONE', *, *, #2759, .T. ) ;
#1068 = VECTOR ( 'NONE', #660, 1000.000000000000000 ) ;
#1069 = PLANE ( 'NONE',  #1573 ) ;
#1070 = CARTESIAN_POINT ( 'NONE',  ( -0.2000000000000027867, 0.4773110997362449703, -0.08749999999999828748 ) ) ;
#1071 = ORIENTED_EDGE ( 'NONE', *, *, #1558, .T. ) ;
#1072 = VECTOR ( 'NONE', #2124, 1000.000000000000000 ) ;
#1073 = DIRECTION ( 'NONE',  ( -1.171353221365569310E-14, 0.000000000000000000, -1.000000000000000000 ) ) ;
#1074 = EDGE_CURVE ( 'NONE', #2062, #330, #1890, .T. ) ;
#1075 = CARTESIAN_POINT ( 'NONE',  ( -0.5000000000000065503, 0.4000000000000001332, -0.6999999999999984013 ) ) ;
#1076 = ADVANCED_FACE ( 'NONE', ( #1063 ), #824, .F. ) ;
#1077 = ORIENTED_EDGE ( 'NONE', *, *, #234, .F. ) ;
#1078 = LINE ( 'NONE', #894, #705 ) ;
#1079 = DIRECTION ( 'NONE',  ( -0.000000000000000000, 0.000000000000000000, 1.000000000000000000 ) ) ;
#1080 = ORIENTED_EDGE ( 'NONE', *, *, #767, .F. ) ;
#1081 = ORIENTED_EDGE ( 'NONE', *, *, #454, .F. ) ;
#1082 = SURFACE_STYLE_USAGE ( .BOTH. , #1763 ) ;
#1083 = CARTESIAN_POINT ( 'NONE',  ( -0.1999999999999994837, 0.1300000000000000044, 0.2625000000000017319 ) ) ;
#1084 = ORIENTED_EDGE ( 'NONE', *, *, #2162, .T. ) ;
#1085 = CARTESIAN_POINT ( 'NONE',  ( -0.2000000000000043410, 0.1300000000000000044, -0.2624999999999980682 ) ) ;
#1086 = DIRECTION ( 'NONE',  ( 0.000000000000000000, 0.000000000000000000, 1.000000000000000000 ) ) ;
#1087 = FILL_AREA_STYLE_COLOUR ( '', #299 ) ;
#1088 = EDGE_CURVE ( 'NONE', #333, #863, #2579, .T. ) ;
#1089 = DIRECTION ( 'NONE',  ( -1.000000000000000000, -0.000000000000000000, -0.000000000000000000 ) ) ;
#1090 = DIRECTION ( 'NONE',  ( -1.171353221365569152E-14, 0.000000000000000000, -1.000000000000000000 ) ) ;
#1091 = ORIENTED_EDGE ( 'NONE', *, *, #2328, .F. ) ;
#1092 = ORIENTED_EDGE ( 'NONE', *, *, #819, .T. ) ;
#1093 = ADVANCED_FACE ( 'NONE', ( #2770 ), #634, .F. ) ;
#1094 = LINE ( 'NONE', #1550, #1620 ) ;
#1095 = FACE_OUTER_BOUND ( 'NONE', #1619, .T. ) ;
#1096 = ORIENTED_EDGE ( 'NONE', *, *, #436, .F. ) ;
#1097 = DIRECTION ( 'NONE',  ( -0.000000000000000000, -0.000000000000000000, -1.000000000000000000 ) ) ;
#1098 = PLANE ( 'NONE',  #1250 ) ;
#1099 = CARTESIAN_POINT ( 'NONE',  ( -0.5000000000000048850, 0.1299999999999999489, -0.4374999999999963918 ) ) ;
#1100 = UNCERTAINTY_MEASURE_WITH_UNIT (LENGTH_MEASURE( 1.000000000000000082E-05 ), #167, 'distance_accuracy_value', 'NONE');
#1101 = CLOSED_SHELL ( 'NONE', ( #298, #953, #681, #102, #2737, #601 ) ) ;
#1102 = CARTESIAN_POINT ( 'NONE',  ( -0.4999999999999985012, 0.1299999999999999767, 0.08750000000000501821 ) ) ;
#1103 = VECTOR ( 'NONE', #463, 1000.000000000000000 ) ;
#1104 = CARTESIAN_POINT ( 'NONE',  ( -0.1999999999999954037, 0.1300000000000000044, 0.6125000000000017097 ) ) ;
#1105 = EDGE_CURVE ( 'NONE', #1403, #627, #1665, .T. ) ;
#1106 = ORIENTED_EDGE ( 'NONE', *, *, #2090, .F. ) ;
#1107 = COLOUR_RGB ( '',0.2509803921568627416, 0.2509803921568627416, 0.2509803921568627416 ) ;
#1108 = VERTEX_POINT ( 'NONE', #2349 ) ;
#1109 = DIRECTION ( 'NONE',  ( 1.047444401652940007E-14, -0.000000000000000000, 1.000000000000000000 ) ) ;
#1110 = CARTESIAN_POINT ( 'NONE',  ( 0.4999999999999948930, 0.05000000000000003747, -0.6125000000000039302 ) ) ;
#1111 = AXIS2_PLACEMENT_3D ( 'NONE', #1275, #2610, #666 ) ;
#1112 = DIRECTION ( 'NONE',  ( -1.000000000000000000, 0.000000000000000000, -0.000000000000000000 ) ) ;
#1113 = EDGE_CURVE ( 'NONE', #1218, #1384, #813, .T. ) ;
#1114 = ORIENTED_EDGE ( 'NONE', *, *, #779, .F. ) ;
#1115 = STYLED_ITEM ( 'NONE', ( #1519 ), #1817 ) ;
#1116 = PLANE ( 'NONE',  #334 ) ;
#1117 = CARTESIAN_POINT ( 'NONE',  ( -0.4999999999999913403, 0.05000000000000012768, 0.7000000000000045075 ) ) ;
#1118 = VECTOR ( 'NONE', #1149, 1000.000000000000000 ) ;
#1119 = VECTOR ( 'NONE', #960, 1000.000000000000000 ) ;
#1120 = LINE ( 'NONE', #1557, #2713 ) ;
#1121 = CYLINDRICAL_SURFACE ( 'NONE', #2700, 0.06095037913799426776 ) ;
#1122 = LINE ( 'NONE', #1954, #198 ) ;
#1123 = EDGE_LOOP ( 'NONE', ( #1967, #1061, #2359, #2467 ) ) ;
#1124 =( NAMED_UNIT ( * ) PLANE_ANGLE_UNIT ( ) SI_UNIT ( $, .RADIAN. ) );
#1125 = ADVANCED_FACE ( 'NONE', ( #607 ), #2525, .F. ) ;
#1126 = DIRECTION ( 'NONE',  ( 1.047444401652940007E-14, 0.000000000000000000, 1.000000000000000000 ) ) ;
#1127 = ORIENTED_EDGE ( 'NONE', *, *, #1786, .T. ) ;
#1128 = LINE ( 'NONE', #1585, #1931 ) ;
#1129 = ADVANCED_FACE ( 'NONE', ( #2149 ), #578, .F. ) ;
#1130 = LINE ( 'NONE', #2442, #388 ) ;
#1131 = LINE ( 'NONE', #2470, #967 ) ;
#1132 = ORIENTED_EDGE ( 'NONE', *, *, #2144, .F. ) ;
#1133 = LINE ( 'NONE', #872, #1587 ) ;
#1134 = DIRECTION ( 'NONE',  ( 1.047444401652940007E-14, -0.000000000000000000, 1.000000000000000000 ) ) ;
#1135 = DIRECTION ( 'NONE',  ( 1.047444401652940007E-14, -0.000000000000000000, 1.000000000000000000 ) ) ;
#1136 = VERTEX_POINT ( 'NONE', #2590 ) ;
#1137 = DIRECTION ( 'NONE',  ( -1.171353221365569152E-14, 0.000000000000000000, -1.000000000000000000 ) ) ;
#1138 = LINE ( 'NONE', #2012, #2530 ) ;
#1139 =( NAMED_UNIT ( * ) SI_UNIT ( $, .STERADIAN. ) SOLID_ANGLE_UNIT ( ) );
#1140 = VERTEX_POINT ( 'NONE', #2371 ) ;
#1141 = ORIENTED_EDGE ( 'NONE', *, *, #713, .T. ) ;
#1142 = DIRECTION ( 'NONE',  ( 1.047444401652940007E-14, -0.000000000000000000, 1.000000000000000000 ) ) ;
#1143 = CARTESIAN_POINT ( 'NONE',  ( 0.2000000000000006217, 0.4773110997362449703, -0.08750000000000249245 ) ) ;
#1144 = PLANE ( 'NONE',  #1570 ) ;
#1145 = ORIENTED_EDGE ( 'NONE', *, *, #2002, .F. ) ;
#1146 = EDGE_CURVE ( 'NONE', #1989, #1748, #35, .T. ) ;
#1147 = EDGE_CURVE ( 'NONE', #449, #2103, #1574, .T. ) ;
#1148 = DIRECTION ( 'NONE',  ( 0.000000000000000000, 0.000000000000000000, 1.000000000000000000 ) ) ;
#1149 = DIRECTION ( 'NONE',  ( -1.000000000000000000, -0.000000000000000000, 1.047444401652940007E-14 ) ) ;
#1150 = AXIS2_PLACEMENT_3D ( 'NONE', #2283, #495, #1161 ) ;
#1151 = ORIENTED_EDGE ( 'NONE', *, *, #149, .T. ) ;
#1152 = VECTOR ( 'NONE', #1868, 1000.000000000000000 ) ;
#1153 = PRESENTATION_STYLE_ASSIGNMENT (( #327 ) ) ;
#1154 = LINE ( 'NONE', #2235, #979 ) ;
#1155 = AXIS2_PLACEMENT_3D ( 'NONE', #2360, #412, #1278 ) ;
#1156 = ORIENTED_EDGE ( 'NONE', *, *, #1988, .F. ) ;
#1157 = ORIENTED_EDGE ( 'NONE', *, *, #1180, .F. ) ;
#1158 =( GEOMETRIC_REPRESENTATION_CONTEXT ( 3 ) GLOBAL_UNCERTAINTY_ASSIGNED_CONTEXT ( ( #44 ) ) GLOBAL_UNIT_ASSIGNED_CONTEXT ( ( #1229, #1869, #2282 ) ) REPRESENTATION_CONTEXT ( 'NONE', 'WORKASPACE' ) );
#1159 = CARTESIAN_POINT ( 'NONE',  ( 0.1999999999999970690, 0.1300000000000000044, -0.4375000000000024980 ) ) ;
#1160 = DIRECTION ( 'NONE',  ( 0.000000000000000000, 0.000000000000000000, 1.000000000000000000 ) ) ;
#1161 = DIRECTION ( 'NONE',  ( -1.000000000000000000, 0.000000000000000000, 9.028841119882058191E-15 ) ) ;
#1162 = ORIENTED_EDGE ( 'NONE', *, *, #207, .T. ) ;
#1163 = AXIS2_PLACEMENT_3D ( 'NONE', #1986, #227, #1970 ) ;
#1164 = STYLED_ITEM ( 'NONE', ( #2400 ), #2725 ) ;
#1165 = EDGE_CURVE ( 'NONE', #2810, #1431, #861, .T. ) ;
#1166 = PRESENTATION_LAYER_ASSIGNMENT (  '', '', ( #938 ) ) ;
#1167 = FACE_OUTER_BOUND ( 'NONE', #1006, .T. ) ;
#1168 = EDGE_CURVE ( 'NONE', #360, #1989, #2630, .T. ) ;
#1169 = CARTESIAN_POINT ( 'NONE',  ( -0.2000000000000043965, 0.4773110997362449703, -0.2624999999999980682 ) ) ;
#1170 = ORIENTED_EDGE ( 'NONE', *, *, #419, .F. ) ;
#1171 = FACE_OUTER_BOUND ( 'NONE', #1688, .T. ) ;
#1172 = CARTESIAN_POINT ( 'NONE',  ( -0.4999999999999986122, 0.000000000000000000, 0.2625000000000038414 ) ) ;
#1173 = LINE ( 'NONE', #1657, #112 ) ;
#1174 = CARTESIAN_POINT ( 'NONE',  ( -0.3207826455877751393, 0.3499999999999999778, -0.5423021424633100995 ) ) ;
#1175 = ORIENTED_EDGE ( 'NONE', *, *, #2495, .T. ) ;
#1176 =( NAMED_UNIT ( * ) SI_UNIT ( $, .STERADIAN. ) SOLID_ANGLE_UNIT ( ) );
#1177 = DIRECTION ( 'NONE',  ( 0.000000000000000000, 1.000000000000000000, -0.000000000000000000 ) ) ;
#1178 = CYLINDRICAL_SURFACE ( 'NONE', #1862, 0.06095037913799426776 ) ;
#1179 = ORIENTED_EDGE ( 'NONE', *, *, #2325, .F. ) ;
#1180 = EDGE_CURVE ( 'NONE', #2393, #270, #426, .T. ) ;
#1181 = CARTESIAN_POINT ( 'NONE',  ( -0.4999999999999913403, 0.05000000000000012768, 0.7000000000000045075 ) ) ;
#1182 = EDGE_LOOP ( 'NONE', ( #1836, #1092, #1842, #966 ) ) ;
#1183 = ORIENTED_EDGE ( 'NONE', *, *, #2132, .F. ) ;
#1184 = EDGE_CURVE ( 'NONE', #139, #127, #670, .T. ) ;
#1185 = DIRECTION ( 'NONE',  ( -1.000000000000000000, 0.000000000000000000, 1.192004691317674036E-14 ) ) ;
#1186 = PLANE ( 'NONE',  #2024 ) ;
#1187 = FACE_OUTER_BOUND ( 'NONE', #673, .T. ) ;
#1188 = ORIENTED_EDGE ( 'NONE', *, *, #2381, .F. ) ;
#1189 = PLANE ( 'NONE',  #2571 ) ;
#1190 = FACE_OUTER_BOUND ( 'NONE', #2076, .T. ) ;
#1191 = CARTESIAN_POINT ( 'NONE',  ( 0.000000000000000000, 0.05000000000000000278, 0.000000000000000000 ) ) ;
#1192 = ORIENTED_EDGE ( 'NONE', *, *, #735, .T. ) ;
#1193 =( NAMED_UNIT ( * ) PLANE_ANGLE_UNIT ( ) SI_UNIT ( $, .RADIAN. ) );
#1194 = DIRECTION ( 'NONE',  ( -9.235355819403108608E-15, -0.000000000000000000, -1.000000000000000000 ) ) ;
#1195 = EDGE_CURVE ( 'NONE', #1780, #2131, #1942, .T. ) ;
#1196 = VECTOR ( 'NONE', #1148, 1000.000000000000000 ) ;
#1197 = ORIENTED_EDGE ( 'NONE', *, *, #2348, .F. ) ;
#1198 = CARTESIAN_POINT ( 'NONE',  ( 0.2000000000000080325, 0.1300000000000000044, 0.6124999999999967137 ) ) ;
#1199 = SURFACE_SIDE_STYLE ('',( #2310 ) ) ;
#1200 = MECHANICAL_DESIGN_GEOMETRIC_PRESENTATION_REPRESENTATION (  '', ( #1526 ), #381 ) ;
#1201 = EDGE_CURVE ( 'NONE', #2664, #1136, #656, .T. ) ;
#1202 = ORIENTED_EDGE ( 'NONE', *, *, #1088, .F. ) ;
#1203 = AXIS2_PLACEMENT_3D ( 'NONE', #2318, #357, #1724 ) ;
#1204 = CARTESIAN_POINT ( 'NONE',  ( 0.1999999999999970690, 0.1300000000000000044, -0.4375000000000024980 ) ) ;
#1205 = VECTOR ( 'NONE', #1000, 1000.000000000000000 ) ;
#1206 = DIRECTION ( 'NONE',  ( 0.000000000000000000, 1.000000000000000000, 0.000000000000000000 ) ) ;
#1207 =( GEOMETRIC_REPRESENTATION_CONTEXT ( 3 ) GLOBAL_UNCERTAINTY_ASSIGNED_CONTEXT ( ( #1367 ) ) GLOBAL_UNIT_ASSIGNED_CONTEXT ( ( #2555, #2377, #432 ) ) REPRESENTATION_CONTEXT ( 'NONE', 'WORKASPACE' ) );
#1208 = CARTESIAN_POINT ( 'NONE',  ( -0.2000000000000063949, 0.1300000000000000044, -0.4374999999999982792 ) ) ;
#1209 = VECTOR ( 'NONE', #137, 1000.000000000000000 ) ;
#1210 = ORIENTED_EDGE ( 'NONE', *, *, #491, .T. ) ;
#1211 = PRESENTATION_LAYER_ASSIGNMENT (  '', '', ( #983 ) ) ;
#1212 = LINE ( 'NONE', #1594, #383 ) ;
#1213 = PLANE ( 'NONE',  #2299 ) ;
#1214 = EDGE_LOOP ( 'NONE', ( #73, #808, #356, #1316 ) ) ;
#1215 = EDGE_CURVE ( 'NONE', #1431, #752, #1530, .T. ) ;
#1216 = DIRECTION ( 'NONE',  ( 0.000000000000000000, -0.000000000000000000, -1.000000000000000000 ) ) ;
#1217 = CARTESIAN_POINT ( 'NONE',  ( -0.2000000000000043687, 0.05000000000000000971, -0.2624999999999973466 ) ) ;
#1218 = VERTEX_POINT ( 'NONE', #2166 ) ;
#1219 = EDGE_CURVE ( 'NONE', #2570, #1780, #469, .T. ) ;
#1220 = LINE ( 'NONE', #1204, #2753 ) ;
#1221 = DIRECTION ( 'NONE',  ( -0.000000000000000000, -1.000000000000000000, -0.000000000000000000 ) ) ;
#1222 = DIRECTION ( 'NONE',  ( -1.000000000000000000, -0.000000000000000000, -0.000000000000000000 ) ) ;
#1223 = ORIENTED_EDGE ( 'NONE', *, *, #1470, .F. ) ;
#1224 = FACE_OUTER_BOUND ( 'NONE', #2422, .T. ) ;
#1225 = LINE ( 'NONE', #1708, #391 ) ;
#1226 = EDGE_LOOP ( 'NONE', ( #909, #197 ) ) ;
#1227 = VERTEX_POINT ( 'NONE', #235 ) ;
#1228 = CARTESIAN_POINT ( 'NONE',  ( -0.1000000000000063893, 0.1300000000000000044, -0.4374999999999992784 ) ) ;
#1229 =( LENGTH_UNIT ( ) NAMED_UNIT ( * ) SI_UNIT ( .MILLI., .METRE. ) );
#1230 = ORIENTED_EDGE ( 'NONE', *, *, #695, .T. ) ;
#1231 = CARTESIAN_POINT ( 'NONE',  ( -0.1750000000000077049, 0.4773110997362449703, -0.6124999999999983791 ) ) ;
#1232 = DIRECTION ( 'NONE',  ( 0.000000000000000000, 1.000000000000000000, 0.000000000000000000 ) ) ;
#1233 = EDGE_CURVE ( 'NONE', #879, #788, #876, .T. ) ;
#1234 = CARTESIAN_POINT ( 'NONE',  ( -0.3207826455877751393, 0.4000000000000000222, -0.4813517633253158734 ) ) ;
#1235 = CARTESIAN_POINT ( 'NONE',  ( 0.2000000000000043687, 0.1300000000000000044, 0.2624999999999975686 ) ) ;
#1236 = EDGE_CURVE ( 'NONE', #1280, #954, #1788, .T. ) ;
#1237 = ORIENTED_EDGE ( 'NONE', *, *, #1215, .F. ) ;
#1238 = DIRECTION ( 'NONE',  ( -0.7071067811865550112, 0.000000000000000000, -0.7071067811865401342 ) ) ;
#1239 = CARTESIAN_POINT ( 'NONE',  ( 0.2000000000000023148, 0.000000000000000000, 0.6999999999999999556 ) ) ;
#1240 = VERTEX_POINT ( 'NONE', #2218 ) ;
#1241 = ORIENTED_EDGE ( 'NONE', *, *, #819, .F. ) ;
#1242 = DIRECTION ( 'NONE',  ( 0.000000000000000000, 1.000000000000000000, -0.000000000000000000 ) ) ;
#1243 = AXIS2_PLACEMENT_3D ( 'NONE', #2817, #2175, #1545 ) ;
#1244 = VERTEX_POINT ( 'NONE', #1309 ) ;
#1245 = VECTOR ( 'NONE', #2531, 1000.000000000000000 ) ;
#1246 = CARTESIAN_POINT ( 'NONE',  ( -0.2000000000000043687, 0.1300000000000000044, -0.2624999999999980682 ) ) ;
#1247 = DIRECTION ( 'NONE',  ( -1.000000000000000000, 0.000000000000000000, 1.192004691317674036E-14 ) ) ;
#1248 = AXIS2_PLACEMENT_3D ( 'NONE', #1653, #951, #2068 ) ;
#1249 = ADVANCED_FACE ( 'NONE', ( #2416 ), #1981, .F. ) ;
#1250 = AXIS2_PLACEMENT_3D ( 'NONE', #2455, #507, #2240 ) ;
#1251 = LINE ( 'NONE', #180, #1633 ) ;
#1252 = VECTOR ( 'NONE', #1405, 1000.000000000000000 ) ;
#1253 = ORIENTED_EDGE ( 'NONE', *, *, #2456, .T. ) ;
#1254 = EDGE_CURVE ( 'NONE', #1879, #2825, #1078, .T. ) ;
#1255 = LINE ( 'NONE', #838, #2248 ) ;
#1256 = DIRECTION ( 'NONE',  ( 0.000000000000000000, 0.000000000000000000, 1.000000000000000000 ) ) ;
#1257 = AXIS2_PLACEMENT_3D ( 'NONE', #1235, #191, #1264 ) ;
#1258 = ORIENTED_EDGE ( 'NONE', *, *, #832, .T. ) ;
#1259 = COLOUR_RGB ( '',0.7921568627450980005, 0.8196078431372548767, 0.9333333333333333481 ) ;
#1260 = DIRECTION ( 'NONE',  ( -1.192004691317674036E-14, 0.000000000000000000, -1.000000000000000000 ) ) ;
#1261 = ORIENTED_EDGE ( 'NONE', *, *, #1596, .F. ) ;
#1262 = DIRECTION ( 'NONE',  ( 0.000000000000000000, 1.000000000000000000, 0.000000000000000000 ) ) ;
#1263 =( NAMED_UNIT ( * ) PLANE_ANGLE_UNIT ( ) SI_UNIT ( $, .RADIAN. ) );
#1264 = DIRECTION ( 'NONE',  ( -1.171353221365569310E-14, 0.000000000000000000, -1.000000000000000000 ) ) ;
#1265 = ORIENTED_EDGE ( 'NONE', *, *, #1113, .T. ) ;
#1266 = CARTESIAN_POINT ( 'NONE',  ( -0.2000000000000043687, 0.4773110997362449703, -0.2624999999999980682 ) ) ;
#1267 = CARTESIAN_POINT ( 'NONE',  ( -0.2000000000000080602, 0.1300000000000000044, -0.6124999999999981570 ) ) ;
#1268 = EDGE_CURVE ( 'NONE', #2773, #657, #1122, .T. ) ;
#1269 = ORIENTED_EDGE ( 'NONE', *, *, #1334, .F. ) ;
#1270 = ORIENTED_EDGE ( 'NONE', *, *, #1992, .F. ) ;
#1271 = DIRECTION ( 'NONE',  ( 0.000000000000000000, 1.000000000000000000, -0.000000000000000000 ) ) ;
#1272 = DIRECTION ( 'NONE',  ( 1.000000000000000000, -0.000000000000000000, 0.000000000000000000 ) ) ;
#1273 = ADVANCED_FACE ( 'NONE', ( #1965 ), #3, .F. ) ;
#1274 = ORIENTED_EDGE ( 'NONE', *, *, #949, .T. ) ;
#1275 = CARTESIAN_POINT ( 'NONE',  ( 0.1999999999999949596, 0.1300000000000000044, -0.6125000000000022649 ) ) ;
#1276 = CARTESIAN_POINT ( 'NONE',  ( -0.4999999999999961142, 0.05000000000000004441, 0.4375000000000049960 ) ) ;
#1277 = ORIENTED_EDGE ( 'NONE', *, *, #2594, .T. ) ;
#1278 = DIRECTION ( 'NONE',  ( -1.000000000000000000, 0.000000000000000000, 9.028841119882058191E-15 ) ) ;
#1279 = DIRECTION ( 'NONE',  ( -1.192004691317674036E-14, 0.000000000000000000, -1.000000000000000000 ) ) ;
#1280 = VERTEX_POINT ( 'NONE', #1736 ) ;
#1281 = DIRECTION ( 'NONE',  ( 0.000000000000000000, 0.000000000000000000, 1.000000000000000000 ) ) ;
#1282 = EDGE_CURVE ( 'NONE', #479, #600, #1759, .T. ) ;
#1283 = DIRECTION ( 'NONE',  ( 0.000000000000000000, -1.000000000000000000, 0.000000000000000000 ) ) ;
#1284 = VERTEX_POINT ( 'NONE', #2313 ) ;
#1285 = ADVANCED_FACE ( 'NONE', ( #2063 ), #570, .T. ) ;
#1286 = CARTESIAN_POINT ( 'NONE',  ( -0.4999999999999941713, 2.520465053408526224, 0.4375000000000049960 ) ) ;
#1287 = AXIS2_PLACEMENT_3D ( 'NONE', #669, #2402, #455 ) ;
#1288 = VECTOR ( 'NONE', #2309, 1000.000000000000000 ) ;
#1289 = DIRECTION ( 'NONE',  ( -1.000000000000000000, 0.000000000000000000, -0.000000000000000000 ) ) ;
#1290 = VECTOR ( 'NONE', #1801, 1000.000000000000000 ) ;
#1291 = ORIENTED_EDGE ( 'NONE', *, *, #2221, .T. ) ;
#1292 = VECTOR ( 'NONE', #2639, 1000.000000000000000 ) ;
#1293 = DIRECTION ( 'NONE',  ( 1.047444401652940007E-14, 0.000000000000000000, 1.000000000000000000 ) ) ;
#1294 = FACE_OUTER_BOUND ( 'NONE', #1932, .T. ) ;
#1295 = AXIS2_PLACEMENT_3D ( 'NONE', #129, #2691, #1434 ) ;
#1296 = ORIENTED_EDGE ( 'NONE', *, *, #665, .F. ) ;
#1297 = EDGE_LOOP ( 'NONE', ( #1593, #2543, #815, #2821 ) ) ;
#1298 = VECTOR ( 'NONE', #2479, 1000.000000000000000 ) ;
#1299 = FILL_AREA_STYLE ('',( #2170 ) ) ;
#1300 = EDGE_LOOP ( 'NONE', ( #1157, #1077, #1270, #2681 ) ) ;
#1301 =( GEOMETRIC_REPRESENTATION_CONTEXT ( 3 ) GLOBAL_UNCERTAINTY_ASSIGNED_CONTEXT ( ( #2475 ) ) GLOBAL_UNIT_ASSIGNED_CONTEXT ( ( #1357, #2408, #1139 ) ) REPRESENTATION_CONTEXT ( 'NONE', 'WORKASPACE' ) );
#1302 = DIRECTION ( 'NONE',  ( 0.7071067811865549002, 0.000000000000000000, 0.7071067811865402453 ) ) ;
#1303 = ORIENTED_EDGE ( 'NONE', *, *, #98, .F. ) ;
#1304 = EDGE_CURVE ( 'NONE', #558, #6, #1425, .T. ) ;
#1305 = DIRECTION ( 'NONE',  ( 1.047444401652940007E-14, 0.000000000000000000, 1.000000000000000000 ) ) ;
#1306 = UNCERTAINTY_MEASURE_WITH_UNIT (LENGTH_MEASURE( 1.000000000000000082E-05 ), #1366, 'distance_accuracy_value', 'NONE');
#1307 = EDGE_CURVE ( 'NONE', #1747, #950, #1444, .T. ) ;
#1308 = PLANE ( 'NONE',  #1243 ) ;
#1309 = CARTESIAN_POINT ( 'NONE',  ( -0.2000000000000043687, 0.1300000000000000044, -0.2624999999999965694 ) ) ;
#1310 = DIRECTION ( 'NONE',  ( -0.000000000000000000, -1.000000000000000000, -0.000000000000000000 ) ) ;
#1311 = ORIENTED_EDGE ( 'NONE', *, *, #1746, .F. ) ;
#1312 = ORIENTED_EDGE ( 'NONE', *, *, #2559, .T. ) ;
#1313 = LINE ( 'NONE', #50, #520 ) ;
#1314 = LINE ( 'NONE', #240, #1807 ) ;
#1315 = DIRECTION ( 'NONE',  ( -0.000000000000000000, 0.000000000000000000, 1.000000000000000000 ) ) ;
#1316 = ORIENTED_EDGE ( 'NONE', *, *, #936, .F. ) ;
#1317 = DIRECTION ( 'NONE',  ( 0.000000000000000000, 1.000000000000000000, 0.000000000000000000 ) ) ;
#1318 = LINE ( 'NONE', #2184, #1854 ) ;
#1319 = EDGE_CURVE ( 'NONE', #2668, #868, #2733, .T. ) ;
#1320 = LINE ( 'NONE', #679, #1534 ) ;
#1321 = ORIENTED_EDGE ( 'NONE', *, *, #2495, .F. ) ;
#1322 = CARTESIAN_POINT ( 'NONE',  ( -0.1000000000000069167, 0.1300000000000000044, -0.5374999999999990896 ) ) ;
#1323 = EDGE_CURVE ( 'NONE', #2481, #2396, #1220, .T. ) ;
#1324 = VERTEX_POINT ( 'NONE', #2662 ) ;
#1325 = ORIENTED_EDGE ( 'NONE', *, *, #2507, .T. ) ;
#1326 = FILL_AREA_STYLE ('',( #2210 ) ) ;
#1327 = CARTESIAN_POINT ( 'NONE',  ( 0.5000000000000086597, 0.1299999999999998934, 0.6999999999999942935 ) ) ;
#1328 = FACE_OUTER_BOUND ( 'NONE', #1927, .T. ) ;
#1329 = ORIENTED_EDGE ( 'NONE', *, *, #779, .T. ) ;
#1330 = CARTESIAN_POINT ( 'NONE',  ( -0.2000000000000007050, 0.1300000000000000044, 0.08750000000000189571 ) ) ;
#1331 = LINE ( 'NONE', #1568, #433 ) ;
#1332 = DIRECTION ( 'NONE',  ( -0.000000000000000000, -1.000000000000000000, -0.000000000000000000 ) ) ;
#1333 = AXIS2_PLACEMENT_3D ( 'NONE', #2674, #1368, #739 ) ;
#1334 = EDGE_CURVE ( 'NONE', #1344, #879, #714, .T. ) ;
#1335 = AXIS2_PLACEMENT_3D ( 'NONE', #886, #2609, #1809 ) ;
#1336 = DIRECTION ( 'NONE',  ( 0.7071067811865549002, 0.000000000000000000, 0.7071067811865402453 ) ) ;
#1337 = LINE ( 'NONE', #2646, #1901 ) ;
#1338 = VECTOR ( 'NONE', #1492, 1000.000000000000000 ) ;
#1339 = VERTEX_POINT ( 'NONE', #1676 ) ;
#1340 = ADVANCED_FACE ( 'NONE', ( #2505 ), #2079, .F. ) ;
#1341 = DIRECTION ( 'NONE',  ( -1.000000000000000000, -0.000000000000000000, -0.000000000000000000 ) ) ;
#1342 = VECTOR ( 'NONE', #1881, 1000.000000000000000 ) ;
#1343 = LINE ( 'NONE', #2636, #2125 ) ;
#1344 = VERTEX_POINT ( 'NONE', #335 ) ;
#1345 = AXIS2_PLACEMENT_3D ( 'NONE', #2167, #671, #1090 ) ;
#1346 = CARTESIAN_POINT ( 'NONE',  ( 0.2000000000000070333, 0.1300000000000000044, 0.6124999999999976019 ) ) ;
#1347 = CARTESIAN_POINT ( 'NONE',  ( -0.1999999999999958200, 0.04999999999999999584, 0.6125000000000017097 ) ) ;
#1348 = MECHANICAL_DESIGN_GEOMETRIC_PRESENTATION_REPRESENTATION (  '', ( #1164 ), #208 ) ;
#1349 = ORIENTED_EDGE ( 'NONE', *, *, #1735, .F. ) ;
#1350 = AXIS2_PLACEMENT_3D ( 'NONE', #2712, #2499, #744 ) ;
#1351 = SURFACE_STYLE_USAGE ( .BOTH. , #482 ) ;
#1352 = LINE ( 'NONE', #757, #1196 ) ;
#1353 = DIRECTION ( 'NONE',  ( -1.000000000000000000, 0.000000000000000000, -0.000000000000000000 ) ) ;
#1354 = ORIENTED_EDGE ( 'NONE', *, *, #454, .T. ) ;
#1355 = CARTESIAN_POINT ( 'NONE',  ( 0.5000000000000026645, 0.000000000000000000, 0.08749999999999456823 ) ) ;
#1356 = PLANE ( 'NONE',  #481 ) ;
#1357 =( LENGTH_UNIT ( ) NAMED_UNIT ( * ) SI_UNIT ( .MILLI., .METRE. ) );
#1358 = EDGE_CURVE ( 'NONE', #1280, #2542, #146, .T. ) ;
#1359 = EDGE_LOOP ( 'NONE', ( #1662, #1997, #804, #1517 ) ) ;
#1360 = ORIENTED_EDGE ( 'NONE', *, *, #915, .F. ) ;
#1361 = LINE ( 'NONE', #29, #1057 ) ;
#1362 = DIRECTION ( 'NONE',  ( -1.171353221365569310E-14, 0.000000000000000000, -1.000000000000000000 ) ) ;
#1363 = EDGE_CURVE ( 'NONE', #1244, #1879, #2300, .T. ) ;
#1364 = PLANE ( 'NONE',  #472 ) ;
#1365 = ORIENTED_EDGE ( 'NONE', *, *, #1797, .F. ) ;
#1366 =( LENGTH_UNIT ( ) NAMED_UNIT ( * ) SI_UNIT ( .MILLI., .METRE. ) );
#1367 = UNCERTAINTY_MEASURE_WITH_UNIT (LENGTH_MEASURE( 1.000000000000000082E-05 ), #2555, 'distance_accuracy_value', 'NONE');
#1368 = DIRECTION ( 'NONE',  ( 1.047444401652940007E-14, -0.000000000000000000, 1.000000000000000000 ) ) ;
#1369 = CARTESIAN_POINT ( 'NONE',  ( 0.1999999999999970690, 0.1300000000000000044, -0.4375000000000034417 ) ) ;
#1370 = ORIENTED_EDGE ( 'NONE', *, *, #619, .F. ) ;
#1371 = DIRECTION ( 'NONE',  ( 0.000000000000000000, 1.000000000000000000, 0.000000000000000000 ) ) ;
#1372 = CARTESIAN_POINT ( 'NONE',  ( 3.666055405785290023E-15, 0.1300000000000000044, -0.2625000000000055067 ) ) ;
#1373 = ORIENTED_EDGE ( 'NONE', *, *, #123, .T. ) ;
#1374 = ORIENTED_EDGE ( 'NONE', *, *, #176, .F. ) ;
#1375 = EDGE_CURVE ( 'NONE', #330, #2289, #791, .T. ) ;
#1376 = LINE ( 'NONE', #245, #2288 ) ;
#1377 = PLANE ( 'NONE',  #2430 ) ;
#1378 = DIRECTION ( 'NONE',  ( -1.192004691317674036E-14, 0.000000000000000000, -1.000000000000000000 ) ) ;
#1379 = VERTEX_POINT ( 'NONE', #2491 ) ;
#1380 = ADVANCED_FACE ( 'NONE', ( #2323 ), #2535, .T. ) ;
#1381 = DIRECTION ( 'NONE',  ( 0.000000000000000000, 0.000000000000000000, 1.000000000000000000 ) ) ;
#1382 = CARTESIAN_POINT ( 'NONE',  ( 0.000000000000000000, 0.05000000000000000278, -0.4374999999999992784 ) ) ;
#1383 = VECTOR ( 'NONE', #295, 1000.000000000000000 ) ;
#1384 = VERTEX_POINT ( 'NONE', #2285 ) ;
#1385 = VECTOR ( 'NONE', #2436, 1000.000000000000000 ) ;
#1386 = SURFACE_SIDE_STYLE ('',( #2290 ) ) ;
#1387 = DIRECTION ( 'NONE',  ( 0.000000000000000000, 0.000000000000000000, 1.000000000000000000 ) ) ;
#1388 = VECTOR ( 'NONE', #852, 1000.000000000000000 ) ;
#1389 = EDGE_LOOP ( 'NONE', ( #2013, #2448, #720, #375, #812, #1311, #2037, #1114, #224, #2585, #169, #2351, #1365, #2582, #320, #1972, #403, #985, #1499, #896, #2596, #2118, #2811, #1953, #2620, #688, #2717, #1027, #1373, #1223, #2195, #188, #23, #1197, #2213, #2238, #1755 ) ) ;
#1390 = VERTEX_POINT ( 'NONE', #124 ) ;
#1391 = VECTOR ( 'NONE', #614, 1000.000000000000000 ) ;
#1392 = LINE ( 'NONE', #2469, #1483 ) ;
#1393 = CARTESIAN_POINT ( 'NONE',  ( 0.000000000000000000, 0.1300000000000000044, 0.000000000000000000 ) ) ;
#1394 = LINE ( 'NONE', #929, #2603 ) ;
#1395 = ORIENTED_EDGE ( 'NONE', *, *, #1951, .F. ) ;
#1396 = VECTOR ( 'NONE', #2421, 1000.000000000000000 ) ;
#1397 = VECTOR ( 'NONE', #1289, 1000.000000000000000 ) ;
#1398 =( NAMED_UNIT ( * ) SI_UNIT ( $, .STERADIAN. ) SOLID_ANGLE_UNIT ( ) );
#1399 = EDGE_CURVE ( 'NONE', #637, #2266, #1412, .T. ) ;
#1400 = FACE_BOUND ( 'NONE', #539, .T. ) ;
#1401 = CARTESIAN_POINT ( 'NONE',  ( 0.2000000000000080602, 0.1300000000000000044, 0.6124999999999976019 ) ) ;
#1402 = EDGE_CURVE ( 'NONE', #2708, #2364, #756, .T. ) ;
#1403 = VERTEX_POINT ( 'NONE', #2764 ) ;
#1404 = CARTESIAN_POINT ( 'NONE',  ( 0.1999999999999986511, 0.1300000000000000044, -0.2625000000000022871 ) ) ;
#1405 = DIRECTION ( 'NONE',  ( 0.000000000000000000, 1.000000000000000000, -0.000000000000000000 ) ) ;
#1406 = ORIENTED_EDGE ( 'NONE', *, *, #523, .T. ) ;
#1407 = ORIENTED_EDGE ( 'NONE', *, *, #325, .F. ) ;
#1408 = DIRECTION ( 'NONE',  ( -1.000000000000000000, -0.000000000000000000, 1.047444401652940007E-14 ) ) ;
#1409 = SURFACE_STYLE_USAGE ( .BOTH. , #1199 ) ;
#1410 = DIRECTION ( 'NONE',  ( 0.000000000000000000, -1.000000000000000000, 0.000000000000000000 ) ) ;
#1411 = ORIENTED_EDGE ( 'NONE', *, *, #1493, .T. ) ;
#1412 = LINE ( 'NONE', #1015, #709 ) ;
#1413 = DIRECTION ( 'NONE',  ( 1.000000000000000000, 0.000000000000000000, -1.047444401652940007E-14 ) ) ;
#1414 = LINE ( 'NONE', #1694, #2198 ) ;
#1415 = EDGE_CURVE ( 'NONE', #637, #260, #2801, .T. ) ;
#1416 = DIRECTION ( 'NONE',  ( -0.000000000000000000, -1.000000000000000000, 0.000000000000000000 ) ) ;
#1417 = ORIENTED_EDGE ( 'NONE', *, *, #2788, .T. ) ;
#1418 = ADVANCED_FACE ( 'NONE', ( #2008 ), #1189, .T. ) ;
#1419 = DIRECTION ( 'NONE',  ( 1.047444401652940007E-14, -0.000000000000000000, 1.000000000000000000 ) ) ;
#1420 = DIRECTION ( 'NONE',  ( 1.000000000000000000, 0.000000000000000000, 0.000000000000000000 ) ) ;
#1421 = DIRECTION ( 'NONE',  ( -0.000000000000000000, -1.000000000000000000, -0.000000000000000000 ) ) ;
#1422 = DIRECTION ( 'NONE',  ( 1.047444401652940007E-14, 0.000000000000000000, 1.000000000000000000 ) ) ;
#1423 = DIRECTION ( 'NONE',  ( 0.000000000000000000, 1.000000000000000000, -0.000000000000000000 ) ) ;
#1424 = ORIENTED_EDGE ( 'NONE', *, *, #2039, .F. ) ;
#1425 = LINE ( 'NONE', #809, #1290 ) ;
#1426 = SURFACE_STYLE_FILL_AREA ( #2720 ) ;
#1427 = APPLICATION_CONTEXT ( 'automotive_design' ) ;
#1428 = PLANE ( 'NONE',  #2374 ) ;
#1429 = DIRECTION ( 'NONE',  ( 1.047444401652940007E-14, 0.000000000000000000, 1.000000000000000000 ) ) ;
#1430 = EDGE_CURVE ( 'NONE', #2565, #2045, #2719, .T. ) ;
#1431 = VERTEX_POINT ( 'NONE', #820 ) ;
#1432 = VECTOR ( 'NONE', #1645, 1000.000000000000000 ) ;
#1433 = PLANE ( 'NONE',  #2569 ) ;
#1434 = DIRECTION ( 'NONE',  ( 0.000000000000000000, -0.000000000000000000, -1.000000000000000000 ) ) ;
#1435 = ADVANCED_FACE ( 'NONE', ( #2787 ), #1753, .F. ) ;
#1436 = ORIENTED_EDGE ( 'NONE', *, *, #1165, .T. ) ;
#1437 = AXIS2_PLACEMENT_3D ( 'NONE', #331, #2059, #1216 ) ;
#1438 = ORIENTED_EDGE ( 'NONE', *, *, #2803, .T. ) ;
#1439 = DIRECTION ( 'NONE',  ( -1.192004691317674036E-14, 0.000000000000000000, -1.000000000000000000 ) ) ;
#1440 = FACE_OUTER_BOUND ( 'NONE', #1359, .T. ) ;
#1441 = VECTOR ( 'NONE', #2819, 1000.000000000000000 ) ;
#1442 = EDGE_LOOP ( 'NONE', ( #925, #582, #2796, #2071, #2298, #2049, #1583, #174, #2001, #1683, #430, #1882, #439, #1066, #1407, #1966, #1303, #1696, #531, #1261 ) ) ;
#1443 = STYLED_ITEM ( 'NONE', ( #132 ), #1784 ) ;
#1444 = LINE ( 'NONE', #134, #61 ) ;
#1445 = VECTOR ( 'NONE', #1272, 1000.000000000000000 ) ;
#1446 = CARTESIAN_POINT ( 'NONE',  ( 7.332110811570580046E-15, 0.1300000000000000044, 0.6999999999999999556 ) ) ;
#1447 = AXIS2_PLACEMENT_3D ( 'NONE', #1267, #2139, #183 ) ;
#1448 = LINE ( 'NONE', #632, #1209 ) ;
#1449 = VECTOR ( 'NONE', #2738, 1000.000000000000000 ) ;
#1450 = ORIENTED_EDGE ( 'NONE', *, *, #1825, .F. ) ;
#1451 =( GEOMETRIC_REPRESENTATION_CONTEXT ( 3 ) GLOBAL_UNCERTAINTY_ASSIGNED_CONTEXT ( ( #219 ) ) GLOBAL_UNIT_ASSIGNED_CONTEXT ( ( #2236, #718, #1822 ) ) REPRESENTATION_CONTEXT ( 'NONE', 'WORKASPACE' ) );
#1452 = FACE_OUTER_BOUND ( 'NONE', #420, .T. ) ;
#1453 = CARTESIAN_POINT ( 'NONE',  ( 1.099816621735587165E-14, 0.000000000000000000, 0.4375000000000049405 ) ) ;
#1454 = VERTEX_POINT ( 'NONE', #1732 ) ;
#1455 = CARTESIAN_POINT ( 'NONE',  ( 0.4999999999999976130, 0.4000000000000001332, -0.7000000000000063949 ) ) ;
#1456 = ADVANCED_FACE ( 'NONE', ( #1703 ), #1044, .F. ) ;
#1457 = ORIENTED_EDGE ( 'NONE', *, *, #1907, .T. ) ;
#1458 = EDGE_CURVE ( 'NONE', #989, #2553, #1935, .T. ) ;
#1459 = DIRECTION ( 'NONE',  ( 0.000000000000000000, 0.000000000000000000, 1.000000000000000000 ) ) ;
#1460 = DIRECTION ( 'NONE',  ( 0.000000000000000000, -1.000000000000000000, 0.000000000000000000 ) ) ;
#1461 = DIRECTION ( 'NONE',  ( 1.000000000000000000, 0.000000000000000000, -1.047444401652940007E-14 ) ) ;
#1462 = VERTEX_POINT ( 'NONE', #2572 ) ;
#1463 = DIRECTION ( 'NONE',  ( 0.7071067811865401342, 0.000000000000000000, -0.7071067811865550112 ) ) ;
#1464 = PLANE ( 'NONE',  #204 ) ;
#1465 = EDGE_LOOP ( 'NONE', ( #1709, #2813, #2355, #610 ) ) ;
#1466 = EDGE_LOOP ( 'NONE', ( #1354, #864, #2388, #78 ) ) ;
#1467 = FACE_OUTER_BOUND ( 'NONE', #2145, .T. ) ;
#1468 = DIRECTION ( 'NONE',  ( 0.000000000000000000, 0.000000000000000000, 1.000000000000000000 ) ) ;
#1469 = VERTEX_POINT ( 'NONE', #1055 ) ;
#1470 = EDGE_CURVE ( 'NONE', #1914, #2190, #409, .T. ) ;
#1471 = CARTESIAN_POINT ( 'NONE',  ( 0.5000000000000039968, 0.000000000000000000, 0.6999999999999999556 ) ) ;
#1472 =( NAMED_UNIT ( * ) PLANE_ANGLE_UNIT ( ) SI_UNIT ( $, .RADIAN. ) );
#1473 = ADVANCED_FACE ( 'NONE', ( #2340 ), #217, .T. ) ;
#1474 = CARTESIAN_POINT ( 'NONE',  ( -0.3207826455877751393, 0.3499999999999999778, -0.5423021424633100995 ) ) ;
#1475 = CARTESIAN_POINT ( 'NONE',  ( -0.5000000000000048850, 0.05000000000000003747, -0.4374999999999973355 ) ) ;
#1476 = EDGE_LOOP ( 'NONE', ( #2137, #1188, #350, #445 ) ) ;
#1477 = CARTESIAN_POINT ( 'NONE',  ( 0.2000000000000023148, 0.1300000000000000044, 0.08749999999999692746 ) ) ;
#1478 = CARTESIAN_POINT ( 'NONE',  ( 0.2000000000000060063, 0.1300000000000000044, 0.4374999999999968359 ) ) ;
#1479 = EDGE_LOOP ( 'NONE', ( #2820, #424, #842, #2317 ) ) ;
#1480 = ORIENTED_EDGE ( 'NONE', *, *, #329, .T. ) ;
#1481 = VECTOR ( 'NONE', #1221, 1000.000000000000000 ) ;
#1482 = ORIENTED_EDGE ( 'NONE', *, *, #2276, .T. ) ;
#1483 = VECTOR ( 'NONE', #2256, 1000.000000000000000 ) ;
#1484 = CARTESIAN_POINT ( 'NONE',  ( 0.000000000000000000, 0.05000000000000000278, -0.08749999999999828748 ) ) ;
#1485 = CARTESIAN_POINT ( 'NONE',  ( 0.1999999999999950151, 0.4773110997362449703, -0.6125000000000022649 ) ) ;
#1486 =( GEOMETRIC_REPRESENTATION_CONTEXT ( 3 ) GLOBAL_UNCERTAINTY_ASSIGNED_CONTEXT ( ( #652 ) ) GLOBAL_UNIT_ASSIGNED_CONTEXT ( ( #488, #1124, #37 ) ) REPRESENTATION_CONTEXT ( 'NONE', 'WORKASPACE' ) );
#1487 = VECTOR ( 'NONE', #1302, 1000.000000000000114 ) ;
#1488 = EDGE_CURVE ( 'NONE', #345, #2237, #396, .T. ) ;
#1489 = CARTESIAN_POINT ( 'NONE',  ( -0.2000000000000031475, 0.1300000000000000044, -0.08749999999999828748 ) ) ;
#1490 = VECTOR ( 'NONE', #223, 1000.000000000000000 ) ;
#1491 = ORIENTED_EDGE ( 'NONE', *, *, #1704, .F. ) ;
#1492 = DIRECTION ( 'NONE',  ( 0.000000000000000000, -0.000000000000000000, -1.000000000000000000 ) ) ;
#1493 = EDGE_CURVE ( 'NONE', #1244, #326, #2827, .T. ) ;
#1494 = DIRECTION ( 'NONE',  ( 1.047444401652940007E-14, 0.000000000000000000, 1.000000000000000000 ) ) ;
#1495 = AXIS2_PLACEMENT_3D ( 'NONE', #962, #759, #2706 ) ;
#1496 = ORIENTED_EDGE ( 'NONE', *, *, #1180, .T. ) ;
#1497 = LINE ( 'NONE', #638, #1668 ) ;
#1498 = LINE ( 'NONE', #1920, #625 ) ;
#1499 = ORIENTED_EDGE ( 'NONE', *, *, #2261, .T. ) ;
#1500 = FACE_OUTER_BOUND ( 'NONE', #434, .T. ) ;
#1501 = PLANE ( 'NONE',  #801 ) ;
#1502 = ORIENTED_EDGE ( 'NONE', *, *, #1215, .T. ) ;
#1503 = EDGE_CURVE ( 'NONE', #950, #2433, #2146, .T. ) ;
#1504 = DIRECTION ( 'NONE',  ( 0.000000000000000000, -1.000000000000000000, 0.000000000000000000 ) ) ;
#1505 = PLANE ( 'NONE',  #1760 ) ;
#1506 = EDGE_LOOP ( 'NONE', ( #2333, #236, #416, #859 ) ) ;
#1507 = ORIENTED_EDGE ( 'NONE', *, *, #468, .F. ) ;
#1508 = EDGE_CURVE ( 'NONE', #577, #640, #178, .T. ) ;
#1509 = FACE_OUTER_BOUND ( 'NONE', #1123, .T. ) ;
#1510 = ORIENTED_EDGE ( 'NONE', *, *, #1702, .T. ) ;
#1511 = FACE_OUTER_BOUND ( 'NONE', #2096, .T. ) ;
#1512 = PLANE ( 'NONE',  #395 ) ;
#1513 = EDGE_LOOP ( 'NONE', ( #1701, #2141, #2010, #69, #884, #1022, #672, #130, #1183, #210, #1395, #1892, #2539, #515, #624, #823, #2142, #2458, #1374, #1145 ) ) ;
#1514 = DIRECTION ( 'NONE',  ( 1.000000000000000000, -0.000000000000000000, -9.028841119882058191E-15 ) ) ;
#1515 = LINE ( 'NONE', #2564, #797 ) ;
#1516 = ORIENTED_EDGE ( 'NONE', *, *, #1650, .T. ) ;
#1517 = ORIENTED_EDGE ( 'NONE', *, *, #2676, .T. ) ;
#1518 = LINE ( 'NONE', #700, #2606 ) ;
#1519 = PRESENTATION_STYLE_ASSIGNMENT (( #599 ) ) ;
#1520 = ADVANCED_FACE ( 'NONE', ( #1511 ), #831, .F. ) ;
#1521 = ADVANCED_FACE ( 'NONE', ( #1500 ), #2356, .T. ) ;
#1522 = VERTEX_POINT ( 'NONE', #2814 ) ;
#1523 = PLANE ( 'NONE',  #2707 ) ;
#1524 = VECTOR ( 'NONE', #2048, 1000.000000000000000 ) ;
#1525 = ORIENTED_EDGE ( 'NONE', *, *, #2413, .T. ) ;
#1526 = STYLED_ITEM ( 'NONE', ( #447 ), #822 ) ;
#1527 = VECTOR ( 'NONE', #2517, 1000.000000000000000 ) ;
#1528 = ORIENTED_EDGE ( 'NONE', *, *, #2315, .F. ) ;
#1529 = COLOUR_RGB ( '',0.7921568627450980005, 0.8196078431372548767, 0.9333333333333333481 ) ;
#1530 = LINE ( 'NONE', #1322, #476 ) ;
#1531 = VECTOR ( 'NONE', #579, 1000.000000000000000 ) ;
#1532 = VERTEX_POINT ( 'NONE', #1742 ) ;
#1533 = ORIENTED_EDGE ( 'NONE', *, *, #2090, .T. ) ;
#1534 = VECTOR ( 'NONE', #1, 1000.000000000000000 ) ;
#1535 = DIRECTION ( 'NONE',  ( 0.000000000000000000, 1.000000000000000000, 0.000000000000000000 ) ) ;
#1536 = CARTESIAN_POINT ( 'NONE',  ( -0.4999999999999979461, 2.520465053408526224, 0.08750000000000500433 ) ) ;
#1537 = ORIENTED_EDGE ( 'NONE', *, *, #2468, .T. ) ;
#1538 = STYLED_ITEM ( 'NONE', ( #179 ), #2780 ) ;
#1539 = EDGE_CURVE ( 'NONE', #216, #1403, #2368, .T. ) ;
#1540 = FACE_OUTER_BOUND ( 'NONE', #1297, .T. ) ;
#1541 = FACE_OUTER_BOUND ( 'NONE', #1182, .T. ) ;
#1542 = EDGE_LOOP ( 'NONE', ( #2624, #300, #1887, #1050 ) ) ;
#1543 = ADVANCED_FACE ( 'NONE', ( #1541 ), #1523, .F. ) ;
#1544 = CARTESIAN_POINT ( 'NONE',  ( -0.3207826455877751393, 0.3499999999999999778, -0.6032525216013043812 ) ) ;
#1545 = DIRECTION ( 'NONE',  ( -1.000000000000000000, 0.000000000000000000, 9.028841119882058191E-15 ) ) ;
#1546 = CARTESIAN_POINT ( 'NONE',  ( -0.5000000000000065503, 0.05000000000000012768, -0.6999999999999957367 ) ) ;
#1547 = PLANE ( 'NONE',  #1345 ) ;
#1548 = EDGE_LOOP ( 'NONE', ( #2208, #2633, #487, #1424 ) ) ;
#1549 = ORIENTED_EDGE ( 'NONE', *, *, #1430, .T. ) ;
#1550 = CARTESIAN_POINT ( 'NONE',  ( 0.5000000000000086597, 0.05000000000000012768, 0.6999999999999942935 ) ) ;
#1551 = CARTESIAN_POINT ( 'NONE',  ( -0.2000000000000031475, 0.04999999999999999584, -0.08749999999999828748 ) ) ;
#1552 = ORIENTED_EDGE ( 'NONE', *, *, #2456, .F. ) ;
#1553 = DIRECTION ( 'NONE',  ( 0.000000000000000000, 0.000000000000000000, 1.000000000000000000 ) ) ;
#1554 = DIRECTION ( 'NONE',  ( 0.000000000000000000, 1.000000000000000000, 0.000000000000000000 ) ) ;
#1555 = EDGE_CURVE ( 'NONE', #1928, #752, #376, .T. ) ;
#1556 = EDGE_LOOP ( 'NONE', ( #2338, #1984, #2177, #2782 ) ) ;
#1557 = CARTESIAN_POINT ( 'NONE',  ( -0.5000000000000058842, 0.1300000000000000044, -0.4374999999999955591 ) ) ;
#1558 = EDGE_CURVE ( 'NONE', #895, #989, #2120, .T. ) ;
#1559 = LINE ( 'NONE', #2477, #2425 ) ;
#1560 = CARTESIAN_POINT ( 'NONE',  ( 0.4999999999999967804, 2.520465053408526224, -0.4375000000000058287 ) ) ;
#1561 = DIRECTION ( 'NONE',  ( -1.000000000000000000, -0.000000000000000000, 1.047444401652940007E-14 ) ) ;
#1562 = ORIENTED_EDGE ( 'NONE', *, *, #849, .F. ) ;
#1563 = VERTEX_POINT ( 'NONE', #1794 ) ;
#1564 = FACE_OUTER_BOUND ( 'NONE', #1813, .T. ) ;
#1565 = PLANE ( 'NONE',  #2488 ) ;
#1566 = ORIENTED_EDGE ( 'NONE', *, *, #1023, .F. ) ;
#1567 = DIRECTION ( 'NONE',  ( 0.000000000000000000, 1.000000000000000000, 0.000000000000000000 ) ) ;
#1568 = CARTESIAN_POINT ( 'NONE',  ( -0.1000000000000069167, 0.1300000000000000044, -0.5374999999999990896 ) ) ;
#1569 = FILL_AREA_STYLE ('',( #1087 ) ) ;
#1570 = AXIS2_PLACEMENT_3D ( 'NONE', #736, #319, #306 ) ;
#1571 = PLANE ( 'NONE',  #1333 ) ;
#1572 = ADVANCED_FACE ( 'NONE', ( #2215 ), #1770, .F. ) ;
#1573 = AXIS2_PLACEMENT_3D ( 'NONE', #392, #1260, #2321 ) ;
#1574 = LINE ( 'NONE', #2403, #2524 ) ;
#1575 = LINE ( 'NONE', #2009, #2485 ) ;
#1576 = AXIS2_PLACEMENT_3D ( 'NONE', #2176, #1774, #694 ) ;
#1577 = EDGE_LOOP ( 'NONE', ( #1537, #2363, #1009, #36 ) ) ;
#1578 = EDGE_CURVE ( 'NONE', #229, #1643, #2684, .T. ) ;
#1579 = LINE ( 'NONE', #2394, #1385 ) ;
#1580 = DIRECTION ( 'NONE',  ( -1.000000000000000000, 0.000000000000000000, 1.192004691317674036E-14 ) ) ;
#1581 = VECTOR ( 'NONE', #2776, 1000.000000000000000 ) ;
#1582 = DIRECTION ( 'NONE',  ( 0.000000000000000000, -0.000000000000000000, -1.000000000000000000 ) ) ;
#1583 = ORIENTED_EDGE ( 'NONE', *, *, #2173, .F. ) ;
#1584 = VECTOR ( 'NONE', #923, 1000.000000000000000 ) ;
#1585 = CARTESIAN_POINT ( 'NONE',  ( -0.2000000000000007050, 0.1300000000000000044, 0.08750000000000189571 ) ) ;
#1586 = LINE ( 'NONE', #1827, #2480 ) ;
#1587 = VECTOR ( 'NONE', #2641, 1000.000000000000000 ) ;
#1588 = DIRECTION ( 'NONE',  ( 0.000000000000000000, -1.000000000000000000, 0.000000000000000000 ) ) ;
#1589 = DIRECTION ( 'NONE',  ( 1.047444401652940007E-14, -0.000000000000000000, 1.000000000000000000 ) ) ;
#1590 = CARTESIAN_POINT ( 'NONE',  ( 0.1999999999999986511, 0.4773110997362449703, -0.2625000000000022871 ) ) ;
#1591 = DIRECTION ( 'NONE',  ( 0.000000000000000000, 1.000000000000000000, 0.000000000000000000 ) ) ;
#1592 = EDGE_CURVE ( 'NONE', #1896, #2664, #707, .T. ) ;
#1593 = ORIENTED_EDGE ( 'NONE', *, *, #2417, .F. ) ;
#1594 = CARTESIAN_POINT ( 'NONE',  ( 0.4999999999999948930, 0.4773110997362449703, -0.6125000000000053735 ) ) ;
#1595 = CARTESIAN_POINT ( 'NONE',  ( 1.099816621735587165E-14, 0.000000000000000000, 0.6125000000000017097 ) ) ;
#1596 = EDGE_CURVE ( 'NONE', #2433, #2570, #1586, .T. ) ;
#1597 = EDGE_LOOP ( 'NONE', ( #415, #2763, #1738, #247 ) ) ;
#1598 = DIRECTION ( 'NONE',  ( 0.000000000000000000, 0.000000000000000000, 1.000000000000000000 ) ) ;
#1599 = FACE_OUTER_BOUND ( 'NONE', #2165, .T. ) ;
#1600 = CARTESIAN_POINT ( 'NONE',  ( 0.5000000000000022204, 0.4773110997362449703, 0.08749999999999456823 ) ) ;
#1601 = ORIENTED_EDGE ( 'NONE', *, *, #176, .T. ) ;
#1602 = DIRECTION ( 'NONE',  ( -1.000000000000000000, 0.000000000000000000, -0.000000000000000000 ) ) ;
#1603 = UNCERTAINTY_MEASURE_WITH_UNIT (LENGTH_MEASURE( 1.000000000000000082E-05 ), #342, 'distance_accuracy_value', 'NONE');
#1604 = CARTESIAN_POINT ( 'NONE',  ( 0.5000000000000086597, 0.4000000000000001332, 0.6999999999999967359 ) ) ;
#1605 = LINE ( 'NONE', #499, #530 ) ;
#1606 = ORIENTED_EDGE ( 'NONE', *, *, #1307, .F. ) ;
#1607 = LINE ( 'NONE', #83, #1624 ) ;
#1608 = CARTESIAN_POINT ( 'NONE',  ( 1.099816621735587165E-14, 0.1300000000000000044, 1.050000000000000044 ) ) ;
#1609 = CARTESIAN_POINT ( 'NONE',  ( -0.1750000000000068445, 0.05000000000000000278, -0.6124999999999976019 ) ) ;
#1610 = LINE ( 'NONE', #773, #1152 ) ;
#1611 = EDGE_CURVE ( 'NONE', #546, #658, #1130, .T. ) ;
#1612 = FILL_AREA_STYLE_COLOUR ( '', #1529 ) ;
#1613 = CARTESIAN_POINT ( 'NONE',  ( -0.5000000000000021094, 0.1299999999999999767, -0.2624999999999950151 ) ) ;
#1614 = ORIENTED_EDGE ( 'NONE', *, *, #1819, .F. ) ;
#1615 = EDGE_CURVE ( 'NONE', #954, #1522, #1331, .T. ) ;
#1616 = PLANE ( 'NONE',  #1929 ) ;
#1617 = FACE_OUTER_BOUND ( 'NONE', #2615, .T. ) ;
#1618 = VECTOR ( 'NONE', #2506, 1000.000000000000000 ) ;
#1619 = EDGE_LOOP ( 'NONE', ( #1237, #2263, #955, #1450 ) ) ;
#1620 = VECTOR ( 'NONE', #2406, 1000.000000000000000 ) ;
#1621 = LINE ( 'NONE', #301, #878 ) ;
#1622 = CARTESIAN_POINT ( 'NONE',  ( 0.2000000000000028699, 0.1300000000000000044, 0.08749999999999767686 ) ) ;
#1623 = SHAPE_DEFINITION_REPRESENTATION ( #2577, #790 ) ;
#1624 = VECTOR ( 'NONE', #1371, 1000.000000000000000 ) ;
#1625 = ORIENTED_EDGE ( 'NONE', *, *, #2545, .T. ) ;
#1626 = EDGE_LOOP ( 'NONE', ( #2682, #2420, #1824, #1652 ) ) ;
#1627 = VECTOR ( 'NONE', #641, 1000.000000000000000 ) ;
#1628 = PLANE ( 'NONE',  #58 ) ;
#1629 = CARTESIAN_POINT ( 'NONE',  ( -0.1999999999999970690, 0.1300000000000000044, 0.4375000000000018319 ) ) ;
#1630 = ORIENTED_EDGE ( 'NONE', *, *, #2642, .T. ) ;
#1631 = VECTOR ( 'NONE', #1641, 1000.000000000000000 ) ;
#1632 = EDGE_CURVE ( 'NONE', #390, #2588, #2004, .T. ) ;
#1633 = VECTOR ( 'NONE', #1681, 1000.000000000000000 ) ;
#1634 = CARTESIAN_POINT ( 'NONE',  ( 0.000000000000000000, 0.05000000000000000278, 0.6124999999999940492 ) ) ;
#1635 = EDGE_CURVE ( 'NONE', #1339, #2237, #57, .T. ) ;
#1636 = MECHANICAL_DESIGN_GEOMETRIC_PRESENTATION_REPRESENTATION (  '', ( #983 ), #1451 ) ;
#1637 = CARTESIAN_POINT ( 'NONE',  ( 0.2000000000000060063, 0.4773110997362449703, 0.4374999999999976130 ) ) ;
#1638 = LINE ( 'NONE', #2494, #584 ) ;
#1639 = ORIENTED_EDGE ( 'NONE', *, *, #2818, .F. ) ;
#1640 = CARTESIAN_POINT ( 'NONE',  ( -0.5000000000000058842, 0.1299999999999999767, -0.6124999999999949374 ) ) ;
#1641 = DIRECTION ( 'NONE',  ( 0.000000000000000000, 1.000000000000000000, 0.000000000000000000 ) ) ;
#1642 = ORIENTED_EDGE ( 'NONE', *, *, #604, .F. ) ;
#1643 = VERTEX_POINT ( 'NONE', #2627 ) ;
#1644 = CARTESIAN_POINT ( 'NONE',  ( -0.2000000000000027311, 0.1300000000000000044, -0.08749999999999828748 ) ) ;
#1645 = DIRECTION ( 'NONE',  ( 1.000000000000000000, -0.000000000000000000, 0.000000000000000000 ) ) ;
#1646 = ORIENTED_EDGE ( 'NONE', *, *, #1402, .T. ) ;
#1647 = CARTESIAN_POINT ( 'NONE',  ( 3.666055405785290023E-15, 0.000000000000000000, 0.3499999999999999778 ) ) ;
#1648 = ADVANCED_FACE ( 'NONE', ( #677 ), #1377, .T. ) ;
#1649 = PLANE ( 'NONE',  #239 ) ;
#1650 = EDGE_CURVE ( 'NONE', #745, #1049, #2228, .T. ) ;
#1651 = LINE ( 'NONE', #937, #1026 ) ;
#1652 = ORIENTED_EDGE ( 'NONE', *, *, #2381, .T. ) ;
#1653 = CARTESIAN_POINT ( 'NONE',  ( 0.5000000000000039968, 0.4773110997362449703, 0.2624999999999939049 ) ) ;
#1654 = DIRECTION ( 'NONE',  ( -0.000000000000000000, -1.000000000000000000, -0.000000000000000000 ) ) ;
#1655 = APPLICATION_PROTOCOL_DEFINITION ( 'draft international standard', 'automotive_design', 1998, #385 ) ;
#1656 = DIRECTION ( 'NONE',  ( -1.078421606581097254E-14, 0.000000000000000000, -1.000000000000000000 ) ) ;
#1657 = CARTESIAN_POINT ( 'NONE',  ( 0.1999999999999986511, 0.1300000000000000044, -0.2625000000000022871 ) ) ;
#1658 = ORIENTED_EDGE ( 'NONE', *, *, #1184, .T. ) ;
#1659 = DIRECTION ( 'NONE',  ( 0.000000000000000000, 1.000000000000000000, -0.000000000000000000 ) ) ;
#1660 = CARTESIAN_POINT ( 'NONE',  ( -0.4999999999999961142, 2.520465053408526224, 0.2625000000000046185 ) ) ;
#1661 = DIRECTION ( 'NONE',  ( 1.000000000000000000, -0.000000000000000000, -1.192004691317674036E-14 ) ) ;
#1662 = ORIENTED_EDGE ( 'NONE', *, *, #1028, .T. ) ;
#1663 = EDGE_CURVE ( 'NONE', #1390, #467, #451, .T. ) ;
#1664 = VECTOR ( 'NONE', #2202, 1000.000000000000000 ) ;
#1665 = LINE ( 'NONE', #2111, #2657 ) ;
#1666 = LINE ( 'NONE', #2278, #1859 ) ;
#1667 = VERTEX_POINT ( 'NONE', #1347 ) ;
#1668 = VECTOR ( 'NONE', #2761, 1000.000000000000000 ) ;
#1669 = ORIENTED_EDGE ( 'NONE', *, *, #1746, .T. ) ;
#1670 = EDGE_CURVE ( 'NONE', #2190, #2825, #231, .T. ) ;
#1671 = CARTESIAN_POINT ( 'NONE',  ( 0.2000000000000043687, 0.1300000000000000044, 0.2624999999999975686 ) ) ;
#1672 = DIRECTION ( 'NONE',  ( -1.000000000000000000, 0.000000000000000000, 9.028841119882058191E-15 ) ) ;
#1673 = VECTOR ( 'NONE', #1002, 1000.000000000000000 ) ;
#1674 = VERTEX_POINT ( 'NONE', #1810 ) ;
#1675 = VECTOR ( 'NONE', #274, 1000.000000000000000 ) ;
#1676 = CARTESIAN_POINT ( 'NONE',  ( -0.2000000000000006772, 0.05000000000000000971, 0.08750000000000270062 ) ) ;
#1677 = FILL_AREA_STYLE ('',( #792 ) ) ;
#1678 = CIRCLE ( 'NONE', #2028, 0.06095037913799421225 ) ;
#1679 = FACE_OUTER_BOUND ( 'NONE', #2335, .T. ) ;
#1680 = MECHANICAL_DESIGN_GEOMETRIC_PRESENTATION_REPRESENTATION (  '', ( #2534 ), #70 ) ;
#1681 = DIRECTION ( 'NONE',  ( -0.000000000000000000, -1.000000000000000000, 0.000000000000000000 ) ) ;
#1682 = STYLED_ITEM ( 'NONE', ( #1693 ), #2762 ) ;
#1683 = ORIENTED_EDGE ( 'NONE', *, *, #1168, .F. ) ;
#1684 = DIRECTION ( 'NONE',  ( 1.047444401652940007E-14, -0.000000000000000000, 1.000000000000000000 ) ) ;
#1685 = CARTESIAN_POINT ( 'NONE',  ( 0.4999999999999986122, 2.520465053408526224, -0.2625000000000055622 ) ) ;
#1686 = EDGE_CURVE ( 'NONE', #1941, #360, #2411, .T. ) ;
#1687 = VERTEX_POINT ( 'NONE', #903 ) ;
#1688 = EDGE_LOOP ( 'NONE', ( #2134, #1296, #517, #2322 ) ) ;
#1689 = DIRECTION ( 'NONE',  ( 0.000000000000000000, -0.000000000000000000, -1.000000000000000000 ) ) ;
#1690 = ADVANCED_FACE ( 'NONE', ( #1599 ), #1098, .T. ) ;
#1691 = ORIENTED_EDGE ( 'NONE', *, *, #405, .T. ) ;
#1692 = CARTESIAN_POINT ( 'NONE',  ( 1.099816621735587165E-14, 0.000000000000000000, 1.050000000000000044 ) ) ;
#1693 = PRESENTATION_STYLE_ASSIGNMENT (( #2536 ) ) ;
#1694 = CARTESIAN_POINT ( 'NONE',  ( 0.1999999999999986511, 0.1300000000000000044, -0.2625000000000022871 ) ) ;
#1695 = CARTESIAN_POINT ( 'NONE',  ( 0.2000000000000043687, 0.1300000000000000044, 0.2624999999999975686 ) ) ;
#1696 = ORIENTED_EDGE ( 'NONE', *, *, #2701, .F. ) ;
#1697 = DIRECTION ( 'NONE',  ( -0.000000000000000000, 0.000000000000000000, 1.000000000000000000 ) ) ;
#1698 = DIRECTION ( 'NONE',  ( -1.000000000000000000, 0.000000000000000000, 1.047444401652940007E-14 ) ) ;
#1699 = ORIENTED_EDGE ( 'NONE', *, *, #1304, .T. ) ;
#1700 = FILL_AREA_STYLE_COLOUR ( '', #2250 ) ;
#1701 = ORIENTED_EDGE ( 'NONE', *, *, #1458, .F. ) ;
#1702 = EDGE_CURVE ( 'NONE', #1324, #2565, #1782, .T. ) ;
#1703 = FACE_OUTER_BOUND ( 'NONE', #761, .T. ) ;
#1704 = EDGE_CURVE ( 'NONE', #1731, #1344, #944, .T. ) ;
#1705 = CARTESIAN_POINT ( 'NONE',  ( 0.4999999999999948930, 0.1300000000000000044, -0.6125000000000045963 ) ) ;
#1706 = EDGE_LOOP ( 'NONE', ( #142, #145, #1528, #2126 ) ) ;
#1707 = DIRECTION ( 'NONE',  ( -1.000000000000000000, -0.000000000000000000, -0.000000000000000000 ) ) ;
#1708 = CARTESIAN_POINT ( 'NONE',  ( -0.5000000000000055511, 2.520465053408526224, -0.6124999999999949374 ) ) ;
#1709 = ORIENTED_EDGE ( 'NONE', *, *, #1922, .T. ) ;
#1710 = CARTESIAN_POINT ( 'NONE',  ( -0.3207826455877751393, 0.3499999999999999778, -0.5423021424633100995 ) ) ;
#1711 = SURFACE_SIDE_STYLE ('',( #639 ) ) ;
#1712 = AXIS2_PLACEMENT_3D ( 'NONE', #1446, #1460, #2302 ) ;
#1713 = VERTEX_POINT ( 'NONE', #734 ) ;
#1714 = MECHANICAL_DESIGN_GEOMETRIC_PRESENTATION_REPRESENTATION (  '', ( #750 ), #1486 ) ;
#1715 = DIRECTION ( 'NONE',  ( 0.000000000000000000, 1.000000000000000000, -0.000000000000000000 ) ) ;
#1716 = SURFACE_SIDE_STYLE ('',( #2105 ) ) ;
#1717 = EDGE_CURVE ( 'NONE', #509, #1847, #1318, .T. ) ;
#1718 = VECTOR ( 'NONE', #2616, 1000.000000000000000 ) ;
#1719 = AXIS2_PLACEMENT_3D ( 'NONE', #321, #1591, #1459 ) ;
#1720 = FACE_OUTER_BOUND ( 'NONE', #1476, .T. ) ;
#1721 = EDGE_CURVE ( 'NONE', #2708, #1792, #16, .T. ) ;
#1722 = AXIS2_PLACEMENT_3D ( 'NONE', #2098, #1698, #1494 ) ;
#1723 = ORIENTED_EDGE ( 'NONE', *, *, #748, .T. ) ;
#1724 = DIRECTION ( 'NONE',  ( 1.047444401652940007E-14, 0.000000000000000000, 1.000000000000000000 ) ) ;
#1725 = LINE ( 'NONE', #608, #663 ) ;
#1726 = VECTOR ( 'NONE', #780, 1000.000000000000000 ) ;
#1727 = ORIENTED_EDGE ( 'NONE', *, *, #1919, .F. ) ;
#1728 = ORIENTED_EDGE ( 'NONE', *, *, #2580, .F. ) ;
#1729 = LINE ( 'NONE', #417, #2245 ) ;
#1730 = CARTESIAN_POINT ( 'NONE',  ( 3.666055405785290023E-15, 0.000000000000000000, -0.08750000000000250633 ) ) ;
#1731 = VERTEX_POINT ( 'NONE', #2487 ) ;
#1732 = CARTESIAN_POINT ( 'NONE',  ( 0.1999999999999960143, 0.1300000000000000044, -0.4375000000000024980 ) ) ;
#1733 = EDGE_CURVE ( 'NONE', #2103, #307, #2730, .T. ) ;
#1734 = LINE ( 'NONE', #2414, #1397 ) ;
#1735 = EDGE_CURVE ( 'NONE', #2168, #304, #1173, .T. ) ;
#1736 = CARTESIAN_POINT ( 'NONE',  ( -0.1750000000000068445, -2.710505431213761085E-17, -0.6124999999999976019 ) ) ;
#1737 = DIRECTION ( 'NONE',  ( -1.171353221365569152E-14, 0.000000000000000000, -1.000000000000000000 ) ) ;
#1738 = ORIENTED_EDGE ( 'NONE', *, *, #2246, .T. ) ;
#1739 = ORIENTED_EDGE ( 'NONE', *, *, #2192, .T. ) ;
#1740 = DIRECTION ( 'NONE',  ( -9.235355819403108608E-15, -0.000000000000000000, -1.000000000000000000 ) ) ;
#1741 = ORIENTED_EDGE ( 'NONE', *, *, #1686, .T. ) ;
#1742 = CARTESIAN_POINT ( 'NONE',  ( -0.5000000000000034417, 0.1300000000000000044, -0.2624999999999949596 ) ) ;
#1743 = DIRECTION ( 'NONE',  ( -1.000000000000000000, 0.000000000000000000, -0.000000000000000000 ) ) ;
#1744 = ORIENTED_EDGE ( 'NONE', *, *, #2559, .F. ) ;
#1745 = DIRECTION ( 'NONE',  ( 1.047444401652940007E-14, 0.000000000000000000, 1.000000000000000000 ) ) ;
#1746 = EDGE_CURVE ( 'NONE', #1748, #139, #120, .T. ) ;
#1747 = VERTEX_POINT ( 'NONE', #537 ) ;
#1748 = VERTEX_POINT ( 'NONE', #349 ) ;
#1749 = DIRECTION ( 'NONE',  ( 1.000000000000000000, -0.000000000000000000, 0.000000000000000000 ) ) ;
#1750 = EDGE_CURVE ( 'NONE', #1469, #127, #2697, .T. ) ;
#1751 = EDGE_LOOP ( 'NONE', ( #1766, #81, #104, #2067 ) ) ;
#1752 = LINE ( 'NONE', #273, #1893 ) ;
#1753 = CYLINDRICAL_SURFACE ( 'NONE', #17, 0.06095037913799421225 ) ;
#1754 = CLOSED_SHELL ( 'NONE', ( #2093, #2611, #1125, #2158, #43, #1093 ) ) ;
#1755 = ORIENTED_EDGE ( 'NONE', *, *, #2510, .F. ) ;
#1756 = LINE ( 'NONE', #2386, #251 ) ;
#1757 = VECTOR ( 'NONE', #1336, 1000.000000000000114 ) ;
#1758 = VECTOR ( 'NONE', #2034, 1000.000000000000000 ) ;
#1759 = LINE ( 'NONE', #644, #793 ) ;
#1760 = AXIS2_PLACEMENT_3D ( 'NONE', #1008, #171, #1737 ) ;
#1761 = ORIENTED_EDGE ( 'NONE', *, *, #312, .T. ) ;
#1762 = VECTOR ( 'NONE', #1222, 1000.000000000000000 ) ;
#1763 = SURFACE_SIDE_STYLE ('',( #1998 ) ) ;
#1764 = ADVANCED_FACE ( 'NONE', ( #957 ), #2515, .T. ) ;
#1765 = LINE ( 'NONE', #898, #1396 ) ;
#1766 = ORIENTED_EDGE ( 'NONE', *, *, #2580, .T. ) ;
#1767 = MECHANICAL_DESIGN_GEOMETRIC_PRESENTATION_REPRESENTATION (  '', ( #1538 ), #1029 ) ;
#1768 = LINE ( 'NONE', #2669, #2750 ) ;
#1769 = ADVANCED_FACE ( 'NONE', ( #1440 ), #2102, .F. ) ;
#1770 = PLANE ( 'NONE',  #1062 ) ;
#1771 = CARTESIAN_POINT ( 'NONE',  ( 0.5000000000000039968, 0.000000000000000000, 0.2624999999999949041 ) ) ;
#1772 = UNCERTAINTY_MEASURE_WITH_UNIT (LENGTH_MEASURE( 1.000000000000000082E-05 ), #2459, 'distance_accuracy_value', 'NONE');
#1773 = VERTEX_POINT ( 'NONE', #1217 ) ;
#1774 = DIRECTION ( 'NONE',  ( 1.047444401652940007E-14, -0.000000000000000000, 1.000000000000000000 ) ) ;
#1775 = EDGE_LOOP ( 'NONE', ( #2602, #1417, #2728, #2637 ) ) ;
#1776 = ORIENTED_EDGE ( 'NONE', *, *, #2451, .F. ) ;
#1777 = SURFACE_SIDE_STYLE ('',( #268 ) ) ;
#1778 = LINE ( 'NONE', #2649, #1068 ) ;
#1779 = LINE ( 'NONE', #39, #1903 ) ;
#1780 = VERTEX_POINT ( 'NONE', #1839 ) ;
#1781 = DIRECTION ( 'NONE',  ( -1.047444401652940007E-14, 0.000000000000000000, -1.000000000000000000 ) ) ;
#1782 = LINE ( 'NONE', #2197, #340 ) ;
#1783 = ADVANCED_FACE ( 'NONE', ( #318 ), #1186, .F. ) ;
#1784 = MANIFOLD_SOLID_BREP ( 'LPattern3[5]', #332 ) ;
#1785 = DIRECTION ( 'NONE',  ( 0.000000000000000000, 0.000000000000000000, 1.000000000000000000 ) ) ;
#1786 = EDGE_CURVE ( 'NONE', #307, #1280, #970, .T. ) ;
#1787 = DIRECTION ( 'NONE',  ( 0.000000000000000000, -1.000000000000000000, 0.000000000000000000 ) ) ;
#1788 = LINE ( 'NONE', #2645, #1757 ) ;
#1789 = CARTESIAN_POINT ( 'NONE',  ( -0.3207826455877751393, 0.3499999999999999778, -0.6032525216013043812 ) ) ;
#1790 = ORIENTED_EDGE ( 'NONE', *, *, #30, .F. ) ;
#1791 = DIRECTION ( 'NONE',  ( -1.171353221365569310E-14, 0.000000000000000000, -1.000000000000000000 ) ) ;
#1792 = VERTEX_POINT ( 'NONE', #2088 ) ;
#1793 = LINE ( 'NONE', #912, #699 ) ;
#1794 = CARTESIAN_POINT ( 'NONE',  ( 0.1999999999999992339, 0.1300000000000000044, -0.2625000000000022871 ) ) ;
#1795 = CARTESIAN_POINT ( 'NONE',  ( -0.1999999999999994282, 0.1300000000000000044, 0.2625000000000017319 ) ) ;
#1796 = CIRCLE ( 'NONE', #567, 0.06095037913799426776 ) ;
#1797 = EDGE_CURVE ( 'NONE', #471, #2242, #1052, .T. ) ;
#1798 = VECTOR ( 'NONE', #1656, 1000.000000000000000 ) ;
#1799 = CARTESIAN_POINT ( 'NONE',  ( 0.1999999999999970690, 0.05000000000000000971, -0.4375000000000034417 ) ) ;
#1800 = AXIS2_PLACEMENT_3D ( 'NONE', #485, #265, #2808 ) ;
#1801 = DIRECTION ( 'NONE',  ( -1.078421606581097254E-14, 0.000000000000000000, -1.000000000000000000 ) ) ;
#1802 = ADVANCED_FACE ( 'NONE', ( #2117 ), #162, .F. ) ;
#1803 = PRESENTATION_LAYER_ASSIGNMENT (  '', '', ( #1443 ) ) ;
#1804 = ORIENTED_EDGE ( 'NONE', *, *, #975, .F. ) ;
#1805 = CARTESIAN_POINT ( 'NONE',  ( 7.332110811570580046E-15, 0.000000000000000000, 0.08750000000000500433 ) ) ;
#1806 = CARTESIAN_POINT ( 'NONE',  ( 0.2000000000000080602, 0.1300000000000000044, 0.6124999999999976019 ) ) ;
#1807 = VECTOR ( 'NONE', #2622, 1000.000000000000000 ) ;
#1808 = ORIENTED_EDGE ( 'NONE', *, *, #691, .T. ) ;
#1809 = DIRECTION ( 'NONE',  ( -1.000000000000000000, 0.000000000000000000, 9.028841119882058191E-15 ) ) ;
#1810 = CARTESIAN_POINT ( 'NONE',  ( 0.4999999999999986122, 0.1300000000000000044, -0.2625000000000046185 ) ) ;
#1811 = COLOUR_RGB ( '',0.7921568627450980005, 0.8196078431372548767, 0.9333333333333333481 ) ;
#1812 = CARTESIAN_POINT ( 'NONE',  ( 0.5000000000000086597, 0.05000000000000006523, 0.6999999999999992895 ) ) ;
#1813 = EDGE_LOOP ( 'NONE', ( #2601, #1761, #2452, #2724 ) ) ;
#1814 =( GEOMETRIC_REPRESENTATION_CONTEXT ( 3 ) GLOBAL_UNCERTAINTY_ASSIGNED_CONTEXT ( ( #1100 ) ) GLOBAL_UNIT_ASSIGNED_CONTEXT ( ( #167, #1263, #353 ) ) REPRESENTATION_CONTEXT ( 'NONE', 'WORKASPACE' ) );
#1815 = CARTESIAN_POINT ( 'NONE',  ( 0.4999999999999954481, 0.000000000000000000, -0.6125000000000053735 ) ) ;
#1816 = DIRECTION ( 'NONE',  ( 0.000000000000000000, -1.000000000000000000, 0.000000000000000000 ) ) ;
#1817 = MANIFOLD_SOLID_BREP ( 'Boss-Extrude2[1]', #1975 ) ;
#1818 = ORIENTED_EDGE ( 'NONE', *, *, #1201, .F. ) ;
#1819 = EDGE_CURVE ( 'NONE', #745, #479, #2155, .T. ) ;
#1820 = CARTESIAN_POINT ( 'NONE',  ( 0.5000000000000076605, 0.1300000000000000044, 0.6124999999999940492 ) ) ;
#1821 = DIRECTION ( 'NONE',  ( 1.000000000000000000, -0.000000000000000000, 0.000000000000000000 ) ) ;
#1822 =( NAMED_UNIT ( * ) SI_UNIT ( $, .STERADIAN. ) SOLID_ANGLE_UNIT ( ) );
#1823 = VERTEX_POINT ( 'NONE', #1083 ) ;
#1824 = ORIENTED_EDGE ( 'NONE', *, *, #154, .T. ) ;
#1825 = EDGE_CURVE ( 'NONE', #752, #522, #1498, .T. ) ;
#1826 = CARTESIAN_POINT ( 'NONE',  ( -0.5000000000000058842, 0.4773110997362449703, -0.4374999999999953371 ) ) ;
#1827 = CARTESIAN_POINT ( 'NONE',  ( 0.5000000000000086597, 0.05000000000000012768, 0.6999999999999942935 ) ) ;
#1828 = PLANE ( 'NONE',  #1150 ) ;
#1829 = ORIENTED_EDGE ( 'NONE', *, *, #807, .F. ) ;
#1830 = DIRECTION ( 'NONE',  ( 0.000000000000000000, -1.000000000000000000, 0.000000000000000000 ) ) ;
#1831 = LINE ( 'NONE', #1401, #667 ) ;
#1832 = ORIENTED_EDGE ( 'NONE', *, *, #1105, .F. ) ;
#1833 = DIRECTION ( 'NONE',  ( -1.047444401652940007E-14, 0.000000000000000000, -1.000000000000000000 ) ) ;
#1834 = PLANE ( 'NONE',  #1295 ) ;
#1835 = ADVANCED_FACE ( 'NONE', ( #2784 ), #806, .T. ) ;
#1836 = ORIENTED_EDGE ( 'NONE', *, *, #2628, .F. ) ;
#1837 = ORIENTED_EDGE ( 'NONE', *, *, #234, .T. ) ;
#1838 = FACE_OUTER_BOUND ( 'NONE', #942, .T. ) ;
#1839 = CARTESIAN_POINT ( 'NONE',  ( 0.5000000000000063283, 0.1299999999999999489, 0.4374999999999945599 ) ) ;
#1840 = EDGE_CURVE ( 'NONE', #1469, #1454, #407, .T. ) ;
#1841 = LINE ( 'NONE', #958, #1056 ) ;
#1842 = ORIENTED_EDGE ( 'NONE', *, *, #2042, .T. ) ;
#1843 = FACE_OUTER_BOUND ( 'NONE', #1876, .T. ) ;
#1844 = LINE ( 'NONE', #498, #54 ) ;
#1845 = FACE_OUTER_BOUND ( 'NONE', #1389, .T. ) ;
#1846 = CIRCLE ( 'NONE', #787, 0.06095037913799426776 ) ;
#1847 = VERTEX_POINT ( 'NONE', #374 ) ;
#1848 = VECTOR ( 'NONE', #1040, 1000.000000000000000 ) ;
#1849 = LINE ( 'NONE', #313, #1978 ) ;
#1850 = PLANE ( 'NONE',  #2163 ) ;
#1851 = AXIS2_PLACEMENT_3D ( 'NONE', #211, #1996, #1293 ) ;
#1852 = ORIENTED_EDGE ( 'NONE', *, *, #1268, .T. ) ;
#1853 = EDGE_CURVE ( 'NONE', #1384, #333, #2824, .T. ) ;
#1854 = VECTOR ( 'NONE', #1974, 1000.000000000000000 ) ;
#1855 = DIRECTION ( 'NONE',  ( 1.000000000000000000, 0.000000000000000000, -1.047444401652940007E-14 ) ) ;
#1856 = CARTESIAN_POINT ( 'NONE',  ( 0.000000000000000000, 0.000000000000000000, -0.6124999999999949374 ) ) ;
#1857 = DIRECTION ( 'NONE',  ( -0.000000000000000000, -1.000000000000000000, -0.000000000000000000 ) ) ;
#1858 = ORIENTED_EDGE ( 'NONE', *, *, #87, .T. ) ;
#1859 = VECTOR ( 'NONE', #1821, 1000.000000000000000 ) ;
#1860 = ADVANCED_FACE ( 'NONE', ( #1095 ), #1356, .F. ) ;
#1861 = DIRECTION ( 'NONE',  ( 0.000000000000000000, -0.000000000000000000, -1.000000000000000000 ) ) ;
#1862 = AXIS2_PLACEMENT_3D ( 'NONE', #2508, #1816, #511 ) ;
#1863 = PLANE ( 'NONE',  #2792 ) ;
#1864 = CARTESIAN_POINT ( 'NONE',  ( -0.4999999999999937272, 0.05000000000000003747, 0.6125000000000031530 ) ) ;
#1865 = ORIENTED_EDGE ( 'NONE', *, *, #2221, .F. ) ;
#1866 = PLANE ( 'NONE',  #974 ) ;
#1867 = DIRECTION ( 'NONE',  ( 0.000000000000000000, 1.000000000000000000, -0.000000000000000000 ) ) ;
#1868 = DIRECTION ( 'NONE',  ( -1.078421606581097254E-14, 0.000000000000000000, -1.000000000000000000 ) ) ;
#1869 =( NAMED_UNIT ( * ) PLANE_ANGLE_UNIT ( ) SI_UNIT ( $, .RADIAN. ) );
#1870 = ORIENTED_EDGE ( 'NONE', *, *, #849, .T. ) ;
#1871 = DIRECTION ( 'NONE',  ( 0.000000000000000000, 0.000000000000000000, -1.000000000000000000 ) ) ;
#1872 = ADVANCED_FACE ( 'NONE', ( #283 ), #269, .T. ) ;
#1873 = CARTESIAN_POINT ( 'NONE',  ( 0.5000000000000058842, 0.1300000000000000044, 0.4374999999999952816 ) ) ;
#1874 = CARTESIAN_POINT ( 'NONE',  ( -0.1999999999999953482, 0.4773110997362449703, 0.6125000000000017097 ) ) ;
#1875 = EDGE_CURVE ( 'NONE', #2516, #1339, #51, .T. ) ;
#1876 = EDGE_LOOP ( 'NONE', ( #1852, #13, #829, #458 ) ) ;
#1877 = CARTESIAN_POINT ( 'NONE',  ( -0.4999999999999926170, 2.520465053408526224, 0.7000000000000045075 ) ) ;
#1878 = LINE ( 'NONE', #1453, #2342 ) ;
#1879 = VERTEX_POINT ( 'NONE', #2222 ) ;
#1880 = DIRECTION ( 'NONE',  ( -9.028841119882058191E-15, 0.000000000000000000, -1.000000000000000000 ) ) ;
#1881 = DIRECTION ( 'NONE',  ( 0.000000000000000000, 1.000000000000000000, 0.000000000000000000 ) ) ;
#1882 = ORIENTED_EDGE ( 'NONE', *, *, #2362, .F. ) ;
#1883 = DIRECTION ( 'NONE',  ( 0.000000000000000000, 1.000000000000000000, 0.000000000000000000 ) ) ;
#1884 = CARTESIAN_POINT ( 'NONE',  ( -0.1999999999999990952, 0.1300000000000000044, 0.2625000000000017319 ) ) ;
#1885 = ADVANCED_FACE ( 'NONE', ( #474 ), #2194, .F. ) ;
#1886 = FACE_OUTER_BOUND ( 'NONE', #95, .T. ) ;
#1887 = ORIENTED_EDGE ( 'NONE', *, *, #1268, .F. ) ;
#1888 = EDGE_CURVE ( 'NONE', #330, #1532, #1314, .T. ) ;
#1889 = AXIS2_PLACEMENT_3D ( 'NONE', #368, #556, #2326 ) ;
#1890 = LINE ( 'NONE', #371, #2705 ) ;
#1891 = FACE_OUTER_BOUND ( 'NONE', #1442, .T. ) ;
#1892 = ORIENTED_EDGE ( 'NONE', *, *, #615, .F. ) ;
#1893 = VECTOR ( 'NONE', #1567, 1000.000000000000000 ) ;
#1894 = ORIENTED_EDGE ( 'NONE', *, *, #604, .T. ) ;
#1895 = AXIS2_PLACEMENT_3D ( 'NONE', #1692, #1659, #2271 ) ;
#1896 = VERTEX_POINT ( 'NONE', #448 ) ;
#1897 = VECTOR ( 'NONE', #2354, 1000.000000000000000 ) ;
#1898 = DIRECTION ( 'NONE',  ( 1.000000000000000000, 0.000000000000000000, -1.047444401652940007E-14 ) ) ;
#1899 = AXIS2_PLACEMENT_3D ( 'NONE', #1608, #2512, #2044 ) ;
#1900 = CARTESIAN_POINT ( 'NONE',  ( -0.1999999999999954037, 0.1300000000000000044, 0.6125000000000017097 ) ) ;
#1901 = VECTOR ( 'NONE', #1956, 1000.000000000000000 ) ;
#1902 = CARTESIAN_POINT ( 'NONE',  ( -0.2000000000000043687, 0.1300000000000000044, -0.2624999999999973466 ) ) ;
#1903 = VECTOR ( 'NONE', #1112, 1000.000000000000000 ) ;
#1904 = ORIENTED_EDGE ( 'NONE', *, *, #2162, .F. ) ;
#1905 = PLANE ( 'NONE',  #2159 ) ;
#1906 = DIRECTION ( 'NONE',  ( -1.000000000000000000, 0.000000000000000000, 9.235355819403108608E-15 ) ) ;
#1907 = EDGE_CURVE ( 'NONE', #326, #1108, #1765, .T. ) ;
#1908 = ORIENTED_EDGE ( 'NONE', *, *, #1146, .T. ) ;
#1909 = LINE ( 'NONE', #200, #2114 ) ;
#1910 = EDGE_CURVE ( 'NONE', #127, #1941, #1138, .T. ) ;
#1911 = VERTEX_POINT ( 'NONE', #687 ) ;
#1912 = CARTESIAN_POINT ( 'NONE',  ( -0.1999999999999970690, 0.1300000000000000044, 0.4375000000000018319 ) ) ;
#1913 = CARTESIAN_POINT ( 'NONE',  ( 0.5000000000000058842, 0.05000000000000003053, 0.4374999999999952816 ) ) ;
#1914 = VERTEX_POINT ( 'NONE', #1551 ) ;
#1915 = DIRECTION ( 'NONE',  ( 0.000000000000000000, 0.000000000000000000, 1.000000000000000000 ) ) ;
#1916 = CARTESIAN_POINT ( 'NONE',  ( 0.2000000000000007050, 0.4773110997362449703, -0.08750000000000249245 ) ) ;
#1917 = ORIENTED_EDGE ( 'NONE', *, *, #2805, .T. ) ;
#1918 = CARTESIAN_POINT ( 'NONE',  ( 0.4999999999999963363, 0.1300000000000000044, -0.4375000000000061062 ) ) ;
#1919 = EDGE_CURVE ( 'NONE', #2409, #6, #9, .T. ) ;
#1920 = CARTESIAN_POINT ( 'NONE',  ( -0.1000000000000069167, 0.1300000000000000044, 0.000000000000000000 ) ) ;
#1921 = ORIENTED_EDGE ( 'NONE', *, *, #1488, .T. ) ;
#1922 = EDGE_CURVE ( 'NONE', #1643, #2570, #2437, .T. ) ;
#1923 = DIRECTION ( 'NONE',  ( -1.000000000000000000, 0.000000000000000000, -0.000000000000000000 ) ) ;
#1924 = CARTESIAN_POINT ( 'NONE',  ( -0.1999999999999970413, 0.4773110997362449703, 0.4375000000000018319 ) ) ;
#1925 = DIRECTION ( 'NONE',  ( 0.000000000000000000, -0.000000000000000000, -1.000000000000000000 ) ) ;
#1926 = LINE ( 'NONE', #595, #2122 ) ;
#1927 = EDGE_LOOP ( 'NONE', ( #2462, #1127, #85, #1438, #2279 ) ) ;
#1928 = VERTEX_POINT ( 'NONE', #257 ) ;
#1929 = AXIS2_PLACEMENT_3D ( 'NONE', #2231, #1177, #1381 ) ;
#1930 = DIRECTION ( 'NONE',  ( 0.000000000000000000, 0.000000000000000000, 1.000000000000000000 ) ) ;
#1931 = VECTOR ( 'NONE', #2441, 1000.000000000000000 ) ;
#1932 = EDGE_LOOP ( 'NONE', ( #2444, #1291, #2693, #2807 ) ) ;
#1933 = EDGE_CURVE ( 'NONE', #2599, #2168, #2635, .T. ) ;
#1934 = VECTOR ( 'NONE', #1097, 1000.000000000000000 ) ;
#1935 = LINE ( 'NONE', #1286, #1391 ) ;
#1936 = VECTOR ( 'NONE', #443, 1000.000000000000000 ) ;
#1937 = EDGE_CURVE ( 'NONE', #2599, #1390, #2604, .T. ) ;
#1938 = AXIS2_PLACEMENT_3D ( 'NONE', #2060, #362, #1672 ) ;
#1939 = CARTESIAN_POINT ( 'NONE',  ( 0.5000000000000004441, 0.1300000000000000044, -0.08750000000000605904 ) ) ;
#1940 = AXIS2_PLACEMENT_3D ( 'NONE', #2027, #1867, #1387 ) ;
#1941 = VERTEX_POINT ( 'NONE', #1110 ) ;
#1942 = LINE ( 'NONE', #456, #2201 ) ;
#1943 = CARTESIAN_POINT ( 'NONE',  ( 0.2000000000000028422, 0.04999999999999999584, 0.08749999999999767686 ) ) ;
#1944 = PRESENTATION_LAYER_ASSIGNMENT (  '', '', ( #1164 ) ) ;
#1945 = ORIENTED_EDGE ( 'NONE', *, *, #2492, .F. ) ;
#1946 = VERTEX_POINT ( 'NONE', #1999 ) ;
#1947 = DIRECTION ( 'NONE',  ( 0.000000000000000000, -1.000000000000000000, 0.000000000000000000 ) ) ;
#1948 = ORIENTED_EDGE ( 'NONE', *, *, #436, .T. ) ;
#1949 = CARTESIAN_POINT ( 'NONE',  ( 0.5000000000000041078, 2.520465053408526224, 0.2624999999999941269 ) ) ;
#1950 = EDGE_LOOP ( 'NONE', ( #2191, #1349, #900, #1639 ) ) ;
#1951 = EDGE_CURVE ( 'NONE', #2504, #2677, #1154, .T. ) ;
#1952 = CARTESIAN_POINT ( 'NONE',  ( -0.1000000000000058759, 0.1300000000000000044, -0.4374999999999992228 ) ) ;
#1953 = ORIENTED_EDGE ( 'NONE', *, *, #2680, .F. ) ;
#1954 = CARTESIAN_POINT ( 'NONE',  ( -0.2000000000000007050, 0.4773110997362449703, 0.08750000000000190958 ) ) ;
#1955 = EDGE_CURVE ( 'NONE', #270, #2785, #1778, .T. ) ;
#1956 = DIRECTION ( 'NONE',  ( -9.235355819403108608E-15, -0.000000000000000000, -1.000000000000000000 ) ) ;
#1957 = ORIENTED_EDGE ( 'NONE', *, *, #748, .F. ) ;
#1958 = ORIENTED_EDGE ( 'NONE', *, *, #1663, .T. ) ;
#1959 = CARTESIAN_POINT ( 'NONE',  ( -0.1000000000000061257, 0.1300000000000000044, -0.4374999999999992228 ) ) ;
#1960 = DIRECTION ( 'NONE',  ( 0.000000000000000000, 0.000000000000000000, 1.000000000000000000 ) ) ;
#1961 = VERTEX_POINT ( 'NONE', #489 ) ;
#1962 = DIRECTION ( 'NONE',  ( 1.047444401652940007E-14, -0.000000000000000000, 1.000000000000000000 ) ) ;
#1963 = FACE_OUTER_BOUND ( 'NONE', #2030, .T. ) ;
#1964 = ADVANCED_FACE ( 'NONE', ( #1564 ), #910, .T. ) ;
#1965 = FACE_OUTER_BOUND ( 'NONE', #1775, .T. ) ;
#1966 = ORIENTED_EDGE ( 'NONE', *, *, #2261, .F. ) ;
#1967 = ORIENTED_EDGE ( 'NONE', *, *, #1254, .T. ) ;
#1968 = EDGE_CURVE ( 'NONE', #6, #2516, #2666, .T. ) ;
#1969 = FACE_OUTER_BOUND ( 'NONE', #854, .T. ) ;
#1970 = DIRECTION ( 'NONE',  ( 1.000000000000000000, 0.000000000000000000, -1.047444401652940007E-14 ) ) ;
#1971 = FACE_OUTER_BOUND ( 'NONE', #553, .T. ) ;
#1972 = ORIENTED_EDGE ( 'NONE', *, *, #1922, .F. ) ;
#1973 = CARTESIAN_POINT ( 'NONE',  ( 0.5000000000000004441, 0.000000000000000000, -0.08750000000000514311 ) ) ;
#1974 = DIRECTION ( 'NONE',  ( 1.000000000000000000, -0.000000000000000000, -1.192004691317674036E-14 ) ) ;
#1975 = CLOSED_SHELL ( 'NONE', ( #1456, #1042, #1543, #2280, #1273, #1769 ) ) ;
#1976 = COLOUR_RGB ( '',0.7921568627450980005, 0.8196078431372548767, 0.9333333333333333481 ) ;
#1977 = CARTESIAN_POINT ( 'NONE',  ( -0.4999999999999948930, 0.4773110997362449703, 0.6125000000000043743 ) ) ;
#1978 = VECTOR ( 'NONE', #2084, 1000.000000000000000 ) ;
#1979 = ORIENTED_EDGE ( 'NONE', *, *, #2312, .T. ) ;
#1980 = VECTOR ( 'NONE', #76, 1000.000000000000000 ) ;
#1981 = PLANE ( 'NONE',  #1576 ) ;
#1982 = AXIS2_PLACEMENT_3D ( 'NONE', #828, #1283, #1689 ) ;
#1983 = ORIENTED_EDGE ( 'NONE', *, *, #2718, .T. ) ;
#1984 = ORIENTED_EDGE ( 'NONE', *, *, #1840, .F. ) ;
#1985 = VECTOR ( 'NONE', #4, 1000.000000000000000 ) ;
#1986 = CARTESIAN_POINT ( 'NONE',  ( -0.2000000000000080602, 0.4773110997362449703, -0.6124999999999981570 ) ) ;
#1987 = CARTESIAN_POINT ( 'NONE',  ( 0.000000000000000000, 0.000000000000000000, 0.000000000000000000 ) ) ;
#1988 = EDGE_CURVE ( 'NONE', #1713, #745, #952, .T. ) ;
#1989 = VERTEX_POINT ( 'NONE', #84 ) ;
#1990 = CARTESIAN_POINT ( 'NONE',  ( 0.5000000000000022204, 0.05000000000000003747, 0.08749999999999613642 ) ) ;
#1991 = DIRECTION ( 'NONE',  ( 0.000000000000000000, 1.000000000000000000, -0.000000000000000000 ) ) ;
#1992 = EDGE_CURVE ( 'NONE', #2785, #28, #997, .T. ) ;
#1993 = VERTEX_POINT ( 'NONE', #762 ) ;
#1994 = DIRECTION ( 'NONE',  ( 1.047444401652940007E-14, 0.000000000000000000, 1.000000000000000000 ) ) ;
#1995 = CARTESIAN_POINT ( 'NONE',  ( -0.3207826455877751393, 0.4000000000000000222, -0.5423021424633100995 ) ) ;
#1996 = DIRECTION ( 'NONE',  ( -1.000000000000000000, 0.000000000000000000, 1.047444401652940007E-14 ) ) ;
#1997 = ORIENTED_EDGE ( 'NONE', *, *, #992, .T. ) ;
#1998 = SURFACE_STYLE_FILL_AREA ( #2648 ) ;
#1999 = CARTESIAN_POINT ( 'NONE',  ( -0.5000000000000000000, 0.1300000000000000044, 0.08750000000000505984 ) ) ;
#2000 = CARTESIAN_POINT ( 'NONE',  ( 0.2000000000000043687, 0.4773110997362449703, 0.2624999999999975686 ) ) ;
#2001 = ORIENTED_EDGE ( 'NONE', *, *, #1146, .F. ) ;
#2002 = EDGE_CURVE ( 'NONE', #2553, #1961, #2710, .T. ) ;
#2003 = CARTESIAN_POINT ( 'NONE',  ( 0.2000000000000043687, 0.05000000000000000971, 0.2624999999999966249 ) ) ;
#2004 = LINE ( 'NONE', #1117, #1758 ) ;
#2005 = DIRECTION ( 'NONE',  ( 0.000000000000000000, -1.000000000000000000, 0.000000000000000000 ) ) ;
#2006 = ADVANCED_FACE ( 'NONE', ( #72 ), #1834, .F. ) ;
#2007 = FACE_OUTER_BOUND ( 'NONE', #2742, .T. ) ;
#2008 = FACE_OUTER_BOUND ( 'NONE', #1465, .T. ) ;
#2009 = CARTESIAN_POINT ( 'NONE',  ( 0.2000000000000007050, 0.1300000000000000044, -0.08750000000000249245 ) ) ;
#2010 = ORIENTED_EDGE ( 'NONE', *, *, #832, .F. ) ;
#2011 = PRESENTATION_STYLE_ASSIGNMENT (( #686 ) ) ;
#2012 = CARTESIAN_POINT ( 'NONE',  ( 0.000000000000000000, 0.05000000000000000278, -0.6125000000000022649 ) ) ;
#2013 = ORIENTED_EDGE ( 'NONE', *, *, #1592, .T. ) ;
#2014 = EDGE_LOOP ( 'NONE', ( #122, #233, #2692, #1894 ) ) ;
#2015 = DIRECTION ( 'NONE',  ( 1.000000000000000000, -0.000000000000000000, -9.028841119882058191E-15 ) ) ;
#2016 = CARTESIAN_POINT ( 'NONE',  ( 0.5000000000000004441, 2.520465053408526224, -0.08750000000000586475 ) ) ;
#2017 = DIRECTION ( 'NONE',  ( 1.000000000000000000, 0.000000000000000000, -1.047444401652940007E-14 ) ) ;
#2018 = ORIENTED_EDGE ( 'NONE', *, *, #379, .F. ) ;
#2019 = EDGE_CURVE ( 'NONE', #2169, #2045, #97, .T. ) ;
#2020 = AXIS2_PLACEMENT_3D ( 'NONE', #1330, #1142, #1855 ) ;
#2021 = CARTESIAN_POINT ( 'NONE',  ( -0.1999999999999990952, 0.1300000000000000044, 0.2625000000000017319 ) ) ;
#2022 = AXIS2_PLACEMENT_3D ( 'NONE', #2563, #622, #1238 ) ;
#2023 = LINE ( 'NONE', #1924, #2614 ) ;
#2024 = AXIS2_PLACEMENT_3D ( 'NONE', #144, #1012, #1422 ) ;
#2025 = EDGE_LOOP ( 'NONE', ( #2293, #2453, #1175, #1958 ) ) ;
#2026 = DIRECTION ( 'NONE',  ( -0.000000000000000000, -1.000000000000000000, 0.000000000000000000 ) ) ;
#2027 = CARTESIAN_POINT ( 'NONE',  ( -0.3207826455877751393, 0.3499999999999999778, -0.5423021424633100995 ) ) ;
#2028 = AXIS2_PLACEMENT_3D ( 'NONE', #772, #1654, #302 ) ;
#2029 = FILL_AREA_STYLE_COLOUR ( '', #2440 ) ;
#2030 = EDGE_LOOP ( 'NONE', ( #973, #1091, #281, #765, #2258 ) ) ;
#2031 = ORIENTED_EDGE ( 'NONE', *, *, #631, .F. ) ;
#2032 = AXIS2_PLACEMENT_3D ( 'NONE', #1020, #380, #1461 ) ;
#2033 = CARTESIAN_POINT ( 'NONE',  ( -0.3207826455877751393, 0.4000000000000000222, -0.6032525216013043812 ) ) ;
#2034 = DIRECTION ( 'NONE',  ( -1.000000000000000000, 0.000000000000000000, 1.047444401652940007E-14 ) ) ;
#2035 = MECHANICAL_DESIGN_GEOMETRIC_PRESENTATION_REPRESENTATION (  '', ( #1682 ), #1814 ) ;
#2036 = FACE_OUTER_BOUND ( 'NONE', #2699, .T. ) ;
#2037 = ORIENTED_EDGE ( 'NONE', *, *, #865, .T. ) ;
#2038 = CARTESIAN_POINT ( 'NONE',  ( -0.2000000000000006772, 0.1300000000000000044, 0.08750000000000189571 ) ) ;
#2039 = EDGE_CURVE ( 'NONE', #2533, #2509, #2498, .T. ) ;
#2040 = FACE_OUTER_BOUND ( 'NONE', #2230, .T. ) ;
#2041 = ORIENTED_EDGE ( 'NONE', *, *, #30, .T. ) ;
#2042 = EDGE_CURVE ( 'NONE', #1462, #785, #548, .T. ) ;
#2043 = CARTESIAN_POINT ( 'NONE',  ( -0.4999999999999986122, 0.4773110997362449703, 0.2625000000000045075 ) ) ;
#2044 = DIRECTION ( 'NONE',  ( 0.000000000000000000, 0.000000000000000000, 1.000000000000000000 ) ) ;
#2045 = VERTEX_POINT ( 'NONE', #1622 ) ;
#2046 = VERTEX_POINT ( 'NONE', #561 ) ;
#2047 = CARTESIAN_POINT ( 'NONE',  ( 0.5000000000000026645, 0.1299999999999999489, 0.08749999999999456823 ) ) ;
#2048 = DIRECTION ( 'NONE',  ( 0.000000000000000000, 1.000000000000000000, -0.000000000000000000 ) ) ;
#2049 = ORIENTED_EDGE ( 'NONE', *, *, #1937, .F. ) ;
#2050 = PRODUCT_DEFINITION_CONTEXT ( 'detailed design', #385, 'design' ) ;
#2051 = DIRECTION ( 'NONE',  ( -1.078421606581097254E-14, 0.000000000000000000, -1.000000000000000000 ) ) ;
#2052 = DIRECTION ( 'NONE',  ( -0.000000000000000000, -1.000000000000000000, -0.000000000000000000 ) ) ;
#2053 = EDGE_CURVE ( 'NONE', #863, #1218, #1878, .T. ) ;
#2054 = ORIENTED_EDGE ( 'NONE', *, *, #218, .T. ) ;
#2055 = DIRECTION ( 'NONE',  ( -1.000000000000000000, 0.000000000000000000, -0.000000000000000000 ) ) ;
#2056 = CARTESIAN_POINT ( 'NONE',  ( -0.2000000000000006772, 0.000000000000000000, 0.6999999999999999556 ) ) ;
#2057 = ADVANCED_FACE ( 'NONE', ( #2741 ), #2069, .F. ) ;
#2058 = ORIENTED_EDGE ( 'NONE', *, *, #154, .F. ) ;
#2059 = DIRECTION ( 'NONE',  ( 0.000000000000000000, -1.000000000000000000, 0.000000000000000000 ) ) ;
#2060 = CARTESIAN_POINT ( 'NONE',  ( -0.2000000000000063949, 0.1300000000000000044, -0.4374999999999982792 ) ) ;
#2061 = PLANE ( 'NONE',  #147 ) ;
#2062 = VERTEX_POINT ( 'NONE', #358 ) ;
#2063 = FACE_OUTER_BOUND ( 'NONE', #113, .T. ) ;
#2064 = FACE_OUTER_BOUND ( 'NONE', #24, .T. ) ;
#2065 = CARTESIAN_POINT ( 'NONE',  ( 0.5000000000000086597, 0.05000000000000012768, 0.6999999999999942935 ) ) ;
#2066 = AXIS2_PLACEMENT_3D ( 'NONE', #93, #34, #961 ) ;
#2067 = ORIENTED_EDGE ( 'NONE', *, *, #207, .F. ) ;
#2068 = DIRECTION ( 'NONE',  ( 1.047444401652940007E-14, 0.000000000000000000, 1.000000000000000000 ) ) ;
#2069 = PLANE ( 'NONE',  #18 ) ;
#2070 = PRESENTATION_LAYER_ASSIGNMENT (  '', '', ( #703 ) ) ;
#2071 = ORIENTED_EDGE ( 'NONE', *, *, #2399, .F. ) ;
#2072 = EDGE_LOOP ( 'NONE', ( #636, #2567, #53, #535 ) ) ;
#2073 = AXIS2_PLACEMENT_3D ( 'NONE', #589, #1135, #1898 ) ;
#2074 = LINE ( 'NONE', #347, #569 ) ;
#2075 = ADVANCED_FACE ( 'NONE', ( #784 ), #2252, .T. ) ;
#2076 = EDGE_LOOP ( 'NONE', ( #1917, #1258, #1081, #428 ) ) ;
#2077 = PRESENTATION_LAYER_ASSIGNMENT (  '', '', ( #1115 ) ) ;
#2078 = EDGE_CURVE ( 'NONE', #2242, #546, #1666, .T. ) ;
#2079 = PLANE ( 'NONE',  #1895 ) ;
#2080 = VECTOR ( 'NONE', #2369, 1000.000000000000000 ) ;
#2081 = CARTESIAN_POINT ( 'NONE',  ( -0.4999999999999948930, 0.4773110997362449703, 0.6125000000000045963 ) ) ;
#2082 = DIRECTION ( 'NONE',  ( 1.000000000000000000, -0.000000000000000000, -1.192004691317674036E-14 ) ) ;
#2083 = VERTEX_POINT ( 'NONE', #2727 ) ;
#2084 = DIRECTION ( 'NONE',  ( -1.000000000000000000, 0.000000000000000000, -0.000000000000000000 ) ) ;
#2085 = CARTESIAN_POINT ( 'NONE',  ( 1.099816621735587165E-14, 0.000000000000000000, 0.4374999999999945599 ) ) ;
#2086 = ORIENTED_EDGE ( 'NONE', *, *, #2259, .T. ) ;
#2087 = CARTESIAN_POINT ( 'NONE',  ( 0.000000000000000000, 0.1300000000000000044, -0.6125000000000053735 ) ) ;
#2088 = CARTESIAN_POINT ( 'NONE',  ( -0.3207826455877751393, 0.4000000000000000222, -0.6032525216013043812 ) ) ;
#2089 = ORIENTED_EDGE ( 'NONE', *, *, #2718, .F. ) ;
#2090 = EDGE_CURVE ( 'NONE', #1227, #1792, #1678, .T. ) ;
#2091 = DIRECTION ( 'NONE',  ( 1.000000000000000000, -0.000000000000000000, -1.192004691317674036E-14 ) ) ;
#2092 = PLANE ( 'NONE',  #121 ) ;
#2093 = ADVANCED_FACE ( 'NONE', ( #2483 ), #1850, .T. ) ;
#2094 = DIRECTION ( 'NONE',  ( -1.000000000000000000, -0.000000000000000000, 1.047444401652940007E-14 ) ) ;
#2095 = CARTESIAN_POINT ( 'NONE',  ( 0.4999999999999991673, 0.1299999999999999489, -0.2625000000000055067 ) ) ;
#2096 = EDGE_LOOP ( 'NONE', ( #1321, #363, #2496, #2779 ) ) ;
#2097 = PLANE ( 'NONE',  #1060 ) ;
#2098 = CARTESIAN_POINT ( 'NONE',  ( 0.5000000000000086597, 2.520465053408526224, 0.6999999999999942935 ) ) ;
#2099 = ORIENTED_EDGE ( 'NONE', *, *, #2468, .F. ) ;
#2100 = ORIENTED_EDGE ( 'NONE', *, *, #2042, .F. ) ;
#2101 = CARTESIAN_POINT ( 'NONE',  ( -0.2000000000000043410, 0.05000000000000000278, 0.000000000000000000 ) ) ;
#2102 = PLANE ( 'NONE',  #2658 ) ;
#2103 = VERTEX_POINT ( 'NONE', #730 ) ;
#2104 = DIRECTION ( 'NONE',  ( 1.171353221365569152E-14, -0.000000000000000000, 1.000000000000000000 ) ) ;
#2105 = SURFACE_STYLE_FILL_AREA ( #1677 ) ;
#2106 = LINE ( 'NONE', #148, #378 ) ;
#2107 = ADVANCED_FACE ( 'NONE', ( #1171 ), #2264, .F. ) ;
#2108 = CARTESIAN_POINT ( 'NONE',  ( 0.2000000000000007050, 0.1300000000000000044, -0.08750000000000249245 ) ) ;
#2109 = ORIENTED_EDGE ( 'NONE', *, *, #2243, .T. ) ;
#2110 = VECTOR ( 'NONE', #510, 1000.000000000000000 ) ;
#2111 = CARTESIAN_POINT ( 'NONE',  ( 0.2000000000000080602, 0.1300000000000000044, 0.6124999999999976019 ) ) ;
#2112 = EDGE_CURVE ( 'NONE', #657, #577, #514, .T. ) ;
#2113 = CARTESIAN_POINT ( 'NONE',  ( -0.1999999999999954037, 0.4773110997362449703, 0.6125000000000017097 ) ) ;
#2114 = VECTOR ( 'NONE', #2568, 1000.000000000000000 ) ;
#2115 = ORIENTED_EDGE ( 'NONE', *, *, #329, .F. ) ;
#2116 = CARTESIAN_POINT ( 'NONE',  ( 3.666055405785290023E-15, 0.1300000000000000044, 0.3499999999999999778 ) ) ;
#2117 = FACE_OUTER_BOUND ( 'NONE', #1548, .T. ) ;
#2118 = ORIENTED_EDGE ( 'NONE', *, *, #2805, .F. ) ;
#2119 = VECTOR ( 'NONE', #2398, 1000.000000000000000 ) ;
#2120 = LINE ( 'NONE', #1912, #1581 ) ;
#2121 = SURFACE_STYLE_USAGE ( .BOTH. , #1716 ) ;
#2122 = VECTOR ( 'NONE', #2552, 1000.000000000000000 ) ;
#2123 = VECTOR ( 'NONE', #2538, 1000.000000000000000 ) ;
#2124 = DIRECTION ( 'NONE',  ( 0.000000000000000000, 1.000000000000000000, 0.000000000000000000 ) ) ;
#2125 = VECTOR ( 'NONE', #702, 1000.000000000000000 ) ;
#2126 = ORIENTED_EDGE ( 'NONE', *, *, #2276, .F. ) ;
#2127 = ADVANCED_FACE ( 'NONE', ( #343 ), #1213, .F. ) ;
#2128 = FACE_OUTER_BOUND ( 'NONE', #55, .T. ) ;
#2129 = FACE_OUTER_BOUND ( 'NONE', #2632, .T. ) ;
#2130 = EDGE_LOOP ( 'NONE', ( #1525, #851, #845, #2769 ) ) ;
#2131 = VERTEX_POINT ( 'NONE', #1478 ) ;
#2132 = EDGE_CURVE ( 'NONE', #921, #1896, #1225, .T. ) ;
#2133 = DIRECTION ( 'NONE',  ( 0.000000000000000000, 0.000000000000000000, 1.000000000000000000 ) ) ;
#2134 = ORIENTED_EDGE ( 'NONE', *, *, #1717, .F. ) ;
#2135 = DIRECTION ( 'NONE',  ( -1.000000000000000000, -0.000000000000000000, 1.047444401652940007E-14 ) ) ;
#2136 = LINE ( 'NONE', #834, #2574 ) ;
#2137 = ORIENTED_EDGE ( 'NONE', *, *, #1797, .T. ) ;
#2138 = CARTESIAN_POINT ( 'NONE',  ( 0.2000000000000059786, 0.1300000000000000044, 0.4374999999999976130 ) ) ;
#2139 = DIRECTION ( 'NONE',  ( 1.047444401652940007E-14, -0.000000000000000000, 1.000000000000000000 ) ) ;
#2140 = EDGE_CURVE ( 'NONE', #1035, #1747, #2372, .T. ) ;
#2141 = ORIENTED_EDGE ( 'NONE', *, *, #581, .F. ) ;
#2142 = ORIENTED_EDGE ( 'NONE', *, *, #1968, .F. ) ;
#2143 = CARTESIAN_POINT ( 'NONE',  ( 0.1999999999999949596, 0.1300000000000000044, 0.000000000000000000 ) ) ;
#2144 = EDGE_CURVE ( 'NONE', #2810, #1928, #1926, .T. ) ;
#2145 = EDGE_LOOP ( 'NONE', ( #1669, #1084, #1230, #1908 ) ) ;
#2146 = LINE ( 'NONE', #1949, #1065 ) ;
#2147 = DIRECTION ( 'NONE',  ( 1.047444401652940007E-14, -0.000000000000000000, 1.000000000000000000 ) ) ;
#2148 = ORIENTED_EDGE ( 'NONE', *, *, #1105, .T. ) ;
#2149 = FACE_OUTER_BOUND ( 'NONE', #798, .T. ) ;
#2150 = CARTESIAN_POINT ( 'NONE',  ( -0.1999999999999994282, 0.04999999999999999584, 0.2625000000000017319 ) ) ;
#2151 = ORIENTED_EDGE ( 'NONE', *, *, #1074, .T. ) ;
#2152 = ORIENTED_EDGE ( 'NONE', *, *, #2640, .F. ) ;
#2153 = CIRCLE ( 'NONE', #920, 0.06095037913799421225 ) ;
#2154 = DIRECTION ( 'NONE',  ( -1.000000000000000000, 0.000000000000000000, -0.000000000000000000 ) ) ;
#2155 = LINE ( 'NONE', #1730, #1445 ) ;
#2156 = AXIS2_PLACEMENT_3D ( 'NONE', #2638, #2196, #1781 ) ;
#2157 = ORIENTED_EDGE ( 'NONE', *, *, #1363, .F. ) ;
#2158 = ADVANCED_FACE ( 'NONE', ( #825 ), #1464, .F. ) ;
#2159 = AXIS2_PLACEMENT_3D ( 'NONE', #1266, #1684, #594 ) ;
#2160 = DIRECTION ( 'NONE',  ( 1.000000000000000000, 0.000000000000000000, -1.171353221365569310E-14 ) ) ;
#2161 = ORIENTED_EDGE ( 'NONE', *, *, #1704, .T. ) ;
#2162 = EDGE_CURVE ( 'NONE', #139, #1454, #1515, .T. ) ;
#2163 = AXIS2_PLACEMENT_3D ( 'NONE', #2679, #534, #2464 ) ;
#2164 = VECTOR ( 'NONE', #1310, 1000.000000000000000 ) ;
#2165 = EDGE_LOOP ( 'NONE', ( #91, #1210, #1411, #1457 ) ) ;
#2166 = CARTESIAN_POINT ( 'NONE',  ( -0.1999999999999970690, 0.000000000000000000, 0.4375000000000026645 ) ) ;
#2167 = CARTESIAN_POINT ( 'NONE',  ( 0.1999999999999970690, 0.4773110997362449703, -0.4375000000000024980 ) ) ;
#2168 = VERTEX_POINT ( 'NONE', #2350 ) ;
#2169 = VERTEX_POINT ( 'NONE', #1025 ) ;
#2170 = FILL_AREA_STYLE_COLOUR ( '', #1107 ) ;
#2171 = ORIENTED_EDGE ( 'NONE', *, *, #1319, .T. ) ;
#2172 = DIRECTION ( 'NONE',  ( 0.000000000000000000, 1.000000000000000000, -0.000000000000000000 ) ) ;
#2173 = EDGE_CURVE ( 'NONE', #446, #2599, #156, .T. ) ;
#2174 = ADVANCED_FACE ( 'NONE', ( #1891 ), #2332, .F. ) ;
#2175 = DIRECTION ( 'NONE',  ( -9.028841119882058191E-15, 0.000000000000000000, -1.000000000000000000 ) ) ;
#2176 = CARTESIAN_POINT ( 'NONE',  ( -0.5000000000000065503, 2.520465053408526224, -0.6999999999999957367 ) ) ;
#2177 = ORIENTED_EDGE ( 'NONE', *, *, #633, .F. ) ;
#2178 = ORIENTED_EDGE ( 'NONE', *, *, #1028, .F. ) ;
#2179 =( NAMED_UNIT ( * ) PLANE_ANGLE_UNIT ( ) SI_UNIT ( $, .RADIAN. ) );
#2180 = CARTESIAN_POINT ( 'NONE',  ( 0.000000000000000000, 0.05000000000000000278, 0.08750000000000504596 ) ) ;
#2181 = LINE ( 'NONE', #2223, #891 ) ;
#2182 = ORIENTED_EDGE ( 'NONE', *, *, #1458, .T. ) ;
#2183 = LINE ( 'NONE', #230, #1934 ) ;
#2184 = CARTESIAN_POINT ( 'NONE',  ( 0.2000000000000080602, 0.1300000000000000044, 0.6124999999999976019 ) ) ;
#2185 = ORIENTED_EDGE ( 'NONE', *, *, #1402, .F. ) ;
#2186 = DIRECTION ( 'NONE',  ( 1.000000000000000000, 0.000000000000000000, -1.047444401652940007E-14 ) ) ;
#2187 = PRODUCT_RELATED_PRODUCT_CATEGORY ( 'part', '', ( #397 ) ) ;
#2188 = EDGE_CURVE ( 'NONE', #1140, #895, #1725, .T. ) ;
#2189 = DIRECTION ( 'NONE',  ( 0.000000000000000000, 1.000000000000000000, 0.000000000000000000 ) ) ;
#2190 = VERTEX_POINT ( 'NONE', #141 ) ;
#2191 = ORIENTED_EDGE ( 'NONE', *, *, #2292, .T. ) ;
#2192 = EDGE_CURVE ( 'NONE', #1792, #1227, #2253, .T. ) ;
#2193 = DIRECTION ( 'NONE',  ( 1.000000000000000000, -0.000000000000000000, 0.000000000000000000 ) ) ;
#2194 = PLANE ( 'NONE',  #1163 ) ;
#2195 = ORIENTED_EDGE ( 'NONE', *, *, #735, .F. ) ;
#2196 = DIRECTION ( 'NONE',  ( 1.000000000000000000, 0.000000000000000000, -1.047444401652940007E-14 ) ) ;
#2197 = CARTESIAN_POINT ( 'NONE',  ( 0.5000000000000039968, 0.1300000000000000044, 0.2624999999999939049 ) ) ;
#2198 = VECTOR ( 'NONE', #2094, 1000.000000000000000 ) ;
#2199 = VECTOR ( 'NONE', #1242, 1000.000000000000000 ) ;
#2200 = DIRECTION ( 'NONE',  ( -1.047444401652940007E-14, 0.000000000000000000, -1.000000000000000000 ) ) ;
#2201 = VECTOR ( 'NONE', #1353, 1000.000000000000000 ) ;
#2202 = DIRECTION ( 'NONE',  ( -1.000000000000000000, 0.000000000000000000, -0.000000000000000000 ) ) ;
#2203 = AXIS2_PLACEMENT_3D ( 'NONE', #2558, #2172, #2802 ) ;
#2204 = CARTESIAN_POINT ( 'NONE',  ( 0.5000000000000059952, 2.520465053408526224, 0.4374999999999945599 ) ) ;
#2205 = CARTESIAN_POINT ( 'NONE',  ( -0.2000000000000043410, 0.000000000000000000, 0.3499999999999999778 ) ) ;
#2206 = VECTOR ( 'NONE', #460, 1000.000000000000000 ) ;
#2207 = ADVANCED_FACE ( 'NONE', ( #2129 ), #1505, .F. ) ;
#2208 = ORIENTED_EDGE ( 'NONE', *, *, #379, .T. ) ;
#2209 = VECTOR ( 'NONE', #1332, 1000.000000000000000 ) ;
#2210 = FILL_AREA_STYLE_COLOUR ( '', #1976 ) ;
#2211 = DIRECTION ( 'NONE',  ( 1.000000000000000000, -0.000000000000000000, 0.000000000000000000 ) ) ;
#2212 = ADVANCED_FACE ( 'NONE', ( #2756 ), #402, .T. ) ;
#2213 = ORIENTED_EDGE ( 'NONE', *, *, #2734, .F. ) ;
#2214 = DIRECTION ( 'NONE',  ( -1.000000000000000000, 0.000000000000000000, 9.028841119882058191E-15 ) ) ;
#2215 = FACE_OUTER_BOUND ( 'NONE', #2392, .T. ) ;
#2216 = DIRECTION ( 'NONE',  ( 0.000000000000000000, 1.000000000000000000, 0.000000000000000000 ) ) ;
#2217 = CARTESIAN_POINT ( 'NONE',  ( -0.4999999999999913403, 0.05000000000000012768, 0.7000000000000045075 ) ) ;
#2218 = CARTESIAN_POINT ( 'NONE',  ( -0.5000000000000058842, 0.1300000000000000044, -0.4374999999999965028 ) ) ;
#2219 = ORIENTED_EDGE ( 'NONE', *, *, #2019, .T. ) ;
#2220 = CARTESIAN_POINT ( 'NONE',  ( -0.4999999999999948930, 0.1300000000000000044, 0.6125000000000039302 ) ) ;
#2221 = EDGE_CURVE ( 'NONE', #2744, #771, #800, .T. ) ;
#2222 = CARTESIAN_POINT ( 'NONE',  ( -0.2000000000000031475, 0.1300000000000000044, -0.08749999999999827360 ) ) ;
#2223 = CARTESIAN_POINT ( 'NONE',  ( -0.1000000000000069167, 0.000000000000000000, 0.000000000000000000 ) ) ;
#2224 = ORIENTED_EDGE ( 'NONE', *, *, #1955, .T. ) ;
#2225 = VERTEX_POINT ( 'NONE', #2591 ) ;
#2226 = FACE_OUTER_BOUND ( 'NONE', #1001, .T. ) ;
#2227 = ADVANCED_FACE ( 'NONE', ( #2319 ), #372, .T. ) ;
#2228 = LINE ( 'NONE', #1143, #526 ) ;
#2229 = PLANE ( 'NONE',  #833 ) ;
#2230 = EDGE_LOOP ( 'NONE', ( #1606, #2689, #2058, #193 ) ) ;
#2231 = CARTESIAN_POINT ( 'NONE',  ( 0.000000000000000000, 0.4000000000000000222, 0.000000000000000000 ) ) ;
#2232 = LINE ( 'NONE', #1208, #117 ) ;
#2233 = EDGE_LOOP ( 'NONE', ( #549, #2667, #1071, #2182 ) ) ;
#2234 = PLANE ( 'NONE',  #1248 ) ;
#2235 = CARTESIAN_POINT ( 'NONE',  ( -0.5000000000000035527, 2.520465053408526224, -0.4374999999999952816 ) ) ;
#2236 =( LENGTH_UNIT ( ) NAMED_UNIT ( * ) SI_UNIT ( .MILLI., .METRE. ) );
#2237 = VERTEX_POINT ( 'NONE', #2150 ) ;
#2238 = ORIENTED_EDGE ( 'NONE', *, *, #1165, .F. ) ;
#2239 = CARTESIAN_POINT ( 'NONE',  ( 0.5000000000000008882, 0.05000000000000004441, -0.08750000000000601741 ) ) ;
#2240 = DIRECTION ( 'NONE',  ( 1.000000000000000000, 0.000000000000000000, -1.047444401652940007E-14 ) ) ;
#2241 = DIRECTION ( 'NONE',  ( 0.000000000000000000, -0.000000000000000000, -1.000000000000000000 ) ) ;
#2242 = VERTEX_POINT ( 'NONE', #1943 ) ;
#2243 = EDGE_CURVE ( 'NONE', #2169, #290, #196, .T. ) ;
#2244 = PRESENTATION_STYLE_ASSIGNMENT (( #525 ) ) ;
#2245 = VECTOR ( 'NONE', #2154, 1000.000000000000000 ) ;
#2246 = EDGE_CURVE ( 'NONE', #2542, #1522, #853, .T. ) ;
#2247 = CARTESIAN_POINT ( 'NONE',  ( -0.1999999999999990952, 0.4773110997362449703, 0.2625000000000017319 ) ) ;
#2248 = VECTOR ( 'NONE', #155, 1000.000000000000000 ) ;
#2249 = DIRECTION ( 'NONE',  ( 0.000000000000000000, 1.000000000000000000, -0.000000000000000000 ) ) ;
#2250 = COLOUR_RGB ( '',0.7921568627450980005, 0.8196078431372548767, 0.9333333333333333481 ) ;
#2251 = ORIENTED_EDGE ( 'NONE', *, *, #2144, .T. ) ;
#2252 = PLANE ( 'NONE',  #1940 ) ;
#2253 = CIRCLE ( 'NONE', #65, 0.06095037913799421225 ) ;
#2254 = ORIENTED_EDGE ( 'NONE', *, *, #716, .T. ) ;
#2255 = ORIENTED_EDGE ( 'NONE', *, *, #1508, .F. ) ;
#2256 = DIRECTION ( 'NONE',  ( 0.000000000000000000, 1.000000000000000000, 0.000000000000000000 ) ) ;
#2257 = DIRECTION ( 'NONE',  ( 0.000000000000000000, -0.000000000000000000, -1.000000000000000000 ) ) ;
#2258 = ORIENTED_EDGE ( 'NONE', *, *, #2528, .T. ) ;
#2259 = EDGE_CURVE ( 'NONE', #2289, #2775, #2631, .T. ) ;
#2260 = LINE ( 'NONE', #2217, #2652 ) ;
#2261 = EDGE_CURVE ( 'NONE', #2383, #390, #877, .T. ) ;
#2262 = CARTESIAN_POINT ( 'NONE',  ( -0.3207826455877751393, 0.3499999999999999778, -0.4813517633253158734 ) ) ;
#2263 = ORIENTED_EDGE ( 'NONE', *, *, #2734, .T. ) ;
#2264 = PLANE ( 'NONE',  #1899 ) ;
#2265 = ORIENTED_EDGE ( 'NONE', *, *, #2053, .T. ) ;
#2266 = VERTEX_POINT ( 'NONE', #1789 ) ;
#2267 = DIRECTION ( 'NONE',  ( -1.000000000000000000, 0.000000000000000000, -0.000000000000000000 ) ) ;
#2268 = CARTESIAN_POINT ( 'NONE',  ( 0.1999999999999949596, 0.1300000000000000044, -0.6125000000000022649 ) ) ;
#2269 = CARTESIAN_POINT ( 'NONE',  ( 0.4999999999999954481, 0.1299999999999999489, -0.6125000000000053735 ) ) ;
#2270 = ORIENTED_EDGE ( 'NONE', *, *, #631, .T. ) ;
#2271 = DIRECTION ( 'NONE',  ( 0.000000000000000000, 0.000000000000000000, 1.000000000000000000 ) ) ;
#2272 = SURFACE_STYLE_FILL_AREA ( #2474 ) ;
#2273 = CARTESIAN_POINT ( 'NONE',  ( 0.5000000000000076605, 0.000000000000000000, 0.6124999999999949374 ) ) ;
#2274 = CARTESIAN_POINT ( 'NONE',  ( 0.5000000000000086597, 0.05000000000000012768, 0.6999999999999942935 ) ) ;
#2275 = VERTEX_POINT ( 'NONE', #2617 ) ;
#2276 = EDGE_CURVE ( 'NONE', #2542, #2471, #2390, .T. ) ;
#2277 = DIRECTION ( 'NONE',  ( 1.000000000000000000, 0.000000000000000000, -1.047444401652940007E-14 ) ) ;
#2278 = CARTESIAN_POINT ( 'NONE',  ( 0.000000000000000000, 0.05000000000000000278, 0.08749999999999769074 ) ) ;
#2279 = ORIENTED_EDGE ( 'NONE', *, *, #1147, .T. ) ;
#2280 = ADVANCED_FACE ( 'NONE', ( #1294 ), #1547, .F. ) ;
#2281 = CARTESIAN_POINT ( 'NONE',  ( -0.2000000000000043687, 0.1300000000000000044, -0.2624999999999980682 ) ) ;
#2282 =( NAMED_UNIT ( * ) SI_UNIT ( $, .STERADIAN. ) SOLID_ANGLE_UNIT ( ) );
#2283 = CARTESIAN_POINT ( 'NONE',  ( -0.1999999999999954037, 0.1300000000000000044, 0.6125000000000017097 ) ) ;
#2284 = ORIENTED_EDGE ( 'NONE', *, *, #1282, .T. ) ;
#2285 = CARTESIAN_POINT ( 'NONE',  ( -0.1999999999999958200, 0.000000000000000000, 0.6125000000000017097 ) ) ;
#2286 = FACE_OUTER_BOUND ( 'NONE', #1513, .T. ) ;
#2287 = DIRECTION ( 'NONE',  ( -0.000000000000000000, -1.000000000000000000, -0.000000000000000000 ) ) ;
#2288 = VECTOR ( 'NONE', #1317, 1000.000000000000000 ) ;
#2289 = VERTEX_POINT ( 'NONE', #457 ) ;
#2290 = SURFACE_STYLE_FILL_AREA ( #1299 ) ;
#2291 = CARTESIAN_POINT ( 'NONE',  ( 0.4999999999999967804, 0.4773110997362449703, -0.4375000000000060507 ) ) ;
#2292 = EDGE_CURVE ( 'NONE', #2225, #304, #2418, .T. ) ;
#2293 = ORIENTED_EDGE ( 'NONE', *, *, #2696, .T. ) ;
#2294 = VECTOR ( 'NONE', #2745, 1000.000000000000000 ) ;
#2295 = FACE_OUTER_BOUND ( 'NONE', #2607, .T. ) ;
#2296 = DIRECTION ( 'NONE',  ( 0.000000000000000000, -1.000000000000000000, 0.000000000000000000 ) ) ;
#2297 = EDGE_CURVE ( 'NONE', #2364, #1227, #212, .T. ) ;
#2298 = ORIENTED_EDGE ( 'NONE', *, *, #1663, .F. ) ;
#2299 = AXIS2_PLACEMENT_3D ( 'NONE', #1916, #1279, #1037 ) ;
#2300 = LINE ( 'NONE', #352, #2294 ) ;
#2301 = VECTOR ( 'NONE', #1661, 1000.000000000000000 ) ;
#2302 = DIRECTION ( 'NONE',  ( 0.000000000000000000, -0.000000000000000000, -1.000000000000000000 ) ) ;
#2303 = CARTESIAN_POINT ( 'NONE',  ( 0.4999999999999986122, 0.4773110997362449703, -0.2625000000000053957 ) ) ;
#2304 = ORIENTED_EDGE ( 'NONE', *, *, #1415, .T. ) ;
#2305 = LINE ( 'NONE', #2781, #153 ) ;
#2306 = CARTESIAN_POINT ( 'NONE',  ( 0.000000000000000000, 0.1300000000000000044, 0.000000000000000000 ) ) ;
#2307 = ORIENTED_EDGE ( 'NONE', *, *, #414, .F. ) ;
#2308 = EDGE_LOOP ( 'NONE', ( #373, #475, #2265, #1265 ) ) ;
#2309 = DIRECTION ( 'NONE',  ( 0.000000000000000000, 0.000000000000000000, 1.000000000000000000 ) ) ;
#2310 = SURFACE_STYLE_FILL_AREA ( #586 ) ;
#2311 = EDGE_LOOP ( 'NONE', ( #1957, #2284, #1728, #1945 ) ) ;
#2312 = EDGE_CURVE ( 'NONE', #1823, #2773, #1337, .T. ) ;
#2313 = CARTESIAN_POINT ( 'NONE',  ( -0.4999999999999937272, 0.1299999999999999489, 0.6125000000000039302 ) ) ;
#2314 = DIRECTION ( 'NONE',  ( -1.000000000000000000, 0.000000000000000000, 9.235355819403107030E-15 ) ) ;
#2315 = EDGE_CURVE ( 'NONE', #2471, #307, #862, .T. ) ;
#2316 = DIRECTION ( 'NONE',  ( 1.000000000000000000, 0.000000000000000000, -1.047444401652940007E-14 ) ) ;
#2317 = ORIENTED_EDGE ( 'NONE', *, *, #2695, .T. ) ;
#2318 = CARTESIAN_POINT ( 'NONE',  ( 0.4999999999999967804, 0.4773110997362449703, -0.4375000000000061617 ) ) ;
#2319 = FACE_OUTER_BOUND ( 'NONE', #271, .T. ) ;
#2320 = EDGE_LOOP ( 'NONE', ( #411, #1870, #1480, #959 ) ) ;
#2321 = DIRECTION ( 'NONE',  ( -1.000000000000000000, 0.000000000000000000, 1.192004691317674036E-14 ) ) ;
#2322 = ORIENTED_EDGE ( 'NONE', *, *, #2701, .T. ) ;
#2323 = FACE_OUTER_BOUND ( 'NONE', #1626, .T. ) ;
#2324 = FILL_AREA_STYLE ('',( #571 ) ) ;
#2325 = EDGE_CURVE ( 'NONE', #1049, #2275, #1575, .T. ) ;
#2326 = DIRECTION ( 'NONE',  ( 0.000000000000000000, -0.000000000000000000, -1.000000000000000000 ) ) ;
#2327 = DIRECTION ( 'NONE',  ( -0.000000000000000000, -1.000000000000000000, 0.000000000000000000 ) ) ;
#2328 = EDGE_CURVE ( 'NONE', #1928, #921, #919, .T. ) ;
#2329 = ORIENTED_EDGE ( 'NONE', *, *, #2192, .F. ) ;
#2330 = CLOSED_SHELL ( 'NONE', ( #1058, #901, #367, #2786, #2401, #189 ) ) ;
#2331 = DIRECTION ( 'NONE',  ( -0.7071067811865550112, 0.000000000000000000, -0.7071067811865401342 ) ) ;
#2332 = PLANE ( 'NONE',  #1722 ) ;
#2333 = ORIENTED_EDGE ( 'NONE', *, *, #1888, .F. ) ;
#2334 = PRESENTATION_LAYER_ASSIGNMENT (  '', '', ( #750 ) ) ;
#2335 = EDGE_LOOP ( 'NONE', ( #74, #1162, #1948, #2732 ) ) ;
#2336 = LINE ( 'NONE', #2544, #2199 ) ;
#2337 = MECHANICAL_DESIGN_GEOMETRIC_PRESENTATION_REPRESENTATION (  '', ( #703 ), #429 ) ;
#2338 = ORIENTED_EDGE ( 'NONE', *, *, #695, .F. ) ;
#2339 = VECTOR ( 'NONE', #2135, 1000.000000000000000 ) ;
#2340 = FACE_OUTER_BOUND ( 'NONE', #1950, .T. ) ;
#2341 = PLANE ( 'NONE',  #848 ) ;
#2342 = VECTOR ( 'NONE', #1420, 1000.000000000000000 ) ;
#2343 = AXIS2_PLACEMENT_3D ( 'NONE', #1191, #2249, #339 ) ;
#2344 = ADVANCED_FACE ( 'NONE', ( #1617 ), #1178, .T. ) ;
#2345 = DIRECTION ( 'NONE',  ( -1.047444401652940007E-14, -0.000000000000000000, -1.000000000000000000 ) ) ;
#2346 = PRESENTATION_LAYER_ASSIGNMENT (  '', '', ( #1538 ) ) ;
#2347 = EDGE_LOOP ( 'NONE', ( #803, #583, #2018, #2439 ) ) ;
#2348 = EDGE_CURVE ( 'NONE', #732, #2504, #740, .T. ) ;
#2349 = CARTESIAN_POINT ( 'NONE',  ( -0.5000000000000034417, 0.05000000000000004441, -0.2624999999999949596 ) ) ;
#2350 = CARTESIAN_POINT ( 'NONE',  ( 0.1999999999999986511, 0.1300000000000000044, -0.2625000000000031197 ) ) ;
#2351 = ORIENTED_EDGE ( 'NONE', *, *, #2078, .F. ) ;
#2352 = ORIENTED_EDGE ( 'NONE', *, *, #2246, .F. ) ;
#2353 = CARTESIAN_POINT ( 'NONE',  ( -0.1999999999999954037, 0.1300000000000000044, 0.6125000000000017097 ) ) ;
#2354 = DIRECTION ( 'NONE',  ( -0.000000000000000000, -0.000000000000000000, -1.000000000000000000 ) ) ;
#2355 = ORIENTED_EDGE ( 'NONE', *, *, #1195, .T. ) ;
#2356 = PLANE ( 'NONE',  #1111 ) ;
#2357 = SURFACE_STYLE_FILL_AREA ( #2324 ) ;
#2358 = LINE ( 'NONE', #2303, #890 ) ;
#2359 = ORIENTED_EDGE ( 'NONE', *, *, #1493, .F. ) ;
#2360 = CARTESIAN_POINT ( 'NONE',  ( -0.1999999999999954037, 0.4773110997362449703, 0.6125000000000017097 ) ) ;
#2361 = DIRECTION ( 'NONE',  ( -1.000000000000000000, 0.000000000000000000, 9.028841119882058191E-15 ) ) ;
#2362 = EDGE_CURVE ( 'NONE', #1136, #1941, #324, .T. ) ;
#2363 = ORIENTED_EDGE ( 'NONE', *, *, #1113, .F. ) ;
#2364 = VERTEX_POINT ( 'NONE', #2262 ) ;
#2365 = CARTESIAN_POINT ( 'NONE',  ( -0.1999999999999970690, 0.05000000000000000278, 0.000000000000000000 ) ) ;
#2366 = EDGE_CURVE ( 'NONE', #260, #637, #760, .T. ) ;
#2367 = ORIENTED_EDGE ( 'NONE', *, *, #2112, .T. ) ;
#2368 = LINE ( 'NONE', #421, #882 ) ;
#2369 = DIRECTION ( 'NONE',  ( -1.078421606581097254E-14, 0.000000000000000000, -1.000000000000000000 ) ) ;
#2370 = EDGE_LOOP ( 'NONE', ( #256, #243, #650, #2054 ) ) ;
#2371 = CARTESIAN_POINT ( 'NONE',  ( -0.1999999999999970690, 0.05000000000000000971, 0.4375000000000026645 ) ) ;
#2372 = LINE ( 'NONE', #1048, #710 ) ;
#2373 = VERTEX_POINT ( 'NONE', #1864 ) ;
#2374 = AXIS2_PLACEMENT_3D ( 'NONE', #1900, #323, #810 ) ;
#2375 = DIRECTION ( 'NONE',  ( 1.000000000000000000, 0.000000000000000000, 0.000000000000000000 ) ) ;
#2376 = ADVANCED_FACE ( 'NONE', ( #1845 ), #994, .F. ) ;
#2377 =( NAMED_UNIT ( * ) PLANE_ANGLE_UNIT ( ) SI_UNIT ( $, .RADIAN. ) );
#2378 = COLOUR_RGB ( '',0.7921568627450980005, 0.8196078431372548767, 0.9333333333333333481 ) ;
#2379 = ORIENTED_EDGE ( 'NONE', *, *, #1888, .T. ) ;
#2380 = VECTOR ( 'NONE', #2600, 1000.000000000000000 ) ;
#2381 = EDGE_CURVE ( 'NONE', #1035, #2242, #1605, .T. ) ;
#2382 = DIRECTION ( 'NONE',  ( -1.000000000000000000, 0.000000000000000000, 1.192004691317674036E-14 ) ) ;
#2383 = VERTEX_POINT ( 'NONE', #297 ) ;
#2384 = VECTOR ( 'NONE', #1883, 1000.000000000000000 ) ;
#2385 = VECTOR ( 'NONE', #254, 1000.000000000000114 ) ;
#2386 = CARTESIAN_POINT ( 'NONE',  ( 0.1999999999999970690, 0.1300000000000000044, -0.4375000000000024980 ) ) ;
#2387 = VECTOR ( 'NONE', #2216, 1000.000000000000000 ) ;
#2388 = ORIENTED_EDGE ( 'NONE', *, *, #1558, .F. ) ;
#2389 = CARTESIAN_POINT ( 'NONE',  ( 0.5000000000000086597, 0.1299999999999998934, 0.6999999999999942935 ) ) ;
#2390 = LINE ( 'NONE', #444, #2573 ) ;
#2391 = COLOUR_RGB ( '',0.7921568627450980005, 0.8196078431372548767, 0.9333333333333333481 ) ;
#2392 = EDGE_LOOP ( 'NONE', ( #2500, #2466, #593, #685 ) ) ;
#2393 = VERTEX_POINT ( 'NONE', #80 ) ;
#2394 = CARTESIAN_POINT ( 'NONE',  ( 7.332110811570580046E-15, 0.000000000000000000, 0.2624999999999975686 ) ) ;
#2395 = CARTESIAN_POINT ( 'NONE',  ( 0.2000000000000080602, 0.1300000000000000044, 0.6124999999999976019 ) ) ;
#2396 = VERTEX_POINT ( 'NONE', #1369 ) ;
#2397 = DIRECTION ( 'NONE',  ( -0.000000000000000000, -1.000000000000000000, -0.000000000000000000 ) ) ;
#2398 = DIRECTION ( 'NONE',  ( 0.000000000000000000, 1.000000000000000000, -0.000000000000000000 ) ) ;
#2399 = EDGE_CURVE ( 'NONE', #467, #546, #2461, .T. ) ;
#2400 = PRESENTATION_STYLE_ASSIGNMENT (( #1351 ) ) ;
#2401 = ADVANCED_FACE ( 'NONE', ( #557 ), #94, .F. ) ;
#2402 = DIRECTION ( 'NONE',  ( 0.000000000000000000, -1.000000000000000000, 0.000000000000000000 ) ) ;
#2403 = CARTESIAN_POINT ( 'NONE',  ( 0.000000000000000000, 0.000000000000000000, -0.4374999999999992228 ) ) ;
#2404 = CARTESIAN_POINT ( 'NONE',  ( 0.2000000000000007050, 0.05000000000000000278, 0.000000000000000000 ) ) ;
#2405 = ORIENTED_EDGE ( 'NONE', *, *, #2625, .T. ) ;
#2406 = DIRECTION ( 'NONE',  ( 1.047444401652940007E-14, 0.000000000000000000, 1.000000000000000000 ) ) ;
#2407 = CARTESIAN_POINT ( 'NONE',  ( 0.000000000000000000, 0.05000000000000000278, 0.4374999999999976130 ) ) ;
#2408 =( NAMED_UNIT ( * ) PLANE_ANGLE_UNIT ( ) SI_UNIT ( $, .RADIAN. ) );
#2409 = VERTEX_POINT ( 'NONE', #310 ) ;
#2410 = PLANE ( 'NONE',  #2020 ) ;
#2411 = LINE ( 'NONE', #2670, #2119 ) ;
#2412 = ORIENTED_EDGE ( 'NONE', *, *, #1721, .T. ) ;
#2413 = EDGE_CURVE ( 'NONE', #86, #684, #1638, .T. ) ;
#2414 = CARTESIAN_POINT ( 'NONE',  ( 0.000000000000000000, 0.05000000000000000278, -0.08750000000000605904 ) ) ;
#2415 = ORIENTED_EDGE ( 'NONE', *, *, #2417, .T. ) ;
#2416 = FACE_OUTER_BOUND ( 'NONE', #370, .T. ) ;
#2417 = EDGE_CURVE ( 'NONE', #1240, #747, #2232, .T. ) ;
#2418 = LINE ( 'NONE', #2404, #164 ) ;
#2419 = ORIENTED_EDGE ( 'NONE', *, *, #2594, .F. ) ;
#2420 = ORIENTED_EDGE ( 'NONE', *, *, #1611, .T. ) ;
#2421 = DIRECTION ( 'NONE',  ( -0.000000000000000000, -1.000000000000000000, -0.000000000000000000 ) ) ;
#2422 = EDGE_LOOP ( 'NONE', ( #1053, #341, #2379, #563 ) ) ;
#2423 = LINE ( 'NONE', #2626, #2703 ) ;
#2424 = DIRECTION ( 'NONE',  ( 0.000000000000000000, 1.000000000000000000, 0.000000000000000000 ) ) ;
#2425 = VECTOR ( 'NONE', #528, 1000.000000000000000 ) ;
#2426 = VECTOR ( 'NONE', #1421, 1000.000000000000000 ) ;
#2427 = SURFACE_STYLE_FILL_AREA ( #1569 ) ;
#2428 = LINE ( 'NONE', #2021, #516 ) ;
#2429 = EDGE_CURVE ( 'NONE', #2509, #2289, #545, .T. ) ;
#2430 = AXIS2_PLACEMENT_3D ( 'NONE', #913, #494, #1362 ) ;
#2431 = DIRECTION ( 'NONE',  ( -0.000000000000000000, -1.000000000000000000, 0.000000000000000000 ) ) ;
#2432 = MECHANICAL_DESIGN_GEOMETRIC_PRESENTATION_REPRESENTATION (  '', ( #1115 ), #1207 ) ;
#2433 = VERTEX_POINT ( 'NONE', #2723 ) ;
#2434 = ADVANCED_FACE ( 'NONE', ( #2040 ), #769, .F. ) ;
#2435 = AXIS2_PLACEMENT_3D ( 'NONE', #948, #529, #2688 ) ;
#2436 = DIRECTION ( 'NONE',  ( 1.000000000000000000, -0.000000000000000000, 0.000000000000000000 ) ) ;
#2437 = LINE ( 'NONE', #2407, #1584 ) ;
#2438 = DIRECTION ( 'NONE',  ( -1.171353221365569152E-14, 0.000000000000000000, -1.000000000000000000 ) ) ;
#2439 = ORIENTED_EDGE ( 'NONE', *, *, #452, .F. ) ;
#2440 = COLOUR_RGB ( '',0.7921568627450980005, 0.8196078431372548767, 0.9333333333333333481 ) ;
#2441 = DIRECTION ( 'NONE',  ( -1.000000000000000000, -0.000000000000000000, 1.047444401652940007E-14 ) ) ;
#2442 = CARTESIAN_POINT ( 'NONE',  ( 0.5000000000000023315, 2.520465053408526224, 0.08749999999999459599 ) ) ;
#2443 = CARTESIAN_POINT ( 'NONE',  ( 0.000000000000000000, 0.1300000000000000044, 0.000000000000000000 ) ) ;
#2444 = ORIENTED_EDGE ( 'NONE', *, *, #2774, .F. ) ;
#2445 = SURFACE_STYLE_USAGE ( .BOTH. , #107 ) ;
#2446 = PLANE ( 'NONE',  #2066 ) ;
#2447 = CARTESIAN_POINT ( 'NONE',  ( -0.5000000000000072164, 0.1300000000000000044, -0.6124999999999949374 ) ) ;
#2448 = ORIENTED_EDGE ( 'NONE', *, *, #1201, .T. ) ;
#2449 = FACE_OUTER_BOUND ( 'NONE', #1214, .T. ) ;
#2450 = CARTESIAN_POINT ( 'NONE',  ( -0.2000000000000007050, 0.1300000000000000044, 0.08750000000000189571 ) ) ;
#2451 = EDGE_CURVE ( 'NONE', #492, #1667, #1651, .T. ) ;
#2452 = ORIENTED_EDGE ( 'NONE', *, *, #1717, .T. ) ;
#2453 = ORIENTED_EDGE ( 'NONE', *, *, #2818, .T. ) ;
#2454 = CARTESIAN_POINT ( 'NONE',  ( -0.2000000000000063949, 0.4773110997362449703, -0.4374999999999982792 ) ) ;
#2455 = CARTESIAN_POINT ( 'NONE',  ( -0.2000000000000043687, 0.1300000000000000044, -0.2624999999999980682 ) ) ;
#2456 = EDGE_CURVE ( 'NONE', #627, #737, #1831, .T. ) ;
#2457 = DIRECTION ( 'NONE',  ( -0.000000000000000000, 1.000000000000000000, -0.000000000000000000 ) ) ;
#2458 = ORIENTED_EDGE ( 'NONE', *, *, #1304, .F. ) ;
#2459 =( LENGTH_UNIT ( ) NAMED_UNIT ( * ) SI_UNIT ( .MILLI., .METRE. ) );
#2460 = LINE ( 'NONE', #2038, #1383 ) ;
#2461 = LINE ( 'NONE', #2065, #1298 ) ;
#2462 = ORIENTED_EDGE ( 'NONE', *, *, #1733, .T. ) ;
#2463 = FACE_OUTER_BOUND ( 'NONE', #311, .T. ) ;
#2464 = DIRECTION ( 'NONE',  ( 0.000000000000000000, -0.000000000000000000, -1.000000000000000000 ) ) ;
#2465 = SURFACE_STYLE_USAGE ( .BOTH. , #10 ) ;
#2466 = ORIENTED_EDGE ( 'NONE', *, *, #1733, .F. ) ;
#2467 = ORIENTED_EDGE ( 'NONE', *, *, #1363, .T. ) ;
#2468 = EDGE_CURVE ( 'NONE', #788, #1384, #280, .T. ) ;
#2469 = CARTESIAN_POINT ( 'NONE',  ( 0.4999999999999939493, 2.520465053408526224, -0.7000000000000062839 ) ) ;
#2470 = CARTESIAN_POINT ( 'NONE',  ( 0.5000000000000039968, 0.4773110997362449703, 0.2624999999999940159 ) ) ;
#2471 = VERTEX_POINT ( 'NONE', #2447 ) ;
#2472 = EDGE_CURVE ( 'NONE', #1731, #1218, #2023, .T. ) ;
#2473 = CLOSED_SHELL ( 'NONE', ( #2344, #135, #172, #770 ) ) ;
#2474 = FILL_AREA_STYLE ('',( #725 ) ) ;
#2475 = UNCERTAINTY_MEASURE_WITH_UNIT (LENGTH_MEASURE( 1.000000000000000082E-05 ), #1357, 'distance_accuracy_value', 'NONE');
#2476 = VECTOR ( 'NONE', #1408, 1000.000000000000000 ) ;
#2477 = CARTESIAN_POINT ( 'NONE',  ( -0.2000000000000006772, 0.1300000000000000044, 0.6999999999999999556 ) ) ;
#2478 = VECTOR ( 'NONE', #2375, 1000.000000000000000 ) ;
#2479 = DIRECTION ( 'NONE',  ( 1.047444401652940007E-14, 0.000000000000000000, 1.000000000000000000 ) ) ;
#2480 = VECTOR ( 'NONE', #722, 1000.000000000000000 ) ;
#2481 = VERTEX_POINT ( 'NONE', #150 ) ;
#2482 = DIRECTION ( 'NONE',  ( 1.000000000000000000, 0.000000000000000000, -1.047444401652940007E-14 ) ) ;
#2483 = FACE_OUTER_BOUND ( 'NONE', #2308, .T. ) ;
#2484 = VECTOR ( 'NONE', #1079, 1000.000000000000000 ) ;
#2485 = VECTOR ( 'NONE', #48, 1000.000000000000000 ) ;
#2486 = DIRECTION ( 'NONE',  ( 1.000000000000000000, -0.000000000000000000, -1.192004691317674036E-14 ) ) ;
#2487 = CARTESIAN_POINT ( 'NONE',  ( -0.1999999999999970690, 0.1300000000000000044, 0.4375000000000026645 ) ) ;
#2488 = AXIS2_PLACEMENT_3D ( 'NONE', #1987, #911, #1582 ) ;
#2489 = CARTESIAN_POINT ( 'NONE',  ( 0.000000000000000000, 0.1300000000000000044, 0.000000000000000000 ) ) ;
#2490 = ORIENTED_EDGE ( 'NONE', *, *, #400, .T. ) ;
#2491 = CARTESIAN_POINT ( 'NONE',  ( -0.3207826455877751393, 0.3499999999999999778, -0.4813517633253158734 ) ) ;
#2492 = EDGE_CURVE ( 'NONE', #2275, #1674, #575, .T. ) ;
#2493 = DIRECTION ( 'NONE',  ( 0.000000000000000000, 1.000000000000000000, 0.000000000000000000 ) ) ;
#2494 = CARTESIAN_POINT ( 'NONE',  ( 0.5000000000000086597, 0.4000000000000000222, 0.000000000000000000 ) ) ;
#2495 = EDGE_CURVE ( 'NONE', #2529, #1390, #2768, .T. ) ;
#2496 = ORIENTED_EDGE ( 'NONE', *, *, #1933, .F. ) ;
#2497 = FACE_OUTER_BOUND ( 'NONE', #7, .T. ) ;
#2498 = LINE ( 'NONE', #328, #2663 ) ;
#2499 = DIRECTION ( 'NONE',  ( 0.000000000000000000, 0.000000000000000000, 1.000000000000000000 ) ) ;
#2500 = ORIENTED_EDGE ( 'NONE', *, *, #2315, .T. ) ;
#2501 = CARTESIAN_POINT ( 'NONE',  ( 0.4999999999999991673, 0.000000000000000000, -0.2625000000000054512 ) ) ;
#2502 = CARTESIAN_POINT ( 'NONE',  ( -0.3207826455877751393, 0.3499999999999999778, -0.6032525216013043812 ) ) ;
#2503 = PLANE ( 'NONE',  #653 ) ;
#2504 = VERTEX_POINT ( 'NONE', #1475 ) ;
#2505 = FACE_OUTER_BOUND ( 'NONE', #1300, .T. ) ;
#2506 = DIRECTION ( 'NONE',  ( 0.000000000000000000, 0.000000000000000000, 1.000000000000000000 ) ) ;
#2507 = EDGE_CURVE ( 'NONE', #471, #1747, #1005, .T. ) ;
#2508 = CARTESIAN_POINT ( 'NONE',  ( -0.3207826455877751393, 0.4000000000000000222, -0.5423021424633100995 ) ) ;
#2509 = VERTEX_POINT ( 'NONE', #1902 ) ;
#2510 = EDGE_CURVE ( 'NONE', #1896, #2810, #1448, .T. ) ;
#2511 = DIRECTION ( 'NONE',  ( -1.047444401652940007E-14, -0.000000000000000000, -1.000000000000000000 ) ) ;
#2512 = DIRECTION ( 'NONE',  ( 0.000000000000000000, 1.000000000000000000, -0.000000000000000000 ) ) ;
#2513 = ORIENTED_EDGE ( 'NONE', *, *, #1840, .T. ) ;
#2514 = CARTESIAN_POINT ( 'NONE',  ( -0.4999999999999913403, 0.1299999999999998934, 0.7000000000000045075 ) ) ;
#2515 = PLANE ( 'NONE',  #1938 ) ;
#2516 = VERTEX_POINT ( 'NONE', #398 ) ;
#2517 = DIRECTION ( 'NONE',  ( 1.047444401652940007E-14, -0.000000000000000000, 1.000000000000000000 ) ) ;
#2518 = CLOSED_SHELL ( 'NONE', ( #1285, #2575, #486, #1802, #1004, #351 ) ) ;
#2519 = DIRECTION ( 'NONE',  ( -0.000000000000000000, 1.000000000000000000, -0.000000000000000000 ) ) ;
#2520 = DIRECTION ( 'NONE',  ( -1.000000000000000000, 0.000000000000000000, 9.235355819403107030E-15 ) ) ;
#2521 = VECTOR ( 'NONE', #1740, 1000.000000000000000 ) ;
#2522 = ADVANCED_FACE ( 'NONE', ( #355 ), #2804, .F. ) ;
#2523 = ORIENTED_EDGE ( 'NONE', *, *, #1334, .T. ) ;
#2524 = VECTOR ( 'NONE', #907, 1000.000000000000000 ) ;
#2525 = PLANE ( 'NONE',  #1155 ) ;
#2526 = DIRECTION ( 'NONE',  ( 0.000000000000000000, 1.000000000000000000, -0.000000000000000000 ) ) ;
#2527 = AXIS2_PLACEMENT_3D ( 'NONE', #856, #1715, #1960 ) ;
#2528 = EDGE_CURVE ( 'NONE', #522, #2677, #811, .T. ) ;
#2529 = VERTEX_POINT ( 'NONE', #1046 ) ;
#2530 = VECTOR ( 'NONE', #1749, 1000.000000000000000 ) ;
#2531 = DIRECTION ( 'NONE',  ( -1.078421606581097254E-14, 0.000000000000000000, -1.000000000000000000 ) ) ;
#2532 = DIRECTION ( 'NONE',  ( 0.000000000000000000, -0.000000000000000000, -1.000000000000000000 ) ) ;
#2533 = VERTEX_POINT ( 'NONE', #1489 ) ;
#2534 = STYLED_ITEM ( 'NONE', ( #2244 ), #2731 ) ;
#2535 = PLANE ( 'NONE',  #2073 ) ;
#2536 = SURFACE_STYLE_USAGE ( .BOTH. , #1033 ) ;
#2537 = PLANE ( 'NONE',  #1889 ) ;
#2538 = DIRECTION ( 'NONE',  ( 1.171353221365569152E-14, -0.000000000000000000, 1.000000000000000000 ) ) ;
#2539 = ORIENTED_EDGE ( 'NONE', *, *, #1907, .F. ) ;
#2540 = CARTESIAN_POINT ( 'NONE',  ( 0.000000000000000000, 0.1300000000000000044, 0.000000000000000000 ) ) ;
#2541 = DIRECTION ( 'NONE',  ( 0.000000000000000000, 1.000000000000000000, 0.000000000000000000 ) ) ;
#2542 = VERTEX_POINT ( 'NONE', #168 ) ;
#2543 = ORIENTED_EDGE ( 'NONE', *, *, #587, .T. ) ;
#2544 = CARTESIAN_POINT ( 'NONE',  ( 0.5000000000000076605, 0.4773110997362449703, 0.6124999999999941602 ) ) ;
#2545 = EDGE_CURVE ( 'NONE', #2045, #1687, #1059, .T. ) ;
#2546 = ORIENTED_EDGE ( 'NONE', *, *, #1750, .T. ) ;
#2547 = DIRECTION ( 'NONE',  ( -0.000000000000000000, 1.000000000000000000, -0.000000000000000000 ) ) ;
#2548 = CARTESIAN_POINT ( 'NONE',  ( 0.2000000000000038414, 0.000000000000000000, 0.2624999999999974576 ) ) ;
#2549 = PLANE ( 'NONE',  #711 ) ;
#2550 = EDGE_LOOP ( 'NONE', ( #1614, #1156, #826, #855 ) ) ;
#2551 = CARTESIAN_POINT ( 'NONE',  ( -0.4999999999999948930, 0.000000000000000000, 1.050000000000000044 ) ) ;
#2552 = DIRECTION ( 'NONE',  ( 0.000000000000000000, 1.000000000000000000, 0.000000000000000000 ) ) ;
#2553 = VERTEX_POINT ( 'NONE', #1276 ) ;
#2554 = PLANE ( 'NONE',  #655 ) ;
#2555 =( LENGTH_UNIT ( ) NAMED_UNIT ( * ) SI_UNIT ( .MILLI., .METRE. ) );
#2556 = ORIENTED_EDGE ( 'NONE', *, *, #817, .T. ) ;
#2557 = ADVANCED_FACE ( 'NONE', ( #1886 ), #1501, .T. ) ;
#2558 = CARTESIAN_POINT ( 'NONE',  ( 0.000000000000000000, 0.000000000000000000, 0.000000000000000000 ) ) ;
#2559 = EDGE_CURVE ( 'NONE', #216, #2785, #1251, .T. ) ;
#2560 = CARTESIAN_POINT ( 'NONE',  ( -0.4999999999999930611, 0.05000000000000006523, 0.7000000000000045075 ) ) ;
#2561 = ORIENTED_EDGE ( 'NONE', *, *, #62, .T. ) ;
#2562 = AXIS2_PLACEMENT_3D ( 'NONE', #1629, #2685, #2017 ) ;
#2563 = CARTESIAN_POINT ( 'NONE',  ( -0.1750000000000077049, 0.1300000000000000044, -0.6124999999999983791 ) ) ;
#2564 = CARTESIAN_POINT ( 'NONE',  ( 0.1999999999999970690, 0.1300000000000000044, -0.4375000000000024980 ) ) ;
#2565 = VERTEX_POINT ( 'NONE', #1034 ) ;
#2566 = AXIS2_PLACEMENT_3D ( 'NONE', #897, #226, #1137 ) ;
#2567 = ORIENTED_EDGE ( 'NONE', *, *, #452, .T. ) ;
#2568 = DIRECTION ( 'NONE',  ( 1.000000000000000000, -0.000000000000000000, 0.000000000000000000 ) ) ;
#2569 = AXIS2_PLACEMENT_3D ( 'NONE', #2043, #2482, #1833 ) ;
#2570 = VERTEX_POINT ( 'NONE', #1913 ) ;
#2571 = AXIS2_PLACEMENT_3D ( 'NONE', #918, #47, #976 ) ;
#2572 = CARTESIAN_POINT ( 'NONE',  ( 0.4999999999999967804, 0.000000000000000000, -0.4375000000000051625 ) ) ;
#2573 = VECTOR ( 'NONE', #1561, 1000.000000000000000 ) ;
#2574 = VECTOR ( 'NONE', #2147, 1000.000000000000000 ) ;
#2575 = ADVANCED_FACE ( 'NONE', ( #2778 ), #2549, .F. ) ;
#2576 = FACE_OUTER_BOUND ( 'NONE', #389, .T. ) ;
#2577 = PRODUCT_DEFINITION_SHAPE ( 'NONE', 'NONE',  #796 ) ;
#2578 = VERTEX_POINT ( 'NONE', #1705 ) ;
#2579 = LINE ( 'NONE', #2551, #1338 ) ;
#2580 = EDGE_CURVE ( 'NONE', #1674, #600, #2358, .T. ) ;
#2581 = DIRECTION ( 'NONE',  ( 0.000000000000000000, 0.000000000000000000, 1.000000000000000000 ) ) ;
#2582 = ORIENTED_EDGE ( 'NONE', *, *, #2625, .F. ) ;
#2583 = ORIENTED_EDGE ( 'NONE', *, *, #2366, .T. ) ;
#2584 = CARTESIAN_POINT ( 'NONE',  ( 3.666055405785290023E-15, 0.000000000000000000, 0.3499999999999999778 ) ) ;
#2585 = ORIENTED_EDGE ( 'NONE', *, *, #2696, .F. ) ;
#2586 = CARTESIAN_POINT ( 'NONE',  ( -0.1999999999999989841, 0.1300000000000000044, 0.2625000000000017319 ) ) ;
#2587 = CARTESIAN_POINT ( 'NONE',  ( -0.4999999999999913403, 0.1299999999999998934, 0.7000000000000045075 ) ) ;
#2588 = VERTEX_POINT ( 'NONE', #2560 ) ;
#2589 = ADVANCED_FACE ( 'NONE', ( #1720 ), #617, .T. ) ;
#2590 = CARTESIAN_POINT ( 'NONE',  ( 0.4999999999999943934, 0.05000000000000006523, -0.7000000000000063949 ) ) ;
#2591 = CARTESIAN_POINT ( 'NONE',  ( 0.2000000000000007050, 0.05000000000000000971, -0.08750000000000338063 ) ) ;
#2592 = ORIENTED_EDGE ( 'NONE', *, *, #2788, .F. ) ;
#2593 = EDGE_LOOP ( 'NONE', ( #1170, #1202, #818, #1269 ) ) ;
#2594 = EDGE_CURVE ( 'NONE', #1946, #2046, #2136, .T. ) ;
#2595 = DIRECTION ( 'NONE',  ( 0.000000000000000000, 1.000000000000000000, -0.000000000000000000 ) ) ;
#2596 = ORIENTED_EDGE ( 'NONE', *, *, #527, .T. ) ;
#2597 = DIRECTION ( 'NONE',  ( -1.000000000000000000, -0.000000000000000000, 1.047444401652940007E-14 ) ) ;
#2598 = CARTESIAN_POINT ( 'NONE',  ( 0.5000000000000086597, 0.1299999999999998934, 0.6999999999999942935 ) ) ;
#2599 = VERTEX_POINT ( 'NONE', #2095 ) ;
#2600 = DIRECTION ( 'NONE',  ( -0.000000000000000000, -0.000000000000000000, -1.000000000000000000 ) ) ;
#2601 = ORIENTED_EDGE ( 'NONE', *, *, #2752, .T. ) ;
#2602 = ORIENTED_EDGE ( 'NONE', *, *, #889, .T. ) ;
#2603 = VECTOR ( 'NONE', #1857, 1000.000000000000000 ) ;
#2604 = LINE ( 'NONE', #1327, #296 ) ;
#2605 = ADVANCED_FACE ( 'NONE', ( #2576 ), #410, .F. ) ;
#2606 = VECTOR ( 'NONE', #1109, 1000.000000000000000 ) ;
#2607 = EDGE_LOOP ( 'NONE', ( #1983, #2255, #49, #2800 ) ) ;
#2608 = AXIS2_PLACEMENT_3D ( 'NONE', #1007, #1463, #2331 ) ;
#2609 = DIRECTION ( 'NONE',  ( -9.028841119882058191E-15, 0.000000000000000000, -1.000000000000000000 ) ) ;
#2610 = DIRECTION ( 'NONE',  ( 1.047444401652940007E-14, -0.000000000000000000, 1.000000000000000000 ) ) ;
#2611 = ADVANCED_FACE ( 'NONE', ( #453 ), #1512, .F. ) ;
#2612 = VECTOR ( 'NONE', #651, 1000.000000000000000 ) ;
#2613 = VECTOR ( 'NONE', #1468, 1000.000000000000000 ) ;
#2614 = VECTOR ( 'NONE', #2327, 1000.000000000000000 ) ;
#2615 = EDGE_LOOP ( 'NONE', ( #550, #399, #1691, #163 ) ) ;
#2616 = DIRECTION ( 'NONE',  ( 1.000000000000000000, 0.000000000000000000, -1.047444401652940007E-14 ) ) ;
#2617 = CARTESIAN_POINT ( 'NONE',  ( 0.5000000000000000000, 0.1300000000000000044, -0.08750000000000603129 ) ) ;
#2618 = MECHANICAL_DESIGN_GEOMETRIC_PRESENTATION_REPRESENTATION (  '', ( #938 ), #2715 ) ;
#2619 = ORIENTED_EDGE ( 'NONE', *, *, #2510, .T. ) ;
#2620 = ORIENTED_EDGE ( 'NONE', *, *, #2002, .T. ) ;
#2621 =( LENGTH_UNIT ( ) NAMED_UNIT ( * ) SI_UNIT ( .MILLI., .METRE. ) );
#2622 = DIRECTION ( 'NONE',  ( 0.000000000000000000, 1.000000000000000000, 0.000000000000000000 ) ) ;
#2623 = DIRECTION ( 'NONE',  ( 0.000000000000000000, 1.000000000000000000, 0.000000000000000000 ) ) ;
#2624 = ORIENTED_EDGE ( 'NONE', *, *, #559, .T. ) ;
#2625 = EDGE_CURVE ( 'NONE', #2433, #471, #1320, .T. ) ;
#2626 = CARTESIAN_POINT ( 'NONE',  ( -0.4999999999999913403, 0.05000000000000012768, 0.7000000000000045075 ) ) ;
#2627 = CARTESIAN_POINT ( 'NONE',  ( 0.2000000000000065059, 0.04999999999999999584, 0.4374999999999976130 ) ) ;
#2628 = EDGE_CURVE ( 'NONE', #771, #2396, #209, .T. ) ;
#2629 = LINE ( 'NONE', #1952, #2209 ) ;
#2630 = LINE ( 'NONE', #2389, #1017 ) ;
#2631 = LINE ( 'NONE', #2205, #2484 ) ;
#2632 = EDGE_LOOP ( 'NONE', ( #926, #781, #1516, #1096 ) ) ;
#2633 = ORIENTED_EDGE ( 'NONE', *, *, #2259, .F. ) ;
#2634 = CARTESIAN_POINT ( 'NONE',  ( -0.4999999999999963363, 0.000000000000000000, 0.4375000000000049405 ) ) ;
#2635 = LINE ( 'NONE', #1372, #2206 ) ;
#2636 = CARTESIAN_POINT ( 'NONE',  ( 0.000000000000000000, 0.000000000000000000, -0.6125000000000053735 ) ) ;
#2637 = ORIENTED_EDGE ( 'NONE', *, *, #992, .F. ) ;
#2638 = CARTESIAN_POINT ( 'NONE',  ( -0.1000000000000069167, 0.1300000000000000044, -0.5374999999999990896 ) ) ;
#2639 = DIRECTION ( 'NONE',  ( -0.000000000000000000, -1.000000000000000000, 0.000000000000000000 ) ) ;
#2640 = EDGE_CURVE ( 'NONE', #684, #2686, #905, .T. ) ;
#2641 = DIRECTION ( 'NONE',  ( -0.000000000000000000, -1.000000000000000000, -0.000000000000000000 ) ) ;
#2642 = EDGE_CURVE ( 'NONE', #2471, #1240, #1120, .T. ) ;
#2643 = UNCERTAINTY_MEASURE_WITH_UNIT (LENGTH_MEASURE( 1.000000000000000082E-05 ), #2621, 'distance_accuracy_value', 'NONE');
#2644 = DIRECTION ( 'NONE',  ( 0.000000000000000000, 0.000000000000000000, -1.000000000000000000 ) ) ;
#2645 = CARTESIAN_POINT ( 'NONE',  ( -0.1750000000000077049, 0.000000000000000000, -0.6124999999999983791 ) ) ;
#2646 = CARTESIAN_POINT ( 'NONE',  ( -0.1999999999999990952, 0.1300000000000000044, 0.2625000000000017319 ) ) ;
#2647 = ORIENTED_EDGE ( 'NONE', *, *, #1933, .T. ) ;
#2648 = FILL_AREA_STYLE ('',( #880 ) ) ;
#2649 = CARTESIAN_POINT ( 'NONE',  ( 0.5000000000000076605, 0.000000000000000000, 1.050000000000000044 ) ) ;
#2650 = CARTESIAN_POINT ( 'NONE',  ( 0.5000000000000063283, 0.000000000000000000, 0.4374999999999945599 ) ) ;
#2651 = ORIENTED_EDGE ( 'NONE', *, *, #1555, .F. ) ;
#2652 = VECTOR ( 'NONE', #2051, 1000.000000000000000 ) ;
#2653 = CARTESIAN_POINT ( 'NONE',  ( -0.1000000000000061257, 0.000000000000000000, -0.4374999999999992228 ) ) ;
#2654 = DIRECTION ( 'NONE',  ( -1.047444401652940007E-14, 0.000000000000000000, -1.000000000000000000 ) ) ;
#2655 = VECTOR ( 'NONE', #1281, 1000.000000000000000 ) ;
#2656 = PLANE ( 'NONE',  #2562 ) ;
#2657 = VECTOR ( 'NONE', #2740, 1000.000000000000000 ) ;
#2658 = AXIS2_PLACEMENT_3D ( 'NONE', #1393, #2296, #2532 ) ;
#2659 = LINE ( 'NONE', #1637, #192 ) ;
#2660 = VECTOR ( 'NONE', #31, 1000.000000000000000 ) ;
#2661 = EDGE_CURVE ( 'NONE', #2825, #326, #642, .T. ) ;
#2662 = CARTESIAN_POINT ( 'NONE',  ( 0.5000000000000034417, 0.1300000000000000044, 0.2624999999999939604 ) ) ;
#2663 = VECTOR ( 'NONE', #1194, 1000.000000000000000 ) ;
#2664 = VERTEX_POINT ( 'NONE', #422 ) ;
#2665 =( NAMED_UNIT ( * ) SI_UNIT ( $, .STERADIAN. ) SOLID_ANGLE_UNIT ( ) );
#2666 = LINE ( 'NONE', #1536, #160 ) ;
#2667 = ORIENTED_EDGE ( 'NONE', *, *, #2188, .T. ) ;
#2668 = VERTEX_POINT ( 'NONE', #1771 ) ;
#2669 = CARTESIAN_POINT ( 'NONE',  ( -0.5000000000000065503, 0.4000000000000000222, 0.000000000000000000 ) ) ;
#2670 = CARTESIAN_POINT ( 'NONE',  ( 0.4999999999999948930, 2.520465053408526224, -0.6125000000000053735 ) ) ;
#2671 = LINE ( 'NONE', #1600, #2790 ) ;
#2672 = ORIENTED_EDGE ( 'NONE', *, *, #1233, .T. ) ;
#2673 = CARTESIAN_POINT ( 'NONE',  ( 0.1999999999999950429, 0.000000000000000000, -0.6125000000000030420 ) ) ;
#2674 = CARTESIAN_POINT ( 'NONE',  ( -0.1999999999999970690, 0.4773110997362449703, 0.4375000000000018319 ) ) ;
#2675 = DIRECTION ( 'NONE',  ( -0.000000000000000000, 1.000000000000000000, -0.000000000000000000 ) ) ;
#2676 = EDGE_CURVE ( 'NONE', #2396, #785, #1756, .T. ) ;
#2677 = VERTEX_POINT ( 'NONE', #1099 ) ;
#2678 = DIRECTION ( 'NONE',  ( 0.000000000000000000, 1.000000000000000000, 0.000000000000000000 ) ) ;
#2679 = CARTESIAN_POINT ( 'NONE',  ( 1.099816621735587165E-14, 0.000000000000000000, 1.050000000000000044 ) ) ;
#2680 = EDGE_CURVE ( 'NONE', #2553, #1140, #850, .T. ) ;
#2681 = ORIENTED_EDGE ( 'NONE', *, *, #1955, .F. ) ;
#2682 = ORIENTED_EDGE ( 'NONE', *, *, #2078, .T. ) ;
#2683 = LINE ( 'NONE', #1644, #835 ) ;
#2684 = LINE ( 'NONE', #262, #1675 ) ;
#2685 = DIRECTION ( 'NONE',  ( 1.047444401652940007E-14, -0.000000000000000000, 1.000000000000000000 ) ) ;
#2686 = VERTEX_POINT ( 'NONE', #1075 ) ;
#2687 = CARTESIAN_POINT ( 'NONE',  ( 0.1999999999999955425, 0.04999999999999999584, -0.6125000000000022649 ) ) ;
#2688 = DIRECTION ( 'NONE',  ( 0.000000000000000000, 0.000000000000000000, 1.000000000000000000 ) ) ;
#2689 = ORIENTED_EDGE ( 'NONE', *, *, #2140, .F. ) ;
#2690 = CARTESIAN_POINT ( 'NONE',  ( -0.1000000000000069028, -2.710505431213761085E-17, -0.5374999999999990896 ) ) ;
#2691 = DIRECTION ( 'NONE',  ( 0.000000000000000000, -1.000000000000000000, 0.000000000000000000 ) ) ;
#2692 = ORIENTED_EDGE ( 'NONE', *, *, #1254, .F. ) ;
#2693 = ORIENTED_EDGE ( 'NONE', *, *, #2628, .T. ) ;
#2694 = FACE_OUTER_BOUND ( 'NONE', #2025, .T. ) ;
#2695 = EDGE_CURVE ( 'NONE', #522, #732, #2629, .T. ) ;
#2696 = EDGE_CURVE ( 'NONE', #467, #2225, #1734, .T. ) ;
#2697 = LINE ( 'NONE', #2268, #1205 ) ;
#2698 = LINE ( 'NONE', #945, #1524 ) ;
#2699 = EDGE_LOOP ( 'NONE', ( #2405, #1325, #442, #741 ) ) ;
#2700 = AXIS2_PLACEMENT_3D ( 'NONE', #1995, #1787, #2644 ) ;
#2701 = EDGE_CURVE ( 'NONE', #1780, #1847, #33, .T. ) ;
#2702 = PLANE ( 'NONE',  #805 ) ;
#2703 = VECTOR ( 'NONE', #721, 1000.000000000000000 ) ;
#2704 = CARTESIAN_POINT ( 'NONE',  ( 0.5000000000000077716, 2.520465053408526224, 0.6124999999999942712 ) ) ;
#2705 = VECTOR ( 'NONE', #1925, 1000.000000000000000 ) ;
#2706 = DIRECTION ( 'NONE',  ( 1.000000000000000000, 0.000000000000000000, -1.047444401652940007E-14 ) ) ;
#2707 = AXIS2_PLACEMENT_3D ( 'NONE', #190, #165, #2382 ) ;
#2708 = VERTEX_POINT ( 'NONE', #1544 ) ;
#2709 = DIRECTION ( 'NONE',  ( 0.000000000000000000, 1.000000000000000000, 0.000000000000000000 ) ) ;
#2710 = LINE ( 'NONE', #1181, #1531 ) ;
#2711 = VECTOR ( 'NONE', #2771, 1000.000000000000000 ) ;
#2712 = CARTESIAN_POINT ( 'NONE',  ( 0.000000000000000000, 0.000000000000000000, 0.000000000000000000 ) ) ;
#2713 = VECTOR ( 'NONE', #1962, 1000.000000000000000 ) ;
#2714 = LINE ( 'NONE', #749, #2426 ) ;
#2715 =( GEOMETRIC_REPRESENTATION_CONTEXT ( 3 ) GLOBAL_UNCERTAINTY_ASSIGNED_CONTEXT ( ( #1772 ) ) GLOBAL_UNIT_ASSIGNED_CONTEXT ( ( #2459, #1472, #377 ) ) REPRESENTATION_CONTEXT ( 'NONE', 'WORKASPACE' ) );
#2716 = LINE ( 'NONE', #764, #1432 ) ;
#2717 = ORIENTED_EDGE ( 'NONE', *, *, #1635, .F. ) ;
#2718 = EDGE_CURVE ( 'NONE', #2046, #640, #1133, .T. ) ;
#2719 = LINE ( 'NONE', #766, #63 ) ;
#2720 = FILL_AREA_STYLE ('',( #322 ) ) ;
#2721 = EDGE_CURVE ( 'NONE', #658, #950, #692, .T. ) ;
#2722 = FACE_OUTER_BOUND ( 'NONE', #597, .T. ) ;
#2723 = CARTESIAN_POINT ( 'NONE',  ( 0.5000000000000045519, 0.05000000000000004441, 0.2624999999999939604 ) ) ;
#2724 = ORIENTED_EDGE ( 'NONE', *, *, #98, .T. ) ;
#2725 = MANIFOLD_SOLID_BREP ( 'LPattern3[1]', #697 ) ;
#2726 = DIRECTION ( 'NONE',  ( -1.047444401652940007E-14, 0.000000000000000000, -1.000000000000000000 ) ) ;
#2727 = CARTESIAN_POINT ( 'NONE',  ( -0.4999999999999954481, 0.4000000000000001332, 0.7000000000000045075 ) ) ;
#2728 = ORIENTED_EDGE ( 'NONE', *, *, #2774, .T. ) ;
#2729 = CARTESIAN_POINT ( 'NONE',  ( 0.2000000000000007050, 0.1300000000000000044, -0.08750000000000249245 ) ) ;
#2730 = LINE ( 'NONE', #89, #201 ) ;
#2731 = MANIFOLD_SOLID_BREP ( 'LPattern3[4]', #1101 ) ;
#2732 = ORIENTED_EDGE ( 'NONE', *, *, #2325, .T. ) ;
#2733 = LINE ( 'NONE', #1471, #1673 ) ;
#2734 = EDGE_CURVE ( 'NONE', #1431, #732, #933, .T. ) ;
#2735 = DIRECTION ( 'NONE',  ( -1.192004691317674036E-14, 0.000000000000000000, -1.000000000000000000 ) ) ;
#2736 = DIRECTION ( 'NONE',  ( 1.000000000000000000, 0.000000000000000000, -1.078421606581097254E-14 ) ) ;
#2737 = ADVANCED_FACE ( 'NONE', ( #1843 ), #2702, .F. ) ;
#2738 = DIRECTION ( 'NONE',  ( -1.000000000000000000, 0.000000000000000000, -0.000000000000000000 ) ) ;
#2739 = ORIENTED_EDGE ( 'NONE', *, *, #2328, .T. ) ;
#2740 = DIRECTION ( 'NONE',  ( 1.171353221365569152E-14, -0.000000000000000000, 1.000000000000000000 ) ) ;
#2741 = FACE_OUTER_BOUND ( 'NONE', #1556, .T. ) ;
#2742 = EDGE_LOOP ( 'NONE', ( #2304, #2583 ) ) ;
#2743 = DIRECTION ( 'NONE',  ( -1.000000000000000000, 0.000000000000000000, 9.028841119882058191E-15 ) ) ;
#2744 = VERTEX_POINT ( 'NONE', #2673 ) ;
#2745 = DIRECTION ( 'NONE',  ( -0.000000000000000000, 0.000000000000000000, 1.000000000000000000 ) ) ;
#2746 = LINE ( 'NONE', #1485, #440 ) ;
#2747 = CLOSED_SHELL ( 'NONE', ( #2822, #1885, #1572, #541, #473, #1038, #309 ) ) ;
#2748 = DIRECTION ( 'NONE',  ( 9.235355819403107030E-15, 0.000000000000000000, 1.000000000000000000 ) ) ;
#2749 = CARTESIAN_POINT ( 'NONE',  ( 0.2000000000000043687, 0.1300000000000000044, 0.2624999999999975686 ) ) ;
#2750 = VECTOR ( 'NONE', #1598, 1000.000000000000000 ) ;
#2751 = ORIENTED_EDGE ( 'NONE', *, *, #2297, .F. ) ;
#2752 = EDGE_CURVE ( 'NONE', #2383, #229, #755, .T. ) ;
#2753 = VECTOR ( 'NONE', #2104, 1000.000000000000000 ) ;
#2754 = MANIFOLD_SOLID_BREP ( 'Boss-Extrude3', #2747 ) ;
#2755 = DIRECTION ( 'NONE',  ( 0.000000000000000000, -0.000000000000000000, -1.000000000000000000 ) ) ;
#2756 = FACE_OUTER_BOUND ( 'NONE', #504, .T. ) ;
#2757 = VECTOR ( 'NONE', #1923, 1000.000000000000000 ) ;
#2758 = ORIENTED_EDGE ( 'NONE', *, *, #1968, .T. ) ;
#2759 = EDGE_CURVE ( 'NONE', #2393, #627, #542, .T. ) ;
#2760 = VECTOR ( 'NONE', #984, 1000.000000000000000 ) ;
#2761 = DIRECTION ( 'NONE',  ( 0.000000000000000000, 1.000000000000000000, -0.000000000000000000 ) ) ;
#2762 = MANIFOLD_SOLID_BREP ( 'LPattern3[2]', #2518 ) ;
#2763 = ORIENTED_EDGE ( 'NONE', *, *, #1358, .T. ) ;
#2764 = CARTESIAN_POINT ( 'NONE',  ( 0.2000000000000065337, 0.1300000000000000044, 0.4374999999999976130 ) ) ;
#2765 = VECTOR ( 'NONE', #590, 1000.000000000000000 ) ;
#2766 = CARTESIAN_POINT ( 'NONE',  ( 0.2000000000000079770, 0.4773110997362449703, 0.6124999999999976019 ) ) ;
#2767 = CARTESIAN_POINT ( 'NONE',  ( -0.4999999999999913403, 2.520465053408526224, 0.7000000000000045075 ) ) ;
#2768 = LINE ( 'NONE', #2108, #2301 ) ;
#2769 = ORIENTED_EDGE ( 'NONE', *, *, #272, .T. ) ;
#2770 = FACE_OUTER_BOUND ( 'NONE', #465, .T. ) ;
#2771 = DIRECTION ( 'NONE',  ( 0.000000000000000000, 1.000000000000000000, -0.000000000000000000 ) ) ;
#2772 = ADVANCED_FACE ( 'NONE', ( #630 ), #2092, .F. ) ;
#2773 = VERTEX_POINT ( 'NONE', #777 ) ;
#2774 = EDGE_CURVE ( 'NONE', #2744, #2481, #2746, .T. ) ;
#2775 = VERTEX_POINT ( 'NONE', #366 ) ;
#2776 = DIRECTION ( 'NONE',  ( -1.000000000000000000, -0.000000000000000000, 1.047444401652940007E-14 ) ) ;
#2777 = CARTESIAN_POINT ( 'NONE',  ( 0.2000000000000080602, 0.4773110997362449703, 0.6124999999999976019 ) ) ;
#2778 = FACE_OUTER_BOUND ( 'NONE', #1506, .T. ) ;
#2779 = ORIENTED_EDGE ( 'NONE', *, *, #1937, .T. ) ;
#2780 = MANIFOLD_SOLID_BREP ( 'Boss-Extrude4', #2473 ) ;
#2781 = CARTESIAN_POINT ( 'NONE',  ( 3.666055405785290023E-15, 0.000000000000000000, -0.08749999999999827360 ) ) ;
#2782 = ORIENTED_EDGE ( 'NONE', *, *, #1168, .T. ) ;
#2783 = DIRECTION ( 'NONE',  ( 0.000000000000000000, -0.000000000000000000, -1.000000000000000000 ) ) ;
#2784 = FACE_OUTER_BOUND ( 'NONE', #1466, .T. ) ;
#2785 = VERTEX_POINT ( 'NONE', #2650 ) ;
#2786 = ADVANCED_FACE ( 'NONE', ( #1971 ), #2341, .F. ) ;
#2787 = FACE_OUTER_BOUND ( 'NONE', #613, .T. ) ;
#2788 = EDGE_CURVE ( 'NONE', #159, #2744, #1343, .T. ) ;
#2789 = CARTESIAN_POINT ( 'NONE',  ( 0.000000000000000000, 0.1300000000000000044, -0.4374999999999992228 ) ) ;
#2790 = VECTOR ( 'NONE', #723, 1000.000000000000000 ) ;
#2791 = ORIENTED_EDGE ( 'NONE', *, *, #1615, .T. ) ;
#2792 = AXIS2_PLACEMENT_3D ( 'NONE', #2767, #2736, #778 ) ;
#2793 = CARTESIAN_POINT ( 'NONE',  ( 0.2000000000000006772, 0.1300000000000000044, -0.08750000000000342226 ) ) ;
#2794 = DIRECTION ( 'NONE',  ( 0.000000000000000000, 1.000000000000000000, 0.000000000000000000 ) ) ;
#2795 = VECTOR ( 'NONE', #2267, 1000.000000000000000 ) ;
#2796 = ORIENTED_EDGE ( 'NONE', *, *, #1611, .F. ) ;
#2797 = CARTESIAN_POINT ( 'NONE',  ( -0.1999999999999970690, 0.1300000000000000044, 1.050000000000000044 ) ) ;
#2798 = CARTESIAN_POINT ( 'NONE',  ( 0.2000000000000043687, 0.05000000000000000278, 0.000000000000000000 ) ) ;
#2799 = VECTOR ( 'NONE', #1514, 1000.000000000000000 ) ;
#2800 = ORIENTED_EDGE ( 'NONE', *, *, #62, .F. ) ;
#2801 = CIRCLE ( 'NONE', #1019, 0.06095037913799426776 ) ;
#2802 = DIRECTION ( 'NONE',  ( 0.000000000000000000, 0.000000000000000000, 1.000000000000000000 ) ) ;
#2803 = EDGE_CURVE ( 'NONE', #954, #449, #2181, .T. ) ;
#2804 = PLANE ( 'NONE',  #2032 ) ;
#2805 = EDGE_CURVE ( 'NONE', #1667, #2373, #1779, .T. ) ;
#2806 = VECTOR ( 'NONE', #2623, 1000.000000000000000 ) ;
#2807 = ORIENTED_EDGE ( 'NONE', *, *, #1323, .F. ) ;
#2808 = DIRECTION ( 'NONE',  ( 1.000000000000000000, 0.000000000000000000, -1.047444401652940007E-14 ) ) ;
#2809 = CARTESIAN_POINT ( 'NONE',  ( -0.3207826455877751393, 0.4000000000000000222, -0.5423021424633100995 ) ) ;
#2810 = VERTEX_POINT ( 'NONE', #1609 ) ;
#2811 = ORIENTED_EDGE ( 'NONE', *, *, #716, .F. ) ;
#2812 = LINE ( 'NONE', #2797, #194 ) ;
#2813 = ORIENTED_EDGE ( 'NONE', *, *, #1219, .T. ) ;
#2814 = CARTESIAN_POINT ( 'NONE',  ( -0.1000000000000069028, 0.1300000000000000044, -0.5374999999999990896 ) ) ;
#2815 = ORIENTED_EDGE ( 'NONE', *, *, #1054, .T. ) ;
#2816 =( LENGTH_UNIT ( ) NAMED_UNIT ( * ) SI_UNIT ( .MILLI., .METRE. ) );
#2817 = CARTESIAN_POINT ( 'NONE',  ( -0.2000000000000027867, 0.1300000000000000044, -0.08749999999999828748 ) ) ;
#2818 = EDGE_CURVE ( 'NONE', #2225, #2529, #228, .T. ) ;
#2819 = DIRECTION ( 'NONE',  ( -0.000000000000000000, -1.000000000000000000, 0.000000000000000000 ) ) ;
#2820 = ORIENTED_EDGE ( 'NONE', *, *, #2348, .T. ) ;
#2821 = ORIENTED_EDGE ( 'NONE', *, *, #649, .F. ) ;
#2822 = ADVANCED_FACE ( 'NONE', ( #1328 ), #1565, .T. ) ;
#2823 = CARTESIAN_POINT ( 'NONE',  ( 0.000000000000000000, 0.000000000000000000, -0.4375000000000024980 ) ) ;
#2824 = LINE ( 'NONE', #1595, #843 ) ;
#2825 = VERTEX_POINT ( 'NONE', #490 ) ;
#2826 = CARTESIAN_POINT ( 'NONE',  ( 1.099816621735587165E-14, 0.1300000000000000044, 0.6125000000000017097 ) ) ;
#2827 = LINE ( 'NONE', #1246, #2339 ) ;
ENDSEC;
END-ISO-10303-21;
