ISO-10303-21;
HEADER;
FILE_DESCRIPTION (( 'STEP AP214' ),
    '1' );
FILE_NAME ('DCY4.STEP',
    '2020-08-11T09:17:50',
    ( '' ),
    ( '' ),
    'SwSTEP 2.0',
    'SolidWorks 2017',
    '' );
FILE_SCHEMA (( 'AUTOMOTIVE_DESIGN' ));
ENDSEC;

DATA;
#1 = VECTOR ( 'NONE', #16, 1000.000000000000000 ) ;
#2 = CIRCLE ( 'NONE', #81, 0.04181271025416452600 ) ;
#3 = ADVANCED_FACE ( 'NONE', ( #1361 ), #443, .F. ) ;
#4 = DIRECTION ( 'NONE',  ( 0.0000000000000000000, 0.0000000000000000000, -1.000000000000000000 ) ) ;
#5 = VECTOR ( 'NONE', #734, 1000.000000000000000 ) ;
#6 = CARTESIAN_POINT ( 'NONE',  ( 2.165000000000000000, 0.3600664292851508700, 3.052405029100952100 ) ) ;
#7 = LINE ( 'NONE', #1697, #825 ) ;
#8 = DIRECTION ( 'NONE',  ( 0.0000000000000000000, -0.08715574274765150500, 0.9961946980917461000 ) ) ;
#9 = ORIENTED_EDGE ( 'NONE', *, *, #1679, .F. ) ;
#10 = AXIS2_PLACEMENT_3D ( 'NONE', #185, #1328, #342 ) ;
#11 = CARTESIAN_POINT ( 'NONE',  ( -1.684999999999999800, 0.4848539564125016200, 2.620023993606740200 ) ) ;
#12 = ORIENTED_EDGE ( 'NONE', *, *, #653, .F. ) ;
#13 = AXIS2_PLACEMENT_3D ( 'NONE', #1087, #121, #1072 ) ;
#14 = ORIENTED_EDGE ( 'NONE', *, *, #76, .T. ) ;
#15 = PLANE ( 'NONE',  #922 ) ;
#16 = DIRECTION ( 'NONE',  ( -1.000000000000000000, -0.0000000000000000000, -0.0000000000000000000 ) ) ;
#17 = ORIENTED_EDGE ( 'NONE', *, *, #160, .T. ) ;
#18 = EDGE_CURVE ( 'NONE', #1527, #655, #1523, .T. ) ;
#19 = ORIENTED_EDGE ( 'NONE', *, *, #134, .F. ) ;
#20 = PLANE ( 'NONE',  #2028 ) ;
#21 = CARTESIAN_POINT ( 'NONE',  ( 0.6150000000000001000, 0.3600664292851508700, 3.052405029100952100 ) ) ;
#22 = CARTESIAN_POINT ( 'NONE',  ( -0.1349999999999997000, 0.3184128290171057100, 3.048760811282458200 ) ) ;
#23 = EDGE_CURVE ( 'NONE', #1588, #1973, #1336, .T. ) ;
#24 = VECTOR ( 'NONE', #1968, 1000.000000000000000 ) ;
#25 = ADVANCED_FACE ( 'NONE', ( #359 ), #1252, .F. ) ;
#26 = AXIS2_PLACEMENT_3D ( 'NONE', #179, #358, #986 ) ;
#27 = VECTOR ( 'NONE', #1400, 1000.000000000000000 ) ;
#28 = CIRCLE ( 'NONE', #1468, 0.3218127102541644100 ) ;
#29 = LINE ( 'NONE', #1455, #947 ) ;
#30 = DIRECTION ( 'NONE',  ( -0.0000000000000000000, 0.9396926207859096500, -0.3420201433256652200 ) ) ;
#31 = CARTESIAN_POINT ( 'NONE',  ( -1.500000000000000000, 0.3600664292851508700, -3.052405029100952100 ) ) ;
#32 = LINE ( 'NONE', #1592, #2073 ) ;
#33 = EDGE_CURVE ( 'NONE', #1428, #312, #417, .T. ) ;
#34 = DIRECTION ( 'NONE',  ( 0.0000000000000000000, -0.9396926207859096500, 0.3420201433256652200 ) ) ;
#35 = VERTEX_POINT ( 'NONE', #275 ) ;
#36 = AXIS2_PLACEMENT_3D ( 'NONE', #1200, #887, #705 ) ;
#37 = ORIENTED_EDGE ( 'NONE', *, *, #591, .F. ) ;
#38 = ORIENTED_EDGE ( 'NONE', *, *, #1521, .F. ) ;
#39 = CARTESIAN_POINT ( 'NONE',  ( 0.6150000000000001000, 0.3184128290171057100, 3.048760811282458200 ) ) ;
#40 = ORIENTED_EDGE ( 'NONE', *, *, #976, .T. ) ;
#41 = ORIENTED_EDGE ( 'NONE', *, *, #1144, .F. ) ;
#42 = AXIS2_PLACEMENT_3D ( 'NONE', #860, #682, #1163 ) ;
#43 = CARTESIAN_POINT ( 'NONE',  ( -3.250000000000000900, 0.1000000000000000500, -1.674767154897717700 ) ) ;
#44 = VERTEX_POINT ( 'NONE', #937 ) ;
#45 = CARTESIAN_POINT ( 'NONE',  ( -1.684999999999999800, 0.3600664292851508700, 3.052405029100952100 ) ) ;
#46 = ORIENTED_EDGE ( 'NONE', *, *, #64, .T. ) ;
#47 = VERTEX_POINT ( 'NONE', #785 ) ;
#48 = CARTESIAN_POINT ( 'NONE',  ( 0.6150000000000001000, 0.8066666666666662000, 1.750000000000000000 ) ) ;
#49 = EDGE_CURVE ( 'NONE', #47, #192, #1441, .T. ) ;
#50 = FACE_OUTER_BOUND ( 'NONE', #2025, .T. ) ;
#51 = EDGE_CURVE ( 'NONE', #1632, #468, #32, .T. ) ;
#52 = VECTOR ( 'NONE', #1902, 1000.000000000000000 ) ;
#53 = FILL_AREA_STYLE ('',( #1366 ) ) ;
#54 = DIRECTION ( 'NONE',  ( 1.000000000000000000, 0.0000000000000000000, 0.0000000000000000000 ) ) ;
#55 = FACE_OUTER_BOUND ( 'NONE', #167, .T. ) ;
#56 = DIRECTION ( 'NONE',  ( 0.1710878697460359000, -0.9702875252478137000, 0.1710878697460358500 ) ) ;
#57 = CARTESIAN_POINT ( 'NONE',  ( 2.165000000000000000, 0.3457656401311868800, 3.013113933820054300 ) ) ;
#58 = VECTOR ( 'NONE', #1936, 1000.000000000000000 ) ;
#59 = CARTESIAN_POINT ( 'NONE',  ( -2.434999999999999600, 0.5266666666666662800, 1.750000000000000000 ) ) ;
#60 = DIRECTION ( 'NONE',  ( 0.0000000000000000000, 0.9396926207859082100, -0.3420201433256696600 ) ) ;
#61 = EDGE_LOOP ( 'NONE', ( #1615, #469, #1053, #532 ) ) ;
#62 = DIRECTION ( 'NONE',  ( 0.0000000000000000000, 0.9848077530122080200, -0.1736481776669307200 ) ) ;
#63 = ORIENTED_EDGE ( 'NONE', *, *, #1747, .F. ) ;
#64 = EDGE_CURVE ( 'NONE', #1555, #951, #1630, .T. ) ;
#65 = DIRECTION ( 'NONE',  ( 0.0000000000000000000, -1.246175025577024400E-016, 1.000000000000000000 ) ) ;
#66 = ORIENTED_EDGE ( 'NONE', *, *, #485, .T. ) ;
#67 = AXIS2_PLACEMENT_3D ( 'NONE', #473, #637, #1435 ) ;
#68 = DIRECTION ( 'NONE',  ( -1.000000000000000000, -0.0000000000000000000, -0.0000000000000000000 ) ) ;
#69 = CARTESIAN_POINT ( 'NONE',  ( -3.250000000000000900, 0.8066666666666662000, -1.749999999999996200 ) ) ;
#70 = ORIENTED_EDGE ( 'NONE', *, *, #458, .F. ) ;
#71 = DIRECTION ( 'NONE',  ( 1.000000000000000000, 0.0000000000000000000, -0.0000000000000000000 ) ) ;
#72 = EDGE_LOOP ( 'NONE', ( #1009, #12, #311, #652 ) ) ;
#73 = CARTESIAN_POINT ( 'NONE',  ( -1.684999999999999800, 0.4991547455664655500, 2.659315088887638500 ) ) ;
#74 = PLANE ( 'NONE',  #1472 ) ;
#75 = LINE ( 'NONE', #1636, #1750 ) ;
#76 = EDGE_CURVE ( 'NONE', #1247, #904, #307, .T. ) ;
#77 = CARTESIAN_POINT ( 'NONE',  ( 0.6150000000000001000, 0.5266666666666661700, 2.620023993606740200 ) ) ;
#78 = FACE_OUTER_BOUND ( 'NONE', #265, .T. ) ;
#79 = VECTOR ( 'NONE', #441, 1000.000000000000000 ) ;
#80 = PLANE ( 'NONE',  #392 ) ;
#81 = AXIS2_PLACEMENT_3D ( 'NONE', #1951, #1394, #586 ) ;
#82 = LINE ( 'NONE', #1039, #1329 ) ;
#83 = CARTESIAN_POINT ( 'NONE',  ( -3.250000000000000000, 0.8066666666666662000, 1.750000000000000000 ) ) ;
#84 = FACE_OUTER_BOUND ( 'NONE', #451, .T. ) ;
#85 = DIRECTION ( 'NONE',  ( 0.0000000000000000000, -1.246175025577024400E-016, 1.000000000000000000 ) ) ;
#86 = AXIS2_PLACEMENT_3D ( 'NONE', #1696, #1857, #230 ) ;
#87 = DIRECTION ( 'NONE',  ( 0.0000000000000000000, 0.0000000000000000000, 1.000000000000000000 ) ) ;
#88 = CARTESIAN_POINT ( 'NONE',  ( 3.249999999999998700, 0.8066666666666662000, -1.750000000000000000 ) ) ;
#89 = VERTEX_POINT ( 'NONE', #1942 ) ;
#90 = VERTEX_POINT ( 'NONE', #923 ) ;
#91 = CARTESIAN_POINT ( 'NONE',  ( -1.500000000000000000, 0.5266666666666662800, -1.750000000000000000 ) ) ;
#92 = DIRECTION ( 'NONE',  ( -1.000000000000000000, -0.0000000000000000000, -0.0000000000000000000 ) ) ;
#93 = ORIENTED_EDGE ( 'NONE', *, *, #733, .F. ) ;
#94 = ORIENTED_EDGE ( 'NONE', *, *, #345, .T. ) ;
#95 = EDGE_CURVE ( 'NONE', #1077, #1587, #578, .T. ) ;
#96 = ORIENTED_EDGE ( 'NONE', *, *, #1664, .F. ) ;
#97 = UNCERTAINTY_MEASURE_WITH_UNIT (LENGTH_MEASURE( 1.000000000000000100E-005 ), #368, 'distance_accuracy_value', 'NONE');
#98 = ORIENTED_EDGE ( 'NONE', *, *, #210, .T. ) ;
#99 = CARTESIAN_POINT ( 'NONE',  ( 2.165000000000000000, 0.4991547455664655500, 2.659315088887638500 ) ) ;
#100 = CARTESIAN_POINT ( 'NONE',  ( -1.684999999999999800, 0.2789345154656889800, 3.500000000000000000 ) ) ;
#101 = ORIENTED_EDGE ( 'NONE', *, *, #289, .T. ) ;
#102 = VECTOR ( 'NONE', #1296, 1000.000000000000200 ) ;
#103 = CARTESIAN_POINT ( 'NONE',  ( 0.6150000000000001000, 0.4991547455664655500, 2.659315088887638500 ) ) ;
#104 = EDGE_CURVE ( 'NONE', #527, #89, #238, .T. ) ;
#105 = FILL_AREA_STYLE_COLOUR ( '', #1386 ) ;
#106 = FACE_OUTER_BOUND ( 'NONE', #1948, .T. ) ;
#107 = CARTESIAN_POINT ( 'NONE',  ( -1.684999999999999800, 0.4991547455664656600, 2.659315088887638500 ) ) ;
#108 = CARTESIAN_POINT ( 'NONE',  ( -1.684999999999999800, 0.8066666666666662000, 1.750000000000000000 ) ) ;
#109 = VECTOR ( 'NONE', #1333, 1000.000000000000000 ) ;
#110 =( GEOMETRIC_REPRESENTATION_CONTEXT ( 3 ) GLOBAL_UNCERTAINTY_ASSIGNED_CONTEXT ( ( #1491 ) ) GLOBAL_UNIT_ASSIGNED_CONTEXT ( ( #626, #786, #946 ) ) REPRESENTATION_CONTEXT ( 'NONE', 'WORKASPACE' ) );
#111 = VECTOR ( 'NONE', #1365, 1000.000000000000000 ) ;
#112 = CARTESIAN_POINT ( 'NONE',  ( -3.250000000000000000, 0.8066666666666662000, 1.750000000000000000 ) ) ;
#113 = DIRECTION ( 'NONE',  ( 0.0000000000000000000, 0.0000000000000000000, -1.000000000000000000 ) ) ;
#114 = VECTOR ( 'NONE', #1582, 1000.000000000000000 ) ;
#115 = ADVANCED_FACE ( 'NONE', ( #547 ), #1962, .T. ) ;
#116 = EDGE_LOOP ( 'NONE', ( #1038, #1448, #633, #838 ) ) ;
#117 = DIRECTION ( 'NONE',  ( 0.0000000000000000000, 1.246175025577024400E-016, -1.000000000000000000 ) ) ;
#118 = ORIENTED_EDGE ( 'NONE', *, *, #715, .F. ) ;
#119 = DIRECTION ( 'NONE',  ( 0.1710878697460359000, 0.9702875252478137000, 0.1710878697460358500 ) ) ;
#120 = VERTEX_POINT ( 'NONE', #437 ) ;
#121 = DIRECTION ( 'NONE',  ( 0.0000000000000000000, 0.0000000000000000000, 1.000000000000000000 ) ) ;
#122 = VERTEX_POINT ( 'NONE', #766 ) ;
#123 = AXIS2_PLACEMENT_3D ( 'NONE', #2038, #394, #722 ) ;
#124 = ORIENTED_EDGE ( 'NONE', *, *, #1393, .F. ) ;
#125 = VERTEX_POINT ( 'NONE', #919 ) ;
#126 = PRODUCT_DEFINITION_FORMATION_WITH_SPECIFIED_SOURCE ( 'ANY', '', #1845, .NOT_KNOWN. ) ;
#127 = LINE ( 'NONE', #1807, #1723 ) ;
#128 = CARTESIAN_POINT ( 'NONE',  ( 3.249999999999998700, 0.5266666666666662800, -1.750000000000000000 ) ) ;
#129 = FACE_OUTER_BOUND ( 'NONE', #1786, .T. ) ;
#130 = CARTESIAN_POINT ( 'NONE',  ( 1.500000000000000000, 0.8066666666666662000, -1.750000000000000000 ) ) ;
#131 = VECTOR ( 'NONE', #1551, 1000.000000000000000 ) ;
#132 = ADVANCED_FACE ( 'NONE', ( #673 ), #138, .F. ) ;
#133 = EDGE_CURVE ( 'NONE', #263, #120, #1577, .T. ) ;
#134 = EDGE_CURVE ( 'NONE', #1896, #499, #648, .T. ) ;
#135 = LINE ( 'NONE', #859, #331 ) ;
#136 = CIRCLE ( 'NONE', #332, 0.3218127102541644100 ) ;
#137 = AXIS2_PLACEMENT_3D ( 'NONE', #2069, #577, #1573 ) ;
#138 = CYLINDRICAL_SURFACE ( 'NONE', #1411, 0.04181271025416495600 ) ;
#139 = CARTESIAN_POINT ( 'NONE',  ( 3.249999999999999600, 0.8066666666666662000, 1.750000000000000000 ) ) ;
#140 = ORIENTED_EDGE ( 'NONE', *, *, #1462, .T. ) ;
#141 = ORIENTED_EDGE ( 'NONE', *, *, #1718, .T. ) ;
#142 = CARTESIAN_POINT ( 'NONE',  ( 2.915000000000000000, 0.4991547455664656600, 2.659315088887638500 ) ) ;
#143 = VERTEX_POINT ( 'NONE', #320 ) ;
#144 = ORIENTED_EDGE ( 'NONE', *, *, #684, .F. ) ;
#145 = ORIENTED_EDGE ( 'NONE', *, *, #764, .T. ) ;
#146 = EDGE_CURVE ( 'NONE', #2015, #47, #1836, .T. ) ;
#147 = DIRECTION ( 'NONE',  ( 0.0000000000000000000, 0.9848077530122080200, 0.1736481776669307200 ) ) ;
#148 = EDGE_LOOP ( 'NONE', ( #14, #1974, #1616, #1031 ) ) ;
#149 = DIRECTION ( 'NONE',  ( 0.0000000000000000000, 0.08715574274765176800, -0.9961946980917461000 ) ) ;
#150 = DIRECTION ( 'NONE',  ( 0.0000000000000000000, 0.0000000000000000000, -1.000000000000000000 ) ) ;
#151 = VECTOR ( 'NONE', #1757, 1000.000000000000000 ) ;
#152 = ADVANCED_FACE ( 'NONE', ( #1916 ), #295, .T. ) ;
#153 = CARTESIAN_POINT ( 'NONE',  ( 2.915000000000000000, 0.03947831355141694100, 3.024357203313115400 ) ) ;
#154 = DIRECTION ( 'NONE',  ( 0.9848077530122080200, 0.1736481776669307200, -2.440527326391781300E-016 ) ) ;
#155 = VECTOR ( 'NONE', #1030, 1000.000000000000000 ) ;
#156 = DIRECTION ( 'NONE',  ( -0.0000000000000000000, 0.08715574274765189300, 0.9961946980917461000 ) ) ;
#157 = FACE_OUTER_BOUND ( 'NONE', #434, .T. ) ;
#158 = FACE_OUTER_BOUND ( 'NONE', #1663, .T. ) ;
#159 = EDGE_CURVE ( 'NONE', #1997, #222, #1759, .T. ) ;
#160 = EDGE_CURVE ( 'NONE', #1406, #1152, #1052, .T. ) ;
#161 = ORIENTED_EDGE ( 'NONE', *, *, #1911, .F. ) ;
#162 = CARTESIAN_POINT ( 'NONE',  ( 0.6150000000000001000, 0.03947831355141694100, 3.024357203313115400 ) ) ;
#163 = ORIENTED_EDGE ( 'NONE', *, *, #33, .T. ) ;
#164 = CARTESIAN_POINT ( 'NONE',  ( 1.500000000000000000, 0.5949203856976524900, -2.922429022707692300 ) ) ;
#165 = ORIENTED_EDGE ( 'NONE', *, *, #1639, .F. ) ;
#166 = DIRECTION ( 'NONE',  ( -1.000000000000000000, -0.0000000000000000000, -0.0000000000000000000 ) ) ;
#167 = EDGE_LOOP ( 'NONE', ( #1945, #1199, #1208, #1685 ) ) ;
#168 = CARTESIAN_POINT ( 'NONE',  ( 0.6150000000000001000, 0.2789345154656889800, 3.500000000000000000 ) ) ;
#169 = ORIENTED_EDGE ( 'NONE', *, *, #1080, .T. ) ;
#170 = ORIENTED_EDGE ( 'NONE', *, *, #278, .T. ) ;
#171 = VERTEX_POINT ( 'NONE', #795 ) ;
#172 = CARTESIAN_POINT ( 'NONE',  ( 2.915000000000000000, 0.8066666666666662000, 1.750000000000000000 ) ) ;
#173 = CARTESIAN_POINT ( 'NONE',  ( -2.434999999999999600, 0.4848539564125016200, 2.620023993606740200 ) ) ;
#174 = EDGE_CURVE ( 'NONE', #624, #1149, #1422, .T. ) ;
#175 = CARTESIAN_POINT ( 'NONE',  ( 1.500000000000000000, 0.4848539564125016200, -2.620023993606740200 ) ) ;
#176 = AXIS2_PLACEMENT_3D ( 'NONE', #977, #1304, #8 ) ;
#177 = DIRECTION ( 'NONE',  ( 0.0000000000000000000, -0.9396926207859080900, 0.3420201433256696600 ) ) ;
#178 = LINE ( 'NONE', #479, #2060 ) ;
#179 = CARTESIAN_POINT ( 'NONE',  ( 1.500000000000000000, 0.8066666666666662000, -1.750000000000000000 ) ) ;
#180 = COLOUR_RGB ( '',0.7921568627450980000, 0.8196078431372548800, 0.9333333333333333500 ) ;
#181 = SURFACE_STYLE_FILL_AREA ( #53 ) ;
#182 = FACE_OUTER_BOUND ( 'NONE', #2090, .T. ) ;
#183 = VECTOR ( 'NONE', #56, 1000.000000000000100 ) ;
#184 = EDGE_CURVE ( 'NONE', #879, #655, #1392, .T. ) ;
#185 = CARTESIAN_POINT ( 'NONE',  ( 0.6150000000000001000, 0.4848539564125016200, 2.620023993606740200 ) ) ;
#186 = FACE_OUTER_BOUND ( 'NONE', #1590, .T. ) ;
#187 = CARTESIAN_POINT ( 'NONE',  ( 2.915000000000000000, 0.3600664292851508700, 3.052405029100952100 ) ) ;
#188 = FACE_OUTER_BOUND ( 'NONE', #676, .T. ) ;
#189 = CARTESIAN_POINT ( 'NONE',  ( 3.249999999999998700, 0.5266666666666662800, -1.750000000000000000 ) ) ;
#190 = ORIENTED_EDGE ( 'NONE', *, *, #1881, .F. ) ;
#191 = AXIS2_PLACEMENT_3D ( 'NONE', #1300, #1977, #4 ) ;
#192 = VERTEX_POINT ( 'NONE', #1500 ) ;
#193 = DIRECTION ( 'NONE',  ( 1.000000000000000000, 0.0000000000000000000, -0.0000000000000000000 ) ) ;
#194 = ORIENTED_EDGE ( 'NONE', *, *, #458, .T. ) ;
#195 = ORIENTED_EDGE ( 'NONE', *, *, #945, .T. ) ;
#196 = ADVANCED_FACE ( 'NONE', ( #188 ), #849, .T. ) ;
#197 = DIRECTION ( 'NONE',  ( 0.0000000000000000000, 0.0000000000000000000, -1.000000000000000000 ) ) ;
#198 = CARTESIAN_POINT ( 'NONE',  ( 2.915000000000000000, 0.03947831355141694100, 3.024357203313115400 ) ) ;
#199 = EDGE_CURVE ( 'NONE', #1527, #1613, #1941, .T. ) ;
#200 = DIRECTION ( 'NONE',  ( 0.1736481776669307200, 0.9848077530122080200, 0.0000000000000000000 ) ) ;
#201 = VECTOR ( 'NONE', #2035, 1000.000000000000000 ) ;
#202 = DIRECTION ( 'NONE',  ( -0.0000000000000000000, 0.08715574274765151800, -0.9961946980917461000 ) ) ;
#203 = VECTOR ( 'NONE', #193, 1000.000000000000000 ) ;
#204 = CARTESIAN_POINT ( 'NONE',  ( 0.6150000000000001000, 0.8066666666666656400, 2.620023993606740200 ) ) ;
#205 = VECTOR ( 'NONE', #2016, 1000.000000000000000 ) ;
#206 = CARTESIAN_POINT ( 'NONE',  ( -3.074848532496258000, 1.799999999999998700, 1.574848532496258000 ) ) ;
#207 = CARTESIAN_POINT ( 'NONE',  ( 2.165000000000000000, 0.5266666666666661700, 2.620023993606740200 ) ) ;
#208 = CARTESIAN_POINT ( 'NONE',  ( -0.1349999999999997000, 0.4991547455664656600, 2.659315088887638500 ) ) ;
#209 = VECTOR ( 'NONE', #1084, 1000.000000000000000 ) ;
#210 = EDGE_CURVE ( 'NONE', #1736, #629, #1282, .T. ) ;
#211 = DIRECTION ( 'NONE',  ( 1.000000000000000000, -0.0000000000000000000, -6.004812032227409800E-016 ) ) ;
#212 = ORIENTED_EDGE ( 'NONE', *, *, #253, .T. ) ;
#213 = ORIENTED_EDGE ( 'NONE', *, *, #2089, .T. ) ;
#214 = AXIS2_PLACEMENT_3D ( 'NONE', #343, #1512, #504 ) ;
#215 = ORIENTED_EDGE ( 'NONE', *, *, #1865, .F. ) ;
#216 = ORIENTED_EDGE ( 'NONE', *, *, #752, .T. ) ;
#217 = CARTESIAN_POINT ( 'NONE',  ( -0.1349999999999997000, 0.03947831355141694100, 3.024357203313115400 ) ) ;
#218 =( LENGTH_UNIT ( ) NAMED_UNIT ( * ) SI_UNIT ( .MILLI., .METRE. ) );
#219 = EDGE_LOOP ( 'NONE', ( #1310, #1083, #906, #1506 ) ) ;
#220 = ORIENTED_EDGE ( 'NONE', *, *, #831, .T. ) ;
#221 = DIRECTION ( 'NONE',  ( -0.0000000000000000000, -1.000000000000000000, -0.0000000000000000000 ) ) ;
#222 = VERTEX_POINT ( 'NONE', #1669 ) ;
#223 = DIRECTION ( 'NONE',  ( -0.0000000000000000000, 0.0000000000000000000, 1.000000000000000000 ) ) ;
#224 = CARTESIAN_POINT ( 'NONE',  ( 1.500000000000000000, 0.5266666666666663900, -2.620023993606740200 ) ) ;
#225 = ORIENTED_EDGE ( 'NONE', *, *, #1334, .F. ) ;
#226 = DIRECTION ( 'NONE',  ( -1.000000000000000000, 0.0000000000000000000, 2.478176394252581600E-016 ) ) ;
#227 = PRESENTATION_LAYER_ASSIGNMENT (  '', '', ( #1161 ) ) ;
#228 = LINE ( 'NONE', #1309, #24 ) ;
#229 = LINE ( 'NONE', #959, #1954 ) ;
#230 = DIRECTION ( 'NONE',  ( 1.000000000000000000, 0.0000000000000000000, 0.0000000000000000000 ) ) ;
#231 = PRODUCT_RELATED_PRODUCT_CATEGORY ( 'part', '', ( #1845 ) ) ;
#232 = FACE_OUTER_BOUND ( 'NONE', #61, .T. ) ;
#233 = CARTESIAN_POINT ( 'NONE',  ( 2.915000000000000000, 0.3184128290171057100, 3.048760811282458200 ) ) ;
#234 = LINE ( 'NONE', #217, #572 ) ;
#235 = CYLINDRICAL_SURFACE ( 'NONE', #36, 0.04181271025416495600 ) ;
#236 = DIRECTION ( 'NONE',  ( -1.000000000000000000, -0.0000000000000000000, -0.0000000000000000000 ) ) ;
#237 = DIRECTION ( 'NONE',  ( 0.0000000000000000000, -0.9396926207859080900, 0.3420201433256696600 ) ) ;
#238 = LINE ( 'NONE', #108, #497 ) ;
#239 = CARTESIAN_POINT ( 'NONE',  ( 2.915000000000000000, 0.5949203856976524900, 2.922429022707691400 ) ) ;
#240 = CARTESIAN_POINT ( 'NONE',  ( -2.434999999999999600, 0.03947831355141694100, 3.024357203313115400 ) ) ;
#241 = ORIENTED_EDGE ( 'NONE', *, *, #389, .T. ) ;
#242 = EDGE_CURVE ( 'NONE', #1364, #125, #797, .T. ) ;
#243 = EDGE_CURVE ( 'NONE', #481, #1146, #1960, .T. ) ;
#244 = DIRECTION ( 'NONE',  ( 1.000000000000000000, 0.0000000000000000000, 0.0000000000000000000 ) ) ;
#245 = ORIENTED_EDGE ( 'NONE', *, *, #787, .F. ) ;
#246 = PLANE ( 'NONE',  #560 ) ;
#247 = ORIENTED_EDGE ( 'NONE', *, *, #817, .F. ) ;
#248 = CARTESIAN_POINT ( 'NONE',  ( -0.1349999999999997000, 0.2789345154656889800, 3.500000000000000000 ) ) ;
#249 = ORIENTED_EDGE ( 'NONE', *, *, #1940, .F. ) ;
#250 = CARTESIAN_POINT ( 'NONE',  ( 1.500000000000000000, 0.5949203856976524900, -2.922429022707692300 ) ) ;
#251 = CARTESIAN_POINT ( 'NONE',  ( -0.1349999999999997000, 0.4848539564125016200, 2.620023993606740200 ) ) ;
#252 = DIRECTION ( 'NONE',  ( -0.0000000000000000000, 0.9961946980917459900, -0.08715574274765189300 ) ) ;
#253 = EDGE_CURVE ( 'NONE', #1594, #675, #1228, .T. ) ;
#254 = CARTESIAN_POINT ( 'NONE',  ( 0.6150000000000001000, 0.2789345154656889800, 3.500000000000000000 ) ) ;
#255 = CIRCLE ( 'NONE', #991, 0.04181271025416495600 ) ;
#256 = DIRECTION ( 'NONE',  ( 0.0000000000000000000, 0.3420201433256654400, -0.9396926207859096500 ) ) ;
#257 = AXIS2_PLACEMENT_3D ( 'NONE', #1188, #1202, #62 ) ;
#258 = VECTOR ( 'NONE', #1424, 1000.000000000000000 ) ;
#259 = PLANE ( 'NONE',  #1429 ) ;
#260 = FACE_OUTER_BOUND ( 'NONE', #1505, .T. ) ;
#261 = VECTOR ( 'NONE', #2041, 1000.000000000000000 ) ;
#262 = VECTOR ( 'NONE', #325, 1000.000000000000000 ) ;
#263 = VERTEX_POINT ( 'NONE', #1689 ) ;
#264 =( NAMED_UNIT ( * ) PLANE_ANGLE_UNIT ( ) SI_UNIT ( $, .RADIAN. ) );
#265 = EDGE_LOOP ( 'NONE', ( #730, #1423, #1768, #1325 ) ) ;
#266 = EDGE_LOOP ( 'NONE', ( #2106, #1209, #1861, #1207 ) ) ;
#267 = CARTESIAN_POINT ( 'NONE',  ( 2.915000000000000000, 0.4848539564125016200, 2.620023993606740200 ) ) ;
#268 = DIRECTION ( 'NONE',  ( -1.000000000000000000, -0.0000000000000000000, -0.0000000000000000000 ) ) ;
#269 = EDGE_CURVE ( 'NONE', #1894, #1736, #2014, .T. ) ;
#270 = ORIENTED_EDGE ( 'NONE', *, *, #1235, .F. ) ;
#271 = ADVANCED_FACE ( 'NONE', ( #1681 ), #693, .T. ) ;
#272 = ORIENTED_EDGE ( 'NONE', *, *, #356, .T. ) ;
#273 = DIRECTION ( 'NONE',  ( 0.0000000000000000000, -0.9396926207859096500, 0.3420201433256652200 ) ) ;
#274 = DIRECTION ( 'NONE',  ( 1.000000000000000000, 0.0000000000000000000, -0.0000000000000000000 ) ) ;
#275 = CARTESIAN_POINT ( 'NONE',  ( 3.249999999999998700, 0.8066666666666662000, -1.750000000000000000 ) ) ;
#276 = VECTOR ( 'NONE', #790, 1000.000000000000000 ) ;
#277 = DIRECTION ( 'NONE',  ( -1.000000000000000000, -0.0000000000000000000, -0.0000000000000000000 ) ) ;
#278 = EDGE_CURVE ( 'NONE', #862, #1406, #1783, .T. ) ;
#279 = CIRCLE ( 'NONE', #511, 0.04181271025416495600 ) ;
#280 = CARTESIAN_POINT ( 'NONE',  ( -0.1349999999999997000, 0.8066666666666662000, 1.750000000000000000 ) ) ;
#281 = VECTOR ( 'NONE', #726, 1000.000000000000100 ) ;
#282 = AXIS2_PLACEMENT_3D ( 'NONE', #1912, #1129, #892 ) ;
#283 = CIRCLE ( 'NONE', #1775, 0.3218127102541644100 ) ;
#284 = APPLICATION_PROTOCOL_DEFINITION ( 'draft international standard', 'automotive_design', 1998, #446 ) ;
#285 = VECTOR ( 'NONE', #467, 1000.000000000000000 ) ;
#286 = EDGE_LOOP ( 'NONE', ( #212, #1975, #549, #1710 ) ) ;
#287 = ADVANCED_FACE ( 'NONE', ( #1574 ), #861, .F. ) ;
#288 = ORIENTED_EDGE ( 'NONE', *, *, #832, .F. ) ;
#289 = EDGE_CURVE ( 'NONE', #863, #662, #7, .T. ) ;
#290 = FILL_AREA_STYLE_COLOUR ( '', #180 ) ;
#291 = VERTEX_POINT ( 'NONE', #876 ) ;
#292 = ORIENTED_EDGE ( 'NONE', *, *, #842, .F. ) ;
#293 =( GEOMETRIC_REPRESENTATION_CONTEXT ( 3 ) GLOBAL_UNCERTAINTY_ASSIGNED_CONTEXT ( ( #1873 ) ) GLOBAL_UNIT_ASSIGNED_CONTEXT ( ( #1986, #1658, #1110 ) ) REPRESENTATION_CONTEXT ( 'NONE', 'WORKASPACE' ) );
#294 = VERTEX_POINT ( 'NONE', #1027 ) ;
#295 = PLANE ( 'NONE',  #1965 ) ;
#296 = AXIS2_PLACEMENT_3D ( 'NONE', #1148, #1180, #671 ) ;
#297 = DIRECTION ( 'NONE',  ( 1.000000000000000000, 0.0000000000000000000, 0.0000000000000000000 ) ) ;
#298 = LINE ( 'NONE', #1673, #1162 ) ;
#299 = LINE ( 'NONE', #439, #1674 ) ;
#300 = CIRCLE ( 'NONE', #1806, 0.3218127102541644100 ) ;
#301 = LINE ( 'NONE', #198, #352 ) ;
#302 = EDGE_CURVE ( 'NONE', #880, #879, #897, .T. ) ;
#303 = CIRCLE ( 'NONE', #669, 0.3218127102541639700 ) ;
#304 = FACE_OUTER_BOUND ( 'NONE', #1022, .T. ) ;
#305 = DIRECTION ( 'NONE',  ( 0.0000000000000000000, -1.246175025577024400E-016, 1.000000000000000000 ) ) ;
#306 = ADVANCED_FACE ( 'NONE', ( #1070 ), #235, .F. ) ;
#307 = CIRCLE ( 'NONE', #2052, 0.04181271025416452600 ) ;
#308 = PLANE ( 'NONE',  #1917 ) ;
#309 = VERTEX_POINT ( 'NONE', #207 ) ;
#310 = CARTESIAN_POINT ( 'NONE',  ( -0.1349999999999997000, 0.5949203856976524900, 2.922429022707691400 ) ) ;
#311 = ORIENTED_EDGE ( 'NONE', *, *, #1992, .F. ) ;
#312 = VERTEX_POINT ( 'NONE', #1872 ) ;
#313 = ORIENTED_EDGE ( 'NONE', *, *, #1323, .F. ) ;
#314 = PLANE ( 'NONE',  #1206 ) ;
#315 = ORIENTED_EDGE ( 'NONE', *, *, #1023, .F. ) ;
#316 = EDGE_CURVE ( 'NONE', #1288, #1588, #877, .T. ) ;
#317 = EDGE_LOOP ( 'NONE', ( #1371, #1849, #983, #1929 ) ) ;
#318 = EDGE_LOOP ( 'NONE', ( #533, #1147, #2054, #1714 ) ) ;
#319 = DIRECTION ( 'NONE',  ( 0.0000000000000000000, 0.08715574274765122700, -0.9961946980917461000 ) ) ;
#320 = CARTESIAN_POINT ( 'NONE',  ( -0.1349999999999997000, 0.5949203856976524900, 2.922429022707691400 ) ) ;
#321 = DIRECTION ( 'NONE',  ( -0.0000000000000000000, 0.9396926207859086500, 0.3420201433256682100 ) ) ;
#322 = DIRECTION ( 'NONE',  ( 0.0000000000000000000, 0.0000000000000000000, -1.000000000000000000 ) ) ;
#323 = LINE ( 'NONE', #494, #789 ) ;
#324 = DIRECTION ( 'NONE',  ( -1.000000000000000000, -0.0000000000000000000, -0.0000000000000000000 ) ) ;
#325 = DIRECTION ( 'NONE',  ( -1.000000000000000000, -0.0000000000000000000, -0.0000000000000000000 ) ) ;
#326 = VECTOR ( 'NONE', #1457, 1000.000000000000000 ) ;
#327 = LINE ( 'NONE', #711, #2034 ) ;
#328 = CARTESIAN_POINT ( 'NONE',  ( 2.165000000000000000, 0.8066666666666662000, 1.750000000000000000 ) ) ;
#329 = VECTOR ( 'NONE', #2051, 1000.000000000000100 ) ;
#330 = CARTESIAN_POINT ( 'NONE',  ( 2.915000000000000000, 0.3184128290171057100, 3.048760811282458200 ) ) ;
#331 = VECTOR ( 'NONE', #1351, 1000.000000000000000 ) ;
#332 = AXIS2_PLACEMENT_3D ( 'NONE', #2141, #967, #150 ) ;
#333 = ORIENTED_EDGE ( 'NONE', *, *, #199, .T. ) ;
#334 = CARTESIAN_POINT ( 'NONE',  ( -3.250000000000000900, 0.8066666666666662000, -1.749999999999996200 ) ) ;
#335 = CARTESIAN_POINT ( 'NONE',  ( 0.6150000000000001000, 0.3600664292851508700, 3.052405029100952100 ) ) ;
#336 = ORIENTED_EDGE ( 'NONE', *, *, #1414, .T. ) ;
#337 = ORIENTED_EDGE ( 'NONE', *, *, #389, .F. ) ;
#338 = ADVANCED_FACE ( 'NONE', ( #720 ), #557, .F. ) ;
#339 = DIRECTION ( 'NONE',  ( -1.000000000000000000, -0.0000000000000000000, -0.0000000000000000000 ) ) ;
#340 = ORIENTED_EDGE ( 'NONE', *, *, #95, .F. ) ;
#341 = ORIENTED_EDGE ( 'NONE', *, *, #457, .F. ) ;
#342 = DIRECTION ( 'NONE',  ( 0.0000000000000000000, 0.0000000000000000000, -1.000000000000000000 ) ) ;
#343 = CARTESIAN_POINT ( 'NONE',  ( -1.500000000000000000, 0.3600664292851508700, -3.052405029100952100 ) ) ;
#344 = EDGE_CURVE ( 'NONE', #784, #35, #444, .T. ) ;
#345 = EDGE_CURVE ( 'NONE', #450, #1288, #1708, .T. ) ;
#346 = AXIS2_PLACEMENT_3D ( 'NONE', #1504, #350, #34 ) ;
#347 = DIRECTION ( 'NONE',  ( 0.0000000000000000000, 0.0000000000000000000, 1.000000000000000000 ) ) ;
#348 = VECTOR ( 'NONE', #362, 1000.000000000000000 ) ;
#349 = ADVANCED_FACE ( 'NONE', ( #1114 ), #1360, .F. ) ;
#350 = DIRECTION ( 'NONE',  ( -0.0000000000000000000, 0.3420201433256652200, 0.9396926207859096500 ) ) ;
#351 = CIRCLE ( 'NONE', #1763, 0.3218127102541644100 ) ;
#352 = VECTOR ( 'NONE', #202, 1000.000000000000000 ) ;
#353 = CARTESIAN_POINT ( 'NONE',  ( 2.915000000000000000, 0.8066666666666656400, 2.620023993606740200 ) ) ;
#354 = CARTESIAN_POINT ( 'NONE',  ( 1.500000000000000000, 0.3184128290171060500, -3.048760811282458200 ) ) ;
#355 = VECTOR ( 'NONE', #1623, 1000.000000000000000 ) ;
#356 = EDGE_CURVE ( 'NONE', #1152, #879, #2101, .T. ) ;
#357 = FACE_OUTER_BOUND ( 'NONE', #538, .T. ) ;
#358 = DIRECTION ( 'NONE',  ( 0.0000000000000000000, 0.0000000000000000000, -1.000000000000000000 ) ) ;
#359 = FACE_OUTER_BOUND ( 'NONE', #266, .T. ) ;
#360 = AXIS2_PLACEMENT_3D ( 'NONE', #1216, #1388, #407 ) ;
#361 = DIRECTION ( 'NONE',  ( 0.0000000000000000000, -2.492350051154048700E-016, -1.000000000000000000 ) ) ;
#362 = DIRECTION ( 'NONE',  ( -0.0000000000000000000, 1.000000000000000000, -0.0000000000000000000 ) ) ;
#363 = VERTEX_POINT ( 'NONE', #239 ) ;
#364 = CARTESIAN_POINT ( 'NONE',  ( 3.249999999999998700, 0.8066666666666662000, -1.750000000000000000 ) ) ;
#365 = AXIS2_PLACEMENT_3D ( 'NONE', #1722, #401, #542 ) ;
#366 = ORIENTED_EDGE ( 'NONE', *, *, #420, .F. ) ;
#367 = DIRECTION ( 'NONE',  ( 0.0000000000000000000, -1.000000000000000000, 0.0000000000000000000 ) ) ;
#368 =( LENGTH_UNIT ( ) NAMED_UNIT ( * ) SI_UNIT ( .MILLI., .METRE. ) );
#369 = ORIENTED_EDGE ( 'NONE', *, *, #269, .T. ) ;
#370 = EDGE_CURVE ( 'NONE', #957, #2109, #1834, .T. ) ;
#371 = EDGE_LOOP ( 'NONE', ( #732, #1173, #1734, #336 ) ) ;
#372 = DIRECTION ( 'NONE',  ( -0.0000000000000000000, 1.246175025577024400E-016, -1.000000000000000000 ) ) ;
#373 = DIRECTION ( 'NONE',  ( 0.0000000000000000000, -0.3420201433256696600, -0.9396926207859080900 ) ) ;
#374 = DIRECTION ( 'NONE',  ( -1.000000000000000000, -0.0000000000000000000, -0.0000000000000000000 ) ) ;
#375 = EDGE_LOOP ( 'NONE', ( #1124, #1575, #1642, #1923 ) ) ;
#376 = CARTESIAN_POINT ( 'NONE',  ( -2.434999999999999600, 0.2500000000000000000, 2.750000000000000000 ) ) ;
#377 = AXIS2_PLACEMENT_3D ( 'NONE', #2049, #1711, #1367 ) ;
#378 = EDGE_CURVE ( 'NONE', #662, #1594, #691, .T. ) ;
#379 = CARTESIAN_POINT ( 'NONE',  ( -1.684999999999999800, 0.8066666666666662000, 1.750000000000000000 ) ) ;
#380 = SURFACE_STYLE_USAGE ( .BOTH. , #1186 ) ;
#381 = CARTESIAN_POINT ( 'NONE',  ( -3.250000000000000000, 0.5266666666666662800, 1.750000000000000000 ) ) ;
#382 = VECTOR ( 'NONE', #1473, 1000.000000000000000 ) ;
#383 = LINE ( 'NONE', #890, #201 ) ;
#384 = CARTESIAN_POINT ( 'NONE',  ( -1.500000000000000000, 0.8066666666666662000, -1.750000000000000000 ) ) ;
#385 = LINE ( 'NONE', #635, #2037 ) ;
#386 = CYLINDRICAL_SURFACE ( 'NONE', #360, 0.04181271025416495600 ) ;
#387 = CARTESIAN_POINT ( 'NONE',  ( -1.684999999999999800, 0.4848539564125016200, 2.620023993606740200 ) ) ;
#388 = VECTOR ( 'NONE', #1822, 1000.000000000000000 ) ;
#389 = EDGE_CURVE ( 'NONE', #1149, #294, #1197, .T. ) ;
#390 = DIRECTION ( 'NONE',  ( 2.478176394252581600E-016, 0.0000000000000000000, 1.000000000000000000 ) ) ;
#391 = ORIENTED_EDGE ( 'NONE', *, *, #1979, .F. ) ;
#392 = AXIS2_PLACEMENT_3D ( 'NONE', #415, #256, #588 ) ;
#393 = ORIENTED_EDGE ( 'NONE', *, *, #1066, .F. ) ;
#394 = DIRECTION ( 'NONE',  ( -0.9848077530122080200, -0.1736481776669307200, 2.440527326391783800E-016 ) ) ;
#395 = DIRECTION ( 'NONE',  ( -0.0000000000000000000, -1.000000000000000000, -0.0000000000000000000 ) ) ;
#396 = DIRECTION ( 'NONE',  ( 0.0000000000000000000, -0.08715574274765150500, 0.9961946980917461000 ) ) ;
#397 = ORIENTED_EDGE ( 'NONE', *, *, #534, .F. ) ;
#398 = ORIENTED_EDGE ( 'NONE', *, *, #1067, .T. ) ;
#399 = CARTESIAN_POINT ( 'NONE',  ( -1.684999999999999800, 0.5266666666666662800, 1.750000000000000000 ) ) ;
#400 = CARTESIAN_POINT ( 'NONE',  ( 2.165000000000000000, 0.8066666666666662000, 1.750000000000000000 ) ) ;
#401 = DIRECTION ( 'NONE',  ( 1.000000000000000000, 0.0000000000000000000, -0.0000000000000000000 ) ) ;
#402 = EDGE_CURVE ( 'NONE', #505, #122, #1659, .T. ) ;
#403 = CARTESIAN_POINT ( 'NONE',  ( -1.684999999999999800, 0.8066666666666662000, 1.750000000000000000 ) ) ;
#404 = AXIS2_PLACEMENT_3D ( 'NONE', #1704, #1041, #1717 ) ;
#405 = CIRCLE ( 'NONE', #874, 0.3218127102541639700 ) ;
#406 = MANIFOLD_SOLID_BREP ( 'LPattern1[1]', #728 ) ;
#407 = DIRECTION ( 'NONE',  ( 0.0000000000000000000, 0.0000000000000000000, 1.000000000000000000 ) ) ;
#408 = CARTESIAN_POINT ( 'NONE',  ( 0.6150000000000001000, 0.3457656401311868800, 3.013113933820054300 ) ) ;
#409 = SHAPE_DEFINITION_REPRESENTATION ( #1326, #941 ) ;
#410 = CARTESIAN_POINT ( 'NONE',  ( -2.434999999999999600, 1.355252715606880500E-017, 3.475596392030657600 ) ) ;
#411 = PRESENTATION_LAYER_ASSIGNMENT (  '', '', ( #1599 ) ) ;
#412 = FACE_OUTER_BOUND ( 'NONE', #1846, .T. ) ;
#413 = DIRECTION ( 'NONE',  ( -1.000000000000000000, -0.0000000000000000000, -0.0000000000000000000 ) ) ;
#414 = CIRCLE ( 'NONE', #478, 0.3218127102541644100 ) ;
#415 = CARTESIAN_POINT ( 'NONE',  ( 1.500000000000000000, 0.4991547455664655500, -2.659315088887638500 ) ) ;
#416 = VECTOR ( 'NONE', #1534, 1000.000000000000100 ) ;
#417 = LINE ( 'NONE', #2100, #114 ) ;
#418 = CARTESIAN_POINT ( 'NONE',  ( -0.1349999999999997000, 0.3184128290171057100, 3.048760811282458200 ) ) ;
#419 = ORIENTED_EDGE ( 'NONE', *, *, #402, .F. ) ;
#420 = EDGE_CURVE ( 'NONE', #863, #1866, #2043, .T. ) ;
#421 = CARTESIAN_POINT ( 'NONE',  ( -3.250000000000000000, 0.5266666666666662800, 1.750000000000000000 ) ) ;
#422 = VERTEX_POINT ( 'NONE', #1961 ) ;
#423 = ORIENTED_EDGE ( 'NONE', *, *, #269, .F. ) ;
#424 = DIRECTION ( 'NONE',  ( 0.0000000000000000000, 1.246175025577024400E-016, -1.000000000000000000 ) ) ;
#425 = ORIENTED_EDGE ( 'NONE', *, *, #2087, .T. ) ;
#426 = SURFACE_SIDE_STYLE ('',( #618 ) ) ;
#427 = VERTEX_POINT ( 'NONE', #666 ) ;
#428 = PLANE ( 'NONE',  #1280 ) ;
#429 = ORIENTED_EDGE ( 'NONE', *, *, #1066, .T. ) ;
#430 = ORIENTED_EDGE ( 'NONE', *, *, #1414, .F. ) ;
#431 = CARTESIAN_POINT ( 'NONE',  ( -0.1349999999999997000, 0.2789345154656889800, 3.500000000000000000 ) ) ;
#432 = ADVANCED_FACE ( 'NONE', ( #1497 ), #15, .T. ) ;
#433 = EDGE_CURVE ( 'NONE', #611, #1290, #29, .T. ) ;
#434 = EDGE_LOOP ( 'NONE', ( #1101, #508, #1682, #1868 ) ) ;
#435 = DIRECTION ( 'NONE',  ( 0.0000000000000000000, -1.000000000000000000, -1.246175025577024400E-016 ) ) ;
#436 = VECTOR ( 'NONE', #1475, 1000.000000000000000 ) ;
#437 = CARTESIAN_POINT ( 'NONE',  ( -0.1349999999999997000, 0.8066666666666662000, 1.750000000000000000 ) ) ;
#438 = LINE ( 'NONE', #100, #2118 ) ;
#439 = CARTESIAN_POINT ( 'NONE',  ( 3.249999999999999600, 0.5266666666666662800, 1.750000000000000000 ) ) ;
#440 = VECTOR ( 'NONE', #1550, 1000.000000000000100 ) ;
#441 = DIRECTION ( 'NONE',  ( -0.0000000000000000000, 0.08715574274765151800, -0.9961946980917461000 ) ) ;
#442 = VECTOR ( 'NONE', #237, 1000.000000000000000 ) ;
#443 = PLANE ( 'NONE',  #1829 ) ;
#444 = LINE ( 'NONE', #364, #848 ) ;
#445 = ORIENTED_EDGE ( 'NONE', *, *, #472, .T. ) ;
#446 = APPLICATION_CONTEXT ( 'automotive_design' ) ;
#447 = ORIENTED_EDGE ( 'NONE', *, *, #1434, .T. ) ;
#448 = DIRECTION ( 'NONE',  ( 0.0000000000000000000, -0.08715574274765275400, -0.9961946980917459900 ) ) ;
#449 = ORIENTED_EDGE ( 'NONE', *, *, #278, .F. ) ;
#450 = VERTEX_POINT ( 'NONE', #796 ) ;
#451 = EDGE_LOOP ( 'NONE', ( #1082, #63, #315, #471 ) ) ;
#452 = ORIENTED_EDGE ( 'NONE', *, *, #51, .F. ) ;
#453 = ORIENTED_EDGE ( 'NONE', *, *, #506, .T. ) ;
#454 = ORIENTED_EDGE ( 'NONE', *, *, #159, .F. ) ;
#455 = CIRCLE ( 'NONE', #1779, 0.04181271025416452600 ) ;
#456 = DIRECTION ( 'NONE',  ( 1.000000000000000000, 0.0000000000000000000, 0.0000000000000000000 ) ) ;
#457 = EDGE_CURVE ( 'NONE', #35, #1736, #1050, .T. ) ;
#458 = EDGE_CURVE ( 'NONE', #122, #611, #136, .T. ) ;
#459 = CYLINDRICAL_SURFACE ( 'NONE', #137, 0.04181271025416495600 ) ;
#460 = ADVANCED_FACE ( 'NONE', ( #996 ), #828, .F. ) ;
#461 = LINE ( 'NONE', #59, #973 ) ;
#462 = DIRECTION ( 'NONE',  ( -1.000000000000000000, -0.0000000000000000000, -0.0000000000000000000 ) ) ;
#463 = VECTOR ( 'NONE', #1134, 1000.000000000000000 ) ;
#464 = CARTESIAN_POINT ( 'NONE',  ( 2.915000000000000000, 0.5266666666666662800, 1.750000000000000000 ) ) ;
#465 = VECTOR ( 'NONE', #622, 1000.000000000000000 ) ;
#466 = CARTESIAN_POINT ( 'NONE',  ( -3.250000000000000900, 0.8066666666666662000, -1.749999999999996200 ) ) ;
#467 = DIRECTION ( 'NONE',  ( 0.0000000000000000000, -0.08715574274765154600, -0.9961946980917461000 ) ) ;
#468 = VERTEX_POINT ( 'NONE', #1297 ) ;
#469 = ORIENTED_EDGE ( 'NONE', *, *, #924, .F. ) ;
#470 = DIRECTION ( 'NONE',  ( -1.000000000000000000, -0.0000000000000000000, -0.0000000000000000000 ) ) ;
#471 = ORIENTED_EDGE ( 'NONE', *, *, #1151, .T. ) ;
#472 = EDGE_CURVE ( 'NONE', #1612, #904, #1389, .T. ) ;
#473 = CARTESIAN_POINT ( 'NONE',  ( 0.6150000000000001000, 0.3600664292851508700, 3.052405029100952100 ) ) ;
#474 = ORIENTED_EDGE ( 'NONE', *, *, #1151, .F. ) ;
#475 = ADVANCED_FACE ( 'NONE', ( #186 ), #314, .F. ) ;
#476 = ORIENTED_EDGE ( 'NONE', *, *, #788, .F. ) ;
#477 = CARTESIAN_POINT ( 'NONE',  ( -1.684999999999999800, 0.2789345154656889800, 3.500000000000000000 ) ) ;
#478 = AXIS2_PLACEMENT_3D ( 'NONE', #1081, #297, #2086 ) ;
#479 = CARTESIAN_POINT ( 'NONE',  ( -2.434999999999999600, 0.5949203856976524900, 2.922429022707691400 ) ) ;
#480 = ORIENTED_EDGE ( 'NONE', *, *, #1176, .F. ) ;
#481 = VERTEX_POINT ( 'NONE', #1153 ) ;
#482 = CARTESIAN_POINT ( 'NONE',  ( 2.915000000000000000, 0.4848539564125016200, 2.620023993606740200 ) ) ;
#483 = CARTESIAN_POINT ( 'NONE',  ( 2.915000000000000000, 0.5949203856976524900, 2.922429022707691400 ) ) ;
#484 = DIRECTION ( 'NONE',  ( 1.000000000000000000, 0.0000000000000000000, 0.0000000000000000000 ) ) ;
#485 = EDGE_CURVE ( 'NONE', #505, #1293, #1169, .T. ) ;
#486 = LINE ( 'NONE', #2136, #382 ) ;
#487 = PLANE ( 'NONE',  #10 ) ;
#488 = ADVANCED_FACE ( 'NONE', ( #357 ), #487, .T. ) ;
#489 = DIRECTION ( 'NONE',  ( 0.0000000000000000000, -1.246175025577024400E-016, 1.000000000000000000 ) ) ;
#490 = VECTOR ( 'NONE', #1543, 1000.000000000000100 ) ;
#491 = EDGE_CURVE ( 'NONE', #904, #2082, #621, .T. ) ;
#492 = LINE ( 'NONE', #233, #329 ) ;
#493 = DIRECTION ( 'NONE',  ( -1.000000000000000000, -0.0000000000000000000, -0.0000000000000000000 ) ) ;
#494 = CARTESIAN_POINT ( 'NONE',  ( 0.6150000000000001000, 0.5266666666666662800, 1.750000000000000000 ) ) ;
#495 = VECTOR ( 'NONE', #1373, 1000.000000000000100 ) ;
#496 = SURFACE_STYLE_USAGE ( .BOTH. , #643 ) ;
#497 = VECTOR ( 'NONE', #1246, 1000.000000000000000 ) ;
#498 = CARTESIAN_POINT ( 'NONE',  ( 3.249999999999999600, 0.5266666666666662800, 1.750000000000000000 ) ) ;
#499 = VERTEX_POINT ( 'NONE', #518 ) ;
#500 = ADVANCED_FACE ( 'NONE', ( #1628 ), #1670, .F. ) ;
#501 = ORIENTED_EDGE ( 'NONE', *, *, #23, .F. ) ;
#502 = ORIENTED_EDGE ( 'NONE', *, *, #1318, .F. ) ;
#503 = CARTESIAN_POINT ( 'NONE',  ( 3.174767154897719700, 0.1000000000000000500, -1.750000000000000000 ) ) ;
#504 = DIRECTION ( 'NONE',  ( 0.0000000000000000000, 0.0000000000000000000, -1.000000000000000000 ) ) ;
#505 = VERTEX_POINT ( 'NONE', #2026 ) ;
#506 = EDGE_CURVE ( 'NONE', #857, #2055, #1808, .T. ) ;
#507 = DIRECTION ( 'NONE',  ( 1.000000000000000000, 0.0000000000000000000, -2.478176394252584100E-016 ) ) ;
#508 = ORIENTED_EDGE ( 'NONE', *, *, #1563, .F. ) ;
#509 = ORIENTED_EDGE ( 'NONE', *, *, #253, .F. ) ;
#510 = ORIENTED_EDGE ( 'NONE', *, *, #1608, .F. ) ;
#511 = AXIS2_PLACEMENT_3D ( 'NONE', #1439, #462, #950 ) ;
#512 = DIRECTION ( 'NONE',  ( 0.0000000000000000000, -0.9396926207859095400, -0.3420201433256654400 ) ) ;
#513 = DIRECTION ( 'NONE',  ( 0.0000000000000000000, 0.0000000000000000000, 1.000000000000000000 ) ) ;
#514 = FACE_OUTER_BOUND ( 'NONE', #116, .T. ) ;
#515 = CARTESIAN_POINT ( 'NONE',  ( -0.1349999999999997000, 0.4848539564125016200, 2.620023993606740200 ) ) ;
#516 = FACE_OUTER_BOUND ( 'NONE', #885, .T. ) ;
#517 = EDGE_CURVE ( 'NONE', #952, #125, #234, .T. ) ;
#518 = CARTESIAN_POINT ( 'NONE',  ( 3.074848532496256700, 1.799999999999998700, -1.574848532496257800 ) ) ;
#519 = LINE ( 'NONE', #88, #52 ) ;
#520 = DIRECTION ( 'NONE',  ( 0.0000000000000000000, 0.0000000000000000000, 1.000000000000000000 ) ) ;
#521 = AXIS2_PLACEMENT_3D ( 'NONE', #1458, #1809, #1967 ) ;
#522 = ADVANCED_FACE ( 'NONE', ( #1603 ), #1516, .F. ) ;
#523 = VECTOR ( 'NONE', #813, 1000.000000000000000 ) ;
#524 = CARTESIAN_POINT ( 'NONE',  ( 2.165000000000000000, 0.3184128290171057100, 3.048760811282458200 ) ) ;
#525 = ORIENTED_EDGE ( 'NONE', *, *, #831, .F. ) ;
#526 = CARTESIAN_POINT ( 'NONE',  ( -3.250000000000000000, 0.8066666666666662000, 1.750000000000000000 ) ) ;
#527 = VERTEX_POINT ( 'NONE', #379 ) ;
#528 = VERTEX_POINT ( 'NONE', #1545 ) ;
#529 = ORIENTED_EDGE ( 'NONE', *, *, #1080, .F. ) ;
#530 = DIRECTION ( 'NONE',  ( -1.000000000000000000, -0.0000000000000000000, 0.0000000000000000000 ) ) ;
#531 = VERTEX_POINT ( 'NONE', #1045 ) ;
#532 = ORIENTED_EDGE ( 'NONE', *, *, #1747, .T. ) ;
#533 = ORIENTED_EDGE ( 'NONE', *, *, #1145, .T. ) ;
#534 = EDGE_CURVE ( 'NONE', #222, #527, #1140, .T. ) ;
#535 = ORIENTED_EDGE ( 'NONE', *, *, #133, .T. ) ;
#536 = CARTESIAN_POINT ( 'NONE',  ( -1.684999999999999800, 0.8066666666666662000, 1.750000000000000000 ) ) ;
#537 = CARTESIAN_POINT ( 'NONE',  ( -3.174767154897721000, 0.1000000000000000500, 1.750000000000000000 ) ) ;
#538 = EDGE_LOOP ( 'NONE', ( #1581, #1369, #1738, #1650, #810, #1339, #2053, #1338, #1372, #1644, #587, #736 ) ) ;
#539 = VECTOR ( 'NONE', #177, 1000.000000000000000 ) ;
#540 = PLANE ( 'NONE',  #123 ) ;
#541 = CYLINDRICAL_SURFACE ( 'NONE', #1694, 0.3218127102541644100 ) ;
#542 = DIRECTION ( 'NONE',  ( 0.0000000000000000000, 0.0000000000000000000, 1.000000000000000000 ) ) ;
#543 = DIRECTION ( 'NONE',  ( 1.000000000000000000, 0.0000000000000000000, 0.0000000000000000000 ) ) ;
#544 = FACE_OUTER_BOUND ( 'NONE', #148, .T. ) ;
#545 = CARTESIAN_POINT ( 'NONE',  ( 3.249999999999999600, 0.8066666666666662000, 1.750000000000000000 ) ) ;
#546 = EDGE_CURVE ( 'NONE', #1190, #1471, #601, .T. ) ;
#547 = FACE_OUTER_BOUND ( 'NONE', #1236, .T. ) ;
#548 = AXIS2_PLACEMENT_3D ( 'NONE', #173, #1167, #843 ) ;
#549 = ORIENTED_EDGE ( 'NONE', *, *, #976, .F. ) ;
#550 = FILL_AREA_STYLE ('',( #105 ) ) ;
#551 = CARTESIAN_POINT ( 'NONE',  ( -2.434999999999999600, 0.3184128290171057100, 3.048760811282458200 ) ) ;
#552 = ORIENTED_EDGE ( 'NONE', *, *, #370, .T. ) ;
#553 = CARTESIAN_POINT ( 'NONE',  ( 3.249999999999998700, 0.8066666666666662000, -1.750000000000000000 ) ) ;
#554 = ORIENTED_EDGE ( 'NONE', *, *, #561, .T. ) ;
#555 = ORIENTED_EDGE ( 'NONE', *, *, #832, .T. ) ;
#556 = DIRECTION ( 'NONE',  ( 0.0000000000000000000, 0.08715574274765122700, -0.9961946980917461000 ) ) ;
#557 = PLANE ( 'NONE',  #987 ) ;
#558 = VERTEX_POINT ( 'NONE', #1014 ) ;
#559 = CARTESIAN_POINT ( 'NONE',  ( -1.500000000000000000, 0.8066666666666660900, -2.620023993606740200 ) ) ;
#560 = AXIS2_PLACEMENT_3D ( 'NONE', #875, #2085, #1579 ) ;
#561 = EDGE_CURVE ( 'NONE', #1428, #2079, #1914, .T. ) ;
#562 = EDGE_LOOP ( 'NONE', ( #908, #634, #1118, #2021 ) ) ;
#563 = CARTESIAN_POINT ( 'NONE',  ( -1.684999999999999800, 0.5949203856976524900, 2.922429022707691400 ) ) ;
#564 = DIRECTION ( 'NONE',  ( -0.1710878697460359000, -0.9702875252478137000, -0.1710878697460357400 ) ) ;
#565 = PRESENTATION_LAYER_ASSIGNMENT (  '', '', ( #1354 ) ) ;
#566 = VECTOR ( 'NONE', #489, 1000.000000000000000 ) ;
#567 = DIRECTION ( 'NONE',  ( -0.0000000000000000000, 0.9396926207859096500, -0.3420201433256652200 ) ) ;
#568 = LINE ( 'NONE', #2031, #1598 ) ;
#569 = DIRECTION ( 'NONE',  ( 0.0000000000000000000, -1.246175025577024400E-016, 1.000000000000000000 ) ) ;
#570 = LINE ( 'NONE', #1823, #1015 ) ;
#571 = DIRECTION ( 'NONE',  ( 0.0000000000000000000, -1.246175025577024400E-016, 1.000000000000000000 ) ) ;
#572 = VECTOR ( 'NONE', #886, 1000.000000000000000 ) ;
#573 = CARTESIAN_POINT ( 'NONE',  ( -3.074848532496258900, 1.799999999999998700, -1.749999999999996200 ) ) ;
#574 = CARTESIAN_POINT ( 'NONE',  ( 1.500000000000000000, 0.3600664292851508700, -3.052405029100952100 ) ) ;
#575 = VECTOR ( 'NONE', #1193, 1000.000000000000000 ) ;
#576 = EDGE_CURVE ( 'NONE', #2128, #2079, #1019, .T. ) ;
#577 = DIRECTION ( 'NONE',  ( -1.000000000000000000, -0.0000000000000000000, -0.0000000000000000000 ) ) ;
#578 = LINE ( 'NONE', #1609, #1096 ) ;
#579 = AXIS2_PLACEMENT_3D ( 'NONE', #737, #2092, #1647 ) ;
#580 = EDGE_LOOP ( 'NONE', ( #782, #632, #1203, #1920 ) ) ;
#581 = ORIENTED_EDGE ( 'NONE', *, *, #739, .F. ) ;
#582 = DIRECTION ( 'NONE',  ( -1.000000000000000000, -0.0000000000000000000, -0.0000000000000000000 ) ) ;
#583 = CARTESIAN_POINT ( 'NONE',  ( 0.6150000000000001000, 0.5266666666666662800, 1.750000000000000000 ) ) ;
#584 = DIRECTION ( 'NONE',  ( 0.0000000000000000000, -0.9961946980917461000, -0.08715574274765178200 ) ) ;
#585 = EDGE_LOOP ( 'NONE', ( #272, #815, #1312, #1178 ) ) ;
#586 = DIRECTION ( 'NONE',  ( 0.0000000000000000000, 0.0000000000000000000, 1.000000000000000000 ) ) ;
#587 = ORIENTED_EDGE ( 'NONE', *, *, #2123, .T. ) ;
#588 = DIRECTION ( 'NONE',  ( 0.0000000000000000000, 0.9396926207859095400, 0.3420201433256653800 ) ) ;
#589 = ORIENTED_EDGE ( 'NONE', *, *, #1303, .F. ) ;
#590 = CARTESIAN_POINT ( 'NONE',  ( 2.915000000000000000, 0.8066666666666662000, 1.750000000000000000 ) ) ;
#591 = EDGE_CURVE ( 'NONE', #192, #309, #135, .T. ) ;
#592 = CARTESIAN_POINT ( 'NONE',  ( -1.684999999999999800, 0.8066666666666662000, 1.750000000000000000 ) ) ;
#593 = DIRECTION ( 'NONE',  ( 0.0000000000000000000, -0.9396926207859095400, -0.3420201433256654400 ) ) ;
#594 = VECTOR ( 'NONE', #2112, 1000.000000000000000 ) ;
#595 = PLANE ( 'NONE',  #1308 ) ;
#596 =( LENGTH_UNIT ( ) NAMED_UNIT ( * ) SI_UNIT ( .MILLI., .METRE. ) );
#597 = AXIS2_PLACEMENT_3D ( 'NONE', #893, #223, #731 ) ;
#598 = VECTOR ( 'NONE', #864, 1000.000000000000000 ) ;
#599 = DIRECTION ( 'NONE',  ( -1.000000000000000000, -0.0000000000000000000, 0.0000000000000000000 ) ) ;
#600 = CIRCLE ( 'NONE', #548, 0.04181271025416495600 ) ;
#601 = LINE ( 'NONE', #1688, #995 ) ;
#602 = DIRECTION ( 'NONE',  ( 0.0000000000000000000, 0.0000000000000000000, 1.000000000000000000 ) ) ;
#603 = ORIENTED_EDGE ( 'NONE', *, *, #1201, .T. ) ;
#604 = CARTESIAN_POINT ( 'NONE',  ( 3.174767154897720100, 0.1000000000000000500, -1.674767154897721700 ) ) ;
#605 = VERTEX_POINT ( 'NONE', #1700 ) ;
#606 = AXIS2_PLACEMENT_3D ( 'NONE', #1345, #1375, #396 ) ;
#607 = DIRECTION ( 'NONE',  ( -1.000000000000000000, -0.0000000000000000000, -0.0000000000000000000 ) ) ;
#608 = EDGE_CURVE ( 'NONE', #528, #531, #461, .T. ) ;
#609 = EDGE_LOOP ( 'NONE', ( #333, #1816, #1099, #194, #651, #46, #1269, #759, #1820, #1860, #1767, #1944 ) ) ;
#610 = ORIENTED_EDGE ( 'NONE', *, *, #1447, .F. ) ;
#611 = VERTEX_POINT ( 'NONE', #1695 ) ;
#612 = DIRECTION ( 'NONE',  ( 0.0000000000000000000, -1.000000000000000000, -1.246175025577024400E-016 ) ) ;
#613 = ORIENTED_EDGE ( 'NONE', *, *, #1564, .T. ) ;
#614 = EDGE_CURVE ( 'NONE', #1613, #799, #944, .T. ) ;
#615 = VECTOR ( 'NONE', #395, 1000.000000000000000 ) ;
#616 = AXIS2_PLACEMENT_3D ( 'NONE', #829, #1340, #1835 ) ;
#617 = LINE ( 'NONE', #1934, #594 ) ;
#618 = SURFACE_STYLE_FILL_AREA ( #2083 ) ;
#619 = CARTESIAN_POINT ( 'NONE',  ( 1.500000000000000000, 0.3600664292851508700, -3.052405029100952100 ) ) ;
#620 = CIRCLE ( 'NONE', #282, 0.04181271025416452600 ) ;
#621 = LINE ( 'NONE', #22, #645 ) ;
#622 = DIRECTION ( 'NONE',  ( 0.0000000000000000000, -1.000000000000000000, 0.0000000000000000000 ) ) ;
#623 = COLOUR_RGB ( '',0.7921568627450980000, 0.8196078431372548800, 0.9333333333333333500 ) ;
#624 = VERTEX_POINT ( 'NONE', #1531 ) ;
#625 = EDGE_CURVE ( 'NONE', #90, #605, #1727, .T. ) ;
#626 =( LENGTH_UNIT ( ) NAMED_UNIT ( * ) SI_UNIT ( .MILLI., .METRE. ) );
#627 = ADVANCED_FACE ( 'NONE', ( #1469 ), #540, .T. ) ;
#628 = VERTEX_POINT ( 'NONE', #204 ) ;
#629 = VERTEX_POINT ( 'NONE', #83 ) ;
#630 = DIRECTION ( 'NONE',  ( -0.0000000000000000000, 1.246175025577024400E-016, -1.000000000000000000 ) ) ;
#631 = ORIENTED_EDGE ( 'NONE', *, *, #856, .F. ) ;
#632 = ORIENTED_EDGE ( 'NONE', *, *, #243, .F. ) ;
#633 = ORIENTED_EDGE ( 'NONE', *, *, #210, .F. ) ;
#634 = ORIENTED_EDGE ( 'NONE', *, *, #18, .F. ) ;
#635 = CARTESIAN_POINT ( 'NONE',  ( -3.250000000000000900, 0.5266666666666662800, -1.749999999999996200 ) ) ;
#636 = DIRECTION ( 'NONE',  ( 0.0000000000000000000, -0.9961946980917462100, -0.08715574274765124100 ) ) ;
#637 = DIRECTION ( 'NONE',  ( -1.000000000000000000, -0.0000000000000000000, 0.0000000000000000000 ) ) ;
#638 = EDGE_CURVE ( 'NONE', #1445, #309, #1094, .T. ) ;
#639 = LINE ( 'NONE', #103, #151 ) ;
#640 = PLANE ( 'NONE',  #2056 ) ;
#641 = CARTESIAN_POINT ( 'NONE',  ( 2.165000000000000000, 0.4848539564125016200, 2.620023993606740200 ) ) ;
#642 = LINE ( 'NONE', #1229, #894 ) ;
#643 = SURFACE_SIDE_STYLE ('',( #2121 ) ) ;
#644 = LINE ( 'NONE', #1959, #970 ) ;
#645 = VECTOR ( 'NONE', #992, 1000.000000000000100 ) ;
#646 = ADVANCED_FACE ( 'NONE', ( #158 ), #740, .F. ) ;
#647 = PLANE ( 'NONE',  #1943 ) ;
#648 = LINE ( 'NONE', #1925, #209 ) ;
#649 = ORIENTED_EDGE ( 'NONE', *, *, #370, .F. ) ;
#650 = DIRECTION ( 'NONE',  ( -0.0000000000000000000, 1.000000000000000000, 1.246175025577024400E-016 ) ) ;
#651 = ORIENTED_EDGE ( 'NONE', *, *, #1830, .T. ) ;
#652 = ORIENTED_EDGE ( 'NONE', *, *, #1496, .T. ) ;
#653 = EDGE_CURVE ( 'NONE', #558, #1247, #1546, .T. ) ;
#654 = PLANE ( 'NONE',  #176 ) ;
#655 = VERTEX_POINT ( 'NONE', #1556 ) ;
#656 = ORIENTED_EDGE ( 'NONE', *, *, #638, .T. ) ;
#657 = CARTESIAN_POINT ( 'NONE',  ( 2.915000000000000000, 0.4848539564125016200, 2.620023993606740200 ) ) ;
#658 = AXIS2_PLACEMENT_3D ( 'NONE', #1205, #1741, #903 ) ;
#659 = PLANE ( 'NONE',  #2074 ) ;
#660 = ORIENTED_EDGE ( 'NONE', *, *, #1638, .F. ) ;
#661 = ORIENTED_EDGE ( 'NONE', *, *, #1729, .F. ) ;
#662 = VERTEX_POINT ( 'NONE', #400 ) ;
#663 = ADVANCED_FACE ( 'NONE', ( #84 ), #246, .F. ) ;
#664 = CARTESIAN_POINT ( 'NONE',  ( 2.165000000000000000, 0.8066666666666656400, 2.620023993606740200 ) ) ;
#665 = FACE_OUTER_BOUND ( 'NONE', #1818, .T. ) ;
#666 = CARTESIAN_POINT ( 'NONE',  ( 2.165000000000000000, 0.03947831355141694100, 3.024357203313115400 ) ) ;
#667 = LINE ( 'NONE', #1742, #2008 ) ;
#668 = LINE ( 'NONE', #431, #683 ) ;
#669 = AXIS2_PLACEMENT_3D ( 'NONE', #657, #1126, #818 ) ;
#670 = CYLINDRICAL_SURFACE ( 'NONE', #1666, 0.3218127102541639700 ) ;
#671 = DIRECTION ( 'NONE',  ( 0.0000000000000000000, 0.0000000000000000000, -1.000000000000000000 ) ) ;
#672 = LINE ( 'NONE', #403, #774 ) ;
#673 = FACE_OUTER_BOUND ( 'NONE', #724, .T. ) ;
#674 = CARTESIAN_POINT ( 'NONE',  ( 2.915000000000000000, 0.2500000000000000000, 2.750000000000000000 ) ) ;
#675 = VERTEX_POINT ( 'NONE', #1745 ) ;
#676 = EDGE_LOOP ( 'NONE', ( #1395, #452, #391, #882 ) ) ;
#677 = CARTESIAN_POINT ( 'NONE',  ( -1.500000000000000000, 0.4991547455664655500, -2.659315088887638500 ) ) ;
#678 = ADVANCED_FACE ( 'NONE', ( #1782 ), #386, .F. ) ;
#679 = CARTESIAN_POINT ( 'NONE',  ( -1.684999999999999800, 0.5266666666666661700, 2.620023993606740200 ) ) ;
#680 = ORIENTED_EDGE ( 'NONE', *, *, #23, .T. ) ;
#681 = ORIENTED_EDGE ( 'NONE', *, *, #1189, .F. ) ;
#682 = DIRECTION ( 'NONE',  ( -0.9848077530122080200, 0.1736481776669307200, 2.440527326391783800E-016 ) ) ;
#683 = VECTOR ( 'NONE', #1391, 1000.000000000000100 ) ;
#684 = EDGE_CURVE ( 'NONE', #1587, #1406, #1938, .T. ) ;
#685 = LINE ( 'NONE', #112, #1957 ) ;
#686 = PLANE ( 'NONE',  #346 ) ;
#687 = VECTOR ( 'NONE', #2067, 1000.000000000000000 ) ;
#688 = AXIS2_PLACEMENT_3D ( 'NONE', #153, #1115, #1467 ) ;
#689 = MANIFOLD_SOLID_BREP ( 'Boss-Extrude3', #1074 ) ;
#690 = CARTESIAN_POINT ( 'NONE',  ( -1.684999999999999800, 0.3184128290171057100, 3.048760811282458200 ) ) ;
#691 = LINE ( 'NONE', #328, #388 ) ;
#692 = CARTESIAN_POINT ( 'NONE',  ( -2.434999999999999600, 0.8066666666666662000, 1.750000000000000000 ) ) ;
#693 = PLANE ( 'NONE',  #2036 ) ;
#694 = VERTEX_POINT ( 'NONE', #1567 ) ;
#695 = CARTESIAN_POINT ( 'NONE',  ( 2.165000000000000000, 0.2500000000000000000, 2.750000000000000000 ) ) ;
#696 = VERTEX_POINT ( 'NONE', #719 ) ;
#697 = ORIENTED_EDGE ( 'NONE', *, *, #1446, .T. ) ;
#698 = ORIENTED_EDGE ( 'NONE', *, *, #1112, .F. ) ;
#699 = CARTESIAN_POINT ( 'NONE',  ( -3.250000000000000000, 0.5266666666666662800, 1.750000000000000000 ) ) ;
#700 = EDGE_LOOP ( 'NONE', ( #245, #1842, #830, #1132, #144, #1454, #852, #836, #833, #1946, #247, #1076 ) ) ;
#701 = DIRECTION ( 'NONE',  ( 0.0000000000000000000, -0.0000000000000000000, -1.000000000000000000 ) ) ;
#702 = ORIENTED_EDGE ( 'NONE', *, *, #159, .T. ) ;
#703 = CARTESIAN_POINT ( 'NONE',  ( 1.500000000000000000, 0.03947831355141694100, -3.024357203313115400 ) ) ;
#704 = MECHANICAL_DESIGN_GEOMETRIC_PRESENTATION_REPRESENTATION (  '', ( #1095 ), #293 ) ;
#705 = DIRECTION ( 'NONE',  ( 0.0000000000000000000, 0.0000000000000000000, 1.000000000000000000 ) ) ;
#706 = ORIENTED_EDGE ( 'NONE', *, *, #870, .F. ) ;
#707 = DIRECTION ( 'NONE',  ( -1.000000000000000000, -0.0000000000000000000, -0.0000000000000000000 ) ) ;
#708 = LINE ( 'NONE', #1005, #1089 ) ;
#709 = LINE ( 'NONE', #1766, #1778 ) ;
#710 = FACE_OUTER_BOUND ( 'NONE', #700, .T. ) ;
#711 = CARTESIAN_POINT ( 'NONE',  ( 3.249999999999998700, 1.799999999999998700, -1.574848532496258000 ) ) ;
#712 = CARTESIAN_POINT ( 'NONE',  ( 0.6150000000000001000, 0.8066666666666662000, 1.750000000000000000 ) ) ;
#713 = CIRCLE ( 'NONE', #2102, 0.3218127102541639700 ) ;
#714 = EDGE_CURVE ( 'NONE', #422, #1316, #1305, .T. ) ;
#715 = EDGE_CURVE ( 'NONE', #808, #2128, #716, .T. ) ;
#716 = LINE ( 'NONE', #2058, #1255 ) ;
#717 = PLANE ( 'NONE',  #658 ) ;
#718 = UNCERTAINTY_MEASURE_WITH_UNIT (LENGTH_MEASURE( 1.000000000000000100E-005 ), #1240, 'distance_accuracy_value', 'NONE');
#719 = CARTESIAN_POINT ( 'NONE',  ( 1.500000000000000000, 0.03947831355141694100, -3.024357203313115400 ) ) ;
#720 = FACE_OUTER_BOUND ( 'NONE', #1128, .T. ) ;
#721 = AXIS2_PLACEMENT_3D ( 'NONE', #553, #226, #390 ) ;
#722 = DIRECTION ( 'NONE',  ( 0.1736481776669307200, -0.9848077530122080200, 0.0000000000000000000 ) ) ;
#723 = CARTESIAN_POINT ( 'NONE',  ( -3.250000000000000900, 0.8066666666666662000, -1.749999999999996200 ) ) ;
#724 = EDGE_LOOP ( 'NONE', ( #1691, #340, #38, #1585 ) ) ;
#725 = DIRECTION ( 'NONE',  ( -1.000000000000000000, -0.0000000000000000000, -0.0000000000000000000 ) ) ;
#726 = DIRECTION ( 'NONE',  ( -0.0000000000000000000, 0.9396926207859086500, 0.3420201433256682100 ) ) ;
#727 = ORIENTED_EDGE ( 'NONE', *, *, #1141, .T. ) ;
#728 = CLOSED_SHELL ( 'NONE', ( #338, #3, #1135, #1492, #1075, #1918, #1003, #1646, #196, #1102, #678, #646, #488, #1320 ) ) ;
#729 = DIRECTION ( 'NONE',  ( 0.0000000000000000000, 0.0000000000000000000, -1.000000000000000000 ) ) ;
#730 = ORIENTED_EDGE ( 'NONE', *, *, #1103, .T. ) ;
#731 = DIRECTION ( 'NONE',  ( 1.000000000000000000, 0.0000000000000000000, 0.0000000000000000000 ) ) ;
#732 = ORIENTED_EDGE ( 'NONE', *, *, #1335, .T. ) ;
#733 = EDGE_CURVE ( 'NONE', #1866, #1594, #1657, .T. ) ;
#734 = DIRECTION ( 'NONE',  ( -1.000000000000000000, -0.0000000000000000000, -0.0000000000000000000 ) ) ;
#735 = EDGE_LOOP ( 'NONE', ( #1056, #1637, #9, #1314 ) ) ;
#736 = ORIENTED_EDGE ( 'NONE', *, *, #1692, .T. ) ;
#737 = CARTESIAN_POINT ( 'NONE',  ( 1.500000000000000000, 0.03947831355141694100, -3.024357203313115400 ) ) ;
#738 = AXIS2_PLACEMENT_3D ( 'NONE', #574, #1049, #1858 ) ;
#739 = EDGE_CURVE ( 'NONE', #527, #1795, #672, .T. ) ;
#740 = PLANE ( 'NONE',  #1707 ) ;
#741 = CARTESIAN_POINT ( 'NONE',  ( 2.915000000000000000, 0.4991547455664656600, 2.659315088887638500 ) ) ;
#742 = CARTESIAN_POINT ( 'NONE',  ( 0.6150000000000001000, 0.4848539564125016200, 2.620023993606740200 ) ) ;
#743 = CIRCLE ( 'NONE', #1244, 0.3218127102541639700 ) ;
#744 = LINE ( 'NONE', #899, #27 ) ;
#745 = LINE ( 'NONE', #1418, #1137 ) ;
#746 = DIRECTION ( 'NONE',  ( -1.000000000000000000, -0.0000000000000000000, -0.0000000000000000000 ) ) ;
#747 = FACE_OUTER_BOUND ( 'NONE', #585, .T. ) ;
#748 = LINE ( 'NONE', #979, #1572 ) ;
#749 = CARTESIAN_POINT ( 'NONE',  ( 2.165000000000000000, 0.5266666666666662800, 1.750000000000000000 ) ) ;
#750 = CARTESIAN_POINT ( 'NONE',  ( 1.500000000000000000, 0.2500000000000001100, -2.750000000000000000 ) ) ;
#751 = VECTOR ( 'NONE', #837, 1000.000000000000000 ) ;
#752 = EDGE_CURVE ( 'NONE', #1896, #784, #1705, .T. ) ;
#753 = EDGE_CURVE ( 'NONE', #312, #889, #283, .T. ) ;
#754 = DIRECTION ( 'NONE',  ( 0.0000000000000000000, -0.9961946980917461000, -0.08715574274765178200 ) ) ;
#755 = ORIENTED_EDGE ( 'NONE', *, *, #457, .T. ) ;
#756 = ORIENTED_EDGE ( 'NONE', *, *, #433, .F. ) ;
#757 = CARTESIAN_POINT ( 'NONE',  ( -1.500000000000000000, 0.2500000000000001100, -2.750000000000000000 ) ) ;
#758 = ORIENTED_EDGE ( 'NONE', *, *, #1265, .F. ) ;
#759 = ORIENTED_EDGE ( 'NONE', *, *, #1521, .T. ) ;
#760 = EDGE_LOOP ( 'NONE', ( #1825, #1346, #631, #453 ) ) ;
#761 = ORIENTED_EDGE ( 'NONE', *, *, #344, .T. ) ;
#762 = CARTESIAN_POINT ( 'NONE',  ( -0.1349999999999997000, 0.4848539564125016200, 2.620023993606740200 ) ) ;
#763 = ORIENTED_EDGE ( 'NONE', *, *, #2135, .T. ) ;
#764 = EDGE_CURVE ( 'NONE', #468, #1347, #2039, .T. ) ;
#765 = DIRECTION ( 'NONE',  ( -0.0000000000000000000, 0.9396926207859096500, -0.3420201433256652200 ) ) ;
#766 = CARTESIAN_POINT ( 'NONE',  ( 1.500000000000000000, 0.5949203856976524900, -2.922429022707692300 ) ) ;
#767 = STYLED_ITEM ( 'NONE', ( #990 ), #1557 ) ;
#768 = VECTOR ( 'NONE', #1983, 1000.000000000000000 ) ;
#769 = CARTESIAN_POINT ( 'NONE',  ( 1.500000000000000000, 0.2789345154656885900, -3.500000000000000000 ) ) ;
#770 = DIRECTION ( 'NONE',  ( 0.0000000000000000000, 0.0000000000000000000, -1.000000000000000000 ) ) ;
#771 = LINE ( 'NONE', #935, #326 ) ;
#772 = COLOUR_RGB ( '',0.7921568627450980000, 0.8196078431372548800, 0.9333333333333333500 ) ;
#773 = VECTOR ( 'NONE', #1739, 1000.000000000000000 ) ;
#774 = VECTOR ( 'NONE', #1028, 1000.000000000000000 ) ;
#775 = CARTESIAN_POINT ( 'NONE',  ( 0.6150000000000001000, 0.5949203856976524900, 2.922429022707691400 ) ) ;
#776 = VECTOR ( 'NONE', #321, 1000.000000000000100 ) ;
#777 = ADVANCED_FACE ( 'NONE', ( #1438 ), #1353, .T. ) ;
#778 = ORIENTED_EDGE ( 'NONE', *, *, #49, .T. ) ;
#779 = ORIENTED_EDGE ( 'NONE', *, *, #638, .F. ) ;
#780 = CLOSED_SHELL ( 'NONE', ( #1990, #942, #115, #1966, #1953, #1667, #994, #349, #1243, #287, #1298, #1159, #271, #1837 ) ) ;
#781 = CARTESIAN_POINT ( 'NONE',  ( 1.500000000000000000, 0.3600664292851508700, -3.052405029100952100 ) ) ;
#782 = ORIENTED_EDGE ( 'NONE', *, *, #1379, .T. ) ;
#783 = VERTEX_POINT ( 'NONE', #240 ) ;
#784 = VERTEX_POINT ( 'NONE', #545 ) ;
#785 = CARTESIAN_POINT ( 'NONE',  ( 2.915000000000000000, 0.4991547455664655500, 2.659315088887638500 ) ) ;
#786 =( NAMED_UNIT ( * ) PLANE_ANGLE_UNIT ( ) SI_UNIT ( $, .RADIAN. ) );
#787 = EDGE_CURVE ( 'NONE', #655, #799, #1111, .T. ) ;
#788 = EDGE_CURVE ( 'NONE', #1121, #2130, #492, .T. ) ;
#789 = VECTOR ( 'NONE', #954, 1000.000000000000000 ) ;
#790 = DIRECTION ( 'NONE',  ( -1.000000000000000000, -0.0000000000000000000, -0.0000000000000000000 ) ) ;
#791 = VECTOR ( 'NONE', #593, 1000.000000000000100 ) ;
#792 = ADVANCED_FACE ( 'NONE', ( #873 ), #895, .T. ) ;
#793 = LINE ( 'NONE', #1245, #355 ) ;
#794 = CARTESIAN_POINT ( 'NONE',  ( -3.250000000000000000, 0.8066666666666662000, 1.750000000000000000 ) ) ;
#795 = CARTESIAN_POINT ( 'NONE',  ( 0.6150000000000001000, 0.2789345154656889800, 3.500000000000000000 ) ) ;
#796 = CARTESIAN_POINT ( 'NONE',  ( -3.174767154897721400, 0.1000000000000000500, 1.674767154897721700 ) ) ;
#797 = LINE ( 'NONE', #1548, #1230 ) ;
#798 = EDGE_CURVE ( 'NONE', #1613, #505, #1987, .T. ) ;
#799 = VERTEX_POINT ( 'NONE', #1536 ) ;
#800 = CARTESIAN_POINT ( 'NONE',  ( 2.915000000000000000, 0.2789345154656889800, 3.500000000000000000 ) ) ;
#801 = AXIS2_PLACEMENT_3D ( 'NONE', #1289, #156, #1633 ) ;
#802 = PLANE ( 'NONE',  #1403 ) ;
#803 = ORIENTED_EDGE ( 'NONE', *, *, #1619, .F. ) ;
#804 = ORIENTED_EDGE ( 'NONE', *, *, #344, .F. ) ;
#805 = ORIENTED_EDGE ( 'NONE', *, *, #817, .T. ) ;
#806 = DIRECTION ( 'NONE',  ( 0.0000000000000000000, 0.0000000000000000000, 1.000000000000000000 ) ) ;
#807 = ADVANCED_FACE ( 'NONE', ( #1680 ), #2119, .T. ) ;
#808 = VERTEX_POINT ( 'NONE', #551 ) ;
#809 = DIRECTION ( 'NONE',  ( 1.000000000000000000, 0.0000000000000000000, 0.0000000000000000000 ) ) ;
#810 = ORIENTED_EDGE ( 'NONE', *, *, #1537, .T. ) ;
#811 = CARTESIAN_POINT ( 'NONE',  ( 1.500000000000000000, 0.3600664292851508700, -3.052405029100952100 ) ) ;
#812 = EDGE_CURVE ( 'NONE', #783, #1190, #1544, .T. ) ;
#813 = DIRECTION ( 'NONE',  ( -1.000000000000000000, -0.0000000000000000000, -0.0000000000000000000 ) ) ;
#814 = DIRECTION ( 'NONE',  ( 0.0000000000000000000, -0.9396926207859080900, 0.3420201433256696600 ) ) ;
#815 = ORIENTED_EDGE ( 'NONE', *, *, #302, .F. ) ;
#816 = FACE_OUTER_BOUND ( 'NONE', #1919, .T. ) ;
#817 = EDGE_CURVE ( 'NONE', #1293, #1363, #822, .T. ) ;
#818 = DIRECTION ( 'NONE',  ( 0.0000000000000000000, 0.0000000000000000000, -1.000000000000000000 ) ) ;
#819 = DIRECTION ( 'NONE',  ( -0.1736481776669307200, 0.9848077530122080200, 0.0000000000000000000 ) ) ;
#820 = CARTESIAN_POINT ( 'NONE',  ( 3.249999999999999600, 0.5266666666666662800, 1.750000000000000000 ) ) ;
#821 = VECTOR ( 'NONE', #872, 1000.000000000000000 ) ;
#822 = LINE ( 'NONE', #1864, #281 ) ;
#823 = DIRECTION ( 'NONE',  ( 2.478176394252584600E-016, 0.0000000000000000000, 1.000000000000000000 ) ) ;
#824 = VECTOR ( 'NONE', #1709, 1000.000000000000100 ) ;
#825 = VECTOR ( 'NONE', #1017, 1000.000000000000000 ) ;
#826 = CARTESIAN_POINT ( 'NONE',  ( 0.6150000000000001000, 0.5949203856976524900, 2.922429022707691400 ) ) ;
#827 = ORIENTED_EDGE ( 'NONE', *, *, #2111, .F. ) ;
#828 = PLANE ( 'NONE',  #801 ) ;
#829 = CARTESIAN_POINT ( 'NONE',  ( 0.6150000000000001000, 0.4848539564125016200, 2.620023993606740200 ) ) ;
#830 = ORIENTED_EDGE ( 'NONE', *, *, #356, .F. ) ;
#831 = EDGE_CURVE ( 'NONE', #624, #1121, #2, .T. ) ;
#832 = EDGE_CURVE ( 'NONE', #1555, #1262, #793, .T. ) ;
#833 = ORIENTED_EDGE ( 'NONE', *, *, #1651, .F. ) ;
#834 = DIRECTION ( 'NONE',  ( 0.0000000000000000000, 0.0000000000000000000, 1.000000000000000000 ) ) ;
#835 = EDGE_LOOP ( 'NONE', ( #1157, #581, #397, #2047 ) ) ;
#836 = ORIENTED_EDGE ( 'NONE', *, *, #1158, .F. ) ;
#837 = DIRECTION ( 'NONE',  ( -1.000000000000000000, -0.0000000000000000000, -0.0000000000000000000 ) ) ;
#838 = ORIENTED_EDGE ( 'NONE', *, *, #1950, .T. ) ;
#839 = DIRECTION ( 'NONE',  ( 1.000000000000000000, 0.0000000000000000000, 0.0000000000000000000 ) ) ;
#840 = ADVANCED_FACE ( 'NONE', ( #2068 ), #670, .T. ) ;
#841 = LINE ( 'NONE', #1811, #868 ) ;
#842 = EDGE_CURVE ( 'NONE', #1973, #978, #385, .T. ) ;
#843 = DIRECTION ( 'NONE',  ( 0.0000000000000000000, 0.0000000000000000000, -1.000000000000000000 ) ) ;
#844 = VECTOR ( 'NONE', #85, 1000.000000000000000 ) ;
#845 = AXIS2_PLACEMENT_3D ( 'NONE', #1526, #1539, #2020 ) ;
#846 = LINE ( 'NONE', #2045, #920 ) ;
#847 = PLANE ( 'NONE',  #42 ) ;
#848 = VECTOR ( 'NONE', #1187, 1000.000000000000000 ) ;
#849 = CYLINDRICAL_SURFACE ( 'NONE', #1814, 0.3218127102541644100 ) ;
#850 = DIRECTION ( 'NONE',  ( 0.0000000000000000000, -0.08715574274765122700, 0.9961946980917461000 ) ) ;
#851 = ORIENTED_EDGE ( 'NONE', *, *, #345, .F. ) ;
#852 = ORIENTED_EDGE ( 'NONE', *, *, #1379, .F. ) ;
#853 = ORIENTED_EDGE ( 'NONE', *, *, #1462, .F. ) ;
#854 = DIRECTION ( 'NONE',  ( -1.000000000000000000, 0.0000000000000000000, -0.0000000000000000000 ) ) ;
#855 = AXIS2_PLACEMENT_3D ( 'NONE', #1748, #1260, #448 ) ;
#856 = EDGE_CURVE ( 'NONE', #857, #863, #1168, .T. ) ;
#857 = VERTEX_POINT ( 'NONE', #464 ) ;
#858 = ORIENTED_EDGE ( 'NONE', *, *, #316, .F. ) ;
#859 = CARTESIAN_POINT ( 'NONE',  ( 2.915000000000000000, 0.5266666666666661700, 2.620023993606740200 ) ) ;
#860 = CARTESIAN_POINT ( 'NONE',  ( -3.250000000000000900, 0.8066666666666662000, -1.749999999999996200 ) ) ;
#861 = PLANE ( 'NONE',  #377 ) ;
#862 = VERTEX_POINT ( 'NONE', #750 ) ;
#863 = VERTEX_POINT ( 'NONE', #1746 ) ;
#864 = DIRECTION ( 'NONE',  ( -1.000000000000000000, -0.0000000000000000000, -0.0000000000000000000 ) ) ;
#865 =( NAMED_UNIT ( * ) PLANE_ANGLE_UNIT ( ) SI_UNIT ( $, .RADIAN. ) );
#866 = CARTESIAN_POINT ( 'NONE',  ( -1.684999999999999800, 0.5266666666666661700, 2.620023993606740200 ) ) ;
#867 = DIRECTION ( 'NONE',  ( 1.000000000000000000, 0.0000000000000000000, 0.0000000000000000000 ) ) ;
#868 = VECTOR ( 'NONE', #324, 1000.000000000000000 ) ;
#869 = CARTESIAN_POINT ( 'NONE',  ( -1.500000000000000000, 0.3184128290171060500, -3.048760811282458200 ) ) ;
#870 = EDGE_CURVE ( 'NONE', #309, #2055, #1226, .T. ) ;
#871 = FACE_OUTER_BOUND ( 'NONE', #1177, .T. ) ;
#872 = DIRECTION ( 'NONE',  ( -1.000000000000000000, -0.0000000000000000000, -0.0000000000000000000 ) ) ;
#873 = FACE_OUTER_BOUND ( 'NONE', #1185, .T. ) ;
#874 = AXIS2_PLACEMENT_3D ( 'NONE', #11, #1315, #1624 ) ;
#875 = CARTESIAN_POINT ( 'NONE',  ( 2.915000000000000000, 0.2789345154656889800, 3.500000000000000000 ) ) ;
#876 = CARTESIAN_POINT ( 'NONE',  ( 2.915000000000000000, 1.355252715606880500E-017, 3.475596392030657600 ) ) ;
#877 = LINE ( 'NONE', #699, #1258 ) ;
#878 = CARTESIAN_POINT ( 'NONE',  ( 3.249999999999998700, 0.8066666666666662000, -1.750000000000000000 ) ) ;
#879 = VERTEX_POINT ( 'NONE', #1419 ) ;
#880 = VERTEX_POINT ( 'NONE', #1913 ) ;
#881 = CARTESIAN_POINT ( 'NONE',  ( 1.500000000000000000, 1.355252715606880500E-017, -3.475596392030657600 ) ) ;
#882 = ORIENTED_EDGE ( 'NONE', *, *, #242, .T. ) ;
#883 = DIRECTION ( 'NONE',  ( -1.000000000000000000, -0.0000000000000000000, -0.0000000000000000000 ) ) ;
#884 = AXIS2_PLACEMENT_3D ( 'NONE', #1385, #883, #1724 ) ;
#885 = EDGE_LOOP ( 'NONE', ( #1376, #93, #366, #101 ) ) ;
#886 = DIRECTION ( 'NONE',  ( -0.0000000000000000000, 0.08715574274765151800, -0.9961946980917461000 ) ) ;
#887 = DIRECTION ( 'NONE',  ( -1.000000000000000000, -0.0000000000000000000, -0.0000000000000000000 ) ) ;
#888 = CARTESIAN_POINT ( 'NONE',  ( 3.249999999999999600, 0.8066666666666662000, 1.750000000000000000 ) ) ;
#889 = VERTEX_POINT ( 'NONE', #1897 ) ;
#890 = CARTESIAN_POINT ( 'NONE',  ( -1.684999999999999800, 0.5949203856976524900, 2.922429022707691400 ) ) ;
#891 = FACE_OUTER_BOUND ( 'NONE', #609, .T. ) ;
#892 = DIRECTION ( 'NONE',  ( 0.0000000000000000000, 0.0000000000000000000, 1.000000000000000000 ) ) ;
#893 = CARTESIAN_POINT ( 'NONE',  ( -1.684999999999999800, 0.8066666666666662000, 1.750000000000000000 ) ) ;
#894 = VECTOR ( 'NONE', #1057, 1000.000000000000000 ) ;
#895 = PLANE ( 'NONE',  #1996 ) ;
#896 = EDGE_CURVE ( 'NONE', #171, #2082, #1194, .T. ) ;
#897 = LINE ( 'NONE', #881, #575 ) ;
#898 = MECHANICAL_DESIGN_GEOMETRIC_PRESENTATION_REPRESENTATION (  '', ( #1655 ), #1368 ) ;
#899 = CARTESIAN_POINT ( 'NONE',  ( 3.249999999999999600, 0.1000000000000000500, 1.674767154897721700 ) ) ;
#900 = VECTOR ( 'NONE', #1848, 1000.000000000000100 ) ;
#901 = CARTESIAN_POINT ( 'NONE',  ( 2.915000000000000000, 0.8066666666666662000, 1.750000000000000000 ) ) ;
#902 = ORIENTED_EDGE ( 'NONE', *, *, #1091, .F. ) ;
#903 = DIRECTION ( 'NONE',  ( 0.0000000000000000000, -0.0000000000000000000, 1.000000000000000000 ) ) ;
#904 = VERTEX_POINT ( 'NONE', #418 ) ;
#905 = CLOSED_SHELL ( 'NONE', ( #25, #1503, #1676, #1634, #522, #1088, #962, #132, #1306, #974, #1330, #460, #1764, #2134 ) ) ;
#906 = ORIENTED_EDGE ( 'NONE', *, *, #2007, .F. ) ;
#907 = DIRECTION ( 'NONE',  ( 0.1710878697460357900, 0.9702875252478137000, -0.1710878697460359600 ) ) ;
#908 = ORIENTED_EDGE ( 'NONE', *, *, #184, .T. ) ;
#909 = EDGE_CURVE ( 'NONE', #889, #1190, #1357, .T. ) ;
#910 = CARTESIAN_POINT ( 'NONE',  ( -1.684999999999999800, 0.2500000000000000000, 2.750000000000000000 ) ) ;
#911 = CARTESIAN_POINT ( 'NONE',  ( 1.500000000000000000, 0.2789345154656885900, -3.500000000000000000 ) ) ;
#912 = ORIENTED_EDGE ( 'NONE', *, *, #870, .T. ) ;
#913 = MECHANICAL_DESIGN_GEOMETRIC_PRESENTATION_REPRESENTATION (  '', ( #767 ), #110 ) ;
#914 = DIRECTION ( 'NONE',  ( -1.000000000000000000, -0.0000000000000000000, -0.0000000000000000000 ) ) ;
#915 = CARTESIAN_POINT ( 'NONE',  ( 0.6150000000000001000, 0.8066666666666656400, 2.620023993606740200 ) ) ;
#916 = AXIS2_PLACEMENT_3D ( 'NONE', #2139, #1107, #1127 ) ;
#917 = DIRECTION ( 'NONE',  ( -1.000000000000000000, -0.0000000000000000000, -0.0000000000000000000 ) ) ;
#918 = LINE ( 'NONE', #1620, #276 ) ;
#919 = CARTESIAN_POINT ( 'NONE',  ( -0.1349999999999997000, 0.03947831355141694100, 3.024357203313115400 ) ) ;
#920 = VECTOR ( 'NONE', #1875, 1000.000000000000000 ) ;
#921 = FACE_OUTER_BOUND ( 'NONE', #318, .T. ) ;
#922 = AXIS2_PLACEMENT_3D ( 'NONE', #482, #1793, #1142 ) ;
#923 = CARTESIAN_POINT ( 'NONE',  ( -1.684999999999999800, 0.3184128290171057100, 3.048760811282458200 ) ) ;
#924 = EDGE_CURVE ( 'NONE', #694, #427, #1417, .T. ) ;
#925 = VECTOR ( 'NONE', #956, 1000.000000000000000 ) ;
#926 = VERTEX_POINT ( 'NONE', #1237 ) ;
#927 = CARTESIAN_POINT ( 'NONE',  ( 0.6150000000000001000, 0.03947831355141694100, 3.024357203313115400 ) ) ;
#928 =( NAMED_UNIT ( * ) PLANE_ANGLE_UNIT ( ) SI_UNIT ( $, .RADIAN. ) );
#929 = VERTEX_POINT ( 'NONE', #2124 ) ;
#930 = DIRECTION ( 'NONE',  ( -1.000000000000000000, -0.0000000000000000000, -0.0000000000000000000 ) ) ;
#931 = ORIENTED_EDGE ( 'NONE', *, *, #1447, .T. ) ;
#932 = ADVANCED_FACE ( 'NONE', ( #1601 ), #1789, .T. ) ;
#933 = ORIENTED_EDGE ( 'NONE', *, *, #576, .T. ) ;
#934 = ORIENTED_EDGE ( 'NONE', *, *, #1607, .T. ) ;
#935 = CARTESIAN_POINT ( 'NONE',  ( 0.6150000000000001000, 0.5949203856976524900, 2.922429022707691400 ) ) ;
#936 = EDGE_CURVE ( 'NONE', #122, #1363, #1254, .T. ) ;
#937 = CARTESIAN_POINT ( 'NONE',  ( -2.434999999999999600, 0.5949203856976524900, 2.922429022707691400 ) ) ;
#938 = EDGE_LOOP ( 'NONE', ( #858, #851, #610, #447 ) ) ;
#939 = LINE ( 'NONE', #310, #539 ) ;
#940 = DIRECTION ( 'NONE',  ( 0.0000000000000000000, 0.0000000000000000000, 1.000000000000000000 ) ) ;
#941 = ADVANCED_BREP_SHAPE_REPRESENTATION ( 'DCY4', ( #689, #1460, #406, #2006, #1557, #13 ), #1165 ) ;
#942 = ADVANCED_FACE ( 'NONE', ( #55 ), #428, .F. ) ;
#943 = LINE ( 'NONE', #878, #490 ) ;
#944 = LINE ( 'NONE', #1856, #1832 ) ;
#945 = EDGE_CURVE ( 'NONE', #1363, #1290, #414, .T. ) ;
#946 =( NAMED_UNIT ( * ) SI_UNIT ( $, .STERADIAN. ) SOLID_ANGLE_UNIT ( ) );
#947 = VECTOR ( 'NONE', #470, 1000.000000000000000 ) ;
#948 = VECTOR ( 'NONE', #1324, 1000.000000000000200 ) ;
#949 = ORIENTED_EDGE ( 'NONE', *, *, #1692, .F. ) ;
#950 = DIRECTION ( 'NONE',  ( 0.0000000000000000000, 0.0000000000000000000, -1.000000000000000000 ) ) ;
#951 = VERTEX_POINT ( 'NONE', #1580 ) ;
#952 = VERTEX_POINT ( 'NONE', #1279 ) ;
#953 = CARTESIAN_POINT ( 'NONE',  ( 2.165000000000000000, 0.5266666666666662800, 1.750000000000000000 ) ) ;
#954 = DIRECTION ( 'NONE',  ( -0.0000000000000000000, 1.246175025577024400E-016, -1.000000000000000000 ) ) ;
#955 = ORIENTED_EDGE ( 'NONE', *, *, #1788, .T. ) ;
#956 = DIRECTION ( 'NONE',  ( -0.0000000000000000000, 0.9396926207859096500, -0.3420201433256652200 ) ) ;
#957 = VERTEX_POINT ( 'NONE', #604 ) ;
#958 = DIRECTION ( 'NONE',  ( -1.000000000000000000, -0.0000000000000000000, 6.004812032227409800E-016 ) ) ;
#959 = CARTESIAN_POINT ( 'NONE',  ( 1.500000000000000000, 0.5266666666666662800, -1.750000000000000000 ) ) ;
#960 = AXIS2_PLACEMENT_3D ( 'NONE', #31, #1164, #197 ) ;
#961 = EDGE_CURVE ( 'NONE', #889, #1267, #1494, .T. ) ;
#962 = ADVANCED_FACE ( 'NONE', ( #1138 ), #1285, .F. ) ;
#963 = DIRECTION ( 'NONE',  ( -1.000000000000000000, -0.0000000000000000000, -0.0000000000000000000 ) ) ;
#964 = CARTESIAN_POINT ( 'NONE',  ( -3.250000000000000900, 0.5266666666666662800, -1.749999999999996200 ) ) ;
#965 = EDGE_LOOP ( 'NONE', ( #660, #1991, #529, #1370, #1402, #2023, #2105, #118, #1509, #1863, #393, #165 ) ) ;
#966 = LINE ( 'NONE', #1980, #566 ) ;
#967 = DIRECTION ( 'NONE',  ( 1.000000000000000000, 0.0000000000000000000, 0.0000000000000000000 ) ) ;
#968 = CARTESIAN_POINT ( 'NONE',  ( 0.6150000000000001000, 0.2500000000000000000, 2.750000000000000000 ) ) ;
#969 = VECTOR ( 'NONE', #211, 1000.000000000000000 ) ;
#970 = VECTOR ( 'NONE', #963, 1000.000000000000000 ) ;
#971 = DIRECTION ( 'NONE',  ( 0.0000000000000000000, 0.0000000000000000000, 1.000000000000000000 ) ) ;
#972 = PLANE ( 'NONE',  #2114 ) ;
#973 = VECTOR ( 'NONE', #372, 1000.000000000000000 ) ;
#974 = ADVANCED_FACE ( 'NONE', ( #260 ), #1703, .T. ) ;
#975 = ORIENTED_EDGE ( 'NONE', *, *, #433, .T. ) ;
#976 = EDGE_CURVE ( 'NONE', #1866, #363, #303, .T. ) ;
#977 = CARTESIAN_POINT ( 'NONE',  ( 0.6150000000000001000, 0.03947831355141694100, 3.024357203313115400 ) ) ;
#978 = VERTEX_POINT ( 'NONE', #1730 ) ;
#979 = CARTESIAN_POINT ( 'NONE',  ( -1.684999999999999800, 0.2789345154656889800, 3.500000000000000000 ) ) ;
#980 = EDGE_LOOP ( 'NONE', ( #1949, #2078, #1405, #1456, #2110, #1404, #1769, #1097, #2076, #661, #1259, #41 ) ) ;
#981 = ORIENTED_EDGE ( 'NONE', *, *, #961, .F. ) ;
#982 = CARTESIAN_POINT ( 'NONE',  ( -2.434999999999999600, 0.3457656401311868800, 3.013113933820054300 ) ) ;
#983 = ORIENTED_EDGE ( 'NONE', *, *, #1578, .F. ) ;
#984 = ORIENTED_EDGE ( 'NONE', *, *, #625, .T. ) ;
#985 = ADVANCED_FACE ( 'NONE', ( #232 ), #1449, .F. ) ;
#986 = DIRECTION ( 'NONE',  ( -1.000000000000000000, 0.0000000000000000000, -0.0000000000000000000 ) ) ;
#987 = AXIS2_PLACEMENT_3D ( 'NONE', #712, #1048, #54 ) ;
#988 = LINE ( 'NONE', #1662, #1852 ) ;
#989 = CARTESIAN_POINT ( 'NONE',  ( 2.915000000000000000, 0.5266666666666662800, 1.750000000000000000 ) ) ;
#990 = PRESENTATION_STYLE_ASSIGNMENT (( #1444 ) ) ;
#991 = AXIS2_PLACEMENT_3D ( 'NONE', #742, #92, #770 ) ;
#992 = DIRECTION ( 'NONE',  ( 0.0000000000000000000, -0.08715574274765122700, 0.9961946980917461000 ) ) ;
#993 = LINE ( 'NONE', #703, #598 ) ;
#994 = ADVANCED_FACE ( 'NONE', ( #1937 ), #647, .F. ) ;
#995 = VECTOR ( 'NONE', #1870, 1000.000000000000000 ) ;
#996 = FACE_OUTER_BOUND ( 'NONE', #562, .T. ) ;
#997 = DIRECTION ( 'NONE',  ( 0.0000000000000000000, 0.08715574274765122700, -0.9961946980917461000 ) ) ;
#998 = ORIENTED_EDGE ( 'NONE', *, *, #104, .T. ) ;
#999 = DIRECTION ( 'NONE',  ( 0.0000000000000000000, 0.0000000000000000000, -1.000000000000000000 ) ) ;
#1000 = ORIENTED_EDGE ( 'NONE', *, *, #134, .T. ) ;
#1001 = EDGE_CURVE ( 'NONE', #605, #2128, #748, .T. ) ;
#1002 = EDGE_LOOP ( 'NONE', ( #1489, #288, #1765, #975 ) ) ;
#1003 = ADVANCED_FACE ( 'NONE', ( #1519 ), #640, .F. ) ;
#1004 = PRESENTATION_LAYER_ASSIGNMENT (  '', '', ( #767 ) ) ;
#1005 = CARTESIAN_POINT ( 'NONE',  ( 2.165000000000000000, 0.4991547455664656600, 2.659315088887638500 ) ) ;
#1006 = VERTEX_POINT ( 'NONE', #1295 ) ;
#1007 = ORIENTED_EDGE ( 'NONE', *, *, #561, .F. ) ;
#1008 = ORIENTED_EDGE ( 'NONE', *, *, #1522, .T. ) ;
#1009 = ORIENTED_EDGE ( 'NONE', *, *, #1729, .T. ) ;
#1010 = CARTESIAN_POINT ( 'NONE',  ( -3.074848532496258900, 1.799999999999998700, -1.574848532496254200 ) ) ;
#1011 = EDGE_CURVE ( 'NONE', #89, #1812, #644, .T. ) ;
#1012 = CARTESIAN_POINT ( 'NONE',  ( -2.434999999999999600, 0.4848539564125016200, 2.620023993606740200 ) ) ;
#1013 = VECTOR ( 'NONE', #2095, 1000.000000000000100 ) ;
#1014 = CARTESIAN_POINT ( 'NONE',  ( 0.6150000000000001000, 0.3457656401311868800, 3.013113933820054300 ) ) ;
#1015 = VECTOR ( 'NONE', #1677, 1000.000000000000000 ) ;
#1016 = CARTESIAN_POINT ( 'NONE',  ( 0.6150000000000001000, 0.8066666666666662000, 1.750000000000000000 ) ) ;
#1017 = DIRECTION ( 'NONE',  ( -1.000000000000000000, -0.0000000000000000000, -0.0000000000000000000 ) ) ;
#1018 = FACE_OUTER_BOUND ( 'NONE', #1635, .T. ) ;
#1019 = LINE ( 'NONE', #1179, #495 ) ;
#1020 = CARTESIAN_POINT ( 'NONE',  ( -1.684999999999999800, 0.3600664292851508700, 3.052405029100952100 ) ) ;
#1021 =( NAMED_UNIT ( * ) SI_UNIT ( $, .STERADIAN. ) SOLID_ANGLE_UNIT ( ) );
#1022 = EDGE_LOOP ( 'NONE', ( #2133, #474, #476, #1535 ) ) ;
#1023 = EDGE_CURVE ( 'NONE', #2130, #291, #1068, .T. ) ;
#1024 = CARTESIAN_POINT ( 'NONE',  ( 1.500000000000000000, 0.8066666666666662000, -1.750000000000000000 ) ) ;
#1025 = CARTESIAN_POINT ( 'NONE',  ( 0.6150000000000001000, 0.8066666666666662000, 1.750000000000000000 ) ) ;
#1026 = ORIENTED_EDGE ( 'NONE', *, *, #1563, .T. ) ;
#1027 = CARTESIAN_POINT ( 'NONE',  ( 2.165000000000000000, 0.3184128290171057100, 3.048760811282458200 ) ) ;
#1028 = DIRECTION ( 'NONE',  ( -1.000000000000000000, -0.0000000000000000000, -0.0000000000000000000 ) ) ;
#1029 = ORIENTED_EDGE ( 'NONE', *, *, #1772, .T. ) ;
#1030 = DIRECTION ( 'NONE',  ( -1.000000000000000000, -0.0000000000000000000, -0.0000000000000000000 ) ) ;
#1031 = ORIENTED_EDGE ( 'NONE', *, *, #653, .T. ) ;
#1032 = DIRECTION ( 'NONE',  ( -1.000000000000000000, -0.0000000000000000000, -0.0000000000000000000 ) ) ;
#1033 = ORIENTED_EDGE ( 'NONE', *, *, #33, .F. ) ;
#1034 = DIRECTION ( 'NONE',  ( 0.0000000000000000000, 0.0000000000000000000, 1.000000000000000000 ) ) ;
#1035 = SURFACE_SIDE_STYLE ('',( #2099 ) ) ;
#1036 = ORIENTED_EDGE ( 'NONE', *, *, #1799, .F. ) ;
#1037 = CARTESIAN_POINT ( 'NONE',  ( -1.684999999999999800, 0.3600664292851508700, 3.052405029100952100 ) ) ;
#1038 = ORIENTED_EDGE ( 'NONE', *, *, #1619, .T. ) ;
#1039 = CARTESIAN_POINT ( 'NONE',  ( -3.250000000000000000, 0.8066666666666662000, 1.750000000000000000 ) ) ;
#1040 = CIRCLE ( 'NONE', #1982, 0.3218127102541639700 ) ;
#1041 = DIRECTION ( 'NONE',  ( 1.000000000000000000, 0.0000000000000000000, -0.0000000000000000000 ) ) ;
#1042 = EDGE_CURVE ( 'NONE', #1640, #808, #620, .T. ) ;
#1043 = LINE ( 'NONE', #1893, #1221 ) ;
#1044 = LINE ( 'NONE', #1160, #203 ) ;
#1045 = CARTESIAN_POINT ( 'NONE',  ( -2.434999999999999600, 0.5266666666666662800, 1.750000000000000000 ) ) ;
#1046 = CIRCLE ( 'NONE', #365, 0.3218127102541644100 ) ;
#1047 = DIRECTION ( 'NONE',  ( 0.0000000000000000000, -0.9961946980917462100, -0.08715574274765124100 ) ) ;
#1048 = DIRECTION ( 'NONE',  ( -0.0000000000000000000, 0.0000000000000000000, 1.000000000000000000 ) ) ;
#1049 = DIRECTION ( 'NONE',  ( -1.000000000000000000, -0.0000000000000000000, -0.0000000000000000000 ) ) ;
#1050 = LINE ( 'NONE', #1479, #1886 ) ;
#1051 = CARTESIAN_POINT ( 'NONE',  ( -1.684999999999999800, 0.4848539564125016200, 2.620023993606740200 ) ) ;
#1052 = CIRCLE ( 'NONE', #960, 0.3218127102541644100 ) ;
#1053 = ORIENTED_EDGE ( 'NONE', *, *, #1141, .F. ) ;
#1054 = EDGE_CURVE ( 'NONE', #926, #427, #2013, .T. ) ;
#1055 = ORIENTED_EDGE ( 'NONE', *, *, #2022, .T. ) ;
#1056 = ORIENTED_EDGE ( 'NONE', *, *, #517, .T. ) ;
#1057 = DIRECTION ( 'NONE',  ( -1.000000000000000000, -0.0000000000000000000, -0.0000000000000000000 ) ) ;
#1058 = EDGE_LOOP ( 'NONE', ( #1792, #853, #1100, #2046 ) ) ;
#1059 = CARTESIAN_POINT ( 'NONE',  ( -1.684999999999999800, 0.4991547455664655500, 2.659315088887638500 ) ) ;
#1060 = MECHANICAL_DESIGN_GEOMETRIC_PRESENTATION_REPRESENTATION (  '', ( #1354 ), #1698 ) ;
#1061 = LINE ( 'NONE', #1593, #1013 ) ;
#1062 = LINE ( 'NONE', #2064, #79 ) ;
#1063 = CARTESIAN_POINT ( 'NONE',  ( -1.500000000000000000, 0.4848539564125016200, -2.620023993606740200 ) ) ;
#1064 = FACE_OUTER_BOUND ( 'NONE', #1078, .T. ) ;
#1065 = DIRECTION ( 'NONE',  ( 0.0000000000000000000, 1.246175025577024400E-016, -1.000000000000000000 ) ) ;
#1066 = EDGE_CURVE ( 'NONE', #1812, #44, #713, .T. ) ;
#1067 = EDGE_CURVE ( 'NONE', #1839, #1896, #1044, .T. ) ;
#1068 = LINE ( 'NONE', #800, #1755 ) ;
#1069 = CARTESIAN_POINT ( 'NONE',  ( -1.500000000000000000, 0.3457656401311869400, -3.013113933820054800 ) ) ;
#1070 = FACE_OUTER_BOUND ( 'NONE', #1154, .T. ) ;
#1071 = SURFACE_STYLE_USAGE ( .BOTH. , #1432 ) ;
#1072 = DIRECTION ( 'NONE',  ( 1.000000000000000000, 0.0000000000000000000, 0.0000000000000000000 ) ) ;
#1073 = ORIENTED_EDGE ( 'NONE', *, *, #961, .T. ) ;
#1074 = CLOSED_SHELL ( 'NONE', ( #1263, #500, #1602, #1109, #932, #1752, #1466, #1828, #1274, #777, #1817, #152, #627, #792 ) ) ;
#1075 = ADVANCED_FACE ( 'NONE', ( #544 ), #1958, .F. ) ;
#1076 = ORIENTED_EDGE ( 'NONE', *, *, #1103, .F. ) ;
#1077 = VERTEX_POINT ( 'NONE', #1143 ) ;
#1078 = EDGE_LOOP ( 'NONE', ( #680, #1744, #804, #1026 ) ) ;
#1079 = DIRECTION ( 'NONE',  ( -1.000000000000000000, -0.0000000000000000000, -0.0000000000000000000 ) ) ;
#1080 = EDGE_CURVE ( 'NONE', #1471, #528, #600, .T. ) ;
#1081 = CARTESIAN_POINT ( 'NONE',  ( -1.500000000000000000, 0.4848539564125016200, -2.620023993606740200 ) ) ;
#1082 = ORIENTED_EDGE ( 'NONE', *, *, #1393, .T. ) ;
#1083 = ORIENTED_EDGE ( 'NONE', *, *, #2098, .F. ) ;
#1084 = DIRECTION ( 'NONE',  ( -2.478176394252582100E-016, -0.0000000000000000000, -1.000000000000000000 ) ) ;
#1085 = ORIENTED_EDGE ( 'NONE', *, *, #506, .F. ) ;
#1086 = AXIS2_PLACEMENT_3D ( 'NONE', #335, #1671, #513 ) ;
#1087 = CARTESIAN_POINT ( 'NONE',  ( 0.0000000000000000000, 0.0000000000000000000, 0.0000000000000000000 ) ) ;
#1088 = ADVANCED_FACE ( 'NONE', ( #1909 ), #1988, .F. ) ;
#1089 = VECTOR ( 'NONE', #30, 1000.000000000000000 ) ;
#1090 = LINE ( 'NONE', #1735, #2009 ) ;
#1091 = EDGE_CURVE ( 'NONE', #1997, #528, #1855, .T. ) ;
#1092 = UNCERTAINTY_MEASURE_WITH_UNIT (LENGTH_MEASURE( 1.000000000000000100E-005 ), #596, 'distance_accuracy_value', 'NONE');
#1093 = VECTOR ( 'NONE', #917, 1000.000000000000000 ) ;
#1094 = CIRCLE ( 'NONE', #1553, 0.04181271025416495600 ) ;
#1095 = STYLED_ITEM ( 'NONE', ( #1281 ), #406 ) ;
#1096 = VECTOR ( 'NONE', #2088, 1000.000000000000000 ) ;
#1097 = ORIENTED_EDGE ( 'NONE', *, *, #491, .F. ) ;
#1098 = CLOSED_SHELL ( 'NONE', ( #2001, #1452, #840, #1947, #1125, #1978, #663, #985, #807, #1440, #306, #475, #432, #1774 ) ) ;
#1099 = ORIENTED_EDGE ( 'NONE', *, *, #402, .T. ) ;
#1100 = ORIENTED_EDGE ( 'NONE', *, *, #1201, .F. ) ;
#1101 = ORIENTED_EDGE ( 'NONE', *, *, #316, .T. ) ;
#1102 = ADVANCED_FACE ( 'NONE', ( #1018 ), #686, .F. ) ;
#1103 = EDGE_CURVE ( 'NONE', #799, #1293, #1517, .T. ) ;
#1104 = EDGE_CURVE ( 'NONE', #951, #1172, #1831, .T. ) ;
#1105 = FACE_OUTER_BOUND ( 'NONE', #1058, .T. ) ;
#1106 = DIRECTION ( 'NONE',  ( -5.913585444718545400E-016, 0.1736481776669307200, -0.9848077530122080200 ) ) ;
#1107 = DIRECTION ( 'NONE',  ( 1.000000000000000000, 0.0000000000000000000, -0.0000000000000000000 ) ) ;
#1108 = CIRCLE ( 'NONE', #1256, 0.04181271025416495600 ) ;
#1109 = ADVANCED_FACE ( 'NONE', ( #157 ), #1495, .F. ) ;
#1110 =( NAMED_UNIT ( * ) SI_UNIT ( $, .STERADIAN. ) SOLID_ANGLE_UNIT ( ) );
#1111 = LINE ( 'NONE', #869, #440 ) ;
#1112 = EDGE_CURVE ( 'NONE', #222, #531, #570, .T. ) ;
#1113 = FILL_AREA_STYLE ('',( #290 ) ) ;
#1114 = FACE_OUTER_BOUND ( 'NONE', #1661, .T. ) ;
#1115 = DIRECTION ( 'NONE',  ( -0.0000000000000000000, 0.9961946980917461000, 0.08715574274765150500 ) ) ;
#1116 = VECTOR ( 'NONE', #1771, 1000.000000000000000 ) ;
#1117 = CARTESIAN_POINT ( 'NONE',  ( 1.500000000000000000, 0.5949203856976524900, -2.922429022707692300 ) ) ;
#1118 = ORIENTED_EDGE ( 'NONE', *, *, #1427, .F. ) ;
#1119 = ORIENTED_EDGE ( 'NONE', *, *, #174, .T. ) ;
#1120 = AXIS2_PLACEMENT_3D ( 'NONE', #1547, #68, #1034 ) ;
#1121 = VERTEX_POINT ( 'NONE', #330 ) ;
#1122 = DIRECTION ( 'NONE',  ( 0.0000000000000000000, 0.0000000000000000000, 1.000000000000000000 ) ) ;
#1123 = ORIENTED_EDGE ( 'NONE', *, *, #2111, .T. ) ;
#1124 = ORIENTED_EDGE ( 'NONE', *, *, #1865, .T. ) ;
#1125 = ADVANCED_FACE ( 'NONE', ( #106 ), #1907, .F. ) ;
#1126 = DIRECTION ( 'NONE',  ( 1.000000000000000000, 0.0000000000000000000, 0.0000000000000000000 ) ) ;
#1127 = DIRECTION ( 'NONE',  ( 0.0000000000000000000, 0.0000000000000000000, 1.000000000000000000 ) ) ;
#1128 = EDGE_LOOP ( 'NONE', ( #535, #480, #1900, #697 ) ) ;
#1129 = DIRECTION ( 'NONE',  ( -1.000000000000000000, -0.0000000000000000000, 0.0000000000000000000 ) ) ;
#1130 = DIRECTION ( 'NONE',  ( 0.0000000000000000000, 0.9961946980917461000, 0.08715574274765176800 ) ) ;
#1131 = CARTESIAN_POINT ( 'NONE',  ( -1.684999999999999800, 0.3184128290171057100, 3.048760811282458200 ) ) ;
#1132 = ORIENTED_EDGE ( 'NONE', *, *, #160, .F. ) ;
#1133 = VECTOR ( 'NONE', #1136, 1000.000000000000000 ) ;
#1134 = DIRECTION ( 'NONE',  ( 2.478176394252582100E-016, -0.0000000000000000000, 1.000000000000000000 ) ) ;
#1135 = ADVANCED_FACE ( 'NONE', ( #1625 ), #1277, .T. ) ;
#1136 = DIRECTION ( 'NONE',  ( -0.0000000000000000000, 2.492350051154048700E-016, 1.000000000000000000 ) ) ;
#1137 = VECTOR ( 'NONE', #1249, 1000.000000000000000 ) ;
#1138 = FACE_OUTER_BOUND ( 'NONE', #580, .T. ) ;
#1139 = CARTESIAN_POINT ( 'NONE',  ( 3.249999999999999600, 0.8066666666666662000, 1.750000000000000000 ) ) ;
#1140 = LINE ( 'NONE', #536, #1756 ) ;
#1141 = EDGE_CURVE ( 'NONE', #291, #694, #301, .T. ) ;
#1142 = DIRECTION ( 'NONE',  ( 0.0000000000000000000, 0.0000000000000000000, -1.000000000000000000 ) ) ;
#1143 = CARTESIAN_POINT ( 'NONE',  ( 1.500000000000000000, 0.4991547455664655500, -2.659315088887638500 ) ) ;
#1144 = EDGE_CURVE ( 'NONE', #120, #1342, #1701, .T. ) ;
#1145 = EDGE_CURVE ( 'NONE', #675, #1149, #1464, .T. ) ;
#1146 = VERTEX_POINT ( 'NONE', #1174 ) ;
#1147 = ORIENTED_EDGE ( 'NONE', *, *, #174, .F. ) ;
#1148 = CARTESIAN_POINT ( 'NONE',  ( -2.434999999999999600, 0.4848539564125016200, 2.620023993606740200 ) ) ;
#1149 = VERTEX_POINT ( 'NONE', #57 ) ;
#1150 = CARTESIAN_POINT ( 'NONE',  ( -1.500000000000000000, 0.2789345154656885900, -3.500000000000000000 ) ) ;
#1151 = EDGE_CURVE ( 'NONE', #2130, #1999, #1437, .T. ) ;
#1152 = VERTEX_POINT ( 'NONE', #1349 ) ;
#1153 = CARTESIAN_POINT ( 'NONE',  ( 1.500000000000000000, 0.5266666666666663900, -2.620023993606740200 ) ) ;
#1154 = EDGE_LOOP ( 'NONE', ( #656, #37, #1481, #613 ) ) ;
#1155 = UNCERTAINTY_MEASURE_WITH_UNIT (LENGTH_MEASURE( 1.000000000000000100E-005 ), #218, 'distance_accuracy_value', 'NONE');
#1156 = DIRECTION ( 'NONE',  ( -0.0000000000000000000, 1.000000000000000000, -0.0000000000000000000 ) ) ;
#1157 = ORIENTED_EDGE ( 'NONE', *, *, #1638, .T. ) ;
#1158 = EDGE_CURVE ( 'NONE', #1262, #1172, #2011, .T. ) ;
#1159 = ADVANCED_FACE ( 'NONE', ( #182 ), #1867, .F. ) ;
#1160 = CARTESIAN_POINT ( 'NONE',  ( -3.250000000000000000, 1.799999999999998700, 1.574848532496258000 ) ) ;
#1161 = STYLED_ITEM ( 'NONE', ( #1331 ), #689 ) ;
#1162 = VECTOR ( 'NONE', #1499, 1000.000000000000100 ) ;
#1163 = DIRECTION ( 'NONE',  ( -0.1736481776669307200, -0.9848077530122080200, 0.0000000000000000000 ) ) ;
#1164 = DIRECTION ( 'NONE',  ( 1.000000000000000000, 0.0000000000000000000, 0.0000000000000000000 ) ) ;
#1165 =( GEOMETRIC_REPRESENTATION_CONTEXT ( 3 ) GLOBAL_UNCERTAINTY_ASSIGNED_CONTEXT ( ( #2107 ) ) GLOBAL_UNIT_ASSIGNED_CONTEXT ( ( #1576, #2072, #1233 ) ) REPRESENTATION_CONTEXT ( 'NONE', 'WORKASPACE' ) );
#1166 = CIRCLE ( 'NONE', #1803, 0.04181271025416495600 ) ;
#1167 = DIRECTION ( 'NONE',  ( -1.000000000000000000, -0.0000000000000000000, -0.0000000000000000000 ) ) ;
#1168 = LINE ( 'NONE', #901, #2096 ) ;
#1169 = LINE ( 'NONE', #1502, #751 ) ;
#1170 = DIRECTION ( 'NONE',  ( 0.9848077530122080200, -0.1736481776669307200, -2.440527326391781300E-016 ) ) ;
#1171 = DIRECTION ( 'NONE',  ( 0.0000000000000000000, 0.0000000000000000000, -1.000000000000000000 ) ) ;
#1172 = VERTEX_POINT ( 'NONE', #1538 ) ;
#1173 = ORIENTED_EDGE ( 'NONE', *, *, #714, .F. ) ;
#1174 = CARTESIAN_POINT ( 'NONE',  ( -1.500000000000000000, 0.5266666666666663900, -2.620023993606740200 ) ) ;
#1175 = ORIENTED_EDGE ( 'NONE', *, *, #896, .F. ) ;
#1176 = EDGE_CURVE ( 'NONE', #1507, #120, #1384, .T. ) ;
#1177 = EDGE_LOOP ( 'NONE', ( #169, #902, #313, #1586 ) ) ;
#1178 = ORIENTED_EDGE ( 'NONE', *, *, #1223, .T. ) ;
#1179 = CARTESIAN_POINT ( 'NONE',  ( -2.434999999999999600, 0.2789345154656889800, 3.500000000000000000 ) ) ;
#1180 = DIRECTION ( 'NONE',  ( 1.000000000000000000, 0.0000000000000000000, 0.0000000000000000000 ) ) ;
#1181 = EDGE_LOOP ( 'NONE', ( #933, #1007, #502, #1810 ) ) ;
#1182 = DIRECTION ( 'NONE',  ( 0.0000000000000000000, 0.0000000000000000000, 1.000000000000000000 ) ) ;
#1183 = EDGE_LOOP ( 'NONE', ( #292, #1398, #681, #1029 ) ) ;
#1184 = CARTESIAN_POINT ( 'NONE',  ( -0.1349999999999997000, 0.3600664292851508700, 3.052405029100952100 ) ) ;
#1185 = EDGE_LOOP ( 'NONE', ( #2103, #552, #931, #2084 ) ) ;
#1186 = SURFACE_SIDE_STYLE ('',( #181 ) ) ;
#1187 = DIRECTION ( 'NONE',  ( -2.478176394252581600E-016, -0.0000000000000000000, -1.000000000000000000 ) ) ;
#1188 = CARTESIAN_POINT ( 'NONE',  ( -3.250000000000000900, 0.5266666666666662800, -1.749999999999996200 ) ) ;
#1189 = EDGE_CURVE ( 'NONE', #2000, #957, #1415, .T. ) ;
#1190 = VERTEX_POINT ( 'NONE', #376 ) ;
#1191 = LINE ( 'NONE', #1016, #1801 ) ;
#1192 = AXIS2_PLACEMENT_3D ( 'NONE', #399, #1380, #569 ) ;
#1193 = DIRECTION ( 'NONE',  ( -1.000000000000000000, -0.0000000000000000000, -0.0000000000000000000 ) ) ;
#1194 = LINE ( 'NONE', #254, #1093 ) ;
#1195 = VECTOR ( 'NONE', #1883, 1000.000000000000000 ) ;
#1196 = CARTESIAN_POINT ( 'NONE',  ( 2.915000000000000000, 0.2789345154656889800, 3.500000000000000000 ) ) ;
#1197 = CIRCLE ( 'NONE', #1322, 0.04181271025416452600 ) ;
#1198 = PLANE ( 'NONE',  #86 ) ;
#1199 = ORIENTED_EDGE ( 'NONE', *, *, #1011, .F. ) ;
#1200 = CARTESIAN_POINT ( 'NONE',  ( 2.915000000000000000, 0.4848539564125016200, 2.620023993606740200 ) ) ;
#1201 = EDGE_CURVE ( 'NONE', #1687, #1761, #383, .T. ) ;
#1202 = DIRECTION ( 'NONE',  ( -5.913585444718545400E-016, -0.1736481776669307200, -0.9848077530122080200 ) ) ;
#1203 = ORIENTED_EDGE ( 'NONE', *, *, #1476, .F. ) ;
#1204 = CARTESIAN_POINT ( 'NONE',  ( -1.500000000000000000, 0.03947831355141694100, -3.024357203313115400 ) ) ;
#1205 = CARTESIAN_POINT ( 'NONE',  ( 0.0000000000000000000, 1.799999999999998700, 0.0000000000000000000 ) ) ;
#1206 = AXIS2_PLACEMENT_3D ( 'NONE', #1470, #650, #1827 ) ;
#1207 = ORIENTED_EDGE ( 'NONE', *, *, #18, .T. ) ;
#1208 = ORIENTED_EDGE ( 'NONE', *, *, #104, .F. ) ;
#1209 = ORIENTED_EDGE ( 'NONE', *, *, #614, .F. ) ;
#1210 = CARTESIAN_POINT ( 'NONE',  ( 2.915000000000000000, 0.3184128290171057100, 3.048760811282458200 ) ) ;
#1211 = ORIENTED_EDGE ( 'NONE', *, *, #1042, .T. ) ;
#1212 = CARTESIAN_POINT ( 'NONE',  ( 0.0000000000000000000, 0.1000000000000000500, 0.0000000000000000000 ) ) ;
#1213 = EDGE_LOOP ( 'NONE', ( #2080, #1431, #1610, #555 ) ) ;
#1214 = VERTEX_POINT ( 'NONE', #695 ) ;
#1215 = PLANE ( 'NONE',  #1498 ) ;
#1216 = CARTESIAN_POINT ( 'NONE',  ( 0.6150000000000001000, 0.4848539564125016200, 2.620023993606740200 ) ) ;
#1217 = DIRECTION ( 'NONE',  ( 0.0000000000000000000, -0.3420201433256696600, -0.9396926207859080900 ) ) ;
#1218 = LINE ( 'NONE', #162, #768 ) ;
#1219 = DIRECTION ( 'NONE',  ( 0.0000000000000000000, -0.9848077530122080200, 0.1736481776669307200 ) ) ;
#1220 = EDGE_CURVE ( 'NONE', #125, #468, #28, .T. ) ;
#1221 = VECTOR ( 'NONE', #914, 1000.000000000000000 ) ;
#1222 = LINE ( 'NONE', #1025, #844 ) ;
#1223 = EDGE_CURVE ( 'NONE', #696, #1152, #993, .T. ) ;
#1224 = CARTESIAN_POINT ( 'NONE',  ( -0.1349999999999997000, 0.5266666666666661700, 2.620023993606740200 ) ) ;
#1225 = CARTESIAN_POINT ( 'NONE',  ( -1.684999999999999800, 1.355252715606880500E-017, 3.475596392030657600 ) ) ;
#1226 = LINE ( 'NONE', #953, #1654 ) ;
#1227 = DIRECTION ( 'NONE',  ( -1.000000000000000000, -0.0000000000000000000, 6.004812032227409800E-016 ) ) ;
#1228 = CIRCLE ( 'NONE', #845, 0.3218127102541639700 ) ;
#1229 = CARTESIAN_POINT ( 'NONE',  ( 2.915000000000000000, 0.5949203856976524900, 2.922429022707691400 ) ) ;
#1230 = VECTOR ( 'NONE', #374, 1000.000000000000000 ) ;
#1231 = ORIENTED_EDGE ( 'NONE', *, *, #1899, .F. ) ;
#1232 = DIRECTION ( 'NONE',  ( -0.1710878697460358200, -0.9702875252478138100, 0.1710878697460358500 ) ) ;
#1233 =( NAMED_UNIT ( * ) SI_UNIT ( $, .STERADIAN. ) SOLID_ANGLE_UNIT ( ) );
#1234 = ORIENTED_EDGE ( 'NONE', *, *, #1446, .F. ) ;
#1235 = EDGE_CURVE ( 'NONE', #1687, #44, #1804, .T. ) ;
#1236 = EDGE_LOOP ( 'NONE', ( #429, #270, #96, #1238 ) ) ;
#1237 = CARTESIAN_POINT ( 'NONE',  ( 2.165000000000000000, 1.355252715606880500E-017, 3.475596392030657600 ) ) ;
#1238 = ORIENTED_EDGE ( 'NONE', *, *, #1011, .T. ) ;
#1239 = ORIENTED_EDGE ( 'NONE', *, *, #1719, .T. ) ;
#1240 =( LENGTH_UNIT ( ) NAMED_UNIT ( * ) SI_UNIT ( .MILLI., .METRE. ) );
#1241 = EDGE_LOOP ( 'NONE', ( #1123, #190, #1510, #1337 ) ) ;
#1242 = FILL_AREA_STYLE_COLOUR ( '', #1515 ) ;
#1243 = ADVANCED_FACE ( 'NONE', ( #412 ), #541, .T. ) ;
#1244 = AXIS2_PLACEMENT_3D ( 'NONE', #515, #1493, #1668 ) ;
#1245 = CARTESIAN_POINT ( 'NONE',  ( 1.500000000000000000, 0.8066666666666662000, -1.750000000000000000 ) ) ;
#1246 = DIRECTION ( 'NONE',  ( 0.0000000000000000000, -1.246175025577024400E-016, 1.000000000000000000 ) ) ;
#1247 = VERTEX_POINT ( 'NONE', #2029 ) ;
#1248 = CYLINDRICAL_SURFACE ( 'NONE', #1721, 0.3218127102541644100 ) ;
#1249 = DIRECTION ( 'NONE',  ( -1.000000000000000000, -0.0000000000000000000, -0.0000000000000000000 ) ) ;
#1250 = LINE ( 'NONE', #1891, #791 ) ;
#1251 = AXIS2_PLACEMENT_3D ( 'NONE', #1024, #1358, #361 ) ;
#1252 = PLANE ( 'NONE',  #855 ) ;
#1253 = EDGE_CURVE ( 'NONE', #629, #1288, #82, .T. ) ;
#1254 = LINE ( 'NONE', #250, #773 ) ;
#1255 = VECTOR ( 'NONE', #1874, 1000.000000000000100 ) ;
#1256 = AXIS2_PLACEMENT_3D ( 'NONE', #762, #277, #2081 ) ;
#1257 = DIRECTION ( 'NONE',  ( -0.0000000000000000000, 0.3420201433256652200, 0.9396926207859096500 ) ) ;
#1258 = VECTOR ( 'NONE', #867, 1000.000000000000000 ) ;
#1259 = ORIENTED_EDGE ( 'NONE', *, *, #1901, .F. ) ;
#1260 = DIRECTION ( 'NONE',  ( 0.0000000000000000000, -0.9961946980917459900, 0.08715574274765275400 ) ) ;
#1261 = ORIENTED_EDGE ( 'NONE', *, *, #1091, .T. ) ;
#1262 = VERTEX_POINT ( 'NONE', #1706 ) ;
#1263 = ADVANCED_FACE ( 'NONE', ( #1064 ), #1362, .F. ) ;
#1264 = EDGE_CURVE ( 'NONE', #1632, #929, #846, .T. ) ;
#1265 = EDGE_CURVE ( 'NONE', #499, #35, #943, .T. ) ;
#1266 = ORIENTED_EDGE ( 'NONE', *, *, #1145, .F. ) ;
#1267 = VERTEX_POINT ( 'NONE', #73 ) ;
#1268 = CARTESIAN_POINT ( 'NONE',  ( 1.500000000000000000, 0.8066666666666662000, -1.750000000000000000 ) ) ;
#1269 = ORIENTED_EDGE ( 'NONE', *, *, #1476, .T. ) ;
#1270 = AXIS2_PLACEMENT_3D ( 'NONE', #526, #1321, #854 ) ;
#1271 = CARTESIAN_POINT ( 'NONE',  ( 1.500000000000000000, 0.2789345154656885900, -3.500000000000000000 ) ) ;
#1272 = FACE_OUTER_BOUND ( 'NONE', #1892, .T. ) ;
#1273 = SURFACE_STYLE_USAGE ( .BOTH. , #1035 ) ;
#1274 = ADVANCED_FACE ( 'NONE', ( #1753 ), #717, .T. ) ;
#1275 = EDGE_CURVE ( 'NONE', #35, #1973, #519, .T. ) ;
#1276 = DIRECTION ( 'NONE',  ( 0.0000000000000000000, 0.9396926207859082100, -0.3420201433256696600 ) ) ;
#1277 = CYLINDRICAL_SURFACE ( 'NONE', #616, 0.3218127102541639700 ) ;
#1278 = VECTOR ( 'NONE', #512, 1000.000000000000100 ) ;
#1279 = CARTESIAN_POINT ( 'NONE',  ( -0.1349999999999997000, 1.355252715606880500E-017, 3.475596392030657600 ) ) ;
#1280 = AXIS2_PLACEMENT_3D ( 'NONE', #592, #435, #1065 ) ;
#1281 = PRESENTATION_STYLE_ASSIGNMENT (( #496 ) ) ;
#1282 = LINE ( 'NONE', #1841, #1683 ) ;
#1283 = DIRECTION ( 'NONE',  ( -0.0000000000000000000, -1.000000000000000000, -0.0000000000000000000 ) ) ;
#1284 = EDGE_LOOP ( 'NONE', ( #1401, #1740, #981, #1307 ) ) ;
#1285 = PLANE ( 'NONE',  #521 ) ;
#1286 = ORIENTED_EDGE ( 'NONE', *, *, #1265, .T. ) ;
#1287 = ORIENTED_EDGE ( 'NONE', *, *, #1678, .F. ) ;
#1288 = VERTEX_POINT ( 'NONE', #421 ) ;
#1289 = CARTESIAN_POINT ( 'NONE',  ( 1.500000000000000000, 0.2789345154656885900, -3.500000000000000000 ) ) ;
#1290 = VERTEX_POINT ( 'NONE', #559 ) ;
#1291 = CARTESIAN_POINT ( 'NONE',  ( 3.249999999999998700, 0.8066666666666662000, -1.750000000000000000 ) ) ;
#1292 = AXIS2_PLACEMENT_3D ( 'NONE', #1596, #268, #1762 ) ;
#1293 = VERTEX_POINT ( 'NONE', #1069 ) ;
#1294 = EDGE_CURVE ( 'NONE', #363, #675, #642, .T. ) ;
#1295 = CARTESIAN_POINT ( 'NONE',  ( 0.6150000000000001000, 1.355252715606880500E-017, 3.475596392030657600 ) ) ;
#1296 = DIRECTION ( 'NONE',  ( -0.1710878697460359000, 0.9702875252478137000, -0.1710878697460357400 ) ) ;
#1297 = CARTESIAN_POINT ( 'NONE',  ( -0.1349999999999997000, 0.2500000000000000000, 2.750000000000000000 ) ) ;
#1298 = ADVANCED_FACE ( 'NONE', ( #871 ), #459, .F. ) ;
#1299 = CIRCLE ( 'NONE', #916, 0.3218127102541644100 ) ;
#1300 = CARTESIAN_POINT ( 'NONE',  ( 1.500000000000000000, 0.3600664292851508700, -3.052405029100952100 ) ) ;
#1301 = LINE ( 'NONE', #1751, #1675 ) ;
#1302 = VECTOR ( 'NONE', #765, 1000.000000000000000 ) ;
#1303 = EDGE_CURVE ( 'NONE', #1077, #862, #1250, .T. ) ;
#1304 = DIRECTION ( 'NONE',  ( -0.0000000000000000000, 0.9961946980917461000, 0.08715574274765150500 ) ) ;
#1305 = LINE ( 'NONE', #77, #5 ) ;
#1306 = ADVANCED_FACE ( 'NONE', ( #1781 ), #80, .F. ) ;
#1307 = ORIENTED_EDGE ( 'NONE', *, *, #909, .T. ) ;
#1308 = AXIS2_PLACEMENT_3D ( 'NONE', #741, #1257, #273 ) ;
#1309 = CARTESIAN_POINT ( 'NONE',  ( -0.1349999999999997000, 0.5266666666666662800, 1.750000000000000000 ) ) ;
#1310 = ORIENTED_EDGE ( 'NONE', *, *, #1144, .T. ) ;
#1311 = CARTESIAN_POINT ( 'NONE',  ( 1.500000000000000000, 0.5266666666666662800, -1.750000000000000000 ) ) ;
#1312 = ORIENTED_EDGE ( 'NONE', *, *, #1511, .F. ) ;
#1313 = CARTESIAN_POINT ( 'NONE',  ( -3.250000000000000900, 0.8066666666666662000, -1.749999999999996200 ) ) ;
#1314 = ORIENTED_EDGE ( 'NONE', *, *, #1678, .T. ) ;
#1315 = DIRECTION ( 'NONE',  ( 1.000000000000000000, 0.0000000000000000000, 0.0000000000000000000 ) ) ;
#1316 = VERTEX_POINT ( 'NONE', #1224 ) ;
#1317 = ORIENTED_EDGE ( 'NONE', *, *, #856, .T. ) ;
#1318 = EDGE_CURVE ( 'NONE', #605, #1428, #438, .T. ) ;
#1319 = FILL_AREA_STYLE_COLOUR ( '', #623 ) ;
#1320 = ADVANCED_FACE ( 'NONE', ( #1726 ), #1215, .F. ) ;
#1321 = DIRECTION ( 'NONE',  ( 0.0000000000000000000, 0.0000000000000000000, -1.000000000000000000 ) ) ;
#1322 = AXIS2_PLACEMENT_3D ( 'NONE', #6, #1972, #806 ) ;
#1323 = EDGE_CURVE ( 'NONE', #1267, #1997, #1166, .T. ) ;
#1324 = DIRECTION ( 'NONE',  ( -0.0000000000000000000, 0.9961946980917459900, -0.08715574274765189300 ) ) ;
#1325 = ORIENTED_EDGE ( 'NONE', *, *, #614, .T. ) ;
#1326 = PRODUCT_DEFINITION_SHAPE ( 'NONE', 'NONE',  #1712 ) ;
#1327 = FACE_OUTER_BOUND ( 'NONE', #2132, .T. ) ;
#1328 = DIRECTION ( 'NONE',  ( 1.000000000000000000, 0.0000000000000000000, 0.0000000000000000000 ) ) ;
#1329 = VECTOR ( 'NONE', #221, 1000.000000000000000 ) ;
#1330 = ADVANCED_FACE ( 'NONE', ( #747 ), #1387, .F. ) ;
#1331 = PRESENTATION_STYLE_ASSIGNMENT (( #1273 ) ) ;
#1332 = VECTOR ( 'NONE', #725, 1000.000000000000000 ) ;
#1333 = DIRECTION ( 'NONE',  ( -1.000000000000000000, -0.0000000000000000000, -0.0000000000000000000 ) ) ;
#1334 = EDGE_CURVE ( 'NONE', #312, #783, #1301, .T. ) ;
#1335 = EDGE_CURVE ( 'NONE', #1347, #1316, #1108, .T. ) ;
#1336 = LINE ( 'NONE', #128, #58 ) ;
#1337 = ORIENTED_EDGE ( 'NONE', *, *, #924, .T. ) ;
#1338 = ORIENTED_EDGE ( 'NONE', *, *, #1679, .T. ) ;
#1339 = ORIENTED_EDGE ( 'NONE', *, *, #1911, .T. ) ;
#1340 = DIRECTION ( 'NONE',  ( -1.000000000000000000, -0.0000000000000000000, -0.0000000000000000000 ) ) ;
#1341 = EDGE_LOOP ( 'NONE', ( #398, #1000, #2108, #1716 ) ) ;
#1342 = VERTEX_POINT ( 'NONE', #2091 ) ;
#1343 = CARTESIAN_POINT ( 'NONE',  ( 2.915000000000000000, 0.5266666666666662800, 1.750000000000000000 ) ) ;
#1344 = CARTESIAN_POINT ( 'NONE',  ( 2.165000000000000000, 0.8066666666666662000, 1.750000000000000000 ) ) ;
#1345 = CARTESIAN_POINT ( 'NONE',  ( -1.684999999999999800, 0.03947831355141694100, 3.024357203313115400 ) ) ;
#1346 = ORIENTED_EDGE ( 'NONE', *, *, #289, .F. ) ;
#1347 = VERTEX_POINT ( 'NONE', #2062 ) ;
#1348 = EDGE_CURVE ( 'NONE', #1267, #1471, #1571, .T. ) ;
#1349 = CARTESIAN_POINT ( 'NONE',  ( -1.500000000000000000, 0.03947831355141694100, -3.024357203313115400 ) ) ;
#1350 = AXIS2_PLACEMENT_3D ( 'NONE', #1291, #1106, #147 ) ;
#1351 = DIRECTION ( 'NONE',  ( -1.000000000000000000, -0.0000000000000000000, -0.0000000000000000000 ) ) ;
#1352 = VECTOR ( 'NONE', #1283, 1000.000000000000000 ) ;
#1353 = PLANE ( 'NONE',  #257 ) ;
#1354 = STYLED_ITEM ( 'NONE', ( #1622 ), #2006 ) ;
#1355 = FACE_OUTER_BOUND ( 'NONE', #760, .T. ) ;
#1356 = DIRECTION ( 'NONE',  ( 1.000000000000000000, 0.0000000000000000000, -0.0000000000000000000 ) ) ;
#1357 = LINE ( 'NONE', #910, #1626 ) ;
#1358 = DIRECTION ( 'NONE',  ( 0.0000000000000000000, -1.000000000000000000, 2.492350051154048700E-016 ) ) ;
#1359 =( NAMED_UNIT ( * ) PLANE_ANGLE_UNIT ( ) SI_UNIT ( $, .RADIAN. ) );
#1360 = PLANE ( 'NONE',  #606 ) ;
#1361 = FACE_OUTER_BOUND ( 'NONE', #219, .T. ) ;
#1362 = PLANE ( 'NONE',  #721 ) ;
#1363 = VERTEX_POINT ( 'NONE', #2071 ) ;
#1364 = VERTEX_POINT ( 'NONE', #927 ) ;
#1365 = DIRECTION ( 'NONE',  ( -1.000000000000000000, -0.0000000000000000000, -0.0000000000000000000 ) ) ;
#1366 = FILL_AREA_STYLE_COLOUR ( '', #772 ) ;
#1367 = DIRECTION ( 'NONE',  ( 0.0000000000000000000, -0.9396926207859096500, 0.3420201433256652200 ) ) ;
#1368 =( GEOMETRIC_REPRESENTATION_CONTEXT ( 3 ) GLOBAL_UNCERTAINTY_ASSIGNED_CONTEXT ( ( #718 ) ) GLOBAL_UNIT_ASSIGNED_CONTEXT ( ( #1240, #264, #1416 ) ) REPRESENTATION_CONTEXT ( 'NONE', 'WORKASPACE' ) );
#1369 = ORIENTED_EDGE ( 'NONE', *, *, #2007, .T. ) ;
#1370 = ORIENTED_EDGE ( 'NONE', *, *, #546, .F. ) ;
#1371 = ORIENTED_EDGE ( 'NONE', *, *, #1901, .T. ) ;
#1372 = ORIENTED_EDGE ( 'NONE', *, *, #1979, .T. ) ;
#1373 = DIRECTION ( 'NONE',  ( 0.0000000000000000000, -0.9961946980917461000, -0.08715574274765178200 ) ) ;
#1374 = DIRECTION ( 'NONE',  ( 2.478176394252584600E-016, -0.0000000000000000000, 1.000000000000000000 ) ) ;
#1375 = DIRECTION ( 'NONE',  ( -0.0000000000000000000, 0.9961946980917461000, 0.08715574274765150500 ) ) ;
#1376 = ORIENTED_EDGE ( 'NONE', *, *, #378, .T. ) ;
#1377 = EDGE_CURVE ( 'NONE', #1839, #629, #685, .T. ) ;
#1378 = ORIENTED_EDGE ( 'NONE', *, *, #842, .T. ) ;
#1379 = EDGE_CURVE ( 'NONE', #1172, #1146, #1568, .T. ) ;
#1380 = DIRECTION ( 'NONE',  ( -0.0000000000000000000, 1.000000000000000000, 1.246175025577024400E-016 ) ) ;
#1381 = VECTOR ( 'NONE', #814, 1000.000000000000000 ) ;
#1382 = CARTESIAN_POINT ( 'NONE',  ( 0.6150000000000001000, 0.5266666666666662800, 1.750000000000000000 ) ) ;
#1383 = PLANE ( 'NONE',  #597 ) ;
#1384 = LINE ( 'NONE', #48, #155 ) ;
#1385 = CARTESIAN_POINT ( 'NONE',  ( 2.915000000000000000, 0.3600664292851508700, 3.052405029100952100 ) ) ;
#1386 = COLOUR_RGB ( '',0.2509803921568627400, 0.2509803921568627400, 0.2509803921568627400 ) ;
#1387 = PLANE ( 'NONE',  #579 ) ;
#1388 = DIRECTION ( 'NONE',  ( -1.000000000000000000, -0.0000000000000000000, -0.0000000000000000000 ) ) ;
#1389 = LINE ( 'NONE', #1798, #523 ) ;
#1390 = CARTESIAN_POINT ( 'NONE',  ( 2.165000000000000000, 0.4848539564125016200, 2.620023993606740200 ) ) ;
#1391 = DIRECTION ( 'NONE',  ( 0.0000000000000000000, -0.9961946980917461000, -0.08715574274765178200 ) ) ;
#1392 = LINE ( 'NONE', #1150, #948 ) ;
#1393 = EDGE_CURVE ( 'NONE', #1999, #926, #1061, .T. ) ;
#1394 = DIRECTION ( 'NONE',  ( -1.000000000000000000, -0.0000000000000000000, 0.0000000000000000000 ) ) ;
#1395 = ORIENTED_EDGE ( 'NONE', *, *, #1220, .T. ) ;
#1396 = ORIENTED_EDGE ( 'NONE', *, *, #378, .F. ) ;
#1397 = MECHANICAL_DESIGN_GEOMETRIC_PRESENTATION_REPRESENTATION (  '', ( #1161 ), #1513 ) ;
#1398 = ORIENTED_EDGE ( 'NONE', *, *, #2022, .F. ) ;
#1399 = ORIENTED_EDGE ( 'NONE', *, *, #1664, .T. ) ;
#1400 = DIRECTION ( 'NONE',  ( -1.000000000000000000, -0.0000000000000000000, -0.0000000000000000000 ) ) ;
#1401 = ORIENTED_EDGE ( 'NONE', *, *, #546, .T. ) ;
#1402 = ORIENTED_EDGE ( 'NONE', *, *, #812, .F. ) ;
#1403 = AXIS2_PLACEMENT_3D ( 'NONE', #1131, #636, #319 ) ;
#1404 = ORIENTED_EDGE ( 'NONE', *, *, #517, .F. ) ;
#1405 = ORIENTED_EDGE ( 'NONE', *, *, #1335, .F. ) ;
#1406 = VERTEX_POINT ( 'NONE', #757 ) ;
#1407 = DIRECTION ( 'NONE',  ( 0.0000000000000000000, -1.000000000000000000, -1.246175025577024400E-016 ) ) ;
#1408 = CARTESIAN_POINT ( 'NONE',  ( 2.915000000000000000, 0.2789345154656889800, 3.500000000000000000 ) ) ;
#1409 = ORIENTED_EDGE ( 'NONE', *, *, #1275, .T. ) ;
#1410 = DIRECTION ( 'NONE',  ( -0.0000000000000000000, 1.000000000000000000, -0.0000000000000000000 ) ) ;
#1411 = AXIS2_PLACEMENT_3D ( 'NONE', #1931, #930, #2093 ) ;
#1412 = LINE ( 'NONE', #483, #1381 ) ;
#1413 = CARTESIAN_POINT ( 'NONE',  ( 0.6150000000000001000, 0.8066666666666662000, 1.750000000000000000 ) ) ;
#1414 = EDGE_CURVE ( 'NONE', #929, #1347, #639, .T. ) ;
#1415 = LINE ( 'NONE', #43, #969 ) ;
#1416 =( NAMED_UNIT ( * ) SI_UNIT ( $, .STERADIAN. ) SOLID_ANGLE_UNIT ( ) );
#1417 = LINE ( 'NONE', #1591, #687 ) ;
#1418 = CARTESIAN_POINT ( 'NONE',  ( -1.684999999999999800, 0.3184128290171057100, 3.048760811282458200 ) ) ;
#1419 = CARTESIAN_POINT ( 'NONE',  ( -1.500000000000000000, 1.355252715606880500E-017, -3.475596392030657600 ) ) ;
#1420 = VECTOR ( 'NONE', #236, 1000.000000000000000 ) ;
#1421 = DIRECTION ( 'NONE',  ( 0.0000000000000000000, 0.0000000000000000000, 1.000000000000000000 ) ) ;
#1422 = LINE ( 'NONE', #1984, #262 ) ;
#1423 = ORIENTED_EDGE ( 'NONE', *, *, #485, .F. ) ;
#1424 = DIRECTION ( 'NONE',  ( -1.000000000000000000, -0.0000000000000000000, -0.0000000000000000000 ) ) ;
#1425 = CARTESIAN_POINT ( 'NONE',  ( -1.500000000000000000, 0.3600664292851508700, -3.052405029100952100 ) ) ;
#1426 = ORIENTED_EDGE ( 'NONE', *, *, #1001, .F. ) ;
#1427 = EDGE_CURVE ( 'NONE', #880, #1527, #1542, .T. ) ;
#1428 = VERTEX_POINT ( 'NONE', #1225 ) ;
#1429 = AXIS2_PLACEMENT_3D ( 'NONE', #590, #1407, #424 ) ;
#1430 = EDGE_LOOP ( 'NONE', ( #1378, #2019, #341, #1409 ) ) ;
#1431 = ORIENTED_EDGE ( 'NONE', *, *, #1104, .F. ) ;
#1432 = SURFACE_SIDE_STYLE ('',( #2117 ) ) ;
#1433 = LINE ( 'NONE', #1485, #436 ) ;
#1434 = EDGE_CURVE ( 'NONE', #2109, #1588, #299, .T. ) ;
#1435 = DIRECTION ( 'NONE',  ( 0.0000000000000000000, 0.0000000000000000000, 1.000000000000000000 ) ) ;
#1436 = DIRECTION ( 'NONE',  ( -1.000000000000000000, -0.0000000000000000000, -0.0000000000000000000 ) ) ;
#1437 = LINE ( 'NONE', #1196, #131 ) ;
#1438 = FACE_OUTER_BOUND ( 'NONE', #1183, .T. ) ;
#1439 = CARTESIAN_POINT ( 'NONE',  ( 1.500000000000000000, 0.4848539564125016200, -2.620023993606740200 ) ) ;
#1440 = ADVANCED_FACE ( 'NONE', ( #1597 ), #595, .F. ) ;
#1441 = CIRCLE ( 'NONE', #1939, 0.04181271025416495600 ) ;
#1442 = CARTESIAN_POINT ( 'NONE',  ( -1.684999999999999800, 0.5266666666666662800, 1.750000000000000000 ) ) ;
#1443 = EDGE_LOOP ( 'NONE', ( #1317, #1606, #40, #934, #220, #1453, #1560, #727, #1239, #2127, #778, #1686 ) ) ;
#1444 = SURFACE_STYLE_USAGE ( .BOTH. , #1614 ) ;
#1445 = VERTEX_POINT ( 'NONE', #99 ) ;
#1446 = EDGE_CURVE ( 'NONE', #1451, #263, #1043, .T. ) ;
#1447 = EDGE_CURVE ( 'NONE', #2109, #450, #744, .T. ) ;
#1448 = ORIENTED_EDGE ( 'NONE', *, *, #1253, .F. ) ;
#1449 = PLANE ( 'NONE',  #688 ) ;
#1450 = DIRECTION ( 'NONE',  ( 0.0000000000000000000, -0.9396926207859086500, -0.3420201433256681600 ) ) ;
#1451 = VERTEX_POINT ( 'NONE', #583 ) ;
#1452 = ADVANCED_FACE ( 'NONE', ( #516 ), #259, .F. ) ;
#1453 = ORIENTED_EDGE ( 'NONE', *, *, #788, .T. ) ;
#1454 = ORIENTED_EDGE ( 'NONE', *, *, #2065, .F. ) ;
#1455 = CARTESIAN_POINT ( 'NONE',  ( 1.500000000000000000, 0.8066666666666660900, -2.620023993606740200 ) ) ;
#1456 = ORIENTED_EDGE ( 'NONE', *, *, #764, .F. ) ;
#1457 = DIRECTION ( 'NONE',  ( -1.000000000000000000, -0.0000000000000000000, -0.0000000000000000000 ) ) ;
#1458 = CARTESIAN_POINT ( 'NONE',  ( 1.500000000000000000, 0.5266666666666662800, -1.750000000000000000 ) ) ;
#1459 = PLANE ( 'NONE',  #191 ) ;
#1460 = MANIFOLD_SOLID_BREP ( 'Boss-Extrude4', #1098 ) ;
#1461 = VECTOR ( 'NONE', #1903, 1000.000000000000000 ) ;
#1462 = EDGE_CURVE ( 'NONE', #1761, #1640, #667, .T. ) ;
#1463 = DIRECTION ( 'NONE',  ( -1.000000000000000000, -0.0000000000000000000, -0.0000000000000000000 ) ) ;
#1464 = LINE ( 'NONE', #1994, #1882 ) ;
#1465 = VECTOR ( 'NONE', #1684, 1000.000000000000000 ) ;
#1466 = ADVANCED_FACE ( 'NONE', ( #129 ), #1956, .T. ) ;
#1467 = DIRECTION ( 'NONE',  ( 0.0000000000000000000, -0.08715574274765150500, 0.9961946980917461000 ) ) ;
#1468 = AXIS2_PLACEMENT_3D ( 'NONE', #1184, #1356, #1720 ) ;
#1469 = FACE_OUTER_BOUND ( 'NONE', #1474, .T. ) ;
#1470 = CARTESIAN_POINT ( 'NONE',  ( 2.915000000000000000, 0.5266666666666662800, 1.750000000000000000 ) ) ;
#1471 = VERTEX_POINT ( 'NONE', #1780 ) ;
#1472 = AXIS2_PLACEMENT_3D ( 'NONE', #563, #373, #60 ) ;
#1473 = DIRECTION ( 'NONE',  ( -0.0000000000000000000, 1.000000000000000000, -0.0000000000000000000 ) ) ;
#1474 = EDGE_LOOP ( 'NONE', ( #803, #2017, #1036, #94 ) ) ;
#1475 = DIRECTION ( 'NONE',  ( -1.000000000000000000, -0.0000000000000000000, -0.0000000000000000000 ) ) ;
#1476 = EDGE_CURVE ( 'NONE', #951, #481, #229, .T. ) ;
#1477 = ORIENTED_EDGE ( 'NONE', *, *, #2010, .F. ) ;
#1478 = ORIENTED_EDGE ( 'NONE', *, *, #1323, .T. ) ;
#1479 = CARTESIAN_POINT ( 'NONE',  ( -3.250000000000000900, 0.8066666666666662000, -1.749999999999996200 ) ) ;
#1480 = CARTESIAN_POINT ( 'NONE',  ( -1.500000000000000000, 0.4991547455664655500, -2.659315088887638500 ) ) ;
#1481 = ORIENTED_EDGE ( 'NONE', *, *, #49, .F. ) ;
#1482 = PRESENTATION_LAYER_ASSIGNMENT (  '', '', ( #1095 ) ) ;
#1483 = ORIENTED_EDGE ( 'NONE', *, *, #1067, .F. ) ;
#1484 = ORIENTED_EDGE ( 'NONE', *, *, #714, .T. ) ;
#1485 = CARTESIAN_POINT ( 'NONE',  ( 0.6150000000000001000, 1.355252715606880500E-017, 3.475596392030657600 ) ) ;
#1486 = FILL_AREA_STYLE ('',( #1319 ) ) ;
#1487 = CARTESIAN_POINT ( 'NONE',  ( -0.1349999999999997000, 0.8066666666666662000, 1.750000000000000000 ) ) ;
#1488 = CARTESIAN_POINT ( 'NONE',  ( 0.6150000000000001000, 0.4848539564125016200, 2.620023993606740200 ) ) ;
#1489 = ORIENTED_EDGE ( 'NONE', *, *, #1651, .T. ) ;
#1490 = VECTOR ( 'NONE', #2012, 1000.000000000000000 ) ;
#1491 = UNCERTAINTY_MEASURE_WITH_UNIT (LENGTH_MEASURE( 1.000000000000000100E-005 ), #626, 'distance_accuracy_value', 'NONE');
#1492 = ADVANCED_FACE ( 'NONE', ( #1905 ), #308, .F. ) ;
#1493 = DIRECTION ( 'NONE',  ( 1.000000000000000000, 0.0000000000000000000, 0.0000000000000000000 ) ) ;
#1494 = LINE ( 'NONE', #107, #1302 ) ;
#1495 = PLANE ( 'NONE',  #1270 ) ;
#1496 = EDGE_CURVE ( 'NONE', #1813, #143, #771, .T. ) ;
#1497 = FACE_OUTER_BOUND ( 'NONE', #1443, .T. ) ;
#1498 = AXIS2_PLACEMENT_3D ( 'NONE', #251, #244, #2059 ) ;
#1499 = DIRECTION ( 'NONE',  ( 0.0000000000000000000, -0.08715574274765122700, 0.9961946980917461000 ) ) ;
#1500 = CARTESIAN_POINT ( 'NONE',  ( 2.915000000000000000, 0.5266666666666661700, 2.620023993606740200 ) ) ;
#1501 = ORIENTED_EDGE ( 'NONE', *, *, #95, .T. ) ;
#1502 = CARTESIAN_POINT ( 'NONE',  ( 1.500000000000000000, 0.3457656401311869400, -3.013113933820054800 ) ) ;
#1503 = ADVANCED_FACE ( 'NONE', ( #78 ), #2033, .F. ) ;
#1504 = CARTESIAN_POINT ( 'NONE',  ( 0.6150000000000001000, 0.4991547455664656600, 2.659315088887638500 ) ) ;
#1505 = EDGE_LOOP ( 'NONE', ( #17, #1665, #1976, #170 ) ) ;
#1506 = ORIENTED_EDGE ( 'NONE', *, *, #1176, .T. ) ;
#1507 = VERTEX_POINT ( 'NONE', #1605 ) ;
#1508 = CARTESIAN_POINT ( 'NONE',  ( -2.434999999999999600, 0.8066666666666656400, 2.620023993606740200 ) ) ;
#1509 = ORIENTED_EDGE ( 'NONE', *, *, #1042, .F. ) ;
#1510 = ORIENTED_EDGE ( 'NONE', *, *, #1719, .F. ) ;
#1511 = EDGE_CURVE ( 'NONE', #696, #880, #617, .T. ) ;
#1512 = DIRECTION ( 'NONE',  ( -1.000000000000000000, -0.0000000000000000000, -0.0000000000000000000 ) ) ;
#1513 =( GEOMETRIC_REPRESENTATION_CONTEXT ( 3 ) GLOBAL_UNCERTAINTY_ASSIGNED_CONTEXT ( ( #97 ) ) GLOBAL_UNIT_ASSIGNED_CONTEXT ( ( #368, #865, #1021 ) ) REPRESENTATION_CONTEXT ( 'NONE', 'WORKASPACE' ) );
#1514 = DIRECTION ( 'NONE',  ( -1.000000000000000000, -0.0000000000000000000, -0.0000000000000000000 ) ) ;
#1515 = COLOUR_RGB ( '',0.7921568627450980000, 0.8196078431372548800, 0.9333333333333333500 ) ;
#1516 = PLANE ( 'NONE',  #1251 ) ;
#1517 = CIRCLE ( 'NONE', #214, 0.04181271025416408900 ) ;
#1518 = DIRECTION ( 'NONE',  ( -0.0000000000000000000, 1.246175025577024400E-016, -1.000000000000000000 ) ) ;
#1519 = FACE_OUTER_BOUND ( 'NONE', #1889, .T. ) ;
#1520 = VECTOR ( 'NONE', #564, 1000.000000000000200 ) ;
#1521 = EDGE_CURVE ( 'NONE', #481, #1077, #279, .T. ) ;
#1522 = EDGE_CURVE ( 'NONE', #629, #784, #709, .T. ) ;
#1523 = LINE ( 'NONE', #911, #1859 ) ;
#1524 = CARTESIAN_POINT ( 'NONE',  ( 3.249999999999998700, 0.5266666666666662800, -1.750000000000000000 ) ) ;
#1525 = ORIENTED_EDGE ( 'NONE', *, *, #51, .T. ) ;
#1526 = CARTESIAN_POINT ( 'NONE',  ( 2.165000000000000000, 0.4848539564125016200, 2.620023993606740200 ) ) ;
#1527 = VERTEX_POINT ( 'NONE', #1271 ) ;
#1528 = DIRECTION ( 'NONE',  ( 0.0000000000000000000, 0.0000000000000000000, 1.000000000000000000 ) ) ;
#1529 = ORIENTED_EDGE ( 'NONE', *, *, #591, .T. ) ;
#1530 = ORIENTED_EDGE ( 'NONE', *, *, #753, .T. ) ;
#1531 = CARTESIAN_POINT ( 'NONE',  ( 2.915000000000000000, 0.3457656401311868800, 3.013113933820054300 ) ) ;
#1532 = ORIENTED_EDGE ( 'NONE', *, *, #896, .T. ) ;
#1533 =( NAMED_UNIT ( * ) SI_UNIT ( $, .STERADIAN. ) SOLID_ANGLE_UNIT ( ) );
#1534 = DIRECTION ( 'NONE',  ( -0.1710878697460358200, 0.9702875252478138100, 0.1710878697460358500 ) ) ;
#1535 = ORIENTED_EDGE ( 'NONE', *, *, #1608, .T. ) ;
#1536 = CARTESIAN_POINT ( 'NONE',  ( -1.500000000000000000, 0.3184128290171061600, -3.048760811282458200 ) ) ;
#1537 = EDGE_CURVE ( 'NONE', #558, #1612, #1935, .T. ) ;
#1538 = CARTESIAN_POINT ( 'NONE',  ( -1.500000000000000000, 0.5266666666666662800, -1.750000000000000000 ) ) ;
#1539 = DIRECTION ( 'NONE',  ( 1.000000000000000000, 0.0000000000000000000, 0.0000000000000000000 ) ) ;
#1540 = LINE ( 'NONE', #1344, #348 ) ;
#1541 = DIRECTION ( 'NONE',  ( 0.0000000000000000000, -1.000000000000000000, 0.0000000000000000000 ) ) ;
#1542 = LINE ( 'NONE', #769, #2094 ) ;
#1543 = DIRECTION ( 'NONE',  ( 0.1710878697460357900, -0.9702875252478137000, -0.1710878697460359600 ) ) ;
#1544 = CIRCLE ( 'NONE', #404, 0.3218127102541644100 ) ;
#1545 = CARTESIAN_POINT ( 'NONE',  ( -2.434999999999999600, 0.5266666666666661700, 2.620023993606740200 ) ) ;
#1546 = LINE ( 'NONE', #408, #1420 ) ;
#1547 = CARTESIAN_POINT ( 'NONE',  ( -1.684999999999999800, 0.3600664292851508700, 3.052405029100952100 ) ) ;
#1548 = CARTESIAN_POINT ( 'NONE',  ( 0.6150000000000001000, 0.03947831355141694100, 3.024357203313115400 ) ) ;
#1549 = EDGE_CURVE ( 'NONE', #862, #696, #351, .T. ) ;
#1550 = DIRECTION ( 'NONE',  ( -0.0000000000000000000, 0.08715574274765275400, 0.9961946980917459900 ) ) ;
#1551 = DIRECTION ( 'NONE',  ( -1.000000000000000000, -0.0000000000000000000, -0.0000000000000000000 ) ) ;
#1552 = ORIENTED_EDGE ( 'NONE', *, *, #753, .F. ) ;
#1553 = AXIS2_PLACEMENT_3D ( 'NONE', #1390, #582, #729 ) ;
#1554 = EDGE_LOOP ( 'NONE', ( #1008, #1964, #1483, #2050 ) ) ;
#1555 = VERTEX_POINT ( 'NONE', #130 ) ;
#1556 = CARTESIAN_POINT ( 'NONE',  ( -1.500000000000000000, 0.2789345154656885900, -3.500000000000000000 ) ) ;
#1557 = MANIFOLD_SOLID_BREP ( 'Boss-Extrude6', #905 ) ;
#1558 = ORIENTED_EDGE ( 'NONE', *, *, #491, .T. ) ;
#1559 = ORIENTED_EDGE ( 'NONE', *, *, #936, .F. ) ;
#1560 = ORIENTED_EDGE ( 'NONE', *, *, #1023, .T. ) ;
#1561 = CARTESIAN_POINT ( 'NONE',  ( 2.165000000000000000, 0.3600664292851508700, 3.052405029100952100 ) ) ;
#1562 = DIRECTION ( 'NONE',  ( -0.0000000000000000000, 1.246175025577024400E-016, -1.000000000000000000 ) ) ;
#1563 = EDGE_CURVE ( 'NONE', #784, #1588, #1621, .T. ) ;
#1564 = EDGE_CURVE ( 'NONE', #47, #1445, #918, .T. ) ;
#1565 = CARTESIAN_POINT ( 'NONE',  ( -1.500000000000000000, 0.8066666666666662000, -1.750000000000000000 ) ) ;
#1566 = LINE ( 'NONE', #989, #2005 ) ;
#1567 = CARTESIAN_POINT ( 'NONE',  ( 2.915000000000000000, 0.03947831355141694100, 3.024357203313115400 ) ) ;
#1568 = LINE ( 'NONE', #91, #1461 ) ;
#1569 = FILL_AREA_STYLE_COLOUR ( '', #2061 ) ;
#1570 = DIRECTION ( 'NONE',  ( 1.000000000000000000, 0.0000000000000000000, 0.0000000000000000000 ) ) ;
#1571 = LINE ( 'NONE', #1059, #258 ) ;
#1572 = VECTOR ( 'NONE', #1629, 1000.000000000000000 ) ;
#1573 = DIRECTION ( 'NONE',  ( 0.0000000000000000000, 0.0000000000000000000, 1.000000000000000000 ) ) ;
#1574 = FACE_OUTER_BOUND ( 'NONE', #1284, .T. ) ;
#1575 = ORIENTED_EDGE ( 'NONE', *, *, #1564, .F. ) ;
#1576 =( LENGTH_UNIT ( ) NAMED_UNIT ( * ) SI_UNIT ( .MILLI., .METRE. ) );
#1577 = LINE ( 'NONE', #280, #1116 ) ;
#1578 = EDGE_CURVE ( 'NONE', #628, #1813, #1040, .T. ) ;
#1579 = DIRECTION ( 'NONE',  ( 0.0000000000000000000, 0.9961946980917461000, 0.08715574274765176800 ) ) ;
#1580 = CARTESIAN_POINT ( 'NONE',  ( 1.500000000000000000, 0.5266666666666662800, -1.750000000000000000 ) ) ;
#1581 = ORIENTED_EDGE ( 'NONE', *, *, #1787, .T. ) ;
#1582 = DIRECTION ( 'NONE',  ( -0.0000000000000000000, 0.08715574274765151800, -0.9961946980917461000 ) ) ;
#1583 = AXIS2_PLACEMENT_3D ( 'NONE', #187, #1514, #520 ) ;
#1584 = ORIENTED_EDGE ( 'NONE', *, *, #1788, .F. ) ;
#1585 = ORIENTED_EDGE ( 'NONE', *, *, #243, .T. ) ;
#1586 = ORIENTED_EDGE ( 'NONE', *, *, #1348, .T. ) ;
#1587 = VERTEX_POINT ( 'NONE', #1480 ) ;
#1588 = VERTEX_POINT ( 'NONE', #498 ) ;
#1589 = CARTESIAN_POINT ( 'NONE',  ( 3.174767154897720500, 0.1000000000000000500, 1.674767154897721700 ) ) ;
#1590 = EDGE_LOOP ( 'NONE', ( #912, #1085, #1231, #1529 ) ) ;
#1591 = CARTESIAN_POINT ( 'NONE',  ( 2.915000000000000000, 0.03947831355141694100, 3.024357203313115400 ) ) ;
#1592 = CARTESIAN_POINT ( 'NONE',  ( 0.6150000000000001000, 0.2500000000000000000, 2.750000000000000000 ) ) ;
#1593 = CARTESIAN_POINT ( 'NONE',  ( 2.165000000000000000, 0.2789345154656889800, 3.500000000000000000 ) ) ;
#1594 = VERTEX_POINT ( 'NONE', #664 ) ;
#1595 = LINE ( 'NONE', #524, #1981 ) ;
#1596 = CARTESIAN_POINT ( 'NONE',  ( -1.684999999999999800, 0.4848539564125016200, 2.620023993606740200 ) ) ;
#1597 = FACE_OUTER_BOUND ( 'NONE', #375, .T. ) ;
#1598 = VECTOR ( 'NONE', #907, 1000.000000000000100 ) ;
#1599 = STYLED_ITEM ( 'NONE', ( #1879 ), #941 ) ;
#1600 = DIRECTION ( 'NONE',  ( 0.0000000000000000000, 1.246175025577024400E-016, -1.000000000000000000 ) ) ;
#1601 = FACE_OUTER_BOUND ( 'NONE', #1554, .T. ) ;
#1602 = ADVANCED_FACE ( 'NONE', ( #514 ), #1794, .F. ) ;
#1603 = FACE_OUTER_BOUND ( 'NONE', #1002, .T. ) ;
#1604 = ORIENTED_EDGE ( 'NONE', *, *, #1377, .F. ) ;
#1605 = CARTESIAN_POINT ( 'NONE',  ( 0.6150000000000001000, 0.8066666666666662000, 1.750000000000000000 ) ) ;
#1606 = ORIENTED_EDGE ( 'NONE', *, *, #420, .T. ) ;
#1607 = EDGE_CURVE ( 'NONE', #363, #624, #1412, .T. ) ;
#1608 = EDGE_CURVE ( 'NONE', #1121, #294, #75, .T. ) ;
#1609 = CARTESIAN_POINT ( 'NONE',  ( 1.500000000000000000, 0.4991547455664655500, -2.659315088887638500 ) ) ;
#1610 = ORIENTED_EDGE ( 'NONE', *, *, #64, .F. ) ;
#1611 = PRESENTATION_LAYER_ASSIGNMENT (  '', '', ( #1655 ) ) ;
#1612 = VERTEX_POINT ( 'NONE', #1652 ) ;
#1613 = VERTEX_POINT ( 'NONE', #1963 ) ;
#1614 = SURFACE_SIDE_STYLE ('',( #1878 ) ) ;
#1615 = ORIENTED_EDGE ( 'NONE', *, *, #1054, .T. ) ;
#1616 = ORIENTED_EDGE ( 'NONE', *, *, #1537, .F. ) ;
#1617 = DIRECTION ( 'NONE',  ( 0.0000000000000000000, -0.1736481776669307200, 0.9848077530122080200 ) ) ;
#1618 = FACE_OUTER_BOUND ( 'NONE', #835, .T. ) ;
#1619 = EDGE_CURVE ( 'NONE', #978, #1288, #127, .T. ) ;
#1620 = CARTESIAN_POINT ( 'NONE',  ( 2.915000000000000000, 0.4991547455664655500, 2.659315088887638500 ) ) ;
#1621 = LINE ( 'NONE', #139, #1352 ) ;
#1622 = PRESENTATION_STYLE_ASSIGNMENT (( #380 ) ) ;
#1623 = DIRECTION ( 'NONE',  ( -1.000000000000000000, -0.0000000000000000000, -0.0000000000000000000 ) ) ;
#1624 = DIRECTION ( 'NONE',  ( 0.0000000000000000000, 0.0000000000000000000, -1.000000000000000000 ) ) ;
#1625 = FACE_OUTER_BOUND ( 'NONE', #317, .T. ) ;
#1626 = VECTOR ( 'NONE', #2075, 1000.000000000000000 ) ;
#1627 = AXIS2_PLACEMENT_3D ( 'NONE', #1715, #1217, #1880 ) ;
#1628 = FACE_OUTER_BOUND ( 'NONE', #1430, .T. ) ;
#1629 = DIRECTION ( 'NONE',  ( -1.000000000000000000, -0.0000000000000000000, -0.0000000000000000000 ) ) ;
#1630 = LINE ( 'NONE', #1268, #465 ) ;
#1631 = PLANE ( 'NONE',  #1821 ) ;
#1632 = VERTEX_POINT ( 'NONE', #968 ) ;
#1633 = DIRECTION ( 'NONE',  ( 0.0000000000000000000, -0.9961946980917461000, 0.08715574274765189300 ) ) ;
#1634 = ADVANCED_FACE ( 'NONE', ( #816 ), #1248, .T. ) ;
#1635 = EDGE_LOOP ( 'NONE', ( #145, #430, #2044, #1525 ) ) ;
#1636 = CARTESIAN_POINT ( 'NONE',  ( 2.915000000000000000, 0.3184128290171057100, 3.048760811282458200 ) ) ;
#1637 = ORIENTED_EDGE ( 'NONE', *, *, #242, .F. ) ;
#1638 = EDGE_CURVE ( 'NONE', #531, #1795, #486, .T. ) ;
#1639 = EDGE_CURVE ( 'NONE', #1795, #1812, #966, .T. ) ;
#1640 = VERTEX_POINT ( 'NONE', #982 ) ;
#1641 = DIRECTION ( 'NONE',  ( 0.0000000000000000000, 0.0000000000000000000, -1.000000000000000000 ) ) ;
#1642 = ORIENTED_EDGE ( 'NONE', *, *, #146, .F. ) ;
#1643 = ORIENTED_EDGE ( 'NONE', *, *, #1334, .T. ) ;
#1644 = ORIENTED_EDGE ( 'NONE', *, *, #1264, .T. ) ;
#1645 = DIRECTION ( 'NONE',  ( -1.000000000000000000, -0.0000000000000000000, -0.0000000000000000000 ) ) ;
#1646 = ADVANCED_FACE ( 'NONE', ( #1876 ), #654, .F. ) ;
#1647 = DIRECTION ( 'NONE',  ( 0.0000000000000000000, 0.08715574274765151800, 0.9961946980917461000 ) ) ;
#1648 = DIRECTION ( 'NONE',  ( 0.0000000000000000000, -0.9396926207859080900, 0.3420201433256696600 ) ) ;
#1649 = FACE_OUTER_BOUND ( 'NONE', #965, .T. ) ;
#1650 = ORIENTED_EDGE ( 'NONE', *, *, #1992, .T. ) ;
#1651 = EDGE_CURVE ( 'NONE', #1290, #1262, #1826, .T. ) ;
#1652 = CARTESIAN_POINT ( 'NONE',  ( 0.6150000000000001000, 0.3184128290171057100, 3.048760811282458200 ) ) ;
#1653 = PRESENTATION_STYLE_ASSIGNMENT (( #1071 ) ) ;
#1654 = VECTOR ( 'NONE', #1562, 1000.000000000000000 ) ;
#1655 = STYLED_ITEM ( 'NONE', ( #1653 ), #1460 ) ;
#1656 = CARTESIAN_POINT ( 'NONE',  ( -1.684999999999999800, 0.3457656401311868800, 3.013113933820054300 ) ) ;
#1657 = LINE ( 'NONE', #2027, #1195 ) ;
#1658 =( NAMED_UNIT ( * ) PLANE_ANGLE_UNIT ( ) SI_UNIT ( $, .RADIAN. ) );
#1659 = LINE ( 'NONE', #164, #776 ) ;
#1660 = DIRECTION ( 'NONE',  ( -2.478176394252584100E-016, 0.0000000000000000000, -1.000000000000000000 ) ) ;
#1661 = EDGE_LOOP ( 'NONE', ( #763, #225, #1033, #554 ) ) ;
#1662 = CARTESIAN_POINT ( 'NONE',  ( 1.500000000000000000, 0.8066666666666662000, -1.750000000000000000 ) ) ;
#1663 = EDGE_LOOP ( 'NONE', ( #141, #1234, #949, #1484 ) ) ;
#1664 = EDGE_CURVE ( 'NONE', #89, #1687, #405, .T. ) ;
#1665 = ORIENTED_EDGE ( 'NONE', *, *, #1223, .F. ) ;
#1666 = AXIS2_PLACEMENT_3D ( 'NONE', #267, #413, #87 ) ;
#1667 = ADVANCED_FACE ( 'NONE', ( #1272 ), #802, .F. ) ;
#1668 = DIRECTION ( 'NONE',  ( 0.0000000000000000000, 0.0000000000000000000, -1.000000000000000000 ) ) ;
#1669 = CARTESIAN_POINT ( 'NONE',  ( -1.684999999999999800, 0.5266666666666662800, 1.750000000000000000 ) ) ;
#1670 = PLANE ( 'NONE',  #1930 ) ;
#1671 = DIRECTION ( 'NONE',  ( -1.000000000000000000, -0.0000000000000000000, -0.0000000000000000000 ) ) ;
#1672 = FACE_OUTER_BOUND ( 'NONE', #1898, .T. ) ;
#1673 = CARTESIAN_POINT ( 'NONE',  ( 0.6150000000000001000, 0.3184128290171057100, 3.048760811282458200 ) ) ;
#1674 = VECTOR ( 'NONE', #119, 1000.000000000000100 ) ;
#1675 = VECTOR ( 'NONE', #1921, 1000.000000000000000 ) ;
#1676 = ADVANCED_FACE ( 'NONE', ( #50 ), #972, .F. ) ;
#1677 = DIRECTION ( 'NONE',  ( -1.000000000000000000, -0.0000000000000000000, -0.0000000000000000000 ) ) ;
#1678 = EDGE_CURVE ( 'NONE', #1006, #952, #1433, .T. ) ;
#1679 = EDGE_CURVE ( 'NONE', #1006, #1364, #1218, .T. ) ;
#1680 = FACE_OUTER_BOUND ( 'NONE', #1241, .T. ) ;
#1681 = FACE_OUTER_BOUND ( 'NONE', #1969, .T. ) ;
#1682 = ORIENTED_EDGE ( 'NONE', *, *, #1522, .F. ) ;
#1683 = VECTOR ( 'NONE', #2004, 1000.000000000000000 ) ;
#1684 = DIRECTION ( 'NONE',  ( -0.0000000000000000000, 0.08715574274765151800, -0.9961946980917461000 ) ) ;
#1685 = ORIENTED_EDGE ( 'NONE', *, *, #739, .T. ) ;
#1686 = ORIENTED_EDGE ( 'NONE', *, *, #1899, .T. ) ;
#1687 = VERTEX_POINT ( 'NONE', #1797 ) ;
#1688 = CARTESIAN_POINT ( 'NONE',  ( -2.434999999999999600, 0.4991547455664656600, 2.659315088887638500 ) ) ;
#1689 = CARTESIAN_POINT ( 'NONE',  ( -0.1349999999999997000, 0.5266666666666662800, 1.750000000000000000 ) ) ;
#1690 = ORIENTED_EDGE ( 'NONE', *, *, #608, .T. ) ;
#1691 = ORIENTED_EDGE ( 'NONE', *, *, #2065, .T. ) ;
#1692 = EDGE_CURVE ( 'NONE', #422, #1451, #323, .T. ) ;
#1693 = EDGE_LOOP ( 'NONE', ( #1815, #449, #589, #1501 ) ) ;
#1694 = AXIS2_PLACEMENT_3D ( 'NONE', #1020, #707, #1528 ) ;
#1695 = CARTESIAN_POINT ( 'NONE',  ( 1.500000000000000000, 0.8066666666666660900, -2.620023993606740200 ) ) ;
#1696 = CARTESIAN_POINT ( 'NONE',  ( 2.915000000000000000, 0.8066666666666662000, 1.750000000000000000 ) ) ;
#1697 = CARTESIAN_POINT ( 'NONE',  ( 2.915000000000000000, 0.8066666666666662000, 1.750000000000000000 ) ) ;
#1698 =( GEOMETRIC_REPRESENTATION_CONTEXT ( 3 ) GLOBAL_UNCERTAINTY_ASSIGNED_CONTEXT ( ( #1155 ) ) GLOBAL_UNIT_ASSIGNED_CONTEXT ( ( #218, #1359, #1533 ) ) REPRESENTATION_CONTEXT ( 'NONE', 'WORKASPACE' ) );
#1699 = FACE_OUTER_BOUND ( 'NONE', #2129, .T. ) ;
#1700 = CARTESIAN_POINT ( 'NONE',  ( -1.684999999999999800, 0.2789345154656889800, 3.500000000000000000 ) ) ;
#1701 = LINE ( 'NONE', #1487, #1853 ) ;
#1702 = PLANE ( 'NONE',  #1627 ) ;
#1703 = CYLINDRICAL_SURFACE ( 'NONE', #1733, 0.3218127102541644100 ) ;
#1704 = CARTESIAN_POINT ( 'NONE',  ( -2.434999999999999600, 0.3600664292851508700, 3.052405029100952100 ) ) ;
#1705 = LINE ( 'NONE', #888, #183 ) ;
#1706 = CARTESIAN_POINT ( 'NONE',  ( -1.500000000000000000, 0.8066666666666662000, -1.750000000000000000 ) ) ;
#1707 = AXIS2_PLACEMENT_3D ( 'NONE', #1382, #1887, #571 ) ;
#1708 = LINE ( 'NONE', #381, #416 ) ;
#1709 = DIRECTION ( 'NONE',  ( 0.0000000000000000000, -0.08715574274765122700, 0.9961946980917461000 ) ) ;
#1710 = ORIENTED_EDGE ( 'NONE', *, *, #733, .T. ) ;
#1711 = DIRECTION ( 'NONE',  ( -0.0000000000000000000, 0.3420201433256652200, 0.9396926207859096500 ) ) ;
#1712 = PRODUCT_DEFINITION ( 'UNKNOWN', '', #126, #1784 ) ;
#1713 = EDGE_LOOP ( 'NONE', ( #1558, #1175, #161, #445 ) ) ;
#1714 = ORIENTED_EDGE ( 'NONE', *, *, #1294, .T. ) ;
#1715 = CARTESIAN_POINT ( 'NONE',  ( 2.915000000000000000, 0.5949203856976524900, 2.922429022707691400 ) ) ;
#1716 = ORIENTED_EDGE ( 'NONE', *, *, #1940, .T. ) ;
#1717 = DIRECTION ( 'NONE',  ( 0.0000000000000000000, 0.0000000000000000000, 1.000000000000000000 ) ) ;
#1718 = EDGE_CURVE ( 'NONE', #1316, #263, #228, .T. ) ;
#1719 = EDGE_CURVE ( 'NONE', #694, #2015, #1299, .T. ) ;
#1720 = DIRECTION ( 'NONE',  ( 0.0000000000000000000, 0.0000000000000000000, 1.000000000000000000 ) ) ;
#1721 = AXIS2_PLACEMENT_3D ( 'NONE', #175, #1645, #1122 ) ;
#1722 = CARTESIAN_POINT ( 'NONE',  ( 0.6150000000000001000, 0.3600664292851508700, 3.052405029100952100 ) ) ;
#1723 = VECTOR ( 'NONE', #823, 1000.000000000000000 ) ;
#1724 = DIRECTION ( 'NONE',  ( 0.0000000000000000000, 0.0000000000000000000, 1.000000000000000000 ) ) ;
#1725 = CIRCLE ( 'NONE', #1955, 0.04181271025416495600 ) ;
#1726 = FACE_OUTER_BOUND ( 'NONE', #980, .T. ) ;
#1727 = LINE ( 'NONE', #690, #824 ) ;
#1728 = PLANE ( 'NONE',  #2142 ) ;
#1729 = EDGE_CURVE ( 'NONE', #143, #1247, #939, .T. ) ;
#1730 = CARTESIAN_POINT ( 'NONE',  ( -3.250000000000000900, 0.5266666666666662800, -1.749999999999996200 ) ) ;
#1731 = VECTOR ( 'NONE', #305, 1000.000000000000000 ) ;
#1732 = LINE ( 'NONE', #2040, #442 ) ;
#1733 = AXIS2_PLACEMENT_3D ( 'NONE', #811, #493, #971 ) ;
#1734 = ORIENTED_EDGE ( 'NONE', *, *, #2123, .F. ) ;
#1735 = CARTESIAN_POINT ( 'NONE',  ( 0.6150000000000001000, 0.2789345154656889800, 3.500000000000000000 ) ) ;
#1736 = VERTEX_POINT ( 'NONE', #466 ) ;
#1737 = AXIS2_PLACEMENT_3D ( 'NONE', #189, #1170, #200 ) ;
#1738 = ORIENTED_EDGE ( 'NONE', *, *, #1578, .T. ) ;
#1739 = DIRECTION ( 'NONE',  ( -1.000000000000000000, -0.0000000000000000000, -0.0000000000000000000 ) ) ;
#1740 = ORIENTED_EDGE ( 'NONE', *, *, #1348, .F. ) ;
#1741 = DIRECTION ( 'NONE',  ( -0.0000000000000000000, 1.000000000000000000, 0.0000000000000000000 ) ) ;
#1742 = CARTESIAN_POINT ( 'NONE',  ( -1.684999999999999800, 0.3457656401311868800, 3.013113933820054300 ) ) ;
#1743 =( NAMED_UNIT ( * ) SI_UNIT ( $, .STERADIAN. ) SOLID_ANGLE_UNIT ( ) );
#1744 = ORIENTED_EDGE ( 'NONE', *, *, #1275, .F. ) ;
#1745 = CARTESIAN_POINT ( 'NONE',  ( 2.165000000000000000, 0.5949203856976524900, 2.922429022707691400 ) ) ;
#1746 = CARTESIAN_POINT ( 'NONE',  ( 2.915000000000000000, 0.8066666666666662000, 1.750000000000000000 ) ) ;
#1747 = EDGE_CURVE ( 'NONE', #291, #926, #841, .T. ) ;
#1748 = CARTESIAN_POINT ( 'NONE',  ( 1.500000000000000000, 0.3184128290171060500, -3.048760811282458200 ) ) ;
#1749 = ORIENTED_EDGE ( 'NONE', *, *, #812, .T. ) ;
#1750 = VECTOR ( 'NONE', #166, 1000.000000000000000 ) ;
#1751 = CARTESIAN_POINT ( 'NONE',  ( -1.684999999999999800, 0.03947831355141694100, 3.024357203313115400 ) ) ;
#1752 = ADVANCED_FACE ( 'NONE', ( #1327 ), #659, .T. ) ;
#1753 = FACE_OUTER_BOUND ( 'NONE', #1341, .T. ) ;
#1754 = CARTESIAN_POINT ( 'NONE',  ( -0.1349999999999997000, 0.3600664292851508700, 3.052405029100952100 ) ) ;
#1755 = VECTOR ( 'NONE', #1802, 1000.000000000000100 ) ;
#1756 = VECTOR ( 'NONE', #2030, 1000.000000000000000 ) ;
#1757 = DIRECTION ( 'NONE',  ( -1.000000000000000000, -0.0000000000000000000, -0.0000000000000000000 ) ) ;
#1758 = APPLICATION_PROTOCOL_DEFINITION ( 'draft international standard', 'automotive_design', 1998, #1928 ) ;
#1759 = LINE ( 'NONE', #1442, #1785 ) ;
#1760 = EDGE_CURVE ( 'NONE', #44, #1640, #178, .T. ) ;
#1761 = VERTEX_POINT ( 'NONE', #1656 ) ;
#1762 = DIRECTION ( 'NONE',  ( 0.0000000000000000000, 0.0000000000000000000, 1.000000000000000000 ) ) ;
#1763 = AXIS2_PLACEMENT_3D ( 'NONE', #619, #1773, #2120 ) ;
#1764 = ADVANCED_FACE ( 'NONE', ( #891 ), #1459, .T. ) ;
#1765 = ORIENTED_EDGE ( 'NONE', *, *, #1830, .F. ) ;
#1766 = CARTESIAN_POINT ( 'NONE',  ( -3.250000000000000000, 0.8066666666666662000, 1.750000000000000000 ) ) ;
#1767 = ORIENTED_EDGE ( 'NONE', *, *, #1511, .T. ) ;
#1768 = ORIENTED_EDGE ( 'NONE', *, *, #798, .F. ) ;
#1769 = ORIENTED_EDGE ( 'NONE', *, *, #2089, .F. ) ;
#1770 = ORIENTED_EDGE ( 'NONE', *, *, #1843, .F. ) ;
#1771 = DIRECTION ( 'NONE',  ( -0.0000000000000000000, 1.000000000000000000, -0.0000000000000000000 ) ) ;
#1772 = EDGE_CURVE ( 'NONE', #2000, #978, #1776, .T. ) ;
#1773 = DIRECTION ( 'NONE',  ( 1.000000000000000000, 0.0000000000000000000, 0.0000000000000000000 ) ) ;
#1774 = ADVANCED_FACE ( 'NONE', ( #1672 ), #1631, .F. ) ;
#1775 = AXIS2_PLACEMENT_3D ( 'NONE', #1037, #71, #1182 ) ;
#1776 = LINE ( 'NONE', #964, #102 ) ;
#1777 = CARTESIAN_POINT ( 'NONE',  ( 2.915000000000000000, 0.4848539564125016200, 2.620023993606740200 ) ) ;
#1778 = VECTOR ( 'NONE', #456, 1000.000000000000000 ) ;
#1779 = AXIS2_PLACEMENT_3D ( 'NONE', #45, #530, #834 ) ;
#1780 = CARTESIAN_POINT ( 'NONE',  ( -2.434999999999999600, 0.4991547455664655500, 2.659315088887638500 ) ) ;
#1781 = FACE_OUTER_BOUND ( 'NONE', #1693, .T. ) ;
#1782 = FACE_OUTER_BOUND ( 'NONE', #371, .T. ) ;
#1783 = LINE ( 'NONE', #1851, #1332 ) ;
#1784 = PRODUCT_DEFINITION_CONTEXT ( 'detailed design', #446, 'design' ) ;
#1785 = VECTOR ( 'NONE', #630, 1000.000000000000000 ) ;
#1786 = EDGE_LOOP ( 'NONE', ( #755, #423, #1477, #1286 ) ) ;
#1787 = EDGE_CURVE ( 'NONE', #1451, #1507, #1191, .T. ) ;
#1788 = EDGE_CURVE ( 'NONE', #1761, #90, #455, .T. ) ;
#1789 = PLANE ( 'NONE',  #2113 ) ;
#1790 = ORIENTED_EDGE ( 'NONE', *, *, #1434, .F. ) ;
#1791 = ORIENTED_EDGE ( 'NONE', *, *, #1854, .F. ) ;
#1792 = ORIENTED_EDGE ( 'NONE', *, *, #1760, .T. ) ;
#1793 = DIRECTION ( 'NONE',  ( 1.000000000000000000, 0.0000000000000000000, 0.0000000000000000000 ) ) ;
#1794 = PLANE ( 'NONE',  #2138 ) ;
#1795 = VERTEX_POINT ( 'NONE', #692 ) ;
#1796 = DIRECTION ( 'NONE',  ( 0.0000000000000000000, 0.08715574274765176800, -0.9961946980917461000 ) ) ;
#1797 = CARTESIAN_POINT ( 'NONE',  ( -1.684999999999999800, 0.5949203856976524900, 2.922429022707691400 ) ) ;
#1798 = CARTESIAN_POINT ( 'NONE',  ( 0.6150000000000001000, 0.3184128290171057100, 3.048760811282458200 ) ) ;
#1799 = EDGE_CURVE ( 'NONE', #450, #2000, #2140, .T. ) ;
#1800 = ORIENTED_EDGE ( 'NONE', *, *, #1318, .T. ) ;
#1801 = VECTOR ( 'NONE', #1156, 1000.000000000000000 ) ;
#1802 = DIRECTION ( 'NONE',  ( 0.0000000000000000000, -0.9961946980917461000, -0.08715574274765178200 ) ) ;
#1803 = AXIS2_PLACEMENT_3D ( 'NONE', #1051, #746, #2131 ) ;
#1804 = LINE ( 'NONE', #2024, #821 ) ;
#1805 = VECTOR ( 'NONE', #1374, 1000.000000000000000 ) ;
#1806 = AXIS2_PLACEMENT_3D ( 'NONE', #1561, #274, #602 ) ;
#1807 = CARTESIAN_POINT ( 'NONE',  ( -3.250000000000000900, 0.5266666666666662800, -1.749999999999996200 ) ) ;
#1808 = LINE ( 'NONE', #1343, #205 ) ;
#1809 = DIRECTION ( 'NONE',  ( -0.0000000000000000000, 1.000000000000000000, 1.246175025577024400E-016 ) ) ;
#1810 = ORIENTED_EDGE ( 'NONE', *, *, #1001, .T. ) ;
#1811 = CARTESIAN_POINT ( 'NONE',  ( 2.915000000000000000, 1.355252715606880500E-017, 3.475596392030657600 ) ) ;
#1812 = VERTEX_POINT ( 'NONE', #1508 ) ;
#1813 = VERTEX_POINT ( 'NONE', #826 ) ;
#1814 = AXIS2_PLACEMENT_3D ( 'NONE', #21, #339, #347 ) ;
#1815 = ORIENTED_EDGE ( 'NONE', *, *, #684, .T. ) ;
#1816 = ORIENTED_EDGE ( 'NONE', *, *, #798, .T. ) ;
#1817 = ADVANCED_FACE ( 'NONE', ( #2115 ), #2003, .T. ) ;
#1818 = EDGE_LOOP ( 'NONE', ( #1211, #1995, #1584, #140 ) ) ;
#1819 = ORIENTED_EDGE ( 'NONE', *, *, #2122, .F. ) ;
#1820 = ORIENTED_EDGE ( 'NONE', *, *, #1303, .T. ) ;
#1821 = AXIS2_PLACEMENT_3D ( 'NONE', #641, #484, #1641 ) ;
#1822 = DIRECTION ( 'NONE',  ( 0.0000000000000000000, -1.246175025577024400E-016, 1.000000000000000000 ) ) ;
#1823 = CARTESIAN_POINT ( 'NONE',  ( -1.684999999999999800, 0.5266666666666662800, 1.750000000000000000 ) ) ;
#1824 = CARTESIAN_POINT ( 'NONE',  ( 3.074848532496257600, 1.799999999999998700, 1.574848532496258000 ) ) ;
#1825 = ORIENTED_EDGE ( 'NONE', *, *, #1854, .T. ) ;
#1826 = LINE ( 'NONE', #1565, #1133 ) ;
#1827 = DIRECTION ( 'NONE',  ( 0.0000000000000000000, -1.246175025577024400E-016, 1.000000000000000000 ) ) ;
#1828 = ADVANCED_FACE ( 'NONE', ( #1699 ), #847, .T. ) ;
#1829 = AXIS2_PLACEMENT_3D ( 'NONE', #1413, #612, #117 ) ;
#1830 = EDGE_CURVE ( 'NONE', #611, #1555, #988, .T. ) ;
#1831 = LINE ( 'NONE', #1311, #1 ) ;
#1832 = VECTOR ( 'NONE', #1032, 1000.000000000000000 ) ;
#1833 = DIRECTION ( 'NONE',  ( 6.004812032227409800E-016, -0.0000000000000000000, 1.000000000000000000 ) ) ;
#1834 = LINE ( 'NONE', #503, #463 ) ;
#1835 = DIRECTION ( 'NONE',  ( 0.0000000000000000000, 0.0000000000000000000, 1.000000000000000000 ) ) ;
#1836 = LINE ( 'NONE', #142, #925 ) ;
#1837 = ADVANCED_FACE ( 'NONE', ( #1649 ), #1847, .F. ) ;
#1838 = DIRECTION ( 'NONE',  ( -0.0000000000000000000, 2.492350051154048700E-016, 1.000000000000000000 ) ) ;
#1839 = VERTEX_POINT ( 'NONE', #206 ) ;
#1840 = EDGE_LOOP ( 'NONE', ( #501, #1790, #649, #1055 ) ) ;
#1841 = CARTESIAN_POINT ( 'NONE',  ( -3.250000000000000900, 0.8066666666666662000, -1.749999999999996200 ) ) ;
#1842 = ORIENTED_EDGE ( 'NONE', *, *, #184, .F. ) ;
#1843 = EDGE_CURVE ( 'NONE', #294, #1999, #1595, .T. ) ;
#1844 = ORIENTED_EDGE ( 'NONE', *, *, #625, .F. ) ;
#1845 = PRODUCT ( 'DCY4', 'DCY4', '', ( #2097 ) ) ;
#1846 = EDGE_LOOP ( 'NONE', ( #1749, #1927, #1552, #1643 ) ) ;
#1847 = PLANE ( 'NONE',  #296 ) ;
#1848 = DIRECTION ( 'NONE',  ( -0.0000000000000000000, 0.08715574274765275400, 0.9961946980917459900 ) ) ;
#1849 = ORIENTED_EDGE ( 'NONE', *, *, #1496, .F. ) ;
#1850 = AXIS2_PLACEMENT_3D ( 'NONE', #1210, #1047, #556 ) ;
#1851 = CARTESIAN_POINT ( 'NONE',  ( 1.500000000000000000, 0.2500000000000001100, -2.750000000000000000 ) ) ;
#1852 = VECTOR ( 'NONE', #1838, 1000.000000000000000 ) ;
#1853 = VECTOR ( 'NONE', #65, 1000.000000000000000 ) ;
#1854 = EDGE_CURVE ( 'NONE', #2055, #662, #1540, .T. ) ;
#1855 = LINE ( 'NONE', #679, #109 ) ;
#1856 = CARTESIAN_POINT ( 'NONE',  ( 1.500000000000000000, 0.3184128290171061600, -3.048760811282458200 ) ) ;
#1857 = DIRECTION ( 'NONE',  ( -0.0000000000000000000, 0.0000000000000000000, 1.000000000000000000 ) ) ;
#1858 = DIRECTION ( 'NONE',  ( 0.0000000000000000000, 0.0000000000000000000, -1.000000000000000000 ) ) ;
#1859 = VECTOR ( 'NONE', #2077, 1000.000000000000000 ) ;
#1860 = ORIENTED_EDGE ( 'NONE', *, *, #1549, .T. ) ;
#1861 = ORIENTED_EDGE ( 'NONE', *, *, #199, .F. ) ;
#1862 = CARTESIAN_POINT ( 'NONE',  ( 2.915000000000000000, 0.2500000000000000000, 2.750000000000000000 ) ) ;
#1863 = ORIENTED_EDGE ( 'NONE', *, *, #1760, .F. ) ;
#1864 = CARTESIAN_POINT ( 'NONE',  ( -1.500000000000000000, 0.5949203856976524900, -2.922429022707692300 ) ) ;
#1865 = EDGE_CURVE ( 'NONE', #1214, #1445, #708, .T. ) ;
#1866 = VERTEX_POINT ( 'NONE', #353 ) ;
#1867 = PLANE ( 'NONE',  #1192 ) ;
#1868 = ORIENTED_EDGE ( 'NONE', *, *, #1253, .T. ) ;
#1869 = AXIS2_PLACEMENT_3D ( 'NONE', #781, #2116, #940 ) ;
#1870 = DIRECTION ( 'NONE',  ( -0.0000000000000000000, 0.9396926207859096500, -0.3420201433256652200 ) ) ;
#1871 = DIRECTION ( 'NONE',  ( -1.000000000000000000, -0.0000000000000000000, 6.004812032227409800E-016 ) ) ;
#1872 = CARTESIAN_POINT ( 'NONE',  ( -1.684999999999999800, 0.03947831355141694100, 3.024357203313115400 ) ) ;
#1873 = UNCERTAINTY_MEASURE_WITH_UNIT (LENGTH_MEASURE( 1.000000000000000100E-005 ), #1986, 'distance_accuracy_value', 'NONE');
#1874 = DIRECTION ( 'NONE',  ( 0.0000000000000000000, -0.08715574274765122700, 0.9961946980917461000 ) ) ;
#1875 = DIRECTION ( 'NONE',  ( -0.0000000000000000000, 0.9396926207859096500, -0.3420201433256652200 ) ) ;
#1876 = FACE_OUTER_BOUND ( 'NONE', #735, .T. ) ;
#1877 = CARTESIAN_POINT ( 'NONE',  ( -1.684999999999999800, 1.355252715606880500E-017, 3.475596392030657600 ) ) ;
#1878 = SURFACE_STYLE_FILL_AREA ( #1113 ) ;
#1879 = PRESENTATION_STYLE_ASSIGNMENT (( #1904 ) ) ;
#1880 = DIRECTION ( 'NONE',  ( 0.0000000000000000000, 0.9396926207859082100, -0.3420201433256696600 ) ) ;
#1881 = EDGE_CURVE ( 'NONE', #2015, #1214, #1933, .T. ) ;
#1882 = VECTOR ( 'NONE', #1885, 1000.000000000000000 ) ;
#1883 = DIRECTION ( 'NONE',  ( -1.000000000000000000, -0.0000000000000000000, -0.0000000000000000000 ) ) ;
#1884 = LINE ( 'NONE', #573, #1805 ) ;
#1885 = DIRECTION ( 'NONE',  ( 0.0000000000000000000, -0.9396926207859080900, 0.3420201433256696600 ) ) ;
#1886 = VECTOR ( 'NONE', #958, 1000.000000000000000 ) ;
#1887 = DIRECTION ( 'NONE',  ( -0.0000000000000000000, 1.000000000000000000, 1.246175025577024400E-016 ) ) ;
#1888 = CARTESIAN_POINT ( 'NONE',  ( -3.174767154897721900, 0.1000000000000000500, -1.674767154897717700 ) ) ;
#1889 = EDGE_LOOP ( 'NONE', ( #213, #1287, #1819, #1532 ) ) ;
#1890 = ORIENTED_EDGE ( 'NONE', *, *, #936, .T. ) ;
#1891 = CARTESIAN_POINT ( 'NONE',  ( 1.500000000000000000, 0.4991547455664655500, -2.659315088887638500 ) ) ;
#1892 = EDGE_LOOP ( 'NONE', ( #1970, #1426, #1844, #425 ) ) ;
#1893 = CARTESIAN_POINT ( 'NONE',  ( 0.6150000000000001000, 0.5266666666666662800, 1.750000000000000000 ) ) ;
#1894 = VERTEX_POINT ( 'NONE', #1010 ) ;
#1895 = CARTESIAN_POINT ( 'NONE',  ( -2.434999999999999600, 0.2789345154656889800, 3.500000000000000000 ) ) ;
#1896 = VERTEX_POINT ( 'NONE', #1824 ) ;
#1897 = CARTESIAN_POINT ( 'NONE',  ( -1.684999999999999800, 0.2500000000000000000, 2.750000000000000000 ) ) ;
#1898 = EDGE_LOOP ( 'NONE', ( #1791, #706, #779, #215, #827, #1926, #124, #1770, #337, #1266, #509, #1396 ) ) ;
#1899 = EDGE_CURVE ( 'NONE', #192, #857, #1566, .T. ) ;
#1900 = ORIENTED_EDGE ( 'NONE', *, *, #1787, .F. ) ;
#1901 = EDGE_CURVE ( 'NONE', #1342, #143, #743, .T. ) ;
#1902 = DIRECTION ( 'NONE',  ( -0.0000000000000000000, -1.000000000000000000, -0.0000000000000000000 ) ) ;
#1903 = DIRECTION ( 'NONE',  ( 0.0000000000000000000, 1.246175025577024400E-016, -1.000000000000000000 ) ) ;
#1904 = SURFACE_STYLE_USAGE ( .BOTH. , #426 ) ;
#1905 = FACE_OUTER_BOUND ( 'NONE', #72, .T. ) ;
#1906 = VECTOR ( 'NONE', #1910, 1000.000000000000000 ) ;
#1907 = CYLINDRICAL_SURFACE ( 'NONE', #1583, 0.04181271025416452600 ) ;
#1908 = FILL_AREA_STYLE ('',( #1569 ) ) ;
#1909 = FACE_OUTER_BOUND ( 'NONE', #1213, .T. ) ;
#1910 = DIRECTION ( 'NONE',  ( -1.000000000000000000, -0.0000000000000000000, -0.0000000000000000000 ) ) ;
#1911 = EDGE_CURVE ( 'NONE', #1612, #171, #298, .T. ) ;
#1912 = CARTESIAN_POINT ( 'NONE',  ( -2.434999999999999600, 0.3600664292851508700, 3.052405029100952100 ) ) ;
#1913 = CARTESIAN_POINT ( 'NONE',  ( 1.500000000000000000, 1.355252715606880500E-017, -3.475596392030657600 ) ) ;
#1914 = LINE ( 'NONE', #1877, #111 ) ;
#1915 = DIRECTION ( 'NONE',  ( 0.0000000000000000000, 0.0000000000000000000, -1.000000000000000000 ) ) ;
#1916 = FACE_OUTER_BOUND ( 'NONE', #938, .T. ) ;
#1917 = AXIS2_PLACEMENT_3D ( 'NONE', #775, #2104, #1276 ) ;
#1918 = ADVANCED_FACE ( 'NONE', ( #2125 ), #20, .F. ) ;
#1919 = EDGE_LOOP ( 'NONE', ( #195, #756, #70, #1890 ) ) ;
#1920 = ORIENTED_EDGE ( 'NONE', *, *, #1104, .T. ) ;
#1921 = DIRECTION ( 'NONE',  ( -1.000000000000000000, -0.0000000000000000000, -0.0000000000000000000 ) ) ;
#1922 = DIRECTION ( 'NONE',  ( 0.0000000000000000000, 0.0000000000000000000, -1.000000000000000000 ) ) ;
#1923 = ORIENTED_EDGE ( 'NONE', *, *, #1881, .T. ) ;
#1924 = DIRECTION ( 'NONE',  ( 0.0000000000000000000, 0.1736481776669307200, 0.9848077530122080200 ) ) ;
#1925 = CARTESIAN_POINT ( 'NONE',  ( 3.074848532496257600, 1.799999999999998700, 1.750000000000000000 ) ) ;
#1926 = ORIENTED_EDGE ( 'NONE', *, *, #1054, .F. ) ;
#1927 = ORIENTED_EDGE ( 'NONE', *, *, #909, .F. ) ;
#1928 = APPLICATION_CONTEXT ( 'automotive_design' ) ;
#1929 = ORIENTED_EDGE ( 'NONE', *, *, #2098, .T. ) ;
#1930 = AXIS2_PLACEMENT_3D ( 'NONE', #334, #1833, #1993 ) ;
#1931 = CARTESIAN_POINT ( 'NONE',  ( 1.500000000000000000, 0.4848539564125016200, -2.620023993606740200 ) ) ;
#1932 = MECHANICAL_DESIGN_GEOMETRIC_PRESENTATION_REPRESENTATION (  '', ( #1599 ), #2042 ) ;
#1933 = LINE ( 'NONE', #674, #1490 ) ;
#1934 = CARTESIAN_POINT ( 'NONE',  ( 1.500000000000000000, 0.03947831355141694100, -3.024357203313115400 ) ) ;
#1935 = CIRCLE ( 'NONE', #67, 0.04181271025416452600 ) ;
#1936 = DIRECTION ( 'NONE',  ( -2.478176394252581600E-016, -0.0000000000000000000, -1.000000000000000000 ) ) ;
#1937 = FACE_OUTER_BOUND ( 'NONE', #1181, .T. ) ;
#1938 = LINE ( 'NONE', #677, #1278 ) ;
#1939 = AXIS2_PLACEMENT_3D ( 'NONE', #1777, #607, #1915 ) ;
#1940 = EDGE_CURVE ( 'NONE', #1894, #1839, #1884, .T. ) ;
#1941 = LINE ( 'NONE', #354, #900 ) ;
#1942 = CARTESIAN_POINT ( 'NONE',  ( -1.684999999999999800, 0.8066666666666656400, 2.620023993606740200 ) ) ;
#1943 = AXIS2_PLACEMENT_3D ( 'NONE', #477, #149, #1130 ) ;
#1944 = ORIENTED_EDGE ( 'NONE', *, *, #1427, .T. ) ;
#1945 = ORIENTED_EDGE ( 'NONE', *, *, #1639, .T. ) ;
#1946 = ORIENTED_EDGE ( 'NONE', *, *, #945, .F. ) ;
#1947 = ADVANCED_FACE ( 'NONE', ( #921 ), #1702, .F. ) ;
#1948 = EDGE_LOOP ( 'NONE', ( #241, #510, #525, #1119 ) ) ;
#1949 = ORIENTED_EDGE ( 'NONE', *, *, #133, .F. ) ;
#1950 = EDGE_CURVE ( 'NONE', #1736, #978, #1985, .T. ) ;
#1951 = CARTESIAN_POINT ( 'NONE',  ( 2.915000000000000000, 0.3600664292851508700, 3.052405029100952100 ) ) ;
#1952 = DIRECTION ( 'NONE',  ( 0.0000000000000000000, -0.3420201433256681600, 0.9396926207859086500 ) ) ;
#1953 = ADVANCED_FACE ( 'NONE', ( #665 ), #2070, .F. ) ;
#1954 = VECTOR ( 'NONE', #1600, 1000.000000000000000 ) ;
#1955 = AXIS2_PLACEMENT_3D ( 'NONE', #1063, #1079, #113 ) ;
#1956 = PLANE ( 'NONE',  #1350 ) ;
#1957 = VECTOR ( 'NONE', #1232, 1000.000000000000100 ) ;
#1958 = CYLINDRICAL_SURFACE ( 'NONE', #1086, 0.04181271025416452600 ) ;
#1959 = CARTESIAN_POINT ( 'NONE',  ( -1.684999999999999800, 0.8066666666666656400, 2.620023993606740200 ) ) ;
#1960 = LINE ( 'NONE', #224, #261 ) ;
#1961 = CARTESIAN_POINT ( 'NONE',  ( 0.6150000000000001000, 0.5266666666666661700, 2.620023993606740200 ) ) ;
#1962 = CYLINDRICAL_SURFACE ( 'NONE', #1292, 0.3218127102541639700 ) ;
#1963 = CARTESIAN_POINT ( 'NONE',  ( 1.500000000000000000, 0.3184128290171061600, -3.048760811282458200 ) ) ;
#1964 = ORIENTED_EDGE ( 'NONE', *, *, #752, .F. ) ;
#1965 = AXIS2_PLACEMENT_3D ( 'NONE', #820, #1617, #2126 ) ;
#1966 = ADVANCED_FACE ( 'NONE', ( #1105 ), #74, .F. ) ;
#1967 = DIRECTION ( 'NONE',  ( 0.0000000000000000000, -1.246175025577024400E-016, 1.000000000000000000 ) ) ;
#1968 = DIRECTION ( 'NONE',  ( -0.0000000000000000000, 1.246175025577024400E-016, -1.000000000000000000 ) ) ;
#1969 = EDGE_LOOP ( 'NONE', ( #1971, #998, #1399, #603, #955, #984, #1800, #163, #1530, #1073, #1478, #702 ) ) ;
#1970 = ORIENTED_EDGE ( 'NONE', *, *, #715, .T. ) ;
#1971 = ORIENTED_EDGE ( 'NONE', *, *, #534, .T. ) ;
#1972 = DIRECTION ( 'NONE',  ( -1.000000000000000000, -0.0000000000000000000, 0.0000000000000000000 ) ) ;
#1973 = VERTEX_POINT ( 'NONE', #1524 ) ;
#1974 = ORIENTED_EDGE ( 'NONE', *, *, #472, .F. ) ;
#1975 = ORIENTED_EDGE ( 'NONE', *, *, #1294, .F. ) ;
#1976 = ORIENTED_EDGE ( 'NONE', *, *, #1549, .F. ) ;
#1977 = DIRECTION ( 'NONE',  ( 1.000000000000000000, 0.0000000000000000000, 0.0000000000000000000 ) ) ;
#1978 = ADVANCED_FACE ( 'NONE', ( #304 ), #2048, .F. ) ;
#1979 = EDGE_CURVE ( 'NONE', #1364, #1632, #1046, .T. ) ;
#1980 = CARTESIAN_POINT ( 'NONE',  ( -2.434999999999999600, 0.8066666666666662000, 1.750000000000000000 ) ) ;
#1981 = VECTOR ( 'NONE', #850, 1000.000000000000100 ) ;
#1982 = AXIS2_PLACEMENT_3D ( 'NONE', #1488, #809, #322 ) ;
#1983 = DIRECTION ( 'NONE',  ( -0.0000000000000000000, 0.08715574274765151800, -0.9961946980917461000 ) ) ;
#1984 = CARTESIAN_POINT ( 'NONE',  ( 2.915000000000000000, 0.3457656401311868800, 3.013113933820054300 ) ) ;
#1985 = LINE ( 'NONE', #723, #615 ) ;
#1986 =( LENGTH_UNIT ( ) NAMED_UNIT ( * ) SI_UNIT ( .MILLI., .METRE. ) );
#1987 = CIRCLE ( 'NONE', #738, 0.04181271025416408900 ) ;
#1988 = PLANE ( 'NONE',  #26 ) ;
#1989 = VECTOR ( 'NONE', #567, 1000.000000000000000 ) ;
#1990 = ADVANCED_FACE ( 'NONE', ( #1618 ), #1383, .F. ) ;
#1991 = ORIENTED_EDGE ( 'NONE', *, *, #608, .F. ) ;
#1992 = EDGE_CURVE ( 'NONE', #1813, #558, #1732, .T. ) ;
#1993 = DIRECTION ( 'NONE',  ( 1.000000000000000000, 0.0000000000000000000, -6.004812032227409800E-016 ) ) ;
#1994 = CARTESIAN_POINT ( 'NONE',  ( 2.165000000000000000, 0.5949203856976524900, 2.922429022707691400 ) ) ;
#1995 = ORIENTED_EDGE ( 'NONE', *, *, #2087, .F. ) ;
#1996 = AXIS2_PLACEMENT_3D ( 'NONE', #1212, #1541, #701 ) ;
#1997 = VERTEX_POINT ( 'NONE', #866 ) ;
#1998 = DIRECTION ( 'NONE',  ( 0.0000000000000000000, -0.9961946980917462100, -0.08715574274765124100 ) ) ;
#1999 = VERTEX_POINT ( 'NONE', #2057 ) ;
#2000 = VERTEX_POINT ( 'NONE', #1888 ) ;
#2001 = ADVANCED_FACE ( 'NONE', ( #1355 ), #1198, .F. ) ;
#2002 = CARTESIAN_POINT ( 'NONE',  ( 2.165000000000000000, 0.03947831355141694100, 3.024357203313115400 ) ) ;
#2003 = PLANE ( 'NONE',  #1737 ) ;
#2004 = DIRECTION ( 'NONE',  ( 2.478176394252584600E-016, 0.0000000000000000000, 1.000000000000000000 ) ) ;
#2005 = VECTOR ( 'NONE', #1518, 1000.000000000000000 ) ;
#2006 = MANIFOLD_SOLID_BREP ( 'LPattern1[2]', #780 ) ;
#2007 = EDGE_CURVE ( 'NONE', #1507, #628, #1222, .T. ) ;
#2008 = VECTOR ( 'NONE', #1463, 1000.000000000000000 ) ;
#2009 = VECTOR ( 'NONE', #584, 1000.000000000000100 ) ;
#2010 = EDGE_CURVE ( 'NONE', #499, #1894, #327, .T. ) ;
#2011 = LINE ( 'NONE', #384, #2066 ) ;
#2012 = DIRECTION ( 'NONE',  ( -1.000000000000000000, -0.0000000000000000000, -0.0000000000000000000 ) ) ;
#2013 = LINE ( 'NONE', #2002, #1465 ) ;
#2014 = LINE ( 'NONE', #69, #1520 ) ;
#2015 = VERTEX_POINT ( 'NONE', #1862 ) ;
#2016 = DIRECTION ( 'NONE',  ( -1.000000000000000000, -0.0000000000000000000, -0.0000000000000000000 ) ) ;
#2017 = ORIENTED_EDGE ( 'NONE', *, *, #1772, .F. ) ;
#2018 = DIRECTION ( 'NONE',  ( -2.478176394252584600E-016, -0.0000000000000000000, -1.000000000000000000 ) ) ;
#2019 = ORIENTED_EDGE ( 'NONE', *, *, #1950, .F. ) ;
#2020 = DIRECTION ( 'NONE',  ( 0.0000000000000000000, 0.0000000000000000000, -1.000000000000000000 ) ) ;
#2021 = ORIENTED_EDGE ( 'NONE', *, *, #302, .T. ) ;
#2022 = EDGE_CURVE ( 'NONE', #957, #1973, #568, .T. ) ;
#2023 = ORIENTED_EDGE ( 'NONE', *, *, #2135, .F. ) ;
#2024 = CARTESIAN_POINT ( 'NONE',  ( -1.684999999999999800, 0.5949203856976524900, 2.922429022707691400 ) ) ;
#2025 = EDGE_LOOP ( 'NONE', ( #805, #1559, #419, #66 ) ) ;
#2026 = CARTESIAN_POINT ( 'NONE',  ( 1.500000000000000000, 0.3457656401311869400, -3.013113933820054800 ) ) ;
#2027 = CARTESIAN_POINT ( 'NONE',  ( 2.915000000000000000, 0.8066666666666656400, 2.620023993606740200 ) ) ;
#2028 = AXIS2_PLACEMENT_3D ( 'NONE', #39, #1998, #997 ) ;
#2029 = CARTESIAN_POINT ( 'NONE',  ( -0.1349999999999997000, 0.3457656401311868800, 3.013113933820054300 ) ) ;
#2030 = DIRECTION ( 'NONE',  ( -0.0000000000000000000, 1.000000000000000000, -0.0000000000000000000 ) ) ;
#2031 = CARTESIAN_POINT ( 'NONE',  ( 3.249999999999998700, 0.5266666666666662800, -1.750000000000000000 ) ) ;
#2032 = VECTOR ( 'NONE', #2018, 1000.000000000000000 ) ;
#2033 = CYLINDRICAL_SURFACE ( 'NONE', #1869, 0.04181271025416408900 ) ;
#2034 = VECTOR ( 'NONE', #1871, 1000.000000000000000 ) ;
#2035 = DIRECTION ( 'NONE',  ( 0.0000000000000000000, -0.9396926207859080900, 0.3420201433256696600 ) ) ;
#2036 = AXIS2_PLACEMENT_3D ( 'NONE', #387, #543, #1171 ) ;
#2037 = VECTOR ( 'NONE', #1227, 1000.000000000000000 ) ;
#2038 = CARTESIAN_POINT ( 'NONE',  ( -3.250000000000000000, 0.5266666666666662800, 1.750000000000000000 ) ) ;
#2039 = LINE ( 'NONE', #208, #1989 ) ;
#2040 = CARTESIAN_POINT ( 'NONE',  ( 0.6150000000000001000, 0.5949203856976524900, 2.922429022707691400 ) ) ;
#2041 = DIRECTION ( 'NONE',  ( -1.000000000000000000, -0.0000000000000000000, -0.0000000000000000000 ) ) ;
#2042 =( GEOMETRIC_REPRESENTATION_CONTEXT ( 3 ) GLOBAL_UNCERTAINTY_ASSIGNED_CONTEXT ( ( #1092 ) ) GLOBAL_UNIT_ASSIGNED_CONTEXT ( ( #596, #928, #1743 ) ) REPRESENTATION_CONTEXT ( 'NONE', 'WORKASPACE' ) );
#2043 = LINE ( 'NONE', #172, #1731 ) ;
#2044 = ORIENTED_EDGE ( 'NONE', *, *, #1264, .F. ) ;
#2045 = CARTESIAN_POINT ( 'NONE',  ( 0.6150000000000001000, 0.4991547455664656600, 2.659315088887638500 ) ) ;
#2046 = ORIENTED_EDGE ( 'NONE', *, *, #1235, .T. ) ;
#2047 = ORIENTED_EDGE ( 'NONE', *, *, #1112, .T. ) ;
#2048 = PLANE ( 'NONE',  #1850 ) ;
#2049 = CARTESIAN_POINT ( 'NONE',  ( -1.684999999999999800, 0.4991547455664656600, 2.659315088887638500 ) ) ;
#2050 = ORIENTED_EDGE ( 'NONE', *, *, #1377, .T. ) ;
#2051 = DIRECTION ( 'NONE',  ( 0.0000000000000000000, -0.08715574274765122700, 0.9961946980917461000 ) ) ;
#2052 = AXIS2_PLACEMENT_3D ( 'NONE', #1754, #599, #1421 ) ;
#2053 = ORIENTED_EDGE ( 'NONE', *, *, #2122, .T. ) ;
#2054 = ORIENTED_EDGE ( 'NONE', *, *, #1607, .F. ) ;
#2055 = VERTEX_POINT ( 'NONE', #749 ) ;
#2056 = AXIS2_PLACEMENT_3D ( 'NONE', #168, #1796, #2137 ) ;
#2057 = CARTESIAN_POINT ( 'NONE',  ( 2.165000000000000000, 0.2789345154656889800, 3.500000000000000000 ) ) ;
#2058 = CARTESIAN_POINT ( 'NONE',  ( -2.434999999999999600, 0.3184128290171057100, 3.048760811282458200 ) ) ;
#2059 = DIRECTION ( 'NONE',  ( 0.0000000000000000000, 0.0000000000000000000, -1.000000000000000000 ) ) ;
#2060 = VECTOR ( 'NONE', #1648, 1000.000000000000000 ) ;
#2061 = COLOUR_RGB ( '',0.7921568627450980000, 0.8196078431372548800, 0.9333333333333333500 ) ;
#2062 = CARTESIAN_POINT ( 'NONE',  ( -0.1349999999999997000, 0.4991547455664655500, 2.659315088887638500 ) ) ;
#2063 = LINE ( 'NONE', #915, #1906 ) ;
#2064 = CARTESIAN_POINT ( 'NONE',  ( -2.434999999999999600, 0.03947831355141694100, 3.024357203313115400 ) ) ;
#2065 = EDGE_CURVE ( 'NONE', #1146, #1587, #1725, .T. ) ;
#2066 = VECTOR ( 'NONE', #367, 1000.000000000000000 ) ;
#2067 = DIRECTION ( 'NONE',  ( -1.000000000000000000, -0.0000000000000000000, -0.0000000000000000000 ) ) ;
#2068 = FACE_OUTER_BOUND ( 'NONE', #286, .T. ) ;
#2069 = CARTESIAN_POINT ( 'NONE',  ( -1.684999999999999800, 0.4848539564125016200, 2.620023993606740200 ) ) ;
#2070 = CYLINDRICAL_SURFACE ( 'NONE', #1120, 0.04181271025416452600 ) ;
#2071 = CARTESIAN_POINT ( 'NONE',  ( -1.500000000000000000, 0.5949203856976524900, -2.922429022707692300 ) ) ;
#2072 =( NAMED_UNIT ( * ) PLANE_ANGLE_UNIT ( ) SI_UNIT ( $, .RADIAN. ) );
#2073 = VECTOR ( 'NONE', #1436, 1000.000000000000000 ) ;
#2074 = AXIS2_PLACEMENT_3D ( 'NONE', #1139, #154, #819 ) ;
#2075 = DIRECTION ( 'NONE',  ( -1.000000000000000000, -0.0000000000000000000, -0.0000000000000000000 ) ) ;
#2076 = ORIENTED_EDGE ( 'NONE', *, *, #76, .F. ) ;
#2077 = DIRECTION ( 'NONE',  ( -1.000000000000000000, -0.0000000000000000000, -0.0000000000000000000 ) ) ;
#2078 = ORIENTED_EDGE ( 'NONE', *, *, #1718, .F. ) ;
#2079 = VERTEX_POINT ( 'NONE', #410 ) ;
#2080 = ORIENTED_EDGE ( 'NONE', *, *, #1158, .T. ) ;
#2081 = DIRECTION ( 'NONE',  ( 0.0000000000000000000, 0.0000000000000000000, -1.000000000000000000 ) ) ;
#2082 = VERTEX_POINT ( 'NONE', #248 ) ;
#2083 = FILL_AREA_STYLE ('',( #1242 ) ) ;
#2084 = ORIENTED_EDGE ( 'NONE', *, *, #1799, .T. ) ;
#2085 = DIRECTION ( 'NONE',  ( 0.0000000000000000000, 0.08715574274765176800, -0.9961946980917461000 ) ) ;
#2086 = DIRECTION ( 'NONE',  ( 0.0000000000000000000, 0.0000000000000000000, -1.000000000000000000 ) ) ;
#2087 = EDGE_CURVE ( 'NONE', #90, #808, #745, .T. ) ;
#2088 = DIRECTION ( 'NONE',  ( -1.000000000000000000, -0.0000000000000000000, -0.0000000000000000000 ) ) ;
#2089 = EDGE_CURVE ( 'NONE', #2082, #952, #668, .T. ) ;
#2090 = EDGE_LOOP ( 'NONE', ( #1690, #698, #454, #1261 ) ) ;
#2091 = CARTESIAN_POINT ( 'NONE',  ( -0.1349999999999997000, 0.8066666666666656400, 2.620023993606740200 ) ) ;
#2092 = DIRECTION ( 'NONE',  ( 0.0000000000000000000, 0.9961946980917461000, -0.08715574274765151800 ) ) ;
#2093 = DIRECTION ( 'NONE',  ( 0.0000000000000000000, 0.0000000000000000000, 1.000000000000000000 ) ) ;
#2094 = VECTOR ( 'NONE', #252, 1000.000000000000200 ) ;
#2095 = DIRECTION ( 'NONE',  ( 0.0000000000000000000, -0.9961946980917461000, -0.08715574274765178200 ) ) ;
#2096 = VECTOR ( 'NONE', #1410, 1000.000000000000000 ) ;
#2097 = PRODUCT_CONTEXT ( 'NONE', #1928, 'mechanical' ) ;
#2098 = EDGE_CURVE ( 'NONE', #628, #1342, #2063, .T. ) ;
#2099 = SURFACE_STYLE_FILL_AREA ( #550 ) ;
#2100 = CARTESIAN_POINT ( 'NONE',  ( -1.684999999999999800, 0.03947831355141694100, 3.024357203313115400 ) ) ;
#2101 = LINE ( 'NONE', #1204, #285 ) ;
#2102 = AXIS2_PLACEMENT_3D ( 'NONE', #1012, #839, #999 ) ;
#2103 = ORIENTED_EDGE ( 'NONE', *, *, #1189, .T. ) ;
#2104 = DIRECTION ( 'NONE',  ( 0.0000000000000000000, -0.3420201433256696600, -0.9396926207859080900 ) ) ;
#2105 = ORIENTED_EDGE ( 'NONE', *, *, #576, .F. ) ;
#2106 = ORIENTED_EDGE ( 'NONE', *, *, #787, .T. ) ;
#2107 = UNCERTAINTY_MEASURE_WITH_UNIT (LENGTH_MEASURE( 1.000000000000000100E-005 ), #1576, 'distance_accuracy_value', 'NONE');
#2108 = ORIENTED_EDGE ( 'NONE', *, *, #2010, .T. ) ;
#2109 = VERTEX_POINT ( 'NONE', #1589 ) ;
#2110 = ORIENTED_EDGE ( 'NONE', *, *, #1220, .F. ) ;
#2111 = EDGE_CURVE ( 'NONE', #427, #1214, #300, .T. ) ;
#2112 = DIRECTION ( 'NONE',  ( 0.0000000000000000000, -0.08715574274765154600, -0.9961946980917461000 ) ) ;
#2113 = AXIS2_PLACEMENT_3D ( 'NONE', #794, #1924, #1219 ) ;
#2114 = AXIS2_PLACEMENT_3D ( 'NONE', #1117, #1952, #1450 ) ;
#2115 = FACE_OUTER_BOUND ( 'NONE', #1840, .T. ) ;
#2116 = DIRECTION ( 'NONE',  ( -1.000000000000000000, -0.0000000000000000000, -0.0000000000000000000 ) ) ;
#2117 = SURFACE_STYLE_FILL_AREA ( #1908 ) ;
#2118 = VECTOR ( 'NONE', #754, 1000.000000000000100 ) ;
#2119 = CYLINDRICAL_SURFACE ( 'NONE', #884, 0.3218127102541644100 ) ;
#2120 = DIRECTION ( 'NONE',  ( 0.0000000000000000000, 0.0000000000000000000, -1.000000000000000000 ) ) ;
#2121 = SURFACE_STYLE_FILL_AREA ( #1486 ) ;
#2122 = EDGE_CURVE ( 'NONE', #171, #1006, #1090, .T. ) ;
#2123 = EDGE_CURVE ( 'NONE', #929, #422, #255, .T. ) ;
#2124 = CARTESIAN_POINT ( 'NONE',  ( 0.6150000000000001000, 0.4991547455664655500, 2.659315088887638500 ) ) ;
#2125 = FACE_OUTER_BOUND ( 'NONE', #1713, .T. ) ;
#2126 = DIRECTION ( 'NONE',  ( 0.0000000000000000000, -0.9848077530122080200, -0.1736481776669307200 ) ) ;
#2127 = ORIENTED_EDGE ( 'NONE', *, *, #146, .T. ) ;
#2128 = VERTEX_POINT ( 'NONE', #1895 ) ;
#2129 = EDGE_LOOP ( 'NONE', ( #98, #1604, #249, #369 ) ) ;
#2130 = VERTEX_POINT ( 'NONE', #1408 ) ;
#2131 = DIRECTION ( 'NONE',  ( 0.0000000000000000000, 0.0000000000000000000, -1.000000000000000000 ) ) ;
#2132 = EDGE_LOOP ( 'NONE', ( #761, #758, #19, #216 ) ) ;
#2133 = ORIENTED_EDGE ( 'NONE', *, *, #1843, .T. ) ;
#2134 = ADVANCED_FACE ( 'NONE', ( #710 ), #1728, .F. ) ;
#2135 = EDGE_CURVE ( 'NONE', #2079, #783, #1062, .T. ) ;
#2136 = CARTESIAN_POINT ( 'NONE',  ( -2.434999999999999600, 0.8066666666666662000, 1.750000000000000000 ) ) ;
#2137 = DIRECTION ( 'NONE',  ( 0.0000000000000000000, 0.9961946980917461000, 0.08715574274765176800 ) ) ;
#2138 = AXIS2_PLACEMENT_3D ( 'NONE', #1313, #507, #1660 ) ;
#2139 = CARTESIAN_POINT ( 'NONE',  ( 2.915000000000000000, 0.3600664292851508700, 3.052405029100952100 ) ) ;
#2140 = LINE ( 'NONE', #537, #2032 ) ;
#2141 = CARTESIAN_POINT ( 'NONE',  ( 1.500000000000000000, 0.4848539564125016200, -2.620023993606740200 ) ) ;
#2142 = AXIS2_PLACEMENT_3D ( 'NONE', #1425, #1570, #1922 ) ;
ENDSEC;
END-ISO-10303-21;
