ISO-10303-21;
HEADER;
/* Generated by software containing ST-Developer
 * from STEP Tools, Inc. (www.steptools.com) 
 */
/* OPTION: strings as raw bytes, not using required /X/ escapes */

FILE_DESCRIPTION(
/* description */ ('Unknown'),
/* implementation_level */ '2;1');

FILE_NAME(
/* name */ '7443550xxx',
/* time_stamp */ '2024-05-13T15:44:26+02:00',
/* author */ ('Unknown'),
/* organization */ ('Unknown'),
/* preprocessor_version */ 'ST-DEVELOPER v16.7',
/* originating_system */ 'Solid Edge',
/* authorisation */ 'Unknown');

FILE_SCHEMA (('AUTOMOTIVE_DESIGN {1 0 10303 214 3 1 1}'));
ENDSEC;

DATA;
#10=PROPERTY_DEFINITION_REPRESENTATION(#14,#12);
#11=PROPERTY_DEFINITION_REPRESENTATION(#15,#13);
#12=REPRESENTATION('',(#16),#6221);
#13=REPRESENTATION('',(#17),#6221);
#14=PROPERTY_DEFINITION('pmi validation property','',#6230);
#15=PROPERTY_DEFINITION('pmi validation property','',#6230);
#16=VALUE_REPRESENTATION_ITEM('number of annotations',COUNT_MEASURE(0.));
#17=VALUE_REPRESENTATION_ITEM('number of views',COUNT_MEASURE(0.));
#18=DRAUGHTING_PRE_DEFINED_COLOUR('white');
#19=CONTEXT_DEPENDENT_SHAPE_REPRESENTATION(#23,#6232);
#20=CONTEXT_DEPENDENT_SHAPE_REPRESENTATION(#24,#6234);
#21=NEXT_ASSEMBLY_USAGE_OCCURRENCE('Boden','Boden','Boden',#6235,#6236,
'');
#22=NEXT_ASSEMBLY_USAGE_OCCURRENCE('Deckel','Deckel','Deckel',#6235,#6237,
'');
#23=(
REPRESENTATION_RELATIONSHIP(' ',' ',#3701,#3702)
REPRESENTATION_RELATIONSHIP_WITH_TRANSFORMATION(#25)
SHAPE_REPRESENTATION_RELATIONSHIP()
);
#24=(
REPRESENTATION_RELATIONSHIP(' ',' ',#3703,#3702)
REPRESENTATION_RELATIONSHIP_WITH_TRANSFORMATION(#26)
SHAPE_REPRESENTATION_RELATIONSHIP()
);
#25=ITEM_DEFINED_TRANSFORMATION(' ',' ',#3704,#3825);
#26=ITEM_DEFINED_TRANSFORMATION(' ',' ',#3704,#3923);
#27=SPHERICAL_SURFACE('',#3796,0.5);
#28=SPHERICAL_SURFACE('',#3802,0.5);
#29=SPHERICAL_SURFACE('',#3809,0.5);
#30=SPHERICAL_SURFACE('',#3815,0.5);
#31=SPHERICAL_SURFACE('',#3874,0.5);
#32=SPHERICAL_SURFACE('',#3885,0.5);
#33=SPHERICAL_SURFACE('',#3887,0.5);
#34=SPHERICAL_SURFACE('',#3893,0.5);
#35=SHAPE_REPRESENTATION_RELATIONSHIP('','',#3701,#37);
#36=SHAPE_REPRESENTATION_RELATIONSHIP('','',#3703,#38);
#37=ADVANCED_BREP_SHAPE_REPRESENTATION('',(#3695,#3696),#6222);
#38=ADVANCED_BREP_SHAPE_REPRESENTATION('',(#3697),#6223);
#39=CIRCLE('',#3710,0.019999999999999);
#40=CIRCLE('',#3711,0.019999999999999);
#41=CIRCLE('',#3713,2.52);
#42=CIRCLE('',#3715,2.52);
#43=CIRCLE('',#3718,0.0200000000001349);
#44=CIRCLE('',#3719,0.0200000000001349);
#45=CIRCLE('',#3721,2.52000000000014);
#46=CIRCLE('',#3723,2.52000000000014);
#47=CIRCLE('',#3725,0.324999999999998);
#48=CIRCLE('',#3726,0.325000000000001);
#49=CIRCLE('',#3727,0.0750000000000011);
#50=CIRCLE('',#3728,0.0749999999999976);
#51=CIRCLE('',#3730,0.26);
#52=CIRCLE('',#3731,0.00999999999999959);
#53=CIRCLE('',#3733,0.00999999999999959);
#54=CIRCLE('',#3734,0.26);
#55=CIRCLE('',#3738,0.259000000000004);
#56=CIRCLE('',#3739,0.259000000000004);
#57=CIRCLE('',#3741,0.0110000000000067);
#58=CIRCLE('',#3742,0.0110000000000067);
#59=CIRCLE('',#3746,0.259000000000004);
#60=CIRCLE('',#3747,0.259000000000004);
#61=CIRCLE('',#3749,0.0110000000000067);
#62=CIRCLE('',#3750,0.0110000000000067);
#63=CIRCLE('',#3761,2.6);
#64=CIRCLE('',#3762,0.5);
#65=CIRCLE('',#3763,0.5);
#66=CIRCLE('',#3764,0.5);
#67=CIRCLE('',#3765,0.5);
#68=CIRCLE('',#3772,0.5);
#69=CIRCLE('',#3773,0.1);
#70=CIRCLE('',#3774,0.1);
#71=CIRCLE('',#3777,0.5);
#72=CIRCLE('',#3778,0.1);
#73=CIRCLE('',#3779,0.1);
#74=CIRCLE('',#3781,0.5);
#75=CIRCLE('',#3782,0.1);
#76=CIRCLE('',#3783,0.1);
#77=CIRCLE('',#3786,0.5);
#78=CIRCLE('',#3787,0.1);
#79=CIRCLE('',#3788,0.1);
#80=CIRCLE('',#3793,0.5);
#81=CIRCLE('',#3795,0.5);
#82=CIRCLE('',#3797,0.5);
#83=CIRCLE('',#3799,0.5);
#84=CIRCLE('',#3801,0.5);
#85=CIRCLE('',#3803,0.5);
#86=CIRCLE('',#3806,0.5);
#87=CIRCLE('',#3808,0.5);
#88=CIRCLE('',#3810,0.5);
#89=CIRCLE('',#3812,0.5);
#90=CIRCLE('',#3814,0.5);
#91=CIRCLE('',#3816,0.5);
#92=CIRCLE('',#3823,2.6);
#93=CIRCLE('',#3828,0.5);
#94=CIRCLE('',#3829,0.5);
#95=CIRCLE('',#3830,5.1);
#96=CIRCLE('',#3836,0.5);
#97=CIRCLE('',#3837,5.1);
#98=CIRCLE('',#3838,0.5);
#99=CIRCLE('',#3842,5.1);
#100=CIRCLE('',#3846,5.1);
#101=CIRCLE('',#3873,0.5);
#102=CIRCLE('',#3875,0.5);
#103=CIRCLE('',#3876,0.5);
#104=CIRCLE('',#3878,0.5);
#105=CIRCLE('',#3880,0.5);
#106=CIRCLE('',#3882,0.5);
#107=CIRCLE('',#3884,0.5);
#108=CIRCLE('',#3886,0.5);
#109=CIRCLE('',#3888,0.5);
#110=CIRCLE('',#3890,0.5);
#111=CIRCLE('',#3892,0.5);
#112=CIRCLE('',#3894,0.5);
#113=B_SPLINE_SURFACE_WITH_KNOTS('',3,3,((#5028,#5029,#5030,#5031),(#5032,
#5033,#5034,#5035),(#5036,#5037,#5038,#5039),(#5040,#5041,#5042,#5043)),
 .PLANE_SURF.,.F.,.F.,.F.,(4,4),(4,4),(0.,1.),(0.610742924336364,1.),
 .PIECEWISE_BEZIER_KNOTS.);
#114=B_SPLINE_SURFACE_WITH_KNOTS('',3,3,((#5061,#5062,#5063,#5064),(#5065,
#5066,#5067,#5068),(#5069,#5070,#5071,#5072),(#5073,#5074,#5075,#5076)),
 .PLANE_SURF.,.F.,.F.,.F.,(4,4),(4,4),(0.,1.),(0.610742924336364,1.),
 .PIECEWISE_BEZIER_KNOTS.);
#115=B_SPLINE_SURFACE_WITH_KNOTS('',3,3,((#5115,#5116,#5117,#5118),(#5119,
#5120,#5121,#5122),(#5123,#5124,#5125,#5126),(#5127,#5128,#5129,#5130)),
 .PLANE_SURF.,.F.,.F.,.F.,(4,4),(4,4),(0.,1.),(0.534205781678005,1.),
 .PIECEWISE_BEZIER_KNOTS.);
#116=B_SPLINE_SURFACE_WITH_KNOTS('',3,3,((#5145,#5146,#5147,#5148),(#5149,
#5150,#5151,#5152),(#5153,#5154,#5155,#5156),(#5157,#5158,#5159,#5160)),
 .PLANE_SURF.,.F.,.F.,.F.,(4,4),(4,4),(0.,1.),(0.534205781678005,1.),
 .PIECEWISE_BEZIER_KNOTS.);
#117=B_SPLINE_SURFACE_WITH_KNOTS('',3,3,((#5175,#5176,#5177,#5178,#5179,
#5180),(#5181,#5182,#5183,#5184,#5185,#5186),(#5187,#5188,#5189,#5190,#5191,
#5192),(#5193,#5194,#5195,#5196,#5197,#5198)),
 .SURF_OF_LINEAR_EXTRUSION.,.F.,.F.,.F.,(4,4),(4,2,4),(0.,1.),(0.423321918471978,
0.478763850074991,0.534205781678005),.UNSPECIFIED.);
#118=B_SPLINE_SURFACE_WITH_KNOTS('',3,3,((#5207,#5208,#5209,#5210,#5211,
#5212),(#5213,#5214,#5215,#5216,#5217,#5218),(#5219,#5220,#5221,#5222,#5223,
#5224),(#5225,#5226,#5227,#5228,#5229,#5230)),
 .SURF_OF_LINEAR_EXTRUSION.,.F.,.F.,.F.,(4,4),(4,2,4),(0.,1.),(0.423321918471978,
0.478763850074991,0.534205781678005),.UNSPECIFIED.);
#119=B_SPLINE_SURFACE_WITH_KNOTS('',3,3,((#5255,#5256,#5257,#5258),(#5259,
#5260,#5261,#5262),(#5263,#5264,#5265,#5266),(#5267,#5268,#5269,#5270)),
 .PLANE_SURF.,.F.,.F.,.F.,(4,4),(4,4),(0.,1.),(0.,0.423321918471978),
 .PIECEWISE_BEZIER_KNOTS.);
#120=B_SPLINE_SURFACE_WITH_KNOTS('',3,3,((#5287,#5288,#5289,#5290),(#5291,
#5292,#5293,#5294),(#5295,#5296,#5297,#5298),(#5299,#5300,#5301,#5302)),
 .PLANE_SURF.,.F.,.F.,.F.,(4,4),(4,4),(0.,1.),(0.,0.423321918471978),
 .PIECEWISE_BEZIER_KNOTS.);
#121=B_SPLINE_SURFACE_WITH_KNOTS('',3,1,((#5368,#5369),(#5370,#5371),(#5372,
#5373),(#5374,#5375)),.SURF_OF_LINEAR_EXTRUSION.,.F.,.F.,.F.,(4,4),(2,2),
(0.,1.),(0.,1.),.PIECEWISE_BEZIER_KNOTS.);
#122=B_SPLINE_SURFACE_WITH_KNOTS('',3,1,((#5384,#5385),(#5386,#5387),(#5388,
#5389),(#5390,#5391)),.SURF_OF_LINEAR_EXTRUSION.,.F.,.F.,.F.,(4,4),(2,2),
(0.,1.),(0.,1.),.PIECEWISE_BEZIER_KNOTS.);
#123=B_SPLINE_SURFACE_WITH_KNOTS('',3,1,((#5440,#5441),(#5442,#5443),(#5444,
#5445),(#5446,#5447)),.SURF_OF_LINEAR_EXTRUSION.,.F.,.F.,.F.,(4,4),(2,2),
(0.,1.),(0.,1.),.PIECEWISE_BEZIER_KNOTS.);
#124=B_SPLINE_SURFACE_WITH_KNOTS('',3,1,((#5448,#5449),(#5450,#5451),(#5452,
#5453),(#5454,#5455)),.SURF_OF_LINEAR_EXTRUSION.,.F.,.F.,.F.,(4,4),(2,2),
(0.,1.),(0.,1.),.PIECEWISE_BEZIER_KNOTS.);
#125=B_SPLINE_SURFACE_WITH_KNOTS('',3,1,((#5875,#5876),(#5877,#5878),(#5879,
#5880),(#5881,#5882),(#5883,#5884),(#5885,#5886),(#5887,#5888),(#5889,#5890)),
 .SURF_OF_LINEAR_EXTRUSION.,.F.,.F.,.F.,(4,1,1,1,1,4),(2,2),(0.55034699697379,
0.662760247730343,0.718966873108619,0.775173498486895,0.887586749243448,
1.),(0.,1.),.UNSPECIFIED.);
#126=B_SPLINE_SURFACE_WITH_KNOTS('',3,1,((#5907,#5908),(#5909,#5910),(#5911,
#5912),(#5913,#5914)),.SURF_OF_LINEAR_EXTRUSION.,.F.,.F.,.F.,(4,4),(2,2),
(0.,0.0886450742546105),(0.,1.),.PIECEWISE_BEZIER_KNOTS.);
#127=B_SPLINE_SURFACE_WITH_KNOTS('',3,1,((#5935,#5936),(#5937,#5938),(#5939,
#5940),(#5941,#5942),(#5943,#5944),(#5945,#5946),(#5947,#5948),(#5949,#5950),
(#5951,#5952),(#5953,#5954),(#5955,#5956),(#5957,#5958)),
 .SURF_OF_LINEAR_EXTRUSION.,.F.,.F.,.F.,(4,1,1,1,1,1,1,1,1,4),(2,2),(0.,
0.0907895676930943,0.181579135386189,0.272368703079283,0.363158270772377,
0.453947838465471,0.544737406158565,0.590132190005113,0.63552697385166,
0.726316541544754),(0.,1.),.UNSPECIFIED.);
#128=PLANE('',#3707);
#129=PLANE('',#3708);
#130=PLANE('',#3712);
#131=PLANE('',#3716);
#132=PLANE('',#3720);
#133=PLANE('',#3724);
#134=PLANE('',#3729);
#135=PLANE('',#3732);
#136=PLANE('',#3735);
#137=PLANE('',#3736);
#138=PLANE('',#3743);
#139=PLANE('',#3744);
#140=PLANE('',#3751);
#141=PLANE('',#3752);
#142=PLANE('',#3753);
#143=PLANE('',#3754);
#144=PLANE('',#3755);
#145=PLANE('',#3756);
#146=PLANE('',#3757);
#147=PLANE('',#3758);
#148=PLANE('',#3759);
#149=PLANE('',#3760);
#150=PLANE('',#3766);
#151=PLANE('',#3767);
#152=PLANE('',#3768);
#153=PLANE('',#3769);
#154=PLANE('',#3770);
#155=PLANE('',#3771);
#156=PLANE('',#3775);
#157=PLANE('',#3776);
#158=PLANE('',#3780);
#159=PLANE('',#3784);
#160=PLANE('',#3785);
#161=PLANE('',#3789);
#162=PLANE('',#3790);
#163=PLANE('',#3791);
#164=PLANE('',#3824);
#165=PLANE('',#3826);
#166=PLANE('',#3827);
#167=PLANE('',#3831);
#168=PLANE('',#3832);
#169=PLANE('',#3833);
#170=PLANE('',#3834);
#171=PLANE('',#3835);
#172=PLANE('',#3839);
#173=PLANE('',#3840);
#174=PLANE('',#3843);
#175=PLANE('',#3844);
#176=PLANE('',#3847);
#177=PLANE('',#3848);
#178=PLANE('',#3849);
#179=PLANE('',#3850);
#180=PLANE('',#3851);
#181=PLANE('',#3852);
#182=PLANE('',#3853);
#183=PLANE('',#3854);
#184=PLANE('',#3855);
#185=PLANE('',#3856);
#186=PLANE('',#3857);
#187=PLANE('',#3858);
#188=PLANE('',#3859);
#189=PLANE('',#3860);
#190=PLANE('',#3861);
#191=PLANE('',#3862);
#192=PLANE('',#3863);
#193=PLANE('',#3864);
#194=PLANE('',#3865);
#195=PLANE('',#3866);
#196=PLANE('',#3867);
#197=PLANE('',#3868);
#198=PLANE('',#3869);
#199=PLANE('',#3870);
#200=PLANE('',#3871);
#201=PLANE('',#3896);
#202=PLANE('',#3897);
#203=PLANE('',#3898);
#204=PLANE('',#3899);
#205=PLANE('',#3900);
#206=PLANE('',#3901);
#207=PLANE('',#3902);
#208=PLANE('',#3903);
#209=PLANE('',#3904);
#210=PLANE('',#3905);
#211=PLANE('',#3906);
#212=PLANE('',#3907);
#213=PLANE('',#3908);
#214=PLANE('',#3909);
#215=PLANE('',#3910);
#216=PLANE('',#3911);
#217=PLANE('',#3912);
#218=PLANE('',#3913);
#219=PLANE('',#3914);
#220=PLANE('',#3915);
#221=PLANE('',#3916);
#222=PLANE('',#3917);
#223=PLANE('',#3918);
#224=PLANE('',#3919);
#225=PLANE('',#3920);
#226=PLANE('',#3921);
#227=PLANE('',#3922);
#228=B_SPLINE_CURVE_WITH_KNOTS('',3,(#4917,#4918,#4919,#4920),
 .UNSPECIFIED.,.F.,.F.,(4,4),(0.,1.),.UNSPECIFIED.);
#229=B_SPLINE_CURVE_WITH_KNOTS('',3,(#4921,#4922,#4923,#4924),
 .UNSPECIFIED.,.F.,.F.,(4,4),(0.,1.),.UNSPECIFIED.);
#230=B_SPLINE_CURVE_WITH_KNOTS('',3,(#5011,#5012,#5013,#5014),
 .UNSPECIFIED.,.F.,.F.,(4,4),(0.,1.),.UNSPECIFIED.);
#231=B_SPLINE_CURVE_WITH_KNOTS('',3,(#5015,#5016,#5017,#5018),
 .UNSPECIFIED.,.F.,.F.,(4,4),(0.,1.),.UNSPECIFIED.);
#232=B_SPLINE_CURVE_WITH_KNOTS('',3,(#5044,#5045,#5046,#5047),
 .UNSPECIFIED.,.F.,.F.,(4,4),(0.,1.),.UNSPECIFIED.);
#233=B_SPLINE_CURVE_WITH_KNOTS('',3,(#5051,#5052,#5053,#5054),
 .UNSPECIFIED.,.F.,.F.,(4,4),(0.000276913444443531,0.999774085899711),
 .UNSPECIFIED.);
#234=B_SPLINE_CURVE_WITH_KNOTS('',3,(#5077,#5078,#5079,#5080),
 .UNSPECIFIED.,.F.,.F.,(4,4),(0.,1.),.UNSPECIFIED.);
#235=B_SPLINE_CURVE_WITH_KNOTS('',3,(#5081,#5082,#5083,#5084),
 .UNSPECIFIED.,.F.,.F.,(4,4),(0.000200000000001241,0.9998),
 .UNSPECIFIED.);
#236=B_SPLINE_CURVE_WITH_KNOTS('',3,(#5100,#5101,#5102,#5103),
 .UNSPECIFIED.,.F.,.F.,(4,4),(0.,1.),.UNSPECIFIED.);
#237=B_SPLINE_CURVE_WITH_KNOTS('',3,(#5111,#5112,#5113,#5114),
 .UNSPECIFIED.,.F.,.F.,(4,4),(0.,1.),.UNSPECIFIED.);
#238=B_SPLINE_CURVE_WITH_KNOTS('',3,(#5134,#5135,#5136,#5137),
 .UNSPECIFIED.,.F.,.F.,(4,4),(0.,1.),.UNSPECIFIED.);
#239=B_SPLINE_CURVE_WITH_KNOTS('',3,(#5141,#5142,#5143,#5144),
 .UNSPECIFIED.,.F.,.F.,(4,4),(0.,1.),.UNSPECIFIED.);
#240=B_SPLINE_CURVE_WITH_KNOTS('',3,(#5164,#5165,#5166,#5167),
 .UNSPECIFIED.,.F.,.F.,(4,4),(0.,1.),.UNSPECIFIED.);
#241=B_SPLINE_CURVE_WITH_KNOTS('',3,(#5171,#5172,#5173,#5174),
 .UNSPECIFIED.,.F.,.F.,(4,4),(0.,1.),.UNSPECIFIED.);
#242=B_SPLINE_CURVE_WITH_KNOTS('',3,(#5201,#5202,#5203,#5204),
 .UNSPECIFIED.,.F.,.F.,(4,4),(0.,1.),.UNSPECIFIED.);
#243=B_SPLINE_CURVE_WITH_KNOTS('',3,(#5233,#5234,#5235,#5236),
 .UNSPECIFIED.,.F.,.F.,(4,4),(0.,1.),.UNSPECIFIED.);
#244=B_SPLINE_CURVE_WITH_KNOTS('',3,(#5376,#5377,#5378,#5379),
 .UNSPECIFIED.,.F.,.F.,(4,4),(0.,1.),.UNSPECIFIED.);
#245=B_SPLINE_CURVE_WITH_KNOTS('',3,(#5380,#5381,#5382,#5383),
 .UNSPECIFIED.,.F.,.F.,(4,4),(0.,1.),.UNSPECIFIED.);
#246=B_SPLINE_CURVE_WITH_KNOTS('',3,(#5392,#5393,#5394,#5395),
 .UNSPECIFIED.,.F.,.F.,(4,4),(0.,1.),.UNSPECIFIED.);
#247=B_SPLINE_CURVE_WITH_KNOTS('',3,(#5396,#5397,#5398,#5399),
 .UNSPECIFIED.,.F.,.F.,(4,4),(0.,1.),.UNSPECIFIED.);
#248=B_SPLINE_CURVE_WITH_KNOTS('',3,(#5416,#5417,#5418,#5419),
 .UNSPECIFIED.,.F.,.F.,(4,4),(0.,1.),.UNSPECIFIED.);
#249=B_SPLINE_CURVE_WITH_KNOTS('',3,(#5436,#5437,#5438,#5439),
 .UNSPECIFIED.,.F.,.F.,(4,4),(0.,1.),.UNSPECIFIED.);
#250=B_SPLINE_CURVE_WITH_KNOTS('',1,(#5679,#5680),.UNSPECIFIED.,.F.,.F.,
(2,2),(0.500294381278174,0.963880468604993),.UNSPECIFIED.);
#251=B_SPLINE_CURVE_WITH_KNOTS('',1,(#5683,#5684),.UNSPECIFIED.,.F.,.F.,
(2,2),(0.963880468604993,1.),.UNSPECIFIED.);
#252=B_SPLINE_CURVE_WITH_KNOTS('',1,(#5686,#5687),.UNSPECIFIED.,.F.,.F.,
(2,2),(0.,0.464243592772219),.UNSPECIFIED.);
#253=B_SPLINE_CURVE_WITH_KNOTS('',1,(#5689,#5690),.UNSPECIFIED.,.F.,.F.,
(2,2),(0.464243592772219,0.500294381278174),.UNSPECIFIED.);
#254=B_SPLINE_CURVE_WITH_KNOTS('',3,(#5691,#5692,#5693,#5694),
 .UNSPECIFIED.,.F.,.F.,(4,4),(0.229201305134818,0.55034699697379),
 .UNSPECIFIED.);
#255=B_SPLINE_CURVE_WITH_KNOTS('',3,(#5697,#5698,#5699,#5700,#5701,#5702,
#5703,#5704,#5705,#5706,#5707,#5708),.UNSPECIFIED.,.F.,.F.,(4,3,3,2,4),
(0.55034699697379,0.667587170775278,0.749158074133119,0.830694683576391,
1.),.UNSPECIFIED.);
#256=B_SPLINE_CURVE_WITH_KNOTS('',3,(#5710,#5711,#5712,#5713),
 .UNSPECIFIED.,.F.,.F.,(4,4),(0.,0.0886450742546105),.UNSPECIFIED.);
#257=B_SPLINE_CURVE_WITH_KNOTS('',3,(#5715,#5716,#5717,#5718),
 .UNSPECIFIED.,.F.,.F.,(4,4),(0.0886450742546105,0.200606140792992),
 .UNSPECIFIED.);
#258=B_SPLINE_CURVE_WITH_KNOTS('',3,(#5720,#5721,#5722,#5723),
 .UNSPECIFIED.,.F.,.F.,(4,4),(0.200606140792992,0.229201305134818),
 .UNSPECIFIED.);
#259=B_SPLINE_CURVE_WITH_KNOTS('',1,(#5724,#5725),.UNSPECIFIED.,.F.,.F.,
(2,2),(0.843638589396186,0.986200282838767),.UNSPECIFIED.);
#260=B_SPLINE_CURVE_WITH_KNOTS('',1,(#5728,#5729),.UNSPECIFIED.,.F.,.F.,
(2,2),(0.986200282838767,1.),.UNSPECIFIED.);
#261=B_SPLINE_CURVE_WITH_KNOTS('',1,(#5731,#5732),.UNSPECIFIED.,.F.,.F.,
(2,2),(0.,0.154981438887691),.UNSPECIFIED.);
#262=B_SPLINE_CURVE_WITH_KNOTS('',1,(#5734,#5735),.UNSPECIFIED.,.F.,.F.,
(2,2),(0.154981438887691,0.182156266528272),.UNSPECIFIED.);
#263=B_SPLINE_CURVE_WITH_KNOTS('',1,(#5737,#5738),.UNSPECIFIED.,.F.,.F.,
(2,2),(0.182156266528272,0.338874999258914),.UNSPECIFIED.);
#264=B_SPLINE_CURVE_WITH_KNOTS('',1,(#5740,#5741),.UNSPECIFIED.,.F.,.F.,
(2,2),(0.338874999258914,0.343970279441523),.UNSPECIFIED.);
#265=B_SPLINE_CURVE_WITH_KNOTS('',1,(#5743,#5744),.UNSPECIFIED.,.F.,.F.,
(2,2),(0.343970279441523,0.486638124554575),.UNSPECIFIED.);
#266=B_SPLINE_CURVE_WITH_KNOTS('',1,(#5746,#5747),.UNSPECIFIED.,.F.,.F.,
(2,2),(0.486638124554575,0.500225538374866),.UNSPECIFIED.);
#267=B_SPLINE_CURVE_WITH_KNOTS('',1,(#5749,#5750),.UNSPECIFIED.,.F.,.F.,
(2,2),(0.500225538374866,0.655206977262557),.UNSPECIFIED.);
#268=B_SPLINE_CURVE_WITH_KNOTS('',1,(#5752,#5753),.UNSPECIFIED.,.F.,.F.,
(2,2),(0.655206977262557,0.681957198221255),.UNSPECIFIED.);
#269=B_SPLINE_CURVE_WITH_KNOTS('',1,(#5755,#5756),.UNSPECIFIED.,.F.,.F.,
(2,2),(0.681957198221255,0.838755612554519),.UNSPECIFIED.);
#270=B_SPLINE_CURVE_WITH_KNOTS('',1,(#5758,#5759),.UNSPECIFIED.,.F.,.F.,
(2,2),(0.838755612554519,0.843638589396186),.UNSPECIFIED.);
#271=B_SPLINE_CURVE_WITH_KNOTS('',3,(#5893,#5894,#5895,#5896,#5897,#5898,
#5899,#5900,#5901,#5902,#5903,#5904),.UNSPECIFIED.,.F.,.F.,(4,3,3,2,4),
(0.55034699697379,0.667587170775278,0.749158074133119,0.830694683576391,
1.),.UNSPECIFIED.);
#272=B_SPLINE_CURVE_WITH_KNOTS('',3,(#5915,#5916,#5917,#5918),
 .UNSPECIFIED.,.F.,.F.,(4,4),(0.,0.0886450742546105),.UNSPECIFIED.);
#273=B_SPLINE_CURVE_WITH_KNOTS('',3,(#5922,#5923,#5924,#5925),
 .UNSPECIFIED.,.F.,.F.,(4,4),(0.0886450742546105,0.200606140792992),
 .UNSPECIFIED.);
#274=B_SPLINE_CURVE_WITH_KNOTS('',3,(#5929,#5930,#5931,#5932),
 .UNSPECIFIED.,.F.,.F.,(4,4),(0.200606140792992,0.229201305134818),
 .UNSPECIFIED.);
#275=B_SPLINE_CURVE_WITH_KNOTS('',3,(#5959,#5960,#5961,#5962,#5963,#5964,
#5965,#5966,#5967,#5968,#5969,#5970,#5971,#5972,#5973),.UNSPECIFIED.,.F.,
 .F.,(4,3,2,3,3,4),(0.,0.152974249316871,0.369425991213079,0.472870799589178,
0.573341479335762,0.726316541544754),.UNSPECIFIED.);
#276=B_SPLINE_CURVE_WITH_KNOTS('',3,(#5978,#5979,#5980,#5981,#5982,#5983,
#5984,#5985,#5986,#5987,#5988,#5989,#5990,#5991,#5992),.UNSPECIFIED.,.F.,
 .F.,(4,3,2,3,3,4),(0.,0.152974249316871,0.369425991213079,0.472870799589178,
0.573341479335762,0.726316541544754),.UNSPECIFIED.);
#277=B_SPLINE_CURVE_WITH_KNOTS('',3,(#5996,#5997,#5998,#5999),
 .UNSPECIFIED.,.F.,.F.,(4,4),(0.726316541544754,1.),.UNSPECIFIED.);
#278=B_SPLINE_CURVE_WITH_KNOTS('',3,(#6000,#6001,#6002,#6003),
 .UNSPECIFIED.,.F.,.F.,(4,4),(0.726316541544754,1.),.UNSPECIFIED.);
#279=B_SPLINE_CURVE_WITH_KNOTS('',3,(#6005,#6006,#6007,#6008),
 .UNSPECIFIED.,.F.,.F.,(4,4),(0.229201305134818,0.55034699697379),
 .UNSPECIFIED.);
#280=B_SPLINE_CURVE_WITH_KNOTS('',1,(#6014,#6015),.UNSPECIFIED.,.F.,.F.,
(2,2),(0.963880468604993,1.),.UNSPECIFIED.);
#281=B_SPLINE_CURVE_WITH_KNOTS('',1,(#6019,#6020),.UNSPECIFIED.,.F.,.F.,
(2,2),(0.,0.464243592772219),.UNSPECIFIED.);
#282=B_SPLINE_CURVE_WITH_KNOTS('',1,(#6024,#6025),.UNSPECIFIED.,.F.,.F.,
(2,2),(0.464243592772219,0.500294381278174),.UNSPECIFIED.);
#283=B_SPLINE_CURVE_WITH_KNOTS('',1,(#6029,#6030),.UNSPECIFIED.,.F.,.F.,
(2,2),(0.500294381278174,0.963880468604993),.UNSPECIFIED.);
#284=B_SPLINE_CURVE_WITH_KNOTS('',1,(#6035,#6036),.UNSPECIFIED.,.F.,.F.,
(2,2),(0.986200282838767,1.),.UNSPECIFIED.);
#285=B_SPLINE_CURVE_WITH_KNOTS('',1,(#6040,#6041),.UNSPECIFIED.,.F.,.F.,
(2,2),(0.,0.154981438887691),.UNSPECIFIED.);
#286=B_SPLINE_CURVE_WITH_KNOTS('',1,(#6045,#6046),.UNSPECIFIED.,.F.,.F.,
(2,2),(0.154981438887691,0.182156266528272),.UNSPECIFIED.);
#287=B_SPLINE_CURVE_WITH_KNOTS('',1,(#6050,#6051),.UNSPECIFIED.,.F.,.F.,
(2,2),(0.182156266528272,0.338874999258914),.UNSPECIFIED.);
#288=B_SPLINE_CURVE_WITH_KNOTS('',1,(#6055,#6056),.UNSPECIFIED.,.F.,.F.,
(2,2),(0.338874999258914,0.343970279441523),.UNSPECIFIED.);
#289=B_SPLINE_CURVE_WITH_KNOTS('',1,(#6060,#6061),.UNSPECIFIED.,.F.,.F.,
(2,2),(0.343970279441523,0.486638124554575),.UNSPECIFIED.);
#290=B_SPLINE_CURVE_WITH_KNOTS('',1,(#6065,#6066),.UNSPECIFIED.,.F.,.F.,
(2,2),(0.486638124554575,0.500225538374866),.UNSPECIFIED.);
#291=B_SPLINE_CURVE_WITH_KNOTS('',1,(#6070,#6071),.UNSPECIFIED.,.F.,.F.,
(2,2),(0.500225538374866,0.655206977262557),.UNSPECIFIED.);
#292=B_SPLINE_CURVE_WITH_KNOTS('',1,(#6075,#6076),.UNSPECIFIED.,.F.,.F.,
(2,2),(0.655206977262557,0.681957198221255),.UNSPECIFIED.);
#293=B_SPLINE_CURVE_WITH_KNOTS('',1,(#6080,#6081),.UNSPECIFIED.,.F.,.F.,
(2,2),(0.681957198221255,0.838755612554519),.UNSPECIFIED.);
#294=B_SPLINE_CURVE_WITH_KNOTS('',1,(#6085,#6086),.UNSPECIFIED.,.F.,.F.,
(2,2),(0.838755612554519,0.843638589396186),.UNSPECIFIED.);
#295=B_SPLINE_CURVE_WITH_KNOTS('',1,(#6090,#6091),.UNSPECIFIED.,.F.,.F.,
(2,2),(0.843638589396186,0.986200282838767),.UNSPECIFIED.);
#296=(
BOUNDED_SURFACE()
B_SPLINE_SURFACE(1,2,((#4831,#4832,#4833,#4834,#4835,#4836,#4837,#4838,
#4839,#4840,#4841,#4842,#4843,#4844,#4845,#4846,#4847,#4848,#4849,#4850,
#4851,#4852,#4853,#4854,#4855,#4856,#4857,#4858,#4859,#4860,#4861,#4862,
#4863,#4864,#4865,#4866,#4867,#4868,#4869,#4870,#4871,#4872,#4873),(#4874,
#4875,#4876,#4877,#4878,#4879,#4880,#4881,#4882,#4883,#4884,#4885,#4886,
#4887,#4888,#4889,#4890,#4891,#4892,#4893,#4894,#4895,#4896,#4897,#4898,
#4899,#4900,#4901,#4902,#4903,#4904,#4905,#4906,#4907,#4908,#4909,#4910,
#4911,#4912,#4913,#4914,#4915,#4916)),.UNSPECIFIED.,.F.,.F.,.F.)
B_SPLINE_SURFACE_WITH_KNOTS((2,2),(3,2,2,2,2,2,2,2,2,2,2,2,2,2,2,2,2,2,
2,2,2,3),(0.,1.),(0.010117011960514,0.0416666666666667,0.0833333333333333,
0.125,0.166666666666667,0.208333333333333,0.25,0.291666666666667,0.333333333333333,
0.375,0.416666666666667,0.458333333333333,0.5,0.541666666666667,0.583333333333333,
0.625,0.666666666666667,0.708333333333333,0.75,0.791666666666667,0.833333333333333,
0.864882988039486),.PIECEWISE_BEZIER_KNOTS.)
GEOMETRIC_REPRESENTATION_ITEM()
RATIONAL_B_SPLINE_SURFACE(((0.950736891786634,0.898555546000067,1.,0.866025403784439,
1.,0.866025403784439,1.,0.866025403784439,1.,0.866025403784439,1.,0.866025403784439,
1.,0.866025403784439,1.,0.866025403784439,1.,0.866025403784439,1.,0.866025403784439,
1.,0.866025403784439,1.,0.866025403784439,1.,0.866025403784439,1.,0.866025403784439,
1.,0.866025403784439,1.,0.866025403784439,1.,0.866025403784439,1.,0.866025403784439,
1.,0.866025403784439,1.,0.866025403784439,1.,0.898555546000067,0.950736891786634),
(0.950736891786634,0.898555546000067,1.,0.866025403784439,1.,0.866025403784439,
1.,0.866025403784439,1.,0.866025403784439,1.,0.866025403784439,1.,0.866025403784439,
1.,0.866025403784439,1.,0.866025403784439,1.,0.866025403784439,1.,0.866025403784439,
1.,0.866025403784439,1.,0.866025403784439,1.,0.866025403784439,1.,0.866025403784439,
1.,0.866025403784439,1.,0.866025403784439,1.,0.866025403784439,1.,0.866025403784439,
1.,0.866025403784439,1.,0.898555546000067,0.950736891786634)))
REPRESENTATION_ITEM('')
SURFACE()
);
#297=(
BOUNDED_SURFACE()
B_SPLINE_SURFACE(1,2,((#4925,#4926,#4927,#4928,#4929,#4930,#4931,#4932,
#4933,#4934,#4935,#4936,#4937,#4938,#4939,#4940,#4941,#4942,#4943,#4944,
#4945,#4946,#4947,#4948,#4949,#4950,#4951,#4952,#4953,#4954,#4955,#4956,
#4957,#4958,#4959,#4960,#4961,#4962,#4963,#4964,#4965,#4966,#4967),(#4968,
#4969,#4970,#4971,#4972,#4973,#4974,#4975,#4976,#4977,#4978,#4979,#4980,
#4981,#4982,#4983,#4984,#4985,#4986,#4987,#4988,#4989,#4990,#4991,#4992,
#4993,#4994,#4995,#4996,#4997,#4998,#4999,#5000,#5001,#5002,#5003,#5004,
#5005,#5006,#5007,#5008,#5009,#5010)),.UNSPECIFIED.,.F.,.F.,.F.)
B_SPLINE_SURFACE_WITH_KNOTS((2,2),(3,2,2,2,2,2,2,2,2,2,2,2,2,2,2,2,2,2,
2,2,2,3),(0.,1.),(0.010117011960514,0.0416666666666667,0.0833333333333333,
0.125,0.166666666666667,0.208333333333333,0.25,0.291666666666667,0.333333333333333,
0.375,0.416666666666667,0.458333333333333,0.5,0.541666666666667,0.583333333333333,
0.625,0.666666666666667,0.708333333333333,0.75,0.791666666666667,0.833333333333333,
0.864882988039486),.PIECEWISE_BEZIER_KNOTS.)
GEOMETRIC_REPRESENTATION_ITEM()
RATIONAL_B_SPLINE_SURFACE(((0.950736891786634,0.898555546000067,1.,0.866025403784439,
1.,0.866025403784439,1.,0.866025403784439,1.,0.866025403784439,1.,0.866025403784439,
1.,0.866025403784439,1.,0.866025403784439,1.,0.866025403784439,1.,0.866025403784439,
1.,0.866025403784439,1.,0.866025403784439,1.,0.866025403784439,1.,0.866025403784439,
1.,0.866025403784439,1.,0.866025403784439,1.,0.866025403784439,1.,0.866025403784439,
1.,0.866025403784439,1.,0.866025403784439,1.,0.898555546000067,0.950736891786634),
(0.950736891786634,0.898555546000067,1.,0.866025403784439,1.,0.866025403784439,
1.,0.866025403784439,1.,0.866025403784439,1.,0.866025403784439,1.,0.866025403784439,
1.,0.866025403784439,1.,0.866025403784439,1.,0.866025403784439,1.,0.866025403784439,
1.,0.866025403784439,1.,0.866025403784439,1.,0.866025403784439,1.,0.866025403784439,
1.,0.866025403784439,1.,0.866025403784439,1.,0.866025403784439,1.,0.866025403784439,
1.,0.866025403784439,1.,0.898555546000067,0.950736891786634)))
REPRESENTATION_ITEM('')
SURFACE()
);
#298=(
BOUNDED_SURFACE()
B_SPLINE_SURFACE(3,3,((#5400,#5401,#5402,#5403),(#5404,#5405,#5406,#5407),
(#5408,#5409,#5410,#5411),(#5412,#5413,#5414,#5415)),
 .SURF_OF_REVOLUTION.,.F.,.F.,.F.)
B_SPLINE_SURFACE_WITH_KNOTS((4,4),(4,4),(0.,1.),(0.,1.),
 .PIECEWISE_BEZIER_KNOTS.)
GEOMETRIC_REPRESENTATION_ITEM()
RATIONAL_B_SPLINE_SURFACE(((1.,0.804737854124365,0.804737854124365,1.),
(1.,0.804737854124365,0.804737854124365,1.),(1.,0.804737854124365,0.804737854124365,
1.),(1.,0.804737854124365,0.804737854124365,1.)))
REPRESENTATION_ITEM('')
SURFACE()
);
#299=(
BOUNDED_SURFACE()
B_SPLINE_SURFACE(3,3,((#5420,#5421,#5422,#5423),(#5424,#5425,#5426,#5427),
(#5428,#5429,#5430,#5431),(#5432,#5433,#5434,#5435)),
 .SURF_OF_REVOLUTION.,.F.,.F.,.F.)
B_SPLINE_SURFACE_WITH_KNOTS((4,4),(4,4),(0.,1.),(0.,1.),
 .PIECEWISE_BEZIER_KNOTS.)
GEOMETRIC_REPRESENTATION_ITEM()
RATIONAL_B_SPLINE_SURFACE(((1.,0.804737854124365,0.804737854124365,1.),
(1.,0.804737854124365,0.804737854124365,1.),(1.,0.804737854124365,0.804737854124365,
1.),(1.,0.804737854124365,0.804737854124365,1.)))
REPRESENTATION_ITEM('')
SURFACE()
);
#300=LINE('',#4673,#556);
#301=LINE('',#4725,#557);
#302=LINE('',#4778,#558);
#303=LINE('',#4830,#559);
#304=LINE('',#5020,#560);
#305=LINE('',#5023,#561);
#306=LINE('',#5025,#562);
#307=LINE('',#5027,#563);
#308=LINE('',#5049,#564);
#309=LINE('',#5056,#565);
#310=LINE('',#5058,#566);
#311=LINE('',#5060,#567);
#312=LINE('',#5094,#568);
#313=LINE('',#5107,#569);
#314=LINE('',#5131,#570);
#315=LINE('',#5139,#571);
#316=LINE('',#5161,#572);
#317=LINE('',#5169,#573);
#318=LINE('',#5240,#574);
#319=LINE('',#5241,#575);
#320=LINE('',#5245,#576);
#321=LINE('',#5247,#577);
#322=LINE('',#5249,#578);
#323=LINE('',#5253,#579);
#324=LINE('',#5254,#580);
#325=LINE('',#5271,#581);
#326=LINE('',#5273,#582);
#327=LINE('',#5274,#583);
#328=LINE('',#5278,#584);
#329=LINE('',#5280,#585);
#330=LINE('',#5282,#586);
#331=LINE('',#5286,#587);
#332=LINE('',#5304,#588);
#333=LINE('',#5306,#589);
#334=LINE('',#5308,#590);
#335=LINE('',#5310,#591);
#336=LINE('',#5312,#592);
#337=LINE('',#5314,#593);
#338=LINE('',#5318,#594);
#339=LINE('',#5324,#595);
#340=LINE('',#5328,#596);
#341=LINE('',#5330,#597);
#342=LINE('',#5332,#598);
#343=LINE('',#5334,#599);
#344=LINE('',#5336,#600);
#345=LINE('',#5338,#601);
#346=LINE('',#5342,#602);
#347=LINE('',#5348,#603);
#348=LINE('',#5352,#604);
#349=LINE('',#5354,#605);
#350=LINE('',#5356,#606);
#351=LINE('',#5358,#607);
#352=LINE('',#5360,#608);
#353=LINE('',#5362,#609);
#354=LINE('',#5364,#610);
#355=LINE('',#5366,#611);
#356=LINE('',#5458,#612);
#357=LINE('',#5461,#613);
#358=LINE('',#5463,#614);
#359=LINE('',#5465,#615);
#360=LINE('',#5467,#616);
#361=LINE('',#5470,#617);
#362=LINE('',#5472,#618);
#363=LINE('',#5474,#619);
#364=LINE('',#5476,#620);
#365=LINE('',#5479,#621);
#366=LINE('',#5481,#622);
#367=LINE('',#5483,#623);
#368=LINE('',#5487,#624);
#369=LINE('',#5490,#625);
#370=LINE('',#5493,#626);
#371=LINE('',#5496,#627);
#372=LINE('',#5498,#628);
#373=LINE('',#5500,#629);
#374=LINE('',#5502,#630);
#375=LINE('',#5506,#631);
#376=LINE('',#5509,#632);
#377=LINE('',#5511,#633);
#378=LINE('',#5514,#634);
#379=LINE('',#5516,#635);
#380=LINE('',#5518,#636);
#381=LINE('',#5520,#637);
#382=LINE('',#5523,#638);
#383=LINE('',#5525,#639);
#384=LINE('',#5527,#640);
#385=LINE('',#5529,#641);
#386=LINE('',#5531,#642);
#387=LINE('',#5533,#643);
#388=LINE('',#5535,#644);
#389=LINE('',#5537,#645);
#390=LINE('',#5539,#646);
#391=LINE('',#5541,#647);
#392=LINE('',#5543,#648);
#393=LINE('',#5545,#649);
#394=LINE('',#5547,#650);
#395=LINE('',#5549,#651);
#396=LINE('',#5551,#652);
#397=LINE('',#5554,#653);
#398=LINE('',#5555,#654);
#399=LINE('',#5557,#655);
#400=LINE('',#5559,#656);
#401=LINE('',#5561,#657);
#402=LINE('',#5566,#658);
#403=LINE('',#5569,#659);
#404=LINE('',#5571,#660);
#405=LINE('',#5576,#661);
#406=LINE('',#5581,#662);
#407=LINE('',#5583,#663);
#408=LINE('',#5587,#664);
#409=LINE('',#5591,#665);
#410=LINE('',#5593,#666);
#411=LINE('',#5598,#667);
#412=LINE('',#5602,#668);
#413=LINE('',#5604,#669);
#414=LINE('',#5606,#670);
#415=LINE('',#5607,#671);
#416=LINE('',#5609,#672);
#417=LINE('',#5610,#673);
#418=LINE('',#5647,#674);
#419=LINE('',#5650,#675);
#420=LINE('',#5652,#676);
#421=LINE('',#5654,#677);
#422=LINE('',#5656,#678);
#423=LINE('',#5658,#679);
#424=LINE('',#5660,#680);
#425=LINE('',#5662,#681);
#426=LINE('',#5664,#682);
#427=LINE('',#5666,#683);
#428=LINE('',#5668,#684);
#429=LINE('',#5670,#685);
#430=LINE('',#5671,#686);
#431=LINE('',#5674,#687);
#432=LINE('',#5676,#688);
#433=LINE('',#5678,#689);
#434=LINE('',#5760,#690);
#435=LINE('',#5763,#691);
#436=LINE('',#5765,#692);
#437=LINE('',#5767,#693);
#438=LINE('',#5769,#694);
#439=LINE('',#5771,#695);
#440=LINE('',#5773,#696);
#441=LINE('',#5775,#697);
#442=LINE('',#5777,#698);
#443=LINE('',#5779,#699);
#444=LINE('',#5781,#700);
#445=LINE('',#5783,#701);
#446=LINE('',#5785,#702);
#447=LINE('',#5787,#703);
#448=LINE('',#5792,#704);
#449=LINE('',#5796,#705);
#450=LINE('',#5798,#706);
#451=LINE('',#5802,#707);
#452=LINE('',#5804,#708);
#453=LINE('',#5807,#709);
#454=LINE('',#5809,#710);
#455=LINE('',#5811,#711);
#456=LINE('',#5813,#712);
#457=LINE('',#5815,#713);
#458=LINE('',#5816,#714);
#459=LINE('',#5818,#715);
#460=LINE('',#5820,#716);
#461=LINE('',#5822,#717);
#462=LINE('',#5824,#718);
#463=LINE('',#5827,#719);
#464=LINE('',#5829,#720);
#465=LINE('',#5831,#721);
#466=LINE('',#5832,#722);
#467=LINE('',#5834,#723);
#468=LINE('',#5836,#724);
#469=LINE('',#5838,#725);
#470=LINE('',#5841,#726);
#471=LINE('',#5843,#727);
#472=LINE('',#5845,#728);
#473=LINE('',#5848,#729);
#474=LINE('',#5852,#730);
#475=LINE('',#5855,#731);
#476=LINE('',#5857,#732);
#477=LINE('',#5859,#733);
#478=LINE('',#5861,#734);
#479=LINE('',#5865,#735);
#480=LINE('',#5867,#736);
#481=LINE('',#5869,#737);
#482=LINE('',#5871,#738);
#483=LINE('',#5891,#739);
#484=LINE('',#5906,#740);
#485=LINE('',#5920,#741);
#486=LINE('',#5927,#742);
#487=LINE('',#5934,#743);
#488=LINE('',#5976,#744);
#489=LINE('',#5994,#745);
#490=LINE('',#6012,#746);
#491=LINE('',#6017,#747);
#492=LINE('',#6022,#748);
#493=LINE('',#6027,#749);
#494=LINE('',#6033,#750);
#495=LINE('',#6038,#751);
#496=LINE('',#6043,#752);
#497=LINE('',#6048,#753);
#498=LINE('',#6053,#754);
#499=LINE('',#6058,#755);
#500=LINE('',#6063,#756);
#501=LINE('',#6068,#757);
#502=LINE('',#6073,#758);
#503=LINE('',#6078,#759);
#504=LINE('',#6083,#760);
#505=LINE('',#6088,#761);
#506=LINE('',#6118,#762);
#507=LINE('',#6120,#763);
#508=LINE('',#6122,#764);
#509=LINE('',#6124,#765);
#510=LINE('',#6126,#766);
#511=LINE('',#6128,#767);
#512=LINE('',#6130,#768);
#513=LINE('',#6132,#769);
#514=LINE('',#6134,#770);
#515=LINE('',#6136,#771);
#516=LINE('',#6138,#772);
#517=LINE('',#6140,#773);
#518=LINE('',#6142,#774);
#519=LINE('',#6144,#775);
#520=LINE('',#6146,#776);
#521=LINE('',#6148,#777);
#522=LINE('',#6150,#778);
#523=LINE('',#6152,#779);
#524=LINE('',#6154,#780);
#525=LINE('',#6156,#781);
#526=LINE('',#6158,#782);
#527=LINE('',#6160,#783);
#528=LINE('',#6162,#784);
#529=LINE('',#6164,#785);
#530=LINE('',#6166,#786);
#531=LINE('',#6168,#787);
#532=LINE('',#6171,#788);
#533=LINE('',#6173,#789);
#534=LINE('',#6175,#790);
#535=LINE('',#6177,#791);
#536=LINE('',#6179,#792);
#537=LINE('',#6181,#793);
#538=LINE('',#6183,#794);
#539=LINE('',#6185,#795);
#540=LINE('',#6187,#796);
#541=LINE('',#6189,#797);
#542=LINE('',#6191,#798);
#543=LINE('',#6193,#799);
#544=LINE('',#6195,#800);
#545=LINE('',#6197,#801);
#546=LINE('',#6199,#802);
#547=LINE('',#6201,#803);
#548=LINE('',#6203,#804);
#549=LINE('',#6205,#805);
#550=LINE('',#6207,#806);
#551=LINE('',#6209,#807);
#552=LINE('',#6211,#808);
#553=LINE('',#6213,#809);
#554=LINE('',#6215,#810);
#555=LINE('',#6217,#811);
#556=VECTOR('',#3928,1000.);
#557=VECTOR('',#3929,1000.);
#558=VECTOR('',#3932,1000.);
#559=VECTOR('',#3933,1000.);
#560=VECTOR('',#3936,1000.);
#561=VECTOR('',#3937,1000.);
#562=VECTOR('',#3938,1000.);
#563=VECTOR('',#3939,1000.);
#564=VECTOR('',#3940,1000.);
#565=VECTOR('',#3943,1000.);
#566=VECTOR('',#3944,1000.);
#567=VECTOR('',#3945,1000.);
#568=VECTOR('',#3964,1000.);
#569=VECTOR('',#3975,1000.);
#570=VECTOR('',#3980,1000.);
#571=VECTOR('',#3981,1000.);
#572=VECTOR('',#3982,1000.);
#573=VECTOR('',#3983,1000.);
#574=VECTOR('',#3994,1000.);
#575=VECTOR('',#3995,1000.);
#576=VECTOR('',#3998,1000.);
#577=VECTOR('',#3999,1000.);
#578=VECTOR('',#4000,1000.);
#579=VECTOR('',#4003,1000.);
#580=VECTOR('',#4004,1000.);
#581=VECTOR('',#4005,1000.);
#582=VECTOR('',#4008,1000.);
#583=VECTOR('',#4009,1000.);
#584=VECTOR('',#4012,1000.);
#585=VECTOR('',#4013,1000.);
#586=VECTOR('',#4014,1000.);
#587=VECTOR('',#4017,1000.);
#588=VECTOR('',#4020,1000.);
#589=VECTOR('',#4021,1000.);
#590=VECTOR('',#4022,1000.);
#591=VECTOR('',#4025,1000.);
#592=VECTOR('',#4026,1000.);
#593=VECTOR('',#4027,1000.);
#594=VECTOR('',#4032,1000.);
#595=VECTOR('',#4039,1000.);
#596=VECTOR('',#4044,1000.);
#597=VECTOR('',#4045,1000.);
#598=VECTOR('',#4046,1000.);
#599=VECTOR('',#4049,1000.);
#600=VECTOR('',#4050,1000.);
#601=VECTOR('',#4051,1000.);
#602=VECTOR('',#4056,1000.);
#603=VECTOR('',#4063,1000.);
#604=VECTOR('',#4068,1000.);
#605=VECTOR('',#4069,1000.);
#606=VECTOR('',#4070,1000.);
#607=VECTOR('',#4073,1000.);
#608=VECTOR('',#4074,1000.);
#609=VECTOR('',#4077,1000.);
#610=VECTOR('',#4078,1000.);
#611=VECTOR('',#4081,1000.);
#612=VECTOR('',#4088,1000.);
#613=VECTOR('',#4089,1000.);
#614=VECTOR('',#4090,1000.);
#615=VECTOR('',#4091,1000.);
#616=VECTOR('',#4094,1000.);
#617=VECTOR('',#4095,1000.);
#618=VECTOR('',#4096,1000.);
#619=VECTOR('',#4097,1000.);
#620=VECTOR('',#4100,1000.);
#621=VECTOR('',#4101,1000.);
#622=VECTOR('',#4102,1000.);
#623=VECTOR('',#4103,1000.);
#624=VECTOR('',#4108,1000.);
#625=VECTOR('',#4109,1000.);
#626=VECTOR('',#4112,1000.);
#627=VECTOR('',#4115,1000.);
#628=VECTOR('',#4116,1000.);
#629=VECTOR('',#4117,1000.);
#630=VECTOR('',#4118,1000.);
#631=VECTOR('',#4121,1000.);
#632=VECTOR('',#4124,1000.);
#633=VECTOR('',#4127,1000.);
#634=VECTOR('',#4128,1000.);
#635=VECTOR('',#4129,1000.);
#636=VECTOR('',#4130,1000.);
#637=VECTOR('',#4133,1000.);
#638=VECTOR('',#4134,1000.);
#639=VECTOR('',#4135,1000.);
#640=VECTOR('',#4136,1000.);
#641=VECTOR('',#4137,1000.);
#642=VECTOR('',#4138,1000.);
#643=VECTOR('',#4139,1000.);
#644=VECTOR('',#4140,1000.);
#645=VECTOR('',#4141,1000.);
#646=VECTOR('',#4142,1000.);
#647=VECTOR('',#4143,1000.);
#648=VECTOR('',#4144,1000.);
#649=VECTOR('',#4147,1000.);
#650=VECTOR('',#4148,1000.);
#651=VECTOR('',#4149,1000.);
#652=VECTOR('',#4152,1000.);
#653=VECTOR('',#4153,1000.);
#654=VECTOR('',#4154,1000.);
#655=VECTOR('',#4157,1000.);
#656=VECTOR('',#4158,1000.);
#657=VECTOR('',#4159,1000.);
#658=VECTOR('',#4166,1000.);
#659=VECTOR('',#4169,1000.);
#660=VECTOR('',#4172,1000.);
#661=VECTOR('',#4179,1000.);
#662=VECTOR('',#4186,1000.);
#663=VECTOR('',#4187,1000.);
#664=VECTOR('',#4190,1000.);
#665=VECTOR('',#4195,1000.);
#666=VECTOR('',#4196,1000.);
#667=VECTOR('',#4203,1000.);
#668=VECTOR('',#4206,1000.);
#669=VECTOR('',#4209,1000.);
#670=VECTOR('',#4212,1000.);
#671=VECTOR('',#4213,1000.);
#672=VECTOR('',#4216,1000.);
#673=VECTOR('',#4217,1000.);
#674=VECTOR('',#4288,1000.);
#675=VECTOR('',#4289,1000.);
#676=VECTOR('',#4290,1000.);
#677=VECTOR('',#4291,1000.);
#678=VECTOR('',#4292,1000.);
#679=VECTOR('',#4293,1000.);
#680=VECTOR('',#4294,1000.);
#681=VECTOR('',#4295,1000.);
#682=VECTOR('',#4296,1000.);
#683=VECTOR('',#4297,1000.);
#684=VECTOR('',#4298,1000.);
#685=VECTOR('',#4299,1000.);
#686=VECTOR('',#4300,1000.);
#687=VECTOR('',#4301,1000.);
#688=VECTOR('',#4302,1000.);
#689=VECTOR('',#4303,1000.);
#690=VECTOR('',#4304,1000.);
#691=VECTOR('',#4305,1000.);
#692=VECTOR('',#4306,1000.);
#693=VECTOR('',#4307,1000.);
#694=VECTOR('',#4308,1000.);
#695=VECTOR('',#4309,1000.);
#696=VECTOR('',#4310,1000.);
#697=VECTOR('',#4311,1000.);
#698=VECTOR('',#4312,1000.);
#699=VECTOR('',#4313,1000.);
#700=VECTOR('',#4314,1000.);
#701=VECTOR('',#4315,1000.);
#702=VECTOR('',#4316,1000.);
#703=VECTOR('',#4319,1000.);
#704=VECTOR('',#4322,1000.);
#705=VECTOR('',#4325,1000.);
#706=VECTOR('',#4326,1000.);
#707=VECTOR('',#4329,1000.);
#708=VECTOR('',#4332,1000.);
#709=VECTOR('',#4333,1000.);
#710=VECTOR('',#4334,1000.);
#711=VECTOR('',#4335,1000.);
#712=VECTOR('',#4336,1000.);
#713=VECTOR('',#4337,1000.);
#714=VECTOR('',#4338,1000.);
#715=VECTOR('',#4341,1000.);
#716=VECTOR('',#4342,1000.);
#717=VECTOR('',#4343,1000.);
#718=VECTOR('',#4346,1000.);
#719=VECTOR('',#4347,1000.);
#720=VECTOR('',#4348,1000.);
#721=VECTOR('',#4349,1000.);
#722=VECTOR('',#4350,1000.);
#723=VECTOR('',#4351,1000.);
#724=VECTOR('',#4352,1000.);
#725=VECTOR('',#4355,1000.);
#726=VECTOR('',#4356,1000.);
#727=VECTOR('',#4357,1000.);
#728=VECTOR('',#4358,1000.);
#729=VECTOR('',#4363,1000.);
#730=VECTOR('',#4366,1000.);
#731=VECTOR('',#4371,1000.);
#732=VECTOR('',#4372,1000.);
#733=VECTOR('',#4375,1000.);
#734=VECTOR('',#4376,1000.);
#735=VECTOR('',#4381,1000.);
#736=VECTOR('',#4384,1000.);
#737=VECTOR('',#4387,1000.);
#738=VECTOR('',#4388,1000.);
#739=VECTOR('',#4395,1000.);
#740=VECTOR('',#4396,1000.);
#741=VECTOR('',#4397,1000.);
#742=VECTOR('',#4400,1000.);
#743=VECTOR('',#4403,1000.);
#744=VECTOR('',#4404,1000.);
#745=VECTOR('',#4405,1000.);
#746=VECTOR('',#4416,1000.);
#747=VECTOR('',#4417,1000.);
#748=VECTOR('',#4420,1000.);
#749=VECTOR('',#4423,1000.);
#750=VECTOR('',#4430,1000.);
#751=VECTOR('',#4431,1000.);
#752=VECTOR('',#4434,1000.);
#753=VECTOR('',#4437,1000.);
#754=VECTOR('',#4440,1000.);
#755=VECTOR('',#4443,1000.);
#756=VECTOR('',#4446,1000.);
#757=VECTOR('',#4449,1000.);
#758=VECTOR('',#4452,1000.);
#759=VECTOR('',#4455,1000.);
#760=VECTOR('',#4458,1000.);
#761=VECTOR('',#4461,1000.);
#762=VECTOR('',#4516,1000.);
#763=VECTOR('',#4517,1000.);
#764=VECTOR('',#4518,1000.);
#765=VECTOR('',#4521,1000.);
#766=VECTOR('',#4522,1000.);
#767=VECTOR('',#4525,1000.);
#768=VECTOR('',#4526,1000.);
#769=VECTOR('',#4529,1000.);
#770=VECTOR('',#4530,1000.);
#771=VECTOR('',#4533,1000.);
#772=VECTOR('',#4534,1000.);
#773=VECTOR('',#4537,1000.);
#774=VECTOR('',#4538,1000.);
#775=VECTOR('',#4541,1000.);
#776=VECTOR('',#4542,1000.);
#777=VECTOR('',#4545,1000.);
#778=VECTOR('',#4546,1000.);
#779=VECTOR('',#4549,1000.);
#780=VECTOR('',#4550,1000.);
#781=VECTOR('',#4553,1000.);
#782=VECTOR('',#4554,1000.);
#783=VECTOR('',#4557,1000.);
#784=VECTOR('',#4558,1000.);
#785=VECTOR('',#4561,1000.);
#786=VECTOR('',#4562,1000.);
#787=VECTOR('',#4565,1000.);
#788=VECTOR('',#4570,1000.);
#789=VECTOR('',#4571,1000.);
#790=VECTOR('',#4572,1000.);
#791=VECTOR('',#4575,1000.);
#792=VECTOR('',#4576,1000.);
#793=VECTOR('',#4579,1000.);
#794=VECTOR('',#4580,1000.);
#795=VECTOR('',#4583,1000.);
#796=VECTOR('',#4584,1000.);
#797=VECTOR('',#4587,1000.);
#798=VECTOR('',#4588,1000.);
#799=VECTOR('',#4591,1000.);
#800=VECTOR('',#4592,1000.);
#801=VECTOR('',#4595,1000.);
#802=VECTOR('',#4596,1000.);
#803=VECTOR('',#4599,1000.);
#804=VECTOR('',#4600,1000.);
#805=VECTOR('',#4603,1000.);
#806=VECTOR('',#4604,1000.);
#807=VECTOR('',#4607,1000.);
#808=VECTOR('',#4608,1000.);
#809=VECTOR('',#4611,1000.);
#810=VECTOR('',#4612,1000.);
#811=VECTOR('',#4615,1000.);
#812=ORIENTED_EDGE('',*,*,#1616,.T.);
#813=ORIENTED_EDGE('',*,*,#1617,.F.);
#814=ORIENTED_EDGE('',*,*,#1618,.F.);
#815=ORIENTED_EDGE('',*,*,#1619,.T.);
#816=ORIENTED_EDGE('',*,*,#1620,.T.);
#817=ORIENTED_EDGE('',*,*,#1621,.T.);
#818=ORIENTED_EDGE('',*,*,#1622,.F.);
#819=ORIENTED_EDGE('',*,*,#1623,.F.);
#820=ORIENTED_EDGE('',*,*,#1618,.T.);
#821=ORIENTED_EDGE('',*,*,#1624,.T.);
#822=ORIENTED_EDGE('',*,*,#1620,.F.);
#823=ORIENTED_EDGE('',*,*,#1625,.F.);
#824=ORIENTED_EDGE('',*,*,#1622,.T.);
#825=ORIENTED_EDGE('',*,*,#1626,.F.);
#826=ORIENTED_EDGE('',*,*,#1616,.F.);
#827=ORIENTED_EDGE('',*,*,#1627,.T.);
#828=ORIENTED_EDGE('',*,*,#1628,.F.);
#829=ORIENTED_EDGE('',*,*,#1629,.F.);
#830=ORIENTED_EDGE('',*,*,#1630,.F.);
#831=ORIENTED_EDGE('',*,*,#1631,.T.);
#832=ORIENTED_EDGE('',*,*,#1631,.F.);
#833=ORIENTED_EDGE('',*,*,#1632,.F.);
#834=ORIENTED_EDGE('',*,*,#1633,.T.);
#835=ORIENTED_EDGE('',*,*,#1634,.T.);
#836=ORIENTED_EDGE('',*,*,#1633,.F.);
#837=ORIENTED_EDGE('',*,*,#1635,.F.);
#838=ORIENTED_EDGE('',*,*,#1636,.T.);
#839=ORIENTED_EDGE('',*,*,#1637,.F.);
#840=ORIENTED_EDGE('',*,*,#1636,.F.);
#841=ORIENTED_EDGE('',*,*,#1638,.F.);
#842=ORIENTED_EDGE('',*,*,#1629,.T.);
#843=ORIENTED_EDGE('',*,*,#1639,.T.);
#844=ORIENTED_EDGE('',*,*,#1630,.T.);
#845=ORIENTED_EDGE('',*,*,#1640,.F.);
#846=ORIENTED_EDGE('',*,*,#1619,.F.);
#847=ORIENTED_EDGE('',*,*,#1641,.T.);
#848=ORIENTED_EDGE('',*,*,#1642,.T.);
#849=ORIENTED_EDGE('',*,*,#1632,.T.);
#850=ORIENTED_EDGE('',*,*,#1641,.F.);
#851=ORIENTED_EDGE('',*,*,#1625,.T.);
#852=ORIENTED_EDGE('',*,*,#1643,.T.);
#853=ORIENTED_EDGE('',*,*,#1635,.T.);
#854=ORIENTED_EDGE('',*,*,#1642,.F.);
#855=ORIENTED_EDGE('',*,*,#1623,.T.);
#856=ORIENTED_EDGE('',*,*,#1638,.T.);
#857=ORIENTED_EDGE('',*,*,#1643,.F.);
#858=ORIENTED_EDGE('',*,*,#1627,.F.);
#859=ORIENTED_EDGE('',*,*,#1640,.T.);
#860=ORIENTED_EDGE('',*,*,#1644,.F.);
#861=ORIENTED_EDGE('',*,*,#1645,.F.);
#862=ORIENTED_EDGE('',*,*,#1617,.T.);
#863=ORIENTED_EDGE('',*,*,#1646,.T.);
#864=ORIENTED_EDGE('',*,*,#1645,.T.);
#865=ORIENTED_EDGE('',*,*,#1647,.F.);
#866=ORIENTED_EDGE('',*,*,#1648,.F.);
#867=ORIENTED_EDGE('',*,*,#1624,.F.);
#868=ORIENTED_EDGE('',*,*,#1648,.T.);
#869=ORIENTED_EDGE('',*,*,#1649,.F.);
#870=ORIENTED_EDGE('',*,*,#1650,.F.);
#871=ORIENTED_EDGE('',*,*,#1621,.F.);
#872=ORIENTED_EDGE('',*,*,#1650,.T.);
#873=ORIENTED_EDGE('',*,*,#1651,.F.);
#874=ORIENTED_EDGE('',*,*,#1646,.F.);
#875=ORIENTED_EDGE('',*,*,#1626,.T.);
#876=ORIENTED_EDGE('',*,*,#1652,.F.);
#877=ORIENTED_EDGE('',*,*,#1653,.F.);
#878=ORIENTED_EDGE('',*,*,#1654,.T.);
#879=ORIENTED_EDGE('',*,*,#1655,.T.);
#880=ORIENTED_EDGE('',*,*,#1656,.F.);
#881=ORIENTED_EDGE('',*,*,#1657,.F.);
#882=ORIENTED_EDGE('',*,*,#1658,.T.);
#883=ORIENTED_EDGE('',*,*,#1659,.T.);
#884=ORIENTED_EDGE('',*,*,#1660,.F.);
#885=ORIENTED_EDGE('',*,*,#1661,.F.);
#886=ORIENTED_EDGE('',*,*,#1662,.T.);
#887=ORIENTED_EDGE('',*,*,#1653,.T.);
#888=ORIENTED_EDGE('',*,*,#1663,.F.);
#889=ORIENTED_EDGE('',*,*,#1664,.F.);
#890=ORIENTED_EDGE('',*,*,#1665,.T.);
#891=ORIENTED_EDGE('',*,*,#1657,.T.);
#892=ORIENTED_EDGE('',*,*,#1666,.T.);
#893=ORIENTED_EDGE('',*,*,#1660,.T.);
#894=ORIENTED_EDGE('',*,*,#1652,.T.);
#895=ORIENTED_EDGE('',*,*,#1667,.T.);
#896=ORIENTED_EDGE('',*,*,#1668,.T.);
#897=ORIENTED_EDGE('',*,*,#1669,.T.);
#898=ORIENTED_EDGE('',*,*,#1670,.F.);
#899=ORIENTED_EDGE('',*,*,#1671,.F.);
#900=ORIENTED_EDGE('',*,*,#1672,.F.);
#901=ORIENTED_EDGE('',*,*,#1673,.F.);
#902=ORIENTED_EDGE('',*,*,#1658,.F.);
#903=ORIENTED_EDGE('',*,*,#1665,.F.);
#904=ORIENTED_EDGE('',*,*,#1674,.F.);
#905=ORIENTED_EDGE('',*,*,#1649,.T.);
#906=ORIENTED_EDGE('',*,*,#1666,.F.);
#907=ORIENTED_EDGE('',*,*,#1647,.T.);
#908=ORIENTED_EDGE('',*,*,#1675,.T.);
#909=ORIENTED_EDGE('',*,*,#1661,.T.);
#910=ORIENTED_EDGE('',*,*,#1675,.F.);
#911=ORIENTED_EDGE('',*,*,#1644,.T.);
#912=ORIENTED_EDGE('',*,*,#1676,.T.);
#913=ORIENTED_EDGE('',*,*,#1663,.T.);
#914=ORIENTED_EDGE('',*,*,#1656,.T.);
#915=ORIENTED_EDGE('',*,*,#1677,.T.);
#916=ORIENTED_EDGE('',*,*,#1678,.T.);
#917=ORIENTED_EDGE('',*,*,#1679,.T.);
#918=ORIENTED_EDGE('',*,*,#1680,.F.);
#919=ORIENTED_EDGE('',*,*,#1681,.F.);
#920=ORIENTED_EDGE('',*,*,#1682,.F.);
#921=ORIENTED_EDGE('',*,*,#1683,.F.);
#922=ORIENTED_EDGE('',*,*,#1654,.F.);
#923=ORIENTED_EDGE('',*,*,#1662,.F.);
#924=ORIENTED_EDGE('',*,*,#1676,.F.);
#925=ORIENTED_EDGE('',*,*,#1651,.T.);
#926=ORIENTED_EDGE('',*,*,#1674,.T.);
#927=ORIENTED_EDGE('',*,*,#1664,.T.);
#928=ORIENTED_EDGE('',*,*,#1634,.F.);
#929=ORIENTED_EDGE('',*,*,#1684,.F.);
#930=ORIENTED_EDGE('',*,*,#1685,.F.);
#931=ORIENTED_EDGE('',*,*,#1686,.T.);
#932=ORIENTED_EDGE('',*,*,#1687,.F.);
#933=ORIENTED_EDGE('',*,*,#1688,.F.);
#934=ORIENTED_EDGE('',*,*,#1689,.T.);
#935=ORIENTED_EDGE('',*,*,#1639,.F.);
#936=ORIENTED_EDGE('',*,*,#1685,.T.);
#937=ORIENTED_EDGE('',*,*,#1690,.F.);
#938=ORIENTED_EDGE('',*,*,#1691,.F.);
#939=ORIENTED_EDGE('',*,*,#1692,.T.);
#940=ORIENTED_EDGE('',*,*,#1693,.F.);
#941=ORIENTED_EDGE('',*,*,#1694,.F.);
#942=ORIENTED_EDGE('',*,*,#1695,.T.);
#943=ORIENTED_EDGE('',*,*,#1688,.T.);
#944=ORIENTED_EDGE('',*,*,#1691,.T.);
#945=ORIENTED_EDGE('',*,*,#1696,.F.);
#946=ORIENTED_EDGE('',*,*,#1697,.F.);
#947=ORIENTED_EDGE('',*,*,#1698,.T.);
#948=ORIENTED_EDGE('',*,*,#1699,.F.);
#949=ORIENTED_EDGE('',*,*,#1700,.F.);
#950=ORIENTED_EDGE('',*,*,#1701,.T.);
#951=ORIENTED_EDGE('',*,*,#1694,.T.);
#952=ORIENTED_EDGE('',*,*,#1697,.T.);
#953=ORIENTED_EDGE('',*,*,#1702,.F.);
#954=ORIENTED_EDGE('',*,*,#1703,.F.);
#955=ORIENTED_EDGE('',*,*,#1704,.T.);
#956=ORIENTED_EDGE('',*,*,#1705,.F.);
#957=ORIENTED_EDGE('',*,*,#1706,.F.);
#958=ORIENTED_EDGE('',*,*,#1707,.T.);
#959=ORIENTED_EDGE('',*,*,#1700,.T.);
#960=ORIENTED_EDGE('',*,*,#1703,.T.);
#961=ORIENTED_EDGE('',*,*,#1708,.F.);
#962=ORIENTED_EDGE('',*,*,#1709,.F.);
#963=ORIENTED_EDGE('',*,*,#1710,.T.);
#964=ORIENTED_EDGE('',*,*,#1710,.F.);
#965=ORIENTED_EDGE('',*,*,#1711,.F.);
#966=ORIENTED_EDGE('',*,*,#1712,.T.);
#967=ORIENTED_EDGE('',*,*,#1705,.T.);
#968=ORIENTED_EDGE('',*,*,#1699,.T.);
#969=ORIENTED_EDGE('',*,*,#1693,.T.);
#970=ORIENTED_EDGE('',*,*,#1687,.T.);
#971=ORIENTED_EDGE('',*,*,#1628,.T.);
#972=ORIENTED_EDGE('',*,*,#1686,.F.);
#973=ORIENTED_EDGE('',*,*,#1692,.F.);
#974=ORIENTED_EDGE('',*,*,#1698,.F.);
#975=ORIENTED_EDGE('',*,*,#1704,.F.);
#976=ORIENTED_EDGE('',*,*,#1712,.F.);
#977=ORIENTED_EDGE('',*,*,#1713,.F.);
#978=ORIENTED_EDGE('',*,*,#1714,.T.);
#979=ORIENTED_EDGE('',*,*,#1706,.T.);
#980=ORIENTED_EDGE('',*,*,#1714,.F.);
#981=ORIENTED_EDGE('',*,*,#1715,.F.);
#982=ORIENTED_EDGE('',*,*,#1708,.T.);
#983=ORIENTED_EDGE('',*,*,#1702,.T.);
#984=ORIENTED_EDGE('',*,*,#1696,.T.);
#985=ORIENTED_EDGE('',*,*,#1690,.T.);
#986=ORIENTED_EDGE('',*,*,#1684,.T.);
#987=ORIENTED_EDGE('',*,*,#1637,.T.);
#988=ORIENTED_EDGE('',*,*,#1689,.F.);
#989=ORIENTED_EDGE('',*,*,#1695,.F.);
#990=ORIENTED_EDGE('',*,*,#1701,.F.);
#991=ORIENTED_EDGE('',*,*,#1707,.F.);
#992=ORIENTED_EDGE('',*,*,#1709,.T.);
#993=ORIENTED_EDGE('',*,*,#1715,.T.);
#994=ORIENTED_EDGE('',*,*,#1713,.T.);
#995=ORIENTED_EDGE('',*,*,#1711,.T.);
#996=ORIENTED_EDGE('',*,*,#1716,.F.);
#997=ORIENTED_EDGE('',*,*,#1679,.F.);
#998=ORIENTED_EDGE('',*,*,#1717,.T.);
#999=ORIENTED_EDGE('',*,*,#1671,.T.);
#1000=ORIENTED_EDGE('',*,*,#1681,.T.);
#1001=ORIENTED_EDGE('',*,*,#1718,.F.);
#1002=ORIENTED_EDGE('',*,*,#1669,.F.);
#1003=ORIENTED_EDGE('',*,*,#1719,.T.);
#1004=ORIENTED_EDGE('',*,*,#1717,.F.);
#1005=ORIENTED_EDGE('',*,*,#1678,.F.);
#1006=ORIENTED_EDGE('',*,*,#1720,.T.);
#1007=ORIENTED_EDGE('',*,*,#1672,.T.);
#1008=ORIENTED_EDGE('',*,*,#1682,.T.);
#1009=ORIENTED_EDGE('',*,*,#1719,.F.);
#1010=ORIENTED_EDGE('',*,*,#1668,.F.);
#1011=ORIENTED_EDGE('',*,*,#1721,.T.);
#1012=ORIENTED_EDGE('',*,*,#1720,.F.);
#1013=ORIENTED_EDGE('',*,*,#1677,.F.);
#1014=ORIENTED_EDGE('',*,*,#1659,.F.);
#1015=ORIENTED_EDGE('',*,*,#1673,.T.);
#1016=ORIENTED_EDGE('',*,*,#1683,.T.);
#1017=ORIENTED_EDGE('',*,*,#1721,.F.);
#1018=ORIENTED_EDGE('',*,*,#1667,.F.);
#1019=ORIENTED_EDGE('',*,*,#1655,.F.);
#1020=ORIENTED_EDGE('',*,*,#1716,.T.);
#1021=ORIENTED_EDGE('',*,*,#1670,.T.);
#1022=ORIENTED_EDGE('',*,*,#1718,.T.);
#1023=ORIENTED_EDGE('',*,*,#1680,.T.);
#1024=ORIENTED_EDGE('',*,*,#1722,.T.);
#1025=ORIENTED_EDGE('',*,*,#1723,.T.);
#1026=ORIENTED_EDGE('',*,*,#1724,.F.);
#1027=ORIENTED_EDGE('',*,*,#1725,.F.);
#1028=ORIENTED_EDGE('',*,*,#1726,.T.);
#1029=ORIENTED_EDGE('',*,*,#1727,.T.);
#1030=ORIENTED_EDGE('',*,*,#1728,.F.);
#1031=ORIENTED_EDGE('',*,*,#1729,.T.);
#1032=ORIENTED_EDGE('',*,*,#1730,.F.);
#1033=ORIENTED_EDGE('',*,*,#1731,.T.);
#1034=ORIENTED_EDGE('',*,*,#1732,.T.);
#1035=ORIENTED_EDGE('',*,*,#1733,.F.);
#1036=ORIENTED_EDGE('',*,*,#1734,.F.);
#1037=ORIENTED_EDGE('',*,*,#1735,.T.);
#1038=ORIENTED_EDGE('',*,*,#1736,.T.);
#1039=ORIENTED_EDGE('',*,*,#1728,.T.);
#1040=ORIENTED_EDGE('',*,*,#1737,.T.);
#1041=ORIENTED_EDGE('',*,*,#1738,.T.);
#1042=ORIENTED_EDGE('',*,*,#1739,.T.);
#1043=ORIENTED_EDGE('',*,*,#1725,.T.);
#1044=ORIENTED_EDGE('',*,*,#1740,.F.);
#1045=ORIENTED_EDGE('',*,*,#1741,.T.);
#1046=ORIENTED_EDGE('',*,*,#1742,.F.);
#1047=ORIENTED_EDGE('',*,*,#1743,.T.);
#1048=ORIENTED_EDGE('',*,*,#1744,.T.);
#1049=ORIENTED_EDGE('',*,*,#1745,.T.);
#1050=ORIENTED_EDGE('',*,*,#1746,.T.);
#1051=ORIENTED_EDGE('',*,*,#1730,.T.);
#1052=ORIENTED_EDGE('',*,*,#1747,.T.);
#1053=ORIENTED_EDGE('',*,*,#1748,.F.);
#1054=ORIENTED_EDGE('',*,*,#1749,.F.);
#1055=ORIENTED_EDGE('',*,*,#1750,.F.);
#1056=ORIENTED_EDGE('',*,*,#1751,.T.);
#1057=ORIENTED_EDGE('',*,*,#1752,.T.);
#1058=ORIENTED_EDGE('',*,*,#1753,.T.);
#1059=ORIENTED_EDGE('',*,*,#1754,.T.);
#1060=ORIENTED_EDGE('',*,*,#1755,.T.);
#1061=ORIENTED_EDGE('',*,*,#1756,.T.);
#1062=ORIENTED_EDGE('',*,*,#1757,.F.);
#1063=ORIENTED_EDGE('',*,*,#1758,.F.);
#1064=ORIENTED_EDGE('',*,*,#1759,.F.);
#1065=ORIENTED_EDGE('',*,*,#1760,.T.);
#1066=ORIENTED_EDGE('',*,*,#1761,.T.);
#1067=ORIENTED_EDGE('',*,*,#1762,.T.);
#1068=ORIENTED_EDGE('',*,*,#1763,.T.);
#1069=ORIENTED_EDGE('',*,*,#1738,.F.);
#1070=ORIENTED_EDGE('',*,*,#1764,.T.);
#1071=ORIENTED_EDGE('',*,*,#1765,.T.);
#1072=ORIENTED_EDGE('',*,*,#1766,.T.);
#1073=ORIENTED_EDGE('',*,*,#1767,.T.);
#1074=ORIENTED_EDGE('',*,*,#1768,.T.);
#1075=ORIENTED_EDGE('',*,*,#1743,.F.);
#1076=ORIENTED_EDGE('',*,*,#1769,.T.);
#1077=ORIENTED_EDGE('',*,*,#1745,.F.);
#1078=ORIENTED_EDGE('',*,*,#1770,.T.);
#1079=ORIENTED_EDGE('',*,*,#1771,.T.);
#1080=ORIENTED_EDGE('',*,*,#1772,.T.);
#1081=ORIENTED_EDGE('',*,*,#1763,.F.);
#1082=ORIENTED_EDGE('',*,*,#1773,.T.);
#1083=ORIENTED_EDGE('',*,*,#1729,.F.);
#1084=ORIENTED_EDGE('',*,*,#1736,.F.);
#1085=ORIENTED_EDGE('',*,*,#1774,.T.);
#1086=ORIENTED_EDGE('',*,*,#1775,.T.);
#1087=ORIENTED_EDGE('',*,*,#1776,.T.);
#1088=ORIENTED_EDGE('',*,*,#1750,.T.);
#1089=ORIENTED_EDGE('',*,*,#1777,.T.);
#1090=ORIENTED_EDGE('',*,*,#1778,.T.);
#1091=ORIENTED_EDGE('',*,*,#1752,.F.);
#1092=ORIENTED_EDGE('',*,*,#1777,.F.);
#1093=ORIENTED_EDGE('',*,*,#1749,.T.);
#1094=ORIENTED_EDGE('',*,*,#1733,.T.);
#1095=ORIENTED_EDGE('',*,*,#1779,.T.);
#1096=ORIENTED_EDGE('',*,*,#1753,.F.);
#1097=ORIENTED_EDGE('',*,*,#1778,.F.);
#1098=ORIENTED_EDGE('',*,*,#1748,.T.);
#1099=ORIENTED_EDGE('',*,*,#1780,.T.);
#1100=ORIENTED_EDGE('',*,*,#1781,.F.);
#1101=ORIENTED_EDGE('',*,*,#1782,.T.);
#1102=ORIENTED_EDGE('',*,*,#1747,.F.);
#1103=ORIENTED_EDGE('',*,*,#1724,.T.);
#1104=ORIENTED_EDGE('',*,*,#1783,.T.);
#1105=ORIENTED_EDGE('',*,*,#1759,.T.);
#1106=ORIENTED_EDGE('',*,*,#1784,.F.);
#1107=ORIENTED_EDGE('',*,*,#1785,.F.);
#1108=ORIENTED_EDGE('',*,*,#1786,.T.);
#1109=ORIENTED_EDGE('',*,*,#1787,.F.);
#1110=ORIENTED_EDGE('',*,*,#1788,.T.);
#1111=ORIENTED_EDGE('',*,*,#1740,.T.);
#1112=ORIENTED_EDGE('',*,*,#1758,.T.);
#1113=ORIENTED_EDGE('',*,*,#1789,.F.);
#1114=ORIENTED_EDGE('',*,*,#1790,.F.);
#1115=ORIENTED_EDGE('',*,*,#1784,.T.);
#1116=ORIENTED_EDGE('',*,*,#1757,.T.);
#1117=ORIENTED_EDGE('',*,*,#1791,.T.);
#1118=ORIENTED_EDGE('',*,*,#1769,.F.);
#1119=ORIENTED_EDGE('',*,*,#1742,.T.);
#1120=ORIENTED_EDGE('',*,*,#1792,.T.);
#1121=ORIENTED_EDGE('',*,*,#1793,.T.);
#1122=ORIENTED_EDGE('',*,*,#1794,.T.);
#1123=ORIENTED_EDGE('',*,*,#1795,.F.);
#1124=ORIENTED_EDGE('',*,*,#1789,.T.);
#1125=ORIENTED_EDGE('',*,*,#1790,.T.);
#1126=ORIENTED_EDGE('',*,*,#1795,.T.);
#1127=ORIENTED_EDGE('',*,*,#1796,.T.);
#1128=ORIENTED_EDGE('',*,*,#1785,.T.);
#1129=ORIENTED_EDGE('',*,*,#1797,.T.);
#1130=ORIENTED_EDGE('',*,*,#1775,.F.);
#1131=ORIENTED_EDGE('',*,*,#1798,.T.);
#1132=ORIENTED_EDGE('',*,*,#1781,.T.);
#1133=ORIENTED_EDGE('',*,*,#1799,.T.);
#1134=ORIENTED_EDGE('',*,*,#1793,.F.);
#1135=ORIENTED_EDGE('',*,*,#1800,.T.);
#1136=ORIENTED_EDGE('',*,*,#1787,.T.);
#1137=ORIENTED_EDGE('',*,*,#1739,.F.);
#1138=ORIENTED_EDGE('',*,*,#1766,.F.);
#1139=ORIENTED_EDGE('',*,*,#1801,.F.);
#1140=ORIENTED_EDGE('',*,*,#1722,.F.);
#1141=ORIENTED_EDGE('',*,*,#1783,.F.);
#1142=ORIENTED_EDGE('',*,*,#1723,.F.);
#1143=ORIENTED_EDGE('',*,*,#1802,.F.);
#1144=ORIENTED_EDGE('',*,*,#1760,.F.);
#1145=ORIENTED_EDGE('',*,*,#1802,.T.);
#1146=ORIENTED_EDGE('',*,*,#1801,.T.);
#1147=ORIENTED_EDGE('',*,*,#1803,.F.);
#1148=ORIENTED_EDGE('',*,*,#1803,.T.);
#1149=ORIENTED_EDGE('',*,*,#1765,.F.);
#1150=ORIENTED_EDGE('',*,*,#1804,.F.);
#1151=ORIENTED_EDGE('',*,*,#1761,.F.);
#1152=ORIENTED_EDGE('',*,*,#1773,.F.);
#1153=ORIENTED_EDGE('',*,*,#1762,.F.);
#1154=ORIENTED_EDGE('',*,*,#1805,.F.);
#1155=ORIENTED_EDGE('',*,*,#1726,.F.);
#1156=ORIENTED_EDGE('',*,*,#1805,.T.);
#1157=ORIENTED_EDGE('',*,*,#1804,.T.);
#1158=ORIENTED_EDGE('',*,*,#1806,.F.);
#1159=ORIENTED_EDGE('',*,*,#1806,.T.);
#1160=ORIENTED_EDGE('',*,*,#1764,.F.);
#1161=ORIENTED_EDGE('',*,*,#1737,.F.);
#1162=ORIENTED_EDGE('',*,*,#1727,.F.);
#1163=ORIENTED_EDGE('',*,*,#1746,.F.);
#1164=ORIENTED_EDGE('',*,*,#1772,.F.);
#1165=ORIENTED_EDGE('',*,*,#1807,.F.);
#1166=ORIENTED_EDGE('',*,*,#1731,.F.);
#1167=ORIENTED_EDGE('',*,*,#1779,.F.);
#1168=ORIENTED_EDGE('',*,*,#1732,.F.);
#1169=ORIENTED_EDGE('',*,*,#1808,.F.);
#1170=ORIENTED_EDGE('',*,*,#1754,.F.);
#1171=ORIENTED_EDGE('',*,*,#1808,.T.);
#1172=ORIENTED_EDGE('',*,*,#1807,.T.);
#1173=ORIENTED_EDGE('',*,*,#1809,.F.);
#1174=ORIENTED_EDGE('',*,*,#1809,.T.);
#1175=ORIENTED_EDGE('',*,*,#1771,.F.);
#1176=ORIENTED_EDGE('',*,*,#1810,.F.);
#1177=ORIENTED_EDGE('',*,*,#1755,.F.);
#1178=ORIENTED_EDGE('',*,*,#1791,.F.);
#1179=ORIENTED_EDGE('',*,*,#1756,.F.);
#1180=ORIENTED_EDGE('',*,*,#1811,.F.);
#1181=ORIENTED_EDGE('',*,*,#1767,.F.);
#1182=ORIENTED_EDGE('',*,*,#1811,.T.);
#1183=ORIENTED_EDGE('',*,*,#1810,.T.);
#1184=ORIENTED_EDGE('',*,*,#1812,.F.);
#1185=ORIENTED_EDGE('',*,*,#1812,.T.);
#1186=ORIENTED_EDGE('',*,*,#1770,.F.);
#1187=ORIENTED_EDGE('',*,*,#1744,.F.);
#1188=ORIENTED_EDGE('',*,*,#1768,.F.);
#1189=ORIENTED_EDGE('',*,*,#1786,.F.);
#1190=ORIENTED_EDGE('',*,*,#1796,.F.);
#1191=ORIENTED_EDGE('',*,*,#1794,.F.);
#1192=ORIENTED_EDGE('',*,*,#1799,.F.);
#1193=ORIENTED_EDGE('',*,*,#1788,.F.);
#1194=ORIENTED_EDGE('',*,*,#1800,.F.);
#1195=ORIENTED_EDGE('',*,*,#1792,.F.);
#1196=ORIENTED_EDGE('',*,*,#1741,.F.);
#1197=ORIENTED_EDGE('',*,*,#1782,.F.);
#1198=ORIENTED_EDGE('',*,*,#1798,.F.);
#1199=ORIENTED_EDGE('',*,*,#1774,.F.);
#1200=ORIENTED_EDGE('',*,*,#1735,.F.);
#1201=ORIENTED_EDGE('',*,*,#1780,.F.);
#1202=ORIENTED_EDGE('',*,*,#1751,.F.);
#1203=ORIENTED_EDGE('',*,*,#1776,.F.);
#1204=ORIENTED_EDGE('',*,*,#1797,.F.);
#1205=ORIENTED_EDGE('',*,*,#1734,.T.);
#1206=ORIENTED_EDGE('',*,*,#1813,.T.);
#1207=ORIENTED_EDGE('',*,*,#1813,.F.);
#1208=ORIENTED_EDGE('',*,*,#1814,.F.);
#1209=ORIENTED_EDGE('',*,*,#1815,.F.);
#1210=ORIENTED_EDGE('',*,*,#1816,.F.);
#1211=ORIENTED_EDGE('',*,*,#1817,.F.);
#1212=ORIENTED_EDGE('',*,*,#1818,.F.);
#1213=ORIENTED_EDGE('',*,*,#1819,.F.);
#1214=ORIENTED_EDGE('',*,*,#1820,.F.);
#1215=ORIENTED_EDGE('',*,*,#1821,.F.);
#1216=ORIENTED_EDGE('',*,*,#1822,.F.);
#1217=ORIENTED_EDGE('',*,*,#1823,.F.);
#1218=ORIENTED_EDGE('',*,*,#1824,.F.);
#1219=ORIENTED_EDGE('',*,*,#1825,.F.);
#1220=ORIENTED_EDGE('',*,*,#1826,.T.);
#1221=ORIENTED_EDGE('',*,*,#1827,.T.);
#1222=ORIENTED_EDGE('',*,*,#1828,.T.);
#1223=ORIENTED_EDGE('',*,*,#1829,.T.);
#1224=ORIENTED_EDGE('',*,*,#1830,.T.);
#1225=ORIENTED_EDGE('',*,*,#1831,.T.);
#1226=ORIENTED_EDGE('',*,*,#1832,.T.);
#1227=ORIENTED_EDGE('',*,*,#1833,.T.);
#1228=ORIENTED_EDGE('',*,*,#1834,.T.);
#1229=ORIENTED_EDGE('',*,*,#1835,.T.);
#1230=ORIENTED_EDGE('',*,*,#1836,.T.);
#1231=ORIENTED_EDGE('',*,*,#1837,.T.);
#1232=ORIENTED_EDGE('',*,*,#1838,.T.);
#1233=ORIENTED_EDGE('',*,*,#1839,.T.);
#1234=ORIENTED_EDGE('',*,*,#1840,.T.);
#1235=ORIENTED_EDGE('',*,*,#1841,.T.);
#1236=ORIENTED_EDGE('',*,*,#1842,.T.);
#1237=ORIENTED_EDGE('',*,*,#1843,.T.);
#1238=ORIENTED_EDGE('',*,*,#1844,.T.);
#1239=ORIENTED_EDGE('',*,*,#1845,.T.);
#1240=ORIENTED_EDGE('',*,*,#1846,.T.);
#1241=ORIENTED_EDGE('',*,*,#1847,.T.);
#1242=ORIENTED_EDGE('',*,*,#1848,.T.);
#1243=ORIENTED_EDGE('',*,*,#1849,.T.);
#1244=ORIENTED_EDGE('',*,*,#1850,.T.);
#1245=ORIENTED_EDGE('',*,*,#1851,.T.);
#1246=ORIENTED_EDGE('',*,*,#1852,.T.);
#1247=ORIENTED_EDGE('',*,*,#1853,.T.);
#1248=ORIENTED_EDGE('',*,*,#1854,.T.);
#1249=ORIENTED_EDGE('',*,*,#1855,.T.);
#1250=ORIENTED_EDGE('',*,*,#1856,.T.);
#1251=ORIENTED_EDGE('',*,*,#1857,.T.);
#1252=ORIENTED_EDGE('',*,*,#1858,.T.);
#1253=ORIENTED_EDGE('',*,*,#1859,.T.);
#1254=ORIENTED_EDGE('',*,*,#1860,.T.);
#1255=ORIENTED_EDGE('',*,*,#1861,.T.);
#1256=ORIENTED_EDGE('',*,*,#1862,.T.);
#1257=ORIENTED_EDGE('',*,*,#1863,.T.);
#1258=ORIENTED_EDGE('',*,*,#1864,.F.);
#1259=ORIENTED_EDGE('',*,*,#1865,.T.);
#1260=ORIENTED_EDGE('',*,*,#1866,.F.);
#1261=ORIENTED_EDGE('',*,*,#1867,.T.);
#1262=ORIENTED_EDGE('',*,*,#1868,.F.);
#1263=ORIENTED_EDGE('',*,*,#1869,.T.);
#1264=ORIENTED_EDGE('',*,*,#1870,.T.);
#1265=ORIENTED_EDGE('',*,*,#1871,.T.);
#1266=ORIENTED_EDGE('',*,*,#1872,.T.);
#1267=ORIENTED_EDGE('',*,*,#1873,.T.);
#1268=ORIENTED_EDGE('',*,*,#1874,.T.);
#1269=ORIENTED_EDGE('',*,*,#1875,.T.);
#1270=ORIENTED_EDGE('',*,*,#1876,.T.);
#1271=ORIENTED_EDGE('',*,*,#1877,.F.);
#1272=ORIENTED_EDGE('',*,*,#1868,.T.);
#1273=ORIENTED_EDGE('',*,*,#1878,.T.);
#1274=ORIENTED_EDGE('',*,*,#1866,.T.);
#1275=ORIENTED_EDGE('',*,*,#1879,.T.);
#1276=ORIENTED_EDGE('',*,*,#1880,.T.);
#1277=ORIENTED_EDGE('',*,*,#1881,.T.);
#1278=ORIENTED_EDGE('',*,*,#1882,.T.);
#1279=ORIENTED_EDGE('',*,*,#1883,.T.);
#1280=ORIENTED_EDGE('',*,*,#1884,.T.);
#1281=ORIENTED_EDGE('',*,*,#1885,.T.);
#1282=ORIENTED_EDGE('',*,*,#1864,.T.);
#1283=ORIENTED_EDGE('',*,*,#1886,.T.);
#1284=ORIENTED_EDGE('',*,*,#1887,.T.);
#1285=ORIENTED_EDGE('',*,*,#1888,.F.);
#1286=ORIENTED_EDGE('',*,*,#1889,.T.);
#1287=ORIENTED_EDGE('',*,*,#1890,.T.);
#1288=ORIENTED_EDGE('',*,*,#1891,.T.);
#1289=ORIENTED_EDGE('',*,*,#1892,.T.);
#1290=ORIENTED_EDGE('',*,*,#1891,.F.);
#1291=ORIENTED_EDGE('',*,*,#1893,.T.);
#1292=ORIENTED_EDGE('',*,*,#1882,.F.);
#1293=ORIENTED_EDGE('',*,*,#1894,.T.);
#1294=ORIENTED_EDGE('',*,*,#1895,.T.);
#1295=ORIENTED_EDGE('',*,*,#1896,.T.);
#1296=ORIENTED_EDGE('',*,*,#1874,.F.);
#1297=ORIENTED_EDGE('',*,*,#1897,.T.);
#1298=ORIENTED_EDGE('',*,*,#1898,.T.);
#1299=ORIENTED_EDGE('',*,*,#1899,.T.);
#1300=ORIENTED_EDGE('',*,*,#1875,.F.);
#1301=ORIENTED_EDGE('',*,*,#1896,.F.);
#1302=ORIENTED_EDGE('',*,*,#1877,.T.);
#1303=ORIENTED_EDGE('',*,*,#1900,.T.);
#1304=ORIENTED_EDGE('',*,*,#1901,.F.);
#1305=ORIENTED_EDGE('',*,*,#1869,.F.);
#1306=ORIENTED_EDGE('',*,*,#1901,.T.);
#1307=ORIENTED_EDGE('',*,*,#1902,.T.);
#1308=ORIENTED_EDGE('',*,*,#1903,.F.);
#1309=ORIENTED_EDGE('',*,*,#1870,.F.);
#1310=ORIENTED_EDGE('',*,*,#1903,.T.);
#1311=ORIENTED_EDGE('',*,*,#1904,.T.);
#1312=ORIENTED_EDGE('',*,*,#1886,.F.);
#1313=ORIENTED_EDGE('',*,*,#1871,.F.);
#1314=ORIENTED_EDGE('',*,*,#1888,.T.);
#1315=ORIENTED_EDGE('',*,*,#1905,.T.);
#1316=ORIENTED_EDGE('',*,*,#1906,.F.);
#1317=ORIENTED_EDGE('',*,*,#1894,.F.);
#1318=ORIENTED_EDGE('',*,*,#1906,.T.);
#1319=ORIENTED_EDGE('',*,*,#1907,.T.);
#1320=ORIENTED_EDGE('',*,*,#1898,.F.);
#1321=ORIENTED_EDGE('',*,*,#1895,.F.);
#1322=ORIENTED_EDGE('',*,*,#1899,.F.);
#1323=ORIENTED_EDGE('',*,*,#1907,.F.);
#1324=ORIENTED_EDGE('',*,*,#1905,.F.);
#1325=ORIENTED_EDGE('',*,*,#1887,.F.);
#1326=ORIENTED_EDGE('',*,*,#1904,.F.);
#1327=ORIENTED_EDGE('',*,*,#1902,.F.);
#1328=ORIENTED_EDGE('',*,*,#1900,.F.);
#1329=ORIENTED_EDGE('',*,*,#1876,.F.);
#1330=ORIENTED_EDGE('',*,*,#1835,.F.);
#1331=ORIENTED_EDGE('',*,*,#1908,.F.);
#1332=ORIENTED_EDGE('',*,*,#1909,.T.);
#1333=ORIENTED_EDGE('',*,*,#1910,.T.);
#1334=ORIENTED_EDGE('',*,*,#1836,.F.);
#1335=ORIENTED_EDGE('',*,*,#1910,.F.);
#1336=ORIENTED_EDGE('',*,*,#1911,.T.);
#1337=ORIENTED_EDGE('',*,*,#1912,.T.);
#1338=ORIENTED_EDGE('',*,*,#1837,.F.);
#1339=ORIENTED_EDGE('',*,*,#1912,.F.);
#1340=ORIENTED_EDGE('',*,*,#1913,.T.);
#1341=ORIENTED_EDGE('',*,*,#1914,.T.);
#1342=ORIENTED_EDGE('',*,*,#1838,.F.);
#1343=ORIENTED_EDGE('',*,*,#1914,.F.);
#1344=ORIENTED_EDGE('',*,*,#1915,.T.);
#1345=ORIENTED_EDGE('',*,*,#1916,.T.);
#1346=ORIENTED_EDGE('',*,*,#1917,.F.);
#1347=ORIENTED_EDGE('',*,*,#1918,.F.);
#1348=ORIENTED_EDGE('',*,*,#1919,.T.);
#1349=ORIENTED_EDGE('',*,*,#1920,.T.);
#1350=ORIENTED_EDGE('',*,*,#1921,.F.);
#1351=ORIENTED_EDGE('',*,*,#1920,.F.);
#1352=ORIENTED_EDGE('',*,*,#1922,.T.);
#1353=ORIENTED_EDGE('',*,*,#1918,.T.);
#1354=ORIENTED_EDGE('',*,*,#1834,.F.);
#1355=ORIENTED_EDGE('',*,*,#1916,.F.);
#1356=ORIENTED_EDGE('',*,*,#1923,.T.);
#1357=ORIENTED_EDGE('',*,*,#1908,.T.);
#1358=ORIENTED_EDGE('',*,*,#1919,.F.);
#1359=ORIENTED_EDGE('',*,*,#1922,.F.);
#1360=ORIENTED_EDGE('',*,*,#1909,.F.);
#1361=ORIENTED_EDGE('',*,*,#1923,.F.);
#1362=ORIENTED_EDGE('',*,*,#1915,.F.);
#1363=ORIENTED_EDGE('',*,*,#1913,.F.);
#1364=ORIENTED_EDGE('',*,*,#1911,.F.);
#1365=ORIENTED_EDGE('',*,*,#1921,.T.);
#1366=ORIENTED_EDGE('',*,*,#1917,.T.);
#1367=ORIENTED_EDGE('',*,*,#1831,.F.);
#1368=ORIENTED_EDGE('',*,*,#1924,.F.);
#1369=ORIENTED_EDGE('',*,*,#1925,.T.);
#1370=ORIENTED_EDGE('',*,*,#1926,.T.);
#1371=ORIENTED_EDGE('',*,*,#1832,.F.);
#1372=ORIENTED_EDGE('',*,*,#1926,.F.);
#1373=ORIENTED_EDGE('',*,*,#1927,.T.);
#1374=ORIENTED_EDGE('',*,*,#1928,.T.);
#1375=ORIENTED_EDGE('',*,*,#1833,.F.);
#1376=ORIENTED_EDGE('',*,*,#1928,.F.);
#1377=ORIENTED_EDGE('',*,*,#1929,.T.);
#1378=ORIENTED_EDGE('',*,*,#1930,.T.);
#1379=ORIENTED_EDGE('',*,*,#1830,.F.);
#1380=ORIENTED_EDGE('',*,*,#1930,.F.);
#1381=ORIENTED_EDGE('',*,*,#1931,.T.);
#1382=ORIENTED_EDGE('',*,*,#1924,.T.);
#1383=ORIENTED_EDGE('',*,*,#1925,.F.);
#1384=ORIENTED_EDGE('',*,*,#1931,.F.);
#1385=ORIENTED_EDGE('',*,*,#1929,.F.);
#1386=ORIENTED_EDGE('',*,*,#1927,.F.);
#1387=ORIENTED_EDGE('',*,*,#1840,.F.);
#1388=ORIENTED_EDGE('',*,*,#1932,.F.);
#1389=ORIENTED_EDGE('',*,*,#1933,.T.);
#1390=ORIENTED_EDGE('',*,*,#1934,.T.);
#1391=ORIENTED_EDGE('',*,*,#1841,.F.);
#1392=ORIENTED_EDGE('',*,*,#1934,.F.);
#1393=ORIENTED_EDGE('',*,*,#1935,.T.);
#1394=ORIENTED_EDGE('',*,*,#1936,.T.);
#1395=ORIENTED_EDGE('',*,*,#1842,.F.);
#1396=ORIENTED_EDGE('',*,*,#1936,.F.);
#1397=ORIENTED_EDGE('',*,*,#1937,.T.);
#1398=ORIENTED_EDGE('',*,*,#1938,.T.);
#1399=ORIENTED_EDGE('',*,*,#1843,.F.);
#1400=ORIENTED_EDGE('',*,*,#1938,.F.);
#1401=ORIENTED_EDGE('',*,*,#1939,.T.);
#1402=ORIENTED_EDGE('',*,*,#1940,.T.);
#1403=ORIENTED_EDGE('',*,*,#1844,.F.);
#1404=ORIENTED_EDGE('',*,*,#1940,.F.);
#1405=ORIENTED_EDGE('',*,*,#1941,.T.);
#1406=ORIENTED_EDGE('',*,*,#1942,.T.);
#1407=ORIENTED_EDGE('',*,*,#1845,.F.);
#1408=ORIENTED_EDGE('',*,*,#1942,.F.);
#1409=ORIENTED_EDGE('',*,*,#1943,.T.);
#1410=ORIENTED_EDGE('',*,*,#1944,.T.);
#1411=ORIENTED_EDGE('',*,*,#1846,.F.);
#1412=ORIENTED_EDGE('',*,*,#1944,.F.);
#1413=ORIENTED_EDGE('',*,*,#1945,.T.);
#1414=ORIENTED_EDGE('',*,*,#1946,.T.);
#1415=ORIENTED_EDGE('',*,*,#1847,.F.);
#1416=ORIENTED_EDGE('',*,*,#1946,.F.);
#1417=ORIENTED_EDGE('',*,*,#1947,.T.);
#1418=ORIENTED_EDGE('',*,*,#1948,.T.);
#1419=ORIENTED_EDGE('',*,*,#1848,.F.);
#1420=ORIENTED_EDGE('',*,*,#1948,.F.);
#1421=ORIENTED_EDGE('',*,*,#1949,.T.);
#1422=ORIENTED_EDGE('',*,*,#1950,.T.);
#1423=ORIENTED_EDGE('',*,*,#1849,.F.);
#1424=ORIENTED_EDGE('',*,*,#1950,.F.);
#1425=ORIENTED_EDGE('',*,*,#1951,.T.);
#1426=ORIENTED_EDGE('',*,*,#1952,.T.);
#1427=ORIENTED_EDGE('',*,*,#1850,.F.);
#1428=ORIENTED_EDGE('',*,*,#1952,.F.);
#1429=ORIENTED_EDGE('',*,*,#1953,.T.);
#1430=ORIENTED_EDGE('',*,*,#1954,.T.);
#1431=ORIENTED_EDGE('',*,*,#1839,.F.);
#1432=ORIENTED_EDGE('',*,*,#1954,.F.);
#1433=ORIENTED_EDGE('',*,*,#1955,.T.);
#1434=ORIENTED_EDGE('',*,*,#1932,.T.);
#1435=ORIENTED_EDGE('',*,*,#1933,.F.);
#1436=ORIENTED_EDGE('',*,*,#1955,.F.);
#1437=ORIENTED_EDGE('',*,*,#1953,.F.);
#1438=ORIENTED_EDGE('',*,*,#1951,.F.);
#1439=ORIENTED_EDGE('',*,*,#1949,.F.);
#1440=ORIENTED_EDGE('',*,*,#1947,.F.);
#1441=ORIENTED_EDGE('',*,*,#1945,.F.);
#1442=ORIENTED_EDGE('',*,*,#1943,.F.);
#1443=ORIENTED_EDGE('',*,*,#1941,.F.);
#1444=ORIENTED_EDGE('',*,*,#1939,.F.);
#1445=ORIENTED_EDGE('',*,*,#1937,.F.);
#1446=ORIENTED_EDGE('',*,*,#1935,.F.);
#1447=ORIENTED_EDGE('',*,*,#1956,.F.);
#1448=ORIENTED_EDGE('',*,*,#1878,.F.);
#1449=ORIENTED_EDGE('',*,*,#1867,.F.);
#1450=ORIENTED_EDGE('',*,*,#1881,.F.);
#1451=ORIENTED_EDGE('',*,*,#1957,.F.);
#1452=ORIENTED_EDGE('',*,*,#1956,.T.);
#1453=ORIENTED_EDGE('',*,*,#1958,.F.);
#1454=ORIENTED_EDGE('',*,*,#1865,.F.);
#1455=ORIENTED_EDGE('',*,*,#1885,.F.);
#1456=ORIENTED_EDGE('',*,*,#1959,.F.);
#1457=ORIENTED_EDGE('',*,*,#1879,.F.);
#1458=ORIENTED_EDGE('',*,*,#1958,.T.);
#1459=ORIENTED_EDGE('',*,*,#1880,.F.);
#1460=ORIENTED_EDGE('',*,*,#1960,.F.);
#1461=ORIENTED_EDGE('',*,*,#1829,.F.);
#1462=ORIENTED_EDGE('',*,*,#1957,.T.);
#1463=ORIENTED_EDGE('',*,*,#1828,.F.);
#1464=ORIENTED_EDGE('',*,*,#1961,.F.);
#1465=ORIENTED_EDGE('',*,*,#1872,.F.);
#1466=ORIENTED_EDGE('',*,*,#1897,.F.);
#1467=ORIENTED_EDGE('',*,*,#1873,.F.);
#1468=ORIENTED_EDGE('',*,*,#1962,.F.);
#1469=ORIENTED_EDGE('',*,*,#1892,.F.);
#1470=ORIENTED_EDGE('',*,*,#1960,.T.);
#1471=ORIENTED_EDGE('',*,*,#1959,.T.);
#1472=ORIENTED_EDGE('',*,*,#1963,.F.);
#1473=ORIENTED_EDGE('',*,*,#1962,.T.);
#1474=ORIENTED_EDGE('',*,*,#1961,.T.);
#1475=ORIENTED_EDGE('',*,*,#1964,.F.);
#1476=ORIENTED_EDGE('',*,*,#1963,.T.);
#1477=ORIENTED_EDGE('',*,*,#1884,.F.);
#1478=ORIENTED_EDGE('',*,*,#1965,.F.);
#1479=ORIENTED_EDGE('',*,*,#1826,.F.);
#1480=ORIENTED_EDGE('',*,*,#1964,.T.);
#1481=ORIENTED_EDGE('',*,*,#1827,.F.);
#1482=ORIENTED_EDGE('',*,*,#1966,.F.);
#1483=ORIENTED_EDGE('',*,*,#1889,.F.);
#1484=ORIENTED_EDGE('',*,*,#1966,.T.);
#1485=ORIENTED_EDGE('',*,*,#1965,.T.);
#1486=ORIENTED_EDGE('',*,*,#1967,.F.);
#1487=ORIENTED_EDGE('',*,*,#1893,.F.);
#1488=ORIENTED_EDGE('',*,*,#1890,.F.);
#1489=ORIENTED_EDGE('',*,*,#1967,.T.);
#1490=ORIENTED_EDGE('',*,*,#1883,.F.);
#1491=ORIENTED_EDGE('',*,*,#1852,.F.);
#1492=ORIENTED_EDGE('',*,*,#1968,.F.);
#1493=ORIENTED_EDGE('',*,*,#1969,.T.);
#1494=ORIENTED_EDGE('',*,*,#1970,.T.);
#1495=ORIENTED_EDGE('',*,*,#1853,.F.);
#1496=ORIENTED_EDGE('',*,*,#1970,.F.);
#1497=ORIENTED_EDGE('',*,*,#1971,.T.);
#1498=ORIENTED_EDGE('',*,*,#1972,.T.);
#1499=ORIENTED_EDGE('',*,*,#1854,.F.);
#1500=ORIENTED_EDGE('',*,*,#1972,.F.);
#1501=ORIENTED_EDGE('',*,*,#1973,.T.);
#1502=ORIENTED_EDGE('',*,*,#1974,.T.);
#1503=ORIENTED_EDGE('',*,*,#1855,.F.);
#1504=ORIENTED_EDGE('',*,*,#1974,.F.);
#1505=ORIENTED_EDGE('',*,*,#1975,.T.);
#1506=ORIENTED_EDGE('',*,*,#1976,.T.);
#1507=ORIENTED_EDGE('',*,*,#1856,.F.);
#1508=ORIENTED_EDGE('',*,*,#1976,.F.);
#1509=ORIENTED_EDGE('',*,*,#1977,.T.);
#1510=ORIENTED_EDGE('',*,*,#1978,.T.);
#1511=ORIENTED_EDGE('',*,*,#1857,.F.);
#1512=ORIENTED_EDGE('',*,*,#1978,.F.);
#1513=ORIENTED_EDGE('',*,*,#1979,.T.);
#1514=ORIENTED_EDGE('',*,*,#1980,.T.);
#1515=ORIENTED_EDGE('',*,*,#1858,.F.);
#1516=ORIENTED_EDGE('',*,*,#1980,.F.);
#1517=ORIENTED_EDGE('',*,*,#1981,.T.);
#1518=ORIENTED_EDGE('',*,*,#1982,.T.);
#1519=ORIENTED_EDGE('',*,*,#1859,.F.);
#1520=ORIENTED_EDGE('',*,*,#1982,.F.);
#1521=ORIENTED_EDGE('',*,*,#1983,.T.);
#1522=ORIENTED_EDGE('',*,*,#1984,.T.);
#1523=ORIENTED_EDGE('',*,*,#1860,.F.);
#1524=ORIENTED_EDGE('',*,*,#1984,.F.);
#1525=ORIENTED_EDGE('',*,*,#1985,.T.);
#1526=ORIENTED_EDGE('',*,*,#1986,.T.);
#1527=ORIENTED_EDGE('',*,*,#1861,.F.);
#1528=ORIENTED_EDGE('',*,*,#1986,.F.);
#1529=ORIENTED_EDGE('',*,*,#1987,.T.);
#1530=ORIENTED_EDGE('',*,*,#1988,.T.);
#1531=ORIENTED_EDGE('',*,*,#1862,.F.);
#1532=ORIENTED_EDGE('',*,*,#1988,.F.);
#1533=ORIENTED_EDGE('',*,*,#1989,.T.);
#1534=ORIENTED_EDGE('',*,*,#1990,.T.);
#1535=ORIENTED_EDGE('',*,*,#1863,.F.);
#1536=ORIENTED_EDGE('',*,*,#1990,.F.);
#1537=ORIENTED_EDGE('',*,*,#1991,.T.);
#1538=ORIENTED_EDGE('',*,*,#1992,.T.);
#1539=ORIENTED_EDGE('',*,*,#1851,.F.);
#1540=ORIENTED_EDGE('',*,*,#1992,.F.);
#1541=ORIENTED_EDGE('',*,*,#1993,.T.);
#1542=ORIENTED_EDGE('',*,*,#1968,.T.);
#1543=ORIENTED_EDGE('',*,*,#1969,.F.);
#1544=ORIENTED_EDGE('',*,*,#1993,.F.);
#1545=ORIENTED_EDGE('',*,*,#1991,.F.);
#1546=ORIENTED_EDGE('',*,*,#1989,.F.);
#1547=ORIENTED_EDGE('',*,*,#1987,.F.);
#1548=ORIENTED_EDGE('',*,*,#1985,.F.);
#1549=ORIENTED_EDGE('',*,*,#1983,.F.);
#1550=ORIENTED_EDGE('',*,*,#1981,.F.);
#1551=ORIENTED_EDGE('',*,*,#1979,.F.);
#1552=ORIENTED_EDGE('',*,*,#1977,.F.);
#1553=ORIENTED_EDGE('',*,*,#1975,.F.);
#1554=ORIENTED_EDGE('',*,*,#1973,.F.);
#1555=ORIENTED_EDGE('',*,*,#1971,.F.);
#1556=ORIENTED_EDGE('',*,*,#1814,.T.);
#1557=ORIENTED_EDGE('',*,*,#1994,.F.);
#1558=ORIENTED_EDGE('',*,*,#1995,.F.);
#1559=ORIENTED_EDGE('',*,*,#1996,.T.);
#1560=ORIENTED_EDGE('',*,*,#1825,.T.);
#1561=ORIENTED_EDGE('',*,*,#1997,.F.);
#1562=ORIENTED_EDGE('',*,*,#1998,.F.);
#1563=ORIENTED_EDGE('',*,*,#1994,.T.);
#1564=ORIENTED_EDGE('',*,*,#1824,.T.);
#1565=ORIENTED_EDGE('',*,*,#1999,.F.);
#1566=ORIENTED_EDGE('',*,*,#2000,.F.);
#1567=ORIENTED_EDGE('',*,*,#1997,.T.);
#1568=ORIENTED_EDGE('',*,*,#1823,.T.);
#1569=ORIENTED_EDGE('',*,*,#2001,.F.);
#1570=ORIENTED_EDGE('',*,*,#2002,.F.);
#1571=ORIENTED_EDGE('',*,*,#1999,.T.);
#1572=ORIENTED_EDGE('',*,*,#1822,.T.);
#1573=ORIENTED_EDGE('',*,*,#2003,.F.);
#1574=ORIENTED_EDGE('',*,*,#2004,.F.);
#1575=ORIENTED_EDGE('',*,*,#2001,.T.);
#1576=ORIENTED_EDGE('',*,*,#1821,.T.);
#1577=ORIENTED_EDGE('',*,*,#2005,.F.);
#1578=ORIENTED_EDGE('',*,*,#2006,.F.);
#1579=ORIENTED_EDGE('',*,*,#2003,.T.);
#1580=ORIENTED_EDGE('',*,*,#1820,.T.);
#1581=ORIENTED_EDGE('',*,*,#2007,.F.);
#1582=ORIENTED_EDGE('',*,*,#2008,.F.);
#1583=ORIENTED_EDGE('',*,*,#2005,.T.);
#1584=ORIENTED_EDGE('',*,*,#1819,.T.);
#1585=ORIENTED_EDGE('',*,*,#2009,.F.);
#1586=ORIENTED_EDGE('',*,*,#2010,.F.);
#1587=ORIENTED_EDGE('',*,*,#2007,.T.);
#1588=ORIENTED_EDGE('',*,*,#1818,.T.);
#1589=ORIENTED_EDGE('',*,*,#2011,.F.);
#1590=ORIENTED_EDGE('',*,*,#2012,.F.);
#1591=ORIENTED_EDGE('',*,*,#2009,.T.);
#1592=ORIENTED_EDGE('',*,*,#1817,.T.);
#1593=ORIENTED_EDGE('',*,*,#2013,.F.);
#1594=ORIENTED_EDGE('',*,*,#2014,.F.);
#1595=ORIENTED_EDGE('',*,*,#2011,.T.);
#1596=ORIENTED_EDGE('',*,*,#1816,.T.);
#1597=ORIENTED_EDGE('',*,*,#2015,.F.);
#1598=ORIENTED_EDGE('',*,*,#2016,.F.);
#1599=ORIENTED_EDGE('',*,*,#2013,.T.);
#1600=ORIENTED_EDGE('',*,*,#1815,.T.);
#1601=ORIENTED_EDGE('',*,*,#1996,.F.);
#1602=ORIENTED_EDGE('',*,*,#2017,.F.);
#1603=ORIENTED_EDGE('',*,*,#2015,.T.);
#1604=ORIENTED_EDGE('',*,*,#1995,.T.);
#1605=ORIENTED_EDGE('',*,*,#1998,.T.);
#1606=ORIENTED_EDGE('',*,*,#2000,.T.);
#1607=ORIENTED_EDGE('',*,*,#2002,.T.);
#1608=ORIENTED_EDGE('',*,*,#2004,.T.);
#1609=ORIENTED_EDGE('',*,*,#2006,.T.);
#1610=ORIENTED_EDGE('',*,*,#2008,.T.);
#1611=ORIENTED_EDGE('',*,*,#2010,.T.);
#1612=ORIENTED_EDGE('',*,*,#2012,.T.);
#1613=ORIENTED_EDGE('',*,*,#2014,.T.);
#1614=ORIENTED_EDGE('',*,*,#2016,.T.);
#1615=ORIENTED_EDGE('',*,*,#2017,.T.);
#1616=EDGE_CURVE('',#2018,#2019,#2272,.T.);
#1617=EDGE_CURVE('',#2020,#2019,#300,.T.);
#1618=EDGE_CURVE('',#2021,#2020,#2273,.T.);
#1619=EDGE_CURVE('',#2021,#2018,#301,.T.);
#1620=EDGE_CURVE('',#2022,#2023,#2274,.T.);
#1621=EDGE_CURVE('',#2023,#2024,#302,.T.);
#1622=EDGE_CURVE('',#2025,#2024,#2275,.T.);
#1623=EDGE_CURVE('',#2022,#2025,#303,.T.);
#1624=EDGE_CURVE('',#2020,#2023,#228,.F.);
#1625=EDGE_CURVE('',#2021,#2022,#229,.F.);
#1626=EDGE_CURVE('',#2019,#2024,#230,.T.);
#1627=EDGE_CURVE('',#2018,#2025,#231,.T.);
#1628=EDGE_CURVE('',#2026,#2027,#304,.F.);
#1629=EDGE_CURVE('',#2028,#2026,#305,.T.);
#1630=EDGE_CURVE('',#2029,#2028,#306,.T.);
#1631=EDGE_CURVE('',#2029,#2027,#307,.T.);
#1632=EDGE_CURVE('',#2030,#2029,#232,.T.);
#1633=EDGE_CURVE('',#2030,#2031,#308,.T.);
#1634=EDGE_CURVE('',#2031,#2027,#233,.T.);
#1635=EDGE_CURVE('',#2032,#2030,#309,.F.);
#1636=EDGE_CURVE('',#2032,#2033,#310,.T.);
#1637=EDGE_CURVE('',#2031,#2033,#311,.F.);
#1638=EDGE_CURVE('',#2028,#2032,#234,.T.);
#1639=EDGE_CURVE('',#2026,#2033,#235,.T.);
#1640=EDGE_CURVE('',#2018,#2028,#39,.T.);
#1641=EDGE_CURVE('',#2021,#2029,#40,.T.);
#1642=EDGE_CURVE('',#2022,#2030,#41,.T.);
#1643=EDGE_CURVE('',#2025,#2032,#42,.T.);
#1644=EDGE_CURVE('',#2034,#2035,#312,.T.);
#1645=EDGE_CURVE('',#2020,#2034,#43,.T.);
#1646=EDGE_CURVE('',#2019,#2035,#44,.T.);
#1647=EDGE_CURVE('',#2036,#2034,#236,.T.);
#1648=EDGE_CURVE('',#2023,#2036,#45,.T.);
#1649=EDGE_CURVE('',#2037,#2036,#313,.F.);
#1650=EDGE_CURVE('',#2024,#2037,#46,.T.);
#1651=EDGE_CURVE('',#2035,#2037,#237,.T.);
#1652=EDGE_CURVE('',#2038,#2039,#314,.T.);
#1653=EDGE_CURVE('',#2040,#2038,#238,.T.);
#1654=EDGE_CURVE('',#2040,#2041,#315,.T.);
#1655=EDGE_CURVE('',#2041,#2039,#239,.T.);
#1656=EDGE_CURVE('',#2042,#2043,#316,.T.);
#1657=EDGE_CURVE('',#2044,#2042,#240,.T.);
#1658=EDGE_CURVE('',#2044,#2045,#317,.T.);
#1659=EDGE_CURVE('',#2045,#2043,#241,.T.);
#1660=EDGE_CURVE('',#2046,#2038,#47,.T.);
#1661=EDGE_CURVE('',#2047,#2046,#242,.T.);
#1662=EDGE_CURVE('',#2047,#2040,#48,.T.);
#1663=EDGE_CURVE('',#2048,#2042,#49,.T.);
#1664=EDGE_CURVE('',#2049,#2048,#243,.T.);
#1665=EDGE_CURVE('',#2049,#2044,#50,.T.);
#1666=EDGE_CURVE('',#2036,#2046,#318,.T.);
#1667=EDGE_CURVE('',#2039,#2050,#319,.T.);
#1668=EDGE_CURVE('',#2050,#2051,#51,.T.);
#1669=EDGE_CURVE('',#2051,#2052,#320,.T.);
#1670=EDGE_CURVE('',#2053,#2052,#321,.F.);
#1671=EDGE_CURVE('',#2054,#2053,#322,.T.);
#1672=EDGE_CURVE('',#2055,#2054,#52,.T.);
#1673=EDGE_CURVE('',#2045,#2055,#323,.T.);
#1674=EDGE_CURVE('',#2037,#2049,#324,.T.);
#1675=EDGE_CURVE('',#2034,#2047,#325,.T.);
#1676=EDGE_CURVE('',#2035,#2048,#326,.T.);
#1677=EDGE_CURVE('',#2043,#2056,#327,.T.);
#1678=EDGE_CURVE('',#2056,#2057,#53,.T.);
#1679=EDGE_CURVE('',#2057,#2058,#328,.T.);
#1680=EDGE_CURVE('',#2059,#2058,#329,.T.);
#1681=EDGE_CURVE('',#2060,#2059,#330,.T.);
#1682=EDGE_CURVE('',#2061,#2060,#54,.T.);
#1683=EDGE_CURVE('',#2041,#2061,#331,.T.);
#1684=EDGE_CURVE('',#2062,#2031,#332,.T.);
#1685=EDGE_CURVE('',#2063,#2062,#333,.F.);
#1686=EDGE_CURVE('',#2063,#2027,#334,.T.);
#1687=EDGE_CURVE('',#2064,#2026,#335,.T.);
#1688=EDGE_CURVE('',#2065,#2064,#336,.F.);
#1689=EDGE_CURVE('',#2065,#2033,#337,.T.);
#1690=EDGE_CURVE('',#2066,#2062,#55,.T.);
#1691=EDGE_CURVE('',#2067,#2066,#338,.F.);
#1692=EDGE_CURVE('',#2067,#2063,#56,.T.);
#1693=EDGE_CURVE('',#2068,#2064,#57,.T.);
#1694=EDGE_CURVE('',#2069,#2068,#339,.F.);
#1695=EDGE_CURVE('',#2069,#2065,#58,.T.);
#1696=EDGE_CURVE('',#2070,#2066,#340,.T.);
#1697=EDGE_CURVE('',#2071,#2070,#341,.F.);
#1698=EDGE_CURVE('',#2071,#2067,#342,.T.);
#1699=EDGE_CURVE('',#2072,#2068,#343,.T.);
#1700=EDGE_CURVE('',#2073,#2072,#344,.F.);
#1701=EDGE_CURVE('',#2073,#2069,#345,.T.);
#1702=EDGE_CURVE('',#2074,#2070,#59,.T.);
#1703=EDGE_CURVE('',#2075,#2074,#346,.F.);
#1704=EDGE_CURVE('',#2075,#2071,#60,.T.);
#1705=EDGE_CURVE('',#2076,#2072,#61,.T.);
#1706=EDGE_CURVE('',#2077,#2076,#347,.F.);
#1707=EDGE_CURVE('',#2077,#2073,#62,.T.);
#1708=EDGE_CURVE('',#2078,#2074,#348,.T.);
#1709=EDGE_CURVE('',#2079,#2078,#349,.F.);
#1710=EDGE_CURVE('',#2079,#2075,#350,.T.);
#1711=EDGE_CURVE('',#2080,#2079,#351,.F.);
#1712=EDGE_CURVE('',#2080,#2076,#352,.T.);
#1713=EDGE_CURVE('',#2081,#2080,#353,.F.);
#1714=EDGE_CURVE('',#2081,#2077,#354,.T.);
#1715=EDGE_CURVE('',#2078,#2081,#355,.F.);
#1716=EDGE_CURVE('',#2058,#2053,#244,.F.);
#1717=EDGE_CURVE('',#2057,#2054,#245,.F.);
#1718=EDGE_CURVE('',#2052,#2059,#246,.F.);
#1719=EDGE_CURVE('',#2051,#2060,#247,.F.);
#1720=EDGE_CURVE('',#2056,#2055,#248,.F.);
#1721=EDGE_CURVE('',#2050,#2061,#249,.F.);
#1722=EDGE_CURVE('',#2082,#2083,#356,.F.);
#1723=EDGE_CURVE('',#2083,#2084,#357,.T.);
#1724=EDGE_CURVE('',#2085,#2084,#358,.T.);
#1725=EDGE_CURVE('',#2082,#2085,#359,.T.);
#1726=EDGE_CURVE('',#2086,#2087,#360,.T.);
#1727=EDGE_CURVE('',#2087,#2088,#361,.T.);
#1728=EDGE_CURVE('',#2089,#2088,#362,.T.);
#1729=EDGE_CURVE('',#2089,#2086,#363,.T.);
#1730=EDGE_CURVE('',#2090,#2091,#364,.T.);
#1731=EDGE_CURVE('',#2090,#2092,#365,.F.);
#1732=EDGE_CURVE('',#2092,#2093,#366,.T.);
#1733=EDGE_CURVE('',#2091,#2093,#367,.T.);
#1734=EDGE_CURVE('',#2094,#2094,#63,.T.);
#1735=EDGE_CURVE('',#2095,#2096,#368,.T.);
#1736=EDGE_CURVE('',#2096,#2089,#369,.T.);
#1737=EDGE_CURVE('',#2088,#2097,#64,.T.);
#1738=EDGE_CURVE('',#2097,#2098,#370,.T.);
#1739=EDGE_CURVE('',#2098,#2082,#65,.T.);
#1740=EDGE_CURVE('',#2099,#2085,#371,.T.);
#1741=EDGE_CURVE('',#2099,#2100,#372,.F.);
#1742=EDGE_CURVE('',#2101,#2100,#373,.T.);
#1743=EDGE_CURVE('',#2101,#2102,#374,.T.);
#1744=EDGE_CURVE('',#2102,#2103,#66,.T.);
#1745=EDGE_CURVE('',#2103,#2104,#375,.T.);
#1746=EDGE_CURVE('',#2104,#2090,#67,.T.);
#1747=EDGE_CURVE('',#2091,#2095,#376,.T.);
#1748=EDGE_CURVE('',#2105,#2106,#377,.T.);
#1749=EDGE_CURVE('',#2107,#2105,#378,.T.);
#1750=EDGE_CURVE('',#2108,#2107,#379,.T.);
#1751=EDGE_CURVE('',#2108,#2106,#380,.T.);
#1752=EDGE_CURVE('',#2109,#2110,#381,.T.);
#1753=EDGE_CURVE('',#2110,#2111,#382,.T.);
#1754=EDGE_CURVE('',#2111,#2112,#383,.F.);
#1755=EDGE_CURVE('',#2112,#2113,#384,.F.);
#1756=EDGE_CURVE('',#2113,#2114,#385,.F.);
#1757=EDGE_CURVE('',#2115,#2114,#386,.T.);
#1758=EDGE_CURVE('',#2116,#2115,#387,.T.);
#1759=EDGE_CURVE('',#2117,#2116,#388,.T.);
#1760=EDGE_CURVE('',#2117,#2118,#389,.F.);
#1761=EDGE_CURVE('',#2118,#2119,#390,.F.);
#1762=EDGE_CURVE('',#2119,#2120,#391,.F.);
#1763=EDGE_CURVE('',#2120,#2109,#392,.T.);
#1764=EDGE_CURVE('',#2097,#2121,#393,.F.);
#1765=EDGE_CURVE('',#2121,#2122,#394,.T.);
#1766=EDGE_CURVE('',#2122,#2098,#395,.T.);
#1767=EDGE_CURVE('',#2123,#2124,#396,.T.);
#1768=EDGE_CURVE('',#2124,#2102,#397,.T.);
#1769=EDGE_CURVE('',#2101,#2123,#398,.T.);
#1770=EDGE_CURVE('',#2103,#2125,#399,.F.);
#1771=EDGE_CURVE('',#2125,#2126,#400,.T.);
#1772=EDGE_CURVE('',#2126,#2104,#401,.T.);
#1773=EDGE_CURVE('',#2120,#2086,#68,.T.);
#1774=EDGE_CURVE('',#2096,#2127,#69,.F.);
#1775=EDGE_CURVE('',#2127,#2128,#402,.T.);
#1776=EDGE_CURVE('',#2128,#2108,#70,.F.);
#1777=EDGE_CURVE('',#2107,#2109,#403,.T.);
#1778=EDGE_CURVE('',#2105,#2110,#404,.T.);
#1779=EDGE_CURVE('',#2093,#2111,#71,.T.);
#1780=EDGE_CURVE('',#2106,#2129,#72,.F.);
#1781=EDGE_CURVE('',#2130,#2129,#405,.T.);
#1782=EDGE_CURVE('',#2130,#2095,#73,.F.);
#1783=EDGE_CURVE('',#2084,#2117,#74,.F.);
#1784=EDGE_CURVE('',#2131,#2116,#406,.T.);
#1785=EDGE_CURVE('',#2132,#2131,#407,.T.);
#1786=EDGE_CURVE('',#2132,#2133,#75,.T.);
#1787=EDGE_CURVE('',#2134,#2133,#408,.T.);
#1788=EDGE_CURVE('',#2134,#2099,#76,.T.);
#1789=EDGE_CURVE('',#2135,#2115,#409,.T.);
#1790=EDGE_CURVE('',#2131,#2135,#410,.T.);
#1791=EDGE_CURVE('',#2114,#2123,#77,.F.);
#1792=EDGE_CURVE('',#2100,#2136,#78,.T.);
#1793=EDGE_CURVE('',#2136,#2137,#411,.T.);
#1794=EDGE_CURVE('',#2137,#2138,#79,.T.);
#1795=EDGE_CURVE('',#2135,#2138,#412,.T.);
#1796=EDGE_CURVE('',#2138,#2132,#413,.F.);
#1797=EDGE_CURVE('',#2129,#2128,#414,.F.);
#1798=EDGE_CURVE('',#2127,#2130,#415,.F.);
#1799=EDGE_CURVE('',#2133,#2137,#416,.T.);
#1800=EDGE_CURVE('',#2136,#2134,#417,.T.);
#1801=EDGE_CURVE('',#2083,#2122,#80,.T.);
#1802=EDGE_CURVE('',#2118,#2083,#81,.T.);
#1803=EDGE_CURVE('',#2118,#2122,#82,.F.);
#1804=EDGE_CURVE('',#2119,#2121,#83,.T.);
#1805=EDGE_CURVE('',#2087,#2119,#84,.T.);
#1806=EDGE_CURVE('',#2087,#2121,#85,.F.);
#1807=EDGE_CURVE('',#2092,#2126,#86,.T.);
#1808=EDGE_CURVE('',#2112,#2092,#87,.T.);
#1809=EDGE_CURVE('',#2112,#2126,#88,.F.);
#1810=EDGE_CURVE('',#2113,#2125,#89,.T.);
#1811=EDGE_CURVE('',#2124,#2113,#90,.T.);
#1812=EDGE_CURVE('',#2124,#2125,#91,.F.);
#1813=EDGE_CURVE('',#2139,#2139,#92,.T.);
#1814=EDGE_CURVE('',#2140,#2141,#418,.T.);
#1815=EDGE_CURVE('',#2142,#2140,#419,.T.);
#1816=EDGE_CURVE('',#2143,#2142,#420,.T.);
#1817=EDGE_CURVE('',#2144,#2143,#421,.T.);
#1818=EDGE_CURVE('',#2145,#2144,#422,.T.);
#1819=EDGE_CURVE('',#2146,#2145,#423,.T.);
#1820=EDGE_CURVE('',#2147,#2146,#424,.T.);
#1821=EDGE_CURVE('',#2148,#2147,#425,.T.);
#1822=EDGE_CURVE('',#2149,#2148,#426,.T.);
#1823=EDGE_CURVE('',#2150,#2149,#427,.T.);
#1824=EDGE_CURVE('',#2151,#2150,#428,.T.);
#1825=EDGE_CURVE('',#2141,#2151,#429,.T.);
#1826=EDGE_CURVE('',#2152,#2153,#430,.T.);
#1827=EDGE_CURVE('',#2153,#2154,#431,.T.);
#1828=EDGE_CURVE('',#2154,#2155,#432,.T.);
#1829=EDGE_CURVE('',#2155,#2152,#433,.T.);
#1830=EDGE_CURVE('',#2156,#2157,#250,.T.);
#1831=EDGE_CURVE('',#2157,#2158,#251,.T.);
#1832=EDGE_CURVE('',#2158,#2159,#252,.T.);
#1833=EDGE_CURVE('',#2159,#2156,#253,.T.);
#1834=EDGE_CURVE('',#2160,#2161,#254,.T.);
#1835=EDGE_CURVE('',#2161,#2162,#255,.T.);
#1836=EDGE_CURVE('',#2162,#2163,#256,.T.);
#1837=EDGE_CURVE('',#2163,#2164,#257,.T.);
#1838=EDGE_CURVE('',#2164,#2160,#258,.T.);
#1839=EDGE_CURVE('',#2165,#2166,#259,.T.);
#1840=EDGE_CURVE('',#2166,#2167,#260,.T.);
#1841=EDGE_CURVE('',#2167,#2168,#261,.T.);
#1842=EDGE_CURVE('',#2168,#2169,#262,.T.);
#1843=EDGE_CURVE('',#2169,#2170,#263,.T.);
#1844=EDGE_CURVE('',#2170,#2171,#264,.T.);
#1845=EDGE_CURVE('',#2171,#2172,#265,.T.);
#1846=EDGE_CURVE('',#2172,#2173,#266,.T.);
#1847=EDGE_CURVE('',#2173,#2174,#267,.T.);
#1848=EDGE_CURVE('',#2174,#2175,#268,.T.);
#1849=EDGE_CURVE('',#2175,#2176,#269,.T.);
#1850=EDGE_CURVE('',#2176,#2165,#270,.T.);
#1851=EDGE_CURVE('',#2177,#2178,#434,.T.);
#1852=EDGE_CURVE('',#2178,#2179,#435,.T.);
#1853=EDGE_CURVE('',#2179,#2180,#436,.T.);
#1854=EDGE_CURVE('',#2180,#2181,#437,.T.);
#1855=EDGE_CURVE('',#2181,#2182,#438,.T.);
#1856=EDGE_CURVE('',#2182,#2183,#439,.T.);
#1857=EDGE_CURVE('',#2183,#2184,#440,.T.);
#1858=EDGE_CURVE('',#2184,#2185,#441,.T.);
#1859=EDGE_CURVE('',#2185,#2186,#442,.T.);
#1860=EDGE_CURVE('',#2186,#2187,#443,.T.);
#1861=EDGE_CURVE('',#2187,#2188,#444,.T.);
#1862=EDGE_CURVE('',#2188,#2189,#445,.T.);
#1863=EDGE_CURVE('',#2189,#2177,#446,.T.);
#1864=EDGE_CURVE('',#2190,#2191,#447,.T.);
#1865=EDGE_CURVE('',#2190,#2192,#93,.F.);
#1866=EDGE_CURVE('',#2193,#2192,#448,.T.);
#1867=EDGE_CURVE('',#2193,#2194,#94,.F.);
#1868=EDGE_CURVE('',#2195,#2194,#449,.T.);
#1869=EDGE_CURVE('',#2195,#2196,#450,.T.);
#1870=EDGE_CURVE('',#2196,#2197,#95,.T.);
#1871=EDGE_CURVE('',#2197,#2191,#451,.T.);
#1872=EDGE_CURVE('',#2198,#2199,#452,.F.);
#1873=EDGE_CURVE('',#2199,#2200,#453,.F.);
#1874=EDGE_CURVE('',#2200,#2201,#454,.T.);
#1875=EDGE_CURVE('',#2201,#2202,#455,.T.);
#1876=EDGE_CURVE('',#2202,#2203,#456,.T.);
#1877=EDGE_CURVE('',#2195,#2203,#457,.T.);
#1878=EDGE_CURVE('',#2194,#2198,#458,.T.);
#1879=EDGE_CURVE('',#2192,#2204,#459,.T.);
#1880=EDGE_CURVE('',#2204,#2205,#460,.F.);
#1881=EDGE_CURVE('',#2205,#2193,#461,.F.);
#1882=EDGE_CURVE('',#2206,#2207,#462,.T.);
#1883=EDGE_CURVE('',#2207,#2208,#463,.T.);
#1884=EDGE_CURVE('',#2208,#2209,#464,.F.);
#1885=EDGE_CURVE('',#2209,#2190,#465,.F.);
#1886=EDGE_CURVE('',#2191,#2210,#466,.T.);
#1887=EDGE_CURVE('',#2210,#2211,#467,.T.);
#1888=EDGE_CURVE('',#2206,#2211,#468,.T.);
#1889=EDGE_CURVE('',#2212,#2213,#469,.F.);
#1890=EDGE_CURVE('',#2213,#2214,#470,.F.);
#1891=EDGE_CURVE('',#2214,#2215,#471,.T.);
#1892=EDGE_CURVE('',#2215,#2212,#472,.T.);
#1893=EDGE_CURVE('',#2214,#2207,#96,.F.);
#1894=EDGE_CURVE('',#2206,#2216,#473,.T.);
#1895=EDGE_CURVE('',#2216,#2217,#97,.T.);
#1896=EDGE_CURVE('',#2217,#2201,#474,.T.);
#1897=EDGE_CURVE('',#2200,#2215,#98,.F.);
#1898=EDGE_CURVE('',#2217,#2218,#475,.T.);
#1899=EDGE_CURVE('',#2218,#2202,#476,.T.);
#1900=EDGE_CURVE('',#2203,#2219,#477,.T.);
#1901=EDGE_CURVE('',#2196,#2219,#478,.T.);
#1902=EDGE_CURVE('',#2219,#2220,#99,.T.);
#1903=EDGE_CURVE('',#2197,#2220,#479,.T.);
#1904=EDGE_CURVE('',#2220,#2210,#480,.T.);
#1905=EDGE_CURVE('',#2211,#2221,#481,.T.);
#1906=EDGE_CURVE('',#2216,#2221,#482,.T.);
#1907=EDGE_CURVE('',#2221,#2218,#100,.T.);
#1908=EDGE_CURVE('',#2222,#2161,#483,.T.);
#1909=EDGE_CURVE('',#2222,#2223,#271,.T.);
#1910=EDGE_CURVE('',#2223,#2162,#484,.T.);
#1911=EDGE_CURVE('',#2223,#2224,#272,.T.);
#1912=EDGE_CURVE('',#2224,#2163,#485,.T.);
#1913=EDGE_CURVE('',#2224,#2225,#273,.T.);
#1914=EDGE_CURVE('',#2225,#2164,#486,.T.);
#1915=EDGE_CURVE('',#2225,#2226,#274,.T.);
#1916=EDGE_CURVE('',#2226,#2160,#487,.T.);
#1917=EDGE_CURVE('',#2227,#2228,#275,.T.);
#1918=EDGE_CURVE('',#2229,#2227,#488,.T.);
#1919=EDGE_CURVE('',#2229,#2230,#276,.T.);
#1920=EDGE_CURVE('',#2230,#2228,#489,.T.);
#1921=EDGE_CURVE('',#2228,#2227,#277,.T.);
#1922=EDGE_CURVE('',#2230,#2229,#278,.T.);
#1923=EDGE_CURVE('',#2226,#2222,#279,.T.);
#1924=EDGE_CURVE('',#2231,#2157,#490,.T.);
#1925=EDGE_CURVE('',#2231,#2232,#280,.T.);
#1926=EDGE_CURVE('',#2232,#2158,#491,.T.);
#1927=EDGE_CURVE('',#2232,#2233,#281,.T.);
#1928=EDGE_CURVE('',#2233,#2159,#492,.T.);
#1929=EDGE_CURVE('',#2233,#2234,#282,.T.);
#1930=EDGE_CURVE('',#2234,#2156,#493,.T.);
#1931=EDGE_CURVE('',#2234,#2231,#283,.T.);
#1932=EDGE_CURVE('',#2235,#2166,#494,.T.);
#1933=EDGE_CURVE('',#2235,#2236,#284,.T.);
#1934=EDGE_CURVE('',#2236,#2167,#495,.T.);
#1935=EDGE_CURVE('',#2236,#2237,#285,.T.);
#1936=EDGE_CURVE('',#2237,#2168,#496,.T.);
#1937=EDGE_CURVE('',#2237,#2238,#286,.T.);
#1938=EDGE_CURVE('',#2238,#2169,#497,.T.);
#1939=EDGE_CURVE('',#2238,#2239,#287,.T.);
#1940=EDGE_CURVE('',#2239,#2170,#498,.T.);
#1941=EDGE_CURVE('',#2239,#2240,#288,.T.);
#1942=EDGE_CURVE('',#2240,#2171,#499,.T.);
#1943=EDGE_CURVE('',#2240,#2241,#289,.T.);
#1944=EDGE_CURVE('',#2241,#2172,#500,.T.);
#1945=EDGE_CURVE('',#2241,#2242,#290,.T.);
#1946=EDGE_CURVE('',#2242,#2173,#501,.T.);
#1947=EDGE_CURVE('',#2242,#2243,#291,.T.);
#1948=EDGE_CURVE('',#2243,#2174,#502,.T.);
#1949=EDGE_CURVE('',#2243,#2244,#292,.T.);
#1950=EDGE_CURVE('',#2244,#2175,#503,.T.);
#1951=EDGE_CURVE('',#2244,#2245,#293,.T.);
#1952=EDGE_CURVE('',#2245,#2176,#504,.T.);
#1953=EDGE_CURVE('',#2245,#2246,#294,.T.);
#1954=EDGE_CURVE('',#2246,#2165,#505,.T.);
#1955=EDGE_CURVE('',#2246,#2235,#295,.T.);
#1956=EDGE_CURVE('',#2198,#2205,#101,.T.);
#1957=EDGE_CURVE('',#2198,#2155,#102,.F.);
#1958=EDGE_CURVE('',#2155,#2205,#103,.F.);
#1959=EDGE_CURVE('',#2204,#2209,#104,.T.);
#1960=EDGE_CURVE('',#2152,#2204,#105,.T.);
#1961=EDGE_CURVE('',#2199,#2154,#106,.T.);
#1962=EDGE_CURVE('',#2212,#2199,#107,.T.);
#1963=EDGE_CURVE('',#2152,#2209,#108,.F.);
#1964=EDGE_CURVE('',#2212,#2154,#109,.F.);
#1965=EDGE_CURVE('',#2153,#2208,#110,.T.);
#1966=EDGE_CURVE('',#2213,#2153,#111,.T.);
#1967=EDGE_CURVE('',#2213,#2208,#112,.F.);
#1968=EDGE_CURVE('',#2247,#2178,#506,.T.);
#1969=EDGE_CURVE('',#2247,#2248,#507,.T.);
#1970=EDGE_CURVE('',#2248,#2179,#508,.T.);
#1971=EDGE_CURVE('',#2248,#2249,#509,.T.);
#1972=EDGE_CURVE('',#2249,#2180,#510,.T.);
#1973=EDGE_CURVE('',#2249,#2250,#511,.T.);
#1974=EDGE_CURVE('',#2250,#2181,#512,.T.);
#1975=EDGE_CURVE('',#2250,#2251,#513,.T.);
#1976=EDGE_CURVE('',#2251,#2182,#514,.T.);
#1977=EDGE_CURVE('',#2251,#2252,#515,.T.);
#1978=EDGE_CURVE('',#2252,#2183,#516,.T.);
#1979=EDGE_CURVE('',#2252,#2253,#517,.T.);
#1980=EDGE_CURVE('',#2253,#2184,#518,.T.);
#1981=EDGE_CURVE('',#2253,#2254,#519,.T.);
#1982=EDGE_CURVE('',#2254,#2185,#520,.T.);
#1983=EDGE_CURVE('',#2254,#2255,#521,.T.);
#1984=EDGE_CURVE('',#2255,#2186,#522,.T.);
#1985=EDGE_CURVE('',#2255,#2256,#523,.T.);
#1986=EDGE_CURVE('',#2256,#2187,#524,.T.);
#1987=EDGE_CURVE('',#2256,#2257,#525,.T.);
#1988=EDGE_CURVE('',#2257,#2188,#526,.T.);
#1989=EDGE_CURVE('',#2257,#2258,#527,.T.);
#1990=EDGE_CURVE('',#2258,#2189,#528,.T.);
#1991=EDGE_CURVE('',#2258,#2259,#529,.T.);
#1992=EDGE_CURVE('',#2259,#2177,#530,.T.);
#1993=EDGE_CURVE('',#2259,#2247,#531,.T.);
#1994=EDGE_CURVE('',#2260,#2141,#532,.T.);
#1995=EDGE_CURVE('',#2261,#2260,#533,.T.);
#1996=EDGE_CURVE('',#2261,#2140,#534,.T.);
#1997=EDGE_CURVE('',#2262,#2151,#535,.T.);
#1998=EDGE_CURVE('',#2260,#2262,#536,.T.);
#1999=EDGE_CURVE('',#2263,#2150,#537,.T.);
#2000=EDGE_CURVE('',#2262,#2263,#538,.T.);
#2001=EDGE_CURVE('',#2264,#2149,#539,.T.);
#2002=EDGE_CURVE('',#2263,#2264,#540,.T.);
#2003=EDGE_CURVE('',#2265,#2148,#541,.T.);
#2004=EDGE_CURVE('',#2264,#2265,#542,.T.);
#2005=EDGE_CURVE('',#2266,#2147,#543,.T.);
#2006=EDGE_CURVE('',#2265,#2266,#544,.T.);
#2007=EDGE_CURVE('',#2267,#2146,#545,.T.);
#2008=EDGE_CURVE('',#2266,#2267,#546,.T.);
#2009=EDGE_CURVE('',#2268,#2145,#547,.T.);
#2010=EDGE_CURVE('',#2267,#2268,#548,.T.);
#2011=EDGE_CURVE('',#2269,#2144,#549,.T.);
#2012=EDGE_CURVE('',#2268,#2269,#550,.T.);
#2013=EDGE_CURVE('',#2270,#2143,#551,.T.);
#2014=EDGE_CURVE('',#2269,#2270,#552,.T.);
#2015=EDGE_CURVE('',#2271,#2142,#553,.T.);
#2016=EDGE_CURVE('',#2270,#2271,#554,.T.);
#2017=EDGE_CURVE('',#2271,#2261,#555,.T.);
#2018=VERTEX_POINT('',#4671);
#2019=VERTEX_POINT('',#4672);
#2020=VERTEX_POINT('',#4674);
#2021=VERTEX_POINT('',#4724);
#2022=VERTEX_POINT('',#4776);
#2023=VERTEX_POINT('',#4777);
#2024=VERTEX_POINT('',#4779);
#2025=VERTEX_POINT('',#4829);
#2026=VERTEX_POINT('',#5021);
#2027=VERTEX_POINT('',#5022);
#2028=VERTEX_POINT('',#5024);
#2029=VERTEX_POINT('',#5026);
#2030=VERTEX_POINT('',#5048);
#2031=VERTEX_POINT('',#5050);
#2032=VERTEX_POINT('',#5057);
#2033=VERTEX_POINT('',#5059);
#2034=VERTEX_POINT('',#5095);
#2035=VERTEX_POINT('',#5096);
#2036=VERTEX_POINT('',#5104);
#2037=VERTEX_POINT('',#5108);
#2038=VERTEX_POINT('',#5132);
#2039=VERTEX_POINT('',#5133);
#2040=VERTEX_POINT('',#5138);
#2041=VERTEX_POINT('',#5140);
#2042=VERTEX_POINT('',#5162);
#2043=VERTEX_POINT('',#5163);
#2044=VERTEX_POINT('',#5168);
#2045=VERTEX_POINT('',#5170);
#2046=VERTEX_POINT('',#5200);
#2047=VERTEX_POINT('',#5205);
#2048=VERTEX_POINT('',#5232);
#2049=VERTEX_POINT('',#5237);
#2050=VERTEX_POINT('',#5242);
#2051=VERTEX_POINT('',#5244);
#2052=VERTEX_POINT('',#5246);
#2053=VERTEX_POINT('',#5248);
#2054=VERTEX_POINT('',#5250);
#2055=VERTEX_POINT('',#5252);
#2056=VERTEX_POINT('',#5275);
#2057=VERTEX_POINT('',#5277);
#2058=VERTEX_POINT('',#5279);
#2059=VERTEX_POINT('',#5281);
#2060=VERTEX_POINT('',#5283);
#2061=VERTEX_POINT('',#5285);
#2062=VERTEX_POINT('',#5305);
#2063=VERTEX_POINT('',#5307);
#2064=VERTEX_POINT('',#5311);
#2065=VERTEX_POINT('',#5313);
#2066=VERTEX_POINT('',#5317);
#2067=VERTEX_POINT('',#5319);
#2068=VERTEX_POINT('',#5323);
#2069=VERTEX_POINT('',#5325);
#2070=VERTEX_POINT('',#5329);
#2071=VERTEX_POINT('',#5331);
#2072=VERTEX_POINT('',#5335);
#2073=VERTEX_POINT('',#5337);
#2074=VERTEX_POINT('',#5341);
#2075=VERTEX_POINT('',#5343);
#2076=VERTEX_POINT('',#5347);
#2077=VERTEX_POINT('',#5349);
#2078=VERTEX_POINT('',#5353);
#2079=VERTEX_POINT('',#5355);
#2080=VERTEX_POINT('',#5359);
#2081=VERTEX_POINT('',#5363);
#2082=VERTEX_POINT('',#5459);
#2083=VERTEX_POINT('',#5460);
#2084=VERTEX_POINT('',#5462);
#2085=VERTEX_POINT('',#5464);
#2086=VERTEX_POINT('',#5468);
#2087=VERTEX_POINT('',#5469);
#2088=VERTEX_POINT('',#5471);
#2089=VERTEX_POINT('',#5473);
#2090=VERTEX_POINT('',#5477);
#2091=VERTEX_POINT('',#5478);
#2092=VERTEX_POINT('',#5480);
#2093=VERTEX_POINT('',#5482);
#2094=VERTEX_POINT('',#5486);
#2095=VERTEX_POINT('',#5488);
#2096=VERTEX_POINT('',#5489);
#2097=VERTEX_POINT('',#5492);
#2098=VERTEX_POINT('',#5494);
#2099=VERTEX_POINT('',#5497);
#2100=VERTEX_POINT('',#5499);
#2101=VERTEX_POINT('',#5501);
#2102=VERTEX_POINT('',#5503);
#2103=VERTEX_POINT('',#5505);
#2104=VERTEX_POINT('',#5507);
#2105=VERTEX_POINT('',#5512);
#2106=VERTEX_POINT('',#5513);
#2107=VERTEX_POINT('',#5515);
#2108=VERTEX_POINT('',#5517);
#2109=VERTEX_POINT('',#5521);
#2110=VERTEX_POINT('',#5522);
#2111=VERTEX_POINT('',#5524);
#2112=VERTEX_POINT('',#5526);
#2113=VERTEX_POINT('',#5528);
#2114=VERTEX_POINT('',#5530);
#2115=VERTEX_POINT('',#5532);
#2116=VERTEX_POINT('',#5534);
#2117=VERTEX_POINT('',#5536);
#2118=VERTEX_POINT('',#5538);
#2119=VERTEX_POINT('',#5540);
#2120=VERTEX_POINT('',#5542);
#2121=VERTEX_POINT('',#5546);
#2122=VERTEX_POINT('',#5548);
#2123=VERTEX_POINT('',#5552);
#2124=VERTEX_POINT('',#5553);
#2125=VERTEX_POINT('',#5558);
#2126=VERTEX_POINT('',#5560);
#2127=VERTEX_POINT('',#5565);
#2128=VERTEX_POINT('',#5567);
#2129=VERTEX_POINT('',#5575);
#2130=VERTEX_POINT('',#5577);
#2131=VERTEX_POINT('',#5582);
#2132=VERTEX_POINT('',#5584);
#2133=VERTEX_POINT('',#5586);
#2134=VERTEX_POINT('',#5588);
#2135=VERTEX_POINT('',#5592);
#2136=VERTEX_POINT('',#5597);
#2137=VERTEX_POINT('',#5599);
#2138=VERTEX_POINT('',#5601);
#2139=VERTEX_POINT('',#5643);
#2140=VERTEX_POINT('',#5648);
#2141=VERTEX_POINT('',#5649);
#2142=VERTEX_POINT('',#5651);
#2143=VERTEX_POINT('',#5653);
#2144=VERTEX_POINT('',#5655);
#2145=VERTEX_POINT('',#5657);
#2146=VERTEX_POINT('',#5659);
#2147=VERTEX_POINT('',#5661);
#2148=VERTEX_POINT('',#5663);
#2149=VERTEX_POINT('',#5665);
#2150=VERTEX_POINT('',#5667);
#2151=VERTEX_POINT('',#5669);
#2152=VERTEX_POINT('',#5672);
#2153=VERTEX_POINT('',#5673);
#2154=VERTEX_POINT('',#5675);
#2155=VERTEX_POINT('',#5677);
#2156=VERTEX_POINT('',#5681);
#2157=VERTEX_POINT('',#5682);
#2158=VERTEX_POINT('',#5685);
#2159=VERTEX_POINT('',#5688);
#2160=VERTEX_POINT('',#5695);
#2161=VERTEX_POINT('',#5696);
#2162=VERTEX_POINT('',#5709);
#2163=VERTEX_POINT('',#5714);
#2164=VERTEX_POINT('',#5719);
#2165=VERTEX_POINT('',#5726);
#2166=VERTEX_POINT('',#5727);
#2167=VERTEX_POINT('',#5730);
#2168=VERTEX_POINT('',#5733);
#2169=VERTEX_POINT('',#5736);
#2170=VERTEX_POINT('',#5739);
#2171=VERTEX_POINT('',#5742);
#2172=VERTEX_POINT('',#5745);
#2173=VERTEX_POINT('',#5748);
#2174=VERTEX_POINT('',#5751);
#2175=VERTEX_POINT('',#5754);
#2176=VERTEX_POINT('',#5757);
#2177=VERTEX_POINT('',#5761);
#2178=VERTEX_POINT('',#5762);
#2179=VERTEX_POINT('',#5764);
#2180=VERTEX_POINT('',#5766);
#2181=VERTEX_POINT('',#5768);
#2182=VERTEX_POINT('',#5770);
#2183=VERTEX_POINT('',#5772);
#2184=VERTEX_POINT('',#5774);
#2185=VERTEX_POINT('',#5776);
#2186=VERTEX_POINT('',#5778);
#2187=VERTEX_POINT('',#5780);
#2188=VERTEX_POINT('',#5782);
#2189=VERTEX_POINT('',#5784);
#2190=VERTEX_POINT('',#5788);
#2191=VERTEX_POINT('',#5789);
#2192=VERTEX_POINT('',#5791);
#2193=VERTEX_POINT('',#5793);
#2194=VERTEX_POINT('',#5795);
#2195=VERTEX_POINT('',#5797);
#2196=VERTEX_POINT('',#5799);
#2197=VERTEX_POINT('',#5801);
#2198=VERTEX_POINT('',#5805);
#2199=VERTEX_POINT('',#5806);
#2200=VERTEX_POINT('',#5808);
#2201=VERTEX_POINT('',#5810);
#2202=VERTEX_POINT('',#5812);
#2203=VERTEX_POINT('',#5814);
#2204=VERTEX_POINT('',#5819);
#2205=VERTEX_POINT('',#5821);
#2206=VERTEX_POINT('',#5825);
#2207=VERTEX_POINT('',#5826);
#2208=VERTEX_POINT('',#5828);
#2209=VERTEX_POINT('',#5830);
#2210=VERTEX_POINT('',#5833);
#2211=VERTEX_POINT('',#5835);
#2212=VERTEX_POINT('',#5839);
#2213=VERTEX_POINT('',#5840);
#2214=VERTEX_POINT('',#5842);
#2215=VERTEX_POINT('',#5844);
#2216=VERTEX_POINT('',#5849);
#2217=VERTEX_POINT('',#5851);
#2218=VERTEX_POINT('',#5856);
#2219=VERTEX_POINT('',#5860);
#2220=VERTEX_POINT('',#5864);
#2221=VERTEX_POINT('',#5870);
#2222=VERTEX_POINT('',#5892);
#2223=VERTEX_POINT('',#5905);
#2224=VERTEX_POINT('',#5919);
#2225=VERTEX_POINT('',#5926);
#2226=VERTEX_POINT('',#5933);
#2227=VERTEX_POINT('',#5974);
#2228=VERTEX_POINT('',#5975);
#2229=VERTEX_POINT('',#5977);
#2230=VERTEX_POINT('',#5993);
#2231=VERTEX_POINT('',#6013);
#2232=VERTEX_POINT('',#6016);
#2233=VERTEX_POINT('',#6021);
#2234=VERTEX_POINT('',#6026);
#2235=VERTEX_POINT('',#6034);
#2236=VERTEX_POINT('',#6037);
#2237=VERTEX_POINT('',#6042);
#2238=VERTEX_POINT('',#6047);
#2239=VERTEX_POINT('',#6052);
#2240=VERTEX_POINT('',#6057);
#2241=VERTEX_POINT('',#6062);
#2242=VERTEX_POINT('',#6067);
#2243=VERTEX_POINT('',#6072);
#2244=VERTEX_POINT('',#6077);
#2245=VERTEX_POINT('',#6082);
#2246=VERTEX_POINT('',#6087);
#2247=VERTEX_POINT('',#6119);
#2248=VERTEX_POINT('',#6121);
#2249=VERTEX_POINT('',#6125);
#2250=VERTEX_POINT('',#6129);
#2251=VERTEX_POINT('',#6133);
#2252=VERTEX_POINT('',#6137);
#2253=VERTEX_POINT('',#6141);
#2254=VERTEX_POINT('',#6145);
#2255=VERTEX_POINT('',#6149);
#2256=VERTEX_POINT('',#6153);
#2257=VERTEX_POINT('',#6157);
#2258=VERTEX_POINT('',#6161);
#2259=VERTEX_POINT('',#6165);
#2260=VERTEX_POINT('',#6172);
#2261=VERTEX_POINT('',#6174);
#2262=VERTEX_POINT('',#6178);
#2263=VERTEX_POINT('',#6182);
#2264=VERTEX_POINT('',#6186);
#2265=VERTEX_POINT('',#6190);
#2266=VERTEX_POINT('',#6194);
#2267=VERTEX_POINT('',#6198);
#2268=VERTEX_POINT('',#6202);
#2269=VERTEX_POINT('',#6206);
#2270=VERTEX_POINT('',#6210);
#2271=VERTEX_POINT('',#6214);
#2272=(
BOUNDED_CURVE()
B_SPLINE_CURVE(2,(#4622,#4623,#4624,#4625,#4626,#4627,#4628,#4629,#4630,
#4631,#4632,#4633,#4634,#4635,#4636,#4637,#4638,#4639,#4640,#4641,#4642,
#4643,#4644,#4645,#4646,#4647,#4648,#4649,#4650,#4651,#4652,#4653,#4654,
#4655,#4656,#4657,#4658,#4659,#4660,#4661,#4662,#4663,#4664,#4665,#4666,
#4667,#4668,#4669,#4670),.UNSPECIFIED.,.F.,.F.)
B_SPLINE_CURVE_WITH_KNOTS((3,2,2,2,2,2,2,2,2,2,2,2,2,2,2,2,2,2,2,2,2,2,
2,2,3),(0.,0.0416666666666667,0.0833333333333333,0.125,0.166666666666667,
0.208333333333333,0.25,0.291666666666667,0.333333333333333,0.375,0.416666666666667,
0.458333333333333,0.5,0.541666666666667,0.583333333333333,0.625,0.666666666666667,
0.708333333333333,0.75,0.791666666666667,0.833333333333333,0.875,0.916666666666667,
0.958333333333333,1.),.UNSPECIFIED.)
CURVE()
GEOMETRIC_REPRESENTATION_ITEM()
RATIONAL_B_SPLINE_CURVE((1.,0.866025403784439,1.,0.866025403784439,1.,0.866025403784439,
1.,0.866025403784439,1.,0.866025403784439,1.,0.866025403784439,1.,0.866025403784439,
1.,0.866025403784439,1.,0.866025403784439,1.,0.866025403784439,1.,0.866025403784439,
1.,0.866025403784439,1.,0.866025403784439,1.,0.866025403784439,1.,0.866025403784439,
1.,0.866025403784439,1.,0.866025403784439,1.,0.866025403784439,1.,0.866025403784439,
1.,0.866025403784439,1.,0.866025403784439,1.,0.866025403784439,1.,0.866025403784439,
1.,0.866025403784439,1.))
REPRESENTATION_ITEM('')
);
#2273=(
BOUNDED_CURVE()
B_SPLINE_CURVE(2,(#4675,#4676,#4677,#4678,#4679,#4680,#4681,#4682,#4683,
#4684,#4685,#4686,#4687,#4688,#4689,#4690,#4691,#4692,#4693,#4694,#4695,
#4696,#4697,#4698,#4699,#4700,#4701,#4702,#4703,#4704,#4705,#4706,#4707,
#4708,#4709,#4710,#4711,#4712,#4713,#4714,#4715,#4716,#4717,#4718,#4719,
#4720,#4721,#4722,#4723),.UNSPECIFIED.,.F.,.F.)
B_SPLINE_CURVE_WITH_KNOTS((3,2,2,2,2,2,2,2,2,2,2,2,2,2,2,2,2,2,2,2,2,2,
2,2,3),(0.,0.0416666666666667,0.0833333333333333,0.125,0.166666666666667,
0.208333333333333,0.25,0.291666666666667,0.333333333333333,0.375,0.416666666666667,
0.458333333333333,0.5,0.541666666666667,0.583333333333333,0.625,0.666666666666667,
0.708333333333333,0.75,0.791666666666667,0.833333333333333,0.875,0.916666666666667,
0.958333333333333,1.),.UNSPECIFIED.)
CURVE()
GEOMETRIC_REPRESENTATION_ITEM()
RATIONAL_B_SPLINE_CURVE((1.,0.866025403784439,1.,0.866025403784439,1.,0.866025403784439,
1.,0.866025403784439,1.,0.866025403784439,1.,0.866025403784439,1.,0.866025403784439,
1.,0.866025403784439,1.,0.866025403784439,1.,0.866025403784439,1.,0.866025403784439,
1.,0.866025403784439,1.,0.866025403784439,1.,0.866025403784439,1.,0.866025403784439,
1.,0.866025403784439,1.,0.866025403784439,1.,0.866025403784439,1.,0.866025403784439,
1.,0.866025403784439,1.,0.866025403784439,1.,0.866025403784439,1.,0.866025403784439,
1.,0.866025403784439,1.))
REPRESENTATION_ITEM('')
);
#2274=(
BOUNDED_CURVE()
B_SPLINE_CURVE(2,(#4727,#4728,#4729,#4730,#4731,#4732,#4733,#4734,#4735,
#4736,#4737,#4738,#4739,#4740,#4741,#4742,#4743,#4744,#4745,#4746,#4747,
#4748,#4749,#4750,#4751,#4752,#4753,#4754,#4755,#4756,#4757,#4758,#4759,
#4760,#4761,#4762,#4763,#4764,#4765,#4766,#4767,#4768,#4769,#4770,#4771,
#4772,#4773,#4774,#4775),.UNSPECIFIED.,.F.,.F.)
B_SPLINE_CURVE_WITH_KNOTS((3,2,2,2,2,2,2,2,2,2,2,2,2,2,2,2,2,2,2,2,2,2,
2,2,3),(0.,0.0416666666666667,0.0833333333333333,0.125,0.166666666666667,
0.208333333333333,0.25,0.291666666666667,0.333333333333333,0.375,0.416666666666667,
0.458333333333333,0.5,0.541666666666667,0.583333333333333,0.625,0.666666666666667,
0.708333333333333,0.75,0.791666666666667,0.833333333333333,0.875,0.916666666666667,
0.958333333333333,1.),.UNSPECIFIED.)
CURVE()
GEOMETRIC_REPRESENTATION_ITEM()
RATIONAL_B_SPLINE_CURVE((1.,0.866025403784439,1.,0.866025403784439,1.,0.866025403784439,
1.,0.866025403784439,1.,0.866025403784439,1.,0.866025403784439,1.,0.866025403784439,
1.,0.866025403784439,1.,0.866025403784439,1.,0.866025403784439,1.,0.866025403784439,
1.,0.866025403784439,1.,0.866025403784439,1.,0.866025403784439,1.,0.866025403784439,
1.,0.866025403784439,1.,0.866025403784439,1.,0.866025403784439,1.,0.866025403784439,
1.,0.866025403784439,1.,0.866025403784439,1.,0.866025403784439,1.,0.866025403784439,
1.,0.866025403784439,1.))
REPRESENTATION_ITEM('')
);
#2275=(
BOUNDED_CURVE()
B_SPLINE_CURVE(2,(#4780,#4781,#4782,#4783,#4784,#4785,#4786,#4787,#4788,
#4789,#4790,#4791,#4792,#4793,#4794,#4795,#4796,#4797,#4798,#4799,#4800,
#4801,#4802,#4803,#4804,#4805,#4806,#4807,#4808,#4809,#4810,#4811,#4812,
#4813,#4814,#4815,#4816,#4817,#4818,#4819,#4820,#4821,#4822,#4823,#4824,
#4825,#4826,#4827,#4828),.UNSPECIFIED.,.F.,.F.)
B_SPLINE_CURVE_WITH_KNOTS((3,2,2,2,2,2,2,2,2,2,2,2,2,2,2,2,2,2,2,2,2,2,
2,2,3),(0.,0.0416666666666667,0.0833333333333333,0.125,0.166666666666667,
0.208333333333333,0.25,0.291666666666667,0.333333333333333,0.375,0.416666666666667,
0.458333333333333,0.5,0.541666666666667,0.583333333333333,0.625,0.666666666666667,
0.708333333333333,0.75,0.791666666666667,0.833333333333333,0.875,0.916666666666667,
0.958333333333333,1.),.UNSPECIFIED.)
CURVE()
GEOMETRIC_REPRESENTATION_ITEM()
RATIONAL_B_SPLINE_CURVE((1.,0.866025403784439,1.,0.866025403784439,1.,0.866025403784439,
1.,0.866025403784439,1.,0.866025403784439,1.,0.866025403784439,1.,0.866025403784439,
1.,0.866025403784439,1.,0.866025403784439,1.,0.866025403784439,1.,0.866025403784439,
1.,0.866025403784439,1.,0.866025403784439,1.,0.866025403784439,1.,0.866025403784439,
1.,0.866025403784439,1.,0.866025403784439,1.,0.866025403784439,1.,0.866025403784439,
1.,0.866025403784439,1.,0.866025403784439,1.,0.866025403784439,1.,0.866025403784439,
1.,0.866025403784439,1.))
REPRESENTATION_ITEM('')
);
#2276=EDGE_LOOP('',(#812,#813,#814,#815));
#2277=EDGE_LOOP('',(#816,#817,#818,#819));
#2278=EDGE_LOOP('',(#820,#821,#822,#823));
#2279=EDGE_LOOP('',(#824,#825,#826,#827));
#2280=EDGE_LOOP('',(#828,#829,#830,#831));
#2281=EDGE_LOOP('',(#832,#833,#834,#835));
#2282=EDGE_LOOP('',(#836,#837,#838,#839));
#2283=EDGE_LOOP('',(#840,#841,#842,#843));
#2284=EDGE_LOOP('',(#844,#845,#846,#847));
#2285=EDGE_LOOP('',(#848,#849,#850,#851));
#2286=EDGE_LOOP('',(#852,#853,#854,#855));
#2287=EDGE_LOOP('',(#856,#857,#858,#859));
#2288=EDGE_LOOP('',(#860,#861,#862,#863));
#2289=EDGE_LOOP('',(#864,#865,#866,#867));
#2290=EDGE_LOOP('',(#868,#869,#870,#871));
#2291=EDGE_LOOP('',(#872,#873,#874,#875));
#2292=EDGE_LOOP('',(#876,#877,#878,#879));
#2293=EDGE_LOOP('',(#880,#881,#882,#883));
#2294=EDGE_LOOP('',(#884,#885,#886,#887));
#2295=EDGE_LOOP('',(#888,#889,#890,#891));
#2296=EDGE_LOOP('',(#892,#893,#894,#895,#896,#897,#898,#899,#900,#901,#902,
#903,#904,#905));
#2297=EDGE_LOOP('',(#906,#907,#908,#909));
#2298=EDGE_LOOP('',(#910,#911,#912,#913,#914,#915,#916,#917,#918,#919,#920,
#921,#922,#923));
#2299=EDGE_LOOP('',(#924,#925,#926,#927));
#2300=EDGE_LOOP('',(#928,#929,#930,#931));
#2301=EDGE_LOOP('',(#932,#933,#934,#935));
#2302=EDGE_LOOP('',(#936,#937,#938,#939));
#2303=EDGE_LOOP('',(#940,#941,#942,#943));
#2304=EDGE_LOOP('',(#944,#945,#946,#947));
#2305=EDGE_LOOP('',(#948,#949,#950,#951));
#2306=EDGE_LOOP('',(#952,#953,#954,#955));
#2307=EDGE_LOOP('',(#956,#957,#958,#959));
#2308=EDGE_LOOP('',(#960,#961,#962,#963));
#2309=EDGE_LOOP('',(#964,#965,#966,#967,#968,#969,#970,#971,#972,#973,#974,
#975));
#2310=EDGE_LOOP('',(#976,#977,#978,#979));
#2311=EDGE_LOOP('',(#980,#981,#982,#983,#984,#985,#986,#987,#988,#989,#990,
#991));
#2312=EDGE_LOOP('',(#992,#993,#994,#995));
#2313=EDGE_LOOP('',(#996,#997,#998,#999));
#2314=EDGE_LOOP('',(#1000,#1001,#1002,#1003));
#2315=EDGE_LOOP('',(#1004,#1005,#1006,#1007));
#2316=EDGE_LOOP('',(#1008,#1009,#1010,#1011));
#2317=EDGE_LOOP('',(#1012,#1013,#1014,#1015));
#2318=EDGE_LOOP('',(#1016,#1017,#1018,#1019));
#2319=EDGE_LOOP('',(#1020,#1021,#1022,#1023));
#2320=EDGE_LOOP('',(#1024,#1025,#1026,#1027));
#2321=EDGE_LOOP('',(#1028,#1029,#1030,#1031));
#2322=EDGE_LOOP('',(#1032,#1033,#1034,#1035));
#2323=EDGE_LOOP('',(#1036));
#2324=EDGE_LOOP('',(#1037,#1038,#1039,#1040,#1041,#1042,#1043,#1044,#1045,
#1046,#1047,#1048,#1049,#1050,#1051,#1052));
#2325=EDGE_LOOP('',(#1053,#1054,#1055,#1056));
#2326=EDGE_LOOP('',(#1057,#1058,#1059,#1060,#1061,#1062,#1063,#1064,#1065,
#1066,#1067,#1068));
#2327=EDGE_LOOP('',(#1069,#1070,#1071,#1072));
#2328=EDGE_LOOP('',(#1073,#1074,#1075,#1076));
#2329=EDGE_LOOP('',(#1077,#1078,#1079,#1080));
#2330=EDGE_LOOP('',(#1081,#1082,#1083,#1084,#1085,#1086,#1087,#1088,#1089));
#2331=EDGE_LOOP('',(#1090,#1091,#1092,#1093));
#2332=EDGE_LOOP('',(#1094,#1095,#1096,#1097,#1098,#1099,#1100,#1101,#1102));
#2333=EDGE_LOOP('',(#1103,#1104,#1105,#1106,#1107,#1108,#1109,#1110,#1111));
#2334=EDGE_LOOP('',(#1112,#1113,#1114,#1115));
#2335=EDGE_LOOP('',(#1116,#1117,#1118,#1119,#1120,#1121,#1122,#1123,#1124));
#2336=EDGE_LOOP('',(#1125,#1126,#1127,#1128));
#2337=EDGE_LOOP('',(#1129,#1130,#1131,#1132));
#2338=EDGE_LOOP('',(#1133,#1134,#1135,#1136));
#2339=EDGE_LOOP('',(#1137,#1138,#1139,#1140));
#2340=EDGE_LOOP('',(#1141,#1142,#1143,#1144));
#2341=EDGE_LOOP('',(#1145,#1146,#1147));
#2342=EDGE_LOOP('',(#1148,#1149,#1150,#1151));
#2343=EDGE_LOOP('',(#1152,#1153,#1154,#1155));
#2344=EDGE_LOOP('',(#1156,#1157,#1158));
#2345=EDGE_LOOP('',(#1159,#1160,#1161,#1162));
#2346=EDGE_LOOP('',(#1163,#1164,#1165,#1166));
#2347=EDGE_LOOP('',(#1167,#1168,#1169,#1170));
#2348=EDGE_LOOP('',(#1171,#1172,#1173));
#2349=EDGE_LOOP('',(#1174,#1175,#1176,#1177));
#2350=EDGE_LOOP('',(#1178,#1179,#1180,#1181));
#2351=EDGE_LOOP('',(#1182,#1183,#1184));
#2352=EDGE_LOOP('',(#1185,#1186,#1187,#1188));
#2353=EDGE_LOOP('',(#1189,#1190,#1191,#1192));
#2354=EDGE_LOOP('',(#1193,#1194,#1195,#1196));
#2355=EDGE_LOOP('',(#1197,#1198,#1199,#1200));
#2356=EDGE_LOOP('',(#1201,#1202,#1203,#1204));
#2357=EDGE_LOOP('',(#1205));
#2358=EDGE_LOOP('',(#1206));
#2359=EDGE_LOOP('',(#1207));
#2360=EDGE_LOOP('',(#1208,#1209,#1210,#1211,#1212,#1213,#1214,#1215,#1216,
#1217,#1218,#1219));
#2361=EDGE_LOOP('',(#1220,#1221,#1222,#1223));
#2362=EDGE_LOOP('',(#1224,#1225,#1226,#1227));
#2363=EDGE_LOOP('',(#1228,#1229,#1230,#1231,#1232));
#2364=EDGE_LOOP('',(#1233,#1234,#1235,#1236,#1237,#1238,#1239,#1240,#1241,
#1242,#1243,#1244));
#2365=EDGE_LOOP('',(#1245,#1246,#1247,#1248,#1249,#1250,#1251,#1252,#1253,
#1254,#1255,#1256,#1257));
#2366=EDGE_LOOP('',(#1258,#1259,#1260,#1261,#1262,#1263,#1264,#1265));
#2367=EDGE_LOOP('',(#1266,#1267,#1268,#1269,#1270,#1271,#1272,#1273));
#2368=EDGE_LOOP('',(#1274,#1275,#1276,#1277));
#2369=EDGE_LOOP('',(#1278,#1279,#1280,#1281,#1282,#1283,#1284,#1285));
#2370=EDGE_LOOP('',(#1286,#1287,#1288,#1289));
#2371=EDGE_LOOP('',(#1290,#1291,#1292,#1293,#1294,#1295,#1296,#1297));
#2372=EDGE_LOOP('',(#1298,#1299,#1300,#1301));
#2373=EDGE_LOOP('',(#1302,#1303,#1304,#1305));
#2374=EDGE_LOOP('',(#1306,#1307,#1308,#1309));
#2375=EDGE_LOOP('',(#1310,#1311,#1312,#1313));
#2376=EDGE_LOOP('',(#1314,#1315,#1316,#1317));
#2377=EDGE_LOOP('',(#1318,#1319,#1320,#1321));
#2378=EDGE_LOOP('',(#1322,#1323,#1324,#1325,#1326,#1327,#1328,#1329));
#2379=EDGE_LOOP('',(#1330,#1331,#1332,#1333));
#2380=EDGE_LOOP('',(#1334,#1335,#1336,#1337));
#2381=EDGE_LOOP('',(#1338,#1339,#1340,#1341));
#2382=EDGE_LOOP('',(#1342,#1343,#1344,#1345));
#2383=EDGE_LOOP('',(#1346,#1347,#1348,#1349));
#2384=EDGE_LOOP('',(#1350,#1351,#1352,#1353));
#2385=EDGE_LOOP('',(#1354,#1355,#1356,#1357));
#2386=EDGE_LOOP('',(#1358,#1359));
#2387=EDGE_LOOP('',(#1360,#1361,#1362,#1363,#1364));
#2388=EDGE_LOOP('',(#1365,#1366));
#2389=EDGE_LOOP('',(#1367,#1368,#1369,#1370));
#2390=EDGE_LOOP('',(#1371,#1372,#1373,#1374));
#2391=EDGE_LOOP('',(#1375,#1376,#1377,#1378));
#2392=EDGE_LOOP('',(#1379,#1380,#1381,#1382));
#2393=EDGE_LOOP('',(#1383,#1384,#1385,#1386));
#2394=EDGE_LOOP('',(#1387,#1388,#1389,#1390));
#2395=EDGE_LOOP('',(#1391,#1392,#1393,#1394));
#2396=EDGE_LOOP('',(#1395,#1396,#1397,#1398));
#2397=EDGE_LOOP('',(#1399,#1400,#1401,#1402));
#2398=EDGE_LOOP('',(#1403,#1404,#1405,#1406));
#2399=EDGE_LOOP('',(#1407,#1408,#1409,#1410));
#2400=EDGE_LOOP('',(#1411,#1412,#1413,#1414));
#2401=EDGE_LOOP('',(#1415,#1416,#1417,#1418));
#2402=EDGE_LOOP('',(#1419,#1420,#1421,#1422));
#2403=EDGE_LOOP('',(#1423,#1424,#1425,#1426));
#2404=EDGE_LOOP('',(#1427,#1428,#1429,#1430));
#2405=EDGE_LOOP('',(#1431,#1432,#1433,#1434));
#2406=EDGE_LOOP('',(#1435,#1436,#1437,#1438,#1439,#1440,#1441,#1442,#1443,
#1444,#1445,#1446));
#2407=EDGE_LOOP('',(#1447,#1448,#1449,#1450));
#2408=EDGE_LOOP('',(#1451,#1452,#1453));
#2409=EDGE_LOOP('',(#1454,#1455,#1456,#1457));
#2410=EDGE_LOOP('',(#1458,#1459,#1460,#1461));
#2411=EDGE_LOOP('',(#1462,#1463,#1464,#1465));
#2412=EDGE_LOOP('',(#1466,#1467,#1468,#1469));
#2413=EDGE_LOOP('',(#1470,#1471,#1472));
#2414=EDGE_LOOP('',(#1473,#1474,#1475));
#2415=EDGE_LOOP('',(#1476,#1477,#1478,#1479));
#2416=EDGE_LOOP('',(#1480,#1481,#1482,#1483));
#2417=EDGE_LOOP('',(#1484,#1485,#1486));
#2418=EDGE_LOOP('',(#1487,#1488,#1489,#1490));
#2419=EDGE_LOOP('',(#1491,#1492,#1493,#1494));
#2420=EDGE_LOOP('',(#1495,#1496,#1497,#1498));
#2421=EDGE_LOOP('',(#1499,#1500,#1501,#1502));
#2422=EDGE_LOOP('',(#1503,#1504,#1505,#1506));
#2423=EDGE_LOOP('',(#1507,#1508,#1509,#1510));
#2424=EDGE_LOOP('',(#1511,#1512,#1513,#1514));
#2425=EDGE_LOOP('',(#1515,#1516,#1517,#1518));
#2426=EDGE_LOOP('',(#1519,#1520,#1521,#1522));
#2427=EDGE_LOOP('',(#1523,#1524,#1525,#1526));
#2428=EDGE_LOOP('',(#1527,#1528,#1529,#1530));
#2429=EDGE_LOOP('',(#1531,#1532,#1533,#1534));
#2430=EDGE_LOOP('',(#1535,#1536,#1537,#1538));
#2431=EDGE_LOOP('',(#1539,#1540,#1541,#1542));
#2432=EDGE_LOOP('',(#1543,#1544,#1545,#1546,#1547,#1548,#1549,#1550,#1551,
#1552,#1553,#1554,#1555));
#2433=EDGE_LOOP('',(#1556,#1557,#1558,#1559));
#2434=EDGE_LOOP('',(#1560,#1561,#1562,#1563));
#2435=EDGE_LOOP('',(#1564,#1565,#1566,#1567));
#2436=EDGE_LOOP('',(#1568,#1569,#1570,#1571));
#2437=EDGE_LOOP('',(#1572,#1573,#1574,#1575));
#2438=EDGE_LOOP('',(#1576,#1577,#1578,#1579));
#2439=EDGE_LOOP('',(#1580,#1581,#1582,#1583));
#2440=EDGE_LOOP('',(#1584,#1585,#1586,#1587));
#2441=EDGE_LOOP('',(#1588,#1589,#1590,#1591));
#2442=EDGE_LOOP('',(#1592,#1593,#1594,#1595));
#2443=EDGE_LOOP('',(#1596,#1597,#1598,#1599));
#2444=EDGE_LOOP('',(#1600,#1601,#1602,#1603));
#2445=EDGE_LOOP('',(#1604,#1605,#1606,#1607,#1608,#1609,#1610,#1611,#1612,
#1613,#1614,#1615));
#2446=FACE_BOUND('',#2276,.T.);
#2447=FACE_BOUND('',#2277,.T.);
#2448=FACE_BOUND('',#2278,.T.);
#2449=FACE_BOUND('',#2279,.T.);
#2450=FACE_BOUND('',#2280,.T.);
#2451=FACE_BOUND('',#2281,.T.);
#2452=FACE_BOUND('',#2282,.T.);
#2453=FACE_BOUND('',#2283,.T.);
#2454=FACE_BOUND('',#2284,.T.);
#2455=FACE_BOUND('',#2285,.T.);
#2456=FACE_BOUND('',#2286,.T.);
#2457=FACE_BOUND('',#2287,.T.);
#2458=FACE_BOUND('',#2288,.T.);
#2459=FACE_BOUND('',#2289,.T.);
#2460=FACE_BOUND('',#2290,.T.);
#2461=FACE_BOUND('',#2291,.T.);
#2462=FACE_BOUND('',#2292,.T.);
#2463=FACE_BOUND('',#2293,.T.);
#2464=FACE_BOUND('',#2294,.T.);
#2465=FACE_BOUND('',#2295,.T.);
#2466=FACE_BOUND('',#2296,.T.);
#2467=FACE_BOUND('',#2297,.T.);
#2468=FACE_BOUND('',#2298,.T.);
#2469=FACE_BOUND('',#2299,.T.);
#2470=FACE_BOUND('',#2300,.T.);
#2471=FACE_BOUND('',#2301,.T.);
#2472=FACE_BOUND('',#2302,.T.);
#2473=FACE_BOUND('',#2303,.T.);
#2474=FACE_BOUND('',#2304,.T.);
#2475=FACE_BOUND('',#2305,.T.);
#2476=FACE_BOUND('',#2306,.T.);
#2477=FACE_BOUND('',#2307,.T.);
#2478=FACE_BOUND('',#2308,.T.);
#2479=FACE_BOUND('',#2309,.T.);
#2480=FACE_BOUND('',#2310,.T.);
#2481=FACE_BOUND('',#2311,.T.);
#2482=FACE_BOUND('',#2312,.T.);
#2483=FACE_BOUND('',#2313,.T.);
#2484=FACE_BOUND('',#2314,.T.);
#2485=FACE_BOUND('',#2315,.T.);
#2486=FACE_BOUND('',#2316,.T.);
#2487=FACE_BOUND('',#2317,.T.);
#2488=FACE_BOUND('',#2318,.T.);
#2489=FACE_BOUND('',#2319,.T.);
#2490=FACE_BOUND('',#2320,.T.);
#2491=FACE_BOUND('',#2321,.T.);
#2492=FACE_BOUND('',#2322,.T.);
#2493=FACE_BOUND('',#2323,.T.);
#2494=FACE_BOUND('',#2324,.T.);
#2495=FACE_BOUND('',#2325,.T.);
#2496=FACE_BOUND('',#2326,.T.);
#2497=FACE_BOUND('',#2327,.T.);
#2498=FACE_BOUND('',#2328,.T.);
#2499=FACE_BOUND('',#2329,.T.);
#2500=FACE_BOUND('',#2330,.T.);
#2501=FACE_BOUND('',#2331,.T.);
#2502=FACE_BOUND('',#2332,.T.);
#2503=FACE_BOUND('',#2333,.T.);
#2504=FACE_BOUND('',#2334,.T.);
#2505=FACE_BOUND('',#2335,.T.);
#2506=FACE_BOUND('',#2336,.T.);
#2507=FACE_BOUND('',#2337,.T.);
#2508=FACE_BOUND('',#2338,.T.);
#2509=FACE_BOUND('',#2339,.T.);
#2510=FACE_BOUND('',#2340,.T.);
#2511=FACE_BOUND('',#2341,.T.);
#2512=FACE_BOUND('',#2342,.T.);
#2513=FACE_BOUND('',#2343,.T.);
#2514=FACE_BOUND('',#2344,.T.);
#2515=FACE_BOUND('',#2345,.T.);
#2516=FACE_BOUND('',#2346,.T.);
#2517=FACE_BOUND('',#2347,.T.);
#2518=FACE_BOUND('',#2348,.T.);
#2519=FACE_BOUND('',#2349,.T.);
#2520=FACE_BOUND('',#2350,.T.);
#2521=FACE_BOUND('',#2351,.T.);
#2522=FACE_BOUND('',#2352,.T.);
#2523=FACE_BOUND('',#2353,.T.);
#2524=FACE_BOUND('',#2354,.T.);
#2525=FACE_BOUND('',#2355,.T.);
#2526=FACE_BOUND('',#2356,.T.);
#2527=FACE_BOUND('',#2357,.T.);
#2528=FACE_BOUND('',#2358,.T.);
#2529=FACE_BOUND('',#2359,.T.);
#2530=FACE_BOUND('',#2360,.T.);
#2531=FACE_BOUND('',#2361,.T.);
#2532=FACE_BOUND('',#2362,.T.);
#2533=FACE_BOUND('',#2363,.T.);
#2534=FACE_BOUND('',#2364,.T.);
#2535=FACE_BOUND('',#2365,.T.);
#2536=FACE_BOUND('',#2366,.T.);
#2537=FACE_BOUND('',#2367,.T.);
#2538=FACE_BOUND('',#2368,.T.);
#2539=FACE_BOUND('',#2369,.T.);
#2540=FACE_BOUND('',#2370,.T.);
#2541=FACE_BOUND('',#2371,.T.);
#2542=FACE_BOUND('',#2372,.T.);
#2543=FACE_BOUND('',#2373,.T.);
#2544=FACE_BOUND('',#2374,.T.);
#2545=FACE_BOUND('',#2375,.T.);
#2546=FACE_BOUND('',#2376,.T.);
#2547=FACE_BOUND('',#2377,.T.);
#2548=FACE_BOUND('',#2378,.T.);
#2549=FACE_BOUND('',#2379,.T.);
#2550=FACE_BOUND('',#2380,.T.);
#2551=FACE_BOUND('',#2381,.T.);
#2552=FACE_BOUND('',#2382,.T.);
#2553=FACE_BOUND('',#2383,.T.);
#2554=FACE_BOUND('',#2384,.T.);
#2555=FACE_BOUND('',#2385,.T.);
#2556=FACE_BOUND('',#2386,.T.);
#2557=FACE_BOUND('',#2387,.T.);
#2558=FACE_BOUND('',#2388,.T.);
#2559=FACE_BOUND('',#2389,.T.);
#2560=FACE_BOUND('',#2390,.T.);
#2561=FACE_BOUND('',#2391,.T.);
#2562=FACE_BOUND('',#2392,.T.);
#2563=FACE_BOUND('',#2393,.T.);
#2564=FACE_BOUND('',#2394,.T.);
#2565=FACE_BOUND('',#2395,.T.);
#2566=FACE_BOUND('',#2396,.T.);
#2567=FACE_BOUND('',#2397,.T.);
#2568=FACE_BOUND('',#2398,.T.);
#2569=FACE_BOUND('',#2399,.T.);
#2570=FACE_BOUND('',#2400,.T.);
#2571=FACE_BOUND('',#2401,.T.);
#2572=FACE_BOUND('',#2402,.T.);
#2573=FACE_BOUND('',#2403,.T.);
#2574=FACE_BOUND('',#2404,.T.);
#2575=FACE_BOUND('',#2405,.T.);
#2576=FACE_BOUND('',#2406,.T.);
#2577=FACE_BOUND('',#2407,.T.);
#2578=FACE_BOUND('',#2408,.T.);
#2579=FACE_BOUND('',#2409,.T.);
#2580=FACE_BOUND('',#2410,.T.);
#2581=FACE_BOUND('',#2411,.T.);
#2582=FACE_BOUND('',#2412,.T.);
#2583=FACE_BOUND('',#2413,.T.);
#2584=FACE_BOUND('',#2414,.T.);
#2585=FACE_BOUND('',#2415,.T.);
#2586=FACE_BOUND('',#2416,.T.);
#2587=FACE_BOUND('',#2417,.T.);
#2588=FACE_BOUND('',#2418,.T.);
#2589=FACE_BOUND('',#2419,.T.);
#2590=FACE_BOUND('',#2420,.T.);
#2591=FACE_BOUND('',#2421,.T.);
#2592=FACE_BOUND('',#2422,.T.);
#2593=FACE_BOUND('',#2423,.T.);
#2594=FACE_BOUND('',#2424,.T.);
#2595=FACE_BOUND('',#2425,.T.);
#2596=FACE_BOUND('',#2426,.T.);
#2597=FACE_BOUND('',#2427,.T.);
#2598=FACE_BOUND('',#2428,.T.);
#2599=FACE_BOUND('',#2429,.T.);
#2600=FACE_BOUND('',#2430,.T.);
#2601=FACE_BOUND('',#2431,.T.);
#2602=FACE_BOUND('',#2432,.T.);
#2603=FACE_BOUND('',#2433,.T.);
#2604=FACE_BOUND('',#2434,.T.);
#2605=FACE_BOUND('',#2435,.T.);
#2606=FACE_BOUND('',#2436,.T.);
#2607=FACE_BOUND('',#2437,.T.);
#2608=FACE_BOUND('',#2438,.T.);
#2609=FACE_BOUND('',#2439,.T.);
#2610=FACE_BOUND('',#2440,.T.);
#2611=FACE_BOUND('',#2441,.T.);
#2612=FACE_BOUND('',#2442,.T.);
#2613=FACE_BOUND('',#2443,.T.);
#2614=FACE_BOUND('',#2444,.T.);
#2615=FACE_BOUND('',#2445,.T.);
#2616=CYLINDRICAL_SURFACE('',#3705,5.12);
#2617=CYLINDRICAL_SURFACE('',#3706,2.62);
#2618=CYLINDRICAL_SURFACE('',#3709,0.019999999999999);
#2619=CYLINDRICAL_SURFACE('',#3714,2.52);
#2620=CYLINDRICAL_SURFACE('',#3717,0.0200000000001349);
#2621=CYLINDRICAL_SURFACE('',#3722,2.52000000000014);
#2622=CYLINDRICAL_SURFACE('',#3737,0.259000000000004);
#2623=CYLINDRICAL_SURFACE('',#3740,0.0110000000000067);
#2624=CYLINDRICAL_SURFACE('',#3745,0.259000000000004);
#2625=CYLINDRICAL_SURFACE('',#3748,0.0110000000000067);
#2626=CYLINDRICAL_SURFACE('',#3792,0.5);
#2627=CYLINDRICAL_SURFACE('',#3794,0.5);
#2628=CYLINDRICAL_SURFACE('',#3798,0.5);
#2629=CYLINDRICAL_SURFACE('',#3800,0.5);
#2630=CYLINDRICAL_SURFACE('',#3804,0.5);
#2631=CYLINDRICAL_SURFACE('',#3805,0.5);
#2632=CYLINDRICAL_SURFACE('',#3807,0.5);
#2633=CYLINDRICAL_SURFACE('',#3811,0.5);
#2634=CYLINDRICAL_SURFACE('',#3813,0.5);
#2635=CYLINDRICAL_SURFACE('',#3817,0.5);
#2636=CYLINDRICAL_SURFACE('',#3818,0.1);
#2637=CYLINDRICAL_SURFACE('',#3819,0.1);
#2638=CYLINDRICAL_SURFACE('',#3820,0.1);
#2639=CYLINDRICAL_SURFACE('',#3821,0.1);
#2640=CYLINDRICAL_SURFACE('',#3822,2.6);
#2641=CYLINDRICAL_SURFACE('',#3841,5.1);
#2642=CYLINDRICAL_SURFACE('',#3845,5.1);
#2643=CYLINDRICAL_SURFACE('',#3872,0.5);
#2644=CYLINDRICAL_SURFACE('',#3877,0.5);
#2645=CYLINDRICAL_SURFACE('',#3879,0.5);
#2646=CYLINDRICAL_SURFACE('',#3881,0.5);
#2647=CYLINDRICAL_SURFACE('',#3883,0.5);
#2648=CYLINDRICAL_SURFACE('',#3889,0.5);
#2649=CYLINDRICAL_SURFACE('',#3891,0.5);
#2650=CYLINDRICAL_SURFACE('',#3895,0.5);
#2651=STYLED_ITEM('',(#2776),#3530);
#2652=STYLED_ITEM('',(#2777),#3531);
#2653=STYLED_ITEM('',(#2778),#3532);
#2654=STYLED_ITEM('',(#2779),#3533);
#2655=STYLED_ITEM('',(#2780),#3534);
#2656=STYLED_ITEM('',(#2781),#3535);
#2657=STYLED_ITEM('',(#2782),#3536);
#2658=STYLED_ITEM('',(#2783),#3537);
#2659=STYLED_ITEM('',(#2784),#3538);
#2660=STYLED_ITEM('',(#2785),#3539);
#2661=STYLED_ITEM('',(#2786),#3540);
#2662=STYLED_ITEM('',(#2787),#3541);
#2663=STYLED_ITEM('',(#2788),#3542);
#2664=STYLED_ITEM('',(#2789),#3543);
#2665=STYLED_ITEM('',(#2790),#3544);
#2666=STYLED_ITEM('',(#2791),#3545);
#2667=STYLED_ITEM('',(#2792),#3546);
#2668=STYLED_ITEM('',(#2793),#3547);
#2669=STYLED_ITEM('',(#2794),#3548);
#2670=STYLED_ITEM('',(#2795),#3549);
#2671=STYLED_ITEM('',(#2796),#3550);
#2672=STYLED_ITEM('',(#2797),#3551);
#2673=STYLED_ITEM('',(#2798),#3552);
#2674=STYLED_ITEM('',(#2799),#3553);
#2675=STYLED_ITEM('',(#2800),#3554);
#2676=STYLED_ITEM('',(#2801),#3555);
#2677=STYLED_ITEM('',(#2802),#3556);
#2678=STYLED_ITEM('',(#2803),#3557);
#2679=STYLED_ITEM('',(#2804),#3558);
#2680=STYLED_ITEM('',(#2805),#3559);
#2681=STYLED_ITEM('',(#2806),#3560);
#2682=STYLED_ITEM('',(#2807),#3561);
#2683=STYLED_ITEM('',(#2808),#3562);
#2684=STYLED_ITEM('',(#2809),#3563);
#2685=STYLED_ITEM('',(#2810),#3564);
#2686=STYLED_ITEM('',(#2811),#3565);
#2687=STYLED_ITEM('',(#2812),#3566);
#2688=STYLED_ITEM('',(#2813),#3567);
#2689=STYLED_ITEM('',(#2814),#3568);
#2690=STYLED_ITEM('',(#2815),#3569);
#2691=STYLED_ITEM('',(#2816),#3570);
#2692=STYLED_ITEM('',(#2817),#3571);
#2693=STYLED_ITEM('',(#2818),#3572);
#2694=STYLED_ITEM('',(#2819),#3573);
#2695=STYLED_ITEM('',(#2820),#3696);
#2696=STYLED_ITEM('',(#2821),#3612);
#2697=STYLED_ITEM('',(#2822),#3613);
#2698=STYLED_ITEM('',(#2823),#3614);
#2699=STYLED_ITEM('',(#2824),#3615);
#2700=STYLED_ITEM('',(#2825),#3616);
#2701=STYLED_ITEM('',(#2826),#3617);
#2702=STYLED_ITEM('',(#2827),#3618);
#2703=STYLED_ITEM('',(#2828),#3619);
#2704=STYLED_ITEM('',(#2829),#3620);
#2705=STYLED_ITEM('',(#2830),#3621);
#2706=STYLED_ITEM('',(#2831),#3622);
#2707=STYLED_ITEM('',(#2832),#3623);
#2708=STYLED_ITEM('',(#2833),#3624);
#2709=STYLED_ITEM('',(#2834),#3625);
#2710=STYLED_ITEM('',(#2835),#3626);
#2711=STYLED_ITEM('',(#2836),#3627);
#2712=STYLED_ITEM('',(#2837),#3628);
#2713=STYLED_ITEM('',(#2838),#3629);
#2714=STYLED_ITEM('',(#2839),#3630);
#2715=STYLED_ITEM('',(#2840),#3631);
#2716=STYLED_ITEM('',(#2841),#3632);
#2717=STYLED_ITEM('',(#2842),#3633);
#2718=STYLED_ITEM('',(#2843),#3634);
#2719=STYLED_ITEM('',(#2844),#3635);
#2720=STYLED_ITEM('',(#2845),#3636);
#2721=STYLED_ITEM('',(#2846),#3637);
#2722=STYLED_ITEM('',(#2847),#3638);
#2723=STYLED_ITEM('',(#2848),#3639);
#2724=STYLED_ITEM('',(#2849),#3640);
#2725=STYLED_ITEM('',(#2850),#3641);
#2726=STYLED_ITEM('',(#2851),#3642);
#2727=STYLED_ITEM('',(#2852),#3643);
#2728=STYLED_ITEM('',(#2853),#3644);
#2729=STYLED_ITEM('',(#2854),#3645);
#2730=STYLED_ITEM('',(#2855),#3646);
#2731=STYLED_ITEM('',(#2856),#3647);
#2732=STYLED_ITEM('',(#2857),#3648);
#2733=STYLED_ITEM('',(#2858),#3649);
#2734=STYLED_ITEM('',(#2859),#3650);
#2735=STYLED_ITEM('',(#2860),#3651);
#2736=STYLED_ITEM('',(#2861),#3652);
#2737=STYLED_ITEM('',(#2862),#3653);
#2738=STYLED_ITEM('',(#2863),#3654);
#2739=STYLED_ITEM('',(#2864),#3655);
#2740=STYLED_ITEM('',(#2865),#3656);
#2741=STYLED_ITEM('',(#2866),#3657);
#2742=STYLED_ITEM('',(#2867),#3658);
#2743=STYLED_ITEM('',(#2868),#3659);
#2744=STYLED_ITEM('',(#2869),#3660);
#2745=STYLED_ITEM('',(#2870),#3661);
#2746=STYLED_ITEM('',(#2871),#3662);
#2747=STYLED_ITEM('',(#2872),#3663);
#2748=STYLED_ITEM('',(#2873),#3664);
#2749=STYLED_ITEM('',(#2874),#3665);
#2750=STYLED_ITEM('',(#2875),#3666);
#2751=STYLED_ITEM('',(#2876),#3667);
#2752=STYLED_ITEM('',(#2877),#3668);
#2753=STYLED_ITEM('',(#2878),#3669);
#2754=STYLED_ITEM('',(#2879),#3670);
#2755=STYLED_ITEM('',(#2880),#3671);
#2756=STYLED_ITEM('',(#2881),#3672);
#2757=STYLED_ITEM('',(#2882),#3673);
#2758=STYLED_ITEM('',(#2883),#3674);
#2759=STYLED_ITEM('',(#2884),#3675);
#2760=STYLED_ITEM('',(#2885),#3676);
#2761=STYLED_ITEM('',(#2886),#3677);
#2762=STYLED_ITEM('',(#2887),#3678);
#2763=STYLED_ITEM('',(#2888),#3679);
#2764=STYLED_ITEM('',(#2889),#3680);
#2765=STYLED_ITEM('',(#2890),#3681);
#2766=STYLED_ITEM('',(#2891),#3682);
#2767=STYLED_ITEM('',(#2892),#3683);
#2768=STYLED_ITEM('',(#2893),#3684);
#2769=STYLED_ITEM('',(#2894),#3685);
#2770=STYLED_ITEM('',(#2895),#3686);
#2771=STYLED_ITEM('',(#2896),#3687);
#2772=STYLED_ITEM('',(#2897),#3688);
#2773=STYLED_ITEM('',(#2898),#3689);
#2774=STYLED_ITEM('',(#2899),#3690);
#2775=STYLED_ITEM('',(#2900),#3691);
#2776=PRESENTATION_STYLE_ASSIGNMENT((#2901));
#2777=PRESENTATION_STYLE_ASSIGNMENT((#2902));
#2778=PRESENTATION_STYLE_ASSIGNMENT((#2903));
#2779=PRESENTATION_STYLE_ASSIGNMENT((#2904));
#2780=PRESENTATION_STYLE_ASSIGNMENT((#2905));
#2781=PRESENTATION_STYLE_ASSIGNMENT((#2906));
#2782=PRESENTATION_STYLE_ASSIGNMENT((#2907));
#2783=PRESENTATION_STYLE_ASSIGNMENT((#2908));
#2784=PRESENTATION_STYLE_ASSIGNMENT((#2909));
#2785=PRESENTATION_STYLE_ASSIGNMENT((#2910));
#2786=PRESENTATION_STYLE_ASSIGNMENT((#2911));
#2787=PRESENTATION_STYLE_ASSIGNMENT((#2912));
#2788=PRESENTATION_STYLE_ASSIGNMENT((#2913));
#2789=PRESENTATION_STYLE_ASSIGNMENT((#2914));
#2790=PRESENTATION_STYLE_ASSIGNMENT((#2915));
#2791=PRESENTATION_STYLE_ASSIGNMENT((#2916));
#2792=PRESENTATION_STYLE_ASSIGNMENT((#2917));
#2793=PRESENTATION_STYLE_ASSIGNMENT((#2918));
#2794=PRESENTATION_STYLE_ASSIGNMENT((#2919));
#2795=PRESENTATION_STYLE_ASSIGNMENT((#2920));
#2796=PRESENTATION_STYLE_ASSIGNMENT((#2921));
#2797=PRESENTATION_STYLE_ASSIGNMENT((#2922));
#2798=PRESENTATION_STYLE_ASSIGNMENT((#2923));
#2799=PRESENTATION_STYLE_ASSIGNMENT((#2924));
#2800=PRESENTATION_STYLE_ASSIGNMENT((#2925));
#2801=PRESENTATION_STYLE_ASSIGNMENT((#2926));
#2802=PRESENTATION_STYLE_ASSIGNMENT((#2927));
#2803=PRESENTATION_STYLE_ASSIGNMENT((#2928));
#2804=PRESENTATION_STYLE_ASSIGNMENT((#2929));
#2805=PRESENTATION_STYLE_ASSIGNMENT((#2930));
#2806=PRESENTATION_STYLE_ASSIGNMENT((#2931));
#2807=PRESENTATION_STYLE_ASSIGNMENT((#2932));
#2808=PRESENTATION_STYLE_ASSIGNMENT((#2933));
#2809=PRESENTATION_STYLE_ASSIGNMENT((#2934));
#2810=PRESENTATION_STYLE_ASSIGNMENT((#2935));
#2811=PRESENTATION_STYLE_ASSIGNMENT((#2936));
#2812=PRESENTATION_STYLE_ASSIGNMENT((#2937));
#2813=PRESENTATION_STYLE_ASSIGNMENT((#2938));
#2814=PRESENTATION_STYLE_ASSIGNMENT((#2939));
#2815=PRESENTATION_STYLE_ASSIGNMENT((#2940));
#2816=PRESENTATION_STYLE_ASSIGNMENT((#2941));
#2817=PRESENTATION_STYLE_ASSIGNMENT((#2942));
#2818=PRESENTATION_STYLE_ASSIGNMENT((#2943));
#2819=PRESENTATION_STYLE_ASSIGNMENT((#2944));
#2820=PRESENTATION_STYLE_ASSIGNMENT((#2945));
#2821=PRESENTATION_STYLE_ASSIGNMENT((#2946));
#2822=PRESENTATION_STYLE_ASSIGNMENT((#2947));
#2823=PRESENTATION_STYLE_ASSIGNMENT((#2948));
#2824=PRESENTATION_STYLE_ASSIGNMENT((#2949));
#2825=PRESENTATION_STYLE_ASSIGNMENT((#2950));
#2826=PRESENTATION_STYLE_ASSIGNMENT((#2951));
#2827=PRESENTATION_STYLE_ASSIGNMENT((#2952));
#2828=PRESENTATION_STYLE_ASSIGNMENT((#2953));
#2829=PRESENTATION_STYLE_ASSIGNMENT((#2954));
#2830=PRESENTATION_STYLE_ASSIGNMENT((#2955));
#2831=PRESENTATION_STYLE_ASSIGNMENT((#2956));
#2832=PRESENTATION_STYLE_ASSIGNMENT((#2957));
#2833=PRESENTATION_STYLE_ASSIGNMENT((#2958));
#2834=PRESENTATION_STYLE_ASSIGNMENT((#2959));
#2835=PRESENTATION_STYLE_ASSIGNMENT((#2960));
#2836=PRESENTATION_STYLE_ASSIGNMENT((#2961));
#2837=PRESENTATION_STYLE_ASSIGNMENT((#2962));
#2838=PRESENTATION_STYLE_ASSIGNMENT((#2963));
#2839=PRESENTATION_STYLE_ASSIGNMENT((#2964));
#2840=PRESENTATION_STYLE_ASSIGNMENT((#2965));
#2841=PRESENTATION_STYLE_ASSIGNMENT((#2966));
#2842=PRESENTATION_STYLE_ASSIGNMENT((#2967));
#2843=PRESENTATION_STYLE_ASSIGNMENT((#2968));
#2844=PRESENTATION_STYLE_ASSIGNMENT((#2969));
#2845=PRESENTATION_STYLE_ASSIGNMENT((#2970));
#2846=PRESENTATION_STYLE_ASSIGNMENT((#2971));
#2847=PRESENTATION_STYLE_ASSIGNMENT((#2972));
#2848=PRESENTATION_STYLE_ASSIGNMENT((#2973));
#2849=PRESENTATION_STYLE_ASSIGNMENT((#2974));
#2850=PRESENTATION_STYLE_ASSIGNMENT((#2975));
#2851=PRESENTATION_STYLE_ASSIGNMENT((#2976));
#2852=PRESENTATION_STYLE_ASSIGNMENT((#2977));
#2853=PRESENTATION_STYLE_ASSIGNMENT((#2978));
#2854=PRESENTATION_STYLE_ASSIGNMENT((#2979));
#2855=PRESENTATION_STYLE_ASSIGNMENT((#2980));
#2856=PRESENTATION_STYLE_ASSIGNMENT((#2981));
#2857=PRESENTATION_STYLE_ASSIGNMENT((#2982));
#2858=PRESENTATION_STYLE_ASSIGNMENT((#2983));
#2859=PRESENTATION_STYLE_ASSIGNMENT((#2984));
#2860=PRESENTATION_STYLE_ASSIGNMENT((#2985));
#2861=PRESENTATION_STYLE_ASSIGNMENT((#2986));
#2862=PRESENTATION_STYLE_ASSIGNMENT((#2987));
#2863=PRESENTATION_STYLE_ASSIGNMENT((#2988));
#2864=PRESENTATION_STYLE_ASSIGNMENT((#2989));
#2865=PRESENTATION_STYLE_ASSIGNMENT((#2990));
#2866=PRESENTATION_STYLE_ASSIGNMENT((#2991));
#2867=PRESENTATION_STYLE_ASSIGNMENT((#2992));
#2868=PRESENTATION_STYLE_ASSIGNMENT((#2993));
#2869=PRESENTATION_STYLE_ASSIGNMENT((#2994));
#2870=PRESENTATION_STYLE_ASSIGNMENT((#2995));
#2871=PRESENTATION_STYLE_ASSIGNMENT((#2996));
#2872=PRESENTATION_STYLE_ASSIGNMENT((#2997));
#2873=PRESENTATION_STYLE_ASSIGNMENT((#2998));
#2874=PRESENTATION_STYLE_ASSIGNMENT((#2999));
#2875=PRESENTATION_STYLE_ASSIGNMENT((#3000));
#2876=PRESENTATION_STYLE_ASSIGNMENT((#3001));
#2877=PRESENTATION_STYLE_ASSIGNMENT((#3002));
#2878=PRESENTATION_STYLE_ASSIGNMENT((#3003));
#2879=PRESENTATION_STYLE_ASSIGNMENT((#3004));
#2880=PRESENTATION_STYLE_ASSIGNMENT((#3005));
#2881=PRESENTATION_STYLE_ASSIGNMENT((#3006));
#2882=PRESENTATION_STYLE_ASSIGNMENT((#3007));
#2883=PRESENTATION_STYLE_ASSIGNMENT((#3008));
#2884=PRESENTATION_STYLE_ASSIGNMENT((#3009));
#2885=PRESENTATION_STYLE_ASSIGNMENT((#3010));
#2886=PRESENTATION_STYLE_ASSIGNMENT((#3011));
#2887=PRESENTATION_STYLE_ASSIGNMENT((#3012));
#2888=PRESENTATION_STYLE_ASSIGNMENT((#3013));
#2889=PRESENTATION_STYLE_ASSIGNMENT((#3014));
#2890=PRESENTATION_STYLE_ASSIGNMENT((#3015));
#2891=PRESENTATION_STYLE_ASSIGNMENT((#3016));
#2892=PRESENTATION_STYLE_ASSIGNMENT((#3017));
#2893=PRESENTATION_STYLE_ASSIGNMENT((#3018));
#2894=PRESENTATION_STYLE_ASSIGNMENT((#3019));
#2895=PRESENTATION_STYLE_ASSIGNMENT((#3020));
#2896=PRESENTATION_STYLE_ASSIGNMENT((#3021));
#2897=PRESENTATION_STYLE_ASSIGNMENT((#3022));
#2898=PRESENTATION_STYLE_ASSIGNMENT((#3023));
#2899=PRESENTATION_STYLE_ASSIGNMENT((#3024));
#2900=PRESENTATION_STYLE_ASSIGNMENT((#3025));
#2901=SURFACE_STYLE_USAGE(.BOTH.,#3026);
#2902=SURFACE_STYLE_USAGE(.BOTH.,#3027);
#2903=SURFACE_STYLE_USAGE(.BOTH.,#3028);
#2904=SURFACE_STYLE_USAGE(.BOTH.,#3029);
#2905=SURFACE_STYLE_USAGE(.BOTH.,#3030);
#2906=SURFACE_STYLE_USAGE(.BOTH.,#3031);
#2907=SURFACE_STYLE_USAGE(.BOTH.,#3032);
#2908=SURFACE_STYLE_USAGE(.BOTH.,#3033);
#2909=SURFACE_STYLE_USAGE(.BOTH.,#3034);
#2910=SURFACE_STYLE_USAGE(.BOTH.,#3035);
#2911=SURFACE_STYLE_USAGE(.BOTH.,#3036);
#2912=SURFACE_STYLE_USAGE(.BOTH.,#3037);
#2913=SURFACE_STYLE_USAGE(.BOTH.,#3038);
#2914=SURFACE_STYLE_USAGE(.BOTH.,#3039);
#2915=SURFACE_STYLE_USAGE(.BOTH.,#3040);
#2916=SURFACE_STYLE_USAGE(.BOTH.,#3041);
#2917=SURFACE_STYLE_USAGE(.BOTH.,#3042);
#2918=SURFACE_STYLE_USAGE(.BOTH.,#3043);
#2919=SURFACE_STYLE_USAGE(.BOTH.,#3044);
#2920=SURFACE_STYLE_USAGE(.BOTH.,#3045);
#2921=SURFACE_STYLE_USAGE(.BOTH.,#3046);
#2922=SURFACE_STYLE_USAGE(.BOTH.,#3047);
#2923=SURFACE_STYLE_USAGE(.BOTH.,#3048);
#2924=SURFACE_STYLE_USAGE(.BOTH.,#3049);
#2925=SURFACE_STYLE_USAGE(.BOTH.,#3050);
#2926=SURFACE_STYLE_USAGE(.BOTH.,#3051);
#2927=SURFACE_STYLE_USAGE(.BOTH.,#3052);
#2928=SURFACE_STYLE_USAGE(.BOTH.,#3053);
#2929=SURFACE_STYLE_USAGE(.BOTH.,#3054);
#2930=SURFACE_STYLE_USAGE(.BOTH.,#3055);
#2931=SURFACE_STYLE_USAGE(.BOTH.,#3056);
#2932=SURFACE_STYLE_USAGE(.BOTH.,#3057);
#2933=SURFACE_STYLE_USAGE(.BOTH.,#3058);
#2934=SURFACE_STYLE_USAGE(.BOTH.,#3059);
#2935=SURFACE_STYLE_USAGE(.BOTH.,#3060);
#2936=SURFACE_STYLE_USAGE(.BOTH.,#3061);
#2937=SURFACE_STYLE_USAGE(.BOTH.,#3062);
#2938=SURFACE_STYLE_USAGE(.BOTH.,#3063);
#2939=SURFACE_STYLE_USAGE(.BOTH.,#3064);
#2940=SURFACE_STYLE_USAGE(.BOTH.,#3065);
#2941=SURFACE_STYLE_USAGE(.BOTH.,#3066);
#2942=SURFACE_STYLE_USAGE(.BOTH.,#3067);
#2943=SURFACE_STYLE_USAGE(.BOTH.,#3068);
#2944=SURFACE_STYLE_USAGE(.BOTH.,#3069);
#2945=SURFACE_STYLE_USAGE(.BOTH.,#3070);
#2946=SURFACE_STYLE_USAGE(.BOTH.,#3071);
#2947=SURFACE_STYLE_USAGE(.BOTH.,#3072);
#2948=SURFACE_STYLE_USAGE(.BOTH.,#3073);
#2949=SURFACE_STYLE_USAGE(.BOTH.,#3074);
#2950=SURFACE_STYLE_USAGE(.BOTH.,#3075);
#2951=SURFACE_STYLE_USAGE(.BOTH.,#3076);
#2952=SURFACE_STYLE_USAGE(.BOTH.,#3077);
#2953=SURFACE_STYLE_USAGE(.BOTH.,#3078);
#2954=SURFACE_STYLE_USAGE(.BOTH.,#3079);
#2955=SURFACE_STYLE_USAGE(.BOTH.,#3080);
#2956=SURFACE_STYLE_USAGE(.BOTH.,#3081);
#2957=SURFACE_STYLE_USAGE(.BOTH.,#3082);
#2958=SURFACE_STYLE_USAGE(.BOTH.,#3083);
#2959=SURFACE_STYLE_USAGE(.BOTH.,#3084);
#2960=SURFACE_STYLE_USAGE(.BOTH.,#3085);
#2961=SURFACE_STYLE_USAGE(.BOTH.,#3086);
#2962=SURFACE_STYLE_USAGE(.BOTH.,#3087);
#2963=SURFACE_STYLE_USAGE(.BOTH.,#3088);
#2964=SURFACE_STYLE_USAGE(.BOTH.,#3089);
#2965=SURFACE_STYLE_USAGE(.BOTH.,#3090);
#2966=SURFACE_STYLE_USAGE(.BOTH.,#3091);
#2967=SURFACE_STYLE_USAGE(.BOTH.,#3092);
#2968=SURFACE_STYLE_USAGE(.BOTH.,#3093);
#2969=SURFACE_STYLE_USAGE(.BOTH.,#3094);
#2970=SURFACE_STYLE_USAGE(.BOTH.,#3095);
#2971=SURFACE_STYLE_USAGE(.BOTH.,#3096);
#2972=SURFACE_STYLE_USAGE(.BOTH.,#3097);
#2973=SURFACE_STYLE_USAGE(.BOTH.,#3098);
#2974=SURFACE_STYLE_USAGE(.BOTH.,#3099);
#2975=SURFACE_STYLE_USAGE(.BOTH.,#3100);
#2976=SURFACE_STYLE_USAGE(.BOTH.,#3101);
#2977=SURFACE_STYLE_USAGE(.BOTH.,#3102);
#2978=SURFACE_STYLE_USAGE(.BOTH.,#3103);
#2979=SURFACE_STYLE_USAGE(.BOTH.,#3104);
#2980=SURFACE_STYLE_USAGE(.BOTH.,#3105);
#2981=SURFACE_STYLE_USAGE(.BOTH.,#3106);
#2982=SURFACE_STYLE_USAGE(.BOTH.,#3107);
#2983=SURFACE_STYLE_USAGE(.BOTH.,#3108);
#2984=SURFACE_STYLE_USAGE(.BOTH.,#3109);
#2985=SURFACE_STYLE_USAGE(.BOTH.,#3110);
#2986=SURFACE_STYLE_USAGE(.BOTH.,#3111);
#2987=SURFACE_STYLE_USAGE(.BOTH.,#3112);
#2988=SURFACE_STYLE_USAGE(.BOTH.,#3113);
#2989=SURFACE_STYLE_USAGE(.BOTH.,#3114);
#2990=SURFACE_STYLE_USAGE(.BOTH.,#3115);
#2991=SURFACE_STYLE_USAGE(.BOTH.,#3116);
#2992=SURFACE_STYLE_USAGE(.BOTH.,#3117);
#2993=SURFACE_STYLE_USAGE(.BOTH.,#3118);
#2994=SURFACE_STYLE_USAGE(.BOTH.,#3119);
#2995=SURFACE_STYLE_USAGE(.BOTH.,#3120);
#2996=SURFACE_STYLE_USAGE(.BOTH.,#3121);
#2997=SURFACE_STYLE_USAGE(.BOTH.,#3122);
#2998=SURFACE_STYLE_USAGE(.BOTH.,#3123);
#2999=SURFACE_STYLE_USAGE(.BOTH.,#3124);
#3000=SURFACE_STYLE_USAGE(.BOTH.,#3125);
#3001=SURFACE_STYLE_USAGE(.BOTH.,#3126);
#3002=SURFACE_STYLE_USAGE(.BOTH.,#3127);
#3003=SURFACE_STYLE_USAGE(.BOTH.,#3128);
#3004=SURFACE_STYLE_USAGE(.BOTH.,#3129);
#3005=SURFACE_STYLE_USAGE(.BOTH.,#3130);
#3006=SURFACE_STYLE_USAGE(.BOTH.,#3131);
#3007=SURFACE_STYLE_USAGE(.BOTH.,#3132);
#3008=SURFACE_STYLE_USAGE(.BOTH.,#3133);
#3009=SURFACE_STYLE_USAGE(.BOTH.,#3134);
#3010=SURFACE_STYLE_USAGE(.BOTH.,#3135);
#3011=SURFACE_STYLE_USAGE(.BOTH.,#3136);
#3012=SURFACE_STYLE_USAGE(.BOTH.,#3137);
#3013=SURFACE_STYLE_USAGE(.BOTH.,#3138);
#3014=SURFACE_STYLE_USAGE(.BOTH.,#3139);
#3015=SURFACE_STYLE_USAGE(.BOTH.,#3140);
#3016=SURFACE_STYLE_USAGE(.BOTH.,#3141);
#3017=SURFACE_STYLE_USAGE(.BOTH.,#3142);
#3018=SURFACE_STYLE_USAGE(.BOTH.,#3143);
#3019=SURFACE_STYLE_USAGE(.BOTH.,#3144);
#3020=SURFACE_STYLE_USAGE(.BOTH.,#3145);
#3021=SURFACE_STYLE_USAGE(.BOTH.,#3146);
#3022=SURFACE_STYLE_USAGE(.BOTH.,#3147);
#3023=SURFACE_STYLE_USAGE(.BOTH.,#3148);
#3024=SURFACE_STYLE_USAGE(.BOTH.,#3149);
#3025=SURFACE_STYLE_USAGE(.BOTH.,#3150);
#3026=SURFACE_SIDE_STYLE('',(#3151));
#3027=SURFACE_SIDE_STYLE('',(#3152));
#3028=SURFACE_SIDE_STYLE('',(#3153));
#3029=SURFACE_SIDE_STYLE('',(#3154));
#3030=SURFACE_SIDE_STYLE('',(#3155));
#3031=SURFACE_SIDE_STYLE('',(#3156));
#3032=SURFACE_SIDE_STYLE('',(#3157));
#3033=SURFACE_SIDE_STYLE('',(#3158));
#3034=SURFACE_SIDE_STYLE('',(#3159));
#3035=SURFACE_SIDE_STYLE('',(#3160));
#3036=SURFACE_SIDE_STYLE('',(#3161));
#3037=SURFACE_SIDE_STYLE('',(#3162));
#3038=SURFACE_SIDE_STYLE('',(#3163));
#3039=SURFACE_SIDE_STYLE('',(#3164));
#3040=SURFACE_SIDE_STYLE('',(#3165));
#3041=SURFACE_SIDE_STYLE('',(#3166));
#3042=SURFACE_SIDE_STYLE('',(#3167));
#3043=SURFACE_SIDE_STYLE('',(#3168));
#3044=SURFACE_SIDE_STYLE('',(#3169));
#3045=SURFACE_SIDE_STYLE('',(#3170));
#3046=SURFACE_SIDE_STYLE('',(#3171));
#3047=SURFACE_SIDE_STYLE('',(#3172));
#3048=SURFACE_SIDE_STYLE('',(#3173));
#3049=SURFACE_SIDE_STYLE('',(#3174));
#3050=SURFACE_SIDE_STYLE('',(#3175));
#3051=SURFACE_SIDE_STYLE('',(#3176));
#3052=SURFACE_SIDE_STYLE('',(#3177));
#3053=SURFACE_SIDE_STYLE('',(#3178));
#3054=SURFACE_SIDE_STYLE('',(#3179));
#3055=SURFACE_SIDE_STYLE('',(#3180));
#3056=SURFACE_SIDE_STYLE('',(#3181));
#3057=SURFACE_SIDE_STYLE('',(#3182));
#3058=SURFACE_SIDE_STYLE('',(#3183));
#3059=SURFACE_SIDE_STYLE('',(#3184));
#3060=SURFACE_SIDE_STYLE('',(#3185));
#3061=SURFACE_SIDE_STYLE('',(#3186));
#3062=SURFACE_SIDE_STYLE('',(#3187));
#3063=SURFACE_SIDE_STYLE('',(#3188));
#3064=SURFACE_SIDE_STYLE('',(#3189));
#3065=SURFACE_SIDE_STYLE('',(#3190));
#3066=SURFACE_SIDE_STYLE('',(#3191));
#3067=SURFACE_SIDE_STYLE('',(#3192));
#3068=SURFACE_SIDE_STYLE('',(#3193));
#3069=SURFACE_SIDE_STYLE('',(#3194));
#3070=SURFACE_SIDE_STYLE('',(#3195));
#3071=SURFACE_SIDE_STYLE('',(#3196));
#3072=SURFACE_SIDE_STYLE('',(#3197));
#3073=SURFACE_SIDE_STYLE('',(#3198));
#3074=SURFACE_SIDE_STYLE('',(#3199));
#3075=SURFACE_SIDE_STYLE('',(#3200));
#3076=SURFACE_SIDE_STYLE('',(#3201));
#3077=SURFACE_SIDE_STYLE('',(#3202));
#3078=SURFACE_SIDE_STYLE('',(#3203));
#3079=SURFACE_SIDE_STYLE('',(#3204));
#3080=SURFACE_SIDE_STYLE('',(#3205));
#3081=SURFACE_SIDE_STYLE('',(#3206));
#3082=SURFACE_SIDE_STYLE('',(#3207));
#3083=SURFACE_SIDE_STYLE('',(#3208));
#3084=SURFACE_SIDE_STYLE('',(#3209));
#3085=SURFACE_SIDE_STYLE('',(#3210));
#3086=SURFACE_SIDE_STYLE('',(#3211));
#3087=SURFACE_SIDE_STYLE('',(#3212));
#3088=SURFACE_SIDE_STYLE('',(#3213));
#3089=SURFACE_SIDE_STYLE('',(#3214));
#3090=SURFACE_SIDE_STYLE('',(#3215));
#3091=SURFACE_SIDE_STYLE('',(#3216));
#3092=SURFACE_SIDE_STYLE('',(#3217));
#3093=SURFACE_SIDE_STYLE('',(#3218));
#3094=SURFACE_SIDE_STYLE('',(#3219));
#3095=SURFACE_SIDE_STYLE('',(#3220));
#3096=SURFACE_SIDE_STYLE('',(#3221));
#3097=SURFACE_SIDE_STYLE('',(#3222));
#3098=SURFACE_SIDE_STYLE('',(#3223));
#3099=SURFACE_SIDE_STYLE('',(#3224));
#3100=SURFACE_SIDE_STYLE('',(#3225));
#3101=SURFACE_SIDE_STYLE('',(#3226));
#3102=SURFACE_SIDE_STYLE('',(#3227));
#3103=SURFACE_SIDE_STYLE('',(#3228));
#3104=SURFACE_SIDE_STYLE('',(#3229));
#3105=SURFACE_SIDE_STYLE('',(#3230));
#3106=SURFACE_SIDE_STYLE('',(#3231));
#3107=SURFACE_SIDE_STYLE('',(#3232));
#3108=SURFACE_SIDE_STYLE('',(#3233));
#3109=SURFACE_SIDE_STYLE('',(#3234));
#3110=SURFACE_SIDE_STYLE('',(#3235));
#3111=SURFACE_SIDE_STYLE('',(#3236));
#3112=SURFACE_SIDE_STYLE('',(#3237));
#3113=SURFACE_SIDE_STYLE('',(#3238));
#3114=SURFACE_SIDE_STYLE('',(#3239));
#3115=SURFACE_SIDE_STYLE('',(#3240));
#3116=SURFACE_SIDE_STYLE('',(#3241));
#3117=SURFACE_SIDE_STYLE('',(#3242));
#3118=SURFACE_SIDE_STYLE('',(#3243));
#3119=SURFACE_SIDE_STYLE('',(#3244));
#3120=SURFACE_SIDE_STYLE('',(#3245));
#3121=SURFACE_SIDE_STYLE('',(#3246));
#3122=SURFACE_SIDE_STYLE('',(#3247));
#3123=SURFACE_SIDE_STYLE('',(#3248));
#3124=SURFACE_SIDE_STYLE('',(#3249));
#3125=SURFACE_SIDE_STYLE('',(#3250));
#3126=SURFACE_SIDE_STYLE('',(#3251));
#3127=SURFACE_SIDE_STYLE('',(#3252));
#3128=SURFACE_SIDE_STYLE('',(#3253));
#3129=SURFACE_SIDE_STYLE('',(#3254));
#3130=SURFACE_SIDE_STYLE('',(#3255));
#3131=SURFACE_SIDE_STYLE('',(#3256));
#3132=SURFACE_SIDE_STYLE('',(#3257));
#3133=SURFACE_SIDE_STYLE('',(#3258));
#3134=SURFACE_SIDE_STYLE('',(#3259));
#3135=SURFACE_SIDE_STYLE('',(#3260));
#3136=SURFACE_SIDE_STYLE('',(#3261));
#3137=SURFACE_SIDE_STYLE('',(#3262));
#3138=SURFACE_SIDE_STYLE('',(#3263));
#3139=SURFACE_SIDE_STYLE('',(#3264));
#3140=SURFACE_SIDE_STYLE('',(#3265));
#3141=SURFACE_SIDE_STYLE('',(#3266));
#3142=SURFACE_SIDE_STYLE('',(#3267));
#3143=SURFACE_SIDE_STYLE('',(#3268));
#3144=SURFACE_SIDE_STYLE('',(#3269));
#3145=SURFACE_SIDE_STYLE('',(#3270));
#3146=SURFACE_SIDE_STYLE('',(#3271));
#3147=SURFACE_SIDE_STYLE('',(#3272));
#3148=SURFACE_SIDE_STYLE('',(#3273));
#3149=SURFACE_SIDE_STYLE('',(#3274));
#3150=SURFACE_SIDE_STYLE('',(#3275));
#3151=SURFACE_STYLE_FILL_AREA(#3276);
#3152=SURFACE_STYLE_FILL_AREA(#3277);
#3153=SURFACE_STYLE_FILL_AREA(#3278);
#3154=SURFACE_STYLE_FILL_AREA(#3279);
#3155=SURFACE_STYLE_FILL_AREA(#3280);
#3156=SURFACE_STYLE_FILL_AREA(#3281);
#3157=SURFACE_STYLE_FILL_AREA(#3282);
#3158=SURFACE_STYLE_FILL_AREA(#3283);
#3159=SURFACE_STYLE_FILL_AREA(#3284);
#3160=SURFACE_STYLE_FILL_AREA(#3285);
#3161=SURFACE_STYLE_FILL_AREA(#3286);
#3162=SURFACE_STYLE_FILL_AREA(#3287);
#3163=SURFACE_STYLE_FILL_AREA(#3288);
#3164=SURFACE_STYLE_FILL_AREA(#3289);
#3165=SURFACE_STYLE_FILL_AREA(#3290);
#3166=SURFACE_STYLE_FILL_AREA(#3291);
#3167=SURFACE_STYLE_FILL_AREA(#3292);
#3168=SURFACE_STYLE_FILL_AREA(#3293);
#3169=SURFACE_STYLE_FILL_AREA(#3294);
#3170=SURFACE_STYLE_FILL_AREA(#3295);
#3171=SURFACE_STYLE_FILL_AREA(#3296);
#3172=SURFACE_STYLE_FILL_AREA(#3297);
#3173=SURFACE_STYLE_FILL_AREA(#3298);
#3174=SURFACE_STYLE_FILL_AREA(#3299);
#3175=SURFACE_STYLE_FILL_AREA(#3300);
#3176=SURFACE_STYLE_FILL_AREA(#3301);
#3177=SURFACE_STYLE_FILL_AREA(#3302);
#3178=SURFACE_STYLE_FILL_AREA(#3303);
#3179=SURFACE_STYLE_FILL_AREA(#3304);
#3180=SURFACE_STYLE_FILL_AREA(#3305);
#3181=SURFACE_STYLE_FILL_AREA(#3306);
#3182=SURFACE_STYLE_FILL_AREA(#3307);
#3183=SURFACE_STYLE_FILL_AREA(#3308);
#3184=SURFACE_STYLE_FILL_AREA(#3309);
#3185=SURFACE_STYLE_FILL_AREA(#3310);
#3186=SURFACE_STYLE_FILL_AREA(#3311);
#3187=SURFACE_STYLE_FILL_AREA(#3312);
#3188=SURFACE_STYLE_FILL_AREA(#3313);
#3189=SURFACE_STYLE_FILL_AREA(#3314);
#3190=SURFACE_STYLE_FILL_AREA(#3315);
#3191=SURFACE_STYLE_FILL_AREA(#3316);
#3192=SURFACE_STYLE_FILL_AREA(#3317);
#3193=SURFACE_STYLE_FILL_AREA(#3318);
#3194=SURFACE_STYLE_FILL_AREA(#3319);
#3195=SURFACE_STYLE_FILL_AREA(#3320);
#3196=SURFACE_STYLE_FILL_AREA(#3321);
#3197=SURFACE_STYLE_FILL_AREA(#3322);
#3198=SURFACE_STYLE_FILL_AREA(#3323);
#3199=SURFACE_STYLE_FILL_AREA(#3324);
#3200=SURFACE_STYLE_FILL_AREA(#3325);
#3201=SURFACE_STYLE_FILL_AREA(#3326);
#3202=SURFACE_STYLE_FILL_AREA(#3327);
#3203=SURFACE_STYLE_FILL_AREA(#3328);
#3204=SURFACE_STYLE_FILL_AREA(#3329);
#3205=SURFACE_STYLE_FILL_AREA(#3330);
#3206=SURFACE_STYLE_FILL_AREA(#3331);
#3207=SURFACE_STYLE_FILL_AREA(#3332);
#3208=SURFACE_STYLE_FILL_AREA(#3333);
#3209=SURFACE_STYLE_FILL_AREA(#3334);
#3210=SURFACE_STYLE_FILL_AREA(#3335);
#3211=SURFACE_STYLE_FILL_AREA(#3336);
#3212=SURFACE_STYLE_FILL_AREA(#3337);
#3213=SURFACE_STYLE_FILL_AREA(#3338);
#3214=SURFACE_STYLE_FILL_AREA(#3339);
#3215=SURFACE_STYLE_FILL_AREA(#3340);
#3216=SURFACE_STYLE_FILL_AREA(#3341);
#3217=SURFACE_STYLE_FILL_AREA(#3342);
#3218=SURFACE_STYLE_FILL_AREA(#3343);
#3219=SURFACE_STYLE_FILL_AREA(#3344);
#3220=SURFACE_STYLE_FILL_AREA(#3345);
#3221=SURFACE_STYLE_FILL_AREA(#3346);
#3222=SURFACE_STYLE_FILL_AREA(#3347);
#3223=SURFACE_STYLE_FILL_AREA(#3348);
#3224=SURFACE_STYLE_FILL_AREA(#3349);
#3225=SURFACE_STYLE_FILL_AREA(#3350);
#3226=SURFACE_STYLE_FILL_AREA(#3351);
#3227=SURFACE_STYLE_FILL_AREA(#3352);
#3228=SURFACE_STYLE_FILL_AREA(#3353);
#3229=SURFACE_STYLE_FILL_AREA(#3354);
#3230=SURFACE_STYLE_FILL_AREA(#3355);
#3231=SURFACE_STYLE_FILL_AREA(#3356);
#3232=SURFACE_STYLE_FILL_AREA(#3357);
#3233=SURFACE_STYLE_FILL_AREA(#3358);
#3234=SURFACE_STYLE_FILL_AREA(#3359);
#3235=SURFACE_STYLE_FILL_AREA(#3360);
#3236=SURFACE_STYLE_FILL_AREA(#3361);
#3237=SURFACE_STYLE_FILL_AREA(#3362);
#3238=SURFACE_STYLE_FILL_AREA(#3363);
#3239=SURFACE_STYLE_FILL_AREA(#3364);
#3240=SURFACE_STYLE_FILL_AREA(#3365);
#3241=SURFACE_STYLE_FILL_AREA(#3366);
#3242=SURFACE_STYLE_FILL_AREA(#3367);
#3243=SURFACE_STYLE_FILL_AREA(#3368);
#3244=SURFACE_STYLE_FILL_AREA(#3369);
#3245=SURFACE_STYLE_FILL_AREA(#3370);
#3246=SURFACE_STYLE_FILL_AREA(#3371);
#3247=SURFACE_STYLE_FILL_AREA(#3372);
#3248=SURFACE_STYLE_FILL_AREA(#3373);
#3249=SURFACE_STYLE_FILL_AREA(#3374);
#3250=SURFACE_STYLE_FILL_AREA(#3375);
#3251=SURFACE_STYLE_FILL_AREA(#3376);
#3252=SURFACE_STYLE_FILL_AREA(#3377);
#3253=SURFACE_STYLE_FILL_AREA(#3378);
#3254=SURFACE_STYLE_FILL_AREA(#3379);
#3255=SURFACE_STYLE_FILL_AREA(#3380);
#3256=SURFACE_STYLE_FILL_AREA(#3381);
#3257=SURFACE_STYLE_FILL_AREA(#3382);
#3258=SURFACE_STYLE_FILL_AREA(#3383);
#3259=SURFACE_STYLE_FILL_AREA(#3384);
#3260=SURFACE_STYLE_FILL_AREA(#3385);
#3261=SURFACE_STYLE_FILL_AREA(#3386);
#3262=SURFACE_STYLE_FILL_AREA(#3387);
#3263=SURFACE_STYLE_FILL_AREA(#3388);
#3264=SURFACE_STYLE_FILL_AREA(#3389);
#3265=SURFACE_STYLE_FILL_AREA(#3390);
#3266=SURFACE_STYLE_FILL_AREA(#3391);
#3267=SURFACE_STYLE_FILL_AREA(#3392);
#3268=SURFACE_STYLE_FILL_AREA(#3393);
#3269=SURFACE_STYLE_FILL_AREA(#3394);
#3270=SURFACE_STYLE_FILL_AREA(#3395);
#3271=SURFACE_STYLE_FILL_AREA(#3396);
#3272=SURFACE_STYLE_FILL_AREA(#3397);
#3273=SURFACE_STYLE_FILL_AREA(#3398);
#3274=SURFACE_STYLE_FILL_AREA(#3399);
#3275=SURFACE_STYLE_FILL_AREA(#3400);
#3276=FILL_AREA_STYLE('',(#3401));
#3277=FILL_AREA_STYLE('',(#3402));
#3278=FILL_AREA_STYLE('',(#3403));
#3279=FILL_AREA_STYLE('',(#3404));
#3280=FILL_AREA_STYLE('',(#3405));
#3281=FILL_AREA_STYLE('',(#3406));
#3282=FILL_AREA_STYLE('',(#3407));
#3283=FILL_AREA_STYLE('',(#3408));
#3284=FILL_AREA_STYLE('',(#3409));
#3285=FILL_AREA_STYLE('',(#3410));
#3286=FILL_AREA_STYLE('',(#3411));
#3287=FILL_AREA_STYLE('',(#3412));
#3288=FILL_AREA_STYLE('',(#3413));
#3289=FILL_AREA_STYLE('',(#3414));
#3290=FILL_AREA_STYLE('',(#3415));
#3291=FILL_AREA_STYLE('',(#3416));
#3292=FILL_AREA_STYLE('',(#3417));
#3293=FILL_AREA_STYLE('',(#3418));
#3294=FILL_AREA_STYLE('',(#3419));
#3295=FILL_AREA_STYLE('',(#3420));
#3296=FILL_AREA_STYLE('',(#3421));
#3297=FILL_AREA_STYLE('',(#3422));
#3298=FILL_AREA_STYLE('',(#3423));
#3299=FILL_AREA_STYLE('',(#3424));
#3300=FILL_AREA_STYLE('',(#3425));
#3301=FILL_AREA_STYLE('',(#3426));
#3302=FILL_AREA_STYLE('',(#3427));
#3303=FILL_AREA_STYLE('',(#3428));
#3304=FILL_AREA_STYLE('',(#3429));
#3305=FILL_AREA_STYLE('',(#3430));
#3306=FILL_AREA_STYLE('',(#3431));
#3307=FILL_AREA_STYLE('',(#3432));
#3308=FILL_AREA_STYLE('',(#3433));
#3309=FILL_AREA_STYLE('',(#3434));
#3310=FILL_AREA_STYLE('',(#3435));
#3311=FILL_AREA_STYLE('',(#3436));
#3312=FILL_AREA_STYLE('',(#3437));
#3313=FILL_AREA_STYLE('',(#3438));
#3314=FILL_AREA_STYLE('',(#3439));
#3315=FILL_AREA_STYLE('',(#3440));
#3316=FILL_AREA_STYLE('',(#3441));
#3317=FILL_AREA_STYLE('',(#3442));
#3318=FILL_AREA_STYLE('',(#3443));
#3319=FILL_AREA_STYLE('',(#3444));
#3320=FILL_AREA_STYLE('',(#3445));
#3321=FILL_AREA_STYLE('',(#3446));
#3322=FILL_AREA_STYLE('',(#3447));
#3323=FILL_AREA_STYLE('',(#3448));
#3324=FILL_AREA_STYLE('',(#3449));
#3325=FILL_AREA_STYLE('',(#3450));
#3326=FILL_AREA_STYLE('',(#3451));
#3327=FILL_AREA_STYLE('',(#3452));
#3328=FILL_AREA_STYLE('',(#3453));
#3329=FILL_AREA_STYLE('',(#3454));
#3330=FILL_AREA_STYLE('',(#3455));
#3331=FILL_AREA_STYLE('',(#3456));
#3332=FILL_AREA_STYLE('',(#3457));
#3333=FILL_AREA_STYLE('',(#3458));
#3334=FILL_AREA_STYLE('',(#3459));
#3335=FILL_AREA_STYLE('',(#3460));
#3336=FILL_AREA_STYLE('',(#3461));
#3337=FILL_AREA_STYLE('',(#3462));
#3338=FILL_AREA_STYLE('',(#3463));
#3339=FILL_AREA_STYLE('',(#3464));
#3340=FILL_AREA_STYLE('',(#3465));
#3341=FILL_AREA_STYLE('',(#3466));
#3342=FILL_AREA_STYLE('',(#3467));
#3343=FILL_AREA_STYLE('',(#3468));
#3344=FILL_AREA_STYLE('',(#3469));
#3345=FILL_AREA_STYLE('',(#3470));
#3346=FILL_AREA_STYLE('',(#3471));
#3347=FILL_AREA_STYLE('',(#3472));
#3348=FILL_AREA_STYLE('',(#3473));
#3349=FILL_AREA_STYLE('',(#3474));
#3350=FILL_AREA_STYLE('',(#3475));
#3351=FILL_AREA_STYLE('',(#3476));
#3352=FILL_AREA_STYLE('',(#3477));
#3353=FILL_AREA_STYLE('',(#3478));
#3354=FILL_AREA_STYLE('',(#3479));
#3355=FILL_AREA_STYLE('',(#3480));
#3356=FILL_AREA_STYLE('',(#3481));
#3357=FILL_AREA_STYLE('',(#3482));
#3358=FILL_AREA_STYLE('',(#3483));
#3359=FILL_AREA_STYLE('',(#3484));
#3360=FILL_AREA_STYLE('',(#3485));
#3361=FILL_AREA_STYLE('',(#3486));
#3362=FILL_AREA_STYLE('',(#3487));
#3363=FILL_AREA_STYLE('',(#3488));
#3364=FILL_AREA_STYLE('',(#3489));
#3365=FILL_AREA_STYLE('',(#3490));
#3366=FILL_AREA_STYLE('',(#3491));
#3367=FILL_AREA_STYLE('',(#3492));
#3368=FILL_AREA_STYLE('',(#3493));
#3369=FILL_AREA_STYLE('',(#3494));
#3370=FILL_AREA_STYLE('',(#3495));
#3371=FILL_AREA_STYLE('',(#3496));
#3372=FILL_AREA_STYLE('',(#3497));
#3373=FILL_AREA_STYLE('',(#3498));
#3374=FILL_AREA_STYLE('',(#3499));
#3375=FILL_AREA_STYLE('',(#3500));
#3376=FILL_AREA_STYLE('',(#3501));
#3377=FILL_AREA_STYLE('',(#3502));
#3378=FILL_AREA_STYLE('',(#3503));
#3379=FILL_AREA_STYLE('',(#3504));
#3380=FILL_AREA_STYLE('',(#3505));
#3381=FILL_AREA_STYLE('',(#3506));
#3382=FILL_AREA_STYLE('',(#3507));
#3383=FILL_AREA_STYLE('',(#3508));
#3384=FILL_AREA_STYLE('',(#3509));
#3385=FILL_AREA_STYLE('',(#3510));
#3386=FILL_AREA_STYLE('',(#3511));
#3387=FILL_AREA_STYLE('',(#3512));
#3388=FILL_AREA_STYLE('',(#3513));
#3389=FILL_AREA_STYLE('',(#3514));
#3390=FILL_AREA_STYLE('',(#3515));
#3391=FILL_AREA_STYLE('',(#3516));
#3392=FILL_AREA_STYLE('',(#3517));
#3393=FILL_AREA_STYLE('',(#3518));
#3394=FILL_AREA_STYLE('',(#3519));
#3395=FILL_AREA_STYLE('',(#3520));
#3396=FILL_AREA_STYLE('',(#3521));
#3397=FILL_AREA_STYLE('',(#3522));
#3398=FILL_AREA_STYLE('',(#3523));
#3399=FILL_AREA_STYLE('',(#3524));
#3400=FILL_AREA_STYLE('',(#3525));
#3401=FILL_AREA_STYLE_COLOUR('',#3526);
#3402=FILL_AREA_STYLE_COLOUR('',#3526);
#3403=FILL_AREA_STYLE_COLOUR('',#3526);
#3404=FILL_AREA_STYLE_COLOUR('',#3526);
#3405=FILL_AREA_STYLE_COLOUR('',#3527);
#3406=FILL_AREA_STYLE_COLOUR('',#3527);
#3407=FILL_AREA_STYLE_COLOUR('',#3527);
#3408=FILL_AREA_STYLE_COLOUR('',#3527);
#3409=FILL_AREA_STYLE_COLOUR('',#3526);
#3410=FILL_AREA_STYLE_COLOUR('',#3526);
#3411=FILL_AREA_STYLE_COLOUR('',#3526);
#3412=FILL_AREA_STYLE_COLOUR('',#3526);
#3413=FILL_AREA_STYLE_COLOUR('',#3526);
#3414=FILL_AREA_STYLE_COLOUR('',#3526);
#3415=FILL_AREA_STYLE_COLOUR('',#3526);
#3416=FILL_AREA_STYLE_COLOUR('',#3526);
#3417=FILL_AREA_STYLE_COLOUR('',#3527);
#3418=FILL_AREA_STYLE_COLOUR('',#3527);
#3419=FILL_AREA_STYLE_COLOUR('',#3527);
#3420=FILL_AREA_STYLE_COLOUR('',#3527);
#3421=FILL_AREA_STYLE_COLOUR('',#3527);
#3422=FILL_AREA_STYLE_COLOUR('',#3527);
#3423=FILL_AREA_STYLE_COLOUR('',#3527);
#3424=FILL_AREA_STYLE_COLOUR('',#3527);
#3425=FILL_AREA_STYLE_COLOUR('',#3528);
#3426=FILL_AREA_STYLE_COLOUR('',#3528);
#3427=FILL_AREA_STYLE_COLOUR('',#3528);
#3428=FILL_AREA_STYLE_COLOUR('',#3528);
#3429=FILL_AREA_STYLE_COLOUR('',#3528);
#3430=FILL_AREA_STYLE_COLOUR('',#3528);
#3431=FILL_AREA_STYLE_COLOUR('',#3528);
#3432=FILL_AREA_STYLE_COLOUR('',#3528);
#3433=FILL_AREA_STYLE_COLOUR('',#3528);
#3434=FILL_AREA_STYLE_COLOUR('',#3528);
#3435=FILL_AREA_STYLE_COLOUR('',#3528);
#3436=FILL_AREA_STYLE_COLOUR('',#3528);
#3437=FILL_AREA_STYLE_COLOUR('',#3528);
#3438=FILL_AREA_STYLE_COLOUR('',#3527);
#3439=FILL_AREA_STYLE_COLOUR('',#3527);
#3440=FILL_AREA_STYLE_COLOUR('',#3527);
#3441=FILL_AREA_STYLE_COLOUR('',#3527);
#3442=FILL_AREA_STYLE_COLOUR('',#3527);
#3443=FILL_AREA_STYLE_COLOUR('',#3527);
#3444=FILL_AREA_STYLE_COLOUR('',#3527);
#3445=FILL_AREA_STYLE_COLOUR('',#3529);
#3446=FILL_AREA_STYLE_COLOUR('',#3529);
#3447=FILL_AREA_STYLE_COLOUR('',#3529);
#3448=FILL_AREA_STYLE_COLOUR('',#3529);
#3449=FILL_AREA_STYLE_COLOUR('',#3529);
#3450=FILL_AREA_STYLE_COLOUR('',#3529);
#3451=FILL_AREA_STYLE_COLOUR('',#3529);
#3452=FILL_AREA_STYLE_COLOUR('',#3529);
#3453=FILL_AREA_STYLE_COLOUR('',#3529);
#3454=FILL_AREA_STYLE_COLOUR('',#3529);
#3455=FILL_AREA_STYLE_COLOUR('',#3529);
#3456=FILL_AREA_STYLE_COLOUR('',#3529);
#3457=FILL_AREA_STYLE_COLOUR('',#3529);
#3458=FILL_AREA_STYLE_COLOUR('',#3529);
#3459=FILL_AREA_STYLE_COLOUR('',#3529);
#3460=FILL_AREA_STYLE_COLOUR('',#18);
#3461=FILL_AREA_STYLE_COLOUR('',#18);
#3462=FILL_AREA_STYLE_COLOUR('',#18);
#3463=FILL_AREA_STYLE_COLOUR('',#18);
#3464=FILL_AREA_STYLE_COLOUR('',#18);
#3465=FILL_AREA_STYLE_COLOUR('',#18);
#3466=FILL_AREA_STYLE_COLOUR('',#18);
#3467=FILL_AREA_STYLE_COLOUR('',#18);
#3468=FILL_AREA_STYLE_COLOUR('',#3529);
#3469=FILL_AREA_STYLE_COLOUR('',#18);
#3470=FILL_AREA_STYLE_COLOUR('',#18);
#3471=FILL_AREA_STYLE_COLOUR('',#18);
#3472=FILL_AREA_STYLE_COLOUR('',#18);
#3473=FILL_AREA_STYLE_COLOUR('',#18);
#3474=FILL_AREA_STYLE_COLOUR('',#18);
#3475=FILL_AREA_STYLE_COLOUR('',#18);
#3476=FILL_AREA_STYLE_COLOUR('',#18);
#3477=FILL_AREA_STYLE_COLOUR('',#18);
#3478=FILL_AREA_STYLE_COLOUR('',#18);
#3479=FILL_AREA_STYLE_COLOUR('',#18);
#3480=FILL_AREA_STYLE_COLOUR('',#18);
#3481=FILL_AREA_STYLE_COLOUR('',#18);
#3482=FILL_AREA_STYLE_COLOUR('',#18);
#3483=FILL_AREA_STYLE_COLOUR('',#18);
#3484=FILL_AREA_STYLE_COLOUR('',#18);
#3485=FILL_AREA_STYLE_COLOUR('',#18);
#3486=FILL_AREA_STYLE_COLOUR('',#18);
#3487=FILL_AREA_STYLE_COLOUR('',#3529);
#3488=FILL_AREA_STYLE_COLOUR('',#3529);
#3489=FILL_AREA_STYLE_COLOUR('',#3529);
#3490=FILL_AREA_STYLE_COLOUR('',#3529);
#3491=FILL_AREA_STYLE_COLOUR('',#3529);
#3492=FILL_AREA_STYLE_COLOUR('',#3529);
#3493=FILL_AREA_STYLE_COLOUR('',#3529);
#3494=FILL_AREA_STYLE_COLOUR('',#3529);
#3495=FILL_AREA_STYLE_COLOUR('',#3529);
#3496=FILL_AREA_STYLE_COLOUR('',#3529);
#3497=FILL_AREA_STYLE_COLOUR('',#3529);
#3498=FILL_AREA_STYLE_COLOUR('',#3529);
#3499=FILL_AREA_STYLE_COLOUR('',#18);
#3500=FILL_AREA_STYLE_COLOUR('',#18);
#3501=FILL_AREA_STYLE_COLOUR('',#18);
#3502=FILL_AREA_STYLE_COLOUR('',#18);
#3503=FILL_AREA_STYLE_COLOUR('',#18);
#3504=FILL_AREA_STYLE_COLOUR('',#18);
#3505=FILL_AREA_STYLE_COLOUR('',#18);
#3506=FILL_AREA_STYLE_COLOUR('',#18);
#3507=FILL_AREA_STYLE_COLOUR('',#18);
#3508=FILL_AREA_STYLE_COLOUR('',#18);
#3509=FILL_AREA_STYLE_COLOUR('',#18);
#3510=FILL_AREA_STYLE_COLOUR('',#18);
#3511=FILL_AREA_STYLE_COLOUR('',#18);
#3512=FILL_AREA_STYLE_COLOUR('',#18);
#3513=FILL_AREA_STYLE_COLOUR('',#18);
#3514=FILL_AREA_STYLE_COLOUR('',#18);
#3515=FILL_AREA_STYLE_COLOUR('',#18);
#3516=FILL_AREA_STYLE_COLOUR('',#18);
#3517=FILL_AREA_STYLE_COLOUR('',#18);
#3518=FILL_AREA_STYLE_COLOUR('',#18);
#3519=FILL_AREA_STYLE_COLOUR('',#18);
#3520=FILL_AREA_STYLE_COLOUR('',#18);
#3521=FILL_AREA_STYLE_COLOUR('',#18);
#3522=FILL_AREA_STYLE_COLOUR('',#18);
#3523=FILL_AREA_STYLE_COLOUR('',#18);
#3524=FILL_AREA_STYLE_COLOUR('',#18);
#3525=FILL_AREA_STYLE_COLOUR('',#18);
#3526=COLOUR_RGB('',0.779999971389771,0.529999971389771,0.419999986886978);
#3527=COLOUR_RGB('',0.75,0.75,0.75);
#3528=COLOUR_RGB('',0.980000019073486,0.980000019073486,0.980000019073486);
#3529=COLOUR_RGB('',0.200000002980232,0.200000002980232,0.200000002980232);
#3530=ADVANCED_FACE('',(#2446),#2616,.T.);
#3531=ADVANCED_FACE('',(#2447),#2617,.F.);
#3532=ADVANCED_FACE('',(#2448),#296,.T.);
#3533=ADVANCED_FACE('',(#2449),#297,.T.);
#3534=ADVANCED_FACE('',(#2450),#128,.F.);
#3535=ADVANCED_FACE('',(#2451),#113,.F.);
#3536=ADVANCED_FACE('',(#2452),#129,.F.);
#3537=ADVANCED_FACE('',(#2453),#114,.F.);
#3538=ADVANCED_FACE('',(#2454),#2618,.F.);
#3539=ADVANCED_FACE('',(#2455),#130,.T.);
#3540=ADVANCED_FACE('',(#2456),#2619,.T.);
#3541=ADVANCED_FACE('',(#2457),#131,.F.);
#3542=ADVANCED_FACE('',(#2458),#2620,.F.);
#3543=ADVANCED_FACE('',(#2459),#132,.F.);
#3544=ADVANCED_FACE('',(#2460),#2621,.T.);
#3545=ADVANCED_FACE('',(#2461),#133,.T.);
#3546=ADVANCED_FACE('',(#2462),#115,.F.);
#3547=ADVANCED_FACE('',(#2463),#116,.F.);
#3548=ADVANCED_FACE('',(#2464),#117,.F.);
#3549=ADVANCED_FACE('',(#2465),#118,.F.);
#3550=ADVANCED_FACE('',(#2466),#134,.F.);
#3551=ADVANCED_FACE('',(#2467),#119,.F.);
#3552=ADVANCED_FACE('',(#2468),#135,.F.);
#3553=ADVANCED_FACE('',(#2469),#120,.F.);
#3554=ADVANCED_FACE('',(#2470),#136,.F.);
#3555=ADVANCED_FACE('',(#2471),#137,.F.);
#3556=ADVANCED_FACE('',(#2472),#2622,.T.);
#3557=ADVANCED_FACE('',(#2473),#2623,.F.);
#3558=ADVANCED_FACE('',(#2474),#138,.F.);
#3559=ADVANCED_FACE('',(#2475),#139,.F.);
#3560=ADVANCED_FACE('',(#2476),#2624,.T.);
#3561=ADVANCED_FACE('',(#2477),#2625,.F.);
#3562=ADVANCED_FACE('',(#2478),#140,.F.);
#3563=ADVANCED_FACE('',(#2479),#141,.F.);
#3564=ADVANCED_FACE('',(#2480),#142,.F.);
#3565=ADVANCED_FACE('',(#2481),#143,.F.);
#3566=ADVANCED_FACE('',(#2482),#144,.F.);
#3567=ADVANCED_FACE('',(#2483),#121,.T.);
#3568=ADVANCED_FACE('',(#2484),#122,.T.);
#3569=ADVANCED_FACE('',(#2485),#298,.T.);
#3570=ADVANCED_FACE('',(#2486),#299,.T.);
#3571=ADVANCED_FACE('',(#2487),#123,.T.);
#3572=ADVANCED_FACE('',(#2488),#124,.T.);
#3573=ADVANCED_FACE('',(#2489),#145,.F.);
#3574=ADVANCED_FACE('',(#2490),#146,.T.);
#3575=ADVANCED_FACE('',(#2491),#147,.T.);
#3576=ADVANCED_FACE('',(#2492),#148,.T.);
#3577=ADVANCED_FACE('',(#2493,#2494),#149,.T.);
#3578=ADVANCED_FACE('',(#2495),#150,.F.);
#3579=ADVANCED_FACE('',(#2496),#151,.F.);
#3580=ADVANCED_FACE('',(#2497),#152,.T.);
#3581=ADVANCED_FACE('',(#2498),#153,.T.);
#3582=ADVANCED_FACE('',(#2499),#154,.T.);
#3583=ADVANCED_FACE('',(#2500),#155,.T.);
#3584=ADVANCED_FACE('',(#2501),#156,.T.);
#3585=ADVANCED_FACE('',(#2502),#157,.T.);
#3586=ADVANCED_FACE('',(#2503),#158,.F.);
#3587=ADVANCED_FACE('',(#2504),#159,.F.);
#3588=ADVANCED_FACE('',(#2505),#160,.F.);
#3589=ADVANCED_FACE('',(#2506),#161,.T.);
#3590=ADVANCED_FACE('',(#2507),#162,.T.);
#3591=ADVANCED_FACE('',(#2508),#163,.F.);
#3592=ADVANCED_FACE('',(#2509),#2626,.T.);
#3593=ADVANCED_FACE('',(#2510),#2627,.T.);
#3594=ADVANCED_FACE('',(#2511),#27,.T.);
#3595=ADVANCED_FACE('',(#2512),#2628,.T.);
#3596=ADVANCED_FACE('',(#2513),#2629,.T.);
#3597=ADVANCED_FACE('',(#2514),#28,.T.);
#3598=ADVANCED_FACE('',(#2515),#2630,.T.);
#3599=ADVANCED_FACE('',(#2516),#2631,.T.);
#3600=ADVANCED_FACE('',(#2517),#2632,.T.);
#3601=ADVANCED_FACE('',(#2518),#29,.T.);
#3602=ADVANCED_FACE('',(#2519),#2633,.T.);
#3603=ADVANCED_FACE('',(#2520),#2634,.T.);
#3604=ADVANCED_FACE('',(#2521),#30,.T.);
#3605=ADVANCED_FACE('',(#2522),#2635,.T.);
#3606=ADVANCED_FACE('',(#2523),#2636,.T.);
#3607=ADVANCED_FACE('',(#2524),#2637,.T.);
#3608=ADVANCED_FACE('',(#2525),#2638,.T.);
#3609=ADVANCED_FACE('',(#2526),#2639,.T.);
#3610=ADVANCED_FACE('',(#2527,#2528),#2640,.T.);
#3611=ADVANCED_FACE('',(#2529),#164,.F.);
#3612=ADVANCED_FACE('',(#2530,#2531,#2532,#2533,#2534,#2535),#165,.T.);
#3613=ADVANCED_FACE('',(#2536),#166,.F.);
#3614=ADVANCED_FACE('',(#2537),#167,.T.);
#3615=ADVANCED_FACE('',(#2538),#168,.T.);
#3616=ADVANCED_FACE('',(#2539),#169,.T.);
#3617=ADVANCED_FACE('',(#2540),#170,.T.);
#3618=ADVANCED_FACE('',(#2541),#171,.F.);
#3619=ADVANCED_FACE('',(#2542),#172,.F.);
#3620=ADVANCED_FACE('',(#2543),#173,.F.);
#3621=ADVANCED_FACE('',(#2544),#2641,.F.);
#3622=ADVANCED_FACE('',(#2545),#174,.F.);
#3623=ADVANCED_FACE('',(#2546),#175,.F.);
#3624=ADVANCED_FACE('',(#2547),#2642,.F.);
#3625=ADVANCED_FACE('',(#2548),#176,.F.);
#3626=ADVANCED_FACE('',(#2549),#125,.T.);
#3627=ADVANCED_FACE('',(#2550),#126,.T.);
#3628=ADVANCED_FACE('',(#2551),#177,.T.);
#3629=ADVANCED_FACE('',(#2552),#178,.T.);
#3630=ADVANCED_FACE('',(#2553),#127,.T.);
#3631=ADVANCED_FACE('',(#2554),#179,.T.);
#3632=ADVANCED_FACE('',(#2555),#180,.T.);
#3633=ADVANCED_FACE('',(#2556,#2557),#181,.T.);
#3634=ADVANCED_FACE('',(#2558),#182,.T.);
#3635=ADVANCED_FACE('',(#2559),#183,.T.);
#3636=ADVANCED_FACE('',(#2560),#184,.T.);
#3637=ADVANCED_FACE('',(#2561),#185,.T.);
#3638=ADVANCED_FACE('',(#2562),#186,.T.);
#3639=ADVANCED_FACE('',(#2563),#187,.T.);
#3640=ADVANCED_FACE('',(#2564),#188,.T.);
#3641=ADVANCED_FACE('',(#2565),#189,.T.);
#3642=ADVANCED_FACE('',(#2566),#190,.T.);
#3643=ADVANCED_FACE('',(#2567),#191,.T.);
#3644=ADVANCED_FACE('',(#2568),#192,.T.);
#3645=ADVANCED_FACE('',(#2569),#193,.T.);
#3646=ADVANCED_FACE('',(#2570),#194,.T.);
#3647=ADVANCED_FACE('',(#2571),#195,.T.);
#3648=ADVANCED_FACE('',(#2572),#196,.T.);
#3649=ADVANCED_FACE('',(#2573),#197,.T.);
#3650=ADVANCED_FACE('',(#2574),#198,.T.);
#3651=ADVANCED_FACE('',(#2575),#199,.T.);
#3652=ADVANCED_FACE('',(#2576),#200,.T.);
#3653=ADVANCED_FACE('',(#2577),#2643,.T.);
#3654=ADVANCED_FACE('',(#2578),#31,.T.);
#3655=ADVANCED_FACE('',(#2579),#2644,.T.);
#3656=ADVANCED_FACE('',(#2580),#2645,.T.);
#3657=ADVANCED_FACE('',(#2581),#2646,.T.);
#3658=ADVANCED_FACE('',(#2582),#2647,.T.);
#3659=ADVANCED_FACE('',(#2583),#32,.T.);
#3660=ADVANCED_FACE('',(#2584),#33,.T.);
#3661=ADVANCED_FACE('',(#2585),#2648,.T.);
#3662=ADVANCED_FACE('',(#2586),#2649,.T.);
#3663=ADVANCED_FACE('',(#2587),#34,.T.);
#3664=ADVANCED_FACE('',(#2588),#2650,.T.);
#3665=ADVANCED_FACE('',(#2589),#201,.T.);
#3666=ADVANCED_FACE('',(#2590),#202,.T.);
#3667=ADVANCED_FACE('',(#2591),#203,.T.);
#3668=ADVANCED_FACE('',(#2592),#204,.T.);
#3669=ADVANCED_FACE('',(#2593),#205,.T.);
#3670=ADVANCED_FACE('',(#2594),#206,.T.);
#3671=ADVANCED_FACE('',(#2595),#207,.T.);
#3672=ADVANCED_FACE('',(#2596),#208,.T.);
#3673=ADVANCED_FACE('',(#2597),#209,.T.);
#3674=ADVANCED_FACE('',(#2598),#210,.T.);
#3675=ADVANCED_FACE('',(#2599),#211,.T.);
#3676=ADVANCED_FACE('',(#2600),#212,.T.);
#3677=ADVANCED_FACE('',(#2601),#213,.T.);
#3678=ADVANCED_FACE('',(#2602),#214,.F.);
#3679=ADVANCED_FACE('',(#2603),#215,.F.);
#3680=ADVANCED_FACE('',(#2604),#216,.F.);
#3681=ADVANCED_FACE('',(#2605),#217,.F.);
#3682=ADVANCED_FACE('',(#2606),#218,.F.);
#3683=ADVANCED_FACE('',(#2607),#219,.F.);
#3684=ADVANCED_FACE('',(#2608),#220,.F.);
#3685=ADVANCED_FACE('',(#2609),#221,.F.);
#3686=ADVANCED_FACE('',(#2610),#222,.F.);
#3687=ADVANCED_FACE('',(#2611),#223,.F.);
#3688=ADVANCED_FACE('',(#2612),#224,.F.);
#3689=ADVANCED_FACE('',(#2613),#225,.F.);
#3690=ADVANCED_FACE('',(#2614),#226,.F.);
#3691=ADVANCED_FACE('',(#2615),#227,.T.);
#3692=CLOSED_SHELL('',(#3530,#3531,#3532,#3533,#3534,#3535,#3536,#3537,
#3538,#3539,#3540,#3541,#3542,#3543,#3544,#3545,#3546,#3547,#3548,#3549,
#3550,#3551,#3552,#3553,#3554,#3555,#3556,#3557,#3558,#3559,#3560,#3561,
#3562,#3563,#3564,#3565,#3566,#3567,#3568,#3569,#3570,#3571,#3572,#3573));
#3693=CLOSED_SHELL('',(#3574,#3575,#3576,#3577,#3578,#3579,#3580,#3581,
#3582,#3583,#3584,#3585,#3586,#3587,#3588,#3589,#3590,#3591,#3592,#3593,
#3594,#3595,#3596,#3597,#3598,#3599,#3600,#3601,#3602,#3603,#3604,#3605,
#3606,#3607,#3608,#3609,#3610,#3611));
#3694=CLOSED_SHELL('',(#3612,#3613,#3614,#3615,#3616,#3617,#3618,#3619,
#3620,#3621,#3622,#3623,#3624,#3625,#3626,#3627,#3628,#3629,#3630,#3631,
#3632,#3633,#3634,#3635,#3636,#3637,#3638,#3639,#3640,#3641,#3642,#3643,
#3644,#3645,#3646,#3647,#3648,#3649,#3650,#3651,#3652,#3653,#3654,#3655,
#3656,#3657,#3658,#3659,#3660,#3661,#3662,#3663,#3664,#3665,#3666,#3667,
#3668,#3669,#3670,#3671,#3672,#3673,#3674,#3675,#3676,#3677,#3678,#3679,
#3680,#3681,#3682,#3683,#3684,#3685,#3686,#3687,#3688,#3689,#3690,#3691));
#3695=MANIFOLD_SOLID_BREP('',#3692);
#3696=MANIFOLD_SOLID_BREP('',#3693);
#3697=MANIFOLD_SOLID_BREP('',#3694);
#3698=SHAPE_DEFINITION_REPRESENTATION(#6231,#3701);
#3699=SHAPE_DEFINITION_REPRESENTATION(#6230,#3702);
#3700=SHAPE_DEFINITION_REPRESENTATION(#6233,#3703);
#3701=SHAPE_REPRESENTATION('Boden',(#3704),#6222);
#3702=SHAPE_REPRESENTATION('7443550x',(#3704,#3825,#3923),#6221);
#3703=SHAPE_REPRESENTATION('Deckel',(#3704),#6223);
#3704=AXIS2_PLACEMENT_3D('',#4620,#3924,#3925);
#3705=AXIS2_PLACEMENT_3D('',#4621,#3926,#3927);
#3706=AXIS2_PLACEMENT_3D('',#4726,#3930,#3931);
#3707=AXIS2_PLACEMENT_3D('',#5019,#3934,#3935);
#3708=AXIS2_PLACEMENT_3D('',#5055,#3941,#3942);
#3709=AXIS2_PLACEMENT_3D('',#5085,#3946,#3947);
#3710=AXIS2_PLACEMENT_3D('',#5086,#3948,#3949);
#3711=AXIS2_PLACEMENT_3D('',#5087,#3950,#3951);
#3712=AXIS2_PLACEMENT_3D('',#5088,#3952,#3953);
#3713=AXIS2_PLACEMENT_3D('',#5089,#3954,#3955);
#3714=AXIS2_PLACEMENT_3D('',#5090,#3956,#3957);
#3715=AXIS2_PLACEMENT_3D('',#5091,#3958,#3959);
#3716=AXIS2_PLACEMENT_3D('',#5092,#3960,#3961);
#3717=AXIS2_PLACEMENT_3D('',#5093,#3962,#3963);
#3718=AXIS2_PLACEMENT_3D('',#5097,#3965,#3966);
#3719=AXIS2_PLACEMENT_3D('',#5098,#3967,#3968);
#3720=AXIS2_PLACEMENT_3D('',#5099,#3969,#3970);
#3721=AXIS2_PLACEMENT_3D('',#5105,#3971,#3972);
#3722=AXIS2_PLACEMENT_3D('',#5106,#3973,#3974);
#3723=AXIS2_PLACEMENT_3D('',#5109,#3976,#3977);
#3724=AXIS2_PLACEMENT_3D('',#5110,#3978,#3979);
#3725=AXIS2_PLACEMENT_3D('',#5199,#3984,#3985);
#3726=AXIS2_PLACEMENT_3D('',#5206,#3986,#3987);
#3727=AXIS2_PLACEMENT_3D('',#5231,#3988,#3989);
#3728=AXIS2_PLACEMENT_3D('',#5238,#3990,#3991);
#3729=AXIS2_PLACEMENT_3D('',#5239,#3992,#3993);
#3730=AXIS2_PLACEMENT_3D('',#5243,#3996,#3997);
#3731=AXIS2_PLACEMENT_3D('',#5251,#4001,#4002);
#3732=AXIS2_PLACEMENT_3D('',#5272,#4006,#4007);
#3733=AXIS2_PLACEMENT_3D('',#5276,#4010,#4011);
#3734=AXIS2_PLACEMENT_3D('',#5284,#4015,#4016);
#3735=AXIS2_PLACEMENT_3D('',#5303,#4018,#4019);
#3736=AXIS2_PLACEMENT_3D('',#5309,#4023,#4024);
#3737=AXIS2_PLACEMENT_3D('',#5315,#4028,#4029);
#3738=AXIS2_PLACEMENT_3D('',#5316,#4030,#4031);
#3739=AXIS2_PLACEMENT_3D('',#5320,#4033,#4034);
#3740=AXIS2_PLACEMENT_3D('',#5321,#4035,#4036);
#3741=AXIS2_PLACEMENT_3D('',#5322,#4037,#4038);
#3742=AXIS2_PLACEMENT_3D('',#5326,#4040,#4041);
#3743=AXIS2_PLACEMENT_3D('',#5327,#4042,#4043);
#3744=AXIS2_PLACEMENT_3D('',#5333,#4047,#4048);
#3745=AXIS2_PLACEMENT_3D('',#5339,#4052,#4053);
#3746=AXIS2_PLACEMENT_3D('',#5340,#4054,#4055);
#3747=AXIS2_PLACEMENT_3D('',#5344,#4057,#4058);
#3748=AXIS2_PLACEMENT_3D('',#5345,#4059,#4060);
#3749=AXIS2_PLACEMENT_3D('',#5346,#4061,#4062);
#3750=AXIS2_PLACEMENT_3D('',#5350,#4064,#4065);
#3751=AXIS2_PLACEMENT_3D('',#5351,#4066,#4067);
#3752=AXIS2_PLACEMENT_3D('',#5357,#4071,#4072);
#3753=AXIS2_PLACEMENT_3D('',#5361,#4075,#4076);
#3754=AXIS2_PLACEMENT_3D('',#5365,#4079,#4080);
#3755=AXIS2_PLACEMENT_3D('',#5367,#4082,#4083);
#3756=AXIS2_PLACEMENT_3D('',#5456,#4084,#4085);
#3757=AXIS2_PLACEMENT_3D('',#5457,#4086,#4087);
#3758=AXIS2_PLACEMENT_3D('',#5466,#4092,#4093);
#3759=AXIS2_PLACEMENT_3D('',#5475,#4098,#4099);
#3760=AXIS2_PLACEMENT_3D('',#5484,#4104,#4105);
#3761=AXIS2_PLACEMENT_3D('',#5485,#4106,#4107);
#3762=AXIS2_PLACEMENT_3D('',#5491,#4110,#4111);
#3763=AXIS2_PLACEMENT_3D('',#5495,#4113,#4114);
#3764=AXIS2_PLACEMENT_3D('',#5504,#4119,#4120);
#3765=AXIS2_PLACEMENT_3D('',#5508,#4122,#4123);
#3766=AXIS2_PLACEMENT_3D('',#5510,#4125,#4126);
#3767=AXIS2_PLACEMENT_3D('',#5519,#4131,#4132);
#3768=AXIS2_PLACEMENT_3D('',#5544,#4145,#4146);
#3769=AXIS2_PLACEMENT_3D('',#5550,#4150,#4151);
#3770=AXIS2_PLACEMENT_3D('',#5556,#4155,#4156);
#3771=AXIS2_PLACEMENT_3D('',#5562,#4160,#4161);
#3772=AXIS2_PLACEMENT_3D('',#5563,#4162,#4163);
#3773=AXIS2_PLACEMENT_3D('',#5564,#4164,#4165);
#3774=AXIS2_PLACEMENT_3D('',#5568,#4167,#4168);
#3775=AXIS2_PLACEMENT_3D('',#5570,#4170,#4171);
#3776=AXIS2_PLACEMENT_3D('',#5572,#4173,#4174);
#3777=AXIS2_PLACEMENT_3D('',#5573,#4175,#4176);
#3778=AXIS2_PLACEMENT_3D('',#5574,#4177,#4178);
#3779=AXIS2_PLACEMENT_3D('',#5578,#4180,#4181);
#3780=AXIS2_PLACEMENT_3D('',#5579,#4182,#4183);
#3781=AXIS2_PLACEMENT_3D('',#5580,#4184,#4185);
#3782=AXIS2_PLACEMENT_3D('',#5585,#4188,#4189);
#3783=AXIS2_PLACEMENT_3D('',#5589,#4191,#4192);
#3784=AXIS2_PLACEMENT_3D('',#5590,#4193,#4194);
#3785=AXIS2_PLACEMENT_3D('',#5594,#4197,#4198);
#3786=AXIS2_PLACEMENT_3D('',#5595,#4199,#4200);
#3787=AXIS2_PLACEMENT_3D('',#5596,#4201,#4202);
#3788=AXIS2_PLACEMENT_3D('',#5600,#4204,#4205);
#3789=AXIS2_PLACEMENT_3D('',#5603,#4207,#4208);
#3790=AXIS2_PLACEMENT_3D('',#5605,#4210,#4211);
#3791=AXIS2_PLACEMENT_3D('',#5608,#4214,#4215);
#3792=AXIS2_PLACEMENT_3D('',#5611,#4218,#4219);
#3793=AXIS2_PLACEMENT_3D('',#5612,#4220,#4221);
#3794=AXIS2_PLACEMENT_3D('',#5613,#4222,#4223);
#3795=AXIS2_PLACEMENT_3D('',#5614,#4224,#4225);
#3796=AXIS2_PLACEMENT_3D('',#5615,#4226,#4227);
#3797=AXIS2_PLACEMENT_3D('',#5616,#4228,#4229);
#3798=AXIS2_PLACEMENT_3D('',#5617,#4230,#4231);
#3799=AXIS2_PLACEMENT_3D('',#5618,#4232,#4233);
#3800=AXIS2_PLACEMENT_3D('',#5619,#4234,#4235);
#3801=AXIS2_PLACEMENT_3D('',#5620,#4236,#4237);
#3802=AXIS2_PLACEMENT_3D('',#5621,#4238,#4239);
#3803=AXIS2_PLACEMENT_3D('',#5622,#4240,#4241);
#3804=AXIS2_PLACEMENT_3D('',#5623,#4242,#4243);
#3805=AXIS2_PLACEMENT_3D('',#5624,#4244,#4245);
#3806=AXIS2_PLACEMENT_3D('',#5625,#4246,#4247);
#3807=AXIS2_PLACEMENT_3D('',#5626,#4248,#4249);
#3808=AXIS2_PLACEMENT_3D('',#5627,#4250,#4251);
#3809=AXIS2_PLACEMENT_3D('',#5628,#4252,#4253);
#3810=AXIS2_PLACEMENT_3D('',#5629,#4254,#4255);
#3811=AXIS2_PLACEMENT_3D('',#5630,#4256,#4257);
#3812=AXIS2_PLACEMENT_3D('',#5631,#4258,#4259);
#3813=AXIS2_PLACEMENT_3D('',#5632,#4260,#4261);
#3814=AXIS2_PLACEMENT_3D('',#5633,#4262,#4263);
#3815=AXIS2_PLACEMENT_3D('',#5634,#4264,#4265);
#3816=AXIS2_PLACEMENT_3D('',#5635,#4266,#4267);
#3817=AXIS2_PLACEMENT_3D('',#5636,#4268,#4269);
#3818=AXIS2_PLACEMENT_3D('',#5637,#4270,#4271);
#3819=AXIS2_PLACEMENT_3D('',#5638,#4272,#4273);
#3820=AXIS2_PLACEMENT_3D('',#5639,#4274,#4275);
#3821=AXIS2_PLACEMENT_3D('',#5640,#4276,#4277);
#3822=AXIS2_PLACEMENT_3D('',#5641,#4278,#4279);
#3823=AXIS2_PLACEMENT_3D('',#5642,#4280,#4281);
#3824=AXIS2_PLACEMENT_3D('',#5644,#4282,#4283);
#3825=AXIS2_PLACEMENT_3D('',#5645,#4284,#4285);
#3826=AXIS2_PLACEMENT_3D('',#5646,#4286,#4287);
#3827=AXIS2_PLACEMENT_3D('',#5786,#4317,#4318);
#3828=AXIS2_PLACEMENT_3D('',#5790,#4320,#4321);
#3829=AXIS2_PLACEMENT_3D('',#5794,#4323,#4324);
#3830=AXIS2_PLACEMENT_3D('',#5800,#4327,#4328);
#3831=AXIS2_PLACEMENT_3D('',#5803,#4330,#4331);
#3832=AXIS2_PLACEMENT_3D('',#5817,#4339,#4340);
#3833=AXIS2_PLACEMENT_3D('',#5823,#4344,#4345);
#3834=AXIS2_PLACEMENT_3D('',#5837,#4353,#4354);
#3835=AXIS2_PLACEMENT_3D('',#5846,#4359,#4360);
#3836=AXIS2_PLACEMENT_3D('',#5847,#4361,#4362);
#3837=AXIS2_PLACEMENT_3D('',#5850,#4364,#4365);
#3838=AXIS2_PLACEMENT_3D('',#5853,#4367,#4368);
#3839=AXIS2_PLACEMENT_3D('',#5854,#4369,#4370);
#3840=AXIS2_PLACEMENT_3D('',#5858,#4373,#4374);
#3841=AXIS2_PLACEMENT_3D('',#5862,#4377,#4378);
#3842=AXIS2_PLACEMENT_3D('',#5863,#4379,#4380);
#3843=AXIS2_PLACEMENT_3D('',#5866,#4382,#4383);
#3844=AXIS2_PLACEMENT_3D('',#5868,#4385,#4386);
#3845=AXIS2_PLACEMENT_3D('',#5872,#4389,#4390);
#3846=AXIS2_PLACEMENT_3D('',#5873,#4391,#4392);
#3847=AXIS2_PLACEMENT_3D('',#5874,#4393,#4394);
#3848=AXIS2_PLACEMENT_3D('',#5921,#4398,#4399);
#3849=AXIS2_PLACEMENT_3D('',#5928,#4401,#4402);
#3850=AXIS2_PLACEMENT_3D('',#5995,#4406,#4407);
#3851=AXIS2_PLACEMENT_3D('',#6004,#4408,#4409);
#3852=AXIS2_PLACEMENT_3D('',#6009,#4410,#4411);
#3853=AXIS2_PLACEMENT_3D('',#6010,#4412,#4413);
#3854=AXIS2_PLACEMENT_3D('',#6011,#4414,#4415);
#3855=AXIS2_PLACEMENT_3D('',#6018,#4418,#4419);
#3856=AXIS2_PLACEMENT_3D('',#6023,#4421,#4422);
#3857=AXIS2_PLACEMENT_3D('',#6028,#4424,#4425);
#3858=AXIS2_PLACEMENT_3D('',#6031,#4426,#4427);
#3859=AXIS2_PLACEMENT_3D('',#6032,#4428,#4429);
#3860=AXIS2_PLACEMENT_3D('',#6039,#4432,#4433);
#3861=AXIS2_PLACEMENT_3D('',#6044,#4435,#4436);
#3862=AXIS2_PLACEMENT_3D('',#6049,#4438,#4439);
#3863=AXIS2_PLACEMENT_3D('',#6054,#4441,#4442);
#3864=AXIS2_PLACEMENT_3D('',#6059,#4444,#4445);
#3865=AXIS2_PLACEMENT_3D('',#6064,#4447,#4448);
#3866=AXIS2_PLACEMENT_3D('',#6069,#4450,#4451);
#3867=AXIS2_PLACEMENT_3D('',#6074,#4453,#4454);
#3868=AXIS2_PLACEMENT_3D('',#6079,#4456,#4457);
#3869=AXIS2_PLACEMENT_3D('',#6084,#4459,#4460);
#3870=AXIS2_PLACEMENT_3D('',#6089,#4462,#4463);
#3871=AXIS2_PLACEMENT_3D('',#6092,#4464,#4465);
#3872=AXIS2_PLACEMENT_3D('',#6093,#4466,#4467);
#3873=AXIS2_PLACEMENT_3D('',#6094,#4468,#4469);
#3874=AXIS2_PLACEMENT_3D('',#6095,#4470,#4471);
#3875=AXIS2_PLACEMENT_3D('',#6096,#4472,#4473);
#3876=AXIS2_PLACEMENT_3D('',#6097,#4474,#4475);
#3877=AXIS2_PLACEMENT_3D('',#6098,#4476,#4477);
#3878=AXIS2_PLACEMENT_3D('',#6099,#4478,#4479);
#3879=AXIS2_PLACEMENT_3D('',#6100,#4480,#4481);
#3880=AXIS2_PLACEMENT_3D('',#6101,#4482,#4483);
#3881=AXIS2_PLACEMENT_3D('',#6102,#4484,#4485);
#3882=AXIS2_PLACEMENT_3D('',#6103,#4486,#4487);
#3883=AXIS2_PLACEMENT_3D('',#6104,#4488,#4489);
#3884=AXIS2_PLACEMENT_3D('',#6105,#4490,#4491);
#3885=AXIS2_PLACEMENT_3D('',#6106,#4492,#4493);
#3886=AXIS2_PLACEMENT_3D('',#6107,#4494,#4495);
#3887=AXIS2_PLACEMENT_3D('',#6108,#4496,#4497);
#3888=AXIS2_PLACEMENT_3D('',#6109,#4498,#4499);
#3889=AXIS2_PLACEMENT_3D('',#6110,#4500,#4501);
#3890=AXIS2_PLACEMENT_3D('',#6111,#4502,#4503);
#3891=AXIS2_PLACEMENT_3D('',#6112,#4504,#4505);
#3892=AXIS2_PLACEMENT_3D('',#6113,#4506,#4507);
#3893=AXIS2_PLACEMENT_3D('',#6114,#4508,#4509);
#3894=AXIS2_PLACEMENT_3D('',#6115,#4510,#4511);
#3895=AXIS2_PLACEMENT_3D('',#6116,#4512,#4513);
#3896=AXIS2_PLACEMENT_3D('',#6117,#4514,#4515);
#3897=AXIS2_PLACEMENT_3D('',#6123,#4519,#4520);
#3898=AXIS2_PLACEMENT_3D('',#6127,#4523,#4524);
#3899=AXIS2_PLACEMENT_3D('',#6131,#4527,#4528);
#3900=AXIS2_PLACEMENT_3D('',#6135,#4531,#4532);
#3901=AXIS2_PLACEMENT_3D('',#6139,#4535,#4536);
#3902=AXIS2_PLACEMENT_3D('',#6143,#4539,#4540);
#3903=AXIS2_PLACEMENT_3D('',#6147,#4543,#4544);
#3904=AXIS2_PLACEMENT_3D('',#6151,#4547,#4548);
#3905=AXIS2_PLACEMENT_3D('',#6155,#4551,#4552);
#3906=AXIS2_PLACEMENT_3D('',#6159,#4555,#4556);
#3907=AXIS2_PLACEMENT_3D('',#6163,#4559,#4560);
#3908=AXIS2_PLACEMENT_3D('',#6167,#4563,#4564);
#3909=AXIS2_PLACEMENT_3D('',#6169,#4566,#4567);
#3910=AXIS2_PLACEMENT_3D('',#6170,#4568,#4569);
#3911=AXIS2_PLACEMENT_3D('',#6176,#4573,#4574);
#3912=AXIS2_PLACEMENT_3D('',#6180,#4577,#4578);
#3913=AXIS2_PLACEMENT_3D('',#6184,#4581,#4582);
#3914=AXIS2_PLACEMENT_3D('',#6188,#4585,#4586);
#3915=AXIS2_PLACEMENT_3D('',#6192,#4589,#4590);
#3916=AXIS2_PLACEMENT_3D('',#6196,#4593,#4594);
#3917=AXIS2_PLACEMENT_3D('',#6200,#4597,#4598);
#3918=AXIS2_PLACEMENT_3D('',#6204,#4601,#4602);
#3919=AXIS2_PLACEMENT_3D('',#6208,#4605,#4606);
#3920=AXIS2_PLACEMENT_3D('',#6212,#4609,#4610);
#3921=AXIS2_PLACEMENT_3D('',#6216,#4613,#4614);
#3922=AXIS2_PLACEMENT_3D('',#6218,#4616,#4617);
#3923=AXIS2_PLACEMENT_3D('',#6219,#4618,#4619);
#3924=DIRECTION('',(0.,0.,1.));
#3925=DIRECTION('',(1.,0.,0.));
#3926=DIRECTION('',(0.,0.,1.));
#3927=DIRECTION('',(1.,0.,0.));
#3928=DIRECTION('',(0.,0.,-1.));
#3929=DIRECTION('',(0.,0.,-1.));
#3930=DIRECTION('',(0.,0.,1.));
#3931=DIRECTION('',(1.,0.,0.));
#3932=DIRECTION('',(0.,0.,-1.));
#3933=DIRECTION('',(0.,0.,-1.));
#3934=DIRECTION('',(4.05548948252728E-16,1.,0.));
#3935=DIRECTION('',(-1.,4.05548948252728E-16,0.));
#3936=DIRECTION('',(0.,0.,-1.));
#3937=DIRECTION('',(-1.,4.05548948252728E-16,0.));
#3938=DIRECTION('',(0.,0.,-1.));
#3939=DIRECTION('',(-1.,4.05548948252728E-16,0.));
#3940=DIRECTION('',(-1.,4.05548948252728E-16,0.));
#3941=DIRECTION('',(-4.05548948252728E-16,-1.,0.));
#3942=DIRECTION('',(1.,-4.05548948252728E-16,0.));
#3943=DIRECTION('',(0.,0.,-1.));
#3944=DIRECTION('',(-1.,4.05548948252728E-16,0.));
#3945=DIRECTION('',(0.,0.,1.));
#3946=DIRECTION('',(0.,0.,1.));
#3947=DIRECTION('',(1.,0.,0.));
#3948=DIRECTION('',(0.,0.,1.));
#3949=DIRECTION('',(0.968994647851261,0.247081712062245,0.));
#3950=DIRECTION('',(0.,0.,1.));
#3951=DIRECTION('',(0.968994647851261,0.247081712062245,0.));
#3952=DIRECTION('',(0.,0.,1.));
#3953=DIRECTION('',(1.,0.,0.));
#3954=DIRECTION('',(0.,0.,1.));
#3955=DIRECTION('',(0.968994647851258,0.247081712062257,0.));
#3956=DIRECTION('',(0.,0.,1.));
#3957=DIRECTION('',(1.,0.,0.));
#3958=DIRECTION('',(0.,0.,1.));
#3959=DIRECTION('',(0.968994647851258,0.247081712062257,0.));
#3960=DIRECTION('',(0.,0.,1.));
#3961=DIRECTION('',(1.,0.,0.));
#3962=DIRECTION('',(0.,0.,-1.));
#3963=DIRECTION('',(-1.,0.,0.));
#3964=DIRECTION('',(0.,0.,-1.));
#3965=DIRECTION('',(0.,0.,-1.));
#3966=DIRECTION('',(-0.968994647849964,0.247081712067331,0.));
#3967=DIRECTION('',(0.,0.,-1.));
#3968=DIRECTION('',(-0.968994647849964,0.247081712067331,0.));
#3969=DIRECTION('',(0.,0.,-1.));
#3970=DIRECTION('',(-1.,0.,0.));
#3971=DIRECTION('',(0.,0.,-1.));
#3972=DIRECTION('',(-0.968994647851248,0.247081712062297,0.));
#3973=DIRECTION('',(0.,0.,-1.));
#3974=DIRECTION('',(-1.,0.,0.));
#3975=DIRECTION('',(0.,0.,-1.));
#3976=DIRECTION('',(0.,0.,-1.));
#3977=DIRECTION('',(-0.968994647851248,0.247081712062297,0.));
#3978=DIRECTION('',(0.,0.,-1.));
#3979=DIRECTION('',(-1.,0.,0.));
#3980=DIRECTION('',(0.,0.,-1.));
#3981=DIRECTION('',(0.,0.,-1.));
#3982=DIRECTION('',(0.,0.,-1.));
#3983=DIRECTION('',(0.,0.,-1.));
#3984=DIRECTION('',(0.,1.,0.));
#3985=DIRECTION('',(-2.05498011769562E-13,0.,1.));
#3986=DIRECTION('',(0.,1.,0.));
#3987=DIRECTION('',(9.07393818203249E-14,0.,1.));
#3988=DIRECTION('',(0.,1.,0.));
#3989=DIRECTION('',(3.93203987888071E-13,0.,1.));
#3990=DIRECTION('',(0.,1.,0.));
#3991=DIRECTION('',(-8.9049138433479E-13,0.,1.));
#3992=DIRECTION('',(0.,-1.,0.));
#3993=DIRECTION('',(0.,0.,-1.));
#3994=DIRECTION('',(1.,0.,0.));
#3995=DIRECTION('',(0.,0.,-1.));
#3996=DIRECTION('',(0.,1.,0.));
#3997=DIRECTION('',(1.,0.,2.56038513040808E-13));
#3998=DIRECTION('',(-1.,0.,7.88510670898549E-17));
#3999=DIRECTION('',(7.88510670898549E-17,0.,1.));
#4000=DIRECTION('',(-1.,0.,7.88510670898549E-17));
#4001=DIRECTION('',(0.,1.,0.));
#4002=DIRECTION('',(1.,0.,6.65700133906127E-12));
#4003=DIRECTION('',(0.,0.,-1.));
#4004=DIRECTION('',(1.,0.,0.));
#4005=DIRECTION('',(1.,0.,0.));
#4006=DIRECTION('',(0.,1.,0.));
#4007=DIRECTION('',(0.,0.,1.));
#4008=DIRECTION('',(1.,0.,0.));
#4009=DIRECTION('',(0.,0.,-1.));
#4010=DIRECTION('',(0.,1.,0.));
#4011=DIRECTION('',(1.,0.,-2.9707139526104E-12));
#4012=DIRECTION('',(-1.,0.,7.88510670898549E-17));
#4013=DIRECTION('',(7.88510670898549E-17,0.,1.));
#4014=DIRECTION('',(-1.,0.,7.88510670898549E-17));
#4015=DIRECTION('',(0.,1.,0.));
#4016=DIRECTION('',(1.,0.,-6.75541353625584E-14));
#4017=DIRECTION('',(0.,0.,-1.));
#4018=DIRECTION('',(0.,2.17014045733688E-17,-1.));
#4019=DIRECTION('',(0.,1.,2.17014045733688E-17));
#4020=DIRECTION('',(1.,0.,0.));
#4021=DIRECTION('',(-1.94289029309402E-16,-1.,-2.17014045733688E-17));
#4022=DIRECTION('',(1.,0.,0.));
#4023=DIRECTION('',(0.,0.,1.));
#4024=DIRECTION('',(1.,0.,0.));
#4025=DIRECTION('',(1.,0.,0.));
#4026=DIRECTION('',(1.94289029309402E-16,1.,0.));
#4027=DIRECTION('',(1.,0.,0.));
#4028=DIRECTION('',(0.,1.,0.));
#4029=DIRECTION('',(0.,0.,1.));
#4030=DIRECTION('',(0.,1.,0.));
#4031=DIRECTION('',(-1.,0.,3.97680333537148E-15));
#4032=DIRECTION('',(2.17014045733688E-17,-1.,-1.94289029309402E-16));
#4033=DIRECTION('',(0.,1.,0.));
#4034=DIRECTION('',(-1.,0.,3.97680333537148E-15));
#4035=DIRECTION('',(0.,1.,0.));
#4036=DIRECTION('',(0.,0.,1.));
#4037=DIRECTION('',(0.,1.,0.));
#4038=DIRECTION('',(-1.,0.,9.36356421691459E-14));
#4039=DIRECTION('',(0.,1.,1.94289029309402E-16));
#4040=DIRECTION('',(0.,1.,0.));
#4041=DIRECTION('',(-1.,0.,9.36356421691459E-14));
#4042=DIRECTION('',(1.,2.17014045733688E-17,0.));
#4043=DIRECTION('',(-2.17014045733688E-17,1.,0.));
#4044=DIRECTION('',(0.,0.,1.));
#4045=DIRECTION('',(2.17014045733688E-17,-1.,-1.94289029309402E-16));
#4046=DIRECTION('',(0.,0.,1.));
#4047=DIRECTION('',(-1.,0.,0.));
#4048=DIRECTION('',(0.,0.,1.));
#4049=DIRECTION('',(0.,0.,1.));
#4050=DIRECTION('',(0.,1.,1.94289029309402E-16));
#4051=DIRECTION('',(0.,0.,1.));
#4052=DIRECTION('',(0.,1.,0.));
#4053=DIRECTION('',(0.,0.,1.));
#4054=DIRECTION('',(0.,1.,0.));
#4055=DIRECTION('',(-3.3488870192602E-15,0.,-1.));
#4056=DIRECTION('',(1.94289029309402E-16,-1.,2.17014045733688E-17));
#4057=DIRECTION('',(0.,1.,0.));
#4058=DIRECTION('',(-3.3488870192602E-15,0.,-1.));
#4059=DIRECTION('',(0.,1.,0.));
#4060=DIRECTION('',(0.,0.,1.));
#4061=DIRECTION('',(0.,1.,0.));
#4062=DIRECTION('',(-7.88510670898071E-14,0.,-1.));
#4063=DIRECTION('',(-1.94289029309402E-16,1.,-1.53198972848985E-32));
#4064=DIRECTION('',(0.,1.,0.));
#4065=DIRECTION('',(-7.88510670898071E-14,0.,-1.));
#4066=DIRECTION('',(-7.88510670898549E-17,2.17014045733688E-17,1.));
#4067=DIRECTION('',(1.,0.,7.88510670898549E-17));
#4068=DIRECTION('',(-1.,0.,-7.88510670898549E-17));
#4069=DIRECTION('',(1.94289029309402E-16,-1.,2.17014045733688E-17));
#4070=DIRECTION('',(-1.,0.,-7.88510670898549E-17));
#4071=DIRECTION('',(0.,1.,0.));
#4072=DIRECTION('',(0.,0.,1.));
#4073=DIRECTION('',(-7.88510670898549E-17,0.,1.));
#4074=DIRECTION('',(-1.,0.,-7.88510670898549E-17));
#4075=DIRECTION('',(7.88510670898549E-17,0.,-1.));
#4076=DIRECTION('',(-1.,0.,-7.88510670898549E-17));
#4077=DIRECTION('',(-1.94289029309402E-16,1.,-1.53198972848985E-32));
#4078=DIRECTION('',(-1.,0.,-7.88510670898549E-17));
#4079=DIRECTION('',(0.,-1.,0.));
#4080=DIRECTION('',(0.,0.,-1.));
#4081=DIRECTION('',(7.88510670898549E-17,0.,-1.));
#4082=DIRECTION('',(-1.,-3.47222473173901E-16,-3.57627742994636E-15));
#4083=DIRECTION('',(-3.57627742994636E-15,0.,1.));
#4084=DIRECTION('',(1.,-3.88578058618805E-14,-7.88510670898549E-17));
#4085=DIRECTION('',(-3.88578058618805E-14,-1.,3.0639794569797E-30));
#4086=DIRECTION('',(1.,0.,0.));
#4087=DIRECTION('',(0.,0.,-1.));
#4088=DIRECTION('',(0.,0.,1.));
#4089=DIRECTION('',(0.,1.,0.));
#4090=DIRECTION('',(0.,0.,-1.));
#4091=DIRECTION('',(0.,1.,0.));
#4092=DIRECTION('',(-1.,0.,0.));
#4093=DIRECTION('',(0.,0.,1.));
#4094=DIRECTION('',(0.,-1.,0.));
#4095=DIRECTION('',(0.,0.,1.));
#4096=DIRECTION('',(0.,-1.,0.));
#4097=DIRECTION('',(0.,0.,-1.));
#4098=DIRECTION('',(-1.,0.,0.));
#4099=DIRECTION('',(0.,0.,1.));
#4100=DIRECTION('',(0.,-1.,0.));
#4101=DIRECTION('',(0.,0.,1.));
#4102=DIRECTION('',(0.,-1.,0.));
#4103=DIRECTION('',(0.,0.,-1.));
#4104=DIRECTION('',(0.,0.,1.));
#4105=DIRECTION('',(1.,0.,0.));
#4106=DIRECTION('',(0.,0.,1.));
#4107=DIRECTION('',(1.,0.,0.));
#4108=DIRECTION('',(0.,-1.,0.));
#4109=DIRECTION('',(-1.,0.,0.));
#4110=DIRECTION('',(0.,0.,1.));
#4111=DIRECTION('',(1.,0.,0.));
#4112=DIRECTION('',(1.,6.7762635780344E-17,0.));
#4113=DIRECTION('',(0.,0.,1.));
#4114=DIRECTION('',(1.,0.,0.));
#4115=DIRECTION('',(1.,0.,0.));
#4116=DIRECTION('',(0.,-1.,0.));
#4117=DIRECTION('',(-1.,0.,0.));
#4118=DIRECTION('',(0.,1.,0.));
#4119=DIRECTION('',(0.,0.,1.));
#4120=DIRECTION('',(1.,0.,0.));
#4121=DIRECTION('',(-1.,6.7762635780344E-17,0.));
#4122=DIRECTION('',(0.,0.,1.));
#4123=DIRECTION('',(1.,0.,0.));
#4124=DIRECTION('',(1.,0.,0.));
#4125=DIRECTION('',(0.,0.,1.));
#4126=DIRECTION('',(1.,0.,0.));
#4127=DIRECTION('',(-1.,0.,0.));
#4128=DIRECTION('',(0.,1.,0.));
#4129=DIRECTION('',(1.,-2.55106393526001E-16,0.));
#4130=DIRECTION('',(0.,1.,0.));
#4131=DIRECTION('',(0.,0.,1.));
#4132=DIRECTION('',(1.,0.,0.));
#4133=DIRECTION('',(0.,1.,0.));
#4134=DIRECTION('',(-1.,0.,0.));
#4135=DIRECTION('',(0.,-1.,0.));
#4136=DIRECTION('',(-1.,6.7762635780344E-17,0.));
#4137=DIRECTION('',(0.,1.,0.));
#4138=DIRECTION('',(1.,0.,0.));
#4139=DIRECTION('',(0.,1.,0.));
#4140=DIRECTION('',(-1.,0.,0.));
#4141=DIRECTION('',(0.,1.,0.));
#4142=DIRECTION('',(1.,6.7762635780344E-17,0.));
#4143=DIRECTION('',(0.,-1.,0.));
#4144=DIRECTION('',(1.,-2.55106393526001E-16,0.));
#4145=DIRECTION('',(6.7762635780344E-17,-1.,0.));
#4146=DIRECTION('',(1.,6.7762635780344E-17,0.));
#4147=DIRECTION('',(0.,0.,1.));
#4148=DIRECTION('',(1.,6.7762635780344E-17,0.));
#4149=DIRECTION('',(0.,0.,1.));
#4150=DIRECTION('',(1.,0.,0.));
#4151=DIRECTION('',(0.,0.,-1.));
#4152=DIRECTION('',(0.,1.,0.));
#4153=DIRECTION('',(0.,0.,1.));
#4154=DIRECTION('',(0.,0.,-1.));
#4155=DIRECTION('',(6.7762635780344E-17,1.,0.));
#4156=DIRECTION('',(-1.,6.7762635780344E-17,0.));
#4157=DIRECTION('',(0.,0.,1.));
#4158=DIRECTION('',(-1.,6.7762635780344E-17,0.));
#4159=DIRECTION('',(0.,0.,1.));
#4160=DIRECTION('',(2.55106393526001E-16,1.,0.));
#4161=DIRECTION('',(-1.,2.55106393526001E-16,0.));
#4162=DIRECTION('',(2.55106393526001E-16,1.,0.));
#4163=DIRECTION('',(-1.,2.55106393526001E-16,0.));
#4164=DIRECTION('',(2.55106393526001E-16,1.,0.));
#4165=DIRECTION('',(-1.,2.55106393526001E-16,0.));
#4166=DIRECTION('',(0.,0.,-1.));
#4167=DIRECTION('',(2.55106393526001E-16,1.,0.));
#4168=DIRECTION('',(-1.,2.55106393526001E-16,0.));
#4169=DIRECTION('',(0.,0.,-1.));
#4170=DIRECTION('',(-1.,0.,0.));
#4171=DIRECTION('',(0.,0.,1.));
#4172=DIRECTION('',(0.,0.,-1.));
#4173=DIRECTION('',(0.,-1.,0.));
#4174=DIRECTION('',(0.,0.,-1.));
#4175=DIRECTION('',(0.,-1.,0.));
#4176=DIRECTION('',(0.,0.,-1.));
#4177=DIRECTION('',(0.,-1.,0.));
#4178=DIRECTION('',(0.,0.,-1.));
#4179=DIRECTION('',(0.,0.,-1.));
#4180=DIRECTION('',(0.,-1.,0.));
#4181=DIRECTION('',(0.,0.,-1.));
#4182=DIRECTION('',(0.,-1.,0.));
#4183=DIRECTION('',(0.,0.,-1.));
#4184=DIRECTION('',(0.,-1.,0.));
#4185=DIRECTION('',(0.,0.,-1.));
#4186=DIRECTION('',(0.,0.,-1.));
#4187=DIRECTION('',(-1.,0.,0.));
#4188=DIRECTION('',(0.,-1.,0.));
#4189=DIRECTION('',(0.,0.,-1.));
#4190=DIRECTION('',(0.,0.,-1.));
#4191=DIRECTION('',(0.,-1.,0.));
#4192=DIRECTION('',(0.,0.,-1.));
#4193=DIRECTION('',(-1.,0.,0.));
#4194=DIRECTION('',(0.,0.,1.));
#4195=DIRECTION('',(0.,0.,-1.));
#4196=DIRECTION('',(0.,1.,0.));
#4197=DIRECTION('',(0.,1.,0.));
#4198=DIRECTION('',(0.,0.,1.));
#4199=DIRECTION('',(0.,1.,0.));
#4200=DIRECTION('',(0.,0.,1.));
#4201=DIRECTION('',(0.,1.,0.));
#4202=DIRECTION('',(0.,0.,1.));
#4203=DIRECTION('',(0.,0.,-1.));
#4204=DIRECTION('',(0.,1.,0.));
#4205=DIRECTION('',(0.,0.,1.));
#4206=DIRECTION('',(1.,0.,0.));
#4207=DIRECTION('',(0.,0.,-1.));
#4208=DIRECTION('',(-1.,0.,0.));
#4209=DIRECTION('',(0.,1.,0.));
#4210=DIRECTION('',(-1.,0.,0.));
#4211=DIRECTION('',(0.,0.,1.));
#4212=DIRECTION('',(0.,1.,0.));
#4213=DIRECTION('',(0.,-1.,0.));
#4214=DIRECTION('',(-1.,0.,0.));
#4215=DIRECTION('',(0.,0.,1.));
#4216=DIRECTION('',(0.,1.,0.));
#4217=DIRECTION('',(0.,-1.,0.));
#4218=DIRECTION('',(0.,0.,1.));
#4219=DIRECTION('',(1.,0.,0.));
#4220=DIRECTION('',(0.,0.,-1.));
#4221=DIRECTION('',(-1.,0.,0.));
#4222=DIRECTION('',(0.,-1.,0.));
#4223=DIRECTION('',(0.,0.,-1.));
#4224=DIRECTION('',(0.,-1.,0.));
#4225=DIRECTION('',(0.,0.,-1.));
#4226=DIRECTION('',(0.,0.,1.));
#4227=DIRECTION('',(1.,0.,0.));
#4228=DIRECTION('',(1.,0.,0.));
#4229=DIRECTION('',(0.,0.,-1.));
#4230=DIRECTION('',(-1.,-6.7762635780344E-17,0.));
#4231=DIRECTION('',(6.7762635780344E-17,-1.,0.));
#4232=DIRECTION('',(-1.,0.,0.));
#4233=DIRECTION('',(0.,0.,1.));
#4234=DIRECTION('',(0.,1.,0.));
#4235=DIRECTION('',(0.,0.,1.));
#4236=DIRECTION('',(0.,-1.,-1.73472347597681E-15));
#4237=DIRECTION('',(0.,1.73472347597681E-15,-1.));
#4238=DIRECTION('',(0.,0.,1.));
#4239=DIRECTION('',(1.,0.,0.));
#4240=DIRECTION('',(0.,0.,-1.));
#4241=DIRECTION('',(-1.,0.,0.));
#4242=DIRECTION('',(0.,0.,1.));
#4243=DIRECTION('',(1.,0.,0.));
#4244=DIRECTION('',(0.,0.,1.));
#4245=DIRECTION('',(1.,0.,0.));
#4246=DIRECTION('',(0.,0.,-1.));
#4247=DIRECTION('',(-1.,0.,0.));
#4248=DIRECTION('',(0.,1.,0.));
#4249=DIRECTION('',(0.,0.,1.));
#4250=DIRECTION('',(0.,1.,0.));
#4251=DIRECTION('',(0.,0.,1.));
#4252=DIRECTION('',(0.,0.,1.));
#4253=DIRECTION('',(1.,0.,0.));
#4254=DIRECTION('',(-1.,0.,0.));
#4255=DIRECTION('',(0.,0.,1.));
#4256=DIRECTION('',(1.,-6.7762635780344E-17,0.));
#4257=DIRECTION('',(6.7762635780344E-17,1.,0.));
#4258=DIRECTION('',(1.,0.,0.));
#4259=DIRECTION('',(0.,0.,-1.));
#4260=DIRECTION('',(0.,-1.,0.));
#4261=DIRECTION('',(0.,0.,-1.));
#4262=DIRECTION('',(0.,1.,0.));
#4263=DIRECTION('',(0.,0.,1.));
#4264=DIRECTION('',(0.,0.,1.));
#4265=DIRECTION('',(1.,0.,0.));
#4266=DIRECTION('',(0.,0.,-1.));
#4267=DIRECTION('',(-1.,0.,0.));
#4268=DIRECTION('',(0.,0.,1.));
#4269=DIRECTION('',(1.,0.,0.));
#4270=DIRECTION('',(0.,-1.,0.));
#4271=DIRECTION('',(0.,0.,-1.));
#4272=DIRECTION('',(0.,1.,0.));
#4273=DIRECTION('',(0.,0.,1.));
#4274=DIRECTION('',(0.,-1.,0.));
#4275=DIRECTION('',(0.,0.,-1.));
#4276=DIRECTION('',(0.,-1.,0.));
#4277=DIRECTION('',(0.,0.,-1.));
#4278=DIRECTION('',(0.,0.,-1.));
#4279=DIRECTION('',(-1.,0.,0.));
#4280=DIRECTION('',(0.,0.,-1.));
#4281=DIRECTION('',(1.,0.,0.));
#4282=DIRECTION('',(0.,0.,-1.));
#4283=DIRECTION('',(-1.,0.,0.));
#4284=DIRECTION('',(0.,0.,1.));
#4285=DIRECTION('',(1.,0.,0.));
#4286=DIRECTION('',(0.,0.,1.));
#4287=DIRECTION('',(1.,0.,0.));
#4288=DIRECTION('',(0.,-1.,0.));
#4289=DIRECTION('',(-0.861796194174881,0.507254689190441,0.));
#4290=DIRECTION('',(0.,1.,0.));
#4291=DIRECTION('',(-0.854372242878022,0.519661496168013,0.));
#4292=DIRECTION('',(0.,-1.,0.));
#4293=DIRECTION('',(-0.863126069470663,0.504988503037568,0.));
#4294=DIRECTION('',(0.,1.,0.));
#4295=DIRECTION('',(-0.861792152832439,0.507261555133473,0.));
#4296=DIRECTION('',(0.,-1.,0.));
#4297=DIRECTION('',(-0.860646621654615,0.509202702893943,0.));
#4298=DIRECTION('',(0.,1.,0.));
#4299=DIRECTION('',(0.863966758174713,-0.503548846457895,0.));
#4300=DIRECTION('',(0.,1.,0.));
#4301=DIRECTION('',(-1.,6.7762635780344E-17,0.));
#4302=DIRECTION('',(0.,-1.,0.));
#4303=DIRECTION('',(1.,6.7762635780344E-17,0.));
#4304=DIRECTION('',(0.,-1.,0.));
#4305=DIRECTION('',(-0.998643274761987,-0.052073119482653,0.));
#4306=DIRECTION('',(0.,1.,0.));
#4307=DIRECTION('',(0.998882737529132,0.0472575567111531,0.));
#4308=DIRECTION('',(-0.812281971897565,0.58326494676965,0.));
#4309=DIRECTION('',(0.,1.,0.));
#4310=DIRECTION('',(0.985344937398061,0.17057360388997,0.));
#4311=DIRECTION('',(-0.858817546736232,0.512281584109715,0.));
#4312=DIRECTION('',(0.,1.,0.));
#4313=DIRECTION('',(0.862812800576462,-0.505523561430525,0.));
#4314=DIRECTION('',(0.,-1.,0.));
#4315=DIRECTION('',(-0.98994413466029,-0.141458864167964,0.));
#4316=DIRECTION('',(0.834335938836837,-0.551256329818764,0.));
#4317=DIRECTION('',(0.,0.,1.));
#4318=DIRECTION('',(1.,0.,0.));
#4319=DIRECTION('',(0.,1.,0.));
#4320=DIRECTION('',(0.,0.,1.));
#4321=DIRECTION('',(1.,0.,0.));
#4322=DIRECTION('',(1.,6.7762635780344E-17,0.));
#4323=DIRECTION('',(0.,0.,1.));
#4324=DIRECTION('',(1.,0.,0.));
#4325=DIRECTION('',(0.,-1.,0.));
#4326=DIRECTION('',(0.846535198852069,-0.532332750358729,0.));
#4327=DIRECTION('',(0.,0.,1.));
#4328=DIRECTION('',(1.,0.,0.));
#4329=DIRECTION('',(0.846535198852069,0.532332750358729,0.));
#4330=DIRECTION('',(-1.,0.,0.));
#4331=DIRECTION('',(0.,0.,1.));
#4332=DIRECTION('',(0.,-1.,0.));
#4333=DIRECTION('',(0.,0.,1.));
#4334=DIRECTION('',(0.,-1.,0.));
#4335=DIRECTION('',(0.,0.,1.));
#4336=DIRECTION('',(0.,-1.,0.));
#4337=DIRECTION('',(0.,0.,1.));
#4338=DIRECTION('',(0.,0.,1.));
#4339=DIRECTION('',(6.7762635780344E-17,-1.,0.));
#4340=DIRECTION('',(1.,6.7762635780344E-17,0.));
#4341=DIRECTION('',(0.,0.,1.));
#4342=DIRECTION('',(1.,6.7762635780344E-17,0.));
#4343=DIRECTION('',(0.,0.,1.));
#4344=DIRECTION('',(1.,0.,0.));
#4345=DIRECTION('',(0.,0.,-1.));
#4346=DIRECTION('',(0.,1.,0.));
#4347=DIRECTION('',(0.,0.,1.));
#4348=DIRECTION('',(0.,1.,0.));
#4349=DIRECTION('',(0.,0.,1.));
#4350=DIRECTION('',(0.,0.,1.));
#4351=DIRECTION('',(2.16840434497101E-16,1.,0.));
#4352=DIRECTION('',(0.,0.,1.));
#4353=DIRECTION('',(6.7762635780344E-17,1.,0.));
#4354=DIRECTION('',(-1.,6.7762635780344E-17,0.));
#4355=DIRECTION('',(-1.,6.7762635780344E-17,0.));
#4356=DIRECTION('',(0.,0.,1.));
#4357=DIRECTION('',(-1.,6.7762635780344E-17,0.));
#4358=DIRECTION('',(0.,0.,1.));
#4359=DIRECTION('',(0.,0.,1.));
#4360=DIRECTION('',(1.,0.,0.));
#4361=DIRECTION('',(0.,0.,1.));
#4362=DIRECTION('',(1.,0.,0.));
#4363=DIRECTION('',(-0.846535198852069,0.532332750358729,0.));
#4364=DIRECTION('',(0.,0.,1.));
#4365=DIRECTION('',(1.,0.,0.));
#4366=DIRECTION('',(-0.846535198852069,-0.532332750358729,0.));
#4367=DIRECTION('',(0.,0.,1.));
#4368=DIRECTION('',(1.,0.,0.));
#4369=DIRECTION('',(-0.532332750358729,0.846535198852069,0.));
#4370=DIRECTION('',(-0.846535198852069,-0.532332750358729,0.));
#4371=DIRECTION('',(0.,0.,1.));
#4372=DIRECTION('',(-0.846535198852069,-0.532332750358729,0.));
#4373=DIRECTION('',(-0.532332750358729,-0.846535198852069,0.));
#4374=DIRECTION('',(0.846535198852069,-0.532332750358729,0.));
#4375=DIRECTION('',(0.846535198852069,-0.532332750358729,0.));
#4376=DIRECTION('',(0.,0.,1.));
#4377=DIRECTION('',(0.,0.,1.));
#4378=DIRECTION('',(1.,0.,0.));
#4379=DIRECTION('',(0.,0.,1.));
#4380=DIRECTION('',(1.,0.,0.));
#4381=DIRECTION('',(0.,0.,1.));
#4382=DIRECTION('',(0.532332750358729,-0.846535198852069,0.));
#4383=DIRECTION('',(0.846535198852069,0.532332750358729,0.));
#4384=DIRECTION('',(0.846535198852069,0.532332750358729,0.));
#4385=DIRECTION('',(0.532332750358729,0.846535198852069,0.));
#4386=DIRECTION('',(-0.846535198852069,0.532332750358729,0.));
#4387=DIRECTION('',(-0.846535198852069,0.532332750358729,0.));
#4388=DIRECTION('',(0.,0.,1.));
#4389=DIRECTION('',(0.,0.,1.));
#4390=DIRECTION('',(1.,0.,0.));
#4391=DIRECTION('',(0.,0.,1.));
#4392=DIRECTION('',(1.,0.,0.));
#4393=DIRECTION('',(0.,0.,1.));
#4394=DIRECTION('',(1.,0.,0.));
#4395=DIRECTION('',(0.,0.,1.));
#4396=DIRECTION('',(0.,0.,1.));
#4397=DIRECTION('',(0.,0.,1.));
#4398=DIRECTION('',(0.,-1.,0.));
#4399=DIRECTION('',(0.,0.,-1.));
#4400=DIRECTION('',(0.,0.,1.));
#4401=DIRECTION('',(-1.,3.34045469348355E-15,0.));
#4402=DIRECTION('',(-3.34045469348355E-15,-1.,0.));
#4403=DIRECTION('',(0.,0.,1.));
#4404=DIRECTION('',(0.,0.,1.));
#4405=DIRECTION('',(0.,0.,1.));
#4406=DIRECTION('',(0.,-1.,0.));
#4407=DIRECTION('',(0.,0.,-1.));
#4408=DIRECTION('',(-1.48718873340021E-16,1.,0.));
#4409=DIRECTION('',(-1.,-1.48718873340021E-16,0.));
#4410=DIRECTION('',(0.,0.,1.));
#4411=DIRECTION('',(1.,0.,0.));
#4412=DIRECTION('',(0.,0.,1.));
#4413=DIRECTION('',(1.,0.,0.));
#4414=DIRECTION('',(-0.939315546933469,0.343054373662656,0.));
#4415=DIRECTION('',(-0.343054373662656,-0.93931554693347,0.));
#4416=DIRECTION('',(0.,0.,1.));
#4417=DIRECTION('',(0.,0.,1.));
#4418=DIRECTION('',(0.37303360743851,0.927817831107708,0.));
#4419=DIRECTION('',(-0.927817831107708,0.37303360743851,0.));
#4420=DIRECTION('',(0.,0.,1.));
#4421=DIRECTION('',(0.932923130042579,-0.360075594051522,0.));
#4422=DIRECTION('',(0.360075594051522,0.93292313004258,0.));
#4423=DIRECTION('',(0.,0.,1.));
#4424=DIRECTION('',(-0.372926289063446,-0.927860971765365,0.));
#4425=DIRECTION('',(0.927860971765365,-0.372926289063446,0.));
#4426=DIRECTION('',(0.,0.,1.));
#4427=DIRECTION('',(1.,0.,0.));
#4428=DIRECTION('',(-1.,-3.34045469348353E-15,0.));
#4429=DIRECTION('',(3.34045469348353E-15,-1.,0.));
#4430=DIRECTION('',(0.,0.,1.));
#4431=DIRECTION('',(0.,0.,1.));
#4432=DIRECTION('',(0.,1.,0.));
#4433=DIRECTION('',(0.,0.,1.));
#4434=DIRECTION('',(0.,0.,1.));
#4435=DIRECTION('',(1.,8.48162324517307E-16,0.));
#4436=DIRECTION('',(-8.48162324517307E-16,1.,0.));
#4437=DIRECTION('',(0.,0.,1.));
#4438=DIRECTION('',(0.413853976022568,-0.910343279499723,0.));
#4439=DIRECTION('',(0.910343279499723,0.413853976022568,0.));
#4440=DIRECTION('',(0.,0.,1.));
#4441=DIRECTION('',(1.,-1.80941295897028E-14,0.));
#4442=DIRECTION('',(1.80941295897028E-14,1.,0.));
#4443=DIRECTION('',(0.,0.,1.));
#4444=DIRECTION('',(-1.61554728479487E-16,1.,0.));
#4445=DIRECTION('',(-1.,-1.61554728479487E-16,0.));
#4446=DIRECTION('',(0.,0.,1.));
#4447=DIRECTION('',(1.,0.,0.));
#4448=DIRECTION('',(0.,0.,-1.));
#4449=DIRECTION('',(0.,0.,1.));
#4450=DIRECTION('',(0.,-1.,0.));
#4451=DIRECTION('',(0.,0.,-1.));
#4452=DIRECTION('',(0.,0.,1.));
#4453=DIRECTION('',(-1.,-1.72325043711453E-15,0.));
#4454=DIRECTION('',(1.72325043711453E-15,-1.,0.));
#4455=DIRECTION('',(0.,0.,1.));
#4456=DIRECTION('',(-0.41635164244023,0.909203667962972,0.));
#4457=DIRECTION('',(-0.909203667962973,-0.41635164244023,0.));
#4458=DIRECTION('',(0.,0.,1.));
#4459=DIRECTION('',(-1.,0.,0.));
#4460=DIRECTION('',(0.,0.,1.));
#4461=DIRECTION('',(0.,0.,1.));
#4462=DIRECTION('',(0.,-1.,0.));
#4463=DIRECTION('',(0.,0.,-1.));
#4464=DIRECTION('',(0.,0.,1.));
#4465=DIRECTION('',(1.,0.,0.));
#4466=DIRECTION('',(0.,0.,1.));
#4467=DIRECTION('',(1.,0.,0.));
#4468=DIRECTION('',(0.,0.,1.));
#4469=DIRECTION('',(1.,0.,0.));
#4470=DIRECTION('',(0.,0.,1.));
#4471=DIRECTION('',(1.,0.,0.));
#4472=DIRECTION('',(1.73472347597681E-15,-1.,0.));
#4473=DIRECTION('',(1.,1.73472347597681E-15,0.));
#4474=DIRECTION('',(-1.,0.,0.));
#4475=DIRECTION('',(0.,0.,1.));
#4476=DIRECTION('',(0.,0.,1.));
#4477=DIRECTION('',(1.,0.,0.));
#4478=DIRECTION('',(0.,0.,1.));
#4479=DIRECTION('',(1.,0.,0.));
#4480=DIRECTION('',(1.,6.7762635780344E-17,0.));
#4481=DIRECTION('',(-6.7762635780344E-17,1.,0.));
#4482=DIRECTION('',(1.,0.,0.));
#4483=DIRECTION('',(0.,0.,-1.));
#4484=DIRECTION('',(0.,-1.,0.));
#4485=DIRECTION('',(0.,0.,-1.));
#4486=DIRECTION('',(0.,1.,3.46944695195361E-15));
#4487=DIRECTION('',(0.,-3.46944695195361E-15,1.));
#4488=DIRECTION('',(0.,0.,1.));
#4489=DIRECTION('',(1.,0.,0.));
#4490=DIRECTION('',(0.,0.,1.));
#4491=DIRECTION('',(1.,0.,0.));
#4492=DIRECTION('',(0.,0.,1.));
#4493=DIRECTION('',(1.,0.,0.));
#4494=DIRECTION('',(0.,-1.,0.));
#4495=DIRECTION('',(0.,0.,-1.));
#4496=DIRECTION('',(0.,0.,1.));
#4497=DIRECTION('',(1.,0.,0.));
#4498=DIRECTION('',(-1.,0.,0.));
#4499=DIRECTION('',(0.,0.,1.));
#4500=DIRECTION('',(0.,1.,0.));
#4501=DIRECTION('',(0.,0.,1.));
#4502=DIRECTION('',(-3.46944695195361E-15,1.,0.));
#4503=DIRECTION('',(-1.,-3.46944695195361E-15,0.));
#4504=DIRECTION('',(-1.,6.7762635780344E-17,0.));
#4505=DIRECTION('',(-6.7762635780344E-17,-1.,0.));
#4506=DIRECTION('',(1.,0.,0.));
#4507=DIRECTION('',(0.,0.,-1.));
#4508=DIRECTION('',(0.,0.,1.));
#4509=DIRECTION('',(1.,0.,0.));
#4510=DIRECTION('',(0.,0.,1.));
#4511=DIRECTION('',(1.,0.,0.));
#4512=DIRECTION('',(0.,0.,1.));
#4513=DIRECTION('',(1.,0.,0.));
#4514=DIRECTION('',(-0.052073119482653,0.998643274761987,0.));
#4515=DIRECTION('',(-0.998643274761987,-0.052073119482653,0.));
#4516=DIRECTION('',(0.,0.,1.));
#4517=DIRECTION('',(-0.998643274761987,-0.052073119482653,0.));
#4518=DIRECTION('',(0.,0.,1.));
#4519=DIRECTION('',(1.,0.,0.));
#4520=DIRECTION('',(0.,0.,-1.));
#4521=DIRECTION('',(0.,1.,0.));
#4522=DIRECTION('',(0.,0.,1.));
#4523=DIRECTION('',(0.0472575567111531,-0.998882737529132,0.));
#4524=DIRECTION('',(0.998882737529132,0.0472575567111531,0.));
#4525=DIRECTION('',(0.998882737529132,0.0472575567111531,0.));
#4526=DIRECTION('',(0.,0.,1.));
#4527=DIRECTION('',(0.58326494676965,0.812281971897565,0.));
#4528=DIRECTION('',(-0.812281971897565,0.58326494676965,0.));
#4529=DIRECTION('',(-0.812281971897565,0.58326494676965,0.));
#4530=DIRECTION('',(0.,0.,1.));
#4531=DIRECTION('',(1.,0.,0.));
#4532=DIRECTION('',(0.,0.,-1.));
#4533=DIRECTION('',(0.,1.,0.));
#4534=DIRECTION('',(0.,0.,1.));
#4535=DIRECTION('',(0.17057360388997,-0.985344937398061,0.));
#4536=DIRECTION('',(0.985344937398061,0.17057360388997,0.));
#4537=DIRECTION('',(0.985344937398061,0.17057360388997,0.));
#4538=DIRECTION('',(0.,0.,1.));
#4539=DIRECTION('',(0.512281584109715,0.858817546736232,0.));
#4540=DIRECTION('',(-0.858817546736232,0.512281584109715,0.));
#4541=DIRECTION('',(-0.858817546736232,0.512281584109715,0.));
#4542=DIRECTION('',(0.,0.,1.));
#4543=DIRECTION('',(1.,0.,0.));
#4544=DIRECTION('',(0.,0.,-1.));
#4545=DIRECTION('',(0.,1.,0.));
#4546=DIRECTION('',(0.,0.,1.));
#4547=DIRECTION('',(-0.505523561430525,-0.862812800576462,0.));
#4548=DIRECTION('',(0.862812800576462,-0.505523561430525,0.));
#4549=DIRECTION('',(0.862812800576462,-0.505523561430525,0.));
#4550=DIRECTION('',(0.,0.,1.));
#4551=DIRECTION('',(-1.,0.,0.));
#4552=DIRECTION('',(0.,0.,1.));
#4553=DIRECTION('',(0.,-1.,0.));
#4554=DIRECTION('',(0.,0.,1.));
#4555=DIRECTION('',(-0.141458864167964,0.98994413466029,0.));
#4556=DIRECTION('',(-0.98994413466029,-0.141458864167964,0.));
#4557=DIRECTION('',(-0.98994413466029,-0.141458864167964,0.));
#4558=DIRECTION('',(0.,0.,1.));
#4559=DIRECTION('',(-0.551256329818764,-0.834335938836837,0.));
#4560=DIRECTION('',(0.834335938836837,-0.551256329818764,0.));
#4561=DIRECTION('',(0.834335938836837,-0.551256329818764,0.));
#4562=DIRECTION('',(0.,0.,1.));
#4563=DIRECTION('',(-1.,0.,0.));
#4564=DIRECTION('',(0.,0.,1.));
#4565=DIRECTION('',(0.,-1.,0.));
#4566=DIRECTION('',(0.,0.,-1.));
#4567=DIRECTION('',(-1.,0.,0.));
#4568=DIRECTION('',(-1.,0.,0.));
#4569=DIRECTION('',(0.,0.,1.));
#4570=DIRECTION('',(0.,0.,1.));
#4571=DIRECTION('',(0.,-1.,0.));
#4572=DIRECTION('',(0.,0.,1.));
#4573=DIRECTION('',(-0.503548846457895,-0.863966758174713,0.));
#4574=DIRECTION('',(0.863966758174713,-0.503548846457895,0.));
#4575=DIRECTION('',(0.,0.,1.));
#4576=DIRECTION('',(0.863966758174713,-0.503548846457895,0.));
#4577=DIRECTION('',(1.,0.,0.));
#4578=DIRECTION('',(0.,0.,-1.));
#4579=DIRECTION('',(0.,0.,1.));
#4580=DIRECTION('',(0.,1.,0.));
#4581=DIRECTION('',(0.509202702893943,0.860646621654615,0.));
#4582=DIRECTION('',(-0.860646621654616,0.509202702893943,0.));
#4583=DIRECTION('',(0.,0.,1.));
#4584=DIRECTION('',(-0.860646621654615,0.509202702893943,0.));
#4585=DIRECTION('',(-1.,0.,0.));
#4586=DIRECTION('',(0.,0.,1.));
#4587=DIRECTION('',(0.,0.,1.));
#4588=DIRECTION('',(0.,-1.,0.));
#4589=DIRECTION('',(0.507261555133473,0.861792152832439,0.));
#4590=DIRECTION('',(-0.861792152832439,0.507261555133473,0.));
#4591=DIRECTION('',(0.,0.,1.));
#4592=DIRECTION('',(-0.861792152832439,0.507261555133473,0.));
#4593=DIRECTION('',(1.,0.,0.));
#4594=DIRECTION('',(0.,0.,-1.));
#4595=DIRECTION('',(0.,0.,1.));
#4596=DIRECTION('',(0.,1.,0.));
#4597=DIRECTION('',(0.504988503037568,0.863126069470663,0.));
#4598=DIRECTION('',(-0.863126069470664,0.504988503037568,0.));
#4599=DIRECTION('',(0.,0.,1.));
#4600=DIRECTION('',(-0.863126069470663,0.504988503037568,0.));
#4601=DIRECTION('',(-1.,0.,0.));
#4602=DIRECTION('',(0.,0.,1.));
#4603=DIRECTION('',(0.,0.,1.));
#4604=DIRECTION('',(0.,-1.,0.));
#4605=DIRECTION('',(0.519661496168013,0.854372242878022,0.));
#4606=DIRECTION('',(-0.854372242878023,0.519661496168013,0.));
#4607=DIRECTION('',(0.,0.,1.));
#4608=DIRECTION('',(-0.854372242878022,0.519661496168013,0.));
#4609=DIRECTION('',(1.,0.,0.));
#4610=DIRECTION('',(0.,0.,-1.));
#4611=DIRECTION('',(0.,0.,1.));
#4612=DIRECTION('',(0.,1.,0.));
#4613=DIRECTION('',(0.507254689190441,0.861796194174881,0.));
#4614=DIRECTION('',(-0.861796194174881,0.507254689190441,0.));
#4615=DIRECTION('',(-0.861796194174881,0.507254689190441,0.));
#4616=DIRECTION('',(0.,0.,1.));
#4617=DIRECTION('',(1.,0.,0.));
#4618=DIRECTION('',(4.93038065763132E-32,3.2612801348364E-16,1.));
#4619=DIRECTION('',(1.,3.77482269099891E-32,-4.93038065763132E-32));
#4620=CARTESIAN_POINT('',(0.,0.,0.));
#4621=CARTESIAN_POINT('',(-4.33680868994202E-16,0.,0.));
#4622=CARTESIAN_POINT('',(-5.12,0.,0.1));
#4623=CARTESIAN_POINT('',(-5.12,-2.95603337825088,0.133333333333333));
#4624=CARTESIAN_POINT('',(-2.56,-4.43405006737633,0.166666666666667));
#4625=CARTESIAN_POINT('',(-7.95678594705908E-16,-5.91206675650177,0.2));
#4626=CARTESIAN_POINT('',(2.56,-4.43405006737633,0.233333333333333));
#4627=CARTESIAN_POINT('',(5.12,-2.95603337825089,0.266666666666667));
#4628=CARTESIAN_POINT('',(5.12,-6.26998453157057E-16,0.3));
#4629=CARTESIAN_POINT('',(5.12,2.95603337825088,0.333333333333333));
#4630=CARTESIAN_POINT('',(2.56,4.43405006737632,0.366666666666667));
#4631=CARTESIAN_POINT('',(6.52312308140916E-16,5.91206675650177,0.4));
#4632=CARTESIAN_POINT('',(-2.56,4.43405006737633,0.433333333333333));
#4633=CARTESIAN_POINT('',(-5.12,2.95603337825089,0.466666666666667));
#4634=CARTESIAN_POINT('',(-5.12,1.25399690631411E-15,0.5));
#4635=CARTESIAN_POINT('',(-5.12,-2.95603337825088,0.533333333333333));
#4636=CARTESIAN_POINT('',(-2.56,-4.43405006737632,0.566666666666667));
#4637=CARTESIAN_POINT('',(-7.49463960650412E-15,-5.91206675650177,0.6));
#4638=CARTESIAN_POINT('',(2.56,-4.43405006737633,0.633333333333333));
#4639=CARTESIAN_POINT('',(5.11999999999999,-2.95603337825089,0.666666666666667));
#4640=CARTESIAN_POINT('',(5.12,-1.88099535947117E-15,0.7));
#4641=CARTESIAN_POINT('',(5.12,2.95603337825088,0.733333333333334));
#4642=CARTESIAN_POINT('',(2.56000000000001,4.43405006737632,0.766666666666667));
#4643=CARTESIAN_POINT('',(2.10030321098774E-15,5.91206675650177,0.8));
#4644=CARTESIAN_POINT('',(-2.56,4.43405006737633,0.833333333333333));
#4645=CARTESIAN_POINT('',(-5.11999999999999,2.95603337825089,0.866666666666667));
#4646=CARTESIAN_POINT('',(-5.12,2.50799381262823E-15,0.9));
#4647=CARTESIAN_POINT('',(-5.12,-2.95603337825088,0.933333333333334));
#4648=CARTESIAN_POINT('',(-2.56000000000001,-4.43405006737632,0.966666666666667));
#4649=CARTESIAN_POINT('',(-1.41936006183023E-14,-5.91206675650177,1.));
#4650=CARTESIAN_POINT('',(2.55999999999999,-4.43405006737633,1.03333333333333));
#4651=CARTESIAN_POINT('',(5.11999999999999,-2.95603337825089,1.06666666666667));
#4652=CARTESIAN_POINT('',(5.12,-1.22299392835146E-14,1.1));
#4653=CARTESIAN_POINT('',(5.12,2.95603337825088,1.13333333333333));
#4654=CARTESIAN_POINT('',(2.56000000000001,4.43405006737632,1.16666666666667));
#4655=CARTESIAN_POINT('',(1.40502343317373E-14,5.91206675650177,1.2));
#4656=CARTESIAN_POINT('',(-2.55999999999999,4.43405006737633,1.23333333333333));
#4657=CARTESIAN_POINT('',(-5.11999999999999,2.9560333782509,1.26666666666667));
#4658=CARTESIAN_POINT('',(-5.12,3.76199071894234E-15,1.3));
#4659=CARTESIAN_POINT('',(-5.12,-2.95603337825088,1.33333333333333));
#4660=CARTESIAN_POINT('',(-2.56000000000001,-4.43405006737632,1.36666666666667));
#4661=CARTESIAN_POINT('',(-1.56415915211491E-14,-5.91206675650177,1.4));
#4662=CARTESIAN_POINT('',(2.55999999999998,-4.43405006737633,1.43333333333333));
#4663=CARTESIAN_POINT('',(5.11999999999999,-2.9560333782509,1.46666666666667));
#4664=CARTESIAN_POINT('',(5.12,-4.3889891720994E-15,1.5));
#4665=CARTESIAN_POINT('',(5.12,2.95603337825088,1.53333333333333));
#4666=CARTESIAN_POINT('',(2.56000000000001,4.43405006737632,1.56666666666667));
#4667=CARTESIAN_POINT('',(1.54982252345842E-14,5.91206675650177,1.6));
#4668=CARTESIAN_POINT('',(-2.55999999999999,4.43405006737633,1.63333333333333));
#4669=CARTESIAN_POINT('',(-5.11999999999999,2.9560333782509,1.66666666666667));
#4670=CARTESIAN_POINT('',(-5.12,5.01598762525646E-15,1.7));
#4671=CARTESIAN_POINT('',(-4.96125259699844,-1.26505836575876,0.115298781035389));
#4672=CARTESIAN_POINT('',(4.96125259699845,-1.26505836575873,1.48470121896461));
#4673=CARTESIAN_POINT('',(4.96125259699844,-1.26505836575875,20.1194342979179));
#4674=CARTESIAN_POINT('',(4.96125259699841,-1.26505836575885,1.73470121896461));
#4675=CARTESIAN_POINT('',(-5.12,0.,0.35));
#4676=CARTESIAN_POINT('',(-5.12,-2.95603337825088,0.383333333333333));
#4677=CARTESIAN_POINT('',(-2.56,-4.43405006737633,0.416666666666667));
#4678=CARTESIAN_POINT('',(-7.95678594705908E-16,-5.91206675650177,0.45));
#4679=CARTESIAN_POINT('',(2.56,-4.43405006737633,0.483333333333333));
#4680=CARTESIAN_POINT('',(5.12,-2.95603337825089,0.516666666666667));
#4681=CARTESIAN_POINT('',(5.12,-6.26998453157057E-16,0.55));
#4682=CARTESIAN_POINT('',(5.12,2.95603337825088,0.583333333333333));
#4683=CARTESIAN_POINT('',(2.56,4.43405006737632,0.616666666666667));
#4684=CARTESIAN_POINT('',(6.52312308140916E-16,5.91206675650177,0.65));
#4685=CARTESIAN_POINT('',(-2.56,4.43405006737633,0.683333333333334));
#4686=CARTESIAN_POINT('',(-5.12,2.95603337825089,0.716666666666667));
#4687=CARTESIAN_POINT('',(-5.12,1.25399690631411E-15,0.75));
#4688=CARTESIAN_POINT('',(-5.12,-2.95603337825088,0.783333333333333));
#4689=CARTESIAN_POINT('',(-2.56,-4.43405006737632,0.816666666666667));
#4690=CARTESIAN_POINT('',(-7.49463960650412E-15,-5.91206675650177,0.85));
#4691=CARTESIAN_POINT('',(2.56,-4.43405006737633,0.883333333333333));
#4692=CARTESIAN_POINT('',(5.11999999999999,-2.95603337825089,0.916666666666667));
#4693=CARTESIAN_POINT('',(5.12,-1.88099535947117E-15,0.95));
#4694=CARTESIAN_POINT('',(5.12,2.95603337825088,0.983333333333334));
#4695=CARTESIAN_POINT('',(2.56000000000001,4.43405006737632,1.01666666666667));
#4696=CARTESIAN_POINT('',(2.10030321098774E-15,5.91206675650177,1.05));
#4697=CARTESIAN_POINT('',(-2.56,4.43405006737633,1.08333333333333));
#4698=CARTESIAN_POINT('',(-5.11999999999999,2.95603337825089,1.11666666666667));
#4699=CARTESIAN_POINT('',(-5.12,2.50799381262823E-15,1.15));
#4700=CARTESIAN_POINT('',(-5.12,-2.95603337825088,1.18333333333333));
#4701=CARTESIAN_POINT('',(-2.56000000000001,-4.43405006737632,1.21666666666667));
#4702=CARTESIAN_POINT('',(-1.41936006183023E-14,-5.91206675650177,1.25));
#4703=CARTESIAN_POINT('',(2.55999999999999,-4.43405006737633,1.28333333333333));
#4704=CARTESIAN_POINT('',(5.11999999999999,-2.95603337825089,1.31666666666667));
#4705=CARTESIAN_POINT('',(5.12,-1.22299392835146E-14,1.35));
#4706=CARTESIAN_POINT('',(5.12,2.95603337825088,1.38333333333333));
#4707=CARTESIAN_POINT('',(2.56000000000001,4.43405006737632,1.41666666666667));
#4708=CARTESIAN_POINT('',(1.40502343317373E-14,5.91206675650177,1.45));
#4709=CARTESIAN_POINT('',(-2.55999999999999,4.43405006737633,1.48333333333333));
#4710=CARTESIAN_POINT('',(-5.11999999999999,2.9560333782509,1.51666666666667));
#4711=CARTESIAN_POINT('',(-5.12,3.76199071894234E-15,1.55));
#4712=CARTESIAN_POINT('',(-5.12,-2.95603337825088,1.58333333333333));
#4713=CARTESIAN_POINT('',(-2.56000000000001,-4.43405006737632,1.61666666666667));
#4714=CARTESIAN_POINT('',(-1.56415915211491E-14,-5.91206675650177,1.65));
#4715=CARTESIAN_POINT('',(2.55999999999998,-4.43405006737633,1.68333333333333));
#4716=CARTESIAN_POINT('',(5.11999999999999,-2.9560333782509,1.71666666666667));
#4717=CARTESIAN_POINT('',(5.12,-4.3889891720994E-15,1.75));
#4718=CARTESIAN_POINT('',(5.12,2.95603337825088,1.78333333333333));
#4719=CARTESIAN_POINT('',(2.56000000000001,4.43405006737632,1.81666666666667));
#4720=CARTESIAN_POINT('',(1.54982252345842E-14,5.91206675650177,1.85));
#4721=CARTESIAN_POINT('',(-2.55999999999999,4.43405006737633,1.88333333333333));
#4722=CARTESIAN_POINT('',(-5.11999999999999,2.9560333782509,1.91666666666667));
#4723=CARTESIAN_POINT('',(-5.12,5.01598762525646E-15,1.95));
#4724=CARTESIAN_POINT('',(-4.96125259699844,-1.26505836575876,0.365298781035389));
#4725=CARTESIAN_POINT('',(-4.96125259699844,-1.26505836575876,18.7194342979179));
#4726=CARTESIAN_POINT('',(-4.33680868994202E-16,0.,0.));
#4727=CARTESIAN_POINT('',(-2.62,0.,0.35));
#4728=CARTESIAN_POINT('',(-2.62,-1.51265770527682,0.383333333333334));
#4729=CARTESIAN_POINT('',(-1.31,-2.26898655791523,0.416666666666667));
#4730=CARTESIAN_POINT('',(-6.18921892698239E-16,-3.02531541055364,0.45));
#4731=CARTESIAN_POINT('',(1.31,-2.26898655791523,0.483333333333334));
#4732=CARTESIAN_POINT('',(2.62,-1.51265770527682,0.516666666666667));
#4733=CARTESIAN_POINT('',(2.62,-3.20846864701463E-16,0.55));
#4734=CARTESIAN_POINT('',(2.62,1.51265770527682,0.583333333333334));
#4735=CARTESIAN_POINT('',(1.31,2.26898655791523,0.616666666666667));
#4736=CARTESIAN_POINT('',(1.22042202117909E-16,3.02531541055364,0.65));
#4737=CARTESIAN_POINT('',(-1.31,2.26898655791523,0.683333333333334));
#4738=CARTESIAN_POINT('',(-2.62,1.51265770527682,0.716666666666667));
#4739=CARTESIAN_POINT('',(-2.62,6.41693729402926E-16,0.75));
#4740=CARTESIAN_POINT('',(-2.62,-1.51265770527682,0.783333333333334));
#4741=CARTESIAN_POINT('',(-1.31,-2.26898655791523,0.816666666666667));
#4742=CARTESIAN_POINT('',(-4.04690584795435E-15,-3.02531541055364,0.85));
#4743=CARTESIAN_POINT('',(1.31,-2.26898655791523,0.883333333333334));
#4744=CARTESIAN_POINT('',(2.62,-1.51265770527682,0.916666666666667));
#4745=CARTESIAN_POINT('',(2.62,-9.62540594104388E-16,0.95));
#4746=CARTESIAN_POINT('',(2.62,1.51265770527682,0.983333333333334));
#4747=CARTESIAN_POINT('',(1.31,2.26898655791523,1.01666666666667));
#4748=CARTESIAN_POINT('',(8.63006296934057E-16,3.02531541055364,1.05));
#4749=CARTESIAN_POINT('',(-1.31,2.26898655791523,1.08333333333333));
#4750=CARTESIAN_POINT('',(-2.62,1.51265770527682,1.11666666666667));
#4751=CARTESIAN_POINT('',(-2.62,1.28338745880585E-15,1.15));
#4752=CARTESIAN_POINT('',(-2.62,-1.51265770527682,1.18333333333333));
#4753=CARTESIAN_POINT('',(-1.31,-2.26898655791523,1.21666666666667));
#4754=CARTESIAN_POINT('',(-7.47488980321047E-15,-3.02531541055364,1.25));
#4755=CARTESIAN_POINT('',(1.31,-2.26898655791523,1.28333333333333));
#4756=CARTESIAN_POINT('',(2.62,-1.51265770527682,1.31666666666667));
#4757=CARTESIAN_POINT('',(2.62,-6.25828924273597E-15,1.35));
#4758=CARTESIAN_POINT('',(2.62,1.51265770527682,1.38333333333333));
#4759=CARTESIAN_POINT('',(1.31,2.26898655791523,1.41666666666667));
#4760=CARTESIAN_POINT('',(6.97801011263014E-15,3.02531541055364,1.45));
#4761=CARTESIAN_POINT('',(-1.30999999999999,2.26898655791523,1.48333333333333));
#4762=CARTESIAN_POINT('',(-2.62,1.51265770527683,1.51666666666667));
#4763=CARTESIAN_POINT('',(-2.62,1.92508118820878E-15,1.55));
#4764=CARTESIAN_POINT('',(-2.62,-1.51265770527682,1.58333333333333));
#4765=CARTESIAN_POINT('',(-1.31,-2.26898655791523,1.61666666666667));
#4766=CARTESIAN_POINT('',(-8.21585389802661E-15,-3.02531541055364,1.65));
#4767=CARTESIAN_POINT('',(1.30999999999999,-2.26898655791523,1.68333333333333));
#4768=CARTESIAN_POINT('',(2.61999999999999,-1.51265770527683,1.71666666666667));
#4769=CARTESIAN_POINT('',(2.62,-2.24592805291024E-15,1.75));
#4770=CARTESIAN_POINT('',(2.62,1.51265770527682,1.78333333333333));
#4771=CARTESIAN_POINT('',(1.31,2.26898655791523,1.81666666666667));
#4772=CARTESIAN_POINT('',(7.71897420744629E-15,3.02531541055364,1.85));
#4773=CARTESIAN_POINT('',(-1.30999999999999,2.26898655791523,1.88333333333333));
#4774=CARTESIAN_POINT('',(-2.61999999999999,1.51265770527683,1.91666666666667));
#4775=CARTESIAN_POINT('',(-2.62,2.5667749176117E-15,1.95));
#4776=CARTESIAN_POINT('',(-2.5387659773703,-0.647354085603113,0.365298781035393));
#4777=CARTESIAN_POINT('',(2.5387659773703,-0.647354085603113,1.7347012189646));
#4778=CARTESIAN_POINT('',(2.5387659773703,-0.647354085603113,20.1194342979179));
#4779=CARTESIAN_POINT('',(2.5387659773703,-0.647354085603113,1.4847012189646));
#4780=CARTESIAN_POINT('',(-2.62,0.,0.1));
#4781=CARTESIAN_POINT('',(-2.62,-1.51265770527682,0.133333333333333));
#4782=CARTESIAN_POINT('',(-1.31,-2.26898655791523,0.166666666666667));
#4783=CARTESIAN_POINT('',(-6.18921892698239E-16,-3.02531541055364,0.2));
#4784=CARTESIAN_POINT('',(1.31,-2.26898655791523,0.233333333333333));
#4785=CARTESIAN_POINT('',(2.62,-1.51265770527682,0.266666666666667));
#4786=CARTESIAN_POINT('',(2.62,-3.20846864701463E-16,0.3));
#4787=CARTESIAN_POINT('',(2.62,1.51265770527682,0.333333333333333));
#4788=CARTESIAN_POINT('',(1.31,2.26898655791523,0.366666666666667));
#4789=CARTESIAN_POINT('',(1.22042202117909E-16,3.02531541055364,0.4));
#4790=CARTESIAN_POINT('',(-1.31,2.26898655791523,0.433333333333333));
#4791=CARTESIAN_POINT('',(-2.62,1.51265770527682,0.466666666666667));
#4792=CARTESIAN_POINT('',(-2.62,6.41693729402926E-16,0.5));
#4793=CARTESIAN_POINT('',(-2.62,-1.51265770527682,0.533333333333333));
#4794=CARTESIAN_POINT('',(-1.31,-2.26898655791523,0.566666666666667));
#4795=CARTESIAN_POINT('',(-4.04690584795435E-15,-3.02531541055364,0.6));
#4796=CARTESIAN_POINT('',(1.31,-2.26898655791523,0.633333333333333));
#4797=CARTESIAN_POINT('',(2.62,-1.51265770527682,0.666666666666667));
#4798=CARTESIAN_POINT('',(2.62,-9.62540594104388E-16,0.7));
#4799=CARTESIAN_POINT('',(2.62,1.51265770527682,0.733333333333334));
#4800=CARTESIAN_POINT('',(1.31,2.26898655791523,0.766666666666667));
#4801=CARTESIAN_POINT('',(8.63006296934057E-16,3.02531541055364,0.8));
#4802=CARTESIAN_POINT('',(-1.31,2.26898655791523,0.833333333333333));
#4803=CARTESIAN_POINT('',(-2.62,1.51265770527682,0.866666666666667));
#4804=CARTESIAN_POINT('',(-2.62,1.28338745880585E-15,0.9));
#4805=CARTESIAN_POINT('',(-2.62,-1.51265770527682,0.933333333333334));
#4806=CARTESIAN_POINT('',(-1.31,-2.26898655791523,0.966666666666667));
#4807=CARTESIAN_POINT('',(-7.47488980321047E-15,-3.02531541055364,1.));
#4808=CARTESIAN_POINT('',(1.31,-2.26898655791523,1.03333333333333));
#4809=CARTESIAN_POINT('',(2.62,-1.51265770527682,1.06666666666667));
#4810=CARTESIAN_POINT('',(2.62,-6.25828924273597E-15,1.1));
#4811=CARTESIAN_POINT('',(2.62,1.51265770527682,1.13333333333333));
#4812=CARTESIAN_POINT('',(1.31,2.26898655791523,1.16666666666667));
#4813=CARTESIAN_POINT('',(6.97801011263014E-15,3.02531541055364,1.2));
#4814=CARTESIAN_POINT('',(-1.30999999999999,2.26898655791523,1.23333333333333));
#4815=CARTESIAN_POINT('',(-2.62,1.51265770527683,1.26666666666667));
#4816=CARTESIAN_POINT('',(-2.62,1.92508118820878E-15,1.3));
#4817=CARTESIAN_POINT('',(-2.62,-1.51265770527682,1.33333333333333));
#4818=CARTESIAN_POINT('',(-1.31,-2.26898655791523,1.36666666666667));
#4819=CARTESIAN_POINT('',(-8.21585389802661E-15,-3.02531541055364,1.4));
#4820=CARTESIAN_POINT('',(1.30999999999999,-2.26898655791523,1.43333333333333));
#4821=CARTESIAN_POINT('',(2.61999999999999,-1.51265770527683,1.46666666666667));
#4822=CARTESIAN_POINT('',(2.62,-2.24592805291024E-15,1.5));
#4823=CARTESIAN_POINT('',(2.62,1.51265770527682,1.53333333333333));
#4824=CARTESIAN_POINT('',(1.31,2.26898655791523,1.56666666666667));
#4825=CARTESIAN_POINT('',(7.71897420744629E-15,3.02531541055364,1.6));
#4826=CARTESIAN_POINT('',(-1.30999999999999,2.26898655791523,1.63333333333333));
#4827=CARTESIAN_POINT('',(-2.61999999999999,1.51265770527683,1.66666666666667));
#4828=CARTESIAN_POINT('',(-2.62,2.5667749176117E-15,1.7));
#4829=CARTESIAN_POINT('',(-2.5387659773703,-0.647354085603113,0.115298781035391));
#4830=CARTESIAN_POINT('',(-2.5387659773703,-0.647354085603113,18.7194342979179));
#4831=CARTESIAN_POINT('',(-2.5387659773703,-0.647354085603113,0.36529878103539));
#4832=CARTESIAN_POINT('',(-2.26601091445655,-1.71703339910552,0.392340689199579));
#4833=CARTESIAN_POINT('',(-1.31,-2.26898655791523,0.416666666666667));
#4834=CARTESIAN_POINT('',(-6.18921892698239E-16,-3.02531541055364,0.45));
#4835=CARTESIAN_POINT('',(1.31,-2.26898655791523,0.483333333333334));
#4836=CARTESIAN_POINT('',(2.62,-1.51265770527682,0.516666666666667));
#4837=CARTESIAN_POINT('',(2.62,-3.20846864701463E-16,0.55));
#4838=CARTESIAN_POINT('',(2.62,1.51265770527682,0.583333333333334));
#4839=CARTESIAN_POINT('',(1.31,2.26898655791523,0.616666666666667));
#4840=CARTESIAN_POINT('',(1.22042202117909E-16,3.02531541055364,0.65));
#4841=CARTESIAN_POINT('',(-1.31,2.26898655791523,0.683333333333334));
#4842=CARTESIAN_POINT('',(-2.62,1.51265770527682,0.716666666666667));
#4843=CARTESIAN_POINT('',(-2.62,0.,0.75));
#4844=CARTESIAN_POINT('',(-2.62,-1.51265770527682,0.783333333333334));
#4845=CARTESIAN_POINT('',(-1.31,-2.26898655791523,0.816666666666667));
#4846=CARTESIAN_POINT('',(-6.18921892698239E-16,-3.02531541055364,0.85));
#4847=CARTESIAN_POINT('',(1.31,-2.26898655791523,0.883333333333334));
#4848=CARTESIAN_POINT('',(2.62,-1.51265770527682,0.916666666666667));
#4849=CARTESIAN_POINT('',(2.62,-3.20846864701463E-16,0.95));
#4850=CARTESIAN_POINT('',(2.62,1.51265770527682,0.983333333333334));
#4851=CARTESIAN_POINT('',(1.31,2.26898655791523,1.01666666666667));
#4852=CARTESIAN_POINT('',(1.22042202117909E-16,3.02531541055364,1.05));
#4853=CARTESIAN_POINT('',(-1.31,2.26898655791523,1.08333333333333));
#4854=CARTESIAN_POINT('',(-2.62,1.51265770527682,1.11666666666667));
#4855=CARTESIAN_POINT('',(-2.62,0.,1.15));
#4856=CARTESIAN_POINT('',(-2.62,-1.51265770527682,1.18333333333333));
#4857=CARTESIAN_POINT('',(-1.31,-2.26898655791523,1.21666666666667));
#4858=CARTESIAN_POINT('',(-6.18921892698239E-16,-3.02531541055364,1.25));
#4859=CARTESIAN_POINT('',(1.31,-2.26898655791523,1.28333333333333));
#4860=CARTESIAN_POINT('',(2.62,-1.51265770527682,1.31666666666667));
#4861=CARTESIAN_POINT('',(2.62,-3.20846864701463E-16,1.35));
#4862=CARTESIAN_POINT('',(2.62,1.51265770527682,1.38333333333333));
#4863=CARTESIAN_POINT('',(1.31,2.26898655791523,1.41666666666667));
#4864=CARTESIAN_POINT('',(1.22042202117909E-16,3.02531541055364,1.45));
#4865=CARTESIAN_POINT('',(-1.31,2.26898655791523,1.48333333333333));
#4866=CARTESIAN_POINT('',(-2.62,1.51265770527682,1.51666666666667));
#4867=CARTESIAN_POINT('',(-2.62,0.,1.55));
#4868=CARTESIAN_POINT('',(-2.62,-1.51265770527682,1.58333333333333));
#4869=CARTESIAN_POINT('',(-1.31,-2.26898655791523,1.61666666666667));
#4870=CARTESIAN_POINT('',(-6.18921892698239E-16,-3.02531541055364,1.65));
#4871=CARTESIAN_POINT('',(1.31,-2.26898655791523,1.68333333333333));
#4872=CARTESIAN_POINT('',(2.26601091445655,-1.71703339910552,1.70765931080042));
#4873=CARTESIAN_POINT('',(2.5387659773703,-0.64735408560311,1.73470121896461));
#4874=CARTESIAN_POINT('',(-4.96125259699844,-1.26505836575875,0.365298781035389));
#4875=CARTESIAN_POINT('',(-4.42823506947234,-3.35542404710697,0.392340689199579));
#4876=CARTESIAN_POINT('',(-2.56,-4.43405006737633,0.416666666666667));
#4877=CARTESIAN_POINT('',(-7.95678594705908E-16,-5.91206675650177,0.45));
#4878=CARTESIAN_POINT('',(2.56,-4.43405006737633,0.483333333333333));
#4879=CARTESIAN_POINT('',(5.12,-2.95603337825089,0.516666666666667));
#4880=CARTESIAN_POINT('',(5.12,-6.26998453157057E-16,0.55));
#4881=CARTESIAN_POINT('',(5.12,2.95603337825088,0.583333333333333));
#4882=CARTESIAN_POINT('',(2.56,4.43405006737632,0.616666666666667));
#4883=CARTESIAN_POINT('',(6.52312308140916E-16,5.91206675650177,0.65));
#4884=CARTESIAN_POINT('',(-2.56,4.43405006737633,0.683333333333334));
#4885=CARTESIAN_POINT('',(-5.12,2.95603337825089,0.716666666666667));
#4886=CARTESIAN_POINT('',(-5.12,0.,0.75));
#4887=CARTESIAN_POINT('',(-5.12,-2.95603337825088,0.783333333333333));
#4888=CARTESIAN_POINT('',(-2.56,-4.43405006737633,0.816666666666667));
#4889=CARTESIAN_POINT('',(-7.95678594705908E-16,-5.91206675650177,0.85));
#4890=CARTESIAN_POINT('',(2.56,-4.43405006737633,0.883333333333333));
#4891=CARTESIAN_POINT('',(5.12,-2.95603337825089,0.916666666666667));
#4892=CARTESIAN_POINT('',(5.12,-6.26998453157057E-16,0.95));
#4893=CARTESIAN_POINT('',(5.12,2.95603337825088,0.983333333333334));
#4894=CARTESIAN_POINT('',(2.56,4.43405006737632,1.01666666666667));
#4895=CARTESIAN_POINT('',(6.52312308140916E-16,5.91206675650177,1.05));
#4896=CARTESIAN_POINT('',(-2.56,4.43405006737633,1.08333333333333));
#4897=CARTESIAN_POINT('',(-5.12,2.95603337825089,1.11666666666667));
#4898=CARTESIAN_POINT('',(-5.12,0.,1.15));
#4899=CARTESIAN_POINT('',(-5.12,-2.95603337825088,1.18333333333333));
#4900=CARTESIAN_POINT('',(-2.56,-4.43405006737633,1.21666666666667));
#4901=CARTESIAN_POINT('',(-7.95678594705908E-16,-5.91206675650177,1.25));
#4902=CARTESIAN_POINT('',(2.56,-4.43405006737633,1.28333333333333));
#4903=CARTESIAN_POINT('',(5.12,-2.95603337825089,1.31666666666667));
#4904=CARTESIAN_POINT('',(5.12,-6.26998453157057E-16,1.35));
#4905=CARTESIAN_POINT('',(5.12,2.95603337825088,1.38333333333333));
#4906=CARTESIAN_POINT('',(2.56,4.43405006737632,1.41666666666667));
#4907=CARTESIAN_POINT('',(6.52312308140916E-16,5.91206675650177,1.45));
#4908=CARTESIAN_POINT('',(-2.56,4.43405006737633,1.48333333333333));
#4909=CARTESIAN_POINT('',(-5.12,2.95603337825089,1.51666666666667));
#4910=CARTESIAN_POINT('',(-5.12,0.,1.55));
#4911=CARTESIAN_POINT('',(-5.12,-2.95603337825088,1.58333333333333));
#4912=CARTESIAN_POINT('',(-2.56,-4.43405006737633,1.61666666666667));
#4913=CARTESIAN_POINT('',(-7.95678594705908E-16,-5.91206675650177,1.65));
#4914=CARTESIAN_POINT('',(2.56,-4.43405006737633,1.68333333333333));
#4915=CARTESIAN_POINT('',(4.42823506947234,-3.35542404710697,1.70765931080042));
#4916=CARTESIAN_POINT('',(4.96125259699844,-1.26505836575875,1.73470121896461));
#4917=CARTESIAN_POINT('',(2.53876597737028,-0.647354085603188,1.73470121896461));
#4918=CARTESIAN_POINT('',(3.34626151724633,-0.853255512321736,1.73470121896461));
#4919=CARTESIAN_POINT('',(4.15375705712237,-1.05915693904028,1.73470121896461));
#4920=CARTESIAN_POINT('',(4.96125259699842,-1.26505836575883,1.73470121896461));
#4921=CARTESIAN_POINT('',(-2.5387659773703,-0.647354085603113,0.365298781035389));
#4922=CARTESIAN_POINT('',(-3.34626151724635,-0.853255512321661,0.365298781035389));
#4923=CARTESIAN_POINT('',(-4.15375705712239,-1.05915693904021,0.365298781035389));
#4924=CARTESIAN_POINT('',(-4.96125259699844,-1.26505836575876,0.365298781035389));
#4925=CARTESIAN_POINT('',(-4.96125259699844,-1.26505836575875,0.115298781035389));
#4926=CARTESIAN_POINT('',(-4.42823506947234,-3.35542404710697,0.142340689199579));
#4927=CARTESIAN_POINT('',(-2.56,-4.43405006737633,0.166666666666667));
#4928=CARTESIAN_POINT('',(-7.95678594705908E-16,-5.91206675650177,0.2));
#4929=CARTESIAN_POINT('',(2.56,-4.43405006737633,0.233333333333333));
#4930=CARTESIAN_POINT('',(5.12,-2.95603337825089,0.266666666666667));
#4931=CARTESIAN_POINT('',(5.12,-6.26998453157057E-16,0.3));
#4932=CARTESIAN_POINT('',(5.12,2.95603337825088,0.333333333333333));
#4933=CARTESIAN_POINT('',(2.56,4.43405006737632,0.366666666666667));
#4934=CARTESIAN_POINT('',(6.52312308140916E-16,5.91206675650177,0.4));
#4935=CARTESIAN_POINT('',(-2.56,4.43405006737633,0.433333333333333));
#4936=CARTESIAN_POINT('',(-5.12,2.95603337825089,0.466666666666667));
#4937=CARTESIAN_POINT('',(-5.12,0.,0.5));
#4938=CARTESIAN_POINT('',(-5.12,-2.95603337825088,0.533333333333333));
#4939=CARTESIAN_POINT('',(-2.56,-4.43405006737633,0.566666666666667));
#4940=CARTESIAN_POINT('',(-7.95678594705908E-16,-5.91206675650177,0.6));
#4941=CARTESIAN_POINT('',(2.56,-4.43405006737633,0.633333333333333));
#4942=CARTESIAN_POINT('',(5.12,-2.95603337825089,0.666666666666667));
#4943=CARTESIAN_POINT('',(5.12,-6.26998453157057E-16,0.7));
#4944=CARTESIAN_POINT('',(5.12,2.95603337825088,0.733333333333334));
#4945=CARTESIAN_POINT('',(2.56,4.43405006737632,0.766666666666667));
#4946=CARTESIAN_POINT('',(6.52312308140916E-16,5.91206675650177,0.8));
#4947=CARTESIAN_POINT('',(-2.56,4.43405006737633,0.833333333333333));
#4948=CARTESIAN_POINT('',(-5.12,2.95603337825089,0.866666666666667));
#4949=CARTESIAN_POINT('',(-5.12,0.,0.9));
#4950=CARTESIAN_POINT('',(-5.12,-2.95603337825088,0.933333333333334));
#4951=CARTESIAN_POINT('',(-2.56,-4.43405006737633,0.966666666666667));
#4952=CARTESIAN_POINT('',(-7.95678594705908E-16,-5.91206675650177,1.));
#4953=CARTESIAN_POINT('',(2.56,-4.43405006737633,1.03333333333333));
#4954=CARTESIAN_POINT('',(5.12,-2.95603337825089,1.06666666666667));
#4955=CARTESIAN_POINT('',(5.12,-6.26998453157057E-16,1.1));
#4956=CARTESIAN_POINT('',(5.12,2.95603337825088,1.13333333333333));
#4957=CARTESIAN_POINT('',(2.56,4.43405006737632,1.16666666666667));
#4958=CARTESIAN_POINT('',(6.52312308140916E-16,5.91206675650177,1.2));
#4959=CARTESIAN_POINT('',(-2.56,4.43405006737633,1.23333333333333));
#4960=CARTESIAN_POINT('',(-5.12,2.95603337825089,1.26666666666667));
#4961=CARTESIAN_POINT('',(-5.12,0.,1.3));
#4962=CARTESIAN_POINT('',(-5.12,-2.95603337825088,1.33333333333333));
#4963=CARTESIAN_POINT('',(-2.56,-4.43405006737633,1.36666666666667));
#4964=CARTESIAN_POINT('',(-7.95678594705908E-16,-5.91206675650177,1.4));
#4965=CARTESIAN_POINT('',(2.56,-4.43405006737633,1.43333333333333));
#4966=CARTESIAN_POINT('',(4.42823506947234,-3.35542404710697,1.45765931080042));
#4967=CARTESIAN_POINT('',(4.96125259699844,-1.26505836575875,1.48470121896461));
#4968=CARTESIAN_POINT('',(-2.5387659773703,-0.647354085603113,0.115298781035389));
#4969=CARTESIAN_POINT('',(-2.26601091445655,-1.71703339910552,0.142340689199579));
#4970=CARTESIAN_POINT('',(-1.31,-2.26898655791523,0.166666666666667));
#4971=CARTESIAN_POINT('',(-6.18921892698239E-16,-3.02531541055364,0.2));
#4972=CARTESIAN_POINT('',(1.31,-2.26898655791523,0.233333333333333));
#4973=CARTESIAN_POINT('',(2.62,-1.51265770527682,0.266666666666667));
#4974=CARTESIAN_POINT('',(2.62,-3.20846864701463E-16,0.3));
#4975=CARTESIAN_POINT('',(2.62,1.51265770527682,0.333333333333333));
#4976=CARTESIAN_POINT('',(1.31,2.26898655791523,0.366666666666667));
#4977=CARTESIAN_POINT('',(1.22042202117909E-16,3.02531541055364,0.4));
#4978=CARTESIAN_POINT('',(-1.31,2.26898655791523,0.433333333333333));
#4979=CARTESIAN_POINT('',(-2.62,1.51265770527682,0.466666666666667));
#4980=CARTESIAN_POINT('',(-2.62,0.,0.5));
#4981=CARTESIAN_POINT('',(-2.62,-1.51265770527682,0.533333333333333));
#4982=CARTESIAN_POINT('',(-1.31,-2.26898655791523,0.566666666666667));
#4983=CARTESIAN_POINT('',(-6.18921892698239E-16,-3.02531541055364,0.6));
#4984=CARTESIAN_POINT('',(1.31,-2.26898655791523,0.633333333333333));
#4985=CARTESIAN_POINT('',(2.62,-1.51265770527682,0.666666666666667));
#4986=CARTESIAN_POINT('',(2.62,-3.20846864701463E-16,0.7));
#4987=CARTESIAN_POINT('',(2.62,1.51265770527682,0.733333333333334));
#4988=CARTESIAN_POINT('',(1.31,2.26898655791523,0.766666666666667));
#4989=CARTESIAN_POINT('',(1.22042202117909E-16,3.02531541055364,0.8));
#4990=CARTESIAN_POINT('',(-1.31,2.26898655791523,0.833333333333333));
#4991=CARTESIAN_POINT('',(-2.62,1.51265770527682,0.866666666666667));
#4992=CARTESIAN_POINT('',(-2.62,0.,0.9));
#4993=CARTESIAN_POINT('',(-2.62,-1.51265770527682,0.933333333333334));
#4994=CARTESIAN_POINT('',(-1.31,-2.26898655791523,0.966666666666667));
#4995=CARTESIAN_POINT('',(-6.18921892698239E-16,-3.02531541055364,1.));
#4996=CARTESIAN_POINT('',(1.31,-2.26898655791523,1.03333333333333));
#4997=CARTESIAN_POINT('',(2.62,-1.51265770527682,1.06666666666667));
#4998=CARTESIAN_POINT('',(2.62,-3.20846864701463E-16,1.1));
#4999=CARTESIAN_POINT('',(2.62,1.51265770527682,1.13333333333333));
#5000=CARTESIAN_POINT('',(1.31,2.26898655791523,1.16666666666667));
#5001=CARTESIAN_POINT('',(1.22042202117909E-16,3.02531541055364,1.2));
#5002=CARTESIAN_POINT('',(-1.31,2.26898655791523,1.23333333333333));
#5003=CARTESIAN_POINT('',(-2.62,1.51265770527682,1.26666666666667));
#5004=CARTESIAN_POINT('',(-2.62,0.,1.3));
#5005=CARTESIAN_POINT('',(-2.62,-1.51265770527682,1.33333333333333));
#5006=CARTESIAN_POINT('',(-1.31,-2.26898655791523,1.36666666666667));
#5007=CARTESIAN_POINT('',(-6.18921892698239E-16,-3.02531541055364,1.4));
#5008=CARTESIAN_POINT('',(1.31,-2.26898655791523,1.43333333333333));
#5009=CARTESIAN_POINT('',(2.26601091445655,-1.71703339910552,1.45765931080042));
#5010=CARTESIAN_POINT('',(2.5387659773703,-0.64735408560311,1.48470121896461));
#5011=CARTESIAN_POINT('',(4.96125259699845,-1.26505836575873,1.48470121896461));
#5012=CARTESIAN_POINT('',(4.1537570571224,-1.05915693904018,1.48470121896461));
#5013=CARTESIAN_POINT('',(3.34626151724635,-0.853255512321635,1.48470121896461));
#5014=CARTESIAN_POINT('',(2.5387659773703,-0.647354085603088,1.48470121896461));
#5015=CARTESIAN_POINT('',(-4.96125259699844,-1.26505836575876,0.115298781035389));
#5016=CARTESIAN_POINT('',(-4.15375705712239,-1.05915693904021,0.115298781035389));
#5017=CARTESIAN_POINT('',(-3.34626151724635,-0.853255512321661,0.115298781035389));
#5018=CARTESIAN_POINT('',(-2.5387659773703,-0.647354085603113,0.115298781035389));
#5019=CARTESIAN_POINT('',(-4.98063248995547,-1.25,18.7194342979179));
#5020=CARTESIAN_POINT('',(-6.05000000000001,-1.24899999999999,0.364298781035393));
#5021=CARTESIAN_POINT('',(-6.05000000000001,-1.2495,0.115798781035392));
#5022=CARTESIAN_POINT('',(-6.05000000000001,-1.24943521474928,0.364740673695464));
#5023=CARTESIAN_POINT('',(-4.98063248995547,-1.25,0.115298781035389));
#5024=CARTESIAN_POINT('',(-4.98063248995547,-1.25,0.115298781035389));
#5025=CARTESIAN_POINT('',(-4.98063248995547,-1.25,18.7194342979179));
#5026=CARTESIAN_POINT('',(-4.98063248995547,-1.25,0.365298781035389));
#5027=CARTESIAN_POINT('',(-4.98063248995547,-1.25,0.365298781035389));
#5028=CARTESIAN_POINT('',(-4.98063248995547,1.25,0.36529878103539));
#5029=CARTESIAN_POINT('',(-5.33708832663698,1.25,0.36529878103539));
#5030=CARTESIAN_POINT('',(-5.69354416331849,1.25,0.36529878103539));
#5031=CARTESIAN_POINT('',(-6.05000000000001,1.25,0.36529878103539));
#5032=CARTESIAN_POINT('',(-4.98063248995547,0.416666666666664,0.36529878103539));
#5033=CARTESIAN_POINT('',(-5.33708832663697,0.416666666666664,0.36529878103539));
#5034=CARTESIAN_POINT('',(-5.6935441633185,0.416666666666664,0.36529878103539));
#5035=CARTESIAN_POINT('',(-6.05000000000001,0.416666666666664,0.36529878103539));
#5036=CARTESIAN_POINT('',(-4.98063248995547,-0.416666666666666,0.365298781035389));
#5037=CARTESIAN_POINT('',(-5.33708832663697,-0.416666666666666,0.365298781035389));
#5038=CARTESIAN_POINT('',(-5.6935441633185,-0.416666666666666,0.365298781035389));
#5039=CARTESIAN_POINT('',(-6.05000000000001,-0.416666666666666,0.365298781035389));
#5040=CARTESIAN_POINT('',(-4.98063248995547,-1.25,0.365298781035389));
#5041=CARTESIAN_POINT('',(-5.33708832663697,-1.25,0.365298781035389));
#5042=CARTESIAN_POINT('',(-5.6935441633185,-1.25,0.365298781035389));
#5043=CARTESIAN_POINT('',(-6.05000000000001,-1.25,0.365298781035389));
#5044=CARTESIAN_POINT('',(-4.98063248995547,1.25,0.36529878103539));
#5045=CARTESIAN_POINT('',(-4.98063248995547,0.416666666666665,0.36529878103539));
#5046=CARTESIAN_POINT('',(-4.98063248995547,-0.416666666666668,0.365298781035389));
#5047=CARTESIAN_POINT('',(-4.98063248995547,-1.25,0.365298781035389));
#5048=CARTESIAN_POINT('',(-4.98063248995547,1.25,0.365298781035395));
#5049=CARTESIAN_POINT('',(-4.98063248995547,1.25,0.3652987810354));
#5050=CARTESIAN_POINT('',(-6.05000000000001,1.24930771638889,0.364638206661024));
#5051=CARTESIAN_POINT('',(-6.05000000000001,1.24930771638889,0.36529878103539));
#5052=CARTESIAN_POINT('',(-6.05000000000001,0.416393406009501,0.365298781035389));
#5053=CARTESIAN_POINT('',(-6.05000000000001,-0.416520904369888,0.365298781035389));
#5054=CARTESIAN_POINT('',(-6.05000000000001,-1.24943521474928,0.365298781035389));
#5055=CARTESIAN_POINT('',(-4.98063248995547,1.25,18.7194342979179));
#5056=CARTESIAN_POINT('',(-4.98063248995547,1.25,18.7194342979179));
#5057=CARTESIAN_POINT('',(-4.98063248995547,1.25,0.115298781035392));
#5058=CARTESIAN_POINT('',(-4.98063248995547,1.25,0.115298781035399));
#5059=CARTESIAN_POINT('',(-6.05000000000001,1.2495,0.115798781035394));
#5060=CARTESIAN_POINT('',(-6.05000000000001,1.249,0.116298781035396));
#5061=CARTESIAN_POINT('',(-4.98063248995547,-1.25,0.115298781035389));
#5062=CARTESIAN_POINT('',(-5.33708832663697,-1.25,0.115298781035389));
#5063=CARTESIAN_POINT('',(-5.6935441633185,-1.25,0.115298781035389));
#5064=CARTESIAN_POINT('',(-6.05000000000001,-1.25,0.115298781035389));
#5065=CARTESIAN_POINT('',(-4.98063248995547,-0.416666666666671,0.115298781035389));
#5066=CARTESIAN_POINT('',(-5.33708832663697,-0.416666666666671,0.115298781035389));
#5067=CARTESIAN_POINT('',(-5.6935441633185,-0.41666666666667,0.115298781035389));
#5068=CARTESIAN_POINT('',(-6.05000000000001,-0.41666666666667,0.115298781035389));
#5069=CARTESIAN_POINT('',(-4.98063248995547,0.416666666666667,0.115298781035389));
#5070=CARTESIAN_POINT('',(-5.33708832663697,0.416666666666667,0.115298781035389));
#5071=CARTESIAN_POINT('',(-5.6935441633185,0.416666666666668,0.115298781035389));
#5072=CARTESIAN_POINT('',(-6.05000000000001,0.416666666666668,0.115298781035389));
#5073=CARTESIAN_POINT('',(-4.98063248995547,1.25,0.115298781035389));
#5074=CARTESIAN_POINT('',(-5.33708832663697,1.25,0.115298781035389));
#5075=CARTESIAN_POINT('',(-5.6935441633185,1.25,0.115298781035389));
#5076=CARTESIAN_POINT('',(-6.05000000000001,1.25,0.115298781035389));
#5077=CARTESIAN_POINT('',(-4.98063248995547,-1.25,0.115298781035389));
#5078=CARTESIAN_POINT('',(-4.98063248995547,-0.416666666666668,0.115298781035389));
#5079=CARTESIAN_POINT('',(-4.98063248995547,0.416666666666665,0.115298781035389));
#5080=CARTESIAN_POINT('',(-4.98063248995547,1.25,0.115298781035389));
#5081=CARTESIAN_POINT('',(-6.05000000000001,-1.2495,0.115298781035389));
#5082=CARTESIAN_POINT('',(-6.05000000000001,-0.416499999999999,0.115298781035389));
#5083=CARTESIAN_POINT('',(-6.05000000000001,0.4165,0.115298781035389));
#5084=CARTESIAN_POINT('',(-6.05000000000001,1.2495,0.115298781035389));
#5085=CARTESIAN_POINT('',(-4.98063248995547,-1.27,0.225));
#5086=CARTESIAN_POINT('',(-4.98063248995547,-1.27,0.115298781035389));
#5087=CARTESIAN_POINT('',(-4.98063248995547,-1.27,0.365298781035389));
#5088=CARTESIAN_POINT('',(-3.75000928718437,-0.956206225680934,0.365298781035389));
#5089=CARTESIAN_POINT('',(-4.98063248995547,-1.27,0.3652987810354));
#5090=CARTESIAN_POINT('',(-4.98063248995547,-1.27,0.225));
#5091=CARTESIAN_POINT('',(-4.98063248995547,-1.27,0.115298781035399));
#5092=CARTESIAN_POINT('',(-3.75000928718437,-0.956206225680934,0.115298781035389));
#5093=CARTESIAN_POINT('',(4.98063248995557,-1.27000000000013,1.625));
#5094=CARTESIAN_POINT('',(4.98063248995568,-1.25,20.1194342979179));
#5095=CARTESIAN_POINT('',(4.98063248995561,-1.25,1.73470121896461));
#5096=CARTESIAN_POINT('',(4.98063248995567,-1.25,1.48470121896461));
#5097=CARTESIAN_POINT('',(4.98063248995557,-1.27000000000013,1.73470121896461));
#5098=CARTESIAN_POINT('',(4.98063248995557,-1.27000000000013,1.48470121896461));
#5099=CARTESIAN_POINT('',(3.75000928718435,-0.956206225681009,1.73470121896461));
#5100=CARTESIAN_POINT('',(4.9806324899555,1.25,1.73470121896461));
#5101=CARTESIAN_POINT('',(4.98063248995553,0.416666666666669,1.73470121896461));
#5102=CARTESIAN_POINT('',(4.98063248995557,-0.416666666666664,1.73470121896461));
#5103=CARTESIAN_POINT('',(4.9806324899556,-1.25,1.73470121896461));
#5104=CARTESIAN_POINT('',(4.98063248995555,1.25,1.73470121896461));
#5105=CARTESIAN_POINT('',(4.98063248995557,-1.27000000000013,1.7347012189646));
#5106=CARTESIAN_POINT('',(4.98063248995557,-1.27000000000013,1.625));
#5107=CARTESIAN_POINT('',(4.98063248995558,1.25,20.1194342979179));
#5108=CARTESIAN_POINT('',(4.98063248995561,1.25,1.48470121896461));
#5109=CARTESIAN_POINT('',(4.98063248995557,-1.27000000000013,1.4847012189646));
#5110=CARTESIAN_POINT('',(3.75000928718438,-0.956206225680908,1.48470121896461));
#5111=CARTESIAN_POINT('',(4.9806324899557,-1.25,1.48470121896461));
#5112=CARTESIAN_POINT('',(4.98063248995567,-0.416666666666664,1.48470121896461));
#5113=CARTESIAN_POINT('',(4.98063248995564,0.416666666666669,1.48470121896461));
#5114=CARTESIAN_POINT('',(4.98063248995561,1.25,1.48470121896461));
#5115=CARTESIAN_POINT('',(6.505,-1.25,1.40970121896459));
#5116=CARTESIAN_POINT('',(6.50499999999999,-1.25,0.969800812643056));
#5117=CARTESIAN_POINT('',(6.505,-1.25,0.529900406321516));
#5118=CARTESIAN_POINT('',(6.505,-1.25,0.0899999999999825));
#5119=CARTESIAN_POINT('',(6.505,-0.416666666666663,1.40970121896463));
#5120=CARTESIAN_POINT('',(6.50500000000001,-0.416666666666663,0.969800812643088));
#5121=CARTESIAN_POINT('',(6.505,-0.416666666666663,0.529900406321548));
#5122=CARTESIAN_POINT('',(6.505,-0.416666666666663,0.0900000000000145));
#5123=CARTESIAN_POINT('',(6.505,0.416666666666668,1.40970121896466));
#5124=CARTESIAN_POINT('',(6.50500000000004,0.416666666666668,0.969800812643122));
#5125=CARTESIAN_POINT('',(6.505,0.416666666666668,0.52990040632158));
#5126=CARTESIAN_POINT('',(6.505,0.416666666666668,0.0900000000000475));
#5127=CARTESIAN_POINT('',(6.505,1.25,1.40970121896469));
#5128=CARTESIAN_POINT('',(6.50500000000007,1.25,0.969800812643155));
#5129=CARTESIAN_POINT('',(6.505,1.25,0.529900406321612));
#5130=CARTESIAN_POINT('',(6.505,1.25,0.0900000000000796));
#5131=CARTESIAN_POINT('',(6.505,1.25,1.40970121896468));
#5132=CARTESIAN_POINT('',(6.505,1.25,1.40970121896469));
#5133=CARTESIAN_POINT('',(6.505,1.25,0.0900000000000709));
#5134=CARTESIAN_POINT('',(6.505,-1.25,1.40970121896459));
#5135=CARTESIAN_POINT('',(6.505,-0.416666666666664,1.40970121896463));
#5136=CARTESIAN_POINT('',(6.505,0.416666666666669,1.40970121896466));
#5137=CARTESIAN_POINT('',(6.505,1.25,1.40970121896469));
#5138=CARTESIAN_POINT('',(6.505,-1.25,1.40970121896459));
#5139=CARTESIAN_POINT('',(6.505,-1.25,1.40970121896458));
#5140=CARTESIAN_POINT('',(6.505,-1.25,0.0899999999999784));
#5141=CARTESIAN_POINT('',(6.505,-1.25,0.0899999999999825));
#5142=CARTESIAN_POINT('',(6.505,-0.416666666666664,0.0900000000000148));
#5143=CARTESIAN_POINT('',(6.505,0.416666666666669,0.0900000000000472));
#5144=CARTESIAN_POINT('',(6.505,1.25,0.0900000000000796));
#5145=CARTESIAN_POINT('',(6.255,1.25,1.40970121896469));
#5146=CARTESIAN_POINT('',(6.25500000000013,1.25,0.969800812643153));
#5147=CARTESIAN_POINT('',(6.255,1.25,0.529900406321613));
#5148=CARTESIAN_POINT('',(6.255,1.25,0.0900000000000796));
#5149=CARTESIAN_POINT('',(6.255,0.41666666666667,1.40970121896466));
#5150=CARTESIAN_POINT('',(6.25500000000008,0.41666666666667,0.969800812643123));
#5151=CARTESIAN_POINT('',(6.255,0.41666666666667,0.529900406321579));
#5152=CARTESIAN_POINT('',(6.255,0.41666666666667,0.0900000000000475));
#5153=CARTESIAN_POINT('',(6.255,-0.416666666666664,1.40970121896463));
#5154=CARTESIAN_POINT('',(6.25500000000002,-0.416666666666664,0.969800812643089));
#5155=CARTESIAN_POINT('',(6.255,-0.416666666666664,0.529900406321547));
#5156=CARTESIAN_POINT('',(6.255,-0.416666666666664,0.0900000000000145));
#5157=CARTESIAN_POINT('',(6.255,-1.25,1.40970121896459));
#5158=CARTESIAN_POINT('',(6.25499999999997,-1.25,0.969800812643057));
#5159=CARTESIAN_POINT('',(6.255,-1.25,0.529900406321515));
#5160=CARTESIAN_POINT('',(6.255,-1.25,0.0899999999999825));
#5161=CARTESIAN_POINT('',(6.255,-1.25,1.40970121896458));
#5162=CARTESIAN_POINT('',(6.255,-1.25,1.40970121896459));
#5163=CARTESIAN_POINT('',(6.255,-1.25,0.0899999999999794));
#5164=CARTESIAN_POINT('',(6.255,1.25,1.40970121896469));
#5165=CARTESIAN_POINT('',(6.255,0.416666666666669,1.40970121896466));
#5166=CARTESIAN_POINT('',(6.255,-0.416666666666664,1.40970121896463));
#5167=CARTESIAN_POINT('',(6.255,-1.25,1.40970121896459));
#5168=CARTESIAN_POINT('',(6.255,1.25,1.40970121896469));
#5169=CARTESIAN_POINT('',(6.255,1.25,1.40970121896468));
#5170=CARTESIAN_POINT('',(6.255,1.25,0.0900000000000709));
#5171=CARTESIAN_POINT('',(6.255,1.25,0.0900000000000796));
#5172=CARTESIAN_POINT('',(6.255,0.416666666666669,0.0900000000000472));
#5173=CARTESIAN_POINT('',(6.255,-0.416666666666664,0.0900000000000148));
#5174=CARTESIAN_POINT('',(6.255,-1.25,0.0899999999999825));
#5175=CARTESIAN_POINT('',(6.18000000000002,-1.25,1.73470121896461));
#5176=CARTESIAN_POINT('',(6.2652984189292,-1.25,1.73470121896461));
#5177=CARTESIAN_POINT('',(6.34964821479406,-1.25,1.69967241194185));
#5178=CARTESIAN_POINT('',(6.46997119297722,-1.25,1.57934943375861));
#5179=CARTESIAN_POINT('',(6.505,-1.25,1.49499963789381));
#5180=CARTESIAN_POINT('',(6.505,-1.25,1.40970121896459));
#5181=CARTESIAN_POINT('',(6.17999999999999,-0.416666666666663,1.73470121896461));
#5182=CARTESIAN_POINT('',(6.26529841892917,-0.416666666666663,1.73470121896461));
#5183=CARTESIAN_POINT('',(6.34964821479404,-0.416666666666663,1.69967241194186));
#5184=CARTESIAN_POINT('',(6.46997119297719,-0.416666666666663,1.57934943375864));
#5185=CARTESIAN_POINT('',(6.505,-0.416666666666663,1.49499963789384));
#5186=CARTESIAN_POINT('',(6.505,-0.416666666666663,1.40970121896463));
#5187=CARTESIAN_POINT('',(6.17999999999995,0.416666666666668,1.73470121896461));
#5188=CARTESIAN_POINT('',(6.26529841892915,0.416666666666668,1.73470121896462));
#5189=CARTESIAN_POINT('',(6.349648214794,0.416666666666668,1.69967241194188));
#5190=CARTESIAN_POINT('',(6.46997119297719,0.416666666666668,1.57934943375866));
#5191=CARTESIAN_POINT('',(6.50499999999999,0.416666666666668,1.49499963789388));
#5192=CARTESIAN_POINT('',(6.505,0.416666666666668,1.40970121896466));
#5193=CARTESIAN_POINT('',(6.17999999999992,1.25,1.73470121896461));
#5194=CARTESIAN_POINT('',(6.26529841892913,1.25,1.73470121896462));
#5195=CARTESIAN_POINT('',(6.34964821479395,1.25,1.69967241194191));
#5196=CARTESIAN_POINT('',(6.46997119297719,1.25,1.57934943375869));
#5197=CARTESIAN_POINT('',(6.50499999999999,1.25,1.49499963789391));
#5198=CARTESIAN_POINT('',(6.505,1.25,1.40970121896469));
#5199=CARTESIAN_POINT('',(6.18,1.25,1.40970121896461));
#5200=CARTESIAN_POINT('',(6.17999999999992,1.25,1.73470121896461));
#5201=CARTESIAN_POINT('',(6.18000000000002,-1.25,1.73470121896461));
#5202=CARTESIAN_POINT('',(6.17999999999998,-0.416666666666664,1.73470121896461));
#5203=CARTESIAN_POINT('',(6.17999999999995,0.416666666666669,1.73470121896461));
#5204=CARTESIAN_POINT('',(6.17999999999992,1.25,1.73470121896461));
#5205=CARTESIAN_POINT('',(6.18000000000002,-1.25,1.73470121896461));
#5206=CARTESIAN_POINT('',(6.18,-1.25,1.40970121896461));
#5207=CARTESIAN_POINT('',(6.17999999999992,1.25,1.48470121896461));
#5208=CARTESIAN_POINT('',(6.19968425052203,1.25,1.48470121896462));
#5209=CARTESIAN_POINT('',(6.21914958802934,1.25,1.47661764811328));
#5210=CARTESIAN_POINT('',(6.24691642914853,1.25,1.44885080699404));
#5211=CARTESIAN_POINT('',(6.25499999999999,1.25,1.42938546948684));
#5212=CARTESIAN_POINT('',(6.255,1.25,1.40970121896469));
#5213=CARTESIAN_POINT('',(6.17999999999995,0.41666666666667,1.48470121896461));
#5214=CARTESIAN_POINT('',(6.19968425052205,0.41666666666667,1.48470121896461));
#5215=CARTESIAN_POINT('',(6.21914958802938,0.41666666666667,1.47661764811326));
#5216=CARTESIAN_POINT('',(6.24691642914853,0.41666666666667,1.44885080699401));
#5217=CARTESIAN_POINT('',(6.255,0.41666666666667,1.42938546948681));
#5218=CARTESIAN_POINT('',(6.255,0.41666666666667,1.40970121896466));
#5219=CARTESIAN_POINT('',(6.17999999999999,-0.416666666666664,1.48470121896461));
#5220=CARTESIAN_POINT('',(6.19968425052211,-0.416666666666664,1.48470121896461));
#5221=CARTESIAN_POINT('',(6.21914958802938,-0.416666666666664,1.47661764811323));
#5222=CARTESIAN_POINT('',(6.24691642914858,-0.416666666666664,1.44885080699399));
#5223=CARTESIAN_POINT('',(6.255,-0.416666666666664,1.42938546948677));
#5224=CARTESIAN_POINT('',(6.255,-0.416666666666664,1.40970121896463));
#5225=CARTESIAN_POINT('',(6.18000000000002,-1.25,1.48470121896461));
#5226=CARTESIAN_POINT('',(6.19968425052214,-1.25,1.48470121896461));
#5227=CARTESIAN_POINT('',(6.2191495880294,-1.25,1.47661764811321));
#5228=CARTESIAN_POINT('',(6.2469164291486,-1.25,1.44885080699397));
#5229=CARTESIAN_POINT('',(6.255,-1.25,1.42938546948673));
#5230=CARTESIAN_POINT('',(6.255,-1.25,1.40970121896459));
#5231=CARTESIAN_POINT('',(6.18,-1.25,1.40970121896461));
#5232=CARTESIAN_POINT('',(6.18000000000002,-1.25,1.48470121896461));
#5233=CARTESIAN_POINT('',(6.17999999999992,1.25,1.48470121896461));
#5234=CARTESIAN_POINT('',(6.17999999999995,0.416666666666669,1.48470121896461));
#5235=CARTESIAN_POINT('',(6.17999999999998,-0.416666666666664,1.48470121896461));
#5236=CARTESIAN_POINT('',(6.18000000000002,-1.25,1.48470121896461));
#5237=CARTESIAN_POINT('',(6.17999999999992,1.25,1.48470121896461));
#5238=CARTESIAN_POINT('',(6.18,1.25,1.40970121896461));
#5239=CARTESIAN_POINT('',(4.98063248995558,1.25,20.1194342979179));
#5240=CARTESIAN_POINT('',(4.98063248995558,1.25,1.73470121896461));
#5241=CARTESIAN_POINT('',(6.505,1.25,0.0900000000000666));
#5242=CARTESIAN_POINT('',(6.505,1.25,-0.949999999999935));
#5243=CARTESIAN_POINT('',(6.245,1.25,-0.950000000000001));
#5244=CARTESIAN_POINT('',(6.24500000000007,1.25,-1.21));
#5245=CARTESIAN_POINT('',(6.24500000000007,1.25,-1.21));
#5246=CARTESIAN_POINT('',(3.49500000000007,1.25,-1.21));
#5247=CARTESIAN_POINT('',(3.49500000000007,1.25,-19.5947330789533));
#5248=CARTESIAN_POINT('',(3.49500000000007,1.25,-0.96));
#5249=CARTESIAN_POINT('',(6.24500000000007,1.25,-0.960000000000001));
#5250=CARTESIAN_POINT('',(6.24500000000007,1.25,-0.960000000000001));
#5251=CARTESIAN_POINT('',(6.245,1.25,-0.950000000000001));
#5252=CARTESIAN_POINT('',(6.255,1.25,-0.949999999999935));
#5253=CARTESIAN_POINT('',(6.255,1.25,0.0900000000000666));
#5254=CARTESIAN_POINT('',(4.98063248995558,1.25,1.48470121896461));
#5255=CARTESIAN_POINT('',(4.98063248995567,-1.25,1.73470121896461));
#5256=CARTESIAN_POINT('',(5.38042165997046,-1.25,1.73470121896461));
#5257=CARTESIAN_POINT('',(5.78021082998523,-1.25,1.73470121896462));
#5258=CARTESIAN_POINT('',(6.18000000000002,-1.25,1.73470121896461));
#5259=CARTESIAN_POINT('',(4.98063248995563,-0.416666666666663,1.73470121896461));
#5260=CARTESIAN_POINT('',(5.38042165997042,-0.416666666666663,1.73470121896461));
#5261=CARTESIAN_POINT('',(5.7802108299852,-0.416666666666663,1.7347012189646));
#5262=CARTESIAN_POINT('',(6.17999999999999,-0.416666666666663,1.73470121896461));
#5263=CARTESIAN_POINT('',(4.9806324899556,0.416666666666668,1.73470121896461));
#5264=CARTESIAN_POINT('',(5.38042165997039,0.416666666666668,1.73470121896461));
#5265=CARTESIAN_POINT('',(5.78021082998516,0.416666666666668,1.73470121896457));
#5266=CARTESIAN_POINT('',(6.17999999999995,0.416666666666668,1.73470121896461));
#5267=CARTESIAN_POINT('',(4.98063248995557,1.25,1.73470121896461));
#5268=CARTESIAN_POINT('',(5.38042165997035,1.25,1.73470121896461));
#5269=CARTESIAN_POINT('',(5.78021082998514,1.25,1.73470121896455));
#5270=CARTESIAN_POINT('',(6.17999999999992,1.25,1.73470121896461));
#5271=CARTESIAN_POINT('',(4.98063248995568,-1.25,1.73470121896461));
#5272=CARTESIAN_POINT('',(4.98063248995568,-1.25,20.1194342979179));
#5273=CARTESIAN_POINT('',(4.98063248995568,-1.25,1.48470121896461));
#5274=CARTESIAN_POINT('',(6.255,-1.25,0.0899999999999703));
#5275=CARTESIAN_POINT('',(6.255,-1.25,-0.950000000000031));
#5276=CARTESIAN_POINT('',(6.245,-1.25,-0.950000000000001));
#5277=CARTESIAN_POINT('',(6.24499999999997,-1.25,-0.960000000000001));
#5278=CARTESIAN_POINT('',(6.24499999999997,-1.25,-0.960000000000001));
#5279=CARTESIAN_POINT('',(3.49499999999997,-1.25,-0.96));
#5280=CARTESIAN_POINT('',(3.49499999999997,-1.25,-19.5947330789533));
#5281=CARTESIAN_POINT('',(3.49499999999998,-1.25,-1.21));
#5282=CARTESIAN_POINT('',(6.24499999999998,-1.25,-1.21));
#5283=CARTESIAN_POINT('',(6.24499999999998,-1.25,-1.21));
#5284=CARTESIAN_POINT('',(6.245,-1.25,-0.950000000000001));
#5285=CARTESIAN_POINT('',(6.505,-1.25,-0.950000000000019));
#5286=CARTESIAN_POINT('',(6.505,-1.25,0.0899999999999825));
#5287=CARTESIAN_POINT('',(4.98063248995557,1.25,1.48470121896461));
#5288=CARTESIAN_POINT('',(5.38042165997036,1.25,1.48470121896461));
#5289=CARTESIAN_POINT('',(5.78021082998513,1.25,1.48470121896449));
#5290=CARTESIAN_POINT('',(6.17999999999992,1.25,1.48470121896461));
#5291=CARTESIAN_POINT('',(4.9806324899556,0.41666666666667,1.48470121896461));
#5292=CARTESIAN_POINT('',(5.38042165997039,0.41666666666667,1.48470121896461));
#5293=CARTESIAN_POINT('',(5.78021082998516,0.41666666666667,1.48470121896454));
#5294=CARTESIAN_POINT('',(6.17999999999995,0.41666666666667,1.48470121896461));
#5295=CARTESIAN_POINT('',(4.98063248995563,-0.416666666666664,1.48470121896461));
#5296=CARTESIAN_POINT('',(5.38042165997042,-0.416666666666664,1.48470121896461));
#5297=CARTESIAN_POINT('',(5.7802108299852,-0.416666666666664,1.48470121896459));
#5298=CARTESIAN_POINT('',(6.17999999999999,-0.416666666666664,1.48470121896461));
#5299=CARTESIAN_POINT('',(4.98063248995567,-1.25,1.48470121896461));
#5300=CARTESIAN_POINT('',(5.38042165997045,-1.25,1.48470121896461));
#5301=CARTESIAN_POINT('',(5.78021082998523,-1.25,1.48470121896464));
#5302=CARTESIAN_POINT('',(6.18000000000002,-1.25,1.48470121896461));
#5303=CARTESIAN_POINT('',(-6.245,1.249,0.364298781035393));
#5304=CARTESIAN_POINT('',(-6.245,1.249,0.364298781035393));
#5305=CARTESIAN_POINT('',(-6.245,1.249,0.364298781035393));
#5306=CARTESIAN_POINT('',(-6.245,1.249,0.364298781035393));
#5307=CARTESIAN_POINT('',(-6.245,-1.24899999999999,0.364298781035393));
#5308=CARTESIAN_POINT('',(-6.245,-1.24899999999999,0.364298781035393));
#5309=CARTESIAN_POINT('',(-6.245,-1.24899999999999,0.116298781035396));
#5310=CARTESIAN_POINT('',(-6.245,-1.24899999999999,0.116298781035396));
#5311=CARTESIAN_POINT('',(-6.245,-1.24899999999999,0.116298781035396));
#5312=CARTESIAN_POINT('',(-6.245,-1.24899999999999,0.116298781035396));
#5313=CARTESIAN_POINT('',(-6.245,1.249,0.116298781035396));
#5314=CARTESIAN_POINT('',(-6.245,1.249,0.116298781035396));
#5315=CARTESIAN_POINT('',(-6.245,0.,0.105298781035389));
#5316=CARTESIAN_POINT('',(-6.245,1.249,0.105298781035389));
#5317=CARTESIAN_POINT('',(-6.504,1.249,0.10529878103539));
#5318=CARTESIAN_POINT('',(-6.504,1.249,0.10529878103539));
#5319=CARTESIAN_POINT('',(-6.504,-1.24899999999999,0.10529878103539));
#5320=CARTESIAN_POINT('',(-6.245,-1.24899999999999,0.105298781035389));
#5321=CARTESIAN_POINT('',(-6.245,0.,0.105298781035389));
#5322=CARTESIAN_POINT('',(-6.245,-1.24899999999999,0.105298781035389));
#5323=CARTESIAN_POINT('',(-6.25600000000001,-1.24899999999999,0.10529878103539));
#5324=CARTESIAN_POINT('',(-6.25600000000001,-1.24899999999999,0.10529878103539));
#5325=CARTESIAN_POINT('',(-6.25600000000001,1.249,0.10529878103539));
#5326=CARTESIAN_POINT('',(-6.245,1.249,0.105298781035389));
#5327=CARTESIAN_POINT('',(-6.504,1.249,-0.95));
#5328=CARTESIAN_POINT('',(-6.504,1.249,-0.95));
#5329=CARTESIAN_POINT('',(-6.504,1.249,-0.95));
#5330=CARTESIAN_POINT('',(-6.504,1.249,-0.95));
#5331=CARTESIAN_POINT('',(-6.504,-1.24899999999999,-0.95));
#5332=CARTESIAN_POINT('',(-6.504,-1.24899999999999,-0.95));
#5333=CARTESIAN_POINT('',(-6.25600000000001,-1.24899999999999,-0.95));
#5334=CARTESIAN_POINT('',(-6.25600000000001,-1.24899999999999,-0.95));
#5335=CARTESIAN_POINT('',(-6.25600000000001,-1.24899999999999,-0.95));
#5336=CARTESIAN_POINT('',(-6.25600000000001,-1.24899999999999,-0.95));
#5337=CARTESIAN_POINT('',(-6.25600000000001,1.249,-0.95));
#5338=CARTESIAN_POINT('',(-6.25600000000001,1.249,-0.95));
#5339=CARTESIAN_POINT('',(-6.245,0.,-0.950000000000001));
#5340=CARTESIAN_POINT('',(-6.245,1.249,-0.950000000000001));
#5341=CARTESIAN_POINT('',(-6.245,1.249,-1.209));
#5342=CARTESIAN_POINT('',(-6.245,1.249,-1.209));
#5343=CARTESIAN_POINT('',(-6.245,-1.24899999999999,-1.209));
#5344=CARTESIAN_POINT('',(-6.245,-1.24899999999999,-0.950000000000001));
#5345=CARTESIAN_POINT('',(-6.245,0.,-0.950000000000001));
#5346=CARTESIAN_POINT('',(-6.245,-1.24899999999999,-0.950000000000001));
#5347=CARTESIAN_POINT('',(-6.245,-1.24899999999999,-0.961000000000008));
#5348=CARTESIAN_POINT('',(-6.245,-1.24899999999999,-0.961000000000008));
#5349=CARTESIAN_POINT('',(-6.245,1.249,-0.961000000000008));
#5350=CARTESIAN_POINT('',(-6.245,1.249,-0.950000000000001));
#5351=CARTESIAN_POINT('',(-3.495,1.249,-1.209));
#5352=CARTESIAN_POINT('',(-3.495,1.249,-1.209));
#5353=CARTESIAN_POINT('',(-3.495,1.249,-1.209));
#5354=CARTESIAN_POINT('',(-3.495,1.249,-1.209));
#5355=CARTESIAN_POINT('',(-3.495,-1.24899999999999,-1.209));
#5356=CARTESIAN_POINT('',(-3.495,-1.24899999999999,-1.209));
#5357=CARTESIAN_POINT('',(-3.495,-1.24899999999999,-1.209));
#5358=CARTESIAN_POINT('',(-3.495,-1.24899999999999,-1.209));
#5359=CARTESIAN_POINT('',(-3.495,-1.24899999999999,-0.961000000000008));
#5360=CARTESIAN_POINT('',(-3.495,-1.24899999999999,-0.961000000000008));
#5361=CARTESIAN_POINT('',(-3.495,-1.24899999999999,-0.961000000000008));
#5362=CARTESIAN_POINT('',(-3.495,-1.24899999999999,-0.961000000000008));
#5363=CARTESIAN_POINT('',(-3.495,1.249,-0.961000000000008));
#5364=CARTESIAN_POINT('',(-3.495,1.249,-0.961000000000008));
#5365=CARTESIAN_POINT('',(-3.495,1.249,-0.961000000000008));
#5366=CARTESIAN_POINT('',(-3.495,1.249,-0.961000000000008));
#5367=CARTESIAN_POINT('',(-3.495,2.38524477946811E-15,-1.08500000000001));
#5368=CARTESIAN_POINT('',(6.24499999999998,-1.25,-0.960000000000001));
#5369=CARTESIAN_POINT('',(3.49499999999998,-1.25,-0.960000000000001));
#5370=CARTESIAN_POINT('',(6.24500000000002,-0.416666666666663,-0.960000000000001));
#5371=CARTESIAN_POINT('',(3.49500000000002,-0.416666666666663,-0.960000000000001));
#5372=CARTESIAN_POINT('',(6.24500000000005,0.416666666666668,-0.960000000000001));
#5373=CARTESIAN_POINT('',(3.49500000000005,0.416666666666668,-0.960000000000001));
#5374=CARTESIAN_POINT('',(6.24500000000008,1.25,-0.960000000000001));
#5375=CARTESIAN_POINT('',(3.49500000000008,1.25,-0.960000000000001));
#5376=CARTESIAN_POINT('',(3.49500000000008,1.25,-0.960000000000001));
#5377=CARTESIAN_POINT('',(3.49500000000005,0.416666666666669,-0.960000000000001));
#5378=CARTESIAN_POINT('',(3.49500000000002,-0.416666666666664,-0.960000000000001));
#5379=CARTESIAN_POINT('',(3.49499999999998,-1.25,-0.960000000000001));
#5380=CARTESIAN_POINT('',(6.24500000000008,1.25,-0.960000000000001));
#5381=CARTESIAN_POINT('',(6.24500000000005,0.416666666666669,-0.960000000000001));
#5382=CARTESIAN_POINT('',(6.24500000000002,-0.416666666666664,-0.960000000000001));
#5383=CARTESIAN_POINT('',(6.24499999999998,-1.25,-0.960000000000001));
#5384=CARTESIAN_POINT('',(6.24500000000008,1.25,-1.21));
#5385=CARTESIAN_POINT('',(3.49500000000008,1.25,-1.21));
#5386=CARTESIAN_POINT('',(6.24500000000005,0.41666666666667,-1.21));
#5387=CARTESIAN_POINT('',(3.49500000000005,0.41666666666667,-1.21));
#5388=CARTESIAN_POINT('',(6.24500000000002,-0.416666666666665,-1.21));
#5389=CARTESIAN_POINT('',(3.49500000000002,-0.416666666666665,-1.21));
#5390=CARTESIAN_POINT('',(6.24499999999998,-1.25,-1.21));
#5391=CARTESIAN_POINT('',(3.49499999999998,-1.25,-1.21));
#5392=CARTESIAN_POINT('',(3.49499999999998,-1.25,-1.21));
#5393=CARTESIAN_POINT('',(3.49500000000002,-0.416666666666664,-1.21));
#5394=CARTESIAN_POINT('',(3.49500000000005,0.416666666666669,-1.21));
#5395=CARTESIAN_POINT('',(3.49500000000008,1.25,-1.21));
#5396=CARTESIAN_POINT('',(6.24499999999998,-1.25,-1.21));
#5397=CARTESIAN_POINT('',(6.24500000000002,-0.416666666666664,-1.21));
#5398=CARTESIAN_POINT('',(6.24500000000005,0.416666666666669,-1.21));
#5399=CARTESIAN_POINT('',(6.24500000000008,1.25,-1.21));
#5400=CARTESIAN_POINT('',(6.255,-1.25,-0.950000000000019));
#5401=CARTESIAN_POINT('',(6.25499999999999,-1.25,-0.955857864376288));
#5402=CARTESIAN_POINT('',(6.25085786437625,-1.25,-0.960000000000011));
#5403=CARTESIAN_POINT('',(6.24499999999998,-1.25,-0.960000000000001));
#5404=CARTESIAN_POINT('',(6.255,-0.416666666666663,-0.949999999999987));
#5405=CARTESIAN_POINT('',(6.25500000000001,-0.416666666666663,-0.955857864376255));
#5406=CARTESIAN_POINT('',(6.25085786437628,-0.416666666666663,-0.959999999999992));
#5407=CARTESIAN_POINT('',(6.24500000000002,-0.416666666666663,-0.960000000000001));
#5408=CARTESIAN_POINT('',(6.255,0.416666666666668,-0.949999999999954));
#5409=CARTESIAN_POINT('',(6.25500000000003,0.416666666666668,-0.955857864376223));
#5410=CARTESIAN_POINT('',(6.25085786437632,0.416666666666668,-0.959999999999973));
#5411=CARTESIAN_POINT('',(6.24500000000005,0.416666666666668,-0.960000000000001));
#5412=CARTESIAN_POINT('',(6.255,1.25,-0.949999999999922));
#5413=CARTESIAN_POINT('',(6.25500000000005,1.25,-0.955857864376191));
#5414=CARTESIAN_POINT('',(6.25085786437635,1.25,-0.959999999999954));
#5415=CARTESIAN_POINT('',(6.24500000000008,1.25,-0.960000000000001));
#5416=CARTESIAN_POINT('',(6.255,1.25,-0.949999999999922));
#5417=CARTESIAN_POINT('',(6.255,0.416666666666669,-0.949999999999954));
#5418=CARTESIAN_POINT('',(6.255,-0.416666666666664,-0.949999999999987));
#5419=CARTESIAN_POINT('',(6.255,-1.25,-0.950000000000019));
#5420=CARTESIAN_POINT('',(6.505,1.25,-0.949999999999922));
#5421=CARTESIAN_POINT('',(6.50500000000005,1.25,-1.10230447378292));
#5422=CARTESIAN_POINT('',(6.39730447378308,1.25,-1.20999999999995));
#5423=CARTESIAN_POINT('',(6.24500000000008,1.25,-1.21));
#5424=CARTESIAN_POINT('',(6.505,0.41666666666667,-0.949999999999954));
#5425=CARTESIAN_POINT('',(6.50500000000003,0.41666666666667,-1.10230447378295));
#5426=CARTESIAN_POINT('',(6.39730447378304,0.41666666666667,-1.20999999999997));
#5427=CARTESIAN_POINT('',(6.24500000000005,0.41666666666667,-1.21));
#5428=CARTESIAN_POINT('',(6.505,-0.416666666666665,-0.949999999999987));
#5429=CARTESIAN_POINT('',(6.50500000000001,-0.416666666666665,-1.10230447378298));
#5430=CARTESIAN_POINT('',(6.39730447378301,-0.416666666666665,-1.20999999999999));
#5431=CARTESIAN_POINT('',(6.24500000000002,-0.416666666666665,-1.21));
#5432=CARTESIAN_POINT('',(6.505,-1.25,-0.950000000000019));
#5433=CARTESIAN_POINT('',(6.50499999999999,-1.25,-1.10230447378301));
#5434=CARTESIAN_POINT('',(6.39730447378298,-1.25,-1.21000000000001));
#5435=CARTESIAN_POINT('',(6.24499999999998,-1.25,-1.21));
#5436=CARTESIAN_POINT('',(6.505,-1.25,-0.950000000000019));
#5437=CARTESIAN_POINT('',(6.505,-0.416666666666664,-0.949999999999987));
#5438=CARTESIAN_POINT('',(6.505,0.416666666666669,-0.949999999999954));
#5439=CARTESIAN_POINT('',(6.505,1.25,-0.949999999999922));
#5440=CARTESIAN_POINT('',(6.255,-1.25,0.0899999999999825));
#5441=CARTESIAN_POINT('',(6.255,-1.25,-0.950000000000019));
#5442=CARTESIAN_POINT('',(6.255,-0.416666666666663,0.0900000000000148));
#5443=CARTESIAN_POINT('',(6.255,-0.416666666666663,-0.949999999999987));
#5444=CARTESIAN_POINT('',(6.255,0.416666666666668,0.0900000000000472));
#5445=CARTESIAN_POINT('',(6.255,0.416666666666668,-0.949999999999954));
#5446=CARTESIAN_POINT('',(6.255,1.25,0.0900000000000796));
#5447=CARTESIAN_POINT('',(6.255,1.25,-0.949999999999922));
#5448=CARTESIAN_POINT('',(6.505,1.25,0.0900000000000796));
#5449=CARTESIAN_POINT('',(6.505,1.25,-0.949999999999922));
#5450=CARTESIAN_POINT('',(6.505,0.41666666666667,0.0900000000000472));
#5451=CARTESIAN_POINT('',(6.505,0.41666666666667,-0.949999999999954));
#5452=CARTESIAN_POINT('',(6.505,-0.416666666666665,0.0900000000000148));
#5453=CARTESIAN_POINT('',(6.505,-0.416666666666665,-0.949999999999987));
#5454=CARTESIAN_POINT('',(6.505,-1.25,0.0899999999999825));
#5455=CARTESIAN_POINT('',(6.505,-1.25,-0.950000000000019));
#5456=CARTESIAN_POINT('',(3.495,-0.624999999999999,-1.0225));
#5457=CARTESIAN_POINT('',(6.40000000000001,-6.4,-1.2));
#5458=CARTESIAN_POINT('',(6.40000000000001,-5.9,-1.2));
#5459=CARTESIAN_POINT('',(6.40000000000001,-5.9,0.));
#5460=CARTESIAN_POINT('',(6.40000000000001,-5.9,-0.7));
#5461=CARTESIAN_POINT('',(6.40000000000001,-2.,-0.7));
#5462=CARTESIAN_POINT('',(6.40000000000001,-2.,-0.7));
#5463=CARTESIAN_POINT('',(6.40000000000001,-2.,-0.95));
#5464=CARTESIAN_POINT('',(6.40000000000001,-2.,0.));
#5465=CARTESIAN_POINT('',(6.40000000000001,-6.4,0.));
#5466=CARTESIAN_POINT('',(-6.39999999999999,6.4,-1.2));
#5467=CARTESIAN_POINT('',(-6.39999999999999,-6.4,-0.7));
#5468=CARTESIAN_POINT('',(-6.40000000000001,-2.,-0.7));
#5469=CARTESIAN_POINT('',(-6.39999999999999,-5.9,-0.7));
#5470=CARTESIAN_POINT('',(-6.39999999999999,-5.9,-1.2));
#5471=CARTESIAN_POINT('',(-6.39999999999999,-5.9,0.));
#5472=CARTESIAN_POINT('',(-6.39999999999999,6.4,0.));
#5473=CARTESIAN_POINT('',(-6.40000000000001,-2.,0.));
#5474=CARTESIAN_POINT('',(-6.40000000000001,-2.,-0.95));
#5475=CARTESIAN_POINT('',(-6.39999999999999,6.4,-1.2));
#5476=CARTESIAN_POINT('',(-6.39999999999999,6.4,0.));
#5477=CARTESIAN_POINT('',(-6.39999999999999,5.9,0.));
#5478=CARTESIAN_POINT('',(-6.40000000000001,2.,0.));
#5479=CARTESIAN_POINT('',(-6.39999999999999,5.9,-1.2));
#5480=CARTESIAN_POINT('',(-6.39999999999999,5.9,-0.7));
#5481=CARTESIAN_POINT('',(-6.39999999999999,2.,-0.7));
#5482=CARTESIAN_POINT('',(-6.4,2.,-0.7));
#5483=CARTESIAN_POINT('',(-6.4,2.,-0.95));
#5484=CARTESIAN_POINT('',(-6.39999999999999,-6.4,0.));
#5485=CARTESIAN_POINT('',(0.,0.,0.));
#5486=CARTESIAN_POINT('',(2.6,0.,0.));
#5487=CARTESIAN_POINT('',(-6.05000000000001,-6.4,0.));
#5488=CARTESIAN_POINT('',(-6.05000000000001,2.,0.));
#5489=CARTESIAN_POINT('',(-6.05000000000001,-2.,0.));
#5490=CARTESIAN_POINT('',(-6.39999999999999,-2.,0.));
#5491=CARTESIAN_POINT('',(-5.89999999999999,-5.9,0.));
#5492=CARTESIAN_POINT('',(-5.89999999999999,-6.4,0.));
#5493=CARTESIAN_POINT('',(-6.4,-6.4,0.));
#5494=CARTESIAN_POINT('',(5.90000000000001,-6.4,0.));
#5495=CARTESIAN_POINT('',(5.90000000000001,-5.9,0.));
#5496=CARTESIAN_POINT('',(-6.39999999999999,-2.,0.));
#5497=CARTESIAN_POINT('',(6.05000000000001,-2.,0.));
#5498=CARTESIAN_POINT('',(6.05000000000001,2.,0.));
#5499=CARTESIAN_POINT('',(6.05000000000001,2.,0.));
#5500=CARTESIAN_POINT('',(-6.39999999999999,2.,0.));
#5501=CARTESIAN_POINT('',(6.40000000000001,2.,0.));
#5502=CARTESIAN_POINT('',(6.40000000000001,-6.4,0.));
#5503=CARTESIAN_POINT('',(6.40000000000001,5.9,0.));
#5504=CARTESIAN_POINT('',(5.90000000000001,5.9,0.));
#5505=CARTESIAN_POINT('',(5.90000000000001,6.4,0.));
#5506=CARTESIAN_POINT('',(6.40000000000001,6.4,0.));
#5507=CARTESIAN_POINT('',(-5.89999999999999,6.4,0.));
#5508=CARTESIAN_POINT('',(-5.89999999999999,5.9,0.));
#5509=CARTESIAN_POINT('',(-6.39999999999999,2.,0.));
#5510=CARTESIAN_POINT('',(-6.40000000000001,-2.,-0.95));
#5511=CARTESIAN_POINT('',(-3.,2.,-0.95));
#5512=CARTESIAN_POINT('',(-3.,2.,-0.95));
#5513=CARTESIAN_POINT('',(-6.05000000000001,2.,-0.95));
#5514=CARTESIAN_POINT('',(-3.,-2.,-0.95));
#5515=CARTESIAN_POINT('',(-3.,-2.,-0.95));
#5516=CARTESIAN_POINT('',(-6.40000000000001,-2.,-0.95));
#5517=CARTESIAN_POINT('',(-6.05000000000001,-2.,-0.95));
#5518=CARTESIAN_POINT('',(-6.05000000000001,2.,-0.95));
#5519=CARTESIAN_POINT('',(-6.39999999999999,-6.4,-1.2));
#5520=CARTESIAN_POINT('',(-3.,-2.,-1.2));
#5521=CARTESIAN_POINT('',(-3.,-2.,-1.2));
#5522=CARTESIAN_POINT('',(-3.,2.,-1.2));
#5523=CARTESIAN_POINT('',(-3.,2.,-1.2));
#5524=CARTESIAN_POINT('',(-5.89999999999999,2.,-1.2));
#5525=CARTESIAN_POINT('',(-5.89999999999999,6.4,-1.2));
#5526=CARTESIAN_POINT('',(-5.89999999999999,5.9,-1.2));
#5527=CARTESIAN_POINT('',(6.40000000000001,5.9,-1.2));
#5528=CARTESIAN_POINT('',(5.90000000000001,5.9,-1.2));
#5529=CARTESIAN_POINT('',(5.90000000000001,2.,-1.2));
#5530=CARTESIAN_POINT('',(5.90000000000001,2.,-1.2));
#5531=CARTESIAN_POINT('',(3.,2.,-1.2));
#5532=CARTESIAN_POINT('',(3.,2.,-1.2));
#5533=CARTESIAN_POINT('',(3.,-2.,-1.2));
#5534=CARTESIAN_POINT('',(3.,-2.,-1.2));
#5535=CARTESIAN_POINT('',(6.40000000000001,-2.,-1.2));
#5536=CARTESIAN_POINT('',(5.90000000000001,-2.,-1.2));
#5537=CARTESIAN_POINT('',(5.90000000000001,-6.4,-1.2));
#5538=CARTESIAN_POINT('',(5.90000000000001,-5.9,-1.2));
#5539=CARTESIAN_POINT('',(-6.4,-5.9,-1.2));
#5540=CARTESIAN_POINT('',(-5.89999999999999,-5.9,-1.2));
#5541=CARTESIAN_POINT('',(-5.89999999999999,-2.,-1.2));
#5542=CARTESIAN_POINT('',(-5.89999999999999,-2.,-1.2));
#5543=CARTESIAN_POINT('',(-6.40000000000001,-2.,-1.2));
#5544=CARTESIAN_POINT('',(-6.4,-6.4,-1.2));
#5545=CARTESIAN_POINT('',(-5.89999999999999,-6.4,-1.2));
#5546=CARTESIAN_POINT('',(-5.89999999999999,-6.4,-0.7));
#5547=CARTESIAN_POINT('',(6.40000000000001,-6.4,-0.7));
#5548=CARTESIAN_POINT('',(5.90000000000001,-6.4,-0.7));
#5549=CARTESIAN_POINT('',(5.90000000000001,-6.4,-1.2));
#5550=CARTESIAN_POINT('',(6.40000000000001,-6.4,-1.2));
#5551=CARTESIAN_POINT('',(6.40000000000001,6.4,-0.7));
#5552=CARTESIAN_POINT('',(6.40000000000001,2.,-0.7));
#5553=CARTESIAN_POINT('',(6.40000000000001,5.9,-0.7));
#5554=CARTESIAN_POINT('',(6.40000000000001,5.9,-1.2));
#5555=CARTESIAN_POINT('',(6.40000000000001,2.,-0.95));
#5556=CARTESIAN_POINT('',(6.40000000000001,6.4,-1.2));
#5557=CARTESIAN_POINT('',(5.90000000000001,6.4,-1.2));
#5558=CARTESIAN_POINT('',(5.90000000000001,6.4,-0.7));
#5559=CARTESIAN_POINT('',(-6.4,6.4,-0.7));
#5560=CARTESIAN_POINT('',(-5.89999999999999,6.4,-0.7));
#5561=CARTESIAN_POINT('',(-5.89999999999999,6.4,-1.2));
#5562=CARTESIAN_POINT('',(-6.40000000000001,-2.,-0.95));
#5563=CARTESIAN_POINT('',(-5.89999999999999,-2.,-0.7));
#5564=CARTESIAN_POINT('',(-6.05000000000001,-2.,-0.1));
#5565=CARTESIAN_POINT('',(-6.15000000000001,-2.,-0.0999999999999994));
#5566=CARTESIAN_POINT('',(-6.15000000000001,-2.,17.1916647527177));
#5567=CARTESIAN_POINT('',(-6.15000000000001,-2.,-0.85));
#5568=CARTESIAN_POINT('',(-6.05000000000001,-2.,-0.85));
#5569=CARTESIAN_POINT('',(-3.,-2.,-0.95));
#5570=CARTESIAN_POINT('',(-3.,-2.,-0.95));
#5571=CARTESIAN_POINT('',(-3.,2.,-0.95));
#5572=CARTESIAN_POINT('',(-3.,2.,-0.95));
#5573=CARTESIAN_POINT('',(-5.89999999999999,2.,-0.7));
#5574=CARTESIAN_POINT('',(-6.05000000000001,2.,-0.85));
#5575=CARTESIAN_POINT('',(-6.15000000000001,2.,-0.85));
#5576=CARTESIAN_POINT('',(-6.15000000000001,2.,17.1916647527177));
#5577=CARTESIAN_POINT('',(-6.15000000000001,2.,-0.0999999999999994));
#5578=CARTESIAN_POINT('',(-6.05000000000001,2.,-0.1));
#5579=CARTESIAN_POINT('',(6.40000000000001,-2.,-0.95));
#5580=CARTESIAN_POINT('',(5.90000000000001,-2.,-0.7));
#5581=CARTESIAN_POINT('',(3.,-2.,-0.95));
#5582=CARTESIAN_POINT('',(3.,-2.,-0.95));
#5583=CARTESIAN_POINT('',(6.40000000000001,-2.,-0.95));
#5584=CARTESIAN_POINT('',(6.05000000000001,-2.,-0.95));
#5585=CARTESIAN_POINT('',(6.05000000000001,-2.,-0.85));
#5586=CARTESIAN_POINT('',(6.15000000000001,-2.,-0.85));
#5587=CARTESIAN_POINT('',(6.15000000000001,-2.,17.1916647527177));
#5588=CARTESIAN_POINT('',(6.15000000000001,-2.,-0.0999999999999994));
#5589=CARTESIAN_POINT('',(6.05000000000001,-2.,-0.0999999999999994));
#5590=CARTESIAN_POINT('',(3.,-2.,-0.95));
#5591=CARTESIAN_POINT('',(3.,2.,-0.95));
#5592=CARTESIAN_POINT('',(3.,2.,-0.95));
#5593=CARTESIAN_POINT('',(3.,-2.,-0.95));
#5594=CARTESIAN_POINT('',(3.,2.,-0.95));
#5595=CARTESIAN_POINT('',(5.90000000000001,2.,-0.7));
#5596=CARTESIAN_POINT('',(6.05000000000001,2.,-0.0999999999999994));
#5597=CARTESIAN_POINT('',(6.15000000000001,2.,-0.0999999999999994));
#5598=CARTESIAN_POINT('',(6.15000000000001,2.,17.1916647527177));
#5599=CARTESIAN_POINT('',(6.15000000000001,2.,-0.85));
#5600=CARTESIAN_POINT('',(6.05000000000001,2.,-0.85));
#5601=CARTESIAN_POINT('',(6.05000000000001,2.,-0.95));
#5602=CARTESIAN_POINT('',(3.,2.,-0.95));
#5603=CARTESIAN_POINT('',(6.40000000000001,-2.,-0.95));
#5604=CARTESIAN_POINT('',(6.05000000000001,-2.,-0.95));
#5605=CARTESIAN_POINT('',(-6.15000000000001,-2.,17.1916647527177));
#5606=CARTESIAN_POINT('',(-6.15000000000001,-2.,-0.85));
#5607=CARTESIAN_POINT('',(-6.15000000000001,-2.,-0.0999999999999994));
#5608=CARTESIAN_POINT('',(6.15000000000001,-2.,17.1916647527177));
#5609=CARTESIAN_POINT('',(6.15000000000001,2.,-0.85));
#5610=CARTESIAN_POINT('',(6.15000000000001,-2.,-0.0999999999999994));
#5611=CARTESIAN_POINT('',(5.90000000000001,-5.9,-1.2));
#5612=CARTESIAN_POINT('',(5.90000000000001,-5.9,-0.7));
#5613=CARTESIAN_POINT('',(5.90000000000001,-6.4,-0.7));
#5614=CARTESIAN_POINT('',(5.90000000000001,-5.9,-0.7));
#5615=CARTESIAN_POINT('',(5.90000000000001,-5.9,-0.7));
#5616=CARTESIAN_POINT('',(5.90000000000001,-5.9,-0.7));
#5617=CARTESIAN_POINT('',(-6.4,-5.9,-0.7));
#5618=CARTESIAN_POINT('',(-5.89999999999999,-5.9,-0.7));
#5619=CARTESIAN_POINT('',(-5.89999999999999,6.4,-0.7));
#5620=CARTESIAN_POINT('',(-5.89999999999999,-5.9,-0.7));
#5621=CARTESIAN_POINT('',(-5.89999999999999,-5.9,-0.7));
#5622=CARTESIAN_POINT('',(-5.89999999999999,-5.9,-0.7));
#5623=CARTESIAN_POINT('',(-5.89999999999999,-5.9,-1.2));
#5624=CARTESIAN_POINT('',(-5.89999999999999,5.9,-1.2));
#5625=CARTESIAN_POINT('',(-5.89999999999999,5.9,-0.7));
#5626=CARTESIAN_POINT('',(-5.89999999999999,6.4,-0.7));
#5627=CARTESIAN_POINT('',(-5.89999999999999,5.9,-0.7));
#5628=CARTESIAN_POINT('',(-5.89999999999999,5.9,-0.7));
#5629=CARTESIAN_POINT('',(-5.89999999999999,5.9,-0.7));
#5630=CARTESIAN_POINT('',(6.40000000000001,5.9,-0.7));
#5631=CARTESIAN_POINT('',(5.90000000000001,5.9,-0.7));
#5632=CARTESIAN_POINT('',(5.90000000000001,-6.4,-0.7));
#5633=CARTESIAN_POINT('',(5.90000000000001,5.9,-0.7));
#5634=CARTESIAN_POINT('',(5.90000000000001,5.9,-0.7));
#5635=CARTESIAN_POINT('',(5.90000000000001,5.9,-0.7));
#5636=CARTESIAN_POINT('',(5.90000000000001,5.9,-1.2));
#5637=CARTESIAN_POINT('',(6.05000000000001,-2.,-0.85));
#5638=CARTESIAN_POINT('',(6.05000000000001,-2.,-0.0999999999999994));
#5639=CARTESIAN_POINT('',(-6.05000000000001,-6.4,-0.1));
#5640=CARTESIAN_POINT('',(-6.05000000000001,-2.,-0.85));
#5641=CARTESIAN_POINT('',(0.,0.,2.59));
#5642=CARTESIAN_POINT('',(0.,0.,2.59));
#5643=CARTESIAN_POINT('',(2.6,0.,2.59));
#5644=CARTESIAN_POINT('',(0.,0.,2.59));
#5645=CARTESIAN_POINT('',(0.,0.,0.));
#5646=CARTESIAN_POINT('',(-6.39999999999999,-6.4,0.));
#5647=CARTESIAN_POINT('',(-4.5065449490644,3.90530568292574,0.));
#5648=CARTESIAN_POINT('',(-4.5065449490644,3.90530568292574,0.));
#5649=CARTESIAN_POINT('',(-4.5065449490644,1.61462071329073,0.));
#5650=CARTESIAN_POINT('',(-3.70874575631222,3.43571973639768,0.));
#5651=CARTESIAN_POINT('',(-3.70874575631222,3.43571973639768,0.));
#5652=CARTESIAN_POINT('',(-3.70874575631222,2.08848014039038,0.));
#5653=CARTESIAN_POINT('',(-3.70874575631221,2.08848014039038,0.));
#5654=CARTESIAN_POINT('',(-3.33595911389385,1.86173721192397,0.));
#5655=CARTESIAN_POINT('',(-3.33595911389385,1.86173721192397,0.));
#5656=CARTESIAN_POINT('',(-3.33595911389385,3.2132999801374,0.));
#5657=CARTESIAN_POINT('',(-3.33595911389385,3.2132999801374,0.));
#5658=CARTESIAN_POINT('',(-2.53920344546729,2.74714275639351,0.));
#5659=CARTESIAN_POINT('',(-2.53920344546729,2.74714275639351,0.));
#5660=CARTESIAN_POINT('',(-2.53920344546729,1.38966668366824,0.));
#5661=CARTESIAN_POINT('',(-2.53920344546729,1.38966668366824,0.));
#5662=CARTESIAN_POINT('',(-2.08189133267387,1.12048709929336,0.));
#5663=CARTESIAN_POINT('',(-2.08189133267387,1.12048709929336,0.));
#5664=CARTESIAN_POINT('',(-2.08189133267387,2.47855947163327,0.));
#5665=CARTESIAN_POINT('',(-2.08189133267387,2.47855947163327,0.));
#5666=CARTESIAN_POINT('',(-1.29979469644051,2.01583097067355,0.));
#5667=CARTESIAN_POINT('',(-1.29979469644051,2.01583097067355,0.));
#5668=CARTESIAN_POINT('',(-1.29979469644051,-0.254381045525535,0.));
#5669=CARTESIAN_POINT('',(-1.2997946964405,-0.254381045525538,0.));
#5670=CARTESIAN_POINT('',(-4.5065449490644,1.61462071329073,0.));
#5671=CARTESIAN_POINT('',(5.90000000000001,-6.4,0.));
#5672=CARTESIAN_POINT('',(5.90000000000001,-5.9,0.));
#5673=CARTESIAN_POINT('',(5.90000000000001,5.9,0.));
#5674=CARTESIAN_POINT('',(-6.39999999999999,5.9,0.));
#5675=CARTESIAN_POINT('',(-5.89999999999999,5.9,0.));
#5676=CARTESIAN_POINT('',(-5.89999999999999,-6.4,0.));
#5677=CARTESIAN_POINT('',(-5.89999999999999,-5.9,0.));
#5678=CARTESIAN_POINT('',(-6.39999999999999,-5.9,0.));
#5679=CARTESIAN_POINT('',(1.2789414114514,0.267143808255659,0.));
#5680=CARTESIAN_POINT('',(2.735,-0.318075898801598,0.));
#5681=CARTESIAN_POINT('',(1.2789414114514,0.267143808255659,0.));
#5682=CARTESIAN_POINT('',(2.735,-0.318075898801597,0.));
#5683=CARTESIAN_POINT('',(2.735,-0.318075898801598,0.));
#5684=CARTESIAN_POINT('',(2.69305592543276,-0.432922769640479,0.));
#5685=CARTESIAN_POINT('',(2.69305592543276,-0.432922769640479,0.));
#5686=CARTESIAN_POINT('',(2.69305592543276,-0.432922769640479,0.));
#5687=CARTESIAN_POINT('',(1.235,0.153295605858855,0.));
#5688=CARTESIAN_POINT('',(1.235,0.153295605858855,0.));
#5689=CARTESIAN_POINT('',(1.235,0.153295605858855,0.));
#5690=CARTESIAN_POINT('',(1.2789414114514,0.267143808255659,0.));
#5691=CARTESIAN_POINT('',(2.71602529960054,-1.55942077230359,0.));
#5692=CARTESIAN_POINT('',(2.23000665778962,-1.55942077230359,0.));
#5693=CARTESIAN_POINT('',(1.7439880159787,-1.5594207723036,0.));
#5694=CARTESIAN_POINT('',(1.25796937416778,-1.5594207723036,0.));
#5695=CARTESIAN_POINT('',(2.71602529960054,-1.55942077230359,0.));
#5696=CARTESIAN_POINT('',(1.25796937416778,-1.5594207723036,0.));
#5697=CARTESIAN_POINT('',(1.25796937416778,-1.5594207723036,0.));
#5698=CARTESIAN_POINT('',(1.25796937416778,-1.38199067909454,0.));
#5699=CARTESIAN_POINT('',(1.25796937416778,-1.20456058588549,0.));
#5700=CARTESIAN_POINT('',(1.25796937416778,-1.02713049267643,0.));
#5701=CARTESIAN_POINT('',(1.25796937416778,-0.87233688415446,0.));
#5702=CARTESIAN_POINT('',(1.29591877496672,-0.758488681757656,0.));
#5703=CARTESIAN_POINT('',(1.37081890812251,-0.684587217043941,0.));
#5704=CARTESIAN_POINT('',(1.44572578843019,-0.610679095140359,0.));
#5705=CARTESIAN_POINT('',(1.56256324900134,-0.574733688415445,0.));
#5706=CARTESIAN_POINT('',(2.04492010652464,-0.574733688415445,0.));
#5707=CARTESIAN_POINT('',(2.2087017310253,-0.725532623169107,0.));
#5708=CARTESIAN_POINT('',(2.20770306258323,-1.02713049267643,0.));
#5709=CARTESIAN_POINT('',(2.20770306258323,-1.02713049267643,0.));
#5710=CARTESIAN_POINT('',(2.20770306258323,-1.02713049267643,0.));
#5711=CARTESIAN_POINT('',(2.20725884738519,-1.16128348248422,0.));
#5712=CARTESIAN_POINT('',(2.20770306258323,-1.29543941411451,0.));
#5713=CARTESIAN_POINT('',(2.20770306258323,-1.42959387483356,0.));
#5714=CARTESIAN_POINT('',(2.20770306258323,-1.42959387483356,0.));
#5715=CARTESIAN_POINT('',(2.20770306258323,-1.42959387483356,0.));
#5716=CARTESIAN_POINT('',(2.37714380825566,-1.42959387483356,0.));
#5717=CARTESIAN_POINT('',(2.5465845539281,-1.42959387483356,0.));
#5718=CARTESIAN_POINT('',(2.71602529960054,-1.42959387483356,0.));
#5719=CARTESIAN_POINT('',(2.71602529960054,-1.42959387483356,0.));
#5720=CARTESIAN_POINT('',(2.71602529960054,-1.42959387483356,0.));
#5721=CARTESIAN_POINT('',(2.71602529960054,-1.47286950732357,0.));
#5722=CARTESIAN_POINT('',(2.71602529960054,-1.51614513981358,0.));
#5723=CARTESIAN_POINT('',(2.71602529960054,-1.55942077230359,0.));
#5724=CARTESIAN_POINT('',(1.37481358189082,0.647636484687085,0.));
#5725=CARTESIAN_POINT('',(2.71602529960054,0.647636484687085,0.));
#5726=CARTESIAN_POINT('',(1.37481358189082,0.647636484687085,0.));
#5727=CARTESIAN_POINT('',(2.71602529960054,0.647636484687085,0.));
#5728=CARTESIAN_POINT('',(2.71602529960054,0.647636484687085,0.));
#5729=CARTESIAN_POINT('',(2.71602529960054,0.517809587217045,0.));
#5730=CARTESIAN_POINT('',(2.71602529960054,0.517809587217045,0.));
#5731=CARTESIAN_POINT('',(2.71602529960054,0.517809587217045,0.));
#5732=CARTESIAN_POINT('',(1.25796937416778,0.517809587217045,0.));
#5733=CARTESIAN_POINT('',(1.25796937416778,0.517809587217045,0.));
#5734=CARTESIAN_POINT('',(1.25796937416778,0.517809587217045,0.));
#5735=CARTESIAN_POINT('',(1.25796937416778,0.773468708388815,0.));
#5736=CARTESIAN_POINT('',(1.25796937416778,0.773468708388815,0.));
#5737=CARTESIAN_POINT('',(1.25796937416778,0.773468708388815,0.));
#5738=CARTESIAN_POINT('',(2.60017976031958,1.383655126498,0.));
#5739=CARTESIAN_POINT('',(2.60017976031958,1.383655126498,0.));
#5740=CARTESIAN_POINT('',(2.60017976031958,1.383655126498,0.));
#5741=CARTESIAN_POINT('',(2.60017976031958,1.43159121171771,0.));
#5742=CARTESIAN_POINT('',(2.60017976031958,1.43159121171771,0.));
#5743=CARTESIAN_POINT('',(2.60017976031958,1.43159121171771,0.));
#5744=CARTESIAN_POINT('',(1.25796937416778,1.43159121171771,0.));
#5745=CARTESIAN_POINT('',(1.25796937416778,1.43159121171771,0.));
#5746=CARTESIAN_POINT('',(1.25796937416778,1.43159121171771,0.));
#5747=CARTESIAN_POINT('',(1.25796937416778,1.5594207723036,0.));
#5748=CARTESIAN_POINT('',(1.25796937416778,1.5594207723036,0.));
#5749=CARTESIAN_POINT('',(1.25796937416778,1.5594207723036,0.));
#5750=CARTESIAN_POINT('',(2.71602529960054,1.5594207723036,0.));
#5751=CARTESIAN_POINT('',(2.71602529960054,1.5594207723036,0.));
#5752=CARTESIAN_POINT('',(2.71602529960054,1.5594207723036,0.));
#5753=CARTESIAN_POINT('',(2.71602529960054,1.30775632490013,0.));
#5754=CARTESIAN_POINT('',(2.71602529960054,1.30775632490013,0.));
#5755=CARTESIAN_POINT('',(2.71602529960054,1.30775632490013,0.));
#5756=CARTESIAN_POINT('',(1.37481358189082,0.693575233022637,0.));
#5757=CARTESIAN_POINT('',(1.37481358189082,0.693575233022637,0.));
#5758=CARTESIAN_POINT('',(1.37481358189082,0.693575233022637,0.));
#5759=CARTESIAN_POINT('',(1.37481358189082,0.647636484687085,0.));
#5760=CARTESIAN_POINT('',(-1.29979469644051,-1.75959034777757,0.));
#5761=CARTESIAN_POINT('',(-1.29979469644051,-1.75959034777756,0.));
#5762=CARTESIAN_POINT('',(-1.29979469644051,-2.51703993327252,0.));
#5763=CARTESIAN_POINT('',(-1.29979469644051,-2.51703993327252,0.));
#5764=CARTESIAN_POINT('',(-4.5065449490644,-2.68425228354416,0.));
#5765=CARTESIAN_POINT('',(-4.5065449490644,-2.68425228354416,0.));
#5766=CARTESIAN_POINT('',(-4.5065449490644,-1.87765767147605,0.));
#5767=CARTESIAN_POINT('',(-4.5065449490644,-1.87765767147605,0.));
#5768=CARTESIAN_POINT('',(-2.84281933258755,-1.79894612234373,0.));
#5769=CARTESIAN_POINT('',(-2.84281933258755,-1.79894612234373,0.));
#5770=CARTESIAN_POINT('',(-3.33595911389385,-1.44484353451738,0.));
#5771=CARTESIAN_POINT('',(-3.33595911389385,-1.44484353451738,0.));
#5772=CARTESIAN_POINT('',(-3.33595911389385,-0.608732091524653,0.));
#5773=CARTESIAN_POINT('',(-3.33595911389385,-0.608732091524647,0.));
#5774=CARTESIAN_POINT('',(-2.82443342780285,-0.520181598750783,0.));
#5775=CARTESIAN_POINT('',(-2.82443342780285,-0.520181598750783,0.));
#5776=CARTESIAN_POINT('',(-4.5065449490644,0.483191886148131,0.));
#5777=CARTESIAN_POINT('',(-4.5065449490644,0.48319188614813,0.));
#5778=CARTESIAN_POINT('',(-4.5065449490644,1.38817593463164,0.));
#5779=CARTESIAN_POINT('',(-4.5065449490644,1.38817593463164,0.));
#5780=CARTESIAN_POINT('',(-1.2997946964405,-0.490664767826166,0.));
#5781=CARTESIAN_POINT('',(-1.29979469644051,-0.490664767826163,0.));
#5782=CARTESIAN_POINT('',(-1.29979469644051,-1.31693726717735,0.));
#5783=CARTESIAN_POINT('',(-1.29979469644051,-1.31693726717735,0.));
#5784=CARTESIAN_POINT('',(-1.85062646546312,-1.39564881630967,0.));
#5785=CARTESIAN_POINT('',(-1.85062646546311,-1.39564881630967,0.));
#5786=CARTESIAN_POINT('',(-6.39999999999999,-6.4,-3.79));
#5787=CARTESIAN_POINT('',(6.40000000000001,-6.4,-3.79));
#5788=CARTESIAN_POINT('',(6.40000000000001,-5.9,-3.79));
#5789=CARTESIAN_POINT('',(6.4,-2.,-3.79));
#5790=CARTESIAN_POINT('',(5.90000000000001,-5.9,-3.79));
#5791=CARTESIAN_POINT('',(5.90000000000001,-6.4,-3.79));
#5792=CARTESIAN_POINT('',(-6.4,-6.4,-3.79));
#5793=CARTESIAN_POINT('',(-5.89999999999999,-6.4,-3.79));
#5794=CARTESIAN_POINT('',(-5.89999999999999,-5.9,-3.79));
#5795=CARTESIAN_POINT('',(-6.39999999999999,-5.9,-3.79));
#5796=CARTESIAN_POINT('',(-6.39999999999999,6.4,-3.79));
#5797=CARTESIAN_POINT('',(-6.4,-2.,-3.79));
#5798=CARTESIAN_POINT('',(-4.41719099300625,-3.24686389125975,-3.79));
#5799=CARTESIAN_POINT('',(-2.71489702682952,-4.31732951414555,-3.79));
#5800=CARTESIAN_POINT('',(5.57661587937464E-16,0.,-3.79));
#5801=CARTESIAN_POINT('',(2.71489702682952,-4.31732951414555,-3.79));
#5802=CARTESIAN_POINT('',(-4.75556859605628,-9.0150355479688,-3.79));
#5803=CARTESIAN_POINT('',(-6.39999999999999,6.4,-3.79));
#5804=CARTESIAN_POINT('',(-6.39999999999999,6.4,-0.5));
#5805=CARTESIAN_POINT('',(-6.39999999999999,-5.9,-0.5));
#5806=CARTESIAN_POINT('',(-6.39999999999999,5.9,-0.5));
#5807=CARTESIAN_POINT('',(-6.39999999999999,5.9,-3.79));
#5808=CARTESIAN_POINT('',(-6.39999999999999,5.9,-3.79));
#5809=CARTESIAN_POINT('',(-6.39999999999999,6.4,-3.79));
#5810=CARTESIAN_POINT('',(-6.4,2.,-3.79));
#5811=CARTESIAN_POINT('',(-6.4,2.,-19.6944342979178));
#5812=CARTESIAN_POINT('',(-6.39999999999999,2.,-1.2));
#5813=CARTESIAN_POINT('',(-6.4,2.,-1.2));
#5814=CARTESIAN_POINT('',(-6.4,-2.,-1.2));
#5815=CARTESIAN_POINT('',(-6.4,-2.,-19.6944342979178));
#5816=CARTESIAN_POINT('',(-6.39999999999999,-5.9,-3.79));
#5817=CARTESIAN_POINT('',(-6.4,-6.4,-3.79));
#5818=CARTESIAN_POINT('',(5.90000000000001,-6.4,-3.79));
#5819=CARTESIAN_POINT('',(5.90000000000001,-6.4,-0.5));
#5820=CARTESIAN_POINT('',(-6.4,-6.4,-0.5));
#5821=CARTESIAN_POINT('',(-5.89999999999999,-6.4,-0.5));
#5822=CARTESIAN_POINT('',(-5.89999999999999,-6.4,-3.79));
#5823=CARTESIAN_POINT('',(6.40000000000001,-6.4,-3.79));
#5824=CARTESIAN_POINT('',(6.40000000000001,-6.4,-3.79));
#5825=CARTESIAN_POINT('',(6.4,2.,-3.79));
#5826=CARTESIAN_POINT('',(6.40000000000001,5.9,-3.79));
#5827=CARTESIAN_POINT('',(6.40000000000001,5.9,-3.79));
#5828=CARTESIAN_POINT('',(6.40000000000001,5.9,-0.5));
#5829=CARTESIAN_POINT('',(6.40000000000001,-6.4,-0.5));
#5830=CARTESIAN_POINT('',(6.40000000000001,-5.9,-0.5));
#5831=CARTESIAN_POINT('',(6.40000000000001,-5.9,-3.79));
#5832=CARTESIAN_POINT('',(6.4,-2.,-19.6944342979178));
#5833=CARTESIAN_POINT('',(6.4,-2.,-1.2));
#5834=CARTESIAN_POINT('',(6.4,2.,-1.2));
#5835=CARTESIAN_POINT('',(6.4,2.,-1.2));
#5836=CARTESIAN_POINT('',(6.4,2.,-19.6944342979178));
#5837=CARTESIAN_POINT('',(6.40000000000001,6.4,-3.79));
#5838=CARTESIAN_POINT('',(6.40000000000001,6.4,-0.5));
#5839=CARTESIAN_POINT('',(-5.89999999999999,6.4,-0.5));
#5840=CARTESIAN_POINT('',(5.90000000000001,6.4,-0.5));
#5841=CARTESIAN_POINT('',(5.90000000000001,6.4,-3.79));
#5842=CARTESIAN_POINT('',(5.90000000000001,6.4,-3.79));
#5843=CARTESIAN_POINT('',(6.40000000000001,6.4,-3.79));
#5844=CARTESIAN_POINT('',(-5.89999999999999,6.4,-3.79));
#5845=CARTESIAN_POINT('',(-5.89999999999999,6.4,-3.79));
#5846=CARTESIAN_POINT('',(-6.39999999999999,-6.4,-3.79));
#5847=CARTESIAN_POINT('',(5.90000000000001,5.9,-3.79));
#5848=CARTESIAN_POINT('',(1.01260306065278,5.38779513703134,-3.79));
#5849=CARTESIAN_POINT('',(2.71489702682952,4.31732951414555,-3.79));
#5850=CARTESIAN_POINT('',(5.57661587937464E-16,0.,-3.79));
#5851=CARTESIAN_POINT('',(-2.71489702682952,4.31732951414555,-3.79));
#5852=CARTESIAN_POINT('',(-10.1853626497153,-0.380376519677699,-3.79));
#5853=CARTESIAN_POINT('',(-5.89999999999999,5.9,-3.79));
#5854=CARTESIAN_POINT('',(-6.4,2.,-19.6944342979178));
#5855=CARTESIAN_POINT('',(-2.71489702682952,4.31732951414555,-19.6944342979178));
#5856=CARTESIAN_POINT('',(-2.71489702682952,4.31732951414555,-1.2));
#5857=CARTESIAN_POINT('',(-6.4,2.,-1.2));
#5858=CARTESIAN_POINT('',(-6.4,-2.,-19.6944342979178));
#5859=CARTESIAN_POINT('',(-6.4,-2.,-1.2));
#5860=CARTESIAN_POINT('',(-2.71489702682952,-4.31732951414555,-1.2));
#5861=CARTESIAN_POINT('',(-2.71489702682952,-4.31732951414555,-19.6944342979178));
#5862=CARTESIAN_POINT('',(5.57661587937464E-16,0.,-19.6944342979178));
#5863=CARTESIAN_POINT('',(5.57661587937464E-16,0.,-1.2));
#5864=CARTESIAN_POINT('',(2.71489702682952,-4.31732951414555,-1.2));
#5865=CARTESIAN_POINT('',(2.71489702682952,-4.31732951414555,-19.6944342979178));
#5866=CARTESIAN_POINT('',(6.4,-2.,-19.6944342979178));
#5867=CARTESIAN_POINT('',(6.4,-2.,-1.2));
#5868=CARTESIAN_POINT('',(6.4,2.,-19.6944342979178));
#5869=CARTESIAN_POINT('',(6.4,2.,-1.2));
#5870=CARTESIAN_POINT('',(2.71489702682952,4.31732951414555,-1.2));
#5871=CARTESIAN_POINT('',(2.71489702682952,4.31732951414555,-19.6944342979178));
#5872=CARTESIAN_POINT('',(5.57661587937464E-16,0.,-19.6944342979178));
#5873=CARTESIAN_POINT('',(5.57661587937464E-16,0.,-1.2));
#5874=CARTESIAN_POINT('',(5.57661587937464E-16,0.,-1.2));
#5875=CARTESIAN_POINT('',(1.25796937416778,-1.5594207723036,-0.01));
#5876=CARTESIAN_POINT('',(1.25796937416778,-1.5594207723036,-6.7762635780344E-18));
#5877=CARTESIAN_POINT('',(1.25796937416778,-1.38929569560898,-0.01));
#5878=CARTESIAN_POINT('',(1.25796937416778,-1.38929569560898,-6.7762635780344E-18));
#5879=CARTESIAN_POINT('',(1.2428686105181,-1.15535162860232,-0.00999999999999999));
#5880=CARTESIAN_POINT('',(1.2428686105181,-1.15535162860232,5.0821976835258E-18));
#5881=CARTESIAN_POINT('',(1.28313731358392,-0.758452013785733,-0.01));
#5882=CARTESIAN_POINT('',(1.28313731358392,-0.758452013785733,-1.01643953670516E-17));
#5883=CARTESIAN_POINT('',(1.48141655804978,-0.558836530320553,-0.01));
#5884=CARTESIAN_POINT('',(1.48141655804978,-0.558836530320553,-1.6940658945086E-18));
#5885=CARTESIAN_POINT('',(2.08047774872918,-0.558782171481803,-0.01));
#5886=CARTESIAN_POINT('',(2.08047774872918,-0.558782171481803,-1.01643953670516E-17));
#5887=CARTESIAN_POINT('',(2.20836614610815,-0.826879268150555,-0.01));
#5888=CARTESIAN_POINT('',(2.20836614610815,-0.826879268150555,-6.7762635780344E-18));
#5889=CARTESIAN_POINT('',(2.20770306258323,-1.02713049267643,-0.01));
#5890=CARTESIAN_POINT('',(2.20770306258323,-1.02713049267643,-6.7762635780344E-18));
#5891=CARTESIAN_POINT('',(1.25796937416778,-1.5594207723036,-0.01));
#5892=CARTESIAN_POINT('',(1.25796937416778,-1.5594207723036,-0.01));
#5893=CARTESIAN_POINT('',(1.25796937416778,-1.5594207723036,-0.01));
#5894=CARTESIAN_POINT('',(1.25796937416778,-1.38199067909454,-0.01));
#5895=CARTESIAN_POINT('',(1.25796937416778,-1.20456058588549,-0.01));
#5896=CARTESIAN_POINT('',(1.25796937416778,-1.02713049267643,-0.01));
#5897=CARTESIAN_POINT('',(1.25796937416778,-0.87233688415446,-0.01));
#5898=CARTESIAN_POINT('',(1.29591877496672,-0.758488681757656,-0.01));
#5899=CARTESIAN_POINT('',(1.37081890812251,-0.684587217043941,-0.01));
#5900=CARTESIAN_POINT('',(1.44572578843019,-0.610679095140359,-0.01));
#5901=CARTESIAN_POINT('',(1.56256324900134,-0.574733688415445,-0.01));
#5902=CARTESIAN_POINT('',(2.04492010652464,-0.574733688415445,-0.01));
#5903=CARTESIAN_POINT('',(2.2087017310253,-0.725532623169107,-0.01));
#5904=CARTESIAN_POINT('',(2.20770306258323,-1.02713049267643,-0.01));
#5905=CARTESIAN_POINT('',(2.20770306258323,-1.02713049267643,-0.01));
#5906=CARTESIAN_POINT('',(2.20770306258323,-1.02713049267643,-0.01));
#5907=CARTESIAN_POINT('',(2.20770306258323,-1.02713049267643,-0.01));
#5908=CARTESIAN_POINT('',(2.20770306258323,-1.02713049267643,-6.7762635780344E-18));
#5909=CARTESIAN_POINT('',(2.20725884738519,-1.16128348248422,-0.01));
#5910=CARTESIAN_POINT('',(2.20725884738519,-1.16128348248422,-6.7762635780344E-18));
#5911=CARTESIAN_POINT('',(2.20770306258323,-1.29543941411451,-0.01));
#5912=CARTESIAN_POINT('',(2.20770306258323,-1.29543941411451,-6.7762635780344E-18));
#5913=CARTESIAN_POINT('',(2.20770306258323,-1.42959387483356,-0.01));
#5914=CARTESIAN_POINT('',(2.20770306258323,-1.42959387483356,-6.7762635780344E-18));
#5915=CARTESIAN_POINT('',(2.20770306258323,-1.02713049267643,-0.01));
#5916=CARTESIAN_POINT('',(2.20725884738519,-1.16128348248422,-0.01));
#5917=CARTESIAN_POINT('',(2.20770306258323,-1.29543941411451,-0.01));
#5918=CARTESIAN_POINT('',(2.20770306258323,-1.42959387483356,-0.01));
#5919=CARTESIAN_POINT('',(2.20770306258323,-1.42959387483356,-0.01));
#5920=CARTESIAN_POINT('',(2.20770306258323,-1.42959387483356,-0.01));
#5921=CARTESIAN_POINT('',(2.20770306258323,-1.42959387483356,-0.01));
#5922=CARTESIAN_POINT('',(2.20770306258323,-1.42959387483356,-0.01));
#5923=CARTESIAN_POINT('',(2.37714380825566,-1.42959387483356,-0.01));
#5924=CARTESIAN_POINT('',(2.5465845539281,-1.42959387483356,-0.01));
#5925=CARTESIAN_POINT('',(2.71602529960054,-1.42959387483356,-0.01));
#5926=CARTESIAN_POINT('',(2.71602529960054,-1.42959387483356,-0.01));
#5927=CARTESIAN_POINT('',(2.71602529960054,-1.42959387483356,-0.01));
#5928=CARTESIAN_POINT('',(2.71602529960054,-1.42959387483356,-0.01));
#5929=CARTESIAN_POINT('',(2.71602529960054,-1.42959387483356,-0.01));
#5930=CARTESIAN_POINT('',(2.71602529960054,-1.47286950732357,-0.01));
#5931=CARTESIAN_POINT('',(2.71602529960054,-1.51614513981358,-0.01));
#5932=CARTESIAN_POINT('',(2.71602529960054,-1.55942077230359,-0.01));
#5933=CARTESIAN_POINT('',(2.71602529960054,-1.55942077230359,-0.01));
#5934=CARTESIAN_POINT('',(2.71602529960054,-1.55942077230359,-0.01));
#5935=CARTESIAN_POINT('',(2.09285619174435,-1.42959387483356,-0.01));
#5936=CARTESIAN_POINT('',(2.09285619174435,-1.42959387483356,-6.7762635780344E-18));
#5937=CARTESIAN_POINT('',(2.09285619174435,-1.34997377179548,-0.01));
#5938=CARTESIAN_POINT('',(2.09285619174435,-1.34997377179548,-6.7762635780344E-18));
#5939=CARTESIAN_POINT('',(2.08920349073436,-1.1952414619643,-0.01));
#5940=CARTESIAN_POINT('',(2.08920349073436,-1.1952414619643,-8.470329472543E-18));
#5941=CARTESIAN_POINT('',(2.10564064527929,-0.936095619747645,-0.01));
#5942=CARTESIAN_POINT('',(2.10564064527929,-0.936095619747645,-5.0821976835258E-18));
#5943=CARTESIAN_POINT('',(2.00614191558909,-0.752523991599453,-0.01));
#5944=CARTESIAN_POINT('',(2.00614191558909,-0.752523991599453,-5.0821976835258E-18));
#5945=CARTESIAN_POINT('',(1.74425903903026,-0.690792979896959,-0.01));
#5946=CARTESIAN_POINT('',(1.74425903903026,-0.690792979896959,-8.470329472543E-18));
#5947=CARTESIAN_POINT('',(1.46068889019977,-0.737248134073989,-0.01));
#5948=CARTESIAN_POINT('',(1.46068889019977,-0.737248134073989,-6.7762635780344E-18));
#5949=CARTESIAN_POINT('',(1.37575249725711,-0.885239252937217,-0.01));
#5950=CARTESIAN_POINT('',(1.37575249725711,-0.885239252937217,-8.470329472543E-18));
#5951=CARTESIAN_POINT('',(1.37198093573702,-1.07627061969674,-0.01));
#5952=CARTESIAN_POINT('',(1.37198093573702,-1.07627061969674,-1.6940658945086E-18));
#5953=CARTESIAN_POINT('',(1.37239135738624,-1.22755722368648,-0.01));
#5954=CARTESIAN_POINT('',(1.37239135738624,-1.22755722368648,-6.7762635780344E-18));
#5955=CARTESIAN_POINT('',(1.37281624500666,-1.34997419488767,-0.01));
#5956=CARTESIAN_POINT('',(1.37281624500666,-1.34997419488767,-6.7762635780344E-18));
#5957=CARTESIAN_POINT('',(1.37281624500666,-1.42959387483356,-0.01));
#5958=CARTESIAN_POINT('',(1.37281624500666,-1.42959387483356,-6.7762635780344E-18));
#5959=CARTESIAN_POINT('',(2.09285619174435,-1.42959387483356,0.));
#5960=CARTESIAN_POINT('',(2.09285619174435,-1.29543941411451,0.));
#5961=CARTESIAN_POINT('',(2.09285619174435,-1.16128495339547,0.));
#5962=CARTESIAN_POINT('',(2.09285619174435,-1.02713049267643,0.));
#5963=CARTESIAN_POINT('',(2.09285619174435,-0.815412782956058,0.));
#5964=CARTESIAN_POINT('',(1.96802263648469,-0.708555259653795,0.));
#5965=CARTESIAN_POINT('',(1.60051264980027,-0.708555259653795,0.));
#5966=CARTESIAN_POINT('',(1.51362849533955,-0.733521970705725,0.));
#5967=CARTESIAN_POINT('',(1.45670439414115,-0.784454061251664,0.));
#5968=CARTESIAN_POINT('',(1.40138584451501,-0.833949605653999,0.));
#5969=CARTESIAN_POINT('',(1.37381491344874,-0.915279627163781,0.));
#5970=CARTESIAN_POINT('',(1.37281624500666,-1.02713049267643,0.));
#5971=CARTESIAN_POINT('',(1.37161853280255,-1.16127425953651,0.));
#5972=CARTESIAN_POINT('',(1.37281624500666,-1.29543941411451,0.));
#5973=CARTESIAN_POINT('',(1.37281624500666,-1.42959387483356,0.));
#5974=CARTESIAN_POINT('',(2.09285619174435,-1.42959387483356,0.));
#5975=CARTESIAN_POINT('',(1.37281624500666,-1.42959387483356,0.));
#5976=CARTESIAN_POINT('',(2.09285619174435,-1.42959387483356,-0.01));
#5977=CARTESIAN_POINT('',(2.09285619174435,-1.42959387483356,-0.01));
#5978=CARTESIAN_POINT('',(2.09285619174435,-1.42959387483356,-0.01));
#5979=CARTESIAN_POINT('',(2.09285619174435,-1.29543941411451,-0.01));
#5980=CARTESIAN_POINT('',(2.09285619174435,-1.16128495339547,-0.01));
#5981=CARTESIAN_POINT('',(2.09285619174435,-1.02713049267643,-0.01));
#5982=CARTESIAN_POINT('',(2.09285619174435,-0.815412782956058,-0.01));
#5983=CARTESIAN_POINT('',(1.96802263648469,-0.708555259653795,-0.01));
#5984=CARTESIAN_POINT('',(1.60051264980027,-0.708555259653795,-0.01));
#5985=CARTESIAN_POINT('',(1.51362849533955,-0.733521970705725,-0.01));
#5986=CARTESIAN_POINT('',(1.45670439414115,-0.784454061251664,-0.01));
#5987=CARTESIAN_POINT('',(1.40138584451501,-0.833949605653999,-0.01));
#5988=CARTESIAN_POINT('',(1.37381491344874,-0.915279627163781,-0.01));
#5989=CARTESIAN_POINT('',(1.37281624500666,-1.02713049267643,-0.01));
#5990=CARTESIAN_POINT('',(1.37161853280255,-1.16127425953651,-0.01));
#5991=CARTESIAN_POINT('',(1.37281624500666,-1.29543941411451,-0.01));
#5992=CARTESIAN_POINT('',(1.37281624500666,-1.42959387483356,-0.01));
#5993=CARTESIAN_POINT('',(1.37281624500666,-1.42959387483356,-0.01));
#5994=CARTESIAN_POINT('',(1.37281624500666,-1.42959387483356,-0.01));
#5995=CARTESIAN_POINT('',(1.37281624500666,-1.42959387483356,-0.01));
#5996=CARTESIAN_POINT('',(1.37281624500666,-1.42959387483356,0.));
#5997=CARTESIAN_POINT('',(1.61282956058589,-1.42959387483356,0.));
#5998=CARTESIAN_POINT('',(1.85284287616512,-1.42959387483356,0.));
#5999=CARTESIAN_POINT('',(2.09285619174435,-1.42959387483356,0.));
#6000=CARTESIAN_POINT('',(1.37281624500666,-1.42959387483356,-0.01));
#6001=CARTESIAN_POINT('',(1.61282956058589,-1.42959387483356,-0.01));
#6002=CARTESIAN_POINT('',(1.85284287616512,-1.42959387483356,-0.01));
#6003=CARTESIAN_POINT('',(2.09285619174435,-1.42959387483356,-0.01));
#6004=CARTESIAN_POINT('',(2.71602529960054,-1.55942077230359,-0.01));
#6005=CARTESIAN_POINT('',(2.71602529960054,-1.55942077230359,-0.01));
#6006=CARTESIAN_POINT('',(2.23000665778962,-1.55942077230359,-0.01));
#6007=CARTESIAN_POINT('',(1.7439880159787,-1.5594207723036,-0.01));
#6008=CARTESIAN_POINT('',(1.25796937416778,-1.5594207723036,-0.01));
#6009=CARTESIAN_POINT('',(1.45526088927312,-0.625371400886363,-0.01));
#6010=CARTESIAN_POINT('',(-6.39999999999999,-6.4,0.));
#6011=CARTESIAN_POINT('',(2.735,-0.318075898801598,-0.01));
#6012=CARTESIAN_POINT('',(2.735,-0.318075898801598,-0.01));
#6013=CARTESIAN_POINT('',(2.735,-0.318075898801598,-0.01));
#6014=CARTESIAN_POINT('',(2.735,-0.318075898801598,-0.01));
#6015=CARTESIAN_POINT('',(2.69305592543276,-0.432922769640479,-0.01));
#6016=CARTESIAN_POINT('',(2.69305592543276,-0.432922769640479,-0.01));
#6017=CARTESIAN_POINT('',(2.69305592543276,-0.432922769640479,-0.01));
#6018=CARTESIAN_POINT('',(2.69305592543276,-0.432922769640479,-0.01));
#6019=CARTESIAN_POINT('',(2.69305592543276,-0.432922769640479,-0.01));
#6020=CARTESIAN_POINT('',(1.235,0.153295605858855,-0.01));
#6021=CARTESIAN_POINT('',(1.235,0.153295605858855,-0.01));
#6022=CARTESIAN_POINT('',(1.235,0.153295605858855,-0.01));
#6023=CARTESIAN_POINT('',(1.235,0.153295605858855,-0.01));
#6024=CARTESIAN_POINT('',(1.235,0.153295605858855,-0.01));
#6025=CARTESIAN_POINT('',(1.2789414114514,0.267143808255659,-0.01));
#6026=CARTESIAN_POINT('',(1.2789414114514,0.267143808255659,-0.01));
#6027=CARTESIAN_POINT('',(1.2789414114514,0.267143808255659,-0.01));
#6028=CARTESIAN_POINT('',(1.2789414114514,0.267143808255659,-0.01));
#6029=CARTESIAN_POINT('',(1.2789414114514,0.267143808255659,-0.01));
#6030=CARTESIAN_POINT('',(2.735,-0.318075898801598,-0.01));
#6031=CARTESIAN_POINT('',(2.71402796271638,-0.375499334221038,-0.01));
#6032=CARTESIAN_POINT('',(2.71602529960054,0.647636484687085,-0.01));
#6033=CARTESIAN_POINT('',(2.71602529960054,0.647636484687085,-0.01));
#6034=CARTESIAN_POINT('',(2.71602529960054,0.647636484687085,-0.01));
#6035=CARTESIAN_POINT('',(2.71602529960054,0.647636484687085,-0.01));
#6036=CARTESIAN_POINT('',(2.71602529960054,0.517809587217045,-0.01));
#6037=CARTESIAN_POINT('',(2.71602529960054,0.517809587217045,-0.01));
#6038=CARTESIAN_POINT('',(2.71602529960054,0.517809587217045,-0.01));
#6039=CARTESIAN_POINT('',(2.71602529960054,0.517809587217045,-0.01));
#6040=CARTESIAN_POINT('',(2.71602529960054,0.517809587217045,-0.01));
#6041=CARTESIAN_POINT('',(1.25796937416778,0.517809587217045,-0.01));
#6042=CARTESIAN_POINT('',(1.25796937416778,0.517809587217045,-0.01));
#6043=CARTESIAN_POINT('',(1.25796937416778,0.517809587217045,-0.01));
#6044=CARTESIAN_POINT('',(1.25796937416778,0.517809587217045,-0.01));
#6045=CARTESIAN_POINT('',(1.25796937416778,0.517809587217045,-0.01));
#6046=CARTESIAN_POINT('',(1.25796937416778,0.773468708388815,-0.01));
#6047=CARTESIAN_POINT('',(1.25796937416778,0.773468708388815,-0.01));
#6048=CARTESIAN_POINT('',(1.25796937416778,0.773468708388815,-0.01));
#6049=CARTESIAN_POINT('',(1.25796937416778,0.773468708388815,-0.01));
#6050=CARTESIAN_POINT('',(1.25796937416778,0.773468708388815,-0.01));
#6051=CARTESIAN_POINT('',(2.60017976031958,1.383655126498,-0.01));
#6052=CARTESIAN_POINT('',(2.60017976031958,1.383655126498,-0.01));
#6053=CARTESIAN_POINT('',(2.60017976031958,1.383655126498,-0.01));
#6054=CARTESIAN_POINT('',(2.60017976031958,1.383655126498,-0.01));
#6055=CARTESIAN_POINT('',(2.60017976031958,1.383655126498,-0.01));
#6056=CARTESIAN_POINT('',(2.60017976031958,1.43159121171771,-0.01));
#6057=CARTESIAN_POINT('',(2.60017976031958,1.43159121171771,-0.01));
#6058=CARTESIAN_POINT('',(2.60017976031958,1.43159121171771,-0.01));
#6059=CARTESIAN_POINT('',(2.60017976031958,1.43159121171771,-0.01));
#6060=CARTESIAN_POINT('',(2.60017976031958,1.43159121171771,-0.01));
#6061=CARTESIAN_POINT('',(1.25796937416778,1.43159121171771,-0.01));
#6062=CARTESIAN_POINT('',(1.25796937416778,1.43159121171771,-0.01));
#6063=CARTESIAN_POINT('',(1.25796937416778,1.43159121171771,-0.01));
#6064=CARTESIAN_POINT('',(1.25796937416778,1.43159121171771,-0.01));
#6065=CARTESIAN_POINT('',(1.25796937416778,1.43159121171771,-0.01));
#6066=CARTESIAN_POINT('',(1.25796937416778,1.5594207723036,-0.01));
#6067=CARTESIAN_POINT('',(1.25796937416778,1.5594207723036,-0.01));
#6068=CARTESIAN_POINT('',(1.25796937416778,1.5594207723036,-0.01));
#6069=CARTESIAN_POINT('',(1.25796937416778,1.5594207723036,-0.01));
#6070=CARTESIAN_POINT('',(1.25796937416778,1.5594207723036,-0.01));
#6071=CARTESIAN_POINT('',(2.71602529960054,1.5594207723036,-0.01));
#6072=CARTESIAN_POINT('',(2.71602529960054,1.5594207723036,-0.01));
#6073=CARTESIAN_POINT('',(2.71602529960054,1.5594207723036,-0.01));
#6074=CARTESIAN_POINT('',(2.71602529960054,1.5594207723036,-0.01));
#6075=CARTESIAN_POINT('',(2.71602529960054,1.5594207723036,-0.01));
#6076=CARTESIAN_POINT('',(2.71602529960054,1.30775632490013,-0.01));
#6077=CARTESIAN_POINT('',(2.71602529960054,1.30775632490013,-0.01));
#6078=CARTESIAN_POINT('',(2.71602529960054,1.30775632490013,-0.01));
#6079=CARTESIAN_POINT('',(2.71602529960054,1.30775632490013,-0.01));
#6080=CARTESIAN_POINT('',(2.71602529960054,1.30775632490013,-0.01));
#6081=CARTESIAN_POINT('',(1.37481358189082,0.693575233022637,-0.01));
#6082=CARTESIAN_POINT('',(1.37481358189082,0.693575233022637,-0.01));
#6083=CARTESIAN_POINT('',(1.37481358189082,0.693575233022637,-0.01));
#6084=CARTESIAN_POINT('',(1.37481358189082,0.693575233022637,-0.01));
#6085=CARTESIAN_POINT('',(1.37481358189082,0.693575233022637,-0.01));
#6086=CARTESIAN_POINT('',(1.37481358189082,0.647636484687085,-0.01));
#6087=CARTESIAN_POINT('',(1.37481358189082,0.647636484687085,-0.01));
#6088=CARTESIAN_POINT('',(1.37481358189082,0.647636484687085,-0.01));
#6089=CARTESIAN_POINT('',(1.37481358189082,0.647636484687085,-0.01));
#6090=CARTESIAN_POINT('',(1.37481358189082,0.647636484687085,-0.01));
#6091=CARTESIAN_POINT('',(2.71602529960054,0.647636484687085,-0.01));
#6092=CARTESIAN_POINT('',(2.71602529960054,0.582723035952064,-0.01));
#6093=CARTESIAN_POINT('',(-5.89999999999999,-5.9,-3.79));
#6094=CARTESIAN_POINT('',(-5.89999999999999,-5.9,-0.5));
#6095=CARTESIAN_POINT('',(-5.89999999999999,-5.9,-0.5));
#6096=CARTESIAN_POINT('',(-5.89999999999999,-5.9,-0.5));
#6097=CARTESIAN_POINT('',(-5.89999999999999,-5.9,-0.5));
#6098=CARTESIAN_POINT('',(5.90000000000001,-5.9,-3.79));
#6099=CARTESIAN_POINT('',(5.90000000000001,-5.9,-0.5));
#6100=CARTESIAN_POINT('',(-6.39999999999999,-5.9,-0.5));
#6101=CARTESIAN_POINT('',(5.90000000000001,-5.9,-0.5));
#6102=CARTESIAN_POINT('',(-5.89999999999999,-6.4,-0.5));
#6103=CARTESIAN_POINT('',(-5.89999999999999,5.9,-0.5));
#6104=CARTESIAN_POINT('',(-5.89999999999999,5.9,-3.79));
#6105=CARTESIAN_POINT('',(-5.89999999999999,5.9,-0.5));
#6106=CARTESIAN_POINT('',(5.90000000000001,-5.9,-0.5));
#6107=CARTESIAN_POINT('',(5.90000000000001,-5.9,-0.5));
#6108=CARTESIAN_POINT('',(-5.89999999999999,5.9,-0.5));
#6109=CARTESIAN_POINT('',(-5.89999999999999,5.9,-0.5));
#6110=CARTESIAN_POINT('',(5.90000000000001,-6.4,-0.5));
#6111=CARTESIAN_POINT('',(5.90000000000001,5.9,-0.5));
#6112=CARTESIAN_POINT('',(-6.39999999999999,5.9,-0.5));
#6113=CARTESIAN_POINT('',(5.90000000000001,5.9,-0.5));
#6114=CARTESIAN_POINT('',(5.90000000000001,5.9,-0.5));
#6115=CARTESIAN_POINT('',(5.90000000000001,5.9,-0.5));
#6116=CARTESIAN_POINT('',(5.90000000000001,5.9,-3.79));
#6117=CARTESIAN_POINT('',(-1.29979469644051,-2.51703993327252,-0.01));
#6118=CARTESIAN_POINT('',(-1.29979469644051,-2.51703993327252,-0.01));
#6119=CARTESIAN_POINT('',(-1.29979469644051,-2.51703993327252,-0.01));
#6120=CARTESIAN_POINT('',(-1.29979469644051,-2.51703993327252,-0.01));
#6121=CARTESIAN_POINT('',(-4.5065449490644,-2.68425228354416,-0.01));
#6122=CARTESIAN_POINT('',(-4.5065449490644,-2.68425228354416,-0.01));
#6123=CARTESIAN_POINT('',(-4.5065449490644,-2.68425228354416,-0.01));
#6124=CARTESIAN_POINT('',(-4.5065449490644,-2.68425228354416,-0.01));
#6125=CARTESIAN_POINT('',(-4.5065449490644,-1.87765767147605,-0.01));
#6126=CARTESIAN_POINT('',(-4.5065449490644,-1.87765767147605,-0.01));
#6127=CARTESIAN_POINT('',(-4.5065449490644,-1.87765767147605,-0.01));
#6128=CARTESIAN_POINT('',(-4.5065449490644,-1.87765767147605,-0.01));
#6129=CARTESIAN_POINT('',(-2.84281933258755,-1.79894612234373,-0.01));
#6130=CARTESIAN_POINT('',(-2.84281933258755,-1.79894612234373,-0.01));
#6131=CARTESIAN_POINT('',(-2.84281933258755,-1.79894612234373,-0.01));
#6132=CARTESIAN_POINT('',(-2.84281933258755,-1.79894612234373,-0.01));
#6133=CARTESIAN_POINT('',(-3.33595911389385,-1.44484353451738,-0.01));
#6134=CARTESIAN_POINT('',(-3.33595911389385,-1.44484353451738,-0.01));
#6135=CARTESIAN_POINT('',(-3.33595911389385,-1.44484353451738,-0.01));
#6136=CARTESIAN_POINT('',(-3.33595911389385,-1.44484353451738,-0.01));
#6137=CARTESIAN_POINT('',(-3.33595911389385,-0.608732091524653,-0.01));
#6138=CARTESIAN_POINT('',(-3.33595911389385,-0.608732091524653,-0.01));
#6139=CARTESIAN_POINT('',(-3.33595911389385,-0.608732091524647,-0.01));
#6140=CARTESIAN_POINT('',(-3.33595911389385,-0.608732091524647,-0.01));
#6141=CARTESIAN_POINT('',(-2.82443342780285,-0.520181598750783,-0.01));
#6142=CARTESIAN_POINT('',(-2.82443342780285,-0.520181598750783,-0.01));
#6143=CARTESIAN_POINT('',(-2.82443342780285,-0.520181598750783,-0.01));
#6144=CARTESIAN_POINT('',(-2.82443342780285,-0.520181598750783,-0.01));
#6145=CARTESIAN_POINT('',(-4.5065449490644,0.483191886148131,-0.01));
#6146=CARTESIAN_POINT('',(-4.5065449490644,0.483191886148131,-0.01));
#6147=CARTESIAN_POINT('',(-4.5065449490644,0.48319188614813,-0.01));
#6148=CARTESIAN_POINT('',(-4.5065449490644,0.48319188614813,-0.01));
#6149=CARTESIAN_POINT('',(-4.5065449490644,1.38817593463164,-0.01));
#6150=CARTESIAN_POINT('',(-4.5065449490644,1.38817593463164,-0.01));
#6151=CARTESIAN_POINT('',(-4.5065449490644,1.38817593463164,-0.01));
#6152=CARTESIAN_POINT('',(-4.5065449490644,1.38817593463164,-0.01));
#6153=CARTESIAN_POINT('',(-1.2997946964405,-0.490664767826166,-0.01));
#6154=CARTESIAN_POINT('',(-1.2997946964405,-0.490664767826166,-0.01));
#6155=CARTESIAN_POINT('',(-1.29979469644051,-0.490664767826163,-0.01));
#6156=CARTESIAN_POINT('',(-1.29979469644051,-0.490664767826163,-0.01));
#6157=CARTESIAN_POINT('',(-1.29979469644051,-1.31693726717735,-0.01));
#6158=CARTESIAN_POINT('',(-1.29979469644051,-1.31693726717735,-0.01));
#6159=CARTESIAN_POINT('',(-1.29979469644051,-1.31693726717735,-0.01));
#6160=CARTESIAN_POINT('',(-1.29979469644051,-1.31693726717735,-0.01));
#6161=CARTESIAN_POINT('',(-1.85062646546312,-1.39564881630967,-0.01));
#6162=CARTESIAN_POINT('',(-1.85062646546312,-1.39564881630967,-0.01));
#6163=CARTESIAN_POINT('',(-1.85062646546311,-1.39564881630967,-0.01));
#6164=CARTESIAN_POINT('',(-1.85062646546311,-1.39564881630967,-0.01));
#6165=CARTESIAN_POINT('',(-1.29979469644051,-1.75959034777756,-0.01));
#6166=CARTESIAN_POINT('',(-1.29979469644051,-1.75959034777756,-0.01));
#6167=CARTESIAN_POINT('',(-1.29979469644051,-1.75959034777757,-0.01));
#6168=CARTESIAN_POINT('',(-1.29979469644051,-1.75959034777757,-0.01));
#6169=CARTESIAN_POINT('',(0.,0.,-0.01));
#6170=CARTESIAN_POINT('',(-4.5065449490644,3.90530568292574,-0.01));
#6171=CARTESIAN_POINT('',(-4.5065449490644,1.61462071329073,-0.01));
#6172=CARTESIAN_POINT('',(-4.5065449490644,1.61462071329073,-0.01));
#6173=CARTESIAN_POINT('',(-4.5065449490644,3.90530568292574,-0.01));
#6174=CARTESIAN_POINT('',(-4.5065449490644,3.90530568292574,-0.01));
#6175=CARTESIAN_POINT('',(-4.5065449490644,3.90530568292574,-0.01));
#6176=CARTESIAN_POINT('',(-4.5065449490644,1.61462071329073,-0.01));
#6177=CARTESIAN_POINT('',(-1.2997946964405,-0.254381045525538,-0.01));
#6178=CARTESIAN_POINT('',(-1.2997946964405,-0.254381045525538,-0.01));
#6179=CARTESIAN_POINT('',(-4.5065449490644,1.61462071329073,-0.01));
#6180=CARTESIAN_POINT('',(-1.29979469644051,-0.254381045525535,-0.01));
#6181=CARTESIAN_POINT('',(-1.29979469644051,2.01583097067355,-0.01));
#6182=CARTESIAN_POINT('',(-1.29979469644051,2.01583097067355,-0.01));
#6183=CARTESIAN_POINT('',(-1.29979469644051,-0.254381045525535,-0.01));
#6184=CARTESIAN_POINT('',(-1.29979469644051,2.01583097067355,-0.01));
#6185=CARTESIAN_POINT('',(-2.08189133267387,2.47855947163327,-0.01));
#6186=CARTESIAN_POINT('',(-2.08189133267387,2.47855947163327,-0.01));
#6187=CARTESIAN_POINT('',(-1.29979469644051,2.01583097067355,-0.01));
#6188=CARTESIAN_POINT('',(-2.08189133267387,2.47855947163327,-0.01));
#6189=CARTESIAN_POINT('',(-2.08189133267387,1.12048709929336,-0.01));
#6190=CARTESIAN_POINT('',(-2.08189133267387,1.12048709929336,-0.01));
#6191=CARTESIAN_POINT('',(-2.08189133267387,2.47855947163327,-0.01));
#6192=CARTESIAN_POINT('',(-2.08189133267387,1.12048709929336,-0.01));
#6193=CARTESIAN_POINT('',(-2.53920344546729,1.38966668366824,-0.01));
#6194=CARTESIAN_POINT('',(-2.53920344546729,1.38966668366824,-0.01));
#6195=CARTESIAN_POINT('',(-2.08189133267387,1.12048709929336,-0.01));
#6196=CARTESIAN_POINT('',(-2.53920344546729,1.38966668366824,-0.01));
#6197=CARTESIAN_POINT('',(-2.53920344546729,2.74714275639351,-0.01));
#6198=CARTESIAN_POINT('',(-2.53920344546729,2.74714275639351,-0.01));
#6199=CARTESIAN_POINT('',(-2.53920344546729,1.38966668366824,-0.01));
#6200=CARTESIAN_POINT('',(-2.53920344546729,2.74714275639351,-0.01));
#6201=CARTESIAN_POINT('',(-3.33595911389385,3.2132999801374,-0.01));
#6202=CARTESIAN_POINT('',(-3.33595911389385,3.2132999801374,-0.01));
#6203=CARTESIAN_POINT('',(-2.53920344546729,2.74714275639351,-0.01));
#6204=CARTESIAN_POINT('',(-3.33595911389385,3.2132999801374,-0.01));
#6205=CARTESIAN_POINT('',(-3.33595911389385,1.86173721192397,-0.01));
#6206=CARTESIAN_POINT('',(-3.33595911389385,1.86173721192397,-0.01));
#6207=CARTESIAN_POINT('',(-3.33595911389385,3.2132999801374,-0.01));
#6208=CARTESIAN_POINT('',(-3.33595911389385,1.86173721192397,-0.01));
#6209=CARTESIAN_POINT('',(-3.70874575631221,2.08848014039038,-0.01));
#6210=CARTESIAN_POINT('',(-3.70874575631221,2.08848014039038,-0.01));
#6211=CARTESIAN_POINT('',(-3.33595911389385,1.86173721192397,-0.01));
#6212=CARTESIAN_POINT('',(-3.70874575631222,2.08848014039038,-0.01));
#6213=CARTESIAN_POINT('',(-3.70874575631222,3.43571973639768,-0.01));
#6214=CARTESIAN_POINT('',(-3.70874575631222,3.43571973639768,-0.01));
#6215=CARTESIAN_POINT('',(-3.70874575631222,2.08848014039038,-0.01));
#6216=CARTESIAN_POINT('',(-3.70874575631222,3.43571973639768,-0.01));
#6217=CARTESIAN_POINT('',(-3.70874575631222,3.43571973639768,-0.01));
#6218=CARTESIAN_POINT('',(0.,0.,-0.01));
#6219=CARTESIAN_POINT('',(9.54097911787244E-15,2.60208521396521E-15,3.79));
#6220=MECHANICAL_DESIGN_GEOMETRIC_PRESENTATION_REPRESENTATION('',(#2651,
#2652,#2653,#2654,#2655,#2656,#2657,#2658,#2659,#2660,#2661,#2662,#2663,
#2664,#2665,#2666,#2667,#2668,#2669,#2670,#2671,#2672,#2673,#2674,#2675,
#2676,#2677,#2678,#2679,#2680,#2681,#2682,#2683,#2684,#2685,#2686,#2687,
#2688,#2689,#2690,#2691,#2692,#2693,#2694,#2695,#2696,#2697,#2698,#2699,
#2700,#2701,#2702,#2703,#2704,#2705,#2706,#2707,#2708,#2709,#2710,#2711,
#2712,#2713,#2714,#2715,#2716,#2717,#2718,#2719,#2720,#2721,#2722,#2723,
#2724,#2725,#2726,#2727,#2728,#2729,#2730,#2731,#2732,#2733,#2734,#2735,
#2736,#2737,#2738,#2739,#2740,#2741,#2742,#2743,#2744,#2745,#2746,#2747,
#2748,#2749,#2750,#2751,#2752,#2753,#2754,#2755,#2756,#2757,#2758,#2759,
#2760,#2761,#2762,#2763,#2764,#2765,#2766,#2767,#2768,#2769,#2770,#2771,
#2772,#2773,#2774,#2775),#6221);
#6221=(
GEOMETRIC_REPRESENTATION_CONTEXT(3)
GLOBAL_UNCERTAINTY_ASSIGNED_CONTEXT((#6224))
GLOBAL_UNIT_ASSIGNED_CONTEXT((#6229,#6228,#6227))
REPRESENTATION_CONTEXT('7443550x','TOP_LEVEL_ASSEMBLY_PART')
);
#6222=(
GEOMETRIC_REPRESENTATION_CONTEXT(3)
GLOBAL_UNCERTAINTY_ASSIGNED_CONTEXT((#6225))
GLOBAL_UNIT_ASSIGNED_CONTEXT((#6229,#6228,#6227))
REPRESENTATION_CONTEXT('Boden','COMPONENT_PART')
);
#6223=(
GEOMETRIC_REPRESENTATION_CONTEXT(3)
GLOBAL_UNCERTAINTY_ASSIGNED_CONTEXT((#6226))
GLOBAL_UNIT_ASSIGNED_CONTEXT((#6229,#6228,#6227))
REPRESENTATION_CONTEXT('Deckel','COMPONENT_PART')
);
#6224=UNCERTAINTY_MEASURE_WITH_UNIT(LENGTH_MEASURE(0.005),#6229,
'DISTANCE_ACCURACY_VALUE','Maximum Tolerance applied to model');
#6225=UNCERTAINTY_MEASURE_WITH_UNIT(LENGTH_MEASURE(0.005),#6229,
'DISTANCE_ACCURACY_VALUE','Maximum Tolerance applied to model');
#6226=UNCERTAINTY_MEASURE_WITH_UNIT(LENGTH_MEASURE(0.005),#6229,
'DISTANCE_ACCURACY_VALUE','Maximum Tolerance applied to model');
#6227=(
NAMED_UNIT(*)
SI_UNIT($,.STERADIAN.)
SOLID_ANGLE_UNIT()
);
#6228=(
NAMED_UNIT(*)
PLANE_ANGLE_UNIT()
SI_UNIT($,.RADIAN.)
);
#6229=(
LENGTH_UNIT()
NAMED_UNIT(*)
SI_UNIT(.MILLI.,.METRE.)
);
#6230=PRODUCT_DEFINITION_SHAPE('','',#6235);
#6231=PRODUCT_DEFINITION_SHAPE('','',#6236);
#6232=PRODUCT_DEFINITION_SHAPE(' ','NAUO PRDDFN',#21);
#6233=PRODUCT_DEFINITION_SHAPE('','',#6237);
#6234=PRODUCT_DEFINITION_SHAPE(' ','NAUO PRDDFN',#22);
#6235=PRODUCT_DEFINITION('','',#6241,#6238);
#6236=PRODUCT_DEFINITION('','',#6242,#6239);
#6237=PRODUCT_DEFINITION('','',#6243,#6240);
#6238=PRODUCT_DEFINITION_CONTEXT('',#6257,'design');
#6239=PRODUCT_DEFINITION_CONTEXT('',#6257,'design');
#6240=PRODUCT_DEFINITION_CONTEXT('',#6257,'design');
#6241=PRODUCT_DEFINITION_FORMATION_WITH_SPECIFIED_SOURCE('','',#6247,
 .NOT_KNOWN.);
#6242=PRODUCT_DEFINITION_FORMATION_WITH_SPECIFIED_SOURCE('','',#6248,
 .NOT_KNOWN.);
#6243=PRODUCT_DEFINITION_FORMATION_WITH_SPECIFIED_SOURCE('','',#6249,
 .NOT_KNOWN.);
#6244=PRODUCT_RELATED_PRODUCT_CATEGORY('','',(#6247));
#6245=PRODUCT_RELATED_PRODUCT_CATEGORY('','',(#6248));
#6246=PRODUCT_RELATED_PRODUCT_CATEGORY('','',(#6249));
#6247=PRODUCT('7443550x','7443550x','7443550x',(#6253));
#6248=PRODUCT('Boden','Boden','Boden',(#6254));
#6249=PRODUCT('Deckel','Deckel','Deckel',(#6255));
#6250=PRODUCT_CATEGORY('','');
#6251=PRODUCT_CATEGORY('','');
#6252=PRODUCT_CATEGORY('','');
#6253=PRODUCT_CONTEXT('',#6257,'mechanical');
#6254=PRODUCT_CONTEXT('',#6257,'mechanical');
#6255=PRODUCT_CONTEXT('',#6257,'mechanical');
#6256=APPLICATION_PROTOCOL_DEFINITION('international standard',
'automotive_design',2010,#6257);
#6257=APPLICATION_CONTEXT(
'core data for automotive mechanical design processes');
ENDSEC;
END-ISO-10303-21;
