ISO-10303-21;
HEADER;
FILE_DESCRIPTION (( 'STEP AP214' ),
    '1' );
FILE_NAME ('YC164-FR-07180KL.STEP',
    '2023-04-20T11:06:26',
    ( '' ),
    ( '' ),
    'SwSTEP 2.0',
    'SolidWorks 2021',
    '' );
FILE_SCHEMA (( 'AUTOMOTIVE_DESIGN' ));
ENDSEC;

DATA;
#1 = CARTESIAN_POINT ( 'NONE',  ( 1.074999999999999956, 0.6299999999999996714, -0.4249999999999996003 ) ) ;
#2 = DIRECTION ( 'NONE',  ( 0.000000000000000000, 0.000000000000000000, 1.000000000000000000 ) ) ;
#3 = DIRECTION ( 'NONE',  ( 0.000000000000000000, -1.275531967630006478E-16, 1.000000000000000000 ) ) ;
#4 = ORIENTED_EDGE ( 'NONE', *, *, #1881, .F. ) ;
#5 = EDGE_CURVE ( 'NONE', #1166, #4335, #4319, .T. ) ;
#6 = DIRECTION ( 'NONE',  ( -1.000000000000000000, -0.000000000000000000, -0.000000000000000000 ) ) ;
#7 = VECTOR ( 'NONE', #1417, 1000.000000000000000 ) ;
#8 = CARTESIAN_POINT ( 'NONE',  ( 0.6500000000000000222, 0.000000000000000000, 0.6499999999999995781 ) ) ;
#9 = MANIFOLD_SOLID_BREP ( 'Boss-Extrude5[2]', #1320 ) ;
#10 = VERTEX_POINT ( 'NONE', #2507 ) ;
#11 = VERTEX_POINT ( 'NONE', #5662 ) ;
#12 = EDGE_CURVE ( 'NONE', #936, #379, #600, .T. ) ;
#13 = DIRECTION ( 'NONE',  ( 1.000000000000000000, 0.000000000000000000, 0.000000000000000000 ) ) ;
#14 = CARTESIAN_POINT ( 'NONE',  ( 0.6500000000000000222, -6.368163355566234902E-17, -0.4999999999999995559 ) ) ;
#15 = CARTESIAN_POINT ( 'NONE',  ( 1.450000000000000178, 0.03499999999999999639, 0.7649999999999991251 ) ) ;
#16 = ORIENTED_EDGE ( 'NONE', *, *, #5386, .F. ) ;
#17 = VECTOR ( 'NONE', #289, 1000.000000000000000 ) ;
#18 = ORIENTED_EDGE ( 'NONE', *, *, #569, .F. ) ;
#19 = EDGE_CURVE ( 'NONE', #304, #2940, #1101, .T. ) ;
#20 = EDGE_LOOP ( 'NONE', ( #700, #1390, #3222, #5592 ) ) ;
#21 = VECTOR ( 'NONE', #2153, 1000.000000000000000 ) ;
#22 = CARTESIAN_POINT ( 'NONE',  ( -0.5250000000000000222, 0.6299999999999996714, -0.4249999999999996003 ) ) ;
#23 = LINE ( 'NONE', #1057, #1306 ) ;
#24 = DIRECTION ( 'NONE',  ( -1.000000000000000000, 0.000000000000000000, -0.000000000000000000 ) ) ;
#25 = DIRECTION ( 'NONE',  ( 0.000000000000000000, 1.000000000000000000, -0.000000000000000000 ) ) ;
#26 = ADVANCED_FACE ( 'NONE', ( #2477 ), #3424, .F. ) ;
#27 = CARTESIAN_POINT ( 'NONE',  ( 0.6500000000000000222, 0.03499999999999999639, 0.4999999999999995559 ) ) ;
#28 = ORIENTED_EDGE ( 'NONE', *, *, #4081, .F. ) ;
#29 = ORIENTED_EDGE ( 'NONE', *, *, #2602, .T. ) ;
#30 = CARTESIAN_POINT ( 'NONE',  ( -0.9500000000000000666, -6.368163355566234902E-17, -0.4999999999999995559 ) ) ;
#31 = CARTESIAN_POINT ( 'NONE',  ( -0.5250000000000000222, -1.084202172485504434E-16, 0.6499999999999995781 ) ) ;
#32 = DIRECTION ( 'NONE',  ( 0.000000000000000000, 1.000000000000000000, 0.000000000000000000 ) ) ;
#33 = ORIENTED_EDGE ( 'NONE', *, *, #5726, .T. ) ;
#34 = DIRECTION ( 'NONE',  ( 0.000000000000000000, 1.000000000000000000, -9.293161478447186723E-15 ) ) ;
#35 = ORIENTED_EDGE ( 'NONE', *, *, #369, .T. ) ;
#36 = AXIS2_PLACEMENT_3D ( 'NONE', #1246, #1659, #4814 ) ;
#37 = DIRECTION ( 'NONE',  ( 0.000000000000000000, 1.000000000000000000, 0.000000000000000000 ) ) ;
#38 = CARTESIAN_POINT ( 'NONE',  ( 0.6500000000000000222, 0.03499999999999999639, -0.6499999999999995781 ) ) ;
#39 = VECTOR ( 'NONE', #4787, 1000.000000000000000 ) ;
#40 = ORIENTED_EDGE ( 'NONE', *, *, #5, .F. ) ;
#41 = ORIENTED_EDGE ( 'NONE', *, *, #2998, .F. ) ;
#42 = CARTESIAN_POINT ( 'NONE',  ( -0.1500000000000000777, 0.03499999999999999639, -0.6499999999999995781 ) ) ;
#43 = LINE ( 'NONE', #5539, #3242 ) ;
#44 = CARTESIAN_POINT ( 'NONE',  ( 0.2749999999999999667, 0.03499999999999999639, 0.4999999999999995559 ) ) ;
#45 = ORIENTED_EDGE ( 'NONE', *, *, #2553, .F. ) ;
#46 = EDGE_CURVE ( 'NONE', #5837, #870, #708, .T. ) ;
#47 = VERTEX_POINT ( 'NONE', #2421 ) ;
#48 = ORIENTED_EDGE ( 'NONE', *, *, #982, .T. ) ;
#49 = MANIFOLD_SOLID_BREP ( 'Boss-Extrude3', #5498 ) ;
#50 = DIRECTION ( 'NONE',  ( 0.000000000000000000, 1.000000000000000000, 0.000000000000000000 ) ) ;
#51 = DIRECTION ( 'NONE',  ( 0.000000000000000000, 0.000000000000000000, -1.000000000000000000 ) ) ;
#52 = DIRECTION ( 'NONE',  ( 3.614007241618349264E-16, 0.000000000000000000, -1.000000000000000000 ) ) ;
#53 = DIRECTION ( 'NONE',  ( 0.000000000000000000, -1.000000000000000000, 0.000000000000000000 ) ) ;
#54 = CARTESIAN_POINT ( 'NONE',  ( 1.074999999999999956, -1.084202172485504434E-16, -0.6499999999999995781 ) ) ;
#55 = ORIENTED_EDGE ( 'NONE', *, *, #4271, .T. ) ;
#56 = DIRECTION ( 'NONE',  ( 1.016439536705160160E-16, -0.000000000000000000, 1.000000000000000000 ) ) ;
#57 = CARTESIAN_POINT ( 'NONE',  ( -1.600000000000000311, 0.6299999999999998934, 0.7649999999999991251 ) ) ;
#58 = EDGE_CURVE ( 'NONE', #3954, #1819, #1079, .T. ) ;
#59 = CARTESIAN_POINT ( 'NONE',  ( -0.9500000000000000666, 0.6650000000000000355, -0.7999999999999994893 ) ) ;
#60 = ORIENTED_EDGE ( 'NONE', *, *, #3019, .T. ) ;
#61 = CARTESIAN_POINT ( 'NONE',  ( 0.2749999999999999667, -1.084202172485504434E-16, 0.6499999999999995781 ) ) ;
#62 = ORIENTED_EDGE ( 'NONE', *, *, #4222, .T. ) ;
#63 = LINE ( 'NONE', #983, #1496 ) ;
#64 = SURFACE_STYLE_USAGE ( .BOTH. , #4582 ) ;
#65 = VERTEX_POINT ( 'NONE', #1724 ) ;
#66 = VERTEX_POINT ( 'NONE', #3127 ) ;
#67 = LINE ( 'NONE', #5538, #1413 ) ;
#68 =( LENGTH_UNIT ( ) NAMED_UNIT ( * ) SI_UNIT ( .MILLI., .METRE. ) );
#69 = CARTESIAN_POINT ( 'NONE',  ( 0.9500000000000000666, 0.6299999999999996714, 0.4249999999999996003 ) ) ;
#70 = EDGE_LOOP ( 'NONE', ( #3136, #1935, #4058, #964 ) ) ;
#71 = VERTEX_POINT ( 'NONE', #1696 ) ;
#72 = VERTEX_POINT ( 'NONE', #5331 ) ;
#73 = EDGE_CURVE ( 'NONE', #4321, #131, #4490, .T. ) ;
#74 = DIRECTION ( 'NONE',  ( -1.000000000000000000, 0.000000000000000000, -8.673617379884059138E-16 ) ) ;
#75 = AXIS2_PLACEMENT_3D ( 'NONE', #2528, #5742, #4343 ) ;
#76 = DIRECTION ( 'NONE',  ( 0.000000000000000000, 1.000000000000000000, 0.000000000000000000 ) ) ;
#77 = CARTESIAN_POINT ( 'NONE',  ( -1.074999999999999956, 0.03499999999999999639, 0.7649999999999991251 ) ) ;
#78 = VECTOR ( 'NONE', #5504, 1000.000000000000000 ) ;
#79 = CARTESIAN_POINT ( 'NONE',  ( 1.325000000000000400, 0.6650000000000000355, 0.7999999999999994893 ) ) ;
#80 = VECTOR ( 'NONE', #3826, 1000.000000000000000 ) ;
#81 = VECTOR ( 'NONE', #2799, 1000.000000000000000 ) ;
#82 = LINE ( 'NONE', #944, #3748 ) ;
#83 = PRESENTATION_LAYER_ASSIGNMENT (  '', '', ( #4820 ) ) ;
#84 = ORIENTED_EDGE ( 'NONE', *, *, #2297, .F. ) ;
#85 = CARTESIAN_POINT ( 'NONE',  ( -0.5250000000000000222, 0.03499999999999999639, 0.4999999999999995559 ) ) ;
#86 = EDGE_CURVE ( 'NONE', #3656, #3399, #419, .T. ) ;
#87 = FACE_OUTER_BOUND ( 'NONE', #3518, .T. ) ;
#88 = AXIS2_PLACEMENT_3D ( 'NONE', #5846, #401, #3523 ) ;
#89 = AXIS2_PLACEMENT_3D ( 'NONE', #146, #1482, #2855 ) ;
#90 = CARTESIAN_POINT ( 'NONE',  ( 1.450000000000000178, -6.368163355566234902E-17, -0.4999999999999995559 ) ) ;
#91 = ORIENTED_EDGE ( 'NONE', *, *, #2170, .T. ) ;
#92 = CARTESIAN_POINT ( 'NONE',  ( 1.600000000000000311, 0.6299999999999998934, 0.7649999999999991251 ) ) ;
#93 = UNCERTAINTY_MEASURE_WITH_UNIT (LENGTH_MEASURE( 1.000000000000000082E-05 ), #5388, 'distance_accuracy_value', 'NONE');
#94 = VERTEX_POINT ( 'NONE', #5860 ) ;
#95 = EDGE_CURVE ( 'NONE', #2435, #4453, #3508, .T. ) ;
#96 = DIRECTION ( 'NONE',  ( -0.000000000000000000, -0.000000000000000000, 1.000000000000000000 ) ) ;
#97 = DIRECTION ( 'NONE',  ( 0.000000000000000000, 0.000000000000000000, 1.000000000000000000 ) ) ;
#98 = EDGE_CURVE ( 'NONE', #910, #840, #1790, .T. ) ;
#99 = ORIENTED_EDGE ( 'NONE', *, *, #2496, .T. ) ;
#100 = EDGE_CURVE ( 'NONE', #2256, #1437, #302, .T. ) ;
#101 = DIRECTION ( 'NONE',  ( -1.000000000000000000, 0.000000000000000000, -0.000000000000000000 ) ) ;
#102 = CARTESIAN_POINT ( 'NONE',  ( -0.6500000000000000222, -1.084202172485504434E-16, 0.7999999999999996003 ) ) ;
#103 = PLANE ( 'NONE',  #364 ) ;
#104 = ORIENTED_EDGE ( 'NONE', *, *, #3455, .T. ) ;
#105 = VECTOR ( 'NONE', #2511, 1000.000000000000000 ) ;
#106 = EDGE_LOOP ( 'NONE', ( #3229, #5178, #5501, #5452, #762, #1713, #1224, #3812 ) ) ;
#107 = ORIENTED_EDGE ( 'NONE', *, *, #2411, .F. ) ;
#108 = PLANE ( 'NONE',  #479 ) ;
#109 = DIRECTION ( 'NONE',  ( 8.673617379884044347E-16, 0.000000000000000000, 1.000000000000000000 ) ) ;
#110 = CARTESIAN_POINT ( 'NONE',  ( 0.5250000000000000222, -1.084202172485504434E-16, -0.6499999999999995781 ) ) ;
#111 = VECTOR ( 'NONE', #2613, 1000.000000000000000 ) ;
#112 = LINE ( 'NONE', #2814, #5800 ) ;
#113 = EDGE_CURVE ( 'NONE', #3592, #4179, #3005, .T. ) ;
#114 = CARTESIAN_POINT ( 'NONE',  ( 1.450000000000000178, 0.6650000000000000355, 0.6499999999999995781 ) ) ;
#115 = VERTEX_POINT ( 'NONE', #3607 ) ;
#116 = CARTESIAN_POINT ( 'NONE',  ( 1.074999999999999956, -1.084202172485504434E-16, 0.6499999999999995781 ) ) ;
#117 = LINE ( 'NONE', #670, #3135 ) ;
#118 = CARTESIAN_POINT ( 'NONE',  ( 0.5250000000000000222, 0.6649999999999998135, 0.6499999999999995781 ) ) ;
#119 = ORIENTED_EDGE ( 'NONE', *, *, #3939, .T. ) ;
#120 = DIRECTION ( 'NONE',  ( 0.000000000000000000, 0.000000000000000000, -1.000000000000000000 ) ) ;
#121 = ADVANCED_FACE ( 'NONE', ( #2145 ), #1662, .F. ) ;
#122 = ORIENTED_EDGE ( 'NONE', *, *, #310, .F. ) ;
#123 = CARTESIAN_POINT ( 'NONE',  ( 1.325000000000000178, -1.084202172485504434E-16, -0.4999999999999995559 ) ) ;
#124 = LINE ( 'NONE', #1942, #3694 ) ;
#125 = ORIENTED_EDGE ( 'NONE', *, *, #2998, .T. ) ;
#126 = AXIS2_PLACEMENT_3D ( 'NONE', #4567, #494, #1387 ) ;
#127 = DIRECTION ( 'NONE',  ( -1.000000000000000000, 0.000000000000000000, 0.000000000000000000 ) ) ;
#128 = LINE ( 'NONE', #2476, #1051 ) ;
#129 = FACE_OUTER_BOUND ( 'NONE', #2092, .T. ) ;
#130 = EDGE_CURVE ( 'NONE', #1098, #2413, #5297, .T. ) ;
#131 = VERTEX_POINT ( 'NONE', #2117 ) ;
#132 = EDGE_CURVE ( 'NONE', #803, #4640, #4423, .T. ) ;
#133 = AXIS2_PLACEMENT_3D ( 'NONE', #4479, #5030, #409 ) ;
#134 = ADVANCED_FACE ( 'NONE', ( #4399 ), #331, .F. ) ;
#135 = EDGE_LOOP ( 'NONE', ( #3363, #1395, #5101, #1995, #5068, #4107, #1452, #3704 ) ) ;
#136 = ORIENTED_EDGE ( 'NONE', *, *, #309, .F. ) ;
#137 = VECTOR ( 'NONE', #2375, 1000.000000000000000 ) ;
#138 = FACE_OUTER_BOUND ( 'NONE', #5740, .T. ) ;
#139 = DIRECTION ( 'NONE',  ( 1.000000000000000000, 0.000000000000000000, -8.673617379884044347E-16 ) ) ;
#140 = CARTESIAN_POINT ( 'NONE',  ( -0.2749999999999999667, 0.6650000000000000355, 0.4249999999999996003 ) ) ;
#141 = PLANE ( 'NONE',  #2867 ) ;
#142 = ORIENTED_EDGE ( 'NONE', *, *, #808, .T. ) ;
#143 = LINE ( 'NONE', #1962, #545 ) ;
#144 = PLANE ( 'NONE',  #5816 ) ;
#145 = DIRECTION ( 'NONE',  ( 0.000000000000000000, 0.000000000000000000, 1.000000000000000000 ) ) ;
#146 = CARTESIAN_POINT ( 'NONE',  ( -0.9500000000000000666, -6.368163355566234902E-17, 0.4999999999999995559 ) ) ;
#147 = ORIENTED_EDGE ( 'NONE', *, *, #3328, .T. ) ;
#148 = DIRECTION ( 'NONE',  ( -1.000000000000000000, 0.000000000000000000, 8.673617379884059138E-16 ) ) ;
#149 = VERTEX_POINT ( 'NONE', #3094 ) ;
#150 = DIRECTION ( 'NONE',  ( 1.000000000000000000, 0.000000000000000000, 0.000000000000000000 ) ) ;
#151 = DIRECTION ( 'NONE',  ( 0.000000000000000000, -1.000000000000000000, 0.000000000000000000 ) ) ;
#152 = ORIENTED_EDGE ( 'NONE', *, *, #5103, .F. ) ;
#153 = FACE_OUTER_BOUND ( 'NONE', #5360, .T. ) ;
#154 = SURFACE_STYLE_FILL_AREA ( #1131 ) ;
#155 = DIRECTION ( 'NONE',  ( 0.000000000000000000, 0.000000000000000000, 1.000000000000000000 ) ) ;
#156 = FILL_AREA_STYLE_COLOUR ( '', #1125 ) ;
#157 = VERTEX_POINT ( 'NONE', #4909 ) ;
#158 = ORIENTED_EDGE ( 'NONE', *, *, #3142, .T. ) ;
#159 = EDGE_CURVE ( 'NONE', #5515, #1382, #2647, .T. ) ;
#160 = MANIFOLD_SOLID_BREP ( 'Boss-Extrude4[1]', #2845 ) ;
#161 = DIRECTION ( 'NONE',  ( 0.000000000000000000, 0.000000000000000000, -1.000000000000000000 ) ) ;
#162 = DIRECTION ( 'NONE',  ( -1.000000000000000000, 0.000000000000000000, 0.000000000000000000 ) ) ;
#163 = DIRECTION ( 'NONE',  ( 0.000000000000000000, 1.224646799147353454E-16, 1.000000000000000000 ) ) ;
#164 = FACE_OUTER_BOUND ( 'NONE', #5508, .T. ) ;
#165 = CARTESIAN_POINT ( 'NONE',  ( 1.450000000000000178, 0.6299999999999996714, 0.4249999999999996003 ) ) ;
#166 = VECTOR ( 'NONE', #1292, 1000.000000000000000 ) ;
#167 = ORIENTED_EDGE ( 'NONE', *, *, #4199, .F. ) ;
#168 = EDGE_CURVE ( 'NONE', #94, #4913, #4018, .T. ) ;
#169 = AXIS2_PLACEMENT_3D ( 'NONE', #300, #2583, #2143 ) ;
#170 = LINE ( 'NONE', #3326, #5581 ) ;
#171 = LINE ( 'NONE', #1930, #4211 ) ;
#172 = CARTESIAN_POINT ( 'NONE',  ( -1.324999999999999956, 0.03499999999999999639, 0.7649999999999992362 ) ) ;
#173 = AXIS2_PLACEMENT_3D ( 'NONE', #1108, #3011, #4802 ) ;
#174 = VECTOR ( 'NONE', #4364, 1000.000000000000000 ) ;
#175 = CARTESIAN_POINT ( 'NONE',  ( -1.074999999999999956, 0.6650000000000000355, 0.7999999999999994893 ) ) ;
#176 = VECTOR ( 'NONE', #2032, 1000.000000000000000 ) ;
#177 = VERTEX_POINT ( 'NONE', #3726 ) ;
#178 = CARTESIAN_POINT ( 'NONE',  ( 1.074999999999999956, -1.084202172485504434E-16, 0.6499999999999995781 ) ) ;
#179 = ORIENTED_EDGE ( 'NONE', *, *, #4706, .T. ) ;
#180 = VERTEX_POINT ( 'NONE', #1464 ) ;
#181 = AXIS2_PLACEMENT_3D ( 'NONE', #3996, #4917, #4053 ) ;
#182 = CARTESIAN_POINT ( 'NONE',  ( -0.1500000000000000777, -6.368163355566234902E-17, 0.4999999999999995559 ) ) ;
#183 = CARTESIAN_POINT ( 'NONE',  ( 1.325000000000000178, -1.084202172485504434E-16, -0.6499999999999999112 ) ) ;
#184 = EDGE_CURVE ( 'NONE', #2070, #4409, #537, .T. ) ;
#185 = EDGE_LOOP ( 'NONE', ( #41, #3441, #5348, #674 ) ) ;
#186 = ORIENTED_EDGE ( 'NONE', *, *, #5455, .F. ) ;
#187 = LINE ( 'NONE', #4703, #1029 ) ;
#188 = CARTESIAN_POINT ( 'NONE',  ( 1.600000000000000311, 0.6299999999999997824, -0.6499999999999998002 ) ) ;
#189 = VERTEX_POINT ( 'NONE', #1433 ) ;
#190 = AXIS2_PLACEMENT_3D ( 'NONE', #1300, #2232, #2761 ) ;
#191 = EDGE_LOOP ( 'NONE', ( #393, #3075, #645, #5459 ) ) ;
#192 = EDGE_CURVE ( 'NONE', #3318, #2794, #570, .T. ) ;
#193 = ADVANCED_FACE ( 'NONE', ( #4980 ), #1825, .F. ) ;
#194 = ORIENTED_EDGE ( 'NONE', *, *, #2734, .T. ) ;
#195 = FACE_OUTER_BOUND ( 'NONE', #1216, .T. ) ;
#196 = DIRECTION ( 'NONE',  ( 0.000000000000000000, 1.000000000000000000, -1.224646799147353454E-16 ) ) ;
#197 = PLANE ( 'NONE',  #3968 ) ;
#198 = CARTESIAN_POINT ( 'NONE',  ( -0.6500000000000001332, -1.004210375300829378E-16, -0.7999999999999994893 ) ) ;
#199 = AXIS2_PLACEMENT_3D ( 'NONE', #5557, #4720, #4275 ) ;
#200 = CARTESIAN_POINT ( 'NONE',  ( 0.1500000000000004108, 0.03499999999999999639, -1.084202172485507762E-16 ) ) ;
#201 = EDGE_CURVE ( 'NONE', #2749, #2956, #1016, .T. ) ;
#202 = DIRECTION ( 'NONE',  ( -1.000000000000000000, -0.000000000000000000, -0.000000000000000000 ) ) ;
#203 = EDGE_LOOP ( 'NONE', ( #1007, #3147, #5839, #2006, #2949, #2376, #1782, #4647 ) ) ;
#204 = VECTOR ( 'NONE', #3162, 1000.000000000000000 ) ;
#205 = FACE_OUTER_BOUND ( 'NONE', #135, .T. ) ;
#206 = DIRECTION ( 'NONE',  ( 0.000000000000000000, 0.000000000000000000, -1.000000000000000000 ) ) ;
#207 = EDGE_CURVE ( 'NONE', #1427, #4716, #480, .T. ) ;
#208 = DIRECTION ( 'NONE',  ( -0.000000000000000000, 0.000000000000000000, 1.000000000000000000 ) ) ;
#209 = EDGE_CURVE ( 'NONE', #840, #3255, #5067, .T. ) ;
#210 = DIRECTION ( 'NONE',  ( -0.000000000000000000, 0.000000000000000000, 1.000000000000000000 ) ) ;
#211 = EDGE_CURVE ( 'NONE', #11, #5876, #2829, .T. ) ;
#212 = VECTOR ( 'NONE', #1450, 1000.000000000000000 ) ;
#213 = CARTESIAN_POINT ( 'NONE',  ( 0.9500000000000000666, 0.6299999999999998934, 0.7649999999999990141 ) ) ;
#214 = VERTEX_POINT ( 'NONE', #3190 ) ;
#215 = ORIENTED_EDGE ( 'NONE', *, *, #989, .F. ) ;
#216 = CARTESIAN_POINT ( 'NONE',  ( 1.600000000000000311, 0.03499999999999999639, 0.7649999999999991251 ) ) ;
#217 = DIRECTION ( 'NONE',  ( 1.016439536705160160E-16, -0.000000000000000000, 1.000000000000000000 ) ) ;
#218 = VERTEX_POINT ( 'NONE', #5007 ) ;
#219 = FACE_OUTER_BOUND ( 'NONE', #3920, .T. ) ;
#220 = ORIENTED_EDGE ( 'NONE', *, *, #3416, .F. ) ;
#221 = VECTOR ( 'NONE', #1906, 1000.000000000000000 ) ;
#222 = ORIENTED_EDGE ( 'NONE', *, *, #3804, .T. ) ;
#223 = VERTEX_POINT ( 'NONE', #2301 ) ;
#224 = CARTESIAN_POINT ( 'NONE',  ( 0.6500000000000000222, -1.004210375300829378E-16, -0.7999999999999994893 ) ) ;
#225 = DIRECTION ( 'NONE',  ( 1.000000000000000000, 0.000000000000000000, -8.673617379884059138E-16 ) ) ;
#226 = FACE_OUTER_BOUND ( 'NONE', #5213, .T. ) ;
#227 = LINE ( 'NONE', #1109, #3543 ) ;
#228 = VECTOR ( 'NONE', #4513, 1000.000000000000000 ) ;
#229 = CARTESIAN_POINT ( 'NONE',  ( 0.6499999999999999112, 0.6300000000000000044, -2.349104707051925616E-16 ) ) ;
#230 = VECTOR ( 'NONE', #2429, 1000.000000000000000 ) ;
#231 = EDGE_LOOP ( 'NONE', ( #1466, #4027, #1154, #4309, #4426, #259, #1697, #1767 ) ) ;
#232 = LINE ( 'NONE', #1622, #4160 ) ;
#233 = LINE ( 'NONE', #3052, #406 ) ;
#234 = DIRECTION ( 'NONE',  ( -0.000000000000000000, 1.000000000000000000, -0.000000000000000000 ) ) ;
#235 = VECTOR ( 'NONE', #1234, 1000.000000000000000 ) ;
#236 = DIRECTION ( 'NONE',  ( -1.000000000000000000, 0.000000000000000000, 0.000000000000000000 ) ) ;
#237 = CARTESIAN_POINT ( 'NONE',  ( -0.5250000000000000222, -1.084202172485504434E-16, -0.4999999999999995559 ) ) ;
#238 = ORIENTED_EDGE ( 'NONE', *, *, #3228, .T. ) ;
#239 = ORIENTED_EDGE ( 'NONE', *, *, #3957, .T. ) ;
#240 = EDGE_CURVE ( 'NONE', #1398, #1377, #2357, .T. ) ;
#241 = CARTESIAN_POINT ( 'NONE',  ( -0.1500000000000000777, 0.03499999999999999639, -0.7649999999999991251 ) ) ;
#242 = ORIENTED_EDGE ( 'NONE', *, *, #5009, .F. ) ;
#243 = EDGE_CURVE ( 'NONE', #3999, #332, #3669, .T. ) ;
#244 = LINE ( 'NONE', #2061, #1687 ) ;
#245 = ORIENTED_EDGE ( 'NONE', *, *, #1132, .T. ) ;
#246 = ORIENTED_EDGE ( 'NONE', *, *, #1054, .T. ) ;
#247 = ORIENTED_EDGE ( 'NONE', *, *, #3698, .T. ) ;
#248 = CARTESIAN_POINT ( 'NONE',  ( 0.6500000000000000222, 0.6299999999999997824, 0.6499999999999995781 ) ) ;
#249 = DIRECTION ( 'NONE',  ( 0.000000000000000000, 0.000000000000000000, -1.000000000000000000 ) ) ;
#250 = FACE_OUTER_BOUND ( 'NONE', #2325, .T. ) ;
#251 = DIRECTION ( 'NONE',  ( -7.228014483236698528E-16, 0.000000000000000000, -1.000000000000000000 ) ) ;
#252 = ADVANCED_FACE ( 'NONE', ( #956 ), #2771, .F. ) ;
#253 = EDGE_LOOP ( 'NONE', ( #5704, #4381, #18, #242 ) ) ;
#254 = CARTESIAN_POINT ( 'NONE',  ( -0.6500000000000001332, 0.6650000000000000355, -0.6499999999999995781 ) ) ;
#255 = DIRECTION ( 'NONE',  ( -1.000000000000000000, -0.000000000000000000, 0.000000000000000000 ) ) ;
#256 = ORIENTED_EDGE ( 'NONE', *, *, #4093, .F. ) ;
#257 = LINE ( 'NONE', #3560, #1533 ) ;
#258 = PLANE ( 'NONE',  #1465 ) ;
#259 = ORIENTED_EDGE ( 'NONE', *, *, #3064, .T. ) ;
#260 = EDGE_CURVE ( 'NONE', #4021, #3426, #124, .T. ) ;
#261 = EDGE_LOOP ( 'NONE', ( #2044, #3641, #4460, #4 ) ) ;
#262 = FACE_OUTER_BOUND ( 'NONE', #4109, .T. ) ;
#263 = VECTOR ( 'NONE', #4082, 1000.000000000000000 ) ;
#264 = VECTOR ( 'NONE', #5214, 1000.000000000000000 ) ;
#265 = EDGE_CURVE ( 'NONE', #5723, #862, #4065, .T. ) ;
#266 = FACE_OUTER_BOUND ( 'NONE', #1304, .T. ) ;
#267 = ADVANCED_FACE ( 'NONE', ( #894 ), #1044, .F. ) ;
#268 = VECTOR ( 'NONE', #4138, 1000.000000000000000 ) ;
#269 = VERTEX_POINT ( 'NONE', #2865 ) ;
#270 = CARTESIAN_POINT ( 'NONE',  ( -0.9500000000000000666, 0.03499999999999999639, 0.7649999999999991251 ) ) ;
#271 = FACE_OUTER_BOUND ( 'NONE', #261, .T. ) ;
#272 = AXIS2_PLACEMENT_3D ( 'NONE', #5840, #1225, #1761 ) ;
#273 = AXIS2_PLACEMENT_3D ( 'NONE', #5201, #4664, #1541 ) ;
#274 = CLOSED_SHELL ( 'NONE', ( #891, #4521, #2109, #296, #5036, #3792, #2781, #5027, #1365, #3530, #3093, #5616, #1305, #733, #2780, #4311, #276, #5659 ) ) ;
#275 = EDGE_CURVE ( 'NONE', #741, #3318, #4672, .T. ) ;
#276 = ADVANCED_FACE ( 'NONE', ( #1097 ), #1971, .F. ) ;
#277 = ORIENTED_EDGE ( 'NONE', *, *, #2495, .T. ) ;
#278 = ORIENTED_EDGE ( 'NONE', *, *, #5580, .F. ) ;
#279 = CARTESIAN_POINT ( 'NONE',  ( 0.9500000000000000666, 0.6650000000000000355, -0.7999999999999994893 ) ) ;
#280 = CARTESIAN_POINT ( 'NONE',  ( 0.1499999999999999667, 0.000000000000000000, -0.6499999999999995781 ) ) ;
#281 = DIRECTION ( 'NONE',  ( 1.000000000000000000, 0.000000000000000000, 0.000000000000000000 ) ) ;
#282 = CARTESIAN_POINT ( 'NONE',  ( 0.9500000000000000666, 0.6299999999999996714, 0.6499999999999995781 ) ) ;
#283 = ORIENTED_EDGE ( 'NONE', *, *, #3864, .T. ) ;
#284 = ORIENTED_EDGE ( 'NONE', *, *, #1252, .T. ) ;
#285 = DIRECTION ( 'NONE',  ( -1.000000000000000000, 0.000000000000000000, -8.673617379884059138E-16 ) ) ;
#286 = DIRECTION ( 'NONE',  ( 0.000000000000000000, -1.000000000000000000, 0.000000000000000000 ) ) ;
#287 = VECTOR ( 'NONE', #1644, 1000.000000000000000 ) ;
#288 = EDGE_CURVE ( 'NONE', #981, #2567, #2415, .T. ) ;
#289 = DIRECTION ( 'NONE',  ( 0.000000000000000000, 1.224646799147353454E-16, -1.000000000000000000 ) ) ;
#290 = DIRECTION ( 'NONE',  ( -1.000000000000000000, 0.000000000000000000, -0.000000000000000000 ) ) ;
#291 = ORIENTED_EDGE ( 'NONE', *, *, #4443, .T. ) ;
#292 = ORIENTED_EDGE ( 'NONE', *, *, #3698, .F. ) ;
#293 = CARTESIAN_POINT ( 'NONE',  ( 0.5250000000000000222, -1.084202172485504434E-16, -0.6499999999999995781 ) ) ;
#294 = VECTOR ( 'NONE', #5609, 1000.000000000000000 ) ;
#295 = DIRECTION ( 'NONE',  ( -1.000000000000000000, 0.000000000000000000, 0.000000000000000000 ) ) ;
#296 = ADVANCED_FACE ( 'NONE', ( #4227 ), #620, .F. ) ;
#297 = CARTESIAN_POINT ( 'NONE',  ( 0.1499999999999999667, 4.176956441796261466, 0.7649999999999990141 ) ) ;
#298 = ORIENTED_EDGE ( 'NONE', *, *, #1293, .T. ) ;
#299 = AXIS2_PLACEMENT_3D ( 'NONE', #3882, #3046, #1619 ) ;
#300 = CARTESIAN_POINT ( 'NONE',  ( 1.600000000000000311, 4.176956441796261466, 0.7649999999999991251 ) ) ;
#301 = CARTESIAN_POINT ( 'NONE',  ( 0.1499999999999999667, 0.6650000000000000355, 0.7999999999999994893 ) ) ;
#302 = LINE ( 'NONE', #4852, #3488 ) ;
#303 = ORIENTED_EDGE ( 'NONE', *, *, #5353, .F. ) ;
#304 = VERTEX_POINT ( 'NONE', #4283 ) ;
#305 = ADVANCED_FACE ( 'NONE', ( #2440 ), #3338, .F. ) ;
#306 = PLANE ( 'NONE',  #1513 ) ;
#307 = PLANE ( 'NONE',  #5324 ) ;
#308 = CARTESIAN_POINT ( 'NONE',  ( -0.2749999999999999667, 0.6299999999999994493, -0.6499999999999995781 ) ) ;
#309 = EDGE_CURVE ( 'NONE', #10, #1198, #4729, .T. ) ;
#310 = EDGE_CURVE ( 'NONE', #1760, #72, #3779, .T. ) ;
#311 = DIRECTION ( 'NONE',  ( -1.000000000000000000, -0.000000000000000000, -0.000000000000000000 ) ) ;
#312 = ORIENTED_EDGE ( 'NONE', *, *, #5152, .F. ) ;
#313 = ORIENTED_EDGE ( 'NONE', *, *, #3846, .F. ) ;
#314 = VECTOR ( 'NONE', #2454, 1000.000000000000000 ) ;
#315 = FACE_OUTER_BOUND ( 'NONE', #3752, .T. ) ;
#316 = DIRECTION ( 'NONE',  ( 0.000000000000000000, -0.000000000000000000, 1.000000000000000000 ) ) ;
#317 = EDGE_CURVE ( 'NONE', #602, #2030, #3307, .T. ) ;
#318 = CARTESIAN_POINT ( 'NONE',  ( 0.6500000000000000222, 0.03499999999999999639, 0.7649999999999991251 ) ) ;
#319 = CARTESIAN_POINT ( 'NONE',  ( -1.600000000000000311, -8.205133554287265576E-17, 0.6499999999999996891 ) ) ;
#320 = VECTOR ( 'NONE', #5168, 1000.000000000000000 ) ;
#321 = FACE_OUTER_BOUND ( 'NONE', #596, .T. ) ;
#322 = ORIENTED_EDGE ( 'NONE', *, *, #2625, .T. ) ;
#323 = ORIENTED_EDGE ( 'NONE', *, *, #1880, .F. ) ;
#324 = CARTESIAN_POINT ( 'NONE',  ( 0.1499999999999999667, -8.205133554287264343E-17, 0.6499999999999995781 ) ) ;
#325 = AXIS2_PLACEMENT_3D ( 'NONE', #847, #1840, #3655 ) ;
#326 = CARTESIAN_POINT ( 'NONE',  ( -0.1500000000000000777, 0.6650000000000000355, -0.6499999999999995781 ) ) ;
#327 = CARTESIAN_POINT ( 'NONE',  ( 0.1499999999999999667, 0.03499999999999999639, -0.7649999999999991251 ) ) ;
#328 = ORIENTED_EDGE ( 'NONE', *, *, #2160, .T. ) ;
#329 = PRESENTATION_STYLE_ASSIGNMENT (( #857 ) ) ;
#330 = DIRECTION ( 'NONE',  ( -0.000000000000000000, 0.000000000000000000, 1.000000000000000000 ) ) ;
#331 = PLANE ( 'NONE',  #4823 ) ;
#332 = VERTEX_POINT ( 'NONE', #5655 ) ;
#333 = EDGE_LOOP ( 'NONE', ( #4013, #4281, #3728, #5467 ) ) ;
#334 = DIRECTION ( 'NONE',  ( -1.000000000000000000, 0.000000000000000000, 0.000000000000000000 ) ) ;
#335 = CARTESIAN_POINT ( 'NONE',  ( 0.1499999999999999667, 0.000000000000000000, 0.000000000000000000 ) ) ;
#336 = LINE ( 'NONE', #2592, #835 ) ;
#337 = CARTESIAN_POINT ( 'NONE',  ( 0.5250000000000000222, 0.03499999999999999639, 0.4999999999999995559 ) ) ;
#338 = ORIENTED_EDGE ( 'NONE', *, *, #5566, .F. ) ;
#339 = ADVANCED_FACE ( 'NONE', ( #266 ), #4252, .F. ) ;
#340 = VERTEX_POINT ( 'NONE', #5125 ) ;
#341 = DIRECTION ( 'NONE',  ( -1.000000000000000000, -0.000000000000000000, 0.000000000000000000 ) ) ;
#342 = DIRECTION ( 'NONE',  ( -0.000000000000000000, -1.000000000000000000, 0.000000000000000000 ) ) ;
#343 = CARTESIAN_POINT ( 'NONE',  ( -0.1500000000000000777, 0.03499999999999999639, -0.7649999999999991251 ) ) ;
#344 = FACE_OUTER_BOUND ( 'NONE', #5524, .T. ) ;
#345 = DIRECTION ( 'NONE',  ( -1.000000000000000000, -0.000000000000000000, -0.000000000000000000 ) ) ;
#346 = EDGE_CURVE ( 'NONE', #2752, #3016, #1073, .T. ) ;
#347 = VERTEX_POINT ( 'NONE', #3815 ) ;
#348 = EDGE_LOOP ( 'NONE', ( #4867, #3243, #3414, #5051 ) ) ;
#349 = PLANE ( 'NONE',  #5499 ) ;
#350 = CARTESIAN_POINT ( 'NONE',  ( 1.074999999999999956, -1.084202172485504434E-16, -0.6499999999999995781 ) ) ;
#351 = CARTESIAN_POINT ( 'NONE',  ( 1.565000000000000169, 0.6650000000000001465, -0.4249999999999996003 ) ) ;
#352 = ORIENTED_EDGE ( 'NONE', *, *, #4947, .F. ) ;
#353 = LINE ( 'NONE', #270, #637 ) ;
#354 = FACE_OUTER_BOUND ( 'NONE', #4007, .T. ) ;
#355 = VECTOR ( 'NONE', #3724, 1000.000000000000000 ) ;
#356 = CARTESIAN_POINT ( 'NONE',  ( -0.1500000000000000777, 0.6650000000000000355, 0.7999999999999994893 ) ) ;
#357 = ADVANCED_FACE ( 'NONE', ( #2890 ), #2948, .F. ) ;
#358 = VECTOR ( 'NONE', #5239, 1000.000000000000000 ) ;
#359 = ORIENTED_EDGE ( 'NONE', *, *, #5826, .F. ) ;
#360 =( LENGTH_UNIT ( ) NAMED_UNIT ( * ) SI_UNIT ( .MILLI., .METRE. ) );
#361 = ORIENTED_EDGE ( 'NONE', *, *, #1534, .T. ) ;
#362 = CARTESIAN_POINT ( 'NONE',  ( 1.600000000000000311, -1.004210375300829378E-16, 0.7999999999999994893 ) ) ;
#363 = CARTESIAN_POINT ( 'NONE',  ( -0.9500000000000000666, 0.6299999999999998934, 0.7649999999999991251 ) ) ;
#364 = AXIS2_PLACEMENT_3D ( 'NONE', #1946, #3758, #1468 ) ;
#365 = PLANE ( 'NONE',  #2457 ) ;
#366 = ORIENTED_EDGE ( 'NONE', *, *, #346, .T. ) ;
#367 = ADVANCED_FACE ( 'NONE', ( #5625 ), #4314, .F. ) ;
#368 = LINE ( 'NONE', #2126, #3632 ) ;
#369 = EDGE_CURVE ( 'NONE', #2872, #1112, #1156, .T. ) ;
#370 = VERTEX_POINT ( 'NONE', #5180 ) ;
#371 = VERTEX_POINT ( 'NONE', #2974 ) ;
#372 = CARTESIAN_POINT ( 'NONE',  ( 0.000000000000000000, 0.03499999999999999639, 0.000000000000000000 ) ) ;
#373 = LINE ( 'NONE', #2190, #2364 ) ;
#374 = FACE_OUTER_BOUND ( 'NONE', #3993, .T. ) ;
#375 = EDGE_CURVE ( 'NONE', #5413, #2926, #4792, .T. ) ;
#376 = LINE ( 'NONE', #2519, #1823 ) ;
#377 = CARTESIAN_POINT ( 'NONE',  ( 0.6500000000000000222, 0.6299999999999996714, -0.4249999999999996003 ) ) ;
#378 = ORIENTED_EDGE ( 'NONE', *, *, #1286, .F. ) ;
#379 = VERTEX_POINT ( 'NONE', #3924 ) ;
#380 = FACE_OUTER_BOUND ( 'NONE', #333, .T. ) ;
#381 = DIRECTION ( 'NONE',  ( 1.000000000000000000, 0.000000000000000000, 0.000000000000000000 ) ) ;
#382 = EDGE_CURVE ( 'NONE', #2671, #3547, #5709, .T. ) ;
#383 = EDGE_CURVE ( 'NONE', #2424, #4492, #384, .T. ) ;
#384 = LINE ( 'NONE', #326, #1309 ) ;
#385 = VECTOR ( 'NONE', #4122, 1000.000000000000000 ) ;
#386 = FACE_OUTER_BOUND ( 'NONE', #928, .T. ) ;
#387 = ORIENTED_EDGE ( 'NONE', *, *, #3428, .T. ) ;
#388 = AXIS2_PLACEMENT_3D ( 'NONE', #3956, #330, #3063 ) ;
#389 = CARTESIAN_POINT ( 'NONE',  ( -0.6500000000000000222, 0.6299999999999998934, 0.7649999999999989031 ) ) ;
#390 = CARTESIAN_POINT ( 'NONE',  ( 1.450000000000000178, 0.03499999999999999639, -0.4999999999999995559 ) ) ;
#391 = VECTOR ( 'NONE', #4297, 1000.000000000000000 ) ;
#392 = ORIENTED_EDGE ( 'NONE', *, *, #2935, .F. ) ;
#393 = ORIENTED_EDGE ( 'NONE', *, *, #531, .F. ) ;
#394 = DIRECTION ( 'NONE',  ( -0.000000000000000000, 1.224646799147353454E-16, -1.000000000000000000 ) ) ;
#395 = CARTESIAN_POINT ( 'NONE',  ( -0.2749999999999999667, 0.6649999999999998135, -0.6499999999999995781 ) ) ;
#396 = DIRECTION ( 'NONE',  ( 0.000000000000000000, 0.000000000000000000, 1.000000000000000000 ) ) ;
#397 = ORIENTED_EDGE ( 'NONE', *, *, #807, .T. ) ;
#398 = FACE_OUTER_BOUND ( 'NONE', #4798, .T. ) ;
#399 = ORIENTED_EDGE ( 'NONE', *, *, #3734, .F. ) ;
#400 = VERTEX_POINT ( 'NONE', #1631 ) ;
#401 = DIRECTION ( 'NONE',  ( -1.000000000000000000, 0.000000000000000000, -0.000000000000000000 ) ) ;
#402 = CARTESIAN_POINT ( 'NONE',  ( 0.6500000000000000222, 0.03499999999999944128, -0.7649999999999990141 ) ) ;
#403 = DIRECTION ( 'NONE',  ( 1.000000000000000000, 0.000000000000000000, 0.000000000000000000 ) ) ;
#404 = DIRECTION ( 'NONE',  ( 1.668003342285392783E-16, 0.000000000000000000, 1.000000000000000000 ) ) ;
#405 = LINE ( 'NONE', #4570, #4878 ) ;
#406 = VECTOR ( 'NONE', #3525, 1000.000000000000000 ) ;
#407 = ORIENTED_EDGE ( 'NONE', *, *, #4014, .F. ) ;
#408 = VERTEX_POINT ( 'NONE', #3030 ) ;
#409 = DIRECTION ( 'NONE',  ( 0.000000000000000000, 0.000000000000000000, 1.000000000000000000 ) ) ;
#410 = LINE ( 'NONE', #5854, #916 ) ;
#411 = VECTOR ( 'NONE', #5441, 1000.000000000000000 ) ;
#412 = PLANE ( 'NONE',  #3697 ) ;
#413 = CARTESIAN_POINT ( 'NONE',  ( -0.9500000000000000666, -1.084202172485504434E-16, -0.4999999999999994449 ) ) ;
#414 = ORIENTED_EDGE ( 'NONE', *, *, #1682, .F. ) ;
#415 = EDGE_CURVE ( 'NONE', #3448, #4937, #760, .T. ) ;
#416 = VECTOR ( 'NONE', #4036, 1000.000000000000000 ) ;
#417 = FILL_AREA_STYLE_COLOUR ( '', #4637 ) ;
#418 = CARTESIAN_POINT ( 'NONE',  ( 1.074999999999999956, -1.084202172485504434E-16, -0.6499999999999995781 ) ) ;
#419 = LINE ( 'NONE', #860, #2737 ) ;
#420 = VECTOR ( 'NONE', #4245, 1000.000000000000000 ) ;
#421 = ORIENTED_EDGE ( 'NONE', *, *, #4485, .F. ) ;
#422 = EDGE_CURVE ( 'NONE', #4200, #2691, #4845, .T. ) ;
#423 = ORIENTED_EDGE ( 'NONE', *, *, #4425, .F. ) ;
#424 = LINE ( 'NONE', #5273, #1035 ) ;
#425 = LINE ( 'NONE', #801, #3040 ) ;
#426 = CARTESIAN_POINT ( 'NONE',  ( 1.600000000000000311, 0.6650000000000000355, -0.7999999999999994893 ) ) ;
#427 = ORIENTED_EDGE ( 'NONE', *, *, #5715, .T. ) ;
#428 = VERTEX_POINT ( 'NONE', #2551 ) ;
#429 = ORIENTED_EDGE ( 'NONE', *, *, #4972, .F. ) ;
#430 = DIRECTION ( 'NONE',  ( 0.000000000000000000, -0.000000000000000000, 1.000000000000000000 ) ) ;
#431 = LINE ( 'NONE', #813, #5488 ) ;
#432 = LINE ( 'NONE', #4438, #1637 ) ;
#433 = DIRECTION ( 'NONE',  ( 1.668003342285392783E-16, 0.000000000000000000, 1.000000000000000000 ) ) ;
#434 = EDGE_CURVE ( 'NONE', #5156, #214, #3000, .T. ) ;
#435 = PLANE ( 'NONE',  #3176 ) ;
#436 = ORIENTED_EDGE ( 'NONE', *, *, #5633, .F. ) ;
#437 = EDGE_LOOP ( 'NONE', ( #3236, #2509, #2599, #1022 ) ) ;
#438 = DIRECTION ( 'NONE',  ( -0.000000000000000000, 1.224646799147353454E-16, -1.000000000000000000 ) ) ;
#439 = LINE ( 'NONE', #2259, #4601 ) ;
#440 = DIRECTION ( 'NONE',  ( 0.000000000000000000, 1.000000000000000000, -1.224646799147353454E-16 ) ) ;
#441 = CARTESIAN_POINT ( 'NONE',  ( 0.000000000000000000, 0.03499999999999999639, -0.4999999999999994449 ) ) ;
#442 = ORIENTED_EDGE ( 'NONE', *, *, #3367, .F. ) ;
#443 = LINE ( 'NONE', #3278, #5491 ) ;
#444 = LINE ( 'NONE', #4080, #3012 ) ;
#445 = ADVANCED_FACE ( 'NONE', ( #4813 ), #2202, .F. ) ;
#446 = ORIENTED_EDGE ( 'NONE', *, *, #3371, .T. ) ;
#447 = VECTOR ( 'NONE', #4779, 1000.000000000000000 ) ;
#448 = ORIENTED_EDGE ( 'NONE', *, *, #5282, .T. ) ;
#449 = DIRECTION ( 'NONE',  ( 0.000000000000000000, 5.332786478978327794E-17, 1.000000000000000000 ) ) ;
#450 = DIRECTION ( 'NONE',  ( -1.000000000000000000, -0.000000000000000000, -0.000000000000000000 ) ) ;
#451 = FACE_OUTER_BOUND ( 'NONE', #5189, .T. ) ;
#452 = EDGE_CURVE ( 'NONE', #3345, #2691, #2111, .T. ) ;
#453 = VECTOR ( 'NONE', #4456, 1000.000000000000000 ) ;
#454 = VERTEX_POINT ( 'NONE', #5737 ) ;
#455 = EDGE_CURVE ( 'NONE', #1731, #65, #1717, .T. ) ;
#456 = AXIS2_PLACEMENT_3D ( 'NONE', #513, #2391, #5044 ) ;
#457 = VERTEX_POINT ( 'NONE', #3473 ) ;
#458 = AXIS2_PLACEMENT_3D ( 'NONE', #3878, #4292, #657 ) ;
#459 = ORIENTED_EDGE ( 'NONE', *, *, #4371, .T. ) ;
#460 = CARTESIAN_POINT ( 'NONE',  ( 0.2749999999999999667, -1.084202172485504434E-16, -0.6499999999999995781 ) ) ;
#461 = LINE ( 'NONE', #1738, #4816 ) ;
#462 = FACE_OUTER_BOUND ( 'NONE', #1968, .T. ) ;
#463 = VECTOR ( 'NONE', #2345, 1000.000000000000000 ) ;
#464 = CLOSED_SHELL ( 'NONE', ( #2420, #2990, #4389, #5048, #4048, #267, #1063, #4713, #3896, #4970, #3163, #2927, #4784, #1145, #4769, #665, #3405, #4736, #3336, #1102, #1931, #26, #3907, #2046, #5140, #4144, #5215, #793, #4132, #1208 ) ) ;
#465 = CLOSED_SHELL ( 'NONE', ( #4168, #2789, #5758, #4604, #1552, #3541, #1056, #2712, #2206, #2979, #5739, #766, #2861, #529, #3722, #1663, #4304, #3282 ) ) ;
#466 = CARTESIAN_POINT ( 'NONE',  ( 0.6500000000000000222, 0.6650000000000000355, 0.6499999999999995781 ) ) ;
#467 = DIRECTION ( 'NONE',  ( 0.000000000000000000, 0.000000000000000000, 1.000000000000000000 ) ) ;
#468 = VERTEX_POINT ( 'NONE', #1750 ) ;
#469 = ORIENTED_EDGE ( 'NONE', *, *, #811, .T. ) ;
#470 = CARTESIAN_POINT ( 'NONE',  ( -0.9500000000000000666, 0.6650000000000000355, -0.4249999999999996003 ) ) ;
#471 = CARTESIAN_POINT ( 'NONE',  ( -1.600000000000000311, 0.6299999999999998934, 0.7649999999999991251 ) ) ;
#472 = FACE_OUTER_BOUND ( 'NONE', #3556, .T. ) ;
#473 = ORIENTED_EDGE ( 'NONE', *, *, #3436, .F. ) ;
#474 = CARTESIAN_POINT ( 'NONE',  ( -1.325000000000000178, 0.6650000000000000355, -0.4249999999999996003 ) ) ;
#475 = ORIENTED_EDGE ( 'NONE', *, *, #5181, .T. ) ;
#476 = DIRECTION ( 'NONE',  ( -1.000000000000000000, 0.000000000000000000, 0.000000000000000000 ) ) ;
#477 = LINE ( 'NONE', #1853, #4918 ) ;
#478 = EDGE_CURVE ( 'NONE', #2030, #2802, #2140, .T. ) ;
#479 = AXIS2_PLACEMENT_3D ( 'NONE', #1055, #685, #2874 ) ;
#480 = LINE ( 'NONE', #985, #5116 ) ;
#481 = EDGE_LOOP ( 'NONE', ( #1223, #2971, #1081, #5266 ) ) ;
#482 = VECTOR ( 'NONE', #1100, 1000.000000000000000 ) ;
#483 = ORIENTED_EDGE ( 'NONE', *, *, #2346, .T. ) ;
#484 = CARTESIAN_POINT ( 'NONE',  ( 0.1499999999999999667, 0.03499999999999999639, 0.7649999999999991251 ) ) ;
#485 = CARTESIAN_POINT ( 'NONE',  ( 0.9500000000000003997, 0.03499999999999999639, 3.433306879537433502E-16 ) ) ;
#486 = EDGE_LOOP ( 'NONE', ( #2779, #5716, #5104, #5845 ) ) ;
#487 = VECTOR ( 'NONE', #1772, 1000.000000000000000 ) ;
#488 = ORIENTED_EDGE ( 'NONE', *, *, #3182, .F. ) ;
#489 = EDGE_LOOP ( 'NONE', ( #1811, #4020, #3683, #2508 ) ) ;
#490 = ADVANCED_FACE ( 'NONE', ( #5824 ), #2580, .F. ) ;
#491 = EDGE_CURVE ( 'NONE', #1310, #2466, #2609, .T. ) ;
#492 = LINE ( 'NONE', #1925, #661 ) ;
#493 = CARTESIAN_POINT ( 'NONE',  ( 0.2749999999999999667, 0.6299999999999996714, 0.4249999999999996003 ) ) ;
#494 = DIRECTION ( 'NONE',  ( -1.000000000000000000, 0.000000000000000000, -0.000000000000000000 ) ) ;
#495 = PLANE ( 'NONE',  #1244 ) ;
#496 = PLANE ( 'NONE',  #325 ) ;
#497 = VERTEX_POINT ( 'NONE', #5765 ) ;
#498 = ADVANCED_FACE ( 'NONE', ( #1245 ), #1275, .F. ) ;
#499 = LINE ( 'NONE', #4542, #3744 ) ;
#500 = CARTESIAN_POINT ( 'NONE',  ( -0.6500000000000001332, -8.205133554287264343E-17, 0.6499999999999995781 ) ) ;
#501 = DIRECTION ( 'NONE',  ( -0.000000000000000000, -0.000000000000000000, 1.000000000000000000 ) ) ;
#502 = VERTEX_POINT ( 'NONE', #3058 ) ;
#503 = CARTESIAN_POINT ( 'NONE',  ( -1.599999999999999867, 0.6299999999999998934, -0.7649999999999987921 ) ) ;
#504 = UNCERTAINTY_MEASURE_WITH_UNIT (LENGTH_MEASURE( 1.000000000000000082E-05 ), #3848, 'distance_accuracy_value', 'NONE');
#505 = ORIENTED_EDGE ( 'NONE', *, *, #4566, .F. ) ;
#506 = CARTESIAN_POINT ( 'NONE',  ( 1.450000000000000178, 0.6299999999999996714, -0.4249999999999996003 ) ) ;
#507 = VECTOR ( 'NONE', #3302, 1000.000000000000000 ) ;
#508 = CARTESIAN_POINT ( 'NONE',  ( 0.9500000000000000666, 0.6299999999999996714, -0.4249999999999996003 ) ) ;
#509 = DIRECTION ( 'NONE',  ( -0.000000000000000000, -1.000000000000000000, 0.000000000000000000 ) ) ;
#510 = VECTOR ( 'NONE', #4006, 1000.000000000000000 ) ;
#511 = ORIENTED_EDGE ( 'NONE', *, *, #4322, .F. ) ;
#512 = EDGE_LOOP ( 'NONE', ( #1254, #774, #2469, #3657, #4503, #4809, #3997, #3370 ) ) ;
#513 = CARTESIAN_POINT ( 'NONE',  ( 1.450000000000000178, -1.004210375300829378E-16, 0.7999999999999994893 ) ) ;
#514 = CARTESIAN_POINT ( 'NONE',  ( -0.1500000000000000777, 0.6299999999999998934, 0.7649999999999991251 ) ) ;
#515 = PLANE ( 'NONE',  #1895 ) ;
#516 = ORIENTED_EDGE ( 'NONE', *, *, #1164, .T. ) ;
#517 = ORIENTED_EDGE ( 'NONE', *, *, #3711, .T. ) ;
#518 = EDGE_CURVE ( 'NONE', #1554, #4469, #3445, .T. ) ;
#519 = ORIENTED_EDGE ( 'NONE', *, *, #2356, .T. ) ;
#520 = DIRECTION ( 'NONE',  ( -0.000000000000000000, 1.000000000000000000, -0.000000000000000000 ) ) ;
#521 = DIRECTION ( 'NONE',  ( 1.000000000000000000, 0.000000000000000000, -0.000000000000000000 ) ) ;
#522 = DIRECTION ( 'NONE',  ( 1.000000000000000000, 0.000000000000000000, 0.000000000000000000 ) ) ;
#523 = ADVANCED_FACE ( 'NONE', ( #3533 ), #412, .F. ) ;
#524 = CARTESIAN_POINT ( 'NONE',  ( 0.5250000000000000222, 0.6299999999999996714, 0.4249999999999996003 ) ) ;
#525 = LINE ( 'NONE', #4538, #416 ) ;
#526 = ORIENTED_EDGE ( 'NONE', *, *, #735, .T. ) ;
#527 = DIRECTION ( 'NONE',  ( 0.000000000000000000, -1.000000000000000000, 0.000000000000000000 ) ) ;
#528 = DIRECTION ( 'NONE',  ( 1.016439536705160160E-16, 0.000000000000000000, -1.000000000000000000 ) ) ;
#529 = ADVANCED_FACE ( 'NONE', ( #4903 ), #2640, .F. ) ;
#530 = CARTESIAN_POINT ( 'NONE',  ( 2.602447006080619740, 0.6650000000000001465, -0.4999999999999995559 ) ) ;
#531 = EDGE_CURVE ( 'NONE', #4841, #3160, #5033, .T. ) ;
#532 = VECTOR ( 'NONE', #381, 1000.000000000000000 ) ;
#533 = EDGE_LOOP ( 'NONE', ( #2216, #4468, #5162, #3230 ) ) ;
#534 = CARTESIAN_POINT ( 'NONE',  ( -0.1500000000000000777, 0.6299999999999996714, 0.6499999999999995781 ) ) ;
#535 = EDGE_LOOP ( 'NONE', ( #2249, #1317, #5186, #2473, #4146, #247, #4332, #1607 ) ) ;
#536 = LINE ( 'NONE', #2354, #3688 ) ;
#537 = LINE ( 'NONE', #5095, #1026 ) ;
#538 = ORIENTED_EDGE ( 'NONE', *, *, #3603, .T. ) ;
#539 = ORIENTED_EDGE ( 'NONE', *, *, #3640, .F. ) ;
#540 = CARTESIAN_POINT ( 'NONE',  ( -0.9500000000000000666, 0.000000000000000000, -0.6499999999999995781 ) ) ;
#541 = PLANE ( 'NONE',  #3901 ) ;
#542 = PRODUCT_DEFINITION ( 'UNKNOWN', '', #4990, #4975 ) ;
#543 = PLANE ( 'NONE',  #2838 ) ;
#544 = ORIENTED_EDGE ( 'NONE', *, *, #3762, .F. ) ;
#545 = VECTOR ( 'NONE', #4046, 1000.000000000000000 ) ;
#546 = ORIENTED_EDGE ( 'NONE', *, *, #794, .T. ) ;
#547 = VERTEX_POINT ( 'NONE', #2822 ) ;
#548 = DIRECTION ( 'NONE',  ( 0.000000000000000000, -1.000000000000000000, 0.000000000000000000 ) ) ;
#549 = CARTESIAN_POINT ( 'NONE',  ( 0.1499999999999999667, 0.6650000000000000355, -0.6499999999999995781 ) ) ;
#550 = CARTESIAN_POINT ( 'NONE',  ( -1.074999999999999956, 0.03499999999999998251, -0.6499999999999995781 ) ) ;
#551 = MECHANICAL_DESIGN_GEOMETRIC_PRESENTATION_REPRESENTATION (  '', ( #5207 ), #3306 ) ;
#552 = ADVANCED_FACE ( 'NONE', ( #948 ), #1335, .F. ) ;
#553 = EDGE_CURVE ( 'NONE', #5536, #4739, #915, .T. ) ;
#554 = DIRECTION ( 'NONE',  ( 0.000000000000000000, 0.000000000000000000, -1.000000000000000000 ) ) ;
#555 = AXIS2_PLACEMENT_3D ( 'NONE', #5842, #4464, #2621 ) ;
#556 = AXIS2_PLACEMENT_3D ( 'NONE', #3249, #4172, #97 ) ;
#557 = LINE ( 'NONE', #114, #1172 ) ;
#558 = ORIENTED_EDGE ( 'NONE', *, *, #5404, .T. ) ;
#559 = DIRECTION ( 'NONE',  ( -1.000000000000000000, 0.000000000000000000, -0.000000000000000000 ) ) ;
#560 = VECTOR ( 'NONE', #3787, 1000.000000000000000 ) ;
#561 = CARTESIAN_POINT ( 'NONE',  ( -1.074999999999999956, -1.084202172485504434E-16, 0.6499999999999995781 ) ) ;
#562 = CARTESIAN_POINT ( 'NONE',  ( 1.600000000000000311, 0.6299999999999998934, 0.7649999999999991251 ) ) ;
#563 = VERTEX_POINT ( 'NONE', #1426 ) ;
#564 = DIRECTION ( 'NONE',  ( 0.000000000000000000, -1.224646799147353454E-16, 1.000000000000000000 ) ) ;
#565 = EDGE_LOOP ( 'NONE', ( #475, #1104, #1407, #5097 ) ) ;
#566 = ADVANCED_FACE ( 'NONE', ( #3272 ), #4636, .F. ) ;
#567 = EDGE_CURVE ( 'NONE', #2735, #2777, #3152, .T. ) ;
#568 = DIRECTION ( 'NONE',  ( -0.000000000000000000, 1.224646799147353454E-16, -1.000000000000000000 ) ) ;
#569 = EDGE_CURVE ( 'NONE', #1445, #3056, #1456, .T. ) ;
#570 = LINE ( 'NONE', #8, #81 ) ;
#571 = ORIENTED_EDGE ( 'NONE', *, *, #1429, .F. ) ;
#572 = LINE ( 'NONE', #1917, #3018 ) ;
#573 = VECTOR ( 'NONE', #548, 1000.000000000000000 ) ;
#574 =( NAMED_UNIT ( * ) SI_UNIT ( $, .STERADIAN. ) SOLID_ANGLE_UNIT ( ) );
#575 = CARTESIAN_POINT ( 'NONE',  ( 0.6500000000000000222, 0.6650000000000000355, 0.4249999999999996003 ) ) ;
#576 = ORIENTED_EDGE ( 'NONE', *, *, #1253, .T. ) ;
#577 = VECTOR ( 'NONE', #1284, 1000.000000000000000 ) ;
#578 = ORIENTED_EDGE ( 'NONE', *, *, #2836, .T. ) ;
#579 = ORIENTED_EDGE ( 'NONE', *, *, #3153, .F. ) ;
#580 = LINE ( 'NONE', #4095, #2951 ) ;
#581 = CARTESIAN_POINT ( 'NONE',  ( 1.565000000000000169, 0.6650000000000001465, -0.4999999999999995559 ) ) ;
#582 = CARTESIAN_POINT ( 'NONE',  ( -1.600000000000000311, 0.6650000000000000355, -0.6499999999999994671 ) ) ;
#583 = AXIS2_PLACEMENT_3D ( 'NONE', #2176, #827, #3004 ) ;
#584 = CARTESIAN_POINT ( 'NONE',  ( 0.2749999999999999667, -1.084202172485504434E-16, 0.6499999999999995781 ) ) ;
#585 = VECTOR ( 'NONE', #780, 1000.000000000000000 ) ;
#586 = ORIENTED_EDGE ( 'NONE', *, *, #2908, .F. ) ;
#587 = CARTESIAN_POINT ( 'NONE',  ( -0.6500000000000001332, 0.000000000000000000, 0.6499999999999995781 ) ) ;
#588 = CARTESIAN_POINT ( 'NONE',  ( 0.6500000000000001332, -1.084202172485504434E-16, 0.4999999999999996669 ) ) ;
#589 = FACE_OUTER_BOUND ( 'NONE', #2649, .T. ) ;
#590 = ORIENTED_EDGE ( 'NONE', *, *, #3983, .T. ) ;
#591 = CARTESIAN_POINT ( 'NONE',  ( -1.600000000000000311, 0.6299999999999998934, 0.7649999999999987921 ) ) ;
#592 = ORIENTED_EDGE ( 'NONE', *, *, #1094, .T. ) ;
#593 = EDGE_CURVE ( 'NONE', #2926, #965, #3687, .T. ) ;
#594 = DIRECTION ( 'NONE',  ( -0.000000000000000000, -8.182657905550991838E-16, -1.000000000000000000 ) ) ;
#595 = EDGE_CURVE ( 'NONE', #4050, #3359, #3241, .T. ) ;
#596 = EDGE_LOOP ( 'NONE', ( #3375, #3137, #3699, #5170, #62, #4394, #2127, #4553 ) ) ;
#597 = VECTOR ( 'NONE', #1900, 1000.000000000000000 ) ;
#598 = LINE ( 'NONE', #3311, #1984 ) ;
#599 = LINE ( 'NONE', #2419, #560 ) ;
#600 = LINE ( 'NONE', #3342, #4635 ) ;
#601 = VECTOR ( 'NONE', #5519, 1000.000000000000000 ) ;
#602 = VERTEX_POINT ( 'NONE', #886 ) ;
#603 = EDGE_LOOP ( 'NONE', ( #4919, #709, #1671, #4702 ) ) ;
#604 = VECTOR ( 'NONE', #202, 1000.000000000000000 ) ;
#605 = DIRECTION ( 'NONE',  ( -1.000000000000000000, -0.000000000000000000, -8.673617379884058152E-16 ) ) ;
#606 = CARTESIAN_POINT ( 'NONE',  ( 0.6500000000000000222, 0.6650000000000000355, -0.4249999999999996003 ) ) ;
#607 = CARTESIAN_POINT ( 'NONE',  ( 1.600000000000000311, 0.6299999999999998934, -0.7649999999999991251 ) ) ;
#608 = DIRECTION ( 'NONE',  ( 3.614007241618347785E-16, -0.000000000000000000, 1.000000000000000000 ) ) ;
#609 = CARTESIAN_POINT ( 'NONE',  ( 0.9500000000000000666, -1.004210375300829378E-16, 0.7999999999999994893 ) ) ;
#610 = ORIENTED_EDGE ( 'NONE', *, *, #240, .T. ) ;
#611 = DIRECTION ( 'NONE',  ( 0.000000000000000000, 1.000000000000000000, -0.000000000000000000 ) ) ;
#612 = LINE ( 'NONE', #4217, #4793 ) ;
#613 = EDGE_CURVE ( 'NONE', #3723, #2070, #5855, .T. ) ;
#614 = PLANE ( 'NONE',  #1912 ) ;
#615 = CARTESIAN_POINT ( 'NONE',  ( 1.600000000000000311, 0.6299999999999998934, -0.7649999999999991251 ) ) ;
#616 = EDGE_LOOP ( 'NONE', ( #3531, #5479, #2788, #5827 ) ) ;
#617 = PLANE ( 'NONE',  #2594 ) ;
#618 = ORIENTED_EDGE ( 'NONE', *, *, #1247, .T. ) ;
#619 = DIRECTION ( 'NONE',  ( 0.000000000000000000, -1.224646799147353454E-16, -1.000000000000000000 ) ) ;
#620 = PLANE ( 'NONE',  #4167 ) ;
#621 = ORIENTED_EDGE ( 'NONE', *, *, #1132, .F. ) ;
#622 = ORIENTED_EDGE ( 'NONE', *, *, #4313, .F. ) ;
#623 = DIRECTION ( 'NONE',  ( -1.000000000000000000, -0.000000000000000000, -0.000000000000000000 ) ) ;
#624 = EDGE_CURVE ( 'NONE', #2626, #818, #4515, .T. ) ;
#625 = SURFACE_STYLE_USAGE ( .BOTH. , #4233 ) ;
#626 = EDGE_LOOP ( 'NONE', ( #4223, #397, #246, #5651, #3663, #2659, #5768, #1692, #328, #4181 ) ) ;
#627 = EDGE_LOOP ( 'NONE', ( #3478, #576, #2320, #2840, #5136, #4689, #5244, #5050 ) ) ;
#628 = EDGE_CURVE ( 'NONE', #4409, #3608, #5062, .T. ) ;
#629 = LINE ( 'NONE', #3824, #3317 ) ;
#630 = CARTESIAN_POINT ( 'NONE',  ( 0.6500000000000000222, 0.6299999999999998934, -0.7649999999999991251 ) ) ;
#631 = DIRECTION ( 'NONE',  ( 0.000000000000000000, 0.000000000000000000, -1.000000000000000000 ) ) ;
#632 = ADVANCED_FACE ( 'NONE', ( #4973 ), #2793, .F. ) ;
#633 = LINE ( 'NONE', #5551, #4491 ) ;
#634 = LINE ( 'NONE', #1085, #294 ) ;
#635 = CARTESIAN_POINT ( 'NONE',  ( 0.6500000000000000222, 0.6299999999999998934, -0.7649999999999991251 ) ) ;
#636 = EDGE_LOOP ( 'NONE', ( #1727, #459, #3677, #1904 ) ) ;
#637 = VECTOR ( 'NONE', #5713, 1000.000000000000000 ) ;
#638 = PLANE ( 'NONE',  #5206 ) ;
#639 = CARTESIAN_POINT ( 'NONE',  ( 0.5250000000000000222, 0.03499999999999998251, 0.6499999999999995781 ) ) ;
#640 = DIRECTION ( 'NONE',  ( -1.000000000000000000, 0.000000000000000000, 0.000000000000000000 ) ) ;
#641 = VECTOR ( 'NONE', #4437, 1000.000000000000000 ) ;
#642 = AXIS2_PLACEMENT_3D ( 'NONE', #3566, #4482, #3985 ) ;
#643 = PLANE ( 'NONE',  #3247 ) ;
#644 = AXIS2_PLACEMENT_3D ( 'NONE', #2333, #101, #960 ) ;
#645 = ORIENTED_EDGE ( 'NONE', *, *, #1766, .F. ) ;
#646 = CARTESIAN_POINT ( 'NONE',  ( 1.074999999999999956, 0.6650000000000000355, 0.4249999999999996003 ) ) ;
#647 = ORIENTED_EDGE ( 'NONE', *, *, #317, .T. ) ;
#648 = ORIENTED_EDGE ( 'NONE', *, *, #1706, .T. ) ;
#649 = VECTOR ( 'NONE', #341, 1000.000000000000000 ) ;
#650 = DIRECTION ( 'NONE',  ( 0.000000000000000000, -1.000000000000000000, 0.000000000000000000 ) ) ;
#651 = ORIENTED_EDGE ( 'NONE', *, *, #5103, .T. ) ;
#652 = EDGE_CURVE ( 'NONE', #1412, #65, #4575, .T. ) ;
#653 = CARTESIAN_POINT ( 'NONE',  ( 0.2749999999999999667, 0.03499999999999999639, 0.4999999999999995559 ) ) ;
#654 = SURFACE_STYLE_USAGE ( .BOTH. , #2869 ) ;
#655 = ORIENTED_EDGE ( 'NONE', *, *, #275, .T. ) ;
#656 = ORIENTED_EDGE ( 'NONE', *, *, #2523, .T. ) ;
#657 = DIRECTION ( 'NONE',  ( 3.614007241618347785E-16, 0.000000000000000000, 1.000000000000000000 ) ) ;
#658 = CARTESIAN_POINT ( 'NONE',  ( -0.5250000000000000222, 0.6650000000000000355, -0.4249999999999996003 ) ) ;
#659 = DIRECTION ( 'NONE',  ( -1.000000000000000000, -0.000000000000000000, 0.000000000000000000 ) ) ;
#660 = CARTESIAN_POINT ( 'NONE',  ( -1.600000000000000311, 0.6650000000000000355, 0.7999999999999994893 ) ) ;
#661 = VECTOR ( 'NONE', #50, 1000.000000000000000 ) ;
#662 = CARTESIAN_POINT ( 'NONE',  ( -1.600000000000000311, 4.176956441796261466, 0.7649999999999987921 ) ) ;
#663 = PRESENTATION_STYLE_ASSIGNMENT (( #3265 ) ) ;
#664 = EDGE_CURVE ( 'NONE', #1579, #2178, #2261, .T. ) ;
#665 = ADVANCED_FACE ( 'NONE', ( #472 ), #4106, .F. ) ;
#666 = ORIENTED_EDGE ( 'NONE', *, *, #4770, .F. ) ;
#667 = AXIS2_PLACEMENT_3D ( 'NONE', #102, #5072, #3253 ) ;
#668 = CARTESIAN_POINT ( 'NONE',  ( -0.5250000000000000222, -1.084202172485504434E-16, -0.6499999999999995781 ) ) ;
#669 = LINE ( 'NONE', #4303, #994 ) ;
#670 = CARTESIAN_POINT ( 'NONE',  ( 1.565000000000000169, 0.6650000000000000355, 0.4999999999999995559 ) ) ;
#671 = DIRECTION ( 'NONE',  ( -0.000000000000000000, -1.000000000000000000, -0.000000000000000000 ) ) ;
#672 = PLANE ( 'NONE',  #4791 ) ;
#673 = ADVANCED_FACE ( 'NONE', ( #3184 ), #2292, .F. ) ;
#674 = ORIENTED_EDGE ( 'NONE', *, *, #3204, .T. ) ;
#675 = ORIENTED_EDGE ( 'NONE', *, *, #5879, .F. ) ;
#676 = DIRECTION ( 'NONE',  ( 8.673617379884059138E-16, 0.000000000000000000, -1.000000000000000000 ) ) ;
#677 = VERTEX_POINT ( 'NONE', #1394 ) ;
#678 = PLANE ( 'NONE',  #4346 ) ;
#679 = SURFACE_STYLE_USAGE ( .BOTH. , #4287 ) ;
#680 = EDGE_CURVE ( 'NONE', #1331, #3869, #3208, .T. ) ;
#681 = VECTOR ( 'NONE', #5729, 1000.000000000000000 ) ;
#682 = ORIENTED_EDGE ( 'NONE', *, *, #1675, .F. ) ;
#683 = VERTEX_POINT ( 'NONE', #5674 ) ;
#684 = LINE ( 'NONE', #2093, #5596 ) ;
#685 = DIRECTION ( 'NONE',  ( -1.000000000000000000, 0.000000000000000000, 0.000000000000000000 ) ) ;
#686 = DIRECTION ( 'NONE',  ( 0.000000000000000000, -1.224646799147353454E-16, 1.000000000000000000 ) ) ;
#687 = VECTOR ( 'NONE', #4163, 1000.000000000000000 ) ;
#688 = EDGE_CURVE ( 'NONE', #3608, #4141, #5558, .T. ) ;
#689 = CARTESIAN_POINT ( 'NONE',  ( -1.600000000000000311, 0.03499999999999999639, -0.7649999999999991251 ) ) ;
#690 = AXIS2_PLACEMENT_3D ( 'NONE', #377, #698, #2195 ) ;
#691 = VERTEX_POINT ( 'NONE', #1119 ) ;
#692 = PLANE ( 'NONE',  #3397 ) ;
#693 = CARTESIAN_POINT ( 'NONE',  ( 1.600000000000000311, 0.6299999999999998934, 0.7649999999999991251 ) ) ;
#694 = ADVANCED_FACE ( 'NONE', ( #5232 ), #4306, .F. ) ;
#695 = ORIENTED_EDGE ( 'NONE', *, *, #3544, .F. ) ;
#696 = VECTOR ( 'NONE', #5139, 1000.000000000000000 ) ;
#697 = DIRECTION ( 'NONE',  ( 0.000000000000000000, 0.000000000000000000, -1.000000000000000000 ) ) ;
#698 = DIRECTION ( 'NONE',  ( 0.000000000000000000, 1.000000000000000000, 0.000000000000000000 ) ) ;
#699 = ORIENTED_EDGE ( 'NONE', *, *, #701, .F. ) ;
#700 = ORIENTED_EDGE ( 'NONE', *, *, #1421, .F. ) ;
#701 = EDGE_CURVE ( 'NONE', #4560, #5340, #1933, .T. ) ;
#702 = CARTESIAN_POINT ( 'NONE',  ( 2.602447006080619740, 0.6300000000000000044, -0.4249999999999995448 ) ) ;
#703 = EDGE_CURVE ( 'NONE', #691, #5240, #1992, .T. ) ;
#704 = CARTESIAN_POINT ( 'NONE',  ( 1.600000000000000311, 4.176956441796261466, -0.7649999999999991251 ) ) ;
#705 = VERTEX_POINT ( 'NONE', #5147 ) ;
#706 = LINE ( 'NONE', #653, #264 ) ;
#707 = PLANE ( 'NONE',  #75 ) ;
#708 = LINE ( 'NONE', #1636, #1801 ) ;
#709 = ORIENTED_EDGE ( 'NONE', *, *, #288, .T. ) ;
#710 = ORIENTED_EDGE ( 'NONE', *, *, #113, .T. ) ;
#711 = EDGE_CURVE ( 'NONE', #4982, #705, #4191, .T. ) ;
#712 = CARTESIAN_POINT ( 'NONE',  ( 1.450000000000000178, 0.03499999999999999639, -0.6499999999999995781 ) ) ;
#713 = CARTESIAN_POINT ( 'NONE',  ( -1.074999999999999956, 0.6299999999999994493, -0.6499999999999995781 ) ) ;
#714 = LINE ( 'NONE', #4325, #3588 ) ;
#715 = CARTESIAN_POINT ( 'NONE',  ( -0.1500000000000000777, 0.6299999999999998934, -0.7649999999999991251 ) ) ;
#716 = ORIENTED_EDGE ( 'NONE', *, *, #5276, .T. ) ;
#717 = EDGE_CURVE ( 'NONE', #4804, #2606, #2944, .T. ) ;
#718 = EDGE_CURVE ( 'NONE', #3671, #1271, #5117, .T. ) ;
#719 = CARTESIAN_POINT ( 'NONE',  ( -0.9500000000000000666, 0.6300000000000000044, -0.7649999999999991251 ) ) ;
#720 = DIRECTION ( 'NONE',  ( -1.000000000000000000, 0.000000000000000000, -0.000000000000000000 ) ) ;
#721 = DIRECTION ( 'NONE',  ( 0.000000000000000000, 0.000000000000000000, -1.000000000000000000 ) ) ;
#722 = VECTOR ( 'NONE', #1989, 1000.000000000000000 ) ;
#723 = DIRECTION ( 'NONE',  ( 0.000000000000000000, 0.000000000000000000, 1.000000000000000000 ) ) ;
#724 = VECTOR ( 'NONE', #2500, 1000.000000000000000 ) ;
#725 = ORIENTED_EDGE ( 'NONE', *, *, #1757, .F. ) ;
#726 = ORIENTED_EDGE ( 'NONE', *, *, #1973, .T. ) ;
#727 = CARTESIAN_POINT ( 'NONE',  ( -0.1499999999999999667, -1.084202172485504434E-16, 0.4999999999999996669 ) ) ;
#728 = AXIS2_PLACEMENT_3D ( 'NONE', #4656, #109, #139 ) ;
#729 = AXIS2_PLACEMENT_3D ( 'NONE', #3639, #5450, #4552 ) ;
#730 = AXIS2_PLACEMENT_3D ( 'NONE', #1130, #4676, #1523 ) ;
#731 = DIRECTION ( 'NONE',  ( -0.000000000000000000, 0.000000000000000000, -1.000000000000000000 ) ) ;
#732 = DIRECTION ( 'NONE',  ( 1.000000000000000000, -0.000000000000000000, 8.673617379884044347E-16 ) ) ;
#733 = ADVANCED_FACE ( 'NONE', ( #2380 ), #1039, .F. ) ;
#734 = ORIENTED_EDGE ( 'NONE', *, *, #4603, .T. ) ;
#735 = EDGE_CURVE ( 'NONE', #5218, #5029, #4754, .T. ) ;
#736 = ADVANCED_FACE ( 'NONE', ( #589 ), #2407, .F. ) ;
#737 = LINE ( 'NONE', #5829, #5296 ) ;
#738 = DIRECTION ( 'NONE',  ( -1.000000000000000000, -0.000000000000000000, 0.000000000000000000 ) ) ;
#739 = VECTOR ( 'NONE', #3131, 1000.000000000000000 ) ;
#740 = CARTESIAN_POINT ( 'NONE',  ( -0.9499999999999998446, 0.6299999999999996714, 0.6499999999999992450 ) ) ;
#741 = VERTEX_POINT ( 'NONE', #1067 ) ;
#742 = ORIENTED_EDGE ( 'NONE', *, *, #2278, .F. ) ;
#743 = DIRECTION ( 'NONE',  ( 0.000000000000000000, -0.000000000000000000, 1.000000000000000000 ) ) ;
#744 = LINE ( 'NONE', #2214, #577 ) ;
#745 = FACE_OUTER_BOUND ( 'NONE', #5182, .T. ) ;
#746 = CARTESIAN_POINT ( 'NONE',  ( 0.1499999999999999667, 0.000000000000000000, 0.6499999999999995781 ) ) ;
#747 = ORIENTED_EDGE ( 'NONE', *, *, #4675, .T. ) ;
#748 = EDGE_LOOP ( 'NONE', ( #1680, #2086, #5516, #1549 ) ) ;
#749 = DIRECTION ( 'NONE',  ( 1.000000000000000000, -0.000000000000000000, 0.000000000000000000 ) ) ;
#750 = DIRECTION ( 'NONE',  ( -0.000000000000000000, 0.000000000000000000, -1.000000000000000000 ) ) ;
#751 = DIRECTION ( 'NONE',  ( 1.000000000000000000, -0.000000000000000000, 1.016439536705160160E-16 ) ) ;
#752 = VECTOR ( 'NONE', #520, 1000.000000000000000 ) ;
#753 = FACE_OUTER_BOUND ( 'NONE', #4284, .T. ) ;
#754 = CARTESIAN_POINT ( 'NONE',  ( 0.6500000000000000222, 0.6300000000000000044, 0.000000000000000000 ) ) ;
#755 = VECTOR ( 'NONE', #4985, 1000.000000000000000 ) ;
#756 = ORIENTED_EDGE ( 'NONE', *, *, #2492, .F. ) ;
#757 = ORIENTED_EDGE ( 'NONE', *, *, #5613, .T. ) ;
#758 = PLANE ( 'NONE',  #1217 ) ;
#759 = VECTOR ( 'NONE', #5552, 1000.000000000000000 ) ;
#760 = LINE ( 'NONE', #4418, #4642 ) ;
#761 = PLANE ( 'NONE',  #776 ) ;
#762 = ORIENTED_EDGE ( 'NONE', *, *, #2800, .F. ) ;
#763 = VECTOR ( 'NONE', #3937, 1000.000000000000000 ) ;
#764 = DIRECTION ( 'NONE',  ( -1.000000000000000000, 0.000000000000000000, 0.000000000000000000 ) ) ;
#765 = CARTESIAN_POINT ( 'NONE',  ( 1.325000000000000400, -1.084202172485504434E-16, 0.6499999999999992450 ) ) ;
#766 = ADVANCED_FACE ( 'NONE', ( #4221 ), #2883, .F. ) ;
#767 = ORIENTED_EDGE ( 'NONE', *, *, #5276, .F. ) ;
#768 = ORIENTED_EDGE ( 'NONE', *, *, #5078, .T. ) ;
#769 = CARTESIAN_POINT ( 'NONE',  ( -0.1500000000000000777, 0.000000000000000000, -0.6499999999999995781 ) ) ;
#770 = CARTESIAN_POINT ( 'NONE',  ( -0.1500000000000000777, 0.6650000000000000355, -0.6499999999999995781 ) ) ;
#771 = LINE ( 'NONE', #802, #5586 ) ;
#772 = EDGE_CURVE ( 'NONE', #4982, #683, #2910, .T. ) ;
#773 = DIRECTION ( 'NONE',  ( -0.000000000000000000, 0.000000000000000000, 1.000000000000000000 ) ) ;
#774 = ORIENTED_EDGE ( 'NONE', *, *, #383, .T. ) ;
#775 = ORIENTED_EDGE ( 'NONE', *, *, #5387, .F. ) ;
#776 = AXIS2_PLACEMENT_3D ( 'NONE', #3244, #5417, #564 ) ;
#777 = LINE ( 'NONE', #4504, #3788 ) ;
#778 = DIRECTION ( 'NONE',  ( 0.000000000000000000, 1.000000000000000000, 1.548860246407859392E-15 ) ) ;
#779 = CARTESIAN_POINT ( 'NONE',  ( 0.2749999999999999667, -1.084202172485504434E-16, -0.6499999999999995781 ) ) ;
#780 = DIRECTION ( 'NONE',  ( 0.000000000000000000, 1.000000000000000000, 0.000000000000000000 ) ) ;
#781 = VECTOR ( 'NONE', #5787, 1000.000000000000000 ) ;
#782 = DIRECTION ( 'NONE',  ( -0.000000000000000000, -0.000000000000000000, 1.000000000000000000 ) ) ;
#783 = ORIENTED_EDGE ( 'NONE', *, *, #317, .F. ) ;
#784 = ORIENTED_EDGE ( 'NONE', *, *, #100, .T. ) ;
#785 = ADVANCED_FACE ( 'NONE', ( #5174 ), #643, .F. ) ;
#786 = LINE ( 'NONE', #293, #804 ) ;
#787 = DIRECTION ( 'NONE',  ( 0.000000000000000000, 1.445602896647340692E-15, 1.000000000000000000 ) ) ;
#788 = CARTESIAN_POINT ( 'NONE',  ( -0.6499999999999999112, 0.03499999999999999639, 0.4999999999999996669 ) ) ;
#789 = UNCERTAINTY_MEASURE_WITH_UNIT (LENGTH_MEASURE( 1.000000000000000082E-05 ), #5185, 'distance_accuracy_value', 'NONE');
#790 = VERTEX_POINT ( 'NONE', #118 ) ;
#791 =( LENGTH_UNIT ( ) NAMED_UNIT ( * ) SI_UNIT ( .MILLI., .METRE. ) );
#792 = FACE_OUTER_BOUND ( 'NONE', #3334, .T. ) ;
#793 = ADVANCED_FACE ( 'NONE', ( #2021 ), #2494, .F. ) ;
#794 = EDGE_CURVE ( 'NONE', #547, #2707, #1598, .T. ) ;
#795 = ORIENTED_EDGE ( 'NONE', *, *, #1580, .T. ) ;
#796 = ITEM_DEFINED_TRANSFORMATION ( 'NONE', 'NONE', #3368,  #3551 ) ;
#797 = PRODUCT_DEFINITION_SHAPE ( 'NONE', 'NONE',  #5886 ) ;
#798 = ORIENTED_EDGE ( 'NONE', *, *, #4486, .F. ) ;
#799 = EDGE_CURVE ( 'NONE', #2503, #2830, #1202, .T. ) ;
#800 = DIRECTION ( 'NONE',  ( 1.000000000000000000, 0.000000000000000000, 0.000000000000000000 ) ) ;
#801 = CARTESIAN_POINT ( 'NONE',  ( 0.1499999999999999667, 0.6650000000000000355, -0.7999999999999994893 ) ) ;
#802 = CARTESIAN_POINT ( 'NONE',  ( -1.325000000000000178, -1.084202172485504434E-16, -0.6499999999999995781 ) ) ;
#803 = VERTEX_POINT ( 'NONE', #5814 ) ;
#804 = VECTOR ( 'NONE', #4449, 1000.000000000000000 ) ;
#805 = DIRECTION ( 'NONE',  ( 0.000000000000000000, -1.000000000000000000, 0.000000000000000000 ) ) ;
#806 = VERTEX_POINT ( 'NONE', #1710 ) ;
#807 = EDGE_CURVE ( 'NONE', #3948, #2054, #4413, .T. ) ;
#808 = EDGE_CURVE ( 'NONE', #5218, #1105, #4868, .T. ) ;
#809 = ORIENTED_EDGE ( 'NONE', *, *, #628, .F. ) ;
#810 = EDGE_CURVE ( 'NONE', #2622, #5802, #3978, .T. ) ;
#811 = EDGE_CURVE ( 'NONE', #3931, #5664, #257, .T. ) ;
#812 = CARTESIAN_POINT ( 'NONE',  ( -0.9500000000000000666, 0.6299999999999998934, -0.7649999999999991251 ) ) ;
#813 = CARTESIAN_POINT ( 'NONE',  ( -1.324999999999999956, 0.6650000000000000355, 0.7999999999999996003 ) ) ;
#814 = CARTESIAN_POINT ( 'NONE',  ( 0.2749999999999999667, -1.084202172485504434E-16, 0.6499999999999995781 ) ) ;
#815 = DIRECTION ( 'NONE',  ( 0.000000000000000000, -0.000000000000000000, 1.000000000000000000 ) ) ;
#816 = DIRECTION ( 'NONE',  ( 0.000000000000000000, 0.000000000000000000, -1.000000000000000000 ) ) ;
#817 = VECTOR ( 'NONE', #3150, 1000.000000000000000 ) ;
#818 = VERTEX_POINT ( 'NONE', #3917 ) ;
#819 = EDGE_LOOP ( 'NONE', ( #1894, #725, #1529, #3967 ) ) ;
#820 = LINE ( 'NONE', #2637, #3170 ) ;
#821 = DIRECTION ( 'NONE',  ( 0.000000000000000000, 0.000000000000000000, -1.000000000000000000 ) ) ;
#822 = DIRECTION ( 'NONE',  ( 0.000000000000000000, -1.000000000000000000, 0.000000000000000000 ) ) ;
#823 = DIRECTION ( 'NONE',  ( 3.614007241618349264E-16, 0.000000000000000000, -1.000000000000000000 ) ) ;
#824 = ORIENTED_EDGE ( 'NONE', *, *, #1646, .F. ) ;
#825 = VECTOR ( 'NONE', #5728, 1000.000000000000000 ) ;
#826 = CARTESIAN_POINT ( 'NONE',  ( -0.9500000000000000666, 0.6299999999999996714, -0.4249999999999996003 ) ) ;
#827 = DIRECTION ( 'NONE',  ( 0.000000000000000000, 0.000000000000000000, -1.000000000000000000 ) ) ;
#828 = DIRECTION ( 'NONE',  ( -0.000000000000000000, 1.000000000000000000, -0.000000000000000000 ) ) ;
#829 = VECTOR ( 'NONE', #5681, 1000.000000000000000 ) ;
#830 = ORIENTED_EDGE ( 'NONE', *, *, #2349, .T. ) ;
#831 = CARTESIAN_POINT ( 'NONE',  ( 0.000000000000000000, 0.000000000000000000, 0.000000000000000000 ) ) ;
#832 = ORIENTED_EDGE ( 'NONE', *, *, #3428, .F. ) ;
#833 = LINE ( 'NONE', #1256, #3600 ) ;
#834 = DIRECTION ( 'NONE',  ( -0.000000000000000000, 1.000000000000000000, -0.000000000000000000 ) ) ;
#835 = VECTOR ( 'NONE', #2152, 1000.000000000000000 ) ;
#836 = VECTOR ( 'NONE', #1516, 1000.000000000000000 ) ;
#837 = CARTESIAN_POINT ( 'NONE',  ( -1.324999999999999956, 0.03499999999999999639, 0.4999999999999995559 ) ) ;
#838 = ORIENTED_EDGE ( 'NONE', *, *, #3734, .T. ) ;
#839 = PLANE ( 'NONE',  #3333 ) ;
#840 = VERTEX_POINT ( 'NONE', #1268 ) ;
#841 = ORIENTED_EDGE ( 'NONE', *, *, #1514, .T. ) ;
#842 = LINE ( 'NONE', #2661, #4544 ) ;
#843 = LINE ( 'NONE', #5847, #5680 ) ;
#844 = LINE ( 'NONE', #3559, #5537 ) ;
#845 = FACE_OUTER_BOUND ( 'NONE', #5744, .T. ) ;
#846 = EDGE_CURVE ( 'NONE', #4055, #705, #5317, .T. ) ;
#847 = CARTESIAN_POINT ( 'NONE',  ( -0.9500000000000000666, 0.6299999999999998934, 0.7649999999999991251 ) ) ;
#848 = VERTEX_POINT ( 'NONE', #5255 ) ;
#849 = VERTEX_POINT ( 'NONE', #1178 ) ;
#850 = DIRECTION ( 'NONE',  ( -1.000000000000000000, -0.000000000000000000, 0.000000000000000000 ) ) ;
#851 = CARTESIAN_POINT ( 'NONE',  ( -1.600000000000000311, 0.6299999999999996714, 0.6499999999999996891 ) ) ;
#852 = DIRECTION ( 'NONE',  ( 0.000000000000000000, 2.828353493440454393E-15, -1.000000000000000000 ) ) ;
#853 = EDGE_CURVE ( 'NONE', #4892, #5413, #3023, .T. ) ;
#854 = VECTOR ( 'NONE', #1585, 1000.000000000000000 ) ;
#855 = CARTESIAN_POINT ( 'NONE',  ( -0.6500000000000001332, 0.6299999999999996714, 0.6499999999999995781 ) ) ;
#856 = ORIENTED_EDGE ( 'NONE', *, *, #3221, .T. ) ;
#857 = SURFACE_STYLE_USAGE ( .BOTH. , #1634 ) ;
#858 = AXIS2_PLACEMENT_3D ( 'NONE', #4422, #2556, #3091 ) ;
#859 = LINE ( 'NONE', #1786, #2068 ) ;
#860 = CARTESIAN_POINT ( 'NONE',  ( 0.9500000000000000666, 0.6650000000000000355, -0.7999999999999994893 ) ) ;
#861 = VECTOR ( 'NONE', #5786, 1000.000000000000000 ) ;
#862 = VERTEX_POINT ( 'NONE', #5701 ) ;
#863 = PRODUCT_CONTEXT ( 'NONE', #1817, 'mechanical' ) ;
#864 = ORIENTED_EDGE ( 'NONE', *, *, #1922, .T. ) ;
#865 = DIRECTION ( 'NONE',  ( 1.000000000000000000, 0.000000000000000000, 0.000000000000000000 ) ) ;
#866 = DIRECTION ( 'NONE',  ( 0.000000000000000000, 1.000000000000000000, 1.548860246407859392E-15 ) ) ;
#867 = EDGE_CURVE ( 'NONE', #3869, #177, #1236, .T. ) ;
#868 = PLANE ( 'NONE',  #555 ) ;
#869 = ORIENTED_EDGE ( 'NONE', *, *, #701, .T. ) ;
#870 = VERTEX_POINT ( 'NONE', #3053 ) ;
#871 = VERTEX_POINT ( 'NONE', #3944 ) ;
#872 = PLANE ( 'NONE',  #1123 ) ;
#873 = CARTESIAN_POINT ( 'NONE',  ( 1.565000000000000169, 0.6299999999999998934, 0.4249999999999995448 ) ) ;
#874 = CARTESIAN_POINT ( 'NONE',  ( 1.600000000000000311, 0.03499999999999999639, -0.7649999999999991251 ) ) ;
#875 = EDGE_CURVE ( 'NONE', #4722, #4758, #376, .T. ) ;
#876 = CARTESIAN_POINT ( 'NONE',  ( 1.325000000000000178, -1.084202172485504434E-16, -0.6499999999999999112 ) ) ;
#877 = DIRECTION ( 'NONE',  ( -0.000000000000000000, 0.000000000000000000, 1.000000000000000000 ) ) ;
#878 = VECTOR ( 'NONE', #2965, 1000.000000000000000 ) ;
#879 = ADVANCED_BREP_SHAPE_REPRESENTATION ( '', ( #49, #2025, #3891, #4025, #3918, #2015, #160, #4044, #1938, #9, #3551 ), #2792 ) ;
#880 = ORIENTED_EDGE ( 'NONE', *, *, #3640, .T. ) ;
#881 = ORIENTED_EDGE ( 'NONE', *, *, #4451, .T. ) ;
#882 = CARTESIAN_POINT ( 'NONE',  ( 1.600000000000000311, 4.176956441796261466, -0.7649999999999991251 ) ) ;
#883 = EDGE_CURVE ( 'NONE', #4680, #4901, #2544, .T. ) ;
#884 = DIRECTION ( 'NONE',  ( -0.000000000000000000, 1.000000000000000000, -0.000000000000000000 ) ) ;
#885 = AXIS2_PLACEMENT_3D ( 'NONE', #2702, #2290, #3564 ) ;
#886 = CARTESIAN_POINT ( 'NONE',  ( 0.6500000000000000222, 0.6650000000000000355, -0.6499999999999995781 ) ) ;
#887 = DIRECTION ( 'NONE',  ( -0.000000000000000000, 1.000000000000000000, -0.000000000000000000 ) ) ;
#888 = ORIENTED_EDGE ( 'NONE', *, *, #2724, .F. ) ;
#889 = ADVANCED_FACE ( 'NONE', ( #344 ), #2604, .F. ) ;
#890 = VECTOR ( 'NONE', #4755, 1000.000000000000000 ) ;
#891 = ADVANCED_FACE ( 'NONE', ( #2104 ), #5375, .F. ) ;
#892 = CARTESIAN_POINT ( 'NONE',  ( 1.450000000000000178, 0.6650000000000000355, -0.4249999999999996003 ) ) ;
#893 = DIRECTION ( 'NONE',  ( -0.000000000000000000, -0.000000000000000000, 1.000000000000000000 ) ) ;
#894 = FACE_OUTER_BOUND ( 'NONE', #20, .T. ) ;
#895 = ORIENTED_EDGE ( 'NONE', *, *, #2935, .T. ) ;
#896 = ORIENTED_EDGE ( 'NONE', *, *, #1110, .F. ) ;
#897 = CARTESIAN_POINT ( 'NONE',  ( 1.450000000000000178, 0.6650000000000000355, 0.4249999999999996003 ) ) ;
#898 = CARTESIAN_POINT ( 'NONE',  ( -0.6500000000000001332, 0.03499999999999999639, -0.7649999999999991251 ) ) ;
#899 = CARTESIAN_POINT ( 'NONE',  ( -0.1499999999999998834, 0.6300000000000000044, 0.7649999999999991251 ) ) ;
#900 = ORIENTED_EDGE ( 'NONE', *, *, #5327, .F. ) ;
#901 = ORIENTED_EDGE ( 'NONE', *, *, #2059, .F. ) ;
#902 = ADVANCED_FACE ( 'NONE', ( #1652 ), #5757, .F. ) ;
#903 = ORIENTED_EDGE ( 'NONE', *, *, #4035, .F. ) ;
#904 = CARTESIAN_POINT ( 'NONE',  ( 1.325000000000000400, 0.6650000000000000355, 0.4249999999999996003 ) ) ;
#905 = LINE ( 'NONE', #4865, #4727 ) ;
#906 = VECTOR ( 'NONE', #914, 1000.000000000000000 ) ;
#907 = FACE_OUTER_BOUND ( 'NONE', #565, .T. ) ;
#908 = DIRECTION ( 'NONE',  ( 0.000000000000000000, 1.000000000000000000, 3.097720492815721151E-15 ) ) ;
#909 = PLANE ( 'NONE',  #5642 ) ;
#910 = VERTEX_POINT ( 'NONE', #4897 ) ;
#911 = ADVANCED_FACE ( 'NONE', ( #753 ), #1295, .F. ) ;
#912 = ORIENTED_EDGE ( 'NONE', *, *, #1363, .F. ) ;
#913 = LINE ( 'NONE', #1333, #228 ) ;
#914 = DIRECTION ( 'NONE',  ( -0.000000000000000000, 1.000000000000000000, -0.000000000000000000 ) ) ;
#915 = LINE ( 'NONE', #2350, #2368 ) ;
#916 = VECTOR ( 'NONE', #4130, 1000.000000000000000 ) ;
#917 = EDGE_LOOP ( 'NONE', ( #5334, #292, #1369, #1255, #4091, #2893, #16, #586 ) ) ;
#918 = CARTESIAN_POINT ( 'NONE',  ( -0.5250000000000000222, 0.6299999999999994493, 0.6499999999999995781 ) ) ;
#919 = UNCERTAINTY_MEASURE_WITH_UNIT (LENGTH_MEASURE( 1.000000000000000082E-05 ), #68, 'distance_accuracy_value', 'NONE');
#920 = EDGE_LOOP ( 'NONE', ( #5775, #996, #5245, #4810 ) ) ;
#921 = PRESENTATION_STYLE_ASSIGNMENT (( #4613 ) ) ;
#922 = DIRECTION ( 'NONE',  ( -0.000000000000000000, -8.182657905550991838E-16, 1.000000000000000000 ) ) ;
#923 = EDGE_CURVE ( 'NONE', #1735, #5673, #2631, .T. ) ;
#924 = EDGE_CURVE ( 'NONE', #563, #5412, #4333, .T. ) ;
#925 = ORIENTED_EDGE ( 'NONE', *, *, #2553, .T. ) ;
#926 = VECTOR ( 'NONE', #2017, 1000.000000000000000 ) ;
#927 = VECTOR ( 'NONE', #2681, 1000.000000000000000 ) ;
#928 = EDGE_LOOP ( 'NONE', ( #60, #5354, #4388, #571 ) ) ;
#929 = CARTESIAN_POINT ( 'NONE',  ( 0.9500000000000000666, -6.368163355566234902E-17, 0.4999999999999995559 ) ) ;
#930 = DIRECTION ( 'NONE',  ( 1.000000000000000000, 0.000000000000000000, -0.000000000000000000 ) ) ;
#931 = DIRECTION ( 'NONE',  ( 0.000000000000000000, -1.000000000000000000, 0.000000000000000000 ) ) ;
#932 = VECTOR ( 'NONE', #509, 1000.000000000000000 ) ;
#933 = ORIENTED_EDGE ( 'NONE', *, *, #4947, .T. ) ;
#934 = AXIS2_PLACEMENT_3D ( 'NONE', #3009, #4827, #743 ) ;
#935 = ADVANCED_FACE ( 'NONE', ( #1902 ), #972, .F. ) ;
#936 = VERTEX_POINT ( 'NONE', #4507 ) ;
#937 = VECTOR ( 'NONE', #931, 1000.000000000000000 ) ;
#938 = ORIENTED_EDGE ( 'NONE', *, *, #2656, .F. ) ;
#939 = AXIS2_PLACEMENT_3D ( 'NONE', #3364, #150, #4759 ) ;
#940 = LINE ( 'NONE', #1385, #2193 ) ;
#941 = LINE ( 'NONE', #4150, #5024 ) ;
#942 = DIRECTION ( 'NONE',  ( -1.000000000000000000, 0.000000000000000000, 0.000000000000000000 ) ) ;
#943 = CARTESIAN_POINT ( 'NONE',  ( 1.565000000000000169, 0.6300000000000000044, -0.4249999999999995448 ) ) ;
#944 = CARTESIAN_POINT ( 'NONE',  ( -0.2749999999999999667, 0.03499999999999999639, -0.7649999999999991251 ) ) ;
#945 = ORIENTED_EDGE ( 'NONE', *, *, #5181, .F. ) ;
#946 = PLANE ( 'NONE',  #885 ) ;
#947 = PLANE ( 'NONE',  #190 ) ;
#948 = FACE_OUTER_BOUND ( 'NONE', #5486, .T. ) ;
#949 = ORIENTED_EDGE ( 'NONE', *, *, #5187, .T. ) ;
#950 = LINE ( 'NONE', #1013, #3927 ) ;
#951 = ORIENTED_EDGE ( 'NONE', *, *, #3295, .T. ) ;
#952 = CARTESIAN_POINT ( 'NONE',  ( -1.600000000000000311, 0.03499999999999999639, 0.7649999999999987921 ) ) ;
#953 = CARTESIAN_POINT ( 'NONE',  ( 0.2749999999999999667, 0.6299999999999994493, -0.6499999999999995781 ) ) ;
#954 = VECTOR ( 'NONE', #3377, 1000.000000000000000 ) ;
#955 = ADVANCED_FACE ( 'NONE', ( #4933 ), #3143, .F. ) ;
#956 = FACE_OUTER_BOUND ( 'NONE', #3980, .T. ) ;
#957 = ORIENTED_EDGE ( 'NONE', *, *, #346, .F. ) ;
#958 = AXIS2_PLACEMENT_3D ( 'NONE', #2620, #3458, #1257 ) ;
#959 = ORIENTED_EDGE ( 'NONE', *, *, #1071, .T. ) ;
#960 = DIRECTION ( 'NONE',  ( 0.000000000000000000, 0.000000000000000000, -1.000000000000000000 ) ) ;
#961 = DIRECTION ( 'NONE',  ( 0.000000000000000000, 0.000000000000000000, -1.000000000000000000 ) ) ;
#962 = CARTESIAN_POINT ( 'NONE',  ( 0.9500000000000000666, 0.000000000000000000, 0.6499999999999995781 ) ) ;
#963 = EDGE_CURVE ( 'NONE', #1144, #4722, #3587, .T. ) ;
#964 = ORIENTED_EDGE ( 'NONE', *, *, #3721, .T. ) ;
#965 = VERTEX_POINT ( 'NONE', #1420 ) ;
#966 = VERTEX_POINT ( 'NONE', #524 ) ;
#967 = ADVANCED_FACE ( 'NONE', ( #4599 ), #4125, .F. ) ;
#968 = PLANE ( 'NONE',  #3141 ) ;
#969 = DIRECTION ( 'NONE',  ( 0.000000000000000000, -1.000000000000000000, 0.000000000000000000 ) ) ;
#970 = EDGE_CURVE ( 'NONE', #4141, #3453, #1809, .T. ) ;
#971 = CARTESIAN_POINT ( 'NONE',  ( 0.6500000000000000222, 0.03499999999999999639, 0.6499999999999995781 ) ) ;
#972 = PLANE ( 'NONE',  #1444 ) ;
#973 = CARTESIAN_POINT ( 'NONE',  ( 2.602447006080619740, 0.6766666666666666385, 0.4999999999999994449 ) ) ;
#974 = ORIENTED_EDGE ( 'NONE', *, *, #4153, .T. ) ;
#975 = PLANE ( 'NONE',  #458 ) ;
#976 = PLANE ( 'NONE',  #3216 ) ;
#977 = CARTESIAN_POINT ( 'NONE',  ( -0.9500000000000000666, 0.6650000000000000355, 0.6499999999999995781 ) ) ;
#978 = VECTOR ( 'NONE', #3746, 1000.000000000000000 ) ;
#979 = EDGE_LOOP ( 'NONE', ( #55, #5286, #3889, #618 ) ) ;
#980 = DIRECTION ( 'NONE',  ( -1.000000000000000000, -0.000000000000000000, 0.000000000000000000 ) ) ;
#981 = VERTEX_POINT ( 'NONE', #5849 ) ;
#982 = EDGE_CURVE ( 'NONE', #1879, #408, #4475, .T. ) ;
#983 = CARTESIAN_POINT ( 'NONE',  ( 0.2749999999999999667, -1.084202172485504434E-16, -0.6499999999999995781 ) ) ;
#984 = AXIS2_PLACEMENT_3D ( 'NONE', #3446, #3567, #3120 ) ;
#985 = CARTESIAN_POINT ( 'NONE',  ( -0.1500000000000000777, 0.6299999999999996714, -0.4249999999999996003 ) ) ;
#986 = VECTOR ( 'NONE', #2467, 1000.000000000000000 ) ;
#987 = VERTEX_POINT ( 'NONE', #2254 ) ;
#988 = ORIENTED_EDGE ( 'NONE', *, *, #5469, .F. ) ;
#989 = EDGE_CURVE ( 'NONE', #4156, #4180, #5882, .T. ) ;
#990 = EDGE_CURVE ( 'NONE', #1638, #2503, #4536, .T. ) ;
#991 = DIRECTION ( 'NONE',  ( 0.000000000000000000, 0.000000000000000000, -1.000000000000000000 ) ) ;
#992 = LINE ( 'NONE', #2393, #5778 ) ;
#993 = PRODUCT_DEFINITION_FORMATION_WITH_SPECIFIED_SOURCE ( 'ANY', '', #3621, .NOT_KNOWN. ) ;
#994 = VECTOR ( 'NONE', #3383, 1000.000000000000000 ) ;
#995 = ORIENTED_EDGE ( 'NONE', *, *, #3371, .F. ) ;
#996 = ORIENTED_EDGE ( 'NONE', *, *, #4593, .F. ) ;
#997 = ADVANCED_FACE ( 'NONE', ( #4569 ), #3623, .F. ) ;
#998 = ORIENTED_EDGE ( 'NONE', *, *, #1321, .T. ) ;
#999 = CARTESIAN_POINT ( 'NONE',  ( 1.600000000000000311, 0.03499999999999999639, 0.7649999999999991251 ) ) ;
#1000 = DIRECTION ( 'NONE',  ( 0.000000000000000000, 0.000000000000000000, 1.000000000000000000 ) ) ;
#1001 = LINE ( 'NONE', #607, #2408 ) ;
#1002 = CARTESIAN_POINT ( 'NONE',  ( -0.1500000000000000777, 0.03499999999999999639, -0.6499999999999995781 ) ) ;
#1003 = EDGE_CURVE ( 'NONE', #4913, #848, #3681, .T. ) ;
#1004 = CARTESIAN_POINT ( 'NONE',  ( -0.2749999999999999667, -1.084202172485504434E-16, 0.6499999999999995781 ) ) ;
#1005 = EDGE_CURVE ( 'NONE', #1478, #1554, #2342, .T. ) ;
#1006 = ADVANCED_FACE ( 'NONE', ( #4995 ), #4099, .F. ) ;
#1007 = ORIENTED_EDGE ( 'NONE', *, *, #4888, .T. ) ;
#1008 = CARTESIAN_POINT ( 'NONE',  ( -0.5250000000000000222, 0.03499999999999999639, 0.7649999999999991251 ) ) ;
#1009 = CARTESIAN_POINT ( 'NONE',  ( 0.6500000000000000222, -6.368163355566234902E-17, 0.4999999999999995559 ) ) ;
#1010 = LINE ( 'NONE', #561, #5793 ) ;
#1011 = DIRECTION ( 'NONE',  ( -0.000000000000000000, 1.000000000000000000, -0.000000000000000000 ) ) ;
#1012 = ORIENTED_EDGE ( 'NONE', *, *, #4094, .F. ) ;
#1013 = CARTESIAN_POINT ( 'NONE',  ( -0.9500000000000001776, 0.6300000000000000044, 3.433306879537431036E-16 ) ) ;
#1014 = EDGE_LOOP ( 'NONE', ( #4616, #2766, #5561, #1952 ) ) ;
#1015 =( NAMED_UNIT ( * ) SI_UNIT ( $, .STERADIAN. ) SOLID_ANGLE_UNIT ( ) );
#1016 = LINE ( 'NONE', #1376, #268 ) ;
#1017 = VERTEX_POINT ( 'NONE', #5056 ) ;
#1018 = CARTESIAN_POINT ( 'NONE',  ( 1.074999999999999956, 0.6649999999999998135, -0.6499999999999995781 ) ) ;
#1019 = CARTESIAN_POINT ( 'NONE',  ( -0.5250000000000000222, -1.084202172485504434E-16, 0.6499999999999995781 ) ) ;
#1020 = CARTESIAN_POINT ( 'NONE',  ( -0.1500000000000000777, 0.03499999999999999639, 0.4999999999999995559 ) ) ;
#1021 = ORIENTED_EDGE ( 'NONE', *, *, #4632, .T. ) ;
#1022 = ORIENTED_EDGE ( 'NONE', *, *, #2969, .F. ) ;
#1023 = ORIENTED_EDGE ( 'NONE', *, *, #924, .F. ) ;
#1024 = CARTESIAN_POINT ( 'NONE',  ( 0.2749999999999999667, 0.6299999999999996714, -0.4249999999999996003 ) ) ;
#1025 = VECTOR ( 'NONE', #5192, 1000.000000000000000 ) ;
#1026 = VECTOR ( 'NONE', #1342, 1000.000000000000000 ) ;
#1027 = PLANE ( 'NONE',  #728 ) ;
#1028 = CARTESIAN_POINT ( 'NONE',  ( 0.9500000000000003997, 0.03499999999999999639, -6.866613759074867003E-16 ) ) ;
#1029 = VECTOR ( 'NONE', #4286, 1000.000000000000000 ) ;
#1030 = CARTESIAN_POINT ( 'NONE',  ( -0.9499999999999999556, -1.084202172485504434E-16, 0.4999999999999996669 ) ) ;
#1031 = DIRECTION ( 'NONE',  ( 0.000000000000000000, 1.000000000000000000, 0.000000000000000000 ) ) ;
#1032 = VERTEX_POINT ( 'NONE', #943 ) ;
#1033 = EDGE_CURVE ( 'NONE', #4901, #3873, #2224, .T. ) ;
#1034 = CARTESIAN_POINT ( 'NONE',  ( -0.2749999999999999667, -1.084202172485504434E-16, 0.6499999999999995781 ) ) ;
#1035 = VECTOR ( 'NONE', #5363, 1000.000000000000000 ) ;
#1036 = STYLED_ITEM ( 'NONE', ( #4767 ), #9 ) ;
#1037 = ADVANCED_FACE ( 'NONE', ( #845 ), #495, .F. ) ;
#1038 = CARTESIAN_POINT ( 'NONE',  ( 0.6500000000000000222, 0.6299999999999998934, 0.7649999999999991251 ) ) ;
#1039 = PLANE ( 'NONE',  #273 ) ;
#1040 = VERTEX_POINT ( 'NONE', #2667 ) ;
#1041 = CARTESIAN_POINT ( 'NONE',  ( -0.9500000000000000666, 0.03499999999999999639, -0.4999999999999994449 ) ) ;
#1042 = ORIENTED_EDGE ( 'NONE', *, *, #3542, .F. ) ;
#1043 = EDGE_CURVE ( 'NONE', #2671, #5711, #112, .T. ) ;
#1044 = PLANE ( 'NONE',  #1501 ) ;
#1045 = ORIENTED_EDGE ( 'NONE', *, *, #1764, .T. ) ;
#1046 = DIRECTION ( 'NONE',  ( -0.000000000000000000, -1.000000000000000000, 0.000000000000000000 ) ) ;
#1047 = AXIS2_PLACEMENT_3D ( 'NONE', #1964, #2493, #5528 ) ;
#1048 = DIRECTION ( 'NONE',  ( 0.000000000000000000, 1.000000000000000000, -0.000000000000000000 ) ) ;
#1049 = DIRECTION ( 'NONE',  ( -1.000000000000000000, -0.000000000000000000, 0.000000000000000000 ) ) ;
#1050 = ORIENTED_EDGE ( 'NONE', *, *, #98, .F. ) ;
#1051 = VECTOR ( 'NONE', #1609, 1000.000000000000000 ) ;
#1052 = VERTEX_POINT ( 'NONE', #4685 ) ;
#1053 = ORIENTED_EDGE ( 'NONE', *, *, #4957, .F. ) ;
#1054 = EDGE_CURVE ( 'NONE', #2054, #157, #4241, .T. ) ;
#1055 = CARTESIAN_POINT ( 'NONE',  ( 0.9500000000000000666, 0.000000000000000000, 0.000000000000000000 ) ) ;
#1056 = ADVANCED_FACE ( 'NONE', ( #164 ), #3829, .F. ) ;
#1057 = CARTESIAN_POINT ( 'NONE',  ( -0.6500000000000001332, 0.000000000000000000, -0.6499999999999995781 ) ) ;
#1058 = LINE ( 'NONE', #3379, #5359 ) ;
#1059 = VECTOR ( 'NONE', #2723, 1000.000000000000000 ) ;
#1060 = CARTESIAN_POINT ( 'NONE',  ( -0.9500000000000000666, 0.03499999999999999639, -0.4999999999999995559 ) ) ;
#1061 = VECTOR ( 'NONE', #1197, 1000.000000000000000 ) ;
#1062 = EDGE_LOOP ( 'NONE', ( #3629, #4594, #5611, #3504, #5752, #2796, #2137, #3128 ) ) ;
#1063 = ADVANCED_FACE ( 'NONE', ( #3323 ), #141, .F. ) ;
#1064 = CARTESIAN_POINT ( 'NONE',  ( -0.6500000000000001332, 0.000000000000000000, 0.6499999999999995781 ) ) ;
#1065 = LINE ( 'NONE', #587, #420 ) ;
#1066 = DIRECTION ( 'NONE',  ( 0.000000000000000000, 0.000000000000000000, -1.000000000000000000 ) ) ;
#1067 = CARTESIAN_POINT ( 'NONE',  ( 0.6500000000000000222, 0.6299999999999998934, 0.7649999999999991251 ) ) ;
#1068 = ORIENTED_EDGE ( 'NONE', *, *, #1507, .T. ) ;
#1069 = CARTESIAN_POINT ( 'NONE',  ( 0.1499999999999999667, 0.6650000000000000355, 0.6499999999999995781 ) ) ;
#1070 = VERTEX_POINT ( 'NONE', #1562 ) ;
#1071 = EDGE_CURVE ( 'NONE', #2685, #5664, #634, .T. ) ;
#1072 = FACE_OUTER_BOUND ( 'NONE', #3816, .T. ) ;
#1073 = LINE ( 'NONE', #1128, #829 ) ;
#1074 = EDGE_CURVE ( 'NONE', #2389, #2622, #2936, .T. ) ;
#1075 = ORIENTED_EDGE ( 'NONE', *, *, #5644, .T. ) ;
#1076 = EDGE_CURVE ( 'NONE', #965, #1271, #2486, .T. ) ;
#1077 = VECTOR ( 'NONE', #1983, 1000.000000000000000 ) ;
#1078 = DIRECTION ( 'NONE',  ( -1.000000000000000000, 0.000000000000000000, 0.000000000000000000 ) ) ;
#1079 = LINE ( 'NONE', #5771, #3969 ) ;
#1080 = VERTEX_POINT ( 'NONE', #2850 ) ;
#1081 = ORIENTED_EDGE ( 'NONE', *, *, #192, .F. ) ;
#1082 = LINE ( 'NONE', #5605, #5608 ) ;
#1083 = CARTESIAN_POINT ( 'NONE',  ( 0.1499999999999999667, 0.03499999999999944128, -0.7649999999999990141 ) ) ;
#1084 = CARTESIAN_POINT ( 'NONE',  ( 1.325000000000000400, -1.084202172485504434E-16, 0.6499999999999992450 ) ) ;
#1085 = CARTESIAN_POINT ( 'NONE',  ( 1.074999999999999956, 0.03499999999999999639, 0.7649999999999991251 ) ) ;
#1086 = CARTESIAN_POINT ( 'NONE',  ( 2.602447006080619740, 0.6650000000000000355, 0.4249999999999996003 ) ) ;
#1087 = ORIENTED_EDGE ( 'NONE', *, *, #5041, .T. ) ;
#1088 = CARTESIAN_POINT ( 'NONE',  ( 0.9500000000000000666, 0.6650000000000000355, 0.6499999999999995781 ) ) ;
#1089 = CARTESIAN_POINT ( 'NONE',  ( 1.565000000000000169, 0.6650000000000000355, 0.4999999999999995559 ) ) ;
#1090 = DIRECTION ( 'NONE',  ( -0.000000000000000000, 1.000000000000000000, -0.000000000000000000 ) ) ;
#1091 = DIRECTION ( 'NONE',  ( 0.000000000000000000, -1.000000000000000000, 0.000000000000000000 ) ) ;
#1092 = ORIENTED_EDGE ( 'NONE', *, *, #846, .F. ) ;
#1093 = CARTESIAN_POINT ( 'NONE',  ( 1.325000000000000178, 0.03499999999999999639, -0.4999999999999995559 ) ) ;
#1094 = EDGE_CURVE ( 'NONE', #3877, #5571, #3264, .T. ) ;
#1095 = ORIENTED_EDGE ( 'NONE', *, *, #4093, .T. ) ;
#1096 = ORIENTED_EDGE ( 'NONE', *, *, #3166, .T. ) ;
#1097 = FACE_OUTER_BOUND ( 'NONE', #4709, .T. ) ;
#1098 = VERTEX_POINT ( 'NONE', #3350 ) ;
#1099 = PLANE ( 'NONE',  #730 ) ;
#1100 = DIRECTION ( 'NONE',  ( 0.000000000000000000, -9.427844978134876900E-16, 1.000000000000000000 ) ) ;
#1101 = LINE ( 'NONE', #2033, #3606 ) ;
#1102 = ADVANCED_FACE ( 'NONE', ( #2877 ), #4185, .F. ) ;
#1103 = EDGE_CURVE ( 'NONE', #3869, #4583, #4714, .T. ) ;
#1104 = ORIENTED_EDGE ( 'NONE', *, *, #2060, .T. ) ;
#1105 = VERTEX_POINT ( 'NONE', #5142 ) ;
#1106 = DIRECTION ( 'NONE',  ( 0.000000000000000000, 1.000000000000000000, 0.000000000000000000 ) ) ;
#1107 = DIRECTION ( 'NONE',  ( 0.000000000000000000, -1.000000000000000000, 0.000000000000000000 ) ) ;
#1108 = CARTESIAN_POINT ( 'NONE',  ( 2.602447006080619740, 0.6650000000000000355, 0.4249999999999996003 ) ) ;
#1109 = CARTESIAN_POINT ( 'NONE',  ( -0.1500000000000000777, -1.004210375300829378E-16, -0.7999999999999994893 ) ) ;
#1110 = EDGE_CURVE ( 'NONE', #4321, #3448, #3742, .T. ) ;
#1111 = PLANE ( 'NONE',  #2485 ) ;
#1112 = VERTEX_POINT ( 'NONE', #3855 ) ;
#1113 = MECHANICAL_DESIGN_GEOMETRIC_PRESENTATION_REPRESENTATION (  '', ( #5398 ), #4431 ) ;
#1114 = DIRECTION ( 'NONE',  ( -1.000000000000000000, 0.000000000000000000, 0.000000000000000000 ) ) ;
#1115 = DIRECTION ( 'NONE',  ( -1.000000000000000000, 0.000000000000000000, -1.016439536705160160E-16 ) ) ;
#1116 = PLANE ( 'NONE',  #199 ) ;
#1117 = VECTOR ( 'NONE', #1475, 1000.000000000000000 ) ;
#1118 = VECTOR ( 'NONE', #5357, 1000.000000000000000 ) ;
#1119 = CARTESIAN_POINT ( 'NONE',  ( 1.600000000000000311, 0.6299999999999995604, 0.6499999999999993561 ) ) ;
#1120 = CARTESIAN_POINT ( 'NONE',  ( 0.6500000000000000222, 0.6650000000000000355, 0.7999999999999994893 ) ) ;
#1121 = ORIENTED_EDGE ( 'NONE', *, *, #98, .T. ) ;
#1122 = ORIENTED_EDGE ( 'NONE', *, *, #1318, .T. ) ;
#1123 = AXIS2_PLACEMENT_3D ( 'NONE', #2694, #2570, #5754 ) ;
#1124 = VECTOR ( 'NONE', #5471, 1000.000000000000000 ) ;
#1125 = COLOUR_RGB ( '',0.7921568627450980005, 0.8196078431372548767, 0.9333333333333333481 ) ;
#1126 = EDGE_CURVE ( 'NONE', #149, #4435, #2428, .T. ) ;
#1127 = VECTOR ( 'NONE', #4363, 1000.000000000000000 ) ;
#1128 = CARTESIAN_POINT ( 'NONE',  ( -0.9500000000000001776, 0.03499999999999999639, 3.433306879537431036E-16 ) ) ;
#1129 = EDGE_LOOP ( 'NONE', ( #5278, #3169, #1893, #5292 ) ) ;
#1130 = CARTESIAN_POINT ( 'NONE',  ( 1.074999999999999956, -1.084202172485504434E-16, 0.6499999999999995781 ) ) ;
#1131 = FILL_AREA_STYLE ('',( #5661 ) ) ;
#1132 = EDGE_CURVE ( 'NONE', #47, #2155, #5082, .T. ) ;
#1133 = ORIENTED_EDGE ( 'NONE', *, *, #4236, .F. ) ;
#1134 = ORIENTED_EDGE ( 'NONE', *, *, #883, .F. ) ;
#1135 = EDGE_CURVE ( 'NONE', #2327, #3823, #5167, .T. ) ;
#1136 = ORIENTED_EDGE ( 'NONE', *, *, #1240, .F. ) ;
#1137 = EDGE_CURVE ( 'NONE', #1032, #5341, #1535, .T. ) ;
#1138 = LINE ( 'NONE', #4606, #5881 ) ;
#1139 = CARTESIAN_POINT ( 'NONE',  ( 1.600000000000000311, 0.6299999999999998934, 0.7649999999999991251 ) ) ;
#1140 = FACE_OUTER_BOUND ( 'NONE', #1282, .T. ) ;
#1141 = VECTOR ( 'NONE', #3289, 1000.000000000000000 ) ;
#1142 = CARTESIAN_POINT ( 'NONE',  ( 1.450000000000000178, 0.03499999999999999639, 0.6499999999999995781 ) ) ;
#1143 = EDGE_CURVE ( 'NONE', #1229, #2749, #4268, .T. ) ;
#1144 = VERTEX_POINT ( 'NONE', #3380 ) ;
#1145 = ADVANCED_FACE ( 'NONE', ( #5194 ), #1111, .F. ) ;
#1146 = AXIS2_PLACEMENT_3D ( 'NONE', #5385, #5770, #2088 ) ;
#1147 = CARTESIAN_POINT ( 'NONE',  ( 0.6500000000000000222, -8.205133554287264343E-17, -0.6499999999999995781 ) ) ;
#1148 = LINE ( 'NONE', #3464, #3538 ) ;
#1149 = ORIENTED_EDGE ( 'NONE', *, *, #4914, .F. ) ;
#1150 = DIRECTION ( 'NONE',  ( -0.000000000000000000, -1.000000000000000000, -0.000000000000000000 ) ) ;
#1151 = VECTOR ( 'NONE', #4831, 1000.000000000000000 ) ;
#1152 = CARTESIAN_POINT ( 'NONE',  ( 1.074999999999999956, 0.6299999999999994493, 0.6499999999999995781 ) ) ;
#1153 = VERTEX_POINT ( 'NONE', #2098 ) ;
#1154 = ORIENTED_EDGE ( 'NONE', *, *, #5109, .T. ) ;
#1155 = CARTESIAN_POINT ( 'NONE',  ( 0.9500000000000000666, 0.03499999999999999639, 0.6499999999999995781 ) ) ;
#1156 = LINE ( 'NONE', #3418, #358 ) ;
#1157 = EDGE_CURVE ( 'NONE', #2090, #563, #3074, .T. ) ;
#1158 = EDGE_LOOP ( 'NONE', ( #2751, #838, #2281, #2887 ) ) ;
#1159 = DIRECTION ( 'NONE',  ( 0.000000000000000000, 0.000000000000000000, -1.000000000000000000 ) ) ;
#1160 = LINE ( 'NONE', #188, #482 ) ;
#1161 = ORIENTED_EDGE ( 'NONE', *, *, #2059, .T. ) ;
#1162 = VECTOR ( 'NONE', #4866, 1000.000000000000000 ) ;
#1163 = VERTEX_POINT ( 'NONE', #4432 ) ;
#1164 = EDGE_CURVE ( 'NONE', #5622, #987, #1228, .T. ) ;
#1165 = EDGE_CURVE ( 'NONE', #65, #2263, #5277, .T. ) ;
#1166 = VERTEX_POINT ( 'NONE', #4379 ) ;
#1167 = CARTESIAN_POINT ( 'NONE',  ( 0.9500000000000000666, 0.03499999999999999639, -0.6499999999999995781 ) ) ;
#1168 = LINE ( 'NONE', #4496, #4950 ) ;
#1169 = CARTESIAN_POINT ( 'NONE',  ( 0.6500000000000000222, -6.368163355566234902E-17, 0.4999999999999995559 ) ) ;
#1170 = AXIS2_PLACEMENT_3D ( 'NONE', #4129, #56, #3238 ) ;
#1171 = FACE_OUTER_BOUND ( 'NONE', #3419, .T. ) ;
#1172 = VECTOR ( 'NONE', #3743, 1000.000000000000000 ) ;
#1173 = VERTEX_POINT ( 'NONE', #337 ) ;
#1174 = CARTESIAN_POINT ( 'NONE',  ( -0.9500000000000000666, -1.004210375300829378E-16, 0.7999999999999994893 ) ) ;
#1175 = DIRECTION ( 'NONE',  ( -0.000000000000000000, 0.000000000000000000, 1.000000000000000000 ) ) ;
#1176 = EDGE_CURVE ( 'NONE', #5664, #4179, #1588, .T. ) ;
#1177 = VECTOR ( 'NONE', #2314, 1000.000000000000000 ) ;
#1178 = CARTESIAN_POINT ( 'NONE',  ( -0.1499999999999999667, 0.6300000000000000044, 0.4999999999999996669 ) ) ;
#1179 = EDGE_CURVE ( 'NONE', #2794, #790, #4352, .T. ) ;
#1180 = EDGE_CURVE ( 'NONE', #4139, #1080, #4861, .T. ) ;
#1181 = CARTESIAN_POINT ( 'NONE',  ( -0.1500000000000000777, 0.6299999999999998934, -0.7649999999999991251 ) ) ;
#1182 = EDGE_LOOP ( 'NONE', ( #5678, #4272, #2578, #3191 ) ) ;
#1183 = ORIENTED_EDGE ( 'NONE', *, *, #875, .T. ) ;
#1184 = DIRECTION ( 'NONE',  ( 0.000000000000000000, -1.000000000000000000, 1.548860246407859392E-15 ) ) ;
#1185 = DIRECTION ( 'NONE',  ( 1.000000000000000000, 0.000000000000000000, 0.000000000000000000 ) ) ;
#1186 = PLANE ( 'NONE',  #36 ) ;
#1187 = VERTEX_POINT ( 'NONE', #715 ) ;
#1188 = VECTOR ( 'NONE', #2972, 1000.000000000000000 ) ;
#1189 = DIRECTION ( 'NONE',  ( -1.000000000000000000, 0.000000000000000000, 0.000000000000000000 ) ) ;
#1190 = CARTESIAN_POINT ( 'NONE',  ( -0.9500000000000000666, 0.6299999999999997824, 0.6499999999999995781 ) ) ;
#1191 = FILL_AREA_STYLE_COLOUR ( '', #5131 ) ;
#1192 = ORIENTED_EDGE ( 'NONE', *, *, #5404, .F. ) ;
#1193 = ORIENTED_EDGE ( 'NONE', *, *, #5041, .F. ) ;
#1194 = CARTESIAN_POINT ( 'NONE',  ( 1.450000000000000178, 0.03499999999999999639, -0.4999999999999995559 ) ) ;
#1195 = LINE ( 'NONE', #4428, #3898 ) ;
#1196 = PLANE ( 'NONE',  #4730 ) ;
#1197 = DIRECTION ( 'NONE',  ( -0.000000000000000000, -1.000000000000000000, -0.000000000000000000 ) ) ;
#1198 = VERTEX_POINT ( 'NONE', #2596 ) ;
#1199 = ORIENTED_EDGE ( 'NONE', *, *, #3204, .F. ) ;
#1200 = DIRECTION ( 'NONE',  ( -0.000000000000000000, 0.000000000000000000, -1.000000000000000000 ) ) ;
#1201 = LINE ( 'NONE', #5254, #1457 ) ;
#1202 = LINE ( 'NONE', #3890, #3627 ) ;
#1203 = VECTOR ( 'NONE', #2721, 1000.000000000000000 ) ;
#1204 = PLANE ( 'NONE',  #4987 ) ;
#1205 = MECHANICAL_DESIGN_GEOMETRIC_PRESENTATION_REPRESENTATION (  '', ( #5391 ), #2925 ) ;
#1206 = EDGE_LOOP ( 'NONE', ( #1042, #5122, #2036, #2417 ) ) ;
#1207 = ORIENTED_EDGE ( 'NONE', *, *, #1043, .F. ) ;
#1208 = ADVANCED_FACE ( 'NONE', ( #5696 ), #2069, .F. ) ;
#1209 = DIRECTION ( 'NONE',  ( 3.614007241618349264E-16, 0.000000000000000000, -1.000000000000000000 ) ) ;
#1210 = AXIS2_PLACEMENT_3D ( 'NONE', #2426, #4350, #3348 ) ;
#1211 = AXIS2_PLACEMENT_3D ( 'NONE', #183, #676, #2502 ) ;
#1212 = VECTOR ( 'NONE', #1046, 1000.000000000000000 ) ;
#1213 = DIRECTION ( 'NONE',  ( 1.000000000000000000, 0.000000000000000000, -0.000000000000000000 ) ) ;
#1214 = DIRECTION ( 'NONE',  ( -1.000000000000000000, 0.000000000000000000, 3.614007241618347785E-16 ) ) ;
#1215 = VECTOR ( 'NONE', #2065, 1000.000000000000000 ) ;
#1216 = EDGE_LOOP ( 'NONE', ( #3838, #4554, #5161, #2873 ) ) ;
#1217 = AXIS2_PLACEMENT_3D ( 'NONE', #2579, #5735, #2166 ) ;
#1218 = ADVANCED_FACE ( 'NONE', ( #1171 ), #2186, .F. ) ;
#1219 = CARTESIAN_POINT ( 'NONE',  ( -0.6500000000000000222, 0.03499999999999944128, 0.7649999999999989031 ) ) ;
#1220 = LINE ( 'NONE', #3036, #2923 ) ;
#1221 = VECTOR ( 'NONE', #2213, 1000.000000000000000 ) ;
#1222 = CARTESIAN_POINT ( 'NONE',  ( 0.6500000000000000222, -6.368163355566234902E-17, -0.4999999999999995559 ) ) ;
#1223 = ORIENTED_EDGE ( 'NONE', *, *, #1859, .T. ) ;
#1224 = ORIENTED_EDGE ( 'NONE', *, *, #1881, .T. ) ;
#1225 = DIRECTION ( 'NONE',  ( -8.673617379884059138E-16, 0.000000000000000000, -1.000000000000000000 ) ) ;
#1226 = LINE ( 'NONE', #3043, #1818 ) ;
#1227 = CARTESIAN_POINT ( 'NONE',  ( 0.9500000000000000666, 0.03499999999999999639, 0.7649999999999991251 ) ) ;
#1228 = LINE ( 'NONE', #1669, #1151 ) ;
#1229 = VERTEX_POINT ( 'NONE', #4406 ) ;
#1230 = ADVANCED_FACE ( 'NONE', ( #1702 ), #2566, .F. ) ;
#1231 = ORIENTED_EDGE ( 'NONE', *, *, #553, .T. ) ;
#1232 = CARTESIAN_POINT ( 'NONE',  ( -0.9500000000000002887, 0.6299999999999996714, -0.6499999999999999112 ) ) ;
#1233 = CARTESIAN_POINT ( 'NONE',  ( -0.9500000000000000666, 0.6650000000000000355, -0.4999999999999995559 ) ) ;
#1234 = DIRECTION ( 'NONE',  ( -1.000000000000000000, -0.000000000000000000, -0.000000000000000000 ) ) ;
#1235 = AXIS2_PLACEMENT_3D ( 'NONE', #1530, #196, #4710 ) ;
#1236 = LINE ( 'NONE', #4385, #3151 ) ;
#1237 = LINE ( 'NONE', #5346, #4312 ) ;
#1238 = VECTOR ( 'NONE', #961, 1000.000000000000000 ) ;
#1239 = ORIENTED_EDGE ( 'NONE', *, *, #3293, .F. ) ;
#1240 = EDGE_CURVE ( 'NONE', #2710, #2389, #5339, .T. ) ;
#1241 = EDGE_CURVE ( 'NONE', #3512, #5412, #1260, .T. ) ;
#1242 = ORIENTED_EDGE ( 'NONE', *, *, #5832, .T. ) ;
#1243 = LINE ( 'NONE', #2638, #1961 ) ;
#1244 = AXIS2_PLACEMENT_3D ( 'NONE', #2785, #53, #1870 ) ;
#1245 = FACE_OUTER_BOUND ( 'NONE', #1206, .T. ) ;
#1246 = CARTESIAN_POINT ( 'NONE',  ( -0.9500000000000000666, 0.6650000000000000355, 0.4249999999999996003 ) ) ;
#1247 = EDGE_CURVE ( 'NONE', #4141, #1698, #2514, .T. ) ;
#1248 = ORIENTED_EDGE ( 'NONE', *, *, #2820, .F. ) ;
#1249 = LINE ( 'NONE', #4454, #2740 ) ;
#1250 = LINE ( 'NONE', #4369, #5520 ) ;
#1251 = CARTESIAN_POINT ( 'NONE',  ( 0.9500000000000000666, 0.6650000000000000355, 0.7999999999999994893 ) ) ;
#1252 = EDGE_CURVE ( 'NONE', #2689, #332, #2623, .T. ) ;
#1253 = EDGE_CURVE ( 'NONE', #2568, #848, #368, .T. ) ;
#1254 = ORIENTED_EDGE ( 'NONE', *, *, #2618, .F. ) ;
#1255 = ORIENTED_EDGE ( 'NONE', *, *, #95, .F. ) ;
#1256 = CARTESIAN_POINT ( 'NONE',  ( 0.6500000000000000222, -1.004210375300829378E-16, 0.7999999999999994893 ) ) ;
#1257 = DIRECTION ( 'NONE',  ( 0.000000000000000000, -0.000000000000000000, 1.000000000000000000 ) ) ;
#1258 = CARTESIAN_POINT ( 'NONE',  ( 0.6500000000000000222, 0.03499999999999999639, -0.7649999999999991251 ) ) ;
#1259 = ORIENTED_EDGE ( 'NONE', *, *, #1003, .T. ) ;
#1260 = LINE ( 'NONE', #746, #2575 ) ;
#1261 = ORIENTED_EDGE ( 'NONE', *, *, #452, .F. ) ;
#1262 = VECTOR ( 'NONE', #2703, 1000.000000000000000 ) ;
#1263 = ORIENTED_EDGE ( 'NONE', *, *, #422, .T. ) ;
#1264 = VECTOR ( 'NONE', #5121, 1000.000000000000000 ) ;
#1265 = CARTESIAN_POINT ( 'NONE',  ( -0.6500000000000000222, 0.03499999999999944128, -0.7649999999999989031 ) ) ;
#1266 = LINE ( 'NONE', #3524, #1203 ) ;
#1267 = LINE ( 'NONE', #4412, #5265 ) ;
#1268 = CARTESIAN_POINT ( 'NONE',  ( 0.1499999999999999667, 0.6650000000000000355, -0.7999999999999994893 ) ) ;
#1269 = VECTOR ( 'NONE', #5641, 1000.000000000000000 ) ;
#1270 = CARTESIAN_POINT ( 'NONE',  ( 0.5250000000000000222, 0.6299999999999996714, 0.4249999999999996003 ) ) ;
#1271 = VERTEX_POINT ( 'NONE', #5249 ) ;
#1272 = VERTEX_POINT ( 'NONE', #282 ) ;
#1273 = CARTESIAN_POINT ( 'NONE',  ( -0.1500000000000000777, 0.6299999999999996714, 0.4999999999999995559 ) ) ;
#1274 = AXIS2_PLACEMENT_3D ( 'NONE', #4033, #5054, #5848 ) ;
#1275 = PLANE ( 'NONE',  #642 ) ;
#1276 = PLANE ( 'NONE',  #5256 ) ;
#1277 = UNCERTAINTY_MEASURE_WITH_UNIT (LENGTH_MEASURE( 1.000000000000000082E-05 ), #3351, 'distance_accuracy_value', 'NONE');
#1278 = ORIENTED_EDGE ( 'NONE', *, *, #2634, .T. ) ;
#1279 = DIRECTION ( 'NONE',  ( 0.000000000000000000, 0.000000000000000000, -1.000000000000000000 ) ) ;
#1280 = FACE_OUTER_BOUND ( 'NONE', #4195, .T. ) ;
#1281 = ORIENTED_EDGE ( 'NONE', *, *, #1874, .F. ) ;
#1282 = EDGE_LOOP ( 'NONE', ( #1601, #5015, #1972, #3649 ) ) ;
#1283 = DIRECTION ( 'NONE',  ( 1.000000000000000000, 0.000000000000000000, 0.000000000000000000 ) ) ;
#1284 = DIRECTION ( 'NONE',  ( -0.000000000000000000, 1.000000000000000000, -0.000000000000000000 ) ) ;
#1285 = LINE ( 'NONE', #1763, #4064 ) ;
#1286 = EDGE_CURVE ( 'NONE', #4253, #806, #5227, .T. ) ;
#1287 = EDGE_LOOP ( 'NONE', ( #1458, #4768, #4835, #2713 ) ) ;
#1288 = CARTESIAN_POINT ( 'NONE',  ( 1.074999999999999956, -1.084202172485504434E-16, 0.6499999999999995781 ) ) ;
#1289 = VERTEX_POINT ( 'NONE', #3460 ) ;
#1290 = ORIENTED_EDGE ( 'NONE', *, *, #2472, .T. ) ;
#1291 = DIRECTION ( 'NONE',  ( 0.000000000000000000, 1.000000000000000000, 0.000000000000000000 ) ) ;
#1292 = DIRECTION ( 'NONE',  ( -0.000000000000000000, 1.224646799147353454E-16, -1.000000000000000000 ) ) ;
#1293 = EDGE_CURVE ( 'NONE', #5545, #4910, #3485, .T. ) ;
#1294 = DIRECTION ( 'NONE',  ( 1.000000000000000000, 0.000000000000000000, 0.000000000000000000 ) ) ;
#1295 = PLANE ( 'NONE',  #1626 ) ;
#1296 = DIRECTION ( 'NONE',  ( -0.000000000000000000, -8.182657905550991838E-16, 1.000000000000000000 ) ) ;
#1297 = ORIENTED_EDGE ( 'NONE', *, *, #3395, .T. ) ;
#1298 = ORIENTED_EDGE ( 'NONE', *, *, #4847, .T. ) ;
#1299 = DIRECTION ( 'NONE',  ( -1.000000000000000000, 0.000000000000000000, 0.000000000000000000 ) ) ;
#1300 = CARTESIAN_POINT ( 'NONE',  ( -1.325000000000000178, -1.084202172485504434E-16, -0.6499999999999995781 ) ) ;
#1301 = VECTOR ( 'NONE', #2769, 1000.000000000000000 ) ;
#1302 = CARTESIAN_POINT ( 'NONE',  ( 0.2749999999999999667, -1.084202172485504434E-16, 0.6499999999999995781 ) ) ;
#1303 = CARTESIAN_POINT ( 'NONE',  ( 1.074999999999999956, -1.084202172485504434E-16, 0.6499999999999995781 ) ) ;
#1304 = EDGE_LOOP ( 'NONE', ( #5466, #3297, #2577, #2981, #5472, #988, #4592, #1851 ) ) ;
#1305 = ADVANCED_FACE ( 'NONE', ( #398 ), #4467, .F. ) ;
#1306 = VECTOR ( 'NONE', #1418, 1000.000000000000000 ) ;
#1307 = DIRECTION ( 'NONE',  ( -1.000000000000000000, -0.000000000000000000, -0.000000000000000000 ) ) ;
#1308 = VECTOR ( 'NONE', #155, 1000.000000000000000 ) ;
#1309 = VECTOR ( 'NONE', #1185, 1000.000000000000000 ) ;
#1310 = VERTEX_POINT ( 'NONE', #5369 ) ;
#1311 = ORIENTED_EDGE ( 'NONE', *, *, #772, .T. ) ;
#1312 = ADVANCED_FACE ( 'NONE', ( #4921 ), #839, .F. ) ;
#1313 = CARTESIAN_POINT ( 'NONE',  ( -0.1500000000000000777, 0.03499999999999999639, -0.4999999999999994449 ) ) ;
#1314 = LINE ( 'NONE', #3962, #4098 ) ;
#1315 = VECTOR ( 'NONE', #394, 1000.000000000000000 ) ;
#1316 = PLANE ( 'NONE',  #181 ) ;
#1317 = ORIENTED_EDGE ( 'NONE', *, *, #3846, .T. ) ;
#1318 = EDGE_CURVE ( 'NONE', #1856, #3082, #1010, .T. ) ;
#1319 = ORIENTED_EDGE ( 'NONE', *, *, #5132, .F. ) ;
#1320 = CLOSED_SHELL ( 'NONE', ( #3874, #1654, #3535, #2658, #3505, #3296, #3964, #2219, #1575, #1375, #4741, #2815, #445, #357, #997, #967, #1441, #2318 ) ) ;
#1321 = EDGE_CURVE ( 'NONE', #2155, #3981, #5200, .T. ) ;
#1322 = ORIENTED_EDGE ( 'NONE', *, *, #2863, .F. ) ;
#1323 = DIRECTION ( 'NONE',  ( 0.000000000000000000, 0.000000000000000000, -1.000000000000000000 ) ) ;
#1324 = DIRECTION ( 'NONE',  ( 0.000000000000000000, 0.000000000000000000, -1.000000000000000000 ) ) ;
#1325 = LINE ( 'NONE', #874, #1177 ) ;
#1326 = DIRECTION ( 'NONE',  ( 1.000000000000000000, -0.000000000000000000, -0.000000000000000000 ) ) ;
#1327 = ADVANCED_FACE ( 'NONE', ( #1540 ), #614, .T. ) ;
#1328 = DIRECTION ( 'NONE',  ( -1.000000000000000000, -0.000000000000000000, -0.000000000000000000 ) ) ;
#1329 = ADVANCED_FACE ( 'NONE', ( #2379 ), #1116, .F. ) ;
#1330 = EDGE_LOOP ( 'NONE', ( #1319, #647, #84, #1833, #4234, #3103, #3636, #5091 ) ) ;
#1331 = VERTEX_POINT ( 'NONE', #5648 ) ;
#1332 = VECTOR ( 'NONE', #2687, 1000.000000000000000 ) ;
#1333 = CARTESIAN_POINT ( 'NONE',  ( 1.450000000000000178, 0.6650000000000000355, -0.7999999999999994893 ) ) ;
#1334 = CARTESIAN_POINT ( 'NONE',  ( -0.2749999999999999667, -1.084202172485504434E-16, 0.6499999999999995781 ) ) ;
#1335 = PLANE ( 'NONE',  #3977 ) ;
#1336 = PRESENTATION_LAYER_ASSIGNMENT (  '', '', ( #2669 ) ) ;
#1337 = CARTESIAN_POINT ( 'NONE',  ( -0.1500000000000000777, 0.6300000000000000044, 0.000000000000000000 ) ) ;
#1338 = UNCERTAINTY_MEASURE_WITH_UNIT (LENGTH_MEASURE( 1.000000000000000082E-05 ), #3389, 'distance_accuracy_value', 'NONE');
#1339 = ORIENTED_EDGE ( 'NONE', *, *, #5208, .F. ) ;
#1340 = VECTOR ( 'NONE', #3929, 1000.000000000000000 ) ;
#1341 = LINE ( 'NONE', #4979, #5390 ) ;
#1342 = DIRECTION ( 'NONE',  ( 0.000000000000000000, 1.000000000000000000, -0.000000000000000000 ) ) ;
#1343 = ADVANCED_FACE ( 'NONE', ( #5089 ), #3772, .F. ) ;
#1344 = VECTOR ( 'NONE', #697, 1000.000000000000000 ) ;
#1345 = ORIENTED_EDGE ( 'NONE', *, *, #4906, .T. ) ;
#1346 = VERTEX_POINT ( 'NONE', #4246 ) ;
#1347 = LINE ( 'NONE', #929, #4256 ) ;
#1348 = CARTESIAN_POINT ( 'NONE',  ( -0.5250000000000000222, 0.6650000000000000355, 0.4249999999999996003 ) ) ;
#1349 = ORIENTED_EDGE ( 'NONE', *, *, #2634, .F. ) ;
#1350 = EDGE_CURVE ( 'NONE', #4509, #2204, #117, .T. ) ;
#1351 = EDGE_CURVE ( 'NONE', #2568, #2155, #2020, .T. ) ;
#1352 = ORIENTED_EDGE ( 'NONE', *, *, #664, .F. ) ;
#1353 = ORIENTED_EDGE ( 'NONE', *, *, #1604, .F. ) ;
#1354 = CARTESIAN_POINT ( 'NONE',  ( -0.5250000000000000222, -1.084202172485504434E-16, -0.6499999999999995781 ) ) ;
#1355 = CARTESIAN_POINT ( 'NONE',  ( 0.6500000000000001332, 4.176956441796261466, 0.7649999999999990141 ) ) ;
#1356 = DIRECTION ( 'NONE',  ( 1.016439536705160160E-16, 0.000000000000000000, -1.000000000000000000 ) ) ;
#1357 = DIRECTION ( 'NONE',  ( -1.668003342285392783E-16, 0.000000000000000000, -1.000000000000000000 ) ) ;
#1358 = DIRECTION ( 'NONE',  ( 1.000000000000000000, 0.000000000000000000, -0.000000000000000000 ) ) ;
#1359 = VECTOR ( 'NONE', #5607, 1000.000000000000000 ) ;
#1360 = ORIENTED_EDGE ( 'NONE', *, *, #5132, .T. ) ;
#1361 = ORIENTED_EDGE ( 'NONE', *, *, #3166, .F. ) ;
#1362 = DIRECTION ( 'NONE',  ( 1.000000000000000000, 0.000000000000000000, -1.016439536705160160E-16 ) ) ;
#1363 = EDGE_CURVE ( 'NONE', #2946, #218, #2943, .T. ) ;
#1364 = CARTESIAN_POINT ( 'NONE',  ( -0.1500000000000000777, 0.6299999999999998934, 0.7649999999999991251 ) ) ;
#1365 = ADVANCED_FACE ( 'NONE', ( #5114 ), #5146, .F. ) ;
#1366 = VECTOR ( 'NONE', #4393, 1000.000000000000000 ) ;
#1367 = EDGE_CURVE ( 'NONE', #741, #3689, #4633, .T. ) ;
#1368 = CARTESIAN_POINT ( 'NONE',  ( 1.450000000000000178, 0.6299999999999996714, 0.4249999999999996003 ) ) ;
#1369 = ORIENTED_EDGE ( 'NONE', *, *, #5790, .F. ) ;
#1370 = CARTESIAN_POINT ( 'NONE',  ( 1.325000000000000400, -1.084202172485504434E-16, 0.4999999999999996669 ) ) ;
#1371 = VERTEX_POINT ( 'NONE', #1991 ) ;
#1372 = VECTOR ( 'NONE', #1543, 1000.000000000000000 ) ;
#1373 = DIRECTION ( 'NONE',  ( -1.000000000000000000, -0.000000000000000000, 0.000000000000000000 ) ) ;
#1374 = DIRECTION ( 'NONE',  ( -1.668003342285392537E-16, -0.000000000000000000, -1.000000000000000000 ) ) ;
#1375 = ADVANCED_FACE ( 'NONE', ( #3805 ), #3356, .F. ) ;
#1376 = CARTESIAN_POINT ( 'NONE',  ( 0.1499999999999999667, 4.176956441796261466, -0.7649999999999990141 ) ) ;
#1377 = VERTEX_POINT ( 'NONE', #3834 ) ;
#1378 = ORIENTED_EDGE ( 'NONE', *, *, #5380, .F. ) ;
#1379 = CARTESIAN_POINT ( 'NONE',  ( 0.5250000000000000222, -1.084202172485504434E-16, 0.6499999999999995781 ) ) ;
#1380 = FACE_OUTER_BOUND ( 'NONE', #4530, .T. ) ;
#1381 = CARTESIAN_POINT ( 'NONE',  ( -0.6500000000000000222, 4.176956441796261466, -0.7649999999999989031 ) ) ;
#1382 = VERTEX_POINT ( 'NONE', #4753 ) ;
#1383 = ORIENTED_EDGE ( 'NONE', *, *, #4165, .F. ) ;
#1384 = ORIENTED_EDGE ( 'NONE', *, *, #4706, .F. ) ;
#1385 = CARTESIAN_POINT ( 'NONE',  ( -1.600000000000000311, 4.176956441796261466, -0.7649999999999987921 ) ) ;
#1386 = CARTESIAN_POINT ( 'NONE',  ( -0.1500000000000000777, 0.03499999999999999639, -0.6499999999999995781 ) ) ;
#1387 = DIRECTION ( 'NONE',  ( -0.000000000000000000, 0.000000000000000000, 1.000000000000000000 ) ) ;
#1388 = DIRECTION ( 'NONE',  ( 0.000000000000000000, 1.224646799147353454E-16, 1.000000000000000000 ) ) ;
#1389 = CARTESIAN_POINT ( 'NONE',  ( 0.2749999999999999667, -1.084202172485504434E-16, -0.6499999999999995781 ) ) ;
#1390 = ORIENTED_EDGE ( 'NONE', *, *, #3828, .T. ) ;
#1391 = EDGE_LOOP ( 'NONE', ( #3301, #4943, #1872, #3926 ) ) ;
#1392 = FACE_OUTER_BOUND ( 'NONE', #2655, .T. ) ;
#1393 = CARTESIAN_POINT ( 'NONE',  ( 0.6500000000000000222, -6.368163355566234902E-17, 0.4999999999999995559 ) ) ;
#1394 = CARTESIAN_POINT ( 'NONE',  ( -0.6500000000000001332, 0.6299999999999998934, -0.7649999999999991251 ) ) ;
#1395 = ORIENTED_EDGE ( 'NONE', *, *, #1488, .T. ) ;
#1396 = DIRECTION ( 'NONE',  ( 0.000000000000000000, 1.224646799147353700E-16, 1.000000000000000000 ) ) ;
#1397 = PRODUCT_DEFINITION_CONTEXT ( 'detailed design', #4351, 'design' ) ;
#1398 = VERTEX_POINT ( 'NONE', #2821 ) ;
#1399 = EDGE_CURVE ( 'NONE', #2735, #1070, #5617, .T. ) ;
#1400 = LINE ( 'NONE', #952, #2071 ) ;
#1401 = LINE ( 'NONE', #508, #5675 ) ;
#1402 = DIRECTION ( 'NONE',  ( 1.000000000000000000, 0.000000000000000000, 0.000000000000000000 ) ) ;
#1403 = ORIENTED_EDGE ( 'NONE', *, *, #2377, .T. ) ;
#1404 = VECTOR ( 'NONE', #37, 1000.000000000000000 ) ;
#1405 = EDGE_CURVE ( 'NONE', #10, #3877, #4663, .T. ) ;
#1406 = AXIS2_PLACEMENT_3D ( 'NONE', #826, #4396, #4879 ) ;
#1407 = ORIENTED_EDGE ( 'NONE', *, *, #593, .F. ) ;
#1408 = CARTESIAN_POINT ( 'NONE',  ( -0.1500000000000000777, 0.6300000000000000044, -0.7649999999999991251 ) ) ;
#1409 = DIRECTION ( 'NONE',  ( 0.000000000000000000, 1.000000000000000000, 0.000000000000000000 ) ) ;
#1410 = DIRECTION ( 'NONE',  ( 1.016439536705160160E-16, 0.000000000000000000, -1.000000000000000000 ) ) ;
#1411 = VECTOR ( 'NONE', #5743, 1000.000000000000000 ) ;
#1412 = VERTEX_POINT ( 'NONE', #2406 ) ;
#1413 = VECTOR ( 'NONE', #5425, 1000.000000000000000 ) ;
#1414 = ORIENTED_EDGE ( 'NONE', *, *, #3033, .T. ) ;
#1415 = AXIS2_PLACEMENT_3D ( 'NONE', #530, #2762, #3717 ) ;
#1416 = VERTEX_POINT ( 'NONE', #5173 ) ;
#1417 = DIRECTION ( 'NONE',  ( 0.000000000000000000, -1.000000000000000000, 0.000000000000000000 ) ) ;
#1418 = DIRECTION ( 'NONE',  ( 0.000000000000000000, -1.000000000000000000, 0.000000000000000000 ) ) ;
#1419 = CARTESIAN_POINT ( 'NONE',  ( 0.000000000000000000, 0.03499999999999999639, -0.4999999999999994449 ) ) ;
#1420 = CARTESIAN_POINT ( 'NONE',  ( -0.6500000000000000222, 0.6300000000000000044, -0.4999999999999994449 ) ) ;
#1421 = EDGE_CURVE ( 'NONE', #2331, #5338, #4219, .T. ) ;
#1422 = PLANE ( 'NONE',  #1943 ) ;
#1423 = ORIENTED_EDGE ( 'NONE', *, *, #2863, .T. ) ;
#1424 = DIRECTION ( 'NONE',  ( -0.000000000000000000, 0.000000000000000000, 1.000000000000000000 ) ) ;
#1425 = DIRECTION ( 'NONE',  ( -1.000000000000000000, -0.000000000000000000, -0.000000000000000000 ) ) ;
#1426 = CARTESIAN_POINT ( 'NONE',  ( 0.2749999999999999667, 0.6649999999999998135, 0.6499999999999995781 ) ) ;
#1427 = VERTEX_POINT ( 'NONE', #1515 ) ;
#1428 = DIRECTION ( 'NONE',  ( -1.000000000000000000, 0.000000000000000000, 8.673617379884044347E-16 ) ) ;
#1429 = EDGE_CURVE ( 'NONE', #1272, #5545, #3329, .T. ) ;
#1430 = EDGE_CURVE ( 'NONE', #2975, #2049, #3651, .T. ) ;
#1431 = ORIENTED_EDGE ( 'NONE', *, *, #4239, .T. ) ;
#1432 = VECTOR ( 'NONE', #249, 1000.000000000000000 ) ;
#1433 = CARTESIAN_POINT ( 'NONE',  ( 0.5250000000000000222, -1.084202172485504434E-16, 0.4999999999999995559 ) ) ;
#1434 = EDGE_CURVE ( 'NONE', #4255, #4321, #2846, .T. ) ;
#1435 = ORIENTED_EDGE ( 'NONE', *, *, #4126, .F. ) ;
#1436 =( GEOMETRIC_REPRESENTATION_CONTEXT ( 3 ) GLOBAL_UNCERTAINTY_ASSIGNED_CONTEXT ( ( #789 ) ) GLOBAL_UNIT_ASSIGNED_CONTEXT ( ( #5185, #2444, #574 ) ) REPRESENTATION_CONTEXT ( 'NONE', 'WORKASPACE' ) );
#1437 = VERTEX_POINT ( 'NONE', #5548 ) ;
#1438 = CARTESIAN_POINT ( 'NONE',  ( 1.074999999999999956, -1.084202172485504434E-16, 0.6499999999999995781 ) ) ;
#1439 = LINE ( 'NONE', #2804, #4760 ) ;
#1440 = PLANE ( 'NONE',  #2075 ) ;
#1441 = ADVANCED_FACE ( 'NONE', ( #138 ), #2753, .F. ) ;
#1442 = ORIENTED_EDGE ( 'NONE', *, *, #3721, .F. ) ;
#1443 = EDGE_CURVE ( 'NONE', #149, #4922, #5105, .T. ) ;
#1444 = AXIS2_PLACEMENT_3D ( 'NONE', #2697, #4034, #5410 ) ;
#1445 = VERTEX_POINT ( 'NONE', #3738 ) ;
#1446 = ORIENTED_EDGE ( 'NONE', *, *, #2053, .F. ) ;
#1447 = CARTESIAN_POINT ( 'NONE',  ( 1.600000000000000311, 0.6299999999999995604, 0.6499999999999993561 ) ) ;
#1448 = LINE ( 'NONE', #4183, #2736 ) ;
#1449 = FACE_OUTER_BOUND ( 'NONE', #3701, .T. ) ;
#1450 = DIRECTION ( 'NONE',  ( 0.000000000000000000, 1.000000000000000000, -9.293161478447186723E-15 ) ) ;
#1451 = CARTESIAN_POINT ( 'NONE',  ( 0.6500000000000000222, 0.03499999999999999639, -0.6499999999999995781 ) ) ;
#1452 = ORIENTED_EDGE ( 'NONE', *, *, #2037, .T. ) ;
#1453 = CARTESIAN_POINT ( 'NONE',  ( -1.325000000000000178, 0.03499999999999999639, -0.7649999999999990141 ) ) ;
#1454 = DIRECTION ( 'NONE',  ( 0.000000000000000000, -1.224646799147353454E-16, -1.000000000000000000 ) ) ;
#1455 = CARTESIAN_POINT ( 'NONE',  ( -0.5250000000000000222, 0.03499999999999999639, -0.7649999999999991251 ) ) ;
#1456 = LINE ( 'NONE', #5529, #4646 ) ;
#1457 = VECTOR ( 'NONE', #2158, 1000.000000000000000 ) ;
#1458 = ORIENTED_EDGE ( 'NONE', *, *, #3727, .T. ) ;
#1459 = CARTESIAN_POINT ( 'NONE',  ( 2.602447006080619740, 0.6766666666666667496, -0.4766666666666662389 ) ) ;
#1460 = UNCERTAINTY_MEASURE_WITH_UNIT (LENGTH_MEASURE( 1.000000000000000082E-05 ), #2385, 'distance_accuracy_value', 'NONE');
#1461 = ORIENTED_EDGE ( 'NONE', *, *, #5366, .F. ) ;
#1462 = CARTESIAN_POINT ( 'NONE',  ( 1.074999999999999956, -1.084202172485504434E-16, -0.6499999999999995781 ) ) ;
#1463 = VECTOR ( 'NONE', #3210, 1000.000000000000000 ) ;
#1464 = CARTESIAN_POINT ( 'NONE',  ( -0.1500000000000000777, 0.6650000000000000355, -0.7999999999999994893 ) ) ;
#1465 = AXIS2_PLACEMENT_3D ( 'NONE', #3945, #2520, #3919 ) ;
#1466 = ORIENTED_EDGE ( 'NONE', *, *, #5865, .F. ) ;
#1467 = DIRECTION ( 'NONE',  ( -0.000000000000000000, -0.000000000000000000, 1.000000000000000000 ) ) ;
#1468 = DIRECTION ( 'NONE',  ( 0.000000000000000000, 0.000000000000000000, 1.000000000000000000 ) ) ;
#1469 = AXIS2_PLACEMENT_3D ( 'NONE', #4607, #528, #1115 ) ;
#1470 = VERTEX_POINT ( 'NONE', #460 ) ;
#1471 = ORIENTED_EDGE ( 'NONE', *, *, #3221, .F. ) ;
#1472 = ORIENTED_EDGE ( 'NONE', *, *, #4957, .T. ) ;
#1473 = EDGE_CURVE ( 'NONE', #4401, #5555, #2282, .T. ) ;
#1474 = CARTESIAN_POINT ( 'NONE',  ( 1.325000000000000400, 0.6649999999999998135, 0.6499999999999992450 ) ) ;
#1475 = DIRECTION ( 'NONE',  ( 0.000000000000000000, 1.000000000000000000, 0.000000000000000000 ) ) ;
#1476 = CARTESIAN_POINT ( 'NONE',  ( 1.450000000000000178, 0.6650000000000000355, -0.6499999999999995781 ) ) ;
#1477 = CARTESIAN_POINT ( 'NONE',  ( 0.6500000000000000222, 0.6650000000000000355, 0.4249999999999996003 ) ) ;
#1478 = VERTEX_POINT ( 'NONE', #1474 ) ;
#1479 = EDGE_CURVE ( 'NONE', #4701, #1735, #4992, .T. ) ;
#1480 = CARTESIAN_POINT ( 'NONE',  ( 0.2749999999999999667, -1.084202172485504434E-16, 0.6499999999999995781 ) ) ;
#1481 = CARTESIAN_POINT ( 'NONE',  ( 1.600000000000000311, 4.176956441796261466, 0.7649999999999991251 ) ) ;
#1482 = DIRECTION ( 'NONE',  ( -0.000000000000000000, 1.000000000000000000, 1.224646799147353454E-16 ) ) ;
#1483 = ORIENTED_EDGE ( 'NONE', *, *, #2019, .F. ) ;
#1484 = DIRECTION ( 'NONE',  ( 0.000000000000000000, 0.000000000000000000, 1.000000000000000000 ) ) ;
#1485 = ORIENTED_EDGE ( 'NONE', *, *, #2026, .T. ) ;
#1486 = CARTESIAN_POINT ( 'NONE',  ( 1.600000000000000311, 4.176956441796261466, -0.7649999999999991251 ) ) ;
#1487 = DIRECTION ( 'NONE',  ( -0.000000000000000000, 0.000000000000000000, 1.000000000000000000 ) ) ;
#1488 = EDGE_CURVE ( 'NONE', #131, #1519, #580, .T. ) ;
#1489 = VERTEX_POINT ( 'NONE', #4564 ) ;
#1490 = CARTESIAN_POINT ( 'NONE',  ( 0.2749999999999999667, -1.084202172485504434E-16, 0.4999999999999995559 ) ) ;
#1491 =( NAMED_UNIT ( * ) PLANE_ANGLE_UNIT ( ) SI_UNIT ( $, .RADIAN. ) );
#1492 = LINE ( 'NONE', #575, #3696 ) ;
#1493 = ORIENTED_EDGE ( 'NONE', *, *, #5289, .F. ) ;
#1494 = VECTOR ( 'NONE', #1707, 1000.000000000000000 ) ;
#1495 = ORIENTED_EDGE ( 'NONE', *, *, #2492, .T. ) ;
#1496 = VECTOR ( 'NONE', #476, 1000.000000000000000 ) ;
#1497 = EDGE_CURVE ( 'NONE', #2680, #2197, #1898, .T. ) ;
#1498 = ORIENTED_EDGE ( 'NONE', *, *, #2823, .F. ) ;
#1499 = CARTESIAN_POINT ( 'NONE',  ( 0.5250000000000000222, 0.03499999999999999639, 0.4999999999999995559 ) ) ;
#1500 = VECTOR ( 'NONE', #51, 1000.000000000000000 ) ;
#1501 = AXIS2_PLACEMENT_3D ( 'NONE', #704, #217, #5563 ) ;
#1502 = CARTESIAN_POINT ( 'NONE',  ( 0.6500000000000000222, 0.03499999999999999639, 0.000000000000000000 ) ) ;
#1503 = CARTESIAN_POINT ( 'NONE',  ( 1.074999999999999956, 0.6649999999999998135, 0.6499999999999995781 ) ) ;
#1504 = VECTOR ( 'NONE', #1467, 1000.000000000000000 ) ;
#1505 = EDGE_CURVE ( 'NONE', #4716, #4652, #2398, .T. ) ;
#1506 = CARTESIAN_POINT ( 'NONE',  ( -1.074999999999999956, -1.084202172485504434E-16, 0.6499999999999995781 ) ) ;
#1507 = EDGE_CURVE ( 'NONE', #5240, #2212, #5461, .T. ) ;
#1508 = VECTOR ( 'NONE', #4893, 1000.000000000000000 ) ;
#1509 = CARTESIAN_POINT ( 'NONE',  ( 1.450000000000000178, -1.004210375300829378E-16, 0.7999999999999994893 ) ) ;
#1510 = ORIENTED_EDGE ( 'NONE', *, *, #4748, .T. ) ;
#1511 = DIRECTION ( 'NONE',  ( 0.000000000000000000, 0.000000000000000000, 1.000000000000000000 ) ) ;
#1512 = FACE_OUTER_BOUND ( 'NONE', #2164, .T. ) ;
#1513 = AXIS2_PLACEMENT_3D ( 'NONE', #3457, #4495, #5335 ) ;
#1514 = EDGE_CURVE ( 'NONE', #5338, #468, #940, .T. ) ;
#1515 = CARTESIAN_POINT ( 'NONE',  ( -0.2749999999999999667, 0.6299999999999996714, -0.4249999999999996003 ) ) ;
#1516 = DIRECTION ( 'NONE',  ( -0.000000000000000000, -1.000000000000000000, -0.000000000000000000 ) ) ;
#1517 = ORIENTED_EDGE ( 'NONE', *, *, #3519, .T. ) ;
#1518 = FACE_OUTER_BOUND ( 'NONE', #3192, .T. ) ;
#1519 = VERTEX_POINT ( 'NONE', #3198 ) ;
#1520 = DIRECTION ( 'NONE',  ( 1.000000000000000000, 0.000000000000000000, -1.016439536705160160E-16 ) ) ;
#1521 = DIRECTION ( 'NONE',  ( 0.000000000000000000, 0.000000000000000000, -1.000000000000000000 ) ) ;
#1522 = ORIENTED_EDGE ( 'NONE', *, *, #1862, .F. ) ;
#1523 = DIRECTION ( 'NONE',  ( 0.000000000000000000, 0.000000000000000000, -1.000000000000000000 ) ) ;
#1524 = VECTOR ( 'NONE', #5017, 1000.000000000000000 ) ;
#1525 = DIRECTION ( 'NONE',  ( 1.000000000000000000, 0.000000000000000000, 0.000000000000000000 ) ) ;
#1526 = DIRECTION ( 'NONE',  ( -1.000000000000000000, 0.000000000000000000, 0.000000000000000000 ) ) ;
#1527 = MECHANICAL_DESIGN_GEOMETRIC_PRESENTATION_REPRESENTATION (  '', ( #5612 ), #2478 ) ;
#1528 = ORIENTED_EDGE ( 'NONE', *, *, #4511, .T. ) ;
#1529 = ORIENTED_EDGE ( 'NONE', *, *, #5287, .F. ) ;
#1530 = CARTESIAN_POINT ( 'NONE',  ( 1.450000000000000178, -6.368163355566234902E-17, -0.4999999999999995559 ) ) ;
#1531 = CARTESIAN_POINT ( 'NONE',  ( -1.325000000000000178, 0.03499999999999999639, -0.4999999999999995559 ) ) ;
#1532 = CARTESIAN_POINT ( 'NONE',  ( -1.600000000000000311, -1.004210375300829378E-16, -0.7999999999999994893 ) ) ;
#1533 = VECTOR ( 'NONE', #2574, 1000.000000000000000 ) ;
#1534 = EDGE_CURVE ( 'NONE', #71, #1856, #4655, .T. ) ;
#1535 = LINE ( 'NONE', #1958, #1716 ) ;
#1536 = LINE ( 'NONE', #635, #3650 ) ;
#1537 = VERTEX_POINT ( 'NONE', #4208 ) ;
#1538 = CARTESIAN_POINT ( 'NONE',  ( 0.1499999999999999667, 0.6299999999999998934, -0.7649999999999991251 ) ) ;
#1539 = LINE ( 'NONE', #116, #1749 ) ;
#1540 = FACE_OUTER_BOUND ( 'NONE', #4983, .T. ) ;
#1541 = DIRECTION ( 'NONE',  ( -1.000000000000000000, 0.000000000000000000, 0.000000000000000000 ) ) ;
#1542 = VERTEX_POINT ( 'NONE', #5487 ) ;
#1543 = DIRECTION ( 'NONE',  ( 0.000000000000000000, -1.000000000000000000, 0.000000000000000000 ) ) ;
#1544 = ORIENTED_EDGE ( 'NONE', *, *, #3395, .F. ) ;
#1545 = ORIENTED_EDGE ( 'NONE', *, *, #4402, .F. ) ;
#1546 = EDGE_CURVE ( 'NONE', #1427, #370, #492, .T. ) ;
#1547 = EDGE_CURVE ( 'NONE', #1768, #691, #1954, .T. ) ;
#1548 = DIRECTION ( 'NONE',  ( 1.000000000000000000, 0.000000000000000000, 0.000000000000000000 ) ) ;
#1549 = ORIENTED_EDGE ( 'NONE', *, *, #3353, .F. ) ;
#1550 = ORIENTED_EDGE ( 'NONE', *, *, #2384, .F. ) ;
#1551 = VECTOR ( 'NONE', #1878, 1000.000000000000000 ) ;
#1552 = ADVANCED_FACE ( 'NONE', ( #5052 ), #968, .F. ) ;
#1553 = PLANE ( 'NONE',  #2833 ) ;
#1554 = VERTEX_POINT ( 'NONE', #904 ) ;
#1555 = AXIS2_PLACEMENT_3D ( 'NONE', #4808, #345, #723 ) ;
#1556 = ORIENTED_EDGE ( 'NONE', *, *, #3281, .F. ) ;
#1557 = EDGE_LOOP ( 'NONE', ( #4430, #5597, #3850, #3905 ) ) ;
#1558 = LINE ( 'NONE', #1453, #4833 ) ;
#1559 = LINE ( 'NONE', #5573, #3421 ) ;
#1560 = DIRECTION ( 'NONE',  ( 0.000000000000000000, 1.000000000000000000, 0.000000000000000000 ) ) ;
#1561 = DIRECTION ( 'NONE',  ( -1.000000000000000000, 0.000000000000000000, 0.000000000000000000 ) ) ;
#1562 = CARTESIAN_POINT ( 'NONE',  ( -0.2749999999999999667, 0.03499999999999998251, -0.6499999999999995781 ) ) ;
#1563 = LINE ( 'NONE', #5578, #137 ) ;
#1564 = ORIENTED_EDGE ( 'NONE', *, *, #207, .F. ) ;
#1565 = DIRECTION ( 'NONE',  ( 0.000000000000000000, 0.000000000000000000, -1.000000000000000000 ) ) ;
#1566 = FACE_OUTER_BOUND ( 'NONE', #627, .T. ) ;
#1567 = DIRECTION ( 'NONE',  ( -0.000000000000000000, 1.000000000000000000, -0.000000000000000000 ) ) ;
#1568 = CARTESIAN_POINT ( 'NONE',  ( -1.074999999999999956, -1.084202172485504434E-16, 0.6499999999999995781 ) ) ;
#1569 = DIRECTION ( 'NONE',  ( -8.673617379884044347E-16, 0.000000000000000000, 1.000000000000000000 ) ) ;
#1570 = ORIENTED_EDGE ( 'NONE', *, *, #4847, .F. ) ;
#1571 = EDGE_CURVE ( 'NONE', #497, #3948, #2339, .T. ) ;
#1572 = ORIENTED_EDGE ( 'NONE', *, *, #4522, .F. ) ;
#1573 = CARTESIAN_POINT ( 'NONE',  ( 1.600000000000000311, 0.03499999999999999639, -0.7649999999999991251 ) ) ;
#1574 = DIRECTION ( 'NONE',  ( 1.000000000000000000, -0.000000000000000000, 0.000000000000000000 ) ) ;
#1575 = ADVANCED_FACE ( 'NONE', ( #2371 ), #108, .T. ) ;
#1576 = ORIENTED_EDGE ( 'NONE', *, *, #265, .T. ) ;
#1577 = CARTESIAN_POINT ( 'NONE',  ( -0.2749999999999999667, -1.084202172485504434E-16, 0.6499999999999995781 ) ) ;
#1578 = CARTESIAN_POINT ( 'NONE',  ( -1.325000000000000178, -1.084202172485504434E-16, -0.6499999999999995781 ) ) ;
#1579 = VERTEX_POINT ( 'NONE', #713 ) ;
#1580 = EDGE_CURVE ( 'NONE', #4050, #5515, #4773, .T. ) ;
#1581 = EDGE_CURVE ( 'NONE', #1714, #4716, #2039, .T. ) ;
#1582 = ORIENTED_EDGE ( 'NONE', *, *, #2305, .T. ) ;
#1583 = ORIENTED_EDGE ( 'NONE', *, *, #3455, .F. ) ;
#1584 = DIRECTION ( 'NONE',  ( -1.000000000000000000, 0.000000000000000000, -0.000000000000000000 ) ) ;
#1585 = DIRECTION ( 'NONE',  ( 0.000000000000000000, 0.000000000000000000, 1.000000000000000000 ) ) ;
#1586 = LINE ( 'NONE', #2534, #1025 ) ;
#1587 = LINE ( 'NONE', #4745, #3449 ) ;
#1588 = LINE ( 'NONE', #1142, #5241 ) ;
#1589 = VECTOR ( 'NONE', #3020, 1000.000000000000000 ) ;
#1590 = VERTEX_POINT ( 'NONE', #4265 ) ;
#1591 = COLOUR_RGB ( '',0.7921568627450980005, 0.8196078431372548767, 0.9333333333333333481 ) ;
#1592 = VECTOR ( 'NONE', #4940, 1000.000000000000000 ) ;
#1593 = LINE ( 'NONE', #2102, #926 ) ;
#1594 = DIRECTION ( 'NONE',  ( 0.000000000000000000, -0.000000000000000000, -1.000000000000000000 ) ) ;
#1595 = EDGE_CURVE ( 'NONE', #3656, #2963, #3347, .T. ) ;
#1596 = ORIENTED_EDGE ( 'NONE', *, *, #5695, .F. ) ;
#1597 =( GEOMETRIC_REPRESENTATION_CONTEXT ( 3 ) GLOBAL_UNCERTAINTY_ASSIGNED_CONTEXT ( ( #93 ) ) GLOBAL_UNIT_ASSIGNED_CONTEXT ( ( #5388, #3477, #3037 ) ) REPRESENTATION_CONTEXT ( 'NONE', 'WORKASPACE' ) );
#1598 = LINE ( 'NONE', #3412, #2101 ) ;
#1599 = DIRECTION ( 'NONE',  ( -1.000000000000000000, -0.000000000000000000, -0.000000000000000000 ) ) ;
#1600 = VERTEX_POINT ( 'NONE', #630 ) ;
#1601 = ORIENTED_EDGE ( 'NONE', *, *, #1969, .F. ) ;
#1602 = VECTOR ( 'NONE', #2277, 1000.000000000000000 ) ;
#1603 =( NAMED_UNIT ( * ) PLANE_ANGLE_UNIT ( ) SI_UNIT ( $, .RADIAN. ) );
#1604 = EDGE_CURVE ( 'NONE', #3894, #1445, #1082, .T. ) ;
#1605 = CARTESIAN_POINT ( 'NONE',  ( 0.2749999999999999667, -1.084202172485504434E-16, 0.6499999999999995781 ) ) ;
#1606 = EDGE_CURVE ( 'NONE', #5513, #2568, #1980, .T. ) ;
#1607 = ORIENTED_EDGE ( 'NONE', *, *, #3700, .T. ) ;
#1608 = DIRECTION ( 'NONE',  ( -0.000000000000000000, 0.000000000000000000, 1.000000000000000000 ) ) ;
#1609 = DIRECTION ( 'NONE',  ( 0.000000000000000000, -1.000000000000000000, 0.000000000000000000 ) ) ;
#1610 = VERTEX_POINT ( 'NONE', #3879 ) ;
#1611 = ORIENTED_EDGE ( 'NONE', *, *, #1914, .T. ) ;
#1612 = EDGE_CURVE ( 'NONE', #1879, #4021, #1559, .T. ) ;
#1613 = LINE ( 'NONE', #224, #1986 ) ;
#1614 = CARTESIAN_POINT ( 'NONE',  ( -0.5250000000000000222, 0.6650000000000000355, -0.4249999999999996003 ) ) ;
#1615 = FACE_OUTER_BOUND ( 'NONE', #4446, .T. ) ;
#1616 = EDGE_CURVE ( 'NONE', #1398, #4477, #5163, .T. ) ;
#1617 = EDGE_CURVE ( 'NONE', #2212, #2626, #4237, .T. ) ;
#1618 = VECTOR ( 'NONE', #2958, 1000.000000000000000 ) ;
#1619 = DIRECTION ( 'NONE',  ( 1.000000000000000000, 0.000000000000000000, 0.000000000000000000 ) ) ;
#1620 = VERTEX_POINT ( 'NONE', #2425 ) ;
#1621 = PRESENTATION_LAYER_ASSIGNMENT (  '', '', ( #5612 ) ) ;
#1622 = CARTESIAN_POINT ( 'NONE',  ( -1.074999999999999956, 0.6650000000000000355, -0.4249999999999996003 ) ) ;
#1623 = LINE ( 'NONE', #1708, #3753 ) ;
#1624 = ORIENTED_EDGE ( 'NONE', *, *, #2160, .F. ) ;
#1625 = DIRECTION ( 'NONE',  ( -0.000000000000000000, 1.000000000000000000, -0.000000000000000000 ) ) ;
#1626 = AXIS2_PLACEMENT_3D ( 'NONE', #2135, #1676, #815 ) ;
#1627 = CARTESIAN_POINT ( 'NONE',  ( 0.1500000000000000777, 0.6300000000000000044, -0.4999999999999994449 ) ) ;
#1628 = VERTEX_POINT ( 'NONE', #3319 ) ;
#1629 = ORIENTED_EDGE ( 'NONE', *, *, #1399, .F. ) ;
#1630 = DIRECTION ( 'NONE',  ( -0.000000000000000000, 1.000000000000000000, -0.000000000000000000 ) ) ;
#1631 = CARTESIAN_POINT ( 'NONE',  ( 0.6500000000000000222, 0.6650000000000000355, 0.7999999999999994893 ) ) ;
#1632 = DIRECTION ( 'NONE',  ( 1.668003342285392783E-16, 0.000000000000000000, 1.000000000000000000 ) ) ;
#1633 = ORIENTED_EDGE ( 'NONE', *, *, #5796, .T. ) ;
#1634 = SURFACE_SIDE_STYLE ('',( #3062 ) ) ;
#1635 = LINE ( 'NONE', #4851, #3425 ) ;
#1636 = CARTESIAN_POINT ( 'NONE',  ( 2.602447006080619740, 0.6999999999999998446, 0.4766666666666662389 ) ) ;
#1637 = VECTOR ( 'NONE', #5813, 1000.000000000000000 ) ;
#1638 = VERTEX_POINT ( 'NONE', #5191 ) ;
#1639 = ORIENTED_EDGE ( 'NONE', *, *, #4056, .T. ) ;
#1640 = DIRECTION ( 'NONE',  ( -1.000000000000000000, -0.000000000000000000, -0.000000000000000000 ) ) ;
#1641 = CARTESIAN_POINT ( 'NONE',  ( 1.600000000000000311, 0.6650000000000000355, 0.6499999999999993561 ) ) ;
#1642 = PLANE ( 'NONE',  #3212 ) ;
#1643 = VECTOR ( 'NONE', #438, 1000.000000000000000 ) ;
#1644 = DIRECTION ( 'NONE',  ( 1.000000000000000000, -0.000000000000000000, -0.000000000000000000 ) ) ;
#1645 = ORIENTED_EDGE ( 'NONE', *, *, #1987, .F. ) ;
#1646 = EDGE_CURVE ( 'NONE', #2802, #4680, #2533, .T. ) ;
#1647 = VECTOR ( 'NONE', #2886, 1000.000000000000000 ) ;
#1648 = ORIENTED_EDGE ( 'NONE', *, *, #5689, .T. ) ;
#1649 = DIRECTION ( 'NONE',  ( -1.000000000000000000, 0.000000000000000000, 0.000000000000000000 ) ) ;
#1650 = CARTESIAN_POINT ( 'NONE',  ( -1.074999999999999956, 0.03499999999999998251, 0.6499999999999995781 ) ) ;
#1651 = AXIS2_PLACEMENT_3D ( 'NONE', #2211, #2271, #4084 ) ;
#1652 = FACE_OUTER_BOUND ( 'NONE', #5418, .T. ) ;
#1653 = PLANE ( 'NONE',  #4026 ) ;
#1654 = ADVANCED_FACE ( 'NONE', ( #2900 ), #3795, .F. ) ;
#1655 = ORIENTED_EDGE ( 'NONE', *, *, #4923, .T. ) ;
#1656 = VERTEX_POINT ( 'NONE', #5693 ) ;
#1657 = FACE_OUTER_BOUND ( 'NONE', #5801, .T. ) ;
#1658 = CARTESIAN_POINT ( 'NONE',  ( -1.600000000000000311, 0.6299999999999998934, -0.7649999999999991251 ) ) ;
#1659 = DIRECTION ( 'NONE',  ( -0.000000000000000000, 0.000000000000000000, 1.000000000000000000 ) ) ;
#1660 = EDGE_LOOP ( 'NONE', ( #539, #3817, #2100, #2773 ) ) ;
#1661 = LINE ( 'NONE', #3476, #2260 ) ;
#1662 = PLANE ( 'NONE',  #1784 ) ;
#1663 = ADVANCED_FACE ( 'NONE', ( #2094 ), #2451, .F. ) ;
#1664 = ORIENTED_EDGE ( 'NONE', *, *, #867, .T. ) ;
#1665 = ORIENTED_EDGE ( 'NONE', *, *, #288, .F. ) ;
#1666 = CARTESIAN_POINT ( 'NONE',  ( 1.450000000000000178, 0.6299999999999998934, -0.7649999999999991251 ) ) ;
#1667 = LINE ( 'NONE', #3481, #5055 ) ;
#1668 = FACE_OUTER_BOUND ( 'NONE', #3808, .T. ) ;
#1669 = CARTESIAN_POINT ( 'NONE',  ( 1.325000000000000178, -1.084202172485504434E-16, -0.6499999999999999112 ) ) ;
#1670 = ORIENTED_EDGE ( 'NONE', *, *, #4834, .F. ) ;
#1671 = ORIENTED_EDGE ( 'NONE', *, *, #4673, .T. ) ;
#1672 = LINE ( 'NONE', #5877, #5874 ) ;
#1673 = LINE ( 'NONE', #1807, #5293 ) ;
#1674 = CARTESIAN_POINT ( 'NONE',  ( -0.1500000000000000777, -1.004210375300829378E-16, 0.7999999999999994893 ) ) ;
#1675 = EDGE_CURVE ( 'NONE', #1173, #189, #5635, .T. ) ;
#1676 = DIRECTION ( 'NONE',  ( -0.000000000000000000, 1.000000000000000000, 0.000000000000000000 ) ) ;
#1677 = VECTOR ( 'NONE', #5373, 1000.000000000000000 ) ;
#1678 = DIRECTION ( 'NONE',  ( -0.000000000000000000, -0.000000000000000000, 1.000000000000000000 ) ) ;
#1679 = AXIS2_PLACEMENT_3D ( 'NONE', #892, #4550, #2708 ) ;
#1680 = ORIENTED_EDGE ( 'NONE', *, *, #3888, .F. ) ;
#1681 = EDGE_LOOP ( 'NONE', ( #864, #1403, #4782, #526 ) ) ;
#1682 = EDGE_CURVE ( 'NONE', #5733, #1371, #2929, .T. ) ;
#1683 = CARTESIAN_POINT ( 'NONE',  ( -0.2749999999999999667, 0.6299999999999996714, 0.4249999999999996003 ) ) ;
#1684 = VECTOR ( 'NONE', #5462, 1000.000000000000000 ) ;
#1685 = VECTOR ( 'NONE', #2169, 1000.000000000000000 ) ;
#1686 = EDGE_CURVE ( 'NONE', #5188, #115, #3852, .T. ) ;
#1687 = VECTOR ( 'NONE', #1078, 1000.000000000000000 ) ;
#1688 = CARTESIAN_POINT ( 'NONE',  ( 0.6500000000000000222, 0.6299999999999996714, -0.6499999999999995781 ) ) ;
#1689 = LINE ( 'NONE', #4483, #4981 ) ;
#1690 = VECTOR ( 'NONE', #1860, 1000.000000000000000 ) ;
#1691 = VECTOR ( 'NONE', #4721, 1000.000000000000000 ) ;
#1692 = ORIENTED_EDGE ( 'NONE', *, *, #2411, .T. ) ;
#1693 = VECTOR ( 'NONE', #3777, 1000.000000000000000 ) ;
#1694 = CARTESIAN_POINT ( 'NONE',  ( 1.325000000000000178, -1.084202172485504434E-16, -0.6499999999999999112 ) ) ;
#1695 = CARTESIAN_POINT ( 'NONE',  ( 0.9500000000000000666, 0.6299999999999998934, -0.7649999999999991251 ) ) ;
#1696 = CARTESIAN_POINT ( 'NONE',  ( -0.9500000000000000666, -8.205133554287264343E-17, -0.6499999999999995781 ) ) ;
#1697 = ORIENTED_EDGE ( 'NONE', *, *, #1429, .T. ) ;
#1698 = VERTEX_POINT ( 'NONE', #3401 ) ;
#1699 = CARTESIAN_POINT ( 'NONE',  ( -0.6500000000000001332, -6.368163355566234902E-17, 0.4999999999999995559 ) ) ;
#1700 = LINE ( 'NONE', #3514, #3904 ) ;
#1701 = CARTESIAN_POINT ( 'NONE',  ( -1.324999999999999956, -1.084202172485504434E-16, 0.6499999999999995781 ) ) ;
#1702 = FACE_OUTER_BOUND ( 'NONE', #1812, .T. ) ;
#1703 = ORIENTED_EDGE ( 'NONE', *, *, #2724, .T. ) ;
#1704 = ORIENTED_EDGE ( 'NONE', *, *, #1252, .F. ) ;
#1705 = CARTESIAN_POINT ( 'NONE',  ( -0.1500000000000000777, 0.03499999999999999639, 0.7649999999999991251 ) ) ;
#1706 = EDGE_CURVE ( 'NONE', #5536, #1656, #5223, .T. ) ;
#1707 = DIRECTION ( 'NONE',  ( -1.668003342285392783E-16, 0.000000000000000000, -1.000000000000000000 ) ) ;
#1708 = CARTESIAN_POINT ( 'NONE',  ( -0.6499999999999996891, 0.03499999999999999639, 4.698209414103851233E-16 ) ) ;
#1709 = VECTOR ( 'NONE', #2008, 1000.000000000000000 ) ;
#1710 = CARTESIAN_POINT ( 'NONE',  ( -0.5250000000000000222, -1.084202172485504434E-16, 0.6499999999999995781 ) ) ;
#1711 = LINE ( 'NONE', #5376, #2129 ) ;
#1712 = VECTOR ( 'NONE', #1048, 1000.000000000000000 ) ;
#1713 = ORIENTED_EDGE ( 'NONE', *, *, #3868, .F. ) ;
#1714 = VERTEX_POINT ( 'NONE', #1614 ) ;
#1715 = LINE ( 'NONE', #2608, #1127 ) ;
#1716 = VECTOR ( 'NONE', #3798, 1000.000000000000000 ) ;
#1717 = LINE ( 'NONE', #1658, #5772 ) ;
#1718 = FACE_OUTER_BOUND ( 'NONE', #4679, .T. ) ;
#1719 = VERTEX_POINT ( 'NONE', #5247 ) ;
#1720 = EDGE_CURVE ( 'NONE', #2331, #340, #1168, .T. ) ;
#1721 = EDGE_CURVE ( 'NONE', #1819, #2070, #5804, .T. ) ;
#1722 = LINE ( 'NONE', #1694, #5301 ) ;
#1723 = PLANE ( 'NONE',  #388 ) ;
#1724 = CARTESIAN_POINT ( 'NONE',  ( -1.600000000000000311, 0.6299999999999998934, -0.7649999999999991251 ) ) ;
#1725 = ORIENTED_EDGE ( 'NONE', *, *, #5658, .F. ) ;
#1726 = EDGE_CURVE ( 'NONE', #5677, #10, #1195, .T. ) ;
#1727 = ORIENTED_EDGE ( 'NONE', *, *, #2800, .T. ) ;
#1728 = PLANE ( 'NONE',  #2148 ) ;
#1729 = LINE ( 'NONE', #5749, #4368 ) ;
#1730 = DIRECTION ( 'NONE',  ( -1.000000000000000000, 0.000000000000000000, 0.000000000000000000 ) ) ;
#1731 = VERTEX_POINT ( 'NONE', #4462 ) ;
#1732 = AXIS2_PLACEMENT_3D ( 'NONE', #2696, #4964, #1294 ) ;
#1733 = DIRECTION ( 'NONE',  ( 0.000000000000000000, 0.000000000000000000, -1.000000000000000000 ) ) ;
#1734 = ORIENTED_EDGE ( 'NONE', *, *, #1126, .T. ) ;
#1735 = VERTEX_POINT ( 'NONE', #4916 ) ;
#1736 = VECTOR ( 'NONE', #1776, 1000.000000000000000 ) ;
#1737 = LINE ( 'NONE', #812, #2269 ) ;
#1738 = CARTESIAN_POINT ( 'NONE',  ( -0.2749999999999999667, 0.6299999999999996714, -0.4249999999999996003 ) ) ;
#1739 = CARTESIAN_POINT ( 'NONE',  ( 1.600000000000000311, 4.176956441796261466, 0.7649999999999991251 ) ) ;
#1740 = VERTEX_POINT ( 'NONE', #395 ) ;
#1741 = CARTESIAN_POINT ( 'NONE',  ( -0.1500000000000000777, 0.6650000000000000355, 0.4249999999999996003 ) ) ;
#1742 = EDGE_CURVE ( 'NONE', #2671, #840, #425, .T. ) ;
#1743 = MECHANICAL_DESIGN_GEOMETRIC_PRESENTATION_REPRESENTATION (  '', ( #1846 ), #2598 ) ;
#1744 = LINE ( 'NONE', #2605, #2416 ) ;
#1745 = ORIENTED_EDGE ( 'NONE', *, *, #1973, .F. ) ;
#1746 = ORIENTED_EDGE ( 'NONE', *, *, #491, .T. ) ;
#1747 = LINE ( 'NONE', #2258, #5166 ) ;
#1748 = DIRECTION ( 'NONE',  ( -0.000000000000000000, 1.548860246407859392E-15, 1.000000000000000000 ) ) ;
#1749 = VECTOR ( 'NONE', #4752, 1000.000000000000000 ) ;
#1750 = CARTESIAN_POINT ( 'NONE',  ( -1.600000000000000311, 0.03499999999999999639, -0.7649999999999987921 ) ) ;
#1751 = PLANE ( 'NONE',  #984 ) ;
#1752 = EDGE_CURVE ( 'NONE', #806, #3067, #744, .T. ) ;
#1753 = ORIENTED_EDGE ( 'NONE', *, *, #1956, .T. ) ;
#1754 = LINE ( 'NONE', #3506, #3586 ) ;
#1755 = CARTESIAN_POINT ( 'NONE',  ( -1.565000000000000169, 0.6300000000000000044, -0.4249999999999995448 ) ) ;
#1756 = SURFACE_STYLE_FILL_AREA ( #3571 ) ;
#1757 = EDGE_CURVE ( 'NONE', #1740, #1910, #2563, .T. ) ;
#1758 = ORIENTED_EDGE ( 'NONE', *, *, #810, .F. ) ;
#1759 = PRODUCT_CONTEXT ( 'NONE', #5267, 'mechanical' ) ;
#1760 = VERTEX_POINT ( 'NONE', #3909 ) ;
#1761 = DIRECTION ( 'NONE',  ( -1.000000000000000000, 0.000000000000000000, 8.673617379884059138E-16 ) ) ;
#1762 = LINE ( 'NONE', #4859, #1332 ) ;
#1763 = CARTESIAN_POINT ( 'NONE',  ( 0.000000000000000000, 0.6300000000000000044, 0.4999999999999996669 ) ) ;
#1764 = EDGE_CURVE ( 'NONE', #3095, #4913, #5841, .T. ) ;
#1765 = ORIENTED_EDGE ( 'NONE', *, *, #5796, .F. ) ;
#1766 = EDGE_CURVE ( 'NONE', #1590, #2413, #1762, .T. ) ;
#1767 = ORIENTED_EDGE ( 'NONE', *, *, #2239, .T. ) ;
#1768 = VERTEX_POINT ( 'NONE', #1641 ) ;
#1769 = DIRECTION ( 'NONE',  ( -1.000000000000000000, -0.000000000000000000, 0.000000000000000000 ) ) ;
#1770 = CARTESIAN_POINT ( 'NONE',  ( 2.602447006080619740, 0.6299999999999998934, 0.4249999999999995448 ) ) ;
#1771 = DIRECTION ( 'NONE',  ( -0.000000000000000000, 0.000000000000000000, 1.000000000000000000 ) ) ;
#1772 = DIRECTION ( 'NONE',  ( -0.000000000000000000, -0.000000000000000000, 1.000000000000000000 ) ) ;
#1773 = DIRECTION ( 'NONE',  ( 1.000000000000000000, 0.000000000000000000, 8.673617379884059138E-16 ) ) ;
#1774 = EDGE_LOOP ( 'NONE', ( #1888, #4967, #5864, #4424, #3245, #436, #5503, #1979 ) ) ;
#1775 = ORIENTED_EDGE ( 'NONE', *, *, #4341, .T. ) ;
#1776 = DIRECTION ( 'NONE',  ( -0.000000000000000000, -0.000000000000000000, 1.000000000000000000 ) ) ;
#1777 = EDGE_CURVE ( 'NONE', #1144, #4517, #3549, .T. ) ;
#1778 = DIRECTION ( 'NONE',  ( -0.000000000000000000, 0.000000000000000000, 1.000000000000000000 ) ) ;
#1779 = VECTOR ( 'NONE', #2964, 1000.000000000000000 ) ;
#1780 = DIRECTION ( 'NONE',  ( -1.000000000000000000, 0.000000000000000000, -8.673617379884044347E-16 ) ) ;
#1781 = LINE ( 'NONE', #5003, #2125 ) ;
#1782 = ORIENTED_EDGE ( 'NONE', *, *, #3142, .F. ) ;
#1783 = VECTOR ( 'NONE', #5224, 1000.000000000000000 ) ;
#1784 = AXIS2_PLACEMENT_3D ( 'NONE', #4881, #4821, #2557 ) ;
#1785 = LINE ( 'NONE', #506, #5863 ) ;
#1786 = CARTESIAN_POINT ( 'NONE',  ( -0.1500000000000000777, -6.368163355566234902E-17, -0.4999999999999995559 ) ) ;
#1787 = VECTOR ( 'NONE', #4556, 1000.000000000000000 ) ;
#1788 = ADVANCED_FACE ( 'NONE', ( #2591 ), #307, .T. ) ;
#1789 = ADVANCED_FACE ( 'NONE', ( #2123 ), #5336, .F. ) ;
#1790 = LINE ( 'NONE', #2585, #2168 ) ;
#1791 = VECTOR ( 'NONE', #4886, 1000.000000000000000 ) ;
#1792 = ORIENTED_EDGE ( 'NONE', *, *, #717, .F. ) ;
#1793 = APPLICATION_PROTOCOL_DEFINITION ( 'draft international standard', 'automotive_design', 1998, #3335 ) ;
#1794 = ORIENTED_EDGE ( 'NONE', *, *, #1880, .T. ) ;
#1795 = CARTESIAN_POINT ( 'NONE',  ( -0.1500000000000000777, 0.6299999999999997824, 0.6499999999999995781 ) ) ;
#1796 = CARTESIAN_POINT ( 'NONE',  ( -0.9500000000000000666, 0.000000000000000000, 0.6499999999999995781 ) ) ;
#1797 = AXIS2_PLACEMENT_3D ( 'NONE', #1666, #4952, #865 ) ;
#1798 = PLANE ( 'NONE',  #4931 ) ;
#1799 = EDGE_LOOP ( 'NONE', ( #1298, #2447, #2220, #4148 ) ) ;
#1800 = ORIENTED_EDGE ( 'NONE', *, *, #5869, .T. ) ;
#1801 = VECTOR ( 'NONE', #3451, 1000.000000000000000 ) ;
#1802 = EDGE_CURVE ( 'NONE', #2449, #2630, #1729, .T. ) ;
#1803 = ORIENTED_EDGE ( 'NONE', *, *, #2228, .T. ) ;
#1804 = EDGE_CURVE ( 'NONE', #3671, #1537, #1667, .T. ) ;
#1805 = EDGE_CURVE ( 'NONE', #2327, #2826, #5364, .T. ) ;
#1806 = DIRECTION ( 'NONE',  ( 0.000000000000000000, 1.000000000000000000, -0.000000000000000000 ) ) ;
#1807 = CARTESIAN_POINT ( 'NONE',  ( 1.565000000000000169, 0.6650000000000001465, -0.4249999999999996003 ) ) ;
#1808 = FACE_OUTER_BOUND ( 'NONE', #3801, .T. ) ;
#1809 = LINE ( 'NONE', #3111, #2395 ) ;
#1810 = CARTESIAN_POINT ( 'NONE',  ( 0.9500000000000001776, -1.084202172485504434E-16, 0.4999999999999996669 ) ) ;
#1811 = ORIENTED_EDGE ( 'NONE', *, *, #1318, .F. ) ;
#1812 = EDGE_LOOP ( 'NONE', ( #4028, #3987, #5034, #2287 ) ) ;
#1813 = VECTOR ( 'NONE', #3678, 1000.000000000000000 ) ;
#1814 = CARTESIAN_POINT ( 'NONE',  ( 1.074999999999999956, 0.03499999999999999639, -0.7649999999999991251 ) ) ;
#1815 = CARTESIAN_POINT ( 'NONE',  ( 1.074999999999999956, 0.6650000000000000355, -0.7999999999999994893 ) ) ;
#1816 = CARTESIAN_POINT ( 'NONE',  ( 0.6500000000000001332, -1.084202172485504434E-16, 0.7999999999999997113 ) ) ;
#1817 = APPLICATION_CONTEXT ( 'automotive_design' ) ;
#1818 = VECTOR ( 'NONE', #4404, 1000.000000000000000 ) ;
#1819 = VERTEX_POINT ( 'NONE', #363 ) ;
#1820 = LINE ( 'NONE', #5502, #2319 ) ;
#1821 = ORIENTED_EDGE ( 'NONE', *, *, #1430, .F. ) ;
#1822 = FILL_AREA_STYLE ('',( #417 ) ) ;
#1823 = VECTOR ( 'NONE', #3080, 1000.000000000000000 ) ;
#1824 = LINE ( 'NONE', #3638, #1886 ) ;
#1825 = PLANE ( 'NONE',  #729 ) ;
#1826 = AXIS2_PLACEMENT_3D ( 'NONE', #3433, #4775, #3965 ) ;
#1827 = ORIENTED_EDGE ( 'NONE', *, *, #5210, .F. ) ;
#1828 = ORIENTED_EDGE ( 'NONE', *, *, #100, .F. ) ;
#1829 = CARTESIAN_POINT ( 'NONE',  ( 0.9500000000000000666, 0.6650000000000000355, -0.6499999999999995781 ) ) ;
#1830 = LINE ( 'NONE', #4618, #204 ) ;
#1831 = CARTESIAN_POINT ( 'NONE',  ( 0.6500000000000000222, 0.6299999999999998934, -0.7649999999999991251 ) ) ;
#1832 = ORIENTED_EDGE ( 'NONE', *, *, #3104, .F. ) ;
#1833 = ORIENTED_EDGE ( 'NONE', *, *, #5835, .F. ) ;
#1834 = EDGE_LOOP ( 'NONE', ( #298, #3893, #2499, #4407 ) ) ;
#1835 = DIRECTION ( 'NONE',  ( 0.000000000000000000, 0.000000000000000000, -1.000000000000000000 ) ) ;
#1836 = DIRECTION ( 'NONE',  ( 0.000000000000000000, -1.000000000000000000, 0.000000000000000000 ) ) ;
#1837 = DIRECTION ( 'NONE',  ( -0.000000000000000000, 0.000000000000000000, 1.000000000000000000 ) ) ;
#1838 = CARTESIAN_POINT ( 'NONE',  ( 0.6500000000000000222, 0.000000000000000000, 0.000000000000000000 ) ) ;
#1839 = EDGE_CURVE ( 'NONE', #5156, #1032, #1226, .T. ) ;
#1840 = DIRECTION ( 'NONE',  ( -0.000000000000000000, 0.000000000000000000, 1.000000000000000000 ) ) ;
#1841 = VECTOR ( 'NONE', #850, 1000.000000000000000 ) ;
#1842 = ORIENTED_EDGE ( 'NONE', *, *, #5746, .T. ) ;
#1843 = ORIENTED_EDGE ( 'NONE', *, *, #4853, .T. ) ;
#1844 = PLANE ( 'NONE',  #133 ) ;
#1845 = CARTESIAN_POINT ( 'NONE',  ( 1.600000000000000311, -1.004210375300829378E-16, -0.7999999999999994893 ) ) ;
#1846 = STYLED_ITEM ( 'NONE', ( #663 ), #879 ) ;
#1847 = CARTESIAN_POINT ( 'NONE',  ( -0.2749999999999999667, -1.084202172485504434E-16, 0.6499999999999995781 ) ) ;
#1848 = EDGE_CURVE ( 'NONE', #3345, #2763, #1314, .T. ) ;
#1849 = ORIENTED_EDGE ( 'NONE', *, *, #4474, .T. ) ;
#1850 = LINE ( 'NONE', #441, #687 ) ;
#1851 = ORIENTED_EDGE ( 'NONE', *, *, #455, .F. ) ;
#1852 = CARTESIAN_POINT ( 'NONE',  ( 1.074999999999999956, -1.084202172485504434E-16, 0.6499999999999995781 ) ) ;
#1853 = CARTESIAN_POINT ( 'NONE',  ( -0.1500000000000000777, 0.000000000000000000, 0.6499999999999995781 ) ) ;
#1854 = CARTESIAN_POINT ( 'NONE',  ( 0.1499999999999999667, -1.004210375300829378E-16, -0.7999999999999994893 ) ) ;
#1855 = ORIENTED_EDGE ( 'NONE', *, *, #1137, .T. ) ;
#1856 = VERTEX_POINT ( 'NONE', #3995 ) ;
#1857 = DIRECTION ( 'NONE',  ( 1.000000000000000000, -0.000000000000000000, -0.000000000000000000 ) ) ;
#1858 = SURFACE_STYLE_FILL_AREA ( #2835 ) ;
#1859 = EDGE_CURVE ( 'NONE', #4938, #790, #1700, .T. ) ;
#1860 = DIRECTION ( 'NONE',  ( -0.000000000000000000, -0.000000000000000000, -1.000000000000000000 ) ) ;
#1861 = ORIENTED_EDGE ( 'NONE', *, *, #2666, .F. ) ;
#1862 = EDGE_CURVE ( 'NONE', #1760, #1052, #4885, .T. ) ;
#1863 = ORIENTED_EDGE ( 'NONE', *, *, #192, .T. ) ;
#1864 = ORIENTED_EDGE ( 'NONE', *, *, #2495, .F. ) ;
#1865 = DIRECTION ( 'NONE',  ( -0.000000000000000000, 0.000000000000000000, 1.000000000000000000 ) ) ;
#1866 = CARTESIAN_POINT ( 'NONE',  ( 0.5250000000000000222, 0.03499999999999999639, -0.4999999999999995559 ) ) ;
#1867 = DIRECTION ( 'NONE',  ( 1.000000000000000000, -0.000000000000000000, 0.000000000000000000 ) ) ;
#1868 = EDGE_CURVE ( 'NONE', #5733, #1289, #5511, .T. ) ;
#1869 = ADVANCED_FACE ( 'NONE', ( #1380 ), #541, .F. ) ;
#1870 = DIRECTION ( 'NONE',  ( 0.000000000000000000, 0.000000000000000000, 1.000000000000000000 ) ) ;
#1871 = DIRECTION ( 'NONE',  ( 0.000000000000000000, 0.000000000000000000, -1.000000000000000000 ) ) ;
#1872 = ORIENTED_EDGE ( 'NONE', *, *, #4770, .T. ) ;
#1873 = DIRECTION ( 'NONE',  ( -0.000000000000000000, 0.000000000000000000, -1.000000000000000000 ) ) ;
#1874 = EDGE_CURVE ( 'NONE', #47, #5204, #4557, .T. ) ;
#1875 = CARTESIAN_POINT ( 'NONE',  ( -1.074999999999999956, 0.03499999999999999639, 0.4999999999999995559 ) ) ;
#1876 = DIRECTION ( 'NONE',  ( 0.000000000000000000, 1.000000000000000000, 0.000000000000000000 ) ) ;
#1877 = ORIENTED_EDGE ( 'NONE', *, *, #3182, .T. ) ;
#1878 = DIRECTION ( 'NONE',  ( 0.000000000000000000, 0.000000000000000000, -1.000000000000000000 ) ) ;
#1879 = VERTEX_POINT ( 'NONE', #3611 ) ;
#1880 = EDGE_CURVE ( 'NONE', #2466, #4863, #1830, .T. ) ;
#1881 = EDGE_CURVE ( 'NONE', #2336, #4583, #1439, .T. ) ;
#1882 = CARTESIAN_POINT ( 'NONE',  ( -1.565000000000000169, 0.6766666666666667496, -0.4999999999999994449 ) ) ;
#1883 = EDGE_CURVE ( 'NONE', #2809, #2830, #2775, .T. ) ;
#1884 = CARTESIAN_POINT ( 'NONE',  ( -0.1500000000000000777, -1.004210375300829378E-16, -0.7999999999999994893 ) ) ;
#1885 = EDGE_LOOP ( 'NONE', ( #5320, #3006, #4524, #1978 ) ) ;
#1886 = VECTOR ( 'NONE', #1374, 1000.000000000000000 ) ;
#1887 = COLOUR_RGB ( '',0.7921568627450980005, 0.8196078431372548767, 0.9333333333333333481 ) ;
#1888 = ORIENTED_EDGE ( 'NONE', *, *, #3084, .T. ) ;
#1889 = CARTESIAN_POINT ( 'NONE',  ( 0.1499999999999999667, 0.6299999999999998934, 0.7649999999999991251 ) ) ;
#1890 =( NAMED_UNIT ( * ) PLANE_ANGLE_UNIT ( ) SI_UNIT ( $, .RADIAN. ) );
#1891 = DIRECTION ( 'NONE',  ( 3.614007241618349264E-16, 0.000000000000000000, -1.000000000000000000 ) ) ;
#1892 = VECTOR ( 'NONE', #1402, 1000.000000000000000 ) ;
#1893 = ORIENTED_EDGE ( 'NONE', *, *, #5835, .T. ) ;
#1894 = ORIENTED_EDGE ( 'NONE', *, *, #3468, .F. ) ;
#1895 = AXIS2_PLACEMENT_3D ( 'NONE', #2747, #4528, #2335 ) ;
#1896 = VECTOR ( 'NONE', #1907, 1000.000000000000000 ) ;
#1897 = ORIENTED_EDGE ( 'NONE', *, *, #382, .F. ) ;
#1898 = LINE ( 'NONE', #1024, #5703 ) ;
#1899 = FACE_OUTER_BOUND ( 'NONE', #3591, .T. ) ;
#1900 = DIRECTION ( 'NONE',  ( -0.000000000000000000, 1.000000000000000000, -0.000000000000000000 ) ) ;
#1901 = STYLED_ITEM ( 'NONE', ( #2445 ), #49 ) ;
#1902 = FACE_OUTER_BOUND ( 'NONE', #4187, .T. ) ;
#1903 = LINE ( 'NONE', #1810, #5736 ) ;
#1904 = ORIENTED_EDGE ( 'NONE', *, *, #58, .F. ) ;
#1905 = DIRECTION ( 'NONE',  ( 0.000000000000000000, 0.000000000000000000, 1.000000000000000000 ) ) ;
#1906 = DIRECTION ( 'NONE',  ( -0.000000000000000000, 0.000000000000000000, 1.000000000000000000 ) ) ;
#1907 = DIRECTION ( 'NONE',  ( -1.000000000000000000, -0.000000000000000000, 0.000000000000000000 ) ) ;
#1908 = ORIENTED_EDGE ( 'NONE', *, *, #5282, .F. ) ;
#1909 = CARTESIAN_POINT ( 'NONE',  ( -0.2749999999999999667, -1.084202172485504434E-16, -0.6499999999999995781 ) ) ;
#1910 = VERTEX_POINT ( 'NONE', #5426 ) ;
#1911 =( LENGTH_UNIT ( ) NAMED_UNIT ( * ) SI_UNIT ( .MILLI., .METRE. ) );
#1912 = AXIS2_PLACEMENT_3D ( 'NONE', #3716, #640, #2882 ) ;
#1913 = DIRECTION ( 'NONE',  ( -1.000000000000000000, -0.000000000000000000, 0.000000000000000000 ) ) ;
#1914 = EDGE_CURVE ( 'NONE', #371, #2005, #4177, .T. ) ;
#1915 = ORIENTED_EDGE ( 'NONE', *, *, #5023, .T. ) ;
#1916 = VECTOR ( 'NONE', #834, 1000.000000000000000 ) ;
#1917 = CARTESIAN_POINT ( 'NONE',  ( 1.074999999999999956, 0.03499999999999999639, 0.4999999999999995559 ) ) ;
#1918 = SURFACE_SIDE_STYLE ('',( #1858 ) ) ;
#1919 = CARTESIAN_POINT ( 'NONE',  ( -0.5250000000000000222, 0.03499999999999998251, 0.6499999999999995781 ) ) ;
#1920 = ORIENTED_EDGE ( 'NONE', *, *, #2356, .F. ) ;
#1921 = VECTOR ( 'NONE', #2961, 1000.000000000000000 ) ;
#1922 = EDGE_CURVE ( 'NONE', #5029, #3016, #2246, .T. ) ;
#1923 = ORIENTED_EDGE ( 'NONE', *, *, #3958, .F. ) ;
#1924 = ORIENTED_EDGE ( 'NONE', *, *, #1350, .T. ) ;
#1925 = CARTESIAN_POINT ( 'NONE',  ( -0.2749999999999999667, 0.6650000000000000355, -0.4249999999999996003 ) ) ;
#1926 = FACE_OUTER_BOUND ( 'NONE', #437, .T. ) ;
#1927 = CARTESIAN_POINT ( 'NONE',  ( -0.1500000000000000777, -6.368163355566234902E-17, 0.4999999999999995559 ) ) ;
#1928 = DIRECTION ( 'NONE',  ( 1.000000000000000000, 0.000000000000000000, 0.000000000000000000 ) ) ;
#1929 = ORIENTED_EDGE ( 'NONE', *, *, #1804, .T. ) ;
#1930 = CARTESIAN_POINT ( 'NONE',  ( 0.1500000000000004108, 0.6300000000000000044, -1.084202172485507762E-16 ) ) ;
#1931 = ADVANCED_FACE ( 'NONE', ( #2334 ), #3284, .F. ) ;
#1932 = DIRECTION ( 'NONE',  ( 0.000000000000000000, 1.000000000000000000, -9.293161478447186723E-15 ) ) ;
#1933 = LINE ( 'NONE', #3749, #3596 ) ;
#1934 = AXIS2_PLACEMENT_3D ( 'NONE', #2992, #720, #1175 ) ;
#1935 = ORIENTED_EDGE ( 'NONE', *, *, #4278, .T. ) ;
#1936 = LINE ( 'NONE', #3751, #1647 ) ;
#1937 = ORIENTED_EDGE ( 'NONE', *, *, #4199, .T. ) ;
#1938 = MANIFOLD_SOLID_BREP ( 'Boss-Extrude5[1]', #3123 ) ;
#1939 = SURFACE_STYLE_FILL_AREA ( #3304 ) ;
#1940 = AXIS2_PLACEMENT_3D ( 'NONE', #4598, #3709, #522 ) ;
#1941 = EDGE_CURVE ( 'NONE', #966, #3691, #4115, .T. ) ;
#1942 = CARTESIAN_POINT ( 'NONE',  ( 1.325000000000000178, -1.084202172485504434E-16, -0.6499999999999999112 ) ) ;
#1943 = AXIS2_PLACEMENT_3D ( 'NONE', #1389, #4066, #4155 ) ;
#1944 = EDGE_LOOP ( 'NONE', ( #4512, #5734, #3509, #1095, #1261, #2294, #5016, #91 ) ) ;
#1945 = DIRECTION ( 'NONE',  ( 0.000000000000000000, 1.000000000000000000, 0.000000000000000000 ) ) ;
#1946 = CARTESIAN_POINT ( 'NONE',  ( -0.9500000000000000666, 0.03499999999999999639, -0.7649999999999991251 ) ) ;
#1947 = EDGE_CURVE ( 'NONE', #1416, #3581, #43, .T. ) ;
#1948 = AXIS2_PLACEMENT_3D ( 'NONE', #4856, #5361, #2650 ) ;
#1949 = AXIS2_PLACEMENT_3D ( 'NONE', #4631, #559, #2907 ) ;
#1950 = EDGE_LOOP ( 'NONE', ( #5590, #3759, #3573, #3316 ) ) ;
#1951 = ORIENTED_EDGE ( 'NONE', *, *, #4566, .T. ) ;
#1952 = ORIENTED_EDGE ( 'NONE', *, *, #4501, .F. ) ;
#1953 = ADVANCED_FACE ( 'NONE', ( #4052 ), #2275, .F. ) ;
#1954 = LINE ( 'NONE', #1447, #573 ) ;
#1955 = CARTESIAN_POINT ( 'NONE',  ( 1.450000000000000178, 0.03499999999999999639, -0.7649999999999991251 ) ) ;
#1956 = EDGE_CURVE ( 'NONE', #177, #2336, #5867, .T. ) ;
#1957 = CARTESIAN_POINT ( 'NONE',  ( -0.9499999999999998446, 0.03499999999999944128, -0.7649999999999989031 ) ) ;
#1958 = CARTESIAN_POINT ( 'NONE',  ( 2.602447006080619740, 0.6300000000000000044, -0.4249999999999995448 ) ) ;
#1959 = CARTESIAN_POINT ( 'NONE',  ( 1.565000000000000169, 0.6999999999999998446, 0.4766666666666662389 ) ) ;
#1960 = ORIENTED_EDGE ( 'NONE', *, *, #4451, .F. ) ;
#1961 = VECTOR ( 'NONE', #2200, 1000.000000000000000 ) ;
#1962 = CARTESIAN_POINT ( 'NONE',  ( 0.6500000000000000222, 0.6299999999999996714, -0.6499999999999995781 ) ) ;
#1963 = CARTESIAN_POINT ( 'NONE',  ( 0.9500000000000000666, 0.6650000000000000355, 0.7999999999999994893 ) ) ;
#1964 = CARTESIAN_POINT ( 'NONE',  ( 1.074999999999999956, -1.084202172485504434E-16, -0.6499999999999995781 ) ) ;
#1965 = DIRECTION ( 'NONE',  ( -1.000000000000000000, 0.000000000000000000, -0.000000000000000000 ) ) ;
#1966 = VERTEX_POINT ( 'NONE', #4735 ) ;
#1967 = CARTESIAN_POINT ( 'NONE',  ( -0.6499999999999996891, 0.6300000000000000044, -2.349104707051925616E-16 ) ) ;
#1968 = EDGE_LOOP ( 'NONE', ( #3411, #3280, #4400, #1861 ) ) ;
#1969 = EDGE_CURVE ( 'NONE', #1856, #4922, #4766, .T. ) ;
#1970 = CARTESIAN_POINT ( 'NONE',  ( 0.9500000000000000666, -6.368163355566234902E-17, -0.4999999999999995559 ) ) ;
#1971 = PLANE ( 'NONE',  #5587 ) ;
#1972 = ORIENTED_EDGE ( 'NONE', *, *, #3661, .F. ) ;
#1973 = EDGE_CURVE ( 'NONE', #2272, #4804, #1160, .T. ) ;
#1974 = CARTESIAN_POINT ( 'NONE',  ( 1.074999999999999956, -1.084202172485504434E-16, 0.6499999999999995781 ) ) ;
#1975 = CARTESIAN_POINT ( 'NONE',  ( -1.565000000000000169, 0.6999999999999999556, -0.4766666666666662389 ) ) ;
#1976 = ORIENTED_EDGE ( 'NONE', *, *, #3092, .T. ) ;
#1977 = VECTOR ( 'NONE', #1565, 1000.000000000000000 ) ;
#1978 = ORIENTED_EDGE ( 'NONE', *, *, #5546, .F. ) ;
#1979 = ORIENTED_EDGE ( 'NONE', *, *, #923, .T. ) ;
#1980 = LINE ( 'NONE', #4681, #1432 ) ;
#1981 = VECTOR ( 'NONE', #650, 1000.000000000000000 ) ;
#1982 = CARTESIAN_POINT ( 'NONE',  ( -0.1500000000000000777, 0.6299999999999998934, 0.7649999999999991251 ) ) ;
#1983 = DIRECTION ( 'NONE',  ( -1.000000000000000000, 0.000000000000000000, -8.673617379884044347E-16 ) ) ;
#1984 = VECTOR ( 'NONE', #4229, 1000.000000000000000 ) ;
#1985 = CARTESIAN_POINT ( 'NONE',  ( -0.9500000000000000666, -1.004210375300829378E-16, 0.7999999999999994893 ) ) ;
#1986 = VECTOR ( 'NONE', #3400, 1000.000000000000000 ) ;
#1987 = EDGE_CURVE ( 'NONE', #1620, #428, #2506, .T. ) ;
#1988 = EDGE_LOOP ( 'NONE', ( #5782, #4988, #945, #2635 ) ) ;
#1989 = DIRECTION ( 'NONE',  ( -0.000000000000000000, 1.000000000000000000, -0.000000000000000000 ) ) ;
#1990 = DIRECTION ( 'NONE',  ( 0.000000000000000000, 1.137275006103676976E-16, -1.000000000000000000 ) ) ;
#1991 = CARTESIAN_POINT ( 'NONE',  ( -1.325000000000000178, 0.03499999999999998251, -0.6499999999999995781 ) ) ;
#1992 = LINE ( 'NONE', #562, #2843 ) ;
#1993 = ORIENTED_EDGE ( 'NONE', *, *, #1488, .F. ) ;
#1994 = DIRECTION ( 'NONE',  ( 1.000000000000000000, 0.000000000000000000, 8.673617379884044347E-16 ) ) ;
#1995 = ORIENTED_EDGE ( 'NONE', *, *, #3144, .T. ) ;
#1996 = VERTEX_POINT ( 'NONE', #5629 ) ;
#1997 = LINE ( 'NONE', #4726, #2175 ) ;
#1998 = CARTESIAN_POINT ( 'NONE',  ( 0.6499999999999999112, 0.03499999999999999639, -2.349104707051925616E-16 ) ) ;
#1999 = ORIENTED_EDGE ( 'NONE', *, *, #4579, .T. ) ;
#2000 = ORIENTED_EDGE ( 'NONE', *, *, #5695, .T. ) ;
#2001 = CARTESIAN_POINT ( 'NONE',  ( 0.6500000000000000222, -1.004210375300829378E-16, -0.7999999999999994893 ) ) ;
#2002 = VECTOR ( 'NONE', #2151, 1000.000000000000000 ) ;
#2003 = FILL_AREA_STYLE ('',( #5568 ) ) ;
#2004 =( NAMED_UNIT ( * ) PLANE_ANGLE_UNIT ( ) SI_UNIT ( $, .RADIAN. ) );
#2005 = VERTEX_POINT ( 'NONE', #3393 ) ;
#2006 = ORIENTED_EDGE ( 'NONE', *, *, #4586, .T. ) ;
#2007 = PLANE ( 'NONE',  #2082 ) ;
#2008 = DIRECTION ( 'NONE',  ( 0.000000000000000000, -1.000000000000000000, 0.000000000000000000 ) ) ;
#2009 = LINE ( 'NONE', #2453, #80 ) ;
#2010 = LINE ( 'NONE', #1084, #597 ) ;
#2011 = VECTOR ( 'NONE', #3495, 1000.000000000000000 ) ;
#2012 = ADVANCED_FACE ( 'NONE', ( #4202 ), #5599, .F. ) ;
#2013 = DIRECTION ( 'NONE',  ( -7.228014483236698528E-16, 0.000000000000000000, -1.000000000000000000 ) ) ;
#2014 = DIRECTION ( 'NONE',  ( -1.000000000000000000, -0.000000000000000000, 0.000000000000000000 ) ) ;
#2015 = MANIFOLD_SOLID_BREP ( 'Cut-Extrude3', #464 ) ;
#2016 = ORIENTED_EDGE ( 'NONE', *, *, #4600, .T. ) ;
#2017 = DIRECTION ( 'NONE',  ( -0.000000000000000000, -1.000000000000000000, -0.000000000000000000 ) ) ;
#2018 = CARTESIAN_POINT ( 'NONE',  ( -1.074999999999999956, -1.084202172485504434E-16, -0.6499999999999995781 ) ) ;
#2019 = EDGE_CURVE ( 'NONE', #4576, #2263, #3820, .T. ) ;
#2020 = LINE ( 'NONE', #3299, #3237 ) ;
#2021 = FACE_OUTER_BOUND ( 'NONE', #2423, .T. ) ;
#2022 = LINE ( 'NONE', #591, #986 ) ;
#2023 = ORIENTED_EDGE ( 'NONE', *, *, #130, .T. ) ;
#2024 = ORIENTED_EDGE ( 'NONE', *, *, #4854, .F. ) ;
#2025 = MANIFOLD_SOLID_BREP ( 'Cut-Extrude2[3]', #274 ) ;
#2026 = EDGE_CURVE ( 'NONE', #1537, #3489, #3872, .T. ) ;
#2027 = DIRECTION ( 'NONE',  ( -1.000000000000000000, 0.000000000000000000, 1.016439536705160160E-16 ) ) ;
#2028 = EDGE_CURVE ( 'NONE', #1382, #3359, #128, .T. ) ;
#2029 = CARTESIAN_POINT ( 'NONE',  ( 0.6500000000000000222, 0.6299999999999996714, 0.4999999999999995559 ) ) ;
#2030 = VERTEX_POINT ( 'NONE', #3422 ) ;
#2031 = AXIS2_PLACEMENT_3D ( 'NONE', #3534, #5352, #823 ) ;
#2032 = DIRECTION ( 'NONE',  ( -1.000000000000000000, -0.000000000000000000, -0.000000000000000000 ) ) ;
#2033 = CARTESIAN_POINT ( 'NONE',  ( -0.1500000000000000777, 0.6299999999999996714, -0.6499999999999995781 ) ) ;
#2034 = VECTOR ( 'NONE', #2488, 1000.000000000000000 ) ;
#2035 = ORIENTED_EDGE ( 'NONE', *, *, #3092, .F. ) ;
#2036 = ORIENTED_EDGE ( 'NONE', *, *, #5865, .T. ) ;
#2037 = EDGE_CURVE ( 'NONE', #1819, #4255, #3989, .T. ) ;
#2038 = CARTESIAN_POINT ( 'NONE',  ( 0.9500000000000000666, 0.000000000000000000, 0.000000000000000000 ) ) ;
#2039 = LINE ( 'NONE', #658, #954 ) ;
#2040 = AXIS2_PLACEMENT_3D ( 'NONE', #4184, #3262, #4151 ) ;
#2041 = DIRECTION ( 'NONE',  ( -0.000000000000000000, 1.000000000000000000, 1.224646799147353454E-16 ) ) ;
#2042 = LINE ( 'NONE', #5668, #4688 ) ;
#2043 = DIRECTION ( 'NONE',  ( -0.000000000000000000, 1.000000000000000000, -0.000000000000000000 ) ) ;
#2044 = ORIENTED_EDGE ( 'NONE', *, *, #1956, .F. ) ;
#2045 = EDGE_CURVE ( 'NONE', #5802, #3876, #1250, .T. ) ;
#2046 = ADVANCED_FACE ( 'NONE', ( #1280 ), #1723, .F. ) ;
#2047 = DIRECTION ( 'NONE',  ( 0.000000000000000000, 1.000000000000000000, 0.000000000000000000 ) ) ;
#2048 = LINE ( 'NONE', #3021, #4778 ) ;
#2049 = VERTEX_POINT ( 'NONE', #3570 ) ;
#2050 = DIRECTION ( 'NONE',  ( 0.000000000000000000, 0.000000000000000000, 1.000000000000000000 ) ) ;
#2051 = DIRECTION ( 'NONE',  ( -8.673617379884059138E-16, 0.000000000000000000, -1.000000000000000000 ) ) ;
#2052 = ORIENTED_EDGE ( 'NONE', *, *, #415, .F. ) ;
#2053 = EDGE_CURVE ( 'NONE', #428, #5260, #5356, .T. ) ;
#2054 = VERTEX_POINT ( 'NONE', #5269 ) ;
#2055 = FACE_OUTER_BOUND ( 'NONE', #1885, .T. ) ;
#2056 = DIRECTION ( 'NONE',  ( 0.000000000000000000, -1.000000000000000000, 0.000000000000000000 ) ) ;
#2057 = ADVANCED_FACE ( 'NONE', ( #271 ), #3507, .F. ) ;
#2058 = ORIENTED_EDGE ( 'NONE', *, *, #613, .F. ) ;
#2059 = EDGE_CURVE ( 'NONE', #5412, #547, #4455, .T. ) ;
#2060 = EDGE_CURVE ( 'NONE', #340, #965, #3902, .T. ) ;
#2061 = CARTESIAN_POINT ( 'NONE',  ( 0.000000000000000000, 0.6300000000000000044, 0.4999999999999996669 ) ) ;
#2062 = DIRECTION ( 'NONE',  ( 0.000000000000000000, 1.178480622266858380E-16, 1.000000000000000000 ) ) ;
#2063 = VERTEX_POINT ( 'NONE', #389 ) ;
#2064 = ORIENTED_EDGE ( 'NONE', *, *, #3248, .T. ) ;
#2065 = DIRECTION ( 'NONE',  ( 0.000000000000000000, 1.000000000000000000, 0.000000000000000000 ) ) ;
#2066 = CARTESIAN_POINT ( 'NONE',  ( 0.9500000000000000666, 0.000000000000000000, -0.6499999999999995781 ) ) ;
#2067 = CARTESIAN_POINT ( 'NONE',  ( 1.325000000000000178, -1.084202172485504434E-16, -0.6499999999999999112 ) ) ;
#2068 = VECTOR ( 'NONE', #3605, 1000.000000000000000 ) ;
#2069 = PLANE ( 'NONE',  #299 ) ;
#2070 = VERTEX_POINT ( 'NONE', #1190 ) ;
#2071 = VECTOR ( 'NONE', #96, 1000.000000000000000 ) ;
#2072 = LINE ( 'NONE', #5671, #4912 ) ;
#2073 = LINE ( 'NONE', #2542, #4315 ) ;
#2074 = ORIENTED_EDGE ( 'NONE', *, *, #4854, .T. ) ;
#2075 = AXIS2_PLACEMENT_3D ( 'NONE', #5073, #2307, #3674 ) ;
#2076 = VECTOR ( 'NONE', #2678, 1000.000000000000000 ) ;
#2077 = CARTESIAN_POINT ( 'NONE',  ( 1.600000000000000311, 0.6299999999999998934, 0.7649999999999991251 ) ) ;
#2078 = VECTOR ( 'NONE', #1209, 1000.000000000000000 ) ;
#2079 = LINE ( 'NONE', #1270, #4498 ) ;
#2080 = ORIENTED_EDGE ( 'NONE', *, *, #1612, .F. ) ;
#2081 = ORIENTED_EDGE ( 'NONE', *, *, #688, .T. ) ;
#2082 = AXIS2_PLACEMENT_3D ( 'NONE', #5719, #2818, #1584 ) ;
#2083 = VECTOR ( 'NONE', #2, 1000.000000000000000 ) ;
#2084 = PLANE ( 'NONE',  #4545 ) ;
#2085 = DIRECTION ( 'NONE',  ( -1.000000000000000000, 0.000000000000000000, -0.000000000000000000 ) ) ;
#2086 = ORIENTED_EDGE ( 'NONE', *, *, #1752, .T. ) ;
#2087 = DIRECTION ( 'NONE',  ( 0.000000000000000000, 0.000000000000000000, 1.000000000000000000 ) ) ;
#2088 = DIRECTION ( 'NONE',  ( 1.000000000000000000, 0.000000000000000000, -0.000000000000000000 ) ) ;
#2089 = EDGE_CURVE ( 'NONE', #1080, #269, #1635, .T. ) ;
#2090 = VERTEX_POINT ( 'NONE', #3450 ) ;
#2091 = VECTOR ( 'NONE', #3576, 1000.000000000000000 ) ;
#2092 = EDGE_LOOP ( 'NONE', ( #2719, #3528, #5530, #5076, #4749, #4374, #2911, #4078 ) ) ;
#2093 = CARTESIAN_POINT ( 'NONE',  ( -0.9500000000000000666, 0.6650000000000000355, 0.7999999999999994893 ) ) ;
#2094 = FACE_OUTER_BOUND ( 'NONE', #5285, .T. ) ;
#2095 = DIRECTION ( 'NONE',  ( -1.000000000000000000, -0.000000000000000000, -0.000000000000000000 ) ) ;
#2096 = ADVANCED_FACE ( 'NONE', ( #792 ), #2208, .F. ) ;
#2097 = VECTOR ( 'NONE', #4588, 1000.000000000000000 ) ;
#2098 = CARTESIAN_POINT ( 'NONE',  ( 0.6500000000000000222, 0.03499999999999999639, -0.4999999999999994449 ) ) ;
#2099 = ORIENTED_EDGE ( 'NONE', *, *, #2240, .T. ) ;
#2100 = ORIENTED_EDGE ( 'NONE', *, *, #4094, .T. ) ;
#2101 = VECTOR ( 'NONE', #1150, 1000.000000000000000 ) ;
#2102 = CARTESIAN_POINT ( 'NONE',  ( 0.6500000000000000222, -1.004210375300829378E-16, 0.7999999999999994893 ) ) ;
#2103 = DIRECTION ( 'NONE',  ( 1.668003342285392783E-16, -0.000000000000000000, 1.000000000000000000 ) ) ;
#2104 = FACE_OUTER_BOUND ( 'NONE', #920, .T. ) ;
#2105 = AXIS2_PLACEMENT_3D ( 'NONE', #2159, #4783, #5730 ) ;
#2106 = FACE_OUTER_BOUND ( 'NONE', #1062, .T. ) ;
#2107 = ORIENTED_EDGE ( 'NONE', *, *, #2472, .F. ) ;
#2108 = VERTEX_POINT ( 'NONE', #4908 ) ;
#2109 = ADVANCED_FACE ( 'NONE', ( #354 ), #5714, .F. ) ;
#2110 = CARTESIAN_POINT ( 'NONE',  ( 1.600000000000000311, 0.6650000000000000355, 0.6499999999999993561 ) ) ;
#2111 = LINE ( 'NONE', #4941, #2931 ) ;
#2112 = LINE ( 'NONE', #5767, #1366 ) ;
#2113 = ORIENTED_EDGE ( 'NONE', *, *, #3529, .F. ) ;
#2114 = CARTESIAN_POINT ( 'NONE',  ( -0.9500000000000000666, 0.6299999999999996714, -0.4999999999999995559 ) ) ;
#2115 = LINE ( 'NONE', #1755, #1340 ) ;
#2116 = EDGE_CURVE ( 'NONE', #2178, #2817, #4819, .T. ) ;
#2117 = CARTESIAN_POINT ( 'NONE',  ( -1.324999999999999956, 0.6299999999999994493, 0.6499999999999995781 ) ) ;
#2118 = AXIS2_PLACEMENT_3D ( 'NONE', #5379, #1873, #1299 ) ;
#2119 = EDGE_LOOP ( 'NONE', ( #2280, #5439, #29, #2358 ) ) ;
#2120 = ORIENTED_EDGE ( 'NONE', *, *, #5037, .T. ) ;
#2121 = EDGE_CURVE ( 'NONE', #5341, #497, #2115, .T. ) ;
#2122 = DIRECTION ( 'NONE',  ( 0.000000000000000000, 1.178480622266859613E-16, -1.000000000000000000 ) ) ;
#2123 = FACE_OUTER_BOUND ( 'NONE', #2480, .T. ) ;
#2124 = DIRECTION ( 'NONE',  ( 0.000000000000000000, 0.000000000000000000, -1.000000000000000000 ) ) ;
#2125 = VECTOR ( 'NONE', #1428, 1000.000000000000000 ) ;
#2126 = CARTESIAN_POINT ( 'NONE',  ( -0.5250000000000000222, -1.084202172485504434E-16, -0.6499999999999995781 ) ) ;
#2127 = ORIENTED_EDGE ( 'NONE', *, *, #3692, .T. ) ;
#2128 = ADVANCED_FACE ( 'NONE', ( #4796 ), #707, .F. ) ;
#2129 = VECTOR ( 'NONE', #4898, 1000.000000000000000 ) ;
#2130 = ORIENTED_EDGE ( 'NONE', *, *, #5109, .F. ) ;
#2131 = EDGE_CURVE ( 'NONE', #2826, #4180, #1661, .T. ) ;
#2132 = CARTESIAN_POINT ( 'NONE',  ( 1.074999999999999956, -1.084202172485504434E-16, 0.6499999999999995781 ) ) ;
#2133 = CARTESIAN_POINT ( 'NONE',  ( -0.9499999999999998446, 4.176956441796261466, 0.7649999999999989031 ) ) ;
#2134 = DIRECTION ( 'NONE',  ( -0.000000000000000000, 1.000000000000000000, -0.000000000000000000 ) ) ;
#2135 = CARTESIAN_POINT ( 'NONE',  ( 2.602447006080619740, 0.6650000000000001465, -0.4249999999999996003 ) ) ;
#2136 = LINE ( 'NONE', #5760, #5547 ) ;
#2137 = ORIENTED_EDGE ( 'NONE', *, *, #1646, .T. ) ;
#2138 = ORIENTED_EDGE ( 'NONE', *, *, #2304, .T. ) ;
#2139 = DIRECTION ( 'NONE',  ( 0.000000000000000000, 0.000000000000000000, -1.000000000000000000 ) ) ;
#2140 = LINE ( 'NONE', #1688, #2076 ) ;
#2141 = LINE ( 'NONE', #4365, #4591 ) ;
#2142 = ORIENTED_EDGE ( 'NONE', *, *, #2537, .F. ) ;
#2143 = DIRECTION ( 'NONE',  ( 0.000000000000000000, 0.000000000000000000, 1.000000000000000000 ) ) ;
#2144 = CARTESIAN_POINT ( 'NONE',  ( -1.325000000000000178, 0.6650000000000000355, -0.7999999999999993783 ) ) ;
#2145 = FACE_OUTER_BOUND ( 'NONE', #5309, .T. ) ;
#2146 = EDGE_LOOP ( 'NONE', ( #4882, #4661, #4725, #3134, #4826, #4959, #4433, #152 ) ) ;
#2147 = EDGE_CURVE ( 'NONE', #3067, #1638, #1220, .T. ) ;
#2148 = AXIS2_PLACEMENT_3D ( 'NONE', #1194, #3548, #1283 ) ;
#2149 = VERTEX_POINT ( 'NONE', #1695 ) ;
#2150 = DIRECTION ( 'NONE',  ( 0.000000000000000000, 0.000000000000000000, -1.000000000000000000 ) ) ;
#2151 = DIRECTION ( 'NONE',  ( -0.000000000000000000, -1.000000000000000000, 0.000000000000000000 ) ) ;
#2152 = DIRECTION ( 'NONE',  ( 3.614007241618349264E-16, 0.000000000000000000, -1.000000000000000000 ) ) ;
#2153 = DIRECTION ( 'NONE',  ( -1.000000000000000000, 0.000000000000000000, 0.000000000000000000 ) ) ;
#2154 = ORIENTED_EDGE ( 'NONE', *, *, #1399, .T. ) ;
#2155 = VERTEX_POINT ( 'NONE', #2584 ) ;
#2156 = LINE ( 'NONE', #4962, #5497 ) ;
#2157 = LINE ( 'NONE', #4032, #2730 ) ;
#2158 = DIRECTION ( 'NONE',  ( -1.000000000000000000, -0.000000000000000000, 0.000000000000000000 ) ) ;
#2159 = CARTESIAN_POINT ( 'NONE',  ( -0.1500000000000000777, -1.004210375300829378E-16, -0.7999999999999994893 ) ) ;
#2160 = EDGE_CURVE ( 'NONE', #214, #5341, #5330, .T. ) ;
#2161 = VECTOR ( 'NONE', #1324, 1000.000000000000000 ) ;
#2162 = PLANE ( 'NONE',  #690 ) ;
#2163 = PRESENTATION_LAYER_ASSIGNMENT (  '', '', ( #5207 ) ) ;
#2164 = EDGE_LOOP ( 'NONE', ( #903, #4757, #45, #3628 ) ) ;
#2165 = ORIENTED_EDGE ( 'NONE', *, *, #4485, .T. ) ;
#2166 = DIRECTION ( 'NONE',  ( -7.228014483236698528E-16, 0.000000000000000000, -1.000000000000000000 ) ) ;
#2167 = AXIS2_PLACEMENT_3D ( 'NONE', #1955, #1836, #1000 ) ;
#2168 = VECTOR ( 'NONE', #2614, 1000.000000000000000 ) ;
#2169 = DIRECTION ( 'NONE',  ( -1.000000000000000000, -0.000000000000000000, -0.000000000000000000 ) ) ;
#2170 = EDGE_CURVE ( 'NONE', #2149, #2963, #1401, .T. ) ;
#2171 = LINE ( 'NONE', #413, #3358 ) ;
#2172 = UNCERTAINTY_MEASURE_WITH_UNIT (LENGTH_MEASURE( 1.000000000000000082E-05 ), #791, 'distance_accuracy_value', 'NONE');
#2173 = VECTOR ( 'NONE', #2654, 1000.000000000000000 ) ;
#2174 = ORIENTED_EDGE ( 'NONE', *, *, #86, .F. ) ;
#2175 = VECTOR ( 'NONE', #2470, 1000.000000000000000 ) ;
#2176 = CARTESIAN_POINT ( 'NONE',  ( -0.1500000000000000777, 0.03499999999999999639, -0.4999999999999995559 ) ) ;
#2177 = DIRECTION ( 'NONE',  ( 0.000000000000000000, -1.000000000000000000, 0.000000000000000000 ) ) ;
#2178 = VERTEX_POINT ( 'NONE', #2267 ) ;
#2179 = ORIENTED_EDGE ( 'NONE', *, *, #1546, .T. ) ;
#2180 = CARTESIAN_POINT ( 'NONE',  ( 1.450000000000000178, 0.6299999999999998934, 0.7649999999999991251 ) ) ;
#2181 = DIRECTION ( 'NONE',  ( -1.000000000000000000, 0.000000000000000000, 0.000000000000000000 ) ) ;
#2182 = EDGE_CURVE ( 'NONE', #4937, #2622, #2431, .T. ) ;
#2183 = CARTESIAN_POINT ( 'NONE',  ( 0.2749999999999999667, -1.084202172485504434E-16, 0.6499999999999995781 ) ) ;
#2184 = AXIS2_PLACEMENT_3D ( 'NONE', #4040, #4971, #3631 ) ;
#2185 = ORIENTED_EDGE ( 'NONE', *, *, #2593, .F. ) ;
#2186 = PLANE ( 'NONE',  #1826 ) ;
#2187 = EDGE_LOOP ( 'NONE', ( #1384, #5657, #1832, #4262 ) ) ;
#2188 = EDGE_LOOP ( 'NONE', ( #4948, #1576, #2744, #4609 ) ) ;
#2189 = CARTESIAN_POINT ( 'NONE',  ( -0.1499999999999999667, 0.03499999999999999639, 0.4999999999999996669 ) ) ;
#2190 = CARTESIAN_POINT ( 'NONE',  ( -0.6500000000000001332, 0.6650000000000000355, -0.7999999999999994893 ) ) ;
#2191 = PLANE ( 'NONE',  #5069 ) ;
#2192 = PRODUCT ( 'Resistor_Array_YC_AF_xxx_YC164-FR-07180KL', 'Resistor_Array_YC_AF_xxx_YC164-FR-07180KL', '', ( #1759 ) ) ;
#2193 = VECTOR ( 'NONE', #5517, 1000.000000000000000 ) ;
#2194 = DIRECTION ( 'NONE',  ( 1.000000000000000000, -0.000000000000000000, -0.000000000000000000 ) ) ;
#2195 = DIRECTION ( 'NONE',  ( 0.000000000000000000, 0.000000000000000000, -1.000000000000000000 ) ) ;
#2196 = AXIS2_PLACEMENT_3D ( 'NONE', #5099, #4087, #4649 ) ;
#2197 = VERTEX_POINT ( 'NONE', #953 ) ;
#2198 = ORIENTED_EDGE ( 'NONE', *, *, #595, .F. ) ;
#2199 = LINE ( 'NONE', #470, #2586 ) ;
#2200 = DIRECTION ( 'NONE',  ( -1.000000000000000000, -0.000000000000000000, -0.000000000000000000 ) ) ;
#2201 = VECTOR ( 'NONE', #1388, 1000.000000000000000 ) ;
#2202 = PLANE ( 'NONE',  #5025 ) ;
#2203 = DIRECTION ( 'NONE',  ( 0.000000000000000000, 0.000000000000000000, -1.000000000000000000 ) ) ;
#2204 = VERTEX_POINT ( 'NONE', #4690 ) ;
#2205 = EDGE_CURVE ( 'NONE', #502, #4701, #477, .T. ) ;
#2206 = ADVANCED_FACE ( 'NONE', ( #5144 ), #2329, .F. ) ;
#2207 = PLANE ( 'NONE',  #169 ) ;
#2208 = PLANE ( 'NONE',  #858 ) ;
#2209 = DIRECTION ( 'NONE',  ( -1.000000000000000000, -0.000000000000000000, 0.000000000000000000 ) ) ;
#2210 = EDGE_LOOP ( 'NONE', ( #215, #1193, #5004, #901, #2296, #3903, #2758, #2651 ) ) ;
#2211 = CARTESIAN_POINT ( 'NONE',  ( 0.000000000000000000, 0.000000000000000000, 0.000000000000000000 ) ) ;
#2212 = VERTEX_POINT ( 'NONE', #3157 ) ;
#2213 = DIRECTION ( 'NONE',  ( 0.000000000000000000, -1.000000000000000000, 0.000000000000000000 ) ) ;
#2214 = CARTESIAN_POINT ( 'NONE',  ( -0.5250000000000000222, -1.084202172485504434E-16, 0.6499999999999995781 ) ) ;
#2215 = CARTESIAN_POINT ( 'NONE',  ( -0.6500000000000001332, 0.6299999999999996714, -0.4249999999999996003 ) ) ;
#2216 = ORIENTED_EDGE ( 'NONE', *, *, #2448, .F. ) ;
#2217 = CIRCLE ( 'NONE', #4029, 0.02333333333333321297 ) ;
#2218 = ORIENTED_EDGE ( 'NONE', *, *, #1941, .F. ) ;
#2219 = ADVANCED_FACE ( 'NONE', ( #5477 ), #4216, .F. ) ;
#2220 = ORIENTED_EDGE ( 'NONE', *, *, #3084, .F. ) ;
#2221 = LINE ( 'NONE', #5405, #4737 ) ;
#2222 = FACE_OUTER_BOUND ( 'NONE', #4653, .T. ) ;
#2223 = CARTESIAN_POINT ( 'NONE',  ( 1.565000000000000169, 0.6766666666666666385, 0.4766666666666662389 ) ) ;
#2224 = LINE ( 'NONE', #5521, #3818 ) ;
#2225 = VECTOR ( 'NONE', #3177, 1000.000000000000000 ) ;
#2226 = DIRECTION ( 'NONE',  ( 0.000000000000000000, 0.000000000000000000, 1.000000000000000000 ) ) ;
#2227 = ORIENTED_EDGE ( 'NONE', *, *, #3447, .F. ) ;
#2228 = EDGE_CURVE ( 'NONE', #2332, #2272, #4244, .T. ) ;
#2229 = EDGE_CURVE ( 'NONE', #2197, #3547, #143, .T. ) ;
#2230 = ORIENTED_EDGE ( 'NONE', *, *, #717, .T. ) ;
#2231 = PLANE ( 'NONE',  #4873 ) ;
#2232 = DIRECTION ( 'NONE',  ( 1.000000000000000000, 0.000000000000000000, -1.668003342285392783E-16 ) ) ;
#2233 = VECTOR ( 'NONE', #255, 1000.000000000000000 ) ;
#2234 = DIRECTION ( 'NONE',  ( -0.000000000000000000, 1.000000000000000000, -0.000000000000000000 ) ) ;
#2235 = CARTESIAN_POINT ( 'NONE',  ( 0.2749999999999999667, 0.03499999999999999639, -0.4999999999999995559 ) ) ;
#2236 = ORIENTED_EDGE ( 'NONE', *, *, #5400, .F. ) ;
#2237 = LINE ( 'NONE', #5679, #724 ) ;
#2238 = DIRECTION ( 'NONE',  ( 0.000000000000000000, 0.000000000000000000, -1.000000000000000000 ) ) ;
#2239 = EDGE_CURVE ( 'NONE', #5545, #5135, #170, .T. ) ;
#2240 = EDGE_CURVE ( 'NONE', #5149, #66, #2682, .T. ) ;
#2241 = EDGE_CURVE ( 'NONE', #5626, #3257, #2880, .T. ) ;
#2242 = ORIENTED_EDGE ( 'NONE', *, *, #4697, .T. ) ;
#2243 = APPLICATION_PROTOCOL_DEFINITION ( 'draft international standard', 'automotive_design', 1998, #4351 ) ;
#2244 = ORIENTED_EDGE ( 'NONE', *, *, #5475, .T. ) ;
#2245 = CARTESIAN_POINT ( 'NONE',  ( 1.074999999999999956, 0.6650000000000000355, -0.4249999999999996003 ) ) ;
#2246 = LINE ( 'NONE', #2715, #5708 ) ;
#2247 = DIRECTION ( 'NONE',  ( 0.000000000000000000, 1.445602896647341875E-15, -1.000000000000000000 ) ) ;
#2248 = EDGE_LOOP ( 'NONE', ( #4708, #5397, #483, #3733, #122, #3737, #1746, #1794 ) ) ;
#2249 = ORIENTED_EDGE ( 'NONE', *, *, #4239, .F. ) ;
#2250 = EDGE_LOOP ( 'NONE', ( #3027, #5444, #1134, #824 ) ) ;
#2251 = DIRECTION ( 'NONE',  ( 0.000000000000000000, -1.000000000000000000, -9.293161478447186723E-15 ) ) ;
#2252 = DIRECTION ( 'NONE',  ( -0.000000000000000000, 1.000000000000000000, -0.000000000000000000 ) ) ;
#2253 = CARTESIAN_POINT ( 'NONE',  ( 0.9500000000000001776, 0.6300000000000000044, 0.4999999999999996669 ) ) ;
#2254 = CARTESIAN_POINT ( 'NONE',  ( 1.325000000000000178, 0.6649999999999998135, -0.6499999999999999112 ) ) ;
#2255 = DIRECTION ( 'NONE',  ( -0.000000000000000000, 1.000000000000000000, -0.000000000000000000 ) ) ;
#2256 = VERTEX_POINT ( 'NONE', #4489 ) ;
#2257 = EDGE_LOOP ( 'NONE', ( #1517, #2924, #4356, #957 ) ) ;
#2258 = CARTESIAN_POINT ( 'NONE',  ( 0.1499999999999999667, 0.6299999999999996714, 0.4249999999999996003 ) ) ;
#2259 = CARTESIAN_POINT ( 'NONE',  ( 1.325000000000000400, 0.6299999999999996714, 0.4249999999999996003 ) ) ;
#2260 = VECTOR ( 'NONE', #5295, 1000.000000000000000 ) ;
#2261 = LINE ( 'NONE', #4075, #2083 ) ;
#2262 = CARTESIAN_POINT ( 'NONE',  ( -1.565000000000000169, 0.6300000000000000044, -0.4249999999999995448 ) ) ;
#2263 = VERTEX_POINT ( 'NONE', #5859 ) ;
#2264 = AXIS2_PLACEMENT_3D ( 'NONE', #5080, #3739, #5489 ) ;
#2265 = VECTOR ( 'NONE', #594, 1000.000000000000000 ) ;
#2266 = FACE_OUTER_BOUND ( 'NONE', #1391, .T. ) ;
#2267 = CARTESIAN_POINT ( 'NONE',  ( -1.074999999999999956, 0.6299999999999996714, -0.4249999999999996003 ) ) ;
#2268 = VECTOR ( 'NONE', #2274, 1000.000000000000000 ) ;
#2269 = VECTOR ( 'NONE', #5433, 1000.000000000000000 ) ;
#2270 = ORIENTED_EDGE ( 'NONE', *, *, #1883, .T. ) ;
#2271 = DIRECTION ( 'NONE',  ( 0.000000000000000000, 0.000000000000000000, 1.000000000000000000 ) ) ;
#2272 = VERTEX_POINT ( 'NONE', #3802 ) ;
#2273 = ADVANCED_FACE ( 'NONE', ( #5614 ), #2300, .F. ) ;
#2274 = DIRECTION ( 'NONE',  ( -1.000000000000000000, -0.000000000000000000, -0.000000000000000000 ) ) ;
#2275 = PLANE ( 'NONE',  #2196 ) ;
#2276 = VECTOR ( 'NONE', #2532, 1000.000000000000000 ) ;
#2277 = DIRECTION ( 'NONE',  ( -1.000000000000000000, -0.000000000000000000, -0.000000000000000000 ) ) ;
#2278 = EDGE_CURVE ( 'NONE', #2777, #5513, #859, .T. ) ;
#2279 = VERTEX_POINT ( 'NONE', #5420 ) ;
#2280 = ORIENTED_EDGE ( 'NONE', *, *, #1137, .F. ) ;
#2281 = ORIENTED_EDGE ( 'NONE', *, *, #5706, .F. ) ;
#2282 = LINE ( 'NONE', #3231, #1813 ) ;
#2283 = DIRECTION ( 'NONE',  ( -1.000000000000000000, 0.000000000000000000, 0.000000000000000000 ) ) ;
#2284 = PLANE ( 'NONE',  #4684 ) ;
#2285 = CARTESIAN_POINT ( 'NONE',  ( -0.6500000000000001332, -6.368163355566234902E-17, -0.4999999999999995559 ) ) ;
#2286 = DIRECTION ( 'NONE',  ( 0.000000000000000000, 0.000000000000000000, -1.000000000000000000 ) ) ;
#2287 = ORIENTED_EDGE ( 'NONE', *, *, #2412, .T. ) ;
#2288 = ORIENTED_EDGE ( 'NONE', *, *, #3661, .T. ) ;
#2289 = VECTOR ( 'NONE', #3384, 1000.000000000000000 ) ;
#2290 = DIRECTION ( 'NONE',  ( 0.000000000000000000, 0.000000000000000000, -1.000000000000000000 ) ) ;
#2291 = CARTESIAN_POINT ( 'NONE',  ( -1.600000000000000311, 0.6650000000000000355, -0.7999999999999994893 ) ) ;
#2292 = PLANE ( 'NONE',  #5305 ) ;
#2293 = COLOUR_RGB ( '',0.7921568627450980005, 0.8196078431372548767, 0.9333333333333333481 ) ;
#2294 = ORIENTED_EDGE ( 'NONE', *, *, #1848, .T. ) ;
#2295 = LINE ( 'NONE', #3186, #2414 ) ;
#2296 = ORIENTED_EDGE ( 'NONE', *, *, #1241, .F. ) ;
#2297 = EDGE_CURVE ( 'NONE', #1600, #2030, #1341, .T. ) ;
#2298 = FILL_AREA_STYLE_COLOUR ( '', #4535 ) ;
#2299 = VECTOR ( 'NONE', #4247, 1000.000000000000000 ) ;
#2300 = PLANE ( 'NONE',  #4342 ) ;
#2301 = CARTESIAN_POINT ( 'NONE',  ( -1.074999999999999956, 0.6650000000000000355, -0.4249999999999996003 ) ) ;
#2302 = ORIENTED_EDGE ( 'NONE', *, *, #1479, .F. ) ;
#2303 = EDGE_LOOP ( 'NONE', ( #4136, #1231, #2966, #4732 ) ) ;
#2304 = EDGE_CURVE ( 'NONE', #5723, #3130, #444, .T. ) ;
#2305 = EDGE_CURVE ( 'NONE', #3876, #4615, #1824, .T. ) ;
#2306 = LINE ( 'NONE', #4734, #176 ) ;
#2307 = DIRECTION ( 'NONE',  ( -0.000000000000000000, 0.000000000000000000, -1.000000000000000000 ) ) ;
#2308 = VERTEX_POINT ( 'NONE', #2739 ) ;
#2309 = ORIENTED_EDGE ( 'NONE', *, *, #3843, .F. ) ;
#2310 = EDGE_CURVE ( 'NONE', #5711, #3873, #4551, .T. ) ;
#2311 = EDGE_LOOP ( 'NONE', ( #830, #4353, #590, #4989, #3520, #2871, #421, #726 ) ) ;
#2312 = DIRECTION ( 'NONE',  ( -1.000000000000000000, 0.000000000000000000, 0.000000000000000000 ) ) ;
#2313 = PLANE ( 'NONE',  #2167 ) ;
#2314 = DIRECTION ( 'NONE',  ( -1.000000000000000000, 0.000000000000000000, 1.016439536705160160E-16 ) ) ;
#2315 = CARTESIAN_POINT ( 'NONE',  ( 1.074999999999999956, -1.084202172485504434E-16, 0.6499999999999995781 ) ) ;
#2316 = ADVANCED_FACE ( 'NONE', ( #205 ), #638, .F. ) ;
#2317 = PLANE ( 'NONE',  #2980 ) ;
#2318 = ADVANCED_FACE ( 'NONE', ( #3437 ), #692, .F. ) ;
#2319 = VECTOR ( 'NONE', #980, 1000.000000000000000 ) ;
#2320 = ORIENTED_EDGE ( 'NONE', *, *, #1003, .F. ) ;
#2321 = PLANE ( 'NONE',  #1170 ) ;
#2322 = CARTESIAN_POINT ( 'NONE',  ( 1.325000000000000400, -1.084202172485504434E-16, 0.6499999999999992450 ) ) ;
#2323 = VECTOR ( 'NONE', #1773, 1000.000000000000000 ) ;
#2324 = CARTESIAN_POINT ( 'NONE',  ( 1.450000000000000178, 0.03499999999999999639, 0.6499999999999993561 ) ) ;
#2325 = EDGE_LOOP ( 'NONE', ( #1923, #3398, #313, #699 ) ) ;
#2326 = DIRECTION ( 'NONE',  ( 0.000000000000000000, 0.000000000000000000, -1.000000000000000000 ) ) ;
#2327 = VERTEX_POINT ( 'NONE', #2571 ) ;
#2328 = LINE ( 'NONE', #5533, #78 ) ;
#2329 = PLANE ( 'NONE',  #4628 ) ;
#2330 = DIRECTION ( 'NONE',  ( -0.000000000000000000, 1.000000000000000000, -0.000000000000000000 ) ) ;
#2331 = VERTEX_POINT ( 'NONE', #719 ) ;
#2332 = VERTEX_POINT ( 'NONE', #3915 ) ;
#2333 = CARTESIAN_POINT ( 'NONE',  ( -1.565000000000000169, 0.6766666666666666385, 0.4766666666666662389 ) ) ;
#2334 = FACE_OUTER_BOUND ( 'NONE', #4651, .T. ) ;
#2335 = DIRECTION ( 'NONE',  ( 0.000000000000000000, 0.000000000000000000, -1.000000000000000000 ) ) ;
#2336 = VERTEX_POINT ( 'NONE', #3858 ) ;
#2337 = ORIENTED_EDGE ( 'NONE', *, *, #4585, .F. ) ;
#2338 = ORIENTED_EDGE ( 'NONE', *, *, #201, .F. ) ;
#2339 = LINE ( 'NONE', #5079, #2664 ) ;
#2340 = CARTESIAN_POINT ( 'NONE',  ( 1.074999999999999956, -1.084202172485504434E-16, 0.6499999999999995781 ) ) ;
#2341 = LINE ( 'NONE', #77, #601 ) ;
#2342 = LINE ( 'NONE', #79, #5429 ) ;
#2343 = CARTESIAN_POINT ( 'NONE',  ( 0.2749999999999999667, -1.084202172485504434E-16, 0.6499999999999995781 ) ) ;
#2344 = ORIENTED_EDGE ( 'NONE', *, *, #2388, .F. ) ;
#2345 = DIRECTION ( 'NONE',  ( 0.000000000000000000, 1.000000000000000000, -0.000000000000000000 ) ) ;
#2346 = EDGE_CURVE ( 'NONE', #347, #66, #2541, .T. ) ;
#2347 = CARTESIAN_POINT ( 'NONE',  ( 0.6500000000000000222, 0.03499999999999999639, 0.6499999999999995781 ) ) ;
#2348 = EDGE_CURVE ( 'NONE', #4541, #4889, #4357, .T. ) ;
#2349 = EDGE_CURVE ( 'NONE', #4804, #5622, #2072, .T. ) ;
#2350 = CARTESIAN_POINT ( 'NONE',  ( 0.9500000000000003997, 0.6300000000000000044, 3.433306879537433502E-16 ) ) ;
#2351 = ORIENTED_EDGE ( 'NONE', *, *, #2808, .T. ) ;
#2352 = LINE ( 'NONE', #534, #4391 ) ;
#2353 = ORIENTED_EDGE ( 'NONE', *, *, #1859, .F. ) ;
#2354 = CARTESIAN_POINT ( 'NONE',  ( -0.1500000000000000777, -6.368163355566234902E-17, -0.4999999999999995559 ) ) ;
#2355 = VECTOR ( 'NONE', #5171, 1000.000000000000000 ) ;
#2356 = EDGE_CURVE ( 'NONE', #400, #1996, #1593, .T. ) ;
#2357 = LINE ( 'NONE', #38, #1892 ) ;
#2358 = ORIENTED_EDGE ( 'NONE', *, *, #2121, .F. ) ;
#2359 = AXIS2_PLACEMENT_3D ( 'NONE', #4837, #2516, #3942 ) ;
#2360 = VECTOR ( 'NONE', #884, 1000.000000000000000 ) ;
#2361 = LINE ( 'NONE', #540, #3491 ) ;
#2362 = DIRECTION ( 'NONE',  ( -1.000000000000000000, 0.000000000000000000, 0.000000000000000000 ) ) ;
#2363 = DIRECTION ( 'NONE',  ( 0.000000000000000000, 0.000000000000000000, -1.000000000000000000 ) ) ;
#2364 = VECTOR ( 'NONE', #3109, 1000.000000000000000 ) ;
#2365 = ORIENTED_EDGE ( 'NONE', *, *, #5086, .F. ) ;
#2366 = MECHANICAL_DESIGN_GEOMETRIC_PRESENTATION_REPRESENTATION (  '', ( #4820 ), #5594 ) ;
#2367 = ORIENTED_EDGE ( 'NONE', *, *, #3468, .T. ) ;
#2368 = VECTOR ( 'NONE', #4608, 1000.000000000000000 ) ;
#2369 = ORIENTED_EDGE ( 'NONE', *, *, #4205, .F. ) ;
#2370 = ADVANCED_FACE ( 'NONE', ( #5197 ), #3886, .F. ) ;
#2371 = FACE_OUTER_BOUND ( 'NONE', #1944, .T. ) ;
#2372 = CARTESIAN_POINT ( 'NONE',  ( 1.565000000000000169, 0.6650000000000000355, 0.4249999999999996003 ) ) ;
#2373 = CARTESIAN_POINT ( 'NONE',  ( 0.1500000000000001887, 0.6299999999999998934, 0.7649999999999990141 ) ) ;
#2374 = CARTESIAN_POINT ( 'NONE',  ( -0.6499999999999996891, 0.6300000000000000044, 4.698209414103851233E-16 ) ) ;
#2375 = DIRECTION ( 'NONE',  ( -0.000000000000000000, 1.000000000000000000, -0.000000000000000000 ) ) ;
#2376 = ORIENTED_EDGE ( 'NONE', *, *, #95, .T. ) ;
#2377 = EDGE_CURVE ( 'NONE', #3016, #1105, #3832, .T. ) ;
#2378 = CARTESIAN_POINT ( 'NONE',  ( -0.1500000000000000777, 0.6300000000000000044, -0.4999999999999994449 ) ) ;
#2379 = FACE_OUTER_BOUND ( 'NONE', #4380, .T. ) ;
#2380 = FACE_OUTER_BOUND ( 'NONE', #5871, .T. ) ;
#2381 = EDGE_LOOP ( 'NONE', ( #783, #3041, #2369, #3706 ) ) ;
#2382 = CARTESIAN_POINT ( 'NONE',  ( -1.600000000000000311, 0.03499999999999999639, -0.6499999999999994671 ) ) ;
#2383 = ORIENTED_EDGE ( 'NONE', *, *, #4673, .F. ) ;
#2384 = EDGE_CURVE ( 'NONE', #2049, #683, #5646, .T. ) ;
#2385 =( LENGTH_UNIT ( ) NAMED_UNIT ( * ) SI_UNIT ( .MILLI., .METRE. ) );
#2386 = VECTOR ( 'NONE', #5274, 1000.000000000000000 ) ;
#2387 = CARTESIAN_POINT ( 'NONE',  ( -0.9500000000000000666, 0.000000000000000000, 0.000000000000000000 ) ) ;
#2388 = EDGE_CURVE ( 'NONE', #2108, #4576, #2941, .T. ) ;
#2389 = VERTEX_POINT ( 'NONE', #1174 ) ;
#2390 = VECTOR ( 'NONE', #3757, 1000.000000000000000 ) ;
#2391 = DIRECTION ( 'NONE',  ( 0.000000000000000000, 0.000000000000000000, -1.000000000000000000 ) ) ;
#2392 = CARTESIAN_POINT ( 'NONE',  ( -0.1500000000000000777, 0.03499999999999999639, 0.000000000000000000 ) ) ;
#2393 = CARTESIAN_POINT ( 'NONE',  ( 1.325000000000000178, 0.03499999999999999639, -0.7649999999999991251 ) ) ;
#2394 = ORIENTED_EDGE ( 'NONE', *, *, #5826, .T. ) ;
#2395 = VECTOR ( 'NONE', #4154, 1000.000000000000000 ) ;
#2396 = ORIENTED_EDGE ( 'NONE', *, *, #2028, .T. ) ;
#2397 = ORIENTED_EDGE ( 'NONE', *, *, #4811, .T. ) ;
#2398 = LINE ( 'NONE', #22, #3992 ) ;
#2399 = FACE_OUTER_BOUND ( 'NONE', #4415, .T. ) ;
#2400 = FACE_OUTER_BOUND ( 'NONE', #4038, .T. ) ;
#2401 = DIRECTION ( 'NONE',  ( 0.000000000000000000, 0.000000000000000000, -1.000000000000000000 ) ) ;
#2402 = ADVANCED_FACE ( 'NONE', ( #5698 ), #4273, .F. ) ;
#2403 = FILL_AREA_STYLE ('',( #3800 ) ) ;
#2404 = ORIENTED_EDGE ( 'NONE', *, *, #2625, .F. ) ;
#2405 = PLANE ( 'NONE',  #1949 ) ;
#2406 = CARTESIAN_POINT ( 'NONE',  ( -0.9500000000000000666, 0.6299999999999998934, -0.7649999999999991251 ) ) ;
#2407 = PLANE ( 'NONE',  #3432 ) ;
#2408 = VECTOR ( 'NONE', #5165, 1000.000000000000000 ) ;
#2409 = ORIENTED_EDGE ( 'NONE', *, *, #3521, .T. ) ;
#2410 = PLANE ( 'NONE',  #4121 ) ;
#2411 = EDGE_CURVE ( 'NONE', #332, #214, #2490, .T. ) ;
#2412 = EDGE_CURVE ( 'NONE', #2178, #223, #232, .T. ) ;
#2413 = VERTEX_POINT ( 'NONE', #1147 ) ;
#2414 = VECTOR ( 'NONE', #2326, 1000.000000000000000 ) ;
#2415 = LINE ( 'NONE', #3390, #4254 ) ;
#2416 = VECTOR ( 'NONE', #4386, 1000.000000000000000 ) ;
#2417 = ORIENTED_EDGE ( 'NONE', *, *, #3976, .T. ) ;
#2418 = CARTESIAN_POINT ( 'NONE',  ( -1.074999999999999956, 0.6299999999999994493, 0.6499999999999995781 ) ) ;
#2419 = CARTESIAN_POINT ( 'NONE',  ( 1.450000000000000178, 0.6650000000000000355, 0.7999999999999994893 ) ) ;
#2420 = ADVANCED_FACE ( 'NONE', ( #2991 ), #4805, .F. ) ;
#2421 = CARTESIAN_POINT ( 'NONE',  ( -0.6500000000000001332, 0.03499999999999999639, -0.6499999999999995781 ) ) ;
#2422 = EDGE_CURVE ( 'NONE', #1112, #5446, #4330, .T. ) ;
#2423 = EDGE_LOOP ( 'NONE', ( #1665, #2489, #4540, #888 ) ) ;
#2424 = VERTEX_POINT ( 'NONE', #254 ) ;
#2425 = CARTESIAN_POINT ( 'NONE',  ( -1.325000000000000178, 0.6299999999999994493, -0.6499999999999995781 ) ) ;
#2426 = CARTESIAN_POINT ( 'NONE',  ( -0.5250000000000000222, -1.084202172485504434E-16, -0.6499999999999995781 ) ) ;
#2427 = PLANE ( 'NONE',  #2512 ) ;
#2428 = LINE ( 'NONE', #1060, #391 ) ;
#2429 = DIRECTION ( 'NONE',  ( -0.000000000000000000, -1.000000000000000000, -0.000000000000000000 ) ) ;
#2430 = ORIENTED_EDGE ( 'NONE', *, *, #4270, .T. ) ;
#2431 = LINE ( 'NONE', #3667, #3686 ) ;
#2432 = LINE ( 'NONE', #1009, #4502 ) ;
#2433 = CARTESIAN_POINT ( 'NONE',  ( -0.1500000000000000777, 0.000000000000000000, 0.000000000000000000 ) ) ;
#2434 = DIRECTION ( 'NONE',  ( -1.000000000000000000, 0.000000000000000000, 1.016439536705160160E-16 ) ) ;
#2435 = VERTEX_POINT ( 'NONE', #1088 ) ;
#2436 = LINE ( 'NONE', #1967, #2884 ) ;
#2437 = ORIENTED_EDGE ( 'NONE', *, *, #4378, .F. ) ;
#2438 = ORIENTED_EDGE ( 'NONE', *, *, #2412, .F. ) ;
#2439 = FILL_AREA_STYLE_COLOUR ( '', #1887 ) ;
#2440 = FACE_OUTER_BOUND ( 'NONE', #1774, .T. ) ;
#2441 = ORIENTED_EDGE ( 'NONE', *, *, #4654, .T. ) ;
#2442 = ORIENTED_EDGE ( 'NONE', *, *, #853, .T. ) ;
#2443 = DIRECTION ( 'NONE',  ( -0.000000000000000000, 1.000000000000000000, -0.000000000000000000 ) ) ;
#2444 =( NAMED_UNIT ( * ) PLANE_ANGLE_UNIT ( ) SI_UNIT ( $, .RADIAN. ) );
#2445 = PRESENTATION_STYLE_ASSIGNMENT (( #625 ) ) ;
#2446 = VECTOR ( 'NONE', #2252, 1000.000000000000000 ) ;
#2447 = ORIENTED_EDGE ( 'NONE', *, *, #3353, .T. ) ;
#2448 = EDGE_CURVE ( 'NONE', #3399, #2308, #905, .T. ) ;
#2449 = VERTEX_POINT ( 'NONE', #873 ) ;
#2450 = DIRECTION ( 'NONE',  ( -1.000000000000000000, 0.000000000000000000, 0.000000000000000000 ) ) ;
#2451 = PLANE ( 'NONE',  #5049 ) ;
#2452 = VECTOR ( 'NONE', #3897, 1000.000000000000000 ) ;
#2453 = CARTESIAN_POINT ( 'NONE',  ( 0.6500000000000000222, -1.084202172485504434E-16, -0.4999999999999994449 ) ) ;
#2454 = DIRECTION ( 'NONE',  ( 1.000000000000000000, 0.000000000000000000, 0.000000000000000000 ) ) ;
#2455 = VECTOR ( 'NONE', #3193, 1000.000000000000000 ) ;
#2456 = CARTESIAN_POINT ( 'NONE',  ( -1.600000000000000311, 0.6649999999999998135, 0.6499999999999996891 ) ) ;
#2457 = AXIS2_PLACEMENT_3D ( 'NONE', #5805, #1730, #396 ) ;
#2458 = LINE ( 'NONE', #4213, #2034 ) ;
#2459 = VECTOR ( 'NONE', #3895, 1000.000000000000000 ) ;
#2460 = ORIENTED_EDGE ( 'NONE', *, *, #5250, .F. ) ;
#2461 = EDGE_CURVE ( 'NONE', #3776, #2963, #4963, .T. ) ;
#2462 = CARTESIAN_POINT ( 'NONE',  ( 0.9500000000000003997, 0.6300000000000000044, -6.866613759074867003E-16 ) ) ;
#2463 = CARTESIAN_POINT ( 'NONE',  ( -0.2749999999999999667, 0.03499999999999999639, 0.4999999999999995559 ) ) ;
#2464 = DIRECTION ( 'NONE',  ( -1.000000000000000000, 0.000000000000000000, 1.016439536705160160E-16 ) ) ;
#2465 = CARTESIAN_POINT ( 'NONE',  ( 1.450000000000000178, 0.6650000000000000355, 0.7999999999999994893 ) ) ;
#2466 = VERTEX_POINT ( 'NONE', #5755 ) ;
#2467 = DIRECTION ( 'NONE',  ( -0.000000000000000000, 0.000000000000000000, 1.000000000000000000 ) ) ;
#2468 = EDGE_LOOP ( 'NONE', ( #5228, #5440, #1725, #2365 ) ) ;
#2469 = ORIENTED_EDGE ( 'NONE', *, *, #3668, .T. ) ;
#2470 = DIRECTION ( 'NONE',  ( 1.000000000000000000, -0.000000000000000000, 1.016439536705160160E-16 ) ) ;
#2471 = CARTESIAN_POINT ( 'NONE',  ( -0.2749999999999999667, -1.084202172485504434E-16, 0.6499999999999995781 ) ) ;
#2472 = EDGE_CURVE ( 'NONE', #1080, #1966, #4993, .T. ) ;
#2473 = ORIENTED_EDGE ( 'NONE', *, *, #3616, .T. ) ;
#2474 = CARTESIAN_POINT ( 'NONE',  ( 0.6500000000000000222, 0.6650000000000000355, -0.6499999999999995781 ) ) ;
#2475 = AXIS2_PLACEMENT_3D ( 'NONE', #3553, #5807, #1733 ) ;
#2476 = CARTESIAN_POINT ( 'NONE',  ( 1.074999999999999956, 0.03499999999999999639, -0.4999999999999995559 ) ) ;
#2477 = FACE_OUTER_BOUND ( 'NONE', #616, .T. ) ;
#2478 =( GEOMETRIC_REPRESENTATION_CONTEXT ( 3 ) GLOBAL_UNCERTAINTY_ASSIGNED_CONTEXT ( ( #919 ) ) GLOBAL_UNIT_ASSIGNED_CONTEXT ( ( #68, #1890, #3673 ) ) REPRESENTATION_CONTEXT ( 'NONE', 'WORKASPACE' ) );
#2479 = ORIENTED_EDGE ( 'NONE', *, *, #2813, .T. ) ;
#2480 = EDGE_LOOP ( 'NONE', ( #4891, #3114, #5603, #1937, #3101, #4871, #2270, #5220 ) ) ;
#2481 = FACE_OUTER_BOUND ( 'NONE', #2311, .T. ) ;
#2482 = DIRECTION ( 'NONE',  ( -1.000000000000000000, 0.000000000000000000, -0.000000000000000000 ) ) ;
#2483 = CARTESIAN_POINT ( 'NONE',  ( -0.1500000000000000777, 0.6650000000000000355, -0.4249999999999996003 ) ) ;
#2484 = CARTESIAN_POINT ( 'NONE',  ( 0.5250000000000000222, 0.6299999999999994493, 0.6499999999999995781 ) ) ;
#2485 = AXIS2_PLACEMENT_3D ( 'NONE', #4746, #4326, #251 ) ;
#2486 = LINE ( 'NONE', #2374, #4470 ) ;
#2487 = ADVANCED_FACE ( 'NONE', ( #2222 ), #3051, .F. ) ;
#2488 = DIRECTION ( 'NONE',  ( -1.000000000000000000, -0.000000000000000000, -0.000000000000000000 ) ) ;
#2489 = ORIENTED_EDGE ( 'NONE', *, *, #5566, .T. ) ;
#2490 = LINE ( 'NONE', #4751, #1589 ) ;
#2491 = DIRECTION ( 'NONE',  ( -1.000000000000000000, 0.000000000000000000, 1.016439536705160160E-16 ) ) ;
#2492 = EDGE_CURVE ( 'NONE', #3581, #987, #5784, .T. ) ;
#2493 = DIRECTION ( 'NONE',  ( -0.000000000000000000, 0.000000000000000000, -1.000000000000000000 ) ) ;
#2494 = PLANE ( 'NONE',  #4665 ) ;
#2495 = EDGE_CURVE ( 'NONE', #3453, #1040, #431, .T. ) ;
#2496 = EDGE_CURVE ( 'NONE', #2940, #1427, #461, .T. ) ;
#2497 = PLANE ( 'NONE',  #4220 ) ;
#2498 = ORIENTED_EDGE ( 'NONE', *, *, #2045, .T. ) ;
#2499 = ORIENTED_EDGE ( 'NONE', *, *, #3976, .F. ) ;
#2500 = DIRECTION ( 'NONE',  ( 0.000000000000000000, -1.000000000000000000, 0.000000000000000000 ) ) ;
#2501 = VECTOR ( 'NONE', #1425, 1000.000000000000000 ) ;
#2502 = DIRECTION ( 'NONE',  ( -1.000000000000000000, 0.000000000000000000, -8.673617379884059138E-16 ) ) ;
#2503 = VERTEX_POINT ( 'NONE', #2695 ) ;
#2504 = VECTOR ( 'NONE', #5383, 1000.000000000000000 ) ;
#2505 = CARTESIAN_POINT ( 'NONE',  ( -0.9500000000000000666, -1.004210375300829378E-16, -0.7999999999999994893 ) ) ;
#2506 = LINE ( 'NONE', #1578, #3146 ) ;
#2507 = CARTESIAN_POINT ( 'NONE',  ( 0.6500000000000001332, 0.03499999999999999639, 0.4999999999999996669 ) ) ;
#2508 = ORIENTED_EDGE ( 'NONE', *, *, #3295, .F. ) ;
#2509 = ORIENTED_EDGE ( 'NONE', *, *, #1110, .T. ) ;
#2510 = LINE ( 'NONE', #1699, #1315 ) ;
#2511 = DIRECTION ( 'NONE',  ( 0.000000000000000000, 1.000000000000000000, 0.000000000000000000 ) ) ;
#2512 = AXIS2_PLACEMENT_3D ( 'NONE', #5107, #5638, #2784 ) ;
#2513 = CARTESIAN_POINT ( 'NONE',  ( 1.074999999999999956, -1.084202172485504434E-16, 0.6499999999999995781 ) ) ;
#2514 = LINE ( 'NONE', #4890, #5432 ) ;
#2515 = ORIENTED_EDGE ( 'NONE', *, *, #3220, .F. ) ;
#2516 = DIRECTION ( 'NONE',  ( 1.016439536705160160E-16, 0.000000000000000000, -1.000000000000000000 ) ) ;
#2517 = CARTESIAN_POINT ( 'NONE',  ( -0.1500000000000000777, 0.6650000000000000355, -0.7999999999999994893 ) ) ;
#2518 = ORIENTED_EDGE ( 'NONE', *, *, #2228, .F. ) ;
#2519 = CARTESIAN_POINT ( 'NONE',  ( 0.6500000000000000222, 0.000000000000000000, 0.6499999999999995781 ) ) ;
#2520 = DIRECTION ( 'NONE',  ( 0.000000000000000000, -1.000000000000000000, 0.000000000000000000 ) ) ;
#2521 = ORIENTED_EDGE ( 'NONE', *, *, #2547, .F. ) ;
#2522 = ORIENTED_EDGE ( 'NONE', *, *, #3179, .T. ) ;
#2523 = EDGE_CURVE ( 'NONE', #4560, #2685, #1266, .T. ) ;
#2524 = DIRECTION ( 'NONE',  ( -1.000000000000000000, 0.000000000000000000, -0.000000000000000000 ) ) ;
#2525 = CARTESIAN_POINT ( 'NONE',  ( 0.000000000000000000, 0.03499999999999999639, -0.4999999999999994449 ) ) ;
#2526 = EDGE_LOOP ( 'NONE', ( #3960, #378, #3646, #4629 ) ) ;
#2527 = FACE_OUTER_BOUND ( 'NONE', #5810, .T. ) ;
#2528 = CARTESIAN_POINT ( 'NONE',  ( -0.9500000000000000666, 0.03499999999999999639, 0.4999999999999995559 ) ) ;
#2529 = ORIENTED_EDGE ( 'NONE', *, *, #4171, .T. ) ;
#2530 = ORIENTED_EDGE ( 'NONE', *, *, #3984, .F. ) ;
#2531 = ORIENTED_EDGE ( 'NONE', *, *, #12, .F. ) ;
#2532 = DIRECTION ( 'NONE',  ( -1.668003342285392783E-16, 0.000000000000000000, -1.000000000000000000 ) ) ;
#2533 = LINE ( 'NONE', #2984, #854 ) ;
#2534 = CARTESIAN_POINT ( 'NONE',  ( 1.600000000000000311, 0.03499999999999999639, 0.7649999999999991251 ) ) ;
#2535 = AXIS2_PLACEMENT_3D ( 'NONE', #3770, #3214, #1511 ) ;
#2536 = CARTESIAN_POINT ( 'NONE',  ( -0.9500000000000000666, -1.004210375300829378E-16, 0.7999999999999994893 ) ) ;
#2537 = EDGE_CURVE ( 'NONE', #2689, #5156, #1673, .T. ) ;
#2538 = VECTOR ( 'NONE', #3936, 1000.000000000000000 ) ;
#2539 = ORIENTED_EDGE ( 'NONE', *, *, #3584, .F. ) ;
#2540 = VECTOR ( 'NONE', #3124, 1000.000000000000000 ) ;
#2541 = LINE ( 'NONE', #3354, #1779 ) ;
#2542 = CARTESIAN_POINT ( 'NONE',  ( -0.2749999999999999667, 0.6650000000000000355, 0.4249999999999996003 ) ) ;
#2543 = VECTOR ( 'NONE', #5045, 1000.000000000000000 ) ;
#2544 = LINE ( 'NONE', #4839, #585 ) ;
#2545 = CARTESIAN_POINT ( 'NONE',  ( 0.9500000000000000666, -1.004210375300829378E-16, 0.7999999999999994893 ) ) ;
#2546 = VERTEX_POINT ( 'NONE', #5812 ) ;
#2547 = EDGE_CURVE ( 'NONE', #1519, #3453, #2157, .T. ) ;
#2548 = ORIENTED_EDGE ( 'NONE', *, *, #2045, .F. ) ;
#2549 = VECTOR ( 'NONE', #5222, 1000.000000000000000 ) ;
#2550 = CARTESIAN_POINT ( 'NONE',  ( 0.1499999999999999667, 0.03499999999999999639, 0.6499999999999995781 ) ) ;
#2551 = CARTESIAN_POINT ( 'NONE',  ( -1.325000000000000178, 0.6649999999999998135, -0.6499999999999995781 ) ) ;
#2552 = CARTESIAN_POINT ( 'NONE',  ( -1.600000000000000311, 0.03499999999999998251, 0.6499999999999996891 ) ) ;
#2553 = EDGE_CURVE ( 'NONE', #2197, #5711, #4472, .T. ) ;
#2554 = ORIENTED_EDGE ( 'NONE', *, *, #569, .T. ) ;
#2555 = DIRECTION ( 'NONE',  ( 0.000000000000000000, 0.000000000000000000, -1.000000000000000000 ) ) ;
#2556 = DIRECTION ( 'NONE',  ( -0.000000000000000000, 1.000000000000000000, 1.224646799147353454E-16 ) ) ;
#2557 = DIRECTION ( 'NONE',  ( -1.000000000000000000, 0.000000000000000000, -0.000000000000000000 ) ) ;
#2558 = EDGE_CURVE ( 'NONE', #4200, #3032, #5434, .T. ) ;
#2559 = ORIENTED_EDGE ( 'NONE', *, *, #132, .F. ) ;
#2560 = VECTOR ( 'NONE', #2312, 1000.000000000000000 ) ;
#2561 = ORIENTED_EDGE ( 'NONE', *, *, #5706, .T. ) ;
#2562 = LINE ( 'NONE', #897, #2268 ) ;
#2563 = LINE ( 'NONE', #770, #4561 ) ;
#2564 = LINE ( 'NONE', #2215, #2538 ) ;
#2565 = VECTOR ( 'NONE', #450, 1000.000000000000000 ) ;
#2566 = PLANE ( 'NONE',  #5153 ) ;
#2567 = VERTEX_POINT ( 'NONE', #402 ) ;
#2568 = VERTEX_POINT ( 'NONE', #4061 ) ;
#2569 = AXIS2_PLACEMENT_3D ( 'NONE', #5345, #3466, #5283 ) ;
#2570 = DIRECTION ( 'NONE',  ( 0.000000000000000000, 0.000000000000000000, 1.000000000000000000 ) ) ;
#2571 = CARTESIAN_POINT ( 'NONE',  ( 0.2749999999999999667, -1.084202172485504434E-16, 0.6499999999999995781 ) ) ;
#2572 = LINE ( 'NONE', #2517, #2233 ) ;
#2573 = EDGE_CURVE ( 'NONE', #2389, #177, #4505, .T. ) ;
#2574 = DIRECTION ( 'NONE',  ( -0.000000000000000000, 1.000000000000000000, -0.000000000000000000 ) ) ;
#2575 = VECTOR ( 'NONE', #5751, 1000.000000000000000 ) ;
#2576 = FACE_OUTER_BOUND ( 'NONE', #486, .T. ) ;
#2577 = ORIENTED_EDGE ( 'NONE', *, *, #4278, .F. ) ;
#2578 = ORIENTED_EDGE ( 'NONE', *, *, #1595, .T. ) ;
#2579 = CARTESIAN_POINT ( 'NONE',  ( 0.9499999999999998446, -1.084202172485504434E-16, -0.7999999999999993783 ) ) ;
#2580 = PLANE ( 'NONE',  #3213 ) ;
#2581 = FACE_OUTER_BOUND ( 'NONE', #253, .T. ) ;
#2582 = ORIENTED_EDGE ( 'NONE', *, *, #3868, .T. ) ;
#2583 = DIRECTION ( 'NONE',  ( -1.000000000000000000, 0.000000000000000000, 0.000000000000000000 ) ) ;
#2584 = CARTESIAN_POINT ( 'NONE',  ( -0.5250000000000000222, 0.03499999999999998251, -0.6499999999999995781 ) ) ;
#2585 = CARTESIAN_POINT ( 'NONE',  ( 0.6500000000000000222, 0.6650000000000000355, -0.7999999999999994893 ) ) ;
#2586 = VECTOR ( 'NONE', #3116, 1000.000000000000000 ) ;
#2587 = ORIENTED_EDGE ( 'NONE', *, *, #4371, .F. ) ;
#2588 =( LENGTH_UNIT ( ) NAMED_UNIT ( * ) SI_UNIT ( .MILLI., .METRE. ) );
#2589 = ORIENTED_EDGE ( 'NONE', *, *, #4398, .F. ) ;
#2590 = CARTESIAN_POINT ( 'NONE',  ( -0.6500000000000001332, 0.000000000000000000, 0.000000000000000000 ) ) ;
#2591 = FACE_OUTER_BOUND ( 'NONE', #5453, .T. ) ;
#2592 = CARTESIAN_POINT ( 'NONE',  ( 0.1500000000000003553, 0.6300000000000000044, 5.421010862427536345E-17 ) ) ;
#2593 = EDGE_CURVE ( 'NONE', #4652, #4492, #2601, .T. ) ;
#2594 = AXIS2_PLACEMENT_3D ( 'NONE', #4249, #4723, #4194 ) ;
#2595 = EDGE_CURVE ( 'NONE', #1198, #5571, #4411, .T. ) ;
#2596 = CARTESIAN_POINT ( 'NONE',  ( 0.6500000000000001332, 0.03499999999999944128, 0.7649999999999990141 ) ) ;
#2597 = EDGE_LOOP ( 'NONE', ( #5183, #1023, #5773, #5177 ) ) ;
#2598 =( GEOMETRIC_REPRESENTATION_CONTEXT ( 3 ) GLOBAL_UNCERTAINTY_ASSIGNED_CONTEXT ( ( #4135 ) ) GLOBAL_UNIT_ASSIGNED_CONTEXT ( ( #2588, #4911, #4493 ) ) REPRESENTATION_CONTEXT ( 'NONE', 'WORKASPACE' ) );
#2599 = ORIENTED_EDGE ( 'NONE', *, *, #4153, .F. ) ;
#2600 = LINE ( 'NONE', #4382, #4173 ) ;
#2601 = LINE ( 'NONE', #3558, #3483 ) ;
#2602 = EDGE_CURVE ( 'NONE', #2449, #497, #3973, .T. ) ;
#2603 = FACE_OUTER_BOUND ( 'NONE', #3308, .T. ) ;
#2604 = PLANE ( 'NONE',  #4671 ) ;
#2605 = CARTESIAN_POINT ( 'NONE',  ( 0.6500000000000000222, 0.03499999999999999639, 0.7649999999999991251 ) ) ;
#2606 = VERTEX_POINT ( 'NONE', #3172 ) ;
#2607 = EDGE_LOOP ( 'NONE', ( #5377, #675, #651, #158 ) ) ;
#2608 = CARTESIAN_POINT ( 'NONE',  ( -0.1499999999999999667, -1.084202172485504434E-16, 0.4999999999999996669 ) ) ;
#2609 = LINE ( 'NONE', #3951, #5402 ) ;
#2610 = DIRECTION ( 'NONE',  ( 1.000000000000000000, 0.000000000000000000, -0.000000000000000000 ) ) ;
#2611 = ORIENTED_EDGE ( 'NONE', *, *, #2089, .F. ) ;
#2612 =( NAMED_UNIT ( * ) SI_UNIT ( $, .STERADIAN. ) SOLID_ANGLE_UNIT ( ) );
#2613 = DIRECTION ( 'NONE',  ( 1.000000000000000000, -0.000000000000000000, 0.000000000000000000 ) ) ;
#2614 = DIRECTION ( 'NONE',  ( -1.000000000000000000, -0.000000000000000000, 0.000000000000000000 ) ) ;
#2615 = EDGE_LOOP ( 'NONE', ( #4251, #4128, #3361, #2130 ) ) ;
#2616 = CONTEXT_DEPENDENT_SHAPE_REPRESENTATION ( #4458, #797 ) ;
#2617 = ORIENTED_EDGE ( 'NONE', *, *, #2241, .F. ) ;
#2618 = EDGE_CURVE ( 'NONE', #2424, #3095, #373, .T. ) ;
#2619 = CARTESIAN_POINT ( 'NONE',  ( -1.600000000000000311, 0.6649999999999998135, 0.6499999999999996891 ) ) ;
#2620 = CARTESIAN_POINT ( 'NONE',  ( -0.1500000000000000777, 0.6299999999999996714, 0.4249999999999996003 ) ) ;
#2621 = DIRECTION ( 'NONE',  ( 0.000000000000000000, -0.000000000000000000, 1.000000000000000000 ) ) ;
#2622 = VERTEX_POINT ( 'NONE', #4929 ) ;
#2623 = LINE ( 'NONE', #3406, #3343 ) ;
#2624 = ORIENTED_EDGE ( 'NONE', *, *, #211, .T. ) ;
#2625 = EDGE_CURVE ( 'NONE', #4250, #1331, #843, .T. ) ;
#2626 = VERTEX_POINT ( 'NONE', #4624 ) ;
#2627 = DIRECTION ( 'NONE',  ( 0.000000000000000000, 0.000000000000000000, 1.000000000000000000 ) ) ;
#2628 = CARTESIAN_POINT ( 'NONE',  ( 2.602447006080619740, 0.6299999999999998934, 0.4249999999999995448 ) ) ;
#2629 = CARTESIAN_POINT ( 'NONE',  ( -0.5250000000000000222, 0.6299999999999994493, -0.6499999999999995781 ) ) ;
#2630 = VERTEX_POINT ( 'NONE', #2372 ) ;
#2631 = LINE ( 'NONE', #4441, #1344 ) ;
#2632 = ADVANCED_FACE ( 'NONE', ( #2399 ), #5019, .F. ) ;
#2633 = CARTESIAN_POINT ( 'NONE',  ( -0.1500000000000000777, 0.03499999999999999639, 0.7649999999999991251 ) ) ;
#2634 = EDGE_CURVE ( 'NONE', #4225, #3691, #5518, .T. ) ;
#2635 = ORIENTED_EDGE ( 'NONE', *, *, #853, .F. ) ;
#2636 = VERTEX_POINT ( 'NONE', #1386 ) ;
#2637 = CARTESIAN_POINT ( 'NONE',  ( 1.074999999999999956, 0.6299999999999996714, -0.4249999999999996003 ) ) ;
#2638 = CARTESIAN_POINT ( 'NONE',  ( 1.450000000000000178, -6.368163355566234902E-17, 0.4999999999999995559 ) ) ;
#2639 = MECHANICAL_DESIGN_GEOMETRIC_PRESENTATION_REPRESENTATION (  '', ( #2839 ), #4925 ) ;
#2640 = PLANE ( 'NONE',  #3494 ) ;
#2641 = LINE ( 'NONE', #327, #2976 ) ;
#2642 = VECTOR ( 'NONE', #3806, 1000.000000000000000 ) ;
#2643 = EDGE_LOOP ( 'NONE', ( #5424, #579, #1803, #2165 ) ) ;
#2644 = AXIS2_PLACEMENT_3D ( 'NONE', #3982, #2139, #3950 ) ;
#2645 = LINE ( 'NONE', #2114, #2540 ) ;
#2646 = CARTESIAN_POINT ( 'NONE',  ( -0.9500000000000000666, 0.6299999999999998934, 0.7649999999999991251 ) ) ;
#2647 = LINE ( 'NONE', #390, #4434 ) ;
#2648 = ADVANCED_FACE ( 'NONE', ( #4682 ), #3199, .F. ) ;
#2649 = EDGE_LOOP ( 'NONE', ( #1149, #4848, #5047, #2404 ) ) ;
#2650 = DIRECTION ( 'NONE',  ( 1.000000000000000000, 0.000000000000000000, 0.000000000000000000 ) ) ;
#2651 = ORIENTED_EDGE ( 'NONE', *, *, #2860, .F. ) ;
#2652 = CARTESIAN_POINT ( 'NONE',  ( 1.600000000000000311, 0.03499999999999999639, -0.7649999999999991251 ) ) ;
#2653 = DIRECTION ( 'NONE',  ( -0.000000000000000000, -1.000000000000000000, -0.000000000000000000 ) ) ;
#2654 = DIRECTION ( 'NONE',  ( -1.000000000000000000, 0.000000000000000000, 0.000000000000000000 ) ) ;
#2655 = EDGE_LOOP ( 'NONE', ( #925, #1207, #3344, #4724 ) ) ;
#2656 = EDGE_CURVE ( 'NONE', #870, #3130, #941, .T. ) ;
#2657 = CARTESIAN_POINT ( 'NONE',  ( 0.6500000000000000222, 0.03499999999999999639, -0.4999999999999995559 ) ) ;
#2658 = ADVANCED_FACE ( 'NONE', ( #4565 ), #2313, .F. ) ;
#2659 = ORIENTED_EDGE ( 'NONE', *, *, #3188, .T. ) ;
#2660 = ORIENTED_EDGE ( 'NONE', *, *, #5333, .F. ) ;
#2661 = CARTESIAN_POINT ( 'NONE',  ( -0.1500000000000000777, 0.6650000000000000355, -0.4999999999999995559 ) ) ;
#2662 = DIRECTION ( 'NONE',  ( 0.000000000000000000, 0.000000000000000000, 1.000000000000000000 ) ) ;
#2663 = DIRECTION ( 'NONE',  ( -1.000000000000000000, 0.000000000000000000, -1.016439536705160160E-16 ) ) ;
#2664 = VECTOR ( 'NONE', #4623, 1000.000000000000000 ) ;
#2665 = ORIENTED_EDGE ( 'NONE', *, *, #624, .T. ) ;
#2666 = EDGE_CURVE ( 'NONE', #371, #457, #3652, .T. ) ;
#2667 = CARTESIAN_POINT ( 'NONE',  ( -1.324999999999999956, 0.6649999999999998135, 0.6499999999999995781 ) ) ;
#2668 = CARTESIAN_POINT ( 'NONE',  ( -1.600000000000000311, 0.6650000000000000355, -0.6499999999999994671 ) ) ;
#2669 = STYLED_ITEM ( 'NONE', ( #3373 ), #2015 ) ;
#2670 = ORIENTED_EDGE ( 'NONE', *, *, #3578, .T. ) ;
#2671 = VERTEX_POINT ( 'NONE', #549 ) ;
#2672 = CARTESIAN_POINT ( 'NONE',  ( -0.1500000000000001610, 0.03499999999999999639, 5.421010862427527100E-17 ) ) ;
#2673 = EDGE_CURVE ( 'NONE', #2777, #1610, #1448, .T. ) ;
#2674 = LINE ( 'NONE', #31, #2360 ) ;
#2675 = ADVANCED_FACE ( 'NONE', ( #1926 ), #1027, .F. ) ;
#2676 = VECTOR ( 'NONE', #671, 1000.000000000000000 ) ;
#2677 = EDGE_CURVE ( 'NONE', #4901, #3613, #4123, .T. ) ;
#2678 = DIRECTION ( 'NONE',  ( -1.000000000000000000, 0.000000000000000000, 0.000000000000000000 ) ) ;
#2679 = LINE ( 'NONE', #3031, #4214 ) ;
#2680 = VERTEX_POINT ( 'NONE', #5574 ) ;
#2681 = DIRECTION ( 'NONE',  ( -0.000000000000000000, -0.000000000000000000, 1.000000000000000000 ) ) ;
#2682 = LINE ( 'NONE', #1064, #3305 ) ;
#2683 = ORIENTED_EDGE ( 'NONE', *, *, #46, .T. ) ;
#2684 = DIRECTION ( 'NONE',  ( 0.000000000000000000, 0.000000000000000000, 1.000000000000000222 ) ) ;
#2685 = VERTEX_POINT ( 'NONE', #3679 ) ;
#2686 = LINE ( 'NONE', #3480, #5126 ) ;
#2687 = DIRECTION ( 'NONE',  ( 0.000000000000000000, -1.000000000000000000, 0.000000000000000000 ) ) ;
#2688 = LINE ( 'NONE', #426, #5123 ) ;
#2689 = VERTEX_POINT ( 'NONE', #581 ) ;
#2690 = VECTOR ( 'NONE', #2853, 1000.000000000000000 ) ;
#2691 = VERTEX_POINT ( 'NONE', #2783 ) ;
#2692 = EDGE_LOOP ( 'NONE', ( #446, #5494, #5532, #2905, #5332, #387, #5663, #4030 ) ) ;
#2693 = VECTOR ( 'NONE', #5825, 1000.000000000000000 ) ;
#2694 = CARTESIAN_POINT ( 'NONE',  ( 0.2749999999999999667, -1.084202172485504434E-16, 0.6499999999999995781 ) ) ;
#2695 = CARTESIAN_POINT ( 'NONE',  ( -0.6500000000000001332, 0.03499999999999999639, 0.7649999999999991251 ) ) ;
#2696 = CARTESIAN_POINT ( 'NONE',  ( -0.9500000000000000666, 0.6299999999999998934, -0.7649999999999991251 ) ) ;
#2697 = CARTESIAN_POINT ( 'NONE',  ( -0.1500000000000000777, 0.6299999999999998934, 0.7649999999999991251 ) ) ;
#2698 = VECTOR ( 'NONE', #2014, 1000.000000000000000 ) ;
#2699 = LINE ( 'NONE', #1451, #2889 ) ;
#2700 = ORIENTED_EDGE ( 'NONE', *, *, #375, .T. ) ;
#2701 = ORIENTED_EDGE ( 'NONE', *, *, #4895, .T. ) ;
#2702 = CARTESIAN_POINT ( 'NONE',  ( -0.1500000000000000777, 0.6299999999999998934, -0.7649999999999991251 ) ) ;
#2703 = DIRECTION ( 'NONE',  ( 1.000000000000000000, 0.000000000000000000, -8.673617379884059138E-16 ) ) ;
#2704 = VECTOR ( 'NONE', #3685, 1000.000000000000000 ) ;
#2705 = CARTESIAN_POINT ( 'NONE',  ( -0.6500000000000000222, -1.084202172485504434E-16, -0.4999999999999994449 ) ) ;
#2706 = DIRECTION ( 'NONE',  ( -0.000000000000000000, 0.000000000000000000, 1.000000000000000000 ) ) ;
#2707 = VERTEX_POINT ( 'NONE', #2811 ) ;
#2708 = DIRECTION ( 'NONE',  ( 1.000000000000000000, 0.000000000000000000, 0.000000000000000000 ) ) ;
#2709 = DIRECTION ( 'NONE',  ( 0.000000000000000000, 0.000000000000000000, 1.000000000000000000 ) ) ;
#2710 = VERTEX_POINT ( 'NONE', #3764 ) ;
#2711 = SHAPE_REPRESENTATION_RELATIONSHIP ( 'NONE' , 'NONE' ,  #5554, #879 ) ;
#2712 = ADVANCED_FACE ( 'NONE', ( #2847 ), #3260, .F. ) ;
#2713 = ORIENTED_EDGE ( 'NONE', *, *, #4936, .T. ) ;
#2714 = CARTESIAN_POINT ( 'NONE',  ( 0.1499999999999999667, 0.6299999999999997824, -0.6499999999999995781 ) ) ;
#2715 = CARTESIAN_POINT ( 'NONE',  ( 1.600000000000000311, 0.03499999999999999639, 0.7649999999999991251 ) ) ;
#2716 = PLANE ( 'NONE',  #3314 ) ;
#2717 = ORIENTED_EDGE ( 'NONE', *, *, #207, .T. ) ;
#2718 = ORIENTED_EDGE ( 'NONE', *, *, #1805, .T. ) ;
#2719 = ORIENTED_EDGE ( 'NONE', *, *, #2019, .T. ) ;
#2720 = CARTESIAN_POINT ( 'NONE',  ( -1.074999999999999956, 0.03499999999999999639, -0.7649999999999991251 ) ) ;
#2721 = DIRECTION ( 'NONE',  ( -1.000000000000000000, -0.000000000000000000, -0.000000000000000000 ) ) ;
#2722 = LINE ( 'NONE', #4534, #4978 ) ;
#2723 = DIRECTION ( 'NONE',  ( -1.000000000000000000, 0.000000000000000000, 0.000000000000000000 ) ) ;
#2724 = EDGE_CURVE ( 'NONE', #2567, #1153, #5549, .T. ) ;
#2725 = CARTESIAN_POINT ( 'NONE',  ( 1.565000000000000169, 0.6999999999999999556, -0.4766666666666661278 ) ) ;
#2726 = ORIENTED_EDGE ( 'NONE', *, *, #243, .F. ) ;
#2727 = ORIENTED_EDGE ( 'NONE', *, *, #240, .F. ) ;
#2728 = CARTESIAN_POINT ( 'NONE',  ( -0.1500000000000000777, -8.205133554287264343E-17, -0.6499999999999995781 ) ) ;
#2729 = CARTESIAN_POINT ( 'NONE',  ( -0.9500000000000000666, 0.6299999999999996714, 0.4249999999999996003 ) ) ;
#2730 = VECTOR ( 'NONE', #3492, 1000.000000000000000 ) ;
#2731 = DIRECTION ( 'NONE',  ( 3.614007241618347785E-16, 0.000000000000000000, 1.000000000000000000 ) ) ;
#2732 = ORIENTED_EDGE ( 'NONE', *, *, #811, .F. ) ;
#2733 = CYLINDRICAL_SURFACE ( 'NONE', #3065, 0.02333333333333321297 ) ;
#2734 = EDGE_CURVE ( 'NONE', #2424, #1628, #23, .T. ) ;
#2735 = VERTEX_POINT ( 'NONE', #2875 ) ;
#2736 = VECTOR ( 'NONE', #76, 1000.000000000000000 ) ;
#2737 = VECTOR ( 'NONE', #4047, 1000.000000000000000 ) ;
#2738 = DIRECTION ( 'NONE',  ( 0.000000000000000000, 1.000000000000000000, -0.000000000000000000 ) ) ;
#2739 = CARTESIAN_POINT ( 'NONE',  ( 0.9500000000000000666, -1.004210375300829378E-16, -0.7999999999999994893 ) ) ;
#2740 = VECTOR ( 'NONE', #1279, 1000.000000000000000 ) ;
#2741 = ADVANCED_FACE ( 'NONE', ( #3232 ), #4096, .F. ) ;
#2742 = CLOSED_SHELL ( 'NONE', ( #3780, #632, #1312, #1037, #2993, #5645, #2648, #5507, #1006, #1788, #2402, #367, #4442, #4958, #2273, #4776, #1953, #3966 ) ) ;
#2743 = ORIENTED_EDGE ( 'NONE', *, *, #5208, .T. ) ;
#2744 = ORIENTED_EDGE ( 'NONE', *, *, #3258, .T. ) ;
#2745 = LINE ( 'NONE', #5454, #2455 ) ;
#2746 = SURFACE_STYLE_USAGE ( .BOTH. , #1918 ) ;
#2747 = CARTESIAN_POINT ( 'NONE',  ( -1.600000000000000311, 4.176956441796261466, 0.7649999999999987921 ) ) ;
#2748 = ADVANCED_FACE ( 'NONE', ( #1899 ), #3708, .F. ) ;
#2749 = VERTEX_POINT ( 'NONE', #1083 ) ;
#2750 = EDGE_CURVE ( 'NONE', #4435, #2256, #2959, .T. ) ;
#2751 = ORIENTED_EDGE ( 'NONE', *, *, #4378, .T. ) ;
#2752 = VERTEX_POINT ( 'NONE', #4294 ) ;
#2753 = PLANE ( 'NONE',  #4756 ) ;
#2754 = DIRECTION ( 'NONE',  ( 0.000000000000000000, 0.000000000000000000, 1.000000000000000000 ) ) ;
#2755 = CARTESIAN_POINT ( 'NONE',  ( 0.6500000000000000222, -1.084202172485504434E-16, 0.6499999999999995781 ) ) ;
#2756 = DIRECTION ( 'NONE',  ( -1.000000000000000000, -0.000000000000000000, 0.000000000000000000 ) ) ;
#2757 = CARTESIAN_POINT ( 'NONE',  ( -0.5250000000000000222, -1.084202172485504434E-16, 0.6499999999999995781 ) ) ;
#2758 = ORIENTED_EDGE ( 'NONE', *, *, #3727, .F. ) ;
#2759 = VECTOR ( 'NONE', #225, 1000.000000000000000 ) ;
#2760 = CARTESIAN_POINT ( 'NONE',  ( 0.1499999999999999667, -6.368163355566234902E-17, 0.4999999999999995559 ) ) ;
#2761 = DIRECTION ( 'NONE',  ( -1.668003342285392783E-16, 0.000000000000000000, -1.000000000000000000 ) ) ;
#2762 = DIRECTION ( 'NONE',  ( 0.000000000000000000, -9.293161478447186723E-15, 1.000000000000000000 ) ) ;
#2763 = VERTEX_POINT ( 'NONE', #4744 ) ;
#2764 = DIRECTION ( 'NONE',  ( 3.614007241618347785E-16, -0.000000000000000000, 1.000000000000000000 ) ) ;
#2765 = UNCERTAINTY_MEASURE_WITH_UNIT (LENGTH_MEASURE( 1.000000000000000082E-05 ), #360, 'distance_accuracy_value', 'NONE');
#2766 = ORIENTED_EDGE ( 'NONE', *, *, #1351, .F. ) ;
#2767 = LINE ( 'NONE', #3604, #355 ) ;
#2768 = VECTOR ( 'NONE', #608, 1000.000000000000000 ) ;
#2769 = DIRECTION ( 'NONE',  ( -0.000000000000000000, -1.000000000000000000, 1.548860246407859392E-15 ) ) ;
#2770 = ADVANCED_FACE ( 'NONE', ( #1140 ), #4830, .F. ) ;
#2771 = PLANE ( 'NONE',  #5212 ) ;
#2772 = ORIENTED_EDGE ( 'NONE', *, *, #4781, .T. ) ;
#2773 = ORIENTED_EDGE ( 'NONE', *, *, #2595, .T. ) ;
#2774 = DIRECTION ( 'NONE',  ( 0.000000000000000000, 1.000000000000000000, -0.000000000000000000 ) ) ;
#2775 = LINE ( 'NONE', #514, #4956 ) ;
#2776 = DIRECTION ( 'NONE',  ( 0.000000000000000000, 1.000000000000000000, -0.000000000000000000 ) ) ;
#2777 = VERTEX_POINT ( 'NONE', #3796 ) ;
#2778 = ORIENTED_EDGE ( 'NONE', *, *, #4670, .F. ) ;
#2779 = ORIENTED_EDGE ( 'NONE', *, *, #1247, .F. ) ;
#2780 = ADVANCED_FACE ( 'NONE', ( #1615 ), #4774, .F. ) ;
#2781 = ADVANCED_FACE ( 'NONE', ( #4711 ), #5606, .F. ) ;
#2782 = DIRECTION ( 'NONE',  ( 8.673617379884059138E-16, 0.000000000000000000, -1.000000000000000000 ) ) ;
#2783 = CARTESIAN_POINT ( 'NONE',  ( 0.9500000000000000666, -1.084202172485504434E-16, -0.6499999999999995781 ) ) ;
#2784 = DIRECTION ( 'NONE',  ( 0.000000000000000000, 0.000000000000000000, 1.000000000000000000 ) ) ;
#2785 = CARTESIAN_POINT ( 'NONE',  ( 0.6500000000000000222, 0.03499999999999999639, -0.7649999999999991251 ) ) ;
#2786 = CARTESIAN_POINT ( 'NONE',  ( 0.2749999999999999667, -1.084202172485504434E-16, 0.6499999999999995781 ) ) ;
#2787 = AXIS2_PLACEMENT_3D ( 'NONE', #882, #4573, #1362 ) ;
#2788 = ORIENTED_EDGE ( 'NONE', *, *, #5652, .F. ) ;
#2789 = ADVANCED_FACE ( 'NONE', ( #226 ), #1642, .F. ) ;
#2790 = DIRECTION ( 'NONE',  ( 1.000000000000000000, 0.000000000000000000, 0.000000000000000000 ) ) ;
#2791 = FACE_OUTER_BOUND ( 'NONE', #1660, .T. ) ;
#2792 =( GEOMETRIC_REPRESENTATION_CONTEXT ( 3 ) GLOBAL_UNCERTAINTY_ASSIGNED_CONTEXT ( ( #1277 ) ) GLOBAL_UNIT_ASSIGNED_CONTEXT ( ( #3351, #3767, #3294 ) ) REPRESENTATION_CONTEXT ( 'NONE', 'WORKASPACE' ) );
#2793 = PLANE ( 'NONE',  #4440 ) ;
#2794 = VERTEX_POINT ( 'NONE', #3378 ) ;
#2795 = FACE_OUTER_BOUND ( 'NONE', #2188, .T. ) ;
#2796 = ORIENTED_EDGE ( 'NONE', *, *, #478, .T. ) ;
#2797 = VECTOR ( 'NONE', #751, 1000.000000000000000 ) ;
#2798 = SURFACE_STYLE_FILL_AREA ( #3695 ) ;
#2799 = DIRECTION ( 'NONE',  ( 0.000000000000000000, 1.000000000000000000, -0.000000000000000000 ) ) ;
#2800 = EDGE_CURVE ( 'NONE', #3954, #379, #2986, .T. ) ;
#2801 = ORIENTED_EDGE ( 'NONE', *, *, #1157, .T. ) ;
#2802 = VERTEX_POINT ( 'NONE', #5667 ) ;
#2803 = CARTESIAN_POINT ( 'NONE',  ( -0.1500000000000000777, 0.6299999999999996714, -0.6499999999999995781 ) ) ;
#2804 = CARTESIAN_POINT ( 'NONE',  ( -0.9500000000000000666, 0.03499999999999999639, 0.6499999999999995781 ) ) ;
#2805 = DIRECTION ( 'NONE',  ( -1.668003342285392783E-16, 0.000000000000000000, -1.000000000000000000 ) ) ;
#2806 = EDGE_LOOP ( 'NONE', ( #3442, #3038, #1068, #1414 ) ) ;
#2807 = EDGE_LOOP ( 'NONE', ( #3158, #1864, #2521, #1993 ) ) ;
#2808 = EDGE_CURVE ( 'NONE', #1153, #1346, #2009, .T. ) ;
#2809 = VERTEX_POINT ( 'NONE', #1982 ) ;
#2810 = DIRECTION ( 'NONE',  ( -1.668003342285392783E-16, 0.000000000000000000, -1.000000000000000000 ) ) ;
#2811 = CARTESIAN_POINT ( 'NONE',  ( 0.1499999999999999667, -1.004210375300829378E-16, 0.7999999999999994893 ) ) ;
#2812 = DIRECTION ( 'NONE',  ( 1.000000000000000000, 0.000000000000000000, 8.673617379884059138E-16 ) ) ;
#2813 = EDGE_CURVE ( 'NONE', #370, #1714, #4266, .T. ) ;
#2814 = CARTESIAN_POINT ( 'NONE',  ( 0.6500000000000000222, 0.6650000000000000355, -0.6499999999999995781 ) ) ;
#2815 = ADVANCED_FACE ( 'NONE', ( #3910 ), #197, .F. ) ;
#2816 = CARTESIAN_POINT ( 'NONE',  ( -0.5250000000000000222, 0.6299999999999996714, 0.4249999999999996003 ) ) ;
#2817 = VERTEX_POINT ( 'NONE', #5248 ) ;
#2818 = DIRECTION ( 'NONE',  ( 0.000000000000000000, 0.000000000000000000, -1.000000000000000000 ) ) ;
#2819 = DIRECTION ( 'NONE',  ( -7.228014483236698528E-16, 0.000000000000000000, -1.000000000000000000 ) ) ;
#2820 = EDGE_CURVE ( 'NONE', #454, #683, #714, .T. ) ;
#2821 = CARTESIAN_POINT ( 'NONE',  ( 0.1499999999999999667, 0.03499999999999999639, -0.6499999999999995781 ) ) ;
#2822 = CARTESIAN_POINT ( 'NONE',  ( 0.1499999999999999667, 0.6650000000000000355, 0.7999999999999994893 ) ) ;
#2823 = EDGE_CURVE ( 'NONE', #3736, #4055, #1586, .T. ) ;
#2824 = ORIENTED_EDGE ( 'NONE', *, *, #5869, .F. ) ;
#2825 = DIRECTION ( 'NONE',  ( -1.000000000000000000, -0.000000000000000000, -0.000000000000000000 ) ) ;
#2826 = VERTEX_POINT ( 'NONE', #5721 ) ;
#2827 = FACE_OUTER_BOUND ( 'NONE', #4248, .T. ) ;
#2828 = PRESENTATION_LAYER_ASSIGNMENT (  '', '', ( #5398 ) ) ;
#2829 = LINE ( 'NONE', #5478, #3309 ) ;
#2830 = VERTEX_POINT ( 'NONE', #3459 ) ;
#2831 = AXIS2_PLACEMENT_3D ( 'NONE', #2483, #631, #281 ) ;
#2832 = VECTOR ( 'NONE', #5040, 1000.000000000000000 ) ;
#2833 = AXIS2_PLACEMENT_3D ( 'NONE', #1974, #5129, #3847 ) ;
#2834 = CARTESIAN_POINT ( 'NONE',  ( 0.9500000000000000666, -8.205133554287264343E-17, 0.6499999999999995781 ) ) ;
#2835 = FILL_AREA_STYLE ('',( #3644 ) ) ;
#2836 = EDGE_CURVE ( 'NONE', #3894, #5188, #5275, .T. ) ;
#2837 = LINE ( 'NONE', #1381, #4073 ) ;
#2838 = AXIS2_PLACEMENT_3D ( 'NONE', #4178, #3731, #5540 ) ;
#2839 = STYLED_ITEM ( 'NONE', ( #5505 ), #160 ) ;
#2840 = ORIENTED_EDGE ( 'NONE', *, *, #168, .F. ) ;
#2841 = EDGE_LOOP ( 'NONE', ( #3579, #3865, #2035, #1572 ) ) ;
#2842 = VECTOR ( 'NONE', #4403, 1000.000000000000000 ) ;
#2843 = VECTOR ( 'NONE', #3300, 1000.000000000000000 ) ;
#2844 = ORIENTED_EDGE ( 'NONE', *, *, #4786, .T. ) ;
#2845 = CLOSED_SHELL ( 'NONE', ( #3106, #694, #2128, #5562, #5759, #2316, #5118, #2741, #902, #5718, #5636, #736, #2057, #2675, #955, #4296, #2921, #3039 ) ) ;
#2846 = LINE ( 'NONE', #4149, #1524 ) ;
#2847 = FACE_OUTER_BOUND ( 'NONE', #4494, .T. ) ;
#2848 = LINE ( 'NONE', #1927, #3277 ) ;
#2849 = ADVANCED_FACE ( 'NONE', ( #250 ), #1196, .F. ) ;
#2850 = CARTESIAN_POINT ( 'NONE',  ( -0.9500000000000000666, 0.6650000000000000355, -0.6499999999999995781 ) ) ;
#2851 = CARTESIAN_POINT ( 'NONE',  ( 0.6500000000000000222, 0.6299999999999996714, -0.4249999999999996003 ) ) ;
#2852 = ORIENTED_EDGE ( 'NONE', *, *, #3104, .T. ) ;
#2853 = DIRECTION ( 'NONE',  ( -1.000000000000000000, -0.000000000000000000, 0.000000000000000000 ) ) ;
#2854 = CARTESIAN_POINT ( 'NONE',  ( -0.2749999999999999667, -1.084202172485504434E-16, -0.6499999999999995781 ) ) ;
#2855 = DIRECTION ( 'NONE',  ( 0.000000000000000000, -1.224646799147353454E-16, 1.000000000000000000 ) ) ;
#2856 = ORIENTED_EDGE ( 'NONE', *, *, #1180, .T. ) ;
#2857 = CARTESIAN_POINT ( 'NONE',  ( 0.1499999999999999667, 0.6299999999999998934, -0.7649999999999991251 ) ) ;
#2858 = VECTOR ( 'NONE', #1567, 1000.000000000000000 ) ;
#2859 = EDGE_LOOP ( 'NONE', ( #3331, #1183, #1075, #222, #655, #1863, #4815, #519 ) ) ;
#2860 = EDGE_CURVE ( 'NONE', #4180, #3563, #5427, .T. ) ;
#2861 = ADVANCED_FACE ( 'NONE', ( #1668 ), #4954, .F. ) ;
#2862 = PLANE ( 'NONE',  #939 ) ;
#2863 = EDGE_CURVE ( 'NONE', #677, #1628, #2564, .T. ) ;
#2864 = MECHANICAL_DESIGN_GEOMETRIC_PRESENTATION_REPRESENTATION (  '', ( #3337 ), #1436 ) ;
#2865 = CARTESIAN_POINT ( 'NONE',  ( -0.9500000000000000666, 0.6299999999999997824, -0.6499999999999995781 ) ) ;
#2866 = ORIENTED_EDGE ( 'NONE', *, *, #2962, .F. ) ;
#2867 = AXIS2_PLACEMENT_3D ( 'NONE', #662, #5640, #554 ) ;
#2868 = DIRECTION ( 'NONE',  ( 1.000000000000000000, 0.000000000000000000, 0.000000000000000000 ) ) ;
#2869 = SURFACE_SIDE_STYLE ('',( #4704 ) ) ;
#2870 = FACE_OUTER_BOUND ( 'NONE', #2885, .T. ) ;
#2871 = ORIENTED_EDGE ( 'NONE', *, *, #2170, .F. ) ;
#2872 = VERTEX_POINT ( 'NONE', #1258 ) ;
#2873 = ORIENTED_EDGE ( 'NONE', *, *, #1726, .F. ) ;
#2874 = DIRECTION ( 'NONE',  ( 0.000000000000000000, 0.000000000000000000, -1.000000000000000000 ) ) ;
#2875 = CARTESIAN_POINT ( 'NONE',  ( -0.2749999999999999667, -1.084202172485504434E-16, -0.6499999999999995781 ) ) ;
#2876 = DIRECTION ( 'NONE',  ( -1.000000000000000000, -0.000000000000000000, -0.000000000000000000 ) ) ;
#2877 = FACE_OUTER_BOUND ( 'NONE', #3562, .T. ) ;
#2878 = CARTESIAN_POINT ( 'NONE',  ( -0.1500000000000000777, 0.03499999999999999639, -0.4999999999999995559 ) ) ;
#2879 = ORIENTED_EDGE ( 'NONE', *, *, #4936, .F. ) ;
#2880 = LINE ( 'NONE', #5449, #722 ) ;
#2881 = CARTESIAN_POINT ( 'NONE',  ( 0.1499999999999999667, -1.084202172485504434E-16, -0.6499999999999995781 ) ) ;
#2882 = DIRECTION ( 'NONE',  ( 0.000000000000000000, 0.000000000000000000, 1.000000000000000000 ) ) ;
#2883 = PLANE ( 'NONE',  #4001 ) ;
#2884 = VECTOR ( 'NONE', #2945, 1000.000000000000000 ) ;
#2885 = EDGE_LOOP ( 'NONE', ( #2383, #1703, #1510, #4340, #2778, #1092, #1498, #4235, #3374, #5480, #1012, #4147, #1655, #3617, #1353, #578, #1472, #366, #5861, #3014, #423, #2442, #2700, #3670, #4794, #1485, #716, #3165 ) ) ;
#2886 = DIRECTION ( 'NONE',  ( 0.000000000000000000, 5.332786478978330875E-17, -1.000000000000000000 ) ) ;
#2887 = ORIENTED_EDGE ( 'NONE', *, *, #1675, .T. ) ;
#2888 = PLANE ( 'NONE',  #3496 ) ;
#2889 = VECTOR ( 'NONE', #4935, 1000.000000000000000 ) ;
#2890 = FACE_OUTER_BOUND ( 'NONE', #4638, .T. ) ;
#2891 = EDGE_CURVE ( 'NONE', #4739, #3877, #1285, .T. ) ;
#2892 = AXIS2_PLACEMENT_3D ( 'NONE', #27, #877, #3712 ) ;
#2893 = ORIENTED_EDGE ( 'NONE', *, *, #3064, .F. ) ;
#2894 = CARTESIAN_POINT ( 'NONE',  ( -0.9500000000000000666, 0.03499999999999999639, 0.4999999999999995559 ) ) ;
#2895 = DIRECTION ( 'NONE',  ( -0.000000000000000000, 0.000000000000000000, 1.000000000000000000 ) ) ;
#2896 = ORIENTED_EDGE ( 'NONE', *, *, #2750, .T. ) ;
#2897 = FILL_AREA_STYLE ('',( #1191 ) ) ;
#2898 = EDGE_LOOP ( 'NONE', ( #5370, #841, #239, #3089 ) ) ;
#2899 = ORIENTED_EDGE ( 'NONE', *, *, #3261, .F. ) ;
#2900 = FACE_OUTER_BOUND ( 'NONE', #3536, .T. ) ;
#2901 = DIRECTION ( 'NONE',  ( 0.000000000000000000, -1.000000000000000000, 0.000000000000000000 ) ) ;
#2902 = LINE ( 'NONE', #4657, #696 ) ;
#2903 = DIRECTION ( 'NONE',  ( -7.228014483236698528E-16, 0.000000000000000000, -1.000000000000000000 ) ) ;
#2904 = CARTESIAN_POINT ( 'NONE',  ( 0.6500000000000000222, 0.03499999999999999639, 0.7649999999999991251 ) ) ;
#2905 = ORIENTED_EDGE ( 'NONE', *, *, #652, .F. ) ;
#2906 = CARTESIAN_POINT ( 'NONE',  ( 1.600000000000000311, 4.176956441796261466, 0.7649999999999991251 ) ) ;
#2907 = DIRECTION ( 'NONE',  ( -0.000000000000000000, 0.000000000000000000, 1.000000000000000000 ) ) ;
#2908 = EDGE_CURVE ( 'NONE', #4179, #2546, #5750, .T. ) ;
#2909 = CARTESIAN_POINT ( 'NONE',  ( 1.600000000000000311, 0.6299999999999998934, -0.7649999999999991251 ) ) ;
#2910 = LINE ( 'NONE', #615, #2299 ) ;
#2911 = ORIENTED_EDGE ( 'NONE', *, *, #4232, .T. ) ;
#2912 = LINE ( 'NONE', #3386, #507 ) ;
#2913 = ORIENTED_EDGE ( 'NONE', *, *, #3888, .T. ) ;
#2914 = ORIENTED_EDGE ( 'NONE', *, *, #2602, .F. ) ;
#2915 = LINE ( 'NONE', #1970, #1693 ) ;
#2916 = EDGE_CURVE ( 'NONE', #2763, #2149, #3133, .T. ) ;
#2917 = DIRECTION ( 'NONE',  ( 0.000000000000000000, 0.000000000000000000, 1.000000000000000000 ) ) ;
#2918 = EDGE_CURVE ( 'NONE', #1437, #1289, #771, .T. ) ;
#2919 = ORIENTED_EDGE ( 'NONE', *, *, #4152, .T. ) ;
#2920 = PLANE ( 'NONE',  #4733 ) ;
#2921 = ADVANCED_FACE ( 'NONE', ( #4860 ), #1316, .F. ) ;
#2922 = DIRECTION ( 'NONE',  ( -1.000000000000000000, 0.000000000000000000, 0.000000000000000000 ) ) ;
#2923 = VECTOR ( 'NONE', #764, 1000.000000000000000 ) ;
#2924 = ORIENTED_EDGE ( 'NONE', *, *, #5327, .T. ) ;
#2925 =( GEOMETRIC_REPRESENTATION_CONTEXT ( 3 ) GLOBAL_UNCERTAINTY_ASSIGNED_CONTEXT ( ( #2172 ) ) GLOBAL_UNIT_ASSIGNED_CONTEXT ( ( #791, #3900, #2612 ) ) REPRESENTATION_CONTEXT ( 'NONE', 'WORKASPACE' ) );
#2926 = VERTEX_POINT ( 'NONE', #3164 ) ;
#2927 = ADVANCED_FACE ( 'NONE', ( #745 ), #868, .T. ) ;
#2928 = LINE ( 'NONE', #5060, #3022 ) ;
#2929 = LINE ( 'NONE', #4293, #2759 ) ;
#2930 = AXIS2_PLACEMENT_3D ( 'NONE', #4238, #5164, #162 ) ;
#2931 = VECTOR ( 'NONE', #4011, 1000.000000000000000 ) ;
#2932 = CARTESIAN_POINT ( 'NONE',  ( -0.1500000000000000777, 0.6650000000000000355, -0.4249999999999996003 ) ) ;
#2933 = EDGE_CURVE ( 'NONE', #2413, #4841, #3070, .T. ) ;
#2934 = DIRECTION ( 'NONE',  ( -0.000000000000000000, -1.000000000000000000, 0.000000000000000000 ) ) ;
#2935 = EDGE_CURVE ( 'NONE', #4777, #3257, #336, .T. ) ;
#2936 = LINE ( 'NONE', #1985, #4571 ) ;
#2937 = VECTOR ( 'NONE', #1806, 1000.000000000000000 ) ;
#2938 = DIRECTION ( 'NONE',  ( 1.000000000000000000, 0.000000000000000000, 0.000000000000000000 ) ) ;
#2939 = VECTOR ( 'NONE', #3790, 1000.000000000000000 ) ;
#2940 = VERTEX_POINT ( 'NONE', #308 ) ;
#2941 = LINE ( 'NONE', #5280, #1977 ) ;
#2942 = CARTESIAN_POINT ( 'NONE',  ( -0.1500000000000000777, -6.368163355566234902E-17, -0.4999999999999995559 ) ) ;
#2943 = LINE ( 'NONE', #172, #5234 ) ;
#2944 = LINE ( 'NONE', #3385, #4174 ) ;
#2945 = DIRECTION ( 'NONE',  ( 3.614007241618349264E-16, 0.000000000000000000, -1.000000000000000000 ) ) ;
#2946 = VERTEX_POINT ( 'NONE', #837 ) ;
#2947 = ORIENTED_EDGE ( 'NONE', *, *, #4236, .T. ) ;
#2948 = PLANE ( 'NONE',  #1211 ) ;
#2949 = ORIENTED_EDGE ( 'NONE', *, *, #5809, .T. ) ;
#2950 = CARTESIAN_POINT ( 'NONE',  ( 0.6500000000000000222, 0.6299999999999998934, 0.7649999999999991251 ) ) ;
#2951 = VECTOR ( 'NONE', #2810, 1000.000000000000000 ) ;
#2952 = CARTESIAN_POINT ( 'NONE',  ( -0.1500000000000000777, 0.03499999999999999639, 0.4999999999999995559 ) ) ;
#2953 = CARTESIAN_POINT ( 'NONE',  ( 1.600000000000000311, -1.004210375300829378E-16, -0.7999999999999994893 ) ) ;
#2954 = COLOUR_RGB ( '',0.7921568627450980005, 0.8196078431372548767, 0.9333333333333333481 ) ;
#2955 = ORIENTED_EDGE ( 'NONE', *, *, #2618, .T. ) ;
#2956 = VERTEX_POINT ( 'NONE', #4405 ) ;
#2957 = CARTESIAN_POINT ( 'NONE',  ( 1.450000000000000178, 0.6299999999999996714, -0.4249999999999996003 ) ) ;
#2958 = DIRECTION ( 'NONE',  ( 1.000000000000000000, -0.000000000000000000, 1.016439536705160160E-16 ) ) ;
#2959 = LINE ( 'NONE', #1531, #3782 ) ;
#2960 = AXIS2_PLACEMENT_3D ( 'NONE', #1838, #5464, #3201 ) ;
#2961 = DIRECTION ( 'NONE',  ( 0.000000000000000000, -1.000000000000000000, 0.000000000000000000 ) ) ;
#2962 = EDGE_CURVE ( 'NONE', #4335, #2308, #3963, .T. ) ;
#2963 = VERTEX_POINT ( 'NONE', #3612 ) ;
#2964 = DIRECTION ( 'NONE',  ( -1.000000000000000000, 0.000000000000000000, 0.000000000000000000 ) ) ;
#2965 = DIRECTION ( 'NONE',  ( -0.000000000000000000, 1.000000000000000000, -0.000000000000000000 ) ) ;
#2966 = ORIENTED_EDGE ( 'NONE', *, *, #5686, .F. ) ;
#2967 = CARTESIAN_POINT ( 'NONE',  ( 1.600000000000000311, 4.176956441796261466, -0.7649999999999991251 ) ) ;
#2968 = LINE ( 'NONE', #5150, #39 ) ;
#2969 = EDGE_CURVE ( 'NONE', #131, #1040, #4497, .T. ) ;
#2970 = ORIENTED_EDGE ( 'NONE', *, *, #2573, .T. ) ;
#2971 = ORIENTED_EDGE ( 'NONE', *, *, #1179, .F. ) ;
#2972 = DIRECTION ( 'NONE',  ( 0.000000000000000000, 0.000000000000000000, -1.000000000000000000 ) ) ;
#2973 = VECTOR ( 'NONE', #5172, 1000.000000000000000 ) ;
#2974 = CARTESIAN_POINT ( 'NONE',  ( 0.5250000000000000222, -1.084202172485504434E-16, -0.4999999999999995559 ) ) ;
#2975 = VERTEX_POINT ( 'NONE', #5395 ) ;
#2976 = VECTOR ( 'NONE', #4904, 1000.000000000000000 ) ;
#2977 = DIRECTION ( 'NONE',  ( 0.000000000000000000, 0.000000000000000000, 1.000000000000000000 ) ) ;
#2978 = CARTESIAN_POINT ( 'NONE',  ( -0.1500000000000000777, -1.084202172485504434E-16, -0.7999999999999994893 ) ) ;
#2979 = ADVANCED_FACE ( 'NONE', ( #3515 ), #365, .T. ) ;
#2980 = AXIS2_PLACEMENT_3D ( 'NONE', #4996, #5522, #1871 ) ;
#2981 = ORIENTED_EDGE ( 'NONE', *, *, #5550, .F. ) ;
#2982 = VERTEX_POINT ( 'NONE', #1348 ) ;
#2983 = PLANE ( 'NONE',  #3793 ) ;
#2984 = CARTESIAN_POINT ( 'NONE',  ( 0.5250000000000000222, 0.6299999999999996714, -0.4249999999999996003 ) ) ;
#2985 = VECTOR ( 'NONE', #3659, 1000.000000000000000 ) ;
#2986 = LINE ( 'NONE', #3853, #4634 ) ;
#2987 = EDGE_CURVE ( 'NONE', #2606, #1166, #2688, .T. ) ;
#2988 = DIRECTION ( 'NONE',  ( -1.000000000000000000, 0.000000000000000000, 0.000000000000000000 ) ) ;
#2989 = ORIENTED_EDGE ( 'NONE', *, *, #2558, .F. ) ;
#2990 = ADVANCED_FACE ( 'NONE', ( #5868 ), #1798, .F. ) ;
#2991 = FACE_OUTER_BOUND ( 'NONE', #4243, .T. ) ;
#2992 = CARTESIAN_POINT ( 'NONE',  ( -0.2749999999999999667, -1.084202172485504434E-16, 0.6499999999999995781 ) ) ;
#2993 = ADVANCED_FACE ( 'NONE', ( #5013 ), #2716, .F. ) ;
#2994 = CARTESIAN_POINT ( 'NONE',  ( -0.9500000000000000666, 0.03499999999999999639, 0.000000000000000000 ) ) ;
#2995 = CYLINDRICAL_SURFACE ( 'NONE', #1555, 0.02333333333333321297 ) ;
#2996 = ORIENTED_EDGE ( 'NONE', *, *, #4579, .F. ) ;
#2997 = VERTEX_POINT ( 'NONE', #44 ) ;
#2998 = EDGE_CURVE ( 'NONE', #5204, #677, #3645, .T. ) ;
#2999 = FACE_OUTER_BOUND ( 'NONE', #3026, .T. ) ;
#3000 = LINE ( 'NONE', #3502, #1685 ) ;
#3001 = LINE ( 'NONE', #5794, #2504 ) ;
#3002 = ORIENTED_EDGE ( 'NONE', *, *, #2734, .F. ) ;
#3003 = CARTESIAN_POINT ( 'NONE',  ( 0.5250000000000000222, 0.6650000000000000355, 0.4249999999999996003 ) ) ;
#3004 = DIRECTION ( 'NONE',  ( 1.000000000000000000, 0.000000000000000000, 0.000000000000000000 ) ) ;
#3005 = LINE ( 'NONE', #3540, #4537 ) ;
#3006 = ORIENTED_EDGE ( 'NONE', *, *, #5046, .F. ) ;
#3007 = ORIENTED_EDGE ( 'NONE', *, *, #3529, .T. ) ;
#3008 = PRODUCT_DEFINITION ( 'UNKNOWN', '', #993, #1397 ) ;
#3009 = CARTESIAN_POINT ( 'NONE',  ( 0.6500000000000000222, 0.6299999999999996714, 0.4249999999999996003 ) ) ;
#3010 = DIRECTION ( 'NONE',  ( -1.000000000000000000, 0.000000000000000000, 0.000000000000000000 ) ) ;
#3011 = DIRECTION ( 'NONE',  ( 0.000000000000000000, 1.000000000000000000, 0.000000000000000000 ) ) ;
#3012 = VECTOR ( 'NONE', #6, 1000.000000000000000 ) ;
#3013 = CARTESIAN_POINT ( 'NONE',  ( 0.2749999999999999667, 0.6650000000000000355, 0.7999999999999994893 ) ) ;
#3014 = ORIENTED_EDGE ( 'NONE', *, *, #3957, .F. ) ;
#3015 = AXIS2_PLACEMENT_3D ( 'NONE', #3867, #3844, #4700 ) ;
#3016 = VERTEX_POINT ( 'NONE', #5456 ) ;
#3017 = LINE ( 'NONE', #4002, #4829 ) ;
#3018 = VECTOR ( 'NONE', #2774, 1000.000000000000000 ) ;
#3019 = EDGE_CURVE ( 'NONE', #1272, #2435, #3226, .T. ) ;
#3020 = DIRECTION ( 'NONE',  ( 0.000000000000000000, 0.000000000000000000, 1.000000000000000000 ) ) ;
#3021 = CARTESIAN_POINT ( 'NONE',  ( 0.6500000000000000222, 0.6299999999999996714, 0.6499999999999995781 ) ) ;
#3022 = VECTOR ( 'NONE', #527, 1000.000000000000000 ) ;
#3023 = LINE ( 'NONE', #2994, #2011 ) ;
#3024 = AXIS2_PLACEMENT_3D ( 'NONE', #4699, #4643, #619 ) ;
#3025 = DIRECTION ( 'NONE',  ( 0.000000000000000000, 0.000000000000000000, 1.000000000000000000 ) ) ;
#3026 = EDGE_LOOP ( 'NONE', ( #546, #3122, #1920, #5326 ) ) ;
#3027 = ORIENTED_EDGE ( 'NONE', *, *, #4205, .T. ) ;
#3028 = VECTOR ( 'NONE', #2122, 1000.000000000000000 ) ;
#3029 = LINE ( 'NONE', #4812, #4927 ) ;
#3030 = CARTESIAN_POINT ( 'NONE',  ( 1.600000000000000311, 0.03499999999999998251, -0.6499999999999998002 ) ) ;
#3031 = CARTESIAN_POINT ( 'NONE',  ( 0.6500000000000000222, 0.6650000000000000355, -0.4999999999999995559 ) ) ;
#3032 = VERTEX_POINT ( 'NONE', #4986 ) ;
#3033 = EDGE_CURVE ( 'NONE', #2212, #2546, #4589, .T. ) ;
#3034 = EDGE_CURVE ( 'NONE', #5260, #2817, #3254, .T. ) ;
#3035 = CARTESIAN_POINT ( 'NONE',  ( 0.2749999999999999667, 0.6650000000000000355, -0.4249999999999996003 ) ) ;
#3036 = CARTESIAN_POINT ( 'NONE',  ( -0.1500000000000000777, 0.03499999999999999639, 0.6499999999999995781 ) ) ;
#3037 =( NAMED_UNIT ( * ) SI_UNIT ( $, .STERADIAN. ) SOLID_ANGLE_UNIT ( ) );
#3038 = ORIENTED_EDGE ( 'NONE', *, *, #5836, .F. ) ;
#3039 = ADVANCED_FACE ( 'NONE', ( #451 ), #515, .F. ) ;
#3040 = VECTOR ( 'NONE', #4828, 1000.000000000000000 ) ;
#3041 = ORIENTED_EDGE ( 'NONE', *, *, #3732, .F. ) ;
#3042 = CARTESIAN_POINT ( 'NONE',  ( 0.6500000000000000222, 0.03499999999999999639, -0.4999999999999995559 ) ) ;
#3043 = CARTESIAN_POINT ( 'NONE',  ( 1.565000000000000169, 0.6300000000000000044, -0.4249999999999995448 ) ) ;
#3044 = DIRECTION ( 'NONE',  ( -0.000000000000000000, -0.000000000000000000, 1.000000000000000000 ) ) ;
#3045 = VECTOR ( 'NONE', #5130, 1000.000000000000000 ) ;
#3046 = DIRECTION ( 'NONE',  ( -0.000000000000000000, 0.000000000000000000, 1.000000000000000000 ) ) ;
#3047 = ORIENTED_EDGE ( 'NONE', *, *, #5818, .T. ) ;
#3048 = ORIENTED_EDGE ( 'NONE', *, *, #2908, .T. ) ;
#3049 = VECTOR ( 'NONE', #908, 1000.000000000000000 ) ;
#3050 = DIRECTION ( 'NONE',  ( -1.000000000000000000, 0.000000000000000000, 8.673617379884059138E-16 ) ) ;
#3051 = PLANE ( 'NONE',  #3870 ) ;
#3052 = CARTESIAN_POINT ( 'NONE',  ( 1.074999999999999956, 0.6650000000000000355, 0.7999999999999994893 ) ) ;
#3053 = CARTESIAN_POINT ( 'NONE',  ( -1.565000000000000169, 0.6999999999999998446, 0.4766666666666662389 ) ) ;
#3054 = PLANE ( 'NONE',  #3071 ) ;
#3055 = ORIENTED_EDGE ( 'NONE', *, *, #2310, .T. ) ;
#3056 = VERTEX_POINT ( 'NONE', #899 ) ;
#3057 = CARTESIAN_POINT ( 'NONE',  ( -1.074999999999999956, 0.6649999999999998135, -0.6499999999999995781 ) ) ;
#3058 = CARTESIAN_POINT ( 'NONE',  ( -0.1500000000000000777, -1.084202172485504434E-16, 0.6499999999999995781 ) ) ;
#3059 = CARTESIAN_POINT ( 'NONE',  ( -0.1499999999999998557, -1.084202172485504434E-16, 0.7999999999999997113 ) ) ;
#3060 = ADVANCED_FACE ( 'NONE', ( #129 ), #103, .F. ) ;
#3061 = ORIENTED_EDGE ( 'NONE', *, *, #4408, .F. ) ;
#3062 = SURFACE_STYLE_FILL_AREA ( #5741 ) ;
#3063 = DIRECTION ( 'NONE',  ( 1.000000000000000000, 0.000000000000000000, 0.000000000000000000 ) ) ;
#3064 = EDGE_CURVE ( 'NONE', #4162, #1272, #4145, .T. ) ;
#3065 = AXIS2_PLACEMENT_3D ( 'NONE', #1459, #2825, #5856 ) ;
#3066 = ORIENTED_EDGE ( 'NONE', *, *, #4511, .F. ) ;
#3067 = VERTEX_POINT ( 'NONE', #1919 ) ;
#3068 = FACE_OUTER_BOUND ( 'NONE', #4763, .T. ) ;
#3069 = DIRECTION ( 'NONE',  ( -0.000000000000000000, 1.000000000000000000, -0.000000000000000000 ) ) ;
#3070 = LINE ( 'NONE', #5365, #2173 ) ;
#3071 = AXIS2_PLACEMENT_3D ( 'NONE', #5732, #5815, #816 ) ;
#3072 = ORIENTED_EDGE ( 'NONE', *, *, #1367, .T. ) ;
#3073 = EDGE_CURVE ( 'NONE', #3736, #5677, #4116, .T. ) ;
#3074 = LINE ( 'NONE', #3013, #3725 ) ;
#3075 = ORIENTED_EDGE ( 'NONE', *, *, #2933, .F. ) ;
#3076 = ORIENTED_EDGE ( 'NONE', *, *, #3668, .F. ) ;
#3077 = CARTESIAN_POINT ( 'NONE',  ( 2.602447006080619740, 0.6766666666666667496, -0.4999999999999994449 ) ) ;
#3078 = CARTESIAN_POINT ( 'NONE',  ( 0.2749999999999999667, -1.084202172485504434E-16, -0.6499999999999995781 ) ) ;
#3079 = CARTESIAN_POINT ( 'NONE',  ( -1.324999999999999956, -1.084202172485504434E-16, 0.4999999999999995559 ) ) ;
#3080 = DIRECTION ( 'NONE',  ( 0.000000000000000000, 1.000000000000000000, -0.000000000000000000 ) ) ;
#3081 = FACE_OUTER_BOUND ( 'NONE', #106, .T. ) ;
#3082 = VERTEX_POINT ( 'NONE', #3703 ) ;
#3083 = ORIENTED_EDGE ( 'NONE', *, *, #3856, .T. ) ;
#3084 = EDGE_CURVE ( 'NONE', #5673, #1489, #4088, .T. ) ;
#3085 = LINE ( 'NONE', #4902, #532 ) ;
#3086 = DIRECTION ( 'NONE',  ( 0.000000000000000000, -0.000000000000000000, -1.000000000000000000 ) ) ;
#3087 = PRODUCT_DEFINITION_SHAPE ( 'NONE', 'NONE',  #3008 ) ;
#3088 = FACE_OUTER_BOUND ( 'NONE', #979, .T. ) ;
#3089 = ORIENTED_EDGE ( 'NONE', *, *, #735, .F. ) ;
#3090 = PLANE ( 'NONE',  #4728 ) ;
#3091 = DIRECTION ( 'NONE',  ( 0.000000000000000000, -1.224646799147353454E-16, 1.000000000000000000 ) ) ;
#3092 = EDGE_CURVE ( 'NONE', #3251, #1271, #2837, .T. ) ;
#3093 = ADVANCED_FACE ( 'NONE', ( #3285 ), #1440, .F. ) ;
#3094 = CARTESIAN_POINT ( 'NONE',  ( -1.074999999999999956, 0.03499999999999999639, -0.4999999999999995559 ) ) ;
#3095 = VERTEX_POINT ( 'NONE', #4650 ) ;
#3096 = ORIENTED_EDGE ( 'NONE', *, *, #963, .T. ) ;
#3097 = EDGE_CURVE ( 'NONE', #3863, #2090, #1492, .T. ) ;
#3098 = FACE_OUTER_BOUND ( 'NONE', #3435, .T. ) ;
#3099 = CARTESIAN_POINT ( 'NONE',  ( -0.1500000000000000777, -1.004210375300829378E-16, 0.7999999999999994893 ) ) ;
#3100 = DIRECTION ( 'NONE',  ( -1.000000000000000000, 0.000000000000000000, 8.673617379884058152E-16 ) ) ;
#3101 = ORIENTED_EDGE ( 'NONE', *, *, #5314, .T. ) ;
#3102 = DIRECTION ( 'NONE',  ( -0.000000000000000000, 1.000000000000000000, -0.000000000000000000 ) ) ;
#3103 = ORIENTED_EDGE ( 'NONE', *, *, #1766, .T. ) ;
#3104 = EDGE_CURVE ( 'NONE', #5515, #3426, #992, .T. ) ;
#3105 = ORIENTED_EDGE ( 'NONE', *, *, #3033, .F. ) ;
#3106 = ADVANCED_FACE ( 'NONE', ( #5100 ), #543, .F. ) ;
#3107 = LINE ( 'NONE', #1232, #5032 ) ;
#3108 = VECTOR ( 'NONE', #2283, 1000.000000000000000 ) ;
#3109 = DIRECTION ( 'NONE',  ( 0.000000000000000000, 0.000000000000000000, -1.000000000000000000 ) ) ;
#3110 = DIRECTION ( 'NONE',  ( 0.000000000000000000, 0.000000000000000000, -1.000000000000000000 ) ) ;
#3111 = CARTESIAN_POINT ( 'NONE',  ( -0.9500000000000000666, 0.6650000000000000355, 0.4249999999999996003 ) ) ;
#3112 = VECTOR ( 'NONE', #5138, 1000.000000000000000 ) ;
#3113 = CARTESIAN_POINT ( 'NONE',  ( 1.074999999999999956, 0.6650000000000000355, -0.4249999999999996003 ) ) ;
#3114 = ORIENTED_EDGE ( 'NONE', *, *, #5546, .T. ) ;
#3115 = ORIENTED_EDGE ( 'NONE', *, *, #1179, .T. ) ;
#3116 = DIRECTION ( 'NONE',  ( -1.000000000000000000, -0.000000000000000000, 0.000000000000000000 ) ) ;
#3117 = LINE ( 'NONE', #2291, #817 ) ;
#3118 = AXIS2_PLACEMENT_3D ( 'NONE', #5155, #1574, #1521 ) ;
#3119 = DIRECTION ( 'NONE',  ( 0.000000000000000000, 0.000000000000000000, 1.000000000000000000 ) ) ;
#3120 = DIRECTION ( 'NONE',  ( 0.000000000000000000, 1.137275006103676976E-16, -1.000000000000000000 ) ) ;
#3121 = AXIS2_PLACEMENT_3D ( 'NONE', #2957, #1106, #3908 ) ;
#3122 = ORIENTED_EDGE ( 'NONE', *, *, #3521, .F. ) ;
#3123 = CLOSED_SHELL ( 'NONE', ( #3574, #5221, #4887, #523, #3454, #673, #498, #785, #3362, #5113, #5527, #3735, #2632, #193, #5096, #2849, #5541, #1343 ) ) ;
#3124 = DIRECTION ( 'NONE',  ( -0.000000000000000000, -8.182657905550991838E-16, 1.000000000000000000 ) ) ;
#3125 = DIRECTION ( 'NONE',  ( 0.000000000000000000, 1.000000000000000000, -0.000000000000000000 ) ) ;
#3126 = CLOSED_SHELL ( 'NONE', ( #121, #2096, #2012, #305, #935, #1789, #889, #134, #5656, #1327, #1869, #4071, #3626, #490, #3240, #4555, #3799, #1218 ) ) ;
#3127 = CARTESIAN_POINT ( 'NONE',  ( -0.6500000000000001332, 0.6650000000000000355, 0.6499999999999995781 ) ) ;
#3128 = ORIENTED_EDGE ( 'NONE', *, *, #5819, .T. ) ;
#3129 = APPLICATION_PROTOCOL_DEFINITION ( 'draft international standard', 'automotive_design', 1998, #1817 ) ;
#3130 = VERTEX_POINT ( 'NONE', #1975 ) ;
#3131 = DIRECTION ( 'NONE',  ( -1.000000000000000000, -0.000000000000000000, 0.000000000000000000 ) ) ;
#3132 = CARTESIAN_POINT ( 'NONE',  ( 0.2749999999999999667, -1.084202172485504434E-16, 0.6499999999999995781 ) ) ;
#3133 = LINE ( 'NONE', #4024, #4822 ) ;
#3134 = ORIENTED_EDGE ( 'NONE', *, *, #1507, .F. ) ;
#3135 = VECTOR ( 'NONE', #1932, 1000.000000000000000 ) ;
#3136 = ORIENTED_EDGE ( 'NONE', *, *, #2348, .T. ) ;
#3137 = ORIENTED_EDGE ( 'NONE', *, *, #2205, .T. ) ;
#3138 = LINE ( 'NONE', #3971, #2937 ) ;
#3139 = DIRECTION ( 'NONE',  ( 0.000000000000000000, 1.548860246407859392E-15, -1.000000000000000000 ) ) ;
#3140 = PLANE ( 'NONE',  #1274 ) ;
#3141 = AXIS2_PLACEMENT_3D ( 'NONE', #3171, #1865, #4596 ) ;
#3142 = EDGE_CURVE ( 'NONE', #871, #4453, #599, .T. ) ;
#3143 = PLANE ( 'NONE',  #5523 ) ;
#3144 = EDGE_CURVE ( 'NONE', #1698, #3723, #4231, .T. ) ;
#3145 = CARTESIAN_POINT ( 'NONE',  ( -1.600000000000000311, 0.03499999999999999639, -0.6499999999999994671 ) ) ;
#3146 = VECTOR ( 'NONE', #3786, 1000.000000000000000 ) ;
#3147 = ORIENTED_EDGE ( 'NONE', *, *, #1005, .T. ) ;
#3148 = ORIENTED_EDGE ( 'NONE', *, *, #3769, .F. ) ;
#3149 = FACE_OUTER_BOUND ( 'NONE', #5604, .T. ) ;
#3150 = DIRECTION ( 'NONE',  ( 0.000000000000000000, 1.000000000000000000, -0.000000000000000000 ) ) ;
#3151 = VECTOR ( 'NONE', #2194, 1000.000000000000000 ) ;
#3152 = LINE ( 'NONE', #1847, #3789 ) ;
#3153 = EDGE_CURVE ( 'NONE', #2332, #2763, #5601, .T. ) ;
#3154 = LINE ( 'NONE', #5035, #4118 ) ;
#3155 = ORIENTED_EDGE ( 'NONE', *, *, #1848, .F. ) ;
#3156 =( NAMED_UNIT ( * ) SI_UNIT ( $, .STERADIAN. ) SOLID_ANGLE_UNIT ( ) );
#3157 = CARTESIAN_POINT ( 'NONE',  ( 1.600000000000000311, 0.03499999999999999639, 0.7649999999999991251 ) ) ;
#3158 = ORIENTED_EDGE ( 'NONE', *, *, #2969, .T. ) ;
#3159 = APPLICATION_PROTOCOL_DEFINITION ( 'draft international standard', 'automotive_design', 1998, #5267 ) ;
#3160 = VERTEX_POINT ( 'NONE', #5133 ) ;
#3161 = CARTESIAN_POINT ( 'NONE',  ( 0.2749999999999999667, 0.6299999999999996714, 0.4249999999999996003 ) ) ;
#3162 = DIRECTION ( 'NONE',  ( 0.000000000000000000, 0.000000000000000000, -1.000000000000000000 ) ) ;
#3163 = ADVANCED_FACE ( 'NONE', ( #2870 ), #3582, .F. ) ;
#3164 = CARTESIAN_POINT ( 'NONE',  ( -0.6500000000000000222, 0.03499999999999999639, -0.4999999999999994449 ) ) ;
#3165 = ORIENTED_EDGE ( 'NONE', *, *, #1143, .T. ) ;
#3166 = EDGE_CURVE ( 'NONE', #1331, #4615, #2600, .T. ) ;
#3167 = VECTOR ( 'NONE', #1867, 1000.000000000000000 ) ;
#3168 = ORIENTED_EDGE ( 'NONE', *, *, #3519, .F. ) ;
#3169 = ORIENTED_EDGE ( 'NONE', *, *, #369, .F. ) ;
#3170 = VECTOR ( 'NONE', #4447, 1000.000000000000000 ) ;
#3171 = CARTESIAN_POINT ( 'NONE',  ( 0.6500000000000000222, 0.6299999999999998934, 0.7649999999999991251 ) ) ;
#3172 = CARTESIAN_POINT ( 'NONE',  ( 1.600000000000000311, 0.6649999999999998135, -0.6499999999999998002 ) ) ;
#3173 = PLANE ( 'NONE',  #1732 ) ;
#3174 = EDGE_CURVE ( 'NONE', #223, #4139, #2221, .T. ) ;
#3175 = DIRECTION ( 'NONE',  ( -1.000000000000000000, 0.000000000000000000, 1.668003342285392783E-16 ) ) ;
#3176 = AXIS2_PLACEMENT_3D ( 'NONE', #2343, #467, #3589 ) ;
#3177 = DIRECTION ( 'NONE',  ( 1.000000000000000000, -0.000000000000000000, -0.000000000000000000 ) ) ;
#3178 = VERTEX_POINT ( 'NONE', #1705 ) ;
#3179 = EDGE_CURVE ( 'NONE', #3691, #2090, #3138, .T. ) ;
#3180 = ORIENTED_EDGE ( 'NONE', *, *, #5154, .F. ) ;
#3181 = DIRECTION ( 'NONE',  ( -0.000000000000000000, -0.000000000000000000, -1.000000000000000000 ) ) ;
#3182 = EDGE_CURVE ( 'NONE', #1346, #2049, #3490, .T. ) ;
#3183 = DIRECTION ( 'NONE',  ( -0.000000000000000000, 1.000000000000000000, -0.000000000000000000 ) ) ;
#3184 = FACE_OUTER_BOUND ( 'NONE', #231, .T. ) ;
#3185 = ORIENTED_EDGE ( 'NONE', *, *, #3346, .T. ) ;
#3186 = CARTESIAN_POINT ( 'NONE',  ( -0.2749999999999999667, 0.6650000000000000355, -0.7999999999999994893 ) ) ;
#3187 = ORIENTED_EDGE ( 'NONE', *, *, #1076, .F. ) ;
#3188 = EDGE_CURVE ( 'NONE', #3130, #3999, #3595, .T. ) ;
#3189 = DIRECTION ( 'NONE',  ( 0.000000000000000000, -1.000000000000000000, 0.000000000000000000 ) ) ;
#3190 = CARTESIAN_POINT ( 'NONE',  ( -1.565000000000000169, 0.6650000000000001465, -0.4249999999999996003 ) ) ;
#3191 = ORIENTED_EDGE ( 'NONE', *, *, #2461, .F. ) ;
#3192 = EDGE_LOOP ( 'NONE', ( #4926, #5851, #2397, #1556 ) ) ;
#3193 = DIRECTION ( 'NONE',  ( -0.000000000000000000, -0.000000000000000000, 1.000000000000000000 ) ) ;
#3194 = DIRECTION ( 'NONE',  ( 0.000000000000000000, 1.000000000000000000, 0.000000000000000000 ) ) ;
#3195 = ORIENTED_EDGE ( 'NONE', *, *, #4842, .F. ) ;
#3196 = ORIENTED_EDGE ( 'NONE', *, *, #4923, .F. ) ;
#3197 = VERTEX_POINT ( 'NONE', #2189 ) ;
#3198 = CARTESIAN_POINT ( 'NONE',  ( -1.324999999999999956, 0.6299999999999996714, 0.4249999999999996003 ) ) ;
#3199 = PLANE ( 'NONE',  #4924 ) ;
#3200 = LINE ( 'NONE', #1419, #3167 ) ;
#3201 = DIRECTION ( 'NONE',  ( 0.000000000000000000, 0.000000000000000000, -1.000000000000000000 ) ) ;
#3202 = CARTESIAN_POINT ( 'NONE',  ( 1.074999999999999956, 0.03499999999999998251, 0.6499999999999995781 ) ) ;
#3203 = ORIENTED_EDGE ( 'NONE', *, *, #595, .T. ) ;
#3204 = EDGE_CURVE ( 'NONE', #1187, #677, #5342, .T. ) ;
#3205 = CARTESIAN_POINT ( 'NONE',  ( 1.600000000000000311, 0.6299999999999998934, -0.7649999999999991251 ) ) ;
#3206 = DIRECTION ( 'NONE',  ( -0.000000000000000000, 0.000000000000000000, 1.000000000000000000 ) ) ;
#3207 = VECTOR ( 'NONE', #3463, 1000.000000000000000 ) ;
#3208 = LINE ( 'NONE', #1568, #2642 ) ;
#3209 = ORIENTED_EDGE ( 'NONE', *, *, #5154, .T. ) ;
#3210 = DIRECTION ( 'NONE',  ( 0.000000000000000000, -0.000000000000000000, 1.000000000000000000 ) ) ;
#3211 = ORIENTED_EDGE ( 'NONE', *, *, #1581, .T. ) ;
#3212 = AXIS2_PLACEMENT_3D ( 'NONE', #1169, #2041, #686 ) ;
#3213 = AXIS2_PLACEMENT_3D ( 'NONE', #4392, #5290, #1213 ) ;
#3214 = DIRECTION ( 'NONE',  ( 0.000000000000000000, -1.000000000000000000, 0.000000000000000000 ) ) ;
#3215 = VECTOR ( 'NONE', #2868, 1000.000000000000000 ) ;
#3216 = AXIS2_PLACEMENT_3D ( 'NONE', #1334, #5031, #1778 ) ;
#3217 =( NAMED_UNIT ( * ) PLANE_ANGLE_UNIT ( ) SI_UNIT ( $, .RADIAN. ) );
#3218 = VECTOR ( 'NONE', #1049, 1000.000000000000000 ) ;
#3219 = VECTOR ( 'NONE', #2234, 1000.000000000000000 ) ;
#3220 = EDGE_CURVE ( 'NONE', #849, #3056, #2156, .T. ) ;
#3221 = EDGE_CURVE ( 'NONE', #1098, #3255, #3618, .T. ) ;
#3222 = ORIENTED_EDGE ( 'NONE', *, *, #4425, .T. ) ;
#3223 = ORIENTED_EDGE ( 'NONE', *, *, #4559, .T. ) ;
#3224 = PLANE ( 'NONE',  #456 ) ;
#3225 = DIRECTION ( 'NONE',  ( 1.000000000000000000, -0.000000000000000000, 1.016439536705160160E-16 ) ) ;
#3226 = LINE ( 'NONE', #962, #5593 ) ;
#3227 = ORIENTED_EDGE ( 'NONE', *, *, #5652, .T. ) ;
#3228 = EDGE_CURVE ( 'NONE', #4615, #2946, #1672, .T. ) ;
#3229 = ORIENTED_EDGE ( 'NONE', *, *, #3840, .T. ) ;
#3230 = ORIENTED_EDGE ( 'NONE', *, *, #2962, .T. ) ;
#3231 = CARTESIAN_POINT ( 'NONE',  ( 0.000000000000000000, 0.6300000000000000044, -0.4999999999999994449 ) ) ;
#3232 = FACE_OUTER_BOUND ( 'NONE', #5458, .T. ) ;
#3233 = CARTESIAN_POINT ( 'NONE',  ( 0.5250000000000000222, 0.6299999999999996714, -0.4249999999999996003 ) ) ;
#3234 = DIRECTION ( 'NONE',  ( -1.000000000000000000, 0.000000000000000000, 1.668003342285392783E-16 ) ) ;
#3235 = DIRECTION ( 'NONE',  ( -0.000000000000000000, 1.000000000000000000, -0.000000000000000000 ) ) ;
#3236 = ORIENTED_EDGE ( 'NONE', *, *, #73, .F. ) ;
#3237 = VECTOR ( 'NONE', #1090, 1000.000000000000000 ) ;
#3238 = DIRECTION ( 'NONE',  ( 1.000000000000000000, 0.000000000000000000, -1.016439536705160160E-16 ) ) ;
#3239 = PLANE ( 'NONE',  #1469 ) ;
#3240 = ADVANCED_FACE ( 'NONE', ( #315 ), #872, .F. ) ;
#3241 = LINE ( 'NONE', #90, #5875 ) ;
#3242 = VECTOR ( 'NONE', #1409, 1000.000000000000000 ) ;
#3243 = ORIENTED_EDGE ( 'NONE', *, *, #5689, .F. ) ;
#3244 = CARTESIAN_POINT ( 'NONE',  ( 1.450000000000000178, -6.368163355566234902E-17, 0.4999999999999995559 ) ) ;
#3245 = ORIENTED_EDGE ( 'NONE', *, *, #3711, .F. ) ;
#3246 = SURFACE_SIDE_STYLE ('',( #2798 ) ) ;
#3247 = AXIS2_PLACEMENT_3D ( 'NONE', #2465, #3861, #4276 ) ;
#3248 = EDGE_CURVE ( 'NONE', #862, #2689, #777, .T. ) ;
#3249 = CARTESIAN_POINT ( 'NONE',  ( 1.565000000000000169, 0.6766666666666667496, -0.4766666666666662389 ) ) ;
#3250 = ORIENTED_EDGE ( 'NONE', *, *, #46, .F. ) ;
#3251 = VERTEX_POINT ( 'NONE', #1265 ) ;
#3252 = DIRECTION ( 'NONE',  ( -0.000000000000000000, 1.224646799147353454E-16, -1.000000000000000000 ) ) ;
#3253 = DIRECTION ( 'NONE',  ( 3.614007241618349264E-16, 0.000000000000000000, -1.000000000000000000 ) ) ;
#3254 = LINE ( 'NONE', #5569, #937 ) ;
#3255 = VERTEX_POINT ( 'NONE', #5372 ) ;
#3256 = ORIENTED_EDGE ( 'NONE', *, *, #923, .F. ) ;
#3257 = VERTEX_POINT ( 'NONE', #5811 ) ;
#3258 = EDGE_CURVE ( 'NONE', #862, #3999, #4059, .T. ) ;
#3259 = CARTESIAN_POINT ( 'NONE',  ( 1.325000000000000178, -1.084202172485504434E-16, -0.6499999999999999112 ) ) ;
#3260 = PLANE ( 'NONE',  #2264 ) ;
#3261 = EDGE_CURVE ( 'NONE', #2794, #400, #3017, .T. ) ;
#3262 = DIRECTION ( 'NONE',  ( -1.000000000000000000, 0.000000000000000000, 0.000000000000000000 ) ) ;
#3263 = AXIS2_PLACEMENT_3D ( 'NONE', #2942, #5526, #1454 ) ;
#3264 = LINE ( 'NONE', #229, #2768 ) ;
#3265 = SURFACE_STYLE_USAGE ( .BOTH. , #4715 ) ;
#3266 = VECTOR ( 'NONE', #4012, 1000.000000000000000 ) ;
#3267 = ORIENTED_EDGE ( 'NONE', *, *, #1286, .T. ) ;
#3268 = DIRECTION ( 'NONE',  ( 1.668003342285392783E-16, 0.000000000000000000, 1.000000000000000000 ) ) ;
#3269 = LINE ( 'NONE', #2463, #2973 ) ;
#3270 = DIRECTION ( 'NONE',  ( -1.000000000000000000, 0.000000000000000000, 0.000000000000000000 ) ) ;
#3271 = VECTOR ( 'NONE', #782, 1000.000000000000000 ) ;
#3272 = FACE_OUTER_BOUND ( 'NONE', #4206, .T. ) ;
#3273 = ORIENTED_EDGE ( 'NONE', *, *, #2537, .T. ) ;
#3274 = LINE ( 'NONE', #4974, #5448 ) ;
#3275 = EDGE_LOOP ( 'NONE', ( #2198, #795, #4883, #2396 ) ) ;
#3276 = EDGE_CURVE ( 'NONE', #4576, #1412, #1737, .T. ) ;
#3277 = VECTOR ( 'NONE', #2876, 1000.000000000000000 ) ;
#3278 = CARTESIAN_POINT ( 'NONE',  ( -0.5250000000000000222, 0.6650000000000000355, 0.4249999999999996003 ) ) ;
#3279 = DIRECTION ( 'NONE',  ( -1.000000000000000000, 0.000000000000000000, 0.000000000000000000 ) ) ;
#3280 = ORIENTED_EDGE ( 'NONE', *, *, #531, .T. ) ;
#3281 = EDGE_CURVE ( 'NONE', #1620, #1731, #3107, .T. ) ;
#3282 = ADVANCED_FACE ( 'NONE', ( #4864 ), #4836, .F. ) ;
#3283 = LINE ( 'NONE', #42, #1787 ) ;
#3284 = PLANE ( 'NONE',  #667 ) ;
#3285 = FACE_OUTER_BOUND ( 'NONE', #4789, .T. ) ;
#3286 = ORIENTED_EDGE ( 'NONE', *, *, #4398, .T. ) ;
#3287 = ORIENTED_EDGE ( 'NONE', *, *, #4603, .F. ) ;
#3288 = ORIENTED_EDGE ( 'NONE', *, *, #4339, .F. ) ;
#3289 = DIRECTION ( 'NONE',  ( 1.000000000000000000, 0.000000000000000000, 0.000000000000000000 ) ) ;
#3290 = DIRECTION ( 'NONE',  ( 1.000000000000000000, 0.000000000000000000, 0.000000000000000000 ) ) ;
#3291 = DIRECTION ( 'NONE',  ( -7.228014483236698528E-16, 0.000000000000000000, -1.000000000000000000 ) ) ;
#3292 = DIRECTION ( 'NONE',  ( 1.000000000000000000, 0.000000000000000000, 0.000000000000000000 ) ) ;
#3293 = EDGE_CURVE ( 'NONE', #1910, #180, #842, .T. ) ;
#3294 =( NAMED_UNIT ( * ) SI_UNIT ( $, .STERADIAN. ) SOLID_ANGLE_UNIT ( ) );
#3295 = EDGE_CURVE ( 'NONE', #3082, #149, #5246, .T. ) ;
#3296 = ADVANCED_FACE ( 'NONE', ( #2481 ), #4157, .F. ) ;
#3297 = ORIENTED_EDGE ( 'NONE', *, *, #4875, .F. ) ;
#3298 = LINE ( 'NONE', #2018, #978 ) ;
#3299 = CARTESIAN_POINT ( 'NONE',  ( -0.5250000000000000222, -1.084202172485504434E-16, -0.6499999999999995781 ) ) ;
#3300 = DIRECTION ( 'NONE',  ( 0.000000000000000000, 2.828353493440452420E-15, 1.000000000000000000 ) ) ;
#3301 = ORIENTED_EDGE ( 'NONE', *, *, #3983, .F. ) ;
#3302 = DIRECTION ( 'NONE',  ( -0.000000000000000000, 1.000000000000000000, -0.000000000000000000 ) ) ;
#3303 = EDGE_LOOP ( 'NONE', ( #186, #757, #5065, #5509 ) ) ;
#3304 = FILL_AREA_STYLE ('',( #2439 ) ) ;
#3305 = VECTOR ( 'NONE', #3125, 1000.000000000000000 ) ;
#3306 =( GEOMETRIC_REPRESENTATION_CONTEXT ( 3 ) GLOBAL_UNCERTAINTY_ASSIGNED_CONTEXT ( ( #3953 ) ) GLOBAL_UNIT_ASSIGNED_CONTEXT ( ( #1911, #5066, #3156 ) ) REPRESENTATION_CONTEXT ( 'NONE', 'WORKASPACE' ) );
#3307 = LINE ( 'NONE', #4338, #1981 ) ;
#3308 = EDGE_LOOP ( 'NONE', ( #3287, #323, #5422, #167 ) ) ;
#3309 = VECTOR ( 'NONE', #4111, 1000.000000000000000 ) ;
#3310 = CIRCLE ( 'NONE', #644, 0.02333333333333321297 ) ;
#3311 = CARTESIAN_POINT ( 'NONE',  ( -0.9499999999999998446, 4.176956441796261466, -0.7649999999999989031 ) ) ;
#3312 = CARTESIAN_POINT ( 'NONE',  ( -0.9500000000000000666, 0.03499999999999999639, -0.7649999999999991251 ) ) ;
#3313 = CARTESIAN_POINT ( 'NONE',  ( 1.450000000000000178, 0.03499999999999999639, -0.7649999999999991251 ) ) ;
#3314 = AXIS2_PLACEMENT_3D ( 'NONE', #1831, #2363, #4558 ) ;
#3315 = ORIENTED_EDGE ( 'NONE', *, *, #3228, .F. ) ;
#3316 = ORIENTED_EDGE ( 'NONE', *, *, #883, .T. ) ;
#3317 = VECTOR ( 'NONE', #2450, 1000.000000000000000 ) ;
#3318 = VERTEX_POINT ( 'NONE', #248 ) ;
#3319 = CARTESIAN_POINT ( 'NONE',  ( -0.6500000000000001332, 0.6299999999999997824, -0.6499999999999995781 ) ) ;
#3320 = CARTESIAN_POINT ( 'NONE',  ( 0.5250000000000000222, 0.6650000000000000355, -0.7999999999999994893 ) ) ;
#3321 = CARTESIAN_POINT ( 'NONE',  ( 1.600000000000000311, 0.6299999999999997824, -0.6499999999999998002 ) ) ;
#3322 = PRESENTATION_LAYER_ASSIGNMENT (  '', '', ( #1901 ) ) ;
#3323 = FACE_OUTER_BOUND ( 'NONE', #2898, .T. ) ;
#3324 = LINE ( 'NONE', #2851, #2698 ) ;
#3325 = ORIENTED_EDGE ( 'NONE', *, *, #807, .F. ) ;
#3326 = CARTESIAN_POINT ( 'NONE',  ( 1.074999999999999956, 0.6299999999999996714, 0.4249999999999996003 ) ) ;
#3327 = LINE ( 'NONE', #5145, #4016 ) ;
#3328 = EDGE_CURVE ( 'NONE', #2063, #3894, #2928, .T. ) ;
#3329 = LINE ( 'NONE', #4692, #1141 ) ;
#3330 = CARTESIAN_POINT ( 'NONE',  ( -1.600000000000000311, 4.176956441796261466, 0.7649999999999987921 ) ) ;
#3331 = ORIENTED_EDGE ( 'NONE', *, *, #4408, .T. ) ;
#3332 = FACE_OUTER_BOUND ( 'NONE', #5572, .T. ) ;
#3333 = AXIS2_PLACEMENT_3D ( 'NONE', #2657, #3998, #3747 ) ;
#3334 = EDGE_LOOP ( 'NONE', ( #3267, #2913, #1570, #4905, #4207, #28, #5653, #5392 ) ) ;
#3335 = APPLICATION_CONTEXT ( 'automotive_design' ) ;
#3336 = ADVANCED_FACE ( 'NONE', ( #5665 ), #975, .F. ) ;
#3337 = STYLED_ITEM ( 'NONE', ( #5159 ), #2025 ) ;
#3338 = PLANE ( 'NONE',  #3015 ) ;
#3339 = ORIENTED_EDGE ( 'NONE', *, *, #5577, .T. ) ;
#3340 = AXIS2_PLACEMENT_3D ( 'NONE', #1030, #4212, #4659 ) ;
#3341 = LINE ( 'NONE', #5242, #5774 ) ;
#3342 = CARTESIAN_POINT ( 'NONE',  ( -1.600000000000000311, 0.03499999999999999639, 0.7649999999999991251 ) ) ;
#3343 = VECTOR ( 'NONE', #311, 1000.000000000000000 ) ;
#3344 = ORIENTED_EDGE ( 'NONE', *, *, #382, .T. ) ;
#3345 = VERTEX_POINT ( 'NONE', #1167 ) ;
#3346 = EDGE_CURVE ( 'NONE', #910, #1098, #1613, .T. ) ;
#3347 = LINE ( 'NONE', #2066, #3810 ) ;
#3348 = DIRECTION ( 'NONE',  ( -1.000000000000000000, 0.000000000000000000, 0.000000000000000000 ) ) ;
#3349 = CARTESIAN_POINT ( 'NONE',  ( 1.450000000000000400, 0.6650000000000000355, 0.6499999999999993561 ) ) ;
#3350 = CARTESIAN_POINT ( 'NONE',  ( 0.6500000000000000222, -1.004210375300829378E-16, -0.7999999999999994893 ) ) ;
#3351 =( LENGTH_UNIT ( ) NAMED_UNIT ( * ) SI_UNIT ( .MILLI., .METRE. ) );
#3352 = ORIENTED_EDGE ( 'NONE', *, *, #2573, .F. ) ;
#3353 = EDGE_CURVE ( 'NONE', #1542, #1489, #4742, .T. ) ;
#3354 = CARTESIAN_POINT ( 'NONE',  ( -0.1500000000000000777, 0.6650000000000000355, 0.6499999999999995781 ) ) ;
#3355 = DIRECTION ( 'NONE',  ( 0.000000000000000000, -1.000000000000000000, 0.000000000000000000 ) ) ;
#3356 = PLANE ( 'NONE',  #1047 ) ;
#3357 = CARTESIAN_POINT ( 'NONE',  ( 1.600000000000000311, 0.6299999999999998934, -0.7649999999999991251 ) ) ;
#3358 = VECTOR ( 'NONE', #4876, 1000.000000000000000 ) ;
#3359 = VERTEX_POINT ( 'NONE', #4323 ) ;
#3360 = LINE ( 'NONE', #2382, #4693 ) ;
#3361 = ORIENTED_EDGE ( 'NONE', *, *, #1547, .T. ) ;
#3362 = ADVANCED_FACE ( 'NONE', ( #3429 ), #2983, .T. ) ;
#3363 = ORIENTED_EDGE ( 'NONE', *, *, #73, .T. ) ;
#3364 = CARTESIAN_POINT ( 'NONE',  ( -0.5250000000000000222, -1.084202172485504434E-16, 0.6499999999999995781 ) ) ;
#3365 = VECTOR ( 'NONE', #3561, 1000.000000000000000 ) ;
#3366 = DIRECTION ( 'NONE',  ( 0.000000000000000000, 0.000000000000000000, -1.000000000000000000 ) ) ;
#3367 = EDGE_CURVE ( 'NONE', #3345, #3032, #5525, .T. ) ;
#3368 = AXIS2_PLACEMENT_3D ( 'NONE', #831, #3546, #2684 ) ;
#3369 = VERTEX_POINT ( 'NONE', #4264 ) ;
#3370 = ORIENTED_EDGE ( 'NONE', *, *, #4593, .T. ) ;
#3371 = EDGE_CURVE ( 'NONE', #2817, #1620, #4772, .T. ) ;
#3372 = FACE_OUTER_BOUND ( 'NONE', #4478, .T. ) ;
#3373 = PRESENTATION_STYLE_ASSIGNMENT (( #654 ) ) ;
#3374 = ORIENTED_EDGE ( 'NONE', *, *, #1726, .T. ) ;
#3375 = ORIENTED_EDGE ( 'NONE', *, *, #4081, .T. ) ;
#3376 = CARTESIAN_POINT ( 'NONE',  ( -1.325000000000000178, -1.084202172485504434E-16, -0.6499999999999995781 ) ) ;
#3377 = DIRECTION ( 'NONE',  ( 0.000000000000000000, -1.000000000000000000, 0.000000000000000000 ) ) ;
#3378 = CARTESIAN_POINT ( 'NONE',  ( 0.6500000000000000222, 0.6650000000000000355, 0.6499999999999995781 ) ) ;
#3379 = CARTESIAN_POINT ( 'NONE',  ( 1.449999999999999956, 0.6650000000000000355, -0.6499999999999998002 ) ) ;
#3380 = CARTESIAN_POINT ( 'NONE',  ( 0.5250000000000000222, -1.084202172485504434E-16, 0.6499999999999995781 ) ) ;
#3381 = ORIENTED_EDGE ( 'NONE', *, *, #3258, .F. ) ;
#3382 = DIRECTION ( 'NONE',  ( -1.000000000000000000, 0.000000000000000000, 0.000000000000000000 ) ) ;
#3383 = DIRECTION ( 'NONE',  ( 0.000000000000000000, 0.000000000000000000, -1.000000000000000000 ) ) ;
#3384 = DIRECTION ( 'NONE',  ( -1.000000000000000000, -0.000000000000000000, -0.000000000000000000 ) ) ;
#3385 = CARTESIAN_POINT ( 'NONE',  ( 1.600000000000000311, 0.6649999999999998135, -0.6499999999999998002 ) ) ;
#3386 = CARTESIAN_POINT ( 'NONE',  ( 0.9500000000000000666, 0.6299999999999998934, 0.7649999999999991251 ) ) ;
#3387 = ORIENTED_EDGE ( 'NONE', *, *, #1616, .F. ) ;
#3388 = ORIENTED_EDGE ( 'NONE', *, *, #5580, .T. ) ;
#3389 =( LENGTH_UNIT ( ) NAMED_UNIT ( * ) SI_UNIT ( .MILLI., .METRE. ) );
#3390 = CARTESIAN_POINT ( 'NONE',  ( 0.6500000000000000222, 4.176956441796261466, -0.7649999999999990141 ) ) ;
#3391 = VERTEX_POINT ( 'NONE', #3851 ) ;
#3392 = LINE ( 'NONE', #2950, #3590 ) ;
#3393 = CARTESIAN_POINT ( 'NONE',  ( 0.2749999999999999667, -1.084202172485504434E-16, -0.4999999999999995559 ) ) ;
#3394 = ORIENTED_EDGE ( 'NONE', *, *, #1874, .T. ) ;
#3395 = EDGE_CURVE ( 'NONE', #3863, #966, #1138, .T. ) ;
#3396 = EDGE_CURVE ( 'NONE', #1371, #4435, #1558, .T. ) ;
#3397 = AXIS2_PLACEMENT_3D ( 'NONE', #2906, #1114, #4302 ) ;
#3398 = ORIENTED_EDGE ( 'NONE', *, *, #4786, .F. ) ;
#3399 = VERTEX_POINT ( 'NONE', #279 ) ;
#3400 = DIRECTION ( 'NONE',  ( -0.000000000000000000, -1.000000000000000000, 0.000000000000000000 ) ) ;
#3401 = CARTESIAN_POINT ( 'NONE',  ( -1.074999999999999956, 0.6299999999999996714, 0.4249999999999996003 ) ) ;
#3402 = VECTOR ( 'NONE', #4761, 1000.000000000000000 ) ;
#3403 = CARTESIAN_POINT ( 'NONE',  ( -0.6499999999999996891, 0.03499999999999999639, -2.349104707051925616E-16 ) ) ;
#3404 = DIRECTION ( 'NONE',  ( -1.000000000000000000, 0.000000000000000000, 0.000000000000000000 ) ) ;
#3405 = ADVANCED_FACE ( 'NONE', ( #195 ), #2007, .F. ) ;
#3406 = CARTESIAN_POINT ( 'NONE',  ( 2.602447006080619740, 0.6650000000000001465, -0.4999999999999995559 ) ) ;
#3407 = VECTOR ( 'NONE', #5500, 1000.000000000000000 ) ;
#3408 = EDGE_LOOP ( 'NONE', ( #414, #4291, #3845, #4955 ) ) ;
#3409 = DIRECTION ( 'NONE',  ( 0.000000000000000000, 1.000000000000000000, 0.000000000000000000 ) ) ;
#3410 = DIRECTION ( 'NONE',  ( -7.228014483236698528E-16, 0.000000000000000000, -1.000000000000000000 ) ) ;
#3411 = ORIENTED_EDGE ( 'NONE', *, *, #3578, .F. ) ;
#3412 = CARTESIAN_POINT ( 'NONE',  ( 0.1499999999999999667, -1.004210375300829378E-16, 0.7999999999999994893 ) ) ;
#3413 = CARTESIAN_POINT ( 'NONE',  ( 0.9500000000000000666, 4.176956441796261466, 0.7649999999999990141 ) ) ;
#3414 = ORIENTED_EDGE ( 'NONE', *, *, #989, .T. ) ;
#3415 = ORIENTED_EDGE ( 'NONE', *, *, #1612, .T. ) ;
#3416 = EDGE_CURVE ( 'NONE', #2710, #4937, #684, .T. ) ;
#3417 = PRESENTATION_STYLE_ASSIGNMENT (( #4196 ) ) ;
#3418 = CARTESIAN_POINT ( 'NONE',  ( 0.6500000000000000222, 0.03499999999999999639, -0.7649999999999991251 ) ) ;
#3419 = EDGE_LOOP ( 'NONE', ( #5319, #2236, #2016, #2302 ) ) ;
#3420 = CARTESIAN_POINT ( 'NONE',  ( -0.9500000000000000666, 0.03499999999999999639, -0.4999999999999995559 ) ) ;
#3421 = VECTOR ( 'NONE', #605, 1000.000000000000000 ) ;
#3422 = CARTESIAN_POINT ( 'NONE',  ( 0.6500000000000000222, 0.6299999999999997824, -0.6499999999999995781 ) ) ;
#3423 = EDGE_CURVE ( 'NONE', #1489, #3067, #5087, .T. ) ;
#3424 = PLANE ( 'NONE',  #5310 ) ;
#3425 = VECTOR ( 'NONE', #3539, 1000.000000000000000 ) ;
#3426 = VERTEX_POINT ( 'NONE', #4630 ) ;
#3427 = ORIENTED_EDGE ( 'NONE', *, *, #1071, .F. ) ;
#3428 = EDGE_CURVE ( 'NONE', #269, #1579, #629, .T. ) ;
#3429 = FACE_OUTER_BOUND ( 'NONE', #917, .T. ) ;
#3430 = CARTESIAN_POINT ( 'NONE',  ( 1.600000000000000311, 0.03499999999999999639, 0.6499999999999993561 ) ) ;
#3431 = DIRECTION ( 'NONE',  ( 1.000000000000000000, 0.000000000000000000, 0.000000000000000000 ) ) ;
#3432 = AXIS2_PLACEMENT_3D ( 'NONE', #3835, #1965, #210 ) ;
#3433 = CARTESIAN_POINT ( 'NONE',  ( 0.2749999999999999667, -1.084202172485504434E-16, 0.6499999999999995781 ) ) ;
#3434 = EDGE_CURVE ( 'NONE', #1437, #1371, #5634, .T. ) ;
#3435 = EDGE_LOOP ( 'NONE', ( #2242, #1278, #2218, #3339, #2441, #5806, #3072, #1915 ) ) ;
#3436 = EDGE_CURVE ( 'NONE', #3369, #4253, #2510, .T. ) ;
#3437 = FACE_OUTER_BOUND ( 'NONE', #4457, .T. ) ;
#3438 = CARTESIAN_POINT ( 'NONE',  ( 1.600000000000000311, -1.084202172485504434E-16, 0.6499999999999993561 ) ) ;
#3439 = CARTESIAN_POINT ( 'NONE',  ( 1.600000000000000311, 0.03499999999999999639, 0.7649999999999991251 ) ) ;
#3440 = LINE ( 'NONE', #754, #781 ) ;
#3441 = ORIENTED_EDGE ( 'NONE', *, *, #4644, .F. ) ;
#3442 = ORIENTED_EDGE ( 'NONE', *, *, #5386, .T. ) ;
#3443 = CARTESIAN_POINT ( 'NONE',  ( 1.074999999999999956, -1.084202172485504434E-16, -0.6499999999999995781 ) ) ;
#3444 = AXIS2_PLACEMENT_3D ( 'NONE', #5880, #3680, #52 ) ;
#3445 = LINE ( 'NONE', #4874, #5409 ) ;
#3446 = CARTESIAN_POINT ( 'NONE',  ( 2.602447006080619740, 0.6999999999999998446, 0.4766666666666662389 ) ) ;
#3447 = EDGE_CURVE ( 'NONE', #408, #2332, #5776, .T. ) ;
#3448 = VERTEX_POINT ( 'NONE', #2619 ) ;
#3449 = VECTOR ( 'NONE', #4295, 1000.000000000000000 ) ;
#3450 = CARTESIAN_POINT ( 'NONE',  ( 0.2749999999999999667, 0.6650000000000000355, 0.4249999999999996003 ) ) ;
#3451 = DIRECTION ( 'NONE',  ( -1.000000000000000000, -0.000000000000000000, -0.000000000000000000 ) ) ;
#3452 = VECTOR ( 'NONE', #3932, 1000.000000000000000 ) ;
#3453 = VERTEX_POINT ( 'NONE', #4858 ) ;
#3454 = ADVANCED_FACE ( 'NONE', ( #3934 ), #4884, .F. ) ;
#3455 = EDGE_CURVE ( 'NONE', #457, #1163, #4375, .T. ) ;
#3456 = ORIENTED_EDGE ( 'NONE', *, *, #5577, .F. ) ;
#3457 = CARTESIAN_POINT ( 'NONE',  ( -1.325000000000000178, -1.084202172485504434E-16, -0.6499999999999995781 ) ) ;
#3458 = DIRECTION ( 'NONE',  ( 0.000000000000000000, 1.000000000000000000, 0.000000000000000000 ) ) ;
#3459 = CARTESIAN_POINT ( 'NONE',  ( -0.6500000000000001332, 0.6299999999999998934, 0.7649999999999991251 ) ) ;
#3460 = CARTESIAN_POINT ( 'NONE',  ( -1.600000000000000311, -1.084202172485504434E-16, -0.6499999999999994671 ) ) ;
#3461 = EDGE_LOOP ( 'NONE', ( #2479, #3211, #1564, #2179 ) ) ;
#3462 = ORIENTED_EDGE ( 'NONE', *, *, #963, .F. ) ;
#3463 = DIRECTION ( 'NONE',  ( -7.228014483236698528E-16, 0.000000000000000000, -1.000000000000000000 ) ) ;
#3464 = CARTESIAN_POINT ( 'NONE',  ( 1.325000000000000178, 0.6299999999999996714, -0.4249999999999996003 ) ) ;
#3465 = ADVANCED_FACE ( 'NONE', ( #3513 ), #306, .F. ) ;
#3466 = DIRECTION ( 'NONE',  ( -1.000000000000000000, 0.000000000000000000, 0.000000000000000000 ) ) ;
#3467 = EDGE_CURVE ( 'NONE', #5632, #4288, #4461, .T. ) ;
#3468 = EDGE_CURVE ( 'NONE', #1910, #304, #5748, .T. ) ;
#3469 = CARTESIAN_POINT ( 'NONE',  ( -0.1500000000000000777, -1.084202172485504434E-16, -0.4999999999999994449 ) ) ;
#3470 = ORIENTED_EDGE ( 'NONE', *, *, #4443, .F. ) ;
#3471 = ORIENTED_EDGE ( 'NONE', *, *, #209, .T. ) ;
#3472 = CARTESIAN_POINT ( 'NONE',  ( -1.074999999999999956, 0.6650000000000000355, 0.4249999999999996003 ) ) ;
#3473 = CARTESIAN_POINT ( 'NONE',  ( 0.5250000000000000222, 0.03499999999999999639, -0.4999999999999995559 ) ) ;
#3474 = CARTESIAN_POINT ( 'NONE',  ( -1.600000000000000311, 0.6299999999999998934, 0.7649999999999987921 ) ) ;
#3475 = ORIENTED_EDGE ( 'NONE', *, *, #310, .T. ) ;
#3476 = CARTESIAN_POINT ( 'NONE',  ( 0.6500000000000000222, 0.03499999999999999639, 0.6499999999999995781 ) ) ;
#3477 =( NAMED_UNIT ( * ) PLANE_ANGLE_UNIT ( ) SI_UNIT ( $, .RADIAN. ) );
#3478 = ORIENTED_EDGE ( 'NONE', *, *, #1606, .T. ) ;
#3479 = ORIENTED_EDGE ( 'NONE', *, *, #3174, .F. ) ;
#3480 = CARTESIAN_POINT ( 'NONE',  ( -0.9499999999999999556, -1.084202172485504434E-16, 0.4999999999999996669 ) ) ;
#3481 = CARTESIAN_POINT ( 'NONE',  ( -0.1499999999999999667, 4.176956441796261466, -0.7649999999999989031 ) ) ;
#3482 = DIRECTION ( 'NONE',  ( 1.000000000000000000, 0.000000000000000000, 0.000000000000000000 ) ) ;
#3483 = VECTOR ( 'NONE', #5878, 1000.000000000000000 ) ;
#3484 = VECTOR ( 'NONE', #1373, 1000.000000000000000 ) ;
#3485 = LINE ( 'NONE', #1288, #5421 ) ;
#3486 = VERTEX_POINT ( 'NONE', #362 ) ;
#3487 = AXIS2_PLACEMENT_3D ( 'NONE', #5053, #969, #4597 ) ;
#3488 = VECTOR ( 'NONE', #3930, 1000.000000000000000 ) ;
#3489 = VERTEX_POINT ( 'NONE', #1313 ) ;
#3490 = LINE ( 'NONE', #4031, #5401 ) ;
#3491 = VECTOR ( 'NONE', #4587, 1000.000000000000000 ) ;
#3492 = DIRECTION ( 'NONE',  ( 0.000000000000000000, 1.000000000000000000, 0.000000000000000000 ) ) ;
#3493 = DIRECTION ( 'NONE',  ( -0.000000000000000000, 1.000000000000000000, -0.000000000000000000 ) ) ;
#3494 = AXIS2_PLACEMENT_3D ( 'NONE', #1302, #3119, #4131 ) ;
#3495 = DIRECTION ( 'NONE',  ( 0.000000000000000000, -0.000000000000000000, 1.000000000000000000 ) ) ;
#3496 = AXIS2_PLACEMENT_3D ( 'NONE', #1486, #5124, #1520 ) ;
#3497 = CARTESIAN_POINT ( 'NONE',  ( 0.1500000000000001887, 0.03499999999999999639, 0.4999999999999996669 ) ) ;
#3498 = ORIENTED_EDGE ( 'NONE', *, *, #3034, .F. ) ;
#3499 = ORIENTED_EDGE ( 'NONE', *, *, #2933, .T. ) ;
#3500 = ADVANCED_FACE ( 'NONE', ( #4022 ), #5393, .F. ) ;
#3501 = CARTESIAN_POINT ( 'NONE',  ( 0.2749999999999999667, 0.6299999999999994493, 0.6499999999999995781 ) ) ;
#3502 = CARTESIAN_POINT ( 'NONE',  ( 2.602447006080619740, 0.6650000000000001465, -0.4249999999999996003 ) ) ;
#3503 = CARTESIAN_POINT ( 'NONE',  ( 1.074999999999999956, 0.6299999999999996714, 0.4249999999999996003 ) ) ;
#3504 = ORIENTED_EDGE ( 'NONE', *, *, #3911, .F. ) ;
#3505 = ADVANCED_FACE ( 'NONE', ( #3575 ), #3994, .F. ) ;
#3506 = CARTESIAN_POINT ( 'NONE',  ( 0.6500000000000000222, 0.03499999999999999639, -0.7649999999999991251 ) ) ;
#3507 = PLANE ( 'NONE',  #1146 ) ;
#3508 = LINE ( 'NONE', #1251, #453 ) ;
#3509 = ORIENTED_EDGE ( 'NONE', *, *, #2448, .T. ) ;
#3510 = SHAPE_DEFINITION_REPRESENTATION ( #3087, #4299 ) ;
#3511 = AXIS2_PLACEMENT_3D ( 'NONE', #2433, #4305, #1066 ) ;
#3512 = VERTEX_POINT ( 'NONE', #4427 ) ;
#3513 = FACE_OUTER_BOUND ( 'NONE', #4900, .T. ) ;
#3514 = CARTESIAN_POINT ( 'NONE',  ( 0.5250000000000000222, -1.084202172485504434E-16, 0.6499999999999995781 ) ) ;
#3515 = FACE_OUTER_BOUND ( 'NONE', #2210, .T. ) ;
#3516 = ORIENTED_EDGE ( 'NONE', *, *, #1074, .T. ) ;
#3517 = DIRECTION ( 'NONE',  ( 0.000000000000000000, 0.000000000000000000, -1.000000000000000000 ) ) ;
#3518 = EDGE_LOOP ( 'NONE', ( #3760, #4666, #912, #3315 ) ) ;
#3519 = EDGE_CURVE ( 'NONE', #2752, #1719, #2686, .T. ) ;
#3520 = ORIENTED_EDGE ( 'NONE', *, *, #2461, .T. ) ;
#3521 = EDGE_CURVE ( 'NONE', #1996, #2707, #833, .T. ) ;
#3522 = VECTOR ( 'NONE', #2043, 1000.000000000000000 ) ;
#3523 = DIRECTION ( 'NONE',  ( 0.000000000000000000, 0.000000000000000000, -1.000000000000000000 ) ) ;
#3524 = CARTESIAN_POINT ( 'NONE',  ( 1.450000000000000178, 0.03499999999999999639, 0.4999999999999995559 ) ) ;
#3525 = DIRECTION ( 'NONE',  ( -0.000000000000000000, 0.000000000000000000, 1.000000000000000000 ) ) ;
#3526 = DIRECTION ( 'NONE',  ( 1.000000000000000000, 0.000000000000000000, 0.000000000000000000 ) ) ;
#3527 = CARTESIAN_POINT ( 'NONE',  ( -1.074999999999999956, -1.084202172485504434E-16, 0.6499999999999995781 ) ) ;
#3528 = ORIENTED_EDGE ( 'NONE', *, *, #5469, .T. ) ;
#3529 = EDGE_CURVE ( 'NONE', #72, #3369, #424, .T. ) ;
#3530 = ADVANCED_FACE ( 'NONE', ( #3068 ), #5803, .T. ) ;
#3531 = ORIENTED_EDGE ( 'NONE', *, *, #1804, .F. ) ;
#3532 = CARTESIAN_POINT ( 'NONE',  ( -0.6500000000000001332, 0.000000000000000000, -0.6499999999999995781 ) ) ;
#3533 = FACE_OUTER_BOUND ( 'NONE', #5175, .T. ) ;
#3534 = CARTESIAN_POINT ( 'NONE',  ( 0.1500000000000000777, -1.084202172485504434E-16, 0.7999999999999996003 ) ) ;
#3535 = ADVANCED_FACE ( 'NONE', ( #3961 ), #1728, .F. ) ;
#3536 = EDGE_LOOP ( 'NONE', ( #3415, #179, #3203, #291, #1263, #256, #2866, #448 ) ) ;
#3537 = CARTESIAN_POINT ( 'NONE',  ( 1.450000000000000178, -1.004210375300829378E-16, -0.7999999999999994893 ) ) ;
#3538 = VECTOR ( 'NONE', #2103, 1000.000000000000000 ) ;
#3539 = DIRECTION ( 'NONE',  ( 0.000000000000000000, -1.000000000000000000, 0.000000000000000000 ) ) ;
#3540 = CARTESIAN_POINT ( 'NONE',  ( 0.9500000000000000666, 0.000000000000000000, 0.6499999999999995781 ) ) ;
#3541 = ADVANCED_FACE ( 'NONE', ( #3098 ), #4915, .F. ) ;
#3542 = EDGE_CURVE ( 'NONE', #1554, #5403, #2562, .T. ) ;
#3543 = VECTOR ( 'NONE', #2934, 1000.000000000000000 ) ;
#3544 = EDGE_CURVE ( 'NONE', #1070, #2636, #3283, .T. ) ;
#3545 = ORIENTED_EDGE ( 'NONE', *, *, #5358, .T. ) ;
#3546 = DIRECTION ( 'NONE',  ( -1.000000000000000222, 0.000000000000000000, 0.000000000000000000 ) ) ;
#3547 = VERTEX_POINT ( 'NONE', #2714 ) ;
#3548 = DIRECTION ( 'NONE',  ( 0.000000000000000000, 0.000000000000000000, -1.000000000000000000 ) ) ;
#3549 = LINE ( 'NONE', #4953, #2091 ) ;
#3550 = DIRECTION ( 'NONE',  ( -0.000000000000000000, 1.000000000000000000, -0.000000000000000000 ) ) ;
#3551 = AXIS2_PLACEMENT_3D ( 'NONE', #4627, #4660, #2938 ) ;
#3552 = VERTEX_POINT ( 'NONE', #1795 ) ;
#3553 = CARTESIAN_POINT ( 'NONE',  ( -0.5250000000000000222, -1.084202172485504434E-16, 0.6499999999999995781 ) ) ;
#3554 = ORIENTED_EDGE ( 'NONE', *, *, #4328, .T. ) ;
#3555 = AXIS2_PLACEMENT_3D ( 'NONE', #3620, #403, #3110 ) ;
#3556 = EDGE_LOOP ( 'NONE', ( #4361, #592, #4320, #136 ) ) ;
#3557 = CARTESIAN_POINT ( 'NONE',  ( 0.6500000000000000222, -1.004210375300829378E-16, -0.7999999999999994893 ) ) ;
#3558 = CARTESIAN_POINT ( 'NONE',  ( -0.5250000000000000222, -1.084202172485504434E-16, -0.6499999999999995781 ) ) ;
#3559 = CARTESIAN_POINT ( 'NONE',  ( 0.6500000000000000222, 0.6299999999999996714, 0.6499999999999995781 ) ) ;
#3560 = CARTESIAN_POINT ( 'NONE',  ( 1.074999999999999956, -1.084202172485504434E-16, 0.6499999999999995781 ) ) ;
#3561 = DIRECTION ( 'NONE',  ( 0.000000000000000000, 1.000000000000000000, 0.000000000000000000 ) ) ;
#3562 = EDGE_LOOP ( 'NONE', ( #5362, #3975, #3168, #1053 ) ) ;
#3563 = VERTEX_POINT ( 'NONE', #484 ) ;
#3564 = DIRECTION ( 'NONE',  ( 1.000000000000000000, 0.000000000000000000, 0.000000000000000000 ) ) ;
#3565 = LINE ( 'NONE', #2729, #4717 ) ;
#3566 = CARTESIAN_POINT ( 'NONE',  ( 1.450000000000000178, 0.6650000000000000355, 0.4249999999999996003 ) ) ;
#3567 = DIRECTION ( 'NONE',  ( 0.000000000000000000, -1.000000000000000000, -1.137275006103676976E-16 ) ) ;
#3568 = ORIENTED_EDGE ( 'NONE', *, *, #1941, .T. ) ;
#3569 = PLANE ( 'NONE',  #1406 ) ;
#3570 = CARTESIAN_POINT ( 'NONE',  ( 0.9500000000000000666, 0.6300000000000000044, -0.4999999999999994449 ) ) ;
#3571 = FILL_AREA_STYLE ('',( #5831 ) ) ;
#3572 = ORIENTED_EDGE ( 'NONE', *, *, #1135, .T. ) ;
#3573 = ORIENTED_EDGE ( 'NONE', *, *, #5819, .F. ) ;
#3574 = ADVANCED_FACE ( 'NONE', ( #4086 ), #3224, .F. ) ;
#3575 = FACE_OUTER_BOUND ( 'NONE', #2643, .T. ) ;
#3576 = DIRECTION ( 'NONE',  ( -0.000000000000000000, 1.000000000000000000, -0.000000000000000000 ) ) ;
#3577 = CARTESIAN_POINT ( 'NONE',  ( 0.1499999999999999667, 0.03499999999999999639, 0.7649999999999991251 ) ) ;
#3578 = EDGE_CURVE ( 'NONE', #4841, #371, #4526, .T. ) ;
#3579 = ORIENTED_EDGE ( 'NONE', *, *, #593, .T. ) ;
#3580 = ORIENTED_EDGE ( 'NONE', *, *, #1777, .T. ) ;
#3581 = VERTEX_POINT ( 'NONE', #4201 ) ;
#3582 = PLANE ( 'NONE',  #4259 ) ;
#3583 = CARTESIAN_POINT ( 'NONE',  ( 1.325000000000000178, 0.6650000000000000355, -0.7999999999999994893 ) ) ;
#3584 = EDGE_CURVE ( 'NONE', #3592, #3931, #4176, .T. ) ;
#3585 = DIRECTION ( 'NONE',  ( 1.000000000000000000, 0.000000000000000000, 0.000000000000000000 ) ) ;
#3586 = VECTOR ( 'NONE', #5355, 1000.000000000000000 ) ;
#3587 = LINE ( 'NONE', #2315, #4372 ) ;
#3588 = VECTOR ( 'NONE', #1560, 1000.000000000000000 ) ;
#3589 = DIRECTION ( 'NONE',  ( 1.000000000000000000, 0.000000000000000000, -0.000000000000000000 ) ) ;
#3590 = VECTOR ( 'NONE', #3756, 1000.000000000000000 ) ;
#3591 = EDGE_LOOP ( 'NONE', ( #359, #4193, #1951, #3325 ) ) ;
#3592 = VERTEX_POINT ( 'NONE', #2834 ) ;
#3593 = PLANE ( 'NONE',  #2787 ) ;
#3594 = CARTESIAN_POINT ( 'NONE',  ( -0.1500000000000000777, 0.6650000000000000355, 0.4249999999999996003 ) ) ;
#3595 = CIRCLE ( 'NONE', #88, 0.02333333333333321297 ) ;
#3596 = VECTOR ( 'NONE', #1091, 1000.000000000000000 ) ;
#3597 = CARTESIAN_POINT ( 'NONE',  ( 0.5250000000000000222, -1.084202172485504434E-16, -0.6499999999999995781 ) ) ;
#3598 = FACE_OUTER_BOUND ( 'NONE', #5683, .T. ) ;
#3599 = UNCERTAINTY_MEASURE_WITH_UNIT (LENGTH_MEASURE( 1.000000000000000082E-05 ), #4677, 'distance_accuracy_value', 'NONE');
#3600 = VECTOR ( 'NONE', #5866, 1000.000000000000000 ) ;
#3601 = ORIENTED_EDGE ( 'NONE', *, *, #4675, .F. ) ;
#3602 = CLOSED_SHELL ( 'NONE', ( #5226, #4054, #3807, #3060, #4762, #3875, #1230, #552, #252, #2770, #4480, #4707, #2370, #3500, #3465, #1329, #5534, #339 ) ) ;
#3603 = EDGE_CURVE ( 'NONE', #4652, #1628, #3729, .T. ) ;
#3604 = CARTESIAN_POINT ( 'NONE',  ( 1.325000000000000400, 0.03499999999999999639, 0.7649999999999991251 ) ) ;
#3605 = DIRECTION ( 'NONE',  ( -1.000000000000000000, -0.000000000000000000, 0.000000000000000000 ) ) ;
#3606 = VECTOR ( 'NONE', #2922, 1000.000000000000000 ) ;
#3607 = CARTESIAN_POINT ( 'NONE',  ( -0.6499999999999999112, 0.6300000000000000044, 0.4999999999999996669 ) ) ;
#3608 = VERTEX_POINT ( 'NONE', #5481 ) ;
#3609 = EDGE_LOOP ( 'NONE', ( #5762, #2154, #3839, #5873 ) ) ;
#3610 = CARTESIAN_POINT ( 'NONE',  ( -0.5250000000000000222, -1.084202172485504434E-16, 0.6499999999999995781 ) ) ;
#3611 = CARTESIAN_POINT ( 'NONE',  ( 1.600000000000000311, -8.205133554287268041E-17, -0.6499999999999999112 ) ) ;
#3612 = CARTESIAN_POINT ( 'NONE',  ( 0.9500000000000000666, 0.6299999999999997824, -0.6499999999999995781 ) ) ;
#3613 = VERTEX_POINT ( 'NONE', #4617 ) ;
#3614 = VECTOR ( 'NONE', #208, 1000.000000000000000 ) ;
#3615 = ORIENTED_EDGE ( 'NONE', *, *, #1777, .F. ) ;
#3616 = EDGE_CURVE ( 'NONE', #4640, #3486, #5071, .T. ) ;
#3617 = ORIENTED_EDGE ( 'NONE', *, *, #5009, .T. ) ;
#3618 = LINE ( 'NONE', #3557, #4641 ) ;
#3619 = CARTESIAN_POINT ( 'NONE',  ( 1.450000000000000178, 0.6299999999999996714, -0.6499999999999995781 ) ) ;
#3620 = CARTESIAN_POINT ( 'NONE',  ( 1.074999999999999956, -1.084202172485504434E-16, 0.6499999999999995781 ) ) ;
#3621 = PRODUCT ( 'YC164-FR-07180KL', 'YC164-FR-07180KL', '', ( #863 ) ) ;
#3622 = VECTOR ( 'NONE', #5685, 1000.000000000000000 ) ;
#3623 = PLANE ( 'NONE',  #4764 ) ;
#3624 = EDGE_CURVE ( 'NONE', #157, #870, #3310, .T. ) ;
#3625 = LINE ( 'NONE', #2786, #2225 ) ;
#3626 = ADVANCED_FACE ( 'NONE', ( #3672 ), #4142, .F. ) ;
#3627 = VECTOR ( 'NONE', #1625, 1000.000000000000000 ) ;
#3628 = ORIENTED_EDGE ( 'NONE', *, *, #1497, .F. ) ;
#3629 = ORIENTED_EDGE ( 'NONE', *, *, #1497, .T. ) ;
#3630 = LINE ( 'NONE', #4070, #5350 ) ;
#3631 = DIRECTION ( 'NONE',  ( -0.000000000000000000, 0.000000000000000000, 1.000000000000000000 ) ) ;
#3632 = VECTOR ( 'NONE', #2988, 1000.000000000000000 ) ;
#3633 = CARTESIAN_POINT ( 'NONE',  ( -0.9500000000000000666, 0.6299999999999998934, -0.7649999999999991251 ) ) ;
#3634 = ORIENTED_EDGE ( 'NONE', *, *, #5644, .F. ) ;
#3635 = LINE ( 'NONE', #1909, #4019 ) ;
#3636 = ORIENTED_EDGE ( 'NONE', *, *, #130, .F. ) ;
#3637 = FACE_OUTER_BOUND ( 'NONE', #2381, .T. ) ;
#3638 = CARTESIAN_POINT ( 'NONE',  ( -1.325000000000000178, -1.084202172485504434E-16, -0.6499999999999995781 ) ) ;
#3639 = CARTESIAN_POINT ( 'NONE',  ( 1.325000000000000400, -1.084202172485504434E-16, 0.6499999999999992450 ) ) ;
#3640 = EDGE_CURVE ( 'NONE', #4777, #5571, #3643, .T. ) ;
#3641 = ORIENTED_EDGE ( 'NONE', *, *, #867, .F. ) ;
#3642 = ORIENTED_EDGE ( 'NONE', *, *, #3097, .T. ) ;
#3643 = LINE ( 'NONE', #4648, #5589 ) ;
#3644 = FILL_AREA_STYLE_COLOUR ( '', #2954 ) ;
#3645 = LINE ( 'NONE', #4203, #2543 ) ;
#3646 = ORIENTED_EDGE ( 'NONE', *, *, #4463, .T. ) ;
#3647 = VECTOR ( 'NONE', #5264, 1000.000000000000000 ) ;
#3648 = ORIENTED_EDGE ( 'NONE', *, *, #3660, .F. ) ;
#3649 = ORIENTED_EDGE ( 'NONE', *, *, #4232, .F. ) ;
#3650 = VECTOR ( 'NONE', #1031, 1000.000000000000000 ) ;
#3651 = LINE ( 'NONE', #3707, #752 ) ;
#3652 = LINE ( 'NONE', #1866, #1117 ) ;
#3653 = DIRECTION ( 'NONE',  ( 0.000000000000000000, 0.000000000000000000, 1.000000000000000000 ) ) ;
#3654 = CARTESIAN_POINT ( 'NONE',  ( 0.1499999999999999667, 0.000000000000000000, 0.6499999999999995781 ) ) ;
#3655 = DIRECTION ( 'NONE',  ( 1.000000000000000000, 0.000000000000000000, 0.000000000000000000 ) ) ;
#3656 = VERTEX_POINT ( 'NONE', #1829 ) ;
#3657 = ORIENTED_EDGE ( 'NONE', *, *, #2813, .F. ) ;
#3658 = LINE ( 'NONE', #2760, #1643 ) ;
#3659 = DIRECTION ( 'NONE',  ( 0.000000000000000000, 1.000000000000000000, -0.000000000000000000 ) ) ;
#3660 = EDGE_CURVE ( 'NONE', #3391, #2685, #572, .T. ) ;
#3661 = EDGE_CURVE ( 'NONE', #2108, #71, #2361, .T. ) ;
#3662 = DIRECTION ( 'NONE',  ( 0.000000000000000000, -0.000000000000000000, 1.000000000000000000 ) ) ;
#3663 = ORIENTED_EDGE ( 'NONE', *, *, #2656, .T. ) ;
#3664 = DIRECTION ( 'NONE',  ( 0.000000000000000000, 0.000000000000000000, 1.000000000000000000 ) ) ;
#3665 = VERTEX_POINT ( 'NONE', #1018 ) ;
#3666 = CARTESIAN_POINT ( 'NONE',  ( 1.325000000000000400, 0.6299999999999994493, 0.6499999999999992450 ) ) ;
#3667 = CARTESIAN_POINT ( 'NONE',  ( -1.600000000000000311, -1.004210375300829378E-16, 0.7999999999999994893 ) ) ;
#3668 = EDGE_CURVE ( 'NONE', #4492, #1714, #67, .T. ) ;
#3669 = LINE ( 'NONE', #4198, #2832 ) ;
#3670 = ORIENTED_EDGE ( 'NONE', *, *, #4522, .T. ) ;
#3671 = VERTEX_POINT ( 'NONE', #1408 ) ;
#3672 = FACE_OUTER_BOUND ( 'NONE', #748, .T. ) ;
#3673 =( NAMED_UNIT ( * ) SI_UNIT ( $, .STERADIAN. ) SOLID_ANGLE_UNIT ( ) );
#3674 = DIRECTION ( 'NONE',  ( -1.000000000000000000, 0.000000000000000000, 0.000000000000000000 ) ) ;
#3675 = ORIENTED_EDGE ( 'NONE', *, *, #1839, .T. ) ;
#3676 = ORIENTED_EDGE ( 'NONE', *, *, #1253, .F. ) ;
#3677 = ORIENTED_EDGE ( 'NONE', *, *, #2037, .F. ) ;
#3678 = DIRECTION ( 'NONE',  ( 1.000000000000000000, -0.000000000000000000, 0.000000000000000000 ) ) ;
#3679 = CARTESIAN_POINT ( 'NONE',  ( 1.074999999999999956, 0.03499999999999999639, 0.4999999999999995559 ) ) ;
#3680 = DIRECTION ( 'NONE',  ( 1.000000000000000000, 0.000000000000000000, 3.614007241618349264E-16 ) ) ;
#3681 = LINE ( 'NONE', #2285, #2201 ) ;
#3682 = FACE_OUTER_BOUND ( 'NONE', #636, .T. ) ;
#3683 = ORIENTED_EDGE ( 'NONE', *, *, #1443, .F. ) ;
#3684 = LINE ( 'NONE', #5495, #1736 ) ;
#3685 = DIRECTION ( 'NONE',  ( -1.000000000000000000, 0.000000000000000000, 0.000000000000000000 ) ) ;
#3686 = VECTOR ( 'NONE', #3189, 1000.000000000000000 ) ;
#3687 = LINE ( 'NONE', #2705, #4074 ) ;
#3688 = VECTOR ( 'NONE', #5858, 1000.000000000000000 ) ;
#3689 = VERTEX_POINT ( 'NONE', #1889 ) ;
#3690 = DIRECTION ( 'NONE',  ( 1.000000000000000000, 0.000000000000000000, 0.000000000000000000 ) ) ;
#3691 = VERTEX_POINT ( 'NONE', #3161 ) ;
#3692 = EDGE_CURVE ( 'NONE', #1310, #1760, #2745, .T. ) ;
#3693 = VECTOR ( 'NONE', #5337, 1000.000000000000000 ) ;
#3694 = VECTOR ( 'NONE', #2330, 1000.000000000000000 ) ;
#3695 = FILL_AREA_STYLE ('',( #2298 ) ) ;
#3696 = VECTOR ( 'NONE', #5483, 1000.000000000000000 ) ;
#3697 = AXIS2_PLACEMENT_3D ( 'NONE', #5382, #822, #3086 ) ;
#3698 = EDGE_CURVE ( 'NONE', #5582, #3592, #1347, .T. ) ;
#3699 = ORIENTED_EDGE ( 'NONE', *, *, #5633, .T. ) ;
#3700 = EDGE_CURVE ( 'NONE', #3931, #3391, #3702, .T. ) ;
#3701 = EDGE_LOOP ( 'NONE', ( #2460, #4976, #2142, #4347, #4832, #2589, #3601, #5077, #544, #4117 ) ) ;
#3702 = LINE ( 'NONE', #1438, #3784 ) ;
#3703 = CARTESIAN_POINT ( 'NONE',  ( -1.074999999999999956, -1.084202172485504434E-16, -0.4999999999999995559 ) ) ;
#3704 = ORIENTED_EDGE ( 'NONE', *, *, #1434, .T. ) ;
#3705 = ORIENTED_EDGE ( 'NONE', *, *, #5766, .T. ) ;
#3706 = ORIENTED_EDGE ( 'NONE', *, *, #478, .F. ) ;
#3707 = CARTESIAN_POINT ( 'NONE',  ( 0.9500000000000000666, -1.084202172485504434E-16, -0.4999999999999994449 ) ) ;
#3708 = PLANE ( 'NONE',  #173 ) ;
#3709 = DIRECTION ( 'NONE',  ( -0.000000000000000000, 0.000000000000000000, 1.000000000000000000 ) ) ;
#3710 = CARTESIAN_POINT ( 'NONE',  ( 1.600000000000000311, 0.03499999999999998251, -0.6499999999999998002 ) ) ;
#3711 = EDGE_CURVE ( 'NONE', #3178, #2503, #2306, .T. ) ;
#3712 = DIRECTION ( 'NONE',  ( 1.000000000000000000, 0.000000000000000000, 0.000000000000000000 ) ) ;
#3713 = ORIENTED_EDGE ( 'NONE', *, *, #1143, .F. ) ;
#3714 = DIRECTION ( 'NONE',  ( 0.000000000000000000, -1.000000000000000000, 0.000000000000000000 ) ) ;
#3715 = LINE ( 'NONE', #1034, #3923 ) ;
#3716 = CARTESIAN_POINT ( 'NONE',  ( -0.6500000000000001332, 0.000000000000000000, 0.000000000000000000 ) ) ;
#3717 = DIRECTION ( 'NONE',  ( 0.000000000000000000, -1.000000000000000000, -9.293161478447186723E-15 ) ) ;
#3718 = VECTOR ( 'NONE', #4880, 1000.000000000000000 ) ;
#3719 = ORIENTED_EDGE ( 'NONE', *, *, #2028, .F. ) ;
#3720 = LINE ( 'NONE', #1337, #1463 ) ;
#3721 = EDGE_CURVE ( 'NONE', #1966, #4541, #5598, .T. ) ;
#3722 = ADVANCED_FACE ( 'NONE', ( #4317 ), #1553, .F. ) ;
#3723 = VERTEX_POINT ( 'NONE', #2418 ) ;
#3724 = DIRECTION ( 'NONE',  ( -1.668003342285392783E-16, 0.000000000000000000, -1.000000000000000000 ) ) ;
#3725 = VECTOR ( 'NONE', #773, 1000.000000000000000 ) ;
#3726 = CARTESIAN_POINT ( 'NONE',  ( -0.9500000000000000666, -1.084202172485504434E-16, 0.6499999999999995781 ) ) ;
#3727 = EDGE_CURVE ( 'NONE', #3563, #3689, #3341, .T. ) ;
#3728 = ORIENTED_EDGE ( 'NONE', *, *, #4257, .F. ) ;
#3729 = LINE ( 'NONE', #2803, #3972 ) ;
#3730 = CARTESIAN_POINT ( 'NONE',  ( -1.600000000000000311, -1.084202172485504434E-16, -0.6499999999999994671 ) ) ;
#3731 = DIRECTION ( 'NONE',  ( 0.000000000000000000, 0.000000000000000000, -1.000000000000000000 ) ) ;
#3732 = EDGE_CURVE ( 'NONE', #3613, #602, #3871, .T. ) ;
#3733 = ORIENTED_EDGE ( 'NONE', *, *, #5380, .T. ) ;
#3734 = EDGE_CURVE ( 'NONE', #3823, #2997, #706, .T. ) ;
#3735 = ADVANCED_FACE ( 'NONE', ( #153 ), #1099, .F. ) ;
#3736 = VERTEX_POINT ( 'NONE', #4258 ) ;
#3737 = ORIENTED_EDGE ( 'NONE', *, *, #3692, .F. ) ;
#3738 = CARTESIAN_POINT ( 'NONE',  ( -0.1499999999999999667, 0.03499999999999944128, 0.7649999999999989031 ) ) ;
#3739 = DIRECTION ( 'NONE',  ( 0.000000000000000000, -1.000000000000000000, 0.000000000000000000 ) ) ;
#3740 = PLANE ( 'NONE',  #2040 ) ;
#3741 = VECTOR ( 'NONE', #3493, 1000.000000000000000 ) ;
#3742 = LINE ( 'NONE', #2456, #759 ) ;
#3743 = DIRECTION ( 'NONE',  ( -1.000000000000000000, 0.000000000000000000, 0.000000000000000000 ) ) ;
#3744 = VECTOR ( 'NONE', #4009, 1000.000000000000000 ) ;
#3745 = ORIENTED_EDGE ( 'NONE', *, *, #1176, .T. ) ;
#3746 = DIRECTION ( 'NONE',  ( -0.000000000000000000, 1.000000000000000000, -0.000000000000000000 ) ) ;
#3747 = DIRECTION ( 'NONE',  ( 1.000000000000000000, 0.000000000000000000, 0.000000000000000000 ) ) ;
#3748 = VECTOR ( 'NONE', #2286, 1000.000000000000000 ) ;
#3749 = CARTESIAN_POINT ( 'NONE',  ( 1.325000000000000400, 0.03499999999999999639, 0.4999999999999995559 ) ) ;
#3750 = ORIENTED_EDGE ( 'NONE', *, *, #2673, .T. ) ;
#3751 = CARTESIAN_POINT ( 'NONE',  ( -1.600000000000000311, -1.004210375300829378E-16, -0.7999999999999994893 ) ) ;
#3752 = EDGE_LOOP ( 'NONE', ( #3047, #5460, #1827, #5474 ) ) ;
#3753 = VECTOR ( 'NONE', #3410, 1000.000000000000000 ) ;
#3754 = LINE ( 'NONE', #1573, #4261 ) ;
#3755 = ORIENTED_EDGE ( 'NONE', *, *, #1802, .T. ) ;
#3756 = DIRECTION ( 'NONE',  ( -0.000000000000000000, 1.000000000000000000, -0.000000000000000000 ) ) ;
#3757 = DIRECTION ( 'NONE',  ( -1.000000000000000000, -0.000000000000000000, 0.000000000000000000 ) ) ;
#3758 = DIRECTION ( 'NONE',  ( 0.000000000000000000, -1.000000000000000000, 0.000000000000000000 ) ) ;
#3759 = ORIENTED_EDGE ( 'NONE', *, *, #4035, .T. ) ;
#3760 = ORIENTED_EDGE ( 'NONE', *, *, #2305, .F. ) ;
#3761 = VERTEX_POINT ( 'NONE', #4795 ) ;
#3762 = EDGE_CURVE ( 'NONE', #2630, #4509, #187, .T. ) ;
#3763 = CARTESIAN_POINT ( 'NONE',  ( -0.1500000000000000777, 0.03499999999999999639, 0.6499999999999995781 ) ) ;
#3764 = CARTESIAN_POINT ( 'NONE',  ( -0.9500000000000000666, 0.6650000000000000355, 0.7999999999999994893 ) ) ;
#3765 = CARTESIAN_POINT ( 'NONE',  ( 0.5250000000000000222, 0.6650000000000000355, -0.4249999999999996003 ) ) ;
#3766 = DIRECTION ( 'NONE',  ( 1.000000000000000000, 0.000000000000000000, 0.000000000000000000 ) ) ;
#3767 =( NAMED_UNIT ( * ) PLANE_ANGLE_UNIT ( ) SI_UNIT ( $, .RADIAN. ) );
#3768 = ORIENTED_EDGE ( 'NONE', *, *, #5258, .F. ) ;
#3769 = EDGE_CURVE ( 'NONE', #115, #1719, #244, .T. ) ;
#3770 = CARTESIAN_POINT ( 'NONE',  ( 1.450000000000000178, 0.6650000000000000355, -0.7999999999999994893 ) ) ;
#3771 = DIRECTION ( 'NONE',  ( -0.000000000000000000, -0.000000000000000000, 1.000000000000000000 ) ) ;
#3772 = PLANE ( 'NONE',  #4459 ) ;
#3773 = CARTESIAN_POINT ( 'NONE',  ( 0.2749999999999999667, -1.084202172485504434E-16, 0.6499999999999995781 ) ) ;
#3774 = ORIENTED_EDGE ( 'NONE', *, *, #982, .F. ) ;
#3775 = LINE ( 'NONE', #5591, #5828 ) ;
#3776 = VERTEX_POINT ( 'NONE', #5184 ) ;
#3777 = DIRECTION ( 'NONE',  ( 0.000000000000000000, 1.224646799147353454E-16, 1.000000000000000000 ) ) ;
#3778 = AXIS2_PLACEMENT_3D ( 'NONE', #4718, #1200, #3382 ) ;
#3779 = LINE ( 'NONE', #5209, #3783 ) ;
#3780 = ADVANCED_FACE ( 'NONE', ( #3372 ), #5660, .F. ) ;
#3781 = ORIENTED_EDGE ( 'NONE', *, *, #5624, .F. ) ;
#3782 = VECTOR ( 'NONE', #2901, 1000.000000000000000 ) ;
#3783 = VECTOR ( 'NONE', #5595, 1000.000000000000000 ) ;
#3784 = VECTOR ( 'NONE', #4114, 1000.000000000000000 ) ;
#3785 = DIRECTION ( 'NONE',  ( -1.000000000000000000, 0.000000000000000000, -0.000000000000000000 ) ) ;
#3786 = DIRECTION ( 'NONE',  ( -0.000000000000000000, 1.000000000000000000, -0.000000000000000000 ) ) ;
#3787 = DIRECTION ( 'NONE',  ( -1.000000000000000000, -0.000000000000000000, -0.000000000000000000 ) ) ;
#3788 = VECTOR ( 'NONE', #2251, 1000.000000000000000 ) ;
#3789 = VECTOR ( 'NONE', #501, 1000.000000000000000 ) ;
#3790 = DIRECTION ( 'NONE',  ( 0.000000000000000000, -1.000000000000000000, 0.000000000000000000 ) ) ;
#3791 = ORIENTED_EDGE ( 'NONE', *, *, #4972, .T. ) ;
#3792 = ADVANCED_FACE ( 'NONE', ( #2527 ), #5684, .F. ) ;
#3793 = AXIS2_PLACEMENT_3D ( 'NONE', #2038, #4800, #1905 ) ;
#3794 = ORIENTED_EDGE ( 'NONE', *, *, #2750, .F. ) ;
#3795 = PLANE ( 'NONE',  #1235 ) ;
#3796 = CARTESIAN_POINT ( 'NONE',  ( -0.2749999999999999667, -1.084202172485504434E-16, -0.4999999999999995559 ) ) ;
#3797 = FACE_OUTER_BOUND ( 'NONE', #1988, .T. ) ;
#3798 = DIRECTION ( 'NONE',  ( -1.000000000000000000, -0.000000000000000000, -0.000000000000000000 ) ) ;
#3799 = ADVANCED_FACE ( 'NONE', ( #219 ), #2920, .F. ) ;
#3800 = FILL_AREA_STYLE_COLOUR ( '', #4395 ) ;
#3801 = EDGE_LOOP ( 'NONE', ( #1849, #3479, #2438, #1352 ) ) ;
#3802 = CARTESIAN_POINT ( 'NONE',  ( 1.600000000000000311, 0.6299999999999998934, -0.7649999999999991251 ) ) ;
#3803 = CARTESIAN_POINT ( 'NONE',  ( 1.325000000000000400, 0.6299999999999996714, 0.4249999999999996003 ) ) ;
#3804 = EDGE_CURVE ( 'NONE', #5844, #741, #3392, .T. ) ;
#3805 = FACE_OUTER_BOUND ( 'NONE', #5134, .T. ) ;
#3806 = DIRECTION ( 'NONE',  ( -0.000000000000000000, -0.000000000000000000, 1.000000000000000000 ) ) ;
#3807 = ADVANCED_FACE ( 'NONE', ( #4765 ), #678, .F. ) ;
#3808 = EDGE_LOOP ( 'NONE', ( #4855, #2718, #2660, #399 ) ) ;
#3809 = DIRECTION ( 'NONE',  ( 0.000000000000000000, 0.000000000000000000, -1.000000000000000000 ) ) ;
#3810 = VECTOR ( 'NONE', #4324, 1000.000000000000000 ) ;
#3811 = ORIENTED_EDGE ( 'NONE', *, *, #4474, .F. ) ;
#3812 = ORIENTED_EDGE ( 'NONE', *, *, #4914, .T. ) ;
#3813 = SURFACE_SIDE_STYLE ('',( #1939 ) ) ;
#3814 = PRESENTATION_LAYER_ASSIGNMENT (  '', '', ( #3337 ) ) ;
#3815 = CARTESIAN_POINT ( 'NONE',  ( -0.5250000000000000222, 0.6649999999999998135, 0.6499999999999995781 ) ) ;
#3816 = EDGE_LOOP ( 'NONE', ( #5700, #1929, #1639, #1976 ) ) ;
#3817 = ORIENTED_EDGE ( 'NONE', *, *, #5152, .T. ) ;
#3818 = VECTOR ( 'NONE', #2756, 1000.000000000000000 ) ;
#3819 = CARTESIAN_POINT ( 'NONE',  ( -0.1500000000000000777, 0.6299999999999996714, -0.4249999999999996003 ) ) ;
#3820 = LINE ( 'NONE', #3312, #2390 ) ;
#3821 = ORIENTED_EDGE ( 'NONE', *, *, #1240, .T. ) ;
#3822 = ORIENTED_EDGE ( 'NONE', *, *, #711, .T. ) ;
#3823 = VERTEX_POINT ( 'NONE', #1490 ) ;
#3824 = CARTESIAN_POINT ( 'NONE',  ( -0.9500000000000000666, 0.6299999999999996714, -0.6499999999999995781 ) ) ;
#3825 = CARTESIAN_POINT ( 'NONE',  ( 0.5250000000000000222, -1.084202172485504434E-16, 0.6499999999999995781 ) ) ;
#3826 = DIRECTION ( 'NONE',  ( -0.000000000000000000, 1.000000000000000000, -0.000000000000000000 ) ) ;
#3827 = CARTESIAN_POINT ( 'NONE',  ( -1.600000000000000311, 0.6299999999999995604, -0.6499999999999994671 ) ) ;
#3828 = EDGE_CURVE ( 'NONE', #2331, #4892, #598, .T. ) ;
#3829 = PLANE ( 'NONE',  #5148 ) ;
#3830 = CARTESIAN_POINT ( 'NONE',  ( -1.600000000000000311, -8.205133554287265576E-17, 0.6499999999999996891 ) ) ;
#3831 = ORIENTED_EDGE ( 'NONE', *, *, #2349, .F. ) ;
#3832 = LINE ( 'NONE', #2133, #4060 ) ;
#3833 = LINE ( 'NONE', #5647, #4488 ) ;
#3834 = CARTESIAN_POINT ( 'NONE',  ( 0.2749999999999999667, 0.03499999999999998251, -0.6499999999999995781 ) ) ;
#3835 = CARTESIAN_POINT ( 'NONE',  ( -1.074999999999999956, -1.084202172485504434E-16, 0.6499999999999995781 ) ) ;
#3836 = VECTOR ( 'NONE', #1599, 1000.000000000000000 ) ;
#3837 = LINE ( 'NONE', #3413, #890 ) ;
#3838 = ORIENTED_EDGE ( 'NONE', *, *, #5686, .T. ) ;
#3839 = ORIENTED_EDGE ( 'NONE', *, *, #5746, .F. ) ;
#3840 = EDGE_CURVE ( 'NONE', #4250, #2946, #5158, .T. ) ;
#3841 = SURFACE_SIDE_STYLE ('',( #5419 ) ) ;
#3842 = VECTOR ( 'NONE', #4687, 1000.000000000000000 ) ;
#3843 = EDGE_CURVE ( 'NONE', #1412, #269, #2645, .T. ) ;
#3844 = DIRECTION ( 'NONE',  ( 0.000000000000000000, -1.000000000000000000, 0.000000000000000000 ) ) ;
#3845 = ORIENTED_EDGE ( 'NONE', *, *, #2918, .F. ) ;
#3846 = EDGE_CURVE ( 'NONE', #5340, #803, #1722, .T. ) ;
#3847 = DIRECTION ( 'NONE',  ( 1.000000000000000000, 0.000000000000000000, -0.000000000000000000 ) ) ;
#3848 =( LENGTH_UNIT ( ) NAMED_UNIT ( * ) SI_UNIT ( .MILLI., .METRE. ) );
#3849 = ORIENTED_EDGE ( 'NONE', *, *, #3434, .F. ) ;
#3850 = ORIENTED_EDGE ( 'NONE', *, *, #2823, .T. ) ;
#3851 = CARTESIAN_POINT ( 'NONE',  ( 1.074999999999999956, -1.084202172485504434E-16, 0.4999999999999995559 ) ) ;
#3852 = LINE ( 'NONE', #5666, #5514 ) ;
#3853 = CARTESIAN_POINT ( 'NONE',  ( -0.9500000000000000666, 0.03499999999999999639, 0.7649999999999991251 ) ) ;
#3854 = LINE ( 'NONE', #30, #1841 ) ;
#3855 = CARTESIAN_POINT ( 'NONE',  ( 0.1499999999999999667, 0.03499999999999999639, -0.7649999999999991251 ) ) ;
#3856 = EDGE_CURVE ( 'NONE', #457, #3160, #1249, .T. ) ;
#3857 = ORIENTED_EDGE ( 'NONE', *, *, #434, .T. ) ;
#3858 = CARTESIAN_POINT ( 'NONE',  ( -0.9500000000000000666, 0.03499999999999999639, 0.6499999999999995781 ) ) ;
#3859 = LINE ( 'NONE', #5672, #1162 ) ;
#3860 = ORIENTED_EDGE ( 'NONE', *, *, #4875, .T. ) ;
#3861 = DIRECTION ( 'NONE',  ( 0.000000000000000000, -1.000000000000000000, 0.000000000000000000 ) ) ;
#3862 = CARTESIAN_POINT ( 'NONE',  ( 0.2749999999999999667, -1.084202172485504434E-16, 0.6499999999999995781 ) ) ;
#3863 = VERTEX_POINT ( 'NONE', #3003 ) ;
#3864 = EDGE_CURVE ( 'NONE', #1590, #2872, #1754, .T. ) ;
#3865 = ORIENTED_EDGE ( 'NONE', *, *, #1076, .T. ) ;
#3866 = LINE ( 'NONE', #182, #4170 ) ;
#3867 = CARTESIAN_POINT ( 'NONE',  ( -0.1500000000000000777, 0.03499999999999999639, 0.7649999999999991251 ) ) ;
#3868 = EDGE_CURVE ( 'NONE', #2336, #3954, #353, .T. ) ;
#3869 = VERTEX_POINT ( 'NONE', #4367 ) ;
#3870 = AXIS2_PLACEMENT_3D ( 'NONE', #1770, #3139, #778 ) ;
#3871 = LINE ( 'NONE', #2474, #3215 ) ;
#3872 = LINE ( 'NONE', #2392, #3622 ) ;
#3873 = VERTEX_POINT ( 'NONE', #3035 ) ;
#3874 = ADVANCED_FACE ( 'NONE', ( #5268 ), #3090, .F. ) ;
#3875 = ADVANCED_FACE ( 'NONE', ( #4907 ), #3569, .F. ) ;
#3876 = VERTEX_POINT ( 'NONE', #5294 ) ;
#3877 = VERTEX_POINT ( 'NONE', #4818 ) ;
#3878 = CARTESIAN_POINT ( 'NONE',  ( -0.9499999999999998446, -1.084202172485504434E-16, 0.7999999999999997113 ) ) ;
#3879 = CARTESIAN_POINT ( 'NONE',  ( -0.2749999999999999667, 0.03499999999999999639, -0.4999999999999995559 ) ) ;
#3880 = PRESENTATION_LAYER_ASSIGNMENT (  '', '', ( #2839 ) ) ;
#3881 = DIRECTION ( 'NONE',  ( -1.000000000000000000, 0.000000000000000000, 1.668003342285392783E-16 ) ) ;
#3882 = CARTESIAN_POINT ( 'NONE',  ( 0.6500000000000000222, -1.084202172485504434E-16, -0.4999999999999994449 ) ) ;
#3883 = VECTOR ( 'NONE', #3550, 1000.000000000000000 ) ;
#3884 = VECTOR ( 'NONE', #1780, 1000.000000000000000 ) ;
#3885 = ORIENTED_EDGE ( 'NONE', *, *, #1883, .F. ) ;
#3886 = PLANE ( 'NONE',  #5862 ) ;
#3887 = LINE ( 'NONE', #779, #3741 ) ;
#3888 = EDGE_CURVE ( 'NONE', #806, #1542, #737, .T. ) ;
#3889 = ORIENTED_EDGE ( 'NONE', *, *, #970, .F. ) ;
#3890 = CARTESIAN_POINT ( 'NONE',  ( -0.6500000000000001332, 0.6299999999999998934, 0.7649999999999991251 ) ) ;
#3891 = MANIFOLD_SOLID_BREP ( 'Cut-Extrude2[4]', #3126 ) ;
#3892 = LINE ( 'NONE', #3469, #510 ) ;
#3893 = ORIENTED_EDGE ( 'NONE', *, *, #4586, .F. ) ;
#3894 = VERTEX_POINT ( 'NONE', #1219 ) ;
#3895 = DIRECTION ( 'NONE',  ( -1.000000000000000000, 0.000000000000000000, 8.673617379884044347E-16 ) ) ;
#3896 = ADVANCED_FACE ( 'NONE', ( #4849 ), #2207, .F. ) ;
#3897 = DIRECTION ( 'NONE',  ( 0.000000000000000000, -1.000000000000000000, 0.000000000000000000 ) ) ;
#3898 = VECTOR ( 'NONE', #3010, 1000.000000000000000 ) ;
#3899 = ORIENTED_EDGE ( 'NONE', *, *, #3624, .F. ) ;
#3900 =( NAMED_UNIT ( * ) PLANE_ANGLE_UNIT ( ) SI_UNIT ( $, .RADIAN. ) );
#3901 = AXIS2_PLACEMENT_3D ( 'NONE', #1019, #5012, #930 ) ;
#3902 = LINE ( 'NONE', #5799, #111 ) ;
#3903 = ORIENTED_EDGE ( 'NONE', *, *, #5023, .F. ) ;
#3904 = VECTOR ( 'NONE', #3069, 1000.000000000000000 ) ;
#3905 = ORIENTED_EDGE ( 'NONE', *, *, #5613, .F. ) ;
#3906 = ORIENTED_EDGE ( 'NONE', *, *, #2241, .T. ) ;
#3907 = ADVANCED_FACE ( 'NONE', ( #3955 ), #4015, .F. ) ;
#3908 = DIRECTION ( 'NONE',  ( 0.000000000000000000, 0.000000000000000000, -1.000000000000000000 ) ) ;
#3909 = CARTESIAN_POINT ( 'NONE',  ( -0.1500000000000000777, 0.6650000000000000355, 0.7999999999999994893 ) ) ;
#3910 = FACE_OUTER_BOUND ( 'NONE', #2468, .T. ) ;
#3911 = EDGE_CURVE ( 'NONE', #1600, #5446, #4421, .T. ) ;
#3912 = DIRECTION ( 'NONE',  ( 1.000000000000000000, 0.000000000000000000, 0.000000000000000000 ) ) ;
#3913 = EDGE_LOOP ( 'NONE', ( #4102, #3615, #4738, #682 ) ) ;
#3914 = ORIENTED_EDGE ( 'NONE', *, *, #3544, .T. ) ;
#3915 = CARTESIAN_POINT ( 'NONE',  ( 1.600000000000000311, 0.03499999999999999639, -0.7649999999999991251 ) ) ;
#3916 = LINE ( 'NONE', #814, #878 ) ;
#3917 = CARTESIAN_POINT ( 'NONE',  ( 1.325000000000000400, 0.03499999999999998251, 0.6499999999999992450 ) ) ;
#3918 = MANIFOLD_SOLID_BREP ( 'Cut-Extrude2[6]', #465 ) ;
#3919 = DIRECTION ( 'NONE',  ( 0.000000000000000000, -0.000000000000000000, -1.000000000000000000 ) ) ;
#3920 = EDGE_LOOP ( 'NONE', ( #3256, #4416, #798, #1545 ) ) ;
#3921 = EDGE_LOOP ( 'NONE', ( #4698, #4857, #2559, #2844 ) ) ;
#3922 = DIRECTION ( 'NONE',  ( -0.000000000000000000, -8.182657905550991838E-16, -1.000000000000000000 ) ) ;
#3923 = VECTOR ( 'NONE', #3771, 1000.000000000000000 ) ;
#3924 = CARTESIAN_POINT ( 'NONE',  ( -1.600000000000000311, 0.03499999999999998251, 0.7649999999999991251 ) ) ;
#3925 = LINE ( 'NONE', #2552, #3647 ) ;
#3926 = ORIENTED_EDGE ( 'NONE', *, *, #3467, .T. ) ;
#3927 = VECTOR ( 'NONE', #2764, 1000.000000000000000 ) ;
#3928 = FILL_AREA_STYLE_COLOUR ( '', #1591 ) ;
#3929 = DIRECTION ( 'NONE',  ( -0.000000000000000000, -1.275531967630006478E-16, 1.000000000000000000 ) ) ;
#3930 = DIRECTION ( 'NONE',  ( -1.668003342285392537E-16, -0.000000000000000000, -1.000000000000000000 ) ) ;
#3931 = VERTEX_POINT ( 'NONE', #1852 ) ;
#3932 = DIRECTION ( 'NONE',  ( -1.000000000000000000, -0.000000000000000000, -0.000000000000000000 ) ) ;
#3933 = VERTEX_POINT ( 'NONE', #3666 ) ;
#3934 = FACE_OUTER_BOUND ( 'NONE', #2806, .T. ) ;
#3935 = DIRECTION ( 'NONE',  ( 0.000000000000000000, -0.000000000000000000, 1.000000000000000000 ) ) ;
#3936 = DIRECTION ( 'NONE',  ( -0.000000000000000000, -0.000000000000000000, 1.000000000000000000 ) ) ;
#3937 = DIRECTION ( 'NONE',  ( 1.000000000000000000, 0.000000000000000000, 0.000000000000000000 ) ) ;
#3938 = ORIENTED_EDGE ( 'NONE', *, *, #1617, .T. ) ;
#3939 = EDGE_CURVE ( 'NONE', #189, #1144, #5476, .T. ) ;
#3940 = ORIENTED_EDGE ( 'NONE', *, *, #383, .F. ) ;
#3941 = DIRECTION ( 'NONE',  ( -0.000000000000000000, -0.000000000000000000, 1.000000000000000000 ) ) ;
#3942 = DIRECTION ( 'NONE',  ( -1.000000000000000000, 0.000000000000000000, -1.016439536705160160E-16 ) ) ;
#3943 = DIRECTION ( 'NONE',  ( 1.000000000000000000, 0.000000000000000000, 0.000000000000000000 ) ) ;
#3944 = CARTESIAN_POINT ( 'NONE',  ( 1.600000000000000311, 0.6650000000000000355, 0.7999999999999994893 ) ) ;
#3945 = CARTESIAN_POINT ( 'NONE',  ( -0.9500000000000000666, 0.03499999999999999639, 0.7649999999999991251 ) ) ;
#3946 = EDGE_CURVE ( 'NONE', #5876, #2982, #443, .T. ) ;
#3947 = VECTOR ( 'NONE', #3922, 1000.000000000000000 ) ;
#3948 = VERTEX_POINT ( 'NONE', #4518 ) ;
#3949 = ORIENTED_EDGE ( 'NONE', *, *, #4523, .F. ) ;
#3950 = DIRECTION ( 'NONE',  ( -1.000000000000000000, 0.000000000000000000, -0.000000000000000000 ) ) ;
#3951 = CARTESIAN_POINT ( 'NONE',  ( -0.1500000000000000777, 0.6650000000000000355, 0.6499999999999995781 ) ) ;
#3952 = LINE ( 'NONE', #297, #3266 ) ;
#3953 = UNCERTAINTY_MEASURE_WITH_UNIT (LENGTH_MEASURE( 1.000000000000000082E-05 ), #1911, 'distance_accuracy_value', 'NONE');
#3954 = VERTEX_POINT ( 'NONE', #4169 ) ;
#3955 = FACE_OUTER_BOUND ( 'NONE', #4525, .T. ) ;
#3956 = CARTESIAN_POINT ( 'NONE',  ( -0.1500000000000000777, -1.084202172485504434E-16, -0.4999999999999994449 ) ) ;
#3957 = EDGE_CURVE ( 'NONE', #468, #5029, #1400, .T. ) ;
#3958 = EDGE_CURVE ( 'NONE', #818, #4560, #2767, .T. ) ;
#3959 = ORIENTED_EDGE ( 'NONE', *, *, #5225, .F. ) ;
#3960 = ORIENTED_EDGE ( 'NONE', *, *, #1752, .F. ) ;
#3961 = FACE_OUTER_BOUND ( 'NONE', #3275, .T. ) ;
#3962 = CARTESIAN_POINT ( 'NONE',  ( 0.9500000000000000666, 0.03499999999999999639, -0.7649999999999991251 ) ) ;
#3963 = LINE ( 'NONE', #4429, #1791 ) ;
#3964 = ADVANCED_FACE ( 'NONE', ( #2266 ), #4977, .F. ) ;
#3965 = DIRECTION ( 'NONE',  ( 1.000000000000000000, 0.000000000000000000, -0.000000000000000000 ) ) ;
#3966 = ADVANCED_FACE ( 'NONE', ( #3637 ), #5447, .F. ) ;
#3967 = ORIENTED_EDGE ( 'NONE', *, *, #19, .F. ) ;
#3968 = AXIS2_PLACEMENT_3D ( 'NONE', #2513, #3431, #5637 ) ;
#3969 = VECTOR ( 'NONE', #828, 1000.000000000000000 ) ;
#3970 = ORIENTED_EDGE ( 'NONE', *, *, #2384, .T. ) ;
#3971 = CARTESIAN_POINT ( 'NONE',  ( 0.2749999999999999667, 0.6650000000000000355, 0.4249999999999996003 ) ) ;
#3972 = VECTOR ( 'NONE', #5011, 1000.000000000000000 ) ;
#3973 = LINE ( 'NONE', #2628, #641 ) ;
#3974 = FACE_OUTER_BOUND ( 'NONE', #4529, .T. ) ;
#3975 = ORIENTED_EDGE ( 'NONE', *, *, #3769, .T. ) ;
#3976 = EDGE_CURVE ( 'NONE', #5135, #5403, #2328, .T. ) ;
#3977 = AXIS2_PLACEMENT_3D ( 'NONE', #59, #4546, #5090 ) ;
#3978 = LINE ( 'NONE', #319, #17 ) ;
#3979 = DIRECTION ( 'NONE',  ( 0.000000000000000000, 0.000000000000000000, 1.000000000000000000 ) ) ;
#3980 = EDGE_LOOP ( 'NONE', ( #2107, #5691, #2309, #5542, #2344, #2288, #4465, #1442 ) ) ;
#3981 = VERTEX_POINT ( 'NONE', #5094 ) ;
#3982 = CARTESIAN_POINT ( 'NONE',  ( 0.6500000000000000222, -1.004210375300829378E-16, 0.7999999999999994893 ) ) ;
#3983 = EDGE_CURVE ( 'NONE', #1416, #4288, #1785, .T. ) ;
#3984 = EDGE_CURVE ( 'NONE', #5043, #2735, #63, .T. ) ;
#3985 = DIRECTION ( 'NONE',  ( 1.000000000000000000, 0.000000000000000000, 0.000000000000000000 ) ) ;
#3986 = CARTESIAN_POINT ( 'NONE',  ( -0.6500000000000001332, 0.03499999999999999639, -0.7649999999999991251 ) ) ;
#3987 = ORIENTED_EDGE ( 'NONE', *, *, #3034, .T. ) ;
#3988 = DIRECTION ( 'NONE',  ( 1.000000000000000000, 0.000000000000000000, -7.228014483236698528E-16 ) ) ;
#3989 = LINE ( 'NONE', #2646, #4568 ) ;
#3990 = DIRECTION ( 'NONE',  ( 0.000000000000000000, -0.000000000000000000, -1.000000000000000000 ) ) ;
#3991 = EDGE_LOOP ( 'NONE', ( #4263, #3462, #3580, #4740 ) ) ;
#3992 = VECTOR ( 'NONE', #1835, 1000.000000000000000 ) ;
#3993 = EDGE_LOOP ( 'NONE', ( #5808, #5852, #1483, #4103 ) ) ;
#3994 = PLANE ( 'NONE',  #1797 ) ;
#3995 = CARTESIAN_POINT ( 'NONE',  ( -1.074999999999999956, -1.084202172485504434E-16, -0.6499999999999995781 ) ) ;
#3996 = CARTESIAN_POINT ( 'NONE',  ( -1.324999999999999956, -1.084202172485504434E-16, 0.6499999999999995781 ) ) ;
#3997 = ORIENTED_EDGE ( 'NONE', *, *, #3293, .T. ) ;
#3998 = DIRECTION ( 'NONE',  ( 0.000000000000000000, 0.000000000000000000, -1.000000000000000000 ) ) ;
#3999 = VERTEX_POINT ( 'NONE', #1882 ) ;
#4000 = ORIENTED_EDGE ( 'NONE', *, *, #1721, .T. ) ;
#4001 = AXIS2_PLACEMENT_3D ( 'NONE', #3773, #5588, #4694 ) ;
#4002 = CARTESIAN_POINT ( 'NONE',  ( 0.6500000000000000222, 0.6650000000000000355, 0.4999999999999995559 ) ) ;
#4003 = DIRECTION ( 'NONE',  ( 0.000000000000000000, 0.000000000000000000, 1.000000000000000000 ) ) ;
#4004 = FACE_OUTER_BOUND ( 'NONE', #5717, .T. ) ;
#4005 = CARTESIAN_POINT ( 'NONE',  ( -1.565000000000000169, 0.6650000000000000355, 0.4249999999999996003 ) ) ;
#4006 = DIRECTION ( 'NONE',  ( -0.000000000000000000, 1.000000000000000000, -0.000000000000000000 ) ) ;
#4007 = EDGE_LOOP ( 'NONE', ( #1800, #5564, #742, #3750 ) ) ;
#4008 = ORIENTED_EDGE ( 'NONE', *, *, #2523, .F. ) ;
#4009 = DIRECTION ( 'NONE',  ( -0.000000000000000000, 0.000000000000000000, 1.000000000000000000 ) ) ;
#4010 = LINE ( 'NONE', #3532, #5307 ) ;
#4011 = DIRECTION ( 'NONE',  ( 0.000000000000000000, -1.000000000000000000, 0.000000000000000000 ) ) ;
#4012 = DIRECTION ( 'NONE',  ( 0.000000000000000000, -1.000000000000000000, 0.000000000000000000 ) ) ;
#4013 = ORIENTED_EDGE ( 'NONE', *, *, #518, .F. ) ;
#4014 = EDGE_CURVE ( 'NONE', #94, #5043, #536, .T. ) ;
#4015 = PLANE ( 'NONE',  #4920 ) ;
#4016 = VECTOR ( 'NONE', #2491, 1000.000000000000000 ) ;
#4017 = DIRECTION ( 'NONE',  ( 1.000000000000000000, -0.000000000000000000, -8.673617379884042375E-16 ) ) ;
#4018 = LINE ( 'NONE', #1884, #263 ) ;
#4019 = VECTOR ( 'NONE', #887, 1000.000000000000000 ) ;
#4020 = ORIENTED_EDGE ( 'NONE', *, *, #1969, .T. ) ;
#4021 = VERTEX_POINT ( 'NONE', #4487 ) ;
#4022 = FACE_OUTER_BOUND ( 'NONE', #3408, .T. ) ;
#4023 = DIRECTION ( 'NONE',  ( 1.000000000000000000, 0.000000000000000000, 0.000000000000000000 ) ) ;
#4024 = CARTESIAN_POINT ( 'NONE',  ( 0.9500000000000000666, 0.6299999999999998934, -0.7649999999999991251 ) ) ;
#4025 = MANIFOLD_SOLID_BREP ( 'Cut-Extrude2[5]', #2742 ) ;
#4026 = AXIS2_PLACEMENT_3D ( 'NONE', #5702, #5284, #3025 ) ;
#4027 = ORIENTED_EDGE ( 'NONE', *, *, #4329, .T. ) ;
#4028 = ORIENTED_EDGE ( 'NONE', *, *, #5005, .T. ) ;
#4029 = AXIS2_PLACEMENT_3D ( 'NONE', #2223, #942, #3653 ) ;
#4030 = ORIENTED_EDGE ( 'NONE', *, *, #2116, .T. ) ;
#4031 = CARTESIAN_POINT ( 'NONE',  ( 0.000000000000000000, 0.6300000000000000044, -0.4999999999999994449 ) ) ;
#4032 = CARTESIAN_POINT ( 'NONE',  ( -1.324999999999999956, 0.6650000000000000355, 0.4249999999999996003 ) ) ;
#4033 = CARTESIAN_POINT ( 'NONE',  ( 2.602447006080619740, 0.6300000000000000044, -0.4249999999999995448 ) ) ;
#4034 = DIRECTION ( 'NONE',  ( -0.000000000000000000, 0.000000000000000000, 1.000000000000000000 ) ) ;
#4035 = EDGE_CURVE ( 'NONE', #3873, #2680, #2237, .T. ) ;
#4036 = DIRECTION ( 'NONE',  ( 0.000000000000000000, 0.000000000000000000, -1.000000000000000000 ) ) ;
#4037 = ORIENTED_EDGE ( 'NONE', *, *, #772, .F. ) ;
#4038 = EDGE_LOOP ( 'NONE', ( #4008, #869, #1431, #5219 ) ) ;
#4039 = CARTESIAN_POINT ( 'NONE',  ( 1.325000000000000178, -1.084202172485504434E-16, -0.6499999999999999112 ) ) ;
#4040 = CARTESIAN_POINT ( 'NONE',  ( 0.5250000000000000222, -1.084202172485504434E-16, 0.6499999999999995781 ) ) ;
#4041 = DIRECTION ( 'NONE',  ( -1.000000000000000000, -0.000000000000000000, 0.000000000000000000 ) ) ;
#4042 = PLANE ( 'NONE',  #4307 ) ;
#4043 = ORIENTED_EDGE ( 'NONE', *, *, #5726, .F. ) ;
#4044 = MANIFOLD_SOLID_BREP ( 'Boss-Extrude4[2]', #3602 ) ;
#4045 = CARTESIAN_POINT ( 'NONE',  ( 0.5250000000000000222, -1.084202172485504434E-16, 0.6499999999999995781 ) ) ;
#4046 = DIRECTION ( 'NONE',  ( -1.000000000000000000, 0.000000000000000000, 0.000000000000000000 ) ) ;
#4047 = DIRECTION ( 'NONE',  ( 0.000000000000000000, 0.000000000000000000, -1.000000000000000000 ) ) ;
#4048 = ADVANCED_FACE ( 'NONE', ( #1072 ), #2888, .F. ) ;
#4049 = EDGE_LOOP ( 'NONE', ( #2337, #2548, #2743, #1461 ) ) ;
#4050 = VERTEX_POINT ( 'NONE', #123 ) ;
#4051 = DIRECTION ( 'NONE',  ( -0.000000000000000000, 0.000000000000000000, 1.000000000000000000 ) ) ;
#4052 = FACE_OUTER_BOUND ( 'NONE', #2250, .T. ) ;
#4053 = DIRECTION ( 'NONE',  ( 1.000000000000000000, 0.000000000000000000, -8.673617379884044347E-16 ) ) ;
#4054 = ADVANCED_FACE ( 'NONE', ( #2827 ), #5205, .F. ) ;
#4055 = VERTEX_POINT ( 'NONE', #216 ) ;
#4056 = EDGE_CURVE ( 'NONE', #1537, #3251, #3754, .T. ) ;
#4057 = EDGE_LOOP ( 'NONE', ( #104, #949, #4133, #5196 ) ) ;
#4058 = ORIENTED_EDGE ( 'NONE', *, *, #5358, .F. ) ;
#4059 = LINE ( 'NONE', #3077, #1508 ) ;
#4060 = VECTOR ( 'NONE', #5229, 1000.000000000000000 ) ;
#4061 = CARTESIAN_POINT ( 'NONE',  ( -0.5250000000000000222, -1.084202172485504434E-16, -0.6499999999999995781 ) ) ;
#4062 = PLANE ( 'NONE',  #126 ) ;
#4063 = CARTESIAN_POINT ( 'NONE',  ( -0.6500000000000001332, 0.03499999999999999639, 0.7649999999999991251 ) ) ;
#4064 = VECTOR ( 'NONE', #5306, 1000.000000000000000 ) ;
#4065 = CIRCLE ( 'NONE', #556, 0.02333333333333321297 ) ;
#4066 = DIRECTION ( 'NONE',  ( -0.000000000000000000, 0.000000000000000000, -1.000000000000000000 ) ) ;
#4067 = AXIS2_PLACEMENT_3D ( 'NONE', #2001, #2977, #127 ) ;
#4068 = ORIENTED_EDGE ( 'NONE', *, *, #1505, .T. ) ;
#4069 = ORIENTED_EDGE ( 'NONE', *, *, #4853, .F. ) ;
#4070 = CARTESIAN_POINT ( 'NONE',  ( 0.000000000000000000, 0.03499999999999999639, 0.4999999999999996669 ) ) ;
#4071 = ADVANCED_FACE ( 'NONE', ( #2055 ), #2862, .F. ) ;
#4072 = DIRECTION ( 'NONE',  ( 1.668003342285392783E-16, -0.000000000000000000, 1.000000000000000000 ) ) ;
#4073 = VECTOR ( 'NONE', #3194, 1000.000000000000000 ) ;
#4074 = VECTOR ( 'NONE', #1011, 1000.000000000000000 ) ;
#4075 = CARTESIAN_POINT ( 'NONE',  ( -1.074999999999999956, 0.6299999999999996714, -0.4249999999999996003 ) ) ;
#4076 = LINE ( 'NONE', #61, #1551 ) ;
#4077 = AXIS2_PLACEMENT_3D ( 'NONE', #2180, #4051, #800 ) ;
#4078 = ORIENTED_EDGE ( 'NONE', *, *, #2388, .T. ) ;
#4079 = DIRECTION ( 'NONE',  ( -0.000000000000000000, 0.000000000000000000, -1.000000000000000000 ) ) ;
#4080 = CARTESIAN_POINT ( 'NONE',  ( 2.602447006080619740, 0.6999999999999999556, -0.4766666666666662389 ) ) ;
#4081 = EDGE_CURVE ( 'NONE', #1052, #502, #3866, .T. ) ;
#4082 = DIRECTION ( 'NONE',  ( -1.000000000000000000, -0.000000000000000000, 0.000000000000000000 ) ) ;
#4083 = ORIENTED_EDGE ( 'NONE', *, *, #4171, .F. ) ;
#4084 = DIRECTION ( 'NONE',  ( 1.000000000000000000, 0.000000000000000000, 0.000000000000000000 ) ) ;
#4085 = ORIENTED_EDGE ( 'NONE', *, *, #5715, .F. ) ;
#4086 = FACE_OUTER_BOUND ( 'NONE', #2607, .T. ) ;
#4087 = DIRECTION ( 'NONE',  ( -1.000000000000000000, 0.000000000000000000, -0.000000000000000000 ) ) ;
#4088 = LINE ( 'NONE', #1020, #4439 ) ;
#4089 = ORIENTED_EDGE ( 'NONE', *, *, #1742, .T. ) ;
#4090 = VECTOR ( 'NONE', #4532, 1000.000000000000000 ) ;
#4091 = ORIENTED_EDGE ( 'NONE', *, *, #3019, .F. ) ;
#4092 = ORIENTED_EDGE ( 'NONE', *, *, #4748, .F. ) ;
#4093 = EDGE_CURVE ( 'NONE', #2308, #2691, #2915, .T. ) ;
#4094 = EDGE_CURVE ( 'NONE', #4531, #1198, #1997, .T. ) ;
#4095 = CARTESIAN_POINT ( 'NONE',  ( -1.324999999999999956, 0.6299999999999996714, 0.4249999999999996558 ) ) ;
#4096 = PLANE ( 'NONE',  #3487 ) ;
#4097 = CARTESIAN_POINT ( 'NONE',  ( 0.5250000000000000222, -1.084202172485504434E-16, 0.6499999999999995781 ) ) ;
#4098 = VECTOR ( 'NONE', #5777, 1000.000000000000000 ) ;
#4099 = PLANE ( 'NONE',  #2960 ) ;
#4100 = FACE_OUTER_BOUND ( 'NONE', #1158, .T. ) ;
#4101 = VECTOR ( 'NONE', #3292, 1000.000000000000000 ) ;
#4102 = ORIENTED_EDGE ( 'NONE', *, *, #4510, .F. ) ;
#4103 = ORIENTED_EDGE ( 'NONE', *, *, #3276, .T. ) ;
#4104 = LINE ( 'NONE', #1814, #5639 ) ;
#4105 = LINE ( 'NONE', #2322, #906 ) ;
#4106 = PLANE ( 'NONE',  #5217 ) ;
#4107 = ORIENTED_EDGE ( 'NONE', *, *, #1721, .F. ) ;
#4108 = PLANE ( 'NONE',  #5823 ) ;
#4109 = EDGE_LOOP ( 'NONE', ( #5630, #3970, #1248, #3195 ) ) ;
#4110 = CARTESIAN_POINT ( 'NONE',  ( 0.2749999999999999667, 0.6650000000000000355, -0.7999999999999994893 ) ) ;
#4111 = DIRECTION ( 'NONE',  ( -1.000000000000000000, -0.000000000000000000, -0.000000000000000000 ) ) ;
#4112 = EDGE_LOOP ( 'NONE', ( #1734, #2896, #352, #951 ) ) ;
#4113 = ORIENTED_EDGE ( 'NONE', *, *, #1434, .F. ) ;
#4114 = DIRECTION ( 'NONE',  ( 0.000000000000000000, 0.000000000000000000, -1.000000000000000000 ) ) ;
#4115 = LINE ( 'NONE', #4527, #2565 ) ;
#4116 = LINE ( 'NONE', #485, #5216 ) ;
#4117 = ORIENTED_EDGE ( 'NONE', *, *, #1802, .F. ) ;
#4118 = VECTOR ( 'NONE', #4134, 1000.000000000000000 ) ;
#4119 = EDGE_LOOP ( 'NONE', ( #5093, #4204, #4843, #1136 ) ) ;
#4120 = EDGE_LOOP ( 'NONE', ( #516, #756, #4563, #3949 ) ) ;
#4121 = AXIS2_PLACEMENT_3D ( 'NONE', #4224, #1569, #1994 ) ;
#4122 = DIRECTION ( 'NONE',  ( -1.000000000000000000, 0.000000000000000000, 0.000000000000000000 ) ) ;
#4123 = LINE ( 'NONE', #3320, #1500 ) ;
#4124 = PLANE ( 'NONE',  #3444 ) ;
#4125 = PLANE ( 'NONE',  #4961 ) ;
#4126 = EDGE_CURVE ( 'NONE', #4531, #5626, #5707, .T. ) ;
#4127 = CARTESIAN_POINT ( 'NONE',  ( 0.9500000000000001776, 0.03499999999999999639, 0.4999999999999996669 ) ) ;
#4128 = ORIENTED_EDGE ( 'NONE', *, *, #4888, .F. ) ;
#4129 = CARTESIAN_POINT ( 'NONE',  ( 1.600000000000000311, 4.176956441796261466, -0.7649999999999991251 ) ) ;
#4130 = DIRECTION ( 'NONE',  ( -0.000000000000000000, -0.000000000000000000, -1.000000000000000000 ) ) ;
#4131 = DIRECTION ( 'NONE',  ( 1.000000000000000000, 0.000000000000000000, -0.000000000000000000 ) ) ;
#4132 = ADVANCED_FACE ( 'NONE', ( #262 ), #758, .F. ) ;
#4133 = ORIENTED_EDGE ( 'NONE', *, *, #1914, .F. ) ;
#4134 = DIRECTION ( 'NONE',  ( 1.000000000000000000, 0.000000000000000000, 0.000000000000000000 ) ) ;
#4135 = UNCERTAINTY_MEASURE_WITH_UNIT (LENGTH_MEASURE( 1.000000000000000082E-05 ), #2588, 'distance_accuracy_value', 'NONE');
#4136 = ORIENTED_EDGE ( 'NONE', *, *, #5506, .F. ) ;
#4137 = DIRECTION ( 'NONE',  ( -1.000000000000000000, -0.000000000000000000, 0.000000000000000000 ) ) ;
#4138 = DIRECTION ( 'NONE',  ( 0.000000000000000000, 1.000000000000000000, 0.000000000000000000 ) ) ;
#4139 = VERTEX_POINT ( 'NONE', #3057 ) ;
#4140 = PRODUCT_RELATED_PRODUCT_CATEGORY ( 'part', '', ( #2192 ) ) ;
#4141 = VERTEX_POINT ( 'NONE', #3472 ) ;
#4142 = PLANE ( 'NONE',  #5028 ) ;
#4143 = PRESENTATION_STYLE_ASSIGNMENT (( #2746 ) ) ;
#4144 = ADVANCED_FACE ( 'NONE', ( #1657 ), #2084, .F. ) ;
#4145 = LINE ( 'NONE', #69, #1690 ) ;
#4146 = ORIENTED_EDGE ( 'NONE', *, *, #5879, .T. ) ;
#4147 = ORIENTED_EDGE ( 'NONE', *, *, #4126, .T. ) ;
#4148 = ORIENTED_EDGE ( 'NONE', *, *, #4402, .T. ) ;
#4149 = CARTESIAN_POINT ( 'NONE',  ( -1.600000000000000311, 0.6299999999999996714, 0.6499999999999996891 ) ) ;
#4150 = CARTESIAN_POINT ( 'NONE',  ( -1.565000000000000169, 0.6999999999999998446, 0.4766666666666662389 ) ) ;
#4151 = DIRECTION ( 'NONE',  ( 0.000000000000000000, 0.000000000000000000, 1.000000000000000000 ) ) ;
#4152 = EDGE_CURVE ( 'NONE', #47, #848, #4010, .T. ) ;
#4153 = EDGE_CURVE ( 'NONE', #1040, #3448, #4337, .T. ) ;
#4154 = DIRECTION ( 'NONE',  ( -1.000000000000000000, -0.000000000000000000, -0.000000000000000000 ) ) ;
#4155 = DIRECTION ( 'NONE',  ( -1.000000000000000000, 0.000000000000000000, 0.000000000000000000 ) ) ;
#4156 = VERTEX_POINT ( 'NONE', #324 ) ;
#4157 = PLANE ( 'NONE',  #3121 ) ;
#4158 = ADVANCED_FACE ( 'NONE', ( #4417 ), #349, .F. ) ;
#4159 = FACE_OUTER_BOUND ( 'NONE', #3913, .T. ) ;
#4160 = VECTOR ( 'NONE', #2047, 1000.000000000000000 ) ;
#4161 = CARTESIAN_POINT ( 'NONE',  ( 0.6500000000000000222, -6.368163355566234902E-17, -0.4999999999999995559 ) ) ;
#4162 = VERTEX_POINT ( 'NONE', #5288 ) ;
#4163 = DIRECTION ( 'NONE',  ( 1.000000000000000000, -0.000000000000000000, 0.000000000000000000 ) ) ;
#4164 = ORIENTED_EDGE ( 'NONE', *, *, #1546, .F. ) ;
#4165 = EDGE_CURVE ( 'NONE', #3197, #849, #1715, .T. ) ;
#4166 = AXIS2_PLACEMENT_3D ( 'NONE', #2340, #2754, #521 ) ;
#4167 = AXIS2_PLACEMENT_3D ( 'NONE', #241, #151, #2917 ) ;
#4168 = ADVANCED_FACE ( 'NONE', ( #2999 ), #5237, .F. ) ;
#4169 = CARTESIAN_POINT ( 'NONE',  ( -0.9500000000000000666, 0.03499999999999999639, 0.7649999999999991251 ) ) ;
#4170 = VECTOR ( 'NONE', #568, 1000.000000000000000 ) ;
#4171 = EDGE_CURVE ( 'NONE', #1229, #5555, #3029, .T. ) ;
#4172 = DIRECTION ( 'NONE',  ( -1.000000000000000000, 0.000000000000000000, 0.000000000000000000 ) ) ;
#4173 = VECTOR ( 'NONE', #4410, 1000.000000000000000 ) ;
#4174 = VECTOR ( 'NONE', #5618, 1000.000000000000000 ) ;
#4175 = ORIENTED_EDGE ( 'NONE', *, *, #1686, .F. ) ;
#4176 = LINE ( 'NONE', #4984, #4825 ) ;
#4177 = LINE ( 'NONE', #14, #2097 ) ;
#4178 = CARTESIAN_POINT ( 'NONE',  ( -0.9500000000000000666, -1.004210375300829378E-16, 0.7999999999999994893 ) ) ;
#4179 = VERTEX_POINT ( 'NONE', #1155 ) ;
#4180 = VERTEX_POINT ( 'NONE', #2550 ) ;
#4181 = ORIENTED_EDGE ( 'NONE', *, *, #2121, .T. ) ;
#4182 = DIRECTION ( 'NONE',  ( 0.000000000000000000, 0.000000000000000000, -1.000000000000000000 ) ) ;
#4183 = CARTESIAN_POINT ( 'NONE',  ( -0.2749999999999999667, 0.03499999999999999639, -0.4999999999999995559 ) ) ;
#4184 = CARTESIAN_POINT ( 'NONE',  ( 1.565000000000000169, 4.176956441796261466, 0.7649999999999991251 ) ) ;
#4185 = PLANE ( 'NONE',  #3340 ) ;
#4186 = LINE ( 'NONE', #1509, #604 ) ;
#4187 = EDGE_LOOP ( 'NONE', ( #5014, #3885, #3288, #517 ) ) ;
#4188 = VECTOR ( 'NONE', #1107, 1000.000000000000000 ) ;
#4189 = DIRECTION ( 'NONE',  ( -0.000000000000000000, 1.224646799147353454E-16, -1.000000000000000000 ) ) ;
#4190 = DIRECTION ( 'NONE',  ( -0.000000000000000000, -0.000000000000000000, 1.000000000000000000 ) ) ;
#4191 = LINE ( 'NONE', #2967, #836 ) ;
#4192 = VECTOR ( 'NONE', #738, 1000.000000000000000 ) ;
#4193 = ORIENTED_EDGE ( 'NONE', *, *, #3762, .T. ) ;
#4194 = DIRECTION ( 'NONE',  ( 0.000000000000000000, 0.000000000000000000, 1.000000000000000000 ) ) ;
#4195 = EDGE_LOOP ( 'NONE', ( #3227, #4621, #4083, #767 ) ) ;
#4196 = SURFACE_STYLE_USAGE ( .BOTH. , #3813 ) ;
#4197 = VECTOR ( 'NONE', #4807, 1000.000000000000000 ) ;
#4198 = CARTESIAN_POINT ( 'NONE',  ( -1.565000000000000169, 0.6650000000000001465, -0.4999999999999995559 ) ) ;
#4199 = EDGE_CURVE ( 'NONE', #11, #1017, #5764, .T. ) ;
#4200 = VERTEX_POINT ( 'NONE', #3443 ) ;
#4201 = CARTESIAN_POINT ( 'NONE',  ( 1.325000000000000178, 0.6650000000000000355, -0.4249999999999996003 ) ) ;
#4202 = FACE_OUTER_BOUND ( 'NONE', #1799, .T. ) ;
#4203 = CARTESIAN_POINT ( 'NONE',  ( -0.6500000000000001332, 0.6299999999999998934, -0.7649999999999991251 ) ) ;
#4204 = ORIENTED_EDGE ( 'NONE', *, *, #2182, .T. ) ;
#4205 = EDGE_CURVE ( 'NONE', #2802, #3613, #786, .T. ) ;
#4206 = EDGE_LOOP ( 'NONE', ( #3381, #2064, #284, #2726 ) ) ;
#4207 = ORIENTED_EDGE ( 'NONE', *, *, #5400, .T. ) ;
#4208 = CARTESIAN_POINT ( 'NONE',  ( -0.1499999999999999667, 0.03499999999999944128, -0.7649999999999989031 ) ) ;
#4209 = DIRECTION ( 'NONE',  ( 0.000000000000000000, 0.000000000000000000, -1.000000000000000000 ) ) ;
#4210 = LINE ( 'NONE', #1028, #5834 ) ;
#4211 = VECTOR ( 'NONE', #2819, 1000.000000000000000 ) ;
#4212 = DIRECTION ( 'NONE',  ( 0.000000000000000000, 0.000000000000000000, -1.000000000000000000 ) ) ;
#4213 = CARTESIAN_POINT ( 'NONE',  ( 1.450000000000000178, 0.6299999999999998934, 0.7649999999999991251 ) ) ;
#4214 = VECTOR ( 'NONE', #2203, 1000.000000000000000 ) ;
#4215 = ORIENTED_EDGE ( 'NONE', *, *, #1616, .T. ) ;
#4216 = PLANE ( 'NONE',  #2535 ) ;
#4217 = CARTESIAN_POINT ( 'NONE',  ( 1.565000000000000169, 0.6999999999999998446, 0.4766666666666662389 ) ) ;
#4218 = EDGE_CURVE ( 'NONE', #871, #1768, #4844, .T. ) ;
#4219 = LINE ( 'NONE', #2909, #5141 ) ;
#4220 = AXIS2_PLACEMENT_3D ( 'NONE', #4308, #2051, #148 ) ;
#4221 = FACE_OUTER_BOUND ( 'NONE', #5631, .T. ) ;
#4222 = EDGE_CURVE ( 'NONE', #2809, #3552, #5349, .T. ) ;
#4223 = ORIENTED_EDGE ( 'NONE', *, *, #1571, .T. ) ;
#4224 = CARTESIAN_POINT ( 'NONE',  ( 1.325000000000000400, -1.084202172485504434E-16, 0.6499999999999992450 ) ) ;
#4225 = VERTEX_POINT ( 'NONE', #3501 ) ;
#4226 =( NAMED_UNIT ( * ) PLANE_ANGLE_UNIT ( ) SI_UNIT ( $, .RADIAN. ) );
#4227 = FACE_OUTER_BOUND ( 'NONE', #4373, .T. ) ;
#4228 = ORIENTED_EDGE ( 'NONE', *, *, #3174, .T. ) ;
#4229 = DIRECTION ( 'NONE',  ( 0.000000000000000000, -1.000000000000000000, 0.000000000000000000 ) ) ;
#4230 = CARTESIAN_POINT ( 'NONE',  ( -1.074999999999999956, -1.084202172485504434E-16, -0.6499999999999995781 ) ) ;
#4231 = LINE ( 'NONE', #4678, #1308 ) ;
#4232 = EDGE_CURVE ( 'NONE', #4922, #2108, #3085, .T. ) ;
#4233 = SURFACE_SIDE_STYLE ('',( #4705 ) ) ;
#4234 = ORIENTED_EDGE ( 'NONE', *, *, #3864, .F. ) ;
#4235 = ORIENTED_EDGE ( 'NONE', *, *, #3073, .T. ) ;
#4236 = EDGE_CURVE ( 'NONE', #790, #3863, #4790, .T. ) ;
#4237 = LINE ( 'NONE', #3430, #4279 ) ;
#4238 = CARTESIAN_POINT ( 'NONE',  ( 0.2749999999999999667, -1.084202172485504434E-16, -0.6499999999999995781 ) ) ;
#4239 = EDGE_CURVE ( 'NONE', #5340, #3391, #1243, .T. ) ;
#4240 = LINE ( 'NONE', #3827, #1359 ) ;
#4241 = LINE ( 'NONE', #4626, #212 ) ;
#4242 = LINE ( 'NONE', #165, #3452 ) ;
#4243 = EDGE_LOOP ( 'NONE', ( #5384, #2554, #2996, #147 ) ) ;
#4244 = LINE ( 'NONE', #5039, #1404 ) ;
#4245 = DIRECTION ( 'NONE',  ( 0.000000000000000000, 1.000000000000000000, -0.000000000000000000 ) ) ;
#4246 = CARTESIAN_POINT ( 'NONE',  ( 0.6500000000000000222, 0.6300000000000000044, -0.4999999999999994449 ) ) ;
#4247 = DIRECTION ( 'NONE',  ( -1.000000000000000000, 0.000000000000000000, 1.016439536705160160E-16 ) ) ;
#4248 = EDGE_LOOP ( 'NONE', ( #784, #5251, #5235, #5817, #5347, #361, #1122, #933 ) ) ;
#4249 = CARTESIAN_POINT ( 'NONE',  ( 0.6500000000000000222, 0.6650000000000000355, -0.7999999999999994893 ) ) ;
#4250 = VERTEX_POINT ( 'NONE', #1875 ) ;
#4251 = ORIENTED_EDGE ( 'NONE', *, *, #4257, .T. ) ;
#4252 = PLANE ( 'NONE',  #3118 ) ;
#4253 = VERTEX_POINT ( 'NONE', #500 ) ;
#4254 = VECTOR ( 'NONE', #2056, 1000.000000000000000 ) ;
#4255 = VERTEX_POINT ( 'NONE', #57 ) ;
#4256 = VECTOR ( 'NONE', #3252, 1000.000000000000000 ) ;
#4257 = EDGE_CURVE ( 'NONE', #3933, #1478, #4105, .T. ) ;
#4258 = CARTESIAN_POINT ( 'NONE',  ( 0.9500000000000000666, 0.03499999999999944128, 0.7649999999999990141 ) ) ;
#4259 = AXIS2_PLACEMENT_3D ( 'NONE', #372, #1291, #430 ) ;
#4260 = SURFACE_STYLE_FILL_AREA ( #5688 ) ;
#4261 = VECTOR ( 'NONE', #2027, 1000.000000000000000 ) ;
#4262 = ORIENTED_EDGE ( 'NONE', *, *, #1580, .F. ) ;
#4263 = ORIENTED_EDGE ( 'NONE', *, *, #875, .F. ) ;
#4264 = CARTESIAN_POINT ( 'NONE',  ( -0.6500000000000001332, -1.004210375300829378E-16, 0.7999999999999994893 ) ) ;
#4265 = CARTESIAN_POINT ( 'NONE',  ( 0.6500000000000000222, 0.03499999999999999639, -0.6499999999999995781 ) ) ;
#4266 = LINE ( 'NONE', #2932, #5396 ) ;
#4267 = LINE ( 'NONE', #3349, #1077 ) ;
#4268 = LINE ( 'NONE', #200, #5058 ) ;
#4269 = LINE ( 'NONE', #5084, #3842 ) ;
#4270 = EDGE_CURVE ( 'NONE', #3665, #5632, #5061, .T. ) ;
#4271 = EDGE_CURVE ( 'NONE', #1698, #1519, #3565, .T. ) ;
#4272 = ORIENTED_EDGE ( 'NONE', *, *, #4906, .F. ) ;
#4273 = PLANE ( 'NONE',  #3778 ) ;
#4274 = CARTESIAN_POINT ( 'NONE',  ( -1.325000000000000178, 0.03499999999999999639, -0.4999999999999995559 ) ) ;
#4275 = DIRECTION ( 'NONE',  ( -1.668003342285392783E-16, 0.000000000000000000, -1.000000000000000000 ) ) ;
#4276 = DIRECTION ( 'NONE',  ( 0.000000000000000000, -0.000000000000000000, -1.000000000000000000 ) ) ;
#4277 = DIRECTION ( 'NONE',  ( 1.000000000000000000, 0.000000000000000000, 0.000000000000000000 ) ) ;
#4278 = EDGE_CURVE ( 'NONE', #4889, #5389, #3117, .T. ) ;
#4279 = VECTOR ( 'NONE', #161, 1000.000000000000000 ) ;
#4280 = ORIENTED_EDGE ( 'NONE', *, *, #2053, .T. ) ;
#4281 = ORIENTED_EDGE ( 'NONE', *, *, #1005, .F. ) ;
#4282 = PRESENTATION_STYLE_ASSIGNMENT (( #5179 ) ) ;
#4283 = CARTESIAN_POINT ( 'NONE',  ( -0.1500000000000000777, 0.6299999999999997824, -0.6499999999999995781 ) ) ;
#4284 = EDGE_LOOP ( 'NONE', ( #1704, #3273, #3857, #107 ) ) ;
#4285 = VECTOR ( 'NONE', #2401, 1000.000000000000000 ) ;
#4286 = DIRECTION ( 'NONE',  ( 0.000000000000000000, -0.000000000000000000, 1.000000000000000000 ) ) ;
#4287 = SURFACE_SIDE_STYLE ('',( #154 ) ) ;
#4288 = VERTEX_POINT ( 'NONE', #1 ) ;
#4289 = EDGE_CURVE ( 'NONE', #2830, #5149, #410, .T. ) ;
#4290 = ORIENTED_EDGE ( 'NONE', *, *, #924, .T. ) ;
#4291 = ORIENTED_EDGE ( 'NONE', *, *, #1868, .T. ) ;
#4292 = DIRECTION ( 'NONE',  ( -1.000000000000000000, 0.000000000000000000, 3.614007241618347785E-16 ) ) ;
#4293 = CARTESIAN_POINT ( 'NONE',  ( -0.9499999999999999556, 0.03499999999999999639, -0.6499999999999999112 ) ) ;
#4294 = CARTESIAN_POINT ( 'NONE',  ( -0.9499999999999999556, 0.03499999999999999639, 0.4999999999999996669 ) ) ;
#4295 = DIRECTION ( 'NONE',  ( -1.000000000000000000, -0.000000000000000000, -0.000000000000000000 ) ) ;
#4296 = ADVANCED_FACE ( 'NONE', ( #87 ), #947, .F. ) ;
#4297 = DIRECTION ( 'NONE',  ( -1.000000000000000000, -0.000000000000000000, 0.000000000000000000 ) ) ;
#4298 = DIRECTION ( 'NONE',  ( -1.000000000000000000, -0.000000000000000000, -0.000000000000000000 ) ) ;
#4299 = SHAPE_REPRESENTATION ( 'YC164-FR-07180KL', ( #1948, #3368 ), #5833 ) ;
#4300 = ORIENTED_EDGE ( 'NONE', *, *, #5287, .T. ) ;
#4301 = AXIS2_PLACEMENT_3D ( 'NONE', #318, #5316, #1594 ) ;
#4302 = DIRECTION ( 'NONE',  ( 0.000000000000000000, 0.000000000000000000, 1.000000000000000000 ) ) ;
#4303 = CARTESIAN_POINT ( 'NONE',  ( 0.5250000000000000222, 0.03499999999999999639, 0.7649999999999991251 ) ) ;
#4304 = ADVANCED_FACE ( 'NONE', ( #4159 ), #4514, .F. ) ;
#4305 = DIRECTION ( 'NONE',  ( -1.000000000000000000, 0.000000000000000000, 0.000000000000000000 ) ) ;
#4306 = PLANE ( 'NONE',  #89 ) ;
#4307 = AXIS2_PLACEMENT_3D ( 'NONE', #5064, #4610, #34 ) ;
#4308 = CARTESIAN_POINT ( 'NONE',  ( -1.325000000000000178, -1.084202172485504434E-16, -0.6499999999999995781 ) ) ;
#4309 = ORIENTED_EDGE ( 'NONE', *, *, #703, .T. ) ;
#4310 = ORIENTED_EDGE ( 'NONE', *, *, #3732, .T. ) ;
#4311 = ADVANCED_FACE ( 'NONE', ( #5381 ), #976, .F. ) ;
#4312 = VECTOR ( 'NONE', #1678, 1000.000000000000000 ) ;
#4313 = EDGE_CURVE ( 'NONE', #4863, #2982, #5000, .T. ) ;
#4314 = PLANE ( 'NONE',  #5682 ) ;
#4315 = VECTOR ( 'NONE', #286, 1000.000000000000000 ) ;
#4316 = ORIENTED_EDGE ( 'NONE', *, *, #58, .T. ) ;
#4317 = FACE_OUTER_BOUND ( 'NONE', #481, .T. ) ;
#4318 =( NAMED_UNIT ( * ) SI_UNIT ( $, .STERADIAN. ) SOLID_ANGLE_UNIT ( ) );
#4319 = LINE ( 'NONE', #2953, #2939 ) ;
#4320 = ORIENTED_EDGE ( 'NONE', *, *, #2595, .F. ) ;
#4321 = VERTEX_POINT ( 'NONE', #851 ) ;
#4322 = EDGE_CURVE ( 'NONE', #5367, #347, #2674, .T. ) ;
#4323 = CARTESIAN_POINT ( 'NONE',  ( 1.074999999999999956, -1.084202172485504434E-16, -0.4999999999999995559 ) ) ;
#4324 = DIRECTION ( 'NONE',  ( 0.000000000000000000, -1.000000000000000000, 0.000000000000000000 ) ) ;
#4325 = CARTESIAN_POINT ( 'NONE',  ( 0.9499999999999998446, 4.176956441796261466, -0.7649999999999990141 ) ) ;
#4326 = DIRECTION ( 'NONE',  ( 1.000000000000000000, 0.000000000000000000, -7.228014483236698528E-16 ) ) ;
#4327 = ORIENTED_EDGE ( 'NONE', *, *, #4463, .F. ) ;
#4328 = EDGE_CURVE ( 'NONE', #5788, #428, #5415, .T. ) ;
#4329 = EDGE_CURVE ( 'NONE', #4469, #3933, #439, .T. ) ;
#4330 = LINE ( 'NONE', #1538, #2355 ) ;
#4331 = PLANE ( 'NONE',  #4301 ) ;
#4332 = ORIENTED_EDGE ( 'NONE', *, *, #3584, .T. ) ;
#4333 = LINE ( 'NONE', #466, #1059 ) ;
#4334 = FACE_OUTER_BOUND ( 'NONE', #1014, .T. ) ;
#4335 = VERTEX_POINT ( 'NONE', #1845 ) ;
#4336 = ORIENTED_EDGE ( 'NONE', *, *, #2593, .T. ) ;
#4337 = LINE ( 'NONE', #5261, #2459 ) ;
#4338 = CARTESIAN_POINT ( 'NONE',  ( 0.6500000000000000222, 0.000000000000000000, -0.6499999999999995781 ) ) ;
#4339 = EDGE_CURVE ( 'NONE', #3178, #2809, #5442, .T. ) ;
#4340 = ORIENTED_EDGE ( 'NONE', *, *, #4842, .T. ) ;
#4341 = EDGE_CURVE ( 'NONE', #4758, #4517, #4543, .T. ) ;
#4342 = AXIS2_PLACEMENT_3D ( 'NONE', #418, #4519, #4945 ) ;
#4343 = DIRECTION ( 'NONE',  ( 1.000000000000000000, 0.000000000000000000, 0.000000000000000000 ) ) ;
#4344 = SURFACE_STYLE_USAGE ( .BOTH. , #5243 ) ;
#4345 = ORIENTED_EDGE ( 'NONE', *, *, #1157, .F. ) ;
#4346 = AXIS2_PLACEMENT_3D ( 'NONE', #3420, #1159, #5567 ) ;
#4347 = ORIENTED_EDGE ( 'NONE', *, *, #3248, .F. ) ;
#4348 = CARTESIAN_POINT ( 'NONE',  ( -1.325000000000000178, 0.6299999999999996714, -0.4249999999999995448 ) ) ;
#4349 = CARTESIAN_POINT ( 'NONE',  ( 1.325000000000000178, 0.03499999999999999639, -0.4999999999999995559 ) ) ;
#4350 = DIRECTION ( 'NONE',  ( -0.000000000000000000, 0.000000000000000000, -1.000000000000000000 ) ) ;
#4351 = APPLICATION_CONTEXT ( 'automotive_design' ) ;
#4352 = LINE ( 'NONE', #5780, #21 ) ;
#4353 = ORIENTED_EDGE ( 'NONE', *, *, #4523, .T. ) ;
#4354 = AXIS2_PLACEMENT_3D ( 'NONE', #2590, #334, #2150 ) ;
#4355 = PRESENTATION_LAYER_ASSIGNMENT (  '', '', ( #1036 ) ) ;
#4356 = ORIENTED_EDGE ( 'NONE', *, *, #2377, .F. ) ;
#4357 = LINE ( 'NONE', #4383, #825 ) ;
#4358 = LINE ( 'NONE', #693, #2797 ) ;
#4359 = DIRECTION ( 'NONE',  ( -0.000000000000000000, 0.000000000000000000, 1.000000000000000000 ) ) ;
#4360 = CARTESIAN_POINT ( 'NONE',  ( 1.325000000000000178, 0.6299999999999994493, -0.6499999999999999112 ) ) ;
#4361 = ORIENTED_EDGE ( 'NONE', *, *, #1405, .T. ) ;
#4362 = ORIENTED_EDGE ( 'NONE', *, *, #2182, .F. ) ;
#4363 = DIRECTION ( 'NONE',  ( -0.000000000000000000, 1.000000000000000000, -0.000000000000000000 ) ) ;
#4364 = DIRECTION ( 'NONE',  ( -1.000000000000000000, 0.000000000000000000, 0.000000000000000000 ) ) ;
#4365 = CARTESIAN_POINT ( 'NONE',  ( 1.600000000000000311, 0.6650000000000000355, 0.7999999999999994893 ) ) ;
#4366 = ORIENTED_EDGE ( 'NONE', *, *, #3603, .F. ) ;
#4367 = CARTESIAN_POINT ( 'NONE',  ( -1.074999999999999956, -1.084202172485504434E-16, 0.6499999999999995781 ) ) ;
#4368 = VECTOR ( 'NONE', #866, 1000.000000000000000 ) ;
#4369 = CARTESIAN_POINT ( 'NONE',  ( -1.324999999999999956, -1.084202172485504434E-16, 0.6499999999999995781 ) ) ;
#4370 = DIRECTION ( 'NONE',  ( 0.000000000000000000, 1.000000000000000000, -0.000000000000000000 ) ) ;
#4371 = EDGE_CURVE ( 'NONE', #379, #4255, #5496, .T. ) ;
#4372 = VECTOR ( 'NONE', #1326, 1000.000000000000000 ) ;
#4373 = EDGE_LOOP ( 'NONE', ( #1281, #245, #998, #2824, #1842, #3914, #33, #5120 ) ) ;
#4374 = ORIENTED_EDGE ( 'NONE', *, *, #1443, .T. ) ;
#4375 = LINE ( 'NONE', #3042, #739 ) ;
#4376 = CARTESIAN_POINT ( 'NONE',  ( -0.6500000000000001332, -1.004210375300829378E-16, -0.7999999999999994893 ) ) ;
#4377 = CARTESIAN_POINT ( 'NONE',  ( 1.600000000000000311, 4.176956441796261466, 0.7649999999999991251 ) ) ;
#4378 = EDGE_CURVE ( 'NONE', #189, #3823, #5470, .T. ) ;
#4379 = CARTESIAN_POINT ( 'NONE',  ( 1.600000000000000311, 0.6650000000000000355, -0.7999999999999994893 ) ) ;
#4380 = EDGE_LOOP ( 'NONE', ( #3498, #1446, #1645, #995 ) ) ;
#4381 = ORIENTED_EDGE ( 'NONE', *, *, #3220, .T. ) ;
#4382 = CARTESIAN_POINT ( 'NONE',  ( -0.9500000000000000666, -6.368163355566234902E-17, 0.4999999999999995559 ) ) ;
#4383 = CARTESIAN_POINT ( 'NONE',  ( -0.9500000000000000666, -1.004210375300829378E-16, -0.7999999999999994893 ) ) ;
#4384 = LINE ( 'NONE', #5281, #5727 ) ;
#4385 = CARTESIAN_POINT ( 'NONE',  ( -0.5250000000000000222, -1.084202172485504434E-16, 0.6499999999999995781 ) ) ;
#4386 = DIRECTION ( 'NONE',  ( -0.000000000000000000, -0.000000000000000000, 1.000000000000000000 ) ) ;
#4387 = ORIENTED_EDGE ( 'NONE', *, *, #4834, .T. ) ;
#4388 = ORIENTED_EDGE ( 'NONE', *, *, #1293, .F. ) ;
#4389 = ADVANCED_FACE ( 'NONE', ( #2791 ), #3239, .F. ) ;
#4390 = DIRECTION ( 'NONE',  ( 0.000000000000000000, -1.000000000000000000, 0.000000000000000000 ) ) ;
#4391 = VECTOR ( 'NONE', #3690, 1000.000000000000000 ) ;
#4392 = CARTESIAN_POINT ( 'NONE',  ( -0.5250000000000000222, -1.084202172485504434E-16, 0.6499999999999995781 ) ) ;
#4393 = DIRECTION ( 'NONE',  ( 0.000000000000000000, 1.224646799147353454E-16, 1.000000000000000000 ) ) ;
#4394 = ORIENTED_EDGE ( 'NONE', *, *, #5210, .T. ) ;
#4395 = COLOUR_RGB ( '',0.7921568627450980005, 0.8196078431372548767, 0.9333333333333333481 ) ;
#4396 = DIRECTION ( 'NONE',  ( 0.000000000000000000, 1.000000000000000000, 0.000000000000000000 ) ) ;
#4397 = DIRECTION ( 'NONE',  ( -0.000000000000000000, -0.000000000000000000, 1.000000000000000000 ) ) ;
#4398 = EDGE_CURVE ( 'NONE', #5837, #5723, #612, .T. ) ;
#4399 = FACE_OUTER_BOUND ( 'NONE', #2248, .T. ) ;
#4400 = ORIENTED_EDGE ( 'NONE', *, *, #3856, .F. ) ;
#4401 = VERTEX_POINT ( 'NONE', #2378 ) ;
#4402 = EDGE_CURVE ( 'NONE', #5673, #2279, #3269, .T. ) ;
#4403 = DIRECTION ( 'NONE',  ( 0.000000000000000000, -1.000000000000000000, 0.000000000000000000 ) ) ;
#4404 = DIRECTION ( 'NONE',  ( 0.000000000000000000, -1.000000000000000000, 1.548860246407859392E-15 ) ) ;
#4405 = CARTESIAN_POINT ( 'NONE',  ( 0.1499999999999998834, 0.6300000000000000044, -0.7649999999999991251 ) ) ;
#4406 = CARTESIAN_POINT ( 'NONE',  ( 0.1500000000000000777, 0.03499999999999999639, -0.4999999999999994449 ) ) ;
#4407 = ORIENTED_EDGE ( 'NONE', *, *, #2239, .F. ) ;
#4408 = EDGE_CURVE ( 'NONE', #1996, #4722, #2432, .T. ) ;
#4409 = VERTEX_POINT ( 'NONE', #5615 ) ;
#4410 = DIRECTION ( 'NONE',  ( -1.000000000000000000, -0.000000000000000000, -0.000000000000000000 ) ) ;
#4411 = LINE ( 'NONE', #1355, #5018 ) ;
#4412 = CARTESIAN_POINT ( 'NONE',  ( -1.324999999999999956, -1.084202172485504434E-16, 0.6499999999999995781 ) ) ;
#4413 = LINE ( 'NONE', #4005, #861 ) ;
#4414 = LINE ( 'NONE', #1181, #3365 ) ;
#4415 = EDGE_LOOP ( 'NONE', ( #2732, #2539, #710, #5725 ) ) ;
#4416 = ORIENTED_EDGE ( 'NONE', *, *, #4600, .F. ) ;
#4417 = FACE_OUTER_BOUND ( 'NONE', #5697, .T. ) ;
#4418 = CARTESIAN_POINT ( 'NONE',  ( -1.600000000000000311, 0.6650000000000000355, 0.7999999999999994893 ) ) ;
#4419 = FACE_OUTER_BOUND ( 'NONE', #5820, .T. ) ;
#4420 = ORIENTED_EDGE ( 'NONE', *, *, #3840, .F. ) ;
#4421 = LINE ( 'NONE', #5797, #3484 ) ;
#4422 = CARTESIAN_POINT ( 'NONE',  ( -0.1500000000000000777, -6.368163355566234902E-17, 0.4999999999999995559 ) ) ;
#4423 = LINE ( 'NONE', #765, #1411 ) ;
#4424 = ORIENTED_EDGE ( 'NONE', *, *, #990, .T. ) ;
#4425 = EDGE_CURVE ( 'NONE', #4892, #468, #3327, .T. ) ;
#4426 = ORIENTED_EDGE ( 'NONE', *, *, #5836, .T. ) ;
#4427 = CARTESIAN_POINT ( 'NONE',  ( 0.1499999999999999667, 0.6299999999999996714, 0.6499999999999995781 ) ) ;
#4428 = CARTESIAN_POINT ( 'NONE',  ( 0.000000000000000000, 0.03499999999999999639, 0.4999999999999996669 ) ) ;
#4429 = CARTESIAN_POINT ( 'NONE',  ( 1.450000000000000178, -1.004210375300829378E-16, -0.7999999999999994893 ) ) ;
#4430 = ORIENTED_EDGE ( 'NONE', *, *, #1706, .F. ) ;
#4431 =( GEOMETRIC_REPRESENTATION_CONTEXT ( 3 ) GLOBAL_UNCERTAINTY_ASSIGNED_CONTEXT ( ( #1460 ) ) GLOBAL_UNIT_ASSIGNED_CONTEXT ( ( #2385, #1603, #5654 ) ) REPRESENTATION_CONTEXT ( 'NONE', 'WORKASPACE' ) );
#4432 = CARTESIAN_POINT ( 'NONE',  ( 0.2749999999999999667, 0.03499999999999999639, -0.4999999999999995559 ) ) ;
#4433 = ORIENTED_EDGE ( 'NONE', *, *, #4218, .F. ) ;
#4434 = VECTOR ( 'NONE', #2209, 1000.000000000000000 ) ;
#4435 = VERTEX_POINT ( 'NONE', #4274 ) ;
#4436 = CARTESIAN_POINT ( 'NONE',  ( -0.1500000000000000777, 0.6299999999999998934, -0.7649999999999991251 ) ) ;
#4437 = DIRECTION ( 'NONE',  ( -1.000000000000000000, -0.000000000000000000, -0.000000000000000000 ) ) ;
#4438 = CARTESIAN_POINT ( 'NONE',  ( 1.325000000000000178, -1.084202172485504434E-16, -0.6499999999999999112 ) ) ;
#4439 = VECTOR ( 'NONE', #5512, 1000.000000000000000 ) ;
#4440 = AXIS2_PLACEMENT_3D ( 'NONE', #4161, #440, #5001 ) ;
#4441 = CARTESIAN_POINT ( 'NONE',  ( -0.2749999999999999667, 0.03499999999999999639, 0.7649999999999991251 ) ) ;
#4442 = ADVANCED_FACE ( 'NONE', ( #1512 ), #144, .F. ) ;
#4443 = EDGE_CURVE ( 'NONE', #3359, #4200, #1539, .T. ) ;
#4444 = DIRECTION ( 'NONE',  ( -0.000000000000000000, 0.000000000000000000, 1.000000000000000000 ) ) ;
#4445 = ORIENTED_EDGE ( 'NONE', *, *, #2346, .F. ) ;
#4446 = EDGE_LOOP ( 'NONE', ( #1629, #2530, #1765, #695 ) ) ;
#4447 = DIRECTION ( 'NONE',  ( 0.000000000000000000, 0.000000000000000000, -1.000000000000000000 ) ) ;
#4448 =( GEOMETRIC_REPRESENTATION_CONTEXT ( 3 ) GLOBAL_UNCERTAINTY_ASSIGNED_CONTEXT ( ( #504 ) ) GLOBAL_UNIT_ASSIGNED_CONTEXT ( ( #3848, #2004, #5602 ) ) REPRESENTATION_CONTEXT ( 'NONE', 'WORKASPACE' ) );
#4449 = DIRECTION ( 'NONE',  ( -0.000000000000000000, 1.000000000000000000, -0.000000000000000000 ) ) ;
#4450 = DIRECTION ( 'NONE',  ( -1.000000000000000000, 0.000000000000000000, 0.000000000000000000 ) ) ;
#4451 = EDGE_CURVE ( 'NONE', #5555, #2956, #171, .T. ) ;
#4452 = FACE_OUTER_BOUND ( 'NONE', #535, .T. ) ;
#4453 = VERTEX_POINT ( 'NONE', #1963 ) ;
#4454 = CARTESIAN_POINT ( 'NONE',  ( 0.5250000000000000222, 0.03499999999999999639, -0.7649999999999991251 ) ) ;
#4455 = LINE ( 'NONE', #301, #4466 ) ;
#4456 = DIRECTION ( 'NONE',  ( -0.000000000000000000, -0.000000000000000000, 1.000000000000000000 ) ) ;
#4457 = EDGE_LOOP ( 'NONE', ( #5143, #1792, #1745, #2518, #2227, #3774, #1908, #40 ) ) ;
#4458 =( REPRESENTATION_RELATIONSHIP ('NONE','NONE', #4299, #5554 ) REPRESENTATION_RELATIONSHIP_WITH_TRANSFORMATION ( #796 )SHAPE_REPRESENTATION_RELATIONSHIP( ) );
#4459 = AXIS2_PLACEMENT_3D ( 'NONE', #1481, #3270, #145 ) ;
#4460 = ORIENTED_EDGE ( 'NONE', *, *, #1103, .T. ) ;
#4461 = LINE ( 'NONE', #2245, #1221 ) ;
#4462 = CARTESIAN_POINT ( 'NONE',  ( -1.600000000000000311, 0.6299999999999995604, -0.6499999999999994671 ) ) ;
#4463 = EDGE_CURVE ( 'NONE', #4253, #1638, #1065, .T. ) ;
#4464 = DIRECTION ( 'NONE',  ( 0.000000000000000000, 1.000000000000000000, 0.000000000000000000 ) ) ;
#4465 = ORIENTED_EDGE ( 'NONE', *, *, #5157, .F. ) ;
#4466 = VECTOR ( 'NONE', #4397, 1000.000000000000000 ) ;
#4467 = PLANE ( 'NONE',  #2475 ) ;
#4468 = ORIENTED_EDGE ( 'NONE', *, *, #5037, .F. ) ;
#4469 = VERTEX_POINT ( 'NONE', #3803 ) ;
#4470 = VECTOR ( 'NONE', #2903, 1000.000000000000000 ) ;
#4471 = DIRECTION ( 'NONE',  ( 0.000000000000000000, 0.000000000000000000, -1.000000000000000000 ) ) ;
#4472 = LINE ( 'NONE', #3078, #2446 ) ;
#4473 = FACE_OUTER_BOUND ( 'NONE', #2303, .T. ) ;
#4474 = EDGE_CURVE ( 'NONE', #1579, #4139, #3298, .T. ) ;
#4475 = LINE ( 'NONE', #3710, #3049 ) ;
#4476 = LINE ( 'NONE', #609, #230 ) ;
#4477 = VERTEX_POINT ( 'NONE', #2881 ) ;
#4478 = EDGE_LOOP ( 'NONE', ( #4991, #1050, #3185, #856 ) ) ;
#4479 = CARTESIAN_POINT ( 'NONE',  ( -0.1500000000000000777, 0.6650000000000000355, -0.7999999999999994893 ) ) ;
#4480 = ADVANCED_FACE ( 'NONE', ( #4691 ), #2405, .F. ) ;
#4481 = DIRECTION ( 'NONE',  ( -1.000000000000000000, -0.000000000000000000, -0.000000000000000000 ) ) ;
#4482 = DIRECTION ( 'NONE',  ( -0.000000000000000000, 0.000000000000000000, 1.000000000000000000 ) ) ;
#4483 = CARTESIAN_POINT ( 'NONE',  ( 1.449999999999999956, 0.6299999999999996714, 0.6499999999999993561 ) ) ;
#4484 = ORIENTED_EDGE ( 'NONE', *, *, #2677, .T. ) ;
#4485 = EDGE_CURVE ( 'NONE', #2272, #2149, #5556, .T. ) ;
#4486 = EDGE_CURVE ( 'NONE', #2279, #3761, #3715, .T. ) ;
#4487 = CARTESIAN_POINT ( 'NONE',  ( 1.325000000000000178, -1.084202172485504434E-16, -0.6499999999999999112 ) ) ;
#4488 = VECTOR ( 'NONE', #3355, 1000.000000000000000 ) ;
#4489 = CARTESIAN_POINT ( 'NONE',  ( -1.325000000000000178, -1.084202172485504434E-16, -0.4999999999999995559 ) ) ;
#4490 = LINE ( 'NONE', #740, #5870 ) ;
#4491 = VECTOR ( 'NONE', #1561, 1000.000000000000000 ) ;
#4492 = VERTEX_POINT ( 'NONE', #4662 ) ;
#4493 =( NAMED_UNIT ( * ) SI_UNIT ( $, .STERADIAN. ) SOLID_ANGLE_UNIT ( ) );
#4494 = EDGE_LOOP ( 'NONE', ( #3642, #2801, #4290, #1161, #775, #2899, #3115, #2947 ) ) ;
#4495 = DIRECTION ( 'NONE',  ( 1.000000000000000000, 0.000000000000000000, -1.668003342285392783E-16 ) ) ;
#4496 = CARTESIAN_POINT ( 'NONE',  ( -0.9500000000000000666, 0.6300000000000000044, 0.000000000000000000 ) ) ;
#4497 = LINE ( 'NONE', #1701, #3883 ) ;
#4498 = VECTOR ( 'NONE', #3979, 1000.000000000000000 ) ;
#4499 = ORIENTED_EDGE ( 'NONE', *, *, #4152, .F. ) ;
#4500 = ORIENTED_EDGE ( 'NONE', *, *, #1505, .F. ) ;
#4501 = EDGE_CURVE ( 'NONE', #3981, #5513, #3833, .T. ) ;
#4502 = VECTOR ( 'NONE', #4189, 1000.000000000000000 ) ;
#4503 = ORIENTED_EDGE ( 'NONE', *, *, #5225, .T. ) ;
#4504 = CARTESIAN_POINT ( 'NONE',  ( 1.565000000000000169, 0.6650000000000001465, -0.4999999999999995559 ) ) ;
#4505 = LINE ( 'NONE', #5315, #166 ) ;
#4506 = FACE_OUTER_BOUND ( 'NONE', #1557, .T. ) ;
#4507 = CARTESIAN_POINT ( 'NONE',  ( -1.600000000000000311, 0.03499999999999998251, 0.6499999999999996891 ) ) ;
#4508 = FACE_OUTER_BOUND ( 'NONE', #5705, .T. ) ;
#4509 = VERTEX_POINT ( 'NONE', #1089 ) ;
#4510 = EDGE_CURVE ( 'NONE', #4517, #1173, #669, .T. ) ;
#4511 = EDGE_CURVE ( 'NONE', #1377, #1163, #4719, .T. ) ;
#4512 = ORIENTED_EDGE ( 'NONE', *, *, #1595, .F. ) ;
#4513 = DIRECTION ( 'NONE',  ( -1.000000000000000000, -0.000000000000000000, 0.000000000000000000 ) ) ;
#4514 = PLANE ( 'NONE',  #2184 ) ;
#4515 = LINE ( 'NONE', #2324, #3884 ) ;
#4516 = DIRECTION ( 'NONE',  ( -1.000000000000000000, 0.000000000000000000, 0.000000000000000000 ) ) ;
#4517 = VERTEX_POINT ( 'NONE', #639 ) ;
#4518 = CARTESIAN_POINT ( 'NONE',  ( -1.565000000000000169, 0.6650000000000000355, 0.4249999999999996003 ) ) ;
#4519 = DIRECTION ( 'NONE',  ( -0.000000000000000000, 0.000000000000000000, -1.000000000000000000 ) ) ;
#4520 =( NAMED_UNIT ( * ) SI_UNIT ( $, .STERADIAN. ) SOLID_ANGLE_UNIT ( ) );
#4521 = ADVANCED_FACE ( 'NONE', ( #1566 ), #5198, .F. ) ;
#4522 = EDGE_CURVE ( 'NONE', #2926, #3251, #1623, .T. ) ;
#4523 = EDGE_CURVE ( 'NONE', #5622, #1416, #1148, .T. ) ;
#4524 = ORIENTED_EDGE ( 'NONE', *, *, #3946, .F. ) ;
#4525 = EDGE_LOOP ( 'NONE', ( #2529, #881, #2338, #3713 ) ) ;
#4526 = LINE ( 'NONE', #1379, #1504 ) ;
#4527 = CARTESIAN_POINT ( 'NONE',  ( 0.6500000000000000222, 0.6299999999999996714, 0.4249999999999996003 ) ) ;
#4528 = DIRECTION ( 'NONE',  ( 1.000000000000000000, -0.000000000000000000, 0.000000000000000000 ) ) ;
#4529 = EDGE_LOOP ( 'NONE', ( #2561, #5399, #5570, #5884, #2879, #3634, #1775, #4620 ) ) ;
#4530 = EDGE_LOOP ( 'NONE', ( #2099, #4445, #511, #3768 ) ) ;
#4531 = VERTEX_POINT ( 'NONE', #5344 ) ;
#4532 = DIRECTION ( 'NONE',  ( 0.000000000000000000, 0.000000000000000000, -1.000000000000000000 ) ) ;
#4533 = DIRECTION ( 'NONE',  ( 1.668003342285392783E-16, 0.000000000000000000, 1.000000000000000000 ) ) ;
#4534 = CARTESIAN_POINT ( 'NONE',  ( 1.450000000000000178, 0.6650000000000000355, -0.4249999999999996003 ) ) ;
#4535 = COLOUR_RGB ( '',0.7921568627450980005, 0.8196078431372548767, 0.9333333333333333481 ) ;
#4536 = LINE ( 'NONE', #4063, #487 ) ;
#4537 = VECTOR ( 'NONE', #4370, 1000.000000000000000 ) ;
#4538 = CARTESIAN_POINT ( 'NONE',  ( -0.1500000000000000777, 0.03499999999999999639, -0.7649999999999991251 ) ) ;
#4539 = AXIS2_PLACEMENT_3D ( 'NONE', #3819, #1945, #5628 ) ;
#4540 = ORIENTED_EDGE ( 'NONE', *, *, #2808, .F. ) ;
#4541 = VERTEX_POINT ( 'NONE', #4806 ) ;
#4542 = CARTESIAN_POINT ( 'NONE',  ( -0.5250000000000000222, 0.6650000000000000355, 0.7999999999999994893 ) ) ;
#4543 = LINE ( 'NONE', #2347, #2704 ) ;
#4544 = VECTOR ( 'NONE', #4471, 1000.000000000000000 ) ;
#4545 = AXIS2_PLACEMENT_3D ( 'NONE', #727, #5791, #2524 ) ;
#4546 = DIRECTION ( 'NONE',  ( 0.000000000000000000, -1.000000000000000000, 0.000000000000000000 ) ) ;
#4547 = VERTEX_POINT ( 'NONE', #343 ) ;
#4548 = LINE ( 'NONE', #5176, #5451 ) ;
#4549 = ORIENTED_EDGE ( 'NONE', *, *, #4670, .T. ) ;
#4550 = DIRECTION ( 'NONE',  ( 0.000000000000000000, 0.000000000000000000, -1.000000000000000000 ) ) ;
#4551 = LINE ( 'NONE', #4110, #447 ) ;
#4552 = DIRECTION ( 'NONE',  ( 1.000000000000000000, 0.000000000000000000, 8.673617379884044347E-16 ) ) ;
#4553 = ORIENTED_EDGE ( 'NONE', *, *, #1862, .T. ) ;
#4554 = ORIENTED_EDGE ( 'NONE', *, *, #2891, .T. ) ;
#4555 = ADVANCED_FACE ( 'NONE', ( #2603 ), #4896, .F. ) ;
#4556 = DIRECTION ( 'NONE',  ( 1.000000000000000000, 0.000000000000000000, 0.000000000000000000 ) ) ;
#4557 = LINE ( 'NONE', #898, #1238 ) ;
#4558 = DIRECTION ( 'NONE',  ( 1.000000000000000000, 0.000000000000000000, 0.000000000000000000 ) ) ;
#4559 = EDGE_CURVE ( 'NONE', #4225, #563, #3916, .T. ) ;
#4560 = VERTEX_POINT ( 'NONE', #4780 ) ;
#4561 = VECTOR ( 'NONE', #4023, 1000.000000000000000 ) ;
#4562 = ORIENTED_EDGE ( 'NONE', *, *, #434, .F. ) ;
#4563 = ORIENTED_EDGE ( 'NONE', *, *, #1947, .F. ) ;
#4564 = CARTESIAN_POINT ( 'NONE',  ( -0.5250000000000000222, 0.03499999999999999639, 0.4999999999999995559 ) ) ;
#4565 = FACE_OUTER_BOUND ( 'NONE', #5299, .T. ) ;
#4566 = EDGE_CURVE ( 'NONE', #4509, #2054, #5785, .T. ) ;
#4567 = CARTESIAN_POINT ( 'NONE',  ( -1.074999999999999956, -1.084202172485504434E-16, 0.6499999999999995781 ) ) ;
#4568 = VECTOR ( 'NONE', #1307, 1000.000000000000000 ) ;
#4569 = FACE_OUTER_BOUND ( 'NONE', #2187, .T. ) ;
#4570 = CARTESIAN_POINT ( 'NONE',  ( 0.6500000000000000222, 0.03499999999999999639, 0.4999999999999995559 ) ) ;
#4571 = VECTOR ( 'NONE', #5108, 1000.000000000000000 ) ;
#4572 = ORIENTED_EDGE ( 'NONE', *, *, #4934, .F. ) ;
#4573 = DIRECTION ( 'NONE',  ( 1.016439536705160160E-16, -0.000000000000000000, 1.000000000000000000 ) ) ;
#4574 = CARTESIAN_POINT ( 'NONE',  ( -0.9499999999999999556, 0.6650000000000000355, -0.6499999999999999112 ) ) ;
#4575 = LINE ( 'NONE', #3633, #1896 ) ;
#4576 = VERTEX_POINT ( 'NONE', #4838 ) ;
#4577 = CARTESIAN_POINT ( 'NONE',  ( -0.9500000000000000666, -1.004210375300829378E-16, -0.7999999999999994893 ) ) ;
#4578 = ORIENTED_EDGE ( 'NONE', *, *, #2987, .T. ) ;
#4579 = EDGE_CURVE ( 'NONE', #2063, #3056, #4358, .T. ) ;
#4580 = DIRECTION ( 'NONE',  ( -1.000000000000000000, 0.000000000000000000, 0.000000000000000000 ) ) ;
#4581 = CARTESIAN_POINT ( 'NONE',  ( 0.6500000000000000222, 0.000000000000000000, 0.000000000000000000 ) ) ;
#4582 = SURFACE_SIDE_STYLE ('',( #1756 ) ) ;
#4583 = VERTEX_POINT ( 'NONE', #1650 ) ;
#4584 = ORIENTED_EDGE ( 'NONE', *, *, #1094, .F. ) ;
#4585 = EDGE_CURVE ( 'NONE', #3876, #218, #1267, .T. ) ;
#4586 = EDGE_CURVE ( 'NONE', #5403, #4910, #233, .T. ) ;
#4587 = DIRECTION ( 'NONE',  ( 0.000000000000000000, -1.000000000000000000, 0.000000000000000000 ) ) ;
#4588 = DIRECTION ( 'NONE',  ( -1.000000000000000000, -0.000000000000000000, 0.000000000000000000 ) ) ;
#4589 = LINE ( 'NONE', #15, #1602 ) ;
#4590 = ORIENTED_EDGE ( 'NONE', *, *, #5005, .F. ) ;
#4591 = VECTOR ( 'NONE', #5710, 1000.000000000000000 ) ;
#4592 = ORIENTED_EDGE ( 'NONE', *, *, #1165, .F. ) ;
#4593 = EDGE_CURVE ( 'NONE', #180, #3095, #2572, .T. ) ;
#4594 = ORIENTED_EDGE ( 'NONE', *, *, #2229, .T. ) ;
#4595 = VECTOR ( 'NONE', #4298, 1000.000000000000000 ) ;
#4596 = DIRECTION ( 'NONE',  ( 1.000000000000000000, 0.000000000000000000, 0.000000000000000000 ) ) ;
#4597 = DIRECTION ( 'NONE',  ( 0.000000000000000000, -0.000000000000000000, -1.000000000000000000 ) ) ;
#4598 = CARTESIAN_POINT ( 'NONE',  ( 1.450000000000000178, 0.03499999999999999639, 0.4999999999999995559 ) ) ;
#4599 = FACE_OUTER_BOUND ( 'NONE', #4120, .T. ) ;
#4600 = EDGE_CURVE ( 'NONE', #3761, #1735, #4384, .T. ) ;
#4601 = VECTOR ( 'NONE', #4072, 1000.000000000000000 ) ;
#4602 = LINE ( 'NONE', #5850, #2323 ) ;
#4603 = EDGE_CURVE ( 'NONE', #4863, #11, #2073, .T. ) ;
#4604 = ADVANCED_FACE ( 'NONE', ( #3974 ), #4331, .F. ) ;
#4605 = ORIENTED_EDGE ( 'NONE', *, *, #184, .T. ) ;
#4606 = CARTESIAN_POINT ( 'NONE',  ( 0.5250000000000000222, 0.6650000000000000355, 0.4249999999999996003 ) ) ;
#4607 = CARTESIAN_POINT ( 'NONE',  ( 1.600000000000000311, 4.176956441796261466, 0.7649999999999991251 ) ) ;
#4608 = DIRECTION ( 'NONE',  ( 3.614007241618349264E-16, 0.000000000000000000, -1.000000000000000000 ) ) ;
#4609 = ORIENTED_EDGE ( 'NONE', *, *, #3188, .F. ) ;
#4610 = DIRECTION ( 'NONE',  ( 0.000000000000000000, -9.293161478447186723E-15, -1.000000000000000000 ) ) ;
#4611 = UNCERTAINTY_MEASURE_WITH_UNIT (LENGTH_MEASURE( 1.000000000000000082E-05 ), #5535, 'distance_accuracy_value', 'NONE');
#4612 = ORIENTED_EDGE ( 'NONE', *, *, #159, .F. ) ;
#4613 = SURFACE_STYLE_USAGE ( .BOTH. , #3246 ) ;
#4614 = DIRECTION ( 'NONE',  ( 0.000000000000000000, 0.000000000000000000, -1.000000000000000000 ) ) ;
#4615 = VERTEX_POINT ( 'NONE', #3079 ) ;
#4616 = ORIENTED_EDGE ( 'NONE', *, *, #1321, .F. ) ;
#4617 = CARTESIAN_POINT ( 'NONE',  ( 0.5250000000000000222, 0.6649999999999998135, -0.6499999999999995781 ) ) ;
#4618 = CARTESIAN_POINT ( 'NONE',  ( -0.2749999999999999667, 0.6650000000000000355, 0.7999999999999994893 ) ) ;
#4619 = DIRECTION ( 'NONE',  ( -1.000000000000000000, 0.000000000000000000, -1.016439536705160160E-16 ) ) ;
#4620 = ORIENTED_EDGE ( 'NONE', *, *, #4510, .T. ) ;
#4621 = ORIENTED_EDGE ( 'NONE', *, *, #1473, .T. ) ;
#4622 = EDGE_LOOP ( 'NONE', ( #4215, #5795, #1021, #2727 ) ) ;
#4623 = DIRECTION ( 'NONE',  ( 0.000000000000000000, 1.000000000000000000, 1.548860246407859392E-15 ) ) ;
#4624 = CARTESIAN_POINT ( 'NONE',  ( 1.600000000000000311, 0.03499999999999999639, 0.6499999999999993561 ) ) ;
#4625 = CARTESIAN_POINT ( 'NONE',  ( 0.1499999999999999667, -6.368163355566234902E-17, -0.4999999999999995559 ) ) ;
#4626 = CARTESIAN_POINT ( 'NONE',  ( -1.565000000000000169, 0.6650000000000000355, 0.4999999999999995559 ) ) ;
#4627 = CARTESIAN_POINT ( 'NONE',  ( 0.000000000000000000, 0.000000000000000000, 0.000000000000000000 ) ) ;
#4628 = AXIS2_PLACEMENT_3D ( 'NONE', #4581, #5006, #2709 ) ;
#4629 = ORIENTED_EDGE ( 'NONE', *, *, #2147, .F. ) ;
#4630 = CARTESIAN_POINT ( 'NONE',  ( 1.325000000000000178, 0.03499999999999998251, -0.6499999999999999112 ) ) ;
#4631 = CARTESIAN_POINT ( 'NONE',  ( -1.074999999999999956, -1.084202172485504434E-16, 0.6499999999999995781 ) ) ;
#4632 = EDGE_CURVE ( 'NONE', #1470, #1377, #3887, .T. ) ;
#4633 = LINE ( 'NONE', #1038, #2289 ) ;
#4634 = VECTOR ( 'NONE', #2095, 1000.000000000000000 ) ;
#4635 = VECTOR ( 'NONE', #2062, 1000.000000000000000 ) ;
#4636 = PLANE ( 'NONE',  #1415 ) ;
#4637 = COLOUR_RGB ( '',0.7921568627450980005, 0.8196078431372548767, 0.9333333333333333481 ) ;
#4638 = EDGE_LOOP ( 'NONE', ( #4997, #2080, #48, #4085 ) ) ;
#4639 = FACE_OUTER_BOUND ( 'NONE', #70, .T. ) ;
#4640 = VERTEX_POINT ( 'NONE', #3438 ) ;
#4641 = VECTOR ( 'NONE', #1769, 1000.000000000000000 ) ;
#4642 = VECTOR ( 'NONE', #787, 1000.000000000000000 ) ;
#4643 = DIRECTION ( 'NONE',  ( 0.000000000000000000, 1.000000000000000000, -1.224646799147353454E-16 ) ) ;
#4644 = EDGE_CURVE ( 'NONE', #4547, #5204, #1201, .T. ) ;
#4645 = VECTOR ( 'NONE', #2790, 1000.000000000000000 ) ;
#4646 = VECTOR ( 'NONE', #1876, 1000.000000000000000 ) ;
#4647 = ORIENTED_EDGE ( 'NONE', *, *, #4218, .T. ) ;
#4648 = CARTESIAN_POINT ( 'NONE',  ( 1.600000000000000311, 0.6299999999999998934, 0.7649999999999991251 ) ) ;
#4649 = DIRECTION ( 'NONE',  ( -0.000000000000000000, 0.000000000000000000, 1.000000000000000000 ) ) ;
#4650 = CARTESIAN_POINT ( 'NONE',  ( -0.6500000000000001332, 0.6650000000000000355, -0.7999999999999994893 ) ) ;
#4651 = EDGE_LOOP ( 'NONE', ( #5843, #558, #4175, #5085 ) ) ;
#4652 = VERTEX_POINT ( 'NONE', #2629 ) ;
#4653 = EDGE_LOOP ( 'NONE', ( #2914, #3755, #2394, #5203 ) ) ;
#4654 = EDGE_CURVE ( 'NONE', #4938, #3318, #2048, .T. ) ;
#4655 = LINE ( 'NONE', #1354, #385 ) ;
#4656 = CARTESIAN_POINT ( 'NONE',  ( -1.324999999999999956, -1.084202172485504434E-16, 0.6499999999999995781 ) ) ;
#4657 = CARTESIAN_POINT ( 'NONE',  ( 0.000000000000000000, 0.6300000000000000044, 0.4999999999999996669 ) ) ;
#4658 = VECTOR ( 'NONE', #234, 1000.000000000000000 ) ;
#4659 = DIRECTION ( 'NONE',  ( -1.000000000000000000, 0.000000000000000000, -0.000000000000000000 ) ) ;
#4660 = DIRECTION ( 'NONE',  ( 0.000000000000000000, 0.000000000000000000, 1.000000000000000000 ) ) ;
#4661 = ORIENTED_EDGE ( 'NONE', *, *, #5437, .F. ) ;
#4662 = CARTESIAN_POINT ( 'NONE',  ( -0.5250000000000000222, 0.6649999999999998135, -0.6499999999999995781 ) ) ;
#4663 = LINE ( 'NONE', #588, #4658 ) ;
#4664 = DIRECTION ( 'NONE',  ( -0.000000000000000000, 0.000000000000000000, -1.000000000000000000 ) ) ;
#4665 = AXIS2_PLACEMENT_3D ( 'NONE', #5649, #236, #2050 ) ;
#4666 = ORIENTED_EDGE ( 'NONE', *, *, #4585, .T. ) ;
#4667 = CARTESIAN_POINT ( 'NONE',  ( 1.600000000000000311, -1.084202172485504434E-16, 0.6499999999999993561 ) ) ;
#4668 = EDGE_CURVE ( 'NONE', #1052, #3369, #5756, .T. ) ;
#4669 = ORIENTED_EDGE ( 'NONE', *, *, #1164, .F. ) ;
#4670 = EDGE_CURVE ( 'NONE', #705, #454, #3859, .T. ) ;
#4671 = AXIS2_PLACEMENT_3D ( 'NONE', #1741, #4359, #3526 ) ;
#4672 = LINE ( 'NONE', #2029, #2265 ) ;
#4673 = EDGE_CURVE ( 'NONE', #2567, #2749, #1325, .T. ) ;
#4674 = ORIENTED_EDGE ( 'NONE', *, *, #628, .T. ) ;
#4675 = EDGE_CURVE ( 'NONE', #2204, #5837, #2217, .T. ) ;
#4676 = DIRECTION ( 'NONE',  ( 1.000000000000000000, 0.000000000000000000, 0.000000000000000000 ) ) ;
#4677 =( LENGTH_UNIT ( ) NAMED_UNIT ( * ) SI_UNIT ( .MILLI., .METRE. ) );
#4678 = CARTESIAN_POINT ( 'NONE',  ( -1.074999999999999956, 0.6299999999999996714, 0.4249999999999996003 ) ) ;
#4679 = EDGE_LOOP ( 'NONE', ( #312, #895, #2617, #1435 ) ) ;
#4680 = VERTEX_POINT ( 'NONE', #3233 ) ;
#4681 = CARTESIAN_POINT ( 'NONE',  ( -0.5250000000000000222, -1.084202172485504434E-16, 0.6499999999999995781 ) ) ;
#4682 = FACE_OUTER_BOUND ( 'NONE', #1950, .T. ) ;
#4683 = PLANE ( 'NONE',  #1940 ) ;
#4684 = AXIS2_PLACEMENT_3D ( 'NONE', #4097, #24, #1837 ) ;
#4685 = CARTESIAN_POINT ( 'NONE',  ( -0.1500000000000000777, -1.004210375300829378E-16, 0.7999999999999994893 ) ) ;
#4686 = PRODUCT_RELATED_PRODUCT_CATEGORY ( 'part', '', ( #3621 ) ) ;
#4687 = DIRECTION ( 'NONE',  ( 0.000000000000000000, -1.000000000000000000, 0.000000000000000000 ) ) ;
#4688 = VECTOR ( 'NONE', #3404, 1000.000000000000000 ) ;
#4689 = ORIENTED_EDGE ( 'NONE', *, *, #3984, .T. ) ;
#4690 = CARTESIAN_POINT ( 'NONE',  ( 1.565000000000000169, 0.6766666666666666385, 0.4999999999999994449 ) ) ;
#4691 = FACE_OUTER_BOUND ( 'NONE', #489, .T. ) ;
#4692 = CARTESIAN_POINT ( 'NONE',  ( 1.450000000000000178, 0.6299999999999996714, 0.6499999999999995781 ) ) ;
#4693 = VECTOR ( 'NONE', #1484, 1000.000000000000000 ) ;
#4694 = DIRECTION ( 'NONE',  ( 0.000000000000000000, 0.000000000000000000, -1.000000000000000000 ) ) ;
#4695 = ORIENTED_EDGE ( 'NONE', *, *, #1473, .F. ) ;
#4696 = DIRECTION ( 'NONE',  ( -0.000000000000000000, -0.000000000000000000, 1.000000000000000000 ) ) ;
#4697 = EDGE_CURVE ( 'NONE', #3512, #4225, #844, .T. ) ;
#4698 = ORIENTED_EDGE ( 'NONE', *, *, #624, .F. ) ;
#4699 = CARTESIAN_POINT ( 'NONE',  ( -0.9500000000000000666, -6.368163355566234902E-17, -0.4999999999999995559 ) ) ;
#4700 = DIRECTION ( 'NONE',  ( 0.000000000000000000, -0.000000000000000000, -1.000000000000000000 ) ) ;
#4701 = VERTEX_POINT ( 'NONE', #5463 ) ;
#4702 = ORIENTED_EDGE ( 'NONE', *, *, #201, .T. ) ;
#4703 = CARTESIAN_POINT ( 'NONE',  ( 1.565000000000000169, 0.6650000000000000355, 0.4249999999999996003 ) ) ;
#4704 = SURFACE_STYLE_FILL_AREA ( #2003 ) ;
#4705 = SURFACE_STYLE_FILL_AREA ( #2897 ) ;
#4706 = EDGE_CURVE ( 'NONE', #4021, #4050, #432, .T. ) ;
#4707 = ADVANCED_FACE ( 'NONE', ( #1808 ), #4062, .F. ) ;
#4708 = ORIENTED_EDGE ( 'NONE', *, *, #4313, .T. ) ;
#4709 = EDGE_LOOP ( 'NONE', ( #4300, #3959, #4164, #4951 ) ) ;
#4710 = DIRECTION ( 'NONE',  ( 0.000000000000000000, -1.224646799147353454E-16, -1.000000000000000000 ) ) ;
#4711 = FACE_OUTER_BOUND ( 'NONE', #3461, .T. ) ;
#4712 = DIRECTION ( 'NONE',  ( 0.000000000000000000, 0.000000000000000000, 1.000000000000000000 ) ) ;
#4713 = ADVANCED_FACE ( 'NONE', ( #4506 ), #4930, .F. ) ;
#4714 = LINE ( 'NONE', #1506, #3522 ) ;
#4715 = SURFACE_SIDE_STYLE ('',( #5745 ) ) ;
#4716 = VERTEX_POINT ( 'NONE', #5374 ) ;
#4717 = VECTOR ( 'NONE', #4481, 1000.000000000000000 ) ;
#4718 = CARTESIAN_POINT ( 'NONE',  ( 0.2749999999999999667, -1.084202172485504434E-16, -0.6499999999999995781 ) ) ;
#4719 = LINE ( 'NONE', #5584, #221 ) ;
#4720 = DIRECTION ( 'NONE',  ( 1.000000000000000000, 0.000000000000000000, -1.668003342285392783E-16 ) ) ;
#4721 = DIRECTION ( 'NONE',  ( 0.000000000000000000, 0.000000000000000000, -1.000000000000000000 ) ) ;
#4722 = VERTEX_POINT ( 'NONE', #2755 ) ;
#4723 = DIRECTION ( 'NONE',  ( 0.000000000000000000, -1.000000000000000000, 0.000000000000000000 ) ) ;
#4724 = ORIENTED_EDGE ( 'NONE', *, *, #2229, .F. ) ;
#4725 = ORIENTED_EDGE ( 'NONE', *, *, #1617, .F. ) ;
#4726 = CARTESIAN_POINT ( 'NONE',  ( 1.600000000000000311, 0.03499999999999999639, 0.7649999999999991251 ) ) ;
#4727 = VECTOR ( 'NONE', #342, 1000.000000000000000 ) ;
#4728 = AXIS2_PLACEMENT_3D ( 'NONE', #3537, #2087, #1189 ) ;
#4729 = LINE ( 'NONE', #1998, #3402 ) ;
#4730 = AXIS2_PLACEMENT_3D ( 'NONE', #2067, #3881, #5694 ) ;
#4731 = COLOUR_RGB ( '',0.7921568627450980005, 0.8196078431372548767, 0.9333333333333333481 ) ;
#4732 = ORIENTED_EDGE ( 'NONE', *, *, #3073, .F. ) ;
#4733 = AXIS2_PLACEMENT_3D ( 'NONE', #1577, #3785, #1608 ) ;
#4734 = CARTESIAN_POINT ( 'NONE',  ( -0.1500000000000000777, 0.03499999999999999639, 0.7649999999999991251 ) ) ;
#4735 = CARTESIAN_POINT ( 'NONE',  ( -0.9500000000000000666, 0.6650000000000000355, -0.7999999999999994893 ) ) ;
#4736 = ADVANCED_FACE ( 'NONE', ( #4473 ), #4124, .F. ) ;
#4737 = VECTOR ( 'NONE', #1323, 1000.000000000000000 ) ;
#4738 = ORIENTED_EDGE ( 'NONE', *, *, #3939, .F. ) ;
#4739 = VERTEX_POINT ( 'NONE', #2253 ) ;
#4740 = ORIENTED_EDGE ( 'NONE', *, *, #4341, .F. ) ;
#4741 = ADVANCED_FACE ( 'NONE', ( #4004 ), #5490, .F. ) ;
#4742 = LINE ( 'NONE', #85, #463 ) ;
#4743 = DIRECTION ( 'NONE',  ( -0.000000000000000000, 0.000000000000000000, 1.000000000000000000 ) ) ;
#4744 = CARTESIAN_POINT ( 'NONE',  ( 0.9500000000000000666, 0.03499999999999999639, -0.7649999999999991251 ) ) ;
#4745 = CARTESIAN_POINT ( 'NONE',  ( 0.6500000000000000222, 0.03499999999999999639, 0.7649999999999991251 ) ) ;
#4746 = CARTESIAN_POINT ( 'NONE',  ( -0.6500000000000001332, -1.084202172485504434E-16, -0.7999999999999993783 ) ) ;
#4747 = LINE ( 'NONE', #1004, #1269 ) ;
#4748 = EDGE_CURVE ( 'NONE', #1153, #2975, #3200, .T. ) ;
#4749 = ORIENTED_EDGE ( 'NONE', *, *, #1126, .F. ) ;
#4750 = ADVANCED_FACE ( 'NONE', ( #5435 ), #3140, .F. ) ;
#4751 = CARTESIAN_POINT ( 'NONE',  ( -1.565000000000000169, 0.6650000000000001465, -0.4249999999999996003 ) ) ;
#4752 = DIRECTION ( 'NONE',  ( 0.000000000000000000, 0.000000000000000000, -1.000000000000000000 ) ) ;
#4753 = CARTESIAN_POINT ( 'NONE',  ( 1.074999999999999956, 0.03499999999999999639, -0.4999999999999995559 ) ) ;
#4754 = LINE ( 'NONE', #3330, #2676 ) ;
#4755 = DIRECTION ( 'NONE',  ( 0.000000000000000000, -1.000000000000000000, 0.000000000000000000 ) ) ;
#4756 = AXIS2_PLACEMENT_3D ( 'NONE', #3259, #2782, #74 ) ;
#4757 = ORIENTED_EDGE ( 'NONE', *, *, #2310, .F. ) ;
#4758 = VERTEX_POINT ( 'NONE', #971 ) ;
#4759 = DIRECTION ( 'NONE',  ( 0.000000000000000000, 0.000000000000000000, -1.000000000000000000 ) ) ;
#4760 = VECTOR ( 'NONE', #2362, 1000.000000000000000 ) ;
#4761 = DIRECTION ( 'NONE',  ( 3.614007241618347785E-16, -0.000000000000000000, 1.000000000000000000 ) ) ;
#4762 = ADVANCED_FACE ( 'NONE', ( #374 ), #3173, .F. ) ;
#4763 = EDGE_LOOP ( 'NONE', ( #3002, #2955, #1045, #1259, #4499, #3394, #125, #1423 ) ) ;
#4764 = AXIS2_PLACEMENT_3D ( 'NONE', #5436, #3175, #404 ) ;
#4765 = FACE_OUTER_BOUND ( 'NONE', #4112, .T. ) ;
#4766 = LINE ( 'NONE', #4230, #3045 ) ;
#4767 = PRESENTATION_STYLE_ASSIGNMENT (( #4344 ) ) ;
#4768 = ORIENTED_EDGE ( 'NONE', *, *, #1367, .F. ) ;
#4769 = ADVANCED_FACE ( 'NONE', ( #907 ), #2191, .F. ) ;
#4770 = EDGE_CURVE ( 'NONE', #3581, #5632, #2722, .T. ) ;
#4771 = ORIENTED_EDGE ( 'NONE', *, *, #799, .F. ) ;
#4772 = LINE ( 'NONE', #4348, #2276 ) ;
#4773 = LINE ( 'NONE', #4349, #105 ) ;
#4774 = PLANE ( 'NONE',  #2930 ) ;
#4775 = DIRECTION ( 'NONE',  ( 0.000000000000000000, 0.000000000000000000, 1.000000000000000000 ) ) ;
#4776 = ADVANCED_FACE ( 'NONE', ( #462 ), #2284, .F. ) ;
#4777 = VERTEX_POINT ( 'NONE', #2373 ) ;
#4778 = VECTOR ( 'NONE', #3943, 1000.000000000000000 ) ;
#4779 = DIRECTION ( 'NONE',  ( -0.000000000000000000, 0.000000000000000000, 1.000000000000000000 ) ) ;
#4780 = CARTESIAN_POINT ( 'NONE',  ( 1.325000000000000400, 0.03499999999999999639, 0.4999999999999995559 ) ) ;
#4781 = EDGE_CURVE ( 'NONE', #981, #2956, #1001, .T. ) ;
#4782 = ORIENTED_EDGE ( 'NONE', *, *, #808, .F. ) ;
#4783 = DIRECTION ( 'NONE',  ( 0.000000000000000000, 0.000000000000000000, 1.000000000000000000 ) ) ;
#4784 = ADVANCED_FACE ( 'NONE', ( #3797 ), #2427, .F. ) ;
#4785 = VECTOR ( 'NONE', #2706, 1000.000000000000000 ) ;
#4786 = EDGE_CURVE ( 'NONE', #803, #818, #2010, .T. ) ;
#4787 = DIRECTION ( 'NONE',  ( 0.000000000000000000, 0.000000000000000000, -1.000000000000000000 ) ) ;
#4788 = EDGE_LOOP ( 'NONE', ( #2498, #1582, #1361, #5428, #1664, #3352, #3516, #5102 ) ) ;
#4789 = EDGE_LOOP ( 'NONE', ( #2919, #3676, #5312, #621 ) ) ;
#4790 = LINE ( 'NONE', #5321, #1188 ) ;
#4791 = AXIS2_PLACEMENT_3D ( 'NONE', #178, #4277, #120 ) ;
#4792 = LINE ( 'NONE', #2525, #5298 ) ;
#4793 = VECTOR ( 'NONE', #1990, 1000.000000000000000 ) ;
#4794 = ORIENTED_EDGE ( 'NONE', *, *, #4056, .F. ) ;
#4795 = CARTESIAN_POINT ( 'NONE',  ( -0.2749999999999999667, -1.084202172485504434E-16, 0.6499999999999995781 ) ) ;
#4796 = FACE_OUTER_BOUND ( 'NONE', #5002, .T. ) ;
#4797 = DIRECTION ( 'NONE',  ( 0.000000000000000000, 0.000000000000000000, 1.000000000000000000 ) ) ;
#4798 = EDGE_LOOP ( 'NONE', ( #5279, #3076, #2185, #4500 ) ) ;
#4799 = ORIENTED_EDGE ( 'NONE', *, *, #422, .F. ) ;
#4800 = DIRECTION ( 'NONE',  ( -1.000000000000000000, 0.000000000000000000, 0.000000000000000000 ) ) ;
#4801 = DIRECTION ( 'NONE',  ( 1.000000000000000000, -0.000000000000000000, 1.016439536705160160E-16 ) ) ;
#4802 = DIRECTION ( 'NONE',  ( 0.000000000000000000, -0.000000000000000000, 1.000000000000000000 ) ) ;
#4803 = CARTESIAN_POINT ( 'NONE',  ( -0.9500000000000000666, 0.6650000000000000355, -0.4249999999999996003 ) ) ;
#4804 = VERTEX_POINT ( 'NONE', #3321 ) ;
#4805 = PLANE ( 'NONE',  #2359 ) ;
#4806 = CARTESIAN_POINT ( 'NONE',  ( -0.9500000000000000666, -1.004210375300829378E-16, -0.7999999999999994893 ) ) ;
#4807 = DIRECTION ( 'NONE',  ( 1.000000000000000000, -0.000000000000000000, 1.016439536705160160E-16 ) ) ;
#4808 = CARTESIAN_POINT ( 'NONE',  ( 2.602447006080619740, 0.6766666666666666385, 0.4766666666666662389 ) ) ;
#4809 = ORIENTED_EDGE ( 'NONE', *, *, #1757, .T. ) ;
#4810 = ORIENTED_EDGE ( 'NONE', *, *, #168, .T. ) ;
#4811 = EDGE_CURVE ( 'NONE', #5788, #1731, #4240, .T. ) ;
#4812 = CARTESIAN_POINT ( 'NONE',  ( 0.1500000000000000777, -1.084202172485504434E-16, -0.4999999999999994449 ) ) ;
#4813 = FACE_OUTER_BOUND ( 'NONE', #1182, .T. ) ;
#4814 = DIRECTION ( 'NONE',  ( 1.000000000000000000, 0.000000000000000000, 0.000000000000000000 ) ) ;
#4815 = ORIENTED_EDGE ( 'NONE', *, *, #3261, .T. ) ;
#4816 = VECTOR ( 'NONE', #2662, 1000.000000000000000 ) ;
#4817 = ADVANCED_FACE ( 'NONE', ( #1449 ), #3740, .F. ) ;
#4818 = CARTESIAN_POINT ( 'NONE',  ( 0.6500000000000001332, 0.6300000000000000044, 0.4999999999999996669 ) ) ;
#4819 = LINE ( 'NONE', #5830, #4192 ) ;
#4820 = STYLED_ITEM ( 'NONE', ( #3417 ), #4044 ) ;
#4821 = DIRECTION ( 'NONE',  ( 0.000000000000000000, 0.000000000000000000, -1.000000000000000000 ) ) ;
#4822 = VECTOR ( 'NONE', #5779, 1000.000000000000000 ) ;
#4823 = AXIS2_PLACEMENT_3D ( 'NONE', #356, #2177, #3990 ) ;
#4824 = ORIENTED_EDGE ( 'NONE', *, *, #970, .T. ) ;
#4825 = VECTOR ( 'NONE', #1857, 1000.000000000000000 ) ;
#4826 = ORIENTED_EDGE ( 'NONE', *, *, #703, .F. ) ;
#4827 = DIRECTION ( 'NONE',  ( 0.000000000000000000, 1.000000000000000000, 0.000000000000000000 ) ) ;
#4828 = DIRECTION ( 'NONE',  ( 0.000000000000000000, 0.000000000000000000, -1.000000000000000000 ) ) ;
#4829 = VECTOR ( 'NONE', #3941, 1000.000000000000000 ) ;
#4830 = PLANE ( 'NONE',  #1210 ) ;
#4831 = DIRECTION ( 'NONE',  ( -0.000000000000000000, 1.000000000000000000, -0.000000000000000000 ) ) ;
#4832 = ORIENTED_EDGE ( 'NONE', *, *, #265, .F. ) ;
#4833 = VECTOR ( 'NONE', #3268, 1000.000000000000000 ) ;
#4834 = EDGE_CURVE ( 'NONE', #987, #2606, #1058, .T. ) ;
#4835 = ORIENTED_EDGE ( 'NONE', *, *, #3804, .F. ) ;
#4836 = PLANE ( 'NONE',  #5687 ) ;
#4837 = CARTESIAN_POINT ( 'NONE',  ( 1.600000000000000311, 4.176956441796261466, 0.7649999999999991251 ) ) ;
#4838 = CARTESIAN_POINT ( 'NONE',  ( -0.9500000000000000666, 0.03499999999999999639, -0.7649999999999991251 ) ) ;
#4839 = CARTESIAN_POINT ( 'NONE',  ( 0.5250000000000000222, 0.6650000000000000355, -0.4249999999999996003 ) ) ;
#4840 = LINE ( 'NONE', #54, #5457 ) ;
#4841 = VERTEX_POINT ( 'NONE', #110 ) ;
#4842 = EDGE_CURVE ( 'NONE', #2975, #454, #4210, .T. ) ;
#4843 = ORIENTED_EDGE ( 'NONE', *, *, #1074, .F. ) ;
#4844 = LINE ( 'NONE', #2110, #4899 ) ;
#4845 = LINE ( 'NONE', #350, #174 ) ;
#4846 = LINE ( 'NONE', #2235, #2693 ) ;
#4847 = EDGE_CURVE ( 'NONE', #2279, #1542, #2848, .T. ) ;
#4848 = ORIENTED_EDGE ( 'NONE', *, *, #1103, .F. ) ;
#4849 = FACE_OUTER_BOUND ( 'NONE', #3303, .T. ) ;
#4850 = AXIS2_PLACEMENT_3D ( 'NONE', #2952, #2895, #1525 ) ;
#4851 = CARTESIAN_POINT ( 'NONE',  ( -0.9500000000000000666, 0.000000000000000000, -0.6499999999999995781 ) ) ;
#4852 = CARTESIAN_POINT ( 'NONE',  ( -1.325000000000000178, -1.084202172485504434E-16, -0.6499999999999995781 ) ) ;
#4853 = EDGE_CURVE ( 'NONE', #3257, #849, #2902, .T. ) ;
#4854 = EDGE_CURVE ( 'NONE', #3255, #4477, #5081, .T. ) ;
#4855 = ORIENTED_EDGE ( 'NONE', *, *, #1135, .F. ) ;
#4856 = CARTESIAN_POINT ( 'NONE',  ( 0.000000000000000000, 0.000000000000000000, 0.000000000000000000 ) ) ;
#4857 = ORIENTED_EDGE ( 'NONE', *, *, #5437, .T. ) ;
#4858 = CARTESIAN_POINT ( 'NONE',  ( -1.324999999999999956, 0.6650000000000000355, 0.4249999999999996003 ) ) ;
#4859 = CARTESIAN_POINT ( 'NONE',  ( 0.6500000000000000222, 0.000000000000000000, -0.6499999999999995781 ) ) ;
#4860 = FACE_OUTER_BOUND ( 'NONE', #4049, .T. ) ;
#4861 = LINE ( 'NONE', #5308, #763 ) ;
#4862 = ORIENTED_EDGE ( 'NONE', *, *, #2558, .T. ) ;
#4863 = VERTEX_POINT ( 'NONE', #140 ) ;
#4864 = FACE_OUTER_BOUND ( 'NONE', #3991, .T. ) ;
#4865 = CARTESIAN_POINT ( 'NONE',  ( 0.9500000000000000666, -1.004210375300829378E-16, -0.7999999999999994893 ) ) ;
#4866 = DIRECTION ( 'NONE',  ( -1.000000000000000000, 0.000000000000000000, 1.016439536705160160E-16 ) ) ;
#4867 = ORIENTED_EDGE ( 'NONE', *, *, #1805, .F. ) ;
#4868 = LINE ( 'NONE', #2077, #4197 ) ;
#4869 = CARTESIAN_POINT ( 'NONE',  ( 0.6500000000000001332, 0.6300000000000000044, 0.7649999999999991251 ) ) ;
#4870 = EDGE_LOOP ( 'NONE', ( #2611, #5690, #3811, #832 ) ) ;
#4871 = ORIENTED_EDGE ( 'NONE', *, *, #4222, .F. ) ;
#4872 = CARTESIAN_POINT ( 'NONE',  ( 0.1500000000000003553, 0.03499999999999999639, 5.421010862427536345E-17 ) ) ;
#4873 = AXIS2_PLACEMENT_3D ( 'NONE', #4039, #5853, #1632 ) ;
#4874 = CARTESIAN_POINT ( 'NONE',  ( 1.325000000000000400, 0.6650000000000000355, 0.4249999999999996003 ) ) ;
#4875 = EDGE_CURVE ( 'NONE', #5389, #5788, #5193, .T. ) ;
#4876 = DIRECTION ( 'NONE',  ( -0.000000000000000000, 1.000000000000000000, -0.000000000000000000 ) ) ;
#4877 = ORIENTED_EDGE ( 'NONE', *, *, #5624, .T. ) ;
#4878 = VECTOR ( 'NONE', #1328, 1000.000000000000000 ) ;
#4879 = DIRECTION ( 'NONE',  ( 0.000000000000000000, 0.000000000000000000, -1.000000000000000000 ) ) ;
#4880 = DIRECTION ( 'NONE',  ( 1.668003342285392783E-16, 0.000000000000000000, 1.000000000000000000 ) ) ;
#4881 = CARTESIAN_POINT ( 'NONE',  ( -0.1500000000000000777, -1.004210375300829378E-16, 0.7999999999999994893 ) ) ;
#4882 = ORIENTED_EDGE ( 'NONE', *, *, #3616, .F. ) ;
#4883 = ORIENTED_EDGE ( 'NONE', *, *, #159, .T. ) ;
#4884 = PLANE ( 'NONE',  #4077 ) ;
#4885 = LINE ( 'NONE', #3099, #5238 ) ;
#4886 = DIRECTION ( 'NONE',  ( -1.000000000000000000, -0.000000000000000000, 0.000000000000000000 ) ) ;
#4887 = ADVANCED_FACE ( 'NONE', ( #2400 ), #4683, .F. ) ;
#4888 = EDGE_CURVE ( 'NONE', #1768, #1478, #4267, .T. ) ;
#4889 = VERTEX_POINT ( 'NONE', #1532 ) ;
#4890 = CARTESIAN_POINT ( 'NONE',  ( -1.074999999999999956, 0.6650000000000000355, 0.4249999999999996003 ) ) ;
#4891 = ORIENTED_EDGE ( 'NONE', *, *, #5258, .T. ) ;
#4892 = VERTEX_POINT ( 'NONE', #1957 ) ;
#4893 = DIRECTION ( 'NONE',  ( -1.000000000000000000, -0.000000000000000000, -0.000000000000000000 ) ) ;
#4894 = DIRECTION ( 'NONE',  ( 0.000000000000000000, 1.000000000000000000, 0.000000000000000000 ) ) ;
#4895 = EDGE_CURVE ( 'NONE', #1470, #4477, #633, .T. ) ;
#4896 = PLANE ( 'NONE',  #1934 ) ;
#4897 = CARTESIAN_POINT ( 'NONE',  ( 0.6500000000000000222, 0.6650000000000000355, -0.7999999999999994893 ) ) ;
#4898 = DIRECTION ( 'NONE',  ( -0.000000000000000000, -1.000000000000000000, -0.000000000000000000 ) ) ;
#4899 = VECTOR ( 'NONE', #821, 1000.000000000000000 ) ;
#4900 = EDGE_LOOP ( 'NONE', ( #4968, #3849, #1828, #3794 ) ) ;
#4901 = VERTEX_POINT ( 'NONE', #3765 ) ;
#4902 = CARTESIAN_POINT ( 'NONE',  ( -0.9500000000000000666, 0.03499999999999999639, -0.6499999999999995781 ) ) ;
#4903 = FACE_OUTER_BOUND ( 'NONE', #348, .T. ) ;
#4904 = DIRECTION ( 'NONE',  ( 0.000000000000000000, 0.000000000000000000, -1.000000000000000000 ) ) ;
#4905 = ORIENTED_EDGE ( 'NONE', *, *, #4486, .T. ) ;
#4906 = EDGE_CURVE ( 'NONE', #3656, #3665, #5575, .T. ) ;
#4907 = FACE_OUTER_BOUND ( 'NONE', #2692, .T. ) ;
#4908 = CARTESIAN_POINT ( 'NONE',  ( -0.9500000000000000666, 0.03499999999999999639, -0.6499999999999995781 ) ) ;
#4909 = CARTESIAN_POINT ( 'NONE',  ( -1.565000000000000169, 0.6766666666666666385, 0.4999999999999994449 ) ) ;
#4910 = VERTEX_POINT ( 'NONE', #1503 ) ;
#4911 =( NAMED_UNIT ( * ) PLANE_ANGLE_UNIT ( ) SI_UNIT ( $, .RADIAN. ) );
#4912 = VECTOR ( 'NONE', #285, 1000.000000000000000 ) ;
#4913 = VERTEX_POINT ( 'NONE', #198 ) ;
#4914 = EDGE_CURVE ( 'NONE', #4583, #4250, #2341, .T. ) ;
#4915 = PLANE ( 'NONE',  #934 ) ;
#4916 = CARTESIAN_POINT ( 'NONE',  ( -0.2749999999999999667, 0.03499999999999998251, 0.6499999999999995781 ) ) ;
#4917 = DIRECTION ( 'NONE',  ( 8.673617379884044347E-16, 0.000000000000000000, 1.000000000000000000 ) ) ;
#4918 = VECTOR ( 'NONE', #611, 1000.000000000000000 ) ;
#4919 = ORIENTED_EDGE ( 'NONE', *, *, #4781, .F. ) ;
#4920 = AXIS2_PLACEMENT_3D ( 'NONE', #5769, #3988, #5328 ) ;
#4921 = FACE_OUTER_BOUND ( 'NONE', #4057, .T. ) ;
#4922 = VERTEX_POINT ( 'NONE', #550 ) ;
#4923 = EDGE_CURVE ( 'NONE', #5626, #3197, #2042, .T. ) ;
#4924 = AXIS2_PLACEMENT_3D ( 'NONE', #606, #4209, #3290 ) ;
#4925 =( GEOMETRIC_REPRESENTATION_CONTEXT ( 3 ) GLOBAL_UNCERTAINTY_ASSIGNED_CONTEXT ( ( #4611 ) ) GLOBAL_UNIT_ASSIGNED_CONTEXT ( ( #5535, #3217, #4520 ) ) REPRESENTATION_CONTEXT ( 'NONE', 'WORKASPACE' ) );
#4926 = ORIENTED_EDGE ( 'NONE', *, *, #1987, .T. ) ;
#4927 = VECTOR ( 'NONE', #1630, 1000.000000000000000 ) ;
#4928 = DIRECTION ( 'NONE',  ( 1.000000000000000000, 0.000000000000000000, -0.000000000000000000 ) ) ;
#4929 = CARTESIAN_POINT ( 'NONE',  ( -1.600000000000000311, -1.004210375300829378E-16, 0.7999999999999994893 ) ) ;
#4930 = PLANE ( 'NONE',  #5083 ) ;
#4931 = AXIS2_PLACEMENT_3D ( 'NONE', #4377, #1410, #4619 ) ;
#4932 = VECTOR ( 'NONE', #2434, 1000.000000000000000 ) ;
#4933 = FACE_OUTER_BOUND ( 'NONE', #2807, .T. ) ;
#4934 = EDGE_CURVE ( 'NONE', #180, #94, #227, .T. ) ;
#4935 = DIRECTION ( 'NONE',  ( 1.000000000000000000, 0.000000000000000000, 0.000000000000000000 ) ) ;
#4936 = EDGE_CURVE ( 'NONE', #5844, #3563, #1587, .T. ) ;
#4937 = VERTEX_POINT ( 'NONE', #660 ) ;
#4938 = VERTEX_POINT ( 'NONE', #2484 ) ;
#4939 = LINE ( 'NONE', #2672, #411 ) ;
#4940 = DIRECTION ( 'NONE',  ( -1.000000000000000000, -0.000000000000000000, -0.000000000000000000 ) ) ;
#4941 = CARTESIAN_POINT ( 'NONE',  ( 0.9500000000000000666, 0.000000000000000000, -0.6499999999999995781 ) ) ;
#4942 = PLANE ( 'NONE',  #5543 ) ;
#4943 = ORIENTED_EDGE ( 'NONE', *, *, #1947, .T. ) ;
#4944 = DIRECTION ( 'NONE',  ( 1.668003342285392537E-16, 0.000000000000000000, 1.000000000000000000 ) ) ;
#4945 = DIRECTION ( 'NONE',  ( -1.000000000000000000, 0.000000000000000000, 0.000000000000000000 ) ) ;
#4946 = DIRECTION ( 'NONE',  ( 1.000000000000000000, 0.000000000000000000, -8.673617379884044347E-16 ) ) ;
#4947 = EDGE_CURVE ( 'NONE', #3082, #2256, #3854, .T. ) ;
#4948 = ORIENTED_EDGE ( 'NONE', *, *, #2304, .F. ) ;
#4949 =( NAMED_UNIT ( * ) SI_UNIT ( $, .STERADIAN. ) SOLID_ANGLE_UNIT ( ) );
#4950 = VECTOR ( 'NONE', #3935, 1000.000000000000000 ) ;
#4951 = ORIENTED_EDGE ( 'NONE', *, *, #2496, .F. ) ;
#4952 = DIRECTION ( 'NONE',  ( 0.000000000000000000, 0.000000000000000000, -1.000000000000000000 ) ) ;
#4953 = CARTESIAN_POINT ( 'NONE',  ( 0.5250000000000000222, -1.084202172485504434E-16, 0.6499999999999995781 ) ) ;
#4954 = PLANE ( 'NONE',  #5115 ) ;
#4955 = ORIENTED_EDGE ( 'NONE', *, *, #3434, .T. ) ;
#4956 = VECTOR ( 'NONE', #5482, 1000.000000000000000 ) ;
#4957 = EDGE_CURVE ( 'NONE', #5188, #2752, #3630, .T. ) ;
#4958 = ADVANCED_FACE ( 'NONE', ( #1392 ), #5414, .F. ) ;
#4959 = ORIENTED_EDGE ( 'NONE', *, *, #1547, .F. ) ;
#4960 = ORIENTED_EDGE ( 'NONE', *, *, #1421, .T. ) ;
#4961 = AXIS2_PLACEMENT_3D ( 'NONE', #876, #3234, #433 ) ;
#4962 = CARTESIAN_POINT ( 'NONE',  ( -0.1500000000000001610, 0.6300000000000000044, 5.421010862427527100E-17 ) ) ;
#4963 = LINE ( 'NONE', #3619, #3108 ) ;
#4964 = DIRECTION ( 'NONE',  ( 0.000000000000000000, 0.000000000000000000, -1.000000000000000000 ) ) ;
#4965 = DIRECTION ( 'NONE',  ( 1.000000000000000000, 0.000000000000000000, -1.668003342285392783E-16 ) ) ;
#4966 = PLANE ( 'NONE',  #2892 ) ;
#4967 = ORIENTED_EDGE ( 'NONE', *, *, #3423, .T. ) ;
#4968 = ORIENTED_EDGE ( 'NONE', *, *, #3396, .F. ) ;
#4969 = FACE_OUTER_BOUND ( 'NONE', #185, .T. ) ;
#4970 = ADVANCED_FACE ( 'NONE', ( #3149 ), #3593, .F. ) ;
#4971 = DIRECTION ( 'NONE',  ( -1.000000000000000000, 0.000000000000000000, -0.000000000000000000 ) ) ;
#4972 = EDGE_CURVE ( 'NONE', #3032, #1382, #4104, .T. ) ;
#4973 = FACE_OUTER_BOUND ( 'NONE', #5753, .T. ) ;
#4974 = CARTESIAN_POINT ( 'NONE',  ( 1.565000000000000169, 0.6300000000000000044, -0.4249999999999995448 ) ) ;
#4975 = PRODUCT_DEFINITION_CONTEXT ( 'detailed design', #3335, 'design' ) ;
#4976 = ORIENTED_EDGE ( 'NONE', *, *, #1839, .F. ) ;
#4977 = PLANE ( 'NONE',  #1679 ) ;
#4978 = VECTOR ( 'NONE', #5407, 1000.000000000000000 ) ;
#4979 = CARTESIAN_POINT ( 'NONE',  ( 0.6500000000000000222, 0.6299999999999996714, -0.4999999999999995559 ) ) ;
#4980 = FACE_OUTER_BOUND ( 'NONE', #2615, .T. ) ;
#4981 = VECTOR ( 'NONE', #732, 1000.000000000000000 ) ;
#4982 = VERTEX_POINT ( 'NONE', #3205 ) ;
#4983 = EDGE_LOOP ( 'NONE', ( #4327, #473, #2113, #1378, #5670, #5763, #4771, #5620 ) ) ;
#4984 = CARTESIAN_POINT ( 'NONE',  ( 1.074999999999999956, -1.084202172485504434E-16, 0.6499999999999995781 ) ) ;
#4985 = DIRECTION ( 'NONE',  ( 0.000000000000000000, -1.000000000000000000, 0.000000000000000000 ) ) ;
#4986 = CARTESIAN_POINT ( 'NONE',  ( 1.074999999999999956, 0.03499999999999998251, -0.6499999999999995781 ) ) ;
#4987 = AXIS2_PLACEMENT_3D ( 'NONE', #3527, #290, #4444 ) ;
#4988 = ORIENTED_EDGE ( 'NONE', *, *, #1720, .T. ) ;
#4989 = ORIENTED_EDGE ( 'NONE', *, *, #5086, .T. ) ;
#4990 = PRODUCT_DEFINITION_FORMATION_WITH_SPECIFIED_SOURCE ( 'ANY', '', #2192, .NOT_KNOWN. ) ;
#4991 = ORIENTED_EDGE ( 'NONE', *, *, #209, .F. ) ;
#4992 = LINE ( 'NONE', #3763, #2560 ) ;
#4993 = LINE ( 'NONE', #1233, #2161 ) ;
#4994 = CARTESIAN_POINT ( 'NONE',  ( -0.9500000000000000666, -1.084202172485504434E-16, -0.4999999999999994449 ) ) ;
#4995 = FACE_OUTER_BOUND ( 'NONE', #1330, .T. ) ;
#4996 = CARTESIAN_POINT ( 'NONE',  ( -1.565000000000000169, 4.176956441796261466, 0.7649999999999987921 ) ) ;
#4997 = ORIENTED_EDGE ( 'NONE', *, *, #260, .F. ) ;
#4998 = ORIENTED_EDGE ( 'NONE', *, *, #5187, .F. ) ;
#4999 = FACE_OUTER_BOUND ( 'NONE', #512, .T. ) ;
#5000 = LINE ( 'NONE', #3594, #1592 ) ;
#5001 = DIRECTION ( 'NONE',  ( 0.000000000000000000, -1.224646799147353454E-16, -1.000000000000000000 ) ) ;
#5002 = EDGE_LOOP ( 'NONE', ( #1096, #238, #4420, #322 ) ) ;
#5003 = CARTESIAN_POINT ( 'NONE',  ( -0.9500000000000001776, 0.03499999999999999639, 0.6499999999999992450 ) ) ;
#5004 = ORIENTED_EDGE ( 'NONE', *, *, #794, .F. ) ;
#5005 = EDGE_CURVE ( 'NONE', #223, #5260, #2199, .T. ) ;
#5006 = DIRECTION ( 'NONE',  ( -1.000000000000000000, 0.000000000000000000, 0.000000000000000000 ) ) ;
#5007 = CARTESIAN_POINT ( 'NONE',  ( -1.324999999999999956, 0.03499999999999998251, 0.6499999999999995781 ) ) ;
#5008 = ORIENTED_EDGE ( 'NONE', *, *, #3700, .F. ) ;
#5009 = EDGE_CURVE ( 'NONE', #3197, #1445, #4939, .T. ) ;
#5010 = ORIENTED_EDGE ( 'NONE', *, *, #1033, .F. ) ;
#5011 = DIRECTION ( 'NONE',  ( -1.000000000000000000, 0.000000000000000000, 0.000000000000000000 ) ) ;
#5012 = DIRECTION ( 'NONE',  ( 0.000000000000000000, 0.000000000000000000, 1.000000000000000000 ) ) ;
#5013 = FACE_OUTER_BOUND ( 'NONE', #1129, .T. ) ;
#5014 = ORIENTED_EDGE ( 'NONE', *, *, #799, .T. ) ;
#5015 = ORIENTED_EDGE ( 'NONE', *, *, #1534, .F. ) ;
#5016 = ORIENTED_EDGE ( 'NONE', *, *, #2916, .T. ) ;
#5017 = DIRECTION ( 'NONE',  ( 0.000000000000000000, -1.885568995626973408E-15, -1.000000000000000000 ) ) ;
#5018 = VECTOR ( 'NONE', #4894, 1000.000000000000000 ) ;
#5019 = PLANE ( 'NONE',  #4166 ) ;
#5020 = DIRECTION ( 'NONE',  ( 1.000000000000000000, 0.000000000000000000, 0.000000000000000000 ) ) ;
#5021 = PRESENTATION_LAYER_ASSIGNMENT (  '', '', ( #5391 ) ) ;
#5022 = DIRECTION ( 'NONE',  ( -1.668003342285392783E-16, 0.000000000000000000, -1.000000000000000000 ) ) ;
#5023 = EDGE_CURVE ( 'NONE', #3689, #3512, #1747, .T. ) ;
#5024 = VECTOR ( 'NONE', #5106, 1000.000000000000000 ) ;
#5025 = AXIS2_PLACEMENT_3D ( 'NONE', #5322, #731, #295 ) ;
#5026 = CARTESIAN_POINT ( 'NONE',  ( 0.2749999999999999667, 0.6649999999999998135, -0.6499999999999995781 ) ) ;
#5027 = ADVANCED_FACE ( 'NONE', ( #4999 ), #1844, .F. ) ;
#5028 = AXIS2_PLACEMENT_3D ( 'NONE', #3610, #13, #991 ) ;
#5029 = VERTEX_POINT ( 'NONE', #5821 ) ;
#5030 = DIRECTION ( 'NONE',  ( 0.000000000000000000, -1.000000000000000000, 0.000000000000000000 ) ) ;
#5031 = DIRECTION ( 'NONE',  ( -1.000000000000000000, 0.000000000000000000, -0.000000000000000000 ) ) ;
#5032 = VECTOR ( 'NONE', #3050, 1000.000000000000000 ) ;
#5033 = LINE ( 'NONE', #3597, #3219 ) ;
#5034 = ORIENTED_EDGE ( 'NONE', *, *, #2116, .F. ) ;
#5035 = CARTESIAN_POINT ( 'NONE',  ( -0.1500000000000000777, 0.6299999999999996714, 0.6499999999999995781 ) ) ;
#5036 = ADVANCED_FACE ( 'NONE', ( #4969 ), #946, .F. ) ;
#5037 = EDGE_CURVE ( 'NONE', #1166, #3399, #913, .T. ) ;
#5038 = EDGE_LOOP ( 'NONE', ( #1239, #2367, #278, #5430, #4043, #1633, #407, #4572 ) ) ;
#5039 = CARTESIAN_POINT ( 'NONE',  ( 1.600000000000000311, 0.6299999999999998934, -0.7649999999999991251 ) ) ;
#5040 = DIRECTION ( 'NONE',  ( 0.000000000000000000, -1.000000000000000000, -9.293161478447186723E-15 ) ) ;
#5041 = EDGE_CURVE ( 'NONE', #2707, #4156, #3658, .T. ) ;
#5042 = ORIENTED_EDGE ( 'NONE', *, *, #3367, .T. ) ;
#5043 = VERTEX_POINT ( 'NONE', #2728 ) ;
#5044 = DIRECTION ( 'NONE',  ( -1.000000000000000000, 0.000000000000000000, -0.000000000000000000 ) ) ;
#5045 = DIRECTION ( 'NONE',  ( 0.000000000000000000, 1.000000000000000000, 0.000000000000000000 ) ) ;
#5046 = EDGE_CURVE ( 'NONE', #2982, #347, #499, .T. ) ;
#5047 = ORIENTED_EDGE ( 'NONE', *, *, #680, .F. ) ;
#5048 = ADVANCED_FACE ( 'NONE', ( #5468 ), #2321, .F. ) ;
#5049 = AXIS2_PLACEMENT_3D ( 'NONE', #3825, #2482, #4743 ) ;
#5050 = ORIENTED_EDGE ( 'NONE', *, *, #2278, .T. ) ;
#5051 = ORIENTED_EDGE ( 'NONE', *, *, #2131, .F. ) ;
#5052 = FACE_OUTER_BOUND ( 'NONE', #1287, .T. ) ;
#5053 = CARTESIAN_POINT ( 'NONE',  ( -0.9500000000000000666, 0.6650000000000000355, 0.7999999999999994893 ) ) ;
#5054 = DIRECTION ( 'NONE',  ( -0.000000000000000000, 1.000000000000000000, 1.275531967630006478E-16 ) ) ;
#5055 = VECTOR ( 'NONE', #5304, 1000.000000000000000 ) ;
#5056 = CARTESIAN_POINT ( 'NONE',  ( -0.2749999999999999667, 0.6299999999999994493, 0.6499999999999995781 ) ) ;
#5057 = LINE ( 'NONE', #973, #5262 ) ;
#5058 = VECTOR ( 'NONE', #2013, 1000.000000000000000 ) ;
#5059 = ORIENTED_EDGE ( 'NONE', *, *, #4632, .F. ) ;
#5060 = CARTESIAN_POINT ( 'NONE',  ( -0.6500000000000000222, 4.176956441796261466, 0.7649999999999989031 ) ) ;
#5061 = LINE ( 'NONE', #1815, #5761 ) ;
#5062 = LINE ( 'NONE', #977, #1124 ) ;
#5063 = ORIENTED_EDGE ( 'NONE', *, *, #3946, .T. ) ;
#5064 = CARTESIAN_POINT ( 'NONE',  ( 2.602447006080619740, 0.6650000000000000355, 0.4999999999999995559 ) ) ;
#5065 = ORIENTED_EDGE ( 'NONE', *, *, #846, .T. ) ;
#5066 =( NAMED_UNIT ( * ) PLANE_ANGLE_UNIT ( ) SI_UNIT ( $, .RADIAN. ) );
#5067 = LINE ( 'NONE', #1854, #932 ) ;
#5068 = ORIENTED_EDGE ( 'NONE', *, *, #613, .T. ) ;
#5069 = AXIS2_PLACEMENT_3D ( 'NONE', #4994, #1771, #3585 ) ;
#5070 = EDGE_LOOP ( 'NONE', ( #3066, #5059, #303, #4998 ) ) ;
#5071 = LINE ( 'NONE', #5098, #5872 ) ;
#5072 = DIRECTION ( 'NONE',  ( 1.000000000000000000, 0.000000000000000000, 3.614007241618349264E-16 ) ) ;
#5073 = CARTESIAN_POINT ( 'NONE',  ( -0.5250000000000000222, -1.084202172485504434E-16, -0.6499999999999995781 ) ) ;
#5074 = ORIENTED_EDGE ( 'NONE', *, *, #452, .T. ) ;
#5075 = VECTOR ( 'NONE', #4712, 1000.000000000000000 ) ;
#5076 = ORIENTED_EDGE ( 'NONE', *, *, #3396, .T. ) ;
#5077 = ORIENTED_EDGE ( 'NONE', *, *, #1350, .F. ) ;
#5078 = EDGE_CURVE ( 'NONE', #5446, #3547, #3684, .T. ) ;
#5079 = CARTESIAN_POINT ( 'NONE',  ( -1.565000000000000169, 0.6299999999999998934, 0.4249999999999995448 ) ) ;
#5080 = CARTESIAN_POINT ( 'NONE',  ( 0.6500000000000000222, 0.6650000000000000355, 0.7999999999999994893 ) ) ;
#5081 = LINE ( 'NONE', #4625, #5553 ) ;
#5082 = LINE ( 'NONE', #1002, #4101 ) ;
#5083 = AXIS2_PLACEMENT_3D ( 'NONE', #1739, #1356, #2663 ) ;
#5084 = CARTESIAN_POINT ( 'NONE',  ( -0.1500000000000000777, 0.000000000000000000, -0.6499999999999995781 ) ) ;
#5085 = ORIENTED_EDGE ( 'NONE', *, *, #2836, .F. ) ;
#5086 = EDGE_CURVE ( 'NONE', #4288, #3776, #820, .T. ) ;
#5087 = LINE ( 'NONE', #1008, #2549 ) ;
#5088 = DIRECTION ( 'NONE',  ( 1.000000000000000000, 0.000000000000000000, 0.000000000000000000 ) ) ;
#5089 = FACE_OUTER_BOUND ( 'NONE', #2146, .T. ) ;
#5090 = DIRECTION ( 'NONE',  ( 0.000000000000000000, 0.000000000000000000, 1.000000000000000000 ) ) ;
#5091 = ORIENTED_EDGE ( 'NONE', *, *, #3346, .F. ) ;
#5092 = CARTESIAN_POINT ( 'NONE',  ( 1.600000000000000311, -8.205133554287268041E-17, -0.6499999999999999112 ) ) ;
#5093 = ORIENTED_EDGE ( 'NONE', *, *, #3416, .T. ) ;
#5094 = CARTESIAN_POINT ( 'NONE',  ( -0.5250000000000000222, 0.03499999999999999639, -0.4999999999999995559 ) ) ;
#5095 = CARTESIAN_POINT ( 'NONE',  ( -0.9500000000000000666, 0.000000000000000000, 0.6499999999999995781 ) ) ;
#5096 = ADVANCED_FACE ( 'NONE', ( #380 ), #2231, .F. ) ;
#5097 = ORIENTED_EDGE ( 'NONE', *, *, #375, .F. ) ;
#5098 = CARTESIAN_POINT ( 'NONE',  ( 1.600000000000000311, -1.004210375300829378E-16, 0.7999999999999994893 ) ) ;
#5099 = CARTESIAN_POINT ( 'NONE',  ( 0.5250000000000000222, -1.084202172485504434E-16, 0.6499999999999995781 ) ) ;
#5100 = FACE_OUTER_BOUND ( 'NONE', #4119, .T. ) ;
#5101 = ORIENTED_EDGE ( 'NONE', *, *, #4271, .F. ) ;
#5102 = ORIENTED_EDGE ( 'NONE', *, *, #810, .T. ) ;
#5103 = EDGE_CURVE ( 'NONE', #3486, #871, #2141, .T. ) ;
#5104 = ORIENTED_EDGE ( 'NONE', *, *, #5832, .F. ) ;
#5105 = LINE ( 'NONE', #2720, #4090 ) ;
#5106 = DIRECTION ( 'NONE',  ( 0.000000000000000000, 1.137275006103676976E-16, -1.000000000000000000 ) ) ;
#5107 = CARTESIAN_POINT ( 'NONE',  ( -0.9500000000000000666, -1.084202172485504434E-16, -0.7999999999999994893 ) ) ;
#5108 = DIRECTION ( 'NONE',  ( -1.000000000000000000, -0.000000000000000000, -0.000000000000000000 ) ) ;
#5109 = EDGE_CURVE ( 'NONE', #3933, #691, #1689, .T. ) ;
#5110 = ORIENTED_EDGE ( 'NONE', *, *, #718, .T. ) ;
#5111 = AXIS2_PLACEMENT_3D ( 'NONE', #1462, #4079, #4580 ) ;
#5112 = CARTESIAN_POINT ( 'NONE',  ( 1.450000000000000178, 0.6299999999999998934, -0.7649999999999991251 ) ) ;
#5113 = ADVANCED_FACE ( 'NONE', ( #386 ), #4942, .F. ) ;
#5114 = FACE_OUTER_BOUND ( 'NONE', #5038, .T. ) ;
#5115 = AXIS2_PLACEMENT_3D ( 'NONE', #2183, #3482, #2124 ) ;
#5116 = VECTOR ( 'NONE', #1913, 1000.000000000000000 ) ;
#5117 = LINE ( 'NONE', #3357, #4932 ) ;
#5118 = ADVANCED_FACE ( 'NONE', ( #3088 ), #1186, .F. ) ;
#5119 = VECTOR ( 'NONE', #623, 1000.000000000000000 ) ;
#5120 = ORIENTED_EDGE ( 'NONE', *, *, #4644, .T. ) ;
#5121 = DIRECTION ( 'NONE',  ( 1.000000000000000000, -0.000000000000000000, -0.000000000000000000 ) ) ;
#5122 = ORIENTED_EDGE ( 'NONE', *, *, #518, .T. ) ;
#5123 = VECTOR ( 'NONE', #2247, 1000.000000000000000 ) ;
#5124 = DIRECTION ( 'NONE',  ( 1.016439536705160160E-16, -0.000000000000000000, 1.000000000000000000 ) ) ;
#5125 = CARTESIAN_POINT ( 'NONE',  ( -0.9500000000000000666, 0.6300000000000000044, -0.4999999999999994449 ) ) ;
#5126 = VECTOR ( 'NONE', #5303, 1000.000000000000000 ) ;
#5127 = MECHANICAL_DESIGN_GEOMETRIC_PRESENTATION_REPRESENTATION (  '', ( #1036 ), #4448 ) ;
#5128 = ORIENTED_EDGE ( 'NONE', *, *, #3153, .T. ) ;
#5129 = DIRECTION ( 'NONE',  ( 0.000000000000000000, 0.000000000000000000, 1.000000000000000000 ) ) ;
#5130 = DIRECTION ( 'NONE',  ( -0.000000000000000000, 1.000000000000000000, -0.000000000000000000 ) ) ;
#5131 = COLOUR_RGB ( '',0.2509803921568627416, 0.2509803921568627416, 0.2509803921568627416 ) ;
#5132 = EDGE_CURVE ( 'NONE', #602, #910, #2679, .T. ) ;
#5133 = CARTESIAN_POINT ( 'NONE',  ( 0.5250000000000000222, 0.03499999999999998251, -0.6499999999999995781 ) ) ;
#5134 = EDGE_LOOP ( 'NONE', ( #5074, #4799, #4862, #442 ) ) ;
#5135 = VERTEX_POINT ( 'NONE', #3503 ) ;
#5136 = ORIENTED_EDGE ( 'NONE', *, *, #4014, .T. ) ;
#5137 = DIRECTION ( 'NONE',  ( -0.000000000000000000, 1.000000000000000000, -0.000000000000000000 ) ) ;
#5138 = DIRECTION ( 'NONE',  ( 0.000000000000000000, -0.000000000000000000, 1.000000000000000000 ) ) ;
#5139 = DIRECTION ( 'NONE',  ( -1.000000000000000000, 0.000000000000000000, 0.000000000000000000 ) ) ;
#5140 = ADVANCED_FACE ( 'NONE', ( #2581 ), #1276, .F. ) ;
#5141 = VECTOR ( 'NONE', #2464, 1000.000000000000000 ) ;
#5142 = CARTESIAN_POINT ( 'NONE',  ( -0.9499999999999998446, 0.6300000000000000044, 0.7649999999999991251 ) ) ;
#5143 = ORIENTED_EDGE ( 'NONE', *, *, #2987, .F. ) ;
#5144 = FACE_OUTER_BOUND ( 'NONE', #2859, .T. ) ;
#5145 = CARTESIAN_POINT ( 'NONE',  ( 1.600000000000000311, 0.03499999999999999639, -0.7649999999999991251 ) ) ;
#5146 = PLANE ( 'NONE',  #3511 ) ;
#5147 = CARTESIAN_POINT ( 'NONE',  ( 1.600000000000000311, 0.03499999999999999639, -0.7649999999999991251 ) ) ;
#5148 = AXIS2_PLACEMENT_3D ( 'NONE', #1477, #5576, #3766 ) ;
#5149 = VERTEX_POINT ( 'NONE', #855 ) ;
#5150 = CARTESIAN_POINT ( 'NONE',  ( -0.5250000000000000222, 0.6299999999999996714, 0.4249999999999996003 ) ) ;
#5151 = ORIENTED_EDGE ( 'NONE', *, *, #3958, .T. ) ;
#5152 = EDGE_CURVE ( 'NONE', #4777, #4531, #3952, .T. ) ;
#5153 = AXIS2_PLACEMENT_3D ( 'NONE', #4803, #3517, #3912 ) ;
#5154 = EDGE_CURVE ( 'NONE', #1398, #1112, #2641, .T. ) ;
#5155 = CARTESIAN_POINT ( 'NONE',  ( -1.600000000000000311, 4.176956441796261466, 0.7649999999999987921 ) ) ;
#5156 = VERTEX_POINT ( 'NONE', #351 ) ;
#5157 = EDGE_CURVE ( 'NONE', #4541, #71, #2112, .T. ) ;
#5158 = LINE ( 'NONE', #2894, #5119 ) ;
#5159 = PRESENTATION_STYLE_ASSIGNMENT (( #679 ) ) ;
#5160 = ORIENTED_EDGE ( 'NONE', *, *, #3097, .F. ) ;
#5161 = ORIENTED_EDGE ( 'NONE', *, *, #1405, .F. ) ;
#5162 = ORIENTED_EDGE ( 'NONE', *, *, #5, .T. ) ;
#5163 = LINE ( 'NONE', #280, #1709 ) ;
#5164 = DIRECTION ( 'NONE',  ( -0.000000000000000000, 0.000000000000000000, -1.000000000000000000 ) ) ;
#5165 = DIRECTION ( 'NONE',  ( -1.000000000000000000, 0.000000000000000000, 1.016439536705160160E-16 ) ) ;
#5166 = VECTOR ( 'NONE', #3181, 1000.000000000000000 ) ;
#5167 = LINE ( 'NONE', #584, #4285 ) ;
#5168 = DIRECTION ( 'NONE',  ( -1.000000000000000000, -0.000000000000000000, 0.000000000000000000 ) ) ;
#5169 = PRESENTATION_LAYER_ASSIGNMENT (  '', '', ( #1846 ) ) ;
#5170 = ORIENTED_EDGE ( 'NONE', *, *, #4339, .T. ) ;
#5171 = DIRECTION ( 'NONE',  ( 0.000000000000000000, 1.000000000000000000, 0.000000000000000000 ) ) ;
#5172 = DIRECTION ( 'NONE',  ( 0.000000000000000000, -1.000000000000000000, 0.000000000000000000 ) ) ;
#5173 = CARTESIAN_POINT ( 'NONE',  ( 1.325000000000000178, 0.6299999999999996714, -0.4249999999999996003 ) ) ;
#5174 = FACE_OUTER_BOUND ( 'NONE', #203, .T. ) ;
#5175 = EDGE_LOOP ( 'NONE', ( #2665, #5151, #656, #959, #3745, #3048, #3105, #3938 ) ) ;
#5176 = CARTESIAN_POINT ( 'NONE',  ( -0.6500000000000001332, 0.6650000000000000355, 0.7999999999999994893 ) ) ;
#5177 = ORIENTED_EDGE ( 'NONE', *, *, #4697, .F. ) ;
#5178 = ORIENTED_EDGE ( 'NONE', *, *, #1363, .T. ) ;
#5179 = SURFACE_STYLE_USAGE ( .BOTH. , #3841 ) ;
#5180 = CARTESIAN_POINT ( 'NONE',  ( -0.2749999999999999667, 0.6650000000000000355, -0.4249999999999996003 ) ) ;
#5181 = EDGE_CURVE ( 'NONE', #5413, #340, #2171, .T. ) ;
#5182 = EDGE_LOOP ( 'NONE', ( #338, #2772, #1960, #4695, #1493, #5110, #3187, #5627, #5789, #4960, #2244, #142, #900, #3148, #1192, #1999, #2515, #4069, #392, #880, #4584, #5485, #5371, #648, #5259, #1311, #1550, #488 ) ) ;
#5183 = ORIENTED_EDGE ( 'NONE', *, *, #1241, .T. ) ;
#5184 = CARTESIAN_POINT ( 'NONE',  ( 1.074999999999999956, 0.6299999999999994493, -0.6499999999999995781 ) ) ;
#5185 =( LENGTH_UNIT ( ) NAMED_UNIT ( * ) SI_UNIT ( .MILLI., .METRE. ) );
#5186 = ORIENTED_EDGE ( 'NONE', *, *, #132, .T. ) ;
#5187 = EDGE_CURVE ( 'NONE', #1163, #2005, #4846, .T. ) ;
#5188 = VERTEX_POINT ( 'NONE', #788 ) ;
#5189 = EDGE_LOOP ( 'NONE', ( #1339, #1758, #4362, #2052, #896, #4113, #2587, #2531 ) ) ;
#5190 = DIRECTION ( 'NONE',  ( -0.000000000000000000, 1.000000000000000000, -0.000000000000000000 ) ) ;
#5191 = CARTESIAN_POINT ( 'NONE',  ( -0.6500000000000001332, 0.03499999999999999639, 0.6499999999999995781 ) ) ;
#5192 = DIRECTION ( 'NONE',  ( 1.000000000000000000, -0.000000000000000000, 1.016439536705160160E-16 ) ) ;
#5193 = LINE ( 'NONE', #582, #5075 ) ;
#5194 = FACE_OUTER_BOUND ( 'NONE', #2841, .T. ) ;
#5195 = LINE ( 'NONE', #1086, #4595 ) ;
#5196 = ORIENTED_EDGE ( 'NONE', *, *, #2666, .T. ) ;
#5197 = FACE_OUTER_BOUND ( 'NONE', #4870, .T. ) ;
#5198 = PLANE ( 'NONE',  #3263 ) ;
#5199 = ADVANCED_FACE ( 'NONE', ( #4419 ), #1751, .F. ) ;
#5200 = LINE ( 'NONE', #1455, #3614 ) ;
#5201 = CARTESIAN_POINT ( 'NONE',  ( -0.5250000000000000222, -1.084202172485504434E-16, -0.6499999999999995781 ) ) ;
#5202 = LINE ( 'NONE', #1120, #3836 ) ;
#5203 = ORIENTED_EDGE ( 'NONE', *, *, #1571, .F. ) ;
#5204 = VERTEX_POINT ( 'NONE', #3986 ) ;
#5205 = PLANE ( 'NONE',  #3024 ) ;
#5206 = AXIS2_PLACEMENT_3D ( 'NONE', #5253, #3409, #316 ) ;
#5207 = STYLED_ITEM ( 'NONE', ( #921 ), #3918 ) ;
#5208 = EDGE_CURVE ( 'NONE', #5802, #936, #3925, .T. ) ;
#5209 = CARTESIAN_POINT ( 'NONE',  ( -0.1500000000000000777, 0.6650000000000000355, 0.7999999999999994893 ) ) ;
#5210 = EDGE_CURVE ( 'NONE', #3552, #1310, #3001, .T. ) ;
#5211 = VECTOR ( 'NONE', #3044, 1000.000000000000000 ) ;
#5212 = AXIS2_PLACEMENT_3D ( 'NONE', #2387, #3279, #4614 ) ;
#5213 = EDGE_LOOP ( 'NONE', ( #1648, #3572, #2437, #119, #3096, #3061, #2409, #1087 ) ) ;
#5214 = DIRECTION ( 'NONE',  ( 0.000000000000000000, 1.000000000000000000, -0.000000000000000000 ) ) ;
#5215 = ADVANCED_FACE ( 'NONE', ( #1718 ), #5738, .F. ) ;
#5216 = VECTOR ( 'NONE', #1891, 1000.000000000000000 ) ;
#5217 = AXIS2_PLACEMENT_3D ( 'NONE', #1816, #5443, #2731 ) ;
#5218 = VERTEX_POINT ( 'NONE', #3474 ) ;
#5219 = ORIENTED_EDGE ( 'NONE', *, *, #3660, .T. ) ;
#5220 = ORIENTED_EDGE ( 'NONE', *, *, #4289, .T. ) ;
#5221 = ADVANCED_FACE ( 'NONE', ( #4452 ), #761, .F. ) ;
#5222 = DIRECTION ( 'NONE',  ( -0.000000000000000000, 0.000000000000000000, 1.000000000000000000 ) ) ;
#5223 = LINE ( 'NONE', #1139, #1618 ) ;
#5224 = DIRECTION ( 'NONE',  ( 3.614007241618349264E-16, 0.000000000000000000, -1.000000000000000000 ) ) ;
#5225 = EDGE_CURVE ( 'NONE', #370, #1740, #2295, .T. ) ;
#5226 = ADVANCED_FACE ( 'NONE', ( #4639 ), #4108, .F. ) ;
#5227 = LINE ( 'NONE', #5722, #287 ) ;
#5228 = ORIENTED_EDGE ( 'NONE', *, *, #3467, .F. ) ;
#5229 = DIRECTION ( 'NONE',  ( 0.000000000000000000, 1.000000000000000000, 0.000000000000000000 ) ) ;
#5230 = DIRECTION ( 'NONE',  ( -0.000000000000000000, 1.000000000000000000, -0.000000000000000000 ) ) ;
#5231 = ORIENTED_EDGE ( 'NONE', *, *, #184, .F. ) ;
#5232 = FACE_OUTER_BOUND ( 'NONE', #4788, .T. ) ;
#5233 = FACE_OUTER_BOUND ( 'NONE', #3921, .T. ) ;
#5234 = VECTOR ( 'NONE', #5585, 1000.000000000000000 ) ;
#5235 = ORIENTED_EDGE ( 'NONE', *, *, #5550, .T. ) ;
#5236 = ORIENTED_EDGE ( 'NONE', *, *, #2422, .T. ) ;
#5237 = PLANE ( 'NONE',  #2644 ) ;
#5238 = VECTOR ( 'NONE', #2653, 1000.000000000000000 ) ;
#5239 = DIRECTION ( 'NONE',  ( -1.000000000000000000, -0.000000000000000000, 0.000000000000000000 ) ) ;
#5240 = VERTEX_POINT ( 'NONE', #92 ) ;
#5241 = VECTOR ( 'NONE', #5669, 1000.000000000000000 ) ;
#5242 = CARTESIAN_POINT ( 'NONE',  ( 0.1499999999999999667, 0.6299999999999998934, 0.7649999999999991251 ) ) ;
#5243 = SURFACE_SIDE_STYLE ('',( #4260 ) ) ;
#5244 = ORIENTED_EDGE ( 'NONE', *, *, #567, .T. ) ;
#5245 = ORIENTED_EDGE ( 'NONE', *, *, #4934, .T. ) ;
#5246 = LINE ( 'NONE', #5692, #1215 ) ;
#5247 = CARTESIAN_POINT ( 'NONE',  ( -0.9499999999999999556, 0.6300000000000000044, 0.4999999999999996669 ) ) ;
#5248 = CARTESIAN_POINT ( 'NONE',  ( -1.325000000000000178, 0.6299999999999996714, -0.4249999999999996003 ) ) ;
#5249 = CARTESIAN_POINT ( 'NONE',  ( -0.6500000000000001332, 0.6300000000000000044, -0.7649999999999991251 ) ) ;
#5250 = EDGE_CURVE ( 'NONE', #1032, #2449, #3274, .T. ) ;
#5251 = ORIENTED_EDGE ( 'NONE', *, *, #2918, .T. ) ;
#5252 = VECTOR ( 'NONE', #3183, 1000.000000000000000 ) ;
#5253 = CARTESIAN_POINT ( 'NONE',  ( -0.9500000000000000666, 0.6299999999999996714, 0.4249999999999996003 ) ) ;
#5254 = CARTESIAN_POINT ( 'NONE',  ( -0.1500000000000000777, 0.03499999999999999639, -0.7649999999999991251 ) ) ;
#5255 = CARTESIAN_POINT ( 'NONE',  ( -0.6500000000000001332, -1.084202172485504434E-16, -0.6499999999999995781 ) ) ;
#5256 = AXIS2_PLACEMENT_3D ( 'NONE', #3059, #1214, #5325 ) ;
#5257 = FACE_OUTER_BOUND ( 'NONE', #5781, .T. ) ;
#5258 = EDGE_CURVE ( 'NONE', #5149, #5367, #2352, .T. ) ;
#5259 = ORIENTED_EDGE ( 'NONE', *, *, #5455, .T. ) ;
#5260 = VERTEX_POINT ( 'NONE', #474 ) ;
#5261 = CARTESIAN_POINT ( 'NONE',  ( -0.9500000000000001776, 0.6650000000000000355, 0.6499999999999992450 ) ) ;
#5262 = VECTOR ( 'NONE', #5438, 1000.000000000000000 ) ;
#5263 = CARTESIAN_POINT ( 'NONE',  ( 0.1499999999999999667, 0.000000000000000000, -0.6499999999999995781 ) ) ;
#5264 = DIRECTION ( 'NONE',  ( 0.000000000000000000, 1.000000000000000000, -0.000000000000000000 ) ) ;
#5265 = VECTOR ( 'NONE', #5230, 1000.000000000000000 ) ;
#5266 = ORIENTED_EDGE ( 'NONE', *, *, #4654, .F. ) ;
#5267 = APPLICATION_CONTEXT ( 'automotive_design' ) ;
#5268 = FACE_OUTER_BOUND ( 'NONE', #533, .T. ) ;
#5269 = CARTESIAN_POINT ( 'NONE',  ( -1.565000000000000169, 0.6650000000000000355, 0.4999999999999995559 ) ) ;
#5270 = ADVANCED_FACE ( 'NONE', ( #3598 ), #4042, .F. ) ;
#5271 = ORIENTED_EDGE ( 'NONE', *, *, #4668, .F. ) ;
#5272 = ORIENTED_EDGE ( 'NONE', *, *, #1742, .F. ) ;
#5273 = CARTESIAN_POINT ( 'NONE',  ( -0.6500000000000001332, -1.004210375300829378E-16, 0.7999999999999994893 ) ) ;
#5274 = DIRECTION ( 'NONE',  ( -0.000000000000000000, -8.182657905550991838E-16, -1.000000000000000000 ) ) ;
#5275 = LINE ( 'NONE', #3403, #1783 ) ;
#5276 = EDGE_CURVE ( 'NONE', #3489, #1229, #1850, .T. ) ;
#5277 = LINE ( 'NONE', #689, #1921 ) ;
#5278 = ORIENTED_EDGE ( 'NONE', *, *, #2422, .F. ) ;
#5279 = ORIENTED_EDGE ( 'NONE', *, *, #1581, .F. ) ;
#5280 = CARTESIAN_POINT ( 'NONE',  ( -0.9500000000000000666, 0.03499999999999999639, -0.7649999999999991251 ) ) ;
#5281 = CARTESIAN_POINT ( 'NONE',  ( -0.2749999999999999667, -1.084202172485504434E-16, 0.6499999999999995781 ) ) ;
#5282 = EDGE_CURVE ( 'NONE', #4335, #1879, #5473, .T. ) ;
#5283 = DIRECTION ( 'NONE',  ( 0.000000000000000000, 0.000000000000000000, 1.000000000000000000 ) ) ;
#5284 = DIRECTION ( 'NONE',  ( -1.000000000000000000, 0.000000000000000000, 0.000000000000000000 ) ) ;
#5285 = EDGE_LOOP ( 'NONE', ( #1544, #1133, #2353, #3456 ) ) ;
#5286 = ORIENTED_EDGE ( 'NONE', *, *, #2547, .T. ) ;
#5287 = EDGE_CURVE ( 'NONE', #2940, #1740, #3635, .T. ) ;
#5288 = CARTESIAN_POINT ( 'NONE',  ( 0.9500000000000000666, 0.6299999999999998934, 0.7649999999999991251 ) ) ;
#5289 = EDGE_CURVE ( 'NONE', #3671, #4401, #3720, .T. ) ;
#5290 = DIRECTION ( 'NONE',  ( 0.000000000000000000, 0.000000000000000000, 1.000000000000000000 ) ) ;
#5291 = DIRECTION ( 'NONE',  ( 0.000000000000000000, 0.000000000000000000, 1.000000000000000000 ) ) ;
#5292 = ORIENTED_EDGE ( 'NONE', *, *, #3911, .T. ) ;
#5293 = VECTOR ( 'NONE', #4003, 1000.000000000000000 ) ;
#5294 = CARTESIAN_POINT ( 'NONE',  ( -1.324999999999999956, -1.084202172485504434E-16, 0.6499999999999995781 ) ) ;
#5295 = DIRECTION ( 'NONE',  ( -1.000000000000000000, 0.000000000000000000, 0.000000000000000000 ) ) ;
#5296 = VECTOR ( 'NONE', #2555, 1000.000000000000000 ) ;
#5297 = LINE ( 'NONE', #1222, #1118 ) ;
#5298 = VECTOR ( 'NONE', #5351, 1000.000000000000000 ) ;
#5299 = EDGE_LOOP ( 'NONE', ( #4612, #2852, #427, #5747, #5128, #3155, #5042, #3791 ) ) ;
#5300 = SHAPE_DEFINITION_REPRESENTATION ( #5323, #5554 ) ;
#5301 = VECTOR ( 'NONE', #4944, 1000.000000000000000 ) ;
#5302 = ORIENTED_EDGE ( 'NONE', *, *, #415, .T. ) ;
#5303 = DIRECTION ( 'NONE',  ( -0.000000000000000000, 1.000000000000000000, -0.000000000000000000 ) ) ;
#5304 = DIRECTION ( 'NONE',  ( 0.000000000000000000, -1.000000000000000000, 0.000000000000000000 ) ) ;
#5305 = AXIS2_PLACEMENT_3D ( 'NONE', #1368, #32, #3662 ) ;
#5306 = DIRECTION ( 'NONE',  ( -1.000000000000000000, 0.000000000000000000, 0.000000000000000000 ) ) ;
#5307 = VECTOR ( 'NONE', #4390, 1000.000000000000000 ) ;
#5308 = CARTESIAN_POINT ( 'NONE',  ( -0.9500000000000000666, 0.6650000000000000355, -0.6499999999999995781 ) ) ;
#5309 = EDGE_LOOP ( 'NONE', ( #3007, #5271, #1522, #3475 ) ) ;
#5310 = AXIS2_PLACEMENT_3D ( 'NONE', #2978, #1526, #4797 ) ;
#5311 = VECTOR ( 'NONE', #5822, 1000.000000000000000 ) ;
#5312 = ORIENTED_EDGE ( 'NONE', *, *, #1351, .T. ) ;
#5313 = DIRECTION ( 'NONE',  ( 0.000000000000000000, 1.000000000000000000, 0.000000000000000000 ) ) ;
#5314 = EDGE_CURVE ( 'NONE', #1017, #3552, #3154, .T. ) ;
#5315 = CARTESIAN_POINT ( 'NONE',  ( -0.9500000000000000666, -6.368163355566234902E-17, 0.4999999999999995559 ) ) ;
#5316 = DIRECTION ( 'NONE',  ( 0.000000000000000000, -1.000000000000000000, 0.000000000000000000 ) ) ;
#5317 = LINE ( 'NONE', #3439, #5619 ) ;
#5318 = LINE ( 'NONE', #2633, #3271 ) ;
#5319 = ORIENTED_EDGE ( 'NONE', *, *, #2205, .F. ) ;
#5320 = ORIENTED_EDGE ( 'NONE', *, *, #4322, .T. ) ;
#5321 = CARTESIAN_POINT ( 'NONE',  ( 0.5250000000000000222, 0.6650000000000000355, 0.7999999999999994893 ) ) ;
#5322 = CARTESIAN_POINT ( 'NONE',  ( 1.074999999999999956, -1.084202172485504434E-16, -0.6499999999999995781 ) ) ;
#5323 = PRODUCT_DEFINITION_SHAPE ( 'NONE', 'NONE',  #542 ) ;
#5324 = AXIS2_PLACEMENT_3D ( 'NONE', #335, #2181, #5394 ) ;
#5325 = DIRECTION ( 'NONE',  ( 3.614007241618347785E-16, 0.000000000000000000, 1.000000000000000000 ) ) ;
#5326 = ORIENTED_EDGE ( 'NONE', *, *, #5387, .T. ) ;
#5327 = EDGE_CURVE ( 'NONE', #1719, #1105, #950, .T. ) ;
#5328 = DIRECTION ( 'NONE',  ( -7.228014483236698528E-16, 0.000000000000000000, -1.000000000000000000 ) ) ;
#5329 = COLOUR_RGB ( '',1.000000000000000000, 1.000000000000000000, 1.000000000000000000 ) ;
#5330 = LINE ( 'NONE', #5583, #1301 ) ;
#5331 = CARTESIAN_POINT ( 'NONE',  ( -0.6500000000000001332, 0.6650000000000000355, 0.7999999999999994893 ) ) ;
#5332 = ORIENTED_EDGE ( 'NONE', *, *, #3843, .T. ) ;
#5333 = EDGE_CURVE ( 'NONE', #2997, #2826, #5445, .T. ) ;
#5334 = ORIENTED_EDGE ( 'NONE', *, *, #113, .F. ) ;
#5335 = DIRECTION ( 'NONE',  ( -1.668003342285392783E-16, 0.000000000000000000, -1.000000000000000000 ) ) ;
#5336 = PLANE ( 'NONE',  #958 ) ;
#5337 = DIRECTION ( 'NONE',  ( -0.000000000000000000, -0.000000000000000000, 1.000000000000000000 ) ) ;
#5338 = VERTEX_POINT ( 'NONE', #503 ) ;
#5339 = LINE ( 'NONE', #2536, #1061 ) ;
#5340 = VERTEX_POINT ( 'NONE', #1370 ) ;
#5341 = VERTEX_POINT ( 'NONE', #2262 ) ;
#5342 = LINE ( 'NONE', #4436, #649 ) ;
#5343 = CARTESIAN_POINT ( 'NONE',  ( 1.074999999999999956, -1.084202172485504434E-16, -0.6499999999999995781 ) ) ;
#5344 = CARTESIAN_POINT ( 'NONE',  ( 0.1499999999999999667, 0.03499999999999944128, 0.7649999999999990141 ) ) ;
#5345 = CARTESIAN_POINT ( 'NONE',  ( -0.9500000000000000666, 0.000000000000000000, 0.000000000000000000 ) ) ;
#5346 = CARTESIAN_POINT ( 'NONE',  ( -0.9500000000000000666, 0.6650000000000000355, 0.4999999999999995559 ) ) ;
#5347 = ORIENTED_EDGE ( 'NONE', *, *, #5157, .T. ) ;
#5348 = ORIENTED_EDGE ( 'NONE', *, *, #5565, .T. ) ;
#5349 = LINE ( 'NONE', #1273, #3947 ) ;
#5350 = VECTOR ( 'NONE', #5885, 1000.000000000000000 ) ;
#5351 = DIRECTION ( 'NONE',  ( 1.000000000000000000, -0.000000000000000000, 0.000000000000000000 ) ) ;
#5352 = DIRECTION ( 'NONE',  ( 1.000000000000000000, 0.000000000000000000, 3.614007241618349264E-16 ) ) ;
#5353 = EDGE_CURVE ( 'NONE', #2005, #1470, #4076, .T. ) ;
#5354 = ORIENTED_EDGE ( 'NONE', *, *, #5809, .F. ) ;
#5355 = DIRECTION ( 'NONE',  ( 0.000000000000000000, 0.000000000000000000, -1.000000000000000000 ) ) ;
#5356 = LINE ( 'NONE', #2144, #3718 ) ;
#5357 = DIRECTION ( 'NONE',  ( 0.000000000000000000, 1.224646799147353454E-16, 1.000000000000000000 ) ) ;
#5358 = EDGE_CURVE ( 'NONE', #1966, #5389, #1820, .T. ) ;
#5359 = VECTOR ( 'NONE', #2812, 1000.000000000000000 ) ;
#5360 = EDGE_LOOP ( 'NONE', ( #5008, #469, #3427, #3648 ) ) ;
#5361 = DIRECTION ( 'NONE',  ( 0.000000000000000000, 0.000000000000000000, 1.000000000000000000 ) ) ;
#5362 = ORIENTED_EDGE ( 'NONE', *, *, #1686, .T. ) ;
#5363 = DIRECTION ( 'NONE',  ( -0.000000000000000000, -1.000000000000000000, -0.000000000000000000 ) ) ;
#5364 = LINE ( 'NONE', #3132, #1916 ) ;
#5365 = CARTESIAN_POINT ( 'NONE',  ( 1.074999999999999956, -1.084202172485504434E-16, -0.6499999999999995781 ) ) ;
#5366 = EDGE_CURVE ( 'NONE', #218, #936, #1781, .T. ) ;
#5367 = VERTEX_POINT ( 'NONE', #918 ) ;
#5368 = ADVANCED_FACE ( 'NONE', ( #2795 ), #2733, .T. ) ;
#5369 = CARTESIAN_POINT ( 'NONE',  ( -0.1500000000000000777, 0.6650000000000000355, 0.6499999999999995781 ) ) ;
#5370 = ORIENTED_EDGE ( 'NONE', *, *, #5475, .F. ) ;
#5371 = ORIENTED_EDGE ( 'NONE', *, *, #553, .F. ) ;
#5372 = CARTESIAN_POINT ( 'NONE',  ( 0.1499999999999999667, -1.004210375300829378E-16, -0.7999999999999994893 ) ) ;
#5373 = DIRECTION ( 'NONE',  ( -0.000000000000000000, 1.000000000000000000, -0.000000000000000000 ) ) ;
#5374 = CARTESIAN_POINT ( 'NONE',  ( -0.5250000000000000222, 0.6299999999999996714, -0.4249999999999996003 ) ) ;
#5375 = PLANE ( 'NONE',  #2105 ) ;
#5376 = CARTESIAN_POINT ( 'NONE',  ( 1.600000000000000311, 4.176956441796261466, 0.7649999999999991251 ) ) ;
#5377 = ORIENTED_EDGE ( 'NONE', *, *, #5790, .T. ) ;
#5378 = ORIENTED_EDGE ( 'NONE', *, *, #2820, .T. ) ;
#5379 = CARTESIAN_POINT ( 'NONE',  ( 0.2749999999999999667, -1.084202172485504434E-16, -0.6499999999999995781 ) ) ;
#5380 = EDGE_CURVE ( 'NONE', #66, #72, #4548, .T. ) ;
#5381 = FACE_OUTER_BOUND ( 'NONE', #3609, .T. ) ;
#5382 = CARTESIAN_POINT ( 'NONE',  ( 1.450000000000000178, 0.03499999999999999639, 0.7649999999999991251 ) ) ;
#5383 = DIRECTION ( 'NONE',  ( 0.000000000000000000, 1.000000000000000000, -0.000000000000000000 ) ) ;
#5384 = ORIENTED_EDGE ( 'NONE', *, *, #1604, .T. ) ;
#5385 = CARTESIAN_POINT ( 'NONE',  ( -0.5250000000000000222, -1.084202172485504434E-16, 0.6499999999999995781 ) ) ;
#5386 = EDGE_CURVE ( 'NONE', #2546, #4162, #2912, .T. ) ;
#5387 = EDGE_CURVE ( 'NONE', #400, #547, #5202, .T. ) ;
#5388 =( LENGTH_UNIT ( ) NAMED_UNIT ( * ) SI_UNIT ( .MILLI., .METRE. ) );
#5389 = VERTEX_POINT ( 'NONE', #5621 ) ;
#5390 = VECTOR ( 'NONE', #922, 1000.000000000000000 ) ;
#5391 = STYLED_ITEM ( 'NONE', ( #329 ), #3891 ) ;
#5392 = ORIENTED_EDGE ( 'NONE', *, *, #3436, .T. ) ;
#5393 = PLANE ( 'NONE',  #272 ) ;
#5394 = DIRECTION ( 'NONE',  ( 0.000000000000000000, 0.000000000000000000, -1.000000000000000000 ) ) ;
#5395 = CARTESIAN_POINT ( 'NONE',  ( 0.9500000000000000666, 0.03499999999999999639, -0.4999999999999994449 ) ) ;
#5396 = VECTOR ( 'NONE', #659, 1000.000000000000000 ) ;
#5397 = ORIENTED_EDGE ( 'NONE', *, *, #5046, .T. ) ;
#5398 = STYLED_ITEM ( 'NONE', ( #4282 ), #4025 ) ;
#5399 = ORIENTED_EDGE ( 'NONE', *, *, #5333, .T. ) ;
#5400 = EDGE_CURVE ( 'NONE', #3761, #502, #5650, .T. ) ;
#5401 = VECTOR ( 'NONE', #749, 1000.000000000000000 ) ;
#5402 = VECTOR ( 'NONE', #4450, 1000.000000000000000 ) ;
#5403 = VERTEX_POINT ( 'NONE', #646 ) ;
#5404 = EDGE_CURVE ( 'NONE', #2063, #115, #2436, .T. ) ;
#5405 = CARTESIAN_POINT ( 'NONE',  ( -1.074999999999999956, 0.6650000000000000355, -0.7999999999999994893 ) ) ;
#5406 = DIRECTION ( 'NONE',  ( 0.000000000000000000, -1.000000000000000000, 0.000000000000000000 ) ) ;
#5407 = DIRECTION ( 'NONE',  ( -1.000000000000000000, -0.000000000000000000, 0.000000000000000000 ) ) ;
#5408 = VECTOR ( 'NONE', #5190, 1000.000000000000000 ) ;
#5409 = VECTOR ( 'NONE', #5792, 1000.000000000000000 ) ;
#5410 = DIRECTION ( 'NONE',  ( 1.000000000000000000, 0.000000000000000000, 0.000000000000000000 ) ) ;
#5411 = FACE_OUTER_BOUND ( 'NONE', #626, .T. ) ;
#5412 = VERTEX_POINT ( 'NONE', #1069 ) ;
#5413 = VERTEX_POINT ( 'NONE', #1041 ) ;
#5414 = PLANE ( 'NONE',  #2118 ) ;
#5415 = LINE ( 'NONE', #4574, #1262 ) ;
#5416 = CARTESIAN_POINT ( 'NONE',  ( -0.9500000000000000666, 0.6299999999999996714, 0.6499999999999995781 ) ) ;
#5417 = DIRECTION ( 'NONE',  ( -0.000000000000000000, 1.000000000000000000, 1.224646799147353454E-16 ) ) ;
#5418 = EDGE_LOOP ( 'NONE', ( #2970, #1753, #2582, #4316, #4000, #4605, #4877, #3821 ) ) ;
#5419 = SURFACE_STYLE_FILL_AREA ( #1822 ) ;
#5420 = CARTESIAN_POINT ( 'NONE',  ( -0.2749999999999999667, -1.084202172485504434E-16, 0.4999999999999995559 ) ) ;
#5421 = VECTOR ( 'NONE', #3102, 1000.000000000000000 ) ;
#5422 = ORIENTED_EDGE ( 'NONE', *, *, #5818, .F. ) ;
#5423 =( GEOMETRIC_REPRESENTATION_CONTEXT ( 3 ) GLOBAL_UNCERTAINTY_ASSIGNED_CONTEXT ( ( #3599 ) ) GLOBAL_UNIT_ASSIGNED_CONTEXT ( ( #4677, #1491, #4318 ) ) REPRESENTATION_CONTEXT ( 'NONE', 'WORKASPACE' ) );
#5424 = ORIENTED_EDGE ( 'NONE', *, *, #2916, .F. ) ;
#5425 = DIRECTION ( 'NONE',  ( -0.000000000000000000, 0.000000000000000000, 1.000000000000000000 ) ) ;
#5426 = CARTESIAN_POINT ( 'NONE',  ( -0.1500000000000000777, 0.6650000000000000355, -0.6499999999999995781 ) ) ;
#5427 = LINE ( 'NONE', #3577, #3693 ) ;
#5428 = ORIENTED_EDGE ( 'NONE', *, *, #680, .T. ) ;
#5429 = VECTOR ( 'NONE', #5022, 1000.000000000000000 ) ;
#5430 = ORIENTED_EDGE ( 'NONE', *, *, #5565, .F. ) ;
#5431 = ORIENTED_EDGE ( 'NONE', *, *, #1054, .F. ) ;
#5432 = VECTOR ( 'NONE', #805, 1000.000000000000000 ) ;
#5433 = DIRECTION ( 'NONE',  ( 0.000000000000000000, 1.000000000000000000, 0.000000000000000000 ) ) ;
#5434 = LINE ( 'NONE', #5343, #1677 ) ;
#5435 = FACE_OUTER_BOUND ( 'NONE', #2119, .T. ) ;
#5436 = CARTESIAN_POINT ( 'NONE',  ( 1.325000000000000178, -1.084202172485504434E-16, -0.6499999999999999112 ) ) ;
#5437 = EDGE_CURVE ( 'NONE', #2626, #4640, #5560, .T. ) ;
#5438 = DIRECTION ( 'NONE',  ( -1.000000000000000000, -0.000000000000000000, -0.000000000000000000 ) ) ;
#5439 = ORIENTED_EDGE ( 'NONE', *, *, #5250, .T. ) ;
#5440 = ORIENTED_EDGE ( 'NONE', *, *, #4270, .F. ) ;
#5441 = DIRECTION ( 'NONE',  ( 3.614007241618347785E-16, -0.000000000000000000, 1.000000000000000000 ) ) ;
#5442 = LINE ( 'NONE', #1364, #5252 ) ;
#5443 = DIRECTION ( 'NONE',  ( -1.000000000000000000, 0.000000000000000000, 3.614007241618347785E-16 ) ) ;
#5444 = ORIENTED_EDGE ( 'NONE', *, *, #2677, .F. ) ;
#5445 = LINE ( 'NONE', #5531, #4785 ) ;
#5446 = VERTEX_POINT ( 'NONE', #2857 ) ;
#5447 = PLANE ( 'NONE',  #5111 ) ;
#5448 = VECTOR ( 'NONE', #3, 1000.000000000000000 ) ;
#5449 = CARTESIAN_POINT ( 'NONE',  ( 0.1500000000000001887, -1.084202172485504434E-16, 0.4999999999999996669 ) ) ;
#5450 = DIRECTION ( 'NONE',  ( -8.673617379884044347E-16, 0.000000000000000000, 1.000000000000000000 ) ) ;
#5451 = VECTOR ( 'NONE', #4696, 1000.000000000000000 ) ;
#5452 = ORIENTED_EDGE ( 'NONE', *, *, #12, .T. ) ;
#5453 = EDGE_LOOP ( 'NONE', ( #1897, #4089, #3471, #2074, #3387, #3209, #5236, #768 ) ) ;
#5454 = CARTESIAN_POINT ( 'NONE',  ( -0.1500000000000000777, 0.6650000000000000355, 0.4999999999999995559 ) ) ;
#5455 = EDGE_CURVE ( 'NONE', #1656, #4982, #3775, .T. ) ;
#5456 = CARTESIAN_POINT ( 'NONE',  ( -0.9499999999999998446, 0.03499999999999944128, 0.7649999999999989031 ) ) ;
#5457 = VECTOR ( 'NONE', #2255, 1000.000000000000000 ) ;
#5458 = EDGE_LOOP ( 'NONE', ( #4824, #277, #974, #5302, #220, #3781, #4674, #2081 ) ) ;
#5459 = ORIENTED_EDGE ( 'NONE', *, *, #5766, .F. ) ;
#5460 = ORIENTED_EDGE ( 'NONE', *, *, #491, .F. ) ;
#5461 = LINE ( 'NONE', #999, #7 ) ;
#5462 = DIRECTION ( 'NONE',  ( 0.000000000000000000, 0.000000000000000000, -1.000000000000000000 ) ) ;
#5463 = CARTESIAN_POINT ( 'NONE',  ( -0.1500000000000000777, 0.03499999999999999639, 0.6499999999999995781 ) ) ;
#5464 = DIRECTION ( 'NONE',  ( -1.000000000000000000, 0.000000000000000000, 0.000000000000000000 ) ) ;
#5465 = FACE_OUTER_BOUND ( 'NONE', #819, .T. ) ;
#5466 = ORIENTED_EDGE ( 'NONE', *, *, #4811, .F. ) ;
#5467 = ORIENTED_EDGE ( 'NONE', *, *, #4329, .F. ) ;
#5468 = FACE_OUTER_BOUND ( 'NONE', #603, .T. ) ;
#5469 = EDGE_CURVE ( 'NONE', #2263, #5733, #3360, .T. ) ;
#5470 = LINE ( 'NONE', #1393, #2501 ) ;
#5471 = DIRECTION ( 'NONE',  ( -1.000000000000000000, 0.000000000000000000, 0.000000000000000000 ) ) ;
#5472 = ORIENTED_EDGE ( 'NONE', *, *, #1868, .F. ) ;
#5473 = LINE ( 'NONE', #5092, #5731 ) ;
#5474 = ORIENTED_EDGE ( 'NONE', *, *, #5314, .F. ) ;
#5475 = EDGE_CURVE ( 'NONE', #5338, #5218, #2022, .T. ) ;
#5476 = LINE ( 'NONE', #4045, #927 ) ;
#5477 = FACE_OUTER_BOUND ( 'NONE', #5484, .T. ) ;
#5478 = CARTESIAN_POINT ( 'NONE',  ( -0.1500000000000000777, 0.6299999999999996714, 0.4249999999999996003 ) ) ;
#5479 = ORIENTED_EDGE ( 'NONE', *, *, #5289, .T. ) ;
#5480 = ORIENTED_EDGE ( 'NONE', *, *, #309, .T. ) ;
#5481 = CARTESIAN_POINT ( 'NONE',  ( -1.074999999999999956, 0.6649999999999998135, 0.6499999999999995781 ) ) ;
#5482 = DIRECTION ( 'NONE',  ( -1.000000000000000000, -0.000000000000000000, -0.000000000000000000 ) ) ;
#5483 = DIRECTION ( 'NONE',  ( -1.000000000000000000, -0.000000000000000000, -0.000000000000000000 ) ) ;
#5484 = EDGE_LOOP ( 'NONE', ( #666, #1495, #4387, #4578, #2120, #2174, #1345, #2430 ) ) ;
#5485 = ORIENTED_EDGE ( 'NONE', *, *, #2891, .F. ) ;
#5486 = EDGE_LOOP ( 'NONE', ( #3545, #3860, #3554, #4280, #4590, #4228, #2856, #1290 ) ) ;
#5487 = CARTESIAN_POINT ( 'NONE',  ( -0.5250000000000000222, -1.084202172485504434E-16, 0.4999999999999995559 ) ) ;
#5488 = VECTOR ( 'NONE', #4533, 1000.000000000000000 ) ;
#5489 = DIRECTION ( 'NONE',  ( 0.000000000000000000, -0.000000000000000000, -1.000000000000000000 ) ) ;
#5490 = PLANE ( 'NONE',  #3555 ) ;
#5491 = VECTOR ( 'NONE', #2738, 1000.000000000000000 ) ;
#5492 = CARTESIAN_POINT ( 'NONE',  ( -1.325000000000000178, -1.084202172485504434E-16, -0.6499999999999995781 ) ) ;
#5493 = FACE_OUTER_BOUND ( 'NONE', #2597, .T. ) ;
#5494 = ORIENTED_EDGE ( 'NONE', *, *, #3281, .T. ) ;
#5495 = CARTESIAN_POINT ( 'NONE',  ( 0.1499999999999999667, 0.6299999999999996714, -0.4249999999999996003 ) ) ;
#5496 = LINE ( 'NONE', #471, #2985 ) ;
#5497 = VECTOR ( 'NONE', #5783, 1000.000000000000000 ) ;
#5498 = CLOSED_SHELL ( 'NONE', ( #2748, #5270, #5579, #5199, #5368, #566, #911, #4158, #4750, #2487, #4817, #5724 ) ) ;
#5499 = AXIS2_PLACEMENT_3D ( 'NONE', #702, #1748, #1184 ) ;
#5500 = DIRECTION ( 'NONE',  ( 1.000000000000000000, 0.000000000000000000, 0.000000000000000000 ) ) ;
#5501 = ORIENTED_EDGE ( 'NONE', *, *, #5366, .T. ) ;
#5502 = CARTESIAN_POINT ( 'NONE',  ( -0.9500000000000000666, 0.6650000000000000355, -0.7999999999999994893 ) ) ;
#5503 = ORIENTED_EDGE ( 'NONE', *, *, #1479, .T. ) ;
#5504 = DIRECTION ( 'NONE',  ( 0.000000000000000000, 1.000000000000000000, -0.000000000000000000 ) ) ;
#5505 = PRESENTATION_STYLE_ASSIGNMENT (( #64 ) ) ;
#5506 = EDGE_CURVE ( 'NONE', #5536, #3736, #3837, .T. ) ;
#5507 = ADVANCED_FACE ( 'NONE', ( #3332 ), #617, .F. ) ;
#5508 = EDGE_LOOP ( 'NONE', ( #3568, #2522, #5160, #1297 ) ) ;
#5509 = ORIENTED_EDGE ( 'NONE', *, *, #711, .F. ) ;
#5510 = DIRECTION ( 'NONE',  ( 1.000000000000000000, -0.000000000000000000, 1.016439536705160160E-16 ) ) ;
#5511 = LINE ( 'NONE', #3730, #755 ) ;
#5512 = DIRECTION ( 'NONE',  ( -1.000000000000000000, -0.000000000000000000, -0.000000000000000000 ) ) ;
#5513 = VERTEX_POINT ( 'NONE', #237 ) ;
#5514 = VECTOR ( 'NONE', #5137, 1000.000000000000000 ) ;
#5515 = VERTEX_POINT ( 'NONE', #1093 ) ;
#5516 = ORIENTED_EDGE ( 'NONE', *, *, #3423, .F. ) ;
#5517 = DIRECTION ( 'NONE',  ( -0.000000000000000000, -1.000000000000000000, -0.000000000000000000 ) ) ;
#5518 = LINE ( 'NONE', #493, #1684 ) ;
#5519 = DIRECTION ( 'NONE',  ( 0.000000000000000000, 0.000000000000000000, -1.000000000000000000 ) ) ;
#5520 = VECTOR ( 'NONE', #4017, 1000.000000000000000 ) ;
#5521 = CARTESIAN_POINT ( 'NONE',  ( 0.6500000000000000222, 0.6650000000000000355, -0.4249999999999996003 ) ) ;
#5522 = DIRECTION ( 'NONE',  ( 1.000000000000000000, -0.000000000000000000, 0.000000000000000000 ) ) ;
#5523 = AXIS2_PLACEMENT_3D ( 'NONE', #5492, #4965, #1357 ) ;
#5524 = EDGE_LOOP ( 'NONE', ( #2624, #5063, #622, #734 ) ) ;
#5525 = LINE ( 'NONE', #712, #4645 ) ;
#5526 = DIRECTION ( 'NONE',  ( 0.000000000000000000, 1.000000000000000000, -1.224646799147353454E-16 ) ) ;
#5527 = ADVANCED_FACE ( 'NONE', ( #5676 ), #672, .F. ) ;
#5528 = DIRECTION ( 'NONE',  ( -1.000000000000000000, 0.000000000000000000, 0.000000000000000000 ) ) ;
#5529 = CARTESIAN_POINT ( 'NONE',  ( -0.1499999999999999667, 4.176956441796261466, 0.7649999999999989031 ) ) ;
#5530 = ORIENTED_EDGE ( 'NONE', *, *, #1682, .T. ) ;
#5531 = CARTESIAN_POINT ( 'NONE',  ( 0.2749999999999999667, 0.03499999999999999639, 0.7649999999999991251 ) ) ;
#5532 = ORIENTED_EDGE ( 'NONE', *, *, #455, .T. ) ;
#5533 = CARTESIAN_POINT ( 'NONE',  ( 1.074999999999999956, 0.6650000000000000355, 0.4249999999999996003 ) ) ;
#5534 = ADVANCED_FACE ( 'NONE', ( #1518 ), #2497, .F. ) ;
#5535 =( LENGTH_UNIT ( ) NAMED_UNIT ( * ) SI_UNIT ( .MILLI., .METRE. ) );
#5536 = VERTEX_POINT ( 'NONE', #213 ) ;
#5537 = VECTOR ( 'NONE', #5020, 1000.000000000000000 ) ;
#5538 = CARTESIAN_POINT ( 'NONE',  ( -0.5250000000000000222, 0.6650000000000000355, -0.7999999999999994893 ) ) ;
#5539 = CARTESIAN_POINT ( 'NONE',  ( 1.325000000000000178, 0.6650000000000000355, -0.4249999999999996003 ) ) ;
#5540 = DIRECTION ( 'NONE',  ( -1.000000000000000000, 0.000000000000000000, -0.000000000000000000 ) ) ;
#5541 = ADVANCED_FACE ( 'NONE', ( #5233 ), #2410, .F. ) ;
#5542 = ORIENTED_EDGE ( 'NONE', *, *, #3276, .F. ) ;
#5543 = AXIS2_PLACEMENT_3D ( 'NONE', #1303, #5291, #2610 ) ;
#5544 = EDGE_LOOP ( 'NONE', ( #2351, #1877, #1821, #4092 ) ) ;
#5545 = VERTEX_POINT ( 'NONE', #1152 ) ;
#5546 = EDGE_CURVE ( 'NONE', #5367, #5876, #2968, .T. ) ;
#5547 = VECTOR ( 'NONE', #1296, 1000.000000000000000 ) ;
#5548 = CARTESIAN_POINT ( 'NONE',  ( -1.325000000000000178, -1.084202172485504434E-16, -0.6499999999999995781 ) ) ;
#5549 = LINE ( 'NONE', #1502, #3112 ) ;
#5550 = EDGE_CURVE ( 'NONE', #1289, #4889, #1936, .T. ) ;
#5551 = CARTESIAN_POINT ( 'NONE',  ( 0.2749999999999999667, -1.084202172485504434E-16, -0.6499999999999995781 ) ) ;
#5552 = DIRECTION ( 'NONE',  ( 0.000000000000000000, 1.000000000000000000, -0.000000000000000000 ) ) ;
#5553 = VECTOR ( 'NONE', #163, 1000.000000000000000 ) ;
#5554 = SHAPE_REPRESENTATION ( 'Resistor_Array_YC_AF_xxx_YC164-FR-07180KL', ( #3551 ), #2792 ) ;
#5555 = VERTEX_POINT ( 'NONE', #1627 ) ;
#5556 = LINE ( 'NONE', #5112, #2690 ) ;
#5557 = CARTESIAN_POINT ( 'NONE',  ( -1.325000000000000178, -1.084202172485504434E-16, -0.6499999999999995781 ) ) ;
#5558 = LINE ( 'NONE', #175, #1691 ) ;
#5559 = ORIENTED_EDGE ( 'NONE', *, *, #1043, .T. ) ;
#5560 = LINE ( 'NONE', #4667, #1372 ) ;
#5561 = ORIENTED_EDGE ( 'NONE', *, *, #1606, .F. ) ;
#5562 = ADVANCED_FACE ( 'NONE', ( #3081 ), #258, .F. ) ;
#5563 = DIRECTION ( 'NONE',  ( 1.000000000000000000, 0.000000000000000000, -1.016439536705160160E-16 ) ) ;
#5564 = ORIENTED_EDGE ( 'NONE', *, *, #4501, .T. ) ;
#5565 = EDGE_CURVE ( 'NONE', #4547, #1187, #4414, .T. ) ;
#5566 = EDGE_CURVE ( 'NONE', #981, #1346, #3440, .T. ) ;
#5567 = DIRECTION ( 'NONE',  ( 1.000000000000000000, 0.000000000000000000, 0.000000000000000000 ) ) ;
#5568 = FILL_AREA_STYLE_COLOUR ( '', #5329 ) ;
#5569 = CARTESIAN_POINT ( 'NONE',  ( -1.325000000000000178, 0.6650000000000000355, -0.4249999999999996003 ) ) ;
#5570 = ORIENTED_EDGE ( 'NONE', *, *, #2131, .T. ) ;
#5571 = VERTEX_POINT ( 'NONE', #4869 ) ;
#5572 = EDGE_LOOP ( 'NONE', ( #5272, #5559, #3055, #5010, #4484, #4310, #1360, #1121 ) ) ;
#5573 = CARTESIAN_POINT ( 'NONE',  ( 1.325000000000000178, -1.084202172485504434E-16, -0.6499999999999999112 ) ) ;
#5574 = CARTESIAN_POINT ( 'NONE',  ( 0.2749999999999999667, 0.6299999999999996714, -0.4249999999999996003 ) ) ;
#5575 = LINE ( 'NONE', #1476, #314 ) ;
#5576 = DIRECTION ( 'NONE',  ( -0.000000000000000000, 0.000000000000000000, 1.000000000000000000 ) ) ;
#5577 = EDGE_CURVE ( 'NONE', #966, #4938, #2079, .T. ) ;
#5578 = CARTESIAN_POINT ( 'NONE',  ( -1.074999999999999956, -1.084202172485504434E-16, 0.6499999999999995781 ) ) ;
#5579 = ADVANCED_FACE ( 'NONE', ( #5257 ), #2995, .T. ) ;
#5580 = EDGE_CURVE ( 'NONE', #1187, #304, #2136, .T. ) ;
#5581 = VECTOR ( 'NONE', #2238, 1000.000000000000000 ) ;
#5582 = VERTEX_POINT ( 'NONE', #2545 ) ;
#5583 = CARTESIAN_POINT ( 'NONE',  ( -1.565000000000000169, 0.6300000000000000044, -0.4249999999999995448 ) ) ;
#5584 = CARTESIAN_POINT ( 'NONE',  ( 0.2749999999999999667, 0.03499999999999999639, -0.7649999999999991251 ) ) ;
#5585 = DIRECTION ( 'NONE',  ( 1.668003342285392783E-16, 0.000000000000000000, 1.000000000000000000 ) ) ;
#5586 = VECTOR ( 'NONE', #3100, 1000.000000000000000 ) ;
#5587 = AXIS2_PLACEMENT_3D ( 'NONE', #2471, #2085, #1487 ) ;
#5588 = DIRECTION ( 'NONE',  ( 1.000000000000000000, 0.000000000000000000, 0.000000000000000000 ) ) ;
#5589 = VECTOR ( 'NONE', #5510, 1000.000000000000000 ) ;
#5590 = ORIENTED_EDGE ( 'NONE', *, *, #1033, .T. ) ;
#5591 = CARTESIAN_POINT ( 'NONE',  ( 1.600000000000000311, 0.6299999999999998934, 0.7649999999999991251 ) ) ;
#5592 = ORIENTED_EDGE ( 'NONE', *, *, #1514, .F. ) ;
#5593 = VECTOR ( 'NONE', #2776, 1000.000000000000000 ) ;
#5594 =( GEOMETRIC_REPRESENTATION_CONTEXT ( 3 ) GLOBAL_UNCERTAINTY_ASSIGNED_CONTEXT ( ( #1338 ) ) GLOBAL_UNIT_ASSIGNED_CONTEXT ( ( #3389, #4226, #1015 ) ) REPRESENTATION_CONTEXT ( 'NONE', 'WORKASPACE' ) );
#5595 = DIRECTION ( 'NONE',  ( -1.000000000000000000, -0.000000000000000000, -0.000000000000000000 ) ) ;
#5596 = VECTOR ( 'NONE', #1640, 1000.000000000000000 ) ;
#5597 = ORIENTED_EDGE ( 'NONE', *, *, #5506, .T. ) ;
#5598 = LINE ( 'NONE', #2505, #1212 ) ;
#5599 = PLANE ( 'NONE',  #4850 ) ;
#5600 = MECHANICAL_DESIGN_GEOMETRIC_PRESENTATION_REPRESENTATION (  '', ( #1901 ), #1597 ) ;
#5601 = LINE ( 'NONE', #3313, #3218 ) ;
#5602 =( NAMED_UNIT ( * ) SI_UNIT ( $, .STERADIAN. ) SOLID_ANGLE_UNIT ( ) );
#5603 = ORIENTED_EDGE ( 'NONE', *, *, #211, .F. ) ;
#5604 = EDGE_LOOP ( 'NONE', ( #4549, #5378, #4037, #3822 ) ) ;
#5605 = CARTESIAN_POINT ( 'NONE',  ( 1.600000000000000311, 0.03499999999999999639, 0.7649999999999991251 ) ) ;
#5606 = PLANE ( 'NONE',  #2831 ) ;
#5607 = DIRECTION ( 'NONE',  ( 0.000000000000000000, -1.000000000000000000, 0.000000000000000000 ) ) ;
#5608 = VECTOR ( 'NONE', #4801, 1000.000000000000000 ) ;
#5609 = DIRECTION ( 'NONE',  ( -0.000000000000000000, 0.000000000000000000, 1.000000000000000000 ) ) ;
#5610 = LINE ( 'NONE', #2878, #320 ) ;
#5611 = ORIENTED_EDGE ( 'NONE', *, *, #5078, .F. ) ;
#5612 = STYLED_ITEM ( 'NONE', ( #4143 ), #1938 ) ;
#5613 = EDGE_CURVE ( 'NONE', #1656, #4055, #1711, .T. ) ;
#5614 = FACE_OUTER_BOUND ( 'NONE', #191, .T. ) ;
#5615 = CARTESIAN_POINT ( 'NONE',  ( -0.9500000000000000666, 0.6650000000000000355, 0.6499999999999995781 ) ) ;
#5616 = ADVANCED_FACE ( 'NONE', ( #4334 ), #3054, .F. ) ;
#5617 = LINE ( 'NONE', #2854, #2858 ) ;
#5618 = DIRECTION ( 'NONE',  ( 0.000000000000000000, 1.000000000000000000, 0.000000000000000000 ) ) ;
#5619 = VECTOR ( 'NONE', #721, 1000.000000000000000 ) ;
#5620 = ORIENTED_EDGE ( 'NONE', *, *, #990, .F. ) ;
#5621 = CARTESIAN_POINT ( 'NONE',  ( -1.600000000000000311, 0.6650000000000000355, -0.7999999999999994893 ) ) ;
#5622 = VERTEX_POINT ( 'NONE', #4360 ) ;
#5623 = ORIENTED_EDGE ( 'NONE', *, *, #3179, .F. ) ;
#5624 = EDGE_CURVE ( 'NONE', #4409, #2710, #1237, .T. ) ;
#5625 = FACE_OUTER_BOUND ( 'NONE', #5070, .T. ) ;
#5626 = VERTEX_POINT ( 'NONE', #3497 ) ;
#5627 = ORIENTED_EDGE ( 'NONE', *, *, #2060, .F. ) ;
#5628 = DIRECTION ( 'NONE',  ( 0.000000000000000000, 0.000000000000000000, -1.000000000000000000 ) ) ;
#5629 = CARTESIAN_POINT ( 'NONE',  ( 0.6500000000000000222, -1.004210375300829378E-16, 0.7999999999999994893 ) ) ;
#5630 = ORIENTED_EDGE ( 'NONE', *, *, #1430, .T. ) ;
#5631 = EDGE_LOOP ( 'NONE', ( #3223, #4345, #5623, #1349 ) ) ;
#5632 = VERTEX_POINT ( 'NONE', #3113 ) ;
#5633 = EDGE_CURVE ( 'NONE', #4701, #3178, #5318, .T. ) ;
#5634 = LINE ( 'NONE', #3376, #5408 ) ;
#5635 = LINE ( 'NONE', #1499, #4188 ) ;
#5636 = ADVANCED_FACE ( 'NONE', ( #2576 ), #1204, .F. ) ;
#5637 = DIRECTION ( 'NONE',  ( 0.000000000000000000, 0.000000000000000000, -1.000000000000000000 ) ) ;
#5638 = DIRECTION ( 'NONE',  ( -1.000000000000000000, 0.000000000000000000, 0.000000000000000000 ) ) ;
#5639 = VECTOR ( 'NONE', #1424, 1000.000000000000000 ) ;
#5640 = DIRECTION ( 'NONE',  ( 1.000000000000000000, -0.000000000000000000, 0.000000000000000000 ) ) ;
#5641 = DIRECTION ( 'NONE',  ( -0.000000000000000000, 1.000000000000000000, -0.000000000000000000 ) ) ;
#5642 = AXIS2_PLACEMENT_3D ( 'NONE', #2757, #2226, #1358 ) ;
#5643 = ORIENTED_EDGE ( 'NONE', *, *, #5353, .T. ) ;
#5644 = EDGE_CURVE ( 'NONE', #4758, #5844, #1744, .T. ) ;
#5645 = ADVANCED_FACE ( 'NONE', ( #2106 ), #2162, .F. ) ;
#5646 = LINE ( 'NONE', #2462, #3207 ) ;
#5647 = CARTESIAN_POINT ( 'NONE',  ( -0.5250000000000000222, 0.03499999999999999639, -0.4999999999999995559 ) ) ;
#5648 = CARTESIAN_POINT ( 'NONE',  ( -1.074999999999999956, -1.084202172485504434E-16, 0.4999999999999995559 ) ) ;
#5649 = CARTESIAN_POINT ( 'NONE',  ( 0.6500000000000000222, -1.084202172485504434E-16, -0.7999999999999994893 ) ) ;
#5650 = LINE ( 'NONE', #3862, #1264 ) ;
#5651 = ORIENTED_EDGE ( 'NONE', *, *, #3624, .T. ) ;
#5652 = EDGE_CURVE ( 'NONE', #3489, #4401, #3892, .T. ) ;
#5653 = ORIENTED_EDGE ( 'NONE', *, *, #4668, .T. ) ;
#5654 =( NAMED_UNIT ( * ) SI_UNIT ( $, .STERADIAN. ) SOLID_ANGLE_UNIT ( ) );
#5655 = CARTESIAN_POINT ( 'NONE',  ( -1.565000000000000169, 0.6650000000000001465, -0.4999999999999995559 ) ) ;
#5656 = ADVANCED_FACE ( 'NONE', ( #321 ), #1653, .F. ) ;
#5657 = ORIENTED_EDGE ( 'NONE', *, *, #260, .T. ) ;
#5658 = EDGE_CURVE ( 'NONE', #3776, #3665, #4840, .T. ) ;
#5659 = ADVANCED_FACE ( 'NONE', ( #5465 ), #1422, .F. ) ;
#5660 = PLANE ( 'NONE',  #4067 ) ;
#5661 = FILL_AREA_STYLE_COLOUR ( '', #2293 ) ;
#5662 = CARTESIAN_POINT ( 'NONE',  ( -0.2749999999999999667, 0.6299999999999996714, 0.4249999999999996003 ) ) ;
#5663 = ORIENTED_EDGE ( 'NONE', *, *, #664, .T. ) ;
#5664 = VERTEX_POINT ( 'NONE', #3202 ) ;
#5665 = FACE_OUTER_BOUND ( 'NONE', #2257, .T. ) ;
#5666 = CARTESIAN_POINT ( 'NONE',  ( -0.6499999999999999112, -1.084202172485504434E-16, 0.4999999999999996669 ) ) ;
#5667 = CARTESIAN_POINT ( 'NONE',  ( 0.5250000000000000222, 0.6299999999999994493, -0.6499999999999995781 ) ) ;
#5668 = CARTESIAN_POINT ( 'NONE',  ( 0.000000000000000000, 0.03499999999999999639, 0.4999999999999996669 ) ) ;
#5669 = DIRECTION ( 'NONE',  ( -1.000000000000000000, 0.000000000000000000, 0.000000000000000000 ) ) ;
#5670 = ORIENTED_EDGE ( 'NONE', *, *, #2240, .F. ) ;
#5671 = CARTESIAN_POINT ( 'NONE',  ( 1.450000000000000400, 0.6299999999999996714, -0.6499999999999998002 ) ) ;
#5672 = CARTESIAN_POINT ( 'NONE',  ( 1.600000000000000311, 0.03499999999999999639, -0.7649999999999991251 ) ) ;
#5673 = VERTEX_POINT ( 'NONE', #5883 ) ;
#5674 = CARTESIAN_POINT ( 'NONE',  ( 0.9499999999999998446, 0.6300000000000000044, -0.7649999999999991251 ) ) ;
#5675 = VECTOR ( 'NONE', #893, 1000.000000000000000 ) ;
#5676 = FACE_OUTER_BOUND ( 'NONE', #1834, .T. ) ;
#5677 = VERTEX_POINT ( 'NONE', #4127 ) ;
#5678 = ORIENTED_EDGE ( 'NONE', *, *, #5658, .T. ) ;
#5679 = CARTESIAN_POINT ( 'NONE',  ( 0.2749999999999999667, 0.6650000000000000355, -0.4249999999999996003 ) ) ;
#5680 = VECTOR ( 'NONE', #5406, 1000.000000000000000 ) ;
#5681 = DIRECTION ( 'NONE',  ( 3.614007241618347785E-16, -0.000000000000000000, 1.000000000000000000 ) ) ;
#5682 = AXIS2_PLACEMENT_3D ( 'NONE', #1605, #1548, #3366 ) ;
#5683 = EDGE_LOOP ( 'NONE', ( #505, #1924, #2000, #5431 ) ) ;
#5684 = PLANE ( 'NONE',  #4539 ) ;
#5685 = DIRECTION ( 'NONE',  ( 0.000000000000000000, -0.000000000000000000, 1.000000000000000000 ) ) ;
#5686 = EDGE_CURVE ( 'NONE', #5677, #4739, #1903, .T. ) ;
#5687 = AXIS2_PLACEMENT_3D ( 'NONE', #2132, #2627, #4928 ) ;
#5688 = FILL_AREA_STYLE ('',( #156 ) ) ;
#5689 = EDGE_CURVE ( 'NONE', #4156, #2327, #3625, .T. ) ;
#5690 = ORIENTED_EDGE ( 'NONE', *, *, #1180, .F. ) ;
#5691 = ORIENTED_EDGE ( 'NONE', *, *, #2089, .T. ) ;
#5692 = CARTESIAN_POINT ( 'NONE',  ( -1.074999999999999956, 0.03499999999999999639, -0.4999999999999995559 ) ) ;
#5693 = CARTESIAN_POINT ( 'NONE',  ( 1.600000000000000311, 0.6299999999999998934, 0.7649999999999991251 ) ) ;
#5694 = DIRECTION ( 'NONE',  ( 1.668003342285392783E-16, 0.000000000000000000, 1.000000000000000000 ) ) ;
#5695 = EDGE_CURVE ( 'NONE', #2204, #157, #5057, .T. ) ;
#5696 = FACE_OUTER_BOUND ( 'NONE', #5544, .T. ) ;
#5697 = EDGE_LOOP ( 'NONE', ( #4562, #3675, #1855, #1624 ) ) ;
#5698 = FACE_OUTER_BOUND ( 'NONE', #4622, .T. ) ;
#5699 = CARTESIAN_POINT ( 'NONE',  ( 2.602447006080619740, 0.6650000000000000355, 0.4999999999999995559 ) ) ;
#5700 = ORIENTED_EDGE ( 'NONE', *, *, #718, .F. ) ;
#5701 = CARTESIAN_POINT ( 'NONE',  ( 1.565000000000000169, 0.6766666666666667496, -0.4999999999999994449 ) ) ;
#5702 = CARTESIAN_POINT ( 'NONE',  ( -0.1500000000000000777, 0.000000000000000000, 0.000000000000000000 ) ) ;
#5703 = VECTOR ( 'NONE', #4182, 1000.000000000000000 ) ;
#5704 = ORIENTED_EDGE ( 'NONE', *, *, #4165, .T. ) ;
#5705 = EDGE_LOOP ( 'NONE', ( #1242, #809, #5231, #2058 ) ) ;
#5706 = EDGE_CURVE ( 'NONE', #1173, #2997, #405, .T. ) ;
#5707 = LINE ( 'NONE', #4872, #2078 ) ;
#5708 = VECTOR ( 'NONE', #3225, 1000.000000000000000 ) ;
#5709 = LINE ( 'NONE', #5263, #2452 ) ;
#5710 = DIRECTION ( 'NONE',  ( 0.000000000000000000, 1.000000000000000000, 0.000000000000000000 ) ) ;
#5711 = VERTEX_POINT ( 'NONE', #5026 ) ;
#5712 = VECTOR ( 'NONE', #25, 1000.000000000000000 ) ;
#5713 = DIRECTION ( 'NONE',  ( -0.000000000000000000, -0.000000000000000000, 1.000000000000000000 ) ) ;
#5714 = PLANE ( 'NONE',  #583 ) ;
#5715 = EDGE_CURVE ( 'NONE', #3426, #408, #4602, .T. ) ;
#5716 = ORIENTED_EDGE ( 'NONE', *, *, #688, .F. ) ;
#5717 = EDGE_LOOP ( 'NONE', ( #429, #2989, #3470, #3719 ) ) ;
#5718 = ADVANCED_FACE ( 'NONE', ( #4508 ), #909, .F. ) ;
#5719 = CARTESIAN_POINT ( 'NONE',  ( 0.6500000000000001332, -1.084202172485504434E-16, 0.4999999999999996669 ) ) ;
#5720 = CARTESIAN_POINT ( 'NONE',  ( -0.9500000000000000666, 0.6299999999999996714, 0.4999999999999995559 ) ) ;
#5721 = CARTESIAN_POINT ( 'NONE',  ( 0.2749999999999999667, 0.03499999999999998251, 0.6499999999999995781 ) ) ;
#5722 = CARTESIAN_POINT ( 'NONE',  ( -0.5250000000000000222, -1.084202172485504434E-16, 0.6499999999999995781 ) ) ;
#5723 = VERTEX_POINT ( 'NONE', #2725 ) ;
#5724 = ADVANCED_FACE ( 'NONE', ( #5411 ), #2317, .F. ) ;
#5725 = ORIENTED_EDGE ( 'NONE', *, *, #1176, .F. ) ;
#5726 = EDGE_CURVE ( 'NONE', #2636, #4547, #525, .T. ) ;
#5727 = VECTOR ( 'NONE', #2134, 1000.000000000000000 ) ;
#5728 = DIRECTION ( 'NONE',  ( -1.000000000000000000, -0.000000000000000000, 0.000000000000000000 ) ) ;
#5729 = DIRECTION ( 'NONE',  ( -1.000000000000000000, -0.000000000000000000, -0.000000000000000000 ) ) ;
#5730 = DIRECTION ( 'NONE',  ( -1.000000000000000000, 0.000000000000000000, 0.000000000000000000 ) ) ;
#5731 = VECTOR ( 'NONE', #1396, 1000.000000000000000 ) ;
#5732 = CARTESIAN_POINT ( 'NONE',  ( -0.5250000000000000222, -1.084202172485504434E-16, 0.6499999999999995781 ) ) ;
#5733 = VERTEX_POINT ( 'NONE', #3145 ) ;
#5734 = ORIENTED_EDGE ( 'NONE', *, *, #86, .T. ) ;
#5735 = DIRECTION ( 'NONE',  ( 1.000000000000000000, 0.000000000000000000, -7.228014483236698528E-16 ) ) ;
#5736 = VECTOR ( 'NONE', #3235, 1000.000000000000000 ) ;
#5737 = CARTESIAN_POINT ( 'NONE',  ( 0.9499999999999998446, 0.03499999999999944128, -0.7649999999999990141 ) ) ;
#5738 = PLANE ( 'NONE',  #2031 ) ;
#5739 = ADVANCED_FACE ( 'NONE', ( #5493 ), #435, .F. ) ;
#5740 = EDGE_LOOP ( 'NONE', ( #3831, #2230, #1670, #4669 ) ) ;
#5741 = FILL_AREA_STYLE ('',( #3928 ) ) ;
#5742 = DIRECTION ( 'NONE',  ( -0.000000000000000000, 0.000000000000000000, 1.000000000000000000 ) ) ;
#5743 = DIRECTION ( 'NONE',  ( 1.000000000000000000, 0.000000000000000000, 8.673617379884042375E-16 ) ) ;
#5744 = EDGE_LOOP ( 'NONE', ( #3180, #610, #1528, #1583, #3083, #3705, #283, #35 ) ) ;
#5745 = SURFACE_STYLE_FILL_AREA ( #2403 ) ;
#5746 = EDGE_CURVE ( 'NONE', #1610, #1070, #82, .T. ) ;
#5747 = ORIENTED_EDGE ( 'NONE', *, *, #3447, .T. ) ;
#5748 = LINE ( 'NONE', #769, #2842 ) ;
#5749 = CARTESIAN_POINT ( 'NONE',  ( 1.565000000000000169, 0.6299999999999998934, 0.4249999999999995448 ) ) ;
#5750 = LINE ( 'NONE', #1227, #5211 ) ;
#5751 = DIRECTION ( 'NONE',  ( 0.000000000000000000, 1.000000000000000000, -0.000000000000000000 ) ) ;
#5752 = ORIENTED_EDGE ( 'NONE', *, *, #2297, .T. ) ;
#5753 = EDGE_LOOP ( 'NONE', ( #5643, #2701, #2024, #1471, #2023, #3499, #2670, #1611 ) ) ;
#5754 = DIRECTION ( 'NONE',  ( 1.000000000000000000, 0.000000000000000000, -0.000000000000000000 ) ) ;
#5755 = CARTESIAN_POINT ( 'NONE',  ( -0.2749999999999999667, 0.6649999999999998135, 0.6499999999999995781 ) ) ;
#5756 = LINE ( 'NONE', #1674, #235 ) ;
#5757 = PLANE ( 'NONE',  #2569 ) ;
#5758 = ADVANCED_FACE ( 'NONE', ( #4100 ), #4966, .F. ) ;
#5759 = ADVANCED_FACE ( 'NONE', ( #3682 ), #496, .F. ) ;
#5760 = CARTESIAN_POINT ( 'NONE',  ( -0.1500000000000000777, 0.6299999999999996714, -0.4999999999999995559 ) ) ;
#5761 = VECTOR ( 'NONE', #3206, 1000.000000000000000 ) ;
#5762 = ORIENTED_EDGE ( 'NONE', *, *, #567, .F. ) ;
#5763 = ORIENTED_EDGE ( 'NONE', *, *, #4289, .F. ) ;
#5764 = LINE ( 'NONE', #1683, #5311 ) ;
#5765 = CARTESIAN_POINT ( 'NONE',  ( -1.565000000000000169, 0.6299999999999998934, 0.4249999999999995448 ) ) ;
#5766 = EDGE_CURVE ( 'NONE', #3160, #1590, #2699, .T. ) ;
#5767 = CARTESIAN_POINT ( 'NONE',  ( -0.9500000000000000666, -6.368163355566234902E-17, -0.4999999999999995559 ) ) ;
#5768 = ORIENTED_EDGE ( 'NONE', *, *, #243, .T. ) ;
#5769 = CARTESIAN_POINT ( 'NONE',  ( 0.1499999999999998557, -1.084202172485504434E-16, -0.7999999999999993783 ) ) ;
#5770 = DIRECTION ( 'NONE',  ( 0.000000000000000000, 0.000000000000000000, 1.000000000000000000 ) ) ;
#5771 = CARTESIAN_POINT ( 'NONE',  ( -0.9500000000000000666, 0.6299999999999998934, 0.7649999999999991251 ) ) ;
#5772 = VECTOR ( 'NONE', #852, 1000.000000000000000 ) ;
#5773 = ORIENTED_EDGE ( 'NONE', *, *, #4559, .F. ) ;
#5774 = VECTOR ( 'NONE', #2443, 1000.000000000000000 ) ;
#5775 = ORIENTED_EDGE ( 'NONE', *, *, #1764, .F. ) ;
#5776 = LINE ( 'NONE', #2652, #3028 ) ;
#5777 = DIRECTION ( 'NONE',  ( 0.000000000000000000, 0.000000000000000000, -1.000000000000000000 ) ) ;
#5778 = VECTOR ( 'NONE', #2805, 1000.000000000000000 ) ;
#5779 = DIRECTION ( 'NONE',  ( 0.000000000000000000, 1.000000000000000000, 0.000000000000000000 ) ) ;
#5780 = CARTESIAN_POINT ( 'NONE',  ( 0.6500000000000000222, 0.6650000000000000355, 0.6499999999999995781 ) ) ;
#5781 = EDGE_LOOP ( 'NONE', ( #1596, #747, #2683, #3899 ) ) ;
#5782 = ORIENTED_EDGE ( 'NONE', *, *, #3828, .F. ) ;
#5783 = DIRECTION ( 'NONE',  ( 3.614007241618347785E-16, -0.000000000000000000, 1.000000000000000000 ) ) ;
#5784 = LINE ( 'NONE', #3583, #1494 ) ;
#5785 = LINE ( 'NONE', #5699, #681 ) ;
#5786 = DIRECTION ( 'NONE',  ( 0.000000000000000000, 0.000000000000000000, 1.000000000000000000 ) ) ;
#5787 = DIRECTION ( 'NONE',  ( 0.000000000000000000, -0.000000000000000000, 1.000000000000000000 ) ) ;
#5788 = VERTEX_POINT ( 'NONE', #2668 ) ;
#5789 = ORIENTED_EDGE ( 'NONE', *, *, #1720, .F. ) ;
#5790 = EDGE_CURVE ( 'NONE', #4453, #5582, #4476, .T. ) ;
#5791 = DIRECTION ( 'NONE',  ( 0.000000000000000000, 0.000000000000000000, -1.000000000000000000 ) ) ;
#5792 = DIRECTION ( 'NONE',  ( 0.000000000000000000, -1.000000000000000000, 0.000000000000000000 ) ) ;
#5793 = VECTOR ( 'NONE', #4190, 1000.000000000000000 ) ;
#5794 = CARTESIAN_POINT ( 'NONE',  ( -0.1500000000000000777, 0.000000000000000000, 0.6499999999999995781 ) ) ;
#5795 = ORIENTED_EDGE ( 'NONE', *, *, #4895, .F. ) ;
#5796 = EDGE_CURVE ( 'NONE', #2636, #5043, #4269, .T. ) ;
#5797 = CARTESIAN_POINT ( 'NONE',  ( 0.6500000000000000222, 0.6299999999999998934, -0.7649999999999991251 ) ) ;
#5798 = MECHANICAL_DESIGN_GEOMETRIC_PRESENTATION_REPRESENTATION (  '', ( #2669 ), #5423 ) ;
#5799 = CARTESIAN_POINT ( 'NONE',  ( 0.000000000000000000, 0.6300000000000000044, -0.4999999999999994449 ) ) ;
#5800 = VECTOR ( 'NONE', #1928, 1000.000000000000000 ) ;
#5801 = EDGE_LOOP ( 'NONE', ( #3906, #1843, #1383, #3196 ) ) ;
#5802 = VERTEX_POINT ( 'NONE', #3830 ) ;
#5803 = PLANE ( 'NONE',  #4354 ) ;
#5804 = LINE ( 'NONE', #5720, #2386 ) ;
#5805 = CARTESIAN_POINT ( 'NONE',  ( 0.1499999999999999667, 0.000000000000000000, 0.000000000000000000 ) ) ;
#5806 = ORIENTED_EDGE ( 'NONE', *, *, #275, .F. ) ;
#5807 = DIRECTION ( 'NONE',  ( 1.000000000000000000, 0.000000000000000000, 0.000000000000000000 ) ) ;
#5808 = ORIENTED_EDGE ( 'NONE', *, *, #652, .T. ) ;
#5809 = EDGE_CURVE ( 'NONE', #4910, #2435, #557, .T. ) ;
#5810 = EDGE_LOOP ( 'NONE', ( #4068, #538, #1322, #1199, #3388, #5857, #99, #2717 ) ) ;
#5811 = CARTESIAN_POINT ( 'NONE',  ( 0.1500000000000001887, 0.6300000000000000044, 0.4999999999999996669 ) ) ;
#5812 = CARTESIAN_POINT ( 'NONE',  ( 0.9500000000000000666, 0.03499999999999999639, 0.7649999999999991251 ) ) ;
#5813 = DIRECTION ( 'NONE',  ( 1.668003342285392537E-16, 0.000000000000000000, 1.000000000000000000 ) ) ;
#5814 = CARTESIAN_POINT ( 'NONE',  ( 1.325000000000000400, -1.084202172485504434E-16, 0.6499999999999992450 ) ) ;
#5815 = DIRECTION ( 'NONE',  ( 1.000000000000000000, 0.000000000000000000, 0.000000000000000000 ) ) ;
#5816 = AXIS2_PLACEMENT_3D ( 'NONE', #1480, #5088, #206 ) ;
#5817 = ORIENTED_EDGE ( 'NONE', *, *, #2348, .F. ) ;
#5818 = EDGE_CURVE ( 'NONE', #1017, #2466, #4747, .T. ) ;
#5819 = EDGE_CURVE ( 'NONE', #4680, #2680, #3324, .T. ) ;
#5820 = EDGE_LOOP ( 'NONE', ( #3250, #3286, #2138, #938 ) ) ;
#5821 = CARTESIAN_POINT ( 'NONE',  ( -1.600000000000000311, 0.03499999999999999639, 0.7649999999999987921 ) ) ;
#5822 = DIRECTION ( 'NONE',  ( 0.000000000000000000, 0.000000000000000000, 1.000000000000000000 ) ) ;
#5823 = AXIS2_PLACEMENT_3D ( 'NONE', #4577, #3664, #4516 ) ;
#5824 = FACE_OUTER_BOUND ( 'NONE', #2526, .T. ) ;
#5825 = DIRECTION ( 'NONE',  ( 0.000000000000000000, -1.000000000000000000, 0.000000000000000000 ) ) ;
#5826 = EDGE_CURVE ( 'NONE', #2630, #3948, #5195, .T. ) ;
#5827 = ORIENTED_EDGE ( 'NONE', *, *, #2026, .F. ) ;
#5828 = VECTOR ( 'NONE', #3809, 1000.000000000000000 ) ;
#5829 = CARTESIAN_POINT ( 'NONE',  ( -0.5250000000000000222, -1.084202172485504434E-16, 0.6499999999999995781 ) ) ;
#5830 = CARTESIAN_POINT ( 'NONE',  ( -0.9500000000000000666, 0.6299999999999996714, -0.4249999999999996003 ) ) ;
#5831 = FILL_AREA_STYLE_COLOUR ( '', #4731 ) ;
#5832 = EDGE_CURVE ( 'NONE', #3723, #3608, #1563, .T. ) ;
#5833 =( GEOMETRIC_REPRESENTATION_CONTEXT ( 3 ) GLOBAL_UNCERTAINTY_ASSIGNED_CONTEXT ( ( #2765 ) ) GLOBAL_UNIT_ASSIGNED_CONTEXT ( ( #360, #5838, #4949 ) ) REPRESENTATION_CONTEXT ( 'NONE', 'WORKASPACE' ) );
#5834 = VECTOR ( 'NONE', #3291, 1000.000000000000000 ) ;
#5835 = EDGE_CURVE ( 'NONE', #2872, #1600, #1536, .T. ) ;
#5836 = EDGE_CURVE ( 'NONE', #5240, #4162, #2458, .T. ) ;
#5837 = VERTEX_POINT ( 'NONE', #1959 ) ;
#5838 =( NAMED_UNIT ( * ) PLANE_ANGLE_UNIT ( ) SI_UNIT ( $, .RADIAN. ) );
#5839 = ORIENTED_EDGE ( 'NONE', *, *, #3542, .T. ) ;
#5840 = CARTESIAN_POINT ( 'NONE',  ( -1.325000000000000178, -1.084202172485504434E-16, -0.6499999999999995781 ) ) ;
#5841 = LINE ( 'NONE', #4376, #2002 ) ;
#5842 = CARTESIAN_POINT ( 'NONE',  ( 0.000000000000000000, 0.6300000000000000044, 0.000000000000000000 ) ) ;
#5843 = ORIENTED_EDGE ( 'NONE', *, *, #3328, .F. ) ;
#5844 = VERTEX_POINT ( 'NONE', #2904 ) ;
#5845 = ORIENTED_EDGE ( 'NONE', *, *, #3144, .F. ) ;
#5846 = CARTESIAN_POINT ( 'NONE',  ( -1.565000000000000169, 0.6766666666666667496, -0.4766666666666662389 ) ) ;
#5847 = CARTESIAN_POINT ( 'NONE',  ( -1.074999999999999956, 0.03499999999999999639, 0.4999999999999995559 ) ) ;
#5848 = DIRECTION ( 'NONE',  ( 0.000000000000000000, -1.275531967630006478E-16, 1.000000000000000000 ) ) ;
#5849 = CARTESIAN_POINT ( 'NONE',  ( 0.6500000000000000222, 0.6300000000000000044, -0.7649999999999991251 ) ) ;
#5850 = CARTESIAN_POINT ( 'NONE',  ( 1.450000000000000178, 0.03499999999999999639, -0.6499999999999998002 ) ) ;
#5851 = ORIENTED_EDGE ( 'NONE', *, *, #4328, .F. ) ;
#5852 = ORIENTED_EDGE ( 'NONE', *, *, #1165, .T. ) ;
#5853 = DIRECTION ( 'NONE',  ( -1.000000000000000000, 0.000000000000000000, 1.668003342285392783E-16 ) ) ;
#5854 = CARTESIAN_POINT ( 'NONE',  ( -0.6500000000000001332, 0.6299999999999996714, 0.4249999999999996003 ) ) ;
#5855 = LINE ( 'NONE', #5416, #3407 ) ;
#5856 = DIRECTION ( 'NONE',  ( 0.000000000000000000, 0.000000000000000000, 1.000000000000000000 ) ) ;
#5857 = ORIENTED_EDGE ( 'NONE', *, *, #19, .T. ) ;
#5858 = DIRECTION ( 'NONE',  ( 0.000000000000000000, 1.224646799147353454E-16, 1.000000000000000000 ) ) ;
#5859 = CARTESIAN_POINT ( 'NONE',  ( -1.600000000000000311, 0.03499999999999999639, -0.7649999999999991251 ) ) ;
#5860 = CARTESIAN_POINT ( 'NONE',  ( -0.1500000000000000777, -1.004210375300829378E-16, -0.7999999999999994893 ) ) ;
#5861 = ORIENTED_EDGE ( 'NONE', *, *, #1922, .F. ) ;
#5862 = AXIS2_PLACEMENT_3D ( 'NONE', #668, #750, #1649 ) ;
#5863 = VECTOR ( 'NONE', #4137, 1000.000000000000000 ) ;
#5864 = ORIENTED_EDGE ( 'NONE', *, *, #2147, .T. ) ;
#5865 = EDGE_CURVE ( 'NONE', #4469, #5135, #4242, .T. ) ;
#5866 = DIRECTION ( 'NONE',  ( -1.000000000000000000, -0.000000000000000000, -0.000000000000000000 ) ) ;
#5867 = LINE ( 'NONE', #1796, #1712 ) ;
#5868 = FACE_OUTER_BOUND ( 'NONE', #1681, .T. ) ;
#5869 = EDGE_CURVE ( 'NONE', #1610, #3981, #5610, .T. ) ;
#5870 = VECTOR ( 'NONE', #4946, 1000.000000000000000 ) ;
#5871 = EDGE_LOOP ( 'NONE', ( #4336, #3940, #194, #4366 ) ) ;
#5872 = VECTOR ( 'NONE', #449, 1000.000000000000000 ) ;
#5873 = ORIENTED_EDGE ( 'NONE', *, *, #2673, .F. ) ;
#5874 = VECTOR ( 'NONE', #5313, 1000.000000000000000 ) ;
#5875 = VECTOR ( 'NONE', #4041, 1000.000000000000000 ) ;
#5876 = VERTEX_POINT ( 'NONE', #2816 ) ;
#5877 = CARTESIAN_POINT ( 'NONE',  ( -1.324999999999999956, 0.03499999999999999639, 0.4999999999999995559 ) ) ;
#5878 = DIRECTION ( 'NONE',  ( -0.000000000000000000, 1.000000000000000000, -0.000000000000000000 ) ) ;
#5879 = EDGE_CURVE ( 'NONE', #3486, #5582, #4186, .T. ) ;
#5880 = CARTESIAN_POINT ( 'NONE',  ( 0.9500000000000000666, -1.084202172485504434E-16, 0.7999999999999996003 ) ) ;
#5881 = VECTOR ( 'NONE', #3714, 1000.000000000000000 ) ;
#5882 = LINE ( 'NONE', #3654, #5712 ) ;
#5883 = CARTESIAN_POINT ( 'NONE',  ( -0.2749999999999999667, 0.03499999999999999639, 0.4999999999999995559 ) ) ;
#5884 = ORIENTED_EDGE ( 'NONE', *, *, #2860, .T. ) ;
#5885 = DIRECTION ( 'NONE',  ( -1.000000000000000000, 0.000000000000000000, 0.000000000000000000 ) ) ;
#5886 = NEXT_ASSEMBLY_USAGE_OCCURRENCE ( 'NAUO1', ' ', ' ', #3008, #542, $ ) ;
ENDSEC;
END-ISO-10303-21;
